post_id,post_type,status,title,slug,current_url,current_path,has_articles_prefix,modified,practice_areas,categories,source
19315,article,publish,"אלימות במשפחה | צו הגנה, זכויות, עונשים והגנה משפטית","domestic-violence","https://jus-tice.co.il/articles/domestic-violence/","/articles/domestic-violence/",YES,2026-05-14T20:32:50,"170","",REST_API
19313,article,publish,"עבירות מין | סוגי עבירות, עונשים, הגנה וזכויות","sex-offenses","https://jus-tice.co.il/articles/sex-offenses/","/articles/sex-offenses/",YES,2026-05-14T18:25:52,"170","",REST_API
19312,article,publish,"שימוע לפני כתב אישום | המדריך המלא — זכויות, הכנה ותוצאות","pre-indictment-hearing","https://jus-tice.co.il/articles/pre-indictment-hearing/","/articles/pre-indictment-hearing/",YES,2026-05-14T18:24:07,"170","",REST_API
19311,article,publish,"כתב אישום פלילי | המדריך המקיף — שלבים, זכויות והגנה","criminal-indictment","https://jus-tice.co.il/articles/criminal-indictment/","/articles/criminal-indictment/",YES,2026-05-14T17:54:55,"170","",REST_API
19304,article,publish,"ערעור פלילי בישראל | מתי, איך ומה סיכויי ההצלחה","criminal-appeal","https://jus-tice.co.il/articles/criminal-appeal/","/articles/criminal-appeal/",YES,2026-05-15T12:02:50,"170","730",REST_API
19302,article,publish,"רשלנות פלילית בישראל | הגדרה, עונשים ומקרים שכיחים","criminal-negligence","https://jus-tice.co.il/articles/criminal-negligence/","/articles/criminal-negligence/",YES,2026-05-15T12:02:51,"170","730",REST_API
19300,article,publish,"עבירות מס בישראל | סוגים, עונשים והגנות משפטיות","tax-crimes","https://jus-tice.co.il/articles/tax-crimes/","/articles/tax-crimes/",YES,2026-05-15T12:02:53,"170","730",REST_API
19283,article,publish,"מעצר בישראל | סוגי מעצר, זכויות העצור ודרכי שחרור","arrest-rights","https://jus-tice.co.il/articles/arrest-rights/","/articles/arrest-rights/",YES,2026-05-15T12:02:55,"170","730",REST_API
19281,article,publish,"עבירות הונאה ומרמה בישראל | סוגים, עונשים והגנות משפטיות","fraud-types","https://jus-tice.co.il/articles/fraud-types/","/articles/fraud-types/",YES,2026-05-15T12:02:56,"170","730",REST_API
19279,article,publish,"הסדר טיעון בישראל | מדריך מלא להליך, יתרונות וסיכונים","plea-bargain","https://jus-tice.co.il/articles/plea-bargain/","/articles/plea-bargain/",YES,2026-05-15T12:02:58,"170","730",REST_API
19277,article,publish,"נהיגה בשכרות ותחת השפעת סמים בישראל | עונשים וזכויות","driving-under-influence","https://jus-tice.co.il/articles/driving-under-influence/","/articles/driving-under-influence/",YES,2026-05-15T12:03:00,"170","730",REST_API
19275,article,publish,"החזקת סמים בישראל | עונשים, זכויות ואפשרויות משפטיות","drug-possession","https://jus-tice.co.il/articles/drug-possession/","/articles/drug-possession/",YES,2026-05-15T12:03:01,"170","730",REST_API
19273,article,publish,"סחר בסמים בישראל | עונשים, הגנות וכל מה שצריך לדעת","drug-trafficking","https://jus-tice.co.il/articles/drug-trafficking/","/articles/drug-trafficking/",YES,2026-05-15T12:03:03,"170","730",REST_API
19271,article,publish,"עבירות רצח והריגה בישראל | סיווג, עונשים והגנות משפטיות","murder-charges","https://jus-tice.co.il/articles/murder-charges/","/articles/murder-charges/",YES,2026-05-15T12:03:04,"170","730",REST_API
19269,article,publish,"זכויות הנחקר בחקירה משטרתית בישראל | המדריך המלא","police-investigation-rights","https://jus-tice.co.il/articles/police-investigation-rights/","/articles/police-investigation-rights/",YES,2026-05-15T12:03:06,"170","730",REST_API
19267,article,publish,"להב 433 | היחידה הארצית לחקירות הונאה, שחיתות ופשיעה חמורה","lahav-433-guide","https://jus-tice.co.il/articles/lahav-433-guide/","/articles/lahav-433-guide/",YES,2026-05-15T12:03:07,"170","730",REST_API
19265,article,publish,"גניבה מחנות בישראל | עונשים, הגנות משפטיות וזכויות הנחשד","shoplifting-defense","https://jus-tice.co.il/articles/shoplifting-defense/","/articles/shoplifting-defense/",YES,2026-05-15T12:03:09,"170","730",REST_API
19263,article,publish,"עבירות סמים בישראל | סוגי עבירות, עונשים וזכויות הנחקר","drug-crimes","https://jus-tice.co.il/articles/drug-crimes/","/articles/drug-crimes/",YES,2026-05-15T12:03:11,"170","730",REST_API
19261,article,publish,"כמה עולה עורך דין פלילי בישראל? | מדריך מחירים מלא 2026","criminal-lawyer-cost","https://jus-tice.co.il/articles/criminal-lawyer-cost/","/articles/criminal-lawyer-cost/",YES,2026-05-15T12:03:12,"170","730",REST_API
19259,article,publish,"מחיקת רישום פלילי ומשטרתי בישראל | מדריך משפטי מקיף","criminal-record-deletion","https://jus-tice.co.il/articles/criminal-record-deletion/","/articles/criminal-record-deletion/",YES,2026-05-15T12:03:14,"170","730",REST_API
19257,article,publish,"תעודת יושר ואישור העדר רישום פלילי בישראל | מדריך מלא 2026","criminal-record-check","https://jus-tice.co.il/articles/criminal-record-check/","/articles/criminal-record-check/",YES,2026-05-15T12:03:15,"170","730",REST_API
14010,article,publish,"מדריך לאישור הסכם גירושין בבתי הדין הרבניים – 55 כללים מעשיים","rabbinical-agreement-approval","https://jus-tice.co.il/articles/rabbinical-agreement-approval/","/articles/rabbinical-agreement-approval/",YES,2026-05-16T23:29:20,"68","",REST_API
13152,article,publish,"המלצות 2026 עורך דין לענייני משפחה מומלץ  | התייעצות עם עורך דין לענייני משפחה וירושה","most-recommended-family-lawyer","https://jus-tice.co.il/articles/most-recommended-family-lawyer/","/articles/most-recommended-family-lawyer/",YES,2026-05-16T23:29:20,"68","",REST_API
12987,article,publish,"כיצד יראה בעתיד הליך גירושין &#8211; תחזית לשנים הבאות","future-of-divorce-process","https://jus-tice.co.il/articles/future-of-divorce-process/","/articles/future-of-divorce-process/",YES,2026-05-16T23:29:20,"68","",REST_API
12979,article,publish,"עורך דין לענייני משפחה תותח מעל 20 שנות נסיון | ייעוץ חינם &#8211; נתונים עדכניים בדיני המשפחה","experienced-family-law-attorney","https://jus-tice.co.il/articles/experienced-family-law-attorney/","/articles/experienced-family-law-attorney/",YES,2026-05-16T23:29:22,"68","",REST_API
12975,article,publish,"פס&#8221;ד ביטול החלטה לשלום בית ; הקפאת תשלום מזונות אישה","1396562-2","https://jus-tice.co.il/articles/1396562-2/","/articles/1396562-2/",YES,2026-05-16T23:29:22,"68","",REST_API
12946,article,publish,"האם אישה נשואה יכולה להיחשב ידועה בציבור של אחר? מדריך מקיף ידועים בציבור","can-you-be-common-law-married-to-a-married-person","https://jus-tice.co.il/articles/can-you-be-common-law-married-to-a-married-person/","/articles/can-you-be-common-law-married-to-a-married-person/",YES,2026-05-17T07:53:43,"68","",REST_API
12940,article,publish,"אכיפת הסכם גירושין על רקע טענות הדדיות בדבר הפרתו","divorce-agreement-enforcement-claims","https://jus-tice.co.il/articles/divorce-agreement-enforcement-claims/","/articles/divorce-agreement-enforcement-claims/",YES,2026-05-16T23:47:26,"68","",REST_API
12934,article,publish,"גישור משפחתי בישראל ובעולם | גישור וגירושין | נתונים, התפתחות ומגמות עדכניות","family-mediation-updated-trends","https://jus-tice.co.il/articles/family-mediation-updated-trends/","/articles/family-mediation-updated-trends/",YES,2026-05-17T07:53:42,"68","",REST_API
12924,article,publish,"אגף החקירות והמודיעין של משטרת ישראל","investigations-and-intelligence-division","https://jus-tice.co.il/articles/investigations-and-intelligence-division/","/articles/investigations-and-intelligence-division/",YES,2026-05-17T07:53:42,"170","",REST_API
12921,article,publish,"(2025) המומחים המובילים בדיני משפחה","top-experts-family-law","https://jus-tice.co.il/articles/top-experts-family-law/","/articles/top-experts-family-law/",YES,2026-05-16T23:29:25,"68","",REST_API
12914,article,publish,"מגמות חדשות בדיני משפחה: השפעת הבינה המלאכותית AI דיני משפחה וגירושין (צפי ומגמות 2025-2026)","new-trends-ai-family-law","https://jus-tice.co.il/articles/new-trends-ai-family-law/","/articles/new-trends-ai-family-law/",YES,2026-05-16T23:29:27,"68","",REST_API
12907,article,publish,"תביעות פלילי | ייצוג ולווי נאשמים","criminal-prosecutions","https://jus-tice.co.il/articles/criminal-prosecutions/","/articles/criminal-prosecutions/",YES,2026-05-16T23:29:27,"170","",REST_API
12897,article,publish,"מומלצי דיני משפחה וגירושין: המלצות עורכי דין לענייני משפחה בישראל (2025)","the-recommended-family-lawyers","https://jus-tice.co.il/articles/the-recommended-family-lawyers/","/articles/the-recommended-family-lawyers/",YES,2026-05-16T23:29:27,"68","",REST_API
12883,article,publish,"תפוגת חיובים בהסכם שלום בית וגירושין – המלצה לכתובה מוקטנת בבתי הדין הרבניים","rabbinical-courts-reconciliation-agreement-divorce-ketubah","https://jus-tice.co.il/articles/rabbinical-courts-reconciliation-agreement-divorce-ketubah/","/articles/rabbinical-courts-reconciliation-agreement-divorce-ketubah/",YES,2026-05-16T23:47:26,"68","",REST_API
12879,article,publish,"פס&#8221;ד רבני 2025 | תוקפו של הסכם גירושין כשהצדדים חזרו לשלום בית &#8211; 996028-3 &#8211; ביה&#8221;ד תל אביב יפו","996028-3","https://jus-tice.co.il/articles/996028-3/","/articles/996028-3/",YES,2026-05-16T23:29:29,"68","",REST_API
12871,article,publish,"עורך דין גירושין מומלץ פתח תקווה והמרכז | 2025 נתונים והנחיות גירושין","petah-tikva-divorce-lawyer","https://jus-tice.co.il/articles/petah-tikva-divorce-lawyer/","/articles/petah-tikva-divorce-lawyer/",YES,2026-05-16T23:29:29,"392","",REST_API
12857,article,publish,"פוסטה פלילים","posta","https://jus-tice.co.il/articles/posta/","/articles/posta/",YES,2026-05-16T23:29:29,"170","",REST_API
12851,article,publish,"זיכוי לנאשם בשורת עבירות בשל קשיים בזיהוי (ת&#8221;פ 7776-09-24 חסדאי)","7776-09-24","https://jus-tice.co.il/articles/7776-09-24/","/articles/7776-09-24/",YES,2026-05-16T23:29:31,"642","",REST_API
12841,article,publish,"הטמעת בינה מלאכותית AI במשרדי עורכי דין","ai-for-law-firms","https://jus-tice.co.il/articles/ai-for-law-firms/","/articles/ai-for-law-firms/",YES,2026-05-17T07:53:45,"308","",REST_API
12681,article,publish,"אישור הסכם גירושין בו נקבע חיוב מזונות שיוויוני &#8211; 1520884-1 &#8211; ביה&#8221;ד באר שבע","1520884-1","https://jus-tice.co.il/articles/1520884-1/","/articles/1520884-1/",YES,2026-05-16T23:29:31,"68","",REST_API
12678,article,publish,"החובה לעמוד בהסכם על מקום מגורי הילדים ולשאת בתוצאות הפרתו_ שיבתו לתוקף של פטור ממזונות שניתן בגין ההפרה &#8211; 1331339-3 &#8211; ביה&#8221;ד הגדול","1331339-3","https://jus-tice.co.il/articles/1331339-3/","/articles/1331339-3/",YES,2026-05-16T23:29:33,"68","",REST_API
12675,article,publish,"אכיפת הסכם כשיש חשש שאכיפתו עלולה להביא לפגיעה בטובת הילדים – איזונים והכרעה &#8211; 1331339-1 &#8211; ביה&#8221;ד הגדול","1331339-1","https://jus-tice.co.il/articles/1331339-1/","/articles/1331339-1/",YES,2026-05-16T23:29:33,"68","",REST_API
12670,article,publish,"פס&#8221;ד רבני (2025) בקשת האישה להקדמת מועד פירוק שיתוף דירה טרם התאריך שנקבע בהסכם","dissolution-partnership-verdict-petition-witness-apartment-agreement","https://jus-tice.co.il/articles/dissolution-partnership-verdict-petition-witness-apartment-agreement/","/articles/dissolution-partnership-verdict-petition-witness-apartment-agreement/",YES,2026-05-16T23:47:26,"68","",REST_API
12663,article,publish,"פיצוי למשקיע בעקבות הפסד בשוק ההון, פורקס ו- קריפטו | סוגי הונאות (2025)","investment-loss-compensation","https://jus-tice.co.il/articles/investment-loss-compensation/","/articles/investment-loss-compensation/",YES,2026-05-16T23:29:33,"225","",REST_API
12655,article,publish,"עורך דין מכירת דירה מחיר (2025) | תפקידו של עורך הדין בעסקאות מקרקעין","real-estate-lawyer-cost-2025","https://jus-tice.co.il/articles/real-estate-lawyer-cost-2025/","/articles/real-estate-lawyer-cost-2025/",YES,2026-05-16T23:29:35,"234","",REST_API
12652,article,publish,"יועץ רישוי עסקים | עורך דין מומחה רישוי עסק | מדריך ומחירון (2025)","business-license","https://jus-tice.co.il/articles/business-license/","/articles/business-license/",YES,2026-05-16T23:29:35,"308","",REST_API
12650,article,publish,"תיק 1495176/4 יולי 2025 | שאלת סמכות בית הדין האזורי לדון בעניין מזונות הילדים","rabbinical-court-jurisdiction-alimony-1495176-4-2025","https://jus-tice.co.il/articles/rabbinical-court-jurisdiction-alimony-1495176-4-2025/","/articles/rabbinical-court-jurisdiction-alimony-1495176-4-2025/",YES,2026-05-16T23:47:28,"68","",REST_API
12626,article,publish,"חוזה שכירות אונליין (עדכני 2025)","online-rent-agreement","https://jus-tice.co.il/articles/online-rent-agreement/","/articles/online-rent-agreement/",YES,2026-05-16T23:29:35,"234","",REST_API
12622,article,publish,"עורך דין באוסטרליה | עו&#8221;ד ישראלי אוסטרליה","australia-lawyers","https://jus-tice.co.il/articles/australia-lawyers/","/articles/australia-lawyers/",YES,2026-05-16T23:29:37,"308","",REST_API
12616,article,publish,"רשות המסים בישראל | ייצוג מול רשויות המס","israel-tax-authority","https://jus-tice.co.il/articles/israel-tax-authority/","/articles/israel-tax-authority/",YES,2026-05-16T23:29:37,"308","",REST_API
12611,article,publish,"לא בנקל יבוטל הסכם גירושין &#8211; 1509592-1 &#8211; ביה&#8221;ד הגדול‎","1509592-1","https://jus-tice.co.il/articles/1509592-1/","/articles/1509592-1/",YES,2026-05-16T23:29:37,"68","",REST_API
12609,article,publish,"מחירים עדכניים (2025) ותחזית לשוק הנדל&#8221;ן | רכישת נדל&#8221;ן בישראל בלווי עורך דין","israel-real-estate-price-forecast","https://jus-tice.co.il/articles/israel-real-estate-price-forecast/","/articles/israel-real-estate-price-forecast/",YES,2026-05-17T07:53:45,"234","",REST_API
12605,article,publish,"מחירון 2025 נכסים בקפריסין ועליות נלוות | רכישה בלווי משפטי לישראלים","cyprus-prices","https://jus-tice.co.il/articles/cyprus-prices/","/articles/cyprus-prices/",YES,2026-05-16T23:29:39,"234","",REST_API
12600,article,publish,"יוון &#8211; מחירי רכישה 2025 לפי אזורים | מדריך עדכני לרכישת נדל&#8221;ן ביוון לישראלים בלווי עורך דין","greece-price-list","https://jus-tice.co.il/articles/greece-price-list/","/articles/greece-price-list/",YES,2026-05-16T23:29:39,"234","",REST_API
12596,article,publish,"פסק דין בתביעה רכושית: אישה נגד בן-זוגה חושפת הון משפחתי במקלטי מס, נאמנויות ותאגידים זרים | תמ״ש 31661-07-16","family-judgment-31661-07-16","https://jus-tice.co.il/articles/family-judgment-31661-07-16/","/articles/family-judgment-31661-07-16/",YES,2026-05-16T23:29:41,"68","",REST_API
12588,article,publish,"עלויות גירושין 2025 | מחירון מעודכן השוואה ובחירה בין עורכי דין לענייני גירושין","divorce-costs-2025","https://jus-tice.co.il/articles/divorce-costs-2025/","/articles/divorce-costs-2025/",YES,2026-05-16T23:29:42,"68","",REST_API
12583,article,publish,"רילוקיישן לפורטוגל 2025: המדריך המקיף למעבר לפורטוגל","portugal-relocation","https://jus-tice.co.il/articles/portugal-relocation/","/articles/portugal-relocation/",YES,2026-05-17T07:53:45,"683","",REST_API
12571,article,publish,"BDI Coface","bdi-coface","https://jus-tice.co.il/articles/bdi-coface/","/articles/bdi-coface/",YES,2025-05-29T09:31:12,"","",REST_API
12558,article,publish,"סוכנות הדירוג Dun &#038; Bradstreet (D&#038;B) ודירוג Dun’s 100","dun-bradstreet","https://jus-tice.co.il/articles/dun-bradstreet/","/articles/dun-bradstreet/",YES,2026-05-16T23:29:44,"","",REST_API
12552,article,publish,"The Legal 500","the-legal-500","https://jus-tice.co.il/articles/the-legal-500/","/articles/the-legal-500/",YES,2025-05-28T11:42:55,"","",REST_API
12546,article,publish,"Chambers and Partners","chambers-and-partners","https://jus-tice.co.il/articles/chambers-and-partners/","/articles/chambers-and-partners/",YES,2026-05-17T07:53:47,"","",REST_API
12539,article,publish,"IFLR1000","iflr1000","https://jus-tice.co.il/articles/iflr1000/","/articles/iflr1000/",YES,2026-05-17T07:53:48,"","",REST_API
12535,article,publish,"עקרונות הלכתיים ויישום קביעתם של הסדרי השהות בגירושין על פי טובת הילד | חיובי המזונות היקפם וחלוקתם","best-interest-child-procedures-divorce-alimony","https://jus-tice.co.il/articles/best-interest-child-procedures-divorce-alimony/","/articles/best-interest-child-procedures-divorce-alimony/",YES,2026-05-16T23:47:28,"68","",REST_API
12525,article,publish,"דירוג עורכי דין בינה מלאכותית AI | שנת 2025","ai-lawyer-ranking","https://jus-tice.co.il/articles/ai-lawyer-ranking/","/articles/ai-lawyer-ranking/",YES,2026-05-17T07:53:47,"308","",REST_API
12495,article,publish,"יחידת ה-Cyber Division של ה-FBI | עו&#8221;ד סייבר","fbi-cyber-division","https://jus-tice.co.il/articles/fbi-cyber-division/","/articles/fbi-cyber-division/",YES,2026-05-16T23:29:46,"188","",REST_API
12491,article,publish,"(SEC) רשות ניירות הערך של ארצות הברית  | עו&#8221;ד ישראלי","us-securities-and-exchange-commission","https://jus-tice.co.il/articles/us-securities-and-exchange-commission/","/articles/us-securities-and-exchange-commission/",YES,2026-05-16T23:29:46,"308","",REST_API
12481,article,publish,"FBI לשכת החקירות הפדרלית ארה&#8221;ב |  עורך דין פלילי F.B.I","federal-bureau-of-investigation","https://jus-tice.co.il/articles/federal-bureau-of-investigation/","/articles/federal-bureau-of-investigation/",YES,2026-05-16T23:29:48,"308","",REST_API
12464,article,publish,"להב 433: מבנה היחידה כתובות וטלפונים | משטרת ישראל להב 433","lahav-433","https://jus-tice.co.il/articles/lahav-433/","/articles/lahav-433/",YES,2026-05-16T23:29:48,"170","",REST_API
12446,article,publish,"עורך דין עבירות סמים | מדריך 2025 לתחום עבירות סמים","drug-offenses-criminal-lawyer","https://jus-tice.co.il/articles/drug-offenses-criminal-lawyer/","/articles/drug-offenses-criminal-lawyer/",YES,2026-05-16T23:29:48,"308","",REST_API
12436,article,publish,"מדריך 2025 לקראת חקירה במס הכנסה &#8211; כל מה שצריך לדעת |  חקירות מס הכנסה ועבירות מס","tax-investigation-guide","https://jus-tice.co.il/articles/tax-investigation-guide/","/articles/tax-investigation-guide/",YES,2026-05-16T23:29:50,"485","",REST_API
12433,article,publish,"פורטו, פורטוגל &#8211; השקעות נדל&#8221;ן עבור ישראלים","porto-portugal-real-estate","https://jus-tice.co.il/articles/porto-portugal-real-estate/","/articles/porto-portugal-real-estate/",YES,2026-05-16T23:29:50,"683","",REST_API
12428,article,publish,"עורך דין פלילי מפורסם | עורכי הדין הפליליים המובילים בישראל ובעולם (2025)","famous-criminal-defense-lawyer","https://jus-tice.co.il/articles/famous-criminal-defense-lawyer/","/articles/famous-criminal-defense-lawyer/",YES,2026-05-16T23:29:50,"308","",REST_API
12425,article,publish,"עורך דין עבירות כלכליות וצווארון לבן | מהן עבירות כלכליות וצווארון לבן?","economic-crimes-white-collar-lawyer","https://jus-tice.co.il/articles/economic-crimes-white-collar-lawyer/","/articles/economic-crimes-white-collar-lawyer/",YES,2026-05-17T07:53:50,"308","",REST_API
12412,article,publish,"עורך דין פורקס | מה זה פורקס?  FOREX","lawyer-forex","https://jus-tice.co.il/articles/lawyer-forex/","/articles/lawyer-forex/",YES,2026-05-17T07:54:11,"308","",REST_API
12406,article,publish,"סקירת 2025 סדר דין פלילי &#8211; חוק המעצרים","criminal-law-review-procedure-law-detention-2025","https://jus-tice.co.il/articles/criminal-law-review-procedure-law-detention-2025/","/articles/criminal-law-review-procedure-law-detention-2025/",YES,2026-05-16T23:47:31,"170","",REST_API
12401,article,publish,"עורך דין בינלאומי ירושות צוואות ועיזבונות | מדריך ליורשים ישראלים בחו&#8221;ל","international-inheritance-wills-lawyer","https://jus-tice.co.il/articles/international-inheritance-wills-lawyer/","/articles/international-inheritance-wills-lawyer/",YES,2026-05-16T23:29:53,"308","",REST_API
12394,article,publish,"השופט אביים ברקאי: פסק דין שעניינו מחלוקת בהגדרת משק לצורך חלוקות עתידיות כ&#8221;נחלה מלאה&#8221; אל מול &#8220;נחלה חסרה&#8221; (ת&#8221;א 45983-03-22)","45983-03-22","https://jus-tice.co.il/articles/45983-03-22/","/articles/45983-03-22/",YES,2026-05-16T23:29:53,"68","",REST_API
12389,article,publish,"השופט ניר מישורי לב טוב: גזר דין בעניין עבירות לשון הרע (ת&#8221;פ 10284-05-21)","10284-05-21","https://jus-tice.co.il/articles/10284-05-21/","/articles/10284-05-21/",YES,2026-05-16T23:29:55,"170","",REST_API
12386,article,publish,"רואה חשבון מיסוי בינלאומי | חמש פירמות רו&#8221;ח מובילות בייעוץ מס בינלאומי","top-global-tax-cpa-firms","https://jus-tice.co.il/articles/top-global-tax-cpa-firms/","/articles/top-global-tax-cpa-firms/",YES,2026-05-16T23:29:55,"485","",REST_API
12377,article,publish,"פירמות עורכי דין מובילות במיסוי בינלאומי","top-international-tax-law-firms","https://jus-tice.co.il/articles/top-international-tax-law-firms/","/articles/top-international-tax-law-firms/",YES,2026-05-16T23:29:55,"308","",REST_API
12365,article,publish,"מיסוי בינלאומי | יועץ מס בינלאומי | ייעוץ וליווי עסקאות בינלאומיות","global-tax-consulting-services","https://jus-tice.co.il/articles/global-tax-consulting-services/","/articles/global-tax-consulting-services/",YES,2026-05-16T23:29:57,"308","",REST_API
12356,article,publish,"עורך דין פלילי מומחה בעבירות מס | מחירון שירותים 2025 + טבלת עונשים","tax-offenses-criminal-lawyer","https://jus-tice.co.il/articles/tax-offenses-criminal-lawyer/","/articles/tax-offenses-criminal-lawyer/",YES,2026-05-16T23:29:57,"308","",REST_API
12353,article,publish,"גזר דין למטפל שהורשע בעבירות מין (תפ&#8221;ח 17044-12-22)","17044-12-22","https://jus-tice.co.il/articles/17044-12-22/","/articles/17044-12-22/",YES,2026-05-16T23:29:57,"656","",REST_API
12348,article,publish,"ערעור על שומת מס בטענה שהדירה שנרכשה היא אינה דירת מגורים אלא &#8220;דירת מעטפת&#8221; (ו&#8221;ע 39040-09-22)","39040-09-22","https://jus-tice.co.il/articles/39040-09-22/","/articles/39040-09-22/",YES,2026-05-16T23:29:59,"485","",REST_API
12342,article,publish,"עורך דין מיסים | המדריך המלא לדיני מיסים בישראל 2025","tax-lawyer","https://jus-tice.co.il/articles/tax-lawyer/","/articles/tax-lawyer/",YES,2026-05-16T23:29:59,"308","",REST_API
12329,article,publish,"עורך דין פינטק | ייצוג משפטי בתחום טכנולוגיה פיננסית ופינטק","fintech","https://jus-tice.co.il/articles/fintech/","/articles/fintech/",YES,2026-05-17T07:53:50,"308","",REST_API
12321,article,publish,"הסגרה בינלאומית לישראל: מדריך 2025","extradition-guide","https://jus-tice.co.il/articles/extradition-guide/","/articles/extradition-guide/",YES,2026-05-16T23:30:01,"308","",REST_API
12312,article,publish,"פסק דין שאלת היחס בין הסכמי ממון לסעיף 8 לחוק הירושה בעניין זכויות בדירה (עמ&#8221;ש 42471-05-24)","42471-05-24","https://jus-tice.co.il/articles/42471-05-24/","/articles/42471-05-24/",YES,2026-05-16T23:30:01,"68","",REST_API
12309,article,publish,"תמ&#8221;ש 60877-12-24 | השופטת שלי פרקש: בקשה לצו מניעה זמני, לפיו לא תיעשה דיספוזיציה בזכויות נחלה","60877-12-24","https://jus-tice.co.il/articles/60877-12-24/","/articles/60877-12-24/",YES,2026-05-16T23:30:01,"68","",REST_API
12305,article,publish,"פסק דין מינוי &#8220;רואה חשבון חקירתי&#8221; לצורך פירוק שיתוף בחשבונות הבנק המשותפים","3922-01-24","https://jus-tice.co.il/articles/3922-01-24/","/articles/3922-01-24/",YES,2026-05-16T23:30:04,"68","",REST_API
12295,article,publish,"פסק דין קטין שהואשם בעבירות התפרעות ותקיפת שוטר (1327-11-24)","verdict-offenses-police-officer-1327-11-24","https://jus-tice.co.il/articles/verdict-offenses-police-officer-1327-11-24/","/articles/verdict-offenses-police-officer-1327-11-24/",YES,2026-05-16T23:47:31,"656","",REST_API
12291,article,publish,"ביהמ&#8221;ש לעניינים מנהליים בביהמ&#8221;ש המחוזי תל אביב-יפו, ש&#8217; יעל בלכר: פסק דין שעניינו בטענה להבטחה מנהלית להקצות קרקע ולבנות בית כנסת לקהילה על ידי ראש העיר לשעבר (עת&#8221;מ 70703-09-24)","70703-09-24","https://jus-tice.co.il/articles/70703-09-24/","/articles/70703-09-24/",YES,2026-05-16T23:30:03,"165","",REST_API
12275,article,publish,"מעצר בחו&#8221;ל &#8211; מה לעשות? מדריך 2025 לישראלי עצור במדינה זרה","arrested-abroad-il","https://jus-tice.co.il/articles/arrested-abroad-il/","/articles/arrested-abroad-il/",YES,2026-05-16T23:30:03,"308","",REST_API
12273,article,publish,"לשון הרע תלונה במשטרה","defamation","https://jus-tice.co.il/articles/defamation/","/articles/defamation/",YES,2026-05-16T23:47:31,"","",REST_API
12264,article,publish,"עורכי הדין הפליליים הטובים בעולם ובישראל | סקירת 2025","best-criminal-defence-lawyers-worldwide","https://jus-tice.co.il/articles/best-criminal-defence-lawyers-worldwide/","/articles/best-criminal-defence-lawyers-worldwide/",YES,2026-05-16T23:30:06,"170","",REST_API
12259,article,publish,"שכר טרחת עורכי דין 2025 &#8211; תמונת מצב בישראל ובעולם","lawyer-fee-outlook","https://jus-tice.co.il/articles/lawyer-fee-outlook/","/articles/lawyer-fee-outlook/",YES,2026-05-16T23:30:06,"308","",REST_API
12255,article,publish,"בעלות על זכויות בנייה בגגות | הלכת בית הדר ע&#8221;א 7808/21 והשלכותיה ","building-rights-beit-hadar-ownership-roofs-ruling-7808","https://jus-tice.co.il/articles/building-rights-beit-hadar-ownership-roofs-ruling-7808/","/articles/building-rights-beit-hadar-ownership-roofs-ruling-7808/",YES,2026-05-16T23:47:33,"234","",REST_API
12251,article,publish,"ביהמ&#8221;ש לענייני משפחה בתל אביב, השופטת ענת הלר כריש: פס&#8221;ד בתביעה להחרגת נכסים מעיזבון (תמ&#8221;ש 30767-05-21)","30767-05-21","https://jus-tice.co.il/articles/30767-05-21/","/articles/30767-05-21/",YES,2026-05-16T23:30:06,"68","",REST_API
12245,article,publish,"הלכה חדשה 2025 | הגג שייך לכל הדיירים | ע&#8221;א 7808/21 תקדים בית הדר פסק הדין המלא","beit-hadar-ruling-new-roof-tenants-precedent","https://jus-tice.co.il/articles/beit-hadar-ruling-new-roof-tenants-precedent/","/articles/beit-hadar-ruling-new-roof-tenants-precedent/",YES,2026-05-16T23:47:33,"234","",REST_API
12239,article,publish,"חוקי הנדל&#8221;ן בישראל מול צרפת: מדריך להשקעות ונכסים (2025)","laws-real-estate-israel-france-guide-properties","https://jus-tice.co.il/articles/laws-real-estate-israel-france-guide-properties/","/articles/laws-real-estate-israel-france-guide-properties/",YES,2026-05-16T23:47:36,"234","",REST_API
12236,article,publish,"עורך דין דובר צרפתית לרכישת נדל&#8221;ן בישראל &#8211; המדריך המשפטי המלא למשקיעים מצרפת | Acheter un bien immobilier en Israël : Guide juridique complet","property-purchase-lawyer-israel-guide-complete-france","https://jus-tice.co.il/articles/property-purchase-lawyer-israel-guide-complete-france/","/articles/property-purchase-lawyer-israel-guide-complete-france/",YES,2026-05-16T23:47:36,"234","",REST_API
12219,article,publish,"ליווי מקצועי לסטארטאפ: ייעוץ לחברות הזנק startup","startup-company","https://jus-tice.co.il/articles/startup-company/","/articles/startup-company/",YES,2026-05-17T07:53:50,"308","",REST_API
12179,article,publish,"מדריך החזרי מס 2025 + מחשבון מעודכן","guide-tax-calculator-updated-2025","https://jus-tice.co.il/articles/guide-tax-calculator-updated-2025/","/articles/guide-tax-calculator-updated-2025/",YES,2026-05-16T23:47:36,"485","",REST_API
12177,article,publish,"חיוב בעל מורד במדור אשתו אף בהעדר סיכוי לשלום בית &#8211; 1386569-6 &#8211; ביה&#8221;ד הגדול","1386569-6","https://jus-tice.co.il/articles/1386569-6/","/articles/1386569-6/",YES,2026-05-16T23:30:08,"68","",REST_API
12162,article,publish,"חתימת עורך דין / נוטריון | חתימת מסמכים נוטריוניים ומשפטיים | מחירון 2025","lawyer-signing-notary-price-list-2025","https://jus-tice.co.il/articles/lawyer-signing-notary-price-list-2025/","/articles/lawyer-signing-notary-price-list-2025/",YES,2026-05-16T23:47:38,"308","",REST_API
12156,article,publish,"מדריך מעודכן למתגרשים בשנת 2025: סטטיסטיקה גירושים, התמודדות עם חלוקת רכוש, משמורת וחשד לבגידה","property-division-guide-updated-divorce-custody-infidelity","https://jus-tice.co.il/articles/property-division-guide-updated-divorce-custody-infidelity/","/articles/property-division-guide-updated-divorce-custody-infidelity/",YES,2026-05-16T23:47:38,"68","",REST_API
12141,article,publish,"פסק דין &#8211; פירוק שיתוף דירה לפני נישואים ללא הסכם ממון | השופטת אפרת ונקרט: תיק תלה&#8221;מ 22328-09-20","decision22328-09-20","https://jus-tice.co.il/articles/decision22328-09-20/","/articles/decision22328-09-20/",YES,2026-05-16T23:30:08,"646","",REST_API
12123,article,publish,"פסק דין &#8211; האישה זכאית לחצי מהבית כולל המגרש למרות טענות להברחת נכסים| השופטת אפרת ונקרט (תלה&#8221;מ 24104-03-19)","decision24104-03-19","https://jus-tice.co.il/articles/decision24104-03-19/","/articles/decision24104-03-19/",YES,2026-05-16T23:30:10,"68","",REST_API
12111,article,publish,"התחדשות עירונית בתל אביב – החברות המובילות (תמ״א 38) ת&#8221;א 2025","urban-renewal-tel-aviv-companies-38-2025","https://jus-tice.co.il/articles/urban-renewal-tel-aviv-companies-38-2025/","/articles/urban-renewal-tel-aviv-companies-38-2025/",YES,2026-05-16T23:47:38,"234","",REST_API
12106,article,publish,"שנת 2025 | מדריך מעשי לבחירת חברה/יזם להתחדשות עירונית","urban-renewal-guide-practical-company-2025","https://jus-tice.co.il/articles/urban-renewal-guide-practical-company-2025/","/articles/urban-renewal-guide-practical-company-2025/",YES,2026-05-16T23:47:40,"234","",REST_API
12096,article,publish,"עורכי דין מובילים בתחום רשלנות רפואית בעולם | עורכי הדין המובילים בתחום הרשלנות הרפואית בישראל","medical-malpractice-lawyers-law-medical-israel","https://jus-tice.co.il/articles/medical-malpractice-lawyers-law-medical-israel/","/articles/medical-malpractice-lawyers-law-medical-israel/",YES,2026-05-16T23:47:40,"308","",REST_API
12087,article,publish,"עבודת עורכי הדין לגירושין ברחבי העולם | סקירת עורכי הדין המובילים לתחום הגירושין בעולם","leading-divorce-lawyers-worldwide","https://jus-tice.co.il/articles/leading-divorce-lawyers-worldwide/","/articles/leading-divorce-lawyers-worldwide/",YES,2026-05-17T07:53:52,"308","",REST_API
12082,article,publish,"עורך דין לעבירות שוק ההון","lawyer-capital-market-offenses","https://jus-tice.co.il/articles/lawyer-capital-market-offenses/","/articles/lawyer-capital-market-offenses/",YES,2026-05-16T23:47:40,"308","",REST_API
12073,article,publish,"עו&#8221;ד פלילי על סוגי עבירות פליליות | טבלת ענישה והליך המעצר | כמה עולה עורך דין מעצרים? מחירון 2025","criminal-offenses-lawyer-criminal-sentencing-process-arrest","https://jus-tice.co.il/articles/criminal-offenses-lawyer-criminal-sentencing-process-arrest/","/articles/criminal-offenses-lawyer-criminal-sentencing-process-arrest/",YES,2026-05-16T23:47:43,"308","",REST_API
12065,article,publish,"מחירון שירותי עורך דין נדל&#8221;ן 2025","lawyer-price-list-real-estate-2025","https://jus-tice.co.il/articles/lawyer-price-list-real-estate-2025/","/articles/lawyer-price-list-real-estate-2025/",YES,2026-05-16T23:47:43,"234","",REST_API
12058,article,publish,"עסקאות נדל&#8221;ן מורכבות | עורך דין נדל&#8221;ן","real-estate-deals-lawyer-real-estate","https://jus-tice.co.il/articles/real-estate-deals-lawyer-real-estate/","/articles/real-estate-deals-lawyer-real-estate/",YES,2026-05-16T23:47:43,"234","",REST_API
12036,article,publish,"המדריך המלא לצוואות &#8211; מעודכן 2025","guide-complete-wills-updated-2025","https://jus-tice.co.il/articles/guide-complete-wills-updated-2025/","/articles/guide-complete-wills-updated-2025/",YES,2026-05-16T23:47:45,"68","",REST_API
12028,article,publish,"הסכם ממון בישראל – המדריך המקיף לשנת 2025","prenuptial-agreement-israel-guide-comprehensive-2025","https://jus-tice.co.il/articles/prenuptial-agreement-israel-guide-comprehensive-2025/","/articles/prenuptial-agreement-israel-guide-comprehensive-2025/",YES,2026-05-16T23:47:45,"68","",REST_API
12013,article,publish,"מדריך 2025: איפה הכי משתלם למשקיע הישראלי לקנות דירה בעולם?","guide-israeli-apartment-2025","https://jus-tice.co.il/articles/guide-israeli-apartment-2025/","/articles/guide-israeli-apartment-2025/",YES,2026-05-17T07:54:11,"234","",REST_API
12007,article,publish,"בג&#8221;ץ הבוגדת: ההשפעות המשפטיות, החברתיות והכלכליות על מערכת המשפט הישראלית","article-12007","https://jus-tice.co.il/articles/article-12007/","/articles/article-12007/",YES,2026-05-16T23:47:47,"68","",REST_API
12004,article,publish,"סמכות בתי הדין הרבניים במזונות ילדים: בחינה משפטית, חוקתית וחברתית בעקבות בג&#8221;ץ 5988/21","rabbinical-courts-child-support-jurisdiction-5988-21","https://jus-tice.co.il/articles/rabbinical-courts-child-support-jurisdiction-5988-21/","/articles/rabbinical-courts-child-support-jurisdiction-5988-21/",YES,2026-05-16T23:47:47,"68","",REST_API
11993,article,publish,"בג&#8221;ץ 5988-21     פלוני נ. פלוני     (19.02.2025) | סמכות בית דין רבני מזונות ילדים","5988-21","https://jus-tice.co.il/articles/5988-21/","/articles/5988-21/",YES,2026-05-16T23:30:10,"68","",REST_API
11982,article,publish,"תפקידם של עורכי דין בתחום הסייבר","lawyers-cyber","https://jus-tice.co.il/articles/lawyers-cyber/","/articles/lawyers-cyber/",YES,2026-05-16T23:47:47,"308","",REST_API
11977,article,publish,"איפה כדאי להשקיע? נדל&#8221;ן בדובאי  2025","real-estate-dubai-2025","https://jus-tice.co.il/articles/real-estate-dubai-2025/","/articles/real-estate-dubai-2025/",YES,2026-05-17T07:54:11,"234","",REST_API
11969,article,publish,"איך לקנות נדל&#8221;ן בזול ולהרוויח: המדריך המלא 2025","real-estate-guide-complete-2025","https://jus-tice.co.il/articles/real-estate-guide-complete-2025/","/articles/real-estate-guide-complete-2025/",YES,2026-05-16T23:47:50,"","",REST_API
11965,article,publish,"מהו יועץ נדל&#8221;ן? מדריך מקיף להבנת תפקידו וערכו","consultant-real-estate-guide-comprehensive","https://jus-tice.co.il/articles/consultant-real-estate-guide-comprehensive/","/articles/consultant-real-estate-guide-comprehensive/",YES,2026-05-16T23:47:50,"234","",REST_API
11960,article,publish,"האם כדאי לעבוד עם יועץ נדל&#8221;ן?","consultant-real-estate","https://jus-tice.co.il/articles/consultant-real-estate/","/articles/consultant-real-estate/",YES,2026-05-16T23:47:52,"234","",REST_API
11952,article,publish,"מקרי רשלנות רפואית בלידה וטיפול משפטי בייצוג עורך דין","medical-malpractice-lawyer-birth-representation","https://jus-tice.co.il/articles/medical-malpractice-lawyer-birth-representation/","/articles/medical-malpractice-lawyer-birth-representation/",YES,2026-05-16T23:47:52,"76","",REST_API
11948,article,publish,"השקעה בנדל&#8221;ן בחו&#8221;ל לישראלים (2025) המדריך המלא לקנייה, השכרה ו-Airbnb","real-estate-israelis-guide-complete-rental-2025","https://jus-tice.co.il/articles/real-estate-israelis-guide-complete-rental-2025/","/articles/real-estate-israelis-guide-complete-rental-2025/",YES,2026-05-17T07:54:17,"234","",REST_API
11942,article,publish,"מדריך רכישת נדל&#8221;ן במנהטן 2025","property-purchase-guide-manhattan-2025","https://jus-tice.co.il/articles/property-purchase-guide-manhattan-2025/","/articles/property-purchase-guide-manhattan-2025/",YES,2026-05-16T23:47:54,"234","",REST_API
11934,article,publish,"מה חשוב לדעת על השקעות נדל&#8221;ן בניו יורק | ניתוח כדאיות השקעה במנהטן מול ערים אחרות בעולם","real-estate-investment-new-york-surgery-manhattan","https://jus-tice.co.il/articles/real-estate-investment-new-york-surgery-manhattan/","/articles/real-estate-investment-new-york-surgery-manhattan/",YES,2026-05-16T23:47:54,"234","",REST_API
11930,article,publish,"גירושים חכמים 2025: כך תנהלו את פתיחת הליך הגירושין באסטרטגיה נכונה ועלויות מחושבות","strategic-divorce-cost-planning","https://jus-tice.co.il/articles/strategic-divorce-cost-planning/","/articles/strategic-divorce-cost-planning/",YES,2026-05-16T23:30:12,"68","",REST_API
11922,article,publish,"שנת 2025 | מה עושה עורך דין נדל&#8221;ן ומהן העלויות הכרוכות בעבודתו","lawyer-real-estate-costs-2025","https://jus-tice.co.il/articles/lawyer-real-estate-costs-2025/","/articles/lawyer-real-estate-costs-2025/",YES,2026-05-17T07:54:16,"234","",REST_API
11918,article,publish,"עורך דין גירושין מסביר איך להתגרש נכון ומהר ולשמור על הזכויות | עו&#8221;ד מגשרת רוטנברג","lawyer-divorce-rights","https://jus-tice.co.il/articles/lawyer-divorce-rights/","/articles/lawyer-divorce-rights/",YES,2026-05-16T23:47:56,"68","",REST_API
11914,article,publish,"קורס בינה מלאכותית AI מתקדם לעורכי דין | הכשרת עורכי דין בתחום הAI","lawyer-ai-course","https://jus-tice.co.il/articles/lawyer-ai-course/","/articles/lawyer-ai-course/",YES,2026-05-16T23:30:12,"308","",REST_API
11910,article,publish,"מתקפת סייבר מהי? הגדרות מונחים והכרת טכנולוגיות בתחום התקפת סייבר","what-is-cyberattack","https://jus-tice.co.il/articles/what-is-cyberattack/","/articles/what-is-cyberattack/",YES,2026-05-16T23:30:12,"","",REST_API
11904,article,publish,"סקירה ממבט אישי על תפקידו של עורך דין לענייני פשעי סייבר","cybercrime-lawyer-roll","https://jus-tice.co.il/articles/cybercrime-lawyer-roll/","/articles/cybercrime-lawyer-roll/",YES,2026-05-16T23:30:14,"188","",REST_API
11901,article,publish,"להשקיע ביוון או בקפריסין? השוואת שוק הנדל&#8221;ן קפריסין מול יוון","real-estate-market-greece-cyprus","https://jus-tice.co.il/articles/real-estate-market-greece-cyprus/","/articles/real-estate-market-greece-cyprus/",YES,2026-05-16T23:47:56,"234","",REST_API
11898,article,publish,"מגמות והתפתחויות בתחום הבנייה הירוקה, תכנון עירוני ופרויקטים אנרגטיים ביוון &#8211; סקירה 2025 לישראלים","urban-planning-greece-review-israelis-2025","https://jus-tice.co.il/articles/urban-planning-greece-review-israelis-2025/","/articles/urban-planning-greece-review-israelis-2025/",YES,2026-05-16T23:47:56,"234","",REST_API
11888,article,publish,"סקירה על שוק הנדל&#8221;ן בקפריסין &#8211; מדריך 2025 למשקיעים ישראלים בקפריסין","real-estate-market-review-cyprus-guide-israelis-2025","https://jus-tice.co.il/articles/real-estate-market-review-cyprus-guide-israelis-2025/","/articles/real-estate-market-review-cyprus-guide-israelis-2025/",YES,2026-05-16T23:47:59,"234","",REST_API
11880,article,publish,"עורך דין סייבר | עו&#8221;ד לענייני סייבר | דיני סייבר והגנת פרטיות","cyber-lawyer","https://jus-tice.co.il/articles/cyber-lawyer/","/articles/cyber-lawyer/",YES,2026-05-16T23:30:14,"188","",REST_API
11878,article,publish,"מחירון 2025 עורך דין פלילי מומלץ | סקירה והשוואת עלויות עו&#8221;ד פלילי + טיפים","criminal-law-price-list-lawyer-recommended-review-costs","https://jus-tice.co.il/articles/criminal-law-price-list-lawyer-recommended-review-costs/","/articles/criminal-law-price-list-lawyer-recommended-review-costs/",YES,2026-05-16T23:47:59,"170","",REST_API
11868,article,publish,"הליכי גירושין: בחירת עורך דין לענייני משפחה מומלץ בעל נסיון ומוניטין | מומחיות בעולם דיני המשפחה","trusted-divorce-attorney-guide","https://jus-tice.co.il/articles/trusted-divorce-attorney-guide/","/articles/trusted-divorce-attorney-guide/",YES,2026-05-16T23:30:14,"68","",REST_API
11866,article,publish,"פסק דין תלה&#8221;מ 34872-06-22 | הסכם הממון נמצא לא תקף הגרושה קיבלה חלק מהאימפריה הכלכלית","prenup-not-valid","https://jus-tice.co.il/articles/prenup-not-valid/","/articles/prenup-not-valid/",YES,2026-05-16T23:30:16,"68","",REST_API
11857,article,publish,"השקעות נדלן ביוון – מדריך מפורט למשקיע 2025 | תחזית 2026 יוון השקעות","investing-in-greece-real-estate","https://jus-tice.co.il/articles/investing-in-greece-real-estate/","/articles/investing-in-greece-real-estate/",YES,2026-05-16T23:30:16,"234","",REST_API
11853,article,publish,"שירותי אונליין מומלצים בתחום דיני משפחה וגירושין | עו&#8221;ד משפחה מקוון","online-family-law-services","https://jus-tice.co.il/articles/online-family-law-services/","/articles/online-family-law-services/",YES,2026-05-17T07:53:52,"68","",REST_API
11847,article,publish,"מה עדיף עורכת דין או עורך דין לענייני גירושין? סקירת שלבי הגירושים","women-lawyer-vs-men-divorce-lawyer","https://jus-tice.co.il/articles/women-lawyer-vs-men-divorce-lawyer/","/articles/women-lawyer-vs-men-divorce-lawyer/",YES,2026-05-16T23:30:18,"308","",REST_API
11834,article,publish,"עורך דין רשלנות רפואית בלידה מומלץ","medical-malpractice-lawyer-birth-recommended","https://jus-tice.co.il/articles/medical-malpractice-lawyer-birth-recommended/","/articles/medical-malpractice-lawyer-birth-recommended/",YES,2026-05-16T23:47:59,"76","",REST_API
11821,article,publish,"איך לבחור עורך דין בארצות הברית","choose-usa-attorney","https://jus-tice.co.il/articles/choose-usa-attorney/","/articles/choose-usa-attorney/",YES,2026-05-16T23:30:18,"308","",REST_API
11813,article,publish,"עורך דין גירושין – מדריך להליכים, עלויות, זכויות ושלבי התהליך","lawyer-divorce-guide-proceedings-costs-rights","https://jus-tice.co.il/articles/lawyer-divorce-guide-proceedings-costs-rights/","/articles/lawyer-divorce-guide-proceedings-costs-rights/",YES,2026-05-16T23:48:01,"68","",REST_API
11808,article,publish,"כמה עולה ייפוי כוח מתמשך? כל מה שצריך לדעת על ייפוי כוח מתמשך","durable-power-of-attorney-cost","https://jus-tice.co.il/articles/durable-power-of-attorney-cost/","/articles/durable-power-of-attorney-cost/",YES,2026-05-16T23:30:18,"68","",REST_API
11803,article,publish,"מהן הדרישות להוצאת רישיון עו&#8221;ד אמריקאי | עורך דין בארה&#8221;ב","us-lawyer-license-requirements","https://jus-tice.co.il/articles/us-lawyer-license-requirements/","/articles/us-lawyer-license-requirements/",YES,2026-05-16T23:30:20,"308","",REST_API
11778,article,publish,"המדריך לבחירת עורכי הדין הטובים ביותר בסין: ייעוץ משפטי ליזמים וחברות ישראליות","top-lawyers-for-israelis-china","https://jus-tice.co.il/articles/top-lawyers-for-israelis-china/","/articles/top-lawyers-for-israelis-china/",YES,2026-05-16T23:30:20,"308","",REST_API
11774,article,publish,"קניית דירה על שם אחד מבני הזוג | רישום דירה על שם אחד מבני הזוג &#8211; כיצד לבצע נכון","spouse-property-registration-guide","https://jus-tice.co.il/articles/spouse-property-registration-guide/","/articles/spouse-property-registration-guide/",YES,2026-05-16T23:30:20,"68","",REST_API
11771,article,publish,"מה צריך לדעת כשעושים עסקים בסין – מדריך מקיף לישראלים ומידע משפטי","china-business-legal-guide","https://jus-tice.co.il/articles/china-business-legal-guide/","/articles/china-business-legal-guide/",YES,2026-05-16T23:30:22,"308","",REST_API
11762,article,publish,"המדריך השלם לביטוח פנסיוני בישראל: איך לבחור נכון?","pension-insurance-complete-guide","https://jus-tice.co.il/articles/pension-insurance-complete-guide/","/articles/pension-insurance-complete-guide/",YES,2026-05-16T23:30:22,"34","",REST_API
11757,article,publish,"מחשבון דמי ביטוח לאומי ובריאות","national-insurance-calculator","https://jus-tice.co.il/articles/national-insurance-calculator/","/articles/national-insurance-calculator/",YES,2026-05-16T23:48:01,"34","",REST_API
11755,article,publish,"עורך דין פלילי בתל אביב","top-criminal-lawyer-tel-aviv","https://jus-tice.co.il/articles/top-criminal-lawyer-tel-aviv/","/articles/top-criminal-lawyer-tel-aviv/",YES,2026-05-16T23:30:22,"170","",REST_API
11750,article,publish,"אסטרטגיות לשימור הון לאחר הגירושין | גירושי עשירון עליון ואנשי הייטק","financial-strategies-after-divorce","https://jus-tice.co.il/articles/financial-strategies-after-divorce/","/articles/financial-strategies-after-divorce/",YES,2026-05-16T23:30:24,"68","",REST_API
11748,article,publish,"איך מכינים הסכם לקראת גירושים בהסכמה של בני הזוג | מדריך 2025 + סקירת תהליך פתיחת תיק גירושין בבית הדין הרבני","mutual-divorce-agreement-2025","https://jus-tice.co.il/articles/mutual-divorce-agreement-2025/","/articles/mutual-divorce-agreement-2025/",YES,2026-05-16T23:30:24,"68","",REST_API
11746,article,publish,"מדריך 2025: מה חשוב לכלול בחוזה מול קבלן ברכישת דירה","apartment-purchase-guide-contract-contractor-2025","https://jus-tice.co.il/articles/apartment-purchase-guide-contract-contractor-2025/","/articles/apartment-purchase-guide-contract-contractor-2025/",YES,2026-05-16T23:48:01,"234","",REST_API
11743,article,publish,"איך לבחור את הנכס המושלם? מדריך מפורט לקניית נדל&#8221;ן חכם בישראל 2025","property-guide-real-estate-israel-2025","https://jus-tice.co.il/articles/property-guide-real-estate-israel-2025/","/articles/property-guide-real-estate-israel-2025/",YES,2026-05-16T23:48:03,"234","",REST_API
11740,article,publish,"10 נושאים קריטיים שחייבים לבדוק לפני קניית בית בישראל בשנת 2025","house-israel-10-2025","https://jus-tice.co.il/articles/house-israel-10-2025/","/articles/house-israel-10-2025/",YES,2026-05-17T07:54:17,"234","",REST_API
11738,article,publish,"איפה הכי משתלם לישראלים לקנות נדל&#8221;ן בעולם?","israelis-real-estate","https://jus-tice.co.il/articles/israelis-real-estate/","/articles/israelis-real-estate/",YES,2026-05-16T23:48:03,"234","",REST_API
11736,article,publish,"רכישת נדל&#8221;ן 2025 – כל מה שצריך לדעת","property-purchase-2025","https://jus-tice.co.il/articles/property-purchase-2025/","/articles/property-purchase-2025/",YES,2026-05-16T23:48:06,"234","",REST_API
11695,article,publish,"איך לבחור משרד עורך דין גירושין כשמתגרשים","lawyer-divorce","https://jus-tice.co.il/articles/lawyer-divorce/","/articles/lawyer-divorce/",YES,2026-05-16T23:48:06,"308","",REST_API
11687,article,publish,"עורך דין מומלץ 2025 לתחום גירושין דיני משפחה צוואות וירושות &#8211; פירמת עורכי הדין רוטנברג דיני משפחה","family-law-lawyer-recommended-divorce-wills-inheritances","https://jus-tice.co.il/articles/family-law-lawyer-recommended-divorce-wills-inheritances/","/articles/family-law-lawyer-recommended-divorce-wills-inheritances/",YES,2026-05-16T23:48:06,"308","",REST_API
11679,article,publish,"ייעוץ גירושין מדריך מקיף | פגישת ייעוץ לפני גירושין","divorce-consultation-guide","https://jus-tice.co.il/articles/divorce-consultation-guide/","/articles/divorce-consultation-guide/",YES,2026-05-16T23:30:24,"68","",REST_API
11671,article,publish,"משרד עורכי הדין רוטנברג בדירוג המובילים בתחום דיני משפחה וגירושין","rotenberg-law-top-ranked-family-divorce-mediation","https://jus-tice.co.il/articles/rotenberg-law-top-ranked-family-divorce-mediation/","/articles/rotenberg-law-top-ranked-family-divorce-mediation/",YES,2026-05-16T23:30:26,"68","",REST_API
11666,article,publish,"כיצד להפוך לעורך דין לענייני משפחה | עו&#8221;ד דיני משפחה גירושין צוואות ירושות","how-to-become-a-family-lawyer","https://jus-tice.co.il/articles/how-to-become-a-family-lawyer/","/articles/how-to-become-a-family-lawyer/",YES,2026-05-16T23:30:26,"68","",REST_API
11651,article,publish,"מהם המאפיינים של עורך דין טוב לגירושין? | כיצד לבחור עו&#8221;ד גירושין מתאים לך","qualities-best-divorce-attorneys","https://jus-tice.co.il/articles/qualities-best-divorce-attorneys/","/articles/qualities-best-divorce-attorneys/",YES,2026-05-16T23:30:26,"68","",REST_API
11645,article,publish,"בגידה: סטטיסטיקה נתונים סיבות לבגידות ומה עושים כשחושדים בבגידת בן/בת זוג","infidelity-statistics-reasons-suspicions","https://jus-tice.co.il/articles/infidelity-statistics-reasons-suspicions/","/articles/infidelity-statistics-reasons-suspicions/",YES,2026-05-16T23:30:28,"68","",REST_API
11643,article,publish,"השופט אפרים צ&#8217;יזיק: פס&#8221;ד בעניין התנגדויות לקיום שתי צווי צוואת של מנוחה על ידי בנותיה (ת&#8221;ע 27404-01-23)","27404-01-23","https://jus-tice.co.il/articles/27404-01-23/","/articles/27404-01-23/",YES,2026-05-16T23:30:28,"68","",REST_API
11637,article,publish,"תקפות הסכם גירושין שנטען כי נעשה למראית עין וכי בטל בהתנהגות הצדדים או בשל הפרתו","divorce-agreement-validity-dispute","https://jus-tice.co.il/articles/divorce-agreement-validity-dispute/","/articles/divorce-agreement-validity-dispute/",YES,2026-05-16T23:30:28,"68","",REST_API
11633,article,publish,"מה דינה של תביעת גירושין שהוגשה בשגגה בתקופת עיכוב ההליכים?","divorce-claim-error-during-stay","https://jus-tice.co.il/articles/divorce-claim-error-during-stay/","/articles/divorce-claim-error-during-stay/",YES,2026-05-16T23:30:31,"68","",REST_API
11628,article,publish,"תנאי הסמכות לדון בענייני הרכוש כשתביעת הגירושין הייתה לפי סעיף 4א לחשבד&#8221;ר","property-jurisdiction-divorce-claim-section-4a","https://jus-tice.co.il/articles/property-jurisdiction-divorce-claim-section-4a/","/articles/property-jurisdiction-divorce-claim-section-4a/",YES,2026-05-16T23:30:30,"68","",REST_API
11619,article,publish,"השופטת שירלי שי: פס&#8221;ד הדוחה בקשות לקיום צוואה בטענות השפעה בלתי הוגנת ומעורבות פסולה ודחיית תביעה לפסק דין הצהרתי (ת&#8221;ע 54220-09-20 ועוד)","54220-09-20","https://jus-tice.co.il/articles/54220-09-20/","/articles/54220-09-20/",YES,2026-05-16T23:30:31,"68","",REST_API
11617,article,publish,"מה ההבדל בין רשלנות רפואית לבין הזנחה רפואית?","medical-malpractice-vs-negligence-differences-israel","https://jus-tice.co.il/articles/medical-malpractice-vs-negligence-differences-israel/","/articles/medical-malpractice-vs-negligence-differences-israel/",YES,2026-05-16T23:30:33,"76","",REST_API
11615,article,publish,"בגידה, ניאוף ובגידה זוגית | דיני משפחה וגירושין","infidelity-adultery-marital-betrayal-family-law","https://jus-tice.co.il/articles/infidelity-adultery-marital-betrayal-family-law/","/articles/infidelity-adultery-marital-betrayal-family-law/",YES,2026-05-16T23:30:33,"68","",REST_API
11613,article,publish,"תביעה נזיקית בזיקה לחיוב האיש בכתובה 1511-7 &#8211; ביה&#8221;ד אשדוד‎ | בחינה הלכתית של פסיקת ביהמ&#8221;ש","damages-claim-husband-ketubah-obligation","https://jus-tice.co.il/articles/damages-claim-husband-ketubah-obligation/","/articles/damages-claim-husband-ketubah-obligation/",YES,2026-05-16T23:30:33,"68","",REST_API
11607,article,publish,"עורך דין רשלנות רפואית | עו&#8221;ד רשלנות רפואית","medical-malpractice-lawyer","https://jus-tice.co.il/articles/medical-malpractice-lawyer/","/articles/medical-malpractice-lawyer/",YES,2026-05-16T23:30:35,"308","",REST_API
11603,article,publish,"פירוק שיתוף הצהרתי מזונות אשה וקטינים (תלה&#8221;מ 22950-11-20) | פסק דין כב&#8217; שופטת גילה ספרא ברנע","decision22950-11-20","https://jus-tice.co.il/articles/decision22950-11-20/","/articles/decision22950-11-20/",YES,2026-05-16T23:30:35,"68","",REST_API
11600,article,publish,"פס&#8221;ד בתביעת הורי תינוקת שנפטרה בגין רשלנות רפואית ורשלנות בהליכי מתן הרישיון לעסוק ברפואה (ת&#8221;א 10918-10-19)","10918-10-19","https://jus-tice.co.il/articles/10918-10-19/","/articles/10918-10-19/",YES,2026-05-16T23:30:35,"76","",REST_API
11598,article,publish,"מעמדו של חשבון בנק הרשום ע&#8221;ש בני הזוג &#8211; 1381290-2 &#8211; ביה&#8221;ד ירושלים‎","jerusalem-rabbinical-court-account-bank-1381290-2","https://jus-tice.co.il/articles/jerusalem-rabbinical-court-account-bank-1381290-2/","/articles/jerusalem-rabbinical-court-account-bank-1381290-2/",YES,2026-05-16T23:48:08,"68","",REST_API
11590,article,publish,"בן צור קורב ושות&#8217; – משרד עורכי דין","benzur-korb-co","https://jus-tice.co.il/articles/benzur-korb-co/","/articles/benzur-korb-co/",YES,2026-05-16T23:30:37,"170","",REST_API
11587,article,publish,"חשיפת תמונות אישה שנתפסה בבגידה | השופטת מורן ואלך ניסן: פס&#8221;ד בתביעה לפיצוי מכוח חוק איסור לשון הרע והגנת הפרטיות בגין הצגת תמונות אינטימיות של אישה לעיני הוריה (תמ&#8221;ש 10864-09-21, 8209-12-21)","10864-09-21","https://jus-tice.co.il/articles/10864-09-21/","/articles/10864-09-21/",YES,2026-05-16T23:30:37,"68","",REST_API
11584,article,publish,"עוולה | נזק ופיצוי | דיני הנזיקין ורשלנות | עו&#8221;ד נזיקין","damage-compensation-laws-torts","https://jus-tice.co.il/articles/damage-compensation-laws-torts/","/articles/damage-compensation-laws-torts/",YES,2026-05-16T23:48:08,"76","",REST_API
11573,article,publish,"משרד עורכי דין ד&#8221;ר אסף פוזנר","law-firm","https://jus-tice.co.il/articles/law-firm/","/articles/law-firm/",YES,2026-05-16T23:48:08,"308","",REST_API
11571,article,publish,"אלמוג-שפירא, חברת עורכי דין","lawyers-company","https://jus-tice.co.il/articles/lawyers-company/","/articles/lawyers-company/",YES,2026-05-16T23:48:10,"308","",REST_API
11568,article,publish,"איתן האזרחי ושות&#8217; | משרד עורכי דין","law-firm-civil","https://jus-tice.co.il/articles/law-firm-civil/","/articles/law-firm-civil/",YES,2026-05-16T23:48:10,"308","",REST_API
11566,article,publish,"ד&#8221;ר גדעון פישר ושות&#8217; | משרד עורכי דין","law-firm-11566","https://jus-tice.co.il/articles/law-firm-11566/","/articles/law-firm-11566/",YES,2026-05-16T23:48:10,"308","",REST_API
11560,article,publish,"רשלנות רפואית בהרדמה: מתי זה קורה ולמי לפנות לאחר הליך ניתוח?","anesthesia-medical-malpractice","https://jus-tice.co.il/articles/anesthesia-medical-malpractice/","/articles/anesthesia-medical-malpractice/",YES,2026-05-16T23:30:37,"76","",REST_API
11558,article,publish,"מתי טעות כירורגית הופכת לרשלנות רפואית?","surgical-errors-medical-malpractice","https://jus-tice.co.il/articles/surgical-errors-medical-malpractice/","/articles/surgical-errors-medical-malpractice/",YES,2026-05-16T23:30:39,"76","",REST_API
11553,article,publish,"תביעת רשלנות רפואית בניתוח | עורך דין רשלנות רפואית בניתוח","medical-malpractice-lawyer-lawsuit-surgery-medical","https://jus-tice.co.il/articles/medical-malpractice-lawyer-lawsuit-surgery-medical/","/articles/medical-malpractice-lawyer-lawsuit-surgery-medical/",YES,2026-05-16T23:48:12,"76","",REST_API
11550,article,publish,"הרצוג פוקס נאמן ושות&#8217;","herzog-fox-neeman","https://jus-tice.co.il/articles/herzog-fox-neeman/","/articles/herzog-fox-neeman/",YES,2026-05-16T23:30:39,"308","",REST_API
11548,article,publish,"פוגוסט גודהד","pogust-goodhead","https://jus-tice.co.il/articles/pogust-goodhead/","/articles/pogust-goodhead/",YES,2026-05-16T23:30:39,"","",REST_API
11545,article,publish,"בוסטוויק ופיטרסון LLP","bostwick-peterson-llp","https://jus-tice.co.il/articles/bostwick-peterson-llp/","/articles/bostwick-peterson-llp/",YES,2026-05-16T23:30:41,"","",REST_API
11542,article,publish,"סוליבן פאפיין בלוק מקמנוס קופינאס וקנבו P.C.","sullivan-papain-block-mcmanus-coffinas-cannavo-pc","https://jus-tice.co.il/articles/sullivan-papain-block-mcmanus-coffinas-cannavo-pc/","/articles/sullivan-papain-block-mcmanus-coffinas-cannavo-pc/",YES,2026-05-16T23:30:41,"","",REST_API
11539,article,publish,"הערכת בית: מה זה, איך זה עובד, שאלות נפוצות על בדיקות לפני רכישה","home-inspection","https://jus-tice.co.il/articles/home-inspection/","/articles/home-inspection/",YES,2026-05-16T23:30:41,"234","",REST_API
11525,article,publish,"זכויות שיתוק מוחין (CP)","cerebral-palsy-rights","https://jus-tice.co.il/articles/cerebral-palsy-rights/","/articles/cerebral-palsy-rights/",YES,2026-05-16T23:30:43,"","",REST_API
11520,article,publish,"פס&#8221;ד תביעה רכושית בין בני זוג אותה הגישה האישה כתובעת (תלה&#8221;מ 52705-01-20) | גירושין | השופטת שירי היימן","52705-01-20","https://jus-tice.co.il/articles/52705-01-20/","/articles/52705-01-20/",YES,2026-05-16T23:30:43,"68","",REST_API
11510,article,publish,"הסברים על גורמי פגיעות לידה","birth-injury-causes","https://jus-tice.co.il/articles/birth-injury-causes/","/articles/birth-injury-causes/",YES,2026-05-16T23:30:43,"","",REST_API
11506,article,publish,"נזק מוחי בלידה | תביעת נזק בעקבות רשלנות רפואית בלידה או בהריון","brain-damage-at-birth","https://jus-tice.co.il/articles/brain-damage-at-birth/","/articles/brain-damage-at-birth/",YES,2026-05-16T23:30:45,"76","",REST_API
11504,article,publish,"Morgan &#038; Morgan | מורגן ומורגן | עורכי דין","morgan-morgan","https://jus-tice.co.il/articles/morgan-morgan/","/articles/morgan-morgan/",YES,2026-05-16T23:30:45,"308","",REST_API
11497,article,publish,"פגיעות לידה | מהי פגיעה בלידה? | לידה רשלנית","birth-injury","https://jus-tice.co.il/articles/birth-injury/","/articles/birth-injury/",YES,2026-05-16T23:30:45,"","",REST_API
11491,article,publish,"עורך דין לפגיעות לידה | רשלנות רפואית","birth-injury-lawyer","https://jus-tice.co.il/articles/birth-injury-lawyer/","/articles/birth-injury-lawyer/",YES,2026-05-16T23:30:48,"76","",REST_API
11489,article,publish,"רשלנות רפואית בנוגע לשיתוק מוחין","malpractice-cerebral-palsy","https://jus-tice.co.il/articles/malpractice-cerebral-palsy/","/articles/malpractice-cerebral-palsy/",YES,2026-05-16T23:30:48,"76","",REST_API
11482,article,publish,"שיתוק מוחין בלידה | שיתוק מוחי |  (Cerebral Palsy (CP","cerebral-palsy","https://jus-tice.co.il/articles/cerebral-palsy/","/articles/cerebral-palsy/",YES,2026-05-16T23:30:48,"","",REST_API
11475,article,publish,"תשניק סב-לידתי |  perinatal asphyxia | תשניק יילוד","perinatal-asphyxia","https://jus-tice.co.il/articles/perinatal-asphyxia/","/articles/perinatal-asphyxia/",YES,2026-05-16T23:30:50,"","",REST_API
11468,article,publish,"השופטת ורד ריקנטי-רוסהר: פס&#8221;ד בעניין שיתוף בנחלה שהיתה שייכת לאחד מבני הזוג מלפני הנישואין (תלה&#8221;מ 40939-11-19)","40939-11-19","https://jus-tice.co.il/articles/40939-11-19/","/articles/40939-11-19/",YES,2026-05-16T23:30:50,"68","",REST_API
11465,article,publish,"השופטת יפעת שקדי שץ: פס&#8221;ד בעניין סעד הצהרתי בנכס מקרקעין ביטול צו ירושה ומינוי מנהל עיזבון (תמ&#8221;ש 39998-12-20)","42908-08-24","https://jus-tice.co.il/articles/42908-08-24/","/articles/42908-08-24/",YES,2026-05-16T23:30:50,"68","",REST_API
11463,article,publish,"טעויות שיש להמנע מהן בעת מכירת הבית","house-selling-mistakes-to-avoid","https://jus-tice.co.il/articles/house-selling-mistakes-to-avoid/","/articles/house-selling-mistakes-to-avoid/",YES,2026-05-16T23:30:52,"234","",REST_API
11455,article,publish,"ביהמ&#8221;ש המחוזי בת&#8221;א: פס&#8221;ד בנושא דמי תיווך: זכאות לדמי תיווך ללא חוזה בכתב","20847-10-23","https://jus-tice.co.il/articles/20847-10-23/","/articles/20847-10-23/",YES,2026-05-16T23:30:52,"234","",REST_API
11453,article,publish,"השופט אלעד פרסקי: פס&#8221;ד בתביעת נזקי גוף בעקבות תאונת דרכים (ת&#8221;א 55188-07-20)","55188-07-20","https://jus-tice.co.il/articles/55188-07-20/","/articles/55188-07-20/",YES,2026-05-16T23:30:52,"76","",REST_API
11446,article,publish,"עו&#8221;ד לורה וסר (עו&#8221;ד לגירושין) | Laura Wasser","laura-wasser","https://jus-tice.co.il/articles/laura-wasser/","/articles/laura-wasser/",YES,2026-05-16T23:30:54,"68","",REST_API
11444,article,publish,"קיי אנד אל גייטס (משרד עורכי דין) | K&#038;L Gates LLP","kl-gates","https://jus-tice.co.il/articles/kl-gates/","/articles/kl-gates/",YES,2026-05-16T23:30:54,"68","",REST_API
11430,article,publish,"בית משפט מחוזי חיפה: פסד דין אשר במסגרתו נדחתה בקשה לביטול צו קיום צוואה","51377-12-23","https://jus-tice.co.il/articles/51377-12-23/","/articles/51377-12-23/",YES,2026-05-16T23:30:54,"68","",REST_API
11428,article,publish,"Portugal Homes | חברת ייעוץ נדל&#8221;ן בינלאומית","portugal-homes","https://jus-tice.co.il/articles/portugal-homes/","/articles/portugal-homes/",YES,2026-05-16T23:30:56,"683","",REST_API
11425,article,publish,"EDP &#8211; Energias de Portugal","edp-energias-de-portugal","https://jus-tice.co.il/articles/edp-energias-de-portugal/","/articles/edp-energias-de-portugal/",YES,2024-07-27T17:47:32,"683","",REST_API
11422,article,publish,"שירמן וסטרלינג (משרד עורכי דין רב לאומי) Shearman &#038; Sterling","shearman-sterling","https://jus-tice.co.il/articles/shearman-sterling/","/articles/shearman-sterling/",YES,2026-05-16T23:30:56,"308","",REST_API
11415,article,publish,"Cuatrecasas, Gonçalves Pereira &#038; Associados (עורכי דין)","cuatrecasas","https://jus-tice.co.il/articles/cuatrecasas/","/articles/cuatrecasas/",YES,2026-05-16T23:30:56,"683","",REST_API
11413,article,publish,"מוראיס לייטאו (עורכי דין) Morais Leitão, Galvão Teles, Soares da Silva &#038; Associados","morais-leitao","https://jus-tice.co.il/articles/morais-leitao/","/articles/morais-leitao/",YES,2026-05-16T23:30:58,"683","",REST_API
11410,article,publish,"חברות בולטות בפורטוגל | עסקים בפורטוגל","list-of-companies-of-portugal","https://jus-tice.co.il/articles/list-of-companies-of-portugal/","/articles/list-of-companies-of-portugal/",YES,2026-05-16T23:30:58,"683","",REST_API
11406,article,publish,"Dechert LLP | דכרט (משרד עורכי דין)","dechert-llp","https://jus-tice.co.il/articles/dechert-llp/","/articles/dechert-llp/",YES,2026-05-16T23:30:58,"234","",REST_API
11402,article,publish,"Paul Hastings | פול הייסטינגס (עורך דין)","paul-hastings","https://jus-tice.co.il/articles/paul-hastings/","/articles/paul-hastings/",YES,2026-05-16T23:31:00,"234","",REST_API
11396,article,publish,"Weil, Gotshal &#038; Manges | וייל, גוטשל ומנגס (פירמת עורכי דין)","weil-gotshal-manges","https://jus-tice.co.il/articles/weil-gotshal-manges/","/articles/weil-gotshal-manges/",YES,2026-05-16T23:31:00,"308","",REST_API
11393,article,publish,"האגודה הבינלאומית של עורכי דין ומשפטנים יהודים","international-association-of-jewish-lawyers-and-jurists","https://jus-tice.co.il/articles/international-association-of-jewish-lawyers-and-jurists/","/articles/international-association-of-jewish-lawyers-and-jurists/",YES,2026-05-16T23:31:00,"308","",REST_API
11389,article,publish,"דיוויד צ&#8217;סנוף (עורך דין) |  David Chesnoff","lawyer-david-chesnoff","https://jus-tice.co.il/articles/lawyer-david-chesnoff/","/articles/lawyer-david-chesnoff/",YES,2026-05-16T23:48:12,"170","",REST_API
11386,article,publish,"Benjamin Brafman | בנג&#8217;מין ברפמן  (עורך דין)","benjamin-brafman","https://jus-tice.co.il/articles/benjamin-brafman/","/articles/benjamin-brafman/",YES,2026-05-16T23:31:02,"170","",REST_API
11382,article,publish,"Dentons | דנטונס (משרד עורכי דין)","dentons","https://jus-tice.co.il/articles/dentons/","/articles/dentons/",YES,2026-05-16T23:31:02,"308","",REST_API
11379,article,publish,"Skadden, Arps, Slate, Meagher &#038; Flom | סקאדן (משרד עורכי דין)","skadden-arps-slate-meagher-flom","https://jus-tice.co.il/articles/skadden-arps-slate-meagher-flom/","/articles/skadden-arps-slate-meagher-flom/",YES,2026-05-16T23:31:02,"308","",REST_API
11374,article,publish,"Latham &#038; Watkins | לטם ואטקינס | משרד עורכי דין","latham-watkins","https://jus-tice.co.il/articles/latham-watkins/","/articles/latham-watkins/",YES,2026-05-16T23:31:04,"308","",REST_API
11370,article,publish,"Co-op Legal Services | דיני משפחה, גירושין, צוואות וירושות","co-op-legal-services","https://jus-tice.co.il/articles/co-op-legal-services/","/articles/co-op-legal-services/",YES,2026-05-16T23:31:04,"68","",REST_API
11367,article,publish,"משרדי עורכי דין מפורסמים בטלוויזיה סרטים וספרים","law-firms-in-fiction","https://jus-tice.co.il/articles/law-firms-in-fiction/","/articles/law-firms-in-fiction/",YES,2026-05-16T23:31:04,"308","",REST_API
11364,article,publish,"Farrer &#038; Co | פארר ושות&#8217; | משרד עורכי דין","farrer-co","https://jus-tice.co.il/articles/farrer-co/","/articles/farrer-co/",YES,2026-05-16T23:31:06,"308","",REST_API
11359,article,publish,"Cordell &#038; Cordell | קורדל &#038; קורדל | משרד עורכי דין לענייני משפחה וגירושין","cordell-cordell","https://jus-tice.co.il/articles/cordell-cordell/","/articles/cordell-cordell/",YES,2026-05-16T23:31:06,"68","",REST_API
11355,article,publish,"קירקלנד אליס |  Kirkland &#038; Ellis (משרד עורכי דין)","kirkland-ellis","https://jus-tice.co.il/articles/kirkland-ellis/","/articles/kirkland-ellis/",YES,2026-05-16T23:31:07,"308","",REST_API
11351,article,publish,"CMS (משרד עורכי דין)","cms-law-firm","https://jus-tice.co.il/articles/cms-law-firm/","/articles/cms-law-firm/",YES,2026-05-17T07:53:52,"308","",REST_API
11345,article,publish,"DLA Piper (משרד עורכי דין)","dla-piper","https://jus-tice.co.il/articles/dla-piper/","/articles/dla-piper/",YES,2026-05-16T23:31:09,"308","",REST_API
11341,article,publish,"פרז-יורקה (משרד עורכי דין)","perez-llorca","https://jus-tice.co.il/articles/perez-llorca/","/articles/perez-llorca/",YES,2026-05-16T23:31:09,"683","",REST_API
11338,article,publish,"ריטה יודיס (עורכת דין)","rita-judice","https://jus-tice.co.il/articles/rita-judice/","/articles/rita-judice/",YES,2026-05-16T23:31:11,"683","",REST_API
11333,article,publish,"Garrigues (משרד עורכי דין)","law-firm-garrigues","https://jus-tice.co.il/articles/law-firm-garrigues/","/articles/law-firm-garrigues/",YES,2026-05-16T23:48:12,"683","",REST_API
11328,article,publish,"לשכת עורכי הדין הפורטוגלית","portuguese-bar-association","https://jus-tice.co.il/articles/portuguese-bar-association/","/articles/portuguese-bar-association/",YES,2026-05-16T23:31:11,"683","",REST_API
11325,article,publish,"סופיה גלואו (עורכת דין)","sofia-galvao","https://jus-tice.co.il/articles/sofia-galvao/","/articles/sofia-galvao/",YES,2026-05-16T23:31:11,"683","",REST_API
11322,article,publish,"השופט הרי קירש: פס&#8221;ד שעניינו חישוב מס מעסקת מכירת נכס בלתי מוחשי (טכנולוגיה) (ע&#8221;מ 49933-03-20)","verdict-judge-tax-property-technology-49933-03-20","https://jus-tice.co.il/articles/verdict-judge-tax-property-technology-49933-03-20/","/articles/verdict-judge-tax-property-technology-49933-03-20/",YES,2026-05-16T23:48:15,"485","",REST_API
11314,article,publish,"אנתוני יוליוס (עורך דין)","anthony-julius","https://jus-tice.co.il/articles/anthony-julius/","/articles/anthony-julius/",YES,2026-05-16T23:31:13,"68","",REST_API
11310,article,publish,"ג&#8217;יימס סקסטון (עורך דין)","james-sexton-attorney","https://jus-tice.co.il/articles/james-sexton-attorney/","/articles/james-sexton-attorney/",YES,2026-05-16T23:31:13,"68","",REST_API
11307,article,publish,"עו&#8221;ד רוברט סטפן כהן","robert-stephan-cohen","https://jus-tice.co.il/articles/robert-stephan-cohen/","/articles/robert-stephan-cohen/",YES,2026-05-16T23:31:13,"68","",REST_API
11303,article,publish,"משרד עורכי הדין Wachtell, Lipton, Rosen &#038; Katz","wachtell-lipton-rosen-katz","https://jus-tice.co.il/articles/wachtell-lipton-rosen-katz/","/articles/wachtell-lipton-rosen-katz/",YES,2026-05-16T23:31:15,"308","",REST_API
11300,article,publish,"Baker &#038; McKenzie | בייקר מקנזי משרד עורכי דין","baker-mckenzie","https://jus-tice.co.il/articles/baker-mckenzie/","/articles/baker-mckenzie/",YES,2026-05-16T23:31:15,"308","",REST_API
11297,article,publish,"Jurist","jurist","https://jus-tice.co.il/articles/jurist/","/articles/jurist/",YES,2024-07-11T20:03:00,"308","",REST_API
11293,article,publish,"FindLaw | מידע משפטי מקוון","findlaw","https://jus-tice.co.il/articles/findlaw/","/articles/findlaw/",YES,2026-05-16T23:31:15,"308","",REST_API
11290,article,publish,"LegalZoom | חברת טכנולוגיה ושירותים משפטיים מקוונים","legalzoom","https://jus-tice.co.il/articles/legalzoom/","/articles/legalzoom/",YES,2026-05-16T23:31:17,"308","",REST_API
11287,article,publish,"Rocket Lawyer | חברת טכנולוגיה משפטית מקוונת","rocket-lawyer","https://jus-tice.co.il/articles/rocket-lawyer/","/articles/rocket-lawyer/",YES,2026-05-16T23:31:17,"308","",REST_API
11285,article,publish,"Nolo | נולו (מוציא לאור)","nolo","https://jus-tice.co.il/articles/nolo/","/articles/nolo/",YES,2026-05-16T23:31:17,"308","",REST_API
11279,article,publish,"Avvo","avvo-com","https://jus-tice.co.il/articles/avvo-com/","/articles/avvo-com/",YES,2024-07-11T19:29:38,"308","",REST_API
11276,article,publish,"שירותי הפניית עורכי דין מקוונים | שירותי התאמת עורך דין-לקוח","lawyer-referral-service","https://jus-tice.co.il/articles/lawyer-referral-service/","/articles/lawyer-referral-service/",YES,2026-05-16T23:31:20,"308","",REST_API
11274,article,publish,"משרד עורכי דין וירטואלי |  ELawyering","virtual-law-firm","https://jus-tice.co.il/articles/virtual-law-firm/","/articles/virtual-law-firm/",YES,2026-05-16T23:31:20,"308","",REST_API
11271,article,publish,"שירותים משפטיים מבוקרים","unbundled-legal-services","https://jus-tice.co.il/articles/unbundled-legal-services/","/articles/unbundled-legal-services/",YES,2026-05-16T23:31:20,"308","",REST_API
11266,article,publish,"דיני גירושין בשוודיה","divorce-law-in-sweden","https://jus-tice.co.il/articles/divorce-law-in-sweden/","/articles/divorce-law-in-sweden/",YES,2026-05-16T23:31:22,"68","",REST_API
11263,article,publish,"משרד עורכי דין דיני משפחה בשותפות","law-firm-family-law-partnership","https://jus-tice.co.il/articles/law-firm-family-law-partnership/","/articles/law-firm-family-law-partnership/",YES,2026-05-16T23:48:15,"68","",REST_API
11261,article,publish,"השתתפות בקניית דירה בחלקים שאינם שווים כיצד חולקים את הרווח","buying-apartment","https://jus-tice.co.il/articles/buying-apartment/","/articles/buying-apartment/",YES,2026-05-16T23:48:15,"68","",REST_API
11252,article,publish,"עורך דין קוסטה ריקה | עו&#8221;ד ישראלי בקוסטה ריקה","costa-rica-lawyers","https://jus-tice.co.il/articles/costa-rica-lawyers/","/articles/costa-rica-lawyers/",YES,2026-05-16T23:31:22,"308","",REST_API
11250,article,publish,"סקירה על שוק הנדל&#8221;ן בפורטוגל","portugal-overview-real-estate","https://jus-tice.co.il/articles/portugal-overview-real-estate/","/articles/portugal-overview-real-estate/",YES,2026-05-16T23:31:22,"683","",REST_API
11247,article,publish,"פורטוגל: האם עדיין מקום טוב לפרישה? | לעבור לפורטוגל","is-portugal-a-good-place-to-retire","https://jus-tice.co.il/articles/is-portugal-a-good-place-to-retire/","/articles/is-portugal-a-good-place-to-retire/",YES,2026-05-16T23:31:24,"683","",REST_API
11237,article,publish,"מדריך השוואתי: נדל&#8221;ן פורטוגל","real-estate-comparative-guide","https://jus-tice.co.il/articles/real-estate-comparative-guide/","/articles/real-estate-comparative-guide/",YES,2026-05-16T23:31:24,"683","",REST_API
11232,article,publish,"קניית נכס בפורטוגל: המדריך האולטימטיבי *2024*","buying-property-in-portugal","https://jus-tice.co.il/articles/buying-property-in-portugal/","/articles/buying-property-in-portugal/",YES,2026-05-16T23:31:24,"683","",REST_API
11220,article,publish,"חוות דעת משפטית זרה | חוו&#8221;ד משפטית","foreign-legal-opinion","https://jus-tice.co.il/articles/foreign-legal-opinion/","/articles/foreign-legal-opinion/",YES,2026-05-16T23:31:26,"308","",REST_API
11211,article,publish,"השקעות בארגנטינה | איך להשקיע בארגנטינה","investing-in-argentina","https://jus-tice.co.il/articles/investing-in-argentina/","/articles/investing-in-argentina/",YES,2026-05-16T23:31:26,"234","",REST_API
11205,article,publish,"פסק דין לטובת האישה חלוקת כספי פנסיה לא שוויונית גירושין 2024 | בית דין רבני","unequal-pension-split-verdict-against-husband","https://jus-tice.co.il/articles/unequal-pension-split-verdict-against-husband/","/articles/unequal-pension-split-verdict-against-husband/",YES,2026-05-16T23:31:26,"392","",REST_API
11198,article,publish,"עורך דין ליכטנשטיין | עו&#8221;ד ישראלי בליכטנשטיין","liechtenstein","https://jus-tice.co.il/articles/liechtenstein/","/articles/liechtenstein/",YES,2026-05-16T23:31:28,"308","",REST_API
11196,article,publish,"עורך דין במונקו | עו&#8221;ד ישראלי עסקים והשקעות במונקו","monaco-lawyer","https://jus-tice.co.il/articles/monaco-lawyer/","/articles/monaco-lawyer/",YES,2026-05-16T23:31:28,"308","",REST_API
11184,article,publish,"עורך דין ניו ג&#8217;רזי | עו&#8221;ד ישראלי ניו ג&#8217;רזי | חוקי ניו ג&#8217;רסי","new-jersey-lawyers","https://jus-tice.co.il/articles/new-jersey-lawyers/","/articles/new-jersey-lawyers/",YES,2026-05-16T23:31:28,"308","",REST_API
11179,article,publish,"SEGRO plc חברת נדל&#8221;ן סגרו","segro","https://jus-tice.co.il/articles/segro/","/articles/segro/",YES,2026-05-16T23:31:30,"234","",REST_API
11176,article,publish,"חברת הנדל&#8221;ן הגרמנית ונוביה (Vonovia)","vonovia","https://jus-tice.co.il/articles/vonovia/","/articles/vonovia/",YES,2026-05-16T23:31:30,"234","",REST_API
11170,article,publish,"ניהול נכסים | ניהול נדל&#8221;ן | ניהול דירות","property-management","https://jus-tice.co.il/articles/property-management/","/articles/property-management/",YES,2026-05-17T07:53:54,"234","",REST_API
11166,article,publish,"עורך דין הולנד | עו&#8221;ד ישראלי בהולנד | ייצוג לווי משפטי","lawyer-netherlands","https://jus-tice.co.il/articles/lawyer-netherlands/","/articles/lawyer-netherlands/",YES,2026-05-16T23:31:32,"308","",REST_API
11150,article,publish,"פילוסופיה של המשפט | אתיקה עו&#8221;ד | מהם קווי יסוד לפילוסופיה של המשפט","philosophy-of-law","https://jus-tice.co.il/articles/philosophy-of-law/","/articles/philosophy-of-law/",YES,2026-05-16T23:31:32,"","",REST_API
11131,article,publish,"תובע במשפט פלילי","prosecutor","https://jus-tice.co.il/articles/prosecutor/","/articles/prosecutor/",YES,2026-05-16T23:31:32,"170","",REST_API
11082,article,publish,"עורך דין צ&#8217;כיה | עורך דין ישראלי צ&#8217;כוסלובקיה","czech-lawyers","https://jus-tice.co.il/articles/czech-lawyers/","/articles/czech-lawyers/",YES,2026-05-16T23:31:34,"308","",REST_API
10951,article,publish,"עורך דין אנטיגואה וברבודה | עו&#8221;ד ישראלי באנטיגואה וברבודה","antigua-and-barbuda-lawyers","https://jus-tice.co.il/articles/antigua-and-barbuda-lawyers/","/articles/antigua-and-barbuda-lawyers/",YES,2026-05-16T23:31:34,"308","",REST_API
10948,article,publish,"רגולציה בינלאומית |  תקינה ורגולציה עולמית","international-regulation","https://jus-tice.co.il/articles/international-regulation/","/articles/international-regulation/",YES,2026-05-16T23:31:34,"","",REST_API
10942,article,publish,"ליטיגציה בינלאומית | תחומי עיסוק עורכי דין מחלקה בינלאומית","international-litigation","https://jus-tice.co.il/articles/international-litigation/","/articles/international-litigation/",YES,2026-05-16T23:31:36,"308","",REST_API
10938,article,publish,"כתיבה משפטית | שפת עורכי הדין","legal-writing","https://jus-tice.co.il/articles/legal-writing/","/articles/legal-writing/",YES,2026-05-16T23:31:36,"","",REST_API
10916,article,publish,"נדל&#8221;ן קשקאיש פורטוגל  |  Cascais לווי משפטי עו&#8221;ד נדל&#8221;ן קשקאיש","cascais","https://jus-tice.co.il/articles/cascais/","/articles/cascais/",YES,2026-05-16T23:31:36,"683","",REST_API
10886,article,publish,"הגדרת גישור גירושין: יתרונות וחסרונות (מדריך 2024)","divorce-mediation-cons-pros","https://jus-tice.co.il/articles/divorce-mediation-cons-pros/","/articles/divorce-mediation-cons-pros/",YES,2026-05-16T23:31:38,"392","",REST_API
10870,article,publish,"איפה הכי זול לקנות דירה בעולם | השקעות נדל&#8221;ן בחו&#8221;ל לישראלים","low-value-invest-abroad","https://jus-tice.co.il/articles/low-value-invest-abroad/","/articles/low-value-invest-abroad/",YES,2026-05-16T23:31:38,"234","",REST_API
10860,article,publish,"רכישת דירה בחו&#8221;ל | מדריך סוגי דירות | השקעות נדל&#8221;ן חו&#8221;ל","apartment","https://jus-tice.co.il/articles/apartment/","/articles/apartment/",YES,2026-05-17T07:53:54,"234","",REST_API
10851,article,publish,"ליסבון | לווי משפטי | עו&#8221;ד ליסבון פורטוגל","lisbon-portugal","https://jus-tice.co.il/articles/lisbon-portugal/","/articles/lisbon-portugal/",YES,2026-05-16T23:31:40,"683","",REST_API
10841,article,publish,"לווי משפטי פורטוגל | שירותים משפטיים בפורטוגל","legal-services-in-portugal","https://jus-tice.co.il/articles/legal-services-in-portugal/","/articles/legal-services-in-portugal/",YES,2026-05-16T23:31:40,"683","",REST_API
10834,article,publish,"נוטריון פורטוגל | נוטריון ישראלי שפה פורטוגזית בפורטוגל","portugal-noatary","https://jus-tice.co.il/articles/portugal-noatary/","/articles/portugal-noatary/",YES,2026-05-16T23:31:40,"683","",REST_API
10831,article,publish,"בינה מלאכותית משפטית AI | שרותי אינפורמטיקה משפטית","artificial-intelligence-ai","https://jus-tice.co.il/articles/artificial-intelligence-ai/","/articles/artificial-intelligence-ai/",YES,2026-05-16T23:48:17,"308","",REST_API
10826,article,publish,"חוות דעת דין זר | מומחה חוות דעת משפטית זרה (חו&#8221;ל)","legal-opinion-foreign-law-expert","https://jus-tice.co.il/articles/legal-opinion-foreign-law-expert/","/articles/legal-opinion-foreign-law-expert/",YES,2026-05-16T23:48:17,"","",REST_API
10820,article,publish,"קרן הגנה משפטית | קרן מימון הגנה משפטית","article-10820","https://jus-tice.co.il/articles/article-10820/","/articles/article-10820/",YES,2026-05-16T23:48:17,"","",REST_API
10816,article,publish,"מימון משפטי | הלוואה לתביעה | מימון ייצוג (ליטגציה)","loan-lawsuit-representation","https://jus-tice.co.il/articles/loan-lawsuit-representation/","/articles/loan-lawsuit-representation/",YES,2026-05-16T23:48:19,"","",REST_API
10798,article,publish,"שרותי בריאות בפורטוגל | רפואה בפורטוגל","portugal-medicine","https://jus-tice.co.il/articles/portugal-medicine/","/articles/portugal-medicine/",YES,2026-05-16T23:48:19,"683","",REST_API
10795,article,publish,"האם לישראלים וזרים גישה לשרותי בריאות בפורטוגל?","israelis-portugal","https://jus-tice.co.il/articles/israelis-portugal/","/articles/israelis-portugal/",YES,2026-05-16T23:48:19,"683","",REST_API
10791,article,publish,"העם הפורטוגזי | מיהם הפורטוגלים | יהודים ספרדים פורטוגל","portuguese-people","https://jus-tice.co.il/articles/portuguese-people/","/articles/portuguese-people/",YES,2026-05-16T23:31:42,"683","",REST_API
10779,article,publish,"לווי קניית נכס בפורטוגל לישראלים | המדריך המלא לחיפוש ורכישת נכס בפורטוגל","guide-buying-property-portugal-israelis","https://jus-tice.co.il/articles/guide-buying-property-portugal-israelis/","/articles/guide-buying-property-portugal-israelis/",YES,2026-05-16T23:31:42,"683","",REST_API
10771,article,publish,"ארצות הברית (ארה&#8221;ב) | דסק ארצות הברית USA","about-usa","https://jus-tice.co.il/articles/about-usa/","/articles/about-usa/",YES,2026-05-16T23:31:42,"","",REST_API
10759,article,publish,"קפריסין | דסק קפריסין","about-cyprus","https://jus-tice.co.il/articles/about-cyprus/","/articles/about-cyprus/",YES,2026-05-16T23:31:44,"","",REST_API
10751,article,publish,"יחסי ישראל פורטוגל","israel-portugal-relations","https://jus-tice.co.il/articles/israel-portugal-relations/","/articles/israel-portugal-relations/",YES,2026-05-16T23:31:44,"683","",REST_API
10740,article,publish,"עורך דין מרוקו | לווי משפטי במרוקו","morocco-lawyers","https://jus-tice.co.il/articles/morocco-lawyers/","/articles/morocco-lawyers/",YES,2026-05-16T23:31:44,"308","",REST_API
10733,article,publish,"חוק הלאום הפורטוגזי | חוק השבות היהודי פורטוגל | בני אנוסים ספרדים","portuguese-nationality-law-jewish-return","https://jus-tice.co.il/articles/portuguese-nationality-law-jewish-return/","/articles/portuguese-nationality-law-jewish-return/",YES,2026-05-16T23:31:46,"683","",REST_API
10726,article,publish,"רילוקיישן לפורטוגל | הגירה לפורטוגל | עו&#8221;ד מומלץ","immigration-to-portugal","https://jus-tice.co.il/articles/immigration-to-portugal/","/articles/immigration-to-portugal/",YES,2026-05-16T23:31:46,"683","",REST_API
10721,article,publish,"מדריך הגירה עסקית לפורטוגל | חוקי ויזה לעסקים יזמים סטרט אפ","corporate-immigration-portugal","https://jus-tice.co.il/articles/corporate-immigration-portugal/","/articles/corporate-immigration-portugal/",YES,2026-05-16T23:31:46,"683","",REST_API
10718,article,publish,"ממשלת פורטוגל","government-of-portugal","https://jus-tice.co.il/articles/government-of-portugal/","/articles/government-of-portugal/",YES,2026-05-16T23:31:48,"683","",REST_API
10708,article,publish,"פורטוגל | דסק פורטוגל","portugal","https://jus-tice.co.il/articles/portugal/","/articles/portugal/",YES,2026-05-16T23:31:48,"683","",REST_API
10704,article,publish,"משרד האוצר (פורטוגל)","portugal-10704","https://jus-tice.co.il/articles/portugal-10704/","/articles/portugal-10704/",YES,2026-05-16T23:48:22,"683","",REST_API
10700,article,publish,"מיסוי בפורטוגל | כמה משלמים מסים פורטוגל","taxation-in-portugal","https://jus-tice.co.il/articles/taxation-in-portugal/","/articles/taxation-in-portugal/",YES,2026-05-16T23:31:48,"683","",REST_API
10696,article,publish,"רשימת מיסים פורטוגל |  סוגי המסים בפורטוגל","list-of-taxes-portugal","https://jus-tice.co.il/articles/list-of-taxes-portugal/","/articles/list-of-taxes-portugal/",YES,2026-05-16T23:31:50,"683","",REST_API
10692,article,publish,"מאפייני דיור פורטוגל","housing-portugal","https://jus-tice.co.il/articles/housing-portugal/","/articles/housing-portugal/",YES,2026-05-16T23:31:50,"683","",REST_API
10686,article,publish,"כלכלת פורטוגל | המצב הכלכלי בפורטוגל","portugal-economy","https://jus-tice.co.il/articles/portugal-economy/","/articles/portugal-economy/",YES,2026-05-16T23:31:50,"683","",REST_API
10682,article,publish,"בנקו דה פורטוגל | בנק ראשי פורטוגל","portugal-bank","https://jus-tice.co.il/articles/portugal-bank/","/articles/portugal-bank/",YES,2026-05-16T23:48:22,"683","",REST_API
10675,article,publish,"כיצד לפתוח חשבון בנק בפורטוגל |  עזרה בפתיחת חשבון בנק בפורטוגל","bank-account-in-portugal","https://jus-tice.co.il/articles/bank-account-in-portugal/","/articles/bank-account-in-portugal/",YES,2026-05-16T23:31:53,"683","",REST_API
10670,article,publish,"חוקי בנקאות ופיננסים פורטוגל | סקירת שוק הלוואות ומימון בפורטוגל","banking-financ-portugal","https://jus-tice.co.il/articles/banking-financ-portugal/","/articles/banking-financ-portugal/",YES,2026-05-16T23:31:53,"683","",REST_API
10665,article,publish,"עורך דין דרום קוריאה | עו&#8221;ד ישראלי קוריאה הדרומית","south-korea-lawyers","https://jus-tice.co.il/articles/south-korea-lawyers/","/articles/south-korea-lawyers/",YES,2026-05-16T23:31:52,"308","",REST_API
10657,article,publish,"אזרחות פורטוגל 2024 | איך לקבל אזרחות בפורטוגל","portugal-citizenship","https://jus-tice.co.il/articles/portugal-citizenship/","/articles/portugal-citizenship/",YES,2026-05-16T23:31:55,"683","",REST_API
10649,article,publish,"עורך דין קנדה | עו&#8221;ד ישראלי בקנדה","canada-lawyers","https://jus-tice.co.il/articles/canada-lawyers/","/articles/canada-lawyers/",YES,2026-05-16T23:31:55,"308","",REST_API
10635,article,publish,"פורטוגל השקעות | איך לקבל תושבות בפורטוגל כישראלי","invest-in-portugal-for-citizenship","https://jus-tice.co.il/articles/invest-in-portugal-for-citizenship/","/articles/invest-in-portugal-for-citizenship/",YES,2026-05-16T23:31:55,"683","",REST_API
10626,article,publish,"עורך דין בקטאר Qatar | לווי משפטי וייצוג בדוחה קטר","qatar-lawyers","https://jus-tice.co.il/articles/qatar-lawyers/","/articles/qatar-lawyers/",YES,2026-05-16T23:31:57,"308","",REST_API
10611,article,publish,"מס חברות קפריסין | מיסים על הכנסות תאגידים","cyprus-corporate-tax","https://jus-tice.co.il/articles/cyprus-corporate-tax/","/articles/cyprus-corporate-tax/",YES,2026-05-16T23:31:58,"485","",REST_API
10602,article,publish,"פס&#8221;ד בנוגע לעסקאות נוגדות מקרקעין (תמ&#8221;ש 67355-03-19)","ruling-on-conflicting-real-estate-transactions","https://jus-tice.co.il/articles/ruling-on-conflicting-real-estate-transactions/","/articles/ruling-on-conflicting-real-estate-transactions/",YES,2026-05-16T23:31:57,"234","",REST_API
10588,article,publish,"ביטול הסכם בכתב יד בנושא העברת רכוש ודיני קניינים","handwritten-property-agreement-cancellation","https://jus-tice.co.il/articles/handwritten-property-agreement-cancellation/","/articles/handwritten-property-agreement-cancellation/",YES,2026-05-16T23:32:00,"646","",REST_API
10577,article,publish,"נוטריון במיאמי פלורידה","notary-public-florida","https://jus-tice.co.il/articles/notary-public-florida/","/articles/notary-public-florida/",YES,2026-05-16T23:32:00,"308","",REST_API
10566,article,publish,"השופטת אורית ליפשיץ: פס&#8221;ד בתביעת רשלנות רפואית בטיפול שיניים שהוענק לתובעת (ת&#8221;א 55016-06-17)","decision55016-06-17a","https://jus-tice.co.il/articles/decision55016-06-17a/","/articles/decision55016-06-17a/",YES,2026-05-16T23:32:00,"76","",REST_API
10562,article,publish,"ביטוח סייבר | מה זה ביטוח סייבר","cyber-insurance","https://jus-tice.co.il/articles/cyber-insurance/","/articles/cyber-insurance/",YES,2026-05-16T23:32:02,"188","",REST_API
10544,article,publish,"מה זה קדסטר?","cadastre","https://jus-tice.co.il/articles/cadastre/","/articles/cadastre/",YES,2026-05-16T23:32:02,"","",REST_API
10541,article,publish,"מרשם המקרקעין |  פנקס זכויות מקרקעין","land-registration","https://jus-tice.co.il/articles/land-registration/","/articles/land-registration/",YES,2026-05-16T23:32:02,"234","",REST_API
10528,article,publish,"מס שבח מקרקעין | מחשבון מס שבח | מי זכאי להחזר מס שבח מקרקעין","land-appreciation-tax","https://jus-tice.co.il/articles/land-appreciation-tax/","/articles/land-appreciation-tax/",YES,2026-05-16T23:32:04,"234","",REST_API
10520,article,publish,"עורך דין קליפורניה | עורך דין ישראלי בלוס אנג&#8217;לס","california-lawyers","https://jus-tice.co.il/articles/california-lawyers/","/articles/california-lawyers/",YES,2026-05-17T07:53:54,"308","",REST_API
10515,article,publish,"אימוץ בארה&#8221;ב","adoption-usa","https://jus-tice.co.il/articles/adoption-usa/","/articles/adoption-usa/",YES,2026-05-16T23:32:04,"68","",REST_API
10508,article,publish,"real estate registration procedure in israel","real-estate-registration-procedure-in-israel","https://jus-tice.co.il/articles/real-estate-registration-procedure-in-israel/","/articles/real-estate-registration-procedure-in-israel/",YES,2023-12-19T17:46:50,"234","",REST_API
10503,article,publish,"רישום זכויות מקרקעין בישראל | לשכת רישום מקרקעין","registration-of-real-estate-israel","https://jus-tice.co.il/articles/registration-of-real-estate-israel/","/articles/registration-of-real-estate-israel/",YES,2026-05-16T23:32:07,"234","",REST_API
10490,article,publish,"האם ניתן להכיר בדירה שנרכשה לפני הנישואין כנכס חיצוני לקיום הסכם ממון? (תלה&#8221;מ 28272-02-21)","decision28272-02-21","https://jus-tice.co.il/articles/decision28272-02-21/","/articles/decision28272-02-21/",YES,2026-05-16T23:32:06,"68","",REST_API
10483,article,publish,"עורך דין אוסטריה &#8211; לווי וייצוג משפטי באוסטריה","austria-lawyers","https://jus-tice.co.il/articles/austria-lawyers/","/articles/austria-lawyers/",YES,2026-05-16T23:32:06,"308","",REST_API
10480,article,publish,"בגידה | מעשה הבגידה | מה זה בגידה? | עורך דין גירושין","lawyer-infidelity-divorce","https://jus-tice.co.il/articles/lawyer-infidelity-divorce/","/articles/lawyer-infidelity-divorce/",YES,2026-05-16T23:48:22,"392","",REST_API
10465,article,publish,"עורך דין מקסיקו | עו&#8221;ד ייצוג משפטי במקסיקו","mexico-lawyers","https://jus-tice.co.il/articles/mexico-lawyers/","/articles/mexico-lawyers/",YES,2026-05-16T23:32:09,"308","",REST_API
10453,article,publish,"עורך דין בארגנטינה | עו&#8221;ד ישראלי ארגנטינה","argentina-lawyers","https://jus-tice.co.il/articles/argentina-lawyers/","/articles/argentina-lawyers/",YES,2026-05-16T23:32:09,"308","",REST_API
10445,article,publish,"השופט עמי קובו: החלטה על מעצר עד תום ההליכים ללא הפניה לשירות המבחן","decision20043-03-23","https://jus-tice.co.il/articles/decision20043-03-23/","/articles/decision20043-03-23/",YES,2026-05-16T23:32:09,"642","",REST_API
10411,article,publish,"השקעות נדל&#8221;ן בקפריסין 2024 | ‫עלויות נדל”ן קפריסין","buy-real-estate-cyprus","https://jus-tice.co.il/articles/buy-real-estate-cyprus/","/articles/buy-real-estate-cyprus/",YES,2026-05-17T07:53:57,"234","",REST_API
10405,article,publish,"השקעות בפורטוגל מיסוי | מדריך משפטי","tax-guide-portugal","https://jus-tice.co.il/articles/tax-guide-portugal/","/articles/tax-guide-portugal/",YES,2026-05-16T23:32:11,"683","",REST_API
10386,article,publish,"מימון פרוייקטים ונדל&#8221;ן ביוון | מימון השקעות","greece-financing","https://jus-tice.co.il/articles/greece-financing/","/articles/greece-financing/",YES,2026-05-16T23:32:11,"234","",REST_API
10377,article,publish,"השקעה ביוון: מדריך מקיף למשקיעים ישראלים ולחברות","investing-in-greece","https://jus-tice.co.il/articles/investing-in-greece/","/articles/investing-in-greece/",YES,2026-05-16T23:32:13,"234","",REST_API
10371,article,publish,"ביהמ&#8221;ש לענייני משפחה חדרה, השופטת יפעת שקדי שץ: פס&#8221;ד עניינים רכושיים, ביטול רשיון שימוש מקרקעין והמשמעות של הסכם נישואין כהסכם לפי חוק יחסי ממון (תמ&#8221;ש 53041-12-20)","decision53041-12-20a","https://jus-tice.co.il/articles/decision53041-12-20a/","/articles/decision53041-12-20a/",YES,2026-05-16T23:32:13,"646","",REST_API
10349,article,publish,"גירושין באיטליה | עו&#8221;ד לענייני משפחה | עורך דין גירושין","family-law-italy","https://jus-tice.co.il/articles/family-law-italy/","/articles/family-law-italy/",YES,2026-05-16T23:32:13,"68","",REST_API
10346,article,publish,"השופטת עפרה גיא: תביעה רכושית לפירוק שיתוף (חלוקת רכוש גירושין הסכם ממון)","decision30452-07-20","https://jus-tice.co.il/articles/decision30452-07-20/","/articles/decision30452-07-20/",YES,2026-05-16T23:32:15,"646","",REST_API
10342,article,publish,"השופטת רונית גורביץ: פס&#8221;ד בתביעה לפירוק שיתוף כנגד צדדים שלישיים בשל טענה להברחת נכסים ע&#8221;י הבעל | חלוקת רכוש גירושין","decision67437-12-18","https://jus-tice.co.il/articles/decision67437-12-18/","/articles/decision67437-12-18/",YES,2026-05-16T23:32:15,"646","",REST_API
10334,article,publish,"קניית בית בספרד | השקעה בנדל&#8221;ן ספרד -מדריך 2024 רכישה מכירה","spain-real-estate","https://jus-tice.co.il/articles/spain-real-estate/","/articles/spain-real-estate/",YES,2026-05-16T23:32:15,"234","",REST_API
10325,article,publish,"מדריך נדל&#8221;ן פורטוגל | רכישת דירה בפורטוגל | השקעה בפורטוגל","portugal-real-estate","https://jus-tice.co.il/articles/portugal-real-estate/","/articles/portugal-real-estate/",YES,2026-05-16T23:32:18,"683","",REST_API
10310,article,publish,"פסק דין זיכוי מאישום תקיפת בת זוג | ת&#8221;פ 42377-09-22 מדינת ישראל נ&#8217; אוזנה","decision42377-09-22","https://jus-tice.co.il/articles/decision42377-09-22/","/articles/decision42377-09-22/",YES,2026-05-16T23:32:18,"170","",REST_API
10296,article,publish,"עילות גירושין (ארצות הברית)","grounds-for-divorce-united-states","https://jus-tice.co.il/articles/grounds-for-divorce-united-states/","/articles/grounds-for-divorce-united-states/",YES,2026-05-16T23:32:18,"392","",REST_API
10280,article,publish,"רכישת נכס מלטה | מדריך השקעה בנכס קניה ומכירה | מגורים במלטה","real-estate-malta","https://jus-tice.co.il/articles/real-estate-malta/","/articles/real-estate-malta/",YES,2026-05-16T23:32:20,"234","",REST_API
10269,article,publish,"אזרחות מלטה תמורת השקעה 2024: מלטה ויזת זהב תושבות קבע","malta-citizenship-by-investment","https://jus-tice.co.il/articles/malta-citizenship-by-investment/","/articles/malta-citizenship-by-investment/",YES,2026-05-16T23:32:20,"308","",REST_API
10264,article,publish,"גירושין 2023: תביעת כתובה של התובעת-האישה על סך 1,000,000 ש&#8221;ח","divorce-lawsuit-ketubah-2023-1-000","https://jus-tice.co.il/articles/divorce-lawsuit-ketubah-2023-1-000/","/articles/divorce-lawsuit-ketubah-2023-1-000/",YES,2026-05-16T23:48:24,"642","",REST_API
10258,article,publish,"עורך דין באוקראינה | עו&#8221;ד ישראלי באוקראינה","ukraine-lawyers","https://jus-tice.co.il/articles/ukraine-lawyers/","/articles/ukraine-lawyers/",YES,2026-05-16T23:32:20,"308","",REST_API
10239,article,publish,"טעויות שיש להמנע מהן ברכישת נכס בקפריסין","avoiding-mistakes-when-buying-property-in-cyprus","https://jus-tice.co.il/articles/avoiding-mistakes-when-buying-property-in-cyprus/","/articles/avoiding-mistakes-when-buying-property-in-cyprus/",YES,2026-05-16T23:32:22,"234","",REST_API
10230,article,publish,"פסק דין פלילי | בעלים של סוכנות דוגמנות הנאשם בעבירות מין בלקוחותיו (תפ&#8221;ח 22431-08-19)","decision22431-08-19","https://jus-tice.co.il/articles/decision22431-08-19/","/articles/decision22431-08-19/",YES,2026-05-16T23:32:22,"170","",REST_API
10227,article,publish,"השופטת ירדנה סרוסי: זכאות לפטור מס שבח שניתן למוכר שבבעלותו דירה יחידה (ו&#8221;ע 21336-03-22)","21336-03-22","https://jus-tice.co.il/articles/21336-03-22/","/articles/21336-03-22/",YES,2026-05-16T23:32:22,"234","",REST_API
10218,article,publish,"הקוד האזרחי והמסחרי של תאילנד","thailand-civil-code","https://jus-tice.co.il/articles/thailand-civil-code/","/articles/thailand-civil-code/",YES,2026-05-16T23:32:24,"312","",REST_API
10214,article,publish,"איך קונים בית בתאילנד? | מדריך השקעות נדל&#8221;ן בתאילנד","thailand-real-estate","https://jus-tice.co.il/articles/thailand-real-estate/","/articles/thailand-real-estate/",YES,2026-05-16T23:32:24,"234","",REST_API
10157,article,publish,"אסטרטגיות השקעות בנדל&#8221;ן לשנת 2023","real-estate-investment-strategies-for-2023","https://jus-tice.co.il/articles/real-estate-investment-strategies-for-2023/","/articles/real-estate-investment-strategies-for-2023/",YES,2026-05-16T23:32:24,"234","",REST_API
10175,article,publish,"דירה חדשה רכישה | ליקויי בנייה נפוצים וכיצד לטפל בהם","common-construction-defects-and-how-to-manage-them","https://jus-tice.co.il/articles/common-construction-defects-and-how-to-manage-them/","/articles/common-construction-defects-and-how-to-manage-them/",YES,2026-05-16T23:32:27,"234","",REST_API
10169,article,publish,"מדעי הבניין | הנדסת בניין","building-science","https://jus-tice.co.il/articles/building-science/","/articles/building-science/",YES,2026-05-16T23:32:27,"234","",REST_API
10163,article,publish,"הקבלן רוצה שאחתום על הליקויים שנמצאו בבדק בית נפתרו/פתוחים. מה עלי לעשות?","contractor-house","https://jus-tice.co.il/articles/contractor-house/","/articles/contractor-house/",YES,2026-05-16T23:48:24,"234","",REST_API
10154,article,publish,"מתווך דירות: איך למצוא סוכן נדל&#8221;ן טוב","broker-apartments-real-estate","https://jus-tice.co.il/articles/broker-apartments-real-estate/","/articles/broker-apartments-real-estate/",YES,2026-05-16T23:48:24,"","",REST_API
10146,article,publish,"מחשבון השקעות בנכסים | דירוג השקעות נדל&#8221;ן","property-investment-calculator","https://jus-tice.co.il/articles/property-investment-calculator/","/articles/property-investment-calculator/",YES,2026-05-16T23:32:27,"234","",REST_API
10143,article,publish,"פיתוח נדל&#8221;ן | פיתוח קרקע","real-estate-development","https://jus-tice.co.il/articles/real-estate-development/","/articles/real-estate-development/",YES,2026-05-16T23:32:29,"234","",REST_API
10139,article,publish,"בוגר לימודי נדל&#8221;ן בארה&#8221;ב","real-estate","https://jus-tice.co.il/articles/real-estate/","/articles/real-estate/",YES,2026-05-16T23:48:26,"234","",REST_API
10136,article,publish,"מדריך מקיף לקניית דירה ראשונה","buying-apartment-guide-comprehensive","https://jus-tice.co.il/articles/buying-apartment-guide-comprehensive/","/articles/buying-apartment-guide-comprehensive/",YES,2026-05-16T23:48:26,"234","",REST_API
10130,article,publish,"מדריך מקיף לתהליך רכישת דירה: רשימת מטלות צ&#8217;ק ליסט","apartment-purchase-guide-comprehensive","https://jus-tice.co.il/articles/apartment-purchase-guide-comprehensive/","/articles/apartment-purchase-guide-comprehensive/",YES,2026-05-16T23:48:26,"234","",REST_API
10123,article,publish,"אמנת מס ישראל יוון | השקעות נדל&#8221;ן","international-agreement-greece-dtpa","https://jus-tice.co.il/articles/international-agreement-greece-dtpa/","/articles/international-agreement-greece-dtpa/",YES,2026-05-16T23:32:29,"234","",REST_API
10100,article,publish,"חוק מיסוי נדלן יוון: חוק מס. 4223 מס בעלות על נכס אחיד והוראות אחרות","law-taxation-real-estate-greece-tax-ownership","https://jus-tice.co.il/articles/law-taxation-real-estate-greece-tax-ownership/","/articles/law-taxation-real-estate-greece-tax-ownership/",YES,2026-05-16T23:48:28,"234","",REST_API
10095,article,publish,"עו&#8221;ד דיני מקרקעין וקניין בדרום אפריקה","south-african-property-law","https://jus-tice.co.il/articles/south-african-property-law/","/articles/south-african-property-law/",YES,2026-05-16T23:32:29,"234","",REST_API
10089,article,publish,"עורך דין מקרקעין | חוקי הקרקע והקניין בישראל","lawyer-real-estate-laws-land-israel","https://jus-tice.co.il/articles/lawyer-real-estate-laws-land-israel/","/articles/lawyer-real-estate-laws-land-israel/",YES,2026-05-16T23:48:28,"234","",REST_API
10085,article,publish,"השקעות נדל&#8221;ן באנגליה &#8211; מדריך למשקיע | קניית דירה לונדון","real-estate-united-kingdom","https://jus-tice.co.il/articles/real-estate-united-kingdom/","/articles/real-estate-united-kingdom/",YES,2026-05-16T23:32:31,"234","",REST_API
10082,article,publish,"התחייבות בהסכם גירושין להעביר דירה השייכת להורים &#8211; 879928-4 &#8211; ביה&#8221;ד אריאל‎","879928-4","https://jus-tice.co.il/articles/879928-4/","/articles/879928-4/",YES,2026-05-16T23:32:31,"646","",REST_API
10073,article,publish,"עו&#8221;ד צוואות וירושות בחירת עורך דין","lawyer-wills-inheritances","https://jus-tice.co.il/articles/lawyer-wills-inheritances/","/articles/lawyer-wills-inheritances/",YES,2026-05-16T23:48:28,"74","",REST_API
10065,article,publish,"האם חוק להסדר התדיינויות בסכסוכי משפחה הצליח מבחינת יישום?","is-a-law-for-the-settlement-of-family-disputes-successful","https://jus-tice.co.il/articles/is-a-law-for-the-settlement-of-family-disputes-successful/","/articles/is-a-law-for-the-settlement-of-family-disputes-successful/",YES,2026-05-16T23:32:31,"646","",REST_API
10060,article,publish,"השופט מגן אלטוביה: פס&#8221;ד בעניין תביעה על ביטול הסכם מיזוג (ת&#8221;א 4528-01-16)","verdict-judge-lawsuit-cancellation-agreement-4528-01-16","https://jus-tice.co.il/articles/verdict-judge-lawsuit-cancellation-agreement-4528-01-16/","/articles/verdict-judge-lawsuit-cancellation-agreement-4528-01-16/",YES,2026-05-16T23:48:31,"312","",REST_API
10056,article,publish,"סקירת רפורמה בנזיקין","tort-reform","https://jus-tice.co.il/articles/tort-reform/","/articles/tort-reform/",YES,2026-05-16T23:32:33,"76","",REST_API
10053,article,publish,"מבחן הכיס העמוק נזיקין","deep-pocket","https://jus-tice.co.il/articles/deep-pocket/","/articles/deep-pocket/",YES,2026-05-16T23:32:33,"309","",REST_API
10051,article,publish,"מתווה דיני הנזיקין","outline-of-tort-law","https://jus-tice.co.il/articles/outline-of-tort-law/","/articles/outline-of-tort-law/",YES,2026-05-16T23:32:33,"76","",REST_API
10036,article,publish,"חוק רכישת קרקעות ובעלות בתאילנד","thailand-land-purchase-and-ownership-law","https://jus-tice.co.il/articles/thailand-land-purchase-and-ownership-law/","/articles/thailand-land-purchase-and-ownership-law/",YES,2026-05-16T23:32:35,"234","",REST_API
10028,article,publish,"עורך דין פולין | עו&#8221;ד נוטריון ישראלי בורשה פולין","poland-lawyers","https://jus-tice.co.il/articles/poland-lawyers/","/articles/poland-lawyers/",YES,2026-05-16T23:32:35,"308","",REST_API
10022,article,publish,"חתימה אלקטרונית | אישור נוטריון עו&#8221;ד אונליין","electronic-signature","https://jus-tice.co.il/articles/electronic-signature/","/articles/electronic-signature/",YES,2026-05-16T23:32:35,"308","",REST_API
10016,article,publish,"אימות חתימה נוטריון &#8211; משולב עברית אנגלית","signature-notary","https://jus-tice.co.il/articles/signature-notary/","/articles/signature-notary/",YES,2026-05-16T23:48:31,"308","",REST_API
10018,article,publish,"חתימה דיגיטלית | עו&#8221;ד נוטריון אונליין","digital-signature","https://jus-tice.co.il/articles/digital-signature/","/articles/digital-signature/",YES,2026-05-16T23:32:38,"308","",REST_API
10008,article,publish,"תעודת רופא | אישור נוטריוני","approval-notarial","https://jus-tice.co.il/articles/approval-notarial/","/articles/approval-notarial/",YES,2026-05-16T23:48:31,"632","",REST_API
10005,article,publish,"השופטת אירית קלמן ברום: החלטה בתביעה בגין התיישנות רשלנות רפואית (ת&#8221;א 4392-03-23)","medical-malpractice-judge-decision-lawsuit-4392-03-23","https://jus-tice.co.il/articles/medical-malpractice-judge-decision-lawsuit-4392-03-23/","/articles/medical-malpractice-judge-decision-lawsuit-4392-03-23/",YES,2026-05-16T23:48:33,"76","",REST_API
9995,article,publish,"עורך דין ברזיל | עו&#8221;ד ישראלי בברזיל | נוטריון","brazil-lawyers","https://jus-tice.co.il/articles/brazil-lawyers/","/articles/brazil-lawyers/",YES,2026-05-16T23:32:38,"308","",REST_API
9996,article,publish,"מהי בחינת לשכת עורכי הדין סקירה בינלאומית","bar-exam-worldwide","https://jus-tice.co.il/articles/bar-exam-worldwide/","/articles/bar-exam-worldwide/",YES,2026-05-16T23:32:38,"308","",REST_API
9992,article,publish,"מהי חכירה? חכירה לעומת השכרה","lease","https://jus-tice.co.il/articles/lease/","/articles/lease/",YES,2026-05-16T23:32:40,"234","",REST_API
9988,article,publish,"מה זה הסכם שכירות | חוזה שכירות","rental-agreement","https://jus-tice.co.il/articles/rental-agreement/","/articles/rental-agreement/",YES,2026-05-16T23:32:40,"234","",REST_API
9981,article,publish,"מהי משכנתא בלון? | הלוואת בלון","balloon-payment-mortgage","https://jus-tice.co.il/articles/balloon-payment-mortgage/","/articles/balloon-payment-mortgage/",YES,2026-05-16T23:32:40,"234","",REST_API
9976,article,publish,"עורך דין בלגיה | עו&#8221;ד ישראלי בבלגיה","belgian-lawyers","https://jus-tice.co.il/articles/belgian-lawyers/","/articles/belgian-lawyers/",YES,2026-05-16T23:32:42,"308","",REST_API
9973,article,publish,"גירושין בבלגיה","divorce-belgium","https://jus-tice.co.il/articles/divorce-belgium/","/articles/divorce-belgium/",YES,2026-05-16T23:48:33,"392","",REST_API
9971,article,publish,"דיני משפחה אוסטרליה","family-law-australia","https://jus-tice.co.il/articles/family-law-australia/","/articles/family-law-australia/",YES,2026-05-16T23:48:33,"68","",REST_API
9964,article,publish,"גירושין בארצות הברית","united-states-divorce","https://jus-tice.co.il/articles/united-states-divorce/","/articles/united-states-divorce/",YES,2026-05-16T23:48:35,"392","",REST_API
9960,article,publish,"אישור נוטריוני | אימות מסמכים נוטריוני | מעשה נוטריוני","notarial-act","https://jus-tice.co.il/articles/notarial-act/","/articles/notarial-act/",YES,2026-05-16T23:32:42,"308","",REST_API
9956,article,publish,"על עורכי דין: תפקידם של נוטריונים במשפט אזרחי","civil-law-notary","https://jus-tice.co.il/articles/civil-law-notary/","/articles/civil-law-notary/",YES,2026-05-16T23:32:42,"308","",REST_API
9945,article,publish,"עורך דין ספרד | עו&#8221;ד ישראלי בספרד","spain-lawyers","https://jus-tice.co.il/articles/spain-lawyers/","/articles/spain-lawyers/",YES,2026-05-16T23:32:44,"308","",REST_API
9918,article,publish,"עורך דין יפן- ייצוג משפטי ביפן","japan-attorneys","https://jus-tice.co.il/articles/japan-attorneys/","/articles/japan-attorneys/",YES,2026-05-16T23:32:44,"308","",REST_API
9895,article,publish,"נוטריון בניו יורק | עו&#8221;ד נוטריון ישראלי בניו יורק","notary-public-new-york","https://jus-tice.co.il/articles/notary-public-new-york/","/articles/notary-public-new-york/",YES,2026-05-16T23:32:44,"308","",REST_API
9890,article,publish,"עו&#8221;ד נוטריון ישראלי בחו&#8221;ל | מהו האיגוד הבינלאומי של נוטריונים","international-notaries","https://jus-tice.co.il/articles/international-notaries/","/articles/international-notaries/",YES,2026-05-16T23:32:46,"308","",REST_API
9885,article,publish,"עורך דין מקרקעין ונדל&#8221;ן ארה&#8221;ב | מדריך רכישה ומכירה","real-estate-usa","https://jus-tice.co.il/articles/real-estate-usa/","/articles/real-estate-usa/",YES,2026-05-16T23:32:46,"234","",REST_API
9866,article,publish,"רכישת נדל&#8221;ן ברומניה מדריך משפטי למשקיע","real-estate-romania","https://jus-tice.co.il/articles/real-estate-romania/","/articles/real-estate-romania/",YES,2026-05-16T23:32:46,"234","",REST_API
9850,article,publish,"עורך דין סעודיה | עורכי דין בערב הסעודית","saudi-arabia-lawyers","https://jus-tice.co.il/articles/saudi-arabia-lawyers/","/articles/saudi-arabia-lawyers/",YES,2026-05-16T23:32:48,"308","",REST_API
9835,article,publish,"עורך דין גיאורגיה | עו&#8221;ד ישראלי נדל&#8221;ן בגיאורגיה","georgia-lawyers","https://jus-tice.co.il/articles/georgia-lawyers/","/articles/georgia-lawyers/",YES,2026-05-16T23:32:48,"308","",REST_API
9829,article,publish,"עורך דין מלטה | עו&#8221;ד ישראלי במלטה","malta-lawyers","https://jus-tice.co.il/articles/malta-lawyers/","/articles/malta-lawyers/",YES,2026-05-16T23:32:48,"308","",REST_API
9774,article,publish,"עורך דין במיאמי פלורידה | עו&#8221;ד ישראלי במיאמי","miami-florida-lawyers","https://jus-tice.co.il/articles/miami-florida-lawyers/","/articles/miami-florida-lawyers/",YES,2026-05-16T23:32:50,"308","",REST_API
9752,article,publish,"דרכון רומני | קבלת אזרחות רומנית","romanian-passport","https://jus-tice.co.il/articles/romanian-passport/","/articles/romanian-passport/",YES,2026-05-16T23:32:50,"308","",REST_API
8972,article,publish,"דרכון גרמני לישראלים | עורך דין דרכון גרמני | יתרונות דרכון אזרחות גרמנית","german-passport","https://jus-tice.co.il/articles/german-passport/","/articles/german-passport/",YES,2026-05-16T23:32:50,"308","",REST_API
9724,article,publish,"עורך דין אנגליה | עו&#8221;ד ישראלי ליווי וייצוג משפטי באנגליה","uk-lawyer","https://jus-tice.co.il/articles/uk-lawyer/","/articles/uk-lawyer/",YES,2026-05-16T23:32:52,"308","",REST_API
9721,article,publish,"פס&#8221;ד עונש בעבירות של מעשה מגונה, מעשה מגונה בנסיבות אינוס וניסיון מעשה סדום (תפ&#8221;ח 39514-09-19)","39514-09-19","https://jus-tice.co.il/articles/39514-09-19/","/articles/39514-09-19/",YES,2026-05-16T23:32:52,"642","",REST_API
9717,article,publish,"שחרור בתנאים מגבילים למשתתפי הפגנה (עמ&#8221;י 67219-06-23 ואח&#8217;) מחאה 2023","protest-arrest-2023","https://jus-tice.co.il/articles/protest-arrest-2023/","/articles/protest-arrest-2023/",YES,2026-05-16T23:32:52,"642","",REST_API
9684,article,publish,"נדל&#8221;ן באיטליה","real-estate-italy","https://jus-tice.co.il/articles/real-estate-italy/","/articles/real-estate-italy/",YES,2026-05-16T23:32:54,"234","",REST_API
9681,article,publish,"עורך דין פנמה | עו&#8221;ד ישראלי בפנמה","panama-lawyers","https://jus-tice.co.il/articles/panama-lawyers/","/articles/panama-lawyers/",YES,2026-05-16T23:32:54,"308","",REST_API
9677,article,publish,"השופט שאול שוחט: פס&#8221;ד בעניין ערעור צו ירושה (עמ&#8221;ש 44688-10-22)","44688-10-22","https://jus-tice.co.il/articles/44688-10-22/","/articles/44688-10-22/",YES,2026-05-16T23:32:54,"74","",REST_API
9653,article,publish,"אזהרת מירנדה | עורכי דין פלילי בארצות הברית","miranda-warning","https://jus-tice.co.il/articles/miranda-warning/","/articles/miranda-warning/",YES,2026-05-17T07:53:57,"170","",REST_API
9648,article,publish,"מהי רשלנות רפואית? הגדרה ודוגמאות","what-is-medical-malpractice-definition-examples","https://jus-tice.co.il/articles/what-is-medical-malpractice-definition-examples/","/articles/what-is-medical-malpractice-definition-examples/",YES,2026-05-16T23:32:56,"76","",REST_API
9644,article,publish,"עו&#8221;ד רשלנות רפואית בארצות הברית","medical-malpractice-in-the-united-states","https://jus-tice.co.il/articles/medical-malpractice-in-the-united-states/","/articles/medical-malpractice-in-the-united-states/",YES,2026-05-16T23:32:56,"308","",REST_API
9636,article,publish,"עורך דין פלילי פורנוגרפיית ילדים","criminal-law-lawyer","https://jus-tice.co.il/articles/criminal-law-lawyer/","/articles/criminal-law-lawyer/",YES,2026-05-16T23:48:35,"170","",REST_API
9633,article,publish,"חוקי פורנוגרפיית ילדים בארצות הברית | עו&#8221;ד פלילי ארה&#8221;ב","child-pornography-laws-in-the-united-states","https://jus-tice.co.il/articles/child-pornography-laws-in-the-united-states/","/articles/child-pornography-laws-in-the-united-states/",YES,2026-05-16T23:32:58,"170","",REST_API
9630,article,publish,"רשלנות פלילית | עורך דין פלילי","criminal-negligence-2","https://jus-tice.co.il/articles/criminal-negligence-2/","/articles/criminal-negligence-2/",YES,2026-05-16T23:32:58,"170","",REST_API
9625,article,publish,"עבירת רצח ארצות הברית | עו&#8221;ד פלילי חוק ארה&#8221;ב","murder-in-united-states-law","https://jus-tice.co.il/articles/murder-in-united-states-law/","/articles/murder-in-united-states-law/",YES,2026-05-16T23:32:58,"170","",REST_API
9617,article,publish,"עורך דין טיוואן | עו&#8221;ד ישראלי בטיוואן","taiwan-lawyers","https://jus-tice.co.il/articles/taiwan-lawyers/","/articles/taiwan-lawyers/",YES,2026-05-16T23:33:00,"308","",REST_API
9609,article,publish,"עורך דין בהונגריה | עו&#8221;ד ישראלי בודפשט הונגריה","hungary-lawyer","https://jus-tice.co.il/articles/hungary-lawyer/","/articles/hungary-lawyer/",YES,2026-05-17T07:53:57,"308","",REST_API
9583,article,publish,"עו&#8221;ד פלילי סחר בבני אדם","human-trafficking","https://jus-tice.co.il/articles/human-trafficking/","/articles/human-trafficking/",YES,2026-05-16T23:33:00,"170","",REST_API
9575,article,publish,"עורך דין סחר במין | עו&#8221;ד עבירות סחר למטרת ניצול מיני","sex-trafficking","https://jus-tice.co.il/articles/sex-trafficking/","/articles/sex-trafficking/",YES,2026-05-16T23:33:02,"170","",REST_API
9571,article,publish,"עורך דין סחר במין סייבר | עו&#8221;ד פשעי מין אינטרנט וסייבר","cybersex-trafficking","https://jus-tice.co.il/articles/cybersex-trafficking/","/articles/cybersex-trafficking/",YES,2026-05-16T23:33:02,"170","",REST_API
9559,article,publish,"עורך דין באיטליה | עו&#8221;ד ישראלי באיטליה","italy-lawyers","https://jus-tice.co.il/articles/italy-lawyers/","/articles/italy-lawyers/",YES,2026-05-16T23:33:02,"308","",REST_API
9554,article,publish,"הגדרת דיני סייבר","cyber-laws","https://jus-tice.co.il/articles/cyber-laws/","/articles/cyber-laws/",YES,2026-05-17T07:53:59,"188","",REST_API
9550,article,publish,"עורך דין פלילי אינטרפול","criminal-law-counsel","https://jus-tice.co.il/articles/criminal-law-counsel/","/articles/criminal-law-counsel/",YES,2026-05-16T23:48:35,"170","",REST_API
9547,article,publish,"עורך דין יורופול Europol","lawyer-europol","https://jus-tice.co.il/articles/lawyer-europol/","/articles/lawyer-europol/",YES,2026-05-16T23:48:37,"308","",REST_API
9544,article,publish,"צו מעצר אירופי | צו חקירה אירופי","arrest-investigation","https://jus-tice.co.il/articles/arrest-investigation/","/articles/arrest-investigation/",YES,2026-05-16T23:48:37,"170","",REST_API
9534,article,publish,"ייצוג עורך דין פלילי לפי מדינה","criminal-law-representation-lawyer-law","https://jus-tice.co.il/articles/criminal-law-representation-lawyer-law/","/articles/criminal-law-representation-lawyer-law/",YES,2026-05-16T23:48:39,"170","",REST_API
9526,article,publish,"עורך דין ברומניה | עו&#8221;ד ישראלי נוטריון בוקרשט רומניה","romania-lawyers","https://jus-tice.co.il/articles/romania-lawyers/","/articles/romania-lawyers/",YES,2026-05-16T23:33:04,"","",REST_API
9521,article,publish,"עורך דין בדובאי איחוד האמירויות הערביות | עו&#8221;ד ישראלי בדובאי, אבו דאבי","united-arab-emirates-lawyers","https://jus-tice.co.il/articles/united-arab-emirates-lawyers/","/articles/united-arab-emirates-lawyers/",YES,2026-05-16T23:33:04,"308","",REST_API
9517,article,publish,"היסטוריה של משפט פלילי","history-of-criminal-justice","https://jus-tice.co.il/articles/history-of-criminal-justice/","/articles/history-of-criminal-justice/",YES,2026-05-16T23:33:07,"170","",REST_API
9505,article,publish,"עורך דין גרמניה | עו&#8221;ד ישראלי בגרמניה","germany-lawyers","https://jus-tice.co.il/articles/germany-lawyers/","/articles/germany-lawyers/",YES,2026-05-16T23:33:07,"308","",REST_API
9501,article,publish,"מה זה פשע? | עורך דין פשע פלילי","crime","https://jus-tice.co.il/articles/crime/","/articles/crime/",YES,2026-05-16T23:33:07,"170","",REST_API
9488,article,publish,"כיצד לקבל תושבות תמורת השקעה פורטוגל (ויזת זהב/גולדן ויזה)","portugal-golden-visa","https://jus-tice.co.il/articles/portugal-golden-visa/","/articles/portugal-golden-visa/",YES,2026-05-16T23:33:09,"683","",REST_API
9481,article,publish,"ויזת זהב | גולדן ויזה | תושבות ואזרחות באמצעות השקעה","golden-visa","https://jus-tice.co.il/articles/golden-visa/","/articles/golden-visa/",YES,2026-05-16T23:33:09,"308","",REST_API
9468,article,publish,"עורך דין משפט פלילי בינלאומי","criminal-law-lawyer-international","https://jus-tice.co.il/articles/criminal-law-lawyer-international/","/articles/criminal-law-lawyer-international/",YES,2026-05-16T23:48:39,"170","",REST_API
9459,article,publish,"עורך דין משפט בינלאומי","lawyer-international","https://jus-tice.co.il/articles/lawyer-international/","/articles/lawyer-international/",YES,2026-05-16T23:48:39,"308","",REST_API
9436,article,publish,"עורך דין צבאי מומלץ | עורך דין צבאי מחיר","lawyer-recommended-law-price","https://jus-tice.co.il/articles/lawyer-recommended-law-price/","/articles/lawyer-recommended-law-price/",YES,2026-05-16T23:48:42,"308","",REST_API
9427,article,publish,"עורך דין פלילי: תפקידים ואחריות","criminal-defense-attorney-roles-and-responsibilities","https://jus-tice.co.il/articles/criminal-defense-attorney-roles-and-responsibilities/","/articles/criminal-defense-attorney-roles-and-responsibilities/",YES,2026-05-16T23:33:09,"170","",REST_API
9422,article,publish,"ניכור הורי – לא תתקבל טענה שהילד לא רוצה לפגוש בהורה השני","1027470-24","https://jus-tice.co.il/articles/1027470-24/","/articles/1027470-24/",YES,2026-05-16T23:33:11,"634","",REST_API
9417,article,publish,"עורך דין אתיופיה | עו&#8221;ד ישראלי באתיופיה","ethiopia-lawyer","https://jus-tice.co.il/articles/ethiopia-lawyer/","/articles/ethiopia-lawyer/",YES,2026-05-16T23:33:11,"308","",REST_API
9412,article,publish,"חלוקת רכוש ע&#8221;פ חוק יחסי ממון במקרה שלא היה קניין 1338971-12 ביה&#8221;ד אשדוד","1338971-12","https://jus-tice.co.il/articles/1338971-12/","/articles/1338971-12/",YES,2026-05-16T23:33:11,"68","",REST_API
9359,article,publish,"להיות עורך דין: קבלה לעיסוק בעריכת דין","admission-to-practice-law","https://jus-tice.co.il/articles/admission-to-practice-law/","/articles/admission-to-practice-law/",YES,2026-05-16T23:33:13,"308","",REST_API
9351,article,publish,"לשכת עורכי הדין האמריקאית ABA","american-bar-association","https://jus-tice.co.il/articles/american-bar-association/","/articles/american-bar-association/",YES,2026-05-16T23:33:13,"308","",REST_API
9339,article,publish,"עורך דין נזקי גוף ארה&#8221;ב | תביעה לנזקי גוף בארצות הברית: כל מה שצריך לדעת","personal-injury-law","https://jus-tice.co.il/articles/personal-injury-law/","/articles/personal-injury-law/",YES,2026-05-16T23:33:13,"","",REST_API
9321,article,publish,"AGI בינה כללית מלאכותית | בינה מלאכותית חזקה","artificial-general-intelligence","https://jus-tice.co.il/articles/artificial-general-intelligence/","/articles/artificial-general-intelligence/",YES,2026-05-16T23:33:15,"188","",REST_API
9310,article,publish,"דיני תכנון ובניה","construction-law","https://jus-tice.co.il/articles/construction-law/","/articles/construction-law/",YES,2026-05-16T23:33:15,"234","",REST_API
9293,article,publish,"עורך דין ארצות הברית | ייצוג משפטי עו&#8221;ד ישראלי בארה״ב | מומחיות בדין האמריקאי","usa-lawyers","https://jus-tice.co.il/articles/usa-lawyers/","/articles/usa-lawyers/",YES,2026-05-16T23:33:15,"308","",REST_API
9291,article,publish,"פס&#8221;ד הגנת פרטיות והאזנה אסורה מפגשי אב ובתו (תמ&#8221;ש 69430-06-20)","69430-06-20","https://jus-tice.co.il/articles/69430-06-20/","/articles/69430-06-20/",YES,2026-05-16T23:33:17,"646","",REST_API
9288,article,publish,"ביהמ&#8221;ש לענייני משפחה פ&#8221;ת, ש&#8217; אפרת ונקרט: פס&#8221;ד בשאלת זכויותיו של יורש שגר בנכס המורישה טרם מותה ובהסכמתה (תמ&#8221;ש 18744-11-18)","18744-11-18","https://jus-tice.co.il/articles/18744-11-18/","/articles/18744-11-18/",YES,2026-05-16T23:33:17,"646","",REST_API
9286,article,publish,"השופט אריאל ממן: דחיית בקשה של התובע להתמנות לאפוטרופוס של אביו (א&#8221;פ 62758-11-22)","62758-11-22","https://jus-tice.co.il/articles/62758-11-22/","/articles/62758-11-22/",YES,2026-05-16T23:33:17,"646","",REST_API
9260,article,publish,"ביהמ&#8221;ש לענייני משפחה פתח תקווה, שופטת עידית בן דב ג&#8217;וליאן: פס&#8221;ד שעניינו איזון משאבים בין בני זוג לשעבר וחלוקת צרכי ילדיהם הקטינים ביניהם. הילדים מעל גיל 6 ובאחריות הורית משותפת (תלה&#8221;מ 21213-04-18)","21213-04-18","https://jus-tice.co.il/articles/21213-04-18/","/articles/21213-04-18/",YES,2026-05-16T23:33:20,"68","",REST_API
9258,article,publish,"פס&#8221;ד בתביעה להכרזה על בעלות במקרקעין (תמ&#8221;ש 47565-12-18)","47565-12-18","https://jus-tice.co.il/articles/47565-12-18/","/articles/47565-12-18/",YES,2026-05-16T23:33:20,"234","",REST_API
9246,article,publish,"שופט אסף זגורי: פס&#8221;ד בעניין החלטה דיונית בתיק עזבון בדבר גילוי מסמכים (רמ&#8221;ש 11314-01-23)","11314-01-23","https://jus-tice.co.il/articles/11314-01-23/","/articles/11314-01-23/",YES,2026-05-16T23:33:19,"646","",REST_API
9133,article,publish,"חוק העונשין, תשל&#8221;ז-1977* | מעודכן 2023 עם הסברים","law-updated-1977-2023","https://jus-tice.co.il/articles/law-updated-1977-2023/","/articles/law-updated-1977-2023/",YES,2026-05-16T23:48:42,"170","",REST_API
9128,article,publish,"אמנת האומות המאוחדות נגד שחיתות","article-9128","https://jus-tice.co.il/articles/article-9128/","/articles/article-9128/",YES,2026-05-16T23:48:42,"170","",REST_API
9126,article,publish,"דילמת אסיר חף מפשע","article-9126","https://jus-tice.co.il/articles/article-9126/","/articles/article-9126/",YES,2026-05-16T23:48:44,"170","",REST_API
9119,article,publish,"הזיכוי: הכרעת דין במשפט החוזר של רומן זדורוב (תפ&#8221;ח 502-07) פסק דין מלא להורדה","verdict-acquittal-law-complete-502-07","https://jus-tice.co.il/articles/verdict-acquittal-law-complete-502-07/","/articles/verdict-acquittal-law-complete-502-07/",YES,2026-05-16T23:48:44,"642","",REST_API
9102,article,publish,"פס&#8221;ד בחישוב שבח בגין מכירת דירת מגורים (ו&#8221;ע 8935-09-22)","8935-09-22","https://jus-tice.co.il/articles/8935-09-22/","/articles/8935-09-22/",YES,2026-05-16T23:33:22,"234","",REST_API
9090,article,publish,"עורך דין השקעות נדל&#8221;ן בחו&#8221;ל | המדריך לרכישת נכס נדל&#8221;ן מחוץ לישראל","real-estate-investing","https://jus-tice.co.il/articles/real-estate-investing/","/articles/real-estate-investing/",YES,2026-05-16T23:33:22,"234","",REST_API
9050,article,publish,"עורך דין צרפת | עו&#8221;ד ישראלי בצרפת","france-lawyers","https://jus-tice.co.il/articles/france-lawyers/","/articles/france-lawyers/",YES,2026-05-16T23:33:22,"308","",REST_API
9044,article,publish,"משפט השוואתי פלילי","comparative-criminal-justice","https://jus-tice.co.il/articles/comparative-criminal-justice/","/articles/comparative-criminal-justice/",YES,2026-05-16T23:33:24,"170","",REST_API
9040,article,publish,"ביהמ&#8221;ש לענייני משפחה ירושלים, השופט פליקס גורודצקי: פס&#8221;ד בעניין תביעה רכושית בין בני זוג (תלה&#8221;מ 53556-05-18)","53556-05-18","https://jus-tice.co.il/articles/53556-05-18/","/articles/53556-05-18/",YES,2026-05-16T23:33:24,"","",REST_API
9032,article,publish,"עורך דין בהונג קונג | עו&#8221;ד ישראלי בהונג קונג | משרד עורכי דין","hong-kong-lawyer","https://jus-tice.co.il/articles/hong-kong-lawyer/","/articles/hong-kong-lawyer/",YES,2026-05-16T23:33:24,"308","",REST_API
9020,article,publish,"שמאי מקרקעין | שמאות מקרקעין","real-estate-appraiser","https://jus-tice.co.il/articles/real-estate-appraiser/","/articles/real-estate-appraiser/",YES,2026-05-16T23:33:26,"234","",REST_API
9012,article,publish,"תיווך נדל&#8221;ן: מתווך &#8211; סוכן נדל&#8221;ן","real-estate-agent","https://jus-tice.co.il/articles/real-estate-agent/","/articles/real-estate-agent/",YES,2026-05-16T23:33:26,"234","",REST_API
9004,article,publish,"ביהמ&#8221;ש לענייני משפחה ירושלים, השופטת אורית בן דור ליבל: פס&#8221;ד בעניין תביעת אם לביטול הסכם מתנה במקרקעין לבנה (תמ&#8221;ש 15443-09-20)","15443-09-20","https://jus-tice.co.il/articles/15443-09-20/","/articles/15443-09-20/",YES,2026-05-16T23:33:26,"","",REST_API
9002,article,publish,"השופטת אורית בן דור ליבל: פס&#8221;ד שעניינו לאיזון משאבים ולחלוקת רכוש ובתביעה למזונות ילדים בין בני זוג לשעבר (תלה&#8221;מ 3859-11-20)","3859-11-20","https://jus-tice.co.il/articles/3859-11-20/","/articles/3859-11-20/",YES,2026-05-16T23:33:28,"68","",REST_API
8997,article,publish,"פס&#8221;ד בבקשת יורשים להתמנות כמנהלי עזבון זמניים לצורך ניהול הליכים בשם העזבון תוך סירובם להוציא צו ירושה אחר המנוח (ת&#8221;ע 14434-07-22)","14434-07-22","https://jus-tice.co.il/articles/14434-07-22/","/articles/14434-07-22/",YES,2026-05-16T23:33:28,"68","",REST_API
8995,article,publish,"משפחה ב&#8221;ש, סגנית הנשיא רותם קודלר עיאש: פס&#8221;ד בעניין מזונות (תלה&#8221;מ 21976-01-20)","verdict-family-alimony-21976-01-20","https://jus-tice.co.il/articles/verdict-family-alimony-21976-01-20/","/articles/verdict-family-alimony-21976-01-20/",YES,2026-05-16T23:48:44,"68","",REST_API
8990,article,publish,"דרכון יווני &#8211; הגירה, רילוקיישן, מגורים: מה הדרישות והעלויות","passport-immigration-relocation-residence-costs","https://jus-tice.co.il/articles/passport-immigration-relocation-residence-costs/","/articles/passport-immigration-relocation-residence-costs/",YES,2026-05-16T23:48:47,"308","",REST_API
8932,article,publish,"רכישת נכס ביוון | תהליך קניית בית ביוון | כמה עולה דירה ביוון","buying-property-in-greece","https://jus-tice.co.il/articles/buying-property-in-greece/","/articles/buying-property-in-greece/",YES,2026-05-17T07:53:59,"234","",REST_API
8930,article,publish,"עילת גירושין: חובה להוכיח טענות  1355956-3 &#8211; ביה&#8221;ד הגדול","1355956-3","https://jus-tice.co.il/articles/1355956-3/","/articles/1355956-3/",YES,2026-05-16T23:33:30,"392","",REST_API
8928,article,publish,"מכירת נכס בהוראת בית דין ללא הסכמת הבעלים","rabbinical-court-property-owners","https://jus-tice.co.il/articles/rabbinical-court-property-owners/","/articles/rabbinical-court-property-owners/",YES,2026-05-16T23:48:47,"68","",REST_API
8926,article,publish,"פס&#8221;ד בעניין תביעה רכושית ואיזון משאבים בין בני זוג לשעבר (תלה&#8221;מ 33316-07-19)","33316-07-19","https://jus-tice.co.il/articles/33316-07-19/","/articles/33316-07-19/",YES,2026-05-16T23:33:30,"392","",REST_API
8924,article,publish,"פס&#8221;ד בתביעת לשון הרע של בן נגד פירסום שביצע אביו (תמ&#8221;ש 47795-09-20)","47795-09-20","https://jus-tice.co.il/articles/47795-09-20/","/articles/47795-09-20/",YES,2026-05-16T23:33:30,"129","",REST_API
8863,article,publish,"עורך דין יוון | משרד עורכי דין ביוון | עו&#8221;ד ישראלי יוון","greece-lawyers","https://jus-tice.co.il/articles/greece-lawyers/","/articles/greece-lawyers/",YES,2026-05-16T23:33:33,"308","",REST_API
8821,article,publish,"עורך דין הגירה | עו&#8221;ד הגירה לחו&#8221;ל | רילוקיישן לישראלים","immigration-lawyer","https://jus-tice.co.il/articles/immigration-lawyer/","/articles/immigration-lawyer/",YES,2026-05-16T23:33:33,"308","",REST_API
8808,article,publish,"מנתח פלסטי פנים","article-8808","https://jus-tice.co.il/articles/article-8808/","/articles/article-8808/",YES,2026-05-16T23:48:47,"","",REST_API
8795,article,publish,"גניבה מחנויות | עבירת גניבה מחנות &#8211; עסק","shoplifting","https://jus-tice.co.il/articles/shoplifting/","/articles/shoplifting/",YES,2026-05-16T23:33:33,"170","",REST_API
8793,article,publish,"עורך דין פלילי הונאה |  סוגי הונאה","list-of-types-of-fraud","https://jus-tice.co.il/articles/list-of-types-of-fraud/","/articles/list-of-types-of-fraud/",YES,2026-05-16T23:33:35,"170","",REST_API
8777,article,publish,"עורך דין קפריסין | עו&#8221;ד ישראלי בקפריסין","cyprus-lawyer","https://jus-tice.co.il/articles/cyprus-lawyer/","/articles/cyprus-lawyer/",YES,2026-05-16T23:33:35,"308","",REST_API
8774,article,publish,"גזר דין לנאשם ברצח אימו (תפ&#8221;ח 74657-12-20)","74657-12-20","https://jus-tice.co.il/articles/74657-12-20/","/articles/74657-12-20/",YES,2026-05-16T23:33:35,"170","",REST_API
8772,article,publish,"פס&#8221;ד בעניין תביעה רכושית בין בני זוג לשעבר | תלה&#8221;מ 6199-03-18 השופטת עפרה גיא","decision6199-03-18","https://jus-tice.co.il/articles/decision6199-03-18/","/articles/decision6199-03-18/",YES,2026-05-16T23:33:37,"68","",REST_API
8764,article,publish,"&#8216;חזקת חיוב&#8217; בכתובה כשהאישה שתבעה גירושין &#8211; 1265026-5 &#8211; ביה&#8221;ד חיפה","rabbinical-court-haifa-ketubah-divorce-8216-1265026-5","https://jus-tice.co.il/articles/rabbinical-court-haifa-ketubah-divorce-8216-1265026-5/","/articles/rabbinical-court-haifa-ketubah-divorce-8216-1265026-5/",YES,2026-05-16T23:48:49,"68","",REST_API
8762,article,publish,"איסור לבועל לאחר סידור &#8221;גט מהרש&#8221;ם&#8221; 1394399-1 ביה&#8221;ד אשקלון","1394399-1","https://jus-tice.co.il/articles/1394399-1/","/articles/1394399-1/",YES,2026-05-16T23:33:37,"392","",REST_API
8760,article,publish,"ביטול מכר או מתנה בגירושין &#8216;מועד הקרע&#8217; במקרה של בגידה","cancellation-divorce-witness-infidelity-8216","https://jus-tice.co.il/articles/cancellation-divorce-witness-infidelity-8216/","/articles/cancellation-divorce-witness-infidelity-8216/",YES,2026-05-16T23:48:49,"392","",REST_API
8753,article,publish,"עורך דין פורטוגל | עו&#8221;ד ישראלי בפורטוגל","portugal-lawyers","https://jus-tice.co.il/articles/portugal-lawyers/","/articles/portugal-lawyers/",YES,2026-05-16T23:33:37,"683","",REST_API
8746,article,publish,"השופטת ורד שביט-פינקלשטיין: פס&#8221;ד בתביעת אח נגד שלושת אחיו לפירוק שיתוף בדירה שהתקבלה בירושה (תמ&#8221;ש 9230-03-20)","9230-03-20","https://jus-tice.co.il/articles/9230-03-20/","/articles/9230-03-20/",YES,2026-05-16T23:33:39,"68","",REST_API
8744,article,publish,"פס&#8221;ד בעניין תביעת פיצויים כנגד רופא שיניים (ת&#8221;א 9109-12-19)","verdict-lawsuit-damages-9109-12-19","https://jus-tice.co.il/articles/verdict-lawsuit-damages-9109-12-19/","/articles/verdict-lawsuit-damages-9109-12-19/",YES,2026-05-16T23:48:49,"309","",REST_API
8742,article,publish,"גז&#8221;ד לנאשם בעבירות מין ברשת (תפ&#8221;ח 52923-11-20)","52923-11-20","https://jus-tice.co.il/articles/52923-11-20/","/articles/52923-11-20/",YES,2026-05-16T23:33:39,"170","",REST_API
8716,article,publish,"פירוד ממושך כעילה לגירושין 32292-3 ביה&#8221;ד אשדוד","rabbinical-court-divorce-32292-3","https://jus-tice.co.il/articles/rabbinical-court-divorce-32292-3/","/articles/rabbinical-court-divorce-32292-3/",YES,2026-05-16T23:48:51,"392","",REST_API
8706,article,publish,"קורסים לעורכי דין","legal-courses-for-lawyers","https://jus-tice.co.il/articles/legal-courses-for-lawyers/","/articles/legal-courses-for-lawyers/",YES,2026-05-16T23:33:39,"308","",REST_API
8698,article,publish,"השופטת בכירה שושנה ברגר: פס&#8221;ד בתובענה לביטול צו קיום צוואה (ת&#8221;ע 55971-02-20)","probate-order-verdict-judge-cancellation-55971-02-20","https://jus-tice.co.il/articles/probate-order-verdict-judge-cancellation-55971-02-20/","/articles/probate-order-verdict-judge-cancellation-55971-02-20/",YES,2026-05-16T23:48:51,"75","",REST_API
8669,article,publish,"חדלות פירעון","insolvency","https://jus-tice.co.il/articles/insolvency/","/articles/insolvency/",YES,2026-05-16T23:33:41,"312","",REST_API
8665,article,publish,"סמכויות ביה&#8221;ד בתביעת גירושין נגד אזרח ותושב חו&#8221;ל על בסיס סירובו להזמנות בתי דין בחו&#8221;ל או התעלמותו מהזמנותיהם &#8211; 1381090-1 &#8211; ביה&#8221;ד הגדול","1381090-1","https://jus-tice.co.il/articles/1381090-1/","/articles/1381090-1/",YES,2026-05-16T23:33:41,"392","",REST_API
8652,article,publish,"תביעה נגד מנהל עזבון בטענה שלא השכיר נכסים שהיו שייכים לעיזבון (תמ&#8221;ש 75054-07-19)","75054-07-19","https://jus-tice.co.il/articles/75054-07-19/","/articles/75054-07-19/",YES,2026-05-16T23:33:41,"75","",REST_API
8635,article,publish,"השופט רמי בז&#8217;ה: פס&#8221;ד בעניין תביעה לאיזון משאבים בין בני זוג לשעבר (תמ&#8221;ש 21019-01-21)","divorce-resource-balancing-case21019-01-21","https://jus-tice.co.il/articles/divorce-resource-balancing-case21019-01-21/","/articles/divorce-resource-balancing-case21019-01-21/",YES,2026-05-16T23:33:44,"651","",REST_API
8633,article,publish,"תביעת נזיקין בגין ניכור הורי(תמ&#8221;ש 16820-11-19)","parental-alienation-damages16820-11-19","https://jus-tice.co.il/articles/parental-alienation-damages16820-11-19/","/articles/parental-alienation-damages16820-11-19/",YES,2026-05-16T23:33:44,"646","",REST_API
8631,article,publish,"סגנית הנשיא רותם קודלר עיאש: פס&#8221;ד בתביעת מזונות בין בני זוג לשעבר (61641-09-19)","child-support-divorced-parents61641-09-19","https://jus-tice.co.il/articles/child-support-divorced-parents61641-09-19/","/articles/child-support-divorced-parents61641-09-19/",YES,2026-05-16T23:33:44,"635","",REST_API
8629,article,publish,"זיכוי מאשמת רצח: התיקים המפורסמים מי עורך הדין שייצג ואיזו טענה הובילה לזיכוי","most-famous-murder-acquittal-cases","https://jus-tice.co.il/articles/most-famous-murder-acquittal-cases/","/articles/most-famous-murder-acquittal-cases/",YES,2026-05-16T23:33:46,"170","",REST_API
8613,article,publish,"תביעה רכושית גירושין: החלטה בעניין תביעה לתשלום הכנסות שכירות מנכסים משותפים (תלה&#8221;מ 8773-11-22)","8773-11-22","https://jus-tice.co.il/articles/8773-11-22/","/articles/8773-11-22/",YES,2026-05-16T23:33:46,"646","",REST_API
8604,article,publish,"האישה עתרה לתשלום פיצויים מבעלה לשעבר בגין סבל וכאב שגרם לה (תלה&#8221;מ 18834-05-20)","18834-05-20","https://jus-tice.co.il/articles/18834-05-20/","/articles/18834-05-20/",YES,2026-05-16T23:33:46,"646","",REST_API
8601,article,publish,"פס&#8221;ד קביעת היקף עזבון ובירור מושג הנאמנות במקרקעין (עמ&#8221;ש 5585-04-22)","5585-04-22estate-trust-legal-judgment","https://jus-tice.co.il/articles/5585-04-22estate-trust-legal-judgment/","/articles/5585-04-22estate-trust-legal-judgment/",YES,2026-05-16T23:33:48,"75","",REST_API
8596,article,publish,"ביטול כתב אישום מחמת הגנה מן הצדק ( תק&#8221;ח 54044-04-22)","54044-04-22cancel-criminal-proceedings","https://jus-tice.co.il/articles/54044-04-22cancel-criminal-proceedings/","/articles/54044-04-22cancel-criminal-proceedings/",YES,2026-05-16T23:33:48,"170","",REST_API
8576,article,publish,"הגירה מישראל: רשימת הליכים","immigration-israel-proceedings","https://jus-tice.co.il/articles/immigration-israel-proceedings/","/articles/immigration-israel-proceedings/",YES,2026-05-16T23:48:51,"","",REST_API
8573,article,publish,"גז&#8221;ד למורשע בעבירות של חבלה חמורה בנסיבות מחמירות כנגד בת משפחה, איומים, ושיבוש מהלכי משפט (ת&#8221;פ 35557-01-22)","35557-01-22","https://jus-tice.co.il/articles/35557-01-22/","/articles/35557-01-22/",YES,2026-05-16T23:33:48,"642","",REST_API
8571,article,publish,"פס&#8221;ד דין הדוחה בקשה למתן צו הגנה לאישה, ילדיה ואמה (ה&#8221;ט 2542-10-22)","2542-10-22","https://jus-tice.co.il/articles/2542-10-22/","/articles/2542-10-22/",YES,2026-05-16T23:33:50,"642","",REST_API
8565,article,publish,"רשלנות רפואית בניתוח","medical-malpractice-surgery","https://jus-tice.co.il/articles/medical-malpractice-surgery/","/articles/medical-malpractice-surgery/",YES,2026-05-16T23:48:53,"76","",REST_API
8562,article,publish,"פס&#8221;ד &#8211; תביעת גירושין וכתובה באישה שקיימה יחסי אישות עם גברים זרים בנוכחות בעלה 1242579-2 &#8211; ביה&#8221;ד רחובות","rabbinical-court-verdict-lawsuit-divorce-ketubah-1242579-2","https://jus-tice.co.il/articles/rabbinical-court-verdict-lawsuit-divorce-ketubah-1242579-2/","/articles/rabbinical-court-verdict-lawsuit-divorce-ketubah-1242579-2/",YES,2026-05-16T23:48:53,"392","",REST_API
8560,article,publish,"פס&#8221;ד &#8211; סידור גט לפני הכרעה בתביעות הצדדים &#8211; 37883-9 &#8211; ביה&#8221;ד אשדוד","rabbinical-court-verdict-get-divorce-lawsuits-37883-9","https://jus-tice.co.il/articles/rabbinical-court-verdict-get-divorce-lawsuits-37883-9/","/articles/rabbinical-court-verdict-get-divorce-lawsuits-37883-9/",YES,2026-05-16T23:48:53,"392","",REST_API
8558,article,publish,"ערעור על פסיקת מדור ספציפי ובקשה לפירוק שיתוף &#8211; 1156328-6 &#8211; ביה&#8221;ד הגדול","dissolution-partnership-rabbinical-court-appeal-request-1156328-6","https://jus-tice.co.il/articles/dissolution-partnership-rabbinical-court-appeal-request-1156328-6/","/articles/dissolution-partnership-rabbinical-court-appeal-request-1156328-6/",YES,2026-05-16T23:48:55,"68","",REST_API
8556,article,publish,"תשלום פנסיה ומזונות אחרי הזמן הקובע &#8211; 1156328-2 &#8211; ביה&#8221;ד הגדול","rabbinical-court-pension-alimony-1156328-2","https://jus-tice.co.il/articles/rabbinical-court-pension-alimony-1156328-2/","/articles/rabbinical-court-pension-alimony-1156328-2/",YES,2026-05-16T23:48:55,"646","",REST_API
8554,article,publish,"דחיית טענה לפגיעה מינית וחידוש קשר בין אב לבתו אף שלא בהתאם להמלצת עו&#8221;ס הרווחה &#8211; 1201062-4 &#8211; ביה&#8221;ד ירושלים","jerusalem-rabbinical-court-claim-1201062-4","https://jus-tice.co.il/articles/jerusalem-rabbinical-court-claim-1201062-4/","/articles/jerusalem-rabbinical-court-claim-1201062-4/",YES,2026-05-16T23:48:55,"634","",REST_API
8540,article,publish,"בית המשפט הפרטי Justice.co.il","house-justice-co-il","https://jus-tice.co.il/articles/house-justice-co-il/","/articles/house-justice-co-il/",YES,2026-05-16T23:48:57,"632","",REST_API
8538,article,publish,"עורכי דין פליליים מפורסמים במדיה סרטים וטלוויזיה","lawyers-criminal","https://jus-tice.co.il/articles/lawyers-criminal/","/articles/lawyers-criminal/",YES,2026-05-16T23:48:57,"170","",REST_API
8509,article,publish,"מה עושים עורכי דין בבית המשפט ומהם תחומי האחריות של עורך דין","lawyers-lawyer-house","https://jus-tice.co.il/articles/lawyers-lawyer-house/","/articles/lawyers-lawyer-house/",YES,2026-05-16T23:48:58,"308","",REST_API
8500,article,publish,"20 טיפים לתביעת רשלנות רפואית","medical-malpractice-tips-lawsuit-20","https://jus-tice.co.il/articles/medical-malpractice-tips-lawsuit-20/","/articles/medical-malpractice-tips-lawsuit-20/",YES,2026-05-16T23:49:00,"76","",REST_API
8498,article,publish,"20 טיפים למניעת רשלנות רפואית","medical-malpractice-tips-20","https://jus-tice.co.il/articles/medical-malpractice-tips-20/","/articles/medical-malpractice-tips-20/",YES,2026-05-16T23:49:00,"76","",REST_API
8494,article,publish,"בקשת צו הגנה למניעת אלימות במשפחה (ה&#8221;ט 61185-11-22)","protection-order-petition-family-61185-11-22","https://jus-tice.co.il/articles/protection-order-petition-family-61185-11-22/","/articles/protection-order-petition-family-61185-11-22/",YES,2026-05-16T23:49:00,"646","",REST_API
8492,article,publish,"פס&#8221;ד הסדר רישום מקרקעין בסכסוך משפחה (תמ&#8221;ש 28997-05-16)","land-registration-verdict-procedure-family-28997-05-16","https://jus-tice.co.il/articles/land-registration-verdict-procedure-family-28997-05-16/","/articles/land-registration-verdict-procedure-family-28997-05-16/",YES,2026-05-16T23:49:02,"646","",REST_API
8487,article,publish,"כתב אישום בקשת מעצר דקירה מסוכנות גבוהה","indictment-petition-arrest","https://jus-tice.co.il/articles/indictment-petition-arrest/","/articles/indictment-petition-arrest/",YES,2026-05-16T23:49:02,"642","",REST_API
8473,article,publish,"טופס מצא עורך דין בקרבתך","lawyer","https://jus-tice.co.il/articles/lawyer/","/articles/lawyer/",YES,2026-05-16T23:49:02,"","",REST_API
8468,article,publish,"גז&#8221;ד עונש פלילי לקטין מתחת ל16 שביצע עבירות מין (תפ&#8221;ח 39000-05-21)","sex-offenses-punishment-criminal-16-39000-05-21","https://jus-tice.co.il/articles/sex-offenses-punishment-criminal-16-39000-05-21/","/articles/sex-offenses-punishment-criminal-16-39000-05-21/",YES,2026-05-16T23:49:04,"642","",REST_API
8465,article,publish,"קביעת מועד הקרע לעניין איזון המשאבים בין בני זוג (תלה&#8221;מ 18194-04-22)","witness-18194-04-22","https://jus-tice.co.il/articles/witness-18194-04-22/","/articles/witness-18194-04-22/",YES,2026-05-16T23:49:04,"68","",REST_API
8463,article,publish,"מאסר בגין הטרדה מינית והתנכלות באמצעות רשת הטלגרם (ת&#8221;פ 43967-07-20)","43967-07-20","https://jus-tice.co.il/articles/43967-07-20/","/articles/43967-07-20/",YES,2026-05-16T23:49:04,"642","",REST_API
8459,article,publish,"פס&#8221;ד לבן הזוג לשעבר מגיע חלק בדירה (עמ&#8221;ש 61566-03-22)","verdict-apartment-61566-03-22","https://jus-tice.co.il/articles/verdict-apartment-61566-03-22/","/articles/verdict-apartment-61566-03-22/",YES,2026-05-16T23:49:07,"646","",REST_API
8456,article,publish,"פס&#8221;ד דחיית תביעה להטבת נזקי גוף שיסודה בטענה לרשלנות רפואית (ת&#8221;א 79092-12-20)","medical-malpractice-personal-injury-verdict-lawsuit-claim-79092-12-20","https://jus-tice.co.il/articles/medical-malpractice-personal-injury-verdict-lawsuit-claim-79092-12-20/","/articles/medical-malpractice-personal-injury-verdict-lawsuit-claim-79092-12-20/",YES,2026-05-16T23:49:07,"76","",REST_API
8451,article,publish,"רופא מרדים שנאשם בעבירה של ניסיון לרצח (תפ&#8221;ח 60221-07-21)","defendant-offense-60221-07-21","https://jus-tice.co.il/articles/defendant-offense-60221-07-21/","/articles/defendant-offense-60221-07-21/",YES,2026-05-16T23:49:07,"170","",REST_API
8443,article,publish,"בג&#8217;צ דרעי 2023 תיקון חוק יסוד הממשלה ומינויו של הח&#8221;כ אריה דרעי לשר בממשלה ה-37 (בג&#8221;ץ 8948-3=22)","law-2023-37-8948-3-22","https://jus-tice.co.il/articles/law-2023-37-8948-3-22/","/articles/law-2023-37-8948-3-22/",YES,2026-05-16T23:49:09,"","",REST_API
8438,article,publish,"ביטול ייפוי כוח מתמשך | החלטה בבקשה &#8220;לנקיטת אמצעי שמירה&#8221; (א&#8221;פ 34123-11-22)","durable-power-of-attorney-cancellation-decision-request-34123-11-22","https://jus-tice.co.il/articles/durable-power-of-attorney-cancellation-decision-request-34123-11-22/","/articles/durable-power-of-attorney-cancellation-decision-request-34123-11-22/",YES,2026-05-16T23:49:09,"68","",REST_API
8436,article,publish,"פסק דין הצהרתי בנוגע למחצית מהזכויות בבית ובקרקע (תמ&#8221;ש 35298-10-19)","verdict-rights-house-land-35298-10-19","https://jus-tice.co.il/articles/verdict-rights-house-land-35298-10-19/","/articles/verdict-rights-house-land-35298-10-19/",YES,2026-05-16T23:49:09,"234","",REST_API
8432,article,publish,"פס&#8221;ד בתביעה בין אחים על רקע עזבון אמם (תמ&#8221;ש 12532-05-20)","verdict-lawsuit-12532-05-20","https://jus-tice.co.il/articles/verdict-lawsuit-12532-05-20/","/articles/verdict-lawsuit-12532-05-20/",YES,2026-05-16T23:49:11,"646","",REST_API
8430,article,publish,"פס&#8221;ד בבקשת אב להפחתת מזונות בטענה של שינוי נסיבות (תלה&#8221;מ 35493-10-19)","verdict-petition-alimony-claim-35493-10-19","https://jus-tice.co.il/articles/verdict-petition-alimony-claim-35493-10-19/","/articles/verdict-petition-alimony-claim-35493-10-19/",YES,2026-05-16T23:49:11,"68","",REST_API
8428,article,publish,"תביעה של אישה לקבל פיצויים מבן זוגה לשעבר בשל תיעוד אינטימי באמצעות מצלמות שהתקין בדירתה (תלה&#8221;מ 47127-07-21)","lawsuit-damages-47127-07-21","https://jus-tice.co.il/articles/lawsuit-damages-47127-07-21/","/articles/lawsuit-damages-47127-07-21/",YES,2026-05-16T23:49:11,"68","",REST_API
8422,article,publish,"פס&#8221;ד בתובענות בגין לשון הרע, תביעה להשבה ותביעה כספית בין בני זוג לשעבר (תמ&#8221;ש 12289-07-21)","defamation-verdict-lawsuit-12289-07-21","https://jus-tice.co.il/articles/defamation-verdict-lawsuit-12289-07-21/","/articles/defamation-verdict-lawsuit-12289-07-21/",YES,2026-05-16T23:49:14,"68","",REST_API
8409,article,publish,"מחשבון מזונות ילדים 2023","child-support-calculator-2023","https://jus-tice.co.il/articles/child-support-calculator-2023/","/articles/child-support-calculator-2023/",YES,2026-05-16T23:49:14,"68","",REST_API
8402,article,publish,"מסמכים חשובים לתביעת רשלנות רפואית","medical-malpractice-lawsuit","https://jus-tice.co.il/articles/medical-malpractice-lawsuit/","/articles/medical-malpractice-lawsuit/",YES,2026-05-16T23:49:14,"76","",REST_API
8400,article,publish,"רשלנות רפואית במהלך הריון ולידה רשימת דברים שכדאי לדעת","medical-malpractice-pregnancy-birth","https://jus-tice.co.il/articles/medical-malpractice-pregnancy-birth/","/articles/medical-malpractice-pregnancy-birth/",YES,2026-05-16T23:49:16,"76","",REST_API
8396,article,publish,"טיפים כיצד למקסם את הפיצויים בתביעת רשלנות רפואית","medical-malpractice-tips-damages-lawsuit","https://jus-tice.co.il/articles/medical-malpractice-tips-damages-lawsuit/","/articles/medical-malpractice-tips-damages-lawsuit/",YES,2026-05-16T23:49:16,"76","",REST_API
8393,article,publish,"השופטת הילה גורביץ עובדיה: פסק דין בבקשה לתיקון צו ירושה (ת&#8221;ע 60847-03-22)","inheritance-order-verdict-judge-request-60847-03-22","https://jus-tice.co.il/articles/inheritance-order-verdict-judge-request-60847-03-22/","/articles/inheritance-order-verdict-judge-request-60847-03-22/",YES,2026-05-16T23:49:16,"646","",REST_API
8391,article,publish,"עתירה של אישה נגד בעלה למתן צו לפי החוק למניעת אלימות במשפחה (ה&#8221;ט 58854-11-22)","law-family-58854-11-22","https://jus-tice.co.il/articles/law-family-58854-11-22/","/articles/law-family-58854-11-22/",YES,2026-05-16T23:49:18,"646","",REST_API
8385,article,publish,"גירושין: חלוקת עסק &#8211; נכס או מוניטין? מעמדה של חו&#8221;ד מומחה","divorce-business-property-expert","https://jus-tice.co.il/articles/divorce-business-property-expert/","/articles/divorce-business-property-expert/",YES,2026-05-16T23:49:18,"68","",REST_API
8377,article,publish,"הסוגיות המשפטיות שיש לקחת בחשבון בעת ​​מכירת בית","account-house","https://jus-tice.co.il/articles/account-house/","/articles/account-house/",YES,2026-05-16T23:49:18,"68","",REST_API
8367,article,publish,"רשלנות רפואית בבית חולים","medical-malpractice-house","https://jus-tice.co.il/articles/medical-malpractice-house/","/articles/medical-malpractice-house/",YES,2026-05-16T23:49:20,"76","",REST_API
8365,article,publish,"פס&#8221;ד בבקשה להעברת המשמורת אל האב ורישום למוסדות חינוך (תלה&#8221;מ 20387-03-22)","verdict-request-custody-20387-03-22","https://jus-tice.co.il/articles/verdict-request-custody-20387-03-22/","/articles/verdict-request-custody-20387-03-22/",YES,2026-05-16T23:49:20,"68","",REST_API
8362,article,publish,"השופטת אורית בן דור ליבל: פס&#8221;ד בתובענה לביטול הסכם ממון שאושר וקיבל תוקף של פסק דין (תה&#8221;ס 27071-11-19)","prenuptial-agreement-verdict-judge-cancellation-validity-27071-11-19","https://jus-tice.co.il/articles/prenuptial-agreement-verdict-judge-cancellation-validity-27071-11-19/","/articles/prenuptial-agreement-verdict-judge-cancellation-validity-27071-11-19/",YES,2026-05-16T23:49:20,"646","",REST_API
8360,article,publish,"פס&#8221;ד תביעה לסעד הצהרתי הקובע כי זכויות המשיבה הדירה המשותפת לצדדים הועברו לידי המערער (עמ&#8221;ש 49005-04-22)","verdict-lawsuit-rights-apartment-49005-04-22","https://jus-tice.co.il/articles/verdict-lawsuit-rights-apartment-49005-04-22/","/articles/verdict-lawsuit-rights-apartment-49005-04-22/",YES,2026-05-16T23:49:23,"646","",REST_API
8358,article,publish,"בירור זכויות בת זוג מכוח חוק יחסי ממון למרות שבת הזוג לא צורפה כצד להליך (עמ&#8221;ש 34613-02-22)","rights-law-process-34613-02-22","https://jus-tice.co.il/articles/rights-law-process-34613-02-22/","/articles/rights-law-process-34613-02-22/",YES,2026-05-16T23:49:23,"646","",REST_API
8349,article,publish,"חוק רשלנות רפואית","medical-malpractice-law","https://jus-tice.co.il/articles/medical-malpractice-law/","/articles/medical-malpractice-law/",YES,2026-05-16T23:49:23,"76","",REST_API
8346,article,publish,"מקרי רשלנות רפואית בישראל | דוגמאות לרשלנות רפואית","medical-malpractice-israel-medical","https://jus-tice.co.il/articles/medical-malpractice-israel-medical/","/articles/medical-malpractice-israel-medical/",YES,2026-05-16T23:49:25,"76","",REST_API
8344,article,publish,"פס&#8221;ד בתביעה להפחתת מזונות ילדים שנקבעו בהסכם פרידה ויחסי ממון (תלה&#8221;מ 41188-08-20)","child-support-verdict-lawsuit-agreement-41188-08-20","https://jus-tice.co.il/articles/child-support-verdict-lawsuit-agreement-41188-08-20/","/articles/child-support-verdict-lawsuit-agreement-41188-08-20/",YES,2026-05-16T23:49:25,"68","",REST_API
8338,article,publish,"חלוקת זמני שהות:  מינוי מתאם הורי עם סמכויות הכרעה (תלה&#8221;מ 9267-12-21)","authority-9267-12-21","https://jus-tice.co.il/articles/authority-9267-12-21/","/articles/authority-9267-12-21/",YES,2026-05-16T23:49:25,"646","",REST_API
8334,article,publish,"ת&#8221;ע 45543-11-21 בקשה לביטול צו קיום צוואה לאחר גילוי צוואה קיימת","probate-order-request-cancellation-will-45543-11-21","https://jus-tice.co.il/articles/probate-order-request-cancellation-will-45543-11-21/","/articles/probate-order-request-cancellation-will-45543-11-21/",YES,2026-05-16T23:49:27,"646","",REST_API
8332,article,publish,"שופטת יפעת שקדי שץ: פס&#8221;ד בחלוקת זכויות וסילוק יד במשק של ידועים בציבור (תלה&#8221;מ 41769-11-19)","common-law-spouses-verdict-judge-rights-41769-11-19","https://jus-tice.co.il/articles/common-law-spouses-verdict-judge-rights-41769-11-19/","/articles/common-law-spouses-verdict-judge-rights-41769-11-19/",YES,2026-05-16T23:49:27,"68","",REST_API
8321,article,publish,"מה לעשות דבר ראשון אם נפגעת מרשלנות רפואית","medical-malpractice","https://jus-tice.co.il/articles/medical-malpractice/","/articles/medical-malpractice/",YES,2026-05-16T23:49:27,"76","",REST_API
8318,article,publish,"מהו רופא מה תפקידו וחובותיו המקצועיות","article-8318","https://jus-tice.co.il/articles/article-8318/","/articles/article-8318/",YES,2026-05-16T23:49:32,"","",REST_API
8310,article,publish,"טיפים לעו&#8221;ד כיצד להכנס למדריכים דירוג עורכי הדין המובילים בעולם","tips-guides-ranking-lawyers-law","https://jus-tice.co.il/articles/tips-guides-ranking-lawyers-law/","/articles/tips-guides-ranking-lawyers-law/",YES,2026-05-16T23:49:32,"308","",REST_API
8299,article,publish,"מה זה רואה חשבון? כמה עולה? כיצד להוזיל עלויות","accountant","https://jus-tice.co.il/articles/accountant/","/articles/accountant/",YES,2026-05-16T23:33:50,"","",REST_API
8295,article,publish,"רשלנות רפואית ותפקידם של עדים מומחים: כיצד עדות מומחים יכולה לעזור לקורבנות רשלנות לחפש צדק","medical-malpractice-witnesses-experts-testimony","https://jus-tice.co.il/articles/medical-malpractice-witnesses-experts-testimony/","/articles/medical-malpractice-witnesses-experts-testimony/",YES,2026-05-16T23:49:34,"76","",REST_API
8292,article,publish,"העלויות הנסתרות של רשלנות רפואית: כיצד מטופלים ומשפחות מושפעים מרשלנות של תעשיית הבריאות","medical-malpractice-costs","https://jus-tice.co.il/articles/medical-malpractice-costs/","/articles/medical-malpractice-costs/",YES,2026-05-16T23:49:34,"76","",REST_API
8282,article,publish,"עורך דין פלילי שכר | כמה מרוויח עו&#8221;ד פלילי בישראל","criminal-law-lawyer-criminal-israel","https://jus-tice.co.il/articles/criminal-law-lawyer-criminal-israel/","/articles/criminal-law-lawyer-criminal-israel/",YES,2026-05-16T23:49:34,"170","",REST_API
8277,article,publish,"עורך דין פלילי מפורסם | עו&#8221;ד פליליים מפורסמים בישראל","criminal-law-counsel-criminal-israel","https://jus-tice.co.il/articles/criminal-law-counsel-criminal-israel/","/articles/criminal-law-counsel-criminal-israel/",YES,2026-05-16T23:49:36,"170","",REST_API
8273,article,publish,"עורך דין רשלנות בניתוח פלסטי | המלצות עו&#8221;ד רשלנות ניתוח פלסטי","lawyer-surgery-recommendations","https://jus-tice.co.il/articles/lawyer-surgery-recommendations/","/articles/lawyer-surgery-recommendations/",YES,2026-05-16T23:49:36,"76","",REST_API
8271,article,publish,"רשלנות רפואית אבחון שגוי","medical-malpractice-8271","https://jus-tice.co.il/articles/medical-malpractice-8271/","/articles/medical-malpractice-8271/",YES,2026-05-16T23:49:29,"76","",REST_API
8269,article,publish,"סוגי רשלנות רפואית","medical-malpractice-8269","https://jus-tice.co.il/articles/medical-malpractice-8269/","/articles/medical-malpractice-8269/",YES,2026-05-16T23:49:29,"76","",REST_API
8265,article,publish,"עורך דין פלילי סמים | המלצות עו&#8221;ד פלילי לעבירות סמים","drug-offenses-criminal-law-lawyer-recommendations-criminal","https://jus-tice.co.il/articles/drug-offenses-criminal-law-lawyer-recommendations-criminal/","/articles/drug-offenses-criminal-law-lawyer-recommendations-criminal/",YES,2026-05-16T23:49:36,"170","",REST_API
8263,article,publish,"עורך דין פלילי יוצא פרקליטות | המלצות עו&#8221;ד פלילי תביעות","criminal-law-lawyer-prosecution-recommendations-criminal-lawsuits","https://jus-tice.co.il/articles/criminal-law-lawyer-prosecution-recommendations-criminal-lawsuits/","/articles/criminal-law-lawyer-prosecution-recommendations-criminal-lawsuits/",YES,2026-05-16T23:49:38,"170","",REST_API
8252,article,publish,"גירושין: קבלת זכויות פנסיוניות מהוונות במקום רישומן על שם הזכאי בהתאם לחוק לחלוקת חיסכון פנסיוני","divorce-rights-law-pension","https://jus-tice.co.il/articles/divorce-rights-law-pension/","/articles/divorce-rights-law-pension/",YES,2026-05-16T23:49:38,"646","",REST_API
8250,article,publish,"גירושין: חיוב האב בתשלום בגין מדור הילדים בבית שבבעלות האם ואין היא משלמת שכר דירה בגינו","divorce-house-ownership-apartment","https://jus-tice.co.il/articles/divorce-house-ownership-apartment/","/articles/divorce-house-ownership-apartment/",YES,2026-05-16T23:49:38,"651","",REST_API
8246,article,publish,"גירושין: איזון המשאבים בין בני זוג מתגרשים &#8211; חלוקת ערך החברה שבבעלות הבעל","divorce-company-ownership","https://jus-tice.co.il/articles/divorce-company-ownership/","/articles/divorce-company-ownership/",YES,2026-05-16T23:49:40,"68","",REST_API
8236,article,publish,"גירושין בגישור עם ילדים: הדרך הטובה להתגרש בגישור בלי לפגוע בילדים","divorce-mediation","https://jus-tice.co.il/articles/divorce-mediation/","/articles/divorce-mediation/",YES,2026-05-16T23:49:40,"68","",REST_API
8234,article,publish,"תהליך גישור גירושין בשנת 2023- כל מה חייבים לדעת מעורכי דין מומחים לגישור בגירושין","lawyers-mediation-divorce-experts-2023","https://jus-tice.co.il/articles/lawyers-mediation-divorce-experts-2023/","/articles/lawyers-mediation-divorce-experts-2023/",YES,2026-05-16T23:49:40,"308","",REST_API
8232,article,publish,"מה זה גישור גירושין  | איך תהליך גירושין בגישור עובד?","mediation-divorce","https://jus-tice.co.il/articles/mediation-divorce/","/articles/mediation-divorce/",YES,2026-05-16T23:49:43,"392","",REST_API
8230,article,publish,"פירוק חברה רשם החברות ללא עורך דין פטור מתשלום","lawyer-company-companies","https://jus-tice.co.il/articles/lawyer-company-companies/","/articles/lawyer-company-companies/",YES,2026-05-16T23:49:43,"","",REST_API
8218,article,publish,"מה זה עורך דין גירושין | מה עושה עו&#8221;ד גירושין בישראל","lawyer-divorce-israel","https://jus-tice.co.il/articles/lawyer-divorce-israel/","/articles/lawyer-divorce-israel/",YES,2026-05-16T23:49:43,"68","",REST_API
8199,article,publish,"עורך דין פלילי בתל אביב | עו&#8221;ד פלילי מומלץ בת&#8221;א והמרכז","criminal-law-tel-aviv-lawyer-criminal-recommended","https://jus-tice.co.il/articles/criminal-law-tel-aviv-lawyer-criminal-recommended/","/articles/criminal-law-tel-aviv-lawyer-criminal-recommended/",YES,2026-05-16T23:49:45,"170","",REST_API
8186,article,publish,"עורך דין תאילנד | עו&#8221;ד ישראלי בתאילנד","lawyer-israeli","https://jus-tice.co.il/articles/lawyer-israeli/","/articles/lawyer-israeli/",YES,2026-05-16T23:49:45,"308","",REST_API
8177,article,publish,"דמי מזונות והוצאות החינוך והבריאות של 3 קטינים ערעור פס&#8221;ד (עמ&#8221;ש 49763-12-21)","verdict-alimony-appeal-3-49763-12-21","https://jus-tice.co.il/articles/verdict-alimony-appeal-3-49763-12-21/","/articles/verdict-alimony-appeal-3-49763-12-21/",YES,2026-05-16T23:49:45,"651","",REST_API
8169,article,publish,"הסדר טיעון ארנון גלעדי שנאשם במסגרת כתב האישום חבר הכנסת דוד ביטן ואחרים.","procedure-defendant","https://jus-tice.co.il/articles/procedure-defendant/","/articles/procedure-defendant/",YES,2026-05-16T23:49:47,"","",REST_API
8164,article,publish,"סיוע משפטי לנפגעי עבירה","offense","https://jus-tice.co.il/articles/offense/","/articles/offense/",YES,2026-05-16T23:49:47,"632","",REST_API
8160,article,publish,"פס&#8221;ד שעניינו מינוי מנהל עיזבון זמני במקום קבוע (עמ&#8221;ש 48305-12-21)","verdict-estate-48305-12-21","https://jus-tice.co.il/articles/verdict-estate-48305-12-21/","/articles/verdict-estate-48305-12-21/",YES,2026-05-16T23:49:49,"651","",REST_API
8157,article,publish,"פס&#8221;ד קבלת טענת אישה בעניין כוונת שיתוף ספציפי ברבע דירה (עמ&#8221;ש 65410-11-21)","verdict-apartment-65410-11-21","https://jus-tice.co.il/articles/verdict-apartment-65410-11-21/","/articles/verdict-apartment-65410-11-21/",YES,2026-05-16T23:49:52,"651","",REST_API
8154,article,publish,"זכות נפגע עבירה לערער על סגירת התיק בעניינו של חשוד (בג&#8221;ץ 474/21)","right-offense-474-21","https://jus-tice.co.il/articles/right-offense-474-21/","/articles/right-offense-474-21/",YES,2026-05-16T23:49:52,"642","",REST_API
8150,article,publish,"הנאשם השתמש באפליקציות וואטסאפ ואינסטגרם ליצור קשרים עם קטינות ולקיים עמן שיחות בעלות אופי מיני","defendant-ownership","https://jus-tice.co.il/articles/defendant-ownership/","/articles/defendant-ownership/",YES,2026-05-16T23:49:52,"632","",REST_API
8142,article,publish,"מהם הסוגים השונים של רופאים?","article-8142","https://jus-tice.co.il/articles/article-8142/","/articles/article-8142/",YES,2026-05-16T23:49:54,"308","",REST_API
8139,article,publish,"טובת הילדים כבסיס לחיוב האם לחזור לעיר המקור | רישום הילדים למוסדות החינוך","best-interest-child","https://jus-tice.co.il/articles/best-interest-child/","/articles/best-interest-child/",YES,2026-05-16T23:49:54,"651","",REST_API
8128,article,publish,"רשימת מומחים רפואיים לבית משפט מתעדכן | חוות דעת רפואית משפטית 2023","court-legal-opinion-experts-medical-2023","https://jus-tice.co.il/articles/court-legal-opinion-experts-medical-2023/","/articles/court-legal-opinion-experts-medical-2023/",YES,2026-05-16T23:49:54,"","",REST_API
8126,article,publish,"שרותי חשבות: היתרונות והחסרונות של שירותי הנהלת חשבונות במיקור חוץ לעסקים","accounts-business","https://jus-tice.co.il/articles/accounts-business/","/articles/accounts-business/",YES,2026-05-16T23:49:56,"312","",REST_API
8113,article,publish,"עבירות מין בקטינה במרחב הווירטואלי","sex-offenses-2","https://jus-tice.co.il/articles/sex-offenses-2/","/articles/sex-offenses-2/",YES,2026-05-16T23:49:56,"632","",REST_API
8109,article,publish,"מחקר &#8211; מימוש זכויות קטינים נפגעי עבירות מין חמורות בתיקי הסיוע המשפטי","sex-offenses-rights","https://jus-tice.co.il/articles/sex-offenses-rights/","/articles/sex-offenses-rights/",YES,2026-05-16T23:49:56,"170","",REST_API
8107,article,publish,"כתב אישום נגד בן 70 מהרצליה בגין רצח בנסיבות מחמירות","indictment-70","https://jus-tice.co.il/articles/indictment-70/","/articles/indictment-70/",YES,2026-05-16T23:49:58,"632","",REST_API
8103,article,publish,"ביטול אגרה בגין הגשת דיווח לאפוטרופוס הכללי.","cancellation","https://jus-tice.co.il/articles/cancellation/","/articles/cancellation/",YES,2026-05-16T23:49:58,"632","",REST_API
8100,article,publish,"בקשה לפסילת דיין בבית דין רבני","rabbinical-court-request","https://jus-tice.co.il/articles/rabbinical-court-request/","/articles/rabbinical-court-request/",YES,2026-05-16T23:49:58,"640","",REST_API
8097,article,publish,"דוחות חניה אמצעות מסרון לטלפון נייד sms","sms","https://jus-tice.co.il/articles/sms/","/articles/sms/",YES,2026-05-16T23:50:00,"632","",REST_API
8094,article,publish,"אישום הטרדות של עד המדינה ניר חפץ ועדת התביעה הדס קליין, במשפט המתנהל נגד ח&#8221;כ בנימין נתניהו","witness-law-lawsuit","https://jus-tice.co.il/articles/witness-law-lawsuit/","/articles/witness-law-lawsuit/",YES,2026-05-16T23:50:00,"632","",REST_API
8089,article,publish,"מהי הסכמה? הגדרה משפטית להסכמה","consent","https://jus-tice.co.il/articles/consent/","/articles/consent/",YES,2026-05-16T23:33:50,"","",REST_API
8083,article,publish,"שימוש לרעה בהליכים משפטיים","abuse-of-process","https://jus-tice.co.il/articles/abuse-of-process/","/articles/abuse-of-process/",YES,2026-05-16T23:33:52,"308","",REST_API
8077,article,publish,"נתניהו נגד אהוד אולמרט (ת&#8221;א 13429-05-21) תביעת לשון הרע פסק הדין המלא","defamation-lawsuit-law-complete-13429-05-21","https://jus-tice.co.il/articles/defamation-lawsuit-law-complete-13429-05-21/","/articles/defamation-lawsuit-law-complete-13429-05-21/",YES,2026-05-16T23:50:00,"129","",REST_API
8073,article,publish,"הכרעת דין לנאשם בעבירות של קבלת שוחד מיני, מרמה והפרת אמונים בידי עובד ציבור (ת&#8221;פ 69728-06-20)","law-defendant-offenses-69728-06-20","https://jus-tice.co.il/articles/law-defendant-offenses-69728-06-20/","/articles/law-defendant-offenses-69728-06-20/",YES,2026-05-16T23:50:03,"656","",REST_API
8071,article,publish,"החמרת עונש עבירות בנשק &#8211; מכירת  כלי נשק שונים","punishment-offenses","https://jus-tice.co.il/articles/punishment-offenses/","/articles/punishment-offenses/",YES,2026-05-16T23:50:03,"632","",REST_API
8066,article,publish,"תנאי ההסגרה וסייגיה","article-8066","https://jus-tice.co.il/articles/article-8066/","/articles/article-8066/",YES,2026-05-16T23:50:03,"170","",REST_API
8058,article,publish,"תביעת גירושין כרוכה: בית הדין הרבני קנה סמכות למרות הגשת תובענה בעניין החזקת ילדים והסדרי שהותם בפני בית המשפט לענייני משפחה","rabbinical-court-family-matters-visitation-arrangements-lawsuit-divorce-jurisdiction","https://jus-tice.co.il/articles/rabbinical-court-family-matters-visitation-arrangements-lawsuit-divorce-jurisdiction/","/articles/rabbinical-court-family-matters-visitation-arrangements-lawsuit-divorce-jurisdiction/",YES,2026-05-16T23:50:05,"646","",REST_API
8047,article,publish,"פיצוי בגין איחור במסירת דירה מקבלן (ת&#8221;א 10300-02-21)","compensation-apartment-contractor-10300-02-21","https://jus-tice.co.il/articles/compensation-apartment-contractor-10300-02-21/","/articles/compensation-apartment-contractor-10300-02-21/",YES,2026-05-16T23:50:05,"234","",REST_API
8040,article,publish,"אסטרטגיית ליטיגציה | אסטרטגיה לניהול תיק משפטי","litigation-strategy","https://jus-tice.co.il/articles/litigation-strategy/","/articles/litigation-strategy/",YES,2026-05-16T23:33:52,"308","",REST_API
8036,article,publish,"קליניקה משפטית","legal-clinic","https://jus-tice.co.il/articles/legal-clinic/","/articles/legal-clinic/",YES,2026-05-16T23:33:52,"308","",REST_API
8012,article,publish,"טופס תצהיר נלווה לבקשה לרישיון עסק באופן מקוון","request-license-business","https://jus-tice.co.il/articles/request-license-business/","/articles/request-license-business/",YES,2026-05-16T23:50:05,"668","",REST_API
8009,article,publish,"טופס הצהרה בעקבות שינוי בעלות בעסק","ownership-business","https://jus-tice.co.il/articles/ownership-business/","/articles/ownership-business/",YES,2026-05-16T23:50:07,"668","",REST_API
8007,article,publish,"עורך דין רישוי עסקים","lawyer-licensing-business","https://jus-tice.co.il/articles/lawyer-licensing-business/","/articles/lawyer-licensing-business/",YES,2026-05-16T23:50:07,"308","",REST_API
8004,article,publish,"חינוך משפטי | השכלה משפטית","legal-education","https://jus-tice.co.il/articles/legal-education/","/articles/legal-education/",YES,2026-05-16T23:33:54,"308","",REST_API
8000,article,publish,"מודעות משפטית","legal-awareness","https://jus-tice.co.il/articles/legal-awareness/","/articles/legal-awareness/",YES,2026-05-16T23:33:54,"308","",REST_API
7983,article,publish,"בקשה לרישום מכר","request","https://jus-tice.co.il/articles/request/","/articles/request/",YES,2026-05-16T23:50:07,"234","",REST_API
7970,article,publish,"פרסום של חוות דעת לעניין המסוגלות ההורית ומסוכנות- לשימוש במסגרת הליך פלילי (תלה&#8221;מ 45060-05-22)","legal-opinion-process-criminal-45060-05-22","https://jus-tice.co.il/articles/legal-opinion-process-criminal-45060-05-22/","/articles/legal-opinion-process-criminal-45060-05-22/",YES,2026-05-16T23:50:10,"646","",REST_API
7964,article,publish,"השופטת חיה זנדברג: פס&#8221;ד בתביעה לפיצויים בגין נזקי גוף בטענה לרשלנות לאחר לידה (ת&#8221;א 58449-02-18)","personal-injury-verdict-judge-lawsuit-damages-claim","https://jus-tice.co.il/articles/personal-injury-verdict-judge-lawsuit-damages-claim/","/articles/personal-injury-verdict-judge-lawsuit-damages-claim/",YES,2026-05-16T23:50:10,"76","",REST_API
7959,article,publish,"פס&#8221;ד בתביעה לשון הרע בגין פרסום בקבוצת פייסבוק (ת&#8221;א 15771-09-19)","defamation-verdict-lawsuit-15771-09-19","https://jus-tice.co.il/articles/defamation-verdict-lawsuit-15771-09-19/","/articles/defamation-verdict-lawsuit-15771-09-19/",YES,2026-05-16T23:50:09,"129","",REST_API
7953,article,publish,"בקשה לאיזון חובות בשל חשש לחובות פיקטיביים שיצר צד אחד לשם חיובו של הצד השני במחציתם &#8211; 1283952-9 &#8211; ביה&#8221;ד ירושלים","7953-2","https://jus-tice.co.il/articles/7953-2/","/articles/7953-2/",YES,2022-11-02T15:29:51,"646","",REST_API
7951,article,publish,"פירוק שיתוף בין בני זוג- חלוקת דירה לפי הרישום &#8211; 1273597-6 &#8211; ביה&#8221;ד ירושלים","dissolution-partnership-jerusalem-rabbinical-court-apartment-1273597-6","https://jus-tice.co.il/articles/dissolution-partnership-jerusalem-rabbinical-court-apartment-1273597-6/","/articles/dissolution-partnership-jerusalem-rabbinical-court-apartment-1273597-6/",YES,2026-05-16T23:50:12,"646","",REST_API
7947,article,publish,"זכות הורה גרוש להעתיק את מגוריו ואף להגר לארץ אחרת; השיקולים לקביעת המשמורת והיחס בין זכותו האמורה של ההורה לבין המשמורת &#8211; 1330348-1 &#8211; ביה&#8221;ד הגדול","rabbinical-court-right-custody-1330348-1","https://jus-tice.co.il/articles/rabbinical-court-right-custody-1330348-1/","/articles/rabbinical-court-right-custody-1330348-1/",YES,2026-05-16T23:50:12,"651","",REST_API
7934,article,publish,"כיצד לשכור מפתח אתרים","article-7934","https://jus-tice.co.il/articles/article-7934/","/articles/article-7934/",YES,2026-05-16T23:50:12,"","",REST_API
7910,article,publish,"בקשה לרישום חברה אונליין | טופס 1 בהתאם לסעיף 8 לחוק החברות (להורדה חינם)","companyregistrationform2","https://jus-tice.co.il/articles/companyregistrationform2/","/articles/companyregistrationform2/",YES,2026-05-16T23:33:54,"312","",REST_API
7905,article,publish,"עו&#8221;ד אונליין? ניהול מוניטין מקוון לעורכי דין ברשת האינטרנט","lawyers","https://jus-tice.co.il/articles/lawyers/","/articles/lawyers/",YES,2026-05-17T07:54:19,"308","",REST_API
7899,article,publish,"ייעוץ משפטי אאוטסורסינג בינלאומי Jus-Tice משרות עורכי דין השמה","lawyers-consultation-international-jus-tice","https://jus-tice.co.il/articles/lawyers-consultation-international-jus-tice/","/articles/lawyers-consultation-international-jus-tice/",YES,2026-05-16T23:50:14,"308","",REST_API
7849,article,publish,"מניות: מה הן- סוגים עיקריים","article-7849","https://jus-tice.co.il/articles/article-7849/","/articles/article-7849/",YES,2026-05-16T23:50:14,"68","",REST_API
7822,article,publish,"הצעת תיקון חוק: חיפוש במקום ללא צו בית משפט","court-law","https://jus-tice.co.il/articles/court-law/","/articles/court-law/",YES,2026-05-16T23:50:16,"170","",REST_API
7761,article,publish,"הגנות פליליות | סוגי הגנות  בבית משפט","criminal-defenses","https://jus-tice.co.il/articles/criminal-defenses/","/articles/criminal-defenses/",YES,2026-05-16T23:33:56,"170","",REST_API
7743,article,publish,"עורך דין פלילי אירופה | הגנה פלילית יעילה מזרח אירופה","criminal-law-lawyer-criminal","https://jus-tice.co.il/articles/criminal-law-lawyer-criminal/","/articles/criminal-law-lawyer-criminal/",YES,2026-05-17T07:54:19,"170","",REST_API
7736,article,publish,"שימוש במומחים בתיקים פליליים","experts-criminal","https://jus-tice.co.il/articles/experts-criminal/","/articles/experts-criminal/",YES,2026-05-16T23:50:16,"170","",REST_API
7724,article,publish,"תהליך הדירוג של עורכי דין","lawyers-ranking","https://jus-tice.co.il/articles/lawyers-ranking/","/articles/lawyers-ranking/",YES,2026-05-16T23:50:18,"308","",REST_API
7719,article,publish,"יתרונות העסקת עורך דין פלילי","criminal-law-advocate","https://jus-tice.co.il/articles/criminal-law-advocate/","/articles/criminal-law-advocate/",YES,2026-05-16T23:48:37,"170","",REST_API
7702,article,publish,"יישום החוק למניעת הטרדה מינית &#8211; מבקר המדינה תקציר","law","https://jus-tice.co.il/articles/law/","/articles/law/",YES,2026-05-16T23:50:18,"83","",REST_API
7699,article,publish,"עונש פלילי יוצר ערוץ הטלגרם &#8220;תוצרת כחול לבן&#8221; בגין ריבוי עבירות של הטרדה מינית והתנכלות ופגיעה בפרטיות (ת&#8221;פ 53431-10-21)","53431-10-21","https://jus-tice.co.il/articles/53431-10-21/","/articles/53431-10-21/",YES,2026-05-16T23:33:56,"656","",REST_API
7697,article,publish,"&#8220;משמורת משותפת&#8221; המגמה הכללית ועמדת ההלכה | פס&#8221;ד &#8211; משמורת משותפת הרחבת הסדרי שהות לאב &#8211; 1244887-2","joint-custody-visitation-arrangements-verdict-ruling-custody-1244887-2","https://jus-tice.co.il/articles/joint-custody-visitation-arrangements-verdict-ruling-custody-1244887-2/","/articles/joint-custody-visitation-arrangements-verdict-ruling-custody-1244887-2/",YES,2026-05-16T23:50:23,"68","",REST_API
7685,article,publish,"עורכי הדין להגנה פלילית הטובים ביותר בקרבתי &#8211; דירוגי עורכי דין","lawyer-near-me-criminal-law","https://jus-tice.co.il/articles/lawyer-near-me-criminal-law/","/articles/lawyer-near-me-criminal-law/",YES,2026-05-16T23:33:56,"170","",REST_API
7683,article,publish,"השופט עדי הדר: פס&#8221;ד בשתי תביעות בגין לשון הרע נגד אותו נתבע (ת&#8221;א 75385-12-20; ת&#8221;א 75416-12-20)","decision75385-12-20","https://jus-tice.co.il/articles/decision75385-12-20/","/articles/decision75385-12-20/",YES,2026-05-16T23:33:58,"129","",REST_API
7679,article,publish,"השופט אלון אינפלד: החלטה שיש בה הצעה להרחיב החריגים לכלל הפוסל עדויות שמיעה (עמ&#8221;ת 20794-07-22)","judge-decision-20794-07-22","https://jus-tice.co.il/articles/judge-decision-20794-07-22/","/articles/judge-decision-20794-07-22/",YES,2026-05-16T23:50:23,"642","",REST_API
7677,article,publish,"גז&#8221;ד פסיכולוג יובל כרמי 3 שנות מאסר עונש בגין עבירות של יחסי מין ומעשה מגונה בין מטפל למטופל (ת&#8221;פ 7140-09-21)","punishment-offenses-3-7140-09-21","https://jus-tice.co.il/articles/punishment-offenses-3-7140-09-21/","/articles/punishment-offenses-3-7140-09-21/",YES,2026-05-16T23:50:23,"642","",REST_API
7674,article,publish,"פיצוי של 4,330,162 ₪ בגין רשלנות רפואית בטיפול ביילוד (היפוגליקמיה) ובהדרכת האם להנקתו ולהזנתו (ת&#8221;א 39696-06-16)","decision39696-06-16","https://jus-tice.co.il/articles/decision39696-06-16/","/articles/decision39696-06-16/",YES,2026-05-16T23:33:58,"76","",REST_API
7671,article,publish,"פס&#8221;ד תביעת רשלנות שהוגשה כנגד עורכי דין על סך של 1,796,494 ₪ (ת&#8221;א 33954-04-20)","decision33954-04-20","https://jus-tice.co.il/articles/decision33954-04-20/","/articles/decision33954-04-20/",YES,2026-05-16T23:33:58,"308","",REST_API
7636,article,publish,"תביעה ביחס לזכויות יוצרים במשחק &#8220;שם קוד&#8221; (ת&#8221;א 58491-06-19)  פס&#8221;ד של השופט אביים ברקאי","verdict-lawsuit-rights-judge-58491-06-19","https://jus-tice.co.il/articles/verdict-lawsuit-rights-judge-58491-06-19/","/articles/verdict-lawsuit-rights-judge-58491-06-19/",YES,2026-05-16T23:50:25,"","",REST_API
7632,article,publish,"איך להיות עורך דין טוב: 10 הכללים המובילים להיות עורך דין מצליח","rules-for-being-a-successful-lawyer","https://jus-tice.co.il/articles/rules-for-being-a-successful-lawyer/","/articles/rules-for-being-a-successful-lawyer/",YES,2026-05-16T23:34:01,"308","",REST_API
7623,article,publish,"השופטת אריאלה גילצר כץ: תובענה ייצוגית נגד wolt וולט אנטרפריזס ישראל בע&#8221;מ (ת&#8221;צ 35327-08-20)","judge-israel-wolt-35327-08-20","https://jus-tice.co.il/articles/judge-israel-wolt-35327-08-20/","/articles/judge-israel-wolt-35327-08-20/",YES,2026-05-16T23:50:25,"83","",REST_API
7621,article,publish,"שופט רן ארנון: פיצוי 160,000 ש&#8221;ח בתביעת נזיקין של אישה כנגד בעלה בעקבות שנים רבות של התעללות (תלה&#8221;מ 48940-07-20)","decision48940-07-20","https://jus-tice.co.il/articles/decision48940-07-20/","/articles/decision48940-07-20/",YES,2026-05-16T23:34:01,"646","",REST_API
7616,article,publish,"רשלנות רפואית: שגיאות נפוצות של רופאים ובתי חולים","medical-malpractice-common-errors-doctors-hospitals","https://jus-tice.co.il/articles/medical-malpractice-common-errors-doctors-hospitals/","/articles/medical-malpractice-common-errors-doctors-hospitals/",YES,2026-05-16T23:34:01,"76","",REST_API
7618,article,publish,"רשלנות רפואית בלידה: מה זה שיתוק קלומקה?","klumpke-paralysis","https://jus-tice.co.il/articles/klumpke-paralysis/","/articles/klumpke-paralysis/",YES,2026-05-16T23:34:03,"76","",REST_API
7611,article,publish,"עו&#8221;ד רפואי | היסטוריה של הרפואה","history-of-medicine","https://jus-tice.co.il/articles/history-of-medicine/","/articles/history-of-medicine/",YES,2026-05-17T07:53:59,"","",REST_API
7601,article,publish,"הטריקים המלוכלכים ביותר בגירושין | עו&#8221;ד גירושין","divorce","https://jus-tice.co.il/articles/divorce/","/articles/divorce/",YES,2026-05-16T23:50:25,"392","",REST_API
7583,article,publish,"מקרי רשלנות רפואית דוגמאות","medical-malpractice-7583","https://jus-tice.co.il/articles/medical-malpractice-7583/","/articles/medical-malpractice-7583/",YES,2026-05-16T23:49:29,"76","",REST_API
7580,article,publish,"זיכוי מעבירות איומים ערעור פס&#8221;ד תקיפת סתם כנגד בת זוג (ע&#8221;פ 48240-04-17)","decision48240-04-17","https://jus-tice.co.il/articles/decision48240-04-17/","/articles/decision48240-04-17/",YES,2026-05-16T23:34:03,"642","",REST_API
7571,article,publish,"השופטת יעל ייטב: החלטה בדבר מינוי מומחה מטעם בית המשפט בתיק רשלנות רפואית (ת&#8221;א 50014-01-19)","decision50014-01-19","https://jus-tice.co.il/articles/decision50014-01-19/","/articles/decision50014-01-19/",YES,2026-05-16T23:34:05,"76","",REST_API
7569,article,publish,"פלילי: החלטה בערעור על חילוט רכב יוקרה בו נתפס נשק לא חוקי (עפ&#8221;ג 71869-11-21)","decision71869-11-21","https://jus-tice.co.il/articles/decision71869-11-21/","/articles/decision71869-11-21/",YES,2026-05-16T23:34:05,"656","",REST_API
7533,article,publish,"תביעה ע&#8221;ס 900,31 ₪ בעילות של הטרדה מינית , תקיפה מילולית והוצאת לשון הרע","defamation-lawsuit-900-31","https://jus-tice.co.il/articles/defamation-lawsuit-900-31/","/articles/defamation-lawsuit-900-31/",YES,2026-05-16T23:50:29,"648","",REST_API
7527,article,publish,"ערעור פלילי מס׳ 50/31 בבית המשפט העליון בשבתו כבית משפט לערעורים פליליים","court-appeal-criminal-tax-house-50","https://jus-tice.co.il/articles/court-appeal-criminal-tax-house-50/","/articles/court-appeal-criminal-tax-house-50/",YES,2026-05-16T23:50:30,"642","",REST_API
7517,article,publish,"פסק דין 2022 מאה שבעים ושמונה אלף שח פיצוי בגין הפרה-יסודית של הסכם מכר מקרקעין פרדס חנה כרכור (ת&#8221;א 22695-02-20)","decision22695-02-20","https://jus-tice.co.il/articles/decision22695-02-20/","/articles/decision22695-02-20/",YES,2026-05-16T23:34:05,"234","",REST_API
7507,article,publish,"עורך דין פלילי | עורך דין וייטנאם","vietnam-lawyer","https://jus-tice.co.il/articles/vietnam-lawyer/","/articles/vietnam-lawyer/",YES,2026-05-16T23:34:07,"170","",REST_API
7502,article,publish,"הפחתה בעונש כסעד במסגרת הגנה מן הצדק- פגיעה בזכויות נאשם שנדקר במעצר (ת&#8221;פ 37975-11-17)","decision37975-11-17","https://jus-tice.co.il/articles/decision37975-11-17/","/articles/decision37975-11-17/",YES,2026-05-16T23:34:07,"642","",REST_API
7499,article,publish,"הרשעה בביצוע עבירות מין בשתי נשים, ללא הסכמתן ותוך ניצול העובדה שהיו שתויות (שיכורות משתית אלכוהול) במצב המונע מהן לתת הסכמה חופשית (תפ&#8221;ח 31783-04-21)","decision31783-04-21","https://jus-tice.co.il/articles/decision31783-04-21/","/articles/decision31783-04-21/",YES,2026-05-16T23:34:07,"642","",REST_API
7496,article,publish,"אישור תביעה ייצוגית נגד אייס ACE הסדר פשרה שלפיו ייהנו לקוחות אייס מפיצוי כספי (ת&#8221;צ 49576-05-20)","decision49576-05-20","https://jus-tice.co.il/articles/decision49576-05-20/","/articles/decision49576-05-20/",YES,2026-05-16T23:34:10,"232","",REST_API
7491,article,publish,"עורך דין סין | עו&#8221;ד ישראלי בסין | לווי משפטי משרד בסין","china-lawyers","https://jus-tice.co.il/articles/china-lawyers/","/articles/china-lawyers/",YES,2026-05-16T23:34:10,"308","",REST_API
7487,article,publish,"פלילי: הרשעת נאשם בשורה של עבירות מין ומעשים מגונים שביצע במספר קטינים (תפח&#8221;ע 26551-01-21)","sex-offenses-criminal-defendant-26551-01-21","https://jus-tice.co.il/articles/sex-offenses-criminal-defendant-26551-01-21/","/articles/sex-offenses-criminal-defendant-26551-01-21/",YES,2026-05-16T23:50:29,"656","",REST_API
7485,article,publish,"פיצוי כספי 30,000 ומתן צו מניעה בגין הפליה אסורה &#8220;מחמת דת או מחמת קבוצה דתית&#8221; מסעדה לא כשרה (ת&#8221;א 15566-11-18)","injunction-compensation-30-000-15566-11-18","https://jus-tice.co.il/articles/injunction-compensation-30-000-15566-11-18/","/articles/injunction-compensation-30-000-15566-11-18/",YES,2026-05-16T23:50:32,"648","",REST_API
7480,article,publish,"פס&#8221;ד &#8211; ניהול תביעת גירושין מחו&#8221;ל באמצעות מורשה וזום כאשר הנתבע מתנגד &#8211; 1268530-3 &#8211; ביה&#8221;ד אשקלון‎‎","rabbinical-court-verdict-lawsuit-divorce-1268530-3","https://jus-tice.co.il/articles/rabbinical-court-verdict-lawsuit-divorce-1268530-3/","/articles/rabbinical-court-verdict-lawsuit-divorce-1268530-3/",YES,2026-05-16T23:50:32,"392","",REST_API
7478,article,publish,"פסק דין בו אושרה בקשה לאישור פסק חוץ בשוויץ (ת&#8221;א 58589-11-21)","decision58589-11-21","https://jus-tice.co.il/articles/decision58589-11-21/","/articles/decision58589-11-21/",YES,2026-05-16T23:34:10,"646","",REST_API
7473,article,publish,"פיצויים עונשיים | מהו פיצוי עונשי?","punitive-damage","https://jus-tice.co.il/articles/punitive-damage/","/articles/punitive-damage/",YES,2026-05-16T23:34:13,"76","",REST_API
7464,article,publish,"1,406,600 שח פיצוי בגין נזקי גוף שנגרמו לתובעת בגין שני מעשי תקיפה שבוצעו בה בהיותה קטינה (ת&#8221;א 37784-01-16)","decision58450-02-22","https://jus-tice.co.il/articles/decision58450-02-22/","/articles/decision58450-02-22/",YES,2026-05-16T23:34:13,"648","",REST_API
7460,article,publish,"פסק דין: מתן צו-מניעה זמני בעסקת מכר (ת&#8221;א 58450-02-22)","decision58450-02-22-7460","https://jus-tice.co.il/articles/decision58450-02-22-7460/","/articles/decision58450-02-22-7460/",YES,2026-05-16T23:34:13,"234","",REST_API
7457,article,publish,"פס&#8221;ד בערר של זוג שמבקש לבטל שומת מס רכישה בטענה שאושר להם למכור את דירתם במועד מאוחר יותר (ו&#8221;ע 63044-06-20)","purchase-tax-verdict-claim-63044-06-20","https://jus-tice.co.il/articles/purchase-tax-verdict-claim-63044-06-20/","/articles/purchase-tax-verdict-claim-63044-06-20/",YES,2026-05-16T23:50:32,"234","",REST_API
7455,article,publish,"השופט יחזקאל אליהו: החלטה בבקשה לצרף תובענה להליך אזרחי המתקיים בבית משפט במחוז אחר במסגרת סכסוך בין בני זוג (תלה&#8221;מ 34809-06-21)","court-judge-decision-request-process-civil","https://jus-tice.co.il/articles/court-judge-decision-request-process-civil/","/articles/court-judge-decision-request-process-civil/",YES,2026-05-16T23:50:34,"639","",REST_API
7453,article,publish,"תעבורה: זיכוי נהג משאית שהואשם בגרימת מוות ברשלנות (גמ&#8221;ר 56-03-20)","acquittal-56-03-20","https://jus-tice.co.il/articles/acquittal-56-03-20/","/articles/acquittal-56-03-20/",YES,2026-05-16T23:50:34,"97","",REST_API
7446,article,publish,"עורך דין פלילי סרי לנקה | ייצוג עורך דין בסרי לנקה","criminal-law-lawyer-representation","https://jus-tice.co.il/articles/criminal-law-lawyer-representation/","/articles/criminal-law-lawyer-representation/",YES,2026-05-17T07:54:19,"170","",REST_API
7441,article,publish,"חקירת ביטוח: חברת הביטוח מחויבת למסור לעיון התובע את מלוא חומר החקירה מכוח הלכת סוויסה","insurance-company-prosecutor-investigation-ruling","https://jus-tice.co.il/articles/insurance-company-prosecutor-investigation-ruling/","/articles/insurance-company-prosecutor-investigation-ruling/",YES,2026-05-16T23:50:36,"34","",REST_API
7426,article,publish,"הסמכת תובעים פליליים ברשויות המקומיות ובוועדות המקומיות לתכנון ולבניה","criminal","https://jus-tice.co.il/articles/criminal/","/articles/criminal/",YES,2026-05-16T23:50:36,"170","",REST_API
7424,article,publish,"מערך התביעה הפלילית ברשויות המקומיות  ובוועדות המקומיות לתכנון ולבנייה","lawsuit-criminal","https://jus-tice.co.il/articles/lawsuit-criminal/","/articles/lawsuit-criminal/",YES,2026-05-16T23:50:39,"170","",REST_API
7421,article,publish,"סגירת תיק פלילי בעילת &#8220;חוסר ראיות&#8221; ובעילת &#8220;העדר אשמה&#8221;","criminal-evidence","https://jus-tice.co.il/articles/criminal-evidence/","/articles/criminal-evidence/",YES,2026-05-16T23:50:41,"170","",REST_API
7400,article,publish,"עורך דין הודו | עו&#8221;ד ישראלי בהודו","india-lawyers","https://jus-tice.co.il/articles/india-lawyers/","/articles/india-lawyers/",YES,2026-05-17T07:54:01,"308","",REST_API
7397,article,publish,"כללי מינימום סטנדרטיים לטיפול באסירים לפי אמנת ז&#8217;נבה | עו&#8221;ד פלילי","standard-minimum-rules-for-treatment-of-prisoners","https://jus-tice.co.il/articles/standard-minimum-rules-for-treatment-of-prisoners/","/articles/standard-minimum-rules-for-treatment-of-prisoners/",YES,2026-05-16T23:34:16,"170","",REST_API
7386,article,publish,"אקטואר מהו? מדע אקטוארי","article-7386","https://jus-tice.co.il/articles/article-7386/","/articles/article-7386/",YES,2026-05-16T23:50:41,"34","",REST_API
7384,article,publish,"זיכוי נאשם בתקיפת בת זוג מחמת הספק | שופט איל כהן ת&#8221;פ36253-05-20","acquittal-defendant-judge-36253-05-20","https://jus-tice.co.il/articles/acquittal-defendant-judge-36253-05-20/","/articles/acquittal-defendant-judge-36253-05-20/",YES,2026-05-16T23:50:41,"656","",REST_API
7249,article,publish,"מדוע עורכי דין בעיר תל אביב נחשבים למובחרים ביותר?","tel-aviv-city-best-lawyers","https://jus-tice.co.il/articles/tel-aviv-city-best-lawyers/","/articles/tel-aviv-city-best-lawyers/",YES,2026-05-16T23:34:16,"308","",REST_API
7346,article,publish,"עו&#8221;ד פלילי: ייעוץ ראשוני לנאשם בפלילים","criminal-consultation-defendant","https://jus-tice.co.il/articles/criminal-consultation-defendant/","/articles/criminal-consultation-defendant/",YES,2026-05-16T23:50:43,"170","",REST_API
7334,article,publish,"חלוקת דירה שיתופית בגירושין- בהסתמך על מחיר שמאות או במחיר התמחרות שוק","apartment-divorce-price-appraisal","https://jus-tice.co.il/articles/apartment-divorce-price-appraisal/","/articles/apartment-divorce-price-appraisal/",YES,2026-05-16T23:50:43,"392","",REST_API
7323,article,publish,"האם ליקויי בניה נזילות מים ורטיבות בדירה שנרכשה מקבלן מצדיקים את ביטול הסכם הרכישה","decision28925-09-17","https://jus-tice.co.il/articles/decision28925-09-17/","/articles/decision28925-09-17/",YES,2026-05-16T23:34:18,"234","",REST_API
7319,article,publish,"ערעור בגין הטלת עיצומים מנהלים בסך 329,700 ש&#8221;ח בשל הפרות הנטענות של חוק הגנת הצרכן, מצג שווא בדבר חוב שלא קיים והפרות חובות גילוי בנושאים שונים (עש&#8221;א 1838-03-21)","decision1838-03-21","https://jus-tice.co.il/articles/decision1838-03-21/","/articles/decision1838-03-21/",YES,2026-05-16T23:34:18,"312","",REST_API
7316,article,publish,"פיצוי 2,616,347 ש&#8221;ח לנהגת רכב שנפגעה מרכב כשעצרה את רכבה במפרץ חניה לאוטובוסים (ת&#8221;א 17331-01-17)","decision17331-01-17","https://jus-tice.co.il/articles/decision17331-01-17/","/articles/decision17331-01-17/",YES,2026-05-16T23:34:18,"648","",REST_API
7310,article,publish,"השופטת עפרה גיא: פסק דין בעניין תביעות רכושיות של בני זוג שנפרדו (תלה&#8221;מ 66529-11-19)","family-law","https://jus-tice.co.il/articles/family-law/","/articles/family-law/",YES,2022-06-02T13:58:48,"651","",REST_API
7305,article,publish,"מהי רשלנות | עוולת הרשלנות","article-7305","https://jus-tice.co.il/articles/article-7305/","/articles/article-7305/",YES,2026-05-16T23:50:43,"76","",REST_API
7303,article,publish,"הצעת חוק דיני ממונות, התשע&#8221;א-2011 עם הסברים","law-laws-2011","https://jus-tice.co.il/articles/law-laws-2011/","/articles/law-laws-2011/",YES,2026-05-16T23:50:45,"76","",REST_API
7301,article,publish,"גירושין: האם חל חרם דרבנו גרשום כאשר נמצא פסול בגט ואישה מסרבת לקבל גט שני","divorce-get-divorce","https://jus-tice.co.il/articles/divorce-get-divorce/","/articles/divorce-get-divorce/",YES,2026-05-16T23:50:45,"392","",REST_API
7285,article,publish,"ביה&#8221;ד הארצי לעבודה, סגן הנשיאה השופט אילן איטח: פס&#8221;ד בנושא פגיעה באירוע תאונתי בעבודה (בר&#8221;ע 13759-08-21)","decision13759-08-21","https://jus-tice.co.il/articles/decision13759-08-21/","/articles/decision13759-08-21/",YES,2026-05-16T23:34:20,"309","",REST_API
7279,article,publish,"השופט נפתלי שילה: הרחבת זמני שהות לאדם ללא מעמד הורי (תרומת זרע) (רמ&#8221;ש 3127-04-22)","decision3127-04-22","https://jus-tice.co.il/articles/decision3127-04-22/","/articles/decision3127-04-22/",YES,2026-05-16T23:34:20,"651","",REST_API
7276,article,publish,"פלילי: כספי חילוט לא יוכרו כהוצאה מותרת בניכוי מס הכנסה | פסק דין עליון ע&#8221;א  6077/20","decision6077-20","https://jus-tice.co.il/articles/decision6077-20/","/articles/decision6077-20/",YES,2026-05-16T23:34:20,"656","",REST_API
7266,article,publish,"השופט פליקס גורודצקי: פס&#8221;ד גירושין בתביעות לפסיקת דין הצהרתי לחזקת שיתוף בנכסים, ביטול עסקת מתנה, עוולת לשון הרע ועוד (תלה&#8221;מ 23472-02-20)","decision23472-02-20","https://jus-tice.co.il/articles/decision23472-02-20/","/articles/decision23472-02-20/",YES,2026-05-16T23:34:23,"392","",REST_API
7264,article,publish,"השופט ארז שני: פס&#8221;ד במספר תובענות לזכייה בעיזבונן של שתי מנוחות – אם ובת (ת&#8221;ע 47098-04-21)","decision47098-04-21","https://jus-tice.co.il/articles/decision47098-04-21/","/articles/decision47098-04-21/",YES,2026-05-16T23:34:23,"646","",REST_API
7262,article,publish,"הנדון: חסיון עורך דין – לקוח לעומת חובת עורך דין כלפי בית הדין בעלות חשש לרמייה והונאה של הלקוח את בית הדין וחשד למעורבותו של עורך הדין","lawyer-rabbinical-court-law-ownership-fraud-house","https://jus-tice.co.il/articles/lawyer-rabbinical-court-law-ownership-fraud-house/","/articles/lawyer-rabbinical-court-law-ownership-fraud-house/",YES,2026-05-16T23:50:45,"646","",REST_API
7260,article,publish,"פס&#8221;ד &#8211; הסכם ממון שנחתם ובוטל בפני נוטריון; העברת רישום דירה מבעלות בלעדית לבעלות משותפת &#8211; 1283069-6 &#8211; ביה&#8221;ד חיפה","prenuptial-agreement-rabbinical-court-haifa-verdict-notary-apartment","https://jus-tice.co.il/articles/prenuptial-agreement-rabbinical-court-haifa-verdict-notary-apartment/","/articles/prenuptial-agreement-rabbinical-court-haifa-verdict-notary-apartment/",YES,2026-05-16T23:50:49,"651","",REST_API
7258,article,publish,"גירושין רבני קביעת בעלות דירה שנקנתה ע&#8221;י שעבוד נכס אחד הצדדים","divorce-ownership-apartment-property","https://jus-tice.co.il/articles/divorce-ownership-apartment-property/","/articles/divorce-ownership-apartment-property/",YES,2026-05-16T23:50:49,"392","",REST_API
7256,article,publish,"רבני מזונות ילדים יסודות חיוב בדמי טיפול","child-support","https://jus-tice.co.il/articles/child-support/","/articles/child-support/",YES,2026-05-16T23:50:49,"635","",REST_API
7254,article,publish,"השופטת הילה גורביץ עובדיה: פס&#8221;ד שעניינו בתביעת מזונות, זמני שהות שווים, אך בין ההורים פערי הכנסה משמעותיים (תלה&#8221;מ 5987-10-16)","decision5987-10-16","https://jus-tice.co.il/articles/decision5987-10-16/","/articles/decision5987-10-16/",YES,2026-05-16T23:34:23,"635","",REST_API
7231,article,publish,"השופטת עידית בן דב ג&#8217;וליאן: פס&#8221;ד תביעת אב לביטול התחייבות ליתן מתנה במקרקעין לבתו הנתבעת (תמ&#8221;ש 13846-03-18)","decision13846-03-18","https://jus-tice.co.il/articles/decision13846-03-18/","/articles/decision13846-03-18/",YES,2026-05-16T23:34:25,"651","",REST_API
7228,article,publish,"פסק דין בו נדחית התנגדות לקיום צוואת המנוח ונקבע כי יש לקיימה | ת&#8221;ע 32910-02-19","decision32910-02-19","https://jus-tice.co.il/articles/decision32910-02-19/","/articles/decision32910-02-19/",YES,2026-05-16T23:34:25,"68","",REST_API
7225,article,publish,"דחיית תביעת פיצויים עובד זר מאריתראה כנגד מסעדה | פסק דין סע&#8221;ש 3695-02-19","3695-02-19-labour-court-decision","https://jus-tice.co.il/articles/3695-02-19-labour-court-decision/","/articles/3695-02-19-labour-court-decision/",YES,2026-05-16T23:34:25,"83","",REST_API
7223,article,publish,"ערכו של צ&#8217;ק מזוייף: שיק אשר חתימת עושהו זויפה, אינו אלא פיסת נייר בעלמא | תא&#8221;מ14605-01-18מנחם נ&#8217; לוי ואח&#8217;","signing-14605-01-18","https://jus-tice.co.il/articles/signing-14605-01-18/","/articles/signing-14605-01-18/",YES,2026-05-16T23:50:51,"","",REST_API
7199,article,publish,"עורך דין גירושין, דיני משפחה וצוואות | עורך דין גירושין המלצות","family-law-lawyer-divorce-wills-law-recommendations","https://jus-tice.co.il/articles/family-law-lawyer-divorce-wills-law-recommendations/","/articles/family-law-lawyer-divorce-wills-law-recommendations/",YES,2026-05-16T23:50:52,"392","",REST_API
7208,article,publish,"חיוב מזונות קטני קטנים מחיוב משפטי או מדין צדקה? תיק 1190454/6","alimony-law-1190454-6","https://jus-tice.co.il/articles/alimony-law-1190454-6/","/articles/alimony-law-1190454-6/",YES,2026-05-16T23:50:51,"646","",REST_API
7197,article,publish,"פס&#8221;ד &#8211; חלוקת &#8216;אופציות&#8217; ומניות &#8211; 1268522-4 &#8211; ביה&#8221;ד פתח תקווה","petah-tikva-rabbinical-court-verdict-8216-1268522-4","https://jus-tice.co.il/articles/petah-tikva-rabbinical-court-verdict-8216-1268522-4/","/articles/petah-tikva-rabbinical-court-verdict-8216-1268522-4/",YES,2026-05-16T23:50:54,"651","",REST_API
7195,article,publish,"תביעה כספית שהגישה האם נגד בנה ונגד רעייתו לשעבר של בנה שגרו בביתה(תמ&#8221;ש 15974-11-20)","decision15974-11-20","https://jus-tice.co.il/articles/decision15974-11-20/","/articles/decision15974-11-20/",YES,2026-05-16T23:34:28,"651","",REST_API
7193,article,publish,"ניכור הורי: החלטה הדוחה בקשה לזימון עדים להוכחת תביעת נזקין כנגד האם (רמ&#8221;ש 60362-03-22)","decision60362-03-22","https://jus-tice.co.il/articles/decision60362-03-22/","/articles/decision60362-03-22/",YES,2026-05-16T23:34:28,"651","",REST_API
7191,article,publish,"תביעת אישה לפיצוי מוסכם בגין הפרת הסכם מכר נגד בן זוגה לשעבר (תמ&#8221;ש 21029-12-21)","decision21029-12-21","https://jus-tice.co.il/articles/decision21029-12-21/","/articles/decision21029-12-21/",YES,2026-05-16T23:34:28,"651","",REST_API
7189,article,publish,"גז&#8221;ד כולל סוגיות בנוגע לנפגעי עבירות מין (תפח&#8221;ע 26671-07-21)","decision26671-07-21","https://jus-tice.co.il/articles/decision26671-07-21/","/articles/decision26671-07-21/",YES,2026-05-16T23:34:30,"656","",REST_API
7187,article,publish,"פס&#8221;ד העוסק בסכסוך בין שני אחים סביב הלוואות נטענות  (עמ&#8221;ש 56258-02-22)","decision56258-02-22","https://jus-tice.co.il/articles/decision56258-02-22/","/articles/decision56258-02-22/",YES,2026-05-16T23:34:30,"651","",REST_API
7185,article,publish,"ערעור על גובה המזונות הערכת יכולות כלכליות ופוטנציאל הכנסה (עמ&#8221;ש 60567-12-21)","decision60567-12-21","https://jus-tice.co.il/articles/decision60567-12-21/","/articles/decision60567-12-21/",YES,2026-05-16T23:34:30,"651","",REST_API
7181,article,publish,"סעיף 35 לחוק הירושה: התנגדות לקיום צוואה התקבלה הבן היורש היה מעורב בעריכת הצוואה (ת&#8221;ע 15094-01-18)","decision15094-01-18","https://jus-tice.co.il/articles/decision15094-01-18/","/articles/decision15094-01-18/",YES,2026-05-16T23:34:32,"651","",REST_API
7179,article,publish,"השופטת הילה מלר שלו: הכרעה בעניין מחלוקות כספיות משימוש בדירה לאחר מות האם (תמ&#8221;ש 54477-10-18)","decision54477-10-18","https://jus-tice.co.il/articles/decision54477-10-18/","/articles/decision54477-10-18/",YES,2026-05-16T23:34:32,"651","",REST_API
7177,article,publish,"פס&#8221;ד בתביעה לאכיפת הסכם גירושין תשלום חובות ומזונות (תלה&#8221;מ 56187-03-21)","decision56187-03-21","https://jus-tice.co.il/articles/decision56187-03-21/","/articles/decision56187-03-21/",YES,2026-05-16T23:34:32,"651","",REST_API
7174,article,publish,"פס&#8221;ד בערעור שעניינו חוקיות חיפוש סמים (ע&#8221;פ 10297-09-21)","decision10297-09-21","https://jus-tice.co.il/articles/decision10297-09-21/","/articles/decision10297-09-21/",YES,2026-05-16T23:34:35,"170","",REST_API
7170,article,publish,"פס&#8221;ד בתובענה של אישה לביצוע פס&#8221;ד בנוגע לדירה שבבעלות בן זוגה לשעבר (תלה&#8221;מ 35787-02-22)","verdict-apartment-ownership-35787-02-22","https://jus-tice.co.il/articles/verdict-apartment-ownership-35787-02-22/","/articles/verdict-apartment-ownership-35787-02-22/",YES,2026-05-16T23:50:54,"651","",REST_API
7168,article,publish,"האם ניתן להציג חוות דעת פרטית למומחה שמונה מטעם בית המשפט? (רמ&#8221;ש 6211-04-22)","legal-opinion-expert-house-6211-04-22","https://jus-tice.co.il/articles/legal-opinion-expert-house-6211-04-22/","/articles/legal-opinion-expert-house-6211-04-22/",YES,2026-05-16T23:50:54,"651","",REST_API
7166,article,publish,"פס&#8221;ד &#8211; תביעת כתובה שהגישו יורשי האישה נגד עזבון בעלה מנישואים שניים כשברור שלא התפיס צררי &#8211; 1303958-1 &#8211; ביה&#8221;ד חיפה‎‎","rabbinical-court-haifa-verdict-lawsuit-ketubah-1303958-1","https://jus-tice.co.il/articles/rabbinical-court-haifa-verdict-lawsuit-ketubah-1303958-1/","/articles/rabbinical-court-haifa-verdict-lawsuit-ketubah-1303958-1/",YES,2026-05-16T23:50:56,"651","",REST_API
7164,article,publish,"פס&#8221;ד &#8211; הפסד כתובה באישה שיזמה את הגירושין &#8211; 1236570-2 &#8211; ביה&#8221;ד חיפה‎‎","rabbinical-court-haifa-verdict-ketubah-divorce-1236570-2","https://jus-tice.co.il/articles/rabbinical-court-haifa-verdict-ketubah-divorce-1236570-2/","/articles/rabbinical-court-haifa-verdict-ketubah-divorce-1236570-2/",YES,2026-05-16T23:50:56,"651","",REST_API
7162,article,publish,"פס&#8221;ד &#8211; דחיית בקשה לביטול צו ירושה בגלל צוואה ש&#8217;נמצאה&#8217; לאחר שנים רבות &#8211; 491180-3 &#8211; ביה&#8221;ד חיפה‎‎","inheritance-order-rabbinical-court-haifa-verdict-request-cancellation","https://jus-tice.co.il/articles/inheritance-order-rabbinical-court-haifa-verdict-request-cancellation/","/articles/inheritance-order-rabbinical-court-haifa-verdict-request-cancellation/",YES,2026-05-16T23:50:56,"651","",REST_API
7160,article,publish,"האם הבעל רשאי לעכב את הגט בטענה שערכאות בארה&#8221;ב היטו את דינו &#8211; 1345115-4 &#8211; ביה&#8221;ד ירושלים","jerusalem-rabbinical-court-get-divorce-claim-1345115-4","https://jus-tice.co.il/articles/jerusalem-rabbinical-court-get-divorce-claim-1345115-4/","/articles/jerusalem-rabbinical-court-get-divorce-claim-1345115-4/",YES,2026-05-16T23:50:58,"651","",REST_API
7158,article,publish,"פס&#8221;ד &#8211; הסכם מתנה בין בני זוג כמבסס קניין ומוכיח כוונת שיתוף אף ללא רישום &#8211; 809633-3 &#8211; ביה&#8221;ד הגדול‎‎","rabbinical-court-verdict-agreement-809633-3","https://jus-tice.co.il/articles/rabbinical-court-verdict-agreement-809633-3/","/articles/rabbinical-court-verdict-agreement-809633-3/",YES,2026-05-16T23:50:58,"651","",REST_API
7156,article,publish,"דחיית דרישה לעיכוב גירושין לשם הזמת טענות שלא החל בירורן שפסיקת הגירושין אינה מושתתת עליהן ושהזמתן מבוקשת לצורך הליך אחר &#8211; 1353339-1 &#8211; ביה&#8221;ד הגדול‎‎","rabbinical-court-divorce-claims-process-1353339-1","https://jus-tice.co.il/articles/rabbinical-court-divorce-claims-process-1353339-1/","/articles/rabbinical-court-divorce-claims-process-1353339-1/",YES,2026-05-16T23:50:58,"651","",REST_API
7153,article,publish,"פס&#8221;ד &#8211; חיוב גט בגין מאיסות אישה בבעל פירוד ממושך ומשניכר כי פני הצדדים לגירושין &#8211; 1343730-1 &#8211; ביה&#8221;ד הגדול","rabbinical-court-verdict-get-divorce-divorce-1343730-1","https://jus-tice.co.il/articles/rabbinical-court-verdict-get-divorce-divorce-1343730-1/","/articles/rabbinical-court-verdict-get-divorce-divorce-1343730-1/",YES,2026-05-16T23:51:01,"651","",REST_API
7145,article,publish,"עונש פלילי נאשם ברצח אישה בנתניה (תפ&#8221;ח 4710-11-18)","punishment-criminal-defendant-4710-11-18","https://jus-tice.co.il/articles/punishment-criminal-defendant-4710-11-18/","/articles/punishment-criminal-defendant-4710-11-18/",YES,2026-05-16T23:51:01,"656","",REST_API
7140,article,publish,"אישור תביעה ייצוגית מקדונלד&#8217;ס טענת הטעייה בהגדלת התוספת והשתייה","approval-lawsuit","https://jus-tice.co.il/articles/approval-lawsuit/","/articles/approval-lawsuit/",YES,2026-05-16T23:51:01,"","",REST_API
7124,article,publish,"הכנות לגירושין: מה לעשות עכשיו אם אתה שוקל להתגרש","what-to-do-now-if-you-are-considering-a-divorce","https://jus-tice.co.il/articles/what-to-do-now-if-you-are-considering-a-divorce/","/articles/what-to-do-now-if-you-are-considering-a-divorce/",YES,2026-05-16T23:34:34,"392","",REST_API
7122,article,publish,"פסק דין בערעור על החלטה בעניין מזונות זמניים ללא שנבדקו צרכי הילדים ונקבעו רמות שכר (רמ&#8221;ש 29980-04-22)","verdict-appeal-decision-alimony-29980-04-22","https://jus-tice.co.il/articles/verdict-appeal-decision-alimony-29980-04-22/","/articles/verdict-appeal-decision-alimony-29980-04-22/",YES,2026-05-16T23:51:03,"651","",REST_API
7113,article,publish,"חלוקת דירה הרשומה על שם האישה משיקולי מס אשר נרכשה מכספים משותפים","apartment-tax-partners","https://jus-tice.co.il/articles/apartment-tax-partners/","/articles/apartment-tax-partners/",YES,2026-05-16T23:51:03,"646","",REST_API
7111,article,publish,"זיכוי נאשמת מעבירת השגת מידע ממרשם פלילי (ת&#8221;פ 26290-04-18)","acquittal-offense-criminal-26290-04-18","https://jus-tice.co.il/articles/acquittal-offense-criminal-26290-04-18/","/articles/acquittal-offense-criminal-26290-04-18/",YES,2026-05-16T23:51:03,"642","",REST_API
7109,article,publish,"פיצוי בגין תאונת דרכים קורקינט (ת&#8221;א 39115-08-19)","car-accident-compensation-39115-08-19","https://jus-tice.co.il/articles/car-accident-compensation-39115-08-19/","/articles/car-accident-compensation-39115-08-19/",YES,2026-05-16T23:51:05,"76","",REST_API
7106,article,publish,"פסק דין העוסק בתביעות כספיות בתחום החוזים בנושאי פרויקטים של בנייה בתחום הנדל&#8221;ן (ת&#8221;א 40044-06-18)","verdict-lawsuits-real-estate-40044-06-18","https://jus-tice.co.il/articles/verdict-lawsuits-real-estate-40044-06-18/","/articles/verdict-lawsuits-real-estate-40044-06-18/",YES,2026-05-16T23:51:05,"234","",REST_API
7103,article,publish,"צו המורה לאם להשיב את הקטינים למקום מגוריהם הקודם (תלה&#8221;מ 7679-12-21)","7679-12-21","https://jus-tice.co.il/articles/7679-12-21/","/articles/7679-12-21/",YES,2026-05-16T23:51:05,"646","",REST_API
7101,article,publish,"פסק דין משמורת בלעדית לאם ושיתופיות יחסית במסגרת איזון משאבים (תלה&#8221;מ 37049-07-18)","verdict-custody-37049-07-18","https://jus-tice.co.il/articles/verdict-custody-37049-07-18/","/articles/verdict-custody-37049-07-18/",YES,2026-05-16T23:51:07,"646","",REST_API
7093,article,publish,"זיכוי נאשם בתקיפה הגורמת חבלה של ממש בטענה כי פעל מתוך הגנה עצמית (ת&#8221;פ 5455-11-20)","acquittal-defendant-claim-5455-11-20","https://jus-tice.co.il/articles/acquittal-defendant-claim-5455-11-20/","/articles/acquittal-defendant-claim-5455-11-20/",YES,2026-05-16T23:51:07,"642","",REST_API
7090,article,publish,"דחיית בקשה לסעדים זמניים ומתן סעד חלופי | פס&#8221;ד סטיקספיי קומיוניקיישנס בע&#8221;מ","verdict-request","https://jus-tice.co.il/articles/verdict-request/","/articles/verdict-request/",YES,2026-05-16T23:51:07,"","",REST_API
7079,article,publish,"פסק דין פיצויי פיטורין תביעה להרמת מסך התקבלה","verdict-compensation-lawsuit","https://jus-tice.co.il/articles/verdict-compensation-lawsuit/","/articles/verdict-compensation-lawsuit/",YES,2026-05-16T23:51:10,"","",REST_API
7077,article,publish,"מגדלי הצעירים- קבוצת רכישה תחולת דיני חוק המכר דירות | גבאי ואח&#8217; נ&#8217; קבוצת חג&#8217;ג&#8217;","laws-law-apartments","https://jus-tice.co.il/articles/laws-law-apartments/","/articles/laws-law-apartments/",YES,2026-05-16T23:51:10,"","",REST_API
7073,article,publish,"האם יש לחייב את הבעל לשלם לאשה לשעבר פיצוי בגין הפרשי שכר בין הצדדים? (תלה&#8221;מ 7837-01-19)","compensation-7837-01-19","https://jus-tice.co.il/articles/compensation-7837-01-19/","/articles/compensation-7837-01-19/",YES,2026-05-16T23:51:12,"646","",REST_API
7070,article,publish,"תביעה בגין פיצויי פיטורים ובנוסף פיצויי הלנת פיצויי פיטורים שהתקבלה במלואה","lawsuit-compensation","https://jus-tice.co.il/articles/lawsuit-compensation/","/articles/lawsuit-compensation/",YES,2026-05-16T23:51:12,"83","",REST_API
7067,article,publish,"פיצוי 448 אלף שח לעובד שהחליק על רצפה רטובה","compensation-448","https://jus-tice.co.il/articles/compensation-448/","/articles/compensation-448/",YES,2026-05-16T23:51:12,"76","",REST_API
7065,article,publish,"בקשה לגילוי מסמכים בהתאם להוראות סעיף 46 (א) לתקנות בית הדין לעבודה","rabbinical-court-request-regulations-46","https://jus-tice.co.il/articles/rabbinical-court-request-regulations-46/","/articles/rabbinical-court-request-regulations-46/",YES,2026-05-16T23:51:14,"83","",REST_API
7063,article,publish,"בקשה לאישור הסדר חוב ובקשות למתן צו לפתיחת הליכים ואישור תכנית לשיקום כלכלי (חדל&#8221;ת 11879-05-22)","request-approval-procedure-proceedings-11879-05-22","https://jus-tice.co.il/articles/request-approval-procedure-proceedings-11879-05-22/","/articles/request-approval-procedure-proceedings-11879-05-22/",YES,2026-05-16T23:51:14,"","",REST_API
7059,article,publish,"פלילי: זיכוי מכתב-האישום נוכח תחולתה של הגנת &#8220;זוטי דברים&#8221; (ת&#8221;פ 4122-08-21)","criminal-acquittal-4122-08-21","https://jus-tice.co.il/articles/criminal-acquittal-4122-08-21/","/articles/criminal-acquittal-4122-08-21/",YES,2026-05-16T23:51:14,"170","",REST_API
7057,article,publish,"גירושין יחסי ממון: הבעל ישא בתשלום ההלואה ולא חייב לאישה מחצית מהמגרש","dissolution","https://jus-tice.co.il/articles/dissolution/","/articles/dissolution/",YES,2026-05-16T23:50:27,"646","",REST_API
7055,article,publish,"חיוב עורכת דין בפיצוי לקוחות בגין אי יידועם בדבר קיום צו הריסה (ת&#8221;א 13590-07-17)","attorney-compensation-13590-07-17","https://jus-tice.co.il/articles/attorney-compensation-13590-07-17/","/articles/attorney-compensation-13590-07-17/",YES,2026-05-16T23:51:16,"","",REST_API
7048,article,publish,"פרשנות הסכם גירושין שיש בו ספק בסעיף הוויתור בפנסיה","divorce-agreement-pension","https://jus-tice.co.il/articles/divorce-agreement-pension/","/articles/divorce-agreement-pension/",YES,2026-05-16T23:51:16,"646","",REST_API
7038,article,publish,"איתור עורך דין | מציאת עורך דין מוסמך קרוב אליך","lawyer-law","https://jus-tice.co.il/articles/lawyer-law/","/articles/lawyer-law/",YES,2026-05-16T23:51:16,"308","",REST_API
7035,article,publish,"חלוקת דירה לפי רישום לא שוויוני על פי הסכם ממון שלא אושר כדין","prenuptial-agreement-apartment-law","https://jus-tice.co.il/articles/prenuptial-agreement-apartment-law/","/articles/prenuptial-agreement-apartment-law/",YES,2026-05-16T23:51:19,"","",REST_API
7033,article,publish,"גזר-דין למורשע בעבירות איומים כלפי גרושתו (ת&#8221;פ 11078-11-21)","law-offenses-11078-11-21","https://jus-tice.co.il/articles/law-offenses-11078-11-21/","/articles/law-offenses-11078-11-21/",YES,2026-05-16T23:51:19,"642","",REST_API
7031,article,publish,"היקף חומר החקירה שיש למסור לעיון התובע בעיתוי הנדחה אשר נקבע מכוח הלכת סוויסה וסוגיות נוספות (ת&#8221;א 48441-01-15)","investigation-prosecutor-ruling-48441-01-15","https://jus-tice.co.il/articles/investigation-prosecutor-ruling-48441-01-15/","/articles/investigation-prosecutor-ruling-48441-01-15/",YES,2026-05-16T23:51:19,"642","",REST_API
7029,article,publish,"עונש פלילי לנאשם במעשה מגונה בנסיבות מחמירות במשפחה (תפ&#8221;ח 27796-06-20)","punishment-criminal-defendant-family-27796-06-20","https://jus-tice.co.il/articles/punishment-criminal-defendant-family-27796-06-20/","/articles/punishment-criminal-defendant-family-27796-06-20/",YES,2026-05-16T23:51:21,"642","",REST_API
7027,article,publish,"החלטה בבקשת אם למשמורת זמנית של קטין ולהעברתו לטיפולה והשגחתה לנוכח ניכור הורי וסיכון הקטין (תלה&#8221;מ 20158-01-22)","parental-alienation-decision-petition-custody-20158-01-22","https://jus-tice.co.il/articles/parental-alienation-decision-petition-custody-20158-01-22/","/articles/parental-alienation-decision-petition-custody-20158-01-22/",YES,2026-05-16T23:51:21,"646","",REST_API
7025,article,publish,"חישוב שיעור חיובו של אב שאינו מנצל את מלוא כושר השתכרותו במזונות ילדו (עמ&#8221;ש 38131-07-21)","alimony-38131-07-21","https://jus-tice.co.il/articles/alimony-38131-07-21/","/articles/alimony-38131-07-21/",YES,2026-05-16T23:51:21,"646","",REST_API
7023,article,publish,"מתי יוגדר קטין כמרדן ומדוע ימנע בית המשפט מחלוקת פנסיה נוכח בטלנותו של בן הזוג האחר? (עמ&#8221;ש 45248-10-21)","house-pension-45248-10-21","https://jus-tice.co.il/articles/house-pension-45248-10-21/","/articles/house-pension-45248-10-21/",YES,2026-05-16T23:51:23,"646","",REST_API
7021,article,publish,"האם תניית בוררות זרה בהסכם מקוון שבין יצרן בינ&#8221;ל למפיץ ישראלי, היא תנאי מקפח בחוזה אחיד (ת&#8221;א 28163-07-20)","arbitration-agreement-israeli-contract-28163-07-20","https://jus-tice.co.il/articles/arbitration-agreement-israeli-contract-28163-07-20/","/articles/arbitration-agreement-israeli-contract-28163-07-20/",YES,2026-05-16T23:51:23,"312","",REST_API
7019,article,publish,"מי נחשב &#8220;מעוניין בדבר&#8221; בעל זכות לצורך הגשת התנגדות לצוואה (רמ&#8221;ש 37707-12-21)","right-will-37707-12-21","https://jus-tice.co.il/articles/right-will-37707-12-21/","/articles/right-will-37707-12-21/",YES,2026-05-16T23:51:23,"646","",REST_API
7002,article,publish,"מזונות הילדים – תשלום פעוטון, צהרון ומחציות &#8211; 1161022-12 &#8211; ביה&#8221;ד באר שבע","beer-sheva-rabbinical-court-alimony-1161022-12","https://jus-tice.co.il/articles/beer-sheva-rabbinical-court-alimony-1161022-12/","/articles/beer-sheva-rabbinical-court-alimony-1161022-12/",YES,2026-05-16T23:51:25,"646","",REST_API
6982,article,publish,"כתובה למי שתבעה גירושין לאחר אירוע אלימות &#8211; 1170551-5 &#8211; ביה&#8221;ד תל אביב יפו","tel-aviv-rabbinical-court-ketubah-divorce-1170551-5","https://jus-tice.co.il/articles/tel-aviv-rabbinical-court-ketubah-divorce-1170551-5/","/articles/tel-aviv-rabbinical-court-ketubah-divorce-1170551-5/",YES,2026-05-16T23:51:25,"646","",REST_API
6980,article,publish,"השבת המשמורת לאם לאחר טיפול פסיכולוגי","custody","https://jus-tice.co.il/articles/custody/","/articles/custody/",YES,2026-05-16T23:51:25,"646","",REST_API
6965,article,publish,"אי אכיפת הסכם אי תחרות וסודיות | הנשיא אלכס קוגן: פס&#8221;ד בנושא חופש העיסוק (סע&#8221;ש 49088-11-18)","verdict-enforcement-agreement-49088-11-18","https://jus-tice.co.il/articles/verdict-enforcement-agreement-49088-11-18/","/articles/verdict-enforcement-agreement-49088-11-18/",YES,2026-05-16T23:51:27,"83","",REST_API
6943,article,publish,"השופט אריאל ממן: החלטה למתן צו הגנה למניעת אלימות במשפחה (ה&#8221;ט 40857-03-22)","protection-order-judge-decision-family-40857-03-22","https://jus-tice.co.il/articles/protection-order-judge-decision-family-40857-03-22/","/articles/protection-order-judge-decision-family-40857-03-22/",YES,2026-05-16T23:51:27,"646","",REST_API
6937,article,publish,"חיוב גט גירושין ודחיית בקשת האיש לדון בעילות נוספות מיותרות","get-divorce-divorce-petition","https://jus-tice.co.il/articles/get-divorce-divorce-petition/","/articles/get-divorce-divorce-petition/",YES,2026-05-16T23:51:27,"646","",REST_API
6935,article,publish,"שכר כונס נכסים שלא השלים את מלאכתו","properties","https://jus-tice.co.il/articles/properties/","/articles/properties/",YES,2026-05-16T23:51:30,"646","",REST_API
6933,article,publish,"דחיית תביעת לשון הרע | השופט אביים ברקאי פסקי דין 2022","defamation-lawsuit-judge-law-2022","https://jus-tice.co.il/articles/defamation-lawsuit-judge-law-2022/","/articles/defamation-lawsuit-judge-law-2022/",YES,2026-05-16T23:51:29,"129","",REST_API
6927,article,publish,"&#8216;חובת אישור הסכם המהווה השלמה להסכם ממון או גירושין, אף אם הוגדר &#8216;הסכם מכר&#8217;, ובטלותו משאושר שלא כדין &#8211; 1333563-1 &#8211; ביה&#8221;ד הגדול&#8217;‎‎","prenuptial-agreement-rabbinical-court-approval-agreement-divorce-law","https://jus-tice.co.il/articles/prenuptial-agreement-rabbinical-court-approval-agreement-divorce-law/","/articles/prenuptial-agreement-rabbinical-court-approval-agreement-divorce-law/",YES,2026-05-16T23:51:29,"646","",REST_API
6925,article,publish,"פיצויים לעובד שפוטר מעבודתו לאלתר וללא עריכת שימוע כדין | פסק דין סע&#8221;ש 31439-10-17","verdict-damages-law-31439-10-17","https://jus-tice.co.il/articles/verdict-damages-law-31439-10-17/","/articles/verdict-damages-law-31439-10-17/",YES,2026-05-16T23:51:32,"83","",REST_API
6922,article,publish,"תביעה בגין רשלנות מקצועית של רואה חשבון | פסק דין (ת&#8221;א 55450-03-20)","verdict-lawsuit-accountant-account-55450-03-20","https://jus-tice.co.il/articles/verdict-lawsuit-accountant-account-55450-03-20/","/articles/verdict-lawsuit-accountant-account-55450-03-20/",YES,2026-05-16T23:51:32,"76","",REST_API
6916,article,publish,"שיעור הפיצוי בגין ליקויי בנייה בדירה שנרכשה | ליקויים מהותיים המצדיקים החלפת הריצוף","compensation-apartment","https://jus-tice.co.il/articles/compensation-apartment/","/articles/compensation-apartment/",YES,2026-05-16T23:51:32,"309","",REST_API
6913,article,publish,"מיהו שופט? סוגי שופטים | מהו תפקידו של שופט בית משפט","court-judge","https://jus-tice.co.il/articles/court-judge/","/articles/court-judge/",YES,2026-05-16T23:34:35,"632","",REST_API
6903,article,publish,"קביעת גדר חיוב האב במזונות קטנים מעל גיל שש, על פי שיטת הרשבא","alimony","https://jus-tice.co.il/articles/alimony/","/articles/alimony/",YES,2026-05-16T23:51:34,"646","",REST_API
6901,article,publish,"חזקת חוב לצד ג&#8217; שאכן חוב הוא ובר־איזון וחובת הראיה על הטוען אחרת | איזון משאבים","evidence","https://jus-tice.co.il/articles/evidence/","/articles/evidence/",YES,2026-05-16T23:51:34,"646","",REST_API
6899,article,publish,"העדר שיתוף ספציפי בנכס שנרשם על שם הבעל רק משיקולי מס | גירושין חלוקת רכוש","property-division-property-tax-divorce","https://jus-tice.co.il/articles/property-division-property-tax-divorce/","/articles/property-division-property-tax-divorce/",YES,2026-05-16T23:51:34,"646","",REST_API
6894,article,publish,"מה זה אפוסטיל? אישור אפוסטיל בישראל","apostille","https://jus-tice.co.il/articles/apostille/","/articles/apostille/",YES,2026-05-16T23:34:37,"632","",REST_API
6892,article,publish,"הטיפול בנפגעי עבירות מין בהליך הפלילי – דין וחשבון","sex-offenses-process-criminal-law-account","https://jus-tice.co.il/articles/sex-offenses-process-criminal-law-account/","/articles/sex-offenses-process-criminal-law-account/",YES,2026-05-16T23:51:36,"170","",REST_API
6890,article,publish,"האם לנציב שירות המדינה יש סמכות לחתום על חוזים מיוחדים?","law-jurisdiction","https://jus-tice.co.il/articles/law-jurisdiction/","/articles/law-jurisdiction/",YES,2026-05-17T07:54:22,"83","",REST_API
6889,article,publish,"דנפ 5387/20 רפי רותם נ&#8217; מדינת ישראל","israel-5387-20","https://jus-tice.co.il/articles/israel-5387-20/","/articles/israel-5387-20/",YES,2026-05-16T23:51:39,"642","",REST_API
6888,article,publish,"הערות הסניגוריה הציבורית לתזכיר חוק-יסוד: זכויות בחקירה ובמשפט פלילי","criminal-law-law-rights-investigation","https://jus-tice.co.il/articles/criminal-law-law-rights-investigation/","/articles/criminal-law-law-rights-investigation/",YES,2026-05-16T23:51:39,"642","",REST_API
6886,article,publish,"מהו בית משפט?","court","https://jus-tice.co.il/articles/court/","/articles/court/",YES,2026-05-16T23:51:39,"632","",REST_API
6884,article,publish,"מחיקת כתב אישום | חזרה מכתב אישום | ביטול כתב אישום","indictment-cancellation","https://jus-tice.co.il/articles/indictment-cancellation/","/articles/indictment-cancellation/",YES,2026-05-16T23:51:41,"170","",REST_API
6882,article,publish,"שקיפות ושיתוף הציבור בנתוני פשיעה ופעילות משטרה","article-6882","https://jus-tice.co.il/articles/article-6882/","/articles/article-6882/",YES,2026-05-16T23:51:41,"642","",REST_API
6880,article,publish,"ההליך הפלילי: פרקליטות המדינה מול חטיבת תביעות המשטרה","process-criminal-prosecution-law-lawsuits","https://jus-tice.co.il/articles/process-criminal-prosecution-law-lawsuits/","/articles/process-criminal-prosecution-law-lawsuits/",YES,2026-05-16T23:51:41,"170","",REST_API
6861,article,publish,"שכר טרחה עורך דין רשלנות רפואית","medical-malpractice-attorney","https://jus-tice.co.il/articles/medical-malpractice-attorney/","/articles/medical-malpractice-attorney/",YES,2026-05-16T23:51:44,"76","",REST_API
6857,article,publish,"השופטת אורית יהלומי: החלטה בבקשה למינוי מנהל עיזבון כמפורט בצוואה והתנגדות לבקשה (ת&#8221;א 21159-07-21)","judge-decision-request-estate-will-21159-07-21","https://jus-tice.co.il/articles/judge-decision-request-estate-will-21159-07-21/","/articles/judge-decision-request-estate-will-21159-07-21/",YES,2026-05-16T23:51:44,"646","",REST_API
6855,article,publish,"ערעור על החלטת מינוי שמאי מקרקעין- עזבון צו ירושה (רמ&#8221;ש 61112-02-22)","inheritance-order-appeal-decision-appraiser-real-estate-61112-02-22","https://jus-tice.co.il/articles/inheritance-order-appeal-decision-appraiser-real-estate-61112-02-22/","/articles/inheritance-order-appeal-decision-appraiser-real-estate-61112-02-22/",YES,2026-05-16T23:51:44,"646","",REST_API
6853,article,publish,"בקשה להעתקת חומרי חקירה ומסמכים בהליכים המתנהלים בפרקליטות המדינה","request-investigation-proceedings-prosecution-law","https://jus-tice.co.il/articles/request-investigation-proceedings-prosecution-law/","/articles/request-investigation-proceedings-prosecution-law/",YES,2026-05-16T23:51:46,"170","",REST_API
6847,article,publish,"השופטת אורית בן דור ליבל: החלטה בבקשה לסעד הצהרתי על זכויות בדירה (תמ&#8221;ש 50682-04-17)","judge-decision-request-rights-apartment-50682-04-17","https://jus-tice.co.il/articles/judge-decision-request-rights-apartment-50682-04-17/","/articles/judge-decision-request-rights-apartment-50682-04-17/",YES,2026-05-16T23:51:46,"646","",REST_API
6839,article,publish,"גירושין: פס&#8221;ד הצהרתי, שמירת זכויות, רכושית, פירוק שיתוף, פיצוי משווה","dissolution-partnership-verdict-divorce-rights-property-compensation","https://jus-tice.co.il/articles/dissolution-partnership-verdict-divorce-rights-property-compensation/","/articles/dissolution-partnership-verdict-divorce-rights-property-compensation/",YES,2026-05-16T23:51:46,"646","",REST_API
6834,article,publish,"סמכות בית הדין בתביעת גירושין כרוכה של אזרח, גם אם אינו תושב, בהתקיים זיקות שדי בהן כדי לראות בו &#8216;יהודי בישראל&#8217; &#8211; 1353166-2 &#8211; ביה&#8221;ד הגדול‎‎","rabbinical-court-jurisdiction-lawsuit-divorce-israel-8216","https://jus-tice.co.il/articles/rabbinical-court-jurisdiction-lawsuit-divorce-israel-8216/","/articles/rabbinical-court-jurisdiction-lawsuit-divorce-israel-8216/",YES,2026-05-16T23:51:48,"640","",REST_API
6830,article,publish,"סמכויות בית הדין הרבני ליישום ואכיפת הסכם שאישר בנוגע להסדרי שהות, אף שלא &#8216;דן ופסק&#8217;, ולמינוי אפוטרופוס לדין &#8211; 1289509-1 &#8211; ביה&#8221;ד הגדול‎‎","rabbinical-court-visitation-arrangements-authority-enforcement-agreement-law","https://jus-tice.co.il/articles/rabbinical-court-visitation-arrangements-authority-enforcement-agreement-law/","/articles/rabbinical-court-visitation-arrangements-authority-enforcement-agreement-law/",YES,2026-05-16T23:51:48,"646","",REST_API
6824,article,publish,"חובת המזונות כנגזרת של צורכי הילדים ויכולות האב; משמעותה של יכולת השתכרות – הגדרות, עקרונות ויישום &#8211; 1320290-1- ביה&#8221;ד הגדול‎‎","rabbinical-court-alimony-1320290-1","https://jus-tice.co.il/articles/rabbinical-court-alimony-1320290-1/","/articles/rabbinical-court-alimony-1320290-1/",YES,2026-05-16T23:51:48,"646","",REST_API
6821,article,publish,"בקשה לפסילת הרכב בית דין רבני | חשש למשוא פנים של בית הדין ולהטיית הדין","rabbinical-court-request-law","https://jus-tice.co.il/articles/rabbinical-court-request-law/","/articles/rabbinical-court-request-law/",YES,2026-05-16T23:51:51,"640","",REST_API
6819,article,publish,"גירושים: בעלות וחלוקת אתר אינטרנט | חלוקת רכוש בין בני זוג","property-division-divorce-ownership","https://jus-tice.co.il/articles/property-division-divorce-ownership/","/articles/property-division-divorce-ownership/",YES,2026-05-16T23:51:51,"646","",REST_API
6814,article,publish,"צו ירושה אונליין עם חותמת אפוסטיל","inheritance-order-6814","https://jus-tice.co.il/articles/inheritance-order-6814/","/articles/inheritance-order-6814/",YES,2026-05-16T23:51:51,"75","",REST_API
6809,article,publish,"עבירות מין- מהי עבירת מין? סוגי העבירות ועונשן הפלילי","sexual-offenses","https://jus-tice.co.il/articles/sexual-offenses/","/articles/sexual-offenses/",YES,2026-05-16T23:34:37,"170","",REST_API
6802,article,publish,"מהי משטרה? משטרת ישראל","israel-police","https://jus-tice.co.il/articles/israel-police/","/articles/israel-police/",YES,2026-05-16T23:34:37,"170","",REST_API
6797,article,publish,"מגזין עורך דין מומלץ: נבחרת החלומות של עורכי הדין","lawyer-recommended-lawyers-law","https://jus-tice.co.il/articles/lawyer-recommended-lawyers-law/","/articles/lawyer-recommended-lawyers-law/",YES,2026-05-16T23:51:53,"","",REST_API
6795,article,publish,"העברת מסמכים מתיק משפחה לצורך הליך פלילי (רמ&#8221;ש 46235-12-21)","family-process-criminal-46235-12-21","https://jus-tice.co.il/articles/family-process-criminal-46235-12-21/","/articles/family-process-criminal-46235-12-21/",YES,2026-05-16T23:51:53,"646","",REST_API
6793,article,publish,"הליכי גירושין יוצרים דינים מיוחדים בין בני הזוג","proceedings-divorce","https://jus-tice.co.il/articles/proceedings-divorce/","/articles/proceedings-divorce/",YES,2026-05-16T23:51:53,"68","",REST_API
6791,article,publish,"השופט איתי הרמלין: החלטה בטענות מקדמיות בקובלנה פלילית באישום ללשון הרע (ק&#8221;פ 44355-02-21)","defamation-judge-decision-claims-criminal-44355-02-21","https://jus-tice.co.il/articles/defamation-judge-decision-claims-criminal-44355-02-21/","/articles/defamation-judge-decision-claims-criminal-44355-02-21/",YES,2026-05-16T23:51:55,"129","",REST_API
6789,article,publish,"החיסיון המוענק לפרסומי לשון הרע תוך כדי דיון שיפוטי לפי סעיף 13( 5 )לחוק איסור לשון הרע הוא חיסיון מוחלט  (ת&#8221;א 16763-09-21)","defamation-law-13-5-16763-09-21","https://jus-tice.co.il/articles/defamation-law-13-5-16763-09-21/","/articles/defamation-law-13-5-16763-09-21/",YES,2026-05-16T23:51:55,"129","",REST_API
6786,article,publish,"אלימות כלפי נשים – הזכות של האישה שהאיש יניח לה לנפשה. הזכות להגיד &#8220;לא&#8221;","right","https://jus-tice.co.il/articles/right/","/articles/right/",YES,2026-05-16T23:51:55,"646","",REST_API
6784,article,publish,"השופטת אורית בן דור ליבל: החלטה בתביעה רכושית מועד הקרע בגירושין לצורך איזון משאבים בין בני זוג לשעבר (תלה&#8221;מ 23952-08-19)","judge-decision-lawsuit-property-witness-divorce","https://jus-tice.co.il/articles/judge-decision-lawsuit-property-witness-divorce/","/articles/judge-decision-lawsuit-property-witness-divorce/",YES,2026-05-16T23:51:57,"646","",REST_API
6782,article,publish,"בימ&#8221;ש מחוזי ת&#8221;א, השופט נפתלי שילה: פס&#8221;ד בערעור על החלטה שקובעת שאב יפגש עם בנו הקטין במרכז קשר לאחר שהוקפאו זמני השהות (רמ&#8221;ש 45292-12-21)","verdict-contracts-judge-appeal-decision-45292-12-21","https://jus-tice.co.il/articles/verdict-contracts-judge-appeal-decision-45292-12-21/","/articles/verdict-contracts-judge-appeal-decision-45292-12-21/",YES,2026-05-16T23:51:57,"646","",REST_API
6780,article,publish,"ירושה: פסק דין בתביעות של אישה למתן חשבונות כנגד אחיו של בן זוגה לשעבר המנוח (תמ&#8221;ש 59182-12-13)","verdict-inheritance-lawsuits-accounts-59182-12-13","https://jus-tice.co.il/articles/verdict-inheritance-lawsuits-accounts-59182-12-13/","/articles/verdict-inheritance-lawsuits-accounts-59182-12-13/",YES,2026-05-16T23:51:57,"646","",REST_API
6778,article,publish,"תביעה לפי חוק לשון הרע בעקבות פרסומים של מוביל דעת קהל בפייסבוק נגד עמוד עסקי (ע&#8221;א 52301-10-20)","defamation-lawsuit-law-business-52301-10-20","https://jus-tice.co.il/articles/defamation-lawsuit-law-business-52301-10-20/","/articles/defamation-lawsuit-law-business-52301-10-20/",YES,2026-05-16T23:51:59,"129","",REST_API
6776,article,publish,"ירושה: תביעות במסגרת סכסוך בין אלמנה וילדיה ואמו של הנפטר הנוגעות לזכויות על דירה (תמ&#8221;ש 7662-07-18)","inheritance-lawsuits-rights-apartment-7662-07-18","https://jus-tice.co.il/articles/inheritance-lawsuits-rights-apartment-7662-07-18/","/articles/inheritance-lawsuits-rights-apartment-7662-07-18/",YES,2026-05-16T23:51:59,"646","",REST_API
6773,article,publish,"השופט עדי הדר: דחית טענה של שוכר עסק כי המשכיר ביטל את הסכם השכירות ללא הסכמתו (ת&#8221;א 58579-07-20)","judge-claim-business-agreement-lease-58579-07-20","https://jus-tice.co.il/articles/judge-claim-business-agreement-lease-58579-07-20/","/articles/judge-claim-business-agreement-lease-58579-07-20/",YES,2026-05-16T23:51:59,"312","",REST_API
6771,article,publish,"השופטת אספרנצה אלון: פס&#8221;ד בבר&#8221;ע על החלטה ביחס לבקשה למינוי אפוטרופוס (רמ&#8221;ש 49897-12-21)","verdict-judge-decision-request-49897-12-21","https://jus-tice.co.il/articles/verdict-judge-decision-request-49897-12-21/","/articles/verdict-judge-decision-request-49897-12-21/",YES,2026-05-16T23:52:01,"646","",REST_API
6768,article,publish,"השופט סארי ג&#8217;יוסי: החלטה בחובת ההנמקה בהחלטות בעניין גובה דמי-מזונות זמניים (רמ&#8221;ש 57290-01-22)","judge-decision-alimony-57290-01-22","https://jus-tice.co.il/articles/judge-decision-alimony-57290-01-22/","/articles/judge-decision-alimony-57290-01-22/",YES,2026-05-16T23:52:01,"646","",REST_API
6766,article,publish,"חובת האב במדור ילדיו בדירה שבבעלות האם; דרך חישוב דמי מדור לפי נורמות המגורים בזמננו  1241751-6","apartment-ownership-residence-1241751-6","https://jus-tice.co.il/articles/apartment-ownership-residence-1241751-6/","/articles/apartment-ownership-residence-1241751-6/",YES,2026-05-16T23:52:01,"646","",REST_API
6764,article,publish,"חיוב אם במזונות ילדים – באלו תנאים &#8211; 1284587-12 &#8211; ביה&#8221;ד ירושלים‎‎","child-support-jerusalem-rabbinical-court-1284587-12","https://jus-tice.co.il/articles/child-support-jerusalem-rabbinical-court-1284587-12/","/articles/child-support-jerusalem-rabbinical-court-1284587-12/",YES,2026-05-16T23:52:03,"646","",REST_API
6762,article,publish,"דחיית טענה לביטול הסכם גירושין שאושר בבית הדין למרות חזרת הצדדים למגורים משותפים- 1137490- ביה&#8221;ד ת&#8221;א‎‎","divorce-agreement-rabbinical-court-claim-cancellation-residence-partners","https://jus-tice.co.il/articles/divorce-agreement-rabbinical-court-claim-cancellation-residence-partners/","/articles/divorce-agreement-rabbinical-court-claim-cancellation-residence-partners/",YES,2026-05-16T23:52:03,"646","",REST_API
6760,article,publish,"השופטת אורית בן דור ליבל: פירוק שותפות בבית מגורים על ידי בני זוג לשעבר בניגוד להסכם גירושין שאושר (תלה&#8221;מ 15293-03-20)","divorce-agreement-judge-partnership-house-residence-15293-03-20","https://jus-tice.co.il/articles/divorce-agreement-judge-partnership-house-residence-15293-03-20/","/articles/divorce-agreement-judge-partnership-house-residence-15293-03-20/",YES,2026-05-16T23:52:03,"646","",REST_API
6756,article,publish,"ידועים בציבור:דחיית בקשה להתנגדות לצו ירושה על ידי אישה הטוענת להיותה בת הזוג של המנוח (ת&#8221;ע 57474-06-19)","common-law-spouses-inheritance-order-request-57474-06-19","https://jus-tice.co.il/articles/common-law-spouses-inheritance-order-request-57474-06-19/","/articles/common-law-spouses-inheritance-order-request-57474-06-19/",YES,2026-05-16T23:52:06,"646","",REST_API
6754,article,publish,"השופטת סגלית אופק: פס&#8221;ד בארבע תובענות עזבון שמנהלים שני אחים בשל שתי צוואות שהותירה אמם (ת&#8221;ע 62835-08-19)","verdict-judge-wills-62835-08-19","https://jus-tice.co.il/articles/verdict-judge-wills-62835-08-19/","/articles/verdict-judge-wills-62835-08-19/",YES,2026-05-16T23:52:06,"646","",REST_API
6751,article,publish,"דחיית ערעור על ביטול עסקת מתנה בה העבירה אם מקרקעין ללא תמורה לאחים לאחר כתיבת הצוואה (עמ&#8221;ש 44530-05-21)","appeal-cancellation-offense-real-estate-will-44530-05-21","https://jus-tice.co.il/articles/appeal-cancellation-offense-real-estate-will-44530-05-21/","/articles/appeal-cancellation-offense-real-estate-will-44530-05-21/",YES,2026-05-16T23:52:06,"646","",REST_API
6749,article,publish,"פגסוס NSO מסקנות צוות מררי: ממצאי צוות הבדיקה בעניין האזנות סתר בעקבות הפרסום באתר &#8220;כלכליסט&#8221;","nso","https://jus-tice.co.il/articles/nso/","/articles/nso/",YES,2026-05-16T23:52:08,"188","",REST_API
6745,article,publish,"משטרת ישראל שימוש במערכת פגסוס ללא צו שיפוטי: ממצאי צוות הבדיקה מררי בעניין האזנות סתר בתקשורת בין מחשבים","israel-police-6745","https://jus-tice.co.il/articles/israel-police-6745/","/articles/israel-police-6745/",YES,2026-05-16T23:52:08,"188","",REST_API
6737,article,publish,"השופטת יעל ייטב: פסיקת פיצוי כספי לעזבון מנוח שטבע בחוף הים באשדוד (ת&#8221;א 31250-11-18)","judge-compensation-31250-11-18","https://jus-tice.co.il/articles/judge-compensation-31250-11-18/","/articles/judge-compensation-31250-11-18/",YES,2026-05-16T23:52:08,"648","",REST_API
6732,article,publish,"זיכוי נאשם בעבירות של מעשה מגונה של קטין ( 73759-12-20)","acquittal-defendant-offenses-73759-12-20","https://jus-tice.co.il/articles/acquittal-defendant-offenses-73759-12-20/","/articles/acquittal-defendant-offenses-73759-12-20/",YES,2026-05-16T23:52:10,"642","",REST_API
6729,article,publish,"תביעת שכר עבודה: פסק דין בנושא הרמת מסך (סע&#8221;ש 12385-08-16)","verdict-lawsuit-12385-08-16","https://jus-tice.co.il/articles/verdict-lawsuit-12385-08-16/","/articles/verdict-lawsuit-12385-08-16/",YES,2026-05-16T23:52:10,"83","",REST_API
6724,article,publish,"השופט ניצן סילמן: החלטה בקשה לעיון בחומר חקירה לפי סעיף 74 לחסד&#8221;פ (בע&#8221;ח 4286-01-22)","judge-decision-request-investigation-74-4286-01-22","https://jus-tice.co.il/articles/judge-decision-request-investigation-74-4286-01-22/","/articles/judge-decision-request-investigation-74-4286-01-22/",YES,2026-05-16T23:52:10,"642","",REST_API
6718,article,publish,"השופטת נסרין עדוי-חד&#8217;ר: פס&#8221;ד בתביעת פיצויים בגין נזקי גוף (ת&#8221;א 30014-02-17)","personal-injury-verdict-judge-lawsuit-damages-30014-02-17","https://jus-tice.co.il/articles/personal-injury-verdict-judge-lawsuit-damages-30014-02-17/","/articles/personal-injury-verdict-judge-lawsuit-damages-30014-02-17/",YES,2026-05-16T23:52:12,"648","",REST_API
6715,article,publish,"תביעות רשלנות רפואית: הדרכים להקטנת ההוצאה הציבורית | דין וחשבון","medical-malpractice-lawsuits-law-account","https://jus-tice.co.il/articles/medical-malpractice-lawsuits-law-account/","/articles/medical-malpractice-lawsuits-law-account/",YES,2026-05-16T23:52:12,"76","",REST_API
6711,article,publish,"הוועדה הבין-משרדית לבחינת הטיפול בנפגעי עבירות מין בהליך הפלילי –  דין וחשבון","sex-offenses-process-defense-law-account","https://jus-tice.co.il/articles/sex-offenses-process-defense-law-account/","/articles/sex-offenses-process-defense-law-account/",YES,2026-05-16T23:51:36,"170","",REST_API
6704,article,publish,"שופט אלון גביזון: פס&#8221;ד בבקשה לקיום צוואה המעניקה כל הרכוש לחבר והתנגדות אחות המנוח","verdict-judge-request-will-property","https://jus-tice.co.il/articles/verdict-judge-request-will-property/","/articles/verdict-judge-request-will-property/",YES,2026-05-16T23:52:12,"646","",REST_API
6702,article,publish,"תביעת קטין בגין נזקי גוף שנגרמו לו בעת ששיחק בגן משחקים של העיריה (ת&#8221;א 71866-07-18)","personal-injury-lawsuit-71866-07-18","https://jus-tice.co.il/articles/personal-injury-lawsuit-71866-07-18/","/articles/personal-injury-lawsuit-71866-07-18/",YES,2026-05-16T23:52:15,"76","",REST_API
6698,article,publish,"השופט ארז שני: פס&#8221;ד בתביעת אב למשמורת וחלוקת זמני שהות שווים (תלה&#8221;מ 64033-06-21)","verdict-judge-lawsuit-custody-64033-06-21","https://jus-tice.co.il/articles/verdict-judge-lawsuit-custody-64033-06-21/","/articles/verdict-judge-lawsuit-custody-64033-06-21/",YES,2026-05-16T23:52:15,"646","",REST_API
6691,article,publish,"פס&#8221;ד רבני: חזקת בני זוג כנשואים &#8211; תוקפם של נישואין פרטיים | בקשה לקביעת מעמד לזוג","judgment-request","https://jus-tice.co.il/articles/judgment-request/","/articles/judgment-request/",YES,2026-05-16T23:51:10,"646","",REST_API
6687,article,publish,"החזקת ילדים משמורת משותפת &#8211; תיק 1218708/4 בבית הדין הרבני","rabbinical-court-joint-custody-1218708-4","https://jus-tice.co.il/articles/rabbinical-court-joint-custody-1218708-4/","/articles/rabbinical-court-joint-custody-1218708-4/",YES,2026-05-16T23:52:15,"68","",REST_API
6680,article,publish,"מסגרת נורמטיבית פרסום לשון הרע","defamation-6680","https://jus-tice.co.il/articles/defamation-6680/","/articles/defamation-6680/",YES,2026-05-16T23:47:33,"","",REST_API
6676,article,publish,"פגיעה בפרטיות-סקירת המסגרת הנורמטיבית","privacy-review","https://jus-tice.co.il/articles/privacy-review/","/articles/privacy-review/",YES,2026-05-16T23:52:18,"","",REST_API
6673,article,publish,"מעצר עד תום ההליכים בעבירות נשק ותחמושת &#8211; התכתבות במסנג&#8217;ר מבלי שנתפס נשק או תחמושת (מ&#8221;ת 13382-01-22)","arrest-witness-proceedings-offenses-13382-01-22","https://jus-tice.co.il/articles/arrest-witness-proceedings-offenses-13382-01-22/","/articles/arrest-witness-proceedings-offenses-13382-01-22/",YES,2026-05-16T23:52:18,"170","",REST_API
6670,article,publish,"פסק דין ביטול עסקת רכישת רכב (רת&#8221;ק 38215-11-21) שוסטרמן נ&#8217; אלבר ציי רכב","verdict-cancellation-38215-11-21","https://jus-tice.co.il/articles/verdict-cancellation-38215-11-21/","/articles/verdict-cancellation-38215-11-21/",YES,2026-05-16T23:52:18,"","",REST_API
6666,article,publish,"צו המורה לפייסבוק למסור פרטי משתמש &#8211; ת&#8221;א 20419-03-21 | פסק דין מלא 2022","verdict-complete-20419-03-21-2022","https://jus-tice.co.il/articles/verdict-complete-20419-03-21-2022/","/articles/verdict-complete-20419-03-21-2022/",YES,2026-05-16T23:52:20,"","",REST_API
6663,article,publish,"הלכת רמי מור | רע&#8221;א 4447/07 רמי מור נ&#8217; ברק אי.טי.סי. | פסק הדין המלא","ruling-law-complete-4447-07","https://jus-tice.co.il/articles/ruling-law-complete-4447-07/","/articles/ruling-law-complete-4447-07/",YES,2026-05-16T23:52:20,"","",REST_API
6660,article,publish,"השופטת רותם קודלר עיאש: החלטה בעניין צו הגנה ביחס למשיב שפרנסתו דורשת נשיאת נשק (ה&#8221;ט 32379-10-21)","protection-order-judge-decision-32379-10-21","https://jus-tice.co.il/articles/protection-order-judge-decision-32379-10-21/","/articles/protection-order-judge-decision-32379-10-21/",YES,2026-05-16T23:52:20,"68","",REST_API
6657,article,publish,"האם יש מקום להוציא מאיזון המשאבים כספים המצויים בחשבונות בן זוג בחשד כי הוברחו","accounts","https://jus-tice.co.il/articles/accounts/","/articles/accounts/",YES,2026-05-16T23:52:22,"68","",REST_API
6655,article,publish,"השופטת שלי רוזמן פרקש: החלטה בבקשה לצו מניעה זמני למניעת דיספוזיציה במניותיה ובענייניה של המבקשת (ת&#8221;ע 68959-12-21)","injunction-judge-decision-request-petition-68959-12-21","https://jus-tice.co.il/articles/injunction-judge-decision-request-petition-68959-12-21/","/articles/injunction-judge-decision-request-petition-68959-12-21/",YES,2026-05-16T23:52:22,"68","",REST_API
6653,article,publish,"רכישת קרקע בהתמחרות מכונס נכסים במסגרת פירוק-שיתוף (ע&#8221;א 10403-04-21)","land-properties-10403-04-21","https://jus-tice.co.il/articles/land-properties-10403-04-21/","/articles/land-properties-10403-04-21/",YES,2026-05-16T23:52:22,"234","",REST_API
6648,article,publish,"ויתור על הכתובה בהסכם הגירושין מבוטל מששבו בני הזוג לשלום בית","reconciliation-ketubah-agreement-divorce","https://jus-tice.co.il/articles/reconciliation-ketubah-agreement-divorce/","/articles/reconciliation-ketubah-agreement-divorce/",YES,2026-05-16T23:52:25,"68","",REST_API
6646,article,publish,"ערעור של חברת כוח אדם שהעסיקה עובדים במלון קלאב הוטל בעיר אילת נגד חיובה בתשלום מע&#8221;מ","appeal-company","https://jus-tice.co.il/articles/appeal-company/","/articles/appeal-company/",YES,2026-05-16T23:52:25,"","",REST_API
6644,article,publish,"האם ניתן לבטל עסקת רכישת משקפיים שהוזמנו במפרט מיוחד עבור לקוח? (ת&#8221;ק 52531-03-21)","52531-03-21","https://jus-tice.co.il/articles/52531-03-21/","/articles/52531-03-21/",YES,2026-05-16T23:52:25,"","",REST_API
6642,article,publish,"האם קיימת זכאות להחזר מס רכישה בגין ביטול עסקה במקרקעין? (ו&#8221;ע 5561-01-20)","purchase-tax-cancellation-real-estate-5561-01-20","https://jus-tice.co.il/articles/purchase-tax-cancellation-real-estate-5561-01-20/","/articles/purchase-tax-cancellation-real-estate-5561-01-20/",YES,2026-05-16T23:52:27,"234","",REST_API
6640,article,publish,"פסק דין בתביעה להחזר הלוואה (ת&#8221;א 5122-10-19)","verdict-lawsuit-loan-5122-10-19","https://jus-tice.co.il/articles/verdict-lawsuit-loan-5122-10-19/","/articles/verdict-lawsuit-loan-5122-10-19/",YES,2026-05-16T23:52:27,"312","",REST_API
6635,article,publish,"האם עלי להודות באשמה בפני הסניגור הפלילי שלי? המלצות עורך דין פלילי","should-i-admit-guilt-to-my-criminal-defense-attorney","https://jus-tice.co.il/articles/should-i-admit-guilt-to-my-criminal-defense-attorney/","/articles/should-i-admit-guilt-to-my-criminal-defense-attorney/",YES,2026-05-16T23:34:39,"170","",REST_API
6633,article,publish,"להיות שופט: הנחיות לעורכי דין המבקשים להתמנות לכהונה שיפוטית","lawyers-judge","https://jus-tice.co.il/articles/lawyers-judge/","/articles/lawyers-judge/",YES,2026-05-16T23:52:27,"308","",REST_API
6630,article,publish,"ביה&#8221;ד הארצי לעבודה: החלטה בנושא שביתת הנמלים (סק&#8221;כ 55221-01-22)","rabbinical-court-decision-55221-01-22","https://jus-tice.co.il/articles/rabbinical-court-decision-55221-01-22/","/articles/rabbinical-court-decision-55221-01-22/",YES,2026-05-16T23:52:29,"83","",REST_API
6628,article,publish,"השופט אביים ברקאי: פס&#8221;ד בתביעת שכ&#8221;ט עו&#8221;ד כנגד לקוחה לשעבר (ת&#8221;א 69909-11-18)","verdict-judge-lawsuit-69909-11-18","https://jus-tice.co.il/articles/verdict-judge-lawsuit-69909-11-18/","/articles/verdict-judge-lawsuit-69909-11-18/",YES,2026-05-16T23:52:29,"308","",REST_API
6619,article,publish,"הסמכות לפסוק בעניין הרכוש למרות הסכם ממון שאושר בבית המשפט","prenuptial-agreement-jurisdiction-property-house","https://jus-tice.co.il/articles/prenuptial-agreement-jurisdiction-property-house/","/articles/prenuptial-agreement-jurisdiction-property-house/",YES,2026-05-16T23:52:29,"68","",REST_API
6613,article,publish,"חישוב מזונות הילדים– האם לפי צריכה בפועל או ערך שולי?  תיק 1161022/12","alimony-1161022-12","https://jus-tice.co.il/articles/alimony-1161022-12/","/articles/alimony-1161022-12/",YES,2026-05-16T23:52:31,"68","",REST_API
6612,article,publish,"אחריות הבעל לחובות אשתו על פי דין תורה ועל פי חוק יחסי ממון,זכויות וחובות במערכת יחסים שבה האישה היא המפרנסת","obligations-law-rights","https://jus-tice.co.il/articles/obligations-law-rights/","/articles/obligations-law-rights/",YES,2026-05-16T23:52:31,"68","",REST_API
6610,article,publish,"שלילת מזונות קטין כשהאמא מסרבת להפגיש אותו עם אביו בניגוד להחלטות בית הדין הרבני","rabbinical-court-alimony","https://jus-tice.co.il/articles/rabbinical-court-alimony/","/articles/rabbinical-court-alimony/",YES,2026-05-16T23:52:31,"68","",REST_API
6608,article,publish,"נימוקים לדחיית בקשה למתן צו עיקול &#8211; 1254901-4 &#8211; ביה&#8221;ד חיפה‎‎","rabbinical-court-haifa-request-1254901-4","https://jus-tice.co.il/articles/rabbinical-court-haifa-request-1254901-4/","/articles/rabbinical-court-haifa-request-1254901-4/",YES,2026-05-16T23:52:34,"68","",REST_API
6605,article,publish,"סמכות העברת קטינות למשמורת אב בבית דין רבני לאחר צו בבית משפט להוצאה ממשמורת","court-rabbinical-court-jurisdiction-custody","https://jus-tice.co.il/articles/court-rabbinical-court-jurisdiction-custody/","/articles/court-rabbinical-court-jurisdiction-custody/",YES,2026-05-16T23:52:34,"68","",REST_API
6600,article,publish,"כללים להצהרת אבהות בבית הדין הרבני","rabbinical-court","https://jus-tice.co.il/articles/rabbinical-court/","/articles/rabbinical-court/",YES,2026-05-16T23:52:34,"68","",REST_API
6589,article,publish,"השופט עדי הדר: החלטה בבקשה לאישור תובענה בגין שליחת &#8220;דואר זבל&#8221; כייצוגית ע&#8221;י חברה לגיוס והשמה של עורכי דין (ת&#8221;צ 37227-09-20)","lawyers-judge-decision-request-approval-company","https://jus-tice.co.il/articles/lawyers-judge-decision-request-approval-company/","/articles/lawyers-judge-decision-request-approval-company/",YES,2026-05-16T23:52:36,"308","",REST_API
6587,article,publish,"דין פלילי: הרשעת נאשם בעבירות מין בבתו ואלימות כלפי ילדיו | ריבוי עבירות של אינוס קטינה בת משפחה (פ&#8221;ח 28464-07-19)","sex-offenses-criminal-law-defendant-offenses-family-28464-07-19","https://jus-tice.co.il/articles/sex-offenses-criminal-law-defendant-offenses-family-28464-07-19/","/articles/sex-offenses-criminal-law-defendant-offenses-family-28464-07-19/",YES,2026-05-16T23:52:36,"170","",REST_API
6585,article,publish,"אריה דרעי פסק דין פלילי 2022 עבירות מס הסדר טיעון (ת&#8221;פ 56231-12-21) | עו&#8221;ד פלילי","criminal-law-tax-offenses-procedure-criminal-2022-56231-12-21","https://jus-tice.co.il/articles/criminal-law-tax-offenses-procedure-criminal-2022-56231-12-21/","/articles/criminal-law-tax-offenses-procedure-criminal-2022-56231-12-21/",YES,2026-05-16T23:52:36,"170","",REST_API
6563,article,publish,"הזכות להיוועץ בעורך דין ולהיות מיוצג: החובה לאפשר לסניגור פלילי לייעץ לאסיר עצור בבית הכלא (עת&#8221;א 66168-11-21, 29278-01-22)","lawyer-right-duty-defender-criminal-arrested","https://jus-tice.co.il/articles/lawyer-right-duty-defender-criminal-arrested/","/articles/lawyer-right-duty-defender-criminal-arrested/",YES,2026-05-16T23:52:38,"170","",REST_API
6558,article,publish,"פלילים: נהג מונית שהואשם בביצוע מעשה מגונה בנוסעת תוך כדי נסיעה (ת&#8221;פ 57428-12-19)","57428-12-19","https://jus-tice.co.il/articles/57428-12-19/","/articles/57428-12-19/",YES,2026-05-16T23:52:38,"170","",REST_API
6556,article,publish,"איך להתכונן לחקירה במשטרה? מדריך עו&#8221;ד פלילי","investigation-guide-criminal","https://jus-tice.co.il/articles/investigation-guide-criminal/","/articles/investigation-guide-criminal/",YES,2026-05-16T23:52:38,"170","",REST_API
6554,article,publish,"ניהול מאגר נתוני זיהוי פלילי ואמצעי זיהוי | מחיקת נתונים לזיהוי גנטי מהמאגר","defense","https://jus-tice.co.il/articles/defense/","/articles/defense/",YES,2026-05-16T23:50:36,"170","",REST_API
6552,article,publish,"הסדר מותנה | מהו הסדר מותנה בפלילים","procedure","https://jus-tice.co.il/articles/procedure/","/articles/procedure/",YES,2026-05-16T23:52:40,"170","",REST_API
6549,article,publish,"סטטיסטיקה על גירושין","separation","https://jus-tice.co.il/articles/separation/","/articles/separation/",YES,2026-05-16T23:50:27,"68","",REST_API
6546,article,publish,"עורך דין רשלנות רפואית מומלץ","medical-malpractice-lawyer-recommended","https://jus-tice.co.il/articles/medical-malpractice-lawyer-recommended/","/articles/medical-malpractice-lawyer-recommended/",YES,2026-05-16T23:52:40,"76","",REST_API
6540,article,publish,"גירושין בגידה: זכויות בעל בוגד בהלכה | בחינת פס&#8221;ד הבוגדת בבית הדין הרבני","rabbinical-court-verdict-divorce-infidelity-rights-ruling","https://jus-tice.co.il/articles/rabbinical-court-verdict-divorce-infidelity-rights-ruling/","/articles/rabbinical-court-verdict-divorce-infidelity-rights-ruling/",YES,2026-05-16T23:52:40,"68","",REST_API
6536,article,publish,"גזל סוד מסחרי ועשיית שימוש שלא כדין ברשימת  לקוחות &#8211; הפרת סעיפי אי תחרות ושמירת סודיות (ת&#8221;א 17654-02-19)","law-17654-02-19","https://jus-tice.co.il/articles/law-17654-02-19/","/articles/law-17654-02-19/",YES,2026-05-16T23:52:43,"312","",REST_API
6534,article,publish,"תעבורה: קבילות וחוקיות ראיות שהונפקו ממערכת &#8220;עין הנץ&#8221; (ת&#8221;פ 44000-02-21)","evidence-44000-02-21","https://jus-tice.co.il/articles/evidence-44000-02-21/","/articles/evidence-44000-02-21/",YES,2026-05-16T23:52:43,"97","",REST_API
6514,article,publish,"חדשות פלילי מתעדכן","news-criminal","https://jus-tice.co.il/articles/news-criminal/","/articles/news-criminal/",YES,2026-05-16T23:52:43,"170","",REST_API
6511,article,publish,"&#8216;סמכות בית הדין בעניין מזונות הילדים לאחר הלכת שרגאי – בחינת ההלכות המשפטיות הוותיקות והחדשות ומעמדן &#8211; 1250217-3 &#8211; ביה&#8221;ד הגדול&#8217;","rabbinical-court-jurisdiction-alimony-ruling-news-8216","https://jus-tice.co.il/articles/rabbinical-court-jurisdiction-alimony-ruling-news-8216/","/articles/rabbinical-court-jurisdiction-alimony-ruling-news-8216/",YES,2026-05-16T23:52:45,"68","",REST_API
6506,article,publish,"ביטוח חובה","compulsory-motor-vehicle-insurance","https://jus-tice.co.il/articles/compulsory-motor-vehicle-insurance/","/articles/compulsory-motor-vehicle-insurance/",YES,2026-05-16T23:34:39,"97","",REST_API
6503,article,publish,"מה זה ביטוח דירה?","home-insurance","https://jus-tice.co.il/articles/home-insurance/","/articles/home-insurance/",YES,2026-05-16T23:34:39,"312","",REST_API
6477,article,publish,"מתן חיסון קורונה חרף התנגדות האב","article-6477","https://jus-tice.co.il/articles/article-6477/","/articles/article-6477/",YES,2026-05-16T23:52:45,"68","",REST_API
6473,article,publish,"השופטת חגית מטלין: פס&#8221;ד בבקשה למזונות ילדים של אם כנגד אב","child-support-verdict-judge-request","https://jus-tice.co.il/articles/child-support-verdict-judge-request/","/articles/child-support-verdict-judge-request/",YES,2026-05-16T23:52:45,"68","",REST_API
6464,article,publish,"דווח על פשע","report-crime","https://jus-tice.co.il/articles/report-crime/","/articles/report-crime/",YES,2026-05-16T23:34:41,"170","",REST_API
6462,article,publish,"דין טעות בשם אבי המתגרשת, והיתר ילדיה מנישואיה השניים לבוא בקהל","law-6462","https://jus-tice.co.il/articles/law-6462/","/articles/law-6462/",YES,2026-05-16T23:50:18,"68","",REST_API
6458,article,publish,"מיסוי רכישה עצמית של מניות חברה פרטית על ידי אחד האחים בעל מניות | השופטת  יעל ייטב","taxation-company-judge","https://jus-tice.co.il/articles/taxation-company-judge/","/articles/taxation-company-judge/",YES,2026-05-16T23:52:47,"68","",REST_API
6456,article,publish,"פיצוי כספי בגין איחור בהמראת טיסה ואי אספקת שירותי לינה בהתאם לחוק שירותי תעופה","compensation-law","https://jus-tice.co.il/articles/compensation-law/","/articles/compensation-law/",YES,2026-05-16T23:52:47,"309","",REST_API
6454,article,publish,"הפרה של הסכם זכיינות | השופט עדי הדר | פסק דין הלוי נ׳ פט ביי ישראל","verdict-agreement-judge-israel","https://jus-tice.co.il/articles/verdict-agreement-judge-israel/","/articles/verdict-agreement-judge-israel/",YES,2026-05-16T23:52:47,"312","",REST_API
6435,article,publish,"זכויות רכוש משמורת ומזונות ידועים בציבור","common-law-spouses-rights-property-custody-alimony","https://jus-tice.co.il/articles/common-law-spouses-rights-property-custody-alimony/","/articles/common-law-spouses-rights-property-custody-alimony/",YES,2026-05-16T23:52:49,"68","",REST_API
6433,article,publish,"גירושין &#8211; כספים משותפים שהועברו בדרכי מרמה לצדדים שלישיים בהסכמת הצדדים","divorce-partners","https://jus-tice.co.il/articles/divorce-partners/","/articles/divorce-partners/",YES,2026-05-16T23:52:49,"68","",REST_API
6429,article,publish,"תכונות חובה של עורך דין משפחה טוב","must-have-traits-of-a-good-family-lawyer","https://jus-tice.co.il/articles/must-have-traits-of-a-good-family-lawyer/","/articles/must-have-traits-of-a-good-family-lawyer/",YES,2026-05-16T23:34:41,"68","",REST_API
6426,article,publish,"השופטת נלי רוסמן-גליס: פס&#8221;ד בבקשה לקיום צוואה כנגד התנגדותו של בן המנוחה שהודר מהצוואה בטענה שלא הייתה כשירה (ת&#8221;ע 3612-09-18)","verdict-judge-request-will-claim-3612-09-18","https://jus-tice.co.il/articles/verdict-judge-request-will-claim-3612-09-18/","/articles/verdict-judge-request-will-claim-3612-09-18/",YES,2026-05-16T23:52:49,"68","",REST_API
6424,article,publish,"מהם הקריטריונים לקביעת מעמד בני זוג כידועים בציבור לפני החתונה?","common-law-spouses","https://jus-tice.co.il/articles/common-law-spouses/","/articles/common-law-spouses/",YES,2026-05-16T23:52:52,"68","",REST_API
6420,article,publish,"השופטת עירית הוד:  נטל הראיות כאשר דו״ח אינו נתמך בפנקסי חשבונות שנוהלו כדין &#8211; מס ערך מוסף","judge-evidence-accounts-law-tax","https://jus-tice.co.il/articles/judge-evidence-accounts-law-tax/","/articles/judge-evidence-accounts-law-tax/",YES,2026-05-16T23:52:52,"485","",REST_API
6412,article,publish,"השופטת הבכירה שושנה ברגר: פס&#8221;ד בשתי תובענות בנושא גביית מזונות וביטול הסכם חלוקת עיזבון","verdict-judge-alimony-cancellation-agreement-estate","https://jus-tice.co.il/articles/verdict-judge-alimony-cancellation-agreement-estate/","/articles/verdict-judge-alimony-cancellation-agreement-estate/",YES,2026-05-16T23:52:52,"68","",REST_API
6408,article,publish,"שדה דב: פסק דין דיור בר-השגה | דיור בהישג יד עת״מ 21054-10-20 מימון ואח׳ נ׳ הועדה המחוזית לתכנון ובניה","verdict-21054-10-20","https://jus-tice.co.il/articles/verdict-21054-10-20/","/articles/verdict-21054-10-20/",YES,2026-05-16T23:52:54,"165","",REST_API
6386,article,publish,"תביעת גוגל google llc למתן צו עשה, ולחיוב בפיצוי בגין לשון הרע ופגיעה בפרטיות","defamation-lawsuit-compensation-privacy-google-llc","https://jus-tice.co.il/articles/defamation-lawsuit-compensation-privacy-google-llc/","/articles/defamation-lawsuit-compensation-privacy-google-llc/",YES,2026-05-16T23:52:54,"76","",REST_API
6163,article,publish,"טופס בקשת בגיר לקבל אישור משטרה | בקשת מעסיק לקבל אישור משטרה","petition-approval","https://jus-tice.co.il/articles/petition-approval/","/articles/petition-approval/",YES,2026-05-16T23:52:54,"170","",REST_API
6157,article,publish,"עורך דין לענייני עבירות מין | טענות הגנה בעבירות מין | עו&#8221;ד פלילי חקירת עבירות מין","sex-crime-lawyer","https://jus-tice.co.il/articles/sex-crime-lawyer/","/articles/sex-crime-lawyer/",YES,2026-05-16T23:34:41,"308","",REST_API
6145,article,publish,"פסק דין דיבה מני נפתלי אב הבית במעון ראש ממשלת ישראל בנימין נתניהו","verdict-house-israel","https://jus-tice.co.il/articles/verdict-house-israel/","/articles/verdict-house-israel/",YES,2026-05-16T23:52:56,"129","",REST_API
6142,article,publish,"7 סיבות למה אתה צריך הסכם ממון","7-reasons-why-you-need-a-prenup","https://jus-tice.co.il/articles/7-reasons-why-you-need-a-prenup/","/articles/7-reasons-why-you-need-a-prenup/",YES,2026-05-16T23:34:43,"68","",REST_API
6140,article,publish,"התנגדות לקיום צוואת המנוחה מצד שניים מאחיה, כנגד אחיה הנוספים ואחיינה (ת&#8221;ע 33448-06-19, ת&#8221;ע 33412-06-19)","will-33448-06-19-33412-06-19","https://jus-tice.co.il/articles/will-33448-06-19-33412-06-19/","/articles/will-33448-06-19-33412-06-19/",YES,2026-05-16T23:52:56,"68","",REST_API
6138,article,publish,"השופט יצחק עמית: פס&#8221;ד בעתירות בנושא מעמדן של אלמנות זכאי חוק השבות (בג&#8221;ץ 1775/19, בג&#8221;ץ 2309/19)","verdict-judge-law-1775-19-2309","https://jus-tice.co.il/articles/verdict-judge-law-1775-19-2309/","/articles/verdict-judge-law-1775-19-2309/",YES,2026-05-16T23:52:56,"643","",REST_API
6132,article,publish,"נפילה בזמן רכיבה על אופנים חשמליים כביש משובש | תביעת נזקי גוף של אב ובנו הקטין שנפלו בזמן רכיבה על אופנים בשל כביש משובש ברמת גן (ת&#8221;א 23601-10-19)","personal-injury-lawsuit-23601-10-19","https://jus-tice.co.il/articles/personal-injury-lawsuit-23601-10-19/","/articles/personal-injury-lawsuit-23601-10-19/",YES,2026-05-16T23:52:58,"76","",REST_API
6127,article,publish,"סרבנות קשר וניכור הורי: פס&#8221;ד של השופט ארז שני על תביעת אב לחידוש קשר עם בנו הקטין בטענה לפעולות יזומות של האם לניכור הורי","parental-alienation-verdict-refusal-judge-lawsuit-claim","https://jus-tice.co.il/articles/parental-alienation-verdict-refusal-judge-lawsuit-claim/","/articles/parental-alienation-verdict-refusal-judge-lawsuit-claim/",YES,2026-05-16T23:52:58,"68","",REST_API
6123,article,publish,"שחרור זדורוב למעצר בית פסק דין מלא בש&#8221;פ 5743 מדינת ישראל נ&#8217; רומן זדורוב","verdict-arrest-house-complete-israel-5743","https://jus-tice.co.il/articles/verdict-arrest-house-complete-israel-5743/","/articles/verdict-arrest-house-complete-israel-5743/",YES,2026-05-16T23:52:58,"642","",REST_API
6117,article,publish,"פסק דין הפרת זכויות יוצרים של מותגים בפייסבוק ואינסטגרם חסימה לצמיתות של הפרופילים","verdict-rights","https://jus-tice.co.il/articles/verdict-rights/","/articles/verdict-rights/",YES,2026-05-16T23:53:01,"194","",REST_API
6112,article,publish,"ה שופטת הילה מלר שלו: החלטה לעניין רישום קטין למוסד חינוכי לשנת הלימודים תשפ&#8221;ב","judge-decision","https://jus-tice.co.il/articles/judge-decision/","/articles/judge-decision/",YES,2026-05-16T23:53:01,"68","",REST_API
6110,article,publish,"דחיית תביעה רשלנות רפואית הריון שהובילה לפטירתה של אם והעובר שנשאה ברחמה (ת&#8221;א 20346-03-17) מספר תיק","medical-malpractice-lawsuit-pregnancy-20346-03-17","https://jus-tice.co.il/articles/medical-malpractice-lawsuit-pregnancy-20346-03-17/","/articles/medical-malpractice-lawsuit-pregnancy-20346-03-17/",YES,2026-05-16T23:53:03,"76","",REST_API
6104,article,publish,"תורת המשפט","jurisprudence","https://jus-tice.co.il/articles/jurisprudence/","/articles/jurisprudence/",YES,2026-05-16T23:34:43,"308","",REST_API
6102,article,publish,"זיכוי נאשם קשירת קשר לביצוע עוון | ת״פ 14763-04-15 מדינת ישראל ני אברהם מאיר טריגר","acquittal-defendant-israel-14763-04-15","https://jus-tice.co.il/articles/acquittal-defendant-israel-14763-04-15/","/articles/acquittal-defendant-israel-14763-04-15/",YES,2026-05-16T23:53:03,"642","",REST_API
6096,article,publish,"השופטת מיכל אגמון-גונן: פס&#8221;ד בתביעה ייצוגית נגד מיטב דש גמל ופנסיה בטענה לגביית דמי ניהול בניגוד למוסכם (ת&#8221;צ 44598-12-12)","verdict-judge-lawsuit-pension-claim-44598-12-12","https://jus-tice.co.il/articles/verdict-judge-lawsuit-pension-claim-44598-12-12/","/articles/verdict-judge-lawsuit-pension-claim-44598-12-12/",YES,2026-05-16T23:53:03,"","",REST_API
6093,article,publish,"כיצד חוזים יכולים להגן עליך ועל העסק שלך | עו&#8221;ד חוזים","how-contracts-can-protect-you-and-your-business","https://jus-tice.co.il/articles/how-contracts-can-protect-you-and-your-business/","/articles/how-contracts-can-protect-you-and-your-business/",YES,2026-05-16T23:34:43,"312","",REST_API
6066,article,publish,"עדות כוזבת או סותרת בחקירה או במשפט מדיניות פתיחה בחקירה והעמדה לדין","testimony-investigation-law","https://jus-tice.co.il/articles/testimony-investigation-law/","/articles/testimony-investigation-law/",YES,2026-05-16T23:53:05,"170","",REST_API
6060,article,publish,"מעצר עד תום ההליכים בעבירות מין ואלימות בתוך המשפחה | הנחיות פרקליט המדינה","sex-offenses-arrest-witness-proceedings-family-prosecutor","https://jus-tice.co.il/articles/sex-offenses-arrest-witness-proceedings-family-prosecutor/","/articles/sex-offenses-arrest-witness-proceedings-family-prosecutor/",YES,2026-05-16T23:53:05,"170","",REST_API
6056,article,publish,"חוק פיצויים לנפגעי תאונות דרכים, תשל&#8221;ה-1975 | נוסח עדכני נכון ליום: 10-08-2021","road-accidents-law-damages-updated-1975-10-08-2021","https://jus-tice.co.il/articles/road-accidents-law-damages-updated-1975-10-08-2021/","/articles/road-accidents-law-damages-updated-1975-10-08-2021/",YES,2026-05-16T23:53:05,"76","",REST_API
6044,article,publish,"השופטת אורלי מור-אל: תביעה לתשלום פיצויים בשל נזקי גוף שנגרמו בשל תאונת דרכים (ת&#8221;א 31066-11-16)","car-accident-personal-injury-judge-lawsuit-damages-31066-11-16","https://jus-tice.co.il/articles/car-accident-personal-injury-judge-lawsuit-damages-31066-11-16/","/articles/car-accident-personal-injury-judge-lawsuit-damages-31066-11-16/",YES,2026-05-16T23:53:07,"76","",REST_API
6048,article,publish,"תקנות הביטוח הלאומי (קביעת דרגת נכות לנפגעי עבודה), תשט&#8221;ז-1956","regulations-insurance-1956","https://jus-tice.co.il/articles/regulations-insurance-1956/","/articles/regulations-insurance-1956/",YES,2026-05-16T23:53:07,"76","",REST_API
6045,article,publish,"ע״א 9598/05 פלוני נ׳ חברת ביטוח ״המגן״ בע״מ | בית המשפט לא יסטה ממסקנותיו של המומחה הרפואי אלא בהתקיים נסיבות מיוחדות","company-insurance-house-expert-medical-9598","https://jus-tice.co.il/articles/company-insurance-house-expert-medical-9598/","/articles/company-insurance-house-expert-medical-9598/",YES,2026-05-16T23:53:07,"76","",REST_API
6039,article,publish,"קיום דיונים בהם משתתף עציר או אסיר בהיוועדות חזותית","article-6039","https://jus-tice.co.il/articles/article-6039/","/articles/article-6039/",YES,2026-05-16T23:53:09,"170","",REST_API
6037,article,publish,"טיפול בהליכים לפי חוק הנוער טיפול והשגחה","proceedings-law","https://jus-tice.co.il/articles/proceedings-law/","/articles/proceedings-law/",YES,2026-05-16T23:53:09,"170","",REST_API
6031,article,publish,"השופטת יעל ייטב: פס&#8221;ד בתביעה אזרחית נגררת להרשעה בפלילים (ת&#8221;א 38003-03-19)","verdict-judge-lawsuit-civil-conviction-38003-03-19","https://jus-tice.co.il/articles/verdict-judge-lawsuit-civil-conviction-38003-03-19/","/articles/verdict-judge-lawsuit-civil-conviction-38003-03-19/",YES,2026-05-16T23:53:09,"170","",REST_API
6027,article,publish,"דין וחשבון כנסת ישראל 2020","law-account-israel-2020","https://jus-tice.co.il/articles/law-account-israel-2020/","/articles/law-account-israel-2020/",YES,2026-05-17T07:54:23,"644","",REST_API
6019,article,publish,"סדר העדיפויות של משטרת ישראל","israel-police-procedure","https://jus-tice.co.il/articles/israel-police-procedure/","/articles/israel-police-procedure/",YES,2026-05-16T23:53:12,"170","",REST_API
6005,article,publish,"תחנות משטרה כתובת טלפון רשימה ארצית מעודכן 2023","updated-2023","https://jus-tice.co.il/articles/updated-2023/","/articles/updated-2023/",YES,2026-05-16T23:53:12,"170","",REST_API
5999,article,publish,"הלכת שיתוף ספציפי בדירת מגורים","ruling-apartment-residence","https://jus-tice.co.il/articles/ruling-apartment-residence/","/articles/ruling-apartment-residence/",YES,2026-05-16T23:53:14,"68","",REST_API
5991,article,publish,"טופס בקשה להארכת מעצר","application-for-extension-of-detention-form","https://jus-tice.co.il/articles/application-for-extension-of-detention-form/","/articles/application-for-extension-of-detention-form/",YES,2026-05-16T23:34:46,"170","",REST_API
5992,article,publish,"בקשה להארכת מעצר מעבר לתשעה חודשים","request-for-extension-of-detention-beyond-nine-months","https://jus-tice.co.il/articles/request-for-extension-of-detention-beyond-nine-months/","/articles/request-for-extension-of-detention-beyond-nine-months/",YES,2026-05-16T23:34:45,"170","",REST_API
5986,article,publish,"הארכת מעצר מעל שלושים ימים","extension-of-detention-for-more-than-thirty-days","https://jus-tice.co.il/articles/extension-of-detention-for-more-than-thirty-days/","/articles/extension-of-detention-for-more-than-thirty-days/",YES,2026-05-16T23:34:46,"170","",REST_API
5978,article,publish,"אונס &#8211; הגנות ועונשים בארה&#8221;ב","rape-us-law","https://jus-tice.co.il/articles/rape-us-law/","/articles/rape-us-law/",YES,2026-05-16T23:34:48,"170","",REST_API
5971,article,publish,"תקיפה מינית: חוקים ועונשים בארה&#8221;ב","sexual-battery-us-law","https://jus-tice.co.il/articles/sexual-battery-us-law/","/articles/sexual-battery-us-law/",YES,2026-05-16T23:34:48,"170","",REST_API
5967,article,publish,"החזקת מריחואנה: חוקים ועונשים בארה&#8221;ב","marijuana-possession-us-law","https://jus-tice.co.il/articles/marijuana-possession-us-law/","/articles/marijuana-possession-us-law/",YES,2026-05-16T23:34:48,"170","",REST_API
5957,article,publish,"חיפוש על אדם השוהה בשדה בתעופה","article-5957","https://jus-tice.co.il/articles/article-5957/","/articles/article-5957/",YES,2026-05-16T23:53:14,"643","",REST_API
5955,article,publish,"הבעל מבקש להתגרש בהסכמה בהתאם להוראות הסכם יחסי ממון","consent-agreement","https://jus-tice.co.il/articles/consent-agreement/","/articles/consent-agreement/",YES,2026-05-16T23:53:14,"640","",REST_API
5950,article,publish,"גירושים חיוב גט וכתובה במקרה ששני הצדדים אינם רוצים זה את זה","divorce-get-divorce-ketubah","https://jus-tice.co.il/articles/divorce-get-divorce-ketubah/","/articles/divorce-get-divorce-ketubah/",YES,2026-05-16T23:53:16,"640","",REST_API
5943,article,publish,"פסקי דין מרכזיים של בית המשפט העליון לשנת המשפט 2016-2015","2015-2016-major-supreme-court-ruling","https://jus-tice.co.il/articles/2015-2016-major-supreme-court-ruling/","/articles/2015-2016-major-supreme-court-ruling/",YES,2026-05-16T23:34:50,"643","",REST_API
5867,article,publish,"השופט אילן בן-דור: החלטה בעניין בקשה להחזרת ציוד שהוחרם (בע&#8221;א 13574-08-21)","judge-decision-request-13574-08-21","https://jus-tice.co.il/articles/judge-decision-request-13574-08-21/","/articles/judge-decision-request-13574-08-21/",YES,2026-05-16T23:53:16,"","",REST_API
5858,article,publish,"פסק דין נאשמים בגין קבלת דבר במרמה בנסיבות מחמירות, הלבנת הון, עבירות מנהלים בתאגיד ועוד (ת&#8221;פ 13268-09-15)","money-laundering-verdict-defendants-offenses-corporation-13268-09-15","https://jus-tice.co.il/articles/money-laundering-verdict-defendants-offenses-corporation-13268-09-15/","/articles/money-laundering-verdict-defendants-offenses-corporation-13268-09-15/",YES,2026-05-17T07:54:22,"642","",REST_API
5855,article,publish,"השופטת אביגיל ון-קרפלד: פס&#8221;ד בעניין גילוי נאות חסר שנעשה בעסקת מכר ברשת האינטרנט (ת&#8221;ק 34672-02-21)","verdict-judge-34672-02-21","https://jus-tice.co.il/articles/verdict-judge-34672-02-21/","/articles/verdict-judge-34672-02-21/",YES,2026-05-16T23:53:18,"","",REST_API
5850,article,publish,"היתר נישואין מינקת גרושה &#8211; 1315248-1- ביה&#8221;ד אשדוד‎‎","rabbinical-court-1315248-1","https://jus-tice.co.il/articles/rabbinical-court-1315248-1/","/articles/rabbinical-court-1315248-1/",YES,2026-05-16T23:53:18,"640","",REST_API
5836,article,publish,"תיאור ומבנה המשרד המשפטים- דוח 2017","description-and-structure-of-the-ministry-of-justice","https://jus-tice.co.il/articles/description-and-structure-of-the-ministry-of-justice/","/articles/description-and-structure-of-the-ministry-of-justice/",YES,2026-05-16T23:34:50,"632","",REST_API
5824,article,publish,"פס&#8221;ד בנושא הטרדה מינית מסוג &#8220;באדי שוט&#8221; בבר (ע&#8221;ע 39841-11-20)","verdict-39841-11-20","https://jus-tice.co.il/articles/verdict-39841-11-20/","/articles/verdict-39841-11-20/",YES,2026-05-16T23:53:18,"83","",REST_API
5818,article,publish,"טופס בקשת נפגע עבירה לקבלת מידע על מהלך אשפוזו של נאשם בבית חולים","petition-offense-defendant-house","https://jus-tice.co.il/articles/petition-offense-defendant-house/","/articles/petition-offense-defendant-house/",YES,2026-05-16T23:53:21,"170","",REST_API
5815,article,publish,"טופס עמדת נפגע/ת עבירה לעניין חנינה","offense-5815","https://jus-tice.co.il/articles/offense-5815/","/articles/offense-5815/",YES,2026-05-16T23:49:47,"76","",REST_API
5813,article,publish,"טופס עמדת נפגע/ת עבירה לועדת שחרורים","offense-5813","https://jus-tice.co.il/articles/offense-5813/","/articles/offense-5813/",YES,2026-05-16T23:49:49,"170","",REST_API
5809,article,publish,"טופס הצהרת נפגע/ת עבירה","offense-5809","https://jus-tice.co.il/articles/offense-5809/","/articles/offense-5809/",YES,2026-05-16T23:49:49,"170","",REST_API
5805,article,publish,"טופס בקשה לקבלת מידע נפגעי עבירה לפי לחוק זכויות נפגעי עבירה","request-offense-law-rights","https://jus-tice.co.il/articles/request-offense-law-rights/","/articles/request-offense-law-rights/",YES,2026-05-16T23:53:20,"170","",REST_API
5803,article,publish,"תקנות זכויות נפגעי עבירה, התשס״ב-2002","regulations-rights-offense-2002","https://jus-tice.co.il/articles/regulations-rights-offense-2002/","/articles/regulations-rights-offense-2002/",YES,2026-05-16T23:53:21,"170","",REST_API
5799,article,publish,"הכנה לבית הספר למשפטים","preparing-for-law-school","https://jus-tice.co.il/articles/preparing-for-law-school/","/articles/preparing-for-law-school/",YES,2026-05-16T23:34:50,"308","",REST_API
5760,article,publish,"מרוץ הסמכויות","the-race-for-jurisdiction-family-law","https://jus-tice.co.il/articles/the-race-for-jurisdiction-family-law/","/articles/the-race-for-jurisdiction-family-law/",YES,2026-05-16T23:34:52,"639","",REST_API
5744,article,publish,"מחקר פלילי: גופים סטטוטוריים העוסקים בהבניית שיקול הדעת השיפוטי בענישה","criminal-sentencing","https://jus-tice.co.il/articles/criminal-sentencing/","/articles/criminal-sentencing/",YES,2026-05-16T23:53:23,"170","",REST_API
5723,article,publish,"החלטה בתיק מעצר עד תום ההליכים &#8211; רומן זדורוב  (מ&#8221;ת 48355-06-21)","roman-zadorov-detention-until-the-end-of-proceedings","https://jus-tice.co.il/articles/roman-zadorov-detention-until-the-end-of-proceedings/","/articles/roman-zadorov-detention-until-the-end-of-proceedings/",YES,2026-05-16T23:34:52,"170","",REST_API
5707,article,publish,"הסניגוריה הציבורית דוח פעילות 2019 | דין פלילי","public-defender-annual-report-2019","https://jus-tice.co.il/articles/public-defender-annual-report-2019/","/articles/public-defender-annual-report-2019/",YES,2026-05-16T23:34:52,"637","",REST_API
5685,article,publish,"השופט אביגדור דורות: החלטה בתיק חדלות פירעון של חברת סטודיו C (חדל&#8221;ת 41109-07-21)","judge-decision-company-41109-07-21","https://jus-tice.co.il/articles/judge-decision-company-41109-07-21/","/articles/judge-decision-company-41109-07-21/",YES,2026-05-16T23:53:23,"312","",REST_API
5683,article,publish,"48 חודשי מאסר: גז&#8221;ד עונש פלילי לנאשם באינוס ומעשה סדום בקטינה (תפח&#8221;ע 43418-01-21)","punishment-criminal-defendant-48-43418-01-21","https://jus-tice.co.il/articles/punishment-criminal-defendant-48-43418-01-21/","/articles/punishment-criminal-defendant-48-43418-01-21/",YES,2026-05-16T23:53:23,"170","",REST_API
5681,article,publish,"השופטת אסתר הלמן: עונש גזר דין פלילי נאשם עבירת תקיפת אישה ובת (תפח&#8221;ע 39682-07-20)","criminal-law-judge-punishment-defendant-offense-39682-07-20","https://jus-tice.co.il/articles/criminal-law-judge-punishment-defendant-offense-39682-07-20/","/articles/criminal-law-judge-punishment-defendant-offense-39682-07-20/",YES,2026-05-16T23:53:25,"170","",REST_API
5674,article,publish,"פיצוי כספי בגין פגיעה בפרטיות | צפייה ומחיקה של פריטים מהטלפון ללא רשות","compensation-privacy","https://jus-tice.co.il/articles/compensation-privacy/","/articles/compensation-privacy/",YES,2026-05-16T23:53:25,"","",REST_API
5670,article,publish,"פסק דין צביאלי נ&#8217; עיריית תל אביב מסמך הנחיות כיכר אתרים","verdict-tel-aviv","https://jus-tice.co.il/articles/verdict-tel-aviv/","/articles/verdict-tel-aviv/",YES,2026-05-16T23:53:25,"25","",REST_API
5655,article,publish,"תביעת האשה ל&#8221;השבת הוצאות&#8221; של מזונות קטינים","lawsuit-alimony","https://jus-tice.co.il/articles/lawsuit-alimony/","/articles/lawsuit-alimony/",YES,2026-05-16T23:53:27,"635","",REST_API
5653,article,publish,"בקשת הבעל לשעבר לקבוע כי הגט בטל","petition-get-divorce","https://jus-tice.co.il/articles/petition-get-divorce/","/articles/petition-get-divorce/",YES,2026-05-16T23:53:27,"392","",REST_API
5638,article,publish,"חוק שירותי תעופה (פיצוי וסיוע בשל ביטול טיסה או שינוי בתנאיה), התשע״ב-2012*","law-compensation-cancellation-2012","https://jus-tice.co.il/articles/law-compensation-cancellation-2012/","/articles/law-compensation-cancellation-2012/",YES,2026-05-16T23:53:27,"","",REST_API
5633,article,publish,"פיצוי נזק על דחיית טיסה חברת תעופה אייר אינדיה | תביעות קטנות","compensation-flight-delayed","https://jus-tice.co.il/articles/compensation-flight-delayed/","/articles/compensation-flight-delayed/",YES,2026-05-16T23:34:55,"309","",REST_API
5627,article,publish,"משמורת אם","mom-full-custody","https://jus-tice.co.il/articles/mom-full-custody/","/articles/mom-full-custody/",YES,2026-05-16T23:34:55,"68","",REST_API
5609,article,publish,"עונש מורשע בעבירות של גרם מוות ברשלנות בתאונת דרכים | עורך דין תעבורה פלילי","car-accident-lawyer-punishment-offenses-criminal","https://jus-tice.co.il/articles/car-accident-lawyer-punishment-offenses-criminal/","/articles/car-accident-lawyer-punishment-offenses-criminal/",YES,2026-05-16T23:53:30,"170","",REST_API
5606,article,publish,"בקשת הסגרה בגין עבירות של קבלת דבר במרמה | עו&#8221;ד פלילי","petition-offenses-criminal","https://jus-tice.co.il/articles/petition-offenses-criminal/","/articles/petition-offenses-criminal/",YES,2026-05-16T23:53:30,"170","",REST_API
5604,article,publish,"תיקון 101 לפקודת התעבורה סיכון חיי אדם הפקרה | עורך דין תעבורה","lawyer-101","https://jus-tice.co.il/articles/lawyer-101/","/articles/lawyer-101/",YES,2026-05-16T23:53:30,"","",REST_API
5602,article,publish,"תפקידו ודרכי עבודתו של עובד סוציאלי לעניין סדרי דין","procedures-law","https://jus-tice.co.il/articles/procedures-law/","/articles/procedures-law/",YES,2026-05-16T23:53:32,"","",REST_API
5591,article,publish,"בוררות בסכסוך בין שותפים במשרד עורכי-דין | פסק דין","arbitration-dispute-between-partners-law-firm","https://jus-tice.co.il/articles/arbitration-dispute-between-partners-law-firm/","/articles/arbitration-dispute-between-partners-law-firm/",YES,2026-05-16T23:34:55,"308","",REST_API
5585,article,publish,"זליגמן נגד הפניקס | הגנת זוטי דברים בתובענות ייצוגיות | פרשנות המאסדר","article-5585","https://jus-tice.co.il/articles/article-5585/","/articles/article-5585/",YES,2026-05-16T23:53:32,"","",REST_API
5570,article,publish,"אי הרשעה הברחת טלפונים מאילת ללא מע&#8221;מ","conviction","https://jus-tice.co.il/articles/conviction/","/articles/conviction/",YES,2026-05-16T23:53:32,"","",REST_API
5560,article,publish,"משמורת אב | כיצד להשיג זכויות משמורת כאבא?","custody-rights-for-fathers","https://jus-tice.co.il/articles/custody-rights-for-fathers/","/articles/custody-rights-for-fathers/",YES,2026-05-16T23:34:57,"68","",REST_API
5555,article,publish,"ע”פ 8360/19 – דניאל זיסמן נגד מדינת ישראל | גישור פלילי","israel-mediation-criminal-8360-19","https://jus-tice.co.il/articles/israel-mediation-criminal-8360-19/","/articles/israel-mediation-criminal-8360-19/",YES,2026-05-16T23:53:34,"170","",REST_API
5550,article,publish,"המלצות צוות הגישור הפלילי -דו&#8221;ח מסכם","recommendations-mediation-criminal","https://jus-tice.co.il/articles/recommendations-mediation-criminal/","/articles/recommendations-mediation-criminal/",YES,2026-05-16T23:53:34,"170","",REST_API
5544,article,publish,"מנהלים כלליים לדורותיהם משרד המשפטים","department-of-justice-general-manager","https://jus-tice.co.il/articles/department-of-justice-general-manager/","/articles/department-of-justice-general-manager/",YES,2026-05-16T23:34:57,"632","",REST_API
5499,article,publish,"יועץ משפטי לממשלה","attorney-general","https://jus-tice.co.il/articles/attorney-general/","/articles/attorney-general/",YES,2026-05-16T23:34:57,"632","",REST_API
5470,article,publish,"אומדן פיצויים לנפגע תאונת דרכים | מתי תשלומים מקופת הפנסיה לא ינוכו מהפיצויים הנפסקים","car-accident-damages-pension","https://jus-tice.co.il/articles/car-accident-damages-pension/","/articles/car-accident-damages-pension/",YES,2026-05-16T23:53:34,"76","",REST_API
5468,article,publish,"חילוט רכב מזראטי | עבירה של נהיגה בזמן פסילה, נהיגה ללא רישיון נהיגה תקף","offense-license","https://jus-tice.co.il/articles/offense-license/","/articles/offense-license/",YES,2026-05-16T23:53:36,"","",REST_API
5463,article,publish,"חיוב אם במזונות: תביעה למזונות והחזר כספים (תלה&#8221;מ 31090-06-17)","alimony-lawsuit-31090-06-17","https://jus-tice.co.il/articles/alimony-lawsuit-31090-06-17/","/articles/alimony-lawsuit-31090-06-17/",YES,2026-05-16T23:53:37,"68","",REST_API
5461,article,publish,"פיצוי בגין מעצר שווא (צ&#8221;א 24231-06-21)","compensation-arrest-24231-06-21","https://jus-tice.co.il/articles/compensation-arrest-24231-06-21/","/articles/compensation-arrest-24231-06-21/",YES,2026-05-16T23:53:36,"170","",REST_API
5459,article,publish,"פירוק שיתוף בנחלה לפי הלכת השיתוף (תלה&#8221;מ 20848-02-18)","dissolution-partnership-homestead-ruling-20848-02-18","https://jus-tice.co.il/articles/dissolution-partnership-homestead-ruling-20848-02-18/","/articles/dissolution-partnership-homestead-ruling-20848-02-18/",YES,2026-05-16T23:53:39,"","",REST_API
5414,article,publish,"ערעור על החלטת קצין בנושא מעצר | חוק המעצרים סעיף 44 א שחרור עצור בערובה על ידי בית המשפט","appeal-decision-arrest-law-detention-arrested","https://jus-tice.co.il/articles/appeal-decision-arrest-law-detention-arrested/","/articles/appeal-decision-arrest-law-detention-arrested/",YES,2026-05-16T23:53:39,"170","",REST_API
5405,article,publish,"משמורת משותפת","joint-custody-shared-parenting","https://jus-tice.co.il/articles/joint-custody-shared-parenting/","/articles/joint-custody-shared-parenting/",YES,2026-05-16T23:34:59,"68","",REST_API
5399,article,publish,"דיון נוסף פס&#8221;ד הבוגדת: דנג&#8221;ץ 8537/18 פלוני נ. בית הדין הרבני הגדול בירושלים (24.06.2021)","rabbinical-court-jerusalem-verdict-8537-18-24","https://jus-tice.co.il/articles/rabbinical-court-jerusalem-verdict-8537-18-24/","/articles/rabbinical-court-jerusalem-verdict-8537-18-24/",YES,2026-05-16T23:53:39,"","",REST_API
5392,article,publish,"פלילי החזקת כלב מסוכן שתקף ללא רשיון הרשעה","criminal-conviction","https://jus-tice.co.il/articles/criminal-conviction/","/articles/criminal-conviction/",YES,2026-05-16T23:53:41,"170","",REST_API
5385,article,publish,"עונש  מאסר פגע וברח גרימת מוות ברשלנות, מעשה פזיזות ורשלנות ברכב, הפקרה אחרי פגיעה ועוד","punishment","https://jus-tice.co.il/articles/punishment/","/articles/punishment/",YES,2026-05-16T23:53:41,"76","",REST_API
5383,article,publish,"ערעור על החלטת וועדת הערעור לפי חוק הנכים | התחזות פוסט טראומה","appeal-decision-law","https://jus-tice.co.il/articles/appeal-decision-law/","/articles/appeal-decision-law/",YES,2026-05-16T23:53:43,"","",REST_API
5381,article,publish,"דחיית בקשה לתיקון כתב תביעה שכנגד לפי תקנה 46 הרפורמה בסדר הדין האזרחי","request-lawsuit-regulation-procedure-law-civil","https://jus-tice.co.il/articles/request-lawsuit-regulation-procedure-law-civil/","/articles/request-lawsuit-regulation-procedure-law-civil/",YES,2026-05-16T23:53:43,"","",REST_API
5367,article,publish,"תביעה של מלצרית הטרדה מינית 300,000 ש&#8221;ח פיצוי","lawsuit-compensation-300-000","https://jus-tice.co.il/articles/lawsuit-compensation-300-000/","/articles/lawsuit-compensation-300-000/",YES,2026-05-16T23:53:43,"","",REST_API
5356,article,publish,"הגבלה על מסירת מידע מהמרשם הפלילי וקיצור תקופת הרישום","prosecution","https://jus-tice.co.il/articles/prosecution/","/articles/prosecution/",YES,2026-05-16T23:50:38,"170","",REST_API
5351,article,publish,"תביעות בין בני זוג לשעבר על מזונות ומשמורת על בת קטינה משותפת","lawsuits-alimony-custody","https://jus-tice.co.il/articles/lawsuits-alimony-custody/","/articles/lawsuits-alimony-custody/",YES,2026-05-16T23:53:45,"68","",REST_API
5335,article,publish,"ניר חפץ נגד אמיר אוחנה תביעת לשון הרע, הגנת פרטיות הסרת חסינות","defamation-lawsuit-privacy","https://jus-tice.co.il/articles/defamation-lawsuit-privacy/","/articles/defamation-lawsuit-privacy/",YES,2026-05-16T23:53:45,"","",REST_API
5328,article,publish,"שינוי משמורת ילדים | סיבות לשנות את משמורת הילדים","child-custody-modification","https://jus-tice.co.il/articles/child-custody-modification/","/articles/child-custody-modification/",YES,2026-05-16T23:34:59,"68","",REST_API
5316,article,publish,"מהי הלבנת הון?| עבירה פלילית הלבנת כספים בלתי חוקיים","what-is-money-laundering","https://jus-tice.co.il/articles/what-is-money-laundering/","/articles/what-is-money-laundering/",YES,2026-05-16T23:34:59,"170","",REST_API
5310,article,publish,"חוק זכות יוצרים, התשס״ח-2007 המקורי עם הסברי הצעת החוק בכנסת","law-right-2007","https://jus-tice.co.il/articles/law-right-2007/","/articles/law-right-2007/",YES,2026-05-16T23:53:45,"","",REST_API
5300,article,publish,"זכויות יוצרים | © Copyright","copyright","https://jus-tice.co.il/articles/copyright/","/articles/copyright/",YES,2026-05-16T23:35:02,"194","",REST_API
5288,article,publish,"עורך דין קניין רוחני | עו&#8221;ד פטנטים","intellectual-property-lawyer","https://jus-tice.co.il/articles/intellectual-property-lawyer/","/articles/intellectual-property-lawyer/",YES,2026-05-16T23:35:02,"308","",REST_API
5275,article,publish,"בתי הספר הטובים ביותר למשפטים בארה&#8221;ב 2021-2022","americas-best-law-schools","https://jus-tice.co.il/articles/americas-best-law-schools/","/articles/americas-best-law-schools/",YES,2026-05-16T23:35:02,"308","",REST_API
4995,article,publish,"חוק הכשרות המשפטית והאפוטרופסות, תשכ&#8221;ב-1962 עם הסברים","law-1962","https://jus-tice.co.il/articles/law-1962/","/articles/law-1962/",YES,2026-05-16T23:53:48,"","",REST_API
4945,article,publish,"חזקת הגיל הרך | משמורת ילדים עד גיל 6","tender-years-mother-custody-child-age-under-6","https://jus-tice.co.il/articles/tender-years-mother-custody-child-age-under-6/","/articles/tender-years-mother-custody-child-age-under-6/",YES,2026-05-16T23:35:04,"68","",REST_API
4252,article,publish,"הסכם מיזם משותף","joint-venture-agreement","https://jus-tice.co.il/articles/joint-venture-agreement/","/articles/joint-venture-agreement/",YES,2026-05-16T23:35:04,"","",REST_API
4204,article,publish,"חוזה הקלטה מוזיקלית | חוזה הקלטה ללהקה או זמר ותמלוגים","music-recording-contract","https://jus-tice.co.il/articles/music-recording-contract/","/articles/music-recording-contract/",YES,2026-05-16T23:35:04,"","",REST_API
4196,article,publish,"חוק החוזים (תרופות בשל הפרת חוזה), תשל&#8221;א-1970 | עם דברי הסבר","law-contract-1970","https://jus-tice.co.il/articles/law-contract-1970/","/articles/law-contract-1970/",YES,2026-05-16T23:53:48,"","",REST_API
4145,article,publish,"כוח עליון: שימוש בסעיף כוח עליון בחוזה","force-majeure","https://jus-tice.co.il/articles/force-majeure/","/articles/force-majeure/",YES,2026-05-16T23:35:06,"312","",REST_API
3665,article,publish,"עורכי דין: כיצד לנהל את רמת המתח ולהפסיק לדחות מטלות","attorneys-how-to","https://jus-tice.co.il/articles/attorneys-how-to/","/articles/attorneys-how-to/",YES,2021-06-07T01:20:49,"308","",REST_API
3621,article,publish,"בניית אתרים חינם: מהי האופציה לבניית האתרים הטובה ביותר בחינם? | אתר בחינם","beginners-guide-how-to-choose-the-best-website-builder","https://jus-tice.co.il/articles/beginners-guide-how-to-choose-the-best-website-builder/","/articles/beginners-guide-how-to-choose-the-best-website-builder/",YES,2026-05-17T07:54:01,"","",REST_API
3632,article,publish,"דוגמא לתקנון אתר","sample-terms-and-conditions-template","https://jus-tice.co.il/articles/sample-terms-and-conditions-template/","/articles/sample-terms-and-conditions-template/",YES,2026-05-16T23:35:06,"","",REST_API
3619,article,publish,"חקיקת מטבעות קריפטו: מה החוק דורש עבור ביטקוין ותחום הקריפטו","cryptocurrency-legislation-2021","https://jus-tice.co.il/articles/cryptocurrency-legislation-2021/","/articles/cryptocurrency-legislation-2021/",YES,2026-05-16T23:35:08,"","",REST_API
3604,article,publish,"מהי פירמת עורכי דין? סקירת עו&#8221;ד עולמית","what-is-a-law-firm","https://jus-tice.co.il/articles/what-is-a-law-firm/","/articles/what-is-a-law-firm/",YES,2026-05-17T07:54:01,"308","",REST_API
3592,article,publish,"עלויות הקמה ראשונות לעסקים קטנים","small-business-startup-costs","https://jus-tice.co.il/articles/small-business-startup-costs/","/articles/small-business-startup-costs/",YES,2026-05-17T07:54:04,"312","",REST_API
3570,article,publish,"פסק דין בתביעה לחיוב יועץ השקעות בגין נזק","verdict-lawsuit-consultant-damage","https://jus-tice.co.il/articles/verdict-lawsuit-consultant-damage/","/articles/verdict-lawsuit-consultant-damage/",YES,2026-05-16T23:53:48,"","",REST_API
3567,article,publish,"יתרונות וחסרונות של העסקת סוכנות לשיווק דיגיטלי","digital-marketing-agency","https://jus-tice.co.il/articles/digital-marketing-agency/","/articles/digital-marketing-agency/",YES,2026-05-16T23:35:11,"","",REST_API
3550,article,publish,"6 סוגים שונים של עורכי דין מומלצים לבעלי עסקים קטנים","types-of-lawyers-small-business","https://jus-tice.co.il/articles/types-of-lawyers-small-business/","/articles/types-of-lawyers-small-business/",YES,2026-05-16T23:35:11,"308","",REST_API
3532,article,publish,"תצהיר מקוון (אונליין) | דוגמא לתצהיר חינם | טופס תצהיר","free-affidavit-sample","https://jus-tice.co.il/articles/free-affidavit-sample/","/articles/free-affidavit-sample/",YES,2026-05-16T23:35:11,"639","",REST_API
3527,article,publish,"הגשת תצהיר לבית משפט | טופס תצהיר להגשה בבית משפט","submitting-affidavit-israel-court","https://jus-tice.co.il/articles/submitting-affidavit-israel-court/","/articles/submitting-affidavit-israel-court/",YES,2026-05-16T23:35:13,"639","",REST_API
3519,article,publish,"טופס 6 בקשה לסעד דחוף שלא בדרך בקשה ליישוב סכסוך","form-6-request-urgent-relief-dispute-settlement","https://jus-tice.co.il/articles/form-6-request-urgent-relief-dispute-settlement/","/articles/form-6-request-urgent-relief-dispute-settlement/",YES,2026-05-16T23:35:13,"","",REST_API
3510,article,publish,"בקשה ליישוב סכסוך | טופס בקשה ליישוב סכסוך","request-for-family-dispute-settlements","https://jus-tice.co.il/articles/request-for-family-dispute-settlements/","/articles/request-for-family-dispute-settlements/",YES,2026-05-16T23:35:13,"392","",REST_API
3499,article,publish,"גירושין בהסכמה","divorce-with-consent","https://jus-tice.co.il/articles/divorce-with-consent/","/articles/divorce-with-consent/",YES,2026-05-16T23:35:15,"392","",REST_API
3473,article,publish,"קידום אתר אינטרנט במנועי חיפוש | אופטימיזציה למנועי חיפוש SEO | קידום אורגני","search-engine-optimization","https://jus-tice.co.il/articles/search-engine-optimization/","/articles/search-engine-optimization/",YES,2026-05-17T07:54:04,"","",REST_API
3468,article,publish,"פסקי דין מרכזיים של בית המשפט העליון לשנת המשפט 2019-2018","2018-2019-major-supreme-court-ruling","https://jus-tice.co.il/articles/2018-2019-major-supreme-court-ruling/","/articles/2018-2019-major-supreme-court-ruling/",YES,2026-05-16T23:35:15,"","",REST_API
3452,article,publish,"על הדין הפלילי: גורמים מחמירים בעונשים פליליים ארה&#8221;ב","us-law-aggravating-factors-in-criminal-sentences","https://jus-tice.co.il/articles/us-law-aggravating-factors-in-criminal-sentences/","/articles/us-law-aggravating-factors-in-criminal-sentences/",YES,2026-05-16T23:35:18,"170","",REST_API
3450,article,publish,"מעצר בארה&#8221;ב שלב ההקראה  &#8211; עו&#8221;ד פלילי ארה&#8221;ב","usa-arraignment-formal-reading-of-criminal-charging","https://jus-tice.co.il/articles/usa-arraignment-formal-reading-of-criminal-charging/","/articles/usa-arraignment-formal-reading-of-criminal-charging/",YES,2026-05-16T23:35:18,"170","",REST_API
3430,article,publish,"כיצד למצוא חברה לפיתוח אתרים","how-to-find-a-professional-web-development-agency","https://jus-tice.co.il/articles/how-to-find-a-professional-web-development-agency/","/articles/how-to-find-a-professional-web-development-agency/",YES,2026-05-16T23:35:18,"","",REST_API
3428,article,publish,"ממה להימנע בעת העסקת חברה לעיצוב אתרים","what-to-avoid-when-hiring-a-web-design-company","https://jus-tice.co.il/articles/what-to-avoid-when-hiring-a-web-design-company/","/articles/what-to-avoid-when-hiring-a-web-design-company/",YES,2026-05-17T07:54:04,"","",REST_API
3417,article,publish,"עונש החזקת קנאביס, ייצור, הכנה והפקה של סם ועוד","punishment-3417","https://jus-tice.co.il/articles/punishment-3417/","/articles/punishment-3417/",YES,2026-05-16T23:53:41,"","",REST_API
3410,article,publish,"השופטת יעל ייטב: גידול הון בלתי מוסבר מס הכנסה","income-tax-judge","https://jus-tice.co.il/articles/income-tax-judge/","/articles/income-tax-judge/",YES,2026-05-16T23:53:50,"","",REST_API
3406,article,publish,"השופט בדימוס משה מכליס: שחרור מוקדם של אסיר שהורשע בגין ביצוע מעשה מגונה בקטינה","judge","https://jus-tice.co.il/articles/judge/","/articles/judge/",YES,2026-05-16T23:53:50,"","",REST_API
3402,article,publish,"הסכם לבניית אתר אינטרנט מקוון (אונליין)","web-development-agreement","https://jus-tice.co.il/articles/web-development-agreement/","/articles/web-development-agreement/",YES,2026-05-17T07:54:06,"","",REST_API
3393,article,publish,"תביעה לחייב גרושה להשתתף בחובות","lawsuit-obligations","https://jus-tice.co.il/articles/lawsuit-obligations/","/articles/lawsuit-obligations/",YES,2026-05-16T23:53:50,"","",REST_API
3381,article,publish,"הסכם ממון דוגמא | הורדת הסכם ממון","prenuptial-agreement-sample","https://jus-tice.co.il/articles/prenuptial-agreement-sample/","/articles/prenuptial-agreement-sample/",YES,2026-05-16T23:35:20,"68","",REST_API
3371,article,publish,"הסכם ממון","prenuptial-agreements-overview","https://jus-tice.co.il/articles/prenuptial-agreements-overview/","/articles/prenuptial-agreements-overview/",YES,2026-05-16T23:35:22,"68","",REST_API
3364,article,publish,"פיצוי גבוהה תאונת דרכים 4,112,031 ש&#8221;ח","car-accident-compensation-4-112-031","https://jus-tice.co.il/articles/car-accident-compensation-4-112-031/","/articles/car-accident-compensation-4-112-031/",YES,2026-05-16T23:53:52,"76","",REST_API
3363,article,publish,"הסכם רילוקיישין תביעת עבודה נגד אינטל","agreement-lawsuit","https://jus-tice.co.il/articles/agreement-lawsuit/","/articles/agreement-lawsuit/",YES,2026-05-16T23:53:52,"","",REST_API
3353,article,publish,"ביטול הרשעה עבירות הונאה","cancellation-conviction-offenses-fraud","https://jus-tice.co.il/articles/cancellation-conviction-offenses-fraud/","/articles/cancellation-conviction-offenses-fraud/",YES,2026-05-16T23:53:52,"170","",REST_API
3347,article,publish,"עונש פלילי תקיפת בת זוג ועבירות איומים","punishment-criminal-offenses","https://jus-tice.co.il/articles/punishment-criminal-offenses/","/articles/punishment-criminal-offenses/",YES,2026-05-16T23:53:54,"170","",REST_API
3334,article,publish,"5 כלי SEO עוצמתיים למשרד עורכי הדין שלך","powerful-seo-tools-for-your-law-firm","https://jus-tice.co.il/articles/powerful-seo-tools-for-your-law-firm/","/articles/powerful-seo-tools-for-your-law-firm/",YES,2026-05-17T07:54:06,"","",REST_API
3328,article,publish,"דין וחשבון ביקורת בדיקות שכרות לנהגים","law-account","https://jus-tice.co.il/articles/law-account/","/articles/law-account/",YES,2026-05-16T23:53:54,"","",REST_API
3315,article,publish,"מַד שִׁכּוֹרוּת | בודק נשימה ראייתי","blood-alcohol-content-breathalyzer","https://jus-tice.co.il/articles/blood-alcohol-content-breathalyzer/","/articles/blood-alcohol-content-breathalyzer/",YES,2026-05-16T23:35:22,"","",REST_API
3310,article,publish,"מכשיר הינשוף","yanshuf-breathalyzer-test","https://jus-tice.co.il/articles/yanshuf-breathalyzer-test/","/articles/yanshuf-breathalyzer-test/",YES,2026-05-16T23:35:24,"","",REST_API
3306,article,publish,"כמה עולה הסכם ממון?","how-much-does-prenup-cost","https://jus-tice.co.il/articles/how-much-does-prenup-cost/","/articles/how-much-does-prenup-cost/",YES,2026-05-16T23:35:24,"68","",REST_API
3300,article,publish,"ביטול הסכם ממון","changing-or-canceling-a-prenuptial-agreement","https://jus-tice.co.il/articles/changing-or-canceling-a-prenuptial-agreement/","/articles/changing-or-canceling-a-prenuptial-agreement/",YES,2026-05-16T23:35:24,"68","",REST_API
3274,article,publish,"מה צריך לדעת לפני שכירת עורך דין פלילי","what-to-consider-when-hiring-a-criminal-lawyer","https://jus-tice.co.il/articles/what-to-consider-when-hiring-a-criminal-lawyer/","/articles/what-to-consider-when-hiring-a-criminal-lawyer/",YES,2026-05-16T23:35:26,"170","",REST_API
3271,article,publish,"תביעה של שוכרים נגד המשכירה ותביעה שכנגד (ת&#8221;א 53375-11-18)","lawsuit-53375-11-18","https://jus-tice.co.il/articles/lawsuit-53375-11-18/","/articles/lawsuit-53375-11-18/",YES,2026-05-16T23:53:54,"","",REST_API
3265,article,publish,"תקנים מעודכנים להתאמה רפואית לנהיגה מרב&#8221;ד","standards-of-medical-fitness-to-drive","https://jus-tice.co.il/articles/standards-of-medical-fitness-to-drive/","/articles/standards-of-medical-fitness-to-drive/",YES,2026-05-17T07:54:06,"","",REST_API
3263,article,publish,"מה זה מרב״ד?- מידע על המכון הרפואי לבטיחות בדרכים","medical-fitness-tests-for-driving-marvad-info","https://jus-tice.co.il/articles/medical-fitness-tests-for-driving-marvad-info/","/articles/medical-fitness-tests-for-driving-marvad-info/",YES,2026-05-16T23:35:26,"","",REST_API
3254,article,publish,"המכון הרפואי לבטיחות בדרכים","medical-institute-for-road-safety","https://jus-tice.co.il/articles/medical-institute-for-road-safety/","/articles/medical-institute-for-road-safety/",YES,2026-05-16T23:35:29,"","",REST_API
3250,article,publish,"בניית אתרים","article-3250","https://jus-tice.co.il/articles/article-3250/","/articles/article-3250/",YES,2026-05-17T07:54:25,"","",REST_API
3242,article,publish,"מדיניות העמדה לדין וענישה של הורים וקרובי משפחה בגין גרימת מוות ברשלנות של בני משפחתם","punishment-of-parents-and-relatives-for-negligently-causing-death","https://jus-tice.co.il/articles/punishment-of-parents-and-relatives-for-negligently-causing-death/","/articles/punishment-of-parents-and-relatives-for-negligently-causing-death/",YES,2026-05-16T23:35:29,"76","",REST_API
3237,article,publish,"מדיניות התביעה בהעמדה לדין וענישה בעבירות של גרימת מוות בתאונות דרכים","punishment-for-offenses-of-causing-death-in-road-accidents","https://jus-tice.co.il/articles/punishment-for-offenses-of-causing-death-in-road-accidents/","/articles/punishment-for-offenses-of-causing-death-in-road-accidents/",YES,2026-05-16T23:35:29,"170","",REST_API
3231,article,publish,"האם כל הסכם בין בני זוג הוא הסכם ממון?","prenuptial-agreement-agreement","https://jus-tice.co.il/articles/prenuptial-agreement-agreement/","/articles/prenuptial-agreement-agreement/",YES,2026-05-16T23:53:57,"","",REST_API
3222,article,publish,"עורך דין תאונות דרכים","car-accident-auto-injury-lawyer","https://jus-tice.co.il/articles/car-accident-auto-injury-lawyer/","/articles/car-accident-auto-injury-lawyer/",YES,2026-05-16T23:35:31,"76","",REST_API
3218,article,publish,"עונש פלילי על הפצת תכנים מיניים בטלגרם (גזר דין) ת&#8221;פ 19991-07-20","sentencing-punishment-criminal-19991-07-20","https://jus-tice.co.il/articles/sentencing-punishment-criminal-19991-07-20/","/articles/sentencing-punishment-criminal-19991-07-20/",YES,2026-05-16T23:53:57,"170","",REST_API
3211,article,publish,"הסכם ממון בפרק ב&#8217;","prenuptial-agreement-for-second-marriage","https://jus-tice.co.il/articles/prenuptial-agreement-for-second-marriage/","/articles/prenuptial-agreement-for-second-marriage/",YES,2026-05-16T23:35:31,"68","",REST_API
3207,article,publish,"הסכם ממון על דירה |  מתי הסכם ממון לא תופס","marital-property-agreement","https://jus-tice.co.il/articles/marital-property-agreement/","/articles/marital-property-agreement/",YES,2026-05-16T23:35:31,"68","",REST_API
3202,article,publish,"זכויות תושב חוזר ותיק וקביעת שיעור המס על מכירת מניות","returning-resident-rights-determining-tax-rate","https://jus-tice.co.il/articles/returning-resident-rights-determining-tax-rate/","/articles/returning-resident-rights-determining-tax-rate/",YES,2026-05-16T23:35:33,"","",REST_API
3196,article,publish,"מהם ידועים בציבור?","common-law-marriage","https://jus-tice.co.il/articles/common-law-marriage/","/articles/common-law-marriage/",YES,2026-05-16T23:35:33,"68","",REST_API
3191,article,publish,"ידועים בציבור ללא מגורים משותפים","living-apart-together-legal-rights","https://jus-tice.co.il/articles/living-apart-together-legal-rights/","/articles/living-apart-together-legal-rights/",YES,2026-05-16T23:35:33,"68","",REST_API
3188,article,publish,"הסכם חיים משותפים","cohabitation-agreement","https://jus-tice.co.il/articles/cohabitation-agreement/","/articles/cohabitation-agreement/",YES,2026-05-16T23:35:35,"68","",REST_API
3164,article,publish,"מה זה ביטקוין ואיך זה עובד? מטבעות קריפטוגרפיים","what-is-bitcoin-and-how-does-it-work","https://jus-tice.co.il/articles/what-is-bitcoin-and-how-does-it-work/","/articles/what-is-bitcoin-and-how-does-it-work/",YES,2026-05-17T07:54:08,"","",REST_API
3157,article,publish,"הסכם גירושין","what-is-a-divorce-settlement-agreement","https://jus-tice.co.il/articles/what-is-a-divorce-settlement-agreement/","/articles/what-is-a-divorce-settlement-agreement/",YES,2026-05-16T23:35:35,"68","",REST_API
3147,article,publish,"חלוקת רכוש בין ידועים בציבור","cohabitation-property-rights-for-unmarried-couples","https://jus-tice.co.il/articles/cohabitation-property-rights-for-unmarried-couples/","/articles/cohabitation-property-rights-for-unmarried-couples/",YES,2026-05-16T23:35:37,"68","",REST_API
3130,article,publish,"הסכם גירושין דוגמא | תבנית הסכם גירושין | טופס הסכם גירושין בחינם","free-divorce-agreement-template","https://jus-tice.co.il/articles/free-divorce-agreement-template/","/articles/free-divorce-agreement-template/",YES,2026-05-16T23:35:37,"68","",REST_API
3118,article,publish,"כמה עולה הסכם גירושין? | עלות הסכם גירושין","how-much-does-a-divorce-agreement-cost","https://jus-tice.co.il/articles/how-much-does-a-divorce-agreement-cost/","/articles/how-much-does-a-divorce-agreement-cost/",YES,2026-05-16T23:35:37,"68","",REST_API
3113,article,publish,"ביטול הסכם גירושין","cancel-a-divorce-settlement-agreement","https://jus-tice.co.il/articles/cancel-a-divorce-settlement-agreement/","/articles/cancel-a-divorce-settlement-agreement/",YES,2026-05-16T23:35:39,"68","",REST_API
3095,article,publish,"טופס בקשה לתעודת מידע פלילי | תעודת יושר | היעדר מרשם פלילי","apply-for-police-criminal-information-certificates","https://jus-tice.co.il/articles/apply-for-police-criminal-information-certificates/","/articles/apply-for-police-criminal-information-certificates/",YES,2026-05-16T23:35:39,"170","",REST_API
3080,article,publish,"מה כולל הסכם גירושין?","what-should-a-divorce-settlement-agreement-include","https://jus-tice.co.il/articles/what-should-a-divorce-settlement-agreement-include/","/articles/what-should-a-divorce-settlement-agreement-include/",YES,2026-05-16T23:35:39,"68","",REST_API
3069,article,publish,"לא מחוסן: האם מעסיק יכול למנוע את התייצבותו לעבודה של עובד המסרב להציג אחת לשבוע בדיקת קורונה שלילית","article-3069","https://jus-tice.co.il/articles/article-3069/","/articles/article-3069/",YES,2026-05-16T23:53:59,"","",REST_API
3064,article,publish,"השופט רמי אמיר: החלטה בצו ביניים להשבת נשק אישי","judge-decision-3064","https://jus-tice.co.il/articles/judge-decision-3064/","/articles/judge-decision-3064/",YES,2026-05-16T23:53:01,"","",REST_API
3061,article,publish,"יחסי עובד–מעביד","employer-worker-relationship","https://jus-tice.co.il/articles/employer-worker-relationship/","/articles/employer-worker-relationship/",YES,2026-05-16T23:35:41,"","",REST_API
3048,article,publish,"מהי ירושה","inheritance","https://jus-tice.co.il/articles/inheritance/","/articles/inheritance/",YES,2026-05-16T23:35:41,"68","",REST_API
3017,article,publish,"צוואה","will-and-testament","https://jus-tice.co.il/articles/will-and-testament/","/articles/will-and-testament/",YES,2026-05-16T23:35:41,"68","",REST_API
3007,article,publish,"פסקי דין מרכזיים של בית המשפט העליון לשנים 2019־2020","2019-2020-major-supreme-court-ruling","https://jus-tice.co.il/articles/2019-2020-major-supreme-court-ruling/","/articles/2019-2020-major-supreme-court-ruling/",YES,2026-05-16T23:35:43,"","",REST_API
2993,article,publish,"חוקיות הקנאביס | האם קנאביס חוקי?","legality-of-cannabis","https://jus-tice.co.il/articles/legality-of-cannabis/","/articles/legality-of-cannabis/",YES,2026-05-16T23:35:43,"","",REST_API
2989,article,publish,"מפת אתר","sitemap-jus-tice","https://jus-tice.co.il/articles/sitemap-jus-tice/","/articles/sitemap-jus-tice/",YES,2026-05-16T23:35:43,"","",REST_API
2970,article,publish,"התנגדות לצוואה | הגשת התנגדות לצו קיום צוואה","will-probate-objection","https://jus-tice.co.il/articles/will-probate-objection/","/articles/will-probate-objection/",YES,2026-05-16T23:35:47,"68","",REST_API
2963,article,publish,"הגשת בקשה לצו קיום צוואה | עורך דין צו קיום צוואה","what-is-a-probate-order","https://jus-tice.co.il/articles/what-is-a-probate-order/","/articles/what-is-a-probate-order/",YES,2026-05-16T23:35:47,"68","",REST_API
2955,article,publish,"צֶדֶק | מה זה צדק?  הגינות משפט וצדק","what-is-justice","https://jus-tice.co.il/articles/what-is-justice/","/articles/what-is-justice/",YES,2026-05-16T23:35:47,"308","",REST_API
2943,article,publish,"5 צעדים חשובים למקסום ירושה","maximize-an-inheritance","https://jus-tice.co.il/articles/maximize-an-inheritance/","/articles/maximize-an-inheritance/",YES,2026-05-16T23:35:49,"68","",REST_API
2921,article,publish,"צו ירושה | מה זה צו ירושה?| מדריך הגשת בקשה לצו ירושה","inheritance-order","https://jus-tice.co.il/articles/inheritance-order/","/articles/inheritance-order/",YES,2026-05-16T23:35:49,"68;307;75","",REST_API
2915,article,publish,"מה זה ביטקוין? ( ₿ ) קניית ביטקוין | כריית ביטקוין","what-is-bitcoin","https://jus-tice.co.il/articles/what-is-bitcoin/","/articles/what-is-bitcoin/",YES,2026-05-16T23:35:49,"40","",REST_API
2913,article,publish,"פקודת הנזיקין [נוסח חדש]","torts-new","https://jus-tice.co.il/articles/torts-new/","/articles/torts-new/",YES,2026-05-16T23:53:59,"76","",REST_API
2907,article,publish,"מה זה קניין רוחני?","what-is-intellectual-property","https://jus-tice.co.il/articles/what-is-intellectual-property/","/articles/what-is-intellectual-property/",YES,2026-05-16T23:35:51,"","",REST_API
2885,article,publish,"כמה עולה ייצוג עורך דין פלילי? | מחירון מומלץ 2024","how-much-will-a-criminal-defense-lawyer-cost","https://jus-tice.co.il/articles/how-much-will-a-criminal-defense-lawyer-cost/","/articles/how-much-will-a-criminal-defense-lawyer-cost/",YES,2026-05-16T23:35:51,"170","",REST_API
2876,article,publish,"להיות עו&#8221;ד פלילי כל מה שצריך לדעת כדי להיות סנגור פלילי","everything-you-need-to-know-about-becoming-a-criminal-lawyer","https://jus-tice.co.il/articles/everything-you-need-to-know-about-becoming-a-criminal-lawyer/","/articles/everything-you-need-to-know-about-becoming-a-criminal-lawyer/",YES,2026-05-17T07:54:08,"308","",REST_API
2874,article,publish,"מעמדן של התחייבויות למזונות שבהסכם והעילות לביטולן או שינויין מכוח שינוי נסיבות","alimony-agreement","https://jus-tice.co.il/articles/alimony-agreement/","/articles/alimony-agreement/",YES,2026-05-16T23:53:59,"68","",REST_API
2849,article,publish,"כיצד להתמודד עם עובדים בעייתיים (מלבד פיטורין)","how-to-deal-with-problematic-employees-aside-from-termination","https://jus-tice.co.il/articles/how-to-deal-with-problematic-employees-aside-from-termination/","/articles/how-to-deal-with-problematic-employees-aside-from-termination/",YES,2026-05-16T23:35:53,"83","",REST_API
2839,article,publish,"נטל ההוכחה לקיומו של סייג לאחריות פלילית רובץ על כתפיו של הטוען לכך","penal","https://jus-tice.co.il/articles/penal/","/articles/penal/",YES,2026-05-16T23:50:39,"170","",REST_API
2833,article,publish,"מתווה חזרת בתי הספר היסודיים ללמידה משולבת &#8211; פיזית ומרחוק","israel-framework-for-reopening-schools-coronavirus-2020","https://jus-tice.co.il/articles/israel-framework-for-reopening-schools-coronavirus-2020/","/articles/israel-framework-for-reopening-schools-coronavirus-2020/",YES,2026-05-16T23:35:53,"","699",REST_API
2825,article,publish,"הסכם פינוי בינוי מומלץ לדוגמא | הסכם מדף פינוי בינוי בין היזם לבעלי דירות להורדה","agreement-evacuation-construction-recommended-apartments","https://jus-tice.co.il/articles/agreement-evacuation-construction-recommended-apartments/","/articles/agreement-evacuation-construction-recommended-apartments/",YES,2026-05-16T23:54:01,"234","",REST_API
2816,article,publish,"חלוקת דירת בני זוג והשלכותיה על חיוב הכתובה","division-of-a-couples-apartment-and-its-implications-for-charging-the-ketubah","https://jus-tice.co.il/articles/division-of-a-couples-apartment-and-its-implications-for-charging-the-ketubah/","/articles/division-of-a-couples-apartment-and-its-implications-for-charging-the-ketubah/",YES,2026-05-16T23:35:53,"68","",REST_API
2811,article,publish,"כתב האישום נגד בנימין נתניהו | תיקים 1000 2000 4000","1000-2000-4000","https://jus-tice.co.il/articles/1000-2000-4000/","/articles/1000-2000-4000/",YES,2026-05-16T23:54:01,"","",REST_API
2791,article,publish,"איחוד האמירויות הערביות &#8211; מדריך מסחרי","united-arab-emirates-market-overview","https://jus-tice.co.il/articles/united-arab-emirates-market-overview/","/articles/united-arab-emirates-market-overview/",YES,2026-05-16T23:35:56,"","",REST_API
2769,article,publish,"תקנות סדר הדין האזרחי, התשע&#8221;ח-2018","regulations-procedure-law-civil-2018","https://jus-tice.co.il/articles/regulations-procedure-law-civil-2018/","/articles/regulations-procedure-law-civil-2018/",YES,2026-05-16T23:54:01,"","",REST_API
2765,article,publish,"ביטול צוואה וקיום צוואה קודמת בה חלוקה שווה","revocation-of-a-will-and-reviving-previous-will","https://jus-tice.co.il/articles/revocation-of-a-will-and-reviving-previous-will/","/articles/revocation-of-a-will-and-reviving-previous-will/",YES,2026-05-16T23:35:56,"68","",REST_API
2753,article,publish,"ניתוח מאפייני תחלואה בקורונה בקרב ילדים","characteristics-and-outcomes-of-children-with-coronavirus","https://jus-tice.co.il/articles/characteristics-and-outcomes-of-children-with-coronavirus/","/articles/characteristics-and-outcomes-of-children-with-coronavirus/",YES,2026-05-16T23:35:56,"","",REST_API
2738,article,publish,"טופס הודעה על התפטרות מעבודה","article-2738","https://jus-tice.co.il/articles/article-2738/","/articles/article-2738/",YES,2026-05-16T23:54:03,"","699",REST_API
2737,article,publish,"תקנות פיצויי פיטורים (חובת מסירת הודעות למעביד), תשמ&#8221;ט-1988","regulations-compensation-1988","https://jus-tice.co.il/articles/regulations-compensation-1988/","/articles/regulations-compensation-1988/",YES,2026-05-16T23:54:03,"","699",REST_API
2731,article,publish,"חוק הודעה מוקדמת לפיטורים ולהתפטרות עם הסברים לחוק המקורי","law-2731","https://jus-tice.co.il/articles/law-2731/","/articles/law-2731/",YES,2026-05-16T23:50:21,"","699",REST_API
2727,article,publish,"תביעות עובדים מול המל״ל בחברות משפחתיות","lawsuits-companies","https://jus-tice.co.il/articles/lawsuits-companies/","/articles/lawsuits-companies/",YES,2026-05-16T23:54:03,"","",REST_API
2698,article,publish,"נוהל טיפול בפניות לביטול רישומי תיקים סגורים ממאגר המידע הפלילי","cancellation-of-closed-case-records-from-the-criminal-database","https://jus-tice.co.il/articles/cancellation-of-closed-case-records-from-the-criminal-database/","/articles/cancellation-of-closed-case-records-from-the-criminal-database/",YES,2026-05-16T23:35:58,"170","",REST_API
2692,article,publish,"תופעות לוואי קשות בקרב מחלימים מקורונה","research-report-n156-persistent-symptoms","https://jus-tice.co.il/articles/research-report-n156-persistent-symptoms/","/articles/research-report-n156-persistent-symptoms/",YES,2026-05-16T23:35:58,"","",REST_API
2651,article,publish,"קורונה שב&#8221;כ פרטיות: שימוש כפוי ביישומון לאיתור מגעים או בטכנולוגיית מעקב אחרת","privacy","https://jus-tice.co.il/articles/privacy/","/articles/privacy/",YES,2026-05-16T23:54:06,"","",REST_API
2649,article,publish,"נתניהו-מליקובסקי: עיקרי נימוקי היועמ&#8221;ש שלא לפתוח בחקירה פלילית בפרשת המניות","investigation-criminal","https://jus-tice.co.il/articles/investigation-criminal/","/articles/investigation-criminal/",YES,2026-05-16T23:54:06,"170","",REST_API
2646,article,publish,"הלכת אלקצאצי: משך ההמתנה מביטול הליך פשיטת רגל ועד פתיחת הליך חדש","ruling-cancellation-process-witness-new","https://jus-tice.co.il/articles/ruling-cancellation-process-witness-new/","/articles/ruling-cancellation-process-witness-new/",YES,2026-05-16T23:54:06,"","",REST_API
2640,article,publish,"תביעה המוגשת על ידי חברה בע&#8221;מ &#8211; על חיוב בערובה מכוח סעיף 353א לחוק החברות","lawsuit-company-law-companies-353","https://jus-tice.co.il/articles/lawsuit-company-law-companies-353/","/articles/lawsuit-company-law-companies-353/",YES,2026-05-16T23:54:08,"","",REST_API
2638,article,publish,"הונאת אבהות: תביעה כספית של איש כנגד אשתו לשעבר לפיצוי על נזקים בטענת הונאת אבהות (תלה&#8221;מ 40832-12-19)","paternity-fraud","https://jus-tice.co.il/articles/paternity-fraud/","/articles/paternity-fraud/",YES,2020-10-15T20:01:42,"","",REST_API
2619,article,publish,"פס&#8221;ד אמיר ברמלי-רוביקון | הכרעת דין בפרשת הונאת משקיעים בהיקף משוער של כ-340 מיליון ש&#8221;ח (ת&#8221;פ 52446-06-16)","verdict-law-340-52446-06-16","https://jus-tice.co.il/articles/verdict-law-340-52446-06-16/","/articles/verdict-law-340-52446-06-16/",YES,2026-05-16T23:54:08,"","",REST_API
2599,article,publish,"ע&#8221;א 7023/19 פלוני נ. פלוני","7023-19","https://jus-tice.co.il/articles/7023-19/","/articles/7023-19/",YES,2026-05-16T23:54:08,"","",REST_API
2477,article,publish,"שיעורי הרשעה וזיכוי בהליכים פליליים","conviction-acquittal-proceedings-criminal","https://jus-tice.co.il/articles/conviction-acquittal-proceedings-criminal/","/articles/conviction-acquittal-proceedings-criminal/",YES,2026-05-16T23:54:10,"170","",REST_API
2465,article,publish,"(בג״צ 1437/02) זכות היסוד להיפגש עם עורך דין","lawyer-right-1437-02","https://jus-tice.co.il/articles/lawyer-right-1437-02/","/articles/lawyer-right-1437-02/",YES,2026-05-16T23:54:10,"","699",REST_API
2429,article,publish,"ביטוח מפני אובדן כושר עבודה | ירידה בהכנסות עקב משבר הקורונה","income-protection-insurance","https://jus-tice.co.il/articles/income-protection-insurance/","/articles/income-protection-insurance/",YES,2026-05-16T23:35:58,"34","",REST_API
2380,article,publish,"מדריכי גיוס עובדים","article-2380","https://jus-tice.co.il/articles/article-2380/","/articles/article-2380/",YES,2026-05-16T23:54:10,"","",REST_API
2297,article,publish,"ת&#8221;א 5801-07-17 פלוני נגד הפול חברה לביטוח בע&#8221;מ","company-insurance-5801-07-17","https://jus-tice.co.il/articles/company-insurance-5801-07-17/","/articles/company-insurance-5801-07-17/",YES,2026-05-17T07:54:25,"","",REST_API
2288,article,publish,"קורונה: מתווה הקניונים","article-2288","https://jus-tice.co.il/articles/article-2288/","/articles/article-2288/",YES,2026-05-16T23:54:12,"","699",REST_API
2245,article,publish,"פס&#8221;ד: סלקום מכרה מידע ונתוני איכון על לקוחותיה ותשלם פיצוי של כ 20 מיליון שקל","verdict-compensation-20","https://jus-tice.co.il/articles/verdict-compensation-20/","/articles/verdict-compensation-20/",YES,2026-05-16T23:54:12,"","",REST_API
2235,article,publish,"הנחיות להתמודדות עם נגיף הקורונה 19-COVID","19-covid","https://jus-tice.co.il/articles/19-covid/","/articles/19-covid/",YES,2026-05-16T23:54:15,"","699",REST_API
2196,article,publish,"הודעה מוקדמת לפיטורים | דוגמא למכתב פיטורין","notice-of-dismissal","https://jus-tice.co.il/articles/notice-of-dismissal/","/articles/notice-of-dismissal/",YES,2021-08-16T20:39:01,"","",REST_API
2183,article,publish,"קורונה: הרובעים בעיר ירושלים המוכרזים כאזור מוגבל","jerusalem","https://jus-tice.co.il/articles/jerusalem/","/articles/jerusalem/",YES,2026-05-16T23:54:15,"","699",REST_API
2177,article,publish,"אסטרטגיית יציאה &#8211; קורונה: מתווה לחזרה מדורגת לעבודה","article-2177","https://jus-tice.co.il/articles/article-2177/","/articles/article-2177/",YES,2026-05-16T23:54:15,"","699",REST_API
2160,article,publish,"קורונה: הנחיות המשטרה לפסח","article-2160","https://jus-tice.co.il/articles/article-2160/","/articles/article-2160/",YES,2026-05-16T23:54:17,"","699",REST_API
2149,article,publish,"מסכה תוצרת בית נגד קורונה: לבישת מסכות פה-אף  בכדי להקטין את סיכון ההדבקה","house","https://jus-tice.co.il/articles/house/","/articles/house/",YES,2026-05-16T23:54:17,"","699",REST_API
2127,article,publish,"טופס הצהרת עובד על מדידת חום והיעדר התסמינים &#8211; תקנות חירום נגיף הקורונה","regulations","https://jus-tice.co.il/articles/regulations/","/articles/regulations/",YES,2026-05-16T23:54:17,"83","",REST_API
2124,article,publish,"נהג שלחובתו רשומות 36 נקודות תקפות או יותר, ייפסל מלהחזיק ברישיון נהיגה למשך 3 חודשים","driver-with-36-valid-points-or-more-will-be-disqualified-from-holding-a-drivers-license","https://jus-tice.co.il/articles/driver-with-36-valid-points-or-more-will-be-disqualified-from-holding-a-drivers-license/","/articles/driver-with-36-valid-points-or-more-will-be-disqualified-from-holding-a-drivers-license/",YES,2026-05-16T23:36:00,"97","",REST_API
2119,article,publish,"תקנות שעת חירום (הגבלת מספר העובדים במקום עבודה לשם צמצום התפשטות נגיף הקורונה החדש) (תיקון), התש״ף–2020","regulations-new-2020","https://jus-tice.co.il/articles/regulations-new-2020/","/articles/regulations-new-2020/",YES,2026-05-16T23:54:21,"","699",REST_API
2113,article,publish,"הנחיות הקורונה: בפגישה עם שוטר &#8211; יש להסביר לשוטר לאן אתה הולך","police-officer","https://jus-tice.co.il/articles/police-officer/","/articles/police-officer/",YES,2026-05-16T23:54:21,"","699",REST_API
2103,article,publish,"בדיקות קורונה: מתן תשובות המעבדות מתעכבת עקב בעיית מחשוב","article-2103","https://jus-tice.co.il/articles/article-2103/","/articles/article-2103/",YES,2026-05-16T23:54:23,"","699",REST_API
2091,article,publish,"תקנות שעת חירום (נגיף הקורונה החדש) (מענק הסתגלות מיוחד לבני 67 ומעלה), התש״ף-2020","regulations-new-67-2020","https://jus-tice.co.il/articles/regulations-new-67-2020/","/articles/regulations-new-67-2020/",YES,2026-05-16T23:54:23,"","699",REST_API
2086,article,publish,"תקנות שעת חירום (נגיף הקורונה החדש) (הוראות מיוחדות לעניין ביטוח אבטלה)","regulations-new-insurance","https://jus-tice.co.il/articles/regulations-new-insurance/","/articles/regulations-new-insurance/",YES,2026-05-16T23:54:23,"","699",REST_API
2036,article,publish,"בג&#8221;ץ 2144/20 25.03 מחייב בחירת יו&#8221;ר קבוע לכנסת","2144-20-25-03","https://jus-tice.co.il/articles/2144-20-25-03/","/articles/2144-20-25-03/",YES,2026-05-16T23:54:25,"","699",REST_API
2031,article,publish,"הנחיות חירום להגבלת פעילות באנגלית","article-2031","https://jus-tice.co.il/articles/article-2031/","/articles/article-2031/",YES,2026-05-16T23:54:25,"","699",REST_API
2026,article,publish,"תיקון 25/03 נגיף הקורונה החדש – הגבלת פעילות","new-25-03","https://jus-tice.co.il/articles/new-25-03/","/articles/new-25-03/",YES,2026-05-16T23:54:25,"","699",REST_API
2022,article,publish,"בנק ישראל מפרסם את דוחותיו הכספיים לשנת 2019","bank-israel-2019","https://jus-tice.co.il/articles/bank-israel-2019/","/articles/bank-israel-2019/",YES,2026-05-16T23:54:28,"","699",REST_API
2015,article,publish,"קורונה: אושרו תקנות חירום להגבלת הפעילות","regulations-2015","https://jus-tice.co.il/articles/regulations-2015/","/articles/regulations-2015/",YES,2026-05-16T23:54:19,"","699",REST_API
2002,article,publish,"25/03 תקנות שעת חירום (נגיף הקורונה החדש &#8211; הגבלת פעילות), התש״ף-2020","regulations-new-25-03-2020","https://jus-tice.co.il/articles/regulations-new-25-03-2020/","/articles/regulations-new-25-03-2020/",YES,2026-05-16T23:54:28,"","699",REST_API
1991,article,publish,"הנחיות להסעות של עובדים חיוניים עדכון 24/03/2020","24-03-2020","https://jus-tice.co.il/articles/24-03-2020/","/articles/24-03-2020/",YES,2026-05-16T23:54:28,"","699",REST_API
1980,article,publish,"בג&#8221;ץ מורה ליו&#8221;ר הכנסת לכנס את מליאת הכנסת בהקדם האפשרי","article-1980","https://jus-tice.co.il/articles/article-1980/","/articles/article-1980/",YES,2026-05-16T23:54:30,"","699",REST_API
1978,article,publish,"עצמאים ופרילנסרים | זכויות בעקבות משבר הקורונה","self-employed-and-freelancer","https://jus-tice.co.il/articles/self-employed-and-freelancer/","/articles/self-employed-and-freelancer/",YES,2026-05-16T23:36:00,"","699",REST_API
1974,article,publish,"קורונה &#8211; סקירה יומית &#8211; 23.3.2020 מערך הסייבר הלאומי","review-cyber-23-3-2020","https://jus-tice.co.il/articles/review-cyber-23-3-2020/","/articles/review-cyber-23-3-2020/",YES,2026-05-16T23:54:30,"","",REST_API
1966,article,publish,"קורונה: סוגי עניינים שיידונו בבתי הדין לעבודה","courts-law","https://jus-tice.co.il/articles/courts-law/","/articles/courts-law/",YES,2026-05-16T23:54:30,"","699",REST_API
1963,article,publish,"תקנות שעת חירום (שיקים ללא כיסוי), התש״ף-2020","regulations-2020","https://jus-tice.co.il/articles/regulations-2020/","/articles/regulations-2020/",YES,2026-05-16T23:54:32,"","699",REST_API
1951,article,publish,"קורונה: תקנות שעת חירום &#8211; לקוחות שהשיקים שלהם חזרו חשבונם לא יוקפא","regulations-1951","https://jus-tice.co.il/articles/regulations-1951/","/articles/regulations-1951/",YES,2026-05-16T23:54:19,"","699",REST_API
1943,article,publish,"תקנות שעת חירום הגבלת מספר העובדים במקום עבודה לשם צמצום התפשטות נגיף הקורונה החדש","regulations-new","https://jus-tice.co.il/articles/regulations-new/","/articles/regulations-new/",YES,2026-05-16T23:54:32,"","699",REST_API
1926,article,publish,"צו בריאות העם (נגיף הקורונה החדש) (בידוד בית והוראות שונות) (הוראת שעה), התש״ף-2020","new-house-2020","https://jus-tice.co.il/articles/new-house-2020/","/articles/new-house-2020/",YES,2026-05-16T23:54:34,"","699",REST_API
1910,article,publish,"חברת תעופה פשטה את הרגל סוכנות הנסיעות אחראית להחזר כספי?","company","https://jus-tice.co.il/articles/company/","/articles/company/",YES,2026-05-16T23:54:34,"","699",REST_API
1903,article,publish,"מדריך למעסיק חל&#8221;ת ופיטורי עובדים | עורך דין דיני עבודה לייצוג מעסיקים","coronavirus-employers-guide","https://jus-tice.co.il/articles/coronavirus-employers-guide/","/articles/coronavirus-employers-guide/",YES,2026-05-16T23:36:00,"","699",REST_API
1884,article,publish,"נגיף הקורונה: בג&#8221;צ קובע צו ביניים כנגד תקנות שעת חירום מעקב שב&#8221;כ ומשטרה על טלפונים","regulations-1884","https://jus-tice.co.il/articles/regulations-1884/","/articles/regulations-1884/",YES,2026-05-16T23:54:19,"","",REST_API
1879,article,publish,"נגיף הקורונה: תקנות שעת חירום הגבלת פעילות","regulations-1879","https://jus-tice.co.il/articles/regulations-1879/","/articles/regulations-1879/",YES,2026-05-16T23:54:21,"","",REST_API
1861,article,publish,"קורונה &#8211; מתן שירותים קיומיים: החלת פרק ד&#8217; לחוק שירות עבודה בשעת חירום","law-1861","https://jus-tice.co.il/articles/law-1861/","/articles/law-1861/",YES,2026-05-16T23:50:21,"","",REST_API
1858,article,publish,"היועמ&#8221;ש אישר תחליף גנרי לקלטרה תרופה אנטי ויראלית לטיפול אפשרי בנגיף הקורונה","article-1858","https://jus-tice.co.il/articles/article-1858/","/articles/article-1858/",YES,2026-05-16T23:54:34,"","",REST_API
1852,article,publish,"תגובת היועמ&#8221;ש: שימוש שב&#8221;כ באמצעים טכנולוגיים במסגרת המאבק בהתפשטות נגיף הקורונה","article-1852","https://jus-tice.co.il/articles/article-1852/","/articles/article-1852/",YES,2026-05-16T23:54:37,"","",REST_API
1827,article,publish,"נגיף הקורונה: הודעה על מתן היתר כללי להעסקת עובדים בשעות נוספות","article-1827","https://jus-tice.co.il/articles/article-1827/","/articles/article-1827/",YES,2026-05-16T23:54:37,"","",REST_API
1821,article,publish,"הודעה על קביעת מקום לבידוד 18/03/2020","18-03-2020","https://jus-tice.co.il/articles/18-03-2020/","/articles/18-03-2020/",YES,2026-05-16T23:54:37,"","",REST_API
1819,article,publish,"בע״ם 919/15 | הלכת המזונות החדשה","ruling-alimony-new-919-15","https://jus-tice.co.il/articles/ruling-alimony-new-919-15/","/articles/ruling-alimony-new-919-15/",YES,2026-05-16T23:54:39,"68","",REST_API
1809,article,publish,"תקנות חירום קורונה 2020: היתר לשב&#8221;כ לאסוף מידע מטלפונים","regulations-2020-1809","https://jus-tice.co.il/articles/regulations-2020-1809/","/articles/regulations-2020-1809/",YES,2026-05-16T23:54:32,"","",REST_API
1804,article,publish,"הוראות חירום נגיף הקורונה: מניעת כניסת מבקרים ועורך דין פלילי למקומות מעצר ובתי סוהר","criminal-law-lawyer-arrest-courts","https://jus-tice.co.il/articles/criminal-law-lawyer-arrest-courts/","/articles/criminal-law-lawyer-arrest-courts/",YES,2026-05-16T23:54:39,"170","",REST_API
1802,article,publish,"חוק שירות הביטחון הכללי, התשס״ב &#8211; 2002","law-2002","https://jus-tice.co.il/articles/law-2002/","/articles/law-2002/",YES,2026-05-16T23:54:39,"","",REST_API
1783,article,publish,"הקלות מס &#8211; וירוס קורונה: הארכת תוקף אישורי ניכוי מס במקור","tax-validity-certifications","https://jus-tice.co.il/articles/tax-validity-certifications/","/articles/tax-validity-certifications/",YES,2026-05-16T23:54:41,"","",REST_API
1770,article,publish,"בתי משפט: נוהל חיסיון תיקים","courts","https://jus-tice.co.il/articles/courts/","/articles/courts/",YES,2026-05-16T23:54:41,"","",REST_API
1767,article,publish,"תביעות רכושיות הדדיות של בני זוג לשעבר","lawsuits","https://jus-tice.co.il/articles/lawsuits/","/articles/lawsuits/",YES,2026-05-16T23:54:41,"","",REST_API
1751,article,publish,"עורך דין תעבורה","traffic-lawyer","https://jus-tice.co.il/articles/traffic-lawyer/","/articles/traffic-lawyer/",YES,2026-05-16T23:36:02,"97","",REST_API
1749,article,publish,"קורונה: הארכת תקופת תוקף רישיון רכב 16/03/2020","validity-license-16-03-2020","https://jus-tice.co.il/articles/validity-license-16-03-2020/","/articles/validity-license-16-03-2020/",YES,2026-05-16T23:54:43,"","",REST_API
1747,article,publish,"הודעה לפי החוק לקידום הבנייה במתחמים מועדפים לדיור","law-1747","https://jus-tice.co.il/articles/law-1747/","/articles/law-1747/",YES,2026-05-16T23:50:21,"","",REST_API
1728,article,publish,"משמורת מזונות | ההלכה החדשה במזונות 919/15","custody-alimony-ruling-new-919-15","https://jus-tice.co.il/articles/custody-alimony-ruling-new-919-15/","/articles/custody-alimony-ruling-new-919-15/",YES,2026-05-16T23:54:43,"68","",REST_API
1726,article,publish,"הנדון: המלצה לגירושין","marital-separation","https://jus-tice.co.il/articles/marital-separation/","/articles/marital-separation/",YES,2026-05-16T23:50:27,"68","",REST_API
1714,article,publish,"תביעה למזונות אישה וקטינות, תביעה למשמורת קטינות ותביעה רכושית","spousal-support-lawsuit-custody-property","https://jus-tice.co.il/articles/spousal-support-lawsuit-custody-property/","/articles/spousal-support-lawsuit-custody-property/",YES,2026-05-16T23:54:43,"68","",REST_API
1709,article,publish,"ביטול צוואה מאוחרת בשל השפעה בלתי הוגנת | ת&#8221;ע 18595-01-17","cancellation-will-18595-01-17","https://jus-tice.co.il/articles/cancellation-will-18595-01-17/","/articles/cancellation-will-18595-01-17/",YES,2026-05-16T23:54:45,"68","",REST_API
1706,article,publish,"חינוך הילדים: במוסד של איזה זרם דתי יתחנכו הקטינים?","article-1706","https://jus-tice.co.il/articles/article-1706/","/articles/article-1706/",YES,2026-05-16T23:54:46,"","",REST_API
1700,article,publish,"אימוץ ילד מאוקראינה: תביעת נזיקין בגין אימוץ בין-מדינתי שכשל","lawsuit-torts","https://jus-tice.co.il/articles/lawsuit-torts/","/articles/lawsuit-torts/",YES,2026-05-16T23:54:45,"76","",REST_API
1695,article,publish,"הליכי גירושין: מבחן מירב הזיקות- טענה כי בימ&#8221;ש בישראל אינו הפורום הנאות","proceedings-divorce-claim-israel","https://jus-tice.co.il/articles/proceedings-divorce-claim-israel/","/articles/proceedings-divorce-claim-israel/",YES,2026-05-16T23:54:48,"68","",REST_API
1681,article,publish,"תשלום מס שכר בגין שכרם של עובדי העירייה","tax","https://jus-tice.co.il/articles/tax/","/articles/tax/",YES,2026-05-16T23:54:48,"","",REST_API
1664,article,publish,"צו הורות פסיקתי מכוח זיקה לזיקה לאזרחית זרה","civil","https://jus-tice.co.il/articles/civil/","/articles/civil/",YES,2026-05-16T23:54:48,"","",REST_API
1660,article,publish,"פרסם הקלטות ממסמך הרפז פס&#8221;ד הערעור","verdict-appeal","https://jus-tice.co.il/articles/verdict-appeal/","/articles/verdict-appeal/",YES,2026-05-16T23:54:50,"","",REST_API
1655,article,publish,"הפרת חוק הכניסה לישראל- אזרחים שנכנסו בצוותא לשער נתב&#8221;ג","law-israel","https://jus-tice.co.il/articles/law-israel/","/articles/law-israel/",YES,2026-05-16T23:54:50,"","",REST_API
1640,article,publish,"ראש עיריית טבריה רון קובי נתבע לפיצויים בגין לשון הרע בפייסבוק על סך 33,300 ש&#8221;ח","defamation-damages-33-300","https://jus-tice.co.il/articles/defamation-damages-33-300/","/articles/defamation-damages-33-300/",YES,2026-05-16T23:54:50,"76","",REST_API
1629,article,publish,"הסכם לתפיסת רכוש בצו זמני הנכרת בשלב החקירה ומשתרע עד לתום ההליכים","agreement-property-investigation-witness-proceedings","https://jus-tice.co.il/articles/agreement-property-investigation-witness-proceedings/","/articles/agreement-property-investigation-witness-proceedings/",YES,2026-05-16T23:54:52,"","",REST_API
1627,article,publish,"ביטול צו סגירה לעסק לפי סעיף 22ב&#8217; לחוק רישוי עסקים","cancellation-business-law-licensing-22","https://jus-tice.co.il/articles/cancellation-business-law-licensing-22/","/articles/cancellation-business-law-licensing-22/",YES,2026-05-16T23:54:52,"","",REST_API
1615,article,publish,"תעודת מחלה גורפת לעובד השוהה בבידוד נגיף הקורונה החדש","new","https://jus-tice.co.il/articles/new/","/articles/new/",YES,2026-05-16T23:54:52,"83","",REST_API
1596,article,publish,"פס&#8221;ד התנגדות לצוואה בשל השפעה בלתי הוגנת","verdict-will","https://jus-tice.co.il/articles/verdict-will/","/articles/verdict-will/",YES,2026-05-16T23:54:54,"68","",REST_API
1590,article,publish,"תובענה נזיקית בבקשה לפיצויים בשל תלונה למשטרה","request-damages","https://jus-tice.co.il/articles/request-damages/","/articles/request-damages/",YES,2026-05-16T23:54:54,"76","",REST_API
1581,article,publish,"זיכוי נאשם בשל פסילת ראיה עקב חיפוש בלתי חוקי","acquittal-defendant-evidence-laws","https://jus-tice.co.il/articles/acquittal-defendant-evidence-laws/","/articles/acquittal-defendant-evidence-laws/",YES,2026-05-16T23:54:54,"","",REST_API
1572,article,publish,"מאגר מידע רשלנות רפואית","medical-malpractice-1572","https://jus-tice.co.il/articles/medical-malpractice-1572/","/articles/medical-malpractice-1572/",YES,2026-05-16T23:49:32,"76","",REST_API
1526,article,publish,"פס&#8221;ד בערעור- בוקינג.קום נ&#8217; החלטת הרשות להגנת הצרכן בעניין עיצום בסך 2.5 ש&#8221;ח (עש&#8221;א 46570-06-18)","verdict-appeal-decision-2-5-46570-06-18","https://jus-tice.co.il/articles/verdict-appeal-decision-2-5-46570-06-18/","/articles/verdict-appeal-decision-2-5-46570-06-18/",YES,2026-05-16T23:54:57,"","",REST_API
1518,article,publish,"עורך דין ייפוי כוח מתמשך ישראל","continuous-power-of-attorney-israel","https://jus-tice.co.il/articles/continuous-power-of-attorney-israel/","/articles/continuous-power-of-attorney-israel/",YES,2026-05-16T23:36:02,"","",REST_API
1509,article,publish,"נוטריון: מה זה נוטריון | מה המחירים (מחירון)","israel-notary-public","https://jus-tice.co.il/articles/israel-notary-public/","/articles/israel-notary-public/",YES,2026-05-16T23:36:02,"308","",REST_API
1246,article,publish,"גירושין &#8211; כל מה שצריך לדעת כשמתגרשים","divorce-everything-you-need-to-know","https://jus-tice.co.il/articles/divorce-everything-you-need-to-know/","/articles/divorce-everything-you-need-to-know/",YES,2023-09-27T19:23:27,"68","",REST_API
1224,article,publish,"עו&#8221;ד הסכם ממון | עורך דין מומלץ הסכם ממון","prenup-attorney","https://jus-tice.co.il/articles/prenup-attorney/","/articles/prenup-attorney/",YES,2026-05-16T23:36:04,"308","",REST_API
1149,article,publish,"עורך דין מקרקעין מומלץ | עורך דין מקרקעין מחיר | ייעוץ חינם","real-estate-attorney","https://jus-tice.co.il/articles/real-estate-attorney/","/articles/real-estate-attorney/",YES,2026-05-16T23:36:04,"234","",REST_API
1142,article,publish,"עורך דין קניית דירה | עו&#8221;ד מכירת דירה | מומחה בעסקאות מקרקעין","lawyer-for-buying-or-selling-a-house","https://jus-tice.co.il/articles/lawyer-for-buying-or-selling-a-house/","/articles/lawyer-for-buying-or-selling-a-house/",YES,2026-05-17T07:54:08,"308","",REST_API
1134,article,publish,"עורך דין תמ&#8221;א 38 והתחדשות עירונית","tma-38-and-urban-renewal-lawyer","https://jus-tice.co.il/articles/tma-38-and-urban-renewal-lawyer/","/articles/tma-38-and-urban-renewal-lawyer/",YES,2026-05-16T23:36:06,"308","",REST_API
1130,article,publish,"מומחים לענייני רשלנות רפואית","medical-malpractice-lawyer-1130","https://jus-tice.co.il/articles/medical-malpractice-lawyer-1130/","/articles/medical-malpractice-lawyer-1130/",YES,2026-05-16T23:36:06,"76","",REST_API
1125,article,publish,"גישור גירושין &#8211; הבסיס | הליך גישור גירושין מומלץ","divorce-mediation-basics","https://jus-tice.co.il/articles/divorce-mediation-basics/","/articles/divorce-mediation-basics/",YES,2026-05-16T23:36:06,"392","",REST_API
1121,article,publish,"נישואים אזרחיים","article-1121","https://jus-tice.co.il/articles/article-1121/","/articles/article-1121/",YES,2026-05-16T23:54:57,"68","",REST_API
1116,article,publish,"הסכם עבודה","employment-contract","https://jus-tice.co.il/articles/employment-contract/","/articles/employment-contract/",YES,2026-05-16T23:36:09,"83","",REST_API
1108,article,publish,"תאונת דרכים: מהו חוק הפיצויים לנפגעי תאונות דרכים?","israel-road-accident-compensation-law","https://jus-tice.co.il/articles/israel-road-accident-compensation-law/","/articles/israel-road-accident-compensation-law/",YES,2026-05-16T23:36:09,"76","",REST_API
1105,article,publish,"עו&#8221;ד לייצוג מעסיקים | משרד עורכי דין לדיני עבודה","law-firm-labor-law-representation","https://jus-tice.co.il/articles/law-firm-labor-law-representation/","/articles/law-firm-labor-law-representation/",YES,2026-05-16T23:54:57,"83","",REST_API
1100,article,publish,"איך לנהל משרד עורכי דין?","how-to-run-a-successful-law-firm","https://jus-tice.co.il/articles/how-to-run-a-successful-law-firm/","/articles/how-to-run-a-successful-law-firm/",YES,2026-05-16T23:36:09,"308","",REST_API
948,article,publish,"משטרת ישראל השנתון הסטטיסטי","israel-crime-statistics","https://jus-tice.co.il/articles/israel-crime-statistics/","/articles/israel-crime-statistics/",YES,2026-05-16T23:36:11,"170","",REST_API
944,article,publish,"טופס 161 הודעת מעביד על פרישת עובד ממקום עבודה","161","https://jus-tice.co.il/articles/161/","/articles/161/",YES,2026-05-16T23:54:59,"83","",REST_API
921,article,publish,"העסקת עובד זר מומחה","working-permit-for-foreign-workers","https://jus-tice.co.il/articles/working-permit-for-foreign-workers/","/articles/working-permit-for-foreign-workers/",YES,2026-05-16T23:36:11,"83","",REST_API
857,article,publish,"עורך דין פלילי בישראל: המדריך המלא | מעודכן 2026","criminal-defense-attorney","https://jus-tice.co.il/articles/criminal-defense-attorney/","/articles/criminal-defense-attorney/",YES,2026-05-14T20:33:10,"170","730",REST_API
888,article,publish,"מחיקת רישום משטרתי | ביטול רישום של תיקים סגורים","police-records-data-deletion","https://jus-tice.co.il/articles/police-records-data-deletion/","/articles/police-records-data-deletion/",YES,2026-05-16T23:36:11,"170","",REST_API
882,article,publish,"מחיקת רישום פלילי","expungement-of-criminal-records","https://jus-tice.co.il/articles/expungement-of-criminal-records/","/articles/expungement-of-criminal-records/",YES,2026-05-16T23:36:13,"170","",REST_API
877,article,publish,"מעצר ימים","detention-days","https://jus-tice.co.il/articles/detention-days/","/articles/detention-days/",YES,2026-05-16T23:36:13,"170","",REST_API
872,article,publish,"מעצר עד תום ההליכים","detention-before-charge-or-trial","https://jus-tice.co.il/articles/detention-before-charge-or-trial/","/articles/detention-before-charge-or-trial/",YES,2026-05-16T23:36:13,"170","",REST_API
867,article,publish,"סחר בסמים | עבירת סחר בסמים","drug-trafficking-2","https://jus-tice.co.il/articles/drug-trafficking-2/","/articles/drug-trafficking-2/",YES,2026-05-16T23:36:15,"170","",REST_API
862,article,publish,"עבירות סמים","drug-related-crime","https://jus-tice.co.il/articles/drug-related-crime/","/articles/drug-related-crime/",YES,2026-05-16T23:36:15,"170","",REST_API
850,article,publish,"כיצד בוחרים עורך דין פלילי","how-to-choose-criminal-defense-attorney","https://jus-tice.co.il/articles/how-to-choose-criminal-defense-attorney/","/articles/how-to-choose-criminal-defense-attorney/",YES,2024-04-04T10:04:39,"170","",REST_API
845,article,publish,"החזקת סמים","drug-possession-2","https://jus-tice.co.il/articles/drug-possession-2/","/articles/drug-possession-2/",YES,2026-05-16T23:36:15,"170","",REST_API
839,article,publish,"מהירות מופרזת","speeding","https://jus-tice.co.il/articles/speeding/","/articles/speeding/",YES,2026-05-16T23:36:17,"97","",REST_API
834,article,publish,"נהיגה בשכרות","driving-under-the-influence","https://jus-tice.co.il/articles/driving-under-the-influence/","/articles/driving-under-the-influence/",YES,2026-05-16T23:36:17,"97","",REST_API
829,article,publish,"נהיגה תחת השפעת סמים","driving-under-the-influence-of-drugs","https://jus-tice.co.il/articles/driving-under-the-influence-of-drugs/","/articles/driving-under-the-influence-of-drugs/",YES,2026-05-16T23:36:17,"97","",REST_API
823,article,publish,"סירוב לבדיקת שכרות","dui-refusal-blood-breath-urine-test","https://jus-tice.co.il/articles/dui-refusal-blood-breath-urine-test/","/articles/dui-refusal-blood-breath-urine-test/",YES,2026-05-16T23:36:19,"97","",REST_API
344,article,publish,"תביעת נזיקין | עו&#8221;ד נזיקין ופיצויים","tort-lawyer","https://jus-tice.co.il/articles/tort-lawyer/","/articles/tort-lawyer/",YES,2026-05-16T23:36:19,"76","",REST_API
341,article,publish,"עורך דין דיני עבודה | ייעוץ משפטי בדיני עבודה","labor-lawyer","https://jus-tice.co.il/articles/labor-lawyer/","/articles/labor-lawyer/",YES,2024-02-25T19:45:12,"308","",REST_API
968,article,publish,"מה זה חוזה? | עורך דין חוזים","what-is-a-contract","https://jus-tice.co.il/articles/what-is-a-contract/","/articles/what-is-a-contract/",YES,2026-05-16T23:36:19,"308","",REST_API
5871,article,publish,"פסקי דין מרכזיים של בית המשפט העליון לשנת המשפט 2018-2017","2017-2018-major-supreme-court-ruling","https://jus-tice.co.il/articles/2017-2018-major-supreme-court-ruling/","/articles/2017-2018-major-supreme-court-ruling/",YES,2026-05-16T23:36:22,"643","",REST_API
991,article,publish,"כמה עולה עורך דין? כיצד נקבע שכר טרחת עורך דין","test","https://jus-tice.co.il/articles/test/","/articles/test/",YES,2025-03-06T22:09:07,"308","",REST_API
1067,article,publish,"איך מגישים תביעה בבית משפט?","filing-a-lawsuit-how-to-sue","https://jus-tice.co.il/articles/filing-a-lawsuit-how-to-sue/","/articles/filing-a-lawsuit-how-to-sue/",YES,2026-05-16T23:36:22,"308","",REST_API
1098,article,publish,"איך למצוא עורך דין מומלץ? כיצד לבחור עו&#8221;ד טוב","find-lawyer-how-to-find-good-attorney","https://jus-tice.co.il/articles/find-lawyer-how-to-find-good-attorney/","/articles/find-lawyer-how-to-find-good-attorney/",YES,2026-05-16T23:36:22,"308","",REST_API
19217,page,publish,"יישוב סכסוך במשפחה: מה קורה לפני תביעה ומה צריך להכין","family-dispute-resolution","https://jus-tice.co.il/family-dispute-resolution/","/family-dispute-resolution/",NO,2026-05-10T18:18:44,,,REST_API
19215,page,publish,"חלוקת רכוש בגירושין: נכסים, חובות, דירה, פנסיה ועסק משפחתי","divorce-property-division","https://jus-tice.co.il/divorce-property-division/","/divorce-property-division/",NO,2026-05-10T18:18:43,,,REST_API
19214,page,publish,"משמורת ילדים וזמני שהות: איך מתכננים הסדר שמתאים לילדים","child-custody","https://jus-tice.co.il/child-custody/","/child-custody/",NO,2026-05-10T18:18:42,,,REST_API
19213,page,publish,"מזונות ילדים: מדריך מעשי לפני הסכם, תביעה או שינוי מצב","child-support","https://jus-tice.co.il/child-support/","/child-support/",NO,2026-05-10T18:18:41,,,REST_API
19212,page,publish,"גישור גירושין: מתי זה נכון, איך מתכוננים ומה חשוב לבדוק","divorce-mediation","https://jus-tice.co.il/divorce-mediation/","/divorce-mediation/",NO,2026-05-10T18:18:41,,,REST_API
19211,page,publish,"גירושין בהסכמה: איך בונים הסכם שמחזיק לאורך זמן","consensual-divorce","https://jus-tice.co.il/consensual-divorce/","/consensual-divorce/",NO,2026-05-10T18:18:40,,,REST_API
19201,page,publish,"מסלולים לעורכי דין","lawyer-plans","https://jus-tice.co.il/lawyer-plans/","/lawyer-plans/",NO,2026-05-10T10:37:54,,,REST_API
19200,page,publish,"אזור אישי לעורכי דין","lawyer-dashboard","https://jus-tice.co.il/lawyer-dashboard/","/lawyer-dashboard/",NO,2026-05-10T10:37:53,,,REST_API
19199,page,publish,"הצטרפות עורכי דין","lawyer-registration","https://jus-tice.co.il/lawyer-registration/","/lawyer-registration/",NO,2026-05-10T10:37:52,,,REST_API
7274,page,publish,"עורך דין גירושין: מדריך עומק לבחירה נכונה, תהליך, עלויות, ילדים ורכוש","divorce-lawyer","https://jus-tice.co.il/divorce-lawyer/","/divorce-lawyer/",NO,2026-05-10T18:18:39,,,REST_API
38,page,publish,"עורך דין מומלץ: משרדי עורכי דין מובילים בכל תחום משפטי","jus-tice-2","https://jus-tice.co.il/","/",NO,2026-05-04T05:56:32,,,REST_API
18,practice-area-term,publish,"אגודות שיתופיות","%d7%90%d7%92%d7%95%d7%93%d7%95%d7%aa-%d7%a9%d7%99%d7%aa%d7%95%d7%a4%d7%99%d7%95%d7%aa","https://jus-tice.co.il/practice-areas/%d7%90%d7%92%d7%95%d7%93%d7%95%d7%aa-%d7%a9%d7%99%d7%aa%d7%95%d7%a4%d7%99%d7%95%d7%aa/","/practice-areas/%d7%90%d7%92%d7%95%d7%93%d7%95%d7%aa-%d7%a9%d7%99%d7%aa%d7%95%d7%a4%d7%99%d7%95%d7%aa/",NO,,,,REST_API
25,practice-area-term,publish,"איכות סביבה","environmental-law","https://jus-tice.co.il/practice-areas/environmental-law/","/practice-areas/environmental-law/",NO,,,,REST_API
34,practice-area-term,publish,"ביטוח","insurance-law","https://jus-tice.co.il/practice-areas/insurance-law/","/practice-areas/insurance-law/",NO,,,,REST_API
717,practice-area-term,publish,"ביטוח לאומי","national-insurance","https://jus-tice.co.il/practice-areas/national-insurance/","/practice-areas/national-insurance/",NO,,,,REST_API
640,practice-area-term,publish,"בית הדין הרבני","rabbinical-court","https://jus-tice.co.il/practice-areas/rabbinical-court/","/practice-areas/rabbinical-court/",NO,,,,REST_API
643,practice-area-term,publish,"בית המשפט העליון","supreme-court","https://jus-tice.co.il/practice-areas/supreme-court/","/practice-areas/supreme-court/",NO,,,,REST_API
639,practice-area-term,publish,"בית המשפט לענייני משפחה","family-court","https://jus-tice.co.il/practice-areas/family-court/","/practice-areas/family-court/",NO,,,,REST_API
40,practice-area-term,publish,"בלוקצ'יין ומטבעות קריפטוגרפים","blockchain-crypto","https://jus-tice.co.il/practice-areas/blockchain-crypto/","/practice-areas/blockchain-crypto/",NO,,,,REST_API
392,practice-area-term,publish,"גירושין","divorce","https://jus-tice.co.il/practice-areas/divorce/","/practice-areas/divorce/",NO,,,,REST_API
713,practice-area-term,publish,"דיני מקרקעין","real-estate-law","https://jus-tice.co.il/practice-areas/real-estate-law/","/practice-areas/real-estate-law/",NO,,,,REST_API
68,practice-area-term,publish,"דיני משפחה","family-law","https://jus-tice.co.il/practice-areas/family-law/","/practice-areas/family-law/",NO,,,,REST_API
711,practice-area-term,publish,"דיני נזיקין","tort-law","https://jus-tice.co.il/practice-areas/tort-law/","/practice-areas/tort-law/",NO,,,,REST_API
76,practice-area-term,publish,"דיני נזיקין","personal-injury","https://jus-tice.co.il/practice-areas/personal-injury/","/practice-areas/personal-injury/",NO,,,,REST_API
83,practice-area-term,publish,"דיני עבודה","israeli-labor-law","https://jus-tice.co.il/practice-areas/israeli-labor-law/","/practice-areas/israeli-labor-law/",NO,,,,REST_API
703,practice-area-term,publish,"דיני עבודה","labor-law","https://jus-tice.co.il/practice-areas/labor-law/","/practice-areas/labor-law/",NO,,,,REST_API
97,practice-area-term,publish,"דיני תעבורה","traffic-law","https://jus-tice.co.il/practice-areas/traffic-law/","/practice-areas/traffic-law/",NO,,,,REST_API
99,practice-area-term,publish,"דיני תקשורת","%d7%93%d7%99%d7%a0%d7%99-%d7%aa%d7%a7%d7%a9%d7%95%d7%a8%d7%aa","https://jus-tice.co.il/practice-areas/%d7%93%d7%99%d7%a0%d7%99-%d7%aa%d7%a7%d7%a9%d7%95%d7%a8%d7%aa/","/practice-areas/%d7%93%d7%99%d7%a0%d7%99-%d7%aa%d7%a7%d7%a9%d7%95%d7%a8%d7%aa/",NO,,,,REST_API
240,practice-area-term,publish,"הגבלים העסקיים","%d7%94%d7%92%d7%91%d7%9c%d7%99%d7%9d-%d7%94%d7%a2%d7%a1%d7%a7%d7%99%d7%99%d7%9d","https://jus-tice.co.il/practice-areas/%d7%94%d7%92%d7%91%d7%9c%d7%99%d7%9d-%d7%94%d7%a2%d7%a1%d7%a7%d7%99%d7%99%d7%9d/","/practice-areas/%d7%94%d7%92%d7%91%d7%9c%d7%99%d7%9d-%d7%94%d7%a2%d7%a1%d7%a7%d7%99%d7%99%d7%9d/",NO,,,,REST_API
681,practice-area-term,publish,"הגירה","%d7%94%d7%92%d7%99%d7%a8%d7%94","https://jus-tice.co.il/practice-areas/%d7%94%d7%92%d7%99%d7%a8%d7%94/","/practice-areas/%d7%94%d7%92%d7%99%d7%a8%d7%94/",NO,,,,REST_API
718,practice-area-term,publish,"הגירה ואזרחות","immigration-law","https://jus-tice.co.il/practice-areas/immigration-law/","/practice-areas/immigration-law/",NO,,,,REST_API
51,practice-area-term,publish,"הוצאה לפועל","%d7%94%d7%95%d7%a6%d7%90%d7%94-%d7%9c%d7%a4%d7%95%d7%a2%d7%9c","https://jus-tice.co.il/practice-areas/%d7%94%d7%95%d7%a6%d7%90%d7%94-%d7%9c%d7%a4%d7%95%d7%a2%d7%9c/","/practice-areas/%d7%94%d7%95%d7%a6%d7%90%d7%94-%d7%9c%d7%a4%d7%95%d7%a2%d7%9c/",NO,,,,REST_API
637,practice-area-term,publish,"הסניגוריה הציבורית","public-defense","https://jus-tice.co.il/practice-areas/public-defense/","/practice-areas/public-defense/",NO,,,,REST_API
119,practice-area-term,publish,"חדלות פירעון","%d7%97%d7%93%d7%9c%d7%95%d7%aa-%d7%a4%d7%99%d7%a8%d7%a2%d7%95%d7%9f","https://jus-tice.co.il/practice-areas/%d7%97%d7%93%d7%9c%d7%95%d7%aa-%d7%a4%d7%99%d7%a8%d7%a2%d7%95%d7%9f/","/practice-areas/%d7%97%d7%93%d7%9c%d7%95%d7%aa-%d7%a4%d7%99%d7%a8%d7%a2%d7%95%d7%9f/",NO,,,,REST_API
714,practice-area-term,publish,"ירושה וצוואות","inheritance-law","https://jus-tice.co.il/practice-areas/inheritance-law/","/practice-areas/inheritance-law/",NO,,,,REST_API
307,practice-area-term,publish,"ירושות וצוואות","%d7%99%d7%a8%d7%95%d7%a9%d7%95%d7%aa-%d7%95%d7%a6%d7%95%d7%95%d7%90%d7%95%d7%aa","https://jus-tice.co.il/practice-areas/%d7%99%d7%a8%d7%95%d7%a9%d7%95%d7%aa-%d7%95%d7%a6%d7%95%d7%95%d7%90%d7%95%d7%aa/","/practice-areas/%d7%99%d7%a8%d7%95%d7%a9%d7%95%d7%aa-%d7%95%d7%a6%d7%95%d7%95%d7%90%d7%95%d7%aa/",NO,,,,REST_API
644,practice-area-term,publish,"כנסת ישראל","knesset","https://jus-tice.co.il/practice-areas/knesset/","/practice-areas/knesset/",NO,,,,REST_API
127,practice-area-term,publish,"ליטיגציה מסחרית","%d7%9c%d7%99%d7%98%d7%99%d7%92%d7%a6%d7%99%d7%94-%d7%9e%d7%a1%d7%97%d7%a8%d7%99%d7%aa","https://jus-tice.co.il/practice-areas/%d7%9c%d7%99%d7%98%d7%99%d7%92%d7%a6%d7%99%d7%94-%d7%9e%d7%a1%d7%97%d7%a8%d7%99%d7%aa/","/practice-areas/%d7%9c%d7%99%d7%98%d7%99%d7%92%d7%a6%d7%99%d7%94-%d7%9e%d7%a1%d7%97%d7%a8%d7%99%d7%aa/",NO,,,,REST_API
129,practice-area-term,publish,"לשון הרע","defamation","https://jus-tice.co.il/practice-areas/defamation/","/practice-areas/defamation/",NO,,,,REST_API
635,practice-area-term,publish,"מזונות ילדים","child-support","https://jus-tice.co.il/practice-areas/child-support/","/practice-areas/child-support/",NO,,,,REST_API
112,practice-area-term,publish,"מיזוגים ורכישות","%d7%9e%d7%99%d7%96%d7%95%d7%92%d7%99%d7%9d-%d7%95%d7%a8%d7%9b%d7%99%d7%a9%d7%95%d7%aa","https://jus-tice.co.il/practice-areas/%d7%9e%d7%99%d7%96%d7%95%d7%92%d7%99%d7%9d-%d7%95%d7%a8%d7%9b%d7%99%d7%a9%d7%95%d7%aa/","/practice-areas/%d7%9e%d7%99%d7%96%d7%95%d7%92%d7%99%d7%9d-%d7%95%d7%a8%d7%9b%d7%99%d7%a9%d7%95%d7%aa/",NO,,,,REST_API
485,practice-area-term,publish,"מיסים","tax-law","https://jus-tice.co.il/practice-areas/tax-law/","/practice-areas/tax-law/",NO,,,,REST_API
312,practice-area-term,publish,"מסחרי-אזרחי","%d7%9e%d7%a1%d7%97%d7%a8%d7%99-%d7%90%d7%96%d7%a8%d7%97%d7%99","https://jus-tice.co.il/practice-areas/%d7%9e%d7%a1%d7%97%d7%a8%d7%99-%d7%90%d7%96%d7%a8%d7%97%d7%99/","/practice-areas/%d7%9e%d7%a1%d7%97%d7%a8%d7%99-%d7%90%d7%96%d7%a8%d7%97%d7%99/",NO,,,,REST_API
234,practice-area-term,publish,"מקרקעין | נדל""ן","real-estate","https://jus-tice.co.il/practice-areas/real-estate/","/practice-areas/real-estate/",NO,,,,REST_API
634,practice-area-term,publish,"משמורת ילדים","child-custody","https://jus-tice.co.il/practice-areas/child-custody/","/practice-areas/child-custody/",NO,,,,REST_API
159,practice-area-term,publish,"משפט ימי","%d7%9e%d7%a9%d7%a4%d7%98-%d7%99%d7%9e%d7%99","https://jus-tice.co.il/practice-areas/%d7%9e%d7%a9%d7%a4%d7%98-%d7%99%d7%9e%d7%99/","/practice-areas/%d7%9e%d7%a9%d7%a4%d7%98-%d7%99%d7%9e%d7%99/",NO,,,,REST_API
165,practice-area-term,publish,"משפט מנהלי","administrative-law","https://jus-tice.co.il/practice-areas/administrative-law/","/practice-areas/administrative-law/",NO,,,,REST_API
709,practice-area-term,publish,"משפט מסחרי","commercial-law","https://jus-tice.co.il/practice-areas/commercial-law/","/practice-areas/commercial-law/",NO,,,,REST_API
170,practice-area-term,publish,"משפט פלילי","criminal-law","https://jus-tice.co.il/practice-areas/criminal-law/","/practice-areas/criminal-law/",NO,,,,REST_API
632,practice-area-term,publish,"משרד המשפטים","%d7%9e%d7%a9%d7%a8%d7%93-%d7%94%d7%9e%d7%a9%d7%a4%d7%98%d7%99%d7%9d-%d7%99%d7%a9%d7%a8%d7%90%d7%9c","https://jus-tice.co.il/practice-areas/%d7%9e%d7%a9%d7%a8%d7%93-%d7%94%d7%9e%d7%a9%d7%a4%d7%98%d7%99%d7%9d-%d7%99%d7%a9%d7%a8%d7%90%d7%9c/","/practice-areas/%d7%9e%d7%a9%d7%a8%d7%93-%d7%94%d7%9e%d7%a9%d7%a4%d7%98%d7%99%d7%9d-%d7%99%d7%a9%d7%a8%d7%90%d7%9c/",NO,,,,REST_API
715,practice-area-term,publish,"נזיקין","torts","https://jus-tice.co.il/practice-areas/torts/","/practice-areas/torts/",NO,,,,REST_API
188,practice-area-term,publish,"סייבר","cyber-law","https://jus-tice.co.il/practice-areas/cyber-law/","/practice-areas/cyber-law/",NO,,,,REST_API
648,practice-area-term,publish,"עו""ד נזיקין פסקי דין","attorney-rulings","https://jus-tice.co.il/practice-areas/attorney-rulings/","/practice-areas/attorney-rulings/",NO,,,,REST_API
308,practice-area-term,publish,"עורך דין","lawyer-directory","https://jus-tice.co.il/practice-areas/lawyer-directory/","/practice-areas/lawyer-directory/",NO,,,,REST_API
656,practice-area-term,publish,"עורך דין פלילי פסקי דין 2022","prenuptial-agreement","https://jus-tice.co.il/practice-areas/prenuptial-agreement/","/practice-areas/prenuptial-agreement/",NO,,,,REST_API
75,practice-area-term,publish,"ענייני ירושה","inheritance","https://jus-tice.co.il/practice-areas/inheritance/","/practice-areas/inheritance/",NO,,,,REST_API
683,practice-area-term,publish,"פורטוגל","portugal","https://jus-tice.co.il/practice-areas/portugal/","/practice-areas/portugal/",NO,,,,REST_API
309,practice-area-term,publish,"פיצויים","compensation","https://jus-tice.co.il/practice-areas/compensation/","/practice-areas/compensation/",NO,,,,REST_API
642,practice-area-term,publish,"פלילי פסקי דין חשובים","criminal-court-rulings","https://jus-tice.co.il/practice-areas/criminal-court-rulings/","/practice-areas/criminal-court-rulings/",NO,,,,REST_API
79,practice-area-term,publish,"פלת""ד","%d7%a4%d7%9c%d7%aa%d7%93","https://jus-tice.co.il/practice-areas/%d7%a4%d7%9c%d7%aa%d7%93/","/practice-areas/%d7%a4%d7%9c%d7%aa%d7%93/",NO,,,,REST_API
651,practice-area-term,publish,"פסקי דין גירושין דיני משפחה 2022","family-court-rulings","https://jus-tice.co.il/practice-areas/family-court-rulings/","/practice-areas/family-court-rulings/",NO,,,,REST_API
646,practice-area-term,publish,"פסקי דין חשובים","court-rulings","https://jus-tice.co.il/practice-areas/court-rulings/","/practice-areas/court-rulings/",NO,,,,REST_API
74,practice-area-term,publish,"צוואות","wills","https://jus-tice.co.il/practice-areas/wills/","/practice-areas/wills/",NO,,,,REST_API
194,practice-area-term,publish,"קניין רוחני","%d7%a7%d7%a0%d7%99%d7%99%d7%9f-%d7%a8%d7%95%d7%97%d7%a0%d7%99","https://jus-tice.co.il/practice-areas/%d7%a7%d7%a0%d7%99%d7%99%d7%9f-%d7%a8%d7%95%d7%97%d7%a0%d7%99/","/practice-areas/%d7%a7%d7%a0%d7%99%d7%99%d7%9f-%d7%a8%d7%95%d7%97%d7%a0%d7%99/",NO,,,,REST_API
668,practice-area-term,publish,"רישוי עסקים","%d7%a8%d7%99%d7%a9%d7%95%d7%99-%d7%a2%d7%a1%d7%a7%d7%99%d7%9d","https://jus-tice.co.il/practice-areas/%d7%a8%d7%99%d7%a9%d7%95%d7%99-%d7%a2%d7%a1%d7%a7%d7%99%d7%9d/","/practice-areas/%d7%a8%d7%99%d7%a9%d7%95%d7%99-%d7%a2%d7%a1%d7%a7%d7%99%d7%9d/",NO,,,,REST_API
716,practice-area-term,publish,"רשלנות רפואית","medical-malpractice","https://jus-tice.co.il/practice-areas/medical-malpractice/","/practice-areas/medical-malpractice/",NO,,,,REST_API
225,practice-area-term,publish,"שוק ההון","%d7%a9%d7%95%d7%a7-%d7%94%d7%94%d7%95%d7%9f","https://jus-tice.co.il/practice-areas/%d7%a9%d7%95%d7%a7-%d7%94%d7%94%d7%95%d7%9f/","/practice-areas/%d7%a9%d7%95%d7%a7-%d7%94%d7%94%d7%95%d7%9f/",NO,,,,REST_API
232,practice-area-term,publish,"תובענות ייצוגיות","%d7%aa%d7%95%d7%91%d7%a2%d7%a0%d7%95%d7%aa-%d7%99%d7%99%d7%a6%d7%95%d7%92%d7%99%d7%95%d7%aa","https://jus-tice.co.il/practice-areas/%d7%aa%d7%95%d7%91%d7%a2%d7%a0%d7%95%d7%aa-%d7%99%d7%99%d7%a6%d7%95%d7%92%d7%99%d7%95%d7%aa/","/practice-areas/%d7%aa%d7%95%d7%91%d7%a2%d7%a0%d7%95%d7%aa-%d7%99%d7%99%d7%a6%d7%95%d7%92%d7%99%d7%95%d7%aa/",NO,,,,REST_API
699,category,publish,"Practice Areas","practice-areas","https://jus-tice.co.il/practice-areas/","/practice-areas/",NO,,,,REST_API
1,category,publish,"Uncategorized","uncategorized","https://jus-tice.co.il/uncategorized/","/uncategorized/",NO,,,,REST_API
556,category,publish,"בג""צ","%d7%91%d7%92%d7%a6","https://jus-tice.co.il/%d7%91%d7%92%d7%a6/","/%d7%91%d7%92%d7%a6/",NO,,,,REST_API
638,category,publish,"בדיקה 30/07/2021","%d7%91%d7%93%d7%99%d7%a7%d7%94-30-07-2021","https://jus-tice.co.il/%d7%91%d7%93%d7%99%d7%a7%d7%94-30-07-2021/","/%d7%91%d7%93%d7%99%d7%a7%d7%94-30-07-2021/",NO,,,,REST_API
551,category,publish,"בית הדין לעבודה","%d7%91%d7%99%d7%aa-%d7%94%d7%93%d7%99%d7%9f-%d7%9c%d7%a2%d7%91%d7%95%d7%93%d7%94","https://jus-tice.co.il/%d7%91%d7%99%d7%aa-%d7%94%d7%93%d7%99%d7%9f-%d7%9c%d7%a2%d7%91%d7%95%d7%93%d7%94/","/%d7%91%d7%99%d7%aa-%d7%94%d7%93%d7%99%d7%9f-%d7%9c%d7%a2%d7%91%d7%95%d7%93%d7%94/",NO,,,,REST_API
563,category,publish,"בריאות","%d7%91%d7%a8%d7%99%d7%90%d7%95%d7%aa","https://jus-tice.co.il/%d7%91%d7%a8%d7%99%d7%90%d7%95%d7%aa/","/%d7%91%d7%a8%d7%99%d7%90%d7%95%d7%aa/",NO,,,,REST_API
561,category,publish,"דחיית מועדים","%d7%93%d7%97%d7%99%d7%99%d7%aa-%d7%9e%d7%95%d7%a2%d7%93%d7%99%d7%9d","https://jus-tice.co.il/%d7%93%d7%97%d7%99%d7%99%d7%aa-%d7%9e%d7%95%d7%a2%d7%93%d7%99%d7%9d/","/%d7%93%d7%97%d7%99%d7%99%d7%aa-%d7%9e%d7%95%d7%a2%d7%93%d7%99%d7%9d/",NO,,,,REST_API
558,category,publish,"הנחיות לציבור","%d7%94%d7%a0%d7%97%d7%99%d7%95%d7%aa-%d7%9c%d7%a6%d7%99%d7%91%d7%95%d7%a8","https://jus-tice.co.il/%d7%94%d7%a0%d7%97%d7%99%d7%95%d7%aa-%d7%9c%d7%a6%d7%99%d7%91%d7%95%d7%a8/","/%d7%94%d7%a0%d7%97%d7%99%d7%95%d7%aa-%d7%9c%d7%a6%d7%99%d7%91%d7%95%d7%a8/",NO,,,,REST_API
560,category,publish,"הקלות","%d7%94%d7%a7%d7%9c%d7%95%d7%aa","https://jus-tice.co.il/%d7%94%d7%a7%d7%9c%d7%95%d7%aa/","/%d7%94%d7%a7%d7%9c%d7%95%d7%aa/",NO,,,,REST_API
505,category,publish,"חדשות","news","https://jus-tice.co.il/news/","/news/",NO,,,,REST_API
533,category,publish,"חקיקת חירום קורונה","%d7%97%d7%a7%d7%99%d7%a7%d7%aa-%d7%97%d7%99%d7%a8%d7%95%d7%9d-%d7%a7%d7%95%d7%a8%d7%95%d7%a0%d7%94","https://jus-tice.co.il/news/%d7%97%d7%a7%d7%99%d7%a7%d7%aa-%d7%97%d7%99%d7%a8%d7%95%d7%9d-%d7%a7%d7%95%d7%a8%d7%95%d7%a0%d7%94/","/news/%d7%97%d7%a7%d7%99%d7%a7%d7%aa-%d7%97%d7%99%d7%a8%d7%95%d7%9d-%d7%a7%d7%95%d7%a8%d7%95%d7%a0%d7%94/",NO,,,,REST_API
557,category,publish,"כנסת","%d7%9b%d7%a0%d7%a1%d7%aa","https://jus-tice.co.il/%d7%9b%d7%a0%d7%a1%d7%aa/","/%d7%9b%d7%a0%d7%a1%d7%aa/",NO,,,,REST_API
562,category,publish,"מענקים","%d7%9e%d7%a2%d7%a0%d7%a7%d7%99%d7%9d","https://jus-tice.co.il/%d7%9e%d7%a2%d7%a0%d7%a7%d7%99%d7%9d/","/%d7%9e%d7%a2%d7%a0%d7%a7%d7%99%d7%9d/",NO,,,,REST_API
539,category,publish,"מעסיקים","employers","https://jus-tice.co.il/employers/","/employers/",NO,,,,REST_API
555,category,publish,"משבר הקורונה","%d7%9e%d7%a9%d7%91%d7%a8-%d7%94%d7%a7%d7%95%d7%a8%d7%95%d7%a0%d7%94","https://jus-tice.co.il/%d7%9e%d7%a9%d7%91%d7%a8-%d7%94%d7%a7%d7%95%d7%a8%d7%95%d7%a0%d7%94/","/%d7%9e%d7%a9%d7%91%d7%a8-%d7%94%d7%a7%d7%95%d7%a8%d7%95%d7%a0%d7%94/",NO,,,,REST_API
730,category,publish,"משפט פלילי","criminal-law","https://jus-tice.co.il/practice-areas/criminal-law/","/practice-areas/criminal-law/",NO,,,,REST_API
554,category,publish,"עובד פרילנסר","%d7%a2%d7%95%d7%91%d7%93-%d7%a4%d7%a8%d7%99%d7%9c%d7%a0%d7%a1%d7%a8","https://jus-tice.co.il/%d7%a2%d7%95%d7%91%d7%93-%d7%a4%d7%a8%d7%99%d7%9c%d7%a0%d7%a1%d7%a8/","/%d7%a2%d7%95%d7%91%d7%93-%d7%a4%d7%a8%d7%99%d7%9c%d7%a0%d7%a1%d7%a8/",NO,,,,REST_API
553,category,publish,"עצמאים","%d7%a2%d7%a6%d7%9e%d7%90%d7%99%d7%9d","https://jus-tice.co.il/%d7%a2%d7%a6%d7%9e%d7%90%d7%99%d7%9d/","/%d7%a2%d7%a6%d7%9e%d7%90%d7%99%d7%9d/",NO,,,,REST_API
540,category,publish,"פיטורים","dismissal","https://jus-tice.co.il/dismissal/","/dismissal/",NO,,,,REST_API
526,category,publish,"פסיקה","%d7%a4%d7%a1%d7%99%d7%a7%d7%94","https://jus-tice.co.il/%d7%a4%d7%a1%d7%99%d7%a7%d7%94/","/%d7%a4%d7%a1%d7%99%d7%a7%d7%94/",NO,,,,REST_API
527,category,publish,"צרכנות","%d7%a6%d7%a8%d7%9b%d7%a0%d7%95%d7%aa","https://jus-tice.co.il/%d7%a6%d7%a8%d7%9b%d7%a0%d7%95%d7%aa/","/%d7%a6%d7%a8%d7%9b%d7%a0%d7%95%d7%aa/",NO,,,,REST_API
559,category,publish,"תקנות","%d7%aa%d7%a7%d7%a0%d7%95%d7%aa","https://jus-tice.co.il/%d7%aa%d7%a7%d7%a0%d7%95%d7%aa/","/%d7%aa%d7%a7%d7%a0%d7%95%d7%aa/",NO,,,,REST_API
19309,justice_lawyer,publish,"עו&#8221;ד שרון נהרי &#8211; משפט פלילי וצווארון לבן","advocate-sharon-nahari","https://jus-tice.co.il/lawyers/advocate-sharon-nahari/","/lawyers/advocate-sharon-nahari/",NO,2026-05-14T14:09:48,,,REST_API