page,device,clicks,impressions,ctr,position
https://jus-tice.co.il/,DESKTOP,8,2562,0.31%,23.4
https://jus-tice.co.il/,MOBILE,7,1439,0.49%,11.5
https://jus-tice.co.il/wp-content/uploads/2022/06/06102016_1.pdf,DESKTOP,4,105,3.81%,19.1
https://jus-tice.co.il/wp-content/uploads/2022/06/06102016_1.pdf,MOBILE,4,75,5.33%,6.9
https://jus-tice.co.il/wp-content/uploads/2021/03/%D7%A0%D7%95%D7%A1%D7%97-%D7%94%D7%A1%D7%9B%D7%9D-%D7%92%D7%99%D7%A8%D7%95%D7%A9%D7%99%D7%9F-%D7%93%D7%95%D7%92%D7%9E%D7%90-2021.docx,MOBILE,2,288,0.69%,43.0
https://jus-tice.co.il/62758-11-22/,DESKTOP,1,22,4.55%,26.5
https://jus-tice.co.il/62758-11-22/,MOBILE,1,77,1.30%,9.3
https://jus-tice.co.il/court-judge/,MOBILE,1,45,2.22%,17.0
https://jus-tice.co.il/court-judge/,TABLET,1,1,100.00%,21.0
https://jus-tice.co.il/decision55016-06-17a/,MOBILE,1,20,5.00%,15.3
https://jus-tice.co.il/decision67437-12-18/,DESKTOP,1,10,10.00%,38.2
https://jus-tice.co.il/legal-courses-for-lawyers/,TABLET,1,1,100.00%,11.0
https://jus-tice.co.il/wp-content/uploads/2020/01/hana_v9.32.88s.pdf,DESKTOP,1,392,0.26%,57.4
https://jus-tice.co.il/wp-content/uploads/2022/06/06102016_1.pdf,TABLET,1,1,100.00%,1.0
https://jus-tice.co.il/,TABLET,0,11,0.00%,5.1
https://jus-tice.co.il/%D7%90%D7%97%D7%A8%D7%99%D7%95%D7%AA-%D7%94%D7%91%D7%A2%D7%9C-%D7%9C%D7%97%D7%95%D7%91%D7%95%D7%AA-%D7%90%D7%A9%D7%AA%D7%95-%D7%A2%D7%9C-%D7%A4%D7%99-%D7%93%D7%99%D7%9F-%D7%AA%D7%95%D7%A8%D7%94-%D7%95%D7%A2%D7%9C-%D7%A4%D7%99-%D7%97%D7%95%D7%A7-%D7%99%D7%97%D7%A1%D7%99-%D7%9E%D7%9E%D7%95%D7%9F-%D7%96%D7%9B%D7%95%D7%99%D7%95%D7%AA-%D7%95%D7%97%D7%95%D7%91%D7%95%D7%AA-%D7%91%D7%9E%D7%A2%D7%A8%D7%9B%D7%AA-%D7%99%D7%97%D7%A1%D7%99%D7%9D-%D7%A9%D7%91%D7%94-%D7%94%D7%90%D7%99%D7%A9%D7%94-%D7%94%D7%99%D7%90-%D7%94%D7%9E%D7%A4%D7%A8%D7%A0%D7%A1%D7%AA/,DESKTOP,0,9,0.00%,62.0
https://jus-tice.co.il/%D7%90%D7%99%D7%96%D7%95%D7%9F-%D7%9E%D7%A9%D7%90%D7%91%D7%99%D7%9D-%D7%9B%D7%A1%D7%A4%D7%99%D7%9D-%D7%94%D7%9E%D7%A6%D7%95%D7%99%D7%99%D7%9D-%D7%91%D7%97%D7%A9%D7%91%D7%95%D7%A0%D7%95%D7%AA-%D7%91%D7%9F-%D7%96%D7%95%D7%92-%D7%94%D7%91%D7%A8%D7%97%D7%AA-%D7%A0%D7%9B%D7%A1%D7%99%D7%9D/,DESKTOP,0,19,0.00%,74.1
https://jus-tice.co.il/%D7%90%D7%99%D7%96%D7%95%D7%9F-%D7%9E%D7%A9%D7%90%D7%91%D7%99%D7%9D-%D7%9B%D7%A1%D7%A4%D7%99%D7%9D-%D7%94%D7%9E%D7%A6%D7%95%D7%99%D7%99%D7%9D-%D7%91%D7%97%D7%A9%D7%91%D7%95%D7%A0%D7%95%D7%AA-%D7%91%D7%9F-%D7%96%D7%95%D7%92-%D7%94%D7%91%D7%A8%D7%97%D7%AA-%D7%A0%D7%9B%D7%A1%D7%99%D7%9D/,MOBILE,0,6,0.00%,65.5
https://jus-tice.co.il/%D7%90%D7%99%D7%9E%D7%95%D7%AA-%D7%97%D7%AA%D7%99%D7%9E%D7%94-%D7%A0%D7%95%D7%98%D7%A8%D7%99%D7%95%D7%9F-%D7%9E%D7%A9%D7%95%D7%9C%D7%91-%D7%A2%D7%91%D7%A8%D7%99%D7%AA-%D7%90%D7%A0%D7%92%D7%9C%D7%99%D7%AA/,DESKTOP,0,95,0.00%,48.8
https://jus-tice.co.il/%D7%90%D7%99%D7%9E%D7%95%D7%AA-%D7%97%D7%AA%D7%99%D7%9E%D7%94-%D7%A0%D7%95%D7%98%D7%A8%D7%99%D7%95%D7%9F-%D7%9E%D7%A9%D7%95%D7%9C%D7%91-%D7%A2%D7%91%D7%A8%D7%99%D7%AA-%D7%90%D7%A0%D7%92%D7%9C%D7%99%D7%AA/,MOBILE,0,1,0.00%,10.0
https://jus-tice.co.il/%D7%90%D7%99%D7%A9%D7%95%D7%9D-%D7%94%D7%98%D7%A8%D7%93%D7%95%D7%AA-%D7%A9%D7%9C-%D7%A2%D7%93-%D7%94%D7%9E%D7%93%D7%99%D7%A0%D7%94-%D7%A0%D7%99%D7%A8-%D7%97%D7%A4%D7%A5-%D7%95%D7%A2%D7%93%D7%AA-%D7%94/,DESKTOP,0,9,0.00%,29.7
https://jus-tice.co.il/%D7%90%D7%99%D7%A9%D7%95%D7%9D-%D7%94%D7%98%D7%A8%D7%93%D7%95%D7%AA-%D7%A9%D7%9C-%D7%A2%D7%93-%D7%94%D7%9E%D7%93%D7%99%D7%A0%D7%94-%D7%A0%D7%99%D7%A8-%D7%97%D7%A4%D7%A5-%D7%95%D7%A2%D7%93%D7%AA-%D7%94/,MOBILE,0,2,0.00%,7.0
https://jus-tice.co.il/%D7%90%D7%9E%D7%A0%D7%AA-%D7%94%D7%90%D7%95%D7%9E%D7%95%D7%AA-%D7%94%D7%9E%D7%90%D7%95%D7%97%D7%93%D7%95%D7%AA-%D7%A0%D7%92%D7%93-%D7%A9%D7%97%D7%99%D7%AA%D7%95%D7%AA/,DESKTOP,0,3,0.00%,82.7
https://jus-tice.co.il/%D7%91%D7%92%D7%99%D7%93%D7%94/,DESKTOP,0,1,0.00%,62.0
https://jus-tice.co.il/%D7%91%D7%99%D7%98%D7%95%D7%9C-%D7%94%D7%A1%D7%9B%D7%9D-%D7%9E%D7%99%D7%96%D7%95%D7%92-%D7%AA%D7%90-4528-01-16/,DESKTOP,0,7,0.00%,27.0
https://jus-tice.co.il/%D7%91%D7%99%D7%98%D7%95%D7%9C-%D7%94%D7%A1%D7%9B%D7%9D-%D7%9E%D7%99%D7%96%D7%95%D7%92-%D7%AA%D7%90-4528-01-16/,MOBILE,0,3,0.00%,28.0
https://jus-tice.co.il/%D7%91%D7%99%D7%98%D7%95%D7%9C-%D7%94%D7%A8%D7%A9%D7%A2%D7%94-%D7%A2%D7%91%D7%99%D7%A8%D7%95%D7%AA-%D7%94%D7%95%D7%A0%D7%90%D7%94/,DESKTOP,0,1,0.00%,99.0
https://jus-tice.co.il/%D7%91%D7%99%D7%98%D7%95%D7%9C-%D7%94%D7%A8%D7%A9%D7%A2%D7%94-%D7%A2%D7%91%D7%99%D7%A8%D7%95%D7%AA-%D7%94%D7%95%D7%A0%D7%90%D7%94/,MOBILE,0,1,0.00%,59.0
https://jus-tice.co.il/%D7%91%D7%99%D7%AA-%D7%94%D7%93%D7%99%D7%9F-%D7%94%D7%A8%D7%91%D7%A0%D7%99-%D7%A7%D7%A0%D7%94-%D7%A1%D7%9E%D7%9B%D7%95%D7%AA-%D7%9C%D7%9E%D7%A8%D7%95%D7%AA-%D7%94%D7%92%D7%A9%D7%AA-%D7%AA%D7%95%D7%91%D7%A2%D7%A0%D7%94-%D7%91%D7%A2%D7%A0%D7%99%D7%99%D7%9F-%D7%94%D7%97%D7%96%D7%A7%D7%AA-%D7%99%D7%9C%D7%93%D7%99%D7%9D/,DESKTOP,0,1,0.00%,73.0
https://jus-tice.co.il/%D7%91%D7%99%D7%AA-%D7%94%D7%93%D7%99%D7%9F-%D7%94%D7%A8%D7%91%D7%A0%D7%99-%D7%A7%D7%A0%D7%94-%D7%A1%D7%9E%D7%9B%D7%95%D7%AA-%D7%9C%D7%9E%D7%A8%D7%95%D7%AA-%D7%94%D7%92%D7%A9%D7%AA-%D7%AA%D7%95%D7%91%D7%A2%D7%A0%D7%94-%D7%91%D7%A2%D7%A0%D7%99%D7%99%D7%9F-%D7%94%D7%97%D7%96%D7%A7%D7%AA-%D7%99%D7%9C%D7%93%D7%99%D7%9D/,MOBILE,0,29,0.00%,48.6
https://jus-tice.co.il/%D7%91%D7%A0%D7%99%D7%99%D7%94-%D7%99%D7%A8%D7%95%D7%A7%D7%94-%D7%AA%D7%9B%D7%A0%D7%95%D7%9F-%D7%A2%D7%99%D7%A8%D7%95%D7%A0%D7%99-%D7%95%D7%A4%D7%A8%D7%95%D7%99%D7%A7%D7%98%D7%99%D7%9D-%D7%90%D7%A0%D7%A8%D7%92%D7%98%D7%99%D7%99%D7%9D-%D7%91%D7%99%D7%95%D7%95%D7%9F/,DESKTOP,0,25,0.00%,45.9
https://jus-tice.co.il/%D7%91%D7%A7%D7%A9%D7%AA-%D7%A6%D7%95-%D7%94%D7%92%D7%A0%D7%94-%D7%9C%D7%9E%D7%A0%D7%99%D7%A2%D7%AA-%D7%90%D7%9C%D7%99%D7%9E%D7%95%D7%AA-%D7%91%D7%9E%D7%A9%D7%A4%D7%97%D7%94-%D7%94%D7%98-61185-11-22/,DESKTOP,0,203,0.00%,38.9
https://jus-tice.co.il/%D7%91%D7%A7%D7%A9%D7%AA-%D7%A6%D7%95-%D7%94%D7%92%D7%A0%D7%94-%D7%9C%D7%9E%D7%A0%D7%99%D7%A2%D7%AA-%D7%90%D7%9C%D7%99%D7%9E%D7%95%D7%AA-%D7%91%D7%9E%D7%A9%D7%A4%D7%97%D7%94-%D7%94%D7%98-61185-11-22/,MOBILE,0,76,0.00%,48.3
https://jus-tice.co.il/%D7%92%D7%99%D7%A8%D7%95%D7%A9%D7%99%D7%9F-%D7%91%D7%92%D7%99%D7%A9%D7%95%D7%A8-%D7%A2%D7%9D-%D7%99%D7%9C%D7%93%D7%99%D7%9D-%D7%94%D7%93%D7%A8%D7%9A-%D7%94%D7%98%D7%95%D7%91%D7%94-%D7%9C%D7%94%D7%AA%D7%92%D7%A8%D7%A9-%D7%91%D7%92%D7%99%D7%A9%D7%95%D7%A8-%D7%91%D7%9C%D7%99-%D7%9C%D7%A4%D7%92%D7%95%D7%A2-%D7%91%D7%99%D7%9C%D7%93%D7%99%D7%9D/,DESKTOP,0,9,0.00%,67.6
https://jus-tice.co.il/%D7%92%D7%99%D7%A8%D7%95%D7%A9%D7%99%D7%9F-%D7%91%D7%92%D7%99%D7%A9%D7%95%D7%A8-%D7%A2%D7%9D-%D7%99%D7%9C%D7%93%D7%99%D7%9D-%D7%94%D7%93%D7%A8%D7%9A-%D7%94%D7%98%D7%95%D7%91%D7%94-%D7%9C%D7%94%D7%AA%D7%92%D7%A8%D7%A9-%D7%91%D7%92%D7%99%D7%A9%D7%95%D7%A8-%D7%91%D7%9C%D7%99-%D7%9C%D7%A4%D7%92%D7%95%D7%A2-%D7%91%D7%99%D7%9C%D7%93%D7%99%D7%9D/,MOBILE,0,3,0.00%,67.3
https://jus-tice.co.il/%D7%92%D7%99%D7%A8%D7%95%D7%A9%D7%99%D7%9F-%D7%A7%D7%91%D7%9C%D7%AA-%D7%96%D7%9B%D7%95%D7%99%D7%95%D7%AA-%D7%A4%D7%A0%D7%A1%D7%99%D7%95%D7%A0%D7%99%D7%95%D7%AA-%D7%9E%D7%94%D7%95%D7%95%D7%A0%D7%95%D7%AA-%D7%91%D7%9E%D7%A7%D7%95%D7%9D-%D7%A8%D7%99%D7%A9%D7%95%D7%9E%D7%9F-%D7%A2%D7%9C-%D7%A9%D7%9D-%D7%94%D7%96%D7%9B%D7%90%D7%99-%D7%91%D7%94%D7%AA%D7%90%D7%9D-%D7%9C%D7%97%D7%95%D7%A7-%D7%9C%D7%97%D7%9C%D7%95%D7%A7%D7%AA-%D7%97%D7%99%D7%A1%D7%9B%D7%95%D7%9F-%D7%A4%D7%A0%D7%A1%D7%99%D7%95%D7%A0%D7%99/,DESKTOP,0,2,0.00%,61.0
https://jus-tice.co.il/%D7%93%D7%95%D7%97%D7%95%D7%AA-%D7%97%D7%A0%D7%99%D7%94-%D7%90%D7%9E%D7%A6%D7%A2%D7%95%D7%AA-%D7%9E%D7%A1%D7%A8%D7%95%D7%9F-%D7%9C%D7%98%D7%9C%D7%A4%D7%95%D7%9F-%D7%A0%D7%99%D7%99%D7%93-sms/,MOBILE,0,2,0.00%,6.0
https://jus-tice.co.il/%D7%93%D7%97%D7%99%D7%99%D7%AA-%D7%91%D7%A7%D7%A9%D7%94-%D7%9C%D7%94%D7%AA%D7%A0%D7%92%D7%93%D7%95%D7%AA-%D7%9C%D7%A6%D7%95-%D7%99%D7%A8%D7%95%D7%A9%D7%94-%D7%A2%D7%9C-%D7%99%D7%93%D7%99-%D7%94%D7%A0%D7%AA%D7%91%D7%A2%D7%AA-%D7%94%D7%98%D7%95%D7%A2%D7%A0%D7%AA-%D7%9C%D7%94%D7%99%D7%95%D7%AA%D7%94-%D7%91%D7%AA-%D7%94%D7%96%D7%95%D7%92-%D7%A9%D7%9C-%D7%94%D7%9E%D7%A0%D7%95%D7%97-%D7%AA%D7%A2-57474-06-19/,DESKTOP,0,2,0.00%,69.0
https://jus-tice.co.il/%D7%93%D7%97%D7%99%D7%99%D7%AA-%D7%93%D7%A8%D7%99%D7%A9%D7%94-%D7%9C%D7%A2%D7%99%D7%9B%D7%95%D7%91-%D7%92%D7%99%D7%A8%D7%95%D7%A9%D7%99%D7%9F-%D7%9C%D7%A9%D7%9D-%D7%94%D7%96%D7%9E%D7%AA-%D7%98%D7%A2%D7%A0%D7%95%D7%AA-%D7%A9%D7%9C%D7%90-%D7%94%D7%97%D7%9C-%D7%91%D7%99%D7%A8%D7%95%D7%A8%D7%9F-%D7%A9%D7%A4%D7%A1%D7%99%D7%A7%D7%AA-%D7%94%D7%92%D7%99%D7%A8%D7%95%D7%A9%D7%99%D7%9F-%D7%90%D7%99%D7%A0%D7%94-%D7%9E%D7%95%D7%A9%D7%AA%D7%AA%D7%AA-%D7%A2%D7%9C%D7%99%D7%94%D7%9F-%D7%95%D7%A9%D7%94%D7%96%D7%9E%D7%AA%D7%9F-%D7%9E%D7%91%D7%95%D7%A7%D7%A9%D7%AA-%D7%9C%D7%A6%D7%95%D7%A8%D7%9A-%D7%94%D7%9C%D7%99%D7%9A-%D7%90%D7%97%D7%A8-1353339-1-%D7%91%D7%99%D7%94%D7%93-%D7%94%D7%92%D7%93%D7%95%D7%9C/,DESKTOP,0,1,0.00%,96.0
https://jus-tice.co.il/%D7%94%D7%90%D7%9D-%D7%9B%D7%9C-%D7%94%D7%A1%D7%9B%D7%9D-%D7%91%D7%99%D7%9F-%D7%91%D7%A0%D7%99-%D7%96%D7%95%D7%92-%D7%94%D7%95%D7%90-%D7%94%D7%A1%D7%9B%D7%9D-%D7%9E%D7%9E%D7%95%D7%9F/,DESKTOP,0,2,0.00%,64.0
https://jus-tice.co.il/%D7%94%D7%90%D7%9D-%D7%9B%D7%9C-%D7%94%D7%A1%D7%9B%D7%9D-%D7%91%D7%99%D7%9F-%D7%91%D7%A0%D7%99-%D7%96%D7%95%D7%92-%D7%94%D7%95%D7%90-%D7%94%D7%A1%D7%9B%D7%9D-%D7%9E%D7%9E%D7%95%D7%9F/,MOBILE,0,7,0.00%,46.7
https://jus-tice.co.il/%D7%94%D7%90%D7%9D-%D7%AA%D7%A9%D7%9C%D7%9D-%D7%9E%D7%96%D7%95%D7%A0%D7%95%D7%AA-%D7%99%D7%9C%D7%93%D7%99%D7%9D-%D7%91%D7%99%D7%AA-%D7%93%D7%99%D7%9F-%D7%A8%D7%91%D7%A0%D7%99-2022/,DESKTOP,0,1,0.00%,66.0
https://jus-tice.co.il/%D7%94%D7%92%D7%99%D7%A8%D7%94-%D7%9E%D7%99%D7%A9%D7%A8%D7%90%D7%9C-%D7%A8%D7%A9%D7%99%D7%9E%D7%AA-%D7%94%D7%9C%D7%99%D7%9B%D7%99%D7%9D/,DESKTOP,0,70,0.00%,29.0
https://jus-tice.co.il/%D7%94%D7%92%D7%99%D7%A8%D7%94-%D7%9E%D7%99%D7%A9%D7%A8%D7%90%D7%9C-%D7%A8%D7%A9%D7%99%D7%9E%D7%AA-%D7%94%D7%9C%D7%99%D7%9B%D7%99%D7%9D/,MOBILE,0,9,0.00%,18.2
https://jus-tice.co.il/%D7%94%D7%92%D7%99%D7%A8%D7%94-%D7%9E%D7%99%D7%A9%D7%A8%D7%90%D7%9C-%D7%A8%D7%A9%D7%99%D7%9E%D7%AA-%D7%94%D7%9C%D7%99%D7%9B%D7%99%D7%9D/,TABLET,0,1,0.00%,36.0
https://jus-tice.co.il/%D7%94%D7%97%D7%96%D7%A7%D7%AA-%D7%99%D7%9C%D7%93%D7%99%D7%9D-%D7%9E%D7%A9%D7%9E%D7%95%D7%A8%D7%AA-%D7%9E%D7%A9%D7%95%D7%AA%D7%A4%D7%AA-%D7%91%D7%99%D7%AA-%D7%94%D7%93%D7%99%D7%9F-%D7%94%D7%A8%D7%91%D7%A0%D7%99/,DESKTOP,0,61,0.00%,18.2
https://jus-tice.co.il/%D7%94%D7%97%D7%96%D7%A7%D7%AA-%D7%99%D7%9C%D7%93%D7%99%D7%9D-%D7%9E%D7%A9%D7%9E%D7%95%D7%A8%D7%AA-%D7%9E%D7%A9%D7%95%D7%AA%D7%A4%D7%AA-%D7%91%D7%99%D7%AA-%D7%94%D7%93%D7%99%D7%9F-%D7%94%D7%A8%D7%91%D7%A0%D7%99/,MOBILE,0,1,0.00%,88.0
https://jus-tice.co.il/%D7%94%D7%97%D7%9C%D7%98%D7%94-%D7%91%D7%A0%D7%95%D7%A9%D7%90-%D7%A9%D7%91%D7%99%D7%AA%D7%AA-%D7%94%D7%A0%D7%9E%D7%9C%D7%99%D7%9D-%D7%A1%D7%A7%D7%9B-55221-01-22/,DESKTOP,0,1,0.00%,61.0
https://jus-tice.co.il/%D7%94%D7%97%D7%9C%D7%98%D7%94-%D7%91%D7%AA%D7%99%D7%A7-%D7%97%D7%93%D7%9C%D7%95%D7%AA-%D7%A4%D7%99%D7%A8%D7%A2%D7%95%D7%9F-%D7%A9%D7%9C-%D7%97%D7%91%D7%A8%D7%AA-%D7%A1%D7%98%D7%95%D7%93%D7%99%D7%95-c/,DESKTOP,0,45,0.00%,6.8
https://jus-tice.co.il/%D7%94%D7%97%D7%9C%D7%98%D7%94-%D7%91%D7%AA%D7%99%D7%A7-%D7%97%D7%93%D7%9C%D7%95%D7%AA-%D7%A4%D7%99%D7%A8%D7%A2%D7%95%D7%9F-%D7%A9%D7%9C-%D7%97%D7%91%D7%A8%D7%AA-%D7%A1%D7%98%D7%95%D7%93%D7%99%D7%95-c/,MOBILE,0,52,0.00%,7.5
https://jus-tice.co.il/%D7%94%D7%A1%D7%93%D7%A8-%D7%9E%D7%95%D7%AA%D7%A0%D7%94/,DESKTOP,0,4,0.00%,77.8
https://jus-tice.co.il/%D7%94%D7%A9%D7%95%D7%A4%D7%98%D7%AA-%D7%A2%D7%A4%D7%A8%D7%94-%D7%92%D7%99%D7%90-%D7%99%D7%A1-33240-08-21-%D7%A2-%D7%A0-%D7%A2/,DESKTOP,0,11,0.00%,36.9
https://jus-tice.co.il/%D7%94%D7%A9%D7%95%D7%A4%D7%98-%D7%90%D7%A8%D7%96-%D7%A9%D7%A0%D7%99-%D7%A4%D7%A1%D7%93-%D7%91%D7%AA%D7%91%D7%99%D7%A2%D7%AA-%D7%90%D7%91-%D7%9C%D7%9E%D7%A9%D7%9E%D7%95%D7%A8%D7%AA-%D7%95%D7%97%D7%9C%D7%95%D7%A7%D7%AA-%D7%96%D7%9E%D7%A0%D7%99-%D7%A9%D7%94%D7%95%D7%AA-%D7%A9%D7%95%D7%95%D7%99%D7%9D-%D7%AA%D7%9C%D7%94%D7%9E-64033-06-21/,DESKTOP,0,11,0.00%,9.1
https://jus-tice.co.il/%D7%94%D7%A9%D7%95%D7%A4%D7%98-%D7%90%D7%A8%D7%96-%D7%A9%D7%A0%D7%99-%D7%A4%D7%A1%D7%93-%D7%91%D7%AA%D7%91%D7%99%D7%A2%D7%AA-%D7%90%D7%91-%D7%9C%D7%9E%D7%A9%D7%9E%D7%95%D7%A8%D7%AA-%D7%95%D7%97%D7%9C%D7%95%D7%A7%D7%AA-%D7%96%D7%9E%D7%A0%D7%99-%D7%A9%D7%94%D7%95%D7%AA-%D7%A9%D7%95%D7%95%D7%99%D7%9D-%D7%AA%D7%9C%D7%94%D7%9E-64033-06-21/,MOBILE,0,13,0.00%,8.6
https://jus-tice.co.il/%D7%94%D7%A9%D7%95%D7%A4%D7%98-%D7%90%D7%A8%D7%99%D7%90%D7%9C-%D7%9E%D7%9E%D7%9F-%D7%94%D7%97%D7%9C%D7%98%D7%94-%D7%9C%D7%9E%D7%AA%D7%9F-%D7%A6%D7%95-%D7%94%D7%92%D7%A0%D7%94-%D7%9C%D7%9E%D7%A0%D7%99%D7%A2%D7%AA-%D7%90%D7%9C%D7%99%D7%9E%D7%95%D7%AA-%D7%91%D7%9E%D7%A9%D7%A4%D7%97%D7%94-%D7%94%D7%98-40857-03-22/,DESKTOP,0,3,0.00%,26.7
https://jus-tice.co.il/%D7%94%D7%A9%D7%95%D7%A4%D7%98-%D7%90%D7%A8%D7%99%D7%90%D7%9C-%D7%9E%D7%9E%D7%9F-%D7%94%D7%97%D7%9C%D7%98%D7%94-%D7%9C%D7%9E%D7%AA%D7%9F-%D7%A6%D7%95-%D7%94%D7%92%D7%A0%D7%94-%D7%9C%D7%9E%D7%A0%D7%99%D7%A2%D7%AA-%D7%90%D7%9C%D7%99%D7%9E%D7%95%D7%AA-%D7%91%D7%9E%D7%A9%D7%A4%D7%97%D7%94-%D7%94%D7%98-40857-03-22/,MOBILE,0,4,0.00%,33.0
https://jus-tice.co.il/%D7%96%D7%99%D7%9B%D7%95%D7%99-%D7%A0%D7%94%D7%92-%D7%9E%D7%A9%D7%90%D7%99%D7%AA-%D7%A9%D7%94%D7%95%D7%90%D7%A9%D7%9D-%D7%91%D7%92%D7%A8%D7%99%D7%9E%D7%AA-%D7%9E%D7%95%D7%95%D7%AA-%D7%91%D7%A8%D7%A9%D7%9C%D7%A0%D7%95%D7%AA-%D7%AA%D7%99%D7%A7-56-03-20/,DESKTOP,0,2,0.00%,83.0
https://jus-tice.co.il/%D7%97%D7%93%D7%A9%D7%95%D7%AA-%D7%A4%D7%9C%D7%99%D7%9C%D7%99-%D7%9E%D7%AA%D7%A2%D7%93%D7%9B%D7%9F/,DESKTOP,0,37,0.00%,45.1
https://jus-tice.co.il/%D7%97%D7%93%D7%A9%D7%95%D7%AA-%D7%A4%D7%9C%D7%99%D7%9C%D7%99-%D7%9E%D7%AA%D7%A2%D7%93%D7%9B%D7%9F/,MOBILE,0,1,0.00%,80.0
https://jus-tice.co.il/%D7%97%D7%95%D7%A7-%D7%A4%D7%99%D7%A6%D7%95%D7%99%D7%99%D7%9D-%D7%9C%D7%A0%D7%A4%D7%92%D7%A2%D7%99-%D7%AA%D7%90%D7%95%D7%A0%D7%95%D7%AA-%D7%93%D7%A8%D7%9B%D7%99%D7%9D-%D7%A0%D7%95%D7%A1%D7%97-%D7%A2%D7%93%D7%9B%D7%A0%D7%99/,DESKTOP,0,24,0.00%,60.1
https://jus-tice.co.il/%D7%97%D7%95%D7%A7-%D7%A4%D7%99%D7%A6%D7%95%D7%99%D7%99%D7%9D-%D7%9C%D7%A0%D7%A4%D7%92%D7%A2%D7%99-%D7%AA%D7%90%D7%95%D7%A0%D7%95%D7%AA-%D7%93%D7%A8%D7%9B%D7%99%D7%9D-%D7%A0%D7%95%D7%A1%D7%97-%D7%A2%D7%93%D7%9B%D7%A0%D7%99/,MOBILE,0,2,0.00%,77.5
https://jus-tice.co.il/%D7%97%D7%95%D7%A7-%D7%A8%D7%A9%D7%9C%D7%A0%D7%95%D7%AA-%D7%A8%D7%A4%D7%95%D7%90%D7%99%D7%AA/,DESKTOP,0,80,0.00%,42.6
https://jus-tice.co.il/%D7%97%D7%95%D7%A7-%D7%A8%D7%A9%D7%9C%D7%A0%D7%95%D7%AA-%D7%A8%D7%A4%D7%95%D7%90%D7%99%D7%AA/,MOBILE,0,8,0.00%,43.5
https://jus-tice.co.il/%D7%97%D7%AA%D7%99%D7%9E%D7%94-%D7%A2%D7%9C-%D7%A8%D7%A9%D7%99%D7%9E%D7%AA-%D7%9C%D7%99%D7%A7%D7%95%D7%99%D7%99%D7%9D/,DESKTOP,0,5,0.00%,68.6
https://jus-tice.co.il/%D7%98%D7%95%D7%91%D7%AA-%D7%94%D7%99%D7%9C%D7%93%D7%99%D7%9D-%D7%9B%D7%91%D7%A1%D7%99%D7%A1-%D7%9C%D7%97%D7%99%D7%95%D7%91-%D7%94%D7%90%D7%9D-%D7%9C%D7%97%D7%96%D7%95%D7%A8-%D7%9C%D7%A2%D7%99%D7%A8-%D7%94%D7%9E%D7%A7%D7%95%D7%A8-%D7%A8%D7%99%D7%A9%D7%95%D7%9D-%D7%94%D7%99%D7%9C%D7%93%D7%99%D7%9D-%D7%9C%D7%9E%D7%95%D7%A1%D7%93%D7%95%D7%AA-%D7%94%D7%97%D7%99%D7%A0%D7%95%D7%9A/,DESKTOP,0,3,0.00%,82.0
https://jus-tice.co.il/%D7%98%D7%95%D7%91%D7%AA-%D7%94%D7%99%D7%9C%D7%93%D7%99%D7%9D-%D7%9B%D7%91%D7%A1%D7%99%D7%A1-%D7%9C%D7%97%D7%99%D7%95%D7%91-%D7%94%D7%90%D7%9D-%D7%9C%D7%97%D7%96%D7%95%D7%A8-%D7%9C%D7%A2%D7%99%D7%A8-%D7%94%D7%9E%D7%A7%D7%95%D7%A8-%D7%A8%D7%99%D7%A9%D7%95%D7%9D-%D7%94%D7%99%D7%9C%D7%93%D7%99%D7%9D-%D7%9C%D7%9E%D7%95%D7%A1%D7%93%D7%95%D7%AA-%D7%94%D7%97%D7%99%D7%A0%D7%95%D7%9A/,MOBILE,0,2,0.00%,84.5
https://jus-tice.co.il/%D7%98%D7%95%D7%A4%D7%A1-%D7%A2%D7%9E%D7%93%D7%AA-%D7%A0%D7%A4%D7%92%D7%A2%D7%99-%D7%A2%D7%91%D7%99%D7%A8%D7%94-%D7%9C%D7%A2%D7%A0%D7%99%D7%99%D7%9F-%D7%97%D7%A0%D7%99%D7%A0%D7%94/,DESKTOP,0,4,0.00%,76.0
https://jus-tice.co.il/%D7%98%D7%99%D7%A4%D7%99%D7%9D-%D7%9C%D7%A2%D7%95%D7%93-%D7%9B%D7%99%D7%A6%D7%93-%D7%9C%D7%94%D7%9B%D7%A0%D7%A1-%D7%9C%D7%9E%D7%93%D7%A8%D7%99%D7%9B%D7%99%D7%9D-%D7%93%D7%99%D7%A8%D7%95%D7%92-%D7%A2%D7%95%D7%A8%D7%9B%D7%99-%D7%94%D7%93%D7%99%D7%9F-%D7%94%D7%9E%D7%95%D7%91%D7%99%D7%9C%D7%99%D7%9D-%D7%91%D7%A2%D7%A2%D7%95%D7%9C%D7%9D/,DESKTOP,0,2,0.00%,40.0
https://jus-tice.co.il/%D7%99%D7%99%D7%A2%D7%95%D7%A5-%D7%9E%D7%A9%D7%A4%D7%98%D7%99-%D7%90%D7%90%D7%95%D7%98%D7%A1%D7%95%D7%A8%D7%A1%D7%99%D7%A0%D7%92-%D7%91%D7%99%D7%A0%D7%9C%D7%90%D7%95%D7%9E%D7%99-jus-tice-%D7%9E%D7%A9%D7%A8%D7%95%D7%AA-%D7%A2%D7%95%D7%A8%D7%9B%D7%99-%D7%93%D7%99%D7%9F/,DESKTOP,0,49,0.00%,36.4
https://jus-tice.co.il/%D7%99%D7%99%D7%A2%D7%95%D7%A5-%D7%9E%D7%A9%D7%A4%D7%98%D7%99-%D7%90%D7%90%D7%95%D7%98%D7%A1%D7%95%D7%A8%D7%A1%D7%99%D7%A0%D7%92-%D7%91%D7%99%D7%A0%D7%9C%D7%90%D7%95%D7%9E%D7%99-jus-tice-%D7%9E%D7%A9%D7%A8%D7%95%D7%AA-%D7%A2%D7%95%D7%A8%D7%9B%D7%99-%D7%93%D7%99%D7%9F/,MOBILE,0,7,0.00%,33.0
https://jus-tice.co.il/%D7%99%D7%99%D7%A2%D7%95%D7%A5-%D7%A2%D7%95%D7%A8%D7%9A-%D7%93%D7%99%D7%9F-%D7%A4%D7%9C%D7%99%D7%9C%D7%99-%D7%A8%D7%90%D7%A9%D7%95%D7%A0%D7%99-%D7%9C%D7%A2%D7%A6%D7%95%D7%A8-%D7%91%D7%A4%D7%9C%D7%99%D7%9C%D7%99%D7%9D/,DESKTOP,0,1,0.00%,18.0
https://jus-tice.co.il/%D7%99%D7%99%D7%A2%D7%95%D7%A5-%D7%A2%D7%95%D7%A8%D7%9A-%D7%93%D7%99%D7%9F-%D7%A4%D7%9C%D7%99%D7%9C%D7%99-%D7%A8%D7%90%D7%A9%D7%95%D7%A0%D7%99-%D7%9C%D7%A2%D7%A6%D7%95%D7%A8-%D7%91%D7%A4%D7%9C%D7%99%D7%9C%D7%99%D7%9D/,MOBILE,0,2,0.00%,34.5
https://jus-tice.co.il/%D7%9C%D7%90-%D7%9E%D7%97%D7%95%D7%A1%D7%9F-%D7%94%D7%90%D7%9D-%D7%9E%D7%A2%D7%A1%D7%99%D7%A7-%D7%99%D7%9B%D7%95%D7%9C-%D7%9C%D7%9E%D7%A0%D7%95%D7%A2-%D7%A2%D7%95%D7%91%D7%93-%D7%9C%D7%9C%D7%90-%D7%91%D7%93%D7%99%D7%A7%D7%AA-%D7%A7%D7%95%D7%A8%D7%95%D7%A0%D7%94/,DESKTOP,0,2,0.00%,72.5
https://jus-tice.co.il/%D7%9E%D7%96%D7%95%D7%A0%D7%95%D7%AA-%D7%94%D7%99%D7%9C%D7%93%D7%99%D7%9D-%D7%94%D7%90%D7%9D-%D7%9C%D7%A4%D7%99-%D7%A6%D7%A8%D7%99%D7%9B%D7%94-%D7%91%D7%A4%D7%95%D7%A2%D7%9C-%D7%90%D7%95-%D7%A2%D7%A8%D7%9A-%D7%A9%D7%95%D7%9C%D7%99/,DESKTOP,0,17,0.00%,26.1
https://jus-tice.co.il/%D7%9E%D7%96%D7%95%D7%A0%D7%95%D7%AA-%D7%94%D7%99%D7%9C%D7%93%D7%99%D7%9D-%D7%94%D7%90%D7%9D-%D7%9C%D7%A4%D7%99-%D7%A6%D7%A8%D7%99%D7%9B%D7%94-%D7%91%D7%A4%D7%95%D7%A2%D7%9C-%D7%90%D7%95-%D7%A2%D7%A8%D7%9A-%D7%A9%D7%95%D7%9C%D7%99/,MOBILE,0,1,0.00%,23.0
https://jus-tice.co.il/%D7%9E%D7%97%D7%A7%D7%A8-%D7%9E%D7%99%D7%9E%D7%95%D7%A9-%D7%96%D7%9B%D7%95%D7%99%D7%95%D7%AA-%D7%A7%D7%98%D7%99%D7%A0%D7%99%D7%9D-%D7%A0%D7%A4%D7%92%D7%A2%D7%99-%D7%A2%D7%91%D7%99%D7%A8%D7%95%D7%AA-%D7%9E%D7%99%D7%9F-%D7%97%D7%9E%D7%95%D7%A8%D7%95%D7%AA-%D7%91%D7%AA%D7%99%D7%A7%D7%99-%D7%94%D7%A1%D7%99%D7%95%D7%A2-%D7%94%D7%9E%D7%A9%D7%A4%D7%98%D7%99/,DESKTOP,0,1,0.00%,20.0
https://jus-tice.co.il/%D7%9E%D7%97%D7%A9%D7%91%D7%95%D7%9F-%D7%9E%D7%96%D7%95%D7%A0%D7%95%D7%AA-%D7%99%D7%9C%D7%93%D7%99%D7%9D/,DESKTOP,0,2175,0.00%,68.8
https://jus-tice.co.il/%D7%9E%D7%97%D7%A9%D7%91%D7%95%D7%9F-%D7%9E%D7%96%D7%95%D7%A0%D7%95%D7%AA-%D7%99%D7%9C%D7%93%D7%99%D7%9D/,MOBILE,0,225,0.00%,72.6
https://jus-tice.co.il/%D7%9E%D7%97%D7%A9%D7%91%D7%95%D7%9F-%D7%9E%D7%96%D7%95%D7%A0%D7%95%D7%AA-%D7%99%D7%9C%D7%93%D7%99%D7%9D/,TABLET,0,3,0.00%,44.7
https://jus-tice.co.il/%D7%9E%D7%99%D7%A0%D7%95%D7%99-%D7%A9%D7%9E%D7%90%D7%99-%D7%9E%D7%A7%D7%A8%D7%A7%D7%A2%D7%99%D7%9F-%D7%A2%D7%96%D7%91%D7%95%D7%9F-%D7%A6%D7%95-%D7%99%D7%A8%D7%95%D7%A9%D7%94/,DESKTOP,0,1,0.00%,57.0
https://jus-tice.co.il/%D7%9E%D7%A0%D7%AA%D7%97-%D7%A4%D7%9C%D7%A1%D7%98%D7%99-%D7%A4%D7%A0%D7%99%D7%9D/,DESKTOP,0,61,0.00%,72.3
https://jus-tice.co.il/%D7%9E%D7%A0%D7%AA%D7%97-%D7%A4%D7%9C%D7%A1%D7%98%D7%99-%D7%A4%D7%A0%D7%99%D7%9D/,MOBILE,0,34,0.00%,69.4
https://jus-tice.co.il/%D7%9E%D7%A1%D7%9E%D7%9B%D7%99%D7%9D-%D7%97%D7%A9%D7%95%D7%91%D7%99%D7%9D-%D7%9C%D7%AA%D7%91%D7%99%D7%A2%D7%AA-%D7%A8%D7%A9%D7%9C%D7%A0%D7%95%D7%AA-%D7%A8%D7%A4%D7%95%D7%90%D7%99%D7%AA/,DESKTOP,0,1,0.00%,77.0
https://jus-tice.co.il/%D7%9E%D7%A6%D7%90-%D7%A2%D7%95%D7%A8%D7%9A-%D7%93%D7%99%D7%9F-%D7%91%D7%A7%D7%A8%D7%91%D7%AA%D7%9A/,DESKTOP,0,1,0.00%,62.0
https://jus-tice.co.il/%D7%9E%D7%A9%D7%9E%D7%95%D7%A8%D7%AA-%D7%91%D7%9C%D7%A2%D7%93%D7%99%D7%AA-%D7%9C%D7%90%D7%9D-%D7%95%D7%A9%D7%99%D7%AA%D7%95%D7%A4%D7%99%D7%95%D7%AA-%D7%99%D7%97%D7%A1%D7%99%D7%AA-%D7%91%D7%9E%D7%A1%D7%92%D7%A8%D7%AA-%D7%90%D7%99%D7%96%D7%95%D7%9F-%D7%9E%D7%A9%D7%90%D7%91%D7%99%D7%9D-%D7%AA%D7%9C%D7%94%D7%9E-37049-07-18/,DESKTOP,0,98,0.00%,11.3
https://jus-tice.co.il/%D7%9E%D7%A9%D7%9E%D7%95%D7%A8%D7%AA-%D7%91%D7%9C%D7%A2%D7%93%D7%99%D7%AA-%D7%9C%D7%90%D7%9D-%D7%95%D7%A9%D7%99%D7%AA%D7%95%D7%A4%D7%99%D7%95%D7%AA-%D7%99%D7%97%D7%A1%D7%99%D7%AA-%D7%91%D7%9E%D7%A1%D7%92%D7%A8%D7%AA-%D7%90%D7%99%D7%96%D7%95%D7%9F-%D7%9E%D7%A9%D7%90%D7%91%D7%99%D7%9D-%D7%AA%D7%9C%D7%94%D7%9E-37049-07-18/,MOBILE,0,19,0.00%,9.7
https://jus-tice.co.il/%D7%9E%D7%A9%D7%A8%D7%93-%D7%A2%D7%95%D7%A8%D7%9B%D7%99-%D7%93%D7%99%D7%9F-%D7%A4%D7%9C%D7%99%D7%9C%D7%99-%D7%94%D7%9B%D7%99-%D7%98%D7%95%D7%91-%D7%AA%D7%9C-%D7%90%D7%91%D7%99%D7%91/,DESKTOP,0,232,0.00%,63.7
https://jus-tice.co.il/%D7%9E%D7%A9%D7%A8%D7%93-%D7%A2%D7%95%D7%A8%D7%9B%D7%99-%D7%93%D7%99%D7%9F-%D7%A4%D7%9C%D7%99%D7%9C%D7%99-%D7%94%D7%9B%D7%99-%D7%98%D7%95%D7%91-%D7%AA%D7%9C-%D7%90%D7%91%D7%99%D7%91/,MOBILE,0,58,0.00%,64.9
https://jus-tice.co.il/%D7%A0%D7%95%D7%A1%D7%97-%D7%9B%D7%AA%D7%91-%D7%94%D7%90%D7%99%D7%A9%D7%95%D7%9D-%D7%A0%D7%92%D7%93-%D7%91%D7%A0%D7%99%D7%9E%D7%99%D7%9F-%D7%A0%D7%AA%D7%A0%D7%99%D7%94%D7%95-%D7%AA%D7%99%D7%A7%D7%99%D7%9D-1000-2000-4000,DESKTOP,0,5,0.00%,32.0
https://jus-tice.co.il/%D7%A0%D7%95%D7%A1%D7%97-%D7%9B%D7%AA%D7%91-%D7%94%D7%90%D7%99%D7%A9%D7%95%D7%9D-%D7%A0%D7%92%D7%93-%D7%91%D7%A0%D7%99%D7%9E%D7%99%D7%9F-%D7%A0%D7%AA%D7%A0%D7%99%D7%94%D7%95-%D7%AA%D7%99%D7%A7%D7%99%D7%9D-1000-2000-4000,MOBILE,0,6,0.00%,8.7
https://jus-tice.co.il/%D7%A0%D7%99%D7%94%D7%95%D7%9C-%D7%9E%D7%95%D7%A0%D7%99%D7%98%D7%99%D7%9F-%D7%9E%D7%A7%D7%95%D7%95%D7%9F-%D7%9C%D7%A2%D7%95%D7%A8%D7%9B%D7%99-%D7%93%D7%99%D7%9F-%D7%91%D7%A8%D7%A9%D7%AA-%D7%94%D7%90%D7%99%D7%A0%D7%98%D7%A8%D7%A0%D7%98/,DESKTOP,0,333,0.00%,20.0
https://jus-tice.co.il/%D7%A0%D7%99%D7%94%D7%95%D7%9C-%D7%9E%D7%95%D7%A0%D7%99%D7%98%D7%99%D7%9F-%D7%9E%D7%A7%D7%95%D7%95%D7%9F-%D7%9C%D7%A2%D7%95%D7%A8%D7%9B%D7%99-%D7%93%D7%99%D7%9F-%D7%91%D7%A8%D7%A9%D7%AA-%D7%94%D7%90%D7%99%D7%A0%D7%98%D7%A8%D7%A0%D7%98/,MOBILE,0,281,0.00%,33.6
https://jus-tice.co.il/%D7%A0%D7%99%D7%94%D7%95%D7%9C-%D7%9E%D7%95%D7%A0%D7%99%D7%98%D7%99%D7%9F-%D7%9E%D7%A7%D7%95%D7%95%D7%9F-%D7%9C%D7%A2%D7%95%D7%A8%D7%9B%D7%99-%D7%93%D7%99%D7%9F-%D7%91%D7%A8%D7%A9%D7%AA-%D7%94%D7%90%D7%99%D7%A0%D7%98%D7%A8%D7%A0%D7%98/,TABLET,0,3,0.00%,8.3
https://jus-tice.co.il/%D7%A1%D7%95%D7%92%D7%99-%D7%A8%D7%A9%D7%9C%D7%A0%D7%95%D7%AA-%D7%A8%D7%A4%D7%95%D7%90%D7%99%D7%AA/,DESKTOP,0,9,0.00%,28.7
https://jus-tice.co.il/%D7%A1%D7%98%D7%98%D7%99%D7%A1%D7%98%D7%99%D7%A7%D7%94-%D7%A2%D7%9C-%D7%92%D7%99%D7%A8%D7%95%D7%A9%D7%99%D7%9F/,DESKTOP,0,16,0.00%,34.0
https://jus-tice.co.il/%D7%A1%D7%98%D7%98%D7%99%D7%A1%D7%98%D7%99%D7%A7%D7%94-%D7%A2%D7%9C-%D7%92%D7%99%D7%A8%D7%95%D7%A9%D7%99%D7%9F/,MOBILE,0,2,0.00%,29.0
https://jus-tice.co.il/%D7%A1%D7%9B%D7%A1%D7%95%D7%9A-%D7%91%D7%99%D7%9F-%D7%90%D7%9C%D7%9E%D7%A0%D7%94-%D7%95%D7%99%D7%9C%D7%93%D7%99%D7%94-%D7%95%D7%90%D7%9E%D7%95-%D7%A9%D7%9C-%D7%94%D7%A0%D7%A4%D7%98%D7%A8-%D7%94%D7%A0%D7%95%D7%92%D7%A2%D7%95%D7%AA-%D7%9C%D7%96%D7%9B%D7%95%D7%99%D7%95%D7%AA-%D7%A2%D7%9C-%D7%93%D7%99%D7%A8%D7%94-%D7%AA%D7%9E%D7%A9-7662-07-18/,DESKTOP,0,5,0.00%,65.0
https://jus-tice.co.il/%D7%A1%D7%9E%D7%9B%D7%95%D7%AA-%D7%91%D7%99%D7%AA-%D7%94%D7%93%D7%99%D7%9F-%D7%91%D7%AA%D7%91%D7%99%D7%A2%D7%AA-%D7%92%D7%99%D7%A8%D7%95%D7%A9%D7%99%D7%9F-%D7%9B%D7%A8%D7%95%D7%9B%D7%94-%D7%A9%D7%9C-%D7%90%D7%96%D7%A8%D7%97-%D7%92%D7%9D-%D7%90%D7%9D-%D7%90%D7%99%D7%A0%D7%95-%D7%AA%D7%95%D7%A9%D7%91/,DESKTOP,0,1,0.00%,57.0
https://jus-tice.co.il/%D7%A2%D7%95%D7%93-%D7%92%D7%99%D7%A8%D7%95%D7%A9%D7%99%D7%9F-%D7%9E%D7%95%D7%9E%D7%9C%D7%A5-%D7%9B%D7%99%D7%A6%D7%93-%D7%9C%D7%9E%D7%A6%D7%95%D7%90-%D7%A2%D7%95%D7%A8%D7%9A-%D7%93%D7%99%D7%9F-%D7%92%D7%99%D7%A8%D7%95%D7%A9%D7%99%D7%9F-%D7%95%D7%9B%D7%9E%D7%94-%D7%A2%D7%95%D7%9C%D7%94-%D7%9C%D7%94%D7%AA%D7%92%D7%A8%D7%A9/,DESKTOP,0,678,0.00%,61.7
https://jus-tice.co.il/%D7%A2%D7%95%D7%93-%D7%92%D7%99%D7%A8%D7%95%D7%A9%D7%99%D7%9F-%D7%9E%D7%95%D7%9E%D7%9C%D7%A5-%D7%9B%D7%99%D7%A6%D7%93-%D7%9C%D7%9E%D7%A6%D7%95%D7%90-%D7%A2%D7%95%D7%A8%D7%9A-%D7%93%D7%99%D7%9F-%D7%92%D7%99%D7%A8%D7%95%D7%A9%D7%99%D7%9F-%D7%95%D7%9B%D7%9E%D7%94-%D7%A2%D7%95%D7%9C%D7%94-%D7%9C%D7%94%D7%AA%D7%92%D7%A8%D7%A9/,MOBILE,0,1049,0.00%,69.1
https://jus-tice.co.il/%D7%A2%D7%95%D7%93-%D7%92%D7%99%D7%A8%D7%95%D7%A9%D7%99%D7%9F-%D7%9E%D7%95%D7%9E%D7%9C%D7%A5-%D7%9B%D7%99%D7%A6%D7%93-%D7%9C%D7%9E%D7%A6%D7%95%D7%90-%D7%A2%D7%95%D7%A8%D7%9A-%D7%93%D7%99%D7%9F-%D7%92%D7%99%D7%A8%D7%95%D7%A9%D7%99%D7%9F-%D7%95%D7%9B%D7%9E%D7%94-%D7%A2%D7%95%D7%9C%D7%94-%D7%9C%D7%94%D7%AA%D7%92%D7%A8%D7%A9/,TABLET,0,22,0.00%,60.0
https://jus-tice.co.il/%D7%A2%D7%95%D7%A8%D7%9A-%D7%93%D7%99%D7%9F-%D7%A6%D7%95%D7%95%D7%90%D7%95%D7%AA-%D7%95%D7%99%D7%A8%D7%95%D7%A9%D7%95%D7%AA/,DESKTOP,0,62,0.00%,46.7
https://jus-tice.co.il/%D7%A2%D7%95%D7%A8%D7%9A-%D7%93%D7%99%D7%9F-%D7%A6%D7%95%D7%95%D7%90%D7%95%D7%AA-%D7%95%D7%99%D7%A8%D7%95%D7%A9%D7%95%D7%AA/,MOBILE,0,6,0.00%,29.0
https://jus-tice.co.il/%D7%A2%D7%95%D7%A8%D7%9A-%D7%93%D7%99%D7%9F-%D7%A8%D7%99%D7%A9%D7%95%D7%99-%D7%A2%D7%A1%D7%A7%D7%99%D7%9D/,DESKTOP,0,94,0.00%,24.2
https://jus-tice.co.il/%D7%A2%D7%95%D7%A8%D7%9A-%D7%93%D7%99%D7%9F-%D7%A8%D7%99%D7%A9%D7%95%D7%99-%D7%A2%D7%A1%D7%A7%D7%99%D7%9D/,MOBILE,0,10,0.00%,17.5
https://jus-tice.co.il/%D7%A2%D7%95%D7%A8%D7%9A-%D7%93%D7%99%D7%9F-%D7%A8%D7%A9%D7%9C%D7%A0%D7%95%D7%AA-%D7%91%D7%A0%D7%99%D7%AA%D7%95%D7%97-%D7%A4%D7%9C%D7%A1%D7%98%D7%99-%D7%94%D7%9E%D7%9C%D7%A6%D7%95%D7%AA-%D7%A2%D7%95%D7%93-%D7%A8%D7%A9%D7%9C%D7%A0%D7%95%D7%AA-%D7%A0%D7%99%D7%AA%D7%95%D7%97-%D7%A4%D7%9C%D7%A1%D7%98%D7%99/,DESKTOP,0,222,0.00%,44.5
https://jus-tice.co.il/%D7%A2%D7%95%D7%A8%D7%9A-%D7%93%D7%99%D7%9F-%D7%A8%D7%A9%D7%9C%D7%A0%D7%95%D7%AA-%D7%91%D7%A0%D7%99%D7%AA%D7%95%D7%97-%D7%A4%D7%9C%D7%A1%D7%98%D7%99-%D7%94%D7%9E%D7%9C%D7%A6%D7%95%D7%AA-%D7%A2%D7%95%D7%93-%D7%A8%D7%A9%D7%9C%D7%A0%D7%95%D7%AA-%D7%A0%D7%99%D7%AA%D7%95%D7%97-%D7%A4%D7%9C%D7%A1%D7%98%D7%99/,MOBILE,0,12,0.00%,77.7
https://jus-tice.co.il/%D7%A2%D7%95%D7%A8%D7%9A-%D7%93%D7%99%D7%9F-%D7%A8%D7%A9%D7%9C%D7%A0%D7%95%D7%AA-%D7%A8%D7%A4%D7%95%D7%90%D7%99%D7%AA-%D7%91%D7%9C%D7%99%D7%93%D7%94-%D7%9E%D7%95%D7%9E%D7%9C%D7%A5/,DESKTOP,0,1177,0.00%,55.1
https://jus-tice.co.il/%D7%A2%D7%95%D7%A8%D7%9A-%D7%93%D7%99%D7%9F-%D7%A8%D7%A9%D7%9C%D7%A0%D7%95%D7%AA-%D7%A8%D7%A4%D7%95%D7%90%D7%99%D7%AA-%D7%91%D7%9C%D7%99%D7%93%D7%94-%D7%9E%D7%95%D7%9E%D7%9C%D7%A5/,MOBILE,0,278,0.00%,51.2
https://jus-tice.co.il/%D7%A2%D7%95%D7%A8%D7%9B%D7%99-%D7%93%D7%99%D7%9F/%D7%A2%D7%95%D7%A8%D7%9B%D7%99-%D7%93%D7%99%D7%9F-%D7%91%D7%AA%D7%97%D7%95%D7%9D-%D7%94%D7%A0%D7%96%D7%99%D7%A7%D7%99%D7%9F/,DESKTOP,0,18,0.00%,62.3
https://jus-tice.co.il/%D7%A2%D7%95%D7%A8%D7%9B%D7%99-%D7%93%D7%99%D7%9F/%D7%A2%D7%95%D7%A8%D7%9B%D7%99-%D7%93%D7%99%D7%9F-%D7%91%D7%AA%D7%97%D7%95%D7%9D-%D7%94%D7%A0%D7%96%D7%99%D7%A7%D7%99%D7%9F/,MOBILE,0,9,0.00%,69.9
https://jus-tice.co.il/%D7%A4%D7%99%D7%A6%D7%95%D7%99-%D7%91%D7%92%D7%99%D7%9F-%D7%90%D7%99%D7%97%D7%95%D7%A8-%D7%91%D7%9E%D7%A1%D7%99%D7%A8%D7%AA-%D7%93%D7%99%D7%A8%D7%94-%D7%9E%D7%A7%D7%91%D7%9C%D7%9F-%D7%AA%D7%90-10300-02-21/,DESKTOP,0,916,0.00%,60.1
https://jus-tice.co.il/%D7%A4%D7%99%D7%A6%D7%95%D7%99-%D7%91%D7%92%D7%99%D7%9F-%D7%90%D7%99%D7%97%D7%95%D7%A8-%D7%91%D7%9E%D7%A1%D7%99%D7%A8%D7%AA-%D7%93%D7%99%D7%A8%D7%94-%D7%9E%D7%A7%D7%91%D7%9C%D7%9F-%D7%AA%D7%90-10300-02-21/,MOBILE,0,63,0.00%,62.8
https://jus-tice.co.il/%D7%A4%D7%99%D7%A6%D7%95%D7%99-%D7%9B%D7%A1%D7%A4%D7%99-%D7%91%D7%92%D7%99%D7%9F-%D7%A4%D7%92%D7%99%D7%A2%D7%94-%D7%91%D7%A4%D7%A8%D7%98%D7%99%D7%95%D7%AA-%D7%A6%D7%A4%D7%99%D7%99%D7%94-%D7%95%D7%9E%D7%97%D7%99%D7%A7%D7%94-%D7%A9%D7%9C-%D7%A4%D7%A8%D7%99%D7%98%D7%99%D7%9D-%D7%9E%D7%94%D7%98%D7%9C%D7%A4%D7%95%D7%9F-%D7%9C%D7%9C%D7%90-%D7%A8%D7%A9%D7%95%D7%AA/,DESKTOP,0,32,0.00%,46.7
https://jus-tice.co.il/%D7%A4%D7%99%D7%A6%D7%95%D7%99-%D7%9B%D7%A1%D7%A4%D7%99-%D7%91%D7%92%D7%99%D7%9F-%D7%A4%D7%92%D7%99%D7%A2%D7%94-%D7%91%D7%A4%D7%A8%D7%98%D7%99%D7%95%D7%AA-%D7%A6%D7%A4%D7%99%D7%99%D7%94-%D7%95%D7%9E%D7%97%D7%99%D7%A7%D7%94-%D7%A9%D7%9C-%D7%A4%D7%A8%D7%99%D7%98%D7%99%D7%9D-%D7%9E%D7%94%D7%98%D7%9C%D7%A4%D7%95%D7%9F-%D7%9C%D7%9C%D7%90-%D7%A8%D7%A9%D7%95%D7%AA/,MOBILE,0,18,0.00%,51.3
https://jus-tice.co.il/%D7%A4%D7%A1%D7%93-%D7%91%D7%A0%D7%95%D7%A9%D7%90-%D7%97%D7%95%D7%A4%D7%A9-%D7%94%D7%A2%D7%99%D7%A1%D7%95%D7%A7-%D7%A1%D7%A2%D7%A9-49088-11-18/,DESKTOP,0,49,0.00%,28.1
https://jus-tice.co.il/%D7%A4%D7%A1%D7%93-%D7%91%D7%A0%D7%95%D7%A9%D7%90-%D7%97%D7%95%D7%A4%D7%A9-%D7%94%D7%A2%D7%99%D7%A1%D7%95%D7%A7-%D7%A1%D7%A2%D7%A9-49088-11-18/,MOBILE,0,7,0.00%,24.6
https://jus-tice.co.il/%D7%A4%D7%A1%D7%93-%D7%93%D7%97%D7%99%D7%99%D7%AA-%D7%91%D7%A7%D7%A9%D7%94-%D7%9C%D7%91%D7%99%D7%98%D7%95%D7%9C-%D7%A6%D7%95-%D7%99%D7%A8%D7%95%D7%A9%D7%94-%D7%91%D7%92%D7%9C%D7%9C-%D7%A6%D7%95%D7%95%D7%90%D7%94-%D7%A9%D7%A0%D7%9E%D7%A6%D7%90%D7%94-%D7%9C%D7%90%D7%97%D7%A8-%D7%A9%D7%A0%D7%99%D7%9D-%D7%A8%D7%91%D7%95%D7%AA-491180-3-%D7%91%D7%99%D7%94%D7%93-%D7%97%D7%99%D7%A4%D7%94/,DESKTOP,0,71,0.00%,75.3
https://jus-tice.co.il/%D7%A4%D7%A1%D7%93-%D7%93%D7%97%D7%99%D7%99%D7%AA-%D7%91%D7%A7%D7%A9%D7%94-%D7%9C%D7%91%D7%99%D7%98%D7%95%D7%9C-%D7%A6%D7%95-%D7%99%D7%A8%D7%95%D7%A9%D7%94-%D7%91%D7%92%D7%9C%D7%9C-%D7%A6%D7%95%D7%95%D7%90%D7%94-%D7%A9%D7%A0%D7%9E%D7%A6%D7%90%D7%94-%D7%9C%D7%90%D7%97%D7%A8-%D7%A9%D7%A0%D7%99%D7%9D-%D7%A8%D7%91%D7%95%D7%AA-491180-3-%D7%91%D7%99%D7%94%D7%93-%D7%97%D7%99%D7%A4%D7%94/,MOBILE,0,7,0.00%,84.9
https://jus-tice.co.il/%D7%A4%D7%A1%D7%93-%D7%94%D7%A1%D7%93%D7%A8-%D7%A8%D7%99%D7%A9%D7%95%D7%9D-%D7%9E%D7%A7%D7%A8%D7%A7%D7%A2%D7%99%D7%9F-%D7%91%D7%A1%D7%9B%D7%A1%D7%95%D7%9A-%D7%9E%D7%A9%D7%A4%D7%97%D7%94-%D7%AA%D7%9E%D7%A9-28997-05-16/,DESKTOP,0,9,0.00%,19.3
https://jus-tice.co.il/%D7%A4%D7%A1%D7%93-%D7%94%D7%A1%D7%93%D7%A8-%D7%A8%D7%99%D7%A9%D7%95%D7%9D-%D7%9E%D7%A7%D7%A8%D7%A7%D7%A2%D7%99%D7%9F-%D7%91%D7%A1%D7%9B%D7%A1%D7%95%D7%9A-%D7%9E%D7%A9%D7%A4%D7%97%D7%94-%D7%AA%D7%9E%D7%A9-28997-05-16/,MOBILE,0,1,0.00%,20.0
https://jus-tice.co.il/%D7%A4%D7%A1%D7%93-%D7%97%D7%99%D7%95%D7%91-%D7%92%D7%98-%D7%91%D7%92%D7%99%D7%9F-%D7%9E%D7%90%D7%99%D7%A1%D7%95%D7%AA-%D7%90%D7%99%D7%A9%D7%94-%D7%91%D7%91%D7%A2%D7%9C-%D7%A4%D7%99%D7%A8%D7%95%D7%93-%D7%9E%D7%9E%D7%95%D7%A9%D7%9A-%D7%95%D7%9E%D7%A9%D7%A0%D7%99%D7%9B%D7%A8-%D7%9B%D7%99-%D7%A4%D7%A0%D7%99-%D7%94%D7%A6%D7%93%D7%93%D7%99%D7%9D-%D7%9C%D7%92%D7%99%D7%A8%D7%95%D7%A9%D7%99%D7%9F-1343730-1-%D7%91%D7%99%D7%94%D7%93-%D7%94%D7%92%D7%93%D7%95%D7%9C/,DESKTOP,0,10,0.00%,32.3
https://jus-tice.co.il/%D7%A4%D7%A1%D7%93-%D7%97%D7%99%D7%95%D7%91-%D7%92%D7%98-%D7%91%D7%92%D7%99%D7%9F-%D7%9E%D7%90%D7%99%D7%A1%D7%95%D7%AA-%D7%90%D7%99%D7%A9%D7%94-%D7%91%D7%91%D7%A2%D7%9C-%D7%A4%D7%99%D7%A8%D7%95%D7%93-%D7%9E%D7%9E%D7%95%D7%A9%D7%9A-%D7%95%D7%9E%D7%A9%D7%A0%D7%99%D7%9B%D7%A8-%D7%9B%D7%99-%D7%A4%D7%A0%D7%99-%D7%94%D7%A6%D7%93%D7%93%D7%99%D7%9D-%D7%9C%D7%92%D7%99%D7%A8%D7%95%D7%A9%D7%99%D7%9F-1343730-1-%D7%91%D7%99%D7%94%D7%93-%D7%94%D7%92%D7%93%D7%95%D7%9C/,MOBILE,0,9,0.00%,22.7
https://jus-tice.co.il/%D7%A4%D7%A1%D7%93-%D7%A9%D7%A2%D7%A0%D7%99%D7%99%D7%A0%D7%95-%D7%9E%D7%99%D7%A0%D7%95%D7%99-%D7%9E%D7%A0%D7%94%D7%9C-%D7%A2%D7%99%D7%96%D7%91%D7%95%D7%9F-%D7%96%D7%9E%D7%A0%D7%99-%D7%91%D7%9E%D7%A7%D7%95%D7%9D-%D7%A7%D7%91%D7%95%D7%A2-%D7%A2%D7%9E%D7%A9-48305-12-21/,DESKTOP,0,12,0.00%,64.6
https://jus-tice.co.il/%D7%A4%D7%A1%D7%93-%D7%A9%D7%A2%D7%A0%D7%99%D7%99%D7%A0%D7%95-%D7%9E%D7%99%D7%A0%D7%95%D7%99-%D7%9E%D7%A0%D7%94%D7%9C-%D7%A2%D7%99%D7%96%D7%91%D7%95%D7%9F-%D7%96%D7%9E%D7%A0%D7%99-%D7%91%D7%9E%D7%A7%D7%95%D7%9D-%D7%A7%D7%91%D7%95%D7%A2-%D7%A2%D7%9E%D7%A9-48305-12-21/,MOBILE,0,1,0.00%,28.0
https://jus-tice.co.il/%D7%A4%D7%A1%D7%93-%D7%AA%D7%91%D7%99%D7%A2%D7%AA-%D7%92%D7%99%D7%A8%D7%95%D7%A9%D7%99%D7%9F-%D7%95%D7%9B%D7%AA%D7%95%D7%91%D7%94-%D7%91%D7%90%D7%99%D7%A9%D7%94-%D7%A9%D7%A7%D7%99%D7%99%D7%9E%D7%94-%D7%99%D7%97%D7%A1%D7%99-%D7%90%D7%99%D7%A9%D7%95%D7%AA-%D7%A2%D7%9D-%D7%92%D7%91%D7%A8%D7%99%D7%9D-%D7%96%D7%A8%D7%99%D7%9D-%D7%91%D7%A0%D7%95%D7%9B%D7%97%D7%95%D7%AA-%D7%91%D7%A2%D7%9C%D7%94-1242579-2-%D7%91%D7%99%D7%94%D7%93-%D7%A8%D7%97%D7%95%D7%91%D7%95%D7%AA/,DESKTOP,0,3,0.00%,50.0
https://jus-tice.co.il/%D7%A4%D7%A1%D7%A7-%D7%93%D7%99%D7%9F-%D7%91%D7%A0%D7%95%D7%A9%D7%90-%D7%94%D7%A8%D7%9E%D7%AA-%D7%9E%D7%A1%D7%9A-%D7%A1%D7%A2%D7%A9-12385-08-16/,DESKTOP,0,14,0.00%,40.0
https://jus-tice.co.il/%D7%A4%D7%A1%D7%A7-%D7%93%D7%99%D7%9F-%D7%AA%D7%A2%D7%91%D7%95%D7%A8%D7%94-%D7%A2%D7%99%D7%9F-%D7%94%D7%A0%D7%A5-%D7%A7%D7%91%D7%99%D7%9C%D7%95%D7%AA-%D7%95%D7%97%D7%95%D7%A7%D7%99%D7%95%D7%AA-%D7%A8%D7%90%D7%99%D7%95%D7%AA-%D7%A9%D7%94%D7%95%D7%A0%D7%A4%D7%A7%D7%95-%D7%9E%D7%94%D7%9E%D7%A2%D7%A8%D7%9B%D7%AA/,DESKTOP,0,8,0.00%,61.8
https://jus-tice.co.il/%D7%A6%D7%91%D7%99%D7%90%D7%9C%D7%99-%D7%A0-%D7%A2%D7%99%D7%A8%D7%99%D7%99%D7%AA-%D7%AA%D7%9C-%D7%90%D7%91%D7%99%D7%91-%D7%9E%D7%A1%D7%9E%D7%9A-%D7%94%D7%A0%D7%97%D7%99%D7%95%D7%AA-%D7%9B%D7%99%D7%9B%D7%A8-%D7%90%D7%AA%D7%A8%D7%99%D7%9D-%D7%A4%D7%A1%D7%A7-%D7%93%D7%99%D7%9F/,DESKTOP,0,5,0.00%,62.4
https://jus-tice.co.il/%D7%A7%D7%91%D7%99%D7%A2%D7%AA-%D7%92%D7%95%D7%91%D7%94-%D7%94%D7%9E%D7%96%D7%95%D7%A0%D7%95%D7%AA-%D7%91%D7%94%D7%AA%D7%90%D7%9D-%D7%9C%D7%9B%D7%95%D7%A9%D7%A8-%D7%94%D7%94%D7%A9%D7%AA%D7%9B%D7%A8%D7%95%D7%AA-%D7%95%D7%9C%D7%90-%D7%A8%D7%A7-%D7%9C%D7%92%D7%95%D7%91%D7%94-%D7%94%D7%94%D7%A9%D7%AA%D7%9B%D7%A8%D7%95%D7%AA-%D7%91%D7%A4%D7%95%D7%A2%D7%9C/,DESKTOP,0,2,0.00%,57.0
https://jus-tice.co.il/%D7%A7%D7%98%D7%92%D7%95%D7%A8%D7%99%D7%95%D7%AA-%D7%9E%D7%90%D7%9E%D7%A8%D7%99%D7%9D/%D7%91%D7%9C%D7%95%D7%A7%D7%A6%D7%99%D7%99%D7%9F-%D7%95%D7%9E%D7%98%D7%91%D7%A2%D7%95%D7%AA-%D7%A7%D7%A8%D7%99%D7%A4%D7%98%D7%95%D7%92%D7%A8%D7%A4%D7%99%D7%9D/,DESKTOP,0,160,0.00%,38.6
https://jus-tice.co.il/%D7%A7%D7%98%D7%92%D7%95%D7%A8%D7%99%D7%95%D7%AA-%D7%9E%D7%90%D7%9E%D7%A8%D7%99%D7%9D/%D7%93%D7%99%D7%A0%D7%99-%D7%9E%D7%A9%D7%A4%D7%97%D7%94/%D7%92%D7%99%D7%A8%D7%95%D7%A9%D7%99%D7%9F/%D7%9E%D7%96%D7%95%D7%A0%D7%95%D7%AA-%D7%99%D7%9C%D7%93%D7%99%D7%9D/,DESKTOP,0,3,0.00%,28.0
https://jus-tice.co.il/%D7%A7%D7%98%D7%92%D7%95%D7%A8%D7%99%D7%95%D7%AA-%D7%9E%D7%90%D7%9E%D7%A8%D7%99%D7%9D/%D7%93%D7%99%D7%A0%D7%99-%D7%9E%D7%A9%D7%A4%D7%97%D7%94/%D7%92%D7%99%D7%A8%D7%95%D7%A9%D7%99%D7%9F/%D7%9E%D7%96%D7%95%D7%A0%D7%95%D7%AA-%D7%99%D7%9C%D7%93%D7%99%D7%9D/,MOBILE,0,3,0.00%,38.0
https://jus-tice.co.il/%D7%A7%D7%98%D7%92%D7%95%D7%A8%D7%99%D7%95%D7%AA-%D7%9E%D7%90%D7%9E%D7%A8%D7%99%D7%9D/%D7%93%D7%99%D7%A0%D7%99-%D7%9E%D7%A9%D7%A4%D7%97%D7%94/%D7%A4%D7%A1%D7%A7%D7%99-%D7%93%D7%99%D7%9F-%D7%92%D7%99%D7%A8%D7%95%D7%A9%D7%99%D7%95-%D7%93%D7%99%D7%A0%D7%99-%D7%9E%D7%A9%D7%A4%D7%97%D7%94-2022/,DESKTOP,0,8,0.00%,66.0
https://jus-tice.co.il/%D7%A7%D7%98%D7%92%D7%95%D7%A8%D7%99%D7%95%D7%AA-%D7%9E%D7%90%D7%9E%D7%A8%D7%99%D7%9D/%D7%93%D7%99%D7%A0%D7%99-%D7%9E%D7%A9%D7%A4%D7%97%D7%94/%D7%A4%D7%A1%D7%A7%D7%99-%D7%93%D7%99%D7%9F-%D7%92%D7%99%D7%A8%D7%95%D7%A9%D7%99%D7%95-%D7%93%D7%99%D7%A0%D7%99-%D7%9E%D7%A9%D7%A4%D7%97%D7%94-2022/,MOBILE,0,41,0.00%,36.0
https://jus-tice.co.il/%D7%A7%D7%98%D7%92%D7%95%D7%A8%D7%99%D7%95%D7%AA-%D7%9E%D7%90%D7%9E%D7%A8%D7%99%D7%9D/%D7%93%D7%99%D7%A0%D7%99-%D7%A0%D7%96%D7%99%D7%A7%D7%99%D7%9F/%D7%A2%D7%95%D7%93-%D7%A0%D7%96%D7%99%D7%A7%D7%99%D7%9F-%D7%A4%D7%A1%D7%A7%D7%99-%D7%93%D7%99%D7%9F/,DESKTOP,0,1,0.00%,72.0
https://jus-tice.co.il/%D7%A7%D7%98%D7%92%D7%95%D7%A8%D7%99%D7%95%D7%AA-%D7%9E%D7%90%D7%9E%D7%A8%D7%99%D7%9D/%D7%93%D7%99%D7%A0%D7%99-%D7%AA%D7%A7%D7%A9%D7%95%D7%A8%D7%AA/,DESKTOP,0,3,0.00%,74.0
https://jus-tice.co.il/%D7%A7%D7%98%D7%92%D7%95%D7%A8%D7%99%D7%95%D7%AA-%D7%9E%D7%90%D7%9E%D7%A8%D7%99%D7%9D/%D7%99%D7%A8%D7%95%D7%A9%D7%95%D7%AA-%D7%95%D7%A6%D7%95%D7%95%D7%90%D7%95%D7%AA/,DESKTOP,0,1,0.00%,72.0
https://jus-tice.co.il/%D7%A7%D7%98%D7%92%D7%95%D7%A8%D7%99%D7%95%D7%AA-%D7%9E%D7%90%D7%9E%D7%A8%D7%99%D7%9D/%D7%9B%D7%A0%D7%A1%D7%AA-%D7%99%D7%A9%D7%A8%D7%90%D7%9C/,DESKTOP,0,2,0.00%,11.5
https://jus-tice.co.il/%D7%A7%D7%98%D7%92%D7%95%D7%A8%D7%99%D7%95%D7%AA-%D7%9E%D7%90%D7%9E%D7%A8%D7%99%D7%9D/%D7%9C%D7%A9%D7%95%D7%9F-%D7%94%D7%A8%D7%A2/,DESKTOP,0,2,0.00%,66.0
https://jus-tice.co.il/%D7%A7%D7%98%D7%92%D7%95%D7%A8%D7%99%D7%95%D7%AA-%D7%9E%D7%90%D7%9E%D7%A8%D7%99%D7%9D/%D7%9E%D7%99%D7%A1%D7%99%D7%9D/,DESKTOP,0,1,0.00%,59.0
https://jus-tice.co.il/%D7%A7%D7%98%D7%92%D7%95%D7%A8%D7%99%D7%95%D7%AA-%D7%9E%D7%90%D7%9E%D7%A8%D7%99%D7%9D/%D7%9E%D7%99%D7%A1%D7%99%D7%9D/,MOBILE,0,1,0.00%,9.0
https://jus-tice.co.il/%D7%A7%D7%98%D7%92%D7%95%D7%A8%D7%99%D7%95%D7%AA-%D7%9E%D7%90%D7%9E%D7%A8%D7%99%D7%9D/%D7%9E%D7%A9%D7%A4%D7%98-%D7%99%D7%9E%D7%99/,DESKTOP,0,27,0.00%,32.1
https://jus-tice.co.il/%D7%A7%D7%98%D7%92%D7%95%D7%A8%D7%99%D7%95%D7%AA-%D7%9E%D7%90%D7%9E%D7%A8%D7%99%D7%9D/%D7%9E%D7%A9%D7%A4%D7%98-%D7%9E%D7%A0%D7%94%D7%9C%D7%99/,DESKTOP,0,1,0.00%,27.0
https://jus-tice.co.il/%D7%A7%D7%98%D7%92%D7%95%D7%A8%D7%99%D7%95%D7%AA-%D7%9E%D7%90%D7%9E%D7%A8%D7%99%D7%9D/%D7%9E%D7%A9%D7%A4%D7%98-%D7%9E%D7%A0%D7%94%D7%9C%D7%99/,MOBILE,0,2,0.00%,27.0
https://jus-tice.co.il/%D7%A7%D7%98%D7%92%D7%95%D7%A8%D7%99%D7%95%D7%AA-%D7%9E%D7%90%D7%9E%D7%A8%D7%99%D7%9D/%D7%A4%D7%95%D7%A8%D7%98%D7%95%D7%92%D7%9C/,DESKTOP,0,4,0.00%,74.8
https://jus-tice.co.il/%D7%A7%D7%98%D7%92%D7%95%D7%A8%D7%99%D7%95%D7%AA-%D7%9E%D7%90%D7%9E%D7%A8%D7%99%D7%9D/%D7%A4%D7%95%D7%A8%D7%98%D7%95%D7%92%D7%9C/,MOBILE,0,1,0.00%,63.0
https://jus-tice.co.il/%D7%A7%D7%98%D7%92%D7%95%D7%A8%D7%99%D7%95%D7%AA-%D7%9E%D7%90%D7%9E%D7%A8%D7%99%D7%9D/%D7%A4%D7%99%D7%A6%D7%95%D7%99%D7%99%D7%9D/,DESKTOP,0,1,0.00%,65.0
https://jus-tice.co.il/%D7%A7%D7%98%D7%92%D7%95%D7%A8%D7%99%D7%95%D7%AA-%D7%9E%D7%90%D7%9E%D7%A8%D7%99%D7%9D/%D7%A4%D7%9C%D7%AA%D7%93/,DESKTOP,0,4,0.00%,62.3
https://jus-tice.co.il/%D7%A7%D7%98%D7%92%D7%95%D7%A8%D7%99%D7%95%D7%AA-%D7%9E%D7%90%D7%9E%D7%A8%D7%99%D7%9D/%D7%A6%D7%95%D7%95%D7%90%D7%95%D7%AA/,DESKTOP,0,14,0.00%,83.6
https://jus-tice.co.il/%D7%A7%D7%98%D7%92%D7%95%D7%A8%D7%99%D7%95%D7%AA-%D7%9E%D7%90%D7%9E%D7%A8%D7%99%D7%9D/%D7%A6%D7%95%D7%95%D7%90%D7%95%D7%AA/,MOBILE,0,1,0.00%,90.0
https://jus-tice.co.il/%D7%A7%D7%98%D7%92%D7%95%D7%A8%D7%99%D7%95%D7%AA-%D7%9E%D7%90%D7%9E%D7%A8%D7%99%D7%9D/%D7%A7%D7%A0%D7%99%D7%99%D7%9F-%D7%A8%D7%95%D7%97%D7%A0%D7%99/,DESKTOP,0,5,0.00%,79.4
https://jus-tice.co.il/%D7%A7%D7%98%D7%92%D7%95%D7%A8%D7%99%D7%95%D7%AA-%D7%9E%D7%90%D7%9E%D7%A8%D7%99%D7%9D/%D7%AA%D7%95%D7%91%D7%A2%D7%A0%D7%95%D7%AA-%D7%99%D7%99%D7%A6%D7%95%D7%92%D7%99%D7%95%D7%AA/,DESKTOP,0,5,0.00%,77.2
https://jus-tice.co.il/%D7%A7%D7%98%D7%92%D7%95%D7%A8%D7%99%D7%95%D7%AA-%D7%9E%D7%90%D7%9E%D7%A8%D7%99%D7%9D/%D7%AA%D7%95%D7%91%D7%A2%D7%A0%D7%95%D7%AA-%D7%99%D7%99%D7%A6%D7%95%D7%92%D7%99%D7%95%D7%AA/,MOBILE,0,1,0.00%,85.0
https://jus-tice.co.il/%D7%A7%D7%A8%D7%99%D7%98%D7%A8%D7%99%D7%95%D7%A0%D7%99%D7%9D-%D7%9C%D7%A7%D7%91%D7%99%D7%A2%D7%AA-%D7%9E%D7%A2%D7%9E%D7%93-%D7%91%D7%A0%D7%99-%D7%94%D7%96%D7%95%D7%92-%D7%9C%D7%A4%D7%A0%D7%99-%D7%94%D7%97%D7%AA%D7%95%D7%A0%D7%94-%D7%9B%D7%99%D7%93%D7%95%D7%A2%D7%99%D7%9D-%D7%91%D7%A6%D7%99%D7%91%D7%95%D7%A8/,DESKTOP,0,3,0.00%,69.7
https://jus-tice.co.il/%D7%A7%D7%A8%D7%99%D7%98%D7%A8%D7%99%D7%95%D7%A0%D7%99%D7%9D-%D7%9C%D7%A7%D7%91%D7%99%D7%A2%D7%AA-%D7%9E%D7%A2%D7%9E%D7%93-%D7%91%D7%A0%D7%99-%D7%94%D7%96%D7%95%D7%92-%D7%9C%D7%A4%D7%A0%D7%99-%D7%94%D7%97%D7%AA%D7%95%D7%A0%D7%94-%D7%9B%D7%99%D7%93%D7%95%D7%A2%D7%99%D7%9D-%D7%91%D7%A6%D7%99%D7%91%D7%95%D7%A8/,MOBILE,0,6,0.00%,79.7
https://jus-tice.co.il/%D7%A8%D7%99%D7%A9%D7%95%D7%9D-%D7%A7%D7%98%D7%99%D7%9F-%D7%9C%D7%9E%D7%95%D7%A1%D7%93-%D7%97%D7%99%D7%A0%D7%95%D7%9B%D7%99-%D7%9C%D7%A9%D7%A0%D7%AA-%D7%94%D7%9C%D7%99%D7%9E%D7%95%D7%93%D7%99%D7%9D-%D7%AA%D7%A9%D7%A4%D7%91/,DESKTOP,0,1,0.00%,78.0
https://jus-tice.co.il/%D7%A8%D7%9E%D7%A929980-04-22%D7%A2-%D7%90-%D7%95-%D7%A0-%D7%A4-%D7%95/,DESKTOP,0,1,0.00%,48.0
https://jus-tice.co.il/%D7%A8%D7%A9%D7%9C%D7%A0%D7%95%D7%AA-%D7%A8%D7%A4%D7%95%D7%90%D7%99%D7%AA-%D7%91%D7%94%D7%99%D7%AA-%D7%97%D7%95%D7%9C%D7%99%D7%9D/,DESKTOP,0,7,0.00%,85.9
https://jus-tice.co.il/%D7%A8%D7%A9%D7%9C%D7%A0%D7%95%D7%AA-%D7%A8%D7%A4%D7%95%D7%90%D7%99%D7%AA-%D7%91%D7%94%D7%99%D7%AA-%D7%97%D7%95%D7%9C%D7%99%D7%9D/,MOBILE,0,1,0.00%,52.0
https://jus-tice.co.il/%D7%AA%D7%90-16763-09-21%D7%9E%D7%95%D7%98%D7%99%D7%A2%D7%99-%D7%A0-%D7%A1%D7%A4%D7%A6%D7%99%D7%A7-%D7%A8%D7%99%D7%91%D7%A7-%D7%95%D7%90%D7%97/,DESKTOP,0,26,0.00%,54.8
https://jus-tice.co.il/%D7%AA%D7%90-16763-09-21%D7%9E%D7%95%D7%98%D7%99%D7%A2%D7%99-%D7%A0-%D7%A1%D7%A4%D7%A6%D7%99%D7%A7-%D7%A8%D7%99%D7%91%D7%A7-%D7%95%D7%90%D7%97/,MOBILE,0,6,0.00%,56.8
https://jus-tice.co.il/%D7%AA%D7%90-28120-03-18-%D7%A4%D7%9C%D7%95%D7%A0%D7%99-%D7%A0-googel-llc-%D7%95%D7%90%D7%97/,DESKTOP,0,52,0.00%,65.0
https://jus-tice.co.il/%D7%AA%D7%90-28120-03-18-%D7%A4%D7%9C%D7%95%D7%A0%D7%99-%D7%A0-googel-llc-%D7%95%D7%90%D7%97/,MOBILE,0,1,0.00%,87.0
https://jus-tice.co.il/%D7%AA%D7%90-42164-01-19-%D7%A7%D7%95%D7%A8%D7%9E%D7%9F-%D7%95%D7%90%D7%97-%D7%A0-%D7%98%D7%91%D7%9C/,DESKTOP,0,6,0.00%,55.7
https://jus-tice.co.il/%D7%AA%D7%90-42164-01-19-%D7%A7%D7%95%D7%A8%D7%9E%D7%9F-%D7%95%D7%90%D7%97-%D7%A0-%D7%98%D7%91%D7%9C/,MOBILE,0,1,0.00%,75.0
https://jus-tice.co.il/%D7%AA%D7%90-48125-05-18-%D7%92%D7%91%D7%90%D7%99-%D7%95%D7%90%D7%97-%D7%A0-%D7%A7%D7%91%D7%95%D7%A6%D7%AA-%D7%97%D7%92%D7%92-%D7%99%D7%99%D7%96%D7%95%D7%9D-%D7%A0%D7%93%D7%9C%D7%9F/,DESKTOP,0,5,0.00%,39.6
https://jus-tice.co.il/%D7%AA%D7%90-48125-05-18-%D7%92%D7%91%D7%90%D7%99-%D7%95%D7%90%D7%97-%D7%A0-%D7%A7%D7%91%D7%95%D7%A6%D7%AA-%D7%97%D7%92%D7%92-%D7%99%D7%99%D7%96%D7%95%D7%9D-%D7%A0%D7%93%D7%9C%D7%9F/,MOBILE,0,11,0.00%,29.7
https://jus-tice.co.il/%D7%AA%D7%90-48441-01-15-%D7%A4%D7%9C%D7%95%D7%A0%D7%99-%D7%A0%D7%92%D7%93-%D7%9E%D7%92%D7%93%D7%9C-%D7%97%D7%91%D7%A8%D7%94-%D7%9C%D7%91%D7%99%D7%98%D7%95%D7%97/,DESKTOP,0,5,0.00%,72.2
https://jus-tice.co.il/%D7%AA%D7%91%D7%99%D7%A2%D7%AA-%D7%9B%D7%AA%D7%95%D7%91%D7%94-%D7%A9%D7%9C-%D7%94%D7%AA%D7%95%D7%91%D7%A2%D7%AA-%D7%94%D7%90%D7%99%D7%A9%D7%94-%D7%A2%D7%9C-%D7%A1%D7%9A-1000000-%D7%A9%D7%97/,DESKTOP,0,17,0.00%,71.0
https://jus-tice.co.il/%D7%AA%D7%91%D7%99%D7%A2%D7%AA-%D7%9B%D7%AA%D7%95%D7%91%D7%94-%D7%A9%D7%9C-%D7%94%D7%AA%D7%95%D7%91%D7%A2%D7%AA-%D7%94%D7%90%D7%99%D7%A9%D7%94-%D7%A2%D7%9C-%D7%A1%D7%9A-1000000-%D7%A9%D7%97/,MOBILE,0,1,0.00%,36.0
https://jus-tice.co.il/%D7%AA%D7%97%D7%95%D7%9E%D7%99-%D7%94%D7%AA%D7%9E%D7%97%D7%95%D7%AA/%D7%93%D7%99%D7%A0%D7%99-%D7%9E%D7%A9%D7%A4%D7%97%D7%94/%D7%92%D7%99%D7%A8%D7%95%D7%A9%D7%99%D7%9F/,DESKTOP,0,1,0.00%,52.0
https://jus-tice.co.il/%D7%AA%D7%97%D7%95%D7%9E%D7%99-%D7%94%D7%AA%D7%9E%D7%97%D7%95%D7%AA/%D7%93%D7%99%D7%A0%D7%99-%D7%9E%D7%A9%D7%A4%D7%97%D7%94/%D7%9E%D7%A9%D7%9E%D7%95%D7%A8%D7%AA-%D7%99%D7%9C%D7%93%D7%99%D7%9D/,DESKTOP,0,1,0.00%,39.0
https://jus-tice.co.il/%D7%AA%D7%97%D7%95%D7%9E%D7%99-%D7%94%D7%AA%D7%9E%D7%97%D7%95%D7%AA/%D7%93%D7%99%D7%A0%D7%99-%D7%9E%D7%A9%D7%A4%D7%97%D7%94/%D7%A4%D7%A1%D7%A7%D7%99-%D7%93%D7%99%D7%9F-%D7%92%D7%99%D7%A8%D7%95%D7%A9%D7%99%D7%9F-%D7%93%D7%99%D7%A0%D7%99-%D7%9E%D7%A9%D7%A4%D7%97%D7%94-2022/,DESKTOP,0,23,0.00%,39.8
https://jus-tice.co.il/%D7%AA%D7%97%D7%95%D7%9E%D7%99-%D7%94%D7%AA%D7%9E%D7%97%D7%95%D7%AA/%D7%93%D7%99%D7%A0%D7%99-%D7%9E%D7%A9%D7%A4%D7%97%D7%94/%D7%A4%D7%A1%D7%A7%D7%99-%D7%93%D7%99%D7%9F-%D7%92%D7%99%D7%A8%D7%95%D7%A9%D7%99%D7%9F-%D7%93%D7%99%D7%A0%D7%99-%D7%9E%D7%A9%D7%A4%D7%97%D7%94-2022/,MOBILE,0,102,0.00%,55.4
https://jus-tice.co.il/%D7%AA%D7%97%D7%95%D7%9E%D7%99-%D7%94%D7%AA%D7%9E%D7%97%D7%95%D7%AA/%D7%93%D7%99%D7%A0%D7%99-%D7%9E%D7%A9%D7%A4%D7%97%D7%94/%D7%A4%D7%A1%D7%A7%D7%99-%D7%93%D7%99%D7%9F-%D7%92%D7%99%D7%A8%D7%95%D7%A9%D7%99%D7%9F-%D7%93%D7%99%D7%A0%D7%99-%D7%9E%D7%A9%D7%A4%D7%97%D7%94-2022/,TABLET,0,2,0.00%,33.0
https://jus-tice.co.il/%D7%AA%D7%97%D7%95%D7%9E%D7%99-%D7%94%D7%AA%D7%9E%D7%97%D7%95%D7%AA/%D7%9E%D7%A9%D7%A4%D7%98-%D7%A4%D7%9C%D7%99%D7%9C%D7%99/,DESKTOP,0,32,0.00%,46.4
https://jus-tice.co.il/%D7%AA%D7%97%D7%95%D7%9E%D7%99-%D7%94%D7%AA%D7%9E%D7%97%D7%95%D7%AA/%D7%9E%D7%A9%D7%A4%D7%98-%D7%A4%D7%9C%D7%99%D7%9C%D7%99/,MOBILE,0,2,0.00%,29.0
https://jus-tice.co.il/%D7%AA%D7%97%D7%95%D7%9E%D7%99-%D7%94%D7%AA%D7%9E%D7%97%D7%95%D7%AA/%D7%9E%D7%A9%D7%A4%D7%98-%D7%A4%D7%9C%D7%99%D7%9C%D7%99/%D7%A2%D7%95%D7%A8%D7%9A-%D7%93%D7%99%D7%9F-%D7%A4%D7%9C%D7%99%D7%9C%D7%99-%D7%A4%D7%A1%D7%A7%D7%99-%D7%93%D7%99%D7%9F-2022/,DESKTOP,0,19,0.00%,58.1
https://jus-tice.co.il/%D7%AA%D7%97%D7%95%D7%9E%D7%99-%D7%94%D7%AA%D7%9E%D7%97%D7%95%D7%AA/%D7%9E%D7%A9%D7%A4%D7%98-%D7%A4%D7%9C%D7%99%D7%9C%D7%99/%D7%A2%D7%95%D7%A8%D7%9A-%D7%93%D7%99%D7%9F-%D7%A4%D7%9C%D7%99%D7%9C%D7%99-%D7%A4%D7%A1%D7%A7%D7%99-%D7%93%D7%99%D7%9F-2022/,MOBILE,0,8,0.00%,63.4
https://jus-tice.co.il/%D7%AA%D7%97%D7%95%D7%9E%D7%99-%D7%94%D7%AA%D7%9E%D7%97%D7%95%D7%AA/%D7%A2%D7%95%D7%93-%D7%A0%D7%96%D7%99%D7%A7%D7%99%D7%9F-%D7%A4%D7%A1%D7%A7%D7%99-%D7%93%D7%99%D7%9F/,DESKTOP,0,57,0.00%,59.8
https://jus-tice.co.il/%D7%AA%D7%97%D7%95%D7%9E%D7%99-%D7%94%D7%AA%D7%9E%D7%97%D7%95%D7%AA/%D7%A2%D7%95%D7%93-%D7%A0%D7%96%D7%99%D7%A7%D7%99%D7%9F-%D7%A4%D7%A1%D7%A7%D7%99-%D7%93%D7%99%D7%9F/,MOBILE,0,1,0.00%,100.0
https://jus-tice.co.il/%D7%AA%D7%99%D7%A7-916847/5-%D7%91%D7%91%D7%99%D7%AA-%D7%94%D7%93%D7%99%D7%9F-%D7%94%D7%A8%D7%91%D7%A0%D7%99-%D7%94%D7%90%D7%96%D7%95%D7%A8%D7%99-%D7%90%D7%A9%D7%93%D7%95%D7%93/,DESKTOP,0,58,0.00%,34.8
https://jus-tice.co.il/%D7%AA%D7%99%D7%A7-916847/5-%D7%91%D7%91%D7%99%D7%AA-%D7%94%D7%93%D7%99%D7%9F-%D7%94%D7%A8%D7%91%D7%A0%D7%99-%D7%94%D7%90%D7%96%D7%95%D7%A8%D7%99-%D7%90%D7%A9%D7%93%D7%95%D7%93/,MOBILE,0,6,0.00%,77.5
https://jus-tice.co.il/%D7%AA%D7%A7-25449-12-20-%D7%A4%D7%9C%D7%95%D7%A0%D7%99%D7%AA-%D7%95%D7%90%D7%97-%D7%A0-%D7%99%D7%95%D7%A0%D7%99%D7%99%D7%98%D7%93-%D7%90%D7%99%D7%A8%D7%9C%D7%99%D7%99%D7%A0%D7%A1-%D7%90%D7%99%D7%A0%D7%A7/,DESKTOP,0,28,0.00%,45.2
https://jus-tice.co.il/1027470-24/,MOBILE,0,1,0.00%,15.0
https://jus-tice.co.il/1265026-5-%D7%A8%D7%91%D7%A0%D7%99-%D7%97%D7%99%D7%A4%D7%94/,DESKTOP,0,3,0.00%,51.7
https://jus-tice.co.il/1303799/4/,DESKTOP,0,70,0.00%,46.0
https://jus-tice.co.il/1303799/4/,MOBILE,0,1,0.00%,45.0
https://jus-tice.co.il/1331339-1/,DESKTOP,0,7,0.00%,34.0
https://jus-tice.co.il/1331339-1/,MOBILE,0,1,0.00%,21.0
https://jus-tice.co.il/1331339-3/,MOBILE,0,1,0.00%,35.0
https://jus-tice.co.il/1355956-3/,DESKTOP,0,1,0.00%,26.0
https://jus-tice.co.il/1394399-1/,DESKTOP,0,4,0.00%,84.3
https://jus-tice.co.il/1394399-1/,MOBILE,0,3,0.00%,48.7
https://jus-tice.co.il/1520884-1/,DESKTOP,0,10,0.00%,18.8
https://jus-tice.co.il/18744-11-18/,DESKTOP,0,12,0.00%,16.8
https://jus-tice.co.il/18744-11-18/,MOBILE,0,2,0.00%,17.0
https://jus-tice.co.il/18834-05-20/,DESKTOP,0,17,0.00%,59.3
https://jus-tice.co.il/2019-2020-major-supreme-court-ruling,DESKTOP,0,144,0.00%,39.6
https://jus-tice.co.il/2019-2020-major-supreme-court-ruling,MOBILE,0,4,0.00%,22.3
https://jus-tice.co.il/209051/11/,MOBILE,0,1,0.00%,32.0
https://jus-tice.co.il/21213-04-18/,DESKTOP,0,14,0.00%,51.1
https://jus-tice.co.il/32292-3-%D7%A8%D7%91%D7%A0%D7%99-%D7%90%D7%A9%D7%93%D7%95%D7%93/,MOBILE,0,8,0.00%,24.9
https://jus-tice.co.il/33316-07-19/,DESKTOP,0,30,0.00%,18.0
https://jus-tice.co.il/33316-07-19/,MOBILE,0,7,0.00%,39.9
https://jus-tice.co.il/39514-09-19/,DESKTOP,0,1,0.00%,56.0
https://jus-tice.co.il/44688-10-22/,DESKTOP,0,1,0.00%,45.0
https://jus-tice.co.il/7-reasons-why-you-need-a-prenup/,DESKTOP,0,5,0.00%,73.2
https://jus-tice.co.il/74657-12-20/,DESKTOP,0,1,0.00%,12.0
https://jus-tice.co.il/anesthesia-medical-malpractice/,DESKTOP,0,364,0.00%,30.3
https://jus-tice.co.il/anesthesia-medical-malpractice/,MOBILE,0,37,0.00%,19.7
https://jus-tice.co.il/apartment/,DESKTOP,0,92,0.00%,42.0
https://jus-tice.co.il/apartment/,MOBILE,0,3,0.00%,31.7
https://jus-tice.co.il/apostille/,DESKTOP,0,170,0.00%,61.6
https://jus-tice.co.il/apostille/,MOBILE,0,12,0.00%,63.8
https://jus-tice.co.il/articles/%25d7%2598%25d7%2595%25d7%25a4%25d7%25a1-161-%25d7%2594%25d7%2595%25d7%2593%25d7%25a2%25d7%25aa-%25d7%259e%25d7%25a2%25d7%2591%25d7%2599%25d7%2593-%25d7%25a2%25d7%259c-%25d7%25a4%25d7%25a8%25d7%2599%25d7%25a9%25d7%25aa-%25d7%25a2%25d7%2595%25d7%2591%25d7%2593-%25d7%259e%25d7%259e%25d7%25a7%25d7%2595%25d7%259d-%25d7%25a2/,DESKTOP,0,1,0.00%,51.0
https://jus-tice.co.il/articles/%D7%90%D7%99%D7%A1%D7%95%D7%A8-%D7%A4%D7%A8%D7%A1%D7%95%D7%9D-%D7%A9%D7%9C-%D7%97%D7%95%D7%95%D7%AA-%D7%93%D7%A2%D7%AA-%D7%9C%D7%A2%D7%A0%D7%99%D7%99%D7%9F-%D7%94%D7%9E%D7%A1%D7%95%D7%92%D7%9C%D7%95/,DESKTOP,0,2,0.00%,68.5
https://jus-tice.co.il/articles/%D7%90%D7%9C%D7%99%D7%9E%D7%95%D7%AA-%D7%9B%D7%9C%D7%A4%D7%99-%D7%A0%D7%A9%D7%99%D7%9D-%D7%94%D7%96%D7%9B%D7%95%D7%AA-%D7%A9%D7%9C-%D7%94%D7%90%D7%99%D7%A9%D7%94-%D7%A9%D7%94%D7%90%D7%99/,DESKTOP,0,1,0.00%,27.0
https://jus-tice.co.il/articles/%D7%91%D7%99%D7%A8%D7%95%D7%A8-%D7%96%D7%9B%D7%95%D7%99%D7%95%D7%AA-%D7%91%D7%AA-%D7%96%D7%95%D7%92-%D7%9E%D7%9B%D7%95%D7%97-%D7%97%D7%95%D7%A7-%D7%99%D7%97%D7%A1%D7%99-%D7%9E%D7%9E%D7%95%D7%9F-%D7%9C/,DESKTOP,0,3,0.00%,21.7
https://jus-tice.co.il/articles/%D7%91%D7%99%D7%A8%D7%95%D7%A8-%D7%96%D7%9B%D7%95%D7%99%D7%95%D7%AA-%D7%91%D7%AA-%D7%96%D7%95%D7%92-%D7%9E%D7%9B%D7%95%D7%97-%D7%97%D7%95%D7%A7-%D7%99%D7%97%D7%A1%D7%99-%D7%9E%D7%9E%D7%95%D7%9F-%D7%9C/,MOBILE,0,2,0.00%,22.5
https://jus-tice.co.il/articles/%D7%93%D7%99%D7%9F-%D7%95%D7%97%D7%A9%D7%91%D7%95%D7%9F-%D7%9B%D7%A0%D7%A1%D7%AA-%D7%99%D7%A9%D7%A8%D7%90%D7%9C-2020/,DESKTOP,0,7,0.00%,57.7
https://jus-tice.co.il/articles/%D7%93%D7%A0%D7%A4-5387-20-%D7%A8%D7%A4%D7%99-%D7%A8%D7%95%D7%AA%D7%9D-%D7%A0-%D7%9E%D7%93%D7%99%D7%A0%D7%AA-%D7%99%D7%A9%D7%A8%D7%90%D7%9C/,DESKTOP,0,6,0.00%,50.7
https://jus-tice.co.il/articles/%D7%94%D7%90%D7%9D-%D7%9C%D7%A0%D7%A6%D7%99%D7%91-%D7%A9%D7%99%D7%A8%D7%95%D7%AA-%D7%94%D7%9E%D7%93%D7%99%D7%A0%D7%94-%D7%99%D7%A9-%D7%A1%D7%9E%D7%9B%D7%95%D7%AA-%D7%9C%D7%97%D7%AA%D7%95%D7%9D-%D7%A2/,DESKTOP,0,29,0.00%,38.6
https://jus-tice.co.il/articles/%D7%94%D7%90%D7%9D-%D7%9C%D7%A0%D7%A6%D7%99%D7%91-%D7%A9%D7%99%D7%A8%D7%95%D7%AA-%D7%94%D7%9E%D7%93%D7%99%D7%A0%D7%94-%D7%99%D7%A9-%D7%A1%D7%9E%D7%9B%D7%95%D7%AA-%D7%9C%D7%97%D7%AA%D7%95%D7%9D-%D7%A2/,MOBILE,0,15,0.00%,22.5
https://jus-tice.co.il/articles/%D7%94%D7%90%D7%9D-%D7%AA%D7%A0%D7%99%D7%99%D7%AA-%D7%91%D7%95%D7%A8%D7%A8%D7%95%D7%AA-%D7%96%D7%A8%D7%94-%D7%91%D7%94%D7%A1%D7%9B%D7%9D-%D7%9E%D7%A7%D7%95%D7%95%D7%9F-%D7%A9%D7%91%D7%99%D7%9F-%D7%99/,DESKTOP,0,9,0.00%,51.4
https://jus-tice.co.il/articles/%D7%94%D7%95%D7%93%D7%A2%D7%94-%D7%9C%D7%A4%D7%99-%D7%94%D7%97%D7%95%D7%A7-%D7%9C%D7%A7%D7%99%D7%93%D7%95%D7%9D-%D7%94%D7%91%D7%A0%D7%99%D7%99%D7%94-%D7%91%D7%9E%D7%AA%D7%97%D7%9E%D7%99%D7%9D-%D7%9E/,DESKTOP,0,10,0.00%,44.3
https://jus-tice.co.il/articles/%D7%94%D7%95%D7%93%D7%A2%D7%94-%D7%9C%D7%A4%D7%99-%D7%94%D7%97%D7%95%D7%A7-%D7%9C%D7%A7%D7%99%D7%93%D7%95%D7%9D-%D7%94%D7%91%D7%A0%D7%99%D7%99%D7%94-%D7%91%D7%9E%D7%AA%D7%97%D7%9E%D7%99%D7%9D-%D7%9E/,MOBILE,0,2,0.00%,44.5
https://jus-tice.co.il/articles/%D7%94%D7%9C%D7%99%D7%9B%D7%99-%D7%92%D7%99%D7%A8%D7%95%D7%A9%D7%99%D7%9F-%D7%99%D7%95%D7%A6%D7%A8%D7%99%D7%9D-%D7%93%D7%99%D7%A0%D7%99%D7%9D-%D7%9E%D7%99%D7%95%D7%97%D7%93%D7%99%D7%9D-%D7%91%D7%99/,DESKTOP,0,38,0.00%,77.2
https://jus-tice.co.il/articles/%D7%94%D7%9C%D7%99%D7%9B%D7%99-%D7%92%D7%99%D7%A8%D7%95%D7%A9%D7%99%D7%9F-%D7%99%D7%95%D7%A6%D7%A8%D7%99%D7%9D-%D7%93%D7%99%D7%A0%D7%99%D7%9D-%D7%9E%D7%99%D7%95%D7%97%D7%93%D7%99%D7%9D-%D7%91%D7%99/,MOBILE,0,11,0.00%,65.7
https://jus-tice.co.il/articles/%D7%94%D7%9C%D7%9B%D7%AA-%D7%A9%D7%99%D7%AA%D7%95%D7%A3-%D7%A1%D7%A4%D7%A6%D7%99%D7%A4%D7%99-%D7%91%D7%93%D7%99%D7%A8%D7%AA-%D7%9E%D7%92%D7%95%D7%A8%D7%99%D7%9D/,DESKTOP,0,2,0.00%,68.5
https://jus-tice.co.il/articles/%D7%94%D7%9C%D7%9B%D7%AA-%D7%A9%D7%99%D7%AA%D7%95%D7%A3-%D7%A1%D7%A4%D7%A6%D7%99%D7%A4%D7%99-%D7%91%D7%93%D7%99%D7%A8%D7%AA-%D7%9E%D7%92%D7%95%D7%A8%D7%99%D7%9D/,MOBILE,0,4,0.00%,59.8
https://jus-tice.co.il/articles/%D7%94%D7%A0%D7%93%D7%95%D7%9F-%D7%97%D7%A1%D7%99%D7%95%D7%9F-%D7%A2%D7%95%D7%A8%D7%9A-%D7%93%D7%99%D7%9F-%D7%9C%D7%A7%D7%95%D7%97-%D7%9C%D7%A2%D7%95%D7%9E%D7%AA-%D7%97%D7%95%D7%91%D7%AA/,DESKTOP,0,3,0.00%,46.3
https://jus-tice.co.il/articles/%D7%94%D7%A2%D7%A8%D7%95%D7%AA-%D7%94%D7%A1%D7%A0%D7%99%D7%92%D7%95%D7%A8%D7%99%D7%94-%D7%94%D7%A6%D7%99%D7%91%D7%95%D7%A8%D7%99%D7%AA-%D7%9C%D7%AA%D7%96%D7%9B%D7%99%D7%A8-%D7%97%D7%95%D7%A7-%D7%99/,DESKTOP,0,3,0.00%,49.3
https://jus-tice.co.il/articles/%D7%94%D7%A6%D7%A2%D7%AA-%D7%AA%D7%99%D7%A7%D7%95%D7%9F-%D7%97%D7%95%D7%A7-%D7%97%D7%99%D7%A4%D7%95%D7%A9-%D7%91%D7%9E%D7%A7%D7%95%D7%9D-%D7%9C%D7%9C%D7%90-%D7%A6%D7%95-%D7%91%D7%99%D7%AA-%D7%9E/,DESKTOP,0,14,0.00%,50.9
https://jus-tice.co.il/articles/%D7%96%D7%9B%D7%95%D7%AA-%D7%94%D7%95%D7%A8%D7%94-%D7%92%D7%A8%D7%95%D7%A9-%D7%9C%D7%94%D7%A2%D7%AA%D7%99%D7%A7-%D7%90%D7%AA-%D7%9E%D7%92%D7%95%D7%A8%D7%99%D7%95-%D7%95%D7%90%D7%A3-%D7%9C%D7%94%D7%92/,DESKTOP,0,26,0.00%,24.4
https://jus-tice.co.il/articles/%D7%96%D7%9B%D7%95%D7%AA-%D7%94%D7%95%D7%A8%D7%94-%D7%92%D7%A8%D7%95%D7%A9-%D7%9C%D7%94%D7%A2%D7%AA%D7%99%D7%A7-%D7%90%D7%AA-%D7%9E%D7%92%D7%95%D7%A8%D7%99%D7%95-%D7%95%D7%90%D7%A3-%D7%9C%D7%94%D7%92/,MOBILE,0,18,0.00%,9.9
https://jus-tice.co.il/articles/%D7%97%D7%95%D7%91%D7%AA-%D7%90%D7%99%D7%A9%D7%95%D7%A8-%D7%94%D7%A1%D7%9B%D7%9D-%D7%94%D7%9E%D7%94%D7%95%D7%95%D7%94-%D7%94%D7%A9%D7%9C%D7%9E%D7%94-%D7%9C%D7%94%D7%A1%D7%9B%D7%9D-%D7%9E%D7%9E%D7%95%D7%9F-%D7%90%D7%95-%D7%92%D7%99%D7%A8%D7%95%D7%A9%D7%99%D7%9F-%D7%90%D7%A3-%D7%90%D7%9D-%D7%94%D7%95%D7%92%D7%93%D7%A8-%D7%94%D7%A1%D7%9B%D7%9D-%D7%9E%D7%9B%D7%A8-%D7%95%D7%91%D7%98%D7%9C%D7%95%D7%AA%D7%95-%D7%9E%D7%A9%D7%90%D7%95%D7%A9%D7%A8-%D7%A9%D7%9C%D7%90-%D7%9B%D7%93%D7%99%D7%9F-1333563-1-%D7%91%D7%99%D7%94%D7%93-%D7%94%D7%92%D7%93%D7%95%D7%9C/,DESKTOP,0,3,0.00%,52.0
https://jus-tice.co.il/articles/%D7%97%D7%95%D7%91%D7%AA-%D7%94%D7%90%D7%91-%D7%91%D7%9E%D7%93%D7%95%D7%A8-%D7%99%D7%9C%D7%93%D7%99%D7%95-%D7%91%D7%93%D7%99%D7%A8%D7%94-%D7%A9%D7%91%D7%91%D7%A2%D7%9C%D7%95%D7%AA-%D7%94%D7%90%D7%9D/,DESKTOP,0,2,0.00%,75.5
https://jus-tice.co.il/articles/%D7%97%D7%96%D7%A7%D7%AA-%D7%97%D7%95%D7%91-%D7%9C%D7%A6%D7%93-%D7%92-%D7%A9%D7%90%D7%9B%D7%9F-%D7%97%D7%95%D7%91-%D7%94%D7%95%D7%90-%D7%95%D7%91%D7%A8%D7%90%D7%99%D7%96%D7%95%D7%9F-%D7%95/,DESKTOP,0,3,0.00%,23.7
https://jus-tice.co.il/articles/%D7%97%D7%96%D7%A7%D7%AA-%D7%97%D7%95%D7%91-%D7%9C%D7%A6%D7%93-%D7%92-%D7%A9%D7%90%D7%9B%D7%9F-%D7%97%D7%95%D7%91-%D7%94%D7%95%D7%90-%D7%95%D7%91%D7%A8%D7%90%D7%99%D7%96%D7%95%D7%9F-%D7%95/,MOBILE,0,1,0.00%,12.0
https://jus-tice.co.il/articles/%D7%97%D7%99%D7%95%D7%91-%D7%92%D7%98-%D7%92%D7%99%D7%A8%D7%95%D7%A9%D7%99%D7%9F-%D7%95%D7%93%D7%97%D7%99%D7%99%D7%AA-%D7%91%D7%A7%D7%A9%D7%AA-%D7%94%D7%90%D7%99%D7%A9-%D7%9C%D7%93%D7%95%D7%9F-%D7%91/,DESKTOP,0,17,0.00%,43.8
https://jus-tice.co.il/articles/%D7%97%D7%99%D7%95%D7%91-%D7%92%D7%98-%D7%92%D7%99%D7%A8%D7%95%D7%A9%D7%99%D7%9F-%D7%95%D7%93%D7%97%D7%99%D7%99%D7%AA-%D7%91%D7%A7%D7%A9%D7%AA-%D7%94%D7%90%D7%99%D7%A9-%D7%9C%D7%93%D7%95%D7%9F-%D7%91/,MOBILE,0,12,0.00%,22.1
https://jus-tice.co.il/articles/%D7%97%D7%99%D7%95%D7%91-%D7%92%D7%98-%D7%95%D7%9B%D7%AA%D7%95%D7%91%D7%94-%D7%91%D7%9E%D7%A7%D7%A8%D7%94-%D7%A9%D7%A9%D7%A0%D7%99-%D7%94%D7%A6%D7%93%D7%93%D7%99%D7%9D-%D7%90%D7%99%D7%A0%D7%9D-%D7%A8%D7%95%D7%A6%D7%99%D7%9D-%D7%96%D7%94/,DESKTOP,0,6,0.00%,26.0
https://jus-tice.co.il/articles/%D7%9B%D7%99%D7%A6%D7%93-%D7%9C%D7%A9%D7%9B%D7%95%D7%A8-%D7%9E%D7%A4%D7%AA%D7%97-%D7%90%D7%AA%D7%A8%D7%99%D7%9D/,DESKTOP,0,2,0.00%,45.5
https://jus-tice.co.il/articles/%D7%9B%D7%99%D7%A6%D7%93-%D7%9C%D7%A9%D7%9B%D7%95%D7%A8-%D7%9E%D7%A4%D7%AA%D7%97-%D7%90%D7%AA%D7%A8%D7%99%D7%9D/,MOBILE,0,1,0.00%,96.0
https://jus-tice.co.il/articles/%D7%9E%D7%93%D7%A8%D7%99%D7%9A-2025-%D7%9E%D7%94-%D7%97%D7%A9%D7%95%D7%91-%D7%9C%D7%9B%D7%9C%D7%95%D7%9C-%D7%91%D7%97%D7%95%D7%96%D7%94-%D7%9E%D7%95%D7%9C-%D7%A7%D7%91%D7%9C%D7%9F-%D7%91%D7%A8%D7%9B/,DESKTOP,0,90,0.00%,26.4
https://jus-tice.co.il/articles/%D7%9E%D7%93%D7%A8%D7%99%D7%9A-2025-%D7%9E%D7%94-%D7%97%D7%A9%D7%95%D7%91-%D7%9C%D7%9B%D7%9C%D7%95%D7%9C-%D7%91%D7%97%D7%95%D7%96%D7%94-%D7%9E%D7%95%D7%9C-%D7%A7%D7%91%D7%9C%D7%9F-%D7%91%D7%A8%D7%9B/,MOBILE,0,2,0.00%,15.5
https://jus-tice.co.il/articles/%D7%9E%D7%94%D7%95-%D7%91%D7%99%D7%AA-%D7%9E%D7%A9%D7%A4%D7%98/,DESKTOP,0,317,0.00%,34.8
https://jus-tice.co.il/articles/%D7%9E%D7%94%D7%95-%D7%91%D7%99%D7%AA-%D7%9E%D7%A9%D7%A4%D7%98/,MOBILE,0,80,0.00%,11.4
https://jus-tice.co.il/articles/%D7%9E%D7%94%D7%95-%D7%91%D7%99%D7%AA-%D7%9E%D7%A9%D7%A4%D7%98/,TABLET,0,1,0.00%,1.0
https://jus-tice.co.il/articles/%D7%9E%D7%A7%D7%A8%D7%99-%D7%A8%D7%A9%D7%9C%D7%A0%D7%95%D7%AA-%D7%A8%D7%A4%D7%95%D7%90%D7%99%D7%AA-%D7%93%D7%95%D7%92%D7%9E%D7%90%D7%95%D7%AA/,DESKTOP,0,297,0.00%,46.8
https://jus-tice.co.il/articles/%D7%9E%D7%A7%D7%A8%D7%99-%D7%A8%D7%A9%D7%9C%D7%A0%D7%95%D7%AA-%D7%A8%D7%A4%D7%95%D7%90%D7%99%D7%AA-%D7%93%D7%95%D7%92%D7%9E%D7%90%D7%95%D7%AA/,MOBILE,0,59,0.00%,30.9
https://jus-tice.co.il/articles/%D7%9E%D7%A9%D7%98%D7%A8%D7%AA-%D7%99%D7%A9%D7%A8%D7%90%D7%9C-%D7%A9%D7%99%D7%9E%D7%95%D7%A9-%D7%91%D7%9E%D7%A2%D7%A8%D7%9B%D7%AA-%D7%A4%D7%92%D7%A1%D7%95%D7%A1-%D7%9C%D7%9C%D7%90-%D7%A6%D7%95-%D7%A9/,DESKTOP,0,1,0.00%,38.0
https://jus-tice.co.il/articles/%D7%A1%D7%9E%D7%9B%D7%95%D7%AA-%D7%91%D7%99%D7%AA-%D7%94%D7%93%D7%99%D7%9F-%D7%91%D7%A2%D7%A0%D7%99%D7%99%D7%9F-%D7%9E%D7%96%D7%95%D7%A0%D7%95%D7%AA-%D7%94%D7%99%D7%9C%D7%93%D7%99%D7%9D-%D7%9C%D7%90/,DESKTOP,0,4,0.00%,61.5
https://jus-tice.co.il/articles/%D7%A1%D7%9E%D7%9B%D7%95%D7%AA-%D7%91%D7%99%D7%AA-%D7%94%D7%93%D7%99%D7%9F-%D7%91%D7%A2%D7%A0%D7%99%D7%99%D7%9F-%D7%9E%D7%96%D7%95%D7%A0%D7%95%D7%AA-%D7%94%D7%99%D7%9C%D7%93%D7%99%D7%9D-%D7%9C%D7%90/,MOBILE,0,2,0.00%,37.0
https://jus-tice.co.il/articles/%D7%A2%D7%95%D7%95%D7%9C%D7%94-%D7%A0%D7%96%D7%A7-%D7%95%D7%A4%D7%99%D7%A6%D7%95%D7%99-%D7%93%D7%99%D7%A0%D7%99-%D7%94%D7%A0%D7%96%D7%99%D7%A7%D7%99%D7%9F-%D7%95%D7%A8%D7%A9%D7%9C%D7%A0%D7%95/,DESKTOP,0,4,0.00%,33.5
https://jus-tice.co.il/articles/%D7%A2%D7%95%D7%A0%D7%A9-%D7%A4%D7%9C%D7%99%D7%9C%D7%99-%D7%9C%D7%A0%D7%90%D7%A9%D7%9D-%D7%91%D7%9E%D7%A2%D7%A9%D7%94-%D7%9E%D7%92%D7%95%D7%A0%D7%94-%D7%91%D7%A0%D7%A1%D7%99%D7%91%D7%95%D7%AA-%D7%9E/,DESKTOP,0,1,0.00%,92.0
https://jus-tice.co.il/articles/%D7%A2%D7%A8%D7%A2%D7%95%D7%A8-%D7%A4%D7%9C%D7%99%D7%9C%D7%99-%D7%9E%D7%A1-50-31-%D7%91%D7%91%D7%99%D7%AA-%D7%94%D7%9E%D7%A9%D7%A4%D7%98-%D7%94%D7%A2%D7%9C%D7%99%D7%95%D7%9F-%D7%91%D7%A9%D7%91/,DESKTOP,0,20,0.00%,79.0
https://jus-tice.co.il/articles/%D7%A2%D7%A8%D7%A2%D7%95%D7%A8-%D7%A4%D7%9C%D7%99%D7%9C%D7%99-%D7%9E%D7%A1-50-31-%D7%91%D7%91%D7%99%D7%AA-%D7%94%D7%9E%D7%A9%D7%A4%D7%98-%D7%94%D7%A2%D7%9C%D7%99%D7%95%D7%9F-%D7%91%D7%A9%D7%91/,MOBILE,0,2,0.00%,87.0
https://jus-tice.co.il/articles/%D7%A4%D7%92%D7%A1%D7%95%D7%A1-nso-%D7%9E%D7%A1%D7%A7%D7%A0%D7%95%D7%AA-%D7%A6%D7%95%D7%95%D7%AA-%D7%9E%D7%A8%D7%A8%D7%99-%D7%9E%D7%9E%D7%A6%D7%90%D7%99-%D7%A6%D7%95%D7%95%D7%AA-%D7%94%D7%91%D7%93/,DESKTOP,0,6,0.00%,54.5
https://jus-tice.co.il/articles/%D7%A4%D7%92%D7%A1%D7%95%D7%A1-nso-%D7%9E%D7%A1%D7%A7%D7%A0%D7%95%D7%AA-%D7%A6%D7%95%D7%95%D7%AA-%D7%9E%D7%A8%D7%A8%D7%99-%D7%9E%D7%9E%D7%A6%D7%90%D7%99-%D7%A6%D7%95%D7%95%D7%AA-%D7%94%D7%91%D7%93/,MOBILE,0,1,0.00%,79.0
https://jus-tice.co.il/articles/%D7%A4%D7%99%D7%A8%D7%95%D7%A7-%D7%A9%D7%99%D7%AA%D7%95%D7%A3-%D7%91%D7%99%D7%9F-%D7%91%D7%A0%D7%99-%D7%96%D7%95%D7%92-%D7%97%D7%9C%D7%95%D7%A7%D7%AA-%D7%93%D7%99%D7%A8%D7%94-%D7%9C%D7%A4%D7%99/,DESKTOP,0,340,0.00%,53.2
https://jus-tice.co.il/articles/%D7%A4%D7%99%D7%A8%D7%95%D7%A7-%D7%A9%D7%99%D7%AA%D7%95%D7%A3-%D7%91%D7%99%D7%9F-%D7%91%D7%A0%D7%99-%D7%96%D7%95%D7%92-%D7%97%D7%9C%D7%95%D7%A7%D7%AA-%D7%93%D7%99%D7%A8%D7%94-%D7%9C%D7%A4%D7%99/,MOBILE,0,139,0.00%,57.3
https://jus-tice.co.il/articles/%D7%A4%D7%A1%D7%93-%D7%A0%D7%99%D7%94%D7%95%D7%9C-%D7%AA%D7%91%D7%99%D7%A2%D7%AA-%D7%92%D7%99%D7%A8%D7%95%D7%A9%D7%99%D7%9F-%D7%9E%D7%97%D7%95%D7%9C-%D7%91%D7%90%D7%9E%D7%A6%D7%A2%D7%95%D7%AA/,DESKTOP,0,2,0.00%,62.5
https://jus-tice.co.il/articles/%D7%A4%D7%A1%D7%93-%D7%A0%D7%99%D7%94%D7%95%D7%9C-%D7%AA%D7%91%D7%99%D7%A2%D7%AA-%D7%92%D7%99%D7%A8%D7%95%D7%A9%D7%99%D7%9F-%D7%9E%D7%97%D7%95%D7%9C-%D7%91%D7%90%D7%9E%D7%A6%D7%A2%D7%95%D7%AA/,MOBILE,0,2,0.00%,27.0
https://jus-tice.co.il/articles/%D7%A4%D7%A1%D7%93-%D7%AA%D7%91%D7%99%D7%A2%D7%94-%D7%9C%D7%A1%D7%A2%D7%93-%D7%94%D7%A6%D7%94%D7%A8%D7%AA%D7%99-%D7%94%D7%A7%D7%95%D7%91%D7%A2-%D7%9B%D7%99-%D7%96%D7%9B%D7%95%D7%99%D7%95%D7%AA/,DESKTOP,0,1,0.00%,52.0
https://jus-tice.co.il/articles/%D7%A4%D7%A1%D7%93-%D7%AA%D7%91%D7%99%D7%A2%D7%AA-%D7%9B%D7%AA%D7%95%D7%91%D7%94-%D7%A9%D7%94%D7%92%D7%99%D7%A9%D7%95-%D7%99%D7%95%D7%A8%D7%A9%D7%99-%D7%94%D7%90%D7%99%D7%A9%D7%94-%D7%A0%D7%92/,DESKTOP,0,3,0.00%,60.3
https://jus-tice.co.il/articles/%D7%A7%D7%91%D7%99%D7%A2%D7%AA-%D7%92%D7%93%D7%A8-%D7%97%D7%99%D7%95%D7%91-%D7%94%D7%90%D7%91-%D7%91%D7%9E%D7%96%D7%95%D7%A0%D7%95%D7%AA-%D7%A7%D7%98%D7%A0%D7%99%D7%9D-%D7%9E%D7%A2%D7%9C-%D7%92%D7%99/,DESKTOP,0,3,0.00%,50.0
https://jus-tice.co.il/articles/%D7%A7%D7%91%D7%99%D7%A2%D7%AA-%D7%92%D7%93%D7%A8-%D7%97%D7%99%D7%95%D7%91-%D7%94%D7%90%D7%91-%D7%91%D7%9E%D7%96%D7%95%D7%A0%D7%95%D7%AA-%D7%A7%D7%98%D7%A0%D7%99%D7%9D-%D7%9E%D7%A2%D7%9C-%D7%92%D7%99/,MOBILE,0,1,0.00%,92.0
https://jus-tice.co.il/articles/%D7%A7%D7%95%D7%A8%D7%95%D7%A0%D7%94-%D7%94%D7%90%D7%A8%D7%9B%D7%AA-%D7%AA%D7%A7%D7%95%D7%A4%D7%AA-%D7%AA%D7%95%D7%A7%D7%A3-%D7%A8%D7%99%D7%A9%D7%99%D7%95%D7%9F-%D7%A8%D7%9B%D7%91-16-03-2020/,DESKTOP,0,2,0.00%,75.5
https://jus-tice.co.il/articles/%D7%A7%D7%95%D7%A8%D7%95%D7%A0%D7%94-%D7%94%D7%90%D7%A8%D7%9B%D7%AA-%D7%AA%D7%A7%D7%95%D7%A4%D7%AA-%D7%AA%D7%95%D7%A7%D7%A3-%D7%A8%D7%99%D7%A9%D7%99%D7%95%D7%9F-%D7%A8%D7%9B%D7%91-16-03-2020/,MOBILE,0,5,0.00%,13.2
https://jus-tice.co.il/articles/%D7%A9%D7%9B%D7%A8-%D7%98%D7%A8%D7%97%D7%94-%D7%A2%D7%95%D7%A8%D7%9A-%D7%93%D7%99%D7%9F-%D7%A8%D7%A9%D7%9C%D7%A0%D7%95%D7%AA-%D7%A8%D7%A4%D7%95%D7%90%D7%99%D7%AA/,DESKTOP,0,144,0.00%,25.4
https://jus-tice.co.il/articles/%D7%A9%D7%9B%D7%A8-%D7%98%D7%A8%D7%97%D7%94-%D7%A2%D7%95%D7%A8%D7%9A-%D7%93%D7%99%D7%9F-%D7%A8%D7%A9%D7%9C%D7%A0%D7%95%D7%AA-%D7%A8%D7%A4%D7%95%D7%90%D7%99%D7%AA/,MOBILE,0,7,0.00%,31.6
https://jus-tice.co.il/articles/%D7%AA%D7%90-39115-08-19-%D7%A4%D7%9C%D7%95%D7%A0%D7%99-%D7%A0-%D7%90%D7%9C%D7%99%D7%9E%D7%9C%D7%9A-%D7%95%D7%90%D7%97/,DESKTOP,0,149,0.00%,62.3
https://jus-tice.co.il/articles/%D7%AA%D7%A2-45543-11-21-%D7%91%D7%A7%D7%A9%D7%94-%D7%9C%D7%91%D7%99%D7%98%D7%95%D7%9C-%D7%A6%D7%95-%D7%A7%D7%99%D7%95%D7%9D-%D7%A6%D7%95%D7%95%D7%90%D7%94-%D7%9C%D7%90%D7%97%D7%A8-%D7%92%D7%99/,DESKTOP,0,17,0.00%,55.1
https://jus-tice.co.il/articles/%D7%AA%D7%A7%D7%A6%D7%99%D7%A8-%D7%94%D7%93%D7%95%D7%97-%D7%A2%D7%9C-%D7%99%D7%99%D7%A9%D7%95%D7%9D-%D7%94%D7%97%D7%95%D7%A7-%D7%9C%D7%9E%D7%A0%D7%99%D7%A2%D7%AA-%D7%94%D7%98%D7%A8%D7%93%D7%94-%D7%9E/,DESKTOP,0,1,0.00%,30.0
https://jus-tice.co.il/articles/10-%D7%A0%D7%95%D7%A9%D7%90%D7%99%D7%9D-%D7%A7%D7%A8%D7%99%D7%98%D7%99%D7%99%D7%9D-%D7%A9%D7%97%D7%99%D7%99%D7%91%D7%99%D7%9D-%D7%9C%D7%91%D7%93%D7%95%D7%A7-%D7%9C%D7%A4%D7%A0%D7%99-%D7%A7%D7%A0%D7%99/,DESKTOP,0,23,0.00%,44.9
https://jus-tice.co.il/birth-injury/,DESKTOP,0,18,0.00%,43.8
https://jus-tice.co.il/birth-injury/,MOBILE,0,2,0.00%,26.0
https://jus-tice.co.il/building-science/,DESKTOP,0,6,0.00%,57.0
https://jus-tice.co.il/building-science/,MOBILE,0,1,0.00%,74.0
https://jus-tice.co.il/cancel-a-divorce-settlement-agreement/,DESKTOP,0,112,0.00%,52.2
https://jus-tice.co.il/cancel-a-divorce-settlement-agreement/,MOBILE,0,223,0.00%,53.6
https://jus-tice.co.il/car-accident-auto-injury-lawyer/,DESKTOP,0,108,0.00%,59.8
https://jus-tice.co.il/car-accident-auto-injury-lawyer/,MOBILE,0,3,0.00%,55.3
https://jus-tice.co.il/cerebral-palsy-rights/,DESKTOP,0,50,0.00%,51.9
https://jus-tice.co.il/cerebral-palsy-rights/,MOBILE,0,2,0.00%,60.5
https://jus-tice.co.il/chambers-and-partners/,DESKTOP,0,26,0.00%,48.7
https://jus-tice.co.il/chambers-and-partners/,MOBILE,0,3,0.00%,20.0
https://jus-tice.co.il/changing-or-canceling-a-prenuptial-agreement/,DESKTOP,0,345,0.00%,45.2
https://jus-tice.co.il/changing-or-canceling-a-prenuptial-agreement/,MOBILE,0,79,0.00%,30.9
https://jus-tice.co.il/child-support-divorced-parents61641-09-19/,MOBILE,0,19,0.00%,63.9
https://jus-tice.co.il/cms-law-firm/,DESKTOP,0,142,0.00%,33.5
https://jus-tice.co.il/cms-law-firm/,MOBILE,0,2,0.00%,9.0
https://jus-tice.co.il/cohabitation-agreement/,DESKTOP,0,6,0.00%,66.2
https://jus-tice.co.il/cohabitation-agreement/,MOBILE,0,1,0.00%,15.0
https://jus-tice.co.il/common-construction-defects-and-how-to-manage-them/,DESKTOP,0,9,0.00%,51.2
https://jus-tice.co.il/common-construction-defects-and-how-to-manage-them/,MOBILE,0,4,0.00%,25.5
https://jus-tice.co.il/common-law-marriage/,DESKTOP,0,48,0.00%,63.6
https://jus-tice.co.il/common-law-marriage/,MOBILE,0,11,0.00%,64.8
https://jus-tice.co.il/compensation-flight-delayed/,DESKTOP,0,215,0.00%,54.2
https://jus-tice.co.il/compensation-flight-delayed/,MOBILE,0,13,0.00%,60.8
https://jus-tice.co.il/compulsory-motor-vehicle-insurance/,DESKTOP,0,48,0.00%,74.5
https://jus-tice.co.il/construction-law/,DESKTOP,0,295,0.00%,52.2
https://jus-tice.co.il/construction-law/,MOBILE,0,50,0.00%,63.9
https://jus-tice.co.il/continuous-power-of-attorney-israel/,DESKTOP,0,2174,0.00%,69.2
https://jus-tice.co.il/continuous-power-of-attorney-israel/,MOBILE,0,389,0.00%,69.3
https://jus-tice.co.il/corona_virus/%D7%90%D7%96%D7%95%D7%A8-%D7%9E%D7%95%D7%92%D7%91%D7%9C-%D7%94%D7%A8%D7%95%D7%91%D7%A2%D7%99%D7%9D-%D7%91%D7%A2%D7%99%D7%A8-%D7%99%D7%A8%D7%95%D7%A9%D7%9C%D7%9D/,DESKTOP,0,4,0.00%,56.0
https://jus-tice.co.il/corona_virus/%D7%94%D7%95%D7%A8%D7%90%D7%95%D7%AA-%D7%9E%D7%99%D7%95%D7%97%D7%93%D7%95%D7%AA-%D7%9C%D7%A2%D7%A0%D7%99%D7%99%D7%9F-%D7%91%D7%99%D7%98%D7%95%D7%97-%D7%90%D7%91%D7%98%D7%9C%D7%94-%D7%AA%D7%A7%D7%A0/,DESKTOP,0,1,0.00%,73.0
https://jus-tice.co.il/corona_virus/%D7%94%D7%A0%D7%97%D7%99%D7%95%D7%AA-%D7%9C%D7%94%D7%AA%D7%9E%D7%95%D7%93%D7%93%D7%95%D7%AA-%D7%A2%D7%9D-%D7%A0%D7%92%D7%99%D7%A3-%D7%94%D7%A7%D7%95%D7%A8%D7%95%D7%A0%D7%94-19-covid/,DESKTOP,0,54,0.00%,71.5
https://jus-tice.co.il/corona_virus/%D7%94%D7%A0%D7%97%D7%99%D7%95%D7%AA-%D7%9C%D7%94%D7%AA%D7%9E%D7%95%D7%93%D7%93%D7%95%D7%AA-%D7%A2%D7%9D-%D7%A0%D7%92%D7%99%D7%A3-%D7%94%D7%A7%D7%95%D7%A8%D7%95%D7%A0%D7%94-19-covid/,MOBILE,0,3,0.00%,69.3
https://jus-tice.co.il/corona_virus/%D7%97%D7%A9%D7%91%D7%95%D7%A0%D7%95%D7%AA-%D7%A9%D7%9C-%D7%9C%D7%A7%D7%95%D7%97%D7%95%D7%AA-%D7%A9%D7%94%D7%A9%D7%99%D7%A7%D7%99%D7%9D-%D7%A9%D7%9C%D7%94%D7%9D-%D7%97%D7%96%D7%A8%D7%95-%D7%9C%D7%90/,DESKTOP,0,3,0.00%,38.0
https://jus-tice.co.il/coronavirus-employers-guide/,DESKTOP,0,2,0.00%,34.0
https://jus-tice.co.il/coronavirus-employers-guide/,MOBILE,0,1,0.00%,25.0
https://jus-tice.co.il/court-judge/,DESKTOP,0,34,0.00%,25.1
https://jus-tice.co.il/criminal-defense-attorney-roles-and-responsibilities/,DESKTOP,0,3,0.00%,25.7
https://jus-tice.co.il/cryptocurrency-legislation-2021/,DESKTOP,0,5,0.00%,25.4
https://jus-tice.co.il/cybercrime-lawyer-roll/,DESKTOP,0,189,0.00%,68.9
https://jus-tice.co.il/cybercrime-lawyer-roll/,MOBILE,0,19,0.00%,73.7
https://jus-tice.co.il/damages-claim-husband-ketubah-obligation/,DESKTOP,0,6,0.00%,13.8
https://jus-tice.co.il/damages-claim-husband-ketubah-obligation/,MOBILE,0,5,0.00%,30.8
https://jus-tice.co.il/decision13759-08-21/,DESKTOP,0,5,0.00%,35.8
https://jus-tice.co.il/decision13759-08-21/,MOBILE,0,1,0.00%,21.0
https://jus-tice.co.il/decision28925-09-17/,DESKTOP,0,22,0.00%,51.0
https://jus-tice.co.il/decision30452-07-20/,MOBILE,0,1,0.00%,65.0
https://jus-tice.co.il/decision3127-04-22/,DESKTOP,0,2,0.00%,37.0
https://jus-tice.co.il/decision37975-11-17/,DESKTOP,0,46,0.00%,85.0
https://jus-tice.co.il/decision37975-11-17/,MOBILE,0,2,0.00%,87.5
https://jus-tice.co.il/decision39696-06-16/,DESKTOP,0,13,0.00%,62.5
https://jus-tice.co.il/decision50014-01-19/,DESKTOP,0,14,0.00%,32.9
https://jus-tice.co.il/decision50014-01-19/,MOBILE,0,1,0.00%,8.0
https://jus-tice.co.il/decision55016-06-17a/,DESKTOP,0,11,0.00%,27.1
https://jus-tice.co.il/decision60567-12-21/,DESKTOP,0,26,0.00%,25.0
https://jus-tice.co.il/decision6077-20/,DESKTOP,0,7,0.00%,82.1
https://jus-tice.co.il/decision6077-20/,MOBILE,0,1,0.00%,39.0
https://jus-tice.co.il/decision67437-12-18/,MOBILE,0,12,0.00%,6.8
https://jus-tice.co.il/digital-marketing-agency/,DESKTOP,0,3,0.00%,49.7
https://jus-tice.co.il/divorce-mediation-cons-pros/,DESKTOP,0,6,0.00%,55.0
https://jus-tice.co.il/employer-worker-relationship/,DESKTOP,0,218,0.00%,63.1
https://jus-tice.co.il/employer-worker-relationship/,MOBILE,0,5,0.00%,51.8
https://jus-tice.co.il/foreign-legal-opinion/,DESKTOP,0,114,0.00%,45.7
https://jus-tice.co.il/foreign-legal-opinion/,MOBILE,0,7,0.00%,30.7
https://jus-tice.co.il/handwritten-property-agreement-cancellation/,DESKTOP,0,1,0.00%,66.0
https://jus-tice.co.il/handwritten-property-agreement-cancellation/,TABLET,0,1,0.00%,9.0
https://jus-tice.co.il/home-insurance/,DESKTOP,0,32,0.00%,64.5
https://jus-tice.co.il/home-insurance/,MOBILE,0,14,0.00%,65.4
https://jus-tice.co.il/how-contracts-can-protect-you-and-your-business/,DESKTOP,0,5,0.00%,26.8
https://jus-tice.co.il/how-much-does-a-divorce-agreement-cost/,DESKTOP,0,234,0.00%,66.0
https://jus-tice.co.il/how-much-does-a-divorce-agreement-cost/,MOBILE,0,293,0.00%,64.5
https://jus-tice.co.il/how-much-does-a-divorce-agreement-cost/,TABLET,0,4,0.00%,69.3
https://jus-tice.co.il/iflr1000/,DESKTOP,0,9,0.00%,42.6
https://jus-tice.co.il/iflr1000/,MOBILE,0,5,0.00%,34.6
https://jus-tice.co.il/income-protection-insurance/,DESKTOP,0,171,0.00%,70.1
https://jus-tice.co.il/income-protection-insurance/,MOBILE,0,69,0.00%,78.2
https://jus-tice.co.il/insolvency/,DESKTOP,0,68,0.00%,48.6
https://jus-tice.co.il/insolvency/,MOBILE,0,22,0.00%,52.1
https://jus-tice.co.il/israel-framework-for-reopening-schools-coronavirus-2020/,DESKTOP,0,2,0.00%,64.5
https://jus-tice.co.il/israel-framework-for-reopening-schools-coronavirus-2020/,MOBILE,0,1,0.00%,2.0
https://jus-tice.co.il/israel-tax-authority/,DESKTOP,0,608,0.00%,41.4
https://jus-tice.co.il/israel-tax-authority/,MOBILE,0,126,0.00%,46.5
https://jus-tice.co.il/israeli-labor-law/,DESKTOP,0,463,0.00%,62.2
https://jus-tice.co.il/israeli-labor-law/,MOBILE,0,10,0.00%,56.2
https://jus-tice.co.il/kl-gates/,DESKTOP,0,14,0.00%,59.0
https://jus-tice.co.il/kl-gates/,MOBILE,0,6,0.00%,40.7
https://jus-tice.co.il/labor-law/%D7%97%D7%95%D7%A7-%D7%94%D7%95%D7%93%D7%A2%D7%94-%D7%9E%D7%95%D7%A7%D7%93%D7%9E%D7%AA-%D7%9C%D7%A4%D7%99%D7%98%D7%95%D7%A8%D7%99%D7%9D-%D7%95%D7%9C%D7%94%D7%AA%D7%A4%D7%98%D7%A8%D7%95%D7%AA/,DESKTOP,0,102,0.00%,47.8
https://jus-tice.co.il/labor-law/%D7%97%D7%95%D7%A7-%D7%94%D7%95%D7%93%D7%A2%D7%94-%D7%9E%D7%95%D7%A7%D7%93%D7%9E%D7%AA-%D7%9C%D7%A4%D7%99%D7%98%D7%95%D7%A8%D7%99%D7%9D-%D7%95%D7%9C%D7%94%D7%AA%D7%A4%D7%98%D7%A8%D7%95%D7%AA/,MOBILE,0,3,0.00%,36.0
https://jus-tice.co.il/labor-law/%D7%AA%D7%91%D7%99%D7%A2%D7%95%D7%AA-%D7%A2%D7%95%D7%91%D7%93%D7%99%D7%9D-%D7%9E%D7%95%D7%9C-%D7%94%D7%9E%D7%9C%D7%9C-%D7%91%D7%97%D7%91%D7%A8%D7%95%D7%AA-%D7%9E%D7%A9%D7%A4%D7%97%D7%AA%D7%99/,DESKTOP,0,1,0.00%,78.0
https://jus-tice.co.il/labor-lawyer/,DESKTOP,0,61,0.00%,76.9
https://jus-tice.co.il/labor-lawyer/,MOBILE,0,1,0.00%,12.0
https://jus-tice.co.il/labor_law/%D7%92%D7%99%D7%95%D7%A1-%D7%A2%D7%95%D7%91%D7%93%D7%99%D7%9D/,DESKTOP,0,1,0.00%,95.0
https://jus-tice.co.il/labor_law/%D7%AA%D7%A7%D7%A0%D7%95%D7%AA-%D7%A7%D7%95%D7%A8%D7%95%D7%A0%D7%94-%D7%94%D7%92%D7%91%D7%9C%D7%AA-%D7%9E%D7%A1%D7%A4%D7%A8-%D7%94%D7%A2%D7%95%D7%91%D7%93%D7%99%D7%9D-%D7%91%D7%9E%D7%A7%D7%95%D7%9D/,DESKTOP,0,8,0.00%,63.4
https://jus-tice.co.il/labor_law/%D7%AA%D7%A7%D7%A0%D7%95%D7%AA-%D7%A7%D7%95%D7%A8%D7%95%D7%A0%D7%94-%D7%94%D7%92%D7%91%D7%9C%D7%AA-%D7%9E%D7%A1%D7%A4%D7%A8-%D7%94%D7%A2%D7%95%D7%91%D7%93%D7%99%D7%9D-%D7%91%D7%9E%D7%A7%D7%95%D7%9D/,MOBILE,0,1,0.00%,2.0
https://jus-tice.co.il/land-appreciation-tax/,DESKTOP,0,112,0.00%,54.7
https://jus-tice.co.il/land-appreciation-tax/,MOBILE,0,80,0.00%,67.2
https://jus-tice.co.il/land-appreciation-tax/,TABLET,0,1,0.00%,83.0
https://jus-tice.co.il/lawyer-referral-service/,DESKTOP,0,23,0.00%,47.2
https://jus-tice.co.il/legal-courses-for-lawyers/,DESKTOP,0,34,0.00%,39.1
https://jus-tice.co.il/legal-courses-for-lawyers/,MOBILE,0,6,0.00%,15.8
https://jus-tice.co.il/legal-services-in-portugal/,DESKTOP,0,143,0.00%,26.2
https://jus-tice.co.il/legal-services-in-portugal/,MOBILE,0,5,0.00%,41.8
https://jus-tice.co.il/legalzoom/,DESKTOP,0,8,0.00%,82.9
https://jus-tice.co.il/liechtenstein/,DESKTOP,0,30,0.00%,47.9
https://jus-tice.co.il/malta-lawyers/,DESKTOP,0,5,0.00%,55.6
https://jus-tice.co.il/malta-lawyers/,MOBILE,0,1,0.00%,9.0
https://jus-tice.co.il/marital-property-agreement/,DESKTOP,0,184,0.00%,48.3
https://jus-tice.co.il/marital-property-agreement/,MOBILE,0,52,0.00%,40.8
https://jus-tice.co.il/medical-malpractice-common-errors-doctors-hospitals/,DESKTOP,0,143,0.00%,67.8
https://jus-tice.co.il/medical-malpractice-lawyer/,DESKTOP,0,7,0.00%,63.3
https://jus-tice.co.il/morais-leitao/,DESKTOP,0,12,0.00%,74.7
https://jus-tice.co.il/must-have-traits-of-a-good-family-lawyer/,DESKTOP,0,7,0.00%,58.0
https://jus-tice.co.il/news/%D7%97%D7%A7%D7%99%D7%A7%D7%AA-%D7%97%D7%99%D7%A8%D7%95%D7%9D-%D7%A7%D7%95%D7%A8%D7%95%D7%A0%D7%94/,DESKTOP,0,1,0.00%,41.0
https://jus-tice.co.il/notarial-act/,DESKTOP,0,1,0.00%,87.0
https://jus-tice.co.il/outline-of-tort-law/,DESKTOP,0,2,0.00%,27.5
https://jus-tice.co.il/outline-of-tort-law/,MOBILE,0,2,0.00%,34.5
https://jus-tice.co.il/paul-hastings/,DESKTOP,0,4,0.00%,40.3
https://jus-tice.co.il/perez-llorca/,DESKTOP,0,46,0.00%,43.0
https://jus-tice.co.il/perinatal-asphyxia/,DESKTOP,0,738,0.00%,21.7
https://jus-tice.co.il/perinatal-asphyxia/,MOBILE,0,127,0.00%,18.9
https://jus-tice.co.il/portugal-homes/,DESKTOP,0,21,0.00%,44.9
https://jus-tice.co.il/portugal-noatary/,DESKTOP,0,71,0.00%,19.0
https://jus-tice.co.il/portugal-noatary/,MOBILE,0,2,0.00%,8.5
https://jus-tice.co.il/portugal-overview-real-estate/,DESKTOP,0,190,0.00%,55.6
https://jus-tice.co.il/powerful-seo-tools-for-your-law-firm/,DESKTOP,0,106,0.00%,76.6
https://jus-tice.co.il/powerful-seo-tools-for-your-law-firm/,MOBILE,0,33,0.00%,77.8
https://jus-tice.co.il/prenup-attorney/,DESKTOP,0,959,0.00%,55.5
https://jus-tice.co.il/prenup-attorney/,MOBILE,0,144,0.00%,58.4
https://jus-tice.co.il/prenuptial-agreement-for-second-marriage/,DESKTOP,0,34,0.00%,29.6
https://jus-tice.co.il/prenuptial-agreement-for-second-marriage/,MOBILE,0,1,0.00%,87.0
https://jus-tice.co.il/prenuptial-agreements-overview/,DESKTOP,0,958,0.00%,57.6
https://jus-tice.co.il/prenuptial-agreements-overview/,MOBILE,0,263,0.00%,66.2
https://jus-tice.co.il/prenuptial-agreements-overview/,TABLET,0,7,0.00%,71.3
https://jus-tice.co.il/property-investment-calculator/,DESKTOP,0,45,0.00%,65.6
https://jus-tice.co.il/property-investment-calculator/,MOBILE,0,2,0.00%,81.0
https://jus-tice.co.il/psakdin/,DESKTOP,0,44,0.00%,62.5
https://jus-tice.co.il/psakdin/,MOBILE,0,10,0.00%,42.7
https://jus-tice.co.il/psakdin/,TABLET,0,1,0.00%,40.0
https://jus-tice.co.il/psakdin/%D7%90%D7%95%D7%9E%D7%93%D7%9F-%D7%A4%D7%99%D7%A6%D7%95%D7%99%D7%99%D7%9D-%D7%9C%D7%A0%D7%A4%D7%92%D7%A2-%D7%AA%D7%90%D7%95%D7%A0%D7%AA-%D7%93%D7%A8%D7%9B%D7%99%D7%9D-%D7%9E%D7%AA%D7%99-%D7%AA%D7%A9/,DESKTOP,0,4,0.00%,39.5
https://jus-tice.co.il/psakdin/%D7%90%D7%99%D7%9E%D7%95%D7%A5-%D7%99%D7%9C%D7%93-%D7%9E%D7%90%D7%95%D7%A7%D7%A8%D7%90%D7%99%D7%A0%D7%94-%D7%AA%D7%91%D7%99%D7%A2%D7%AA-%D7%A0%D7%96%D7%99%D7%A7%D7%99%D7%9F-%D7%91%D7%92%D7%99%D7%9F/,DESKTOP,0,66,0.00%,16.5
https://jus-tice.co.il/psakdin/%D7%90%D7%99%D7%9E%D7%95%D7%A5-%D7%99%D7%9C%D7%93-%D7%9E%D7%90%D7%95%D7%A7%D7%A8%D7%90%D7%99%D7%A0%D7%94-%D7%AA%D7%91%D7%99%D7%A2%D7%AA-%D7%A0%D7%96%D7%99%D7%A7%D7%99%D7%9F-%D7%91%D7%92%D7%99%D7%9F/,MOBILE,0,41,0.00%,29.2
https://jus-tice.co.il/psakdin/%D7%91%D7%99%D7%98%D7%95%D7%9C-%D7%A6%D7%95%D7%95%D7%90%D7%94-%D7%9E%D7%90%D7%95%D7%97%D7%A8%D7%AA-%D7%91%D7%A9%D7%9C-%D7%94%D7%A9%D7%A4%D7%A2%D7%94-%D7%91%D7%9C%D7%AA%D7%99-%D7%94%D7%95%D7%92%D7%A0/,DESKTOP,0,8,0.00%,59.0
https://jus-tice.co.il/psakdin/%D7%91%D7%99%D7%98%D7%95%D7%9C-%D7%A6%D7%95%D7%95%D7%90%D7%94-%D7%9E%D7%90%D7%95%D7%97%D7%A8%D7%AA-%D7%91%D7%A9%D7%9C-%D7%94%D7%A9%D7%A4%D7%A2%D7%94-%D7%91%D7%9C%D7%AA%D7%99-%D7%94%D7%95%D7%92%D7%A0/,MOBILE,0,12,0.00%,40.0
https://jus-tice.co.il/psakdin/%D7%91%D7%99%D7%98%D7%95%D7%9C-%D7%A6%D7%95-%D7%A1%D7%92%D7%99%D7%A8%D7%94-%D7%9C%D7%A2%D7%A1%D7%A7-%D7%9C%D7%A4%D7%99-%D7%A1%D7%A2%D7%99%D7%A3-22%D7%91-%D7%9C%D7%97%D7%95%D7%A7-%D7%A8%D7%99%D7%A9/,DESKTOP,0,23,0.00%,31.9
https://jus-tice.co.il/psakdin/%D7%91%D7%99%D7%98%D7%95%D7%9C-%D7%A6%D7%95-%D7%A1%D7%92%D7%99%D7%A8%D7%94-%D7%9C%D7%A2%D7%A1%D7%A7-%D7%9C%D7%A4%D7%99-%D7%A1%D7%A2%D7%99%D7%A3-22%D7%91-%D7%9C%D7%97%D7%95%D7%A7-%D7%A8%D7%99%D7%A9/,MOBILE,0,13,0.00%,21.1
https://jus-tice.co.il/psakdin/%D7%91%D7%A7%D7%A9%D7%94-%D7%9C%D7%90%D7%99%D7%A9%D7%95%D7%A8-%D7%94%D7%A1%D7%93%D7%A8-%D7%97%D7%95%D7%91-%D7%95%D7%91%D7%A7%D7%A9%D7%95%D7%AA-%D7%9C%D7%9E%D7%AA%D7%9F-%D7%A6%D7%95-%D7%9C%D7%A4%D7%AA/,DESKTOP,0,96,0.00%,27.1
https://jus-tice.co.il/psakdin/%D7%91%D7%A7%D7%A9%D7%94-%D7%9C%D7%90%D7%99%D7%A9%D7%95%D7%A8-%D7%94%D7%A1%D7%93%D7%A8-%D7%97%D7%95%D7%91-%D7%95%D7%91%D7%A7%D7%A9%D7%95%D7%AA-%D7%9C%D7%9E%D7%AA%D7%9F-%D7%A6%D7%95-%D7%9C%D7%A4%D7%AA/,MOBILE,0,3,0.00%,33.0
https://jus-tice.co.il/psakdin/%D7%91%D7%AA%D7%99-%D7%9E%D7%A9%D7%A4%D7%98-%D7%A0%D7%95%D7%94%D7%9C-%D7%97%D7%99%D7%A1%D7%99%D7%95%D7%9F-%D7%AA%D7%99%D7%A7%D7%99%D7%9D/,DESKTOP,0,24,0.00%,78.1
https://jus-tice.co.il/psakdin/%D7%91%D7%AA%D7%99-%D7%9E%D7%A9%D7%A4%D7%98-%D7%A0%D7%95%D7%94%D7%9C-%D7%97%D7%99%D7%A1%D7%99%D7%95%D7%9F-%D7%AA%D7%99%D7%A7%D7%99%D7%9D/,MOBILE,0,6,0.00%,11.8
https://jus-tice.co.il/psakdin/%D7%94%D7%92%D7%91%D7%9C%D7%94-%D7%A2%D7%9C-%D7%9E%D7%A1%D7%99%D7%A8%D7%AA-%D7%9E%D7%99%D7%93%D7%A2-%D7%9E%D7%94%D7%9E%D7%A8%D7%A9%D7%9D-%D7%94%D7%A4%D7%9C%D7%99%D7%9C%D7%99-%D7%95%D7%A7%D7%99%D7%A6%D7%95%D7%A8-%D7%AA%D7%A7%D7%95%D7%A4%D7%AA-%D7%94%D7%A8%D7%99%D7%A9%D7%95%D7%9D/,DESKTOP,0,2,0.00%,9.5
https://jus-tice.co.il/psakdin/%D7%94%D7%97%D7%9C%D7%AA-%D7%A4%D7%A8%D7%A7-%D7%93-%D7%9C%D7%97%D7%95%D7%A7-%D7%A9%D7%99%D7%A8%D7%95%D7%AA-%D7%A2%D7%91%D7%95%D7%93%D7%94-%D7%91%D7%A9%D7%A2%D7%AA-%D7%97%D7%99%D7%A8%D7%95%D7%9D/,DESKTOP,0,1,0.00%,9.0
https://jus-tice.co.il/psakdin/%D7%94%D7%97%D7%9C%D7%AA-%D7%A4%D7%A8%D7%A7-%D7%93-%D7%9C%D7%97%D7%95%D7%A7-%D7%A9%D7%99%D7%A8%D7%95%D7%AA-%D7%A2%D7%91%D7%95%D7%93%D7%94-%D7%91%D7%A9%D7%A2%D7%AA-%D7%97%D7%99%D7%A8%D7%95%D7%9D/,MOBILE,0,12,0.00%,11.4
https://jus-tice.co.il/psakdin/%D7%94%D7%98%D7%99%D7%A4%D7%95%D7%9C-%D7%91%D7%A0%D7%A4%D7%92%D7%A2%D7%99-%D7%A2%D7%91%D7%99%D7%A8%D7%95%D7%AA-%D7%9E%D7%99%D7%9F-%D7%91%D7%94%D7%9C%D7%99%D7%9A-%D7%94%D7%A4%D7%9C%D7%99%D7%9C%D7%99/,DESKTOP,0,42,0.00%,60.9
https://jus-tice.co.il/psakdin/%D7%94%D7%98%D7%99%D7%A4%D7%95%D7%9C-%D7%91%D7%A0%D7%A4%D7%92%D7%A2%D7%99-%D7%A2%D7%91%D7%99%D7%A8%D7%95%D7%AA-%D7%9E%D7%99%D7%9F-%D7%91%D7%94%D7%9C%D7%99%D7%9A-%D7%94%D7%A4%D7%9C%D7%99%D7%9C%D7%99/,MOBILE,0,1,0.00%,38.0
https://jus-tice.co.il/psakdin/%D7%94%D7%99%D7%95%D7%A2%D7%9E%D7%A9-%D7%90%D7%99%D7%A9%D7%A8-%D7%AA%D7%97%D7%9C%D7%99%D7%A3-%D7%92%D7%A0%D7%A8%D7%99-%D7%9C%D7%A7%D7%9C%D7%98%D7%A8%D7%94-%D7%AA%D7%A8%D7%95%D7%A4%D7%94-%D7%90%D7%A0/,DESKTOP,0,6,0.00%,45.7
https://jus-tice.co.il/psakdin/%D7%94%D7%99%D7%95%D7%A2%D7%9E%D7%A9-%D7%90%D7%99%D7%A9%D7%A8-%D7%AA%D7%97%D7%9C%D7%99%D7%A3-%D7%92%D7%A0%D7%A8%D7%99-%D7%9C%D7%A7%D7%9C%D7%98%D7%A8%D7%94-%D7%AA%D7%A8%D7%95%D7%A4%D7%94-%D7%90%D7%A0/,MOBILE,0,1,0.00%,20.0
https://jus-tice.co.il/psakdin/%D7%94%D7%9C%D7%99%D7%9B%D7%99-%D7%92%D7%99%D7%A8%D7%95%D7%A9%D7%99%D7%9F-%D7%9E%D7%91%D7%97%D7%9F-%D7%94%D7%96%D7%99%D7%A7%D7%95%D7%AA-%D7%98%D7%A2%D7%A0%D7%94-%D7%9B%D7%99-%D7%91%D7%99%D7%9E/,DESKTOP,0,27,0.00%,39.4
https://jus-tice.co.il/psakdin/%D7%94%D7%9C%D7%99%D7%9B%D7%99-%D7%92%D7%99%D7%A8%D7%95%D7%A9%D7%99%D7%9F-%D7%9E%D7%91%D7%97%D7%9F-%D7%94%D7%96%D7%99%D7%A7%D7%95%D7%AA-%D7%98%D7%A2%D7%A0%D7%94-%D7%9B%D7%99-%D7%91%D7%99%D7%9E/,MOBILE,0,6,0.00%,25.8
https://jus-tice.co.il/psakdin/%D7%94%D7%A4%D7%A8%D7%AA-%D7%97%D7%95%D7%A7-%D7%94%D7%9B%D7%A0%D7%99%D7%A1%D7%94-%D7%9C%D7%99%D7%A9%D7%A8%D7%90%D7%9C-%D7%93%D7%A8%D7%9A-%D7%A0%D7%AA%D7%91%D7%92/,DESKTOP,0,4,0.00%,55.5
https://jus-tice.co.il/psakdin/%D7%94%D7%A7%D7%9C%D7%95%D7%AA-%D7%9E%D7%A1-%D7%95%D7%99%D7%A8%D7%95%D7%A1-%D7%A7%D7%95%D7%A8%D7%95%D7%A0%D7%94-%D7%94%D7%90%D7%A8%D7%9B%D7%AA-%D7%AA%D7%95%D7%A7%D7%A3-%D7%90%D7%99%D7%A9%D7%95/,DESKTOP,0,5,0.00%,44.2
https://jus-tice.co.il/psakdin/%D7%94%D7%AA%D7%A0%D7%92%D7%93%D7%95%D7%AA-%D7%9C%D7%A6%D7%95%D7%95%D7%90%D7%94-%D7%91%D7%A9%D7%9C-%D7%94%D7%A9%D7%A4%D7%A2%D7%94-%D7%91%D7%9C%D7%AA%D7%99-%D7%94%D7%95%D7%92%D7%A0%D7%AA/,DESKTOP,0,114,0.00%,31.9
https://jus-tice.co.il/psakdin/%D7%94%D7%AA%D7%A0%D7%92%D7%93%D7%95%D7%AA-%D7%9C%D7%A6%D7%95%D7%95%D7%90%D7%94-%D7%91%D7%A9%D7%9C-%D7%94%D7%A9%D7%A4%D7%A2%D7%94-%D7%91%D7%9C%D7%AA%D7%99-%D7%94%D7%95%D7%92%D7%A0%D7%AA/,MOBILE,0,19,0.00%,32.9
https://jus-tice.co.il/psakdin/%D7%97%D7%95%D7%A7-%D7%A9%D7%99%D7%A8%D7%95%D7%AA-%D7%94%D7%91%D7%99%D7%98%D7%97%D7%95%D7%9F-%D7%94%D7%9B%D7%9C%D7%9C%D7%99-%D7%94%D7%AA%D7%A9%D7%A1%D7%B4%D7%91-2002/,DESKTOP,0,11,0.00%,33.9
https://jus-tice.co.il/psakdin/%D7%97%D7%95%D7%A7-%D7%A9%D7%99%D7%A8%D7%95%D7%AA-%D7%94%D7%91%D7%99%D7%98%D7%97%D7%95%D7%9F-%D7%94%D7%9B%D7%9C%D7%9C%D7%99-%D7%94%D7%AA%D7%A9%D7%A1%D7%B4%D7%91-2002/,MOBILE,0,8,0.00%,26.5
https://jus-tice.co.il/psakdin/%D7%97%D7%99%D7%A0%D7%95%D7%9A-%D7%94%D7%99%D7%9C%D7%93%D7%99%D7%9D-%D7%91%D7%9E%D7%95%D7%A1%D7%93-%D7%A9%D7%9C-%D7%90%D7%99%D7%96%D7%94-%D7%96%D7%A8%D7%9D-%D7%93%D7%AA%D7%99-%D7%99%D7%AA%D7%97%D7%A0/,DESKTOP,0,17,0.00%,12.8
https://jus-tice.co.il/psakdin/%D7%97%D7%99%D7%A0%D7%95%D7%9A-%D7%94%D7%99%D7%9C%D7%93%D7%99%D7%9D-%D7%91%D7%9E%D7%95%D7%A1%D7%93-%D7%A9%D7%9C-%D7%90%D7%99%D7%96%D7%94-%D7%96%D7%A8%D7%9D-%D7%93%D7%AA%D7%99-%D7%99%D7%AA%D7%97%D7%A0/,MOBILE,0,3,0.00%,34.0
https://jus-tice.co.il/psakdin/%D7%9E%D7%90%D7%92%D7%A8-%D7%9E%D7%99%D7%93%D7%A2-%D7%A8%D7%A9%D7%9C%D7%A0%D7%95%D7%AA-%D7%A8%D7%A4%D7%95%D7%90%D7%99%D7%AA/,DESKTOP,0,8,0.00%,70.9
https://jus-tice.co.il/psakdin/%D7%9E%D7%90%D7%92%D7%A8-%D7%9E%D7%99%D7%93%D7%A2-%D7%A8%D7%A9%D7%9C%D7%A0%D7%95%D7%AA-%D7%A8%D7%A4%D7%95%D7%90%D7%99%D7%AA/,MOBILE,0,2,0.00%,74.0
https://jus-tice.co.il/psakdin/%D7%A2%D7%95%D7%A0%D7%A9-%D7%94%D7%97%D7%96%D7%A7%D7%AA-%D7%A7%D7%A0%D7%90%D7%91%D7%99%D7%A1-%D7%99%D7%99%D7%A6%D7%95%D7%A8-%D7%94%D7%9B%D7%A0%D7%94-%D7%95%D7%94%D7%A4%D7%A7%D7%94-%D7%A9%D7%9C-%D7%A1%D7%9D-%D7%95%D7%A2%D7%95%D7%93/,DESKTOP,0,6,0.00%,77.8
https://jus-tice.co.il/psakdin/%D7%A4%D7%A1%D7%93-%D7%91%D7%91%D7%A7%D7%A9%D7%94-%D7%9C%D7%94%D7%A2%D7%91%D7%A8%D7%AA-%D7%94%D7%9E%D7%A9%D7%9E%D7%95%D7%A8%D7%AA-%D7%90%D7%9C-%D7%94%D7%90%D7%91-%D7%95%D7%A8%D7%99%D7%A9%D7%95%D7%9D/,DESKTOP,0,11,0.00%,38.9
https://jus-tice.co.il/psakdin/%D7%A4%D7%A1%D7%93-%D7%91%D7%91%D7%A7%D7%A9%D7%94-%D7%9C%D7%94%D7%A2%D7%91%D7%A8%D7%AA-%D7%94%D7%9E%D7%A9%D7%9E%D7%95%D7%A8%D7%AA-%D7%90%D7%9C-%D7%94%D7%90%D7%91-%D7%95%D7%A8%D7%99%D7%A9%D7%95%D7%9D/,MOBILE,0,12,0.00%,10.0
https://jus-tice.co.il/psakdin/%D7%A4%D7%A1%D7%93-%D7%91%D7%A2%D7%A8%D7%A2%D7%95%D7%A8-%D7%91%D7%95%D7%A7%D7%99%D7%A0%D7%92-%D7%A7%D7%95%D7%9D-%D7%A0-%D7%94%D7%97%D7%9C%D7%98%D7%AA-%D7%94%D7%A8%D7%A9%D7%95%D7%AA-%D7%9C%D7%94/,DESKTOP,0,15,0.00%,56.1
https://jus-tice.co.il/psakdin/%D7%A4%D7%A1%D7%93-%D7%91%D7%A2%D7%A8%D7%A2%D7%95%D7%A8-%D7%91%D7%95%D7%A7%D7%99%D7%A0%D7%92-%D7%A7%D7%95%D7%9D-%D7%A0-%D7%94%D7%97%D7%9C%D7%98%D7%AA-%D7%94%D7%A8%D7%A9%D7%95%D7%AA-%D7%9C%D7%94/,MOBILE,0,2,0.00%,40.5
https://jus-tice.co.il/psakdin/%D7%A4%D7%A1%D7%93-%D7%91%D7%AA%D7%95%D7%91%D7%A2%D7%A0%D7%94-%D7%A0%D7%96%D7%99%D7%A7%D7%99%D7%AA-%D7%A0%D7%92%D7%93-%D7%99%D7%A6%D7%97%D7%A7-%D7%94%D7%A8%D7%A6%D7%95%D7%92-%D7%95%D7%90%D7%97/,DESKTOP,0,7,0.00%,71.4
https://jus-tice.co.il/psakdin/%D7%A4%D7%A1%D7%93-%D7%A1%D7%9C%D7%A7%D7%95%D7%9D-%D7%9E%D7%9B%D7%A8%D7%94-%D7%9E%D7%99%D7%93%D7%A2-%D7%95%D7%A0%D7%AA%D7%95%D7%A0%D7%99-%D7%90%D7%99%D7%9B%D7%95%D7%9F-%D7%A2%D7%9C-%D7%9C%D7%A7/,DESKTOP,0,11,0.00%,34.9
https://jus-tice.co.il/psakdin/%D7%A4%D7%A1%D7%93-%D7%A1%D7%9C%D7%A7%D7%95%D7%9D-%D7%9E%D7%9B%D7%A8%D7%94-%D7%9E%D7%99%D7%93%D7%A2-%D7%95%D7%A0%D7%AA%D7%95%D7%A0%D7%99-%D7%90%D7%99%D7%9B%D7%95%D7%9F-%D7%A2%D7%9C-%D7%9C%D7%A7/,MOBILE,0,1,0.00%,55.0
https://jus-tice.co.il/psakdin/%D7%A4%D7%A1%D7%A7-%D7%93%D7%99%D7%9F-%D7%91%D7%AA%D7%91%D7%99%D7%A2%D7%94-%D7%9C%D7%97%D7%99%D7%95%D7%91-%D7%99%D7%95%D7%A2%D7%A5-%D7%94%D7%A9%D7%A7%D7%A2%D7%95%D7%AA-%D7%91%D7%92%D7%99%D7%9F-%D7%A0%D7%96%D7%A7/,DESKTOP,0,2,0.00%,70.0
https://jus-tice.co.il/psakdin/%D7%A4%D7%A1%D7%A7-%D7%93%D7%99%D7%9F-%D7%A4%D7%99%D7%A6%D7%95%D7%99%D7%99-%D7%A4%D7%99%D7%98%D7%95%D7%A8%D7%99%D7%9F-%D7%AA%D7%91%D7%99%D7%A2%D7%94-%D7%9C%D7%94%D7%A8%D7%9E%D7%AA-%D7%9E%D7%A1%D7%9A/,DESKTOP,0,5,0.00%,44.0
https://jus-tice.co.il/psakdin/%D7%A4%D7%A8%D7%A1%D7%9D-%D7%94%D7%A7%D7%9C%D7%98%D7%95%D7%AA-%D7%9E%D7%9E%D7%A1%D7%9E%D7%9A-%D7%94%D7%A8%D7%A4%D7%96-%D7%A4%D7%A1%D7%93-%D7%94%D7%A2%D7%A8%D7%A2%D7%95%D7%A8/,DESKTOP,0,4,0.00%,55.5
https://jus-tice.co.il/psakdin/%D7%A6%D7%95-%D7%94%D7%95%D7%A8%D7%95%D7%AA-%D7%9E%D7%9B%D7%95%D7%97-%D7%96%D7%99%D7%A7%D7%94-%D7%9C%D7%96%D7%99%D7%A7%D7%94-%D7%9C%D7%90%D7%96%D7%A8%D7%97%D7%99%D7%AA-%D7%96%D7%A8%D7%94/,DESKTOP,0,83,0.00%,51.8
https://jus-tice.co.il/psakdin/%D7%A6%D7%95-%D7%94%D7%95%D7%A8%D7%95%D7%AA-%D7%9E%D7%9B%D7%95%D7%97-%D7%96%D7%99%D7%A7%D7%94-%D7%9C%D7%96%D7%99%D7%A7%D7%94-%D7%9C%D7%90%D7%96%D7%A8%D7%97%D7%99%D7%AA-%D7%96%D7%A8%D7%94/,MOBILE,0,30,0.00%,42.2
https://jus-tice.co.il/psakdin/%D7%A8%D7%90%D7%A9-%D7%A2%D7%A8%D7%99%D7%99%D7%AA-%D7%98%D7%91%D7%A8%D7%99%D7%94-%D7%A8%D7%95%D7%9F-%D7%A7%D7%95%D7%91%D7%99-%D7%A4%D7%A1%D7%93-%D7%91%D7%AA%D7%91%D7%99%D7%A2%D7%94-%D7%9C%D7%A4/,DESKTOP,0,2,0.00%,42.0
https://jus-tice.co.il/psakdin/%D7%A8%D7%90%D7%A9-%D7%A2%D7%A8%D7%99%D7%99%D7%AA-%D7%98%D7%91%D7%A8%D7%99%D7%94-%D7%A8%D7%95%D7%9F-%D7%A7%D7%95%D7%91%D7%99-%D7%A4%D7%A1%D7%93-%D7%91%D7%AA%D7%91%D7%99%D7%A2%D7%94-%D7%9C%D7%A4/,MOBILE,0,1,0.00%,18.0
https://jus-tice.co.il/psakdin/%D7%A9%D7%99%D7%A2%D7%95%D7%A8%D7%99-%D7%94%D7%A8%D7%A9%D7%A2%D7%94-%D7%95%D7%96%D7%99%D7%9B%D7%95%D7%99-%D7%91%D7%94%D7%9C%D7%99%D7%9B%D7%99%D7%9D-%D7%A4%D7%9C%D7%99%D7%9C%D7%99%D7%99%D7%9D/,DESKTOP,0,24,0.00%,55.1
https://jus-tice.co.il/psakdin/%D7%A9%D7%99%D7%A2%D7%95%D7%A8%D7%99-%D7%94%D7%A8%D7%A9%D7%A2%D7%94-%D7%95%D7%96%D7%99%D7%9B%D7%95%D7%99-%D7%91%D7%94%D7%9C%D7%99%D7%9B%D7%99%D7%9D-%D7%A4%D7%9C%D7%99%D7%9C%D7%99%D7%99%D7%9D/,MOBILE,0,3,0.00%,40.7
https://jus-tice.co.il/psakdin/%D7%AA%D7%91%D7%99%D7%A2%D7%94-%D7%9C%D7%9E%D7%96%D7%95%D7%A0%D7%95%D7%AA-%D7%90%D7%99%D7%A9%D7%94-%D7%95%D7%A7%D7%98%D7%99%D7%A0%D7%95%D7%AA/,DESKTOP,0,56,0.00%,62.6
https://jus-tice.co.il/psakdin/%D7%AA%D7%91%D7%99%D7%A2%D7%94-%D7%9C%D7%9E%D7%96%D7%95%D7%A0%D7%95%D7%AA-%D7%90%D7%99%D7%A9%D7%94-%D7%95%D7%A7%D7%98%D7%99%D7%A0%D7%95%D7%AA/,MOBILE,0,114,0.00%,40.2
https://jus-tice.co.il/psakdin/%D7%AA%D7%91%D7%99%D7%A2%D7%94-%D7%9C%D7%9E%D7%96%D7%95%D7%A0%D7%95%D7%AA-%D7%90%D7%99%D7%A9%D7%94-%D7%95%D7%A7%D7%98%D7%99%D7%A0%D7%95%D7%AA/,TABLET,0,8,0.00%,35.8
https://jus-tice.co.il/psakdin/%D7%AA%D7%91%D7%99%D7%A2%D7%94-%D7%A9%D7%9C-%D7%9E%D7%9C%D7%A6%D7%A8%D7%99%D7%AA-%D7%94%D7%98%D7%A8%D7%93%D7%94-%D7%9E%D7%99%D7%A0%D7%99%D7%AA-300000-%D7%A9%D7%97-%D7%A4%D7%99%D7%A6%D7%95%D7%99/,DESKTOP,0,10,0.00%,56.2
https://jus-tice.co.il/psakdin/%D7%AA%D7%91%D7%99%D7%A2%D7%94-%D7%A9%D7%9C-%D7%9E%D7%9C%D7%A6%D7%A8%D7%99%D7%AA-%D7%94%D7%98%D7%A8%D7%93%D7%94-%D7%9E%D7%99%D7%A0%D7%99%D7%AA-300000-%D7%A9%D7%97-%D7%A4%D7%99%D7%A6%D7%95%D7%99/,MOBILE,0,2,0.00%,75.0
https://jus-tice.co.il/psakdin/%D7%AA%D7%91%D7%99%D7%A2%D7%95%D7%AA-%D7%A8%D7%9B%D7%95%D7%A9%D7%99%D7%95%D7%AA-%D7%94%D7%93%D7%93%D7%99%D7%95%D7%AA-%D7%A9%D7%9C-%D7%91%D7%A0%D7%99-%D7%96%D7%95%D7%92-%D7%9C%D7%A9%D7%A2%D7%91%D7%A8/,DESKTOP,0,9,0.00%,40.4
https://jus-tice.co.il/psakdin/%D7%AA%D7%91%D7%99%D7%A2%D7%95%D7%AA-%D7%A8%D7%9B%D7%95%D7%A9%D7%99%D7%95%D7%AA-%D7%94%D7%93%D7%93%D7%99%D7%95%D7%AA-%D7%A9%D7%9C-%D7%91%D7%A0%D7%99-%D7%96%D7%95%D7%92-%D7%9C%D7%A9%D7%A2%D7%91%D7%A8/,MOBILE,0,14,0.00%,23.4
https://jus-tice.co.il/psakdin/20-%D7%98%D7%99%D7%A4%D7%99%D7%9D-%D7%9C%D7%9E%D7%A0%D7%99%D7%A2%D7%AA-%D7%A8%D7%A9%D7%9C%D7%A0%D7%95%D7%AA-%D7%A8%D7%A4%D7%95%D7%90%D7%99%D7%AA/,DESKTOP,0,36,0.00%,49.8
https://jus-tice.co.il/psakdin/20-%D7%98%D7%99%D7%A4%D7%99%D7%9D-%D7%9C%D7%9E%D7%A0%D7%99%D7%A2%D7%AA-%D7%A8%D7%A9%D7%9C%D7%A0%D7%95%D7%AA-%D7%A8%D7%A4%D7%95%D7%90%D7%99%D7%AA/,MOBILE,0,42,0.00%,51.0
https://jus-tice.co.il/psakdin/page/3/,DESKTOP,0,4,0.00%,42.0
https://jus-tice.co.il/psakdin/page/4/,DESKTOP,0,2,0.00%,53.5
https://jus-tice.co.il/real-estate-investment-strategies-for-2023/,DESKTOP,0,24,0.00%,16.8
https://jus-tice.co.il/real-estate-investment-strategies-for-2023/,MOBILE,0,20,0.00%,19.7
https://jus-tice.co.il/real-estate-lawyer-cost-2025/,DESKTOP,0,2588,0.00%,64.6
https://jus-tice.co.il/real-estate-lawyer-cost-2025/,MOBILE,0,174,0.00%,56.8
https://jus-tice.co.il/rental-agreement/,DESKTOP,0,500,0.00%,53.1
https://jus-tice.co.il/rental-agreement/,MOBILE,0,91,0.00%,52.6
https://jus-tice.co.il/research-report-n156-persistent-symptoms/,DESKTOP,0,8,0.00%,49.3
https://jus-tice.co.il/research-report-n156-persistent-symptoms/,MOBILE,0,3,0.00%,21.3
https://jus-tice.co.il/returning-resident-rights-determining-tax-rate/,DESKTOP,0,71,0.00%,52.4
https://jus-tice.co.il/returning-resident-rights-determining-tax-rate/,MOBILE,0,5,0.00%,44.6
https://jus-tice.co.il/revocation-of-a-will-and-reviving-previous-will/,DESKTOP,0,12,0.00%,60.4
https://jus-tice.co.il/revocation-of-a-will-and-reviving-previous-will/,MOBILE,0,2,0.00%,62.5
https://jus-tice.co.il/robert-stephan-cohen/,DESKTOP,0,7,0.00%,35.4
https://jus-tice.co.il/robert-stephan-cohen/,MOBILE,0,13,0.00%,11.9
https://jus-tice.co.il/ruling-on-conflicting-real-estate-transactions/,DESKTOP,0,1,0.00%,53.0
https://jus-tice.co.il/search-engine-optimization/,DESKTOP,0,296,0.00%,39.0
https://jus-tice.co.il/search-engine-optimization/,MOBILE,0,9,0.00%,54.2
https://jus-tice.co.il/self-employed-and-freelancer/,DESKTOP,0,3,0.00%,66.0
https://jus-tice.co.il/small_claims/%D7%9B%D7%A8%D7%98%D7%99%D7%A1%D7%99-%D7%98%D7%99%D7%A1%D7%94-%D7%97%D7%91%D7%A8%D7%AA-%D7%AA%D7%A2%D7%95%D7%A4%D7%94-%D7%A4%D7%A9%D7%98%D7%94-%D7%90%D7%AA-%D7%94%D7%A8%D7%92%D7%9C-%D7%A1%D7%95%D7%9B/,DESKTOP,0,6,0.00%,61.0
https://jus-tice.co.il/small_claims/%D7%9B%D7%A8%D7%98%D7%99%D7%A1%D7%99-%D7%98%D7%99%D7%A1%D7%94-%D7%97%D7%91%D7%A8%D7%AA-%D7%AA%D7%A2%D7%95%D7%A4%D7%94-%D7%A4%D7%A9%D7%98%D7%94-%D7%90%D7%AA-%D7%94%D7%A8%D7%92%D7%9C-%D7%A1%D7%95%D7%9B/,MOBILE,0,4,0.00%,39.8
https://jus-tice.co.il/sofia-galvao/,DESKTOP,0,55,0.00%,62.5
https://jus-tice.co.il/south-african-property-law/,DESKTOP,0,258,0.00%,9.2
https://jus-tice.co.il/south-african-property-law/,MOBILE,0,12,0.00%,11.2
https://jus-tice.co.il/strategic-divorce-cost-planning/,DESKTOP,0,173,0.00%,63.3
https://jus-tice.co.il/strategic-divorce-cost-planning/,MOBILE,0,136,0.00%,57.8
https://jus-tice.co.il/supreme-court/%D7%A2%D7%90-7023-19-%D7%A4%D7%9C%D7%95%D7%A0%D7%99-%D7%A0-%D7%A4%D7%9C%D7%95%D7%A0%D7%99/,DESKTOP,0,11,0.00%,62.3
https://jus-tice.co.il/supreme_court/%D7%91%D7%92%D7%A5-2144-20-25-03-%D7%9E%D7%97%D7%99%D7%99%D7%91-%D7%91%D7%97%D7%99%D7%A8%D7%AA-%D7%99%D7%95%D7%A8-%D7%A7%D7%91%D7%95%D7%A2-%D7%9C%D7%9B%D7%A0%D7%A1%D7%AA/,DESKTOP,0,1,0.00%,28.0
https://jus-tice.co.il/surgical-errors-medical-malpractice/,DESKTOP,0,22,0.00%,21.3
https://jus-tice.co.il/surgical-errors-medical-malpractice/,MOBILE,0,15,0.00%,21.9
https://jus-tice.co.il/tel-aviv-city-best-lawyers/,DESKTOP,0,52,0.00%,79.6
https://jus-tice.co.il/tel-aviv-city-best-lawyers/,MOBILE,0,1,0.00%,1.0
https://jus-tice.co.il/the-race-for-jurisdiction-family-law/,DESKTOP,0,14,0.00%,64.4
https://jus-tice.co.il/tort/%D7%A4%D7%99%D7%A6%D7%95%D7%99-%D7%AA%D7%90%D7%95%D7%A0%D7%AA-%D7%90%D7%95%D7%A4%D7%A0%D7%95%D7%A2/,DESKTOP,0,1,0.00%,33.0
https://jus-tice.co.il/tort/%D7%A4%D7%A7%D7%95%D7%93%D7%AA-%D7%94%D7%A0%D7%96%D7%99%D7%A7%D7%99%D7%9F-%D7%A0%D7%95%D7%A1%D7%97-%D7%97%D7%93%D7%A9/,DESKTOP,0,3,0.00%,80.7
https://jus-tice.co.il/unbundled-legal-services/,DESKTOP,0,2,0.00%,37.5
https://jus-tice.co.il/united-arab-emirates-market-overview/,DESKTOP,0,8,0.00%,30.8
https://jus-tice.co.il/united-arab-emirates-market-overview/,MOBILE,0,4,0.00%,10.5
https://jus-tice.co.il/vonovia/,DESKTOP,0,41,0.00%,36.1
https://jus-tice.co.il/weil-gotshal-manges/,DESKTOP,0,3,0.00%,47.3
https://jus-tice.co.il/what-is-a-probate-order/,DESKTOP,0,8,0.00%,55.4
https://jus-tice.co.il/what-is-bitcoin/,DESKTOP,0,165,0.00%,54.8
https://jus-tice.co.il/what-is-bitcoin/,MOBILE,0,88,0.00%,56.8
https://jus-tice.co.il/what-is-bitcoin/,TABLET,0,1,0.00%,53.0
https://jus-tice.co.il/what-is-child-custody/,DESKTOP,0,522,0.00%,61.0
https://jus-tice.co.il/what-is-child-custody/,MOBILE,0,31,0.00%,63.1
https://jus-tice.co.il/what-is-medical-malpractice-definition-examples/,DESKTOP,0,478,0.00%,34.3
https://jus-tice.co.il/what-is-medical-malpractice-definition-examples/,MOBILE,0,2,0.00%,51.0
https://jus-tice.co.il/what-to-avoid-when-hiring-a-web-design-company/,DESKTOP,0,14,0.00%,73.7
https://jus-tice.co.il/what-to-consider-when-hiring-a-criminal-lawyer/,DESKTOP,0,4,0.00%,86.3
https://jus-tice.co.il/wp-content/uploads/2019/03/%D7%91%D7%99%D7%94%D7%93-%D7%94%D7%90%D7%96%D7%95%D7%A8%D7%99-%D7%9C%D7%A2%D7%91%D7%95%D7%93%D7%94-%D7%91%D7%AA%D7%90-%D7%94%D7%A0%D7%A9%D7%99%D7%90%D7%94-%D7%90%D7%A4%D7%A8%D7%AA-%D7%9C%D7%A7%D7%A1%D7%A8-%D7%94%D7%97%D7%9C%D7%98%D7%94-%D7%91%D7%A0%D7%95%D7%A9%D7%90-%D7%9E%D7%A2%D7%91%D7%A8%D7%99-%D7%94%D7%92%D7%91%D7%95%D7%9C.pdf,DESKTOP,0,3,0.00%,20.0
https://jus-tice.co.il/wp-content/uploads/2019/03/%D7%91%D7%99%D7%94%D7%93-%D7%94%D7%90%D7%96%D7%95%D7%A8%D7%99-%D7%9C%D7%A2%D7%91%D7%95%D7%93%D7%94-%D7%91%D7%AA%D7%90-%D7%94%D7%A0%D7%A9%D7%99%D7%90%D7%94-%D7%90%D7%A4%D7%A8%D7%AA-%D7%9C%D7%A7%D7%A1%D7%A8-%D7%94%D7%97%D7%9C%D7%98%D7%94-%D7%91%D7%A0%D7%95%D7%A9%D7%90-%D7%9E%D7%A2%D7%91%D7%A8%D7%99-%D7%94%D7%92%D7%91%D7%95%D7%9C.pdf,MOBILE,0,3,0.00%,16.7
https://jus-tice.co.il/wp-content/uploads/2019/03/%D7%91%D7%99%D7%94%D7%93-%D7%94%D7%90%D7%96%D7%95%D7%A8%D7%99-%D7%9C%D7%A2%D7%91%D7%95%D7%93%D7%94-%D7%91%D7%AA%D7%90-%D7%A9-%D7%93%D7%95%D7%A8%D7%99-%D7%A1%D7%A4%D7%99%D7%91%D7%A7-%D7%90%D7%99%D7%A9%D7%95%D7%A8-%D7%AA%D7%95%D7%91%D7%A2%D7%A0%D7%94-%D7%99%D7%99%D7%A6%D7%95%D7%92%D7%99%D7%AA-%D7%A2%D7%95%D7%91%D7%93%D7%99-%D7%9E%D7%95%D7%A7%D7%93-%D7%98%D7%9C%D7%A4%D7%95%D7%A0%D7%99-%D7%AA%D7%A9%D7%9C%D7%95%D7%9D-%D7%A9%D7%9B%D7%A8-%D7%A2%D7%91%D7%95%D7%93%D7%94-%D7%A2%D7%91%D7%95%D7%A8-%D7%94%D7%A4%D7%A1%D7%A7%D7%95%D7%AA-%D7%A7%D7%A6%D7%A8%D7%95%D7%AA.pdf,DESKTOP,0,1,0.00%,28.0
https://jus-tice.co.il/wp-content/uploads/2019/03/%D7%91%D7%99%D7%94%D7%93-%D7%94%D7%90%D7%96%D7%95%D7%A8%D7%99-%D7%9C%D7%A2%D7%91%D7%95%D7%93%D7%94-%D7%91%D7%AA%D7%90-%D7%A9-%D7%93%D7%A8-%D7%90%D7%A8%D7%99%D7%90%D7%9C%D7%94-%D7%92%D7%99%D7%9C%D7%A6%D7%A8-%D7%9B%D7%A5-%D7%94%D7%97%D7%9C%D7%98%D7%94-%D7%91%D7%A0%D7%95%D7%A9%D7%90-%D7%A7%D7%A4%D7%94-%D7%A0%D7%95%D7%90%D7%A8-%D7%AA%D7%99%D7%A7-%D7%A1%D7%A7-25618-09-17.pdf,DESKTOP,0,1,0.00%,62.0
https://jus-tice.co.il/wp-content/uploads/2019/03/%D7%91%D7%99%D7%94%D7%93-%D7%94%D7%90%D7%96%D7%95%D7%A8%D7%99-%D7%9C%D7%A2%D7%91%D7%95%D7%93%D7%94-%D7%AA%D7%90-%D7%A9-%D7%90%D7%95%D7%A8%D7%9F-%D7%A9%D7%92%D7%91-%D7%A4%D7%A1%D7%93-%D7%91%D7%A2%D7%A0%D7%99%D7%99%D7%9F-%D7%90%D7%97%D7%A8%D7%99%D7%95%D7%AA-%D7%91%D7%99%D7%98%D7%95%D7%97-%D7%9C%D7%90%D7%95%D7%9E%D7%99-%D7%9C%D7%98%D7%99%D7%A4%D7%95%D7%9C-%D7%91%D7%97%D7%95%D7%9C%D7%94-%D7%A1%D7%A8%D7%98%D7%9F.pdf,DESKTOP,0,3,0.00%,39.7
https://jus-tice.co.il/wp-content/uploads/2019/03/%D7%91%D7%99%D7%94%D7%93-%D7%94%D7%90%D7%99%D7%96%D7%95%D7%A8%D7%99-%D7%9C%D7%A2%D7%91%D7%95%D7%93%D7%94-%D7%91%D7%A0%D7%A6%D7%A8%D7%AA-%D7%A9-%D7%98%D7%9C-%D7%92%D7%95%D7%9C%D7%9F-%D7%A4%D7%A1%D7%93-%D7%91%D7%AA%D7%91%D7%99%D7%A2%D7%95%D7%AA-%D7%94%D7%93%D7%93%D7%99%D7%95%D7%AA-%D7%A9%D7%9C-%D7%97%D7%91%D7%A8%D7%94-%D7%9C%D7%99%D7%99%D7%A6%D7%95%D7%A8-%D7%99%D7%A8%D7%99%D7%A2%D7%95%D7%AA-%D7%A4%D7%9C%D7%A1%D7%98%D7%99%D7%A7-%D7%9C%D7%97%D7%A7%D7%9C%D7%90%D7%95%D7%AA-%D7%95%D7%9E%D7%A0%D7%9B%D7%9C-%D7%94%D7%97%D7%91%D7%A8%D7%94-%D7%9C%D7%A9%D7%A2%D7%91%D7%A8.pdf,DESKTOP,0,1,0.00%,25.0
https://jus-tice.co.il/wp-content/uploads/2019/03/%D7%91%D7%99%D7%94%D7%93-%D7%94%D7%90%D7%99%D7%96%D7%95%D7%A8%D7%99-%D7%9C%D7%A2%D7%91%D7%95%D7%93%D7%94-%D7%91%D7%A9-%D7%A9-%D7%A6%D7%91%D7%99-%D7%A4%D7%A8%D7%A0%D7%A7%D7%9C-%D7%A4%D7%A1%D7%93-%D7%91%D7%A0%D7%95%D7%A9%D7%90-%D7%9E%D7%99%D7%A7%D7%A8%D7%95%D7%98%D7%A8%D7%90%D7%95%D7%9E%D7%94-%D7%91%D7%A2%D7%91%D7%95%D7%93%D7%94-%D7%A9%D7%94%D7%AA%D7%A0%D7%94%D7%9C%D7%94-%D7%A2%D7%9C-%D7%A4%D7%A0%D7%99-%D7%97%D7%93%D7%A9%D7%99%D7%9D-%D7%A1%D7%A4%D7%95%D7%A8%D7%99%D7%9D-%D7%91%D7%9C%D7%91%D7%93.pdf,DESKTOP,0,6,0.00%,46.2
https://jus-tice.co.il/wp-content/uploads/2019/03/%D7%91%D7%99%D7%94%D7%93-%D7%94%D7%90%D7%99%D7%96%D7%95%D7%A8%D7%99-%D7%9C%D7%A2%D7%91%D7%95%D7%93%D7%94-%D7%A0%D7%A6%D7%A8%D7%AA-%D7%A9-%D7%93%D7%A8-%D7%98%D7%9C-%D7%92%D7%95%D7%9C%D7%9F-%D7%A4%D7%A1%D7%93-%D7%91%D7%AA%D7%91%D7%99%D7%A2%D7%AA-%D7%94%D7%98%D7%A8%D7%93%D7%94-%D7%9E%D7%99%D7%A0%D7%99%D7%AA-%D7%91%D7%90%D7%A7%D7%93%D7%9E%D7%99%D7%94.pdf,DESKTOP,0,4,0.00%,60.3
https://jus-tice.co.il/wp-content/uploads/2019/03/%D7%91%D7%99%D7%94%D7%93-%D7%94%D7%90%D7%A8%D7%A6%D7%99-%D7%9C%D7%A2%D7%91%D7%95%D7%93%D7%94-%D7%94%D7%A0%D7%A9%D7%99%D7%90%D7%94-%D7%95%D7%99%D7%A8%D7%98-%D7%9C%D7%99%D7%91%D7%A0%D7%94-%D7%A4%D7%A1%D7%93-%D7%91%D7%A0%D7%95%D7%A9%D7%90-%D7%A7%D7%95%D7%A8%D7%A1-%D7%9E%D7%A9%D7%A4%D7%99%D7%A2%D7%99%D7%9D-%D7%A9%D7%9C-%D7%A0%D7%A6%D7%99%D7%91%D7%95%D7%AA-%D7%A9%D7%99%D7%A8%D7%95%D7%AA-%D7%94%D7%9E%D7%93%D7%99%D7%A0%D7%94.pdf,MOBILE,0,1,0.00%,72.0
https://jus-tice.co.il/wp-content/uploads/2019/03/%D7%91%D7%99%D7%94%D7%93-%D7%94%D7%90%D7%A8%D7%A6%D7%99-%D7%9C%D7%A2%D7%91%D7%95%D7%93%D7%94-%D7%A9-%D7%92%D7%9C%D7%99%D7%A7%D7%A1%D7%9E%D7%9F-%D7%94%D7%9E%D7%A6%D7%90%D7%AA-%D7%9B%D7%AA%D7%91%D7%99-%D7%91%D7%99-%D7%93%D7%99%D7%9F-%D7%91%D7%90%D7%9E%D7%A6%D7%A2%D7%95%D7%AA-%D7%A0%D7%98-%D7%94%D7%9E%D7%A9%D7%A4%D7%98.pdf,DESKTOP,0,22,0.00%,57.2
https://jus-tice.co.il/wp-content/uploads/2019/03/%D7%91%D7%99%D7%94%D7%93-%D7%94%D7%90%D7%A8%D7%A6%D7%99-%D7%9C%D7%A2%D7%91%D7%95%D7%93%D7%94-%D7%A9-%D7%A8%D7%95%D7%A0%D7%99%D7%AA-%D7%A8%D7%95%D7%96%D7%A0%D7%A4%D7%9C%D7%93-%D7%A4%D7%A1%D7%93-%D7%91%D7%A0%D7%95%D7%A9%D7%90-%D7%94%D7%A4%D7%9C%D7%99%D7%99%D7%AA-%D7%90%D7%99%D7%A9%D7%94-%D7%91%D7%A7%D7%91%D7%9C%D7%94-%D7%9C%D7%A2%D7%91%D7%95%D7%93%D7%94.pdf,DESKTOP,0,1,0.00%,62.0
https://jus-tice.co.il/wp-content/uploads/2019/03/%D7%91%D7%99%D7%94%D7%93-%D7%94%D7%90%D7%A8%D7%A6%D7%99-%D7%9C%D7%A2%D7%91%D7%95%D7%93%D7%94-%D7%A9-%D7%A8%D7%95%D7%A2%D7%99-%D7%A4%D7%95%D7%9C%D7%99%D7%90%D7%A7-%D7%93%D7%97%D7%99%D7%99%D7%AA-%D7%A2%D7%A8%D7%A2%D7%95%D7%A8-%D7%91%D7%AA%D7%91%D7%99%D7%A2%D7%94-%D7%A2%D7%9C-%D7%A1%D7%99%D7%95%D7%9D-%D7%94%D7%A2%D7%A1%D7%A7%D7%94-%D7%91%D7%90%D7%AA%D7%A8-%D7%90%D7%99%D7%A0%D7%98%D7%A8%D7%A0%D7%98-%D7%90%D7%99%D7%A8%D7%95%D7%98%D7%99.pdf,DESKTOP,0,3,0.00%,65.3
https://jus-tice.co.il/wp-content/uploads/2019/03/%D7%91%D7%99%D7%94%D7%93-%D7%94%D7%90%D7%A8%D7%A6%D7%99-%D7%9C%D7%A2%D7%91%D7%95%D7%93%D7%94-%D7%A9-%D7%A8%D7%95%D7%A2%D7%99-%D7%A4%D7%95%D7%9C%D7%99%D7%90%D7%A7-%D7%93%D7%97%D7%99%D7%99%D7%AA-%D7%A2%D7%A8%D7%A2%D7%95%D7%A8-%D7%91%D7%AA%D7%91%D7%99%D7%A2%D7%94-%D7%A2%D7%9C-%D7%A1%D7%99%D7%95%D7%9D-%D7%94%D7%A2%D7%A1%D7%A7%D7%94-%D7%91%D7%90%D7%AA%D7%A8-%D7%90%D7%99%D7%A0%D7%98%D7%A8%D7%A0%D7%98-%D7%90%D7%99%D7%A8%D7%95%D7%98%D7%99.pdf,MOBILE,0,1,0.00%,23.0
https://jus-tice.co.il/wp-content/uploads/2019/03/%D7%91%D7%99%D7%AA-%D7%94%D7%93%D7%99%D7%9F-%D7%94%D7%90%D7%96%D7%95%D7%A8%D7%99-%D7%9C%D7%A2%D7%91%D7%95%D7%93%D7%94-%D7%AA%D7%90-%D7%A9-%D7%90%D7%95%D7%A8%D7%9F-%D7%A9%D7%92%D7%91-%D7%A4%D7%A1%D7%93-%D7%91%D7%A0%D7%95%D7%A9%D7%90-%D7%90%D7%99%D7%A9%D7%95%D7%A8-%D7%AA%D7%A8%D7%95%D7%A4%D7%94-%D7%9C%D7%9E%D7%97%D7%9C%D7%AA-%D7%94%D7%93%D7%95%D7%A9%D7%9F-%D7%9C%D7%99%D7%9C%D7%93-%D7%91%D7%9F-11.pdf,DESKTOP,0,1,0.00%,25.0
https://jus-tice.co.il/wp-content/uploads/2019/03/hoksangeoriatsiburit.pdf,DESKTOP,0,23,0.00%,59.3
https://jus-tice.co.il/wp-content/uploads/2019/03/hoksangeoriatsiburit.pdf,MOBILE,0,4,0.00%,13.3
https://jus-tice.co.il/wp-content/uploads/2020/01/%D7%9E%D7%93%D7%99%D7%A0%D7%99%D7%95%D7%AA-%D7%AA%D7%9E%D7%90-38-%D7%AA%D7%90-9086.pdf,DESKTOP,0,5,0.00%,58.2
https://jus-tice.co.il/wp-content/uploads/2020/01/UK-Physical-Activity-Guidelines-2019-Hebrew.pdf,DESKTOP,0,2,0.00%,32.0
https://jus-tice.co.il/wp-content/uploads/2020/01/UK-Physical-Activity-Guidelines-2019-Hebrew.pdf,MOBILE,0,2,0.00%,42.0
https://jus-tice.co.il/wp-content/uploads/2020/01/hana_v9.32.88s.pdf,MOBILE,0,24,0.00%,20.4
https://jus-tice.co.il/wp-content/uploads/2020/02/%D7%94%D7%AA%D7%9C%D7%99%D7%99%D7%AA-%D7%A9%D7%9C%D7%99%D7%9C%D7%AA-%D7%A8%D7%A9%D7%99%D7%95%D7%A0%D7%95%D7%AA-%D7%9E%D7%A9%D7%A8%D7%93-%D7%94%D7%91%D7%A8%D7%99%D7%90%D7%95%D7%AA.pdf,DESKTOP,0,48,0.00%,29.4
https://jus-tice.co.il/wp-content/uploads/2020/02/%D7%94%D7%AA%D7%9C%D7%99%D7%99%D7%AA-%D7%A9%D7%9C%D7%99%D7%9C%D7%AA-%D7%A8%D7%A9%D7%99%D7%95%D7%A0%D7%95%D7%AA-%D7%9E%D7%A9%D7%A8%D7%93-%D7%94%D7%91%D7%A8%D7%99%D7%90%D7%95%D7%AA.pdf,MOBILE,0,25,0.00%,16.3
https://jus-tice.co.il/wp-content/uploads/2020/03/%D7%91%D7%92%D7%A5-214520..pdf,MOBILE,0,1,0.00%,98.0
https://jus-tice.co.il/wp-content/uploads/2020/03/%D7%99%D7%9C%D7%A7%D7%95%D7%98-%D7%94%D7%A4%D7%A8%D7%A1%D7%95%D7%9E%D7%99%D7%9D-8755.pdf,DESKTOP,0,6,0.00%,66.7
https://jus-tice.co.il/wp-content/uploads/2020/03/%D7%99%D7%9C%D7%A7%D7%95%D7%98-%D7%94%D7%A4%D7%A8%D7%A1%D7%95%D7%9E%D7%99%D7%9D-8755.pdf,MOBILE,0,2,0.00%,21.0
https://jus-tice.co.il/wp-content/uploads/2020/03/4_6033055889705928071.pdf,DESKTOP,0,4,0.00%,65.5
https://jus-tice.co.il/wp-content/uploads/2020/03/57594-05-18.pdf,DESKTOP,0,2,0.00%,35.0
https://jus-tice.co.il/wp-content/uploads/2020/04/%D7%9E%D7%99%D7%93%D7%A2-%D7%AA%D7%A8%D7%95%D7%A4%D7%AA%D7%99-%D7%A2%D7%9C-%D7%AA%D7%A8%D7%95%D7%A4%D7%95%D7%AA-%D7%94%D7%A0%D7%9E%D7%A6%D7%90%D7%95%D7%AA-%D7%91%D7%A9%D7%99%D7%9E%D7%95%D7%A9-%D7%9C%D7%98%D7%99%D7%A4%D7%95%D7%9C-%D7%91-%E2%80%93-COVID-19-%D7%91%D7%9E%D7%91%D7%95%D7%92%D7%A8%D7%99%D7%9D.pdf,DESKTOP,0,7,0.00%,58.4
https://jus-tice.co.il/wp-content/uploads/2020/09/%D7%A6%D7%95%D7%95%D7%90%D7%94.docx,DESKTOP,0,6,0.00%,60.3
https://jus-tice.co.il/wp-content/uploads/2020/10/%D7%AA%D7%A7%D7%A6%D7%99%D7%A8-7023-19.pdf,DESKTOP,0,2,0.00%,29.0
https://jus-tice.co.il/wp-content/uploads/2020/10/%D7%AA%D7%A7%D7%A6%D7%99%D7%A8-7023-19.pdf,MOBILE,0,2,0.00%,42.0
https://jus-tice.co.il/wp-content/uploads/2020/11/%D7%A8%D7%95%D7%96%D7%95%D7%91-%D7%A0-%D7%9E%D7%93%D7%99%D7%A0%D7%AA-%D7%99%D7%A9%D7%A8%D7%90%D7%9C.pdf,DESKTOP,0,2,0.00%,10.0
https://jus-tice.co.il/wp-content/uploads/2020/11/%D7%A8%D7%95%D7%96%D7%95%D7%91-%D7%A0-%D7%9E%D7%93%D7%99%D7%A0%D7%AA-%D7%99%D7%A9%D7%A8%D7%90%D7%9C.pdf,MOBILE,0,2,0.00%,6.5
https://jus-tice.co.il/wp-content/uploads/2021/02/inheritence-order-form-300x186.jpg,MOBILE,0,1,0.00%,10.0
https://jus-tice.co.il/wp-content/uploads/2021/02/tashirhistalkut-1-300x220.jpg,MOBILE,0,2,0.00%,12.0
https://jus-tice.co.il/wp-content/uploads/2021/03/%D7%A0%D7%95%D7%A1%D7%97-%D7%94%D7%A1%D7%9B%D7%9D-%D7%92%D7%99%D7%A8%D7%95%D7%A9%D7%99%D7%9F-%D7%93%D7%95%D7%92%D7%9E%D7%90-2021.docx,DESKTOP,0,1974,0.00%,49.1
https://jus-tice.co.il/wp-content/uploads/2021/03/%D7%A0%D7%95%D7%A1%D7%97-%D7%94%D7%A1%D7%9B%D7%9D-%D7%92%D7%99%D7%A8%D7%95%D7%A9%D7%99%D7%9F-%D7%93%D7%95%D7%92%D7%9E%D7%90-2021.docx,TABLET,0,1,0.00%,8.0
https://jus-tice.co.il/wp-content/uploads/2021/05/services_marvad_application-form.pdf,DESKTOP,0,3,0.00%,40.0
https://jus-tice.co.il/wp-content/uploads/2021/05/services_marvad_application-form.pdf,MOBILE,0,6,0.00%,53.3
https://jus-tice.co.il/wp-content/uploads/2021/05/services_marvad_traffic-offenses-consent-form.pdf,DESKTOP,0,6,0.00%,35.3
https://jus-tice.co.il/wp-content/uploads/2021/07/ChildCustody.pdf,DESKTOP,0,267,0.00%,61.2
https://jus-tice.co.il/wp-content/uploads/2021/07/ChildCustody.pdf,MOBILE,0,30,0.00%,65.4
https://jus-tice.co.il/wp-content/uploads/2022/02/PG-0039.pdf,DESKTOP,0,9,0.00%,41.4
https://jus-tice.co.il/wp-content/uploads/2022/02/PG-0039.pdf,MOBILE,0,1,0.00%,4.0
https://jus-tice.co.il/wp-content/uploads/2022/02/israel-police-300x270.jpg,MOBILE,0,1,0.00%,28.0
https://jus-tice.co.il/wp-content/uploads/2022/03/%D7%A7%D7%98%D7%92%D7%95%D7%A8%D7%99%D7%94_%D7%A4%D7%A1%D7%A7%D7%99_%D7%93%D7%99%D7%9F_%D7%A4%D7%9C%D7%99%D7%9C%D7%99%D7%99%D7%9D_%D7%91%D7%99%D7%A9%D7%A8%D7%90%D7%9C.pdf,DESKTOP,0,2,0.00%,63.5
https://jus-tice.co.il/wp-content/uploads/2022/06/%D7%9E%D7%98%D7%91%D7%A2%D7%95%D7%AA-%D7%93%D7%99%D7%92%D7%99%D7%98%D7%9C%D7%99%D7%99%D7%9D-9.pdf,DESKTOP,0,1,0.00%,94.0
https://jus-tice.co.il/wp-content/uploads/2022/06/54111-Law-Firms-in-the-US-Industry-Report.pdf,DESKTOP,0,75,0.00%,25.0
https://jus-tice.co.il/wp-content/uploads/2022/06/54111-Law-Firms-in-the-US-Industry-Report.pdf,MOBILE,0,11,0.00%,30.4
https://jus-tice.co.il/wp-content/uploads/2022/06/54111-Law-Firms-in-the-US-Industry-Report.pdf,TABLET,0,1,0.00%,10.0
https://jus-tice.co.il/wp-content/uploads/2022/06/misradhamishpatim-women.pdf,DESKTOP,0,86,0.00%,45.2
https://jus-tice.co.il/wp-content/uploads/2022/06/yesod10.pdf,DESKTOP,0,12,0.00%,53.3
https://jus-tice.co.il/wp-content/uploads/2022/10/%D7%AA%D7%96%D7%9B%D7%99%D7%A8-%D7%97%D7%95%D7%A7-%D7%9C%D7%AA%D7%99%D7%A7%D7%95%D7%9F-%D7%A4%D7%A7%D7%95%D7%93%D7%AA-%D7%A1%D7%93%D7%A8-%D7%94%D7%93%D7%99%D7%9F-%D7%94%D7%A4%D7%9C%D7%99%D7%9C%D7%99-%D7%9E%D7%A2%D7%A6%D7%A8-%D7%95%D7%97%D7%99%D7%A4%D7%95%D7%A9-%D7%AA%D7%99%D7%A7%D7%95%D7%9F-%D7%9E%D7%A1...-%D7%A2%D7%99%D7%9C%D7%95%D7%AA-%D7%97%D7%99%D7%A4%D7%95%D7%A9-%D7%91%D7%9E%D7%A7%D7%95%D7%9D-%D7%9C%D7%9C%D7%90-%D7%A6%D7%95-%D7%91%D7%99%D7%AA-%D7%9E%D7%A9%D7%A4%D7%98-%D7%94%D7%AA%D7%A9%D7%A4-%D7%91-2021.docx,DESKTOP,0,2,0.00%,53.5
https://jus-tice.co.il/wp-content/uploads/2022/10/companyregistrationform2-2.doc,DESKTOP,0,1,0.00%,63.0
https://jus-tice.co.il/wp-content/uploads/2023/01/Zchuyot_01.pdf,DESKTOP,0,26,0.00%,65.5
https://jus-tice.co.il/wp-content/uploads/2023/01/Zchuyot_01.pdf,MOBILE,0,2,0.00%,60.5
https://jus-tice.co.il/wp-content/uploads/2023/02/%D7%91%D7%A7%D7%A9%D7%AA-%D7%9E%D7%A2%D7%A6%D7%A8-%D7%93%D7%A7%D7%99%D7%A8%D7%94-%D7%97%D7%95%D7%9C%D7%95%D7%9F-.pdf,DESKTOP,0,1,0.00%,39.0
https://jus-tice.co.il/wp-content/uploads/2023/02/%D7%91%D7%A7%D7%A9%D7%AA-%D7%9E%D7%A2%D7%A6%D7%A8-%D7%93%D7%A7%D7%99%D7%A8%D7%94-%D7%97%D7%95%D7%9C%D7%95%D7%9F-.pdf,MOBILE,0,1,0.00%,1.0
https://jus-tice.co.il/wp-content/uploads/2023/02/%D7%9B%D7%AA%D7%91-%D7%90%D7%99%D7%A9%D7%95%D7%9D-%D7%97%D7%95%D7%9C%D7%95%D7%9F-.pdf,DESKTOP,0,2,0.00%,31.0
https://jus-tice.co.il/wp-content/uploads/2023/02/%D7%9B%D7%AA%D7%91-%D7%90%D7%99%D7%A9%D7%95%D7%9D-%D7%97%D7%95%D7%9C%D7%95%D7%9F-.pdf,MOBILE,0,1,0.00%,2.0
https://jus-tice.co.il/wp-content/uploads/2023/03/%D7%A1%D7%A4%D7%A8-%D7%94%D7%97%D7%95%D7%A7%D7%99%D7%9D-2998.pdf,DESKTOP,0,5,0.00%,30.6
https://jus-tice.co.il/wp-content/uploads/2023/03/%D7%A1%D7%A4%D7%A8-%D7%94%D7%97%D7%95%D7%A7%D7%99%D7%9D-2998.pdf,MOBILE,0,1,0.00%,14.0
https://jus-tice.co.il/wp-content/uploads/2023/03/%D7%A4%D7%A8%D7%98%D7%99-%D7%A7%D7%A9%D7%A8-%D7%9E%D7%A2%D7%A8%D7%9B%D7%AA-%D7%94%D7%9E%D7%A9%D7%A4%D7%98-%D7%A7%D7%A4%D7%A8%D7%99%D7%A1%D7%99%D7%9F.pdf,DESKTOP,0,1,0.00%,23.0
https://jus-tice.co.il/wp-content/uploads/2023/03/%D7%A7%D7%A4%D7%A8%D7%99%D7%A1%D7%99%D7%9F-%D7%9E%D7%A9%D7%A8%D7%93%D7%99-%D7%A2%D7%95%D7%A8%D7%9B%D7%99-%D7%93%D7%99%D7%9F-%D7%A8%D7%A9%D7%99%D7%9E%D7%94.pdf,DESKTOP,0,3,0.00%,59.3
https://jus-tice.co.il/wp-content/uploads/2023/03/9_lsr_311018.pdf,DESKTOP,0,9,0.00%,62.3
https://jus-tice.co.il/wp-content/uploads/2023/03/9_lsr_311018.pdf,MOBILE,0,1,0.00%,99.0
https://jus-tice.co.il/wp-content/uploads/2023/03/ATTORNEY-LIST-December-2017-1.pdf,DESKTOP,0,18,0.00%,38.8
https://jus-tice.co.il/wp-content/uploads/2023/03/Attorney-List-July-updated-Nov-2020-1.pdf,DESKTOP,0,15,0.00%,61.3
https://jus-tice.co.il/wp-content/uploads/2023/03/Attorney-List-July-updated-Nov-2020-1.pdf,MOBILE,0,2,0.00%,25.0
https://jus-tice.co.il/wp-content/uploads/2023/03/Attorney-List-July-updated-Nov-2020-1.pdf,TABLET,0,2,0.00%,56.0
https://jus-tice.co.il/wp-content/uploads/2023/03/Find-a-professional-service-abroad-Results-for-Lawyers-in-Greece.pdf,DESKTOP,0,4,0.00%,18.8
https://jus-tice.co.il/wp-content/uploads/2023/03/greece-list-of-lawyers-november-2021.pdf,DESKTOP,0,23,0.00%,65.3
https://jus-tice.co.il/wp-content/uploads/2023/03/greece-list-of-lawyers-november-2021.pdf,MOBILE,0,5,0.00%,10.0
https://jus-tice.co.il/wp-content/uploads/2023/05/%D7%A2%D7%95%D7%A8%D7%9A-%D7%93%D7%99%D7%9F-%D7%94%D7%A9%D7%91%D7%AA-%D7%A8%D7%9B%D7%95%D7%A9-%D7%99%D7%94%D7%95%D7%93%D7%99-%D7%A8%D7%95%D7%9E%D7%A0%D7%99%D7%94.pdf,DESKTOP,0,56,0.00%,23.3
https://jus-tice.co.il/wp-content/uploads/2023/05/%D7%A2%D7%95%D7%A8%D7%9A-%D7%93%D7%99%D7%9F-%D7%94%D7%A9%D7%91%D7%AA-%D7%A8%D7%9B%D7%95%D7%A9-%D7%99%D7%94%D7%95%D7%93%D7%99-%D7%A8%D7%95%D7%9E%D7%A0%D7%99%D7%94.pdf,MOBILE,0,1,0.00%,13.0
https://jus-tice.co.il/wp-content/uploads/2023/05/Italy_List_of_English-speaking_lawyers.pdf,DESKTOP,0,67,0.00%,82.8
https://jus-tice.co.il/wp-content/uploads/2023/05/b870a048-e7f5-46f4-9a1e-e87c1a86adc6-%D7%A0%D7%95%D7%98%D7%A8%D7%99%D7%95%D7%9F.pdf,DESKTOP,0,6,0.00%,88.8
https://jus-tice.co.il/wp-content/uploads/2023/05/b870a048-e7f5-46f4-9a1e-e87c1a86adc6-%D7%A0%D7%95%D7%98%D7%A8%D7%99%D7%95%D7%9F.pdf,MOBILE,0,1,0.00%,100.0
https://jus-tice.co.il/wp-content/uploads/2025/03/word-image-12123-1.png,MOBILE,0,1,0.00%,13.0
https://jus-tice.co.il/wp-content/uploads/2025/05/%D7%9C%D7%94%D7%91-433-2025-300x200.png,MOBILE,0,1,0.00%,11.0
