old_url,new_url,post_id,reason,traffic_risk,gsc_clicks_export,gsc_impressions_export,redirect_type,approved,status,notes
https://jus-tice.co.il/,UNKNOWN_FINAL_TARGET_NEEDED,UNKNOWN,NEEDS_MERGE_REVIEW,LOW,0,321,301_IF_APPROVED,NO,DRAFT_NOT_EXECUTED,Do not execute before owner approval and final target verification.
https://jus-tice.co.il/%D7%90%D7%97%D7%A8%D7%99%D7%95%D7%AA-%D7%94%D7%91%D7%A2%D7%9C-%D7%9C%D7%97%D7%95%D7%91%D7%95%D7%AA-%D7%90%D7%A9%D7%AA%D7%95-%D7%A2%D7%9C-%D7%A4%D7%99-%D7%93%D7%99%D7%9F-%D7%AA%D7%95%D7%A8%D7%94-%D7%95%D7%A2%D7%9C-%D7%A4%D7%99-%D7%97%D7%95%D7%A7-%D7%99%D7%97%D7%A1%D7%99-%D7%9E%D7%9E%D7%95%D7%9F-%D7%96%D7%9B%D7%95%D7%99%D7%95%D7%AA-%D7%95%D7%97%D7%95%D7%91%D7%95%D7%AA-%D7%91%D7%9E%D7%A2%D7%A8%D7%9B%D7%AA-%D7%99%D7%97%D7%A1%D7%99%D7%9D-%D7%A9%D7%91%D7%94-%D7%94%D7%90%D7%99%D7%A9%D7%94-%D7%94%D7%99%D7%90-%D7%94%D7%9E%D7%A4%D7%A8%D7%A0%D7%A1%D7%AA,https://jus-tice.co.il/family-law-needs-slug-review/,UNKNOWN,NEEDS_MERGE_REVIEW,MEDIUM,19,1595,301_IF_APPROVED,NO,DRAFT_NOT_EXECUTED,Do not execute before owner approval and final target verification.
https://jus-tice.co.il/%D7%90%D7%99%D7%96%D7%95%D7%9F-%D7%9E%D7%A9%D7%90%D7%91%D7%99%D7%9D-%D7%9B%D7%A1%D7%A4%D7%99%D7%9D-%D7%94%D7%9E%D7%A6%D7%95%D7%99%D7%99%D7%9D-%D7%91%D7%97%D7%A9%D7%91%D7%95%D7%A0%D7%95%D7%AA-%D7%91%D7%9F-%D7%96%D7%95%D7%92-%D7%94%D7%91%D7%A8%D7%97%D7%AA-%D7%A0%D7%9B%D7%A1%D7%99%D7%9D,https://jus-tice.co.il/family-law-needs-slug-review/,UNKNOWN,NEEDS_MERGE_REVIEW,MEDIUM,7,2382,301_IF_APPROVED,NO,DRAFT_NOT_EXECUTED,Do not execute before owner approval and final target verification.
https://jus-tice.co.il/%D7%90%D7%99%D7%96%D7%95%D7%A8%D7%99%D7%9D/%D7%AA%D7%9C-%D7%90%D7%91%D7%99%D7%91-%D7%95%D7%94%D7%9E%D7%A8%D7%9B%D7%96,UNKNOWN_FINAL_TARGET_NEEDED,UNKNOWN,NEEDS_CLUSTER_CLASSIFICATION,LOW,0,14,301_IF_APPROVED,NO,DRAFT_NOT_EXECUTED,Do not execute before owner approval and final target verification.
https://jus-tice.co.il/%D7%90%D7%99%D7%9A-%D7%9C%D7%94%D7%AA%D7%92%D7%A8%D7%A9-%D7%A0%D7%9B%D7%95%D7%9F-%D7%95%D7%9E%D7%94%D7%A8,UNKNOWN_FINAL_TARGET_NEEDED,UNKNOWN,NEEDS_CLUSTER_CLASSIFICATION,LOW,0,12,301_IF_APPROVED,NO,DRAFT_NOT_EXECUTED,Do not execute before owner approval and final target verification.
https://jus-tice.co.il/%D7%90%D7%99%D7%9A-%D7%9C%D7%9E%D7%A6%D7%95%D7%90-%D7%A1%D7%95%D7%9B%D7%9F-%D7%A0%D7%93%D7%9C%D7%9F-%D7%98%D7%95%D7%91,https://jus-tice.co.il/real-estate-needs-slug-review/,UNKNOWN,NEEDS_CONTENT_REVIEW,LOW,0,4,301_IF_APPROVED,NO,DRAFT_NOT_EXECUTED,Do not execute before owner approval and final target verification.
https://jus-tice.co.il/%D7%90%D7%99%D7%9A-%D7%9C%D7%A7%D7%A0%D7%95%D7%AA-%D7%A0%D7%93%D7%9C%D7%9F-%D7%91%D7%96%D7%95%D7%9C-%D7%95%D7%9C%D7%94%D7%A8%D7%95%D7%95%D7%99%D7%97,https://jus-tice.co.il/real-estate-needs-slug-review/,UNKNOWN,NEEDS_CONTENT_REVIEW,MEDIUM,14,4427,301_IF_APPROVED,NO,DRAFT_NOT_EXECUTED,Do not execute before owner approval and final target verification.
https://jus-tice.co.il/%D7%90%D7%99%D7%9E%D7%95%D7%AA-%D7%97%D7%AA%D7%99%D7%9E%D7%94-%D7%A0%D7%95%D7%98%D7%A8%D7%99%D7%95%D7%9F-%D7%9E%D7%A9%D7%95%D7%9C%D7%91-%D7%A2%D7%91%D7%A8%D7%99%D7%AA-%D7%90%D7%A0%D7%92%D7%9C%D7%99%D7%AA,https://jus-tice.co.il/notary-foreign-needs-slug-review/,UNKNOWN,NEEDS_CONTENT_REVIEW,LOW,1,905,301_IF_APPROVED,NO,DRAFT_NOT_EXECUTED,Do not execute before owner approval and final target verification.
https://jus-tice.co.il/%D7%90%D7%99%D7%A4%D7%94-%D7%94%D7%9B%D7%99-%D7%9E%D7%A9%D7%AA%D7%9C%D7%9D-%D7%9C%D7%9E%D7%A9%D7%A7%D7%99%D7%A2-%D7%94%D7%99%D7%A9%D7%A8%D7%90%D7%9C%D7%99-%D7%9C%D7%A7%D7%A0%D7%95%D7%AA-%D7%93%D7%99%D7%A8%D7%94-%D7%91%D7%A2%D7%95%D7%9C%D7%9D,https://jus-tice.co.il/real-estate-needs-slug-review/,UNKNOWN,DO_NOT_TOUCH_HIGH_TRAFFIC_URL,HIGH,107,31186,301_IF_APPROVED,NO,DRAFT_NOT_EXECUTED,Do not execute before owner approval and final target verification.
https://jus-tice.co.il/%D7%90%D7%99%D7%A4%D7%94-%D7%9B%D7%93%D7%90%D7%99-%D7%9C%D7%94%D7%A9%D7%A7%D7%99%D7%A2-%D7%A0%D7%93%D7%9C%D7%9F-%D7%91%D7%93%D7%95%D7%91%D7%90%D7%99,https://jus-tice.co.il/real-estate-needs-slug-review/,UNKNOWN,DO_NOT_TOUCH_HIGH_TRAFFIC_URL,HIGH,59,16161,301_IF_APPROVED,NO,DRAFT_NOT_EXECUTED,Do not execute before owner approval and final target verification.
https://jus-tice.co.il/%D7%90%D7%99%D7%A4%D7%94-%D7%9B%D7%93%D7%90%D7%99-%D7%9C%D7%94%D7%A9%D7%A9%D7%A7%D7%99%D7%A2-%D7%A0%D7%93%D7%9C%D7%9F-%D7%91%D7%93%D7%95%D7%91%D7%90%D7%99,https://jus-tice.co.il/real-estate-needs-slug-review/,UNKNOWN,NEEDS_CONTENT_REVIEW,LOW,0,1,301_IF_APPROVED,NO,DRAFT_NOT_EXECUTED,Do not execute before owner approval and final target verification.
https://jus-tice.co.il/%D7%90%D7%99%D7%A9%D7%95%D7%9D-%D7%94%D7%98%D7%A8%D7%93%D7%95%D7%AA-%D7%A9%D7%9C-%D7%A2%D7%93-%D7%94%D7%9E%D7%93%D7%99%D7%A0%D7%94-%D7%A0%D7%99%D7%A8-%D7%97%D7%A4%D7%A5-%D7%95%D7%A2%D7%93%D7%AA-%D7%94,https://jus-tice.co.il/criminal-law-needs-slug-review/,UNKNOWN,NEEDS_CONTENT_REVIEW,LOW,2,318,301_IF_APPROVED,NO,DRAFT_NOT_EXECUTED,Do not execute before owner approval and final target verification.
https://jus-tice.co.il/%D7%90%D7%9E%D7%A0%D7%AA-%D7%94%D7%90%D7%95%D7%9E%D7%95%D7%AA-%D7%94%D7%9E%D7%90%D7%95%D7%97%D7%93%D7%95%D7%AA-%D7%A0%D7%92%D7%93-%D7%A9%D7%97%D7%99%D7%AA%D7%95%D7%AA,UNKNOWN_FINAL_TARGET_NEEDED,UNKNOWN,NEEDS_CLUSTER_CLASSIFICATION,LOW,4,408,301_IF_APPROVED,NO,DRAFT_NOT_EXECUTED,Do not execute before owner approval and final target verification.
https://jus-tice.co.il/%D7%91%D7%92%D7%99%D7%93%D7%94,https://jus-tice.co.il/family-law-needs-slug-review/,UNKNOWN,NEEDS_CONTENT_REVIEW,LOW,0,2,301_IF_APPROVED,NO,DRAFT_NOT_EXECUTED,Do not execute before owner approval and final target verification.
https://jus-tice.co.il/%D7%91%D7%92%D7%A5-%D7%94%D7%91%D7%95%D7%92%D7%93%D7%AA,UNKNOWN_FINAL_TARGET_NEEDED,UNKNOWN,DO_NOT_TOUCH_HIGH_TRAFFIC_URL,HIGH,50,4510,301_IF_APPROVED,NO,DRAFT_NOT_EXECUTED,Do not execute before owner approval and final target verification.
https://jus-tice.co.il/%D7%91%D7%92%D7%A5-5988/21-%D7%A1%D7%9E%D7%9B%D7%95%D7%AA-%D7%91%D7%AA%D7%99-%D7%94%D7%93%D7%99%D7%9F-%D7%94%D7%A8%D7%91%D7%A0%D7%99%D7%99%D7%9D-%D7%91%D7%9E%D7%96%D7%95%D7%A0%D7%95%D7%AA-%D7%99%D7%9C%D7%93%D7%99%D7%9D,https://jus-tice.co.il/child-support/,UNKNOWN,NEEDS_CONTENT_REVIEW,MEDIUM,7,3536,301_IF_APPROVED,NO,DRAFT_NOT_EXECUTED,Do not execute before owner approval and final target verification.
https://jus-tice.co.il/%D7%91%D7%95%D7%92%D7%A8-%D7%9C%D7%99%D7%9E%D7%95%D7%93%D7%99-%D7%A0%D7%93%D7%9C%D7%9F-%D7%91%D7%90%D7%A8%D7%94%D7%91,https://jus-tice.co.il/real-estate-needs-slug-review/,UNKNOWN,NEEDS_CONTENT_REVIEW,LOW,0,130,301_IF_APPROVED,NO,DRAFT_NOT_EXECUTED,Do not execute before owner approval and final target verification.
https://jus-tice.co.il/%D7%91%D7%99%D7%98%D7%95%D7%9C-%D7%90%D7%92%D7%A8%D7%94-%D7%91%D7%92%D7%99%D7%9F-%D7%94%D7%92%D7%A9%D7%AA-%D7%93%D7%99%D7%95%D7%95%D7%97-%D7%9C%D7%90%D7%A4%D7%95%D7%98%D7%A8%D7%95%D7%A4%D7%95%D7%A1-%D7%94%D7%9B%D7%9C%D7%9C%D7%99,https://jus-tice.co.il/family-law-needs-slug-review/,UNKNOWN,NEEDS_CONTENT_REVIEW,MEDIUM,1,1727,301_IF_APPROVED,NO,DRAFT_NOT_EXECUTED,Do not execute before owner approval and final target verification.
https://jus-tice.co.il/%D7%91%D7%99%D7%98%D7%95%D7%9C-%D7%94%D7%A1%D7%9B%D7%9D-%D7%9E%D7%99%D7%96%D7%95%D7%92-%D7%AA%D7%90-4528-01-16,https://jus-tice.co.il/legal-database-rulings-needs-slug-review/,UNKNOWN,NEEDS_CONTENT_REVIEW,LOW,4,384,301_IF_APPROVED,NO,DRAFT_NOT_EXECUTED,Do not execute before owner approval and final target verification.
https://jus-tice.co.il/%D7%91%D7%99%D7%98%D7%95%D7%9C-%D7%94%D7%A1%D7%9B%D7%9D-%D7%9E%D7%9E%D7%95%D7%9F-%D7%A9%D7%90%D7%95%D7%A9%D7%A8-%D7%95%D7%A7%D7%99%D7%91%D7%9C-%D7%AA%D7%95%D7%A7%D7%A3-%D7%A9%D7%9C-%D7%A4%D7%A1%D7%A7-%D7%93%D7%99%D7%9F-%D7%AA%D7%94%D7%A1-27071-11-19,https://jus-tice.co.il/prenuptial-agreement/,UNKNOWN,NEEDS_CONTENT_REVIEW,MEDIUM,17,1279,301_IF_APPROVED,NO,DRAFT_NOT_EXECUTED,Do not execute before owner approval and final target verification.
https://jus-tice.co.il/%D7%91%D7%99%D7%98%D7%95%D7%9C-%D7%94%D7%A8%D7%A9%D7%A2%D7%94-%D7%A2%D7%91%D7%99%D7%A8%D7%95%D7%AA-%D7%94%D7%95%D7%A0%D7%90%D7%94,UNKNOWN_FINAL_TARGET_NEEDED,UNKNOWN,NEEDS_CLUSTER_CLASSIFICATION,MEDIUM,2,1301,301_IF_APPROVED,NO,DRAFT_NOT_EXECUTED,Do not execute before owner approval and final target verification.
https://jus-tice.co.il/%D7%91%D7%99%D7%AA-%D7%94%D7%93%D7%99%D7%9F-%D7%94%D7%A8%D7%91%D7%A0%D7%99-%D7%A7%D7%A0%D7%94-%D7%A1%D7%9E%D7%9B%D7%95%D7%AA-%D7%9C%D7%9E%D7%A8%D7%95%D7%AA-%D7%94%D7%92%D7%A9%D7%AA-%D7%AA%D7%95%D7%91%D7%A2%D7%A0%D7%94-%D7%91%D7%A2%D7%A0%D7%99%D7%99%D7%9F-%D7%94%D7%97%D7%96%D7%A7%D7%AA-%D7%99%D7%9C%D7%93%D7%99%D7%9D,https://jus-tice.co.il/family-law-needs-slug-review/,UNKNOWN,NEEDS_MERGE_REVIEW,LOW,1,865,301_IF_APPROVED,NO,DRAFT_NOT_EXECUTED,Do not execute before owner approval and final target verification.
https://jus-tice.co.il/%D7%91%D7%99%D7%AA-%D7%94%D7%9E%D7%A9%D7%A4%D7%98-%D7%94%D7%A4%D7%A8%D7%98%D7%99-justicecoil,https://jus-tice.co.il/legal-database-rulings-needs-slug-review/,UNKNOWN,NEEDS_CONTENT_REVIEW,LOW,2,176,301_IF_APPROVED,NO,DRAFT_NOT_EXECUTED,Do not execute before owner approval and final target verification.
https://jus-tice.co.il/%D7%91%D7%A0%D7%99%D7%99%D7%94-%D7%99%D7%A8%D7%95%D7%A7%D7%94-%D7%AA%D7%9B%D7%A0%D7%95%D7%9F-%D7%A2%D7%99%D7%A8%D7%95%D7%A0%D7%99-%D7%95%D7%A4%D7%A8%D7%95%D7%99%D7%A7%D7%98%D7%99%D7%9D-%D7%90%D7%A0%D7%A8%D7%92%D7%98%D7%99%D7%99%D7%9D-%D7%91%D7%99%D7%95%D7%95%D7%9F,UNKNOWN_FINAL_TARGET_NEEDED,UNKNOWN,NEEDS_CLUSTER_CLASSIFICATION,LOW,1,260,301_IF_APPROVED,NO,DRAFT_NOT_EXECUTED,Do not execute before owner approval and final target verification.
https://jus-tice.co.il/%D7%91%D7%A0%D7%99%D7%99%D7%AA-%D7%90%D7%AA%D7%A8%D7%99%D7%9D,UNKNOWN_FINAL_TARGET_NEEDED,UNKNOWN,NEEDS_CLUSTER_CLASSIFICATION,MEDIUM,0,1135,301_IF_APPROVED,NO,DRAFT_NOT_EXECUTED,Do not execute before owner approval and final target verification.
https://jus-tice.co.il/%D7%91%D7%A0%D7%99-%D7%96%D7%95%D7%92-%D7%9C%D7%A9%D7%A2%D7%91%D7%A8-%D7%AA%D7%91%D7%99%D7%A2%D7%95%D7%AA-%D7%9E%D7%96%D7%95%D7%A0%D7%95%D7%AA-%D7%95%D7%9E%D7%A9%D7%9E%D7%95%D7%A8%D7%AA-%D7%A2%D7%9C-%D7%91%D7%AA-%D7%A7%D7%98%D7%99%D7%A0%D7%94,https://jus-tice.co.il/child-support/,UNKNOWN,NEEDS_CONTENT_REVIEW,MEDIUM,5,1286,301_IF_APPROVED,NO,DRAFT_NOT_EXECUTED,Do not execute before owner approval and final target verification.
https://jus-tice.co.il/%D7%91%D7%A2%D7%9C%D7%95%D7%AA-%D7%A2%D7%9C-%D7%96%D7%9B%D7%95%D7%99%D7%95%D7%AA-%D7%91%D7%A0%D7%99%D7%99%D7%94-%D7%91%D7%92%D7%92%D7%95%D7%AA-%D7%94%D7%9C%D7%9B%D7%AA-%D7%91%D7%99%D7%AA-%D7%94%D7%93%D7%A8,UNKNOWN_FINAL_TARGET_NEEDED,UNKNOWN,DO_NOT_TOUCH_HIGH_TRAFFIC_URL,HIGH,98,6945,301_IF_APPROVED,NO,DRAFT_NOT_EXECUTED,Do not execute before owner approval and final target verification.
https://jus-tice.co.il/%D7%91%D7%A2%D7%9C-%D7%9E%D7%91%D7%A7%D7%A9-%D7%9C%D7%94%D7%AA%D7%92%D7%A8%D7%A9-%D7%91%D7%94%D7%A1%D7%9B%D7%9E%D7%94-%D7%91%D7%94%D7%AA%D7%90%D7%9D-%D7%9C%D7%94%D7%95%D7%A8%D7%90%D7%95%D7%AA-%D7%94%D7%A1%D7%9B%D7%9D-%D7%99%D7%97%D7%A1%D7%99-%D7%9E%D7%9E%D7%95%D7%9F,UNKNOWN_FINAL_TARGET_NEEDED,UNKNOWN,NEEDS_CLUSTER_CLASSIFICATION,LOW,2,609,301_IF_APPROVED,NO,DRAFT_NOT_EXECUTED,Do not execute before owner approval and final target verification.
https://jus-tice.co.il/%D7%91%D7%A7%D7%A9%D7%94-%D7%9C%D7%90%D7%99%D7%A9%D7%95%D7%A8-%D7%AA%D7%95%D7%91%D7%A2%D7%A0%D7%94-%D7%91%D7%92%D7%99%D7%9F-%D7%A9%D7%9C%D7%99%D7%97%D7%AA-%D7%93%D7%95%D7%90%D7%A8-%D7%96%D7%91%D7%9C-%D7%9B%D7%99%D7%99%D7%A6%D7%95%D7%92%D7%99%D7%AA,UNKNOWN_FINAL_TARGET_NEEDED,UNKNOWN,NEEDS_CLUSTER_CLASSIFICATION,LOW,6,625,301_IF_APPROVED,NO,DRAFT_NOT_EXECUTED,Do not execute before owner approval and final target verification.
https://jus-tice.co.il/%D7%91%D7%A7%D7%A9%D7%94-%D7%9C%D7%A2%D7%99%D7%95%D7%9F-%D7%91%D7%97%D7%95%D7%9E%D7%A8-%D7%97%D7%A7%D7%99%D7%A8%D7%94-%D7%9C%D7%A4%D7%99-%D7%A1%D7%A2%D7%99%D7%A3-74-%D7%9C%D7%97%D7%A1%D7%93%D7%A4,https://jus-tice.co.il/criminal-law-needs-slug-review/,UNKNOWN,NEEDS_CONTENT_REVIEW,MEDIUM,10,935,301_IF_APPROVED,NO,DRAFT_NOT_EXECUTED,Do not execute before owner approval and final target verification.
https://jus-tice.co.il/%D7%91%D7%A7%D7%A9%D7%94-%D7%9C%D7%A7%D7%99%D7%95%D7%9D-%D7%A6%D7%95%D7%95%D7%90%D7%94-%D7%94%D7%9E%D7%A2%D7%A0%D7%99%D7%A7%D7%94-%D7%9B%D7%9C-%D7%94%D7%A8%D7%9B%D7%95%D7%A9-%D7%9C%D7%97%D7%91%D7%A8-%D7%95%D7%94%D7%AA%D7%A0%D7%92%D7%93%D7%95%D7%AA-%D7%90%D7%97%D7%95%D7%AA-%D7%94%D7%9E%D7%A0%D7%95%D7%97,https://jus-tice.co.il/will/,UNKNOWN,NEEDS_CONTENT_REVIEW,LOW,5,615,301_IF_APPROVED,NO,DRAFT_NOT_EXECUTED,Do not execute before owner approval and final target verification.
https://jus-tice.co.il/%D7%91%D7%A7%D7%A9%D7%94-%D7%9C%D7%A7%D7%99%D7%95%D7%9D-%D7%A6%D7%95%D7%95%D7%90%D7%94-%D7%9B%D7%A0%D7%92%D7%93-%D7%94%D7%AA%D7%A0%D7%92%D7%93%D7%95%D7%AA%D7%95-%D7%A9%D7%9C-%D7%91%D7%9F-%D7%94%D7%9E%D7%A0%D7%95%D7%97%D7%94-%D7%A9%D7%94%D7%95%D7%93%D7%A8-%D7%9E%D7%94%D7%A6%D7%95%D7%95%D7%90%D7%94-%D7%91%D7%98%D7%A2%D7%A0%D7%94-%D7%A9%D7%9C%D7%90-%D7%94%D7%99%D7%99%D7%AA%D7%94-%D7%9B%D7%A9%D7%99%D7%A8%D7%94,https://jus-tice.co.il/will/,UNKNOWN,NEEDS_CONTENT_REVIEW,MEDIUM,17,2203,301_IF_APPROVED,NO,DRAFT_NOT_EXECUTED,Do not execute before owner approval and final target verification.
https://jus-tice.co.il/%D7%91%D7%A7%D7%A9%D7%94-%D7%9C%D7%A8%D7%99%D7%A9%D7%95%D7%9D-%D7%9E%D7%9B%D7%A8,UNKNOWN_FINAL_TARGET_NEEDED,UNKNOWN,NEEDS_CLUSTER_CLASSIFICATION,MEDIUM,1,3809,301_IF_APPROVED,NO,DRAFT_NOT_EXECUTED,Do not execute before owner approval and final target verification.
https://jus-tice.co.il/%D7%91%D7%A7%D7%A9%D7%AA-%D7%A0%D7%A4%D7%92%D7%A2-%D7%A2%D7%91%D7%99%D7%A8%D7%94-%D7%9E%D7%99%D7%93%D7%A2-%D7%90%D7%A9%D7%A4%D7%95%D7%96%D7%95-%D7%A9%D7%9C-%D7%A0%D7%90%D7%A9%D7%9D-%D7%91%D7%91%D7%99%D7%AA-%D7%97%D7%95%D7%9C%D7%99%D7%9D,https://jus-tice.co.il/criminal-law-needs-slug-review/,UNKNOWN,NEEDS_CONTENT_REVIEW,LOW,0,13,301_IF_APPROVED,NO,DRAFT_NOT_EXECUTED,Do not execute before owner approval and final target verification.
https://jus-tice.co.il/%D7%91%D7%A7%D7%A9%D7%AA-%D7%A6%D7%95-%D7%94%D7%92%D7%A0%D7%94-%D7%9C%D7%9E%D7%A0%D7%99%D7%A2%D7%AA-%D7%90%D7%9C%D7%99%D7%9E%D7%95%D7%AA-%D7%91%D7%9E%D7%A9%D7%A4%D7%97%D7%94-%D7%94%D7%98-61185-11-22,https://jus-tice.co.il/family-law-needs-slug-review/,UNKNOWN,NEEDS_CONTENT_REVIEW,MEDIUM,26,4392,301_IF_APPROVED,NO,DRAFT_NOT_EXECUTED,Do not execute before owner approval and final target verification.
https://jus-tice.co.il/%D7%92%D7%95%D7%91%D7%94-%D7%93%D7%9E%D7%99-%D7%9E%D7%96%D7%95%D7%A0%D7%95%D7%AA-%D7%96%D7%9E%D7%A0%D7%99%D7%99%D7%9D-%D7%A8%D7%9E%D7%A9-57290-01-22,https://jus-tice.co.il/child-support/,UNKNOWN,NEEDS_CONTENT_REVIEW,MEDIUM,5,1058,301_IF_APPROVED,NO,DRAFT_NOT_EXECUTED,Do not execute before owner approval and final target verification.
https://jus-tice.co.il/%D7%92%D7%96%D7%93-%D7%A2%D7%95%D7%A0%D7%A9-%D7%A4%D7%9C%D7%99%D7%9C%D7%99-%D7%9C%D7%A7%D7%98%D7%99%D7%9F-%D7%9E%D7%AA%D7%97%D7%AA-%D7%9C16-%D7%A9%D7%91%D7%99%D7%A6%D7%A2-%D7%A2%D7%91%D7%99%D7%A8%D7%95%D7%AA-%D7%9E%D7%99%D7%9F-%D7%AA%D7%A4%D7%97-39000-05-21,https://jus-tice.co.il/sex-offenses/,UNKNOWN,NEEDS_CONTENT_REVIEW,MEDIUM,19,1312,301_IF_APPROVED,NO,DRAFT_NOT_EXECUTED,Do not execute before owner approval and final target verification.
https://jus-tice.co.il/%D7%92%D7%96%D7%9C-%D7%A1%D7%95%D7%93-%D7%9E%D7%A1%D7%97%D7%A8%D7%99-%D7%A9%D7%99%D7%9E%D7%95%D7%A9-%D7%A9%D7%9C%D7%90-%D7%91%D7%A8%D7%A9%D7%99%D7%9E%D7%AA-%D7%9C%D7%A7%D7%95%D7%97%D7%95%D7%AA-%D7%90%D7%99-%D7%AA%D7%97%D7%A8%D7%95%D7%AA-%D7%95%D7%A9%D7%9E%D7%99%D7%A8%D7%AA-%D7%A1%D7%95%D7%93%D7%99%D7%95%D7%AA,https://jus-tice.co.il/tax-law-needs-slug-review/,UNKNOWN,NEEDS_CONTENT_REVIEW,MEDIUM,7,1874,301_IF_APPROVED,NO,DRAFT_NOT_EXECUTED,Do not execute before owner approval and final target verification.
https://jus-tice.co.il/%D7%92%D7%96%D7%A8-%D7%93%D7%99%D7%9F-%D7%A4%D7%9C%D7%99%D7%9C%D7%99-%D7%A0%D7%90%D7%A9%D7%9D-%D7%A2%D7%91%D7%99%D7%A8%D7%AA-%D7%AA%D7%A7%D7%99%D7%A4%D7%AA-%D7%90%D7%99%D7%A9%D7%94-%D7%95%D7%91%D7%AA,https://jus-tice.co.il/criminal-law-needs-slug-review/,UNKNOWN,NEEDS_CONTENT_REVIEW,MEDIUM,42,1615,301_IF_APPROVED,NO,DRAFT_NOT_EXECUTED,Do not execute before owner approval and final target verification.
https://jus-tice.co.il/%D7%92%D7%99%D7%9C%D7%95%D7%99-%D7%A0%D7%90%D7%95%D7%AA-%D7%97%D7%A1%D7%A8-%D7%A9%D7%A0%D7%A2%D7%A9%D7%94-%D7%91%D7%A2%D7%A1%D7%A7%D7%AA-%D7%9E%D7%9B%D7%A8-%D7%91%D7%A8%D7%A9%D7%AA-%D7%94%D7%90%D7%99%D7%A0%D7%98%D7%A8%D7%A0%D7%98,UNKNOWN_FINAL_TARGET_NEEDED,UNKNOWN,NEEDS_CLUSTER_CLASSIFICATION,MEDIUM,43,805,301_IF_APPROVED,NO,DRAFT_NOT_EXECUTED,Do not execute before owner approval and final target verification.
https://jus-tice.co.il/%D7%92%D7%99%D7%9C%D7%95%D7%99-%D7%A4%D7%A8%D7%98%D7%99-%D7%9E%D7%A9%D7%AA%D7%9E%D7%A9-%D7%A9%D7%9C-%D7%A4%D7%A8%D7%95%D7%A4%D7%99%D7%9C-%D7%A4%D7%99%D7%99%D7%A1%D7%91%D7%95%D7%A7-%D7%A4%D7%99%D7%A7%D7%98%D7%99%D7%91%D7%99-%D7%AA%D7%90-20419-03-21,UNKNOWN_FINAL_TARGET_NEEDED,UNKNOWN,NEEDS_CLUSTER_CLASSIFICATION,MEDIUM,27,2059,301_IF_APPROVED,NO,DRAFT_NOT_EXECUTED,Do not execute before owner approval and final target verification.
https://jus-tice.co.il/%D7%92%D7%99%D7%A8%D7%95%D7%A9%D7%99%D7%9D-%D7%93%D7%97%D7%99%D7%99%D7%AA-%D7%91%D7%A7%D7%A9%D7%AA-%D7%94%D7%91%D7%A2%D7%9C-%D7%9C%D7%A9%D7%A2%D7%91%D7%A8-%D7%9C%D7%A7%D7%91%D7%95%D7%A2-%D7%9B%D7%99-%D7%94%D7%92%D7%98-%D7%91%D7%98%D7%9C,https://jus-tice.co.il/family-law-needs-slug-review/,UNKNOWN,NEEDS_CONTENT_REVIEW,LOW,7,253,301_IF_APPROVED,NO,DRAFT_NOT_EXECUTED,Do not execute before owner approval and final target verification.
https://jus-tice.co.il/%D7%92%D7%99%D7%A8%D7%95%D7%A9%D7%99%D7%9F-%D7%91%D7%90%D7%A8%D7%A6%D7%95%D7%AA-%D7%94%D7%91%D7%A8%D7%99%D7%AA,https://jus-tice.co.il/family-law-needs-slug-review/,UNKNOWN,DO_NOT_TOUCH_HIGH_TRAFFIC_URL,HIGH,63,4701,301_IF_APPROVED,NO,DRAFT_NOT_EXECUTED,Do not execute before owner approval and final target verification.
https://jus-tice.co.il/%D7%92%D7%99%D7%A8%D7%95%D7%A9%D7%99%D7%9F-%D7%91%D7%91%D7%9C%D7%92%D7%99%D7%94,https://jus-tice.co.il/family-law-needs-slug-review/,UNKNOWN,NEEDS_CONTENT_REVIEW,LOW,8,342,301_IF_APPROVED,NO,DRAFT_NOT_EXECUTED,Do not execute before owner approval and final target verification.
https://jus-tice.co.il/%D7%92%D7%99%D7%A8%D7%95%D7%A9%D7%99%D7%9F-%D7%91%D7%92%D7%99%D7%93%D7%94-%D7%96%D7%9B%D7%95%D7%99%D7%95%D7%AA-%D7%91%D7%A2%D7%9C-%D7%91%D7%95%D7%92%D7%93-%D7%91%D7%94%D7%9C%D7%9B%D7%94,https://jus-tice.co.il/family-law-needs-slug-review/,UNKNOWN,NEEDS_CONTENT_REVIEW,MEDIUM,21,4390,301_IF_APPROVED,NO,DRAFT_NOT_EXECUTED,Do not execute before owner approval and final target verification.
https://jus-tice.co.il/%D7%92%D7%99%D7%A8%D7%95%D7%A9%D7%99%D7%9F-%D7%91%D7%92%D7%99%D7%A9%D7%95%D7%A8-%D7%A2%D7%9D-%D7%99%D7%9C%D7%93%D7%99%D7%9D-%D7%94%D7%93%D7%A8%D7%9A-%D7%94%D7%98%D7%95%D7%91%D7%94-%D7%9C%D7%94%D7%AA%D7%92%D7%A8%D7%A9-%D7%91%D7%92%D7%99%D7%A9%D7%95%D7%A8-%D7%91%D7%9C%D7%99-%D7%9C%D7%A4%D7%92%D7%95%D7%A2-%D7%91%D7%99%D7%9C%D7%93%D7%99%D7%9D,https://jus-tice.co.il/family-law-needs-slug-review/,UNKNOWN,NEEDS_CONTENT_REVIEW,LOW,0,573,301_IF_APPROVED,NO,DRAFT_NOT_EXECUTED,Do not execute before owner approval and final target verification.
https://jus-tice.co.il/%D7%92%D7%99%D7%A8%D7%95%D7%A9%D7%99%D7%9F-%D7%91%D7%A2%D7%9C%D7%95%D7%AA-%D7%95%D7%97%D7%9C%D7%95%D7%A7%D7%AA-%D7%90%D7%AA%D7%A8-%D7%90%D7%99%D7%A0%D7%98%D7%A8%D7%A0%D7%98-%D7%97%D7%9C%D7%95%D7%A7%D7%AA-%D7%A8%D7%9B%D7%95%D7%A9-%D7%91%D7%99%D7%9F-%D7%91%D7%A0%D7%99-%D7%96%D7%95%D7%92,https://jus-tice.co.il/divorce-property-division/,UNKNOWN,NEEDS_CONTENT_REVIEW,LOW,0,17,301_IF_APPROVED,NO,DRAFT_NOT_EXECUTED,Do not execute before owner approval and final target verification.
https://jus-tice.co.il/%D7%92%D7%99%D7%A8%D7%95%D7%A9%D7%99%D7%9F-%D7%97%D7%99%D7%95%D7%91-%D7%94%D7%90%D7%91-%D7%91%D7%AA%D7%A9%D7%9C%D7%95%D7%9D-%D7%91%D7%92%D7%99%D7%9F-%D7%9E%D7%93%D7%95%D7%A8-%D7%94%D7%99%D7%9C%D7%93%D7%99%D7%9D-%D7%91%D7%91%D7%99%D7%AA-%D7%A9%D7%91%D7%91%D7%A2%D7%9C%D7%95%D7%AA-%D7%94%D7%90%D7%9D-%D7%95%D7%90%D7%99%D7%9F-%D7%94%D7%99%D7%90-%D7%9E%D7%A9%D7%9C%D7%9E%D7%AA-%D7%A9%D7%9B%D7%A8-%D7%93%D7%99%D7%A8%D7%94-%D7%91%D7%92%D7%99%D7%A0%D7%95,https://jus-tice.co.il/family-law-needs-slug-review/,UNKNOWN,NEEDS_CONTENT_REVIEW,MEDIUM,29,1972,301_IF_APPROVED,NO,DRAFT_NOT_EXECUTED,Do not execute before owner approval and final target verification.
https://jus-tice.co.il/%D7%92%D7%99%D7%A8%D7%95%D7%A9%D7%99%D7%9F-%D7%97%D7%9C%D7%95%D7%A7%D7%AA-%D7%A2%D7%A1%D7%A7-%D7%A0%D7%9B%D7%A1-%D7%90%D7%95-%D7%9E%D7%95%D7%A0%D7%99%D7%98%D7%99%D7%9F-%D7%9E%D7%A2%D7%9E%D7%93%D7%94-%D7%A9%D7%9C-%D7%97%D7%95%D7%93-%D7%9E%D7%95%D7%9E%D7%97%D7%94,https://jus-tice.co.il/family-law-needs-slug-review/,UNKNOWN,DO_NOT_TOUCH_HIGH_TRAFFIC_URL,HIGH,21,7300,301_IF_APPROVED,NO,DRAFT_NOT_EXECUTED,Do not execute before owner approval and final target verification.
https://jus-tice.co.il/%D7%92%D7%99%D7%A8%D7%95%D7%A9%D7%99%D7%9F-%D7%A7%D7%91%D7%9C%D7%AA-%D7%96%D7%9B%D7%95%D7%99%D7%95%D7%AA-%D7%A4%D7%A0%D7%A1%D7%99%D7%95%D7%A0%D7%99%D7%95%D7%AA-%D7%9E%D7%94%D7%95%D7%95%D7%A0%D7%95%D7%AA-%D7%91%D7%9E%D7%A7%D7%95%D7%9D-%D7%A8%D7%99%D7%A9%D7%95%D7%9E%D7%9F-%D7%A2%D7%9C-%D7%A9%D7%9D-%D7%94%D7%96%D7%9B%D7%90%D7%99-%D7%91%D7%94%D7%AA%D7%90%D7%9D-%D7%9C%D7%97%D7%95%D7%A7-%D7%9C%D7%97%D7%9C%D7%95%D7%A7%D7%AA-%D7%97%D7%99%D7%A1%D7%9B%D7%95%D7%9F-%D7%A4%D7%A0%D7%A1%D7%99%D7%95%D7%A0%D7%99,https://jus-tice.co.il/family-law-needs-slug-review/,UNKNOWN,NEEDS_CONTENT_REVIEW,LOW,0,492,301_IF_APPROVED,NO,DRAFT_NOT_EXECUTED,Do not execute before owner approval and final target verification.
https://jus-tice.co.il/%D7%92%D7%99%D7%A9%D7%95%D7%A8-%D7%92%D7%99%D7%A8%D7%95%D7%A9%D7%99%D7%9F-%D7%9E%D7%94-%D7%96%D7%94-%D7%95%D7%90%D7%99%D7%9A-%D7%94%D7%AA%D7%94%D7%9C%D7%99%D7%9A-%D7%A2%D7%95%D7%91%D7%93,https://jus-tice.co.il/divorce-mediation/,UNKNOWN,DO_NOT_TOUCH_HIGH_TRAFFIC_URL,HIGH,0,9609,301_IF_APPROVED,NO,DRAFT_NOT_EXECUTED,Do not execute before owner approval and final target verification.
https://jus-tice.co.il/%D7%93%D7%95%D7%92%D7%9E%D7%90-%D7%9C%D7%94%D7%A1%D7%9B%D7%9D-%D7%A4%D7%99%D7%A0%D7%95%D7%99-%D7%91%D7%99%D7%A0%D7%95%D7%99,UNKNOWN_FINAL_TARGET_NEEDED,UNKNOWN,NEEDS_CLUSTER_CLASSIFICATION,LOW,1,366,301_IF_APPROVED,NO,DRAFT_NOT_EXECUTED,Do not execute before owner approval and final target verification.
https://jus-tice.co.il/%D7%93%D7%95%D7%92%D7%9E%D7%90-%D7%9C%D7%A1%D7%9B%D7%9D-%D7%A4%D7%99%D7%A0%D7%95%D7%99-%D7%91%D7%99%D7%A0%D7%95%D7%99,UNKNOWN_FINAL_TARGET_NEEDED,UNKNOWN,NEEDS_CLUSTER_CLASSIFICATION,LOW,0,1,301_IF_APPROVED,NO,DRAFT_NOT_EXECUTED,Do not execute before owner approval and final target verification.
https://jus-tice.co.il/%D7%93%D7%95%D7%97%D7%95%D7%AA-%D7%97%D7%A0%D7%99%D7%94-%D7%90%D7%9E%D7%A6%D7%A2%D7%95%D7%AA-%D7%9E%D7%A1%D7%A8%D7%95%D7%9F-%D7%9C%D7%98%D7%9C%D7%A4%D7%95%D7%9F-%D7%A0%D7%99%D7%99%D7%93-sms,https://jus-tice.co.il/tax-law-needs-slug-review/,UNKNOWN,NEEDS_CONTENT_REVIEW,LOW,6,575,301_IF_APPROVED,NO,DRAFT_NOT_EXECUTED,Do not execute before owner approval and final target verification.
https://jus-tice.co.il/%D7%93%D7%97%D7%99%D7%99%D7%AA-%D7%91%D7%A7%D7%A9%D7%94-%D7%9C%D7%94%D7%AA%D7%A0%D7%92%D7%93%D7%95%D7%AA-%D7%9C%D7%A6%D7%95-%D7%99%D7%A8%D7%95%D7%A9%D7%94-%D7%A2%D7%9C-%D7%99%D7%93%D7%99-%D7%94%D7%A0%D7%AA%D7%91%D7%A2%D7%AA-%D7%94%D7%98%D7%95%D7%A2%D7%A0%D7%AA-%D7%9C%D7%94%D7%99%D7%95%D7%AA%D7%94-%D7%91%D7%AA-%D7%94%D7%96%D7%95%D7%92-%D7%A9%D7%9C-%D7%94%D7%9E%D7%A0%D7%95%D7%97-%D7%AA%D7%A2-57474-06-19,https://jus-tice.co.il/family-law-needs-slug-review/,UNKNOWN,NEEDS_CONTENT_REVIEW,MEDIUM,9,4730,301_IF_APPROVED,NO,DRAFT_NOT_EXECUTED,Do not execute before owner approval and final target verification.
https://jus-tice.co.il/%D7%93%D7%97%D7%99%D7%99%D7%AA-%D7%93%D7%A8%D7%99%D7%A9%D7%94-%D7%9C%D7%A2%D7%99%D7%9B%D7%95%D7%91-%D7%92%D7%99%D7%A8%D7%95%D7%A9%D7%99%D7%9F-%D7%9C%D7%A9%D7%9D-%D7%94%D7%96%D7%9E%D7%AA-%D7%98%D7%A2%D7%A0%D7%95%D7%AA-%D7%A9%D7%9C%D7%90-%D7%94%D7%97%D7%9C-%D7%91%D7%99%D7%A8%D7%95%D7%A8%D7%9F-%D7%A9%D7%A4%D7%A1%D7%99%D7%A7%D7%AA-%D7%94%D7%92%D7%99%D7%A8%D7%95%D7%A9%D7%99%D7%9F-%D7%90%D7%99%D7%A0%D7%94-%D7%9E%D7%95%D7%A9%D7%AA%D7%AA%D7%AA-%D7%A2%D7%9C%D7%99%D7%94%D7%9F-%D7%95%D7%A9%D7%94%D7%96%D7%9E%D7%AA%D7%9F-%D7%9E%D7%91%D7%95%D7%A7%D7%A9%D7%AA-%D7%9C%D7%A6%D7%95%D7%A8%D7%9A-%D7%94%D7%9C%D7%99%D7%9A-%D7%90%D7%97%D7%A8-1353339-1-%D7%91%D7%99%D7%94%D7%93-%D7%94%D7%92%D7%93%D7%95%D7%9C,https://jus-tice.co.il/family-law-needs-slug-review/,UNKNOWN,NEEDS_CONTENT_REVIEW,LOW,1,105,301_IF_APPROVED,NO,DRAFT_NOT_EXECUTED,Do not execute before owner approval and final target verification.
https://jus-tice.co.il/%D7%93%D7%97%D7%99%D7%99%D7%AA-%D7%98%D7%A2%D7%A0%D7%94-%D7%9C%D7%A4%D7%92%D7%99%D7%A2%D7%94-%D7%9E%D7%99%D7%A0%D7%99%D7%AA-%D7%95%D7%97%D7%99%D7%93%D7%95%D7%A9-%D7%A7%D7%A9%D7%A8-%D7%91%D7%99%D7%9F-%D7%90%D7%91-%D7%9C%D7%91%D7%AA%D7%95-%D7%90%D7%A3-%D7%A9%D7%9C%D7%90-%D7%91%D7%94%D7%AA%D7%90%D7%9D-%D7%9C%D7%94%D7%9E%D7%9C%D7%A6%D7%AA-%D7%A2%D7%95%D7%A1-%D7%94%D7%A8%D7%95%D7%95%D7%97%D7%94-1201062-4-%D7%91%D7%99%D7%94%D7%93-%D7%99%D7%A8%D7%95%D7%A9%D7%9C%D7%99%D7%9D,UNKNOWN_FINAL_TARGET_NEEDED,UNKNOWN,NEEDS_CLUSTER_CLASSIFICATION,MEDIUM,10,144,301_IF_APPROVED,NO,DRAFT_NOT_EXECUTED,Do not execute before owner approval and final target verification.
https://jus-tice.co.il/%D7%93%D7%97%D7%99%D7%99%D7%AA-%D7%A2%D7%A8%D7%A2%D7%95%D7%A8-%D7%A2%D7%9C-%D7%91%D7%99%D7%98%D7%95%D7%9C-%D7%A2%D7%A1%D7%A7%D7%AA-%D7%9E%D7%AA%D7%A0%D7%94-%D7%91%D7%94-%D7%94%D7%A2%D7%91%D7%99%D7%A8%D7%94-%D7%90%D7%9D-%D7%9E%D7%A7%D7%A8%D7%A7%D7%A2%D7%99%D7%9F-%D7%9C%D7%9C%D7%90-%D7%AA%D7%9E%D7%95%D7%A8%D7%94-%D7%9C%D7%90%D7%97%D7%99%D7%9D-%D7%9C%D7%90%D7%97%D7%A8-%D7%9B%D7%AA%D7%99%D7%91%D7%AA-%D7%94%D7%A6%D7%95%D7%95%D7%90%D7%94,https://jus-tice.co.il/will/,UNKNOWN,NEEDS_CONTENT_REVIEW,MEDIUM,25,2116,301_IF_APPROVED,NO,DRAFT_NOT_EXECUTED,Do not execute before owner approval and final target verification.
https://jus-tice.co.il/%D7%93%D7%99%D7%9C%D7%9E%D7%AA-%D7%90%D7%A1%D7%99%D7%A8-%D7%97%D7%A3-%D7%9E%D7%A4%D7%A9%D7%A2,UNKNOWN_FINAL_TARGET_NEEDED,UNKNOWN,NEEDS_CLUSTER_CLASSIFICATION,MEDIUM,10,493,301_IF_APPROVED,NO,DRAFT_NOT_EXECUTED,Do not execute before owner approval and final target verification.
https://jus-tice.co.il/%D7%93%D7%99%D7%9F-%D7%95%D7%97%D7%A9%D7%91%D7%95%D7%9F-%D7%9C%D7%A2%D7%A0%D7%99%D7%99%D7%9F-%D7%AA%D7%A7%D7%A0%D7%95%D7%AA-%D7%91%D7%A0%D7%95%D7%A9%D7%90-%D7%91%D7%93%D7%99%D7%A7%D7%95%D7%AA-%D7%A9%D7%9B%D7%A8%D7%95%D7%AA-%D7%9C%D7%A0%D7%94%D7%92%D7%99%D7%9D,https://jus-tice.co.il/traffic-law-needs-slug-review/,UNKNOWN,NEEDS_CONTENT_REVIEW,LOW,0,1,301_IF_APPROVED,NO,DRAFT_NOT_EXECUTED,Do not execute before owner approval and final target verification.
https://jus-tice.co.il/%D7%93%D7%99%D7%A0%D7%99-%D7%9E%D7%A9%D7%A4%D7%97%D7%94-%D7%90%D7%95%D7%A1%D7%98%D7%A8%D7%9C%D7%99%D7%94,https://jus-tice.co.il/family-law-needs-slug-review/,UNKNOWN,NEEDS_CONTENT_REVIEW,MEDIUM,19,1533,301_IF_APPROVED,NO,DRAFT_NOT_EXECUTED,Do not execute before owner approval and final target verification.
https://jus-tice.co.il/%D7%93%D7%A8%D7%9B%D7%95%D7%9F-%D7%99%D7%95%D7%95%D7%A0%D7%99-%D7%94%D7%92%D7%99%D7%A8%D7%94-%D7%A8%D7%99%D7%9C%D7%95%D7%97%D7%99%D7%99%D7%A9%D7%9F-%D7%9E%D7%92%D7%95%D7%A8%D7%99%D7%9D-%D7%9E%D7%94-%D7%94%D7%93%D7%A8%D7%99%D7%A9%D7%95%D7%AA-%D7%95%D7%94%D7%A2%D7%9C%D7%95%D7%99%D7%95%D7%AA,UNKNOWN_FINAL_TARGET_NEEDED,UNKNOWN,NEEDS_CLUSTER_CLASSIFICATION,LOW,0,1,301_IF_APPROVED,NO,DRAFT_NOT_EXECUTED,Do not execute before owner approval and final target verification.
https://jus-tice.co.il/%D7%93%D7%A8%D7%9B%D7%95%D7%9F-%D7%99%D7%95%D7%95%D7%A0%D7%99-%D7%94%D7%92%D7%99%D7%A8%D7%94-%D7%A8%D7%99%D7%9C%D7%95%D7%A7%D7%99%D7%99%D7%A9%D7%9F-%D7%9E%D7%92%D7%95%D7%A8%D7%99%D7%9D-%D7%9E%D7%94-%D7%94%D7%93%D7%A8%D7%99%D7%A9%D7%95%D7%AA-%D7%95%D7%94%D7%A2%D7%9C%D7%95%D7%99%D7%95%D7%AA,UNKNOWN_FINAL_TARGET_NEEDED,UNKNOWN,DO_NOT_TOUCH_HIGH_TRAFFIC_URL,HIGH,77,9389,301_IF_APPROVED,NO,DRAFT_NOT_EXECUTED,Do not execute before owner approval and final target verification.
https://jus-tice.co.il/%D7%93%D7%A8%D7%9B%D7%95%D7%9F-%D7%99%D7%95%D7%95%D7%A0%D7%99-%D7%94%D7%92%D7%99%D7%A8%D7%94-%D7%A8%D7%99%D7%9C%D7%95%D7%A7%D7%99%D7%A9%D7%9F-%D7%9E%D7%92%D7%95%D7%A8%D7%99%D7%9D-%D7%9E%D7%94-%D7%94%D7%93%D7%A8%D7%99%D7%A9%D7%95%D7%AA-%D7%95%D7%94%D7%A2%D7%9C%D7%95%D7%99%D7%95%D7%AA,UNKNOWN_FINAL_TARGET_NEEDED,UNKNOWN,NEEDS_CLUSTER_CLASSIFICATION,LOW,0,1,301_IF_APPROVED,NO,DRAFT_NOT_EXECUTED,Do not execute before owner approval and final target verification.
https://jus-tice.co.il/%D7%93%D7%A8%D7%A2%D7%99-%D7%92%D7%96%D7%A8-%D7%93%D7%99%D7%9F-%D7%A2%D7%91%D7%99%D7%A8%D7%95%D7%AA-%D7%9E%D7%A1-%D7%94%D7%A1%D7%93%D7%A8-%D7%98%D7%99%D7%A2%D7%95%D7%9F,https://jus-tice.co.il/tax-law-needs-slug-review/,UNKNOWN,NEEDS_CONTENT_REVIEW,MEDIUM,11,1234,301_IF_APPROVED,NO,DRAFT_NOT_EXECUTED,Do not execute before owner approval and final target verification.
https://jus-tice.co.il/%D7%94%D7%90%D7%9D-%D7%94%D7%91%D7%A2%D7%9C-%D7%A8%D7%A9%D7%90%D7%99-%D7%9C%D7%A2%D7%9B%D7%91-%D7%90%D7%AA-%D7%94%D7%92%D7%98-%D7%91%D7%98%D7%A2%D7%A0%D7%94-%D7%A9%D7%A2%D7%A8%D7%9B%D7%90%D7%95%D7%AA-%D7%91%D7%90%D7%A8%D7%94%D7%91-%D7%94%D7%99%D7%98%D7%95-%D7%90%D7%AA-%D7%93%D7%99%D7%A0%D7%95-1345115-4-%D7%91%D7%99%D7%94%D7%93-%D7%99%D7%A8%D7%95%D7%A9%D7%9C%D7%99%D7%9D,UNKNOWN_FINAL_TARGET_NEEDED,UNKNOWN,NEEDS_CLUSTER_CLASSIFICATION,LOW,0,8,301_IF_APPROVED,NO,DRAFT_NOT_EXECUTED,Do not execute before owner approval and final target verification.
https://jus-tice.co.il/%D7%94%D7%90%D7%9D-%D7%99%D7%A9-%D7%9E%D7%A7%D7%95%D7%9D-%D7%9C%D7%94%D7%9B%D7%99%D7%A8-%D7%91%D7%A9%D7%9C%D7%99%D7%97%D7%99%D7%9D-%D7%A9%D7%9C-%D7%95%D7%95%D7%9C%D7%98-%D7%9B%D7%A2%D7%95%D7%91%D7%93%D7%99-%D7%95%D7%95%D7%9C%D7%98,https://jus-tice.co.il/employment-law-needs-slug-review/,UNKNOWN,DO_NOT_TOUCH_HIGH_TRAFFIC_URL,HIGH,14,5806,301_IF_APPROVED,NO,DRAFT_NOT_EXECUTED,Do not execute before owner approval and final target verification.
https://jus-tice.co.il/%D7%94%D7%90%D7%9D-%D7%9B%D7%93%D7%90%D7%99-%D7%9C%D7%A2%D7%91%D7%95%D7%93-%D7%A2%D7%9D-%D7%99%D7%95%D7%A2%D7%A5-%D7%A0%D7%93%D7%9C%D7%9F,https://jus-tice.co.il/real-estate-needs-slug-review/,UNKNOWN,DO_NOT_TOUCH_HIGH_TRAFFIC_URL,HIGH,11,5219,301_IF_APPROVED,NO,DRAFT_NOT_EXECUTED,Do not execute before owner approval and final target verification.
https://jus-tice.co.il/%D7%94%D7%90%D7%9D-%D7%9B%D7%9C-%D7%94%D7%A1%D7%9B%D7%9D-%D7%91%D7%99%D7%9F-%D7%91%D7%A0%D7%99-%D7%96%D7%95%D7%92-%D7%94%D7%95%D7%90-%D7%94%D7%A1%D7%9B%D7%9D-%D7%9E%D7%9E%D7%95%D7%9F,https://jus-tice.co.il/prenuptial-agreement/,UNKNOWN,NEEDS_MERGE_REVIEW,LOW,2,755,301_IF_APPROVED,NO,DRAFT_NOT_EXECUTED,Do not execute before owner approval and final target verification.
https://jus-tice.co.il/%D7%94%D7%90%D7%9D-%D7%AA%D7%A9%D7%9C%D7%9D-%D7%9E%D7%96%D7%95%D7%A0%D7%95%D7%AA-%D7%99%D7%9C%D7%93%D7%99%D7%9D-%D7%91%D7%99%D7%AA-%D7%93%D7%99%D7%9F-%D7%A8%D7%91%D7%A0%D7%99-2022,https://jus-tice.co.il/child-support/,UNKNOWN,NEEDS_MERGE_REVIEW,MEDIUM,2,1047,301_IF_APPROVED,NO,DRAFT_NOT_EXECUTED,Do not execute before owner approval and final target verification.
https://jus-tice.co.il/%D7%94%D7%92%D7%99%D7%A8%D7%94-%D7%9E%D7%99%D7%A9%D7%A8%D7%90%D7%9C-%D7%A8%D7%A9%D7%99%D7%9E%D7%AA-%D7%94%D7%9C%D7%99%D7%9B%D7%99%D7%9D,UNKNOWN_FINAL_TARGET_NEEDED,UNKNOWN,NEEDS_CLUSTER_CLASSIFICATION,MEDIUM,9,1340,301_IF_APPROVED,NO,DRAFT_NOT_EXECUTED,Do not execute before owner approval and final target verification.
https://jus-tice.co.il/%D7%94%D7%94%D7%9C%D7%99%D7%9A-%D7%94%D7%A4%D7%9C%D7%99%D7%9C%D7%99-%D7%A4%D7%A8%D7%A7%D7%9C%D7%99%D7%98%D7%95%D7%AA-%D7%94%D7%9E%D7%93%D7%99%D7%A0%D7%94-%D7%9E%D7%95%D7%9C-%D7%97%D7%98%D7%99%D7%91%D7%AA-%D7%AA%D7%91%D7%99%D7%A2%D7%95%D7%AA-%D7%94%D7%9E%D7%A9%D7%98%D7%A8%D7%94,https://jus-tice.co.il/criminal-law-needs-slug-review/,UNKNOWN,DO_NOT_TOUCH_HIGH_TRAFFIC_URL,HIGH,72,5860,301_IF_APPROVED,NO,DRAFT_NOT_EXECUTED,Do not execute before owner approval and final target verification.
https://jus-tice.co.il/%D7%94%D7%97%D7%91%D7%A8%D7%95%D7%AA-%D7%94%D7%9E%D7%95%D7%91%D7%99%D7%9C%D7%95%D7%AA-%D7%AA%D7%9E%D7%90-38-%D7%AA%D7%90,UNKNOWN_FINAL_TARGET_NEEDED,UNKNOWN,NEEDS_CLUSTER_CLASSIFICATION,MEDIUM,14,4128,301_IF_APPROVED,NO,DRAFT_NOT_EXECUTED,Do not execute before owner approval and final target verification.
https://jus-tice.co.il/%D7%94%D7%97%D7%95%D7%91%D7%94-%D7%9C%D7%90%D7%A4%D7%A9%D7%A8-%D7%A1%D7%A0%D7%99%D7%92%D7%95%D7%A8-%D7%9C%D7%99%D7%99%D7%A2%D7%A5-%D7%9C%D7%90%D7%A1%D7%99%D7%A8-%D7%A2%D7%A6%D7%95%D7%A8-%D7%91%D7%91%D7%99%D7%AA-%D7%94%D7%9B%D7%9C%D7%90,UNKNOWN_FINAL_TARGET_NEEDED,UNKNOWN,NEEDS_CLUSTER_CLASSIFICATION,LOW,3,640,301_IF_APPROVED,NO,DRAFT_NOT_EXECUTED,Do not execute before owner approval and final target verification.
https://jus-tice.co.il/%D7%94%D7%97%D7%96%D7%A7%D7%AA-%D7%99%D7%9C%D7%93%D7%99%D7%9D-%D7%9E%D7%A9%D7%9E%D7%95%D7%A8%D7%AA-%D7%9E%D7%A9%D7%95%D7%AA%D7%A4%D7%AA-%D7%91%D7%99%D7%AA-%D7%94%D7%93%D7%99%D7%9F-%D7%94%D7%A8%D7%91%D7%A0%D7%99,https://jus-tice.co.il/child-custody/,UNKNOWN,NEEDS_MERGE_REVIEW,MEDIUM,18,2362,301_IF_APPROVED,NO,DRAFT_NOT_EXECUTED,Do not execute before owner approval and final target verification.
https://jus-tice.co.il/%D7%94%D7%97%D7%9C%D7%98%D7%94-%D7%91%D7%99%D7%97%D7%A1-%D7%9C%D7%91%D7%A7%D7%A9%D7%94-%D7%9C%D7%9E%D7%99%D7%A0%D7%95%D7%99-%D7%90%D7%A4%D7%95%D7%98%D7%A8%D7%95%D7%A4%D7%95%D7%A1-%D7%A8%D7%9E%D7%A9-49897-12-21,https://jus-tice.co.il/family-law-needs-slug-review/,UNKNOWN,NEEDS_CONTENT_REVIEW,MEDIUM,10,832,301_IF_APPROVED,NO,DRAFT_NOT_EXECUTED,Do not execute before owner approval and final target verification.
https://jus-tice.co.il/%D7%94%D7%97%D7%9C%D7%98%D7%94-%D7%91%D7%A0%D7%95%D7%A9%D7%90-%D7%A9%D7%91%D7%99%D7%AA%D7%AA-%D7%94%D7%A0%D7%9E%D7%9C%D7%99%D7%9D-%D7%A1%D7%A7%D7%9B-55221-01-22,https://jus-tice.co.il/employment-law-needs-slug-review/,UNKNOWN,NEEDS_CONTENT_REVIEW,LOW,2,190,301_IF_APPROVED,NO,DRAFT_NOT_EXECUTED,Do not execute before owner approval and final target verification.
https://jus-tice.co.il/%D7%94%D7%97%D7%9C%D7%98%D7%94-%D7%91%D7%A2%D7%A0%D7%99%D7%99%D7%9F-%D7%91%D7%A7%D7%A9%D7%94-%D7%9C%D7%94%D7%97%D7%96%D7%A8%D7%AA-%D7%A6%D7%99%D7%95%D7%93-%D7%A9%D7%94%D7%95%D7%97%D7%A8%D7%9D,UNKNOWN_FINAL_TARGET_NEEDED,UNKNOWN,NEEDS_CLUSTER_CLASSIFICATION,LOW,2,350,301_IF_APPROVED,NO,DRAFT_NOT_EXECUTED,Do not execute before owner approval and final target verification.
https://jus-tice.co.il/%D7%94%D7%97%D7%9C%D7%98%D7%94-%D7%91%D7%AA%D7%99%D7%A7-%D7%97%D7%93%D7%9C%D7%95%D7%AA-%D7%A4%D7%99%D7%A8%D7%A2%D7%95%D7%9F-%D7%A9%D7%9C-%D7%97%D7%91%D7%A8%D7%AA-%D7%A1%D7%98%D7%95%D7%93%D7%99%D7%95-c,https://jus-tice.co.il/legal-database-rulings-needs-slug-review/,UNKNOWN,NEEDS_CONTENT_REVIEW,MEDIUM,9,1021,301_IF_APPROVED,NO,DRAFT_NOT_EXECUTED,Do not execute before owner approval and final target verification.
https://jus-tice.co.il/%D7%94%D7%97%D7%9E%D7%A8%D7%AA-%D7%A2%D7%95%D7%A0%D7%A9-%D7%A2%D7%91%D7%99%D7%A8%D7%95%D7%AA-%D7%91%D7%A0%D7%A9%D7%A7-%D7%9E%D7%9B%D7%99%D7%A8%D7%AA-%D7%9B%D7%9C%D7%99-%D7%A0%D7%A9%D7%A7-%D7%A9%D7%95%D7%A0%D7%99%D7%9D,UNKNOWN_FINAL_TARGET_NEEDED,UNKNOWN,NEEDS_CLUSTER_CLASSIFICATION,MEDIUM,11,372,301_IF_APPROVED,NO,DRAFT_NOT_EXECUTED,Do not execute before owner approval and final target verification.
https://jus-tice.co.il/%D7%94%D7%98%D7%A8%D7%93%D7%94-%D7%9E%D7%99%D7%A0%D7%99%D7%AA-%D7%91%D7%91%D7%A8-%D7%A9%D7%AA%D7%99%D7%99%D7%AA-%D7%90%D7%9C%D7%9B%D7%95%D7%94%D7%95%D7%9C-%D7%9E%D7%92%D7%95%D7%A4%D7%95-%D7%A9%D7%9C-%D7%90%D7%93%D7%9D-%D7%90%D7%97%D7%A8,UNKNOWN_FINAL_TARGET_NEEDED,UNKNOWN,NEEDS_CLUSTER_CLASSIFICATION,MEDIUM,20,1924,301_IF_APPROVED,NO,DRAFT_NOT_EXECUTED,Do not execute before owner approval and final target verification.
https://jus-tice.co.il/%D7%94%D7%98%D7%A8%D7%99%D7%A7%D7%99%D7%9D-%D7%94%D7%9E%D7%9C%D7%95%D7%9B%D7%9C%D7%9B%D7%99%D7%9D-%D7%91%D7%99%D7%95%D7%AA%D7%A8-%D7%9C%D7%92%D7%99%D7%A8%D7%95%D7%A9%D7%99%D7%9F,https://jus-tice.co.il/family-law-needs-slug-review/,UNKNOWN,NEEDS_CONTENT_REVIEW,MEDIUM,17,717,301_IF_APPROVED,NO,DRAFT_NOT_EXECUTED,Do not execute before owner approval and final target verification.
https://jus-tice.co.il/%D7%94%D7%9B%D7%A0%D7%94-%D7%9C%D7%97%D7%A7%D7%99%D7%A8%D7%94-%D7%91%D7%9E%D7%A9%D7%98%D7%A8%D7%94,https://jus-tice.co.il/police-investigation/,UNKNOWN,DO_NOT_TOUCH_HIGH_TRAFFIC_URL,HIGH,9,5820,301_IF_APPROVED,NO,DRAFT_NOT_EXECUTED,Do not execute before owner approval and final target verification.
https://jus-tice.co.il/%D7%94%D7%9C%D7%99%D7%9A-%D7%94%D7%9E%D7%A2%D7%A6%D7%A8-%D7%9B%D7%9E%D7%94-%D7%A2%D7%95%D7%9C%D7%94-%D7%A2%D7%95%D7%A8%D7%9A-%D7%93%D7%99%D7%9F-%D7%9E%D7%A2%D7%A6%D7%A8%D7%99%D7%9D-%D7%9E%D7%97%D7%99%D7%A8%D7%95%D7%9F-%D7%A2%D7%95%D7%93-%D7%A4%D7%9C%D7%99%D7%9C%D7%99,https://jus-tice.co.il/pretrial-detention/,UNKNOWN,DO_NOT_TOUCH_HIGH_TRAFFIC_URL,HIGH,22,10165,301_IF_APPROVED,NO,DRAFT_NOT_EXECUTED,Do not execute before owner approval and final target verification.
https://jus-tice.co.il/%D7%94%D7%9C%D7%99%D7%9C%D7%99-%D7%94%D7%9E%D7%A2%D7%A6%D7%A8-%D7%9B%D7%9E%D7%94-%D7%A2%D7%95%D7%9C%D7%94-%D7%A2%D7%95%D7%A8%D7%9A-%D7%93%D7%99%D7%9F-%D7%9E%D7%A2%D7%A6%D7%A8%D7%99%D7%9D-%D7%9E%D7%97%D7%99%D7%A8%D7%95%D7%9F-%D7%A2%D7%95%D7%93-%D7%A4%D7%9C%D7%99%D7%9C%D7%99,https://jus-tice.co.il/pretrial-detention/,UNKNOWN,NEEDS_CONTENT_REVIEW,LOW,0,1,301_IF_APPROVED,NO,DRAFT_NOT_EXECUTED,Do not execute before owner approval and final target verification.
https://jus-tice.co.il/%D7%94%D7%9E%D7%93%D7%A8%D7%99%D7%9A-%D7%94%D7%9E%D7%9C%D7%90-%D7%9C%D7%A6%D7%95%D7%95%D7%90%D7%95%D7%AA,UNKNOWN_FINAL_TARGET_NEEDED,UNKNOWN,NEEDS_CLUSTER_CLASSIFICATION,LOW,0,68,301_IF_APPROVED,NO,DRAFT_NOT_EXECUTED,Do not execute before owner approval and final target verification.
https://jus-tice.co.il/%D7%94%D7%9E%D7%93%D7%A8%D7%99%D7%9A-%D7%94%D7%9E%D7%9C%D7%90-%D7%9C%D7%A7%D7%A0%D7%99%D7%99%D7%94-%D7%94%D7%A9%D7%9B%D7%A8%D7%94-%D7%95-airbnb-%D7%91%D7%97%D7%95%D7%9C,https://jus-tice.co.il/employment-law-needs-slug-review/,UNKNOWN,DO_NOT_TOUCH_HIGH_TRAFFIC_URL,HIGH,44,20969,301_IF_APPROVED,NO,DRAFT_NOT_EXECUTED,Do not execute before owner approval and final target verification.
https://jus-tice.co.il/%D7%94%D7%A0%D7%97%D7%99%D7%94-81100-52001%D7%90-%D7%94%D7%99%D7%95%D7%A2%D7%A5-%D7%94%D7%9E%D7%A9%D7%A4%D7%98%D7%99-%D7%9C%D7%9E%D7%9E%D7%A9%D7%9C%D7%94,UNKNOWN_FINAL_TARGET_NEEDED,UNKNOWN,NEEDS_CLUSTER_CLASSIFICATION,MEDIUM,27,2112,301_IF_APPROVED,NO,DRAFT_NOT_EXECUTED,Do not execute before owner approval and final target verification.
https://jus-tice.co.il/%D7%94%D7%A0%D7%97%D7%99%D7%95%D7%AA-%D7%9C%D7%9E%D7%91%D7%A7%D7%A9%D7%99%D7%9D-%D7%9C%D7%94%D7%AA%D7%9E%D7%A0%D7%95%D7%AA-%D7%9C%D7%9E%D7%A9%D7%A8%D7%94-%D7%A9%D7%99%D7%A4%D7%95%D7%98%D7%99%D7%AA,UNKNOWN_FINAL_TARGET_NEEDED,UNKNOWN,DO_NOT_TOUCH_HIGH_TRAFFIC_URL,HIGH,101,4008,301_IF_APPROVED,NO,DRAFT_NOT_EXECUTED,Do not execute before owner approval and final target verification.
https://jus-tice.co.il/%D7%94%D7%A0%D7%97%D7%99%D7%95%D7%AA-%D7%A4%D7%A8%D7%A7%D7%9C%D7%99%D7%98-%D7%94%D7%9E%D7%93%D7%99%D7%A0%D7%94-%D7%94%D7%A0%D7%97%D7%99%D7%94-%D7%9E%D7%A1%D7%A4%D7%A8-13,https://jus-tice.co.il/tax-law-needs-slug-review/,UNKNOWN,DO_NOT_TOUCH_HIGH_TRAFFIC_URL,HIGH,39,15505,301_IF_APPROVED,NO,DRAFT_NOT_EXECUTED,Do not execute before owner approval and final target verification.
https://jus-tice.co.il/%D7%94%D7%A0%D7%97%D7%99%D7%95%D7%AA-%D7%A4%D7%A8%D7%A7%D7%9C%D7%99%D7%98-%D7%94%D7%9E%D7%93%D7%99%D7%A0%D7%94-%D7%9E%D7%A2%D7%A6%D7%A8-%D7%A2%D7%93-%D7%AA%D7%95%D7%9D-%D7%94%D7%94%D7%9C%D7%99%D7%9B%D7%99%D7%9D-%D7%91%D7%A2%D7%91%D7%99%D7%A8%D7%95%D7%AA-%D7%9E%D7%99%D7%9F-%D7%95%D7%90%D7%9C%D7%99%D7%9E%D7%95%D7%AA-%D7%91%D7%AA%D7%95%D7%9A-%D7%94%D7%9E%D7%A9%D7%A4%D7%97%D7%94,https://jus-tice.co.il/pretrial-detention/,UNKNOWN,NEEDS_CONTENT_REVIEW,MEDIUM,6,1892,301_IF_APPROVED,NO,DRAFT_NOT_EXECUTED,Do not execute before owner approval and final target verification.
https://jus-tice.co.il/%D7%94%D7%A0%D7%97%D7%99%D7%99%D7%AA-%D7%A4%D7%A8%D7%A7%D7%9C%D7%99%D7%98-%D7%94%D7%9E%D7%93%D7%99%D7%A0%D7%94-%D7%9E%D7%A1%D7%A4%D7%A8-25-%D7%9E%D7%93%D7%99%D7%A0%D7%99%D7%95%D7%AA-%D7%A4%D7%AA%D7%99%D7%97%D7%94-%D7%91%D7%97%D7%A7%D7%99%D7%A8%D7%94-%D7%95%D7%94%D7%A2%D7%9E%D7%93%D7%94-%D7%9C%D7%93%D7%99%D7%9F-%D7%91%D7%92%D7%99%D7%9F-%D7%97%D7%A9%D7%93-%D7%9C%D7%9E%D7%A1%D7%99%D7%A8%D7%AA-%D7%90%D7%9E%D7%A8%D7%94-%D7%90%D7%95-%D7%A2%D7%93%D7%95%D7%AA-%D7%9B%D7%95%D7%96%D7%91%D7%AA,https://jus-tice.co.il/criminal-law-needs-slug-review/,UNKNOWN,NEEDS_CONTENT_REVIEW,MEDIUM,47,4686,301_IF_APPROVED,NO,DRAFT_NOT_EXECUTED,Do not execute before owner approval and final target verification.
https://jus-tice.co.il/%D7%94%D7%A1%D7%93%D7%A8-%D7%98%D7%99%D7%A2%D7%95%D7%9F-%D7%90%D7%A8%D7%A0%D7%95%D7%9F-%D7%92%D7%9C%D7%A2%D7%93%D7%99-%D7%A9%D7%A0%D7%90%D7%A9%D7%9D-%D7%91%D7%9E%D7%A1%D7%92%D7%A8%D7%AA-%D7%9B%D7%AA%D7%91-%D7%94%D7%90%D7%99%D7%A9%D7%95%D7%9D-%D7%97%D7%91%D7%A8-%D7%94%D7%9B%D7%A0%D7%A1%D7%AA-%D7%93%D7%95%D7%93-%D7%91%D7%99%D7%98%D7%9F-%D7%95%D7%90%D7%97%D7%A8%D7%99%D7%9D,https://jus-tice.co.il/criminal-law-needs-slug-review/,UNKNOWN,NEEDS_CONTENT_REVIEW,LOW,1,99,301_IF_APPROVED,NO,DRAFT_NOT_EXECUTED,Do not execute before owner approval and final target verification.
https://jus-tice.co.il/%D7%94%D7%A1%D7%93%D7%A8-%D7%9E%D7%95%D7%AA%D7%A0%D7%94,https://jus-tice.co.il/criminal-record/,UNKNOWN,DO_NOT_TOUCH_HIGH_TRAFFIC_URL,HIGH,2,5761,301_IF_APPROVED,NO,DRAFT_NOT_EXECUTED,Do not execute before owner approval and final target verification.
https://jus-tice.co.il/%D7%94%D7%A1%D7%9B%D7%9D-%D7%9E%D7%AA%D7%A0%D7%94-%D7%91%D7%99%D7%9F-%D7%91%D7%A0%D7%99-%D7%96%D7%95%D7%92-%D7%9B%D7%9E%D7%91%D7%A1%D7%A1-%D7%A7%D7%A0%D7%99%D7%99%D7%9F-%D7%95%D7%9E%D7%95%D7%9B%D7%99%D7%97-%D7%9B%D7%95%D7%95%D7%A0%D7%AA-%D7%A9%D7%99%D7%AA%D7%95%D7%A3-%D7%90%D7%A3-%D7%9C%D7%9C%D7%90-%D7%A8%D7%99%D7%A9%D7%95%D7%9D-809633-3-%D7%91%D7%99%D7%94%D7%93-%D7%94%D7%92%D7%93%D7%95%D7%9C,UNKNOWN_FINAL_TARGET_NEEDED,UNKNOWN,NEEDS_CLUSTER_CLASSIFICATION,LOW,4,827,301_IF_APPROVED,NO,DRAFT_NOT_EXECUTED,Do not execute before owner approval and final target verification.
https://jus-tice.co.il/%D7%94%D7%A1%D7%9E%D7%9B%D7%95%D7%AA-%D7%9C%D7%A4%D7%A1%D7%95%D7%A7-%D7%91%D7%A2%D7%A0%D7%99%D7%99%D7%9F-%D7%94%D7%A8%D7%9B%D7%95%D7%A9-%D7%9C%D7%9E%D7%A8%D7%95%D7%AA-%D7%94%D7%A1%D7%9B%D7%9D-%D7%9E%D7%9E%D7%95%D7%9F-%D7%A9%D7%90%D7%95%D7%A9%D7%A8-%D7%91%D7%91%D7%99%D7%AA-%D7%94%D7%9E%D7%A9%D7%A4%D7%98,https://jus-tice.co.il/prenuptial-agreement/,UNKNOWN,NEEDS_CONTENT_REVIEW,MEDIUM,17,1833,301_IF_APPROVED,NO,DRAFT_NOT_EXECUTED,Do not execute before owner approval and final target verification.
https://jus-tice.co.il/%D7%94%D7%A2%D7%9C%D7%95%D7%99%D7%95%D7%AA-%D7%94%D7%A0%D7%A1%D7%AA%D7%A8%D7%95%D7%AA-%D7%A9%D7%9C-%D7%A8%D7%A9%D7%9C%D7%A0%D7%95%D7%AA-%D7%A8%D7%A4%D7%95%D7%90%D7%99%D7%AA-%D7%9B%D7%99%D7%A6%D7%93-%D7%9E%D7%98%D7%95%D7%A4%D7%9C%D7%99%D7%9D-%D7%95%D7%9E%D7%A9%D7%A4%D7%97%D7%95%D7%AA-%D7%9E%D7%95%D7%A9%D7%A4%D7%A2%D7%99%D7%9D-%D7%9E%D7%A8%D7%A9%D7%9C%D7%A0%D7%95%D7%AA-%D7%A9%D7%9C-%D7%AA%D7%A2%D7%A9%D7%99%D7%99%D7%AA-%D7%94%D7%91%D7%A8%D7%99%D7%90%D7%95%D7%AA,https://jus-tice.co.il/medical-malpractice-lawyer/,UNKNOWN,NEEDS_CONTENT_REVIEW,LOW,0,12,301_IF_APPROVED,NO,DRAFT_NOT_EXECUTED,Do not execute before owner approval and final target verification.
https://jus-tice.co.il/%D7%94%D7%A6%D7%94%D7%A8%D7%AA-%D7%90%D7%91%D7%94%D7%95%D7%AA-%D7%91%D7%91%D7%99%D7%AA-%D7%94%D7%93%D7%99%D7%9F-%D7%94%D7%A8%D7%91%D7%A0%D7%99,UNKNOWN_FINAL_TARGET_NEEDED,UNKNOWN,DO_NOT_TOUCH_HIGH_TRAFFIC_URL,HIGH,79,2179,301_IF_APPROVED,NO,DRAFT_NOT_EXECUTED,Do not execute before owner approval and final target verification.
https://jus-tice.co.il/%D7%94%D7%A6%D7%94%D7%A8%D7%AA-%D7%A0%D7%A4%D7%92%D7%A2-%D7%A2%D7%91%D7%99%D7%A8%D7%94-%D7%9C%D7%A4%D7%99-%D7%A1%D7%A2%D7%99%D7%A3-18%D7%9C%D7%97%D7%95%D7%A7-%D7%96%D7%9B%D7%95%D7%99%D7%95%D7%AA-%D7%A0%D7%A4%D7%92%D7%A2%D7%99-%D7%A2%D7%91%D7%99%D7%A8%D7%94-%D7%94%D7%AA%D7%A9%D7%A1%D7%90-2001,UNKNOWN_FINAL_TARGET_NEEDED,UNKNOWN,NEEDS_CLUSTER_CLASSIFICATION,LOW,7,495,301_IF_APPROVED,NO,DRAFT_NOT_EXECUTED,Do not execute before owner approval and final target verification.
https://jus-tice.co.il/%D7%94%D7%A7%D7%98%D7%A0%D7%AA-%D7%94%D7%95%D7%A6%D7%90%D7%95%D7%AA-%D7%AA%D7%91%D7%99%D7%A2%D7%95%D7%AA-%D7%A8%D7%A9%D7%9C%D7%A0%D7%95%D7%AA-%D7%A8%D7%A4%D7%95%D7%90%D7%99%D7%AA,https://jus-tice.co.il/medical-malpractice-lawyer/,UNKNOWN,DO_NOT_TOUCH_HIGH_TRAFFIC_URL,HIGH,22,9670,301_IF_APPROVED,NO,DRAFT_NOT_EXECUTED,Do not execute before owner approval and final target verification.
https://jus-tice.co.il/%D7%94%D7%A8%D7%A9%D7%A2%D7%AA-%D7%A0%D7%90%D7%A9%D7%9D-%D7%91%D7%A2%D7%91%D7%99%D7%A8%D7%95%D7%AA-%D7%9E%D7%99%D7%9F-%D7%91%D7%91%D7%AA%D7%95-%D7%95%D7%90%D7%9C%D7%99%D7%9E%D7%95%D7%AA-%D7%9B%D7%9C%D7%A4%D7%99-%D7%99%D7%9C%D7%93%D7%99%D7%95,https://jus-tice.co.il/sex-offenses/,UNKNOWN,DO_NOT_TOUCH_HIGH_TRAFFIC_URL,HIGH,149,4373,301_IF_APPROVED,NO,DRAFT_NOT_EXECUTED,Do not execute before owner approval and final target verification.
https://jus-tice.co.il/%D7%94%D7%A9%D7%95%D7%95%D7%90%D7%AA-%D7%A9%D7%95%D7%A7-%D7%94%D7%A0%D7%93%D7%9C%D7%9F-%D7%A7%D7%A4%D7%A8%D7%99%D7%A1%D7%99%D7%9F-%D7%9E%D7%95%D7%9C-%D7%99%D7%95%D7%95%D7%9F,https://jus-tice.co.il/real-estate-needs-slug-review/,UNKNOWN,NEEDS_CONTENT_REVIEW,MEDIUM,20,4594,301_IF_APPROVED,NO,DRAFT_NOT_EXECUTED,Do not execute before owner approval and final target verification.
https://jus-tice.co.il/%D7%94%D7%A9%D7%95%D7%A4%D7%98%D7%AA-%D7%90%D7%95%D7%A8%D7%99%D7%AA-%D7%91%D7%9F-%D7%93%D7%95%D7%A8-%D7%9C%D7%99%D7%91%D7%9C-%D7%94%D7%97%D7%9C%D7%98%D7%94-%D7%91%D7%91%D7%A7%D7%A9%D7%94-%D7%9C%D7%A1%D7%A2%D7%93-%D7%94%D7%A6%D7%94%D7%A8%D7%AA%D7%99-%D7%A2%D7%9C-%D7%96%D7%9B%D7%95%D7%99%D7%95%D7%AA-%D7%91%D7%93%D7%99%D7%A8%D7%94-%D7%AA%D7%9E%D7%A9-50682-04-17,https://jus-tice.co.il/real-estate-needs-slug-review/,UNKNOWN,NEEDS_CONTENT_REVIEW,MEDIUM,16,1235,301_IF_APPROVED,NO,DRAFT_NOT_EXECUTED,Do not execute before owner approval and final target verification.
https://jus-tice.co.il/%D7%94%D7%A9%D7%95%D7%A4%D7%98%D7%AA-%D7%94%D7%99%D7%9C%D7%94-%D7%92%D7%95%D7%A8%D7%91%D7%99%D7%A5-%D7%A2%D7%95%D7%91%D7%93%D7%99%D7%94-%D7%A4%D7%A1%D7%A7-%D7%93%D7%99%D7%9F-%D7%91%D7%91%D7%A7%D7%A9%D7%94-%D7%9C%D7%AA%D7%99%D7%A7%D7%95%D7%9F-%D7%A6%D7%95-%D7%99%D7%A8%D7%95%D7%A9%D7%94-%D7%AA%D7%A2-60847-03-22,https://jus-tice.co.il/legal-database-rulings-needs-slug-review/,UNKNOWN,NEEDS_CONTENT_REVIEW,LOW,6,747,301_IF_APPROVED,NO,DRAFT_NOT_EXECUTED,Do not execute before owner approval and final target verification.
https://jus-tice.co.il/%D7%94%D7%A9%D7%95%D7%A4%D7%98%D7%AA-%D7%A2%D7%A4%D7%A8%D7%94-%D7%92%D7%99%D7%90-%D7%99%D7%A1-33240-08-21-%D7%A2-%D7%A0-%D7%A2,https://jus-tice.co.il/legal-database-rulings-needs-slug-review/,UNKNOWN,NEEDS_MERGE_REVIEW,LOW,0,74,301_IF_APPROVED,NO,DRAFT_NOT_EXECUTED,Do not execute before owner approval and final target verification.
https://jus-tice.co.il/%D7%94%D7%A9%D7%95%D7%A4%D7%98-%D7%90%D7%A8%D7%96-%D7%A9%D7%A0%D7%99-%D7%A4%D7%A1%D7%93-%D7%91%D7%AA%D7%91%D7%99%D7%A2%D7%AA-%D7%90%D7%91-%D7%9C%D7%9E%D7%A9%D7%9E%D7%95%D7%A8%D7%AA-%D7%95%D7%97%D7%9C%D7%95%D7%A7%D7%AA-%D7%96%D7%9E%D7%A0%D7%99-%D7%A9%D7%94%D7%95%D7%AA-%D7%A9%D7%95%D7%95%D7%99%D7%9D-%D7%AA%D7%9C%D7%94%D7%9E-64033-06-21,https://jus-tice.co.il/child-custody/,UNKNOWN,NEEDS_CONTENT_REVIEW,MEDIUM,18,1081,301_IF_APPROVED,NO,DRAFT_NOT_EXECUTED,Do not execute before owner approval and final target verification.
https://jus-tice.co.il/%D7%94%D7%A9%D7%95%D7%A4%D7%98-%D7%90%D7%A8%D7%99%D7%90%D7%9C-%D7%9E%D7%9E%D7%9F-%D7%94%D7%97%D7%9C%D7%98%D7%94-%D7%9C%D7%9E%D7%AA%D7%9F-%D7%A6%D7%95-%D7%94%D7%92%D7%A0%D7%94-%D7%9C%D7%9E%D7%A0%D7%99%D7%A2%D7%AA-%D7%90%D7%9C%D7%99%D7%9E%D7%95%D7%AA-%D7%91%D7%9E%D7%A9%D7%A4%D7%97%D7%94-%D7%94%D7%98-40857-03-22,https://jus-tice.co.il/family-law-needs-slug-review/,UNKNOWN,NEEDS_MERGE_REVIEW,MEDIUM,10,788,301_IF_APPROVED,NO,DRAFT_NOT_EXECUTED,Do not execute before owner approval and final target verification.
https://jus-tice.co.il/%D7%94%D7%A9%D7%A7%D7%A2%D7%95%D7%AA-%D7%A0%D7%93%D7%9C%D7%9F-%D7%91%D7%A0%D7%99%D7%95-%D7%99%D7%95%D7%A8%D7%A7-%D7%9E%D7%91%D7%98-%D7%9E%D7%95%D7%A8%D7%97%D7%91-%D7%9C%D7%9E%D7%A9%D7%A7%D7%99%D7%A2%D7%99%D7%9D-%D7%99%D7%A9%D7%A8%D7%90%D7%9C%D7%99%D7%9D,https://jus-tice.co.il/real-estate-needs-slug-review/,UNKNOWN,DO_NOT_TOUCH_HIGH_TRAFFIC_URL,HIGH,30,7906,301_IF_APPROVED,NO,DRAFT_NOT_EXECUTED,Do not execute before owner approval and final target verification.
https://jus-tice.co.il/%D7%94%D7%A9%D7%AA%D7%9E%D7%A9-%D7%91%D7%90%D7%A4%D7%9C%D7%99%D7%A7%D7%A6%D7%99%D7%95%D7%AA-%D7%95%D7%95%D7%90%D7%98%D7%A1%D7%90%D7%A4-%D7%95%D7%90%D7%99%D7%A0%D7%A1%D7%98%D7%92%D7%A8%D7%9D-%D7%9C%D7%99%D7%A6%D7%95%D7%A8-%D7%A7%D7%A9%D7%A8%D7%99%D7%9D-%D7%A2%D7%9D-%D7%A7%D7%98%D7%99%D7%A0%D7%95%D7%AA-%D7%95%D7%9C%D7%A7%D7%99%D7%99%D7%9D-%D7%A2%D7%9E%D7%9F-%D7%A9%D7%99%D7%97%D7%95%D7%AA-%D7%91%D7%A2%D7%9C%D7%95%D7%AA-%D7%90%D7%95%D7%A4%D7%99-%D7%9E%D7%99%D7%A0%D7%99,UNKNOWN_FINAL_TARGET_NEEDED,UNKNOWN,NEEDS_CLUSTER_CLASSIFICATION,LOW,0,226,301_IF_APPROVED,NO,DRAFT_NOT_EXECUTED,Do not execute before owner approval and final target verification.
https://jus-tice.co.il/%D7%94%D7%AA%D7%99%D7%99%D7%A9%D7%A0%D7%95%D7%AA-%D7%A8%D7%A9%D7%9C%D7%A0%D7%95%D7%AA-%D7%A8%D7%A4%D7%95%D7%90%D7%99%D7%AA-%D7%AA%D7%90-4392-03-23,https://jus-tice.co.il/medical-malpractice-lawyer/,UNKNOWN,NEEDS_CONTENT_REVIEW,MEDIUM,21,799,301_IF_APPROVED,NO,DRAFT_NOT_EXECUTED,Do not execute before owner approval and final target verification.
https://jus-tice.co.il/%D7%94%D7%AA%D7%A0%D7%92%D7%93%D7%95%D7%AA-%D7%9C%D7%A7%D7%99%D7%95%D7%9D-%D7%A6%D7%95%D7%95%D7%90%D7%AA-%D7%94%D7%9E%D7%A0%D7%95%D7%97%D7%94-%D7%9E%D7%A6%D7%93-%D7%A9%D7%A0%D7%99%D7%99%D7%9D-%D7%9E%D7%90%D7%97%D7%99%D7%94-%D7%9B%D7%A0%D7%92%D7%93-%D7%90%D7%97%D7%99%D7%94-%D7%94%D7%A0%D7%95%D7%A1%D7%A4%D7%99%D7%9D-%D7%95%D7%90%D7%97%D7%99%D7%99%D7%A0%D7%94,UNKNOWN_FINAL_TARGET_NEEDED,UNKNOWN,NEEDS_CLUSTER_CLASSIFICATION,LOW,2,267,301_IF_APPROVED,NO,DRAFT_NOT_EXECUTED,Do not execute before owner approval and final target verification.
https://jus-tice.co.il/%D7%96%D7%99%D7%9B%D7%95%D7%99-%D7%9E%D7%97%D7%9E%D7%AA-%D7%94%D7%AA%D7%A7%D7%99%D7%99%D7%9E%D7%95%D7%AA%D7%94-%D7%A9%D7%9C-%D7%94%D7%92%D7%A0%D7%AA-%D7%96%D7%95%D7%98%D7%99-%D7%93%D7%91%D7%A8%D7%99%D7%9D-%D7%AA%D7%A4-4122-08-21,UNKNOWN_FINAL_TARGET_NEEDED,UNKNOWN,NEEDS_CLUSTER_CLASSIFICATION,MEDIUM,15,862,301_IF_APPROVED,NO,DRAFT_NOT_EXECUTED,Do not execute before owner approval and final target verification.
https://jus-tice.co.il/%D7%96%D7%99%D7%9B%D7%95%D7%99-%D7%A0%D7%90%D7%A9%D7%9D-%D7%91%D7%A2%D7%91%D7%99%D7%A8%D7%95%D7%AA-%D7%A9%D7%9C-%D7%9E%D7%A2%D7%A9%D7%94-%D7%9E%D7%92%D7%95%D7%A0%D7%94-%D7%A9%D7%9C-%D7%A7%D7%98%D7%99%D7%9F-73759-12-20,https://jus-tice.co.il/criminal-law-needs-slug-review/,UNKNOWN,NEEDS_CONTENT_REVIEW,MEDIUM,25,1048,301_IF_APPROVED,NO,DRAFT_NOT_EXECUTED,Do not execute before owner approval and final target verification.
https://jus-tice.co.il/%D7%96%D7%99%D7%9B%D7%95%D7%99-%D7%A0%D7%90%D7%A9%D7%9D-%D7%91%D7%A9%D7%9C-%D7%A4%D7%A1%D7%99%D7%9C%D7%AA-%D7%A8%D7%90%D7%99%D7%94-%D7%A2%D7%A7%D7%91-%D7%97%D7%99%D7%A4%D7%95%D7%A9-%D7%91%D7%9C%D7%AA%D7%99-%D7%97%D7%95%D7%A7%D7%99,https://jus-tice.co.il/criminal-law-needs-slug-review/,UNKNOWN,NEEDS_CONTENT_REVIEW,MEDIUM,18,1137,301_IF_APPROVED,NO,DRAFT_NOT_EXECUTED,Do not execute before owner approval and final target verification.
https://jus-tice.co.il/%D7%96%D7%99%D7%9B%D7%95%D7%99-%D7%A0%D7%90%D7%A9%D7%9D-%D7%A7%D7%A9%D7%99%D7%A8%D7%AA-%D7%A7%D7%A9%D7%A8-%D7%9C%D7%91%D7%99%D7%A6%D7%95%D7%A2-%D7%A2%D7%95%D7%95%D7%9F-%D7%AA%D7%A4-14763-04-15-%D7%9E%D7%93%D7%99%D7%A0%D7%AA-%D7%99%D7%A9%D7%A8%D7%90%D7%9C-%D7%A0%D7%99-%D7%90%D7%91%D7%A8%D7%94%D7%9D-%D7%9E%D7%90%D7%99%D7%A8-%D7%98%D7%A8%D7%99%D7%92%D7%A8,https://jus-tice.co.il/criminal-law-needs-slug-review/,UNKNOWN,NEEDS_CONTENT_REVIEW,LOW,5,985,301_IF_APPROVED,NO,DRAFT_NOT_EXECUTED,Do not execute before owner approval and final target verification.
https://jus-tice.co.il/%D7%96%D7%99%D7%9B%D7%95%D7%99-%D7%A0%D7%94%D7%92-%D7%9E%D7%A9%D7%90%D7%99%D7%AA-%D7%A9%D7%94%D7%95%D7%90%D7%A9%D7%9D-%D7%91%D7%92%D7%A8%D7%99%D7%9E%D7%AA-%D7%9E%D7%95%D7%95%D7%AA-%D7%91%D7%A8%D7%A9%D7%9C%D7%A0%D7%95%D7%AA-%D7%AA%D7%99%D7%A7-56-03-20,https://jus-tice.co.il/traffic-law-needs-slug-review/,UNKNOWN,NEEDS_CONTENT_REVIEW,LOW,1,358,301_IF_APPROVED,NO,DRAFT_NOT_EXECUTED,Do not execute before owner approval and final target verification.
https://jus-tice.co.il/%D7%96%D7%99%D7%9B%D7%95%D7%99-%D7%AA%D7%A7%D7%99%D7%A4%D7%94-%D7%98%D7%A2%D7%A0%D7%AA-%D7%94%D7%92%D7%A0%D7%94-%D7%A2%D7%A6%D7%9E%D7%99%D7%AA-%D7%AA%D7%A4-5455-11-20,UNKNOWN_FINAL_TARGET_NEEDED,UNKNOWN,NEEDS_CLUSTER_CLASSIFICATION,MEDIUM,8,1355,301_IF_APPROVED,NO,DRAFT_NOT_EXECUTED,Do not execute before owner approval and final target verification.
https://jus-tice.co.il/%D7%96%D7%9B%D7%90%D7%95%D7%AA-%D7%9C%D7%94%D7%97%D7%96%D7%A8-%D7%9E%D7%A1-%D7%A8%D7%9B%D7%99%D7%A9%D7%94-%D7%91%D7%92%D7%99%D7%9F-%D7%91%D7%99%D7%98%D7%95%D7%9C-%D7%A2%D7%A1%D7%A7%D7%94-%D7%91%D7%9E%D7%A7%D7%A8%D7%A7%D7%A2%D7%99%D7%9F,https://jus-tice.co.il/real-estate-needs-slug-review/,UNKNOWN,NEEDS_CONTENT_REVIEW,LOW,8,967,301_IF_APPROVED,NO,DRAFT_NOT_EXECUTED,Do not execute before owner approval and final target verification.
https://jus-tice.co.il/%D7%96%D7%9B%D7%95%D7%AA-%D7%A0%D7%A4%D7%92%D7%A2-%D7%A2%D7%91%D7%99%D7%A8%D7%94-%D7%9C%D7%A2%D7%A8%D7%A2%D7%A8-%D7%A2%D7%9C-%D7%A1%D7%92%D7%99%D7%A8%D7%AA-%D7%94%D7%AA%D7%99%D7%A7-%D7%91%D7%A2%D7%A0%D7%99%D7%99%D7%A0%D7%95-%D7%A9%D7%9C-%D7%97%D7%A9%D7%95%D7%93-%D7%91%D7%92%D7%A5-47421,UNKNOWN_FINAL_TARGET_NEEDED,UNKNOWN,NEEDS_CLUSTER_CLASSIFICATION,MEDIUM,16,2458,301_IF_APPROVED,NO,DRAFT_NOT_EXECUTED,Do not execute before owner approval and final target verification.
https://jus-tice.co.il/%D7%96%D7%9C%D7%99%D7%92%D7%9E%D7%9F-%D7%94%D7%A4%D7%A0%D7%99%D7%A7%D7%A1-%D7%96%D7%95%D7%98%D7%99-%D7%93%D7%91%D7%A8%D7%99%D7%9D-%D7%AA%D7%95%D7%91%D7%A2%D7%A0%D7%95%D7%AA-%D7%99%D7%99%D7%A6%D7%95%D7%92%D7%99%D7%95%D7%AA-%D7%A4%D7%A8%D7%A9%D7%A0%D7%95%D7%AA-%D7%9E%D7%90%D7%A1%D7%93%D7%A8,UNKNOWN_FINAL_TARGET_NEEDED,UNKNOWN,NEEDS_CLUSTER_CLASSIFICATION,MEDIUM,11,2134,301_IF_APPROVED,NO,DRAFT_NOT_EXECUTED,Do not execute before owner approval and final target verification.
https://jus-tice.co.il/%D7%97%D7%93%D7%A9%D7%95%D7%AA-%D7%A4%D7%9C%D7%99%D7%9C%D7%99-%D7%9E%D7%AA%D7%A2%D7%93%D7%9B%D7%9F,https://jus-tice.co.il/criminal-law-needs-slug-review/,UNKNOWN,NEEDS_CONTENT_REVIEW,MEDIUM,4,1989,301_IF_APPROVED,NO,DRAFT_NOT_EXECUTED,Do not execute before owner approval and final target verification.
https://jus-tice.co.il/%D7%97%D7%95%D7%A7%D7%99-%D7%94%D7%A0%D7%93%D7%9C%D7%9F-%D7%91%D7%99%D7%A9%D7%A8%D7%90%D7%9C-%D7%9E%D7%95%D7%9C-%D7%A6%D7%A8%D7%A4%D7%AA,https://jus-tice.co.il/real-estate-needs-slug-review/,UNKNOWN,NEEDS_CONTENT_REVIEW,MEDIUM,39,4446,301_IF_APPROVED,NO,DRAFT_NOT_EXECUTED,Do not execute before owner approval and final target verification.
https://jus-tice.co.il/%D7%97%D7%95%D7%A7-%D7%94%D7%97%D7%95%D7%96%D7%99%D7%9D-%D7%AA%D7%A8%D7%95%D7%A4%D7%95%D7%AA-%D7%91%D7%A9%D7%9C-%D7%94%D7%A4%D7%A8%D7%AA-%D7%97%D7%95%D7%96%D7%94-%D7%AA%D7%A9%D7%9C%D7%90-1970,UNKNOWN_FINAL_TARGET_NEEDED,UNKNOWN,DO_NOT_TOUCH_HIGH_TRAFFIC_URL,HIGH,29,15681,301_IF_APPROVED,NO,DRAFT_NOT_EXECUTED,Do not execute before owner approval and final target verification.
https://jus-tice.co.il/%D7%97%D7%95%D7%A7-%D7%94%D7%A2%D7%95%D7%A0%D7%A9%D7%99%D7%9F,UNKNOWN_FINAL_TARGET_NEEDED,UNKNOWN,DO_NOT_TOUCH_HIGH_TRAFFIC_URL,HIGH,45,10000,301_IF_APPROVED,NO,DRAFT_NOT_EXECUTED,Do not execute before owner approval and final target verification.
https://jus-tice.co.il/%D7%97%D7%95%D7%A7-%D7%9E%D7%99%D7%A1%D7%95%D7%99-%D7%A0%D7%93%D7%9C%D7%9F-%D7%99%D7%95%D7%95%D7%9F-%D7%97%D7%95%D7%A7-%D7%9E%D7%A1-4223,https://jus-tice.co.il/real-estate-needs-slug-review/,UNKNOWN,NEEDS_CONTENT_REVIEW,LOW,1,34,301_IF_APPROVED,NO,DRAFT_NOT_EXECUTED,Do not execute before owner approval and final target verification.
https://jus-tice.co.il/%D7%97%D7%95%D7%A7-%D7%A4%D7%99%D7%A6%D7%95%D7%99%D7%99%D7%9D-%D7%9C%D7%A0%D7%A4%D7%92%D7%A2%D7%99-%D7%AA%D7%90%D7%95%D7%A0%D7%95%D7%AA-%D7%93%D7%A8%D7%9B%D7%99%D7%9D-%D7%A0%D7%95%D7%A1%D7%97-%D7%A2%D7%93%D7%9B%D7%A0%D7%99,https://jus-tice.co.il/car-accident-lawyer/,UNKNOWN,NEEDS_CONTENT_REVIEW,MEDIUM,0,1504,301_IF_APPROVED,NO,DRAFT_NOT_EXECUTED,Do not execute before owner approval and final target verification.
https://jus-tice.co.il/%D7%97%D7%95%D7%A7-%D7%A8%D7%A9%D7%9C%D7%A0%D7%95%D7%AA-%D7%A8%D7%A4%D7%95%D7%90%D7%99%D7%AA,https://jus-tice.co.il/medical-malpractice-lawyer/,UNKNOWN,NEEDS_CONTENT_REVIEW,MEDIUM,0,1145,301_IF_APPROVED,NO,DRAFT_NOT_EXECUTED,Do not execute before owner approval and final target verification.
https://jus-tice.co.il/%D7%97%D7%95%D7%A7-%D7%A9%D7%99%D7%A8%D7%95%D7%AA%D7%99-%D7%AA%D7%A2%D7%95%D7%A4%D7%94-%D7%A4%D7%99%D7%A6%D7%95%D7%99-%D7%95%D7%A1%D7%99%D7%95%D7%A2-%D7%91%D7%A9%D7%9C-%D7%91%D7%99%D7%98%D7%95%D7%9C-%D7%98%D7%99%D7%A1%D7%94-%D7%90%D7%95-%D7%A9%D7%99%D7%A0%D7%95%D7%99-%D7%91%D7%AA%D7%A0%D7%90%D7%99%D7%94-%D7%94%D7%AA%D7%A9%D7%A2%D7%91-2012,UNKNOWN_FINAL_TARGET_NEEDED,UNKNOWN,DO_NOT_TOUCH_HIGH_TRAFFIC_URL,HIGH,14,13316,301_IF_APPROVED,NO,DRAFT_NOT_EXECUTED,Do not execute before owner approval and final target verification.
https://jus-tice.co.il/%D7%97%D7%96%D7%A7%D7%AA-%D7%91%D7%A0%D7%99-%D7%96%D7%95%D7%92-%D7%9B%D7%A0%D7%A9%D7%95%D7%90%D7%99%D7%9D-%D7%AA%D7%95%D7%A7%D7%A4%D7%9D-%D7%A9%D7%9C-%D7%A0%D7%99%D7%A9%D7%95%D7%90%D7%99%D7%9F-%D7%A4%D7%A8%D7%98%D7%99%D7%99%D7%9D-%D7%91%D7%A7%D7%A9%D7%94-%D7%9C%D7%A7%D7%91%D7%99%D7%A2%D7%AA-%D7%9E%D7%A2%D7%9E%D7%93-%D7%9C%D7%96%D7%95%D7%92,UNKNOWN_FINAL_TARGET_NEEDED,UNKNOWN,NEEDS_CLUSTER_CLASSIFICATION,LOW,6,476,301_IF_APPROVED,NO,DRAFT_NOT_EXECUTED,Do not execute before owner approval and final target verification.
https://jus-tice.co.il/%D7%97%D7%9C%D7%95%D7%A7%D7%AA-%D7%93%D7%99%D7%A8%D7%94-%D7%94%D7%A8%D7%A9%D7%95%D7%9E%D7%94-%D7%A2%D7%9C-%D7%A9%D7%9D-%D7%94%D7%90%D7%99%D7%A9%D7%94-%D7%9E%D7%A9%D7%99%D7%A7%D7%95%D7%9C%D7%99-%D7%9E%D7%A1-%D7%90%D7%A9%D7%A8-%D7%A0%D7%A8%D7%9B%D7%A9%D7%94-%D7%9E%D7%9B%D7%A1%D7%A4%D7%99%D7%9D-%D7%9E%D7%A9%D7%95%D7%AA%D7%A4%D7%99%D7%9D,https://jus-tice.co.il/real-estate-needs-slug-review/,UNKNOWN,NEEDS_CONTENT_REVIEW,MEDIUM,10,779,301_IF_APPROVED,NO,DRAFT_NOT_EXECUTED,Do not execute before owner approval and final target verification.
https://jus-tice.co.il/%D7%97%D7%A9%D7%99%D7%A4%D7%AA-%D7%A4%D7%A8%D7%98%D7%99-%D7%9E%D7%A9%D7%AA%D7%9E%D7%A9-%D7%A8%D7%9E%D7%99-%D7%9E%D7%95%D7%A8-%D7%A0%D7%92%D7%93-%D7%91%D7%A8%D7%A7-%D7%90%D7%99-%D7%98%D7%99-%D7%A1%D7%99,UNKNOWN_FINAL_TARGET_NEEDED,UNKNOWN,NEEDS_CLUSTER_CLASSIFICATION,MEDIUM,29,1379,301_IF_APPROVED,NO,DRAFT_NOT_EXECUTED,Do not execute before owner approval and final target verification.
https://jus-tice.co.il/%D7%97%D7%A9%D7%A9-%D7%9C%D7%9E%D7%A9%D7%95%D7%90-%D7%A4%D7%A0%D7%99%D7%9D-%D7%A9%D7%9C-%D7%91%D7%99%D7%AA-%D7%94%D7%93%D7%99%D7%9F-%D7%95%D7%9C%D7%94%D7%98%D7%99%D7%99%D7%AA-%D7%94%D7%93%D7%99%D7%9F,UNKNOWN_FINAL_TARGET_NEEDED,UNKNOWN,NEEDS_CLUSTER_CLASSIFICATION,MEDIUM,38,589,301_IF_APPROVED,NO,DRAFT_NOT_EXECUTED,Do not execute before owner approval and final target verification.
https://jus-tice.co.il/%D7%97%D7%AA%D7%99%D7%9E%D7%94-%D7%A2%D7%9C-%D7%A8%D7%A9%D7%99%D7%9E%D7%AA-%D7%9C%D7%99%D7%A7%D7%95%D7%99%D7%99%D7%9D,UNKNOWN_FINAL_TARGET_NEEDED,UNKNOWN,NEEDS_CLUSTER_CLASSIFICATION,LOW,0,146,301_IF_APPROVED,NO,DRAFT_NOT_EXECUTED,Do not execute before owner approval and final target verification.
https://jus-tice.co.il/%D7%97%D7%AA%D7%99%D7%9E%D7%AA-%D7%A2%D7%95%D7%A8%D7%9A-%D7%93%D7%99%D7%9F-%D7%A0%D7%95%D7%98%D7%A8%D7%99%D7%95%D7%9F,https://jus-tice.co.il/notary-foreign-needs-slug-review/,UNKNOWN,DO_NOT_TOUCH_HIGH_TRAFFIC_URL,HIGH,103,25578,301_IF_APPROVED,NO,DRAFT_NOT_EXECUTED,Do not execute before owner approval and final target verification.
https://jus-tice.co.il/%D7%97%D7%AA%D7%99%D7%9E%D7%AA-%D7%A2%D7%95%D7%A8%D7%9A-%D7%93%D7%99%D7%9F-%D7%A0%D7%95%D7%98%D7%A8%D7%99%D7%95%D7%A0%D7%99,UNKNOWN_FINAL_TARGET_NEEDED,UNKNOWN,NEEDS_CLUSTER_CLASSIFICATION,LOW,0,1,301_IF_APPROVED,NO,DRAFT_NOT_EXECUTED,Do not execute before owner approval and final target verification.
https://jus-tice.co.il/%D7%98%D7%95%D7%91%D7%AA-%D7%94%D7%99%D7%9C%D7%93%D7%99%D7%9D-%D7%9B%D7%91%D7%A1%D7%99%D7%A1-%D7%9C%D7%97%D7%99%D7%95%D7%91-%D7%94%D7%90%D7%9D-%D7%9C%D7%97%D7%96%D7%95%D7%A8-%D7%9C%D7%A2%D7%99%D7%A8-%D7%94%D7%9E%D7%A7%D7%95%D7%A8-%D7%A8%D7%99%D7%A9%D7%95%D7%9D-%D7%94%D7%99%D7%9C%D7%93%D7%99%D7%9D-%D7%9C%D7%9E%D7%95%D7%A1%D7%93%D7%95%D7%AA-%D7%94%D7%97%D7%99%D7%A0%D7%95%D7%9A,https://jus-tice.co.il/child-custody/,UNKNOWN,NEEDS_MERGE_REVIEW,LOW,4,320,301_IF_APPROVED,NO,DRAFT_NOT_EXECUTED,Do not execute before owner approval and final target verification.
https://jus-tice.co.il/%D7%98%D7%95%D7%A4%D7%A1-%D7%91%D7%A7%D7%A9%D7%94-%D7%9C%D7%A7%D7%91%D7%9C%D7%AA-%D7%9E%D7%99%D7%93%D7%A2-%D7%A0%D7%A4%D7%92%D7%A2%D7%99-%D7%A2%D7%91%D7%99%D7%A8%D7%94-%D7%9C%D7%A4%D7%99-%D7%9C%D7%97%D7%95%D7%A7-%D7%96%D7%9B%D7%95%D7%99%D7%95%D7%AA-%D7%A0%D7%A4%D7%92%D7%A2%D7%99-%D7%A2%D7%91%D7%99%D7%A8%D7%94,UNKNOWN_FINAL_TARGET_NEEDED,UNKNOWN,NEEDS_CLUSTER_CLASSIFICATION,LOW,4,538,301_IF_APPROVED,NO,DRAFT_NOT_EXECUTED,Do not execute before owner approval and final target verification.
https://jus-tice.co.il/%D7%98%D7%95%D7%A4%D7%A1-%D7%94%D7%A6%D7%94%D7%A8%D7%94-%D7%91%D7%A2%D7%A7%D7%91%D7%95%D7%AA-%D7%A9%D7%99%D7%A0%D7%95%D7%99-%D7%91%D7%A2%D7%9C%D7%95%D7%AA-%D7%91%D7%A2%D7%A1%D7%A7,UNKNOWN_FINAL_TARGET_NEEDED,UNKNOWN,NEEDS_CLUSTER_CLASSIFICATION,MEDIUM,10,183,301_IF_APPROVED,NO,DRAFT_NOT_EXECUTED,Do not execute before owner approval and final target verification.
https://jus-tice.co.il/%D7%98%D7%95%D7%A4%D7%A1-%D7%9C%D7%A4%D7%99-%D7%97%D7%95%D7%A7-%D7%9C%D7%9E%D7%A0%D7%99%D7%A2%D7%AA-%D7%94%D7%A2%D7%A1%D7%A7%D7%94-%D7%A9%D7%9C-%D7%A2%D7%91%D7%A8%D7%99%D7%99%D7%A0%D7%99-%D7%9E%D7%99%D7%9F-%D7%91%D7%9E%D7%95%D7%A1%D7%93-%D7%94%D7%9E%D7%9B%D7%95%D7%95%D7%9F-%D7%9C%D7%9E%D7%AA%D7%9F-%D7%A9%D7%99%D7%A8%D7%95%D7%AA-%D7%9C%D7%A7%D7%98%D7%99%D7%99%D7%9D,https://jus-tice.co.il/criminal-law-needs-slug-review/,UNKNOWN,NEEDS_CONTENT_REVIEW,LOW,0,1,301_IF_APPROVED,NO,DRAFT_NOT_EXECUTED,Do not execute before owner approval and final target verification.
https://jus-tice.co.il/%D7%98%D7%95%D7%A4%D7%A1-%D7%9C%D7%A4%D7%99-%D7%97%D7%95%D7%A7-%D7%9C%D7%9E%D7%A0%D7%99%D7%A2%D7%AA-%D7%94%D7%A2%D7%A1%D7%A7%D7%94-%D7%A9%D7%9C-%D7%A2%D7%91%D7%A8%D7%99%D7%99%D7%A0%D7%99-%D7%9E%D7%99%D7%9F-%D7%91%D7%9E%D7%95%D7%A1%D7%93-%D7%94%D7%9E%D7%9B%D7%95%D7%95%D7%9F-%D7%9C%D7%9E%D7%AA%D7%9F-%D7%A9%D7%99%D7%A8%D7%95%D7%AA-%D7%9C%D7%A7%D7%98%D7%99%D7%A0%D7%99%D7%9D,https://jus-tice.co.il/criminal-law-needs-slug-review/,UNKNOWN,DO_NOT_TOUCH_HIGH_TRAFFIC_URL,HIGH,128,13626,301_IF_APPROVED,NO,DRAFT_NOT_EXECUTED,Do not execute before owner approval and final target verification.
https://jus-tice.co.il/%D7%98%D7%95%D7%A4%D7%A1-%D7%A2%D7%9E%D7%93%D7%AA-%D7%A0%D7%A4%D7%92%D7%A2%D7%99-%D7%A2%D7%91%D7%99%D7%A8%D7%94-%D7%9C%D7%A2%D7%A0%D7%99%D7%99%D7%9F-%D7%97%D7%A0%D7%99%D7%A0%D7%94,UNKNOWN_FINAL_TARGET_NEEDED,UNKNOWN,NEEDS_CLUSTER_CLASSIFICATION,LOW,0,49,301_IF_APPROVED,NO,DRAFT_NOT_EXECUTED,Do not execute before owner approval and final target verification.
https://jus-tice.co.il/%D7%98%D7%95%D7%A4%D7%A1-%D7%AA%D7%A6%D7%94%D7%99%D7%A8-%D7%A0%D7%9C%D7%95%D7%95%D7%94-%D7%9C%D7%91%D7%A7%D7%A9%D7%94-%D7%9C%D7%A8%D7%99%D7%A9%D7%99%D7%95%D7%9F-%D7%A2%D7%A1%D7%A7-%D7%91%D7%90%D7%95%D7%A4%D7%9F-%D7%9E%D7%A7%D7%95%D7%95%D7%9F,https://jus-tice.co.il/traffic-law-needs-slug-review/,UNKNOWN,NEEDS_CONTENT_REVIEW,LOW,0,29,301_IF_APPROVED,NO,DRAFT_NOT_EXECUTED,Do not execute before owner approval and final target verification.
https://jus-tice.co.il/%D7%98%D7%99%D7%A4%D7%95%D7%9C-%D7%91%D7%94%D7%9C%D7%99%D7%9B%D7%99%D7%9D-%D7%9C%D7%A4%D7%99-%D7%97%D7%95%D7%A7-%D7%94%D7%A0%D7%95%D7%A2%D7%A8-%D7%98%D7%99%D7%A4%D7%95%D7%9C-%D7%95%D7%94%D7%A9%D7%92%D7%97%D7%94,UNKNOWN_FINAL_TARGET_NEEDED,UNKNOWN,NEEDS_CLUSTER_CLASSIFICATION,MEDIUM,17,2087,301_IF_APPROVED,NO,DRAFT_NOT_EXECUTED,Do not execute before owner approval and final target verification.
https://jus-tice.co.il/%D7%98%D7%99%D7%A4%D7%99%D7%9D-%D7%9B%D7%99%D7%A6%D7%93-%D7%9C%D7%9E%D7%A7%D7%A1%D7%9D-%D7%90%D7%AA-%D7%94%D7%A4%D7%99%D7%A6%D7%95%D7%99%D7%99%D7%9D-%D7%91%D7%AA%D7%91%D7%99%D7%A2%D7%AA-%D7%A8%D7%A9%D7%9C%D7%A0%D7%95%D7%AA-%D7%A8%D7%A4%D7%95%D7%90%D7%99%D7%AA,https://jus-tice.co.il/medical-malpractice-lawyer/,UNKNOWN,NEEDS_CONTENT_REVIEW,LOW,0,136,301_IF_APPROVED,NO,DRAFT_NOT_EXECUTED,Do not execute before owner approval and final target verification.
https://jus-tice.co.il/%D7%98%D7%99%D7%A4%D7%99%D7%9D-%D7%9C%D7%A2%D7%95%D7%93-%D7%9B%D7%99%D7%A6%D7%93-%D7%9C%D7%94%D7%9B%D7%A0%D7%A1-%D7%9C%D7%9E%D7%93%D7%A8%D7%99%D7%9B%D7%99%D7%9D-%D7%93%D7%99%D7%A8%D7%95%D7%92-%D7%A2%D7%95%D7%A8%D7%9B%D7%99-%D7%94%D7%93%D7%99%D7%9F-%D7%94%D7%9E%D7%95%D7%91%D7%99%D7%9C%D7%99%D7%9D-%D7%91%D7%A2%D7%A2%D7%95%D7%9C%D7%9D,UNKNOWN_FINAL_TARGET_NEEDED,UNKNOWN,NEEDS_MERGE_REVIEW,MEDIUM,11,728,301_IF_APPROVED,NO,DRAFT_NOT_EXECUTED,Do not execute before owner approval and final target verification.
https://jus-tice.co.il/%D7%98%D7%A2%D7%A0%D7%95%D7%AA-%D7%9E%D7%A7%D7%93%D7%9E%D7%99%D7%95%D7%AA-%D7%91%D7%A7%D7%95%D7%91%D7%9C%D7%A0%D7%94-%D7%A4%D7%9C%D7%99%D7%9C%D7%99%D7%AA-%D7%91%D7%90%D7%99%D7%A9%D7%95%D7%9D-%D7%9C%D7%9C%D7%A9%D7%95%D7%9F-%D7%94%D7%A8%D7%A2,https://jus-tice.co.il/criminal-law-needs-slug-review/,UNKNOWN,NEEDS_CONTENT_REVIEW,LOW,2,520,301_IF_APPROVED,NO,DRAFT_NOT_EXECUTED,Do not execute before owner approval and final target verification.
https://jus-tice.co.il/%D7%99%D7%99%D7%A2%D7%95%D7%A5-%D7%9E%D7%A9%D7%A4%D7%98%D7%99-%D7%90%D7%90%D7%95%D7%98%D7%A1%D7%95%D7%A8%D7%A1%D7%99%D7%A0%D7%92-%D7%91%D7%99%D7%A0%D7%9C%D7%90%D7%95%D7%9E%D7%99-jus-tice-%D7%9E%D7%A9%D7%A8%D7%95%D7%AA-%D7%A2%D7%95%D7%A8%D7%9B%D7%99-%D7%93%D7%99%D7%9F,UNKNOWN_FINAL_TARGET_NEEDED,UNKNOWN,NEEDS_MERGE_REVIEW,MEDIUM,23,4399,301_IF_APPROVED,NO,DRAFT_NOT_EXECUTED,Do not execute before owner approval and final target verification.
https://jus-tice.co.il/%D7%99%D7%99%D7%A2%D7%95%D7%A5-%D7%A2%D7%95%D7%A8%D7%9A-%D7%93%D7%99%D7%9F-%D7%A4%D7%9C%D7%99%D7%9C%D7%99-%D7%A8%D7%90%D7%A9%D7%95%D7%A0%D7%99-%D7%9C%D7%A2%D7%A6%D7%95%D7%A8-%D7%91%D7%A4%D7%9C%D7%99%D7%9C%D7%99%D7%9D,https://jus-tice.co.il/criminal-lawyer/,UNKNOWN,NEEDS_CONTENT_REVIEW,LOW,0,70,301_IF_APPROVED,NO,DRAFT_NOT_EXECUTED,Do not execute before owner approval and final target verification.
https://jus-tice.co.il/%D7%99%D7%A6%D7%97%D7%A7-%D7%A4%D7%95%D7%92%D7%A8%D7%A9%D7%99%D7%99-%D7%AA%D7%91%D7%99%D7%A2%D7%AA-%D7%A2%D7%91%D7%95%D7%93%D7%94-%D7%90%D7%99%D7%A0%D7%98%D7%9C-%D7%A8%D7%99%D7%9C%D7%95%D7%A7%D7%99%D7%99%D7%A9%D7%9F,https://jus-tice.co.il/employment-law-needs-slug-review/,UNKNOWN,NEEDS_CONTENT_REVIEW,MEDIUM,17,1543,301_IF_APPROVED,NO,DRAFT_NOT_EXECUTED,Do not execute before owner approval and final target verification.
https://jus-tice.co.il/%D7%9B%D7%99%D7%A6%D7%93-%D7%9C%D7%9E%D7%A6%D7%95%D7%90-%D7%A2%D7%96%D7%A8%D7%94-%D7%9E%D7%A9%D7%A4%D7%98%D7%99%D7%AA-%D7%9B%D7%90%D7%A9%D7%A8-%D7%90%D7%99%D7%A0%D7%9A-%D7%99%D7%9B%D7%95%D7%9C-%D7%9C%D7%94%D7%A8%D7%A9%D7%95%D7%AA-%D7%9C%D7%A2%D7%A6%D7%9E%D7%9A-%D7%A2%D7%95%D7%A8%D7%9A-%D7%93%D7%99%D7%9F,UNKNOWN_FINAL_TARGET_NEEDED,UNKNOWN,NEEDS_CLUSTER_CLASSIFICATION,MEDIUM,17,1629,301_IF_APPROVED,NO,DRAFT_NOT_EXECUTED,Do not execute before owner approval and final target verification.
https://jus-tice.co.il/%D7%9B%D7%A1%D7%A4%D7%99%D7%9D-%D7%9E%D7%A9%D7%95%D7%AA%D7%A4%D7%99%D7%9D-%D7%A9%D7%94%D7%95%D7%A2%D7%91%D7%A8%D7%95-%D7%91%D7%93%D7%A8%D7%9B%D7%99-%D7%9E%D7%A8%D7%9E%D7%94-%D7%9C%D7%A6%D7%93%D7%93%D7%99%D7%9D-%D7%A9%D7%9C%D7%99%D7%A9%D7%99%D7%99%D7%9D,UNKNOWN_FINAL_TARGET_NEEDED,UNKNOWN,NEEDS_CLUSTER_CLASSIFICATION,MEDIUM,9,1528,301_IF_APPROVED,NO,DRAFT_NOT_EXECUTED,Do not execute before owner approval and final target verification.
https://jus-tice.co.il/%D7%9B%D7%AA%D7%91-%D7%90%D7%99%D7%A9%D7%95%D7%9D-%D7%91%D7%A7%D7%A9%D7%AA-%D7%9E%D7%A2%D7%A6%D7%A8-%D7%93%D7%A7%D7%99%D7%A8%D7%94-%D7%9E%D7%A1%D7%95%D7%9B%D7%A0%D7%95%D7%AA-%D7%92%D7%91%D7%95%D7%94%D7%94,https://jus-tice.co.il/indictment/,UNKNOWN,NEEDS_CONTENT_REVIEW,LOW,2,12,301_IF_APPROVED,NO,DRAFT_NOT_EXECUTED,Do not execute before owner approval and final target verification.
https://jus-tice.co.il/%D7%9B%D7%AA%D7%91-%D7%90%D7%99%D7%A9%D7%95%D7%9D-%D7%A0%D7%92%D7%93-%D7%91%D7%9F-70-%D7%9E%D7%94%D7%A8%D7%A6%D7%9C%D7%99%D7%94-%D7%91%D7%92%D7%99%D7%9F-%D7%A8%D7%A6%D7%97-%D7%91%D7%A0%D7%A1%D7%99%D7%91%D7%95%D7%AA-%D7%9E%D7%97%D7%9E%D7%99%D7%A8%D7%95%D7%AA,https://jus-tice.co.il/indictment/,UNKNOWN,NEEDS_CONTENT_REVIEW,LOW,3,305,301_IF_APPROVED,NO,DRAFT_NOT_EXECUTED,Do not execute before owner approval and final target verification.
https://jus-tice.co.il/%D7%9C%D7%90-%D7%9E%D7%97%D7%95%D7%A1%D7%9F-%D7%94%D7%90%D7%9D-%D7%9E%D7%A2%D7%A1%D7%99%D7%A7-%D7%99%D7%9B%D7%95%D7%9C-%D7%9C%D7%9E%D7%A0%D7%95%D7%A2-%D7%A2%D7%95%D7%91%D7%93-%D7%9C%D7%9C%D7%90-%D7%91%D7%93%D7%99%D7%A7%D7%AA-%D7%A7%D7%95%D7%A8%D7%95%D7%A0%D7%94,https://jus-tice.co.il/employment-law-needs-slug-review/,UNKNOWN,NEEDS_MERGE_REVIEW,LOW,0,338,301_IF_APPROVED,NO,DRAFT_NOT_EXECUTED,Do not execute before owner approval and final target verification.
https://jus-tice.co.il/%D7%9E%D7%90%D7%A1%D7%A8-%D7%91%D7%92%D7%99%D7%9F-%D7%94%D7%98%D7%A8%D7%93%D7%94-%D7%9E%D7%99%D7%A0%D7%99%D7%AA-%D7%95%D7%94%D7%AA%D7%A0%D7%9B%D7%9C%D7%95%D7%AA-%D7%91%D7%90%D7%9E%D7%A6%D7%A2%D7%95%D7%AA-%D7%A8%D7%A9%D7%AA-%D7%94%D7%98%D7%9C%D7%92%D7%A8%D7%9D-%D7%AA%D7%A4-43967-07-20,UNKNOWN_FINAL_TARGET_NEEDED,UNKNOWN,DO_NOT_TOUCH_HIGH_TRAFFIC_URL,HIGH,43,6713,301_IF_APPROVED,NO,DRAFT_NOT_EXECUTED,Do not execute before owner approval and final target verification.
https://jus-tice.co.il/%D7%9E%D7%93%D7%99%D7%A0%D7%AA-%D7%99%D7%A9%D7%A8%D7%90%D7%9C-%D7%A0-%D7%A7%D7%A8%D7%A4%D7%9C,UNKNOWN_FINAL_TARGET_NEEDED,UNKNOWN,NEEDS_CLUSTER_CLASSIFICATION,MEDIUM,14,521,301_IF_APPROVED,NO,DRAFT_NOT_EXECUTED,Do not execute before owner approval and final target verification.
https://jus-tice.co.il/%D7%9E%D7%93%D7%A8%D7%99%D7%9A-%D7%94%D7%97%D7%96%D7%A8%D7%99-%D7%9E%D7%A1-%D7%A2%D7%9D-%D7%9E%D7%97%D7%A9%D7%91%D7%95%D7%9F,https://jus-tice.co.il/tax-law-needs-slug-review/,UNKNOWN,DO_NOT_TOUCH_HIGH_TRAFFIC_URL,HIGH,80,50948,301_IF_APPROVED,NO,DRAFT_NOT_EXECUTED,Do not execute before owner approval and final target verification.
https://jus-tice.co.il/%D7%9E%D7%93%D7%A8%D7%99%D7%9A-%D7%9E%D7%A2%D7%A9%D7%99-%D7%9C%D7%91%D7%97%D7%99%D7%A8%D7%AA-%D7%97%D7%91%D7%A8%D7%94-%D7%90%D7%95-%D7%99%D7%96%D7%9D-%D7%9C%D7%94%D7%AA%D7%97%D7%93%D7%A9%D7%95%D7%AA-%D7%A2%D7%99%D7%A8%D7%95%D7%A0%D7%99%D7%AA,https://jus-tice.co.il/real-estate-needs-slug-review/,UNKNOWN,NEEDS_CONTENT_REVIEW,LOW,7,498,301_IF_APPROVED,NO,DRAFT_NOT_EXECUTED,Do not execute before owner approval and final target verification.
https://jus-tice.co.il/%D7%9E%D7%93%D7%A8%D7%99%D7%9A-%D7%9E%D7%A7%D7%99%D7%A3-%D7%9C%D7%AA%D7%94%D7%9C%D7%99%D7%9A-%D7%A8%D7%9B%D7%99%D7%A9%D7%AA-%D7%93%D7%99%D7%A8%D7%94,https://jus-tice.co.il/real-estate-needs-slug-review/,UNKNOWN,NEEDS_CONTENT_REVIEW,MEDIUM,10,1462,301_IF_APPROVED,NO,DRAFT_NOT_EXECUTED,Do not execute before owner approval and final target verification.
https://jus-tice.co.il/%D7%9E%D7%93%D7%A8%D7%99%D7%9A-%D7%A2%D7%93%D7%9B%D7%A0%D7%99-%D7%9C%D7%92%D7%99%D7%A8%D7%95%D7%A9%D7%99%D7%9F,https://jus-tice.co.il/family-law-needs-slug-review/,UNKNOWN,DO_NOT_TOUCH_HIGH_TRAFFIC_URL,HIGH,128,16790,301_IF_APPROVED,NO,DRAFT_NOT_EXECUTED,Do not execute before owner approval and final target verification.
https://jus-tice.co.il/%D7%9E%D7%93%D7%A8%D7%99%D7%9A-%D7%A2%D7%93%D7%9B%D7%A0%D7%99-%D7%9C%D7%92%D7%99%D7%A8%D7%95%D7%A9%D7%99%D7%9F/),UNKNOWN_FINAL_TARGET_NEEDED,UNKNOWN,NEEDS_CLUSTER_CLASSIFICATION,LOW,0,1,301_IF_APPROVED,NO,DRAFT_NOT_EXECUTED,Do not execute before owner approval and final target verification.
https://jus-tice.co.il/%D7%9E%D7%93%D7%A8%D7%99%D7%9A-%D7%A2%D7%93%D7%9B%D7%A0%D7%99-%D7%9C%D7%94%D7%A1%D7%9B%D7%9D-%D7%9E%D7%9E%D7%95%D7%9F,https://jus-tice.co.il/prenuptial-agreement/,UNKNOWN,DO_NOT_TOUCH_HIGH_TRAFFIC_URL,HIGH,8,5878,301_IF_APPROVED,NO,DRAFT_NOT_EXECUTED,Do not execute before owner approval and final target verification.
https://jus-tice.co.il/%D7%9E%D7%93%D7%A8%D7%99%D7%9B%D7%99-%D7%93%D7%99%D7%A8%D7%95%D7%92-%D7%A2%D7%95%D7%A8%D7%9B%D7%99-%D7%93%D7%99%D7%9F-%D7%9E%D7%95%D7%91%D7%99%D7%9C%D7%99%D7%9D-%D7%95%D7%A9%D7%99%D7%98%D7%95%D7%AA-%D7%93%D7%99%D7%A8%D7%95%D7%92,UNKNOWN_FINAL_TARGET_NEEDED,UNKNOWN,NEEDS_CLUSTER_CLASSIFICATION,MEDIUM,5,2239,301_IF_APPROVED,NO,DRAFT_NOT_EXECUTED,Do not execute before owner approval and final target verification.
https://jus-tice.co.il/%D7%9E%D7%93%D7%A8%D7%99%D7%A2-%D7%A2%D7%93%D7%9B%D7%A0%D7%99-%D7%9C%D7%92%D7%99%D7%A8%D7%95%D7%A9%D7%99%D7%9F,https://jus-tice.co.il/family-law-needs-slug-review/,UNKNOWN,NEEDS_CONTENT_REVIEW,LOW,0,1,301_IF_APPROVED,NO,DRAFT_NOT_EXECUTED,Do not execute before owner approval and final target verification.
https://jus-tice.co.il/%D7%9E%D7%94%D7%95-%D7%99%D7%95%D7%A2%D7%A5-%D7%A0%D7%93%D7%9C%D7%9F,https://jus-tice.co.il/real-estate-needs-slug-review/,UNKNOWN,DO_NOT_TOUCH_HIGH_TRAFFIC_URL,HIGH,10,7404,301_IF_APPROVED,NO,DRAFT_NOT_EXECUTED,Do not execute before owner approval and final target verification.
https://jus-tice.co.il/%D7%9E%D7%94%D7%95-%D7%A8%D7%95%D7%A4%D7%90-%D7%9E%D7%94-%D7%AA%D7%A4%D7%A7%D7%99%D7%93%D7%95-%D7%95%D7%97%D7%95%D7%91%D7%95%D7%AA%D7%99%D7%95-%D7%94%D7%9E%D7%A7%D7%A6%D7%95%D7%A2%D7%99%D7%95%D7%AA,https://jus-tice.co.il/medical-malpractice-needs-slug-review/,UNKNOWN,NEEDS_CONTENT_REVIEW,LOW,7,582,301_IF_APPROVED,NO,DRAFT_NOT_EXECUTED,Do not execute before owner approval and final target verification.
https://jus-tice.co.il/%D7%9E%D7%94-%D7%96%D7%94-%D7%A2%D7%95%D7%A8%D7%9A-%D7%93%D7%99%D7%9F-%D7%92%D7%99%D7%A8%D7%95%D7%A9%D7%99%D7%9F,https://jus-tice.co.il/divorce-lawyer/,UNKNOWN,NEEDS_CONTENT_REVIEW,LOW,0,154,301_IF_APPROVED,NO,DRAFT_NOT_EXECUTED,Do not execute before owner approval and final target verification.
https://jus-tice.co.il/%D7%9E%D7%94-%D7%9C%D7%A2%D7%A9%D7%95%D7%AA-%D7%93%D7%91%D7%A8-%D7%A8%D7%90%D7%A9%D7%95%D7%9F-%D7%90%D7%9D-%D7%A0%D7%A4%D7%92%D7%A2%D7%AA-%D7%9E%D7%A8%D7%A9%D7%9C%D7%A0%D7%95%D7%AA-%D7%A8%D7%A4%D7%95%D7%90%D7%99%D7%AA,https://jus-tice.co.il/medical-malpractice-lawyer/,UNKNOWN,NEEDS_CONTENT_REVIEW,LOW,0,2,301_IF_APPROVED,NO,DRAFT_NOT_EXECUTED,Do not execute before owner approval and final target verification.
https://jus-tice.co.il/%D7%9E%D7%94-%D7%AA%D7%A4%D7%A7%D7%99%D7%93%D7%95-%D7%A9%D7%9C-%D7%A2%D7%95%D7%A8%D7%9A-%D7%93%D7%99%D7%9F-%D7%A0%D7%93%D7%9C%D7%9F-%D7%95%D7%A2%D7%9C%D7%95%D7%99%D7%95%D7%AA%D7%99%D7%95,https://jus-tice.co.il/real-estate-needs-slug-review/,UNKNOWN,NEEDS_CONTENT_REVIEW,LOW,0,48,301_IF_APPROVED,NO,DRAFT_NOT_EXECUTED,Do not execute before owner approval and final target verification.
https://jus-tice.co.il/%D7%9E%D7%95%D7%A2%D7%93-%D7%94%D7%A7%D7%A8%D7%A2-%D7%91%D7%92%D7%99%D7%A8%D7%95%D7%A9%D7%99%D7%9F-%D7%9C%D7%A6%D7%95%D7%A8%D7%9A-%D7%90%D7%99%D7%96%D7%95%D7%9F-%D7%9E%D7%A9%D7%90%D7%91%D7%99%D7%9D-%D7%91%D7%99%D7%9F-%D7%91%D7%A0%D7%99-%D7%96%D7%95%D7%92-%D7%9C%D7%A9%D7%A2%D7%91%D7%A8-%D7%AA%D7%9C%D7%94%D7%9E-23952-08-19,https://jus-tice.co.il/family-law-needs-slug-review/,UNKNOWN,NEEDS_CONTENT_REVIEW,MEDIUM,12,2757,301_IF_APPROVED,NO,DRAFT_NOT_EXECUTED,Do not execute before owner approval and final target verification.
https://jus-tice.co.il/%D7%9E%D7%95%D7%A2%D7%93-%D7%94%D7%A7%D7%A8%D7%A2-%D7%91%D7%92%D7%99%D7%A8%D7%95%D7%A9%D7%99%D7%9F-%D7%9C%D7%A6%D7%95%D7%A8%D7%9A-%D7%90%D7%99%D7%96%D7%95%D7%9F-%D7%9E%D7%A9%D7%90%D7%91%D7%99%D7%9D-%D7%91%D7%99%D7%A0-%D7%91%D7%A0%D7%99-%D7%96%D7%95%D7%92-%D7%9C%D7%A9%D7%A2%D7%91%D7%A8-%D7%AA%D7%9C%D7%94%D7%9E-23952-08-19,https://jus-tice.co.il/family-law-needs-slug-review/,UNKNOWN,NEEDS_CONTENT_REVIEW,LOW,0,1,301_IF_APPROVED,NO,DRAFT_NOT_EXECUTED,Do not execute before owner approval and final target verification.
https://jus-tice.co.il/%D7%9E%D7%96%D7%95%D7%A0%D7%95%D7%AA-%D7%94%D7%99%D7%9C%D7%93%D7%99%D7%9D-%D7%94%D7%90%D7%9D-%D7%9C%D7%A4%D7%99-%D7%A6%D7%A8%D7%99%D7%9B%D7%94-%D7%91%D7%A4%D7%95%D7%A2%D7%9C-%D7%90%D7%95-%D7%A2%D7%A8%D7%9A-%D7%A9%D7%95%D7%9C%D7%99,https://jus-tice.co.il/child-support/,UNKNOWN,NEEDS_MERGE_REVIEW,MEDIUM,4,1809,301_IF_APPROVED,NO,DRAFT_NOT_EXECUTED,Do not execute before owner approval and final target verification.
https://jus-tice.co.il/%D7%9E%D7%96%D7%95%D7%A0%D7%95%D7%AA-%D7%95%D7%94%D7%95%D7%A6%D7%90%D7%95%D7%AA-%D7%94%D7%97%D7%99%D7%A0%D7%95%D7%9A-%D7%95%D7%94%D7%91%D7%A8%D7%99%D7%90%D7%95%D7%AA-%D7%A9%D7%9C-3-%D7%A7%D7%98%D7%99%D7%A0%D7%99%D7%9D-%D7%A2%D7%A8%D7%A2%D7%95%D7%A8-%D7%A4%D7%A1%D7%93-%D7%A2%D7%9E%D7%A9-49763-12-21,https://jus-tice.co.il/child-support/,UNKNOWN,NEEDS_CONTENT_REVIEW,MEDIUM,7,2704,301_IF_APPROVED,NO,DRAFT_NOT_EXECUTED,Do not execute before owner approval and final target verification.
https://jus-tice.co.il/%D7%9E%D7%96%D7%95%D7%A0%D7%95%D7%AA-%D7%A9%D7%91%D7%94%D7%A1%D7%9B%D7%9D-%D7%95%D7%94%D7%A2%D7%99%D7%9C%D7%95%D7%AA-%D7%9C%D7%91%D7%99%D7%98%D7%95%D7%9C%D7%9F-%D7%90%D7%95-%D7%A9%D7%99%D7%A0%D7%95%D7%99%D7%99%D7%9F-%D7%9E%D7%9B%D7%95%D7%97-%D7%A9%D7%99%D7%A0%D7%95%D7%99-%D7%A0%D7%A1%D7%99%D7%91%D7%95%D7%AA,https://jus-tice.co.il/child-support/,UNKNOWN,NEEDS_CONTENT_REVIEW,MEDIUM,14,4561,301_IF_APPROVED,NO,DRAFT_NOT_EXECUTED,Do not execute before owner approval and final target verification.
https://jus-tice.co.il/%D7%9E%D7%97%D7%99%D7%A8%D7%95%D7%9F-%D7%9E%D7%95%D7%9E%D7%9C%D7%A5-%D7%A2%D7%95%D7%A8%D7%9A-%D7%93%D7%99%D7%9F-%D7%A4%D7%9C%D7%99%D7%9C%D7%99,https://jus-tice.co.il/criminal-lawyer/,UNKNOWN,DO_NOT_TOUCH_HIGH_TRAFFIC_URL,HIGH,234,38017,301_IF_APPROVED,NO,DRAFT_NOT_EXECUTED,Do not execute before owner approval and final target verification.
https://jus-tice.co.il/%D7%9E%D7%97%D7%A7%D7%A8-%D7%9E%D7%99%D7%9E%D7%95%D7%A9-%D7%96%D7%9B%D7%95%D7%99%D7%95%D7%AA-%D7%A7%D7%98%D7%99%D7%A0%D7%99%D7%9D-%D7%A0%D7%A4%D7%92%D7%A2%D7%99-%D7%A2%D7%91%D7%99%D7%A8%D7%95%D7%AA-%D7%9E%D7%99%D7%9F-%D7%97%D7%9E%D7%95%D7%A8%D7%95%D7%AA-%D7%91%D7%AA%D7%99%D7%A7%D7%99-%D7%94%D7%A1%D7%99%D7%95%D7%A2-%D7%94%D7%9E%D7%A9%D7%A4%D7%98%D7%99,https://jus-tice.co.il/sex-offenses/,UNKNOWN,NEEDS_CONTENT_REVIEW,LOW,0,159,301_IF_APPROVED,NO,DRAFT_NOT_EXECUTED,Do not execute before owner approval and final target verification.
https://jus-tice.co.il/%D7%9E%D7%97%D7%A9%D7%91%D7%95%D7%9F-%D7%93%D7%9E%D7%99-%D7%91%D7%99%D7%98%D7%95%D7%97-%D7%9C%D7%90%D7%95%D7%9E%D7%99-%D7%95%D7%91%D7%A8%D7%99%D7%90%D7%95%D7%AA,https://jus-tice.co.il/national-insurance-lawyer/,UNKNOWN,DO_NOT_TOUCH_HIGH_TRAFFIC_URL,HIGH,41,13957,301_IF_APPROVED,NO,DRAFT_NOT_EXECUTED,Do not execute before owner approval and final target verification.
https://jus-tice.co.il/%D7%9E%D7%97%D7%A9%D7%91%D7%95%D7%9F-%D7%9E%D7%96%D7%95%D7%A0%D7%95%D7%AA-%D7%99%D7%9C%D7%93%D7%99%D7%9D,https://jus-tice.co.il/child-support/,UNKNOWN,DO_NOT_TOUCH_HIGH_TRAFFIC_URL,HIGH,16,17808,301_IF_APPROVED,NO,DRAFT_NOT_EXECUTED,Do not execute before owner approval and final target verification.
https://jus-tice.co.il/%D7%9E%D7%99%D7%A0%D7%95%D7%99-%D7%9E%D7%A0%D7%94%D7%9C-%D7%A2%D7%99%D7%96%D7%91%D7%95%D7%9F-%D7%9B%D7%9E%D7%A4%D7%95%D7%A8%D7%98-%D7%91%D7%A6%D7%95%D7%95%D7%90%D7%94-%D7%95%D7%94%D7%AA%D7%A0%D7%92%D7%93%D7%95%D7%AA-%D7%9C%D7%91%D7%A7%D7%A9%D7%94,https://jus-tice.co.il/will/,UNKNOWN,NEEDS_CONTENT_REVIEW,MEDIUM,15,2543,301_IF_APPROVED,NO,DRAFT_NOT_EXECUTED,Do not execute before owner approval and final target verification.
https://jus-tice.co.il/%D7%9E%D7%99%D7%A0%D7%95%D7%99-%D7%A9%D7%9E%D7%90%D7%99-%D7%9E%D7%A7%D7%A8%D7%A7%D7%A2%D7%99%D7%9F-%D7%A2%D7%96%D7%91%D7%95%D7%9F-%D7%A6%D7%95-%D7%99%D7%A8%D7%95%D7%A9%D7%94,https://jus-tice.co.il/inheritance-wills-needs-slug-review/,UNKNOWN,NEEDS_CONTENT_REVIEW,MEDIUM,5,1215,301_IF_APPROVED,NO,DRAFT_NOT_EXECUTED,Do not execute before owner approval and final target verification.
https://jus-tice.co.il/%D7%9E%D7%A0%D7%AA%D7%97-%D7%A4%D7%9C%D7%A1%D7%98%D7%99-%D7%A4%D7%A0%D7%99%D7%9D,UNKNOWN_FINAL_TARGET_NEEDED,UNKNOWN,NEEDS_CLUSTER_CLASSIFICATION,MEDIUM,1,3330,301_IF_APPROVED,NO,DRAFT_NOT_EXECUTED,Do not execute before owner approval and final target verification.
https://jus-tice.co.il/%D7%9E%D7%A1%D7%9E%D7%9B%D7%99%D7%9D-%D7%97%D7%A9%D7%95%D7%91%D7%99%D7%9D-%D7%9C%D7%AA%D7%91%D7%99%D7%A2%D7%AA-%D7%A8%D7%A9%D7%9C%D7%A0%D7%95%D7%AA-%D7%A8%D7%A4%D7%95%D7%90%D7%99%D7%AA,https://jus-tice.co.il/medical-malpractice-lawyer/,UNKNOWN,NEEDS_CONTENT_REVIEW,LOW,1,234,301_IF_APPROVED,NO,DRAFT_NOT_EXECUTED,Do not execute before owner approval and final target verification.
https://jus-tice.co.il/%D7%9E%D7%A2%D7%9E%D7%93%D7%9F-%D7%A9%D7%9C-%D7%90%D7%9C%D7%9E%D7%A0%D7%95%D7%AA-%D7%96%D7%9B%D7%90%D7%99-%D7%97%D7%95%D7%A7-%D7%94%D7%A9%D7%91%D7%95%D7%AA-%D7%91%D7%92%D7%A5-177519-%D7%91%D7%92%D7%A5-230919,UNKNOWN_FINAL_TARGET_NEEDED,UNKNOWN,NEEDS_CLUSTER_CLASSIFICATION,LOW,6,509,301_IF_APPROVED,NO,DRAFT_NOT_EXECUTED,Do not execute before owner approval and final target verification.
https://jus-tice.co.il/%D7%9E%D7%A2%D7%A6%D7%A8-%D7%A0%D7%A9%D7%A7-%D7%95%D7%AA%D7%97%D7%9E%D7%95%D7%A9%D7%AA-%D7%94%D7%AA%D7%9B%D7%AA%D7%91%D7%95%D7%AA-%D7%91%D7%9E%D7%A1%D7%A0%D7%92%D7%A8-%D7%9E%D7%91%D7%9C%D7%99-%D7%A9%D7%A0%D7%AA%D7%A4%D7%A1-%D7%A0%D7%A9%D7%A7,https://jus-tice.co.il/pretrial-detention/,UNKNOWN,NEEDS_CONTENT_REVIEW,LOW,4,259,301_IF_APPROVED,NO,DRAFT_NOT_EXECUTED,Do not execute before owner approval and final target verification.
https://jus-tice.co.il/%D7%9E%D7%A2%D7%A9%D7%94-%D7%9E%D7%92%D7%95%D7%A0%D7%94-%D7%91%D7%A0%D7%95%D7%A1%D7%A2%D7%AA-%D7%AA%D7%95%D7%9A-%D7%9B%D7%93%D7%99-%D7%A0%D7%A1%D7%99%D7%A2%D7%94,UNKNOWN_FINAL_TARGET_NEEDED,UNKNOWN,NEEDS_CLUSTER_CLASSIFICATION,MEDIUM,22,1515,301_IF_APPROVED,NO,DRAFT_NOT_EXECUTED,Do not execute before owner approval and final target verification.
https://jus-tice.co.il/%D7%9E%D7%A6%D7%90-%D7%A2%D7%95%D7%A8%D7%9A-%D7%93%D7%99%D7%9F-%D7%91%D7%A7%D7%A8%D7%91%D7%AA%D7%9A,UNKNOWN_FINAL_TARGET_NEEDED,UNKNOWN,NEEDS_MERGE_REVIEW,LOW,0,141,301_IF_APPROVED,NO,DRAFT_NOT_EXECUTED,Do not execute before owner approval and final target verification.
https://jus-tice.co.il/%D7%9E%D7%A7%D7%A8%D7%99-%D7%A8%D7%A9%D7%9C%D7%A0%D7%95%D7%AA-%D7%A8%D7%A4%D7%95%D7%90%D7%99%D7%AA-%D7%91%D7%99%D7%A9%D7%A8%D7%90%D7%9C-%D7%93%D7%95%D7%92%D7%9E%D7%90%D7%95%D7%AA-%D7%9C%D7%A8%D7%A9%D7%9C%D7%A0%D7%95%D7%AA-%D7%A8%D7%A4%D7%95%D7%90%D7%99%D7%AA,https://jus-tice.co.il/medical-malpractice-lawyer/,UNKNOWN,NEEDS_CONTENT_REVIEW,LOW,0,710,301_IF_APPROVED,NO,DRAFT_NOT_EXECUTED,Do not execute before owner approval and final target verification.
https://jus-tice.co.il/%D7%9E%D7%A7%D7%A8%D7%99-%D7%A8%D7%A9%D7%9C%D7%A0%D7%95%D7%AA-%D7%A8%D7%A4%D7%95%D7%90%D7%99%D7%AA-%D7%91%D7%9C%D7%99%D7%93%D7%94-%D7%95%D7%98%D7%99%D7%A4%D7%95%D7%9C-%D7%9E%D7%A9%D7%A4%D7%98%D7%99,https://jus-tice.co.il/medical-malpractice-lawyer/,UNKNOWN,NEEDS_CONTENT_REVIEW,MEDIUM,1,4882,301_IF_APPROVED,NO,DRAFT_NOT_EXECUTED,Do not execute before owner approval and final target verification.
https://jus-tice.co.il/%D7%9E%D7%A9%D7%9E%D7%95%D7%A8%D7%AA-%D7%91%D7%9C%D7%A2%D7%93%D7%99%D7%AA-%D7%9C%D7%90%D7%9D-%D7%95%D7%A9%D7%99%D7%AA%D7%95%D7%A4%D7%99%D7%95%D7%AA-%D7%99%D7%97%D7%A1%D7%99%D7%AA-%D7%91%D7%9E%D7%A1%D7%92%D7%A8%D7%AA-%D7%90%D7%99%D7%96%D7%95%D7%9F-%D7%9E%D7%A9%D7%90%D7%91%D7%99%D7%9D-%D7%AA%D7%9C%D7%94%D7%9E-37049-07-18,https://jus-tice.co.il/child-support/,UNKNOWN,NEEDS_CONTENT_REVIEW,MEDIUM,11,2113,301_IF_APPROVED,NO,DRAFT_NOT_EXECUTED,Do not execute before owner approval and final target verification.
https://jus-tice.co.il/%D7%9E%D7%A9%D7%A4%D7%98-%D7%94%D7%97%D7%95%D7%96%D7%A8-%D7%A9%D7%9C-%D7%A8%D7%95%D7%9E%D7%9F-%D7%96%D7%93%D7%95%D7%A8%D7%95%D7%91-%D7%AA%D7%A4%D7%97-502-07,UNKNOWN_FINAL_TARGET_NEEDED,UNKNOWN,DO_NOT_TOUCH_HIGH_TRAFFIC_URL,HIGH,80,2558,301_IF_APPROVED,NO,DRAFT_NOT_EXECUTED,Do not execute before owner approval and final target verification.
https://jus-tice.co.il/%D7%9E%D7%A9%D7%A8%D7%93-%D7%94%D7%9E%D7%A9%D7%A4%D7%98%D7%99%D7%9D-%D7%99%D7%A9%D7%A8%D7%90%D7%9C/%D7%A1%D7%A0%D7%99%D7%92%D7%95%D7%A8%D7%99%D7%94-%D7%A6%D7%99%D7%91%D7%95%D7%A8%D7%99%D7%AA,UNKNOWN_FINAL_TARGET_NEEDED,UNKNOWN,DO_NOT_TOUCH_HIGH_TRAFFIC_URL,HIGH,20,6077,301_IF_APPROVED,NO,DRAFT_NOT_EXECUTED,Do not execute before owner approval and final target verification.
https://jus-tice.co.il/%D7%9E%D7%A9%D7%A8%D7%93-%D7%A2%D7%95%D7%A8%D7%9B%D7%99-%D7%93%D7%99%D7%9F-%D7%A4%D7%9C%D7%99%D7%9C%D7%99-%D7%94%D7%9B%D7%99-%D7%98%D7%95%D7%91-%D7%AA%D7%9C-%D7%90%D7%91%D7%99%D7%91,https://jus-tice.co.il/criminal-lawyer/,UNKNOWN,DO_NOT_TOUCH_HIGH_TRAFFIC_URL,HIGH,4,12758,301_IF_APPROVED,NO,DRAFT_NOT_EXECUTED,Do not execute before owner approval and final target verification.
https://jus-tice.co.il/%D7%A0%D7%91%D7%97%D7%A8%D7%AA-%D7%94%D7%97%D7%9C%D7%95%D7%9E%D7%95%D7%AA-%D7%A9%D7%9C-%D7%A2%D7%95%D7%A8%D7%9B%D7%99-%D7%94%D7%93%D7%99%D7%9F,UNKNOWN_FINAL_TARGET_NEEDED,UNKNOWN,NEEDS_CLUSTER_CLASSIFICATION,LOW,2,906,301_IF_APPROVED,NO,DRAFT_NOT_EXECUTED,Do not execute before owner approval and final target verification.
https://jus-tice.co.il/%D7%A0%D7%95%D7%A1%D7%97-%D7%9B%D7%AA%D7%91-%D7%94%D7%90%D7%99%D7%A9%D7%95%D7%9D-%D7%A0%D7%92%D7%93-%D7%91%D7%A0%D7%99%D7%9E%D7%99%D7%9F-%D7%A0%D7%AA%D7%A0%D7%99%D7%94%D7%95-%D7%AA%D7%99%D7%A7%D7%99%D7%9D-1000-2000-4000,https://jus-tice.co.il/criminal-law-needs-slug-review/,UNKNOWN,NEEDS_CONTENT_REVIEW,LOW,0,25,301_IF_APPROVED,NO,DRAFT_NOT_EXECUTED,Do not execute before owner approval and final target verification.
https://jus-tice.co.il/%D7%A0%D7%99%D7%94%D7%95%D7%9C-%D7%9E%D7%90%D7%92%D7%A8-%D7%A0%D7%AA%D7%95%D7%A0%D7%99-%D7%96%D7%99%D7%94%D7%95%D7%99-%D7%A4%D7%9C%D7%99%D7%9C%D7%99,https://jus-tice.co.il/criminal-law-needs-slug-review/,UNKNOWN,NEEDS_CONTENT_REVIEW,MEDIUM,33,1340,301_IF_APPROVED,NO,DRAFT_NOT_EXECUTED,Do not execute before owner approval and final target verification.
https://jus-tice.co.il/%D7%A0%D7%99%D7%94%D7%95%D7%9C-%D7%9E%D7%95%D7%A0%D7%99%D7%98%D7%99%D7%9F-%D7%9E%D7%A7%D7%95%D7%95%D7%9F-%D7%9C%D7%A2%D7%95%D7%A8%D7%9B%D7%99-%D7%93%D7%99%D7%9F-%D7%91%D7%A8%D7%A9%D7%AA-%D7%94%D7%90%D7%99%D7%A0%D7%98%D7%A8%D7%A0%D7%98,UNKNOWN_FINAL_TARGET_NEEDED,UNKNOWN,DO_NOT_TOUCH_HIGH_TRAFFIC_URL,HIGH,5,6758,301_IF_APPROVED,NO,DRAFT_NOT_EXECUTED,Do not execute before owner approval and final target verification.
https://jus-tice.co.il/%D7%A0%D7%99%D7%9E%D7%95%D7%A7%D7%99%D7%9D-%D7%9C%D7%93%D7%97%D7%99%D7%99%D7%AA-%D7%91%D7%A7%D7%A9%D7%94-%D7%9C%D7%9E%D7%AA%D7%9F-%D7%A6%D7%95-%D7%A2%D7%99%D7%A7%D7%95%D7%9C,UNKNOWN_FINAL_TARGET_NEEDED,UNKNOWN,NEEDS_CLUSTER_CLASSIFICATION,LOW,9,549,301_IF_APPROVED,NO,DRAFT_NOT_EXECUTED,Do not execute before owner approval and final target verification.
https://jus-tice.co.il/%D7%A0%D7%A4%D7%92%D7%A2%D7%99-%D7%A2%D7%91%D7%99%D7%A8%D7%95%D7%AA-%D7%9E%D7%99%D7%9F-%D7%91%D7%94%D7%9C%D7%99%D7%9A-%D7%94%D7%A4%D7%9C%D7%99%D7%9C%D7%99-%D7%93%D7%99%D7%9F-%D7%95%D7%97%D7%A9%D7%91%D7%95%D7%9F,https://jus-tice.co.il/sex-offenses/,UNKNOWN,NEEDS_CONTENT_REVIEW,MEDIUM,5,2480,301_IF_APPROVED,NO,DRAFT_NOT_EXECUTED,Do not execute before owner approval and final target verification.
https://jus-tice.co.il/%D7%A1%D7%93%D7%A8-%D7%93%D7%99%D7%9F-%D7%A4%D7%9C%D7%99%D7%9C%D7%99-%D7%97%D7%95%D7%A7-%D7%94%D7%9E%D7%A2%D7%A6%D7%A8%D7%99%D7%9D,https://jus-tice.co.il/pretrial-detention/,UNKNOWN,DO_NOT_TOUCH_HIGH_TRAFFIC_URL,HIGH,30,8860,301_IF_APPROVED,NO,DRAFT_NOT_EXECUTED,Do not execute before owner approval and final target verification.
https://jus-tice.co.il/%D7%A1%D7%93%D7%A8-%D7%94%D7%A2%D7%93%D7%99%D7%A4%D7%95%D7%99%D7%95%D7%AA-%D7%A9%D7%9C-%D7%9E%D7%A9%D7%98%D7%A8%D7%AA-%D7%99%D7%A9%D7%A8%D7%90%D7%9C,UNKNOWN_FINAL_TARGET_NEEDED,UNKNOWN,NEEDS_CLUSTER_CLASSIFICATION,LOW,3,942,301_IF_APPROVED,NO,DRAFT_NOT_EXECUTED,Do not execute before owner approval and final target verification.
https://jus-tice.co.il/%D7%A1%D7%95%D7%92%D7%99%D7%95%D7%AA-%D7%9E%D7%A9%D7%A4%D7%98%D7%99%D7%95%D7%AA-%D7%A9%D7%99%D7%A9-%D7%9C%D7%A7%D7%97%D7%AA-%D7%91%D7%97%D7%A9%D7%91%D7%95%D7%9F-%D7%91%D7%A2%D7%AA-%D7%9E%D7%9B%D7%99%D7%A8%D7%AA-%D7%91%D7%99%D7%AA,UNKNOWN_FINAL_TARGET_NEEDED,UNKNOWN,NEEDS_CLUSTER_CLASSIFICATION,LOW,0,10,301_IF_APPROVED,NO,DRAFT_NOT_EXECUTED,Do not execute before owner approval and final target verification.
https://jus-tice.co.il/%D7%A1%D7%95%D7%92%D7%99%D7%9D-%D7%A9%D7%95%D7%A0%D7%99%D7%9D-%D7%A9%D7%9C-%D7%A8%D7%95%D7%A4%D7%90%D7%99%D7%9D,https://jus-tice.co.il/medical-malpractice-needs-slug-review/,UNKNOWN,NEEDS_CONTENT_REVIEW,MEDIUM,26,1928,301_IF_APPROVED,NO,DRAFT_NOT_EXECUTED,Do not execute before owner approval and final target verification.
https://jus-tice.co.il/%D7%A1%D7%95%D7%92%D7%99-%D7%A8%D7%A9%D7%9C%D7%A0%D7%95%D7%AA-%D7%A8%D7%A4%D7%95%D7%90%D7%99%D7%AA,https://jus-tice.co.il/medical-malpractice-lawyer/,UNKNOWN,NEEDS_MERGE_REVIEW,MEDIUM,0,1188,301_IF_APPROVED,NO,DRAFT_NOT_EXECUTED,Do not execute before owner approval and final target verification.
https://jus-tice.co.il/%D7%A1%D7%98%D7%98%D7%99%D7%A1%D7%98%D7%99%D7%A7%D7%94-%D7%A2%D7%9C-%D7%92%D7%99%D7%A8%D7%95%D7%A9%D7%99%D7%9F,https://jus-tice.co.il/family-law-needs-slug-review/,UNKNOWN,NEEDS_CONTENT_REVIEW,MEDIUM,4,1091,301_IF_APPROVED,NO,DRAFT_NOT_EXECUTED,Do not execute before owner approval and final target verification.
https://jus-tice.co.il/%D7%A1%D7%99%D7%95%D7%A2-%D7%9E%D7%A9%D7%A4%D7%98%D7%99-%D7%9C%D7%A0%D7%A4%D7%92%D7%A2%D7%99-%D7%A2%D7%91%D7%99%D7%A8%D7%94,UNKNOWN_FINAL_TARGET_NEEDED,UNKNOWN,NEEDS_CLUSTER_CLASSIFICATION,MEDIUM,21,1587,301_IF_APPROVED,NO,DRAFT_NOT_EXECUTED,Do not execute before owner approval and final target verification.
https://jus-tice.co.il/%D7%A1%D7%99%D7%95%D7%A2-%D7%A2%D7%95%D7%93-%D7%A4%D7%9C%D7%99%D7%9C%D7%99-%D7%9C%D7%A4%D7%99-%D7%9E%D7%93%D7%99%D7%A0%D7%94,https://jus-tice.co.il/criminal-law-needs-slug-review/,UNKNOWN,DO_NOT_TOUCH_HIGH_TRAFFIC_URL,HIGH,18,6519,301_IF_APPROVED,NO,DRAFT_NOT_EXECUTED,Do not execute before owner approval and final target verification.
https://jus-tice.co.il/%D7%A1%D7%9B%D7%A1%D7%95%D7%9A-%D7%91%D7%99%D7%9F-%D7%90%D7%9C%D7%9E%D7%A0%D7%94-%D7%95%D7%99%D7%9C%D7%93%D7%99%D7%94-%D7%95%D7%90%D7%9E%D7%95-%D7%A9%D7%9C-%D7%94%D7%A0%D7%A4%D7%98%D7%A8-%D7%94%D7%A0%D7%95%D7%92%D7%A2%D7%95%D7%AA-%D7%9C%D7%96%D7%9B%D7%95%D7%99%D7%95%D7%AA-%D7%A2%D7%9C-%D7%93%D7%99%D7%A8%D7%94-%D7%AA%D7%9E%D7%A9-7662-07-18,https://jus-tice.co.il/real-estate-needs-slug-review/,UNKNOWN,NEEDS_MERGE_REVIEW,MEDIUM,10,952,301_IF_APPROVED,NO,DRAFT_NOT_EXECUTED,Do not execute before owner approval and final target verification.
https://jus-tice.co.il/%D7%A1%D7%9E%D7%9B%D7%95%D7%99%D7%95%D7%AA-%D7%91%D7%99%D7%AA-%D7%94%D7%93%D7%99%D7%9F-%D7%94%D7%A8%D7%91%D7%A0%D7%99-%D7%9C%D7%99%D7%99%D7%A9%D7%95%D7%9D-%D7%95%D7%90%D7%9B%D7%99%D7%A4%D7%AA-%D7%94%D7%A1%D7%9B%D7%9D-%D7%A9%D7%90%D7%99%D7%A9%D7%A8-%D7%91%D7%A0%D7%95%D7%92%D7%A2-%D7%9C%D7%94%D7%A1%D7%93%D7%A8%D7%99-%D7%A9%D7%94%D7%95%D7%AA,UNKNOWN_FINAL_TARGET_NEEDED,UNKNOWN,NEEDS_CLUSTER_CLASSIFICATION,MEDIUM,18,2546,301_IF_APPROVED,NO,DRAFT_NOT_EXECUTED,Do not execute before owner approval and final target verification.
https://jus-tice.co.il/%D7%A1%D7%9E%D7%9B%D7%95%D7%AA-%D7%91%D7%99%D7%AA-%D7%94%D7%93%D7%99%D7%9F-%D7%91%D7%AA%D7%91%D7%99%D7%A2%D7%AA-%D7%92%D7%99%D7%A8%D7%95%D7%A9%D7%99%D7%9F-%D7%9B%D7%A8%D7%95%D7%9B%D7%94-%D7%A9%D7%9C-%D7%90%D7%96%D7%A8%D7%97-%D7%92%D7%9D-%D7%90%D7%9D-%D7%90%D7%99%D7%A0%D7%95-%D7%AA%D7%95%D7%A9%D7%91,https://jus-tice.co.il/family-law-needs-slug-review/,UNKNOWN,NEEDS_CONTENT_REVIEW,LOW,5,212,301_IF_APPROVED,NO,DRAFT_NOT_EXECUTED,Do not execute before owner approval and final target verification.
https://jus-tice.co.il/%D7%A1%D7%9E%D7%9B%D7%95%D7%AA-%D7%94%D7%A2%D7%91%D7%A8%D7%AA-%D7%A7%D7%98%D7%99%D7%A0%D7%95%D7%AA-%D7%9C%D7%9E%D7%A9%D7%9E%D7%95%D7%A8%D7%AA-%D7%90%D7%91-%D7%91%D7%91%D7%99%D7%AA-%D7%93%D7%99%D7%9F-%D7%A8%D7%91%D7%A0%D7%99,https://jus-tice.co.il/child-custody/,UNKNOWN,NEEDS_CONTENT_REVIEW,LOW,5,669,301_IF_APPROVED,NO,DRAFT_NOT_EXECUTED,Do not execute before owner approval and final target verification.
https://jus-tice.co.il/%D7%A1%D7%A2%D7%A934999-11-21-%D7%A1%D7%A2%D7%99%D7%A3-46-%D7%90-%D7%9C%D7%AA%D7%A7%D7%A0%D7%95%D7%AA-%D7%91%D7%99%D7%AA-%D7%94%D7%93%D7%99%D7%9F-%D7%9C%D7%A2%D7%91%D7%95%D7%93%D7%94,https://jus-tice.co.il/employment-law-needs-slug-review/,UNKNOWN,DO_NOT_TOUCH_HIGH_TRAFFIC_URL,HIGH,57,2182,301_IF_APPROVED,NO,DRAFT_NOT_EXECUTED,Do not execute before owner approval and final target verification.
https://jus-tice.co.il/%D7%A1%D7%A2%D7%A963705-06-19-%D7%AA%D7%91%D7%99%D7%A2%D7%94-%D7%91%D7%92%D7%99%D7%9F-%D7%A4%D7%99%D7%A6%D7%95%D7%99%D7%99-%D7%A4%D7%99%D7%98%D7%95%D7%A8%D7%99%D7%9D,https://jus-tice.co.il/employment-law-needs-slug-review/,UNKNOWN,NEEDS_CONTENT_REVIEW,MEDIUM,5,1617,301_IF_APPROVED,NO,DRAFT_NOT_EXECUTED,Do not execute before owner approval and final target verification.
https://jus-tice.co.il/%D7%A1%D7%A8%D7%91%D7%A0%D7%95%D7%AA-%D7%A7%D7%A9%D7%A8-%D7%95%D7%A0%D7%99%D7%9B%D7%95%D7%A8-%D7%94%D7%95%D7%A8%D7%99-%D7%A4%D7%A1%D7%93-%D7%A9%D7%9C-%D7%94%D7%A9%D7%95%D7%A4%D7%98-%D7%90%D7%A8%D7%96-%D7%A9%D7%A0%D7%99-%D7%A2%D7%9C-%D7%AA%D7%91%D7%99%D7%A2%D7%AA-%D7%90%D7%91-%D7%9C%D7%97%D7%99%D7%93%D7%95%D7%A9-%D7%A7%D7%A9%D7%A8-%D7%A2%D7%9D-%D7%91%D7%A0%D7%95-%D7%94%D7%A7%D7%98%D7%99%D7%9F,https://jus-tice.co.il/legal-database-rulings-needs-slug-review/,UNKNOWN,NEEDS_CONTENT_REVIEW,MEDIUM,40,3943,301_IF_APPROVED,NO,DRAFT_NOT_EXECUTED,Do not execute before owner approval and final target verification.
https://jus-tice.co.il/%D7%A2%D7%90-10403-04-21-%D7%A4%D7%A8%D7%95%D7%99%D7%A7%D7%98-51-%D7%91%D7%A2%D7%9E-%D7%A0-%D7%9E%D7%99%D7%A8%D7%91%D7%95-%D7%A4%D7%A8%D7%95%D7%99%D7%99%D7%A7%D7%98%D7%99%D7%9D-%D7%91%D7%A2%D7%9E,UNKNOWN_FINAL_TARGET_NEEDED,UNKNOWN,NEEDS_CLUSTER_CLASSIFICATION,MEDIUM,11,2338,301_IF_APPROVED,NO,DRAFT_NOT_EXECUTED,Do not execute before owner approval and final target verification.
https://jus-tice.co.il/%D7%A2%D7%90-52301-10-20%D7%93%D7%A8%D7%95%D7%A7%D7%A8-%D7%A0-%D7%90%D7%9C%D7%99%D7%90%D7%A1%D7%99-%D7%95%D7%90%D7%97,UNKNOWN_FINAL_TARGET_NEEDED,UNKNOWN,NEEDS_CLUSTER_CLASSIFICATION,MEDIUM,5,1239,301_IF_APPROVED,NO,DRAFT_NOT_EXECUTED,Do not execute before owner approval and final target verification.
https://jus-tice.co.il/%D7%A2%D7%90-9598/05-%D7%A4%D7%9C%D7%95%D7%A0%D7%99-%D7%A0-%D7%97%D7%91%D7%A8%D7%AA-%D7%91%D7%99%D7%98%D7%95%D7%97-%D7%94%D7%9E%D7%92%D7%9F-%D7%91%D7%A2%D7%9E,UNKNOWN_FINAL_TARGET_NEEDED,UNKNOWN,NEEDS_CLUSTER_CLASSIFICATION,LOW,2,169,301_IF_APPROVED,NO,DRAFT_NOT_EXECUTED,Do not execute before owner approval and final target verification.
https://jus-tice.co.il/%D7%A2%D7%91%D7%99%D7%A8%D7%95%D7%AA-%D7%9E%D7%99%D7%9F-%D7%91%D7%A7%D7%98%D7%99%D7%A0%D7%94-%D7%91%D7%9E%D7%A8%D7%97%D7%91-%D7%94%D7%95%D7%95%D7%99%D7%A8%D7%98%D7%95%D7%90%D7%9C%D7%99,https://jus-tice.co.il/sex-offenses/,UNKNOWN,NEEDS_CONTENT_REVIEW,LOW,8,349,301_IF_APPROVED,NO,DRAFT_NOT_EXECUTED,Do not execute before owner approval and final target verification.
https://jus-tice.co.il/%D7%A2%D7%95%D7%93-%D7%92%D7%99%D7%A8%D7%95%D7%A9%D7%99%D7%9F-%D7%9E%D7%95%D7%9E%D7%9C%D7%A5-%D7%9B%D7%99%D7%A6%D7%93-%D7%9C%D7%9E%D7%A6%D7%95%D7%90-%D7%A2%D7%95%D7%A8%D7%9A-%D7%93%D7%99%D7%9F-%D7%92%D7%99%D7%A8%D7%95%D7%A9%D7%99%D7%9F-%D7%95%D7%9B%D7%9E%D7%94-%D7%A2%D7%95%D7%9C%D7%94-%D7%9C%D7%94%D7%AA%D7%92%D7%A8%D7%A9,https://jus-tice.co.il/divorce-lawyer/,UNKNOWN,DO_NOT_TOUCH_HIGH_TRAFFIC_URL,HIGH,0,13216,301_IF_APPROVED,NO,DRAFT_NOT_EXECUTED,Do not execute before owner approval and final target verification.
https://jus-tice.co.il/%D7%A2%D7%95%D7%93-%D7%9C%D7%99%D7%99%D7%A6%D7%95%D7%92-%D7%9E%D7%A2%D7%A1%D7%99%D7%A7%D7%99%D7%9D/%D7%98%D7%95%D7%A4%D7%A1-%D7%94%D7%A6%D7%94%D7%A8%D7%94-%D7%9C%D7%A4%D7%99-%D7%A1%D7%A2%D7%99%D7%A3-3%D7%901-%D7%9C%D7%AA%D7%A7%D7%A0%D7%95%D7%AA-%D7%A9%D7%A2%D7%AA-%D7%97%D7%99%D7%A8%D7%95%D7%9D,UNKNOWN_FINAL_TARGET_NEEDED,UNKNOWN,NEEDS_CLUSTER_CLASSIFICATION,LOW,0,233,301_IF_APPROVED,NO,DRAFT_NOT_EXECUTED,Do not execute before owner approval and final target verification.
https://jus-tice.co.il/%D7%A2%D7%95%D7%A0%D7%A9-%D7%A4%D7%9C%D7%99%D7%9C%D7%99-%D7%9C%D7%A0%D7%90%D7%A9%D7%9D-%D7%91%D7%90%D7%99%D7%A0%D7%95%D7%A1-%D7%95%D7%9E%D7%A2%D7%A9%D7%94-%D7%A1%D7%93%D7%95%D7%9D-%D7%91%D7%A7%D7%98%D7%99%D7%A0%D7%94,https://jus-tice.co.il/criminal-law-needs-slug-review/,UNKNOWN,DO_NOT_TOUCH_HIGH_TRAFFIC_URL,HIGH,73,3951,301_IF_APPROVED,NO,DRAFT_NOT_EXECUTED,Do not execute before owner approval and final target verification.
https://jus-tice.co.il/%D7%A2%D7%95%D7%A0%D7%A9-%D7%A4%D7%9C%D7%99%D7%9C%D7%99-%D7%A0%D7%90%D7%A9%D7%9D-%D7%91%D7%A8%D7%A6%D7%97-%D7%90%D7%99%D7%A9%D7%94-%D7%91%D7%A0%D7%AA%D7%A0%D7%99%D7%94-%D7%AA%D7%A4%D7%97-4710-11-18,https://jus-tice.co.il/criminal-law-needs-slug-review/,UNKNOWN,NEEDS_CONTENT_REVIEW,LOW,4,848,301_IF_APPROVED,NO,DRAFT_NOT_EXECUTED,Do not execute before owner approval and final target verification.
https://jus-tice.co.il/%D7%A2%D7%95%D7%A0%D7%A9-%D7%A4%D7%9C%D7%99%D7%9C%D7%99-%D7%A2%D7%91%D7%99%D7%A8%D7%95%D7%AA-%D7%A0%D7%A9%D7%A7-%D7%A0%D7%A9%D7%99%D7%90%D7%94-%D7%95%D7%94%D7%95%D7%91%D7%9C%D7%94,https://jus-tice.co.il/criminal-law-needs-slug-review/,UNKNOWN,NEEDS_CONTENT_REVIEW,LOW,0,9,301_IF_APPROVED,NO,DRAFT_NOT_EXECUTED,Do not execute before owner approval and final target verification.
https://jus-tice.co.il/%D7%A2%D7%95%D7%A0%D7%A9-%D7%A4%D7%9C%D7%99%D7%9C%D7%99-%D7%A2%D7%9C-%D7%94%D7%A4%D7%A6%D7%AA-%D7%AA%D7%9B%D7%A0%D7%99%D7%9D-%D7%9E%D7%99%D7%A0%D7%99%D7%99%D7%9D-%D7%91%D7%98%D7%9C%D7%92%D7%A8%D7%9D-%D7%92%D7%96%D7%A8-%D7%93%D7%99%D7%9F,https://jus-tice.co.il/criminal-law-needs-slug-review/,UNKNOWN,NEEDS_CONTENT_REVIEW,MEDIUM,22,3883,301_IF_APPROVED,NO,DRAFT_NOT_EXECUTED,Do not execute before owner approval and final target verification.
https://jus-tice.co.il/%D7%A2%D7%95%D7%A0%D7%A9-%D7%A4%D7%9C%D7%99%D7%9C%D7%99-%D7%AA%D7%A7%D7%99%D7%A4%D7%AA-%D7%91%D7%AA-%D7%96%D7%95%D7%92-%D7%95%D7%A2%D7%91%D7%99%D7%A8%D7%95%D7%AA-%D7%90%D7%99%D7%95%D7%9E%D7%99%D7%9D,https://jus-tice.co.il/criminal-law-needs-slug-review/,UNKNOWN,NEEDS_CONTENT_REVIEW,MEDIUM,16,3942,301_IF_APPROVED,NO,DRAFT_NOT_EXECUTED,Do not execute before owner approval and final target verification.
https://jus-tice.co.il/%D7%A2%D7%95%D7%A8%D7%9A-%D7%93%D7%99%D7%9F-%D7%90%D7%99%D7%A0%D7%98%D7%A8%D7%A4%D7%95%D7%9C,UNKNOWN_FINAL_TARGET_NEEDED,UNKNOWN,NEEDS_CLUSTER_CLASSIFICATION,MEDIUM,4,2831,301_IF_APPROVED,NO,DRAFT_NOT_EXECUTED,Do not execute before owner approval and final target verification.
https://jus-tice.co.il/%D7%A2%D7%95%D7%A8%D7%9A-%D7%93%D7%99%D7%9F-%D7%93%D7%95%D7%91%D7%A8-%D7%A6%D7%A8%D7%A4%D7%AA%D7%99%D7%AA-%D7%A0%D7%93%D7%9C%D7%9F-%D7%91%D7%99%D7%A9%D7%A8%D7%90%D7%9C,https://jus-tice.co.il/real-estate-needs-slug-review/,UNKNOWN,NEEDS_CONTENT_REVIEW,LOW,0,32,301_IF_APPROVED,NO,DRAFT_NOT_EXECUTED,Do not execute before owner approval and final target verification.
https://jus-tice.co.il/%D7%A2%D7%95%D7%A8%D7%9A-%D7%93%D7%99%D7%9F-%D7%99%D7%95%D7%A8%D7%95%D7%A4%D7%95%D7%9C,UNKNOWN_FINAL_TARGET_NEEDED,UNKNOWN,NEEDS_CLUSTER_CLASSIFICATION,MEDIUM,9,1161,301_IF_APPROVED,NO,DRAFT_NOT_EXECUTED,Do not execute before owner approval and final target verification.
https://jus-tice.co.il/%D7%A2%D7%95%D7%A8%D7%9A-%D7%93%D7%99%D7%9F-%D7%9C%D7%A2%D7%A0%D7%99%D7%99%D7%A0%D7%99-%D7%92%D7%99%D7%A8%D7%95%D7%A9%D7%99%D7%9F,https://jus-tice.co.il/family-law-needs-slug-review/,UNKNOWN,NEEDS_CONTENT_REVIEW,LOW,0,51,301_IF_APPROVED,NO,DRAFT_NOT_EXECUTED,Do not execute before owner approval and final target verification.
https://jus-tice.co.il/%D7%A2%D7%95%D7%A8%D7%9A-%D7%93%D7%99%D7%9F-%D7%9E%D7%95%D7%9E%D7%9C%D7%A5-%D7%9E%D7%94%D7%99-%D7%A8%D7%A9%D7%9C%D7%A0%D7%95%D7%AA-%D7%A2%D7%95%D7%95%D7%9C%D7%AA-%D7%94%D7%A8%D7%A9%D7%9C%D7%A0%D7%95%D7%AA,UNKNOWN_FINAL_TARGET_NEEDED,UNKNOWN,NEEDS_CLUSTER_CLASSIFICATION,MEDIUM,14,4749,301_IF_APPROVED,NO,DRAFT_NOT_EXECUTED,Do not execute before owner approval and final target verification.
https://jus-tice.co.il/%D7%A2%D7%95%D7%A8%D7%9A-%D7%93%D7%99%D7%9F-%D7%9E%D7%A9%D7%A4%D7%98-%D7%91%D7%99%D7%A0%D7%9C%D7%90%D7%95%D7%9E%D7%99,UNKNOWN_FINAL_TARGET_NEEDED,UNKNOWN,DO_NOT_TOUCH_HIGH_TRAFFIC_URL,HIGH,25,7972,301_IF_APPROVED,NO,DRAFT_NOT_EXECUTED,Do not execute before owner approval and final target verification.
https://jus-tice.co.il/%D7%A2%D7%95%D7%A8%D7%9A-%D7%93%D7%99%D7%9F-%D7%A4%D7%95%D7%A8%D7%A7%D7%A1-forex,UNKNOWN_FINAL_TARGET_NEEDED,UNKNOWN,DO_NOT_TOUCH_HIGH_TRAFFIC_URL,HIGH,25,16109,301_IF_APPROVED,NO,DRAFT_NOT_EXECUTED,Do not execute before owner approval and final target verification.
https://jus-tice.co.il/%D7%A2%D7%95%D7%A8%D7%9A-%D7%93%D7%99%D7%9F-%D7%A4%D7%9C%D7%99%D7%9C%D7%99-%D7%90%D7%99%D7%A8%D7%95%D7%A4%D7%94-%D7%94%D7%92%D7%A0%D7%94-%D7%A4%D7%9C%D7%99%D7%9C%D7%99%D7%AA-%D7%99%D7%A2%D7%99%D7%9C%D7%94-%D7%9E%D7%96%D7%A8%D7%97-%D7%90%D7%99%D7%A8%D7%95%D7%A4%D7%94,https://jus-tice.co.il/criminal-lawyer/,UNKNOWN,NEEDS_CONTENT_REVIEW,MEDIUM,14,4602,301_IF_APPROVED,NO,DRAFT_NOT_EXECUTED,Do not execute before owner approval and final target verification.
https://jus-tice.co.il/%D7%A2%D7%95%D7%A8%D7%9A-%D7%93%D7%99%D7%9F-%D7%A4%D7%9C%D7%99%D7%9C%D7%99-%D7%91%D7%AA%D7%9C-%D7%90%D7%91%D7%99%D7%91-%D7%A2%D7%95%D7%93-%D7%A4%D7%9C%D7%99%D7%9C%D7%99-%D7%9E%D7%95%D7%9E%D7%9C%D7%A5-%D7%91%D7%AA%D7%90-%D7%95%D7%94%D7%9E%D7%A8%D7%9B%D7%96,https://jus-tice.co.il/criminal-lawyer/,UNKNOWN,DO_NOT_TOUCH_HIGH_TRAFFIC_URL,HIGH,0,6761,301_IF_APPROVED,NO,DRAFT_NOT_EXECUTED,Do not execute before owner approval and final target verification.
https://jus-tice.co.il/%D7%A2%D7%95%D7%A8%D7%9A-%D7%93%D7%99%D7%9F-%D7%A4%D7%9C%D7%99%D7%9C%D7%99-%D7%94%D7%9B%D7%99-%D7%98%D7%95%D7%91-%D7%91%D7%90%D7%A8%D7%A5,https://jus-tice.co.il/criminal-lawyer/,UNKNOWN,DO_NOT_TOUCH_HIGH_TRAFFIC_URL,HIGH,9,11054,301_IF_APPROVED,NO,DRAFT_NOT_EXECUTED,Do not execute before owner approval and final target verification.
https://jus-tice.co.il/%D7%A2%D7%95%D7%A8%D7%9A-%D7%93%D7%99%D7%9F-%D7%A4%D7%9C%D7%99%D7%9C%D7%99-%D7%99%D7%95%D7%A6%D7%90-%D7%A4%D7%A8%D7%A7%D7%9C%D7%99%D7%98%D7%95%D7%AA-%D7%94%D7%9E%D7%9C%D7%A6%D7%95%D7%AA-%D7%A2%D7%95%D7%93-%D7%A4%D7%9C%D7%99%D7%9C%D7%99-%D7%AA%D7%91%D7%99%D7%A2%D7%95%D7%AA,https://jus-tice.co.il/criminal-lawyer/,UNKNOWN,NEEDS_CONTENT_REVIEW,LOW,3,953,301_IF_APPROVED,NO,DRAFT_NOT_EXECUTED,Do not execute before owner approval and final target verification.
https://jus-tice.co.il/%D7%A2%D7%95%D7%A8%D7%9A-%D7%93%D7%99%D7%9F-%D7%A4%D7%9C%D7%99%D7%9C%D7%99-%D7%9E%D7%A4%D7%95%D7%A8%D7%A1%D7%9D-%D7%A2%D7%95%D7%93-%D7%A4%D7%9C%D7%99%D7%9C%D7%99-%D7%9E%D7%A4%D7%95%D7%A8%D7%A1%D7%9D-%D7%91%D7%99%D7%A9%D7%A8%D7%90%D7%9C,https://jus-tice.co.il/criminal-lawyer/,UNKNOWN,DO_NOT_TOUCH_HIGH_TRAFFIC_URL,HIGH,15,14309,301_IF_APPROVED,NO,DRAFT_NOT_EXECUTED,Do not execute before owner approval and final target verification.
https://jus-tice.co.il/%D7%A2%D7%95%D7%A8%D7%9A-%D7%93%D7%99%D7%9F-%D7%A4%D7%9C%D7%99%D7%9C%D7%99-%D7%A1%D7%9E%D7%99%D7%9D-%D7%94%D7%9E%D7%9C%D7%A6%D7%95%D7%AA-%D7%A2%D7%95%D7%93-%D7%A4%D7%9C%D7%99%D7%9C%D7%99-%D7%9C%D7%A2%D7%91%D7%99%D7%A8%D7%95%D7%AA-%D7%A1%D7%9E%D7%99%D7%9D,https://jus-tice.co.il/criminal-lawyer/,UNKNOWN,DO_NOT_TOUCH_HIGH_TRAFFIC_URL,HIGH,2,6890,301_IF_APPROVED,NO,DRAFT_NOT_EXECUTED,Do not execute before owner approval and final target verification.
https://jus-tice.co.il/%D7%A2%D7%95%D7%A8%D7%9A-%D7%93%D7%99%D7%9F-%D7%A4%D7%9C%D7%99%D7%9C%D7%99-%D7%A1%D7%A8%D7%99-%D7%9C%D7%A0%D7%A7%D7%94-%D7%99%D7%99%D7%A6%D7%95%D7%92-%D7%A2%D7%95%D7%A8%D7%9A-%D7%93%D7%99%D7%9F-%D7%91%D7%A1%D7%A8%D7%99-%D7%9C%D7%A0%D7%A7%D7%94,https://jus-tice.co.il/criminal-lawyer/,UNKNOWN,NEEDS_CONTENT_REVIEW,MEDIUM,11,1250,301_IF_APPROVED,NO,DRAFT_NOT_EXECUTED,Do not execute before owner approval and final target verification.
https://jus-tice.co.il/%D7%A2%D7%95%D7%A8%D7%9A-%D7%93%D7%99%D7%9F-%D7%A4%D7%9C%D7%99%D7%9C%D7%99-%D7%A9%D7%9B%D7%A8-%D7%9B%D7%9E%D7%94-%D7%9E%D7%A8%D7%95%D7%95%D7%99%D7%97-%D7%A2%D7%95%D7%93-%D7%A2%D7%9C%D7%99%D7%9C%D7%99-%D7%91%D7%99%D7%A9%D7%A8%D7%90%D7%9C,https://jus-tice.co.il/criminal-lawyer/,UNKNOWN,NEEDS_CONTENT_REVIEW,LOW,0,1,301_IF_APPROVED,NO,DRAFT_NOT_EXECUTED,Do not execute before owner approval and final target verification.
https://jus-tice.co.il/%D7%A2%D7%95%D7%A8%D7%9A-%D7%93%D7%99%D7%9F-%D7%A4%D7%9C%D7%99%D7%9C%D7%99-%D7%A9%D7%9B%D7%A8-%D7%9B%D7%9E%D7%94-%D7%9E%D7%A8%D7%95%D7%95%D7%99%D7%97-%D7%A2%D7%95%D7%93-%D7%A4%D7%9C%D7%99%D7%9C%D7%99-%D7%91%D7%99%D7%A9%D7%A8%D7%90%D7%9C,https://jus-tice.co.il/criminal-lawyer/,UNKNOWN,DO_NOT_TOUCH_HIGH_TRAFFIC_URL,HIGH,94,4239,301_IF_APPROVED,NO,DRAFT_NOT_EXECUTED,Do not execute before owner approval and final target verification.
https://jus-tice.co.il/%D7%A2%D7%95%D7%A8%D7%9A-%D7%93%D7%99%D7%9F-%D7%A4%D7%9C%D7%99%D7%9C%D7%99-%D7%AA%D7%95%D7%AA%D7%97,https://jus-tice.co.il/criminal-lawyer/,UNKNOWN,NEEDS_CONTENT_REVIEW,MEDIUM,4,3607,301_IF_APPROVED,NO,DRAFT_NOT_EXECUTED,Do not execute before owner approval and final target verification.
https://jus-tice.co.il/%D7%A2%D7%95%D7%A8%D7%9A-%D7%93%D7%99%D7%9F-%D7%A6%D7%91%D7%90%D7%99,UNKNOWN_FINAL_TARGET_NEEDED,UNKNOWN,DO_NOT_TOUCH_HIGH_TRAFFIC_URL,HIGH,34,33065,301_IF_APPROVED,NO,DRAFT_NOT_EXECUTED,Do not execute before owner approval and final target verification.
https://jus-tice.co.il/%D7%A2%D7%95%D7%A8%D7%9A-%D7%93%D7%99%D7%9F-%D7%A6%D7%95%D7%95%D7%90%D7%95%D7%AA-%D7%95%D7%99%D7%A8%D7%95%D7%A9%D7%95%D7%AA,https://jus-tice.co.il/will/,UNKNOWN,NEEDS_CONTENT_REVIEW,LOW,0,404,301_IF_APPROVED,NO,DRAFT_NOT_EXECUTED,Do not execute before owner approval and final target verification.
https://jus-tice.co.il/%D7%A2%D7%95%D7%A8%D7%9A-%D7%93%D7%99%D7%9F-%D7%A8%D7%99%D7%A9%D7%95%D7%99-%D7%A2%D7%A1%D7%A7%D7%99%D7%9D,https://jus-tice.co.il/traffic-law-needs-slug-review/,UNKNOWN,NEEDS_MERGE_REVIEW,MEDIUM,1,2447,301_IF_APPROVED,NO,DRAFT_NOT_EXECUTED,Do not execute before owner approval and final target verification.
https://jus-tice.co.il/%D7%A2%D7%95%D7%A8%D7%9A-%D7%93%D7%99%D7%9F-%D7%A8%D7%A9%D7%9C%D7%A0%D7%95%D7%AA-%D7%91%D7%A0%D7%99%D7%AA%D7%95%D7%97-%D7%A4%D7%9C%D7%A1%D7%98%D7%99-%D7%94%D7%9E%D7%9C%D7%A6%D7%95%D7%AA-%D7%A2%D7%95%D7%93-%D7%A8%D7%A9%D7%9C%D7%A0%D7%95%D7%AA-%D7%A0%D7%99%D7%AA%D7%95%D7%97-%D7%A4%D7%9C%D7%A1%D7%98%D7%99,https://jus-tice.co.il/medical-malpractice-lawyer/,UNKNOWN,NEEDS_CONTENT_REVIEW,MEDIUM,0,2309,301_IF_APPROVED,NO,DRAFT_NOT_EXECUTED,Do not execute before owner approval and final target verification.
https://jus-tice.co.il/%D7%A2%D7%95%D7%A8%D7%9A-%D7%93%D7%99%D7%9F-%D7%A8%D7%A9%D7%9C%D7%A0%D7%95%D7%AA-%D7%A8%D7%A4%D7%95%D7%90%D7%99%D7%AA-%D7%91%D7%9C%D7%99%D7%93%D7%94-%D7%9E%D7%95%D7%9E%D7%9C%D7%A5,https://jus-tice.co.il/medical-malpractice-lawyer/,UNKNOWN,DO_NOT_TOUCH_HIGH_TRAFFIC_URL,HIGH,1,27275,301_IF_APPROVED,NO,DRAFT_NOT_EXECUTED,Do not execute before owner approval and final target verification.
https://jus-tice.co.il/%D7%A2%D7%95%D7%A8%D7%9A-%D7%93%D7%99%D7%9F-%D7%A8%D7%A9%D7%9C%D7%A0%D7%95%D7%AA-%D7%A8%D7%A4%D7%95%D7%90%D7%99%D7%AA-%D7%9E%D7%95%D7%9E%D7%9C%D7%A5,https://jus-tice.co.il/medical-malpractice-lawyer/,UNKNOWN,NEEDS_CONTENT_REVIEW,LOW,0,5,301_IF_APPROVED,NO,DRAFT_NOT_EXECUTED,Do not execute before owner approval and final target verification.
https://jus-tice.co.il/%D7%A2%D7%95%D7%A8%D7%9A-%D7%93%D7%99%D7%9F-%D7%AA%D7%90%D7%99%D7%9C%D7%93,UNKNOWN_FINAL_TARGET_NEEDED,UNKNOWN,NEEDS_CLUSTER_CLASSIFICATION,LOW,0,1,301_IF_APPROVED,NO,DRAFT_NOT_EXECUTED,Do not execute before owner approval and final target verification.
https://jus-tice.co.il/%D7%A2%D7%95%D7%A8%D7%9A-%D7%93%D7%99%D7%9F-%D7%AA%D7%90%D7%99%D7%9C%D7%A0%D7%93,https://jus-tice.co.il/notary-foreign-needs-slug-review/,UNKNOWN,DO_NOT_TOUCH_HIGH_TRAFFIC_URL,HIGH,59,1689,301_IF_APPROVED,NO,DRAFT_NOT_EXECUTED,Do not execute before owner approval and final target verification.
https://jus-tice.co.il/%D7%A2%D7%95%D7%A8%D7%9B%D7%99-%D7%93%D7%99%D7%9F,UNKNOWN_FINAL_TARGET_NEEDED,UNKNOWN,NEEDS_CLUSTER_CLASSIFICATION,LOW,1,78,301_IF_APPROVED,NO,DRAFT_NOT_EXECUTED,Do not execute before owner approval and final target verification.
https://jus-tice.co.il/%D7%A2%D7%95%D7%A8%D7%9B%D7%99-%D7%93%D7%99%D7%9F-%D7%9E%D7%95%D7%91%D7%99%D7%9C%D7%99%D7%9D-%D7%91%D7%AA%D7%97%D7%95%D7%9D-%D7%A8%D7%A9%D7%9C%D7%A0%D7%95%D7%AA-%D7%A8%D7%A4%D7%95%D7%90%D7%99%D7%AA-%D7%91%D7%A2%D7%95%D7%9C%D7%9D,https://jus-tice.co.il/medical-malpractice-lawyer/,UNKNOWN,DO_NOT_TOUCH_HIGH_TRAFFIC_URL,HIGH,15,19549,301_IF_APPROVED,NO,DRAFT_NOT_EXECUTED,Do not execute before owner approval and final target verification.
https://jus-tice.co.il/%D7%A2%D7%95%D7%A8%D7%9B%D7%99-%D7%93%D7%99%D7%9F-%D7%A4%D7%9C%D7%99%D7%9C%D7%99%D7%99%D7%9D-%D7%9E%D7%A4%D7%95%D7%A8%D7%A1%D7%9E%D7%99%D7%9D-%D7%91%D7%9E%D7%93%D7%99%D7%94-%D7%A1%D7%A8%D7%98%D7%99%D7%9D-%D7%95%D7%98%D7%9C%D7%95%D7%95%D7%99%D7%96%D7%99%D7%94,https://jus-tice.co.il/criminal-law-needs-slug-review/,UNKNOWN,NEEDS_CONTENT_REVIEW,MEDIUM,10,2607,301_IF_APPROVED,NO,DRAFT_NOT_EXECUTED,Do not execute before owner approval and final target verification.
https://jus-tice.co.il/%D7%A2%D7%95%D7%A8%D7%9B%D7%99-%D7%93%D7%99%D7%9F/%D7%90-%D7%91-%D7%A2%D7%95%D7%A8%D7%9A-%D7%93%D7%99%D7%9F-%D7%91%D7%94%D7%A7%D7%9E%D7%94,UNKNOWN_FINAL_TARGET_NEEDED,UNKNOWN,NEEDS_CLUSTER_CLASSIFICATION,LOW,0,2,301_IF_APPROVED,NO,DRAFT_NOT_EXECUTED,Do not execute before owner approval and final target verification.
https://jus-tice.co.il/%D7%A2%D7%95%D7%A8%D7%9B%D7%99-%D7%93%D7%99%D7%9F/%D7%A2%D7%95%D7%93-%D7%92%D7%99%D7%90-%D7%A4%D7%A8%D7%A5,UNKNOWN_FINAL_TARGET_NEEDED,UNKNOWN,NEEDS_CLUSTER_CLASSIFICATION,LOW,0,93,301_IF_APPROVED,NO,DRAFT_NOT_EXECUTED,Do not execute before owner approval and final target verification.
https://jus-tice.co.il/%D7%A2%D7%95%D7%A8%D7%9B%D7%99-%D7%93%D7%99%D7%9F/%D7%A2%D7%95%D7%93-%D7%93%D7%A0%D7%99%D7%90%D7%9C-%D7%90%D7%A9%D7%9B%D7%A0%D7%96%D7%99,UNKNOWN_FINAL_TARGET_NEEDED,UNKNOWN,NEEDS_CLUSTER_CLASSIFICATION,LOW,8,126,301_IF_APPROVED,NO,DRAFT_NOT_EXECUTED,Do not execute before owner approval and final target verification.
https://jus-tice.co.il/%D7%A2%D7%95%D7%A8%D7%9B%D7%99-%D7%93%D7%99%D7%9F/%D7%A2%D7%95%D7%93-%D7%99%D7%95%D7%A1%D7%99-%D7%9C%D7%95%D7%99,UNKNOWN_FINAL_TARGET_NEEDED,UNKNOWN,NEEDS_CLUSTER_CLASSIFICATION,LOW,8,97,301_IF_APPROVED,NO,DRAFT_NOT_EXECUTED,Do not execute before owner approval and final target verification.
https://jus-tice.co.il/%D7%A2%D7%95%D7%A8%D7%9B%D7%99-%D7%93%D7%99%D7%9F/%D7%A2%D7%95%D7%93-%D7%9E%D7%A8%D7%99%D7%9D-%D7%9B%D7%94%D7%9F,UNKNOWN_FINAL_TARGET_NEEDED,UNKNOWN,NEEDS_CLUSTER_CLASSIFICATION,LOW,0,28,301_IF_APPROVED,NO,DRAFT_NOT_EXECUTED,Do not execute before owner approval and final target verification.
https://jus-tice.co.il/%D7%A2%D7%95%D7%A8%D7%9B%D7%99-%D7%93%D7%99%D7%9F/%D7%A2%D7%95%D7%93-%D7%A8%D7%95%D7%A0%D7%99%D7%AA-%D7%91%D7%A0%D7%99%D7%9E%D7%99%D7%9F,https://jus-tice.co.il/criminal-law-needs-slug-review/,UNKNOWN,NEEDS_CONTENT_REVIEW,LOW,2,11,301_IF_APPROVED,NO,DRAFT_NOT_EXECUTED,Do not execute before owner approval and final target verification.
https://jus-tice.co.il/%D7%A2%D7%95%D7%A8%D7%9B%D7%99-%D7%93%D7%99%D7%9F/%D7%A2%D7%95%D7%A8%D7%9B%D7%99-%D7%93%D7%99%D7%9F-%D7%91%D7%AA%D7%97%D7%95%D7%9D-%D7%94%D7%A0%D7%96%D7%99%D7%A7%D7%99%D7%9F,https://jus-tice.co.il/personal-injury-needs-slug-review/,UNKNOWN,NEEDS_CONTENT_REVIEW,MEDIUM,1,1058,301_IF_APPROVED,NO,DRAFT_NOT_EXECUTED,Do not execute before owner approval and final target verification.
https://jus-tice.co.il/%D7%A2%D7%95%D7%A8%D7%9B%D7%99-%D7%93%D7%99%D7%9F/%D7%A2%D7%95%D7%A8%D7%9B%D7%99-%D7%94%D7%93%D7%99%D7%9F-%D7%94%D7%9E%D7%A4%D7%95%D7%A8%D7%A1%D7%9E%D7%99%D7%9D-%D7%91%D7%99%D7%95%D7%AA%D7%A8-%D7%9C%D7%94%D7%92%D7%A0%D7%94-%D7%A4%D7%9C%D7%99%D7%9C,https://jus-tice.co.il/criminal-law-needs-slug-review/,UNKNOWN,DO_NOT_TOUCH_HIGH_TRAFFIC_URL,HIGH,96,52640,301_IF_APPROVED,NO,DRAFT_NOT_EXECUTED,Do not execute before owner approval and final target verification.
https://jus-tice.co.il/%D7%A2%D7%95%D7%A8%D7%9B%D7%99-%D7%93%D7%99%D7%9F/%D7%A2%D7%95%D7%A8%D7%9B%D7%AA-%D7%93%D7%99%D7%9F-%D7%9E%D7%90%D7%99%D7%94-%D7%A8%D7%95%D7%98%D7%A0%D7%91%D7%A8%D7%92,UNKNOWN_FINAL_TARGET_NEEDED,UNKNOWN,DO_NOT_TOUCH_HIGH_TRAFFIC_URL,HIGH,1,5880,301_IF_APPROVED,NO,DRAFT_NOT_EXECUTED,Do not execute before owner approval and final target verification.
https://jus-tice.co.il/%D7%A2%D7%95%D7%A8%D7%9B%D7%99-%D7%93%D7%99%D7%9F/10-%D7%94%D7%98%D7%99%D7%A4%D7%99%D7%9D-%D7%94%D7%98%D7%95%D7%91%D7%99%D7%9D-%D7%91%D7%99%D7%95%D7%AA%D7%A8-%D7%9C%D7%A9%D7%9B%D7%99%D7%A8%D7%AA-%D7%A2%D7%95%D7%A8%D7%9A-%D7%93%D7%99%D7%9F,UNKNOWN_FINAL_TARGET_NEEDED,UNKNOWN,NEEDS_CLUSTER_CLASSIFICATION,LOW,0,283,301_IF_APPROVED,NO,DRAFT_NOT_EXECUTED,Do not execute before owner approval and final target verification.
https://jus-tice.co.il/%D7%A2%D7%95%D7%A8%D7%9B%D7%AA-%D7%93%D7%99%D7%9F-%D7%92%D7%90%D7%A1%D7%98%D7%99%D7%A1-%D7%99%D7%A9%D7%A8%D7%90%D7%9C,UNKNOWN_FINAL_TARGET_NEEDED,UNKNOWN,NEEDS_CLUSTER_CLASSIFICATION,LOW,5,107,301_IF_APPROVED,NO,DRAFT_NOT_EXECUTED,Do not execute before owner approval and final target verification.
https://jus-tice.co.il/%D7%A2%D7%9E%D7%93%D7%AA-%D7%A0%D7%A4%D7%92%D7%A2-%D7%A2%D7%91%D7%99%D7%A8%D7%94-%D7%9C%D7%95%D7%A2%D7%93%D7%AA-%D7%A9%D7%97%D7%A8%D7%95%D7%A8%D7%99%D7%9D-%D7%9C%D7%A4%D7%99-%D7%97%D7%95%D7%A7-%D7%96%D7%9B%D7%95%D7%99%D7%95%D7%AA-%D7%A0%D7%A4%D7%92%D7%A2%D7%99-%D7%A2%D7%91%D7%99%D7%A8%D7%94,UNKNOWN_FINAL_TARGET_NEEDED,UNKNOWN,NEEDS_CLUSTER_CLASSIFICATION,LOW,1,597,301_IF_APPROVED,NO,DRAFT_NOT_EXECUTED,Do not execute before owner approval and final target verification.
https://jus-tice.co.il/%D7%A2%D7%9E%D7%A9-61566-03-22,UNKNOWN_FINAL_TARGET_NEEDED,UNKNOWN,NEEDS_CLUSTER_CLASSIFICATION,LOW,5,233,301_IF_APPROVED,NO,DRAFT_NOT_EXECUTED,Do not execute before owner approval and final target verification.
https://jus-tice.co.il/%D7%A2%D7%9E%D7%AA20794-07-22%D7%9E%D7%93%D7%99%D7%A0%D7%AA-%D7%99%D7%A9%D7%A8%D7%90%D7%9C-%D7%A0-%D7%AA%D7%9E%D7%9D%D7%A2%D7%A6%D7%99%D7%A8,UNKNOWN_FINAL_TARGET_NEEDED,UNKNOWN,NEEDS_CLUSTER_CLASSIFICATION,LOW,9,540,301_IF_APPROVED,NO,DRAFT_NOT_EXECUTED,Do not execute before owner approval and final target verification.
https://jus-tice.co.il/%D7%A2%D7%9E-2007929-%D7%92%D7%90%D7%A0%D7%9D-%D7%A0-%D7%9E%D7%9E%D7%95%D7%A0%D7%94-%D7%90%D7%96%D7%95%D7%A8%D7%99-%D7%9E%D7%A2%D7%9E-%D7%98%D7%91%D7%A8%D7%99%D7%94,UNKNOWN_FINAL_TARGET_NEEDED,UNKNOWN,NEEDS_CLUSTER_CLASSIFICATION,LOW,5,289,301_IF_APPROVED,NO,DRAFT_NOT_EXECUTED,Do not execute before owner approval and final target verification.
https://jus-tice.co.il/%D7%A2%D7%9E-24711-05-20-%D7%91%D7%A8%D7%95%D7%9F-%D7%9B%D7%90-%D7%91%D7%A2%D7%9E-%D7%A0-%D7%A8%D7%A9%D7%95%D7%AA-%D7%94%D7%9E%D7%99%D7%A1%D7%99%D7%9D-%D7%91%D7%99%D7%A9%D7%A8%D7%90%D7%9C-%D7%9E%D7%A1-%D7%A2%D7%A8%D7%9A-%D7%9E%D7%95%D7%A1%D7%A3,https://jus-tice.co.il/tax-law-needs-slug-review/,UNKNOWN,NEEDS_CONTENT_REVIEW,MEDIUM,10,1235,301_IF_APPROVED,NO,DRAFT_NOT_EXECUTED,Do not execute before owner approval and final target verification.
https://jus-tice.co.il/%D7%A2%D7%9E-38294-02-19-%D7%A1%D7%99%D7%99%D7%93%D7%94-%D7%A0-%D7%A4%D7%A7%D7%99%D7%93-%D7%A9%D7%95%D7%9E%D7%94-%D7%91%D7%90%D7%A8-%D7%A9%D7%91%D7%A2,UNKNOWN_FINAL_TARGET_NEEDED,UNKNOWN,NEEDS_CLUSTER_CLASSIFICATION,MEDIUM,15,1933,301_IF_APPROVED,NO,DRAFT_NOT_EXECUTED,Do not execute before owner approval and final target verification.
https://jus-tice.co.il/%D7%A2%D7%9E-49933-03-20,UNKNOWN_FINAL_TARGET_NEEDED,UNKNOWN,NEEDS_CLUSTER_CLASSIFICATION,MEDIUM,12,727,301_IF_APPROVED,NO,DRAFT_NOT_EXECUTED,Do not execute before owner approval and final target verification.
https://jus-tice.co.il/%D7%A2%D7%A0%D7%94-%D7%A9%D7%9C-%D7%A9%D7%95%D7%9B%D7%A8-%D7%A2%D7%A1%D7%A7-%D7%9B%D7%99-%D7%94%D7%9E%D7%A9%D7%9B%D7%99%D7%A8-%D7%91%D7%99%D7%98%D7%9C-%D7%90%D7%AA-%D7%94%D7%A1%D7%9B%D7%9D-%D7%94%D7%A9%D7%9B%D7%99%D7%A8%D7%95%D7%AA-%D7%9C%D7%9C%D7%90-%D7%94%D7%A1%D7%9B%D7%9E%D7%AA%D7%95,https://jus-tice.co.il/real-estate-needs-slug-review/,UNKNOWN,NEEDS_CONTENT_REVIEW,LOW,4,307,301_IF_APPROVED,NO,DRAFT_NOT_EXECUTED,Do not execute before owner approval and final target verification.
https://jus-tice.co.il/%D7%A2%D7%A1%D7%A7%D7%90%D7%95%D7%AA-%D7%A0%D7%93%D7%9C%D7%9F-%D7%9E%D7%95%D7%A8%D7%9B%D7%91%D7%95%D7%AA,https://jus-tice.co.il/real-estate-needs-slug-review/,UNKNOWN,NEEDS_CONTENT_REVIEW,LOW,1,264,301_IF_APPROVED,NO,DRAFT_NOT_EXECUTED,Do not execute before owner approval and final target verification.
https://jus-tice.co.il/%D7%A2%D7%A6%D7%9E%D7%90%D7%99%D7%9D,UNKNOWN_FINAL_TARGET_NEEDED,UNKNOWN,NEEDS_CLUSTER_CLASSIFICATION,LOW,0,12,301_IF_APPROVED,NO,DRAFT_NOT_EXECUTED,Do not execute before owner approval and final target verification.
https://jus-tice.co.il/%D7%A2%D7%A8%D7%A2%D7%95%D7%A8-%D7%A2%D7%9C-%D7%94%D7%97%D7%9C%D7%98%D7%94-%D7%A9%D7%A7%D7%95%D7%91%D7%A2%D7%AA-%D7%A9%D7%90%D7%91-%D7%99%D7%A4%D7%92%D7%A9-%D7%A2%D7%9D-%D7%91%D7%A0%D7%95-%D7%94%D7%A7%D7%98%D7%99%D7%9F-%D7%91%D7%9E%D7%A8%D7%9B%D7%96-%D7%A7%D7%A9%D7%A8-%D7%9C%D7%90%D7%97%D7%A8-%D7%A9%D7%94%D7%95%D7%A7%D7%A4%D7%90%D7%95-%D7%96%D7%9E%D7%A0%D7%99-%D7%94%D7%A9%D7%94%D7%95%D7%AA,UNKNOWN_FINAL_TARGET_NEEDED,UNKNOWN,NEEDS_CLUSTER_CLASSIFICATION,MEDIUM,11,363,301_IF_APPROVED,NO,DRAFT_NOT_EXECUTED,Do not execute before owner approval and final target verification.
https://jus-tice.co.il/%D7%A2%D7%A8%D7%A2%D7%95%D7%A8-%D7%A2%D7%9C-%D7%A4%D7%A1%D7%99%D7%A7%D7%AA-%D7%9E%D7%93%D7%95%D7%A8-%D7%A1%D7%A4%D7%A6%D7%99%D7%A4%D7%99-%D7%95%D7%91%D7%A7%D7%A9%D7%94-%D7%9C%D7%A4%D7%99%D7%A8%D7%95%D7%A7-%D7%A9%D7%99%D7%AA%D7%95%D7%A3-1156328-6-%D7%91%D7%99%D7%94%D7%93-%D7%94%D7%92%D7%93%D7%95%D7%9C,UNKNOWN_FINAL_TARGET_NEEDED,UNKNOWN,NEEDS_CLUSTER_CLASSIFICATION,MEDIUM,15,1680,301_IF_APPROVED,NO,DRAFT_NOT_EXECUTED,Do not execute before owner approval and final target verification.
https://jus-tice.co.il/%D7%A2%D7%AA%D7%99%D7%A8%D7%94-%D7%A9%D7%9C-%D7%90%D7%99%D7%A9%D7%94-%D7%A0%D7%92%D7%93-%D7%91%D7%A2%D7%9C%D7%94-%D7%9C%D7%9E%D7%AA%D7%9F-%D7%A6%D7%95-%D7%9C%D7%A4%D7%99-%D7%94%D7%97%D7%95%D7%A7-%D7%9C%D7%9E%D7%A0%D7%99%D7%A2%D7%AA-%D7%90%D7%9C%D7%99%D7%9E%D7%95%D7%AA-%D7%91%D7%9E%D7%A9%D7%A4%D7%97%D7%94-%D7%94%D7%98-58854-11-22,https://jus-tice.co.il/family-law-needs-slug-review/,UNKNOWN,NEEDS_CONTENT_REVIEW,LOW,2,514,301_IF_APPROVED,NO,DRAFT_NOT_EXECUTED,Do not execute before owner approval and final target verification.
https://jus-tice.co.il/%D7%A4%D7%99%D7%A6%D7%95%D7%99-%D7%91%D7%92%D7%99%D7%9F-%D7%90%D7%99%D7%97%D7%95%D7%A8-%D7%91%D7%9E%D7%A1%D7%99%D7%A8%D7%AA-%D7%93%D7%99%D7%A8%D7%94-%D7%9E%D7%A7%D7%91%D7%9C%D7%9F-%D7%AA%D7%90-10300-02-21,https://jus-tice.co.il/real-estate-needs-slug-review/,UNKNOWN,DO_NOT_TOUCH_HIGH_TRAFFIC_URL,HIGH,7,7725,301_IF_APPROVED,NO,DRAFT_NOT_EXECUTED,Do not execute before owner approval and final target verification.
https://jus-tice.co.il/%D7%A4%D7%99%D7%A6%D7%95%D7%99-%D7%92%D7%91%D7%95%D7%94%D7%94-%D7%AA%D7%90%D7%95%D7%A0%D7%AA-%D7%93%D7%A8%D7%9B%D7%99%D7%9D-%D7%97%D7%91%D7%A8%D7%AA-%D7%91%D7%99%D7%98%D7%95%D7%97,https://jus-tice.co.il/car-accident-lawyer/,UNKNOWN,NEEDS_CONTENT_REVIEW,MEDIUM,21,3546,301_IF_APPROVED,NO,DRAFT_NOT_EXECUTED,Do not execute before owner approval and final target verification.
https://jus-tice.co.il/%D7%A4%D7%99%D7%A6%D7%95%D7%99-%D7%9B%D7%A1%D7%A4%D7%99-%D7%91%D7%92%D7%99%D7%9F-%D7%A4%D7%92%D7%99%D7%A2%D7%94-%D7%91%D7%A4%D7%A8%D7%98%D7%99%D7%95%D7%AA-%D7%A6%D7%A4%D7%99%D7%99%D7%94-%D7%95%D7%9E%D7%97%D7%99%D7%A7%D7%94-%D7%A9%D7%9C-%D7%A4%D7%A8%D7%99%D7%98%D7%99%D7%9D-%D7%9E%D7%94%D7%98%D7%9C%D7%A4%D7%95%D7%9F-%D7%9C%D7%9C%D7%90-%D7%A8%D7%A9%D7%95%D7%AA,https://jus-tice.co.il/personal-injury-needs-slug-review/,UNKNOWN,NEEDS_CONTENT_REVIEW,MEDIUM,2,1145,301_IF_APPROVED,NO,DRAFT_NOT_EXECUTED,Do not execute before owner approval and final target verification.
https://jus-tice.co.il/%D7%A4%D7%99%D7%A8%D7%95%D7%A7-%D7%97%D7%91%D7%A8%D7%94-%D7%A8%D7%A9%D7%9D-%D7%94%D7%97%D7%91%D7%A8%D7%95%D7%AA-%D7%9C%D7%9C%D7%90-%D7%A2%D7%95%D7%A8%D7%9A-%D7%93%D7%99%D7%9F-%D7%A4%D7%98%D7%95%D7%A8-%D7%9E%D7%AA%D7%A9%D7%9C%D7%95%D7%9D,UNKNOWN_FINAL_TARGET_NEEDED,UNKNOWN,NEEDS_CLUSTER_CLASSIFICATION,LOW,0,196,301_IF_APPROVED,NO,DRAFT_NOT_EXECUTED,Do not execute before owner approval and final target verification.
https://jus-tice.co.il/%D7%A4%D7%99%D7%A8%D7%95%D7%A7-%D7%A9%D7%95%D7%AA%D7%A4%D7%95%D7%AA-%D7%91%D7%91%D7%99%D7%AA-%D7%9E%D7%92%D7%95%D7%A8%D7%99%D7%9D-%D7%A2%D7%9C-%D7%99%D7%93%D7%99-%D7%91%D7%A0%D7%99-%D7%96%D7%95%D7%92-%D7%9C%D7%A9%D7%A2%D7%91%D7%A8-%D7%91%D7%A0%D7%99%D7%92%D7%95%D7%93-%D7%9C%D7%94%D7%A1%D7%9B%D7%9D-%D7%92%D7%99%D7%A8%D7%95%D7%A9%D7%99%D7%9F-%D7%A9%D7%90%D7%95%D7%A9%D7%A8-%D7%AA%D7%9C%D7%94%D7%9E-15293-03-20,https://jus-tice.co.il/divorce-agreement/,UNKNOWN,NEEDS_CONTENT_REVIEW,MEDIUM,21,4021,301_IF_APPROVED,NO,DRAFT_NOT_EXECUTED,Do not execute before owner approval and final target verification.
https://jus-tice.co.il/%D7%A4%D7%9C%D7%99%D7%9C%D7%99-%D7%A4%D7%95%D7%A8%D7%A0%D7%95%D7%92%D7%A8%D7%A4%D7%99%D7%99%D7%AA-%D7%99%D7%9C%D7%93%D7%99%D7%9D,https://jus-tice.co.il/criminal-law-needs-slug-review/,UNKNOWN,NEEDS_CONTENT_REVIEW,MEDIUM,39,3077,301_IF_APPROVED,NO,DRAFT_NOT_EXECUTED,Do not execute before owner approval and final target verification.
https://jus-tice.co.il/%D7%A4%D7%A1%D7%93-%D7%91%D7%91%D7%A7%D7%A9%D7%AA-%D7%90%D7%91-%D7%9C%D7%94%D7%A4%D7%97%D7%AA%D7%AA-%D7%9E%D7%96%D7%95%D7%A0%D7%95%D7%AA-%D7%91%D7%98%D7%A2%D7%A0%D7%94-%D7%A9%D7%9C-%D7%A9%D7%99%D7%A0%D7%95%D7%99-%D7%A0%D7%A1%D7%99%D7%91%D7%95%D7%AA-%D7%AA%D7%9C%D7%94%D7%9E-35493-10-19,https://jus-tice.co.il/child-support/,UNKNOWN,NEEDS_CONTENT_REVIEW,MEDIUM,12,1483,301_IF_APPROVED,NO,DRAFT_NOT_EXECUTED,Do not execute before owner approval and final target verification.
https://jus-tice.co.il/%D7%A4%D7%A1%D7%93-%D7%91%D7%A0%D7%95%D7%A9%D7%90-%D7%97%D7%95%D7%A4%D7%A9-%D7%94%D7%A2%D7%99%D7%A1%D7%95%D7%A7-%D7%A1%D7%A2%D7%A9-49088-11-18,https://jus-tice.co.il/legal-database-rulings-needs-slug-review/,UNKNOWN,NEEDS_CONTENT_REVIEW,MEDIUM,15,3768,301_IF_APPROVED,NO,DRAFT_NOT_EXECUTED,Do not execute before owner approval and final target verification.
https://jus-tice.co.il/%D7%A4%D7%A1%D7%93-%D7%91%D7%A2%D7%A0%D7%99%D7%99%D7%9F-%D7%9E%D7%96%D7%95%D7%A0%D7%95%D7%AA-%D7%AA%D7%9C%D7%94%D7%9E-21976-01-20,https://jus-tice.co.il/child-support/,UNKNOWN,NEEDS_CONTENT_REVIEW,MEDIUM,11,1153,301_IF_APPROVED,NO,DRAFT_NOT_EXECUTED,Do not execute before owner approval and final target verification.
https://jus-tice.co.il/%D7%A4%D7%A1%D7%93-%D7%91%D7%A2%D7%A0%D7%99%D7%99%D7%9F-%D7%AA%D7%91%D7%99%D7%A2%D7%AA-%D7%A4%D7%99%D7%A6%D7%95%D7%99%D7%99%D7%9D-%D7%9B%D7%A0%D7%92%D7%93-%D7%A8%D7%95%D7%A4%D7%90-%D7%A9%D7%99%D7%A0%D7%99%D7%99%D7%9D-%D7%AA%D7%90-9109-12-19,https://jus-tice.co.il/medical-malpractice-needs-slug-review/,UNKNOWN,NEEDS_CONTENT_REVIEW,MEDIUM,16,2876,301_IF_APPROVED,NO,DRAFT_NOT_EXECUTED,Do not execute before owner approval and final target verification.
https://jus-tice.co.il/%D7%A4%D7%A1%D7%93-%D7%91%D7%A9%D7%AA%D7%99-%D7%AA%D7%95%D7%91%D7%A2%D7%A0%D7%95%D7%AA-%D7%91%D7%A0%D7%95%D7%A9%D7%90-%D7%92%D7%91%D7%99%D7%99%D7%AA-%D7%9E%D7%96%D7%95%D7%A0%D7%95%D7%AA-%D7%95%D7%91%D7%99%D7%98%D7%95%D7%9C-%D7%94%D7%A1%D7%9B%D7%9D-%D7%97%D7%9C%D7%95%D7%A7%D7%AA-%D7%A2%D7%99%D7%96%D7%91%D7%95%D7%9F,https://jus-tice.co.il/child-support/,UNKNOWN,NEEDS_CONTENT_REVIEW,MEDIUM,14,781,301_IF_APPROVED,NO,DRAFT_NOT_EXECUTED,Do not execute before owner approval and final target verification.
https://jus-tice.co.il/%D7%A4%D7%A1%D7%93-%D7%91%D7%AA%D7%91%D7%99%D7%A2%D7%94-%D7%91%D7%99%D7%9F-%D7%90%D7%97%D7%99%D7%9D-%D7%A2%D7%9C-%D7%A8%D7%A7%D7%A2-%D7%A2%D7%96%D7%91%D7%95%D7%9F-%D7%90%D7%9E%D7%9D-%D7%AA%D7%9E%D7%A9-12532-05-20,https://jus-tice.co.il/legal-database-rulings-needs-slug-review/,UNKNOWN,NEEDS_CONTENT_REVIEW,MEDIUM,26,3296,301_IF_APPROVED,NO,DRAFT_NOT_EXECUTED,Do not execute before owner approval and final target verification.
https://jus-tice.co.il/%D7%A4%D7%A1%D7%93-%D7%91%D7%AA%D7%91%D7%99%D7%A2%D7%94-%D7%A0%D7%92%D7%93-%D7%98%D7%A8%D7%9D-%D7%A8%D7%A9%D7%AA-%D7%9E%D7%A8%D7%9B%D7%96%D7%99%D7%9D-%D7%9C%D7%A8%D7%A4%D7%95%D7%90%D7%94-%D7%93%D7%97%D7%95%D7%A4%D7%94-%D7%A2%D7%9C-%D7%A8%D7%A9%D7%9C%D7%A0%D7%95%D7%AA-%D7%A8%D7%A4%D7%95%D7%90%D7%99%D7%AA-%D7%A9%D7%94%D7%95%D7%91%D7%99%D7%9C%D7%94-%D7%9C%D7%A4%D7%98%D7%99%D7%A8%D7%AA%D7%94-%D7%A9%D7%9C-%D7%90%D7%9D-%D7%95%D7%94%D7%A2%D7%95%D7%91%D7%A8-%D7%A9%D7%A0%D7%A9%D7%90%D7%94-%D7%91%D7%A8%D7%97%D7%9E,https://jus-tice.co.il/medical-malpractice-lawyer/,UNKNOWN,NEEDS_CONTENT_REVIEW,LOW,5,129,301_IF_APPROVED,NO,DRAFT_NOT_EXECUTED,Do not execute before owner approval and final target verification.
https://jus-tice.co.il/%D7%A4%D7%A1%D7%93-%D7%91%D7%AA%D7%91%D7%99%D7%A2%D7%AA-%D7%94%D7%93%D7%99%D7%91%D7%94-%D7%A9%D7%9C-%D7%9E%D7%A0%D7%99-%D7%A0%D7%A4%D7%AA%D7%9C%D7%99-%D7%AA%D7%90-56442-02-15,https://jus-tice.co.il/legal-database-rulings-needs-slug-review/,UNKNOWN,NEEDS_CONTENT_REVIEW,LOW,6,668,301_IF_APPROVED,NO,DRAFT_NOT_EXECUTED,Do not execute before owner approval and final target verification.
https://jus-tice.co.il/%D7%A4%D7%A1%D7%93-%D7%91%D7%AA%D7%91%D7%99%D7%A2%D7%AA-%D7%A4%D7%99%D7%A6%D7%95%D7%99%D7%99%D7%9D-%D7%91%D7%92%D7%99%D7%9F-%D7%A0%D7%96%D7%A7%D7%99-%D7%92%D7%95%D7%A3-%D7%AA%D7%90-30014-02-17,https://jus-tice.co.il/personal-injury-needs-slug-review/,UNKNOWN,NEEDS_CONTENT_REVIEW,LOW,7,277,301_IF_APPROVED,NO,DRAFT_NOT_EXECUTED,Do not execute before owner approval and final target verification.
https://jus-tice.co.il/%D7%A4%D7%A1%D7%93-%D7%91%D7%AA%D7%95%D7%91%D7%A2%D7%A0%D7%95%D7%AA-%D7%91%D7%92%D7%99%D7%9F-%D7%9C%D7%A9%D7%95%D7%9F-%D7%94%D7%A8%D7%A2-%D7%AA%D7%91%D7%99%D7%A2%D7%94-%D7%9C%D7%94%D7%A9%D7%91%D7%94-%D7%95%D7%AA%D7%91%D7%99%D7%A2%D7%94-%D7%9B%D7%A1%D7%A4%D7%99%D7%AA-%D7%91%D7%99%D7%9F-%D7%91%D7%A0%D7%99-%D7%96%D7%95%D7%92-%D7%9C%D7%A9%D7%A2%D7%91%D7%A8-%D7%AA%D7%9E%D7%A9-12289-07-21,https://jus-tice.co.il/legal-database-rulings-needs-slug-review/,UNKNOWN,NEEDS_CONTENT_REVIEW,MEDIUM,6,2447,301_IF_APPROVED,NO,DRAFT_NOT_EXECUTED,Do not execute before owner approval and final target verification.
https://jus-tice.co.il/%D7%A4%D7%A1%D7%93-%D7%93%D7%97%D7%99%D7%99%D7%AA-%D7%91%D7%A7%D7%A9%D7%94-%D7%9C%D7%91%D7%99%D7%98%D7%95%D7%9C-%D7%A6%D7%95-%D7%99%D7%A8%D7%95%D7%A9%D7%94-%D7%91%D7%92%D7%9C%D7%9C-%D7%A6%D7%95%D7%95%D7%90%D7%94-%D7%A9%D7%A0%D7%9E%D7%A6%D7%90%D7%94-%D7%9C%D7%90%D7%97%D7%A8-%D7%A9%D7%A0%D7%99%D7%9D-%D7%A8%D7%91%D7%95%D7%AA-491180-3-%D7%91%D7%99%D7%94%D7%93-%D7%97%D7%99%D7%A4%D7%94,https://jus-tice.co.il/will/,UNKNOWN,NEEDS_CONTENT_REVIEW,MEDIUM,3,1160,301_IF_APPROVED,NO,DRAFT_NOT_EXECUTED,Do not execute before owner approval and final target verification.
https://jus-tice.co.il/%D7%A4%D7%A1%D7%93-%D7%94%D7%A1%D7%93%D7%A8-%D7%A8%D7%99%D7%A9%D7%95%D7%9D-%D7%9E%D7%A7%D7%A8%D7%A7%D7%A2%D7%99%D7%9F-%D7%91%D7%A1%D7%9B%D7%A1%D7%95%D7%9A-%D7%9E%D7%A9%D7%A4%D7%97%D7%94-%D7%AA%D7%9E%D7%A9-28997-05-16,https://jus-tice.co.il/family-law-needs-slug-review/,UNKNOWN,NEEDS_CONTENT_REVIEW,LOW,8,621,301_IF_APPROVED,NO,DRAFT_NOT_EXECUTED,Do not execute before owner approval and final target verification.
https://jus-tice.co.il/%D7%A4%D7%A1%D7%93-%D7%94%D7%A4%D7%A1%D7%93-%D7%9B%D7%AA%D7%95%D7%91%D7%94-%D7%91%D7%90%D7%99%D7%A9%D7%94-%D7%A9%D7%99%D7%96%D7%9E%D7%94-%D7%90%D7%AA-%D7%94%D7%92%D7%99%D7%A8%D7%95%D7%A9%D7%99%D7%9F-1236570-2-%D7%91%D7%99%D7%94%D7%93-%D7%97%D7%99%D7%A4%D7%94,https://jus-tice.co.il/family-law-needs-slug-review/,UNKNOWN,NEEDS_CONTENT_REVIEW,LOW,5,239,301_IF_APPROVED,NO,DRAFT_NOT_EXECUTED,Do not execute before owner approval and final target verification.
https://jus-tice.co.il/%D7%A4%D7%A1%D7%93-%D7%97%D7%99%D7%95%D7%91-%D7%92%D7%98-%D7%91%D7%92%D7%99%D7%9F-%D7%9E%D7%90%D7%99%D7%A1%D7%95%D7%AA-%D7%90%D7%99%D7%A9%D7%94-%D7%91%D7%91%D7%A2%D7%9C-%D7%A4%D7%99%D7%A8%D7%95%D7%93-%D7%9E%D7%9E%D7%95%D7%A9%D7%9A-%D7%95%D7%9E%D7%A9%D7%A0%D7%99%D7%9B%D7%A8-%D7%9B%D7%99-%D7%A4%D7%A0%D7%99-%D7%94%D7%A6%D7%93%D7%93%D7%99%D7%9D-%D7%9C%D7%92%D7%99%D7%A8%D7%95%D7%A9%D7%99%D7%9F-1343730-1-%D7%91%D7%99%D7%94%D7%93-%D7%94%D7%92%D7%93%D7%95%D7%9C,https://jus-tice.co.il/family-law-needs-slug-review/,UNKNOWN,NEEDS_MERGE_REVIEW,MEDIUM,14,811,301_IF_APPROVED,NO,DRAFT_NOT_EXECUTED,Do not execute before owner approval and final target verification.
https://jus-tice.co.il/%D7%A4%D7%A1%D7%93-%D7%9E%D7%A9%D7%9E%D7%95%D7%A8%D7%AA-%D7%9E%D7%A9%D7%95%D7%AA%D7%A4%D7%AA-%D7%94%D7%A8%D7%97%D7%91%D7%AA-%D7%94%D7%A1%D7%93%D7%A8%D7%99-%D7%A9%D7%94%D7%95%D7%AA-%D7%9C%D7%90%D7%91-1244887-2,https://jus-tice.co.il/child-custody/,UNKNOWN,NEEDS_CONTENT_REVIEW,MEDIUM,13,3253,301_IF_APPROVED,NO,DRAFT_NOT_EXECUTED,Do not execute before owner approval and final target verification.
https://jus-tice.co.il/%D7%A4%D7%A1%D7%93-%D7%A1%D7%99%D7%93%D7%95%D7%A8-%D7%92%D7%98-%D7%9C%D7%A4%D7%A0%D7%99-%D7%94%D7%9B%D7%A8%D7%A2%D7%94-%D7%91%D7%AA%D7%91%D7%99%D7%A2%D7%95%D7%AA-%D7%94%D7%A6%D7%93%D7%93%D7%99%D7%9D-37883-9-%D7%91%D7%99%D7%94%D7%93-%D7%90%D7%A9%D7%93%D7%95%D7%93,https://jus-tice.co.il/legal-database-rulings-needs-slug-review/,UNKNOWN,NEEDS_CONTENT_REVIEW,MEDIUM,32,654,301_IF_APPROVED,NO,DRAFT_NOT_EXECUTED,Do not execute before owner approval and final target verification.
https://jus-tice.co.il/%D7%A4%D7%A1%D7%93-%D7%A7%D7%91%D7%9C%D7%AA-%D7%98%D7%A2%D7%A0%D7%AA-%D7%90%D7%99%D7%A9%D7%94-%D7%91%D7%A2%D7%A0%D7%99%D7%99%D7%9F-%D7%9B%D7%95%D7%95%D7%A0%D7%AA-%D7%A9%D7%99%D7%AA%D7%95%D7%A3-%D7%A1%D7%A4%D7%A6%D7%99%D7%A4%D7%99-%D7%91%D7%A8%D7%91%D7%A2-%D7%93%D7%99%D7%A8%D7%94-%D7%A2%D7%9E%D7%A9-65410-11-21,https://jus-tice.co.il/real-estate-needs-slug-review/,UNKNOWN,NEEDS_CONTENT_REVIEW,LOW,4,228,301_IF_APPROVED,NO,DRAFT_NOT_EXECUTED,Do not execute before owner approval and final target verification.
https://jus-tice.co.il/%D7%A4%D7%A1%D7%93-%D7%A9%D7%A2%D7%A0%D7%99%D7%99%D7%A0%D7%95-%D7%9E%D7%99%D7%A0%D7%95%D7%99-%D7%9E%D7%A0%D7%94%D7%9C-%D7%A2%D7%99%D7%96%D7%91%D7%95%D7%9F-%D7%96%D7%9E%D7%A0%D7%99-%D7%91%D7%9E%D7%A7%D7%95%D7%9D-%D7%A7%D7%91%D7%95%D7%A2-%D7%A2%D7%9E%D7%A9-48305-12-21,https://jus-tice.co.il/legal-database-rulings-needs-slug-review/,UNKNOWN,NEEDS_CONTENT_REVIEW,MEDIUM,15,1552,301_IF_APPROVED,NO,DRAFT_NOT_EXECUTED,Do not execute before owner approval and final target verification.
https://jus-tice.co.il/%D7%A4%D7%A1%D7%93-%D7%AA%D7%91%D7%99%D7%A2%D7%94-%D7%9C%D7%AA%D7%A9%D7%9C%D7%95%D7%9D-%D7%A4%D7%99%D7%A6%D7%95%D7%99%D7%99%D7%9D-%D7%91%D7%A9%D7%9C-%D7%A0%D7%96%D7%A7%D7%99-%D7%92%D7%95%D7%A3-%D7%A9%D7%A0%D7%92%D7%A8%D7%9E%D7%95-%D7%91%D7%A9%D7%9C-%D7%AA%D7%90%D7%95%D7%A0%D7%AA-%D7%93%D7%A8%D7%9B%D7%99%D7%9D,https://jus-tice.co.il/car-accident-lawyer/,UNKNOWN,DO_NOT_TOUCH_HIGH_TRAFFIC_URL,HIGH,41,5546,301_IF_APPROVED,NO,DRAFT_NOT_EXECUTED,Do not execute before owner approval and final target verification.
https://jus-tice.co.il/%D7%A4%D7%A1%D7%93-%D7%AA%D7%91%D7%99%D7%A2%D7%AA-%D7%92%D7%99%D7%A8%D7%95%D7%A9%D7%99%D7%9F-%D7%95%D7%9B%D7%AA%D7%95%D7%91%D7%94-%D7%91%D7%90%D7%99%D7%A9%D7%94-%D7%A9%D7%A7%D7%99%D7%99%D7%9E%D7%94-%D7%99%D7%97%D7%A1%D7%99-%D7%90%D7%99%D7%A9%D7%95%D7%AA-%D7%A2%D7%9D-%D7%92%D7%91%D7%A8%D7%99%D7%9D-%D7%96%D7%A8%D7%99%D7%9D-%D7%91%D7%A0%D7%95%D7%9B%D7%97%D7%95%D7%AA-%D7%91%D7%A2%D7%9C%D7%94-1242579-2-%D7%91%D7%99%D7%94%D7%93-%D7%A8%D7%97%D7%95%D7%91%D7%95%D7%AA,https://jus-tice.co.il/consensual-divorce/,UNKNOWN,NEEDS_CONTENT_REVIEW,LOW,3,185,301_IF_APPROVED,NO,DRAFT_NOT_EXECUTED,Do not execute before owner approval and final target verification.
https://jus-tice.co.il/%D7%A4%D7%A1%D7%99%D7%9C%D7%AA-%D7%93%D7%99%D7%99%D7%9F-%D7%91%D7%91%D7%99%D7%AA-%D7%93%D7%99%D7%9F-%D7%A8%D7%91%D7%A0%D7%99,UNKNOWN_FINAL_TARGET_NEEDED,UNKNOWN,NEEDS_CLUSTER_CLASSIFICATION,MEDIUM,15,204,301_IF_APPROVED,NO,DRAFT_NOT_EXECUTED,Do not execute before owner approval and final target verification.
https://jus-tice.co.il/%D7%A4%D7%A1%D7%99%D7%A7%D7%94-%D7%AA%D7%91%D7%99%D7%A2%D7%95%D7%AA-%D7%A8%D7%9B%D7%95%D7%A9-%D7%9E%D7%A9%D7%9E%D7%95%D7%A8%D7%AA-%D7%95%D7%9E%D7%96%D7%95%D7%A0%D7%95%D7%AA-%D7%9C%D7%99%D7%93%D7%95%D7%A2%D7%99%D7%9D-%D7%91%D7%A6%D7%99%D7%91%D7%95%D7%A8,https://jus-tice.co.il/child-support/,UNKNOWN,NEEDS_CONTENT_REVIEW,LOW,3,757,301_IF_APPROVED,NO,DRAFT_NOT_EXECUTED,Do not execute before owner approval and final target verification.
https://jus-tice.co.il/%D7%A4%D7%A1%D7%99%D7%A7%D7%AA-%D7%A4%D7%99%D7%A6%D7%95%D7%99-%D7%9B%D7%A1%D7%A4%D7%99-%D7%9C%D7%A2%D7%96%D7%91%D7%95%D7%9F-%D7%9E%D7%A0%D7%95%D7%97-%D7%A9%D7%98%D7%91%D7%A2-%D7%91%D7%97%D7%95%D7%A3-%D7%94%D7%99%D7%9D-%D7%91%D7%90%D7%A9%D7%93%D7%95%D7%93,UNKNOWN_FINAL_TARGET_NEEDED,UNKNOWN,NEEDS_CLUSTER_CLASSIFICATION,LOW,2,43,301_IF_APPROVED,NO,DRAFT_NOT_EXECUTED,Do not execute before owner approval and final target verification.
https://jus-tice.co.il/%D7%A4%D7%A1%D7%A7-%D7%93%D7%99%D7%9F-%D7%91%D7%A0%D7%95%D7%A9%D7%90-%D7%94%D7%A8%D7%9E%D7%AA-%D7%9E%D7%A1%D7%9A-%D7%A1%D7%A2%D7%A9-12385-08-16,https://jus-tice.co.il/employment-law-needs-slug-review/,UNKNOWN,NEEDS_CONTENT_REVIEW,MEDIUM,14,979,301_IF_APPROVED,NO,DRAFT_NOT_EXECUTED,Do not execute before owner approval and final target verification.
https://jus-tice.co.il/%D7%A4%D7%A1%D7%A7-%D7%93%D7%99%D7%9F-%D7%91%D7%A2%D7%A0%D7%99%D7%99%D7%9F-%D7%9E%D7%97%D7%9C%D7%95%D7%A7%D7%AA-%D7%A6%D7%A8%D7%9B%D7%A0%D7%99%D7%AA-%D7%91%D7%99%D7%9F-%D7%A6%D7%93%D7%93%D7%99%D7%9D-%D7%91%D7%A9%D7%9C-%D7%A8%D7%9B%D7%99%D7%A9%D7%AA-%D7%9E%D7%A9%D7%A7%D7%A4%D7%99-%D7%A8%D7%90%D7%99%D7%94,https://jus-tice.co.il/legal-database-rulings-needs-slug-review/,UNKNOWN,NEEDS_CONTENT_REVIEW,MEDIUM,13,637,301_IF_APPROVED,NO,DRAFT_NOT_EXECUTED,Do not execute before owner approval and final target verification.
https://jus-tice.co.il/%D7%A4%D7%A1%D7%A7-%D7%93%D7%99%D7%9F-%D7%91%D7%AA%D7%91%D7%99%D7%A2%D7%94-%D7%9C%D7%94%D7%97%D7%96%D7%A8-%D7%94%D7%9C%D7%95%D7%95%D7%90%D7%94-%D7%AA%D7%90-5122-10-19,https://jus-tice.co.il/legal-database-rulings-needs-slug-review/,UNKNOWN,NEEDS_CONTENT_REVIEW,MEDIUM,12,287,301_IF_APPROVED,NO,DRAFT_NOT_EXECUTED,Do not execute before owner approval and final target verification.
https://jus-tice.co.il/%D7%A4%D7%A1%D7%A7-%D7%93%D7%99%D7%9F-%D7%91%D7%AA%D7%91%D7%99%D7%A2%D7%95%D7%AA-%D7%A8%D7%9B%D7%95%D7%A9%D7%99%D7%95%D7%AA-%D7%91%D7%99%D7%9F-%D7%91%D7%A0%D7%99-%D7%96%D7%95%D7%92-%D7%AA%D7%9C%D7%94%D7%9E-32773-02-17-%D7%AA%D7%9C%D7%94%D7%9E-548840-04-18,https://jus-tice.co.il/legal-database-rulings-needs-slug-review/,UNKNOWN,NEEDS_CONTENT_REVIEW,LOW,3,633,301_IF_APPROVED,NO,DRAFT_NOT_EXECUTED,Do not execute before owner approval and final target verification.
https://jus-tice.co.il/%D7%A4%D7%A1%D7%A7-%D7%93%D7%99%D7%9F-%D7%94%D7%A6%D7%94%D7%A8%D7%AA%D7%99-%D7%91%D7%A0%D7%95%D7%92%D7%A2-%D7%9C%D7%9E%D7%97%D7%A6%D7%99%D7%AA-%D7%9E%D7%94%D7%96%D7%9B%D7%95%D7%99%D7%95%D7%AA-%D7%91%D7%91%D7%99%D7%AA-%D7%95%D7%91%D7%A7%D7%A8%D7%A7%D7%A2-%D7%AA%D7%9E%D7%A9-35298-10-19,https://jus-tice.co.il/legal-database-rulings-needs-slug-review/,UNKNOWN,NEEDS_CONTENT_REVIEW,MEDIUM,18,2108,301_IF_APPROVED,NO,DRAFT_NOT_EXECUTED,Do not execute before owner approval and final target verification.
https://jus-tice.co.il/%D7%A4%D7%A1%D7%A7-%D7%93%D7%99%D7%9F-%D7%AA%D7%A2%D7%91%D7%95%D7%A8%D7%94-%D7%A2%D7%99%D7%9F-%D7%94%D7%A0%D7%A5-%D7%A7%D7%91%D7%99%D7%9C%D7%95%D7%AA-%D7%95%D7%97%D7%95%D7%A7%D7%99%D7%95%D7%AA-%D7%A8%D7%90%D7%99%D7%95%D7%AA-%D7%A9%D7%94%D7%95%D7%A0%D7%A4%D7%A7%D7%95-%D7%9E%D7%94%D7%9E%D7%A2%D7%A8%D7%9B%D7%AA,https://jus-tice.co.il/traffic-lawyer/,UNKNOWN,NEEDS_CONTENT_REVIEW,MEDIUM,17,988,301_IF_APPROVED,NO,DRAFT_NOT_EXECUTED,Do not execute before owner approval and final target verification.
https://jus-tice.co.il/%D7%A6%D7%91%D7%99%D7%90%D7%9C%D7%99-%D7%A0-%D7%A2%D7%99%D7%A8%D7%99%D7%99%D7%AA-%D7%AA%D7%9C-%D7%90%D7%91%D7%99%D7%91-%D7%9E%D7%A1%D7%9E%D7%9A-%D7%94%D7%A0%D7%97%D7%99%D7%95%D7%AA-%D7%9B%D7%99%D7%9B%D7%A8-%D7%90%D7%AA%D7%A8%D7%99%D7%9D-%D7%A4%D7%A1%D7%A7-%D7%93%D7%99%D7%9F,https://jus-tice.co.il/medical-malpractice-needs-slug-review/,UNKNOWN,NEEDS_CONTENT_REVIEW,LOW,4,545,301_IF_APPROVED,NO,DRAFT_NOT_EXECUTED,Do not execute before owner approval and final target verification.
https://jus-tice.co.il/%D7%A6%D7%95-%D7%91%D7%99%D7%AA-%D7%9E%D7%A9%D7%A4%D7%98-%D7%9C%D7%94%D7%A9%D7%91%D7%AA-%D7%A0%D7%A9%D7%A7-%D7%90%D7%99%D7%A9%D7%99,UNKNOWN_FINAL_TARGET_NEEDED,UNKNOWN,NEEDS_CLUSTER_CLASSIFICATION,MEDIUM,14,2269,301_IF_APPROVED,NO,DRAFT_NOT_EXECUTED,Do not execute before owner approval and final target verification.
https://jus-tice.co.il/%D7%A6%D7%95-%D7%94%D7%92%D7%A0%D7%94-%D7%91%D7%99%D7%97%D7%A1-%D7%9C%D7%9E%D7%A9%D7%99%D7%91-%D7%A9%D7%A4%D7%A8%D7%A0%D7%A1%D7%AA%D7%95-%D7%93%D7%95%D7%A8%D7%A9%D7%AA-%D7%A0%D7%A9%D7%99%D7%90%D7%AA-%D7%A0%D7%A9%D7%A7,UNKNOWN_FINAL_TARGET_NEEDED,UNKNOWN,NEEDS_CLUSTER_CLASSIFICATION,LOW,9,830,301_IF_APPROVED,NO,DRAFT_NOT_EXECUTED,Do not execute before owner approval and final target verification.
https://jus-tice.co.il/%D7%A6%D7%95-%D7%99%D7%A8%D7%95%D7%A9%D7%94-%D7%90%D7%95%D7%A0%D7%9C%D7%99%D7%99%D7%9F-%D7%A2%D7%9D-%D7%97%D7%95%D7%AA%D7%9E%D7%AA-%D7%90%D7%A4%D7%95%D7%A1%D7%98%D7%99%D7%9C,https://jus-tice.co.il/inheritance-wills-needs-slug-review/,UNKNOWN,NEEDS_CONTENT_REVIEW,MEDIUM,8,1355,301_IF_APPROVED,NO,DRAFT_NOT_EXECUTED,Do not execute before owner approval and final target verification.
https://jus-tice.co.il/%D7%A6%D7%95-%D7%9E%D7%A0%D7%99%D7%A2%D7%94-%D7%96%D7%9E%D7%A0%D7%99-%D7%9C%D7%9E%D7%A0%D7%99%D7%A2%D7%AA-%D7%93%D7%99%D7%A1%D7%A4%D7%95%D7%96%D7%99%D7%A6%D7%99%D7%94-%D7%91%D7%9E%D7%A0%D7%99%D7%95%D7%AA,UNKNOWN_FINAL_TARGET_NEEDED,UNKNOWN,DO_NOT_TOUCH_HIGH_TRAFFIC_URL,HIGH,62,1298,301_IF_APPROVED,NO,DRAFT_NOT_EXECUTED,Do not execute before owner approval and final target verification.
https://jus-tice.co.il/%D7%A6%D7%95-%D7%9E%D7%A2%D7%A6%D7%A8-%D7%90%D7%99%D7%A8%D7%95%D7%A4%D7%99,https://jus-tice.co.il/pretrial-detention/,UNKNOWN,NEEDS_CONTENT_REVIEW,MEDIUM,8,1494,301_IF_APPROVED,NO,DRAFT_NOT_EXECUTED,Do not execute before owner approval and final target verification.
https://jus-tice.co.il/%D7%A7%D7%91%D7%99%D7%A2%D7%AA-%D7%92%D7%95%D7%91%D7%94-%D7%94%D7%9E%D7%96%D7%95%D7%A0%D7%95%D7%AA-%D7%91%D7%94%D7%AA%D7%90%D7%9D-%D7%9C%D7%9B%D7%95%D7%A9%D7%A8-%D7%94%D7%94%D7%A9%D7%AA%D7%9B%D7%A8%D7%95%D7%AA-%D7%95%D7%9C%D7%90-%D7%A8%D7%A7-%D7%9C%D7%92%D7%95%D7%91%D7%94-%D7%94%D7%94%D7%A9%D7%AA%D7%9B%D7%A8%D7%95%D7%AA-%D7%91%D7%A4%D7%95%D7%A2%D7%9C,https://jus-tice.co.il/child-support/,UNKNOWN,NEEDS_MERGE_REVIEW,LOW,4,662,301_IF_APPROVED,NO,DRAFT_NOT_EXECUTED,Do not execute before owner approval and final target verification.
https://jus-tice.co.il/%D7%A7%D7%91%D7%99%D7%A2%D7%AA-%D7%9E%D7%95%D7%A2%D7%93-%D7%94%D7%A7%D7%A8%D7%A2-%D7%9C%D7%A2%D7%A0%D7%99%D7%99%D7%9F-%D7%90%D7%99%D7%96%D7%95%D7%9F-%D7%94%D7%9E%D7%A9%D7%90%D7%91%D7%99%D7%9D-%D7%91%D7%99%D7%9F-%D7%91%D7%A0%D7%99-%D7%96%D7%95%D7%92-%D7%AA%D7%9C%D7%94%D7%9E-18194-04-22,UNKNOWN_FINAL_TARGET_NEEDED,UNKNOWN,NEEDS_CLUSTER_CLASSIFICATION,MEDIUM,14,2503,301_IF_APPROVED,NO,DRAFT_NOT_EXECUTED,Do not execute before owner approval and final target verification.
https://jus-tice.co.il/%D7%A7%D7%98%D7%92%D7%95%D7%A8%D7%99%D7%95%D7%AA-%D7%9E%D7%90%D7%9E%D7%A8%D7%99%D7%9D/%D7%90%D7%99%D7%9B%D7%95%D7%AA-%D7%A1%D7%91%D7%99%D7%91%D7%94,UNKNOWN_FINAL_TARGET_NEEDED,UNKNOWN,NEEDS_CLUSTER_CLASSIFICATION,LOW,0,100,301_IF_APPROVED,NO,DRAFT_NOT_EXECUTED,Do not execute before owner approval and final target verification.
https://jus-tice.co.il/%D7%A7%D7%98%D7%92%D7%95%D7%A8%D7%99%D7%95%D7%AA-%D7%9E%D7%90%D7%9E%D7%A8%D7%99%D7%9D/%D7%91%D7%99%D7%98%D7%95%D7%97,UNKNOWN_FINAL_TARGET_NEEDED,UNKNOWN,NEEDS_CLUSTER_CLASSIFICATION,LOW,0,343,301_IF_APPROVED,NO,DRAFT_NOT_EXECUTED,Do not execute before owner approval and final target verification.
https://jus-tice.co.il/%D7%A7%D7%98%D7%92%D7%95%D7%A8%D7%99%D7%95%D7%AA-%D7%9E%D7%90%D7%9E%D7%A8%D7%99%D7%9D/%D7%91%D7%9C%D7%95%D7%A7%D7%A6%D7%99%D7%99%D7%9F-%D7%95%D7%9E%D7%98%D7%91%D7%A2%D7%95%D7%AA-%D7%A7%D7%A8%D7%99%D7%A4%D7%98%D7%95%D7%92%D7%A8%D7%A4%D7%99%D7%9D,UNKNOWN_FINAL_TARGET_NEEDED,UNKNOWN,NEEDS_CLUSTER_CLASSIFICATION,LOW,0,741,301_IF_APPROVED,NO,DRAFT_NOT_EXECUTED,Do not execute before owner approval and final target verification.
https://jus-tice.co.il/%D7%A7%D7%98%D7%92%D7%95%D7%A8%D7%99%D7%95%D7%AA-%D7%9E%D7%90%D7%9E%D7%A8%D7%99%D7%9D/%D7%93%D7%99%D7%A0%D7%99-%D7%9E%D7%A9%D7%A4%D7%97%D7%94/%D7%92%D7%99%D7%A8%D7%95%D7%A9%D7%99%D7%9F/%D7%9E%D7%96%D7%95%D7%A0%D7%95%D7%AA-%D7%99%D7%9C%D7%93%D7%99%D7%9D,https://jus-tice.co.il/child-support/,UNKNOWN,NEEDS_MERGE_REVIEW,LOW,0,76,301_IF_APPROVED,NO,DRAFT_NOT_EXECUTED,Do not execute before owner approval and final target verification.
https://jus-tice.co.il/%D7%A7%D7%98%D7%92%D7%95%D7%A8%D7%99%D7%95%D7%AA-%D7%9E%D7%90%D7%9E%D7%A8%D7%99%D7%9D/%D7%93%D7%99%D7%A0%D7%99-%D7%9E%D7%A9%D7%A4%D7%97%D7%94/%D7%A4%D7%A1%D7%A7%D7%99-%D7%93%D7%99%D7%9F-%D7%92%D7%99%D7%A8%D7%95%D7%A9%D7%99%D7%95-%D7%93%D7%99%D7%A0%D7%99-%D7%9E%D7%A9%D7%A4%D7%97%D7%94-2022,https://jus-tice.co.il/family-law-needs-slug-review/,UNKNOWN,NEEDS_MERGE_REVIEW,MEDIUM,1,1410,301_IF_APPROVED,NO,DRAFT_NOT_EXECUTED,Do not execute before owner approval and final target verification.
https://jus-tice.co.il/%D7%A7%D7%98%D7%92%D7%95%D7%A8%D7%99%D7%95%D7%AA-%D7%9E%D7%90%D7%9E%D7%A8%D7%99%D7%9D/%D7%93%D7%99%D7%A0%D7%99-%D7%9E%D7%A9%D7%A4%D7%97%D7%94/%D7%A4%D7%A1%D7%A7%D7%99-%D7%93%D7%99%D7%9F-%D7%97%D7%A9%D7%95%D7%91%D7%99%D7%9D,UNKNOWN_FINAL_TARGET_NEEDED,UNKNOWN,NEEDS_CLUSTER_CLASSIFICATION,MEDIUM,9,2593,301_IF_APPROVED,NO,DRAFT_NOT_EXECUTED,Do not execute before owner approval and final target verification.
https://jus-tice.co.il/%D7%A7%D7%98%D7%92%D7%95%D7%A8%D7%99%D7%95%D7%AA-%D7%9E%D7%90%D7%9E%D7%A8%D7%99%D7%9D/%D7%93%D7%99%D7%A0%D7%99-%D7%A0%D7%96%D7%99%D7%A7%D7%99%D7%9F,https://jus-tice.co.il/personal-injury-needs-slug-review/,UNKNOWN,NEEDS_CONTENT_REVIEW,MEDIUM,11,4626,301_IF_APPROVED,NO,DRAFT_NOT_EXECUTED,Do not execute before owner approval and final target verification.
https://jus-tice.co.il/%D7%A7%D7%98%D7%92%D7%95%D7%A8%D7%99%D7%95%D7%AA-%D7%9E%D7%90%D7%9E%D7%A8%D7%99%D7%9D/%D7%93%D7%99%D7%A0%D7%99-%D7%A0%D7%96%D7%99%D7%A7%D7%99%D7%9F/%D7%A2%D7%95%D7%93-%D7%A0%D7%96%D7%99%D7%A7%D7%99%D7%9F-%D7%A4%D7%A1%D7%A7%D7%99-%D7%93%D7%99%D7%9F,https://jus-tice.co.il/personal-injury-needs-slug-review/,UNKNOWN,NEEDS_MERGE_REVIEW,LOW,0,5,301_IF_APPROVED,NO,DRAFT_NOT_EXECUTED,Do not execute before owner approval and final target verification.
https://jus-tice.co.il/%D7%A7%D7%98%D7%92%D7%95%D7%A8%D7%99%D7%95%D7%AA-%D7%9E%D7%90%D7%9E%D7%A8%D7%99%D7%9D/%D7%93%D7%99%D7%A0%D7%99-%D7%AA%D7%A2%D7%91%D7%95%D7%A8%D7%94,https://jus-tice.co.il/traffic-law-needs-slug-review/,UNKNOWN,NEEDS_CONTENT_REVIEW,MEDIUM,0,1116,301_IF_APPROVED,NO,DRAFT_NOT_EXECUTED,Do not execute before owner approval and final target verification.
https://jus-tice.co.il/%D7%A7%D7%98%D7%92%D7%95%D7%A8%D7%99%D7%95%D7%AA-%D7%9E%D7%90%D7%9E%D7%A8%D7%99%D7%9D/%D7%93%D7%99%D7%A0%D7%99-%D7%AA%D7%A7%D7%A9%D7%95%D7%A8%D7%AA,UNKNOWN_FINAL_TARGET_NEEDED,UNKNOWN,NEEDS_CLUSTER_CLASSIFICATION,LOW,0,5,301_IF_APPROVED,NO,DRAFT_NOT_EXECUTED,Do not execute before owner approval and final target verification.
https://jus-tice.co.il/%D7%A7%D7%98%D7%92%D7%95%D7%A8%D7%99%D7%95%D7%AA-%D7%9E%D7%90%D7%9E%D7%A8%D7%99%D7%9D/%D7%97%D7%93%D7%9C%D7%95%D7%AA-%D7%A4%D7%99%D7%A8%D7%A2%D7%95%D7%9F,UNKNOWN_FINAL_TARGET_NEEDED,UNKNOWN,NEEDS_CLUSTER_CLASSIFICATION,LOW,0,1,301_IF_APPROVED,NO,DRAFT_NOT_EXECUTED,Do not execute before owner approval and final target verification.
https://jus-tice.co.il/%D7%A7%D7%98%D7%92%D7%95%D7%A8%D7%99%D7%95%D7%AA-%D7%9E%D7%90%D7%9E%D7%A8%D7%99%D7%9D/%D7%99%D7%A8%D7%95%D7%A9%D7%95%D7%AA-%D7%95%D7%A6%D7%95%D7%95%D7%90%D7%95%D7%AA,UNKNOWN_FINAL_TARGET_NEEDED,UNKNOWN,NEEDS_CLUSTER_CLASSIFICATION,LOW,0,653,301_IF_APPROVED,NO,DRAFT_NOT_EXECUTED,Do not execute before owner approval and final target verification.
https://jus-tice.co.il/%D7%A7%D7%98%D7%92%D7%95%D7%A8%D7%99%D7%95%D7%AA-%D7%9E%D7%90%D7%9E%D7%A8%D7%99%D7%9D/%D7%9B%D7%A0%D7%A1%D7%AA-%D7%99%D7%A9%D7%A8%D7%90%D7%9C,UNKNOWN_FINAL_TARGET_NEEDED,UNKNOWN,NEEDS_MERGE_REVIEW,LOW,0,6,301_IF_APPROVED,NO,DRAFT_NOT_EXECUTED,Do not execute before owner approval and final target verification.
https://jus-tice.co.il/%D7%A7%D7%98%D7%92%D7%95%D7%A8%D7%99%D7%95%D7%AA-%D7%9E%D7%90%D7%9E%D7%A8%D7%99%D7%9D/%D7%9C%D7%A9%D7%95%D7%9F-%D7%94%D7%A8%D7%A2,https://jus-tice.co.il/legal-database-rulings-needs-slug-review/,UNKNOWN,NEEDS_MERGE_REVIEW,LOW,0,67,301_IF_APPROVED,NO,DRAFT_NOT_EXECUTED,Do not execute before owner approval and final target verification.
https://jus-tice.co.il/%D7%A7%D7%98%D7%92%D7%95%D7%A8%D7%99%D7%95%D7%AA-%D7%9E%D7%90%D7%9E%D7%A8%D7%99%D7%9D/%D7%9E%D7%99%D7%A1%D7%99%D7%9D,UNKNOWN_FINAL_TARGET_NEEDED,UNKNOWN,NEEDS_CLUSTER_CLASSIFICATION,LOW,0,328,301_IF_APPROVED,NO,DRAFT_NOT_EXECUTED,Do not execute before owner approval and final target verification.
https://jus-tice.co.il/%D7%A7%D7%98%D7%92%D7%95%D7%A8%D7%99%D7%95%D7%AA-%D7%9E%D7%90%D7%9E%D7%A8%D7%99%D7%9D/%D7%9E%D7%A1%D7%97%D7%A8%D7%99-%D7%90%D7%96%D7%A8%D7%97%D7%99,https://jus-tice.co.il/tax-law-needs-slug-review/,UNKNOWN,NEEDS_CONTENT_REVIEW,LOW,0,4,301_IF_APPROVED,NO,DRAFT_NOT_EXECUTED,Do not execute before owner approval and final target verification.
https://jus-tice.co.il/%D7%A7%D7%98%D7%92%D7%95%D7%A8%D7%99%D7%95%D7%AA-%D7%9E%D7%90%D7%9E%D7%A8%D7%99%D7%9D/%D7%9E%D7%A1%D7%97%D7%A8%D7%99-%D7%90%D7%96%D7%A8%D7%97%D7%99/%D7%A8%D7%99%D7%A9%D7%95%D7%99-%D7%A2%D7%A1%D7%A7%D7%99%D7%9D,UNKNOWN_FINAL_TARGET_NEEDED,UNKNOWN,NEEDS_CLUSTER_CLASSIFICATION,LOW,0,15,301_IF_APPROVED,NO,DRAFT_NOT_EXECUTED,Do not execute before owner approval and final target verification.
https://jus-tice.co.il/%D7%A7%D7%98%D7%92%D7%95%D7%A8%D7%99%D7%95%D7%AA-%D7%9E%D7%90%D7%9E%D7%A8%D7%99%D7%9D/%D7%9E%D7%A9%D7%A4%D7%98-%D7%99%D7%9E%D7%99,UNKNOWN_FINAL_TARGET_NEEDED,UNKNOWN,NEEDS_CLUSTER_CLASSIFICATION,LOW,0,77,301_IF_APPROVED,NO,DRAFT_NOT_EXECUTED,Do not execute before owner approval and final target verification.
https://jus-tice.co.il/%D7%A7%D7%98%D7%92%D7%95%D7%A8%D7%99%D7%95%D7%AA-%D7%9E%D7%90%D7%9E%D7%A8%D7%99%D7%9D/%D7%9E%D7%A9%D7%A4%D7%98-%D7%9E%D7%A0%D7%94%D7%9C%D7%99,UNKNOWN_FINAL_TARGET_NEEDED,UNKNOWN,NEEDS_CLUSTER_CLASSIFICATION,LOW,0,85,301_IF_APPROVED,NO,DRAFT_NOT_EXECUTED,Do not execute before owner approval and final target verification.
https://jus-tice.co.il/%D7%A7%D7%98%D7%92%D7%95%D7%A8%D7%99%D7%95%D7%AA-%D7%9E%D7%90%D7%9E%D7%A8%D7%99%D7%9D/%D7%9E%D7%A9%D7%A4%D7%98-%D7%A4%D7%9C%D7%99%D7%9C%D7%99/%D7%A2%D7%95%D7%A8%D7%9A-%D7%93%D7%99%D7%9F-%D7%A4%D7%9C%D7%99%D7%9C%D7%99-%D7%A4%D7%A1%D7%A7%D7%99-%D7%93%D7%99%D7%9F-2022,https://jus-tice.co.il/criminal-lawyer/,UNKNOWN,NEEDS_CONTENT_REVIEW,LOW,3,400,301_IF_APPROVED,NO,DRAFT_NOT_EXECUTED,Do not execute before owner approval and final target verification.
https://jus-tice.co.il/%D7%A7%D7%98%D7%92%D7%95%D7%A8%D7%99%D7%95%D7%AA-%D7%9E%D7%90%D7%9E%D7%A8%D7%99%D7%9D/%D7%9E%D7%A9%D7%A4%D7%98-%D7%A4%D7%9C%D7%99%D7%9C%D7%99/%D7%A4%D7%9C%D7%99%D7%9C%D7%99-%D7%A4%D7%A1%D7%A7%D7%99-%D7%93%D7%99%D7%9F-%D7%97%D7%A9%D7%95%D7%91%D7%99%D7%9D,https://jus-tice.co.il/criminal-law-needs-slug-review/,UNKNOWN,DO_NOT_TOUCH_HIGH_TRAFFIC_URL,HIGH,67,3810,301_IF_APPROVED,NO,DRAFT_NOT_EXECUTED,Do not execute before owner approval and final target verification.
https://jus-tice.co.il/%D7%A7%D7%98%D7%92%D7%95%D7%A8%D7%99%D7%95%D7%AA-%D7%9E%D7%90%D7%9E%D7%A8%D7%99%D7%9D/%D7%A2%D7%A0%D7%99%D7%99%D7%A0%D7%99-%D7%99%D7%A8%D7%95%D7%A9%D7%94,https://jus-tice.co.il/inheritance-wills-needs-slug-review/,UNKNOWN,NEEDS_CONTENT_REVIEW,LOW,1,145,301_IF_APPROVED,NO,DRAFT_NOT_EXECUTED,Do not execute before owner approval and final target verification.
https://jus-tice.co.il/%D7%A7%D7%98%D7%92%D7%95%D7%A8%D7%99%D7%95%D7%AA-%D7%9E%D7%90%D7%9E%D7%A8%D7%99%D7%9D/%D7%A4%D7%95%D7%A8%D7%98%D7%95%D7%92%D7%9C,https://jus-tice.co.il/real-estate-needs-slug-review/,UNKNOWN,NEEDS_MERGE_REVIEW,LOW,0,5,301_IF_APPROVED,NO,DRAFT_NOT_EXECUTED,Do not execute before owner approval and final target verification.
https://jus-tice.co.il/%D7%A7%D7%98%D7%92%D7%95%D7%A8%D7%99%D7%95%D7%AA-%D7%9E%D7%90%D7%9E%D7%A8%D7%99%D7%9D/%D7%A4%D7%99%D7%A6%D7%95%D7%99%D7%99%D7%9D,https://jus-tice.co.il/personal-injury-needs-slug-review/,UNKNOWN,NEEDS_CONTENT_REVIEW,LOW,0,12,301_IF_APPROVED,NO,DRAFT_NOT_EXECUTED,Do not execute before owner approval and final target verification.
https://jus-tice.co.il/%D7%A7%D7%98%D7%92%D7%95%D7%A8%D7%99%D7%95%D7%AA-%D7%9E%D7%90%D7%9E%D7%A8%D7%99%D7%9D/%D7%A4%D7%9C%D7%AA%D7%93,UNKNOWN_FINAL_TARGET_NEEDED,UNKNOWN,NEEDS_CLUSTER_CLASSIFICATION,LOW,0,4,301_IF_APPROVED,NO,DRAFT_NOT_EXECUTED,Do not execute before owner approval and final target verification.
https://jus-tice.co.il/%D7%A7%D7%98%D7%92%D7%95%D7%A8%D7%99%D7%95%D7%AA-%D7%9E%D7%90%D7%9E%D7%A8%D7%99%D7%9D/%D7%A6%D7%95%D7%95%D7%90%D7%95%D7%AA,UNKNOWN_FINAL_TARGET_NEEDED,UNKNOWN,NEEDS_CLUSTER_CLASSIFICATION,LOW,0,63,301_IF_APPROVED,NO,DRAFT_NOT_EXECUTED,Do not execute before owner approval and final target verification.
https://jus-tice.co.il/%D7%A7%D7%98%D7%92%D7%95%D7%A8%D7%99%D7%95%D7%AA-%D7%9E%D7%90%D7%9E%D7%A8%D7%99%D7%9D/%D7%A7%D7%A0%D7%99%D7%99%D7%9F-%D7%A8%D7%95%D7%97%D7%A0%D7%99,UNKNOWN_FINAL_TARGET_NEEDED,UNKNOWN,NEEDS_CLUSTER_CLASSIFICATION,LOW,0,22,301_IF_APPROVED,NO,DRAFT_NOT_EXECUTED,Do not execute before owner approval and final target verification.
https://jus-tice.co.il/%D7%A7%D7%98%D7%92%D7%95%D7%A8%D7%99%D7%95%D7%AA-%D7%9E%D7%90%D7%9E%D7%A8%D7%99%D7%9D/%D7%AA%D7%95%D7%91%D7%A2%D7%A0%D7%95%D7%AA-%D7%99%D7%99%D7%A6%D7%95%D7%92%D7%99%D7%95%D7%AA,UNKNOWN_FINAL_TARGET_NEEDED,UNKNOWN,NEEDS_CLUSTER_CLASSIFICATION,LOW,1,40,301_IF_APPROVED,NO,DRAFT_NOT_EXECUTED,Do not execute before owner approval and final target verification.
https://jus-tice.co.il/%D7%A7%D7%99%D7%95%D7%9D-%D7%93%D7%99%D7%95%D7%A0%D7%99%D7%9D-%D7%91%D7%94%D7%9D-%D7%9E%D7%A9%D7%AA%D7%AA%D7%A3-%D7%A2%D7%A6%D7%99%D7%A8-%D7%90%D7%95-%D7%90%D7%A1%D7%99%D7%A8-%D7%91%D7%94%D7%99%D7%95%D7%95%D7%A2%D7%93%D7%95%D7%AA-%D7%97%D7%96%D7%95%D7%AA%D7%99%D7%AA,UNKNOWN_FINAL_TARGET_NEEDED,UNKNOWN,NEEDS_CLUSTER_CLASSIFICATION,LOW,1,292,301_IF_APPROVED,NO,DRAFT_NOT_EXECUTED,Do not execute before owner approval and final target verification.
https://jus-tice.co.il/%D7%A7%D7%A0%D7%99%D7%99%D7%AA-%D7%93%D7%99%D7%A8%D7%94-%D7%91%D7%97%D7%9C%D7%A7%D7%99%D7%9D-%D7%A9%D7%90%D7%99%D7%A0%D7%9D-%D7%A9%D7%95%D7%95%D7%99%D7%9D-%D7%9B%D7%99%D7%A6%D7%93-%D7%97%D7%95%D7%9C%D7%A7%D7%99%D7%9D-%D7%90%D7%AA-%D7%94%D7%A8%D7%95%D7%95%D7%97,https://jus-tice.co.il/buying-apartment/,UNKNOWN,NEEDS_CONTENT_REVIEW,LOW,1,14,301_IF_APPROVED,NO,DRAFT_NOT_EXECUTED,Do not execute before owner approval and final target verification.
https://jus-tice.co.il/%D7%A7%D7%A8%D7%99%D7%98%D7%A8%D7%99%D7%95%D7%A0%D7%99%D7%9D-%D7%9C%D7%A7%D7%91%D7%99%D7%A2%D7%AA-%D7%9E%D7%A2%D7%9E%D7%93-%D7%91%D7%A0%D7%99-%D7%94%D7%96%D7%95%D7%92-%D7%9C%D7%A4%D7%A0%D7%99-%D7%94%D7%97%D7%AA%D7%95%D7%A0%D7%94-%D7%9B%D7%99%D7%93%D7%95%D7%A2%D7%99%D7%9D-%D7%91%D7%A6%D7%99%D7%91%D7%95%D7%A8,https://jus-tice.co.il/family-law-needs-slug-review/,UNKNOWN,NEEDS_MERGE_REVIEW,MEDIUM,6,2014,301_IF_APPROVED,NO,DRAFT_NOT_EXECUTED,Do not execute before owner approval and final target verification.
https://jus-tice.co.il/%D7%A8%D7%99%D7%A9%D7%95%D7%9D-%D7%A7%D7%98%D7%99%D7%9F-%D7%9C%D7%9E%D7%95%D7%A1%D7%93-%D7%97%D7%99%D7%A0%D7%95%D7%9B%D7%99-%D7%9C%D7%A9%D7%A0%D7%AA-%D7%94%D7%9C%D7%99%D7%9E%D7%95%D7%93%D7%99%D7%9D-%D7%AA%D7%A9%D7%A4%D7%91,UNKNOWN_FINAL_TARGET_NEEDED,UNKNOWN,NEEDS_CLUSTER_CLASSIFICATION,MEDIUM,26,831,301_IF_APPROVED,NO,DRAFT_NOT_EXECUTED,Do not execute before owner approval and final target verification.
https://jus-tice.co.il/%D7%A8%D7%9B%D7%99%D7%A9%D7%AA-%D7%A0%D7%93%D7%9C%D7%9F-%D7%91%D7%9E%D7%A0%D7%94%D7%98%D7%9F-%D7%9E%D7%94-%D7%97%D7%95%D7%91%D7%94-%D7%9C%D7%91%D7%93%D7%95%D7%A7-%D7%9C%D7%A4%D7%A0%D7%99-%D7%91%D7%99%D7%A6%D7%95%D7%A2-%D7%A2%D7%A1%D7%A7%D7%94,https://jus-tice.co.il/real-estate-needs-slug-review/,UNKNOWN,NEEDS_CONTENT_REVIEW,MEDIUM,14,3879,301_IF_APPROVED,NO,DRAFT_NOT_EXECUTED,Do not execute before owner approval and final target verification.
https://jus-tice.co.il/%D7%A8%D7%9E%D7%A929980-04-22%D7%A2-%D7%90-%D7%95-%D7%A0-%D7%A4-%D7%95,UNKNOWN_FINAL_TARGET_NEEDED,UNKNOWN,NEEDS_CLUSTER_CLASSIFICATION,MEDIUM,12,541,301_IF_APPROVED,NO,DRAFT_NOT_EXECUTED,Do not execute before owner approval and final target verification.
https://jus-tice.co.il/%D7%A8%D7%A9%D7%99%D7%9E%D7%AA-%D7%9E%D7%95%D7%9E%D7%97%D7%99%D7%9D-%D7%A8%D7%A4%D7%95%D7%90%D7%99%D7%99%D7%9D-%D7%9C%D7%91%D7%99%D7%AA-%D7%9E%D7%A9%D7%A4%D7%98-%D7%9E%D7%AA%D7%A2%D7%93%D7%9B%D7%9F,https://jus-tice.co.il/medical-malpractice-needs-slug-review/,UNKNOWN,DO_NOT_TOUCH_HIGH_TRAFFIC_URL,HIGH,144,8191,301_IF_APPROVED,NO,DRAFT_NOT_EXECUTED,Do not execute before owner approval and final target verification.
https://jus-tice.co.il/%D7%A8%D7%A9%D7%9C%D7%A0%D7%95%D7%AA-%D7%A8%D7%A4%D7%95%D7%90%D7%99%D7%AA-%D7%90%D7%91%D7%97%D7%95%D7%9F-%D7%A9%D7%92%D7%95%D7%99,https://jus-tice.co.il/medical-malpractice-lawyer/,UNKNOWN,NEEDS_CONTENT_REVIEW,LOW,0,626,301_IF_APPROVED,NO,DRAFT_NOT_EXECUTED,Do not execute before owner approval and final target verification.
https://jus-tice.co.il/%D7%A8%D7%A9%D7%9C%D7%A0%D7%95%D7%AA-%D7%A8%D7%A4%D7%95%D7%90%D7%99%D7%AA-%D7%91%D7%94%D7%99%D7%AA-%D7%97%D7%95%D7%9C%D7%99%D7%9D,https://jus-tice.co.il/medical-malpractice-lawyer/,UNKNOWN,NEEDS_CONTENT_REVIEW,MEDIUM,1,1478,301_IF_APPROVED,NO,DRAFT_NOT_EXECUTED,Do not execute before owner approval and final target verification.
https://jus-tice.co.il/%D7%A8%D7%A9%D7%9C%D7%A0%D7%95%D7%AA-%D7%A8%D7%A4%D7%95%D7%90%D7%99%D7%AA-%D7%95%D7%AA%D7%A4%D7%A7%D7%99%D7%93%D7%9D-%D7%A9%D7%9C-%D7%A2%D7%93%D7%99%D7%9D-%D7%9E%D7%95%D7%9E%D7%97%D7%99%D7%9D-%D7%9B%D7%99%D7%A6%D7%93-%D7%A2%D7%93%D7%95%D7%AA-%D7%9E%D7%95%D7%9E%D7%97%D7%99%D7%9D-%D7%99%D7%9B%D7%95%D7%9C%D7%94-%D7%9C%D7%A2%D7%96%D7%95%D7%A8-%D7%9C%D7%A7%D7%95%D7%A8%D7%91%D7%A0%D7%95%D7%AA-%D7%A8%D7%A9%D7%9C%D7%A0%D7%95%D7%AA-%D7%9C%D7%97%D7%A4%D7%A9-%D7%A6%D7%93%D7%A7,https://jus-tice.co.il/medical-malpractice-lawyer/,UNKNOWN,NEEDS_CONTENT_REVIEW,LOW,0,21,301_IF_APPROVED,NO,DRAFT_NOT_EXECUTED,Do not execute before owner approval and final target verification.
https://jus-tice.co.il/%D7%A8%D7%AA%D7%A7-38215-11-21-%D7%A9%D7%95%D7%A1%D7%98%D7%A8%D7%9E%D7%9F-%D7%A0-%D7%90%D7%9C%D7%91%D7%A8-%D7%A6%D7%99%D7%99-%D7%A8%D7%9B%D7%91,UNKNOWN_FINAL_TARGET_NEEDED,UNKNOWN,DO_NOT_TOUCH_HIGH_TRAFFIC_URL,HIGH,109,4420,301_IF_APPROVED,NO,DRAFT_NOT_EXECUTED,Do not execute before owner approval and final target verification.
https://jus-tice.co.il/%D7%A9%D7%95%D7%A4%D7%98%D7%AA-%D7%98%D7%9C%D7%99-%D7%97%D7%99%D7%99%D7%9E%D7%95%D7%91%D7%99%D7%A5-%D7%A4%D7%A1%D7%93-%D7%A7%D7%91%D7%9C%D7%AA-%D7%93%D7%91%D7%A8-%D7%91%D7%9E%D7%A8%D7%9E%D7%94-%D7%91%D7%A0%D7%A1%D7%99%D7%91%D7%95%D7%AA-%D7%9E%D7%97%D7%9E%D7%99%D7%A8%D7%95%D7%AA-%D7%94%D7%9C%D7%91%D7%A0%D7%AA-%D7%94%D7%95%D7%9F-%D7%A2%D7%91%D7%99%D7%A8%D7%95%D7%AA-%D7%9E%D7%A0%D7%94%D7%9C%D7%99%D7%9D-%D7%91%D7%AA%D7%90%D7%92%D7%99%D7%93,https://jus-tice.co.il/legal-database-rulings-needs-slug-review/,UNKNOWN,DO_NOT_TOUCH_HIGH_TRAFFIC_URL,HIGH,103,5371,301_IF_APPROVED,NO,DRAFT_NOT_EXECUTED,Do not execute before owner approval and final target verification.
https://jus-tice.co.il/%D7%A9%D7%95%D7%A4%D7%98%D7%AA-%D7%99%D7%A4%D7%A2%D7%AA-%D7%A9%D7%A7%D7%93%D7%99-%D7%A9%D7%A5-%D7%A4%D7%A1%D7%93-%D7%91%D7%97%D7%9C%D7%95%D7%A7%D7%AA-%D7%96%D7%9B%D7%95%D7%99%D7%95%D7%AA-%D7%95%D7%A1%D7%99%D7%9C%D7%95%D7%A7-%D7%99%D7%93-%D7%91%D7%9E%D7%A9%D7%A7-%D7%A9%D7%9C-%D7%99%D7%93%D7%95%D7%A2%D7%99%D7%9D-%D7%91%D7%A6%D7%99%D7%91%D7%95%D7%A8-%D7%AA%D7%9C%D7%94%D7%9E-41769-11-19,https://jus-tice.co.il/legal-database-rulings-needs-slug-review/,UNKNOWN,NEEDS_CONTENT_REVIEW,MEDIUM,10,949,301_IF_APPROVED,NO,DRAFT_NOT_EXECUTED,Do not execute before owner approval and final target verification.
https://jus-tice.co.il/%D7%A9%D7%95%D7%A7-%D7%94%D7%A0%D7%93%D7%9C%D7%9F-%D7%91%D7%A7%D7%A4%D7%A8%D7%99%D7%A1%D7%99%D7%9F,https://jus-tice.co.il/real-estate-needs-slug-review/,UNKNOWN,DO_NOT_TOUCH_HIGH_TRAFFIC_URL,HIGH,12,11903,301_IF_APPROVED,NO,DRAFT_NOT_EXECUTED,Do not execute before owner approval and final target verification.
https://jus-tice.co.il/%D7%A9%D7%9C%D7%99%D7%9C%D7%AA-%D7%9E%D7%96%D7%95%D7%A0%D7%95%D7%AA-%D7%A7%D7%98%D7%99%D7%9F-%D7%9B%D7%A9%D7%94%D7%90%D7%9E%D7%90-%D7%9E%D7%A1%D7%A8%D7%91%D7%AA-%D7%9C%D7%94%D7%A4%D7%92%D7%99%D7%A9-%D7%90%D7%95%D7%AA%D7%95-%D7%A2%D7%9D-%D7%90%D7%91%D7%99%D7%95-%D7%91%D7%A0%D7%99%D7%92%D7%95%D7%93-%D7%9C%D7%94%D7%97%D7%9C%D7%98%D7%95%D7%AA-%D7%91%D7%99%D7%AA-%D7%94%D7%93%D7%99%D7%9F-%D7%94%D7%A8%D7%91%D7%A0%D7%99,https://jus-tice.co.il/child-support/,UNKNOWN,NEEDS_CONTENT_REVIEW,LOW,1,82,301_IF_APPROVED,NO,DRAFT_NOT_EXECUTED,Do not execute before owner approval and final target verification.
https://jus-tice.co.il/%D7%AA%D7%90-16763-09-21%D7%9E%D7%95%D7%98%D7%99%D7%A2%D7%99-%D7%A0-%D7%A1%D7%A4%D7%A6%D7%99%D7%A7-%D7%A8%D7%99%D7%91%D7%A7-%D7%95%D7%90%D7%97,https://jus-tice.co.il/legal-database-rulings-needs-slug-review/,UNKNOWN,NEEDS_MERGE_REVIEW,LOW,3,205,301_IF_APPROVED,NO,DRAFT_NOT_EXECUTED,Do not execute before owner approval and final target verification.
https://jus-tice.co.il/%D7%AA%D7%90-19141-07-18-%D7%94%D7%9C%D7%95%D7%99-%D7%A0-%D7%A4%D7%98-%D7%91%D7%99%D7%99-%D7%99%D7%A9%D7%A8%D7%90%D7%9C-%D7%91%D7%A2%D7%9E-%D7%95%D7%90%D7%97,UNKNOWN_FINAL_TARGET_NEEDED,UNKNOWN,NEEDS_CLUSTER_CLASSIFICATION,MEDIUM,14,1797,301_IF_APPROVED,NO,DRAFT_NOT_EXECUTED,Do not execute before owner approval and final target verification.
https://jus-tice.co.il/%D7%AA%D7%90-28120-03-18-%D7%A4%D7%9C%D7%95%D7%A0%D7%99-%D7%A0-googel-llc-%D7%95%D7%90%D7%97,UNKNOWN_FINAL_TARGET_NEEDED,UNKNOWN,NEEDS_CLUSTER_CLASSIFICATION,MEDIUM,6,2809,301_IF_APPROVED,NO,DRAFT_NOT_EXECUTED,Do not execute before owner approval and final target verification.
https://jus-tice.co.il/%D7%AA%D7%90-42164-01-19-%D7%A7%D7%95%D7%A8%D7%9E%D7%9F-%D7%95%D7%90%D7%97-%D7%A0-%D7%98%D7%91%D7%9C,https://jus-tice.co.il/legal-database-rulings-needs-slug-review/,UNKNOWN,NEEDS_MERGE_REVIEW,MEDIUM,6,1512,301_IF_APPROVED,NO,DRAFT_NOT_EXECUTED,Do not execute before owner approval and final target verification.
https://jus-tice.co.il/%D7%AA%D7%90-48125-05-18-%D7%92%D7%91%D7%90%D7%99-%D7%95%D7%90%D7%97-%D7%A0-%D7%A7%D7%91%D7%95%D7%A6%D7%AA-%D7%97%D7%92%D7%92-%D7%99%D7%99%D7%96%D7%95%D7%9D-%D7%A0%D7%93%D7%9C%D7%9F,https://jus-tice.co.il/real-estate-needs-slug-review/,UNKNOWN,NEEDS_CONTENT_REVIEW,MEDIUM,13,795,301_IF_APPROVED,NO,DRAFT_NOT_EXECUTED,Do not execute before owner approval and final target verification.
https://jus-tice.co.il/%D7%AA%D7%90-48441-01-15-%D7%A4%D7%9C%D7%95%D7%A0%D7%99-%D7%A0%D7%92%D7%93-%D7%9E%D7%92%D7%93%D7%9C-%D7%97%D7%91%D7%A8%D7%94-%D7%9C%D7%91%D7%99%D7%98%D7%95%D7%97,UNKNOWN_FINAL_TARGET_NEEDED,UNKNOWN,NEEDS_CLUSTER_CLASSIFICATION,MEDIUM,16,1038,301_IF_APPROVED,NO,DRAFT_NOT_EXECUTED,Do not execute before owner approval and final target verification.
https://jus-tice.co.il/%D7%AA%D7%90-55450-03-20-%D7%9E%D7%A0%D7%98%D7%99%D7%9F-%D7%90%D7%99%D7%A0%D7%95%D7%95%D7%A1%D7%98%D7%9E%D7%A0%D7%98%D7%A1-%D7%91%D7%A2%D7%9E-%D7%95%D7%90%D7%97-%D7%A0-%D7%A1%D7%A8%D7%92%D7%A0%D7%99,UNKNOWN_FINAL_TARGET_NEEDED,UNKNOWN,DO_NOT_TOUCH_HIGH_TRAFFIC_URL,HIGH,52,3897,301_IF_APPROVED,NO,DRAFT_NOT_EXECUTED,Do not execute before owner approval and final target verification.
https://jus-tice.co.il/%D7%AA%D7%90-63470-05-19-%D7%96%D7%95%D7%94%D7%A8-%D7%95%D7%90%D7%97-%D7%A0-facebook-inc-%D7%95%D7%90%D7%97-23-%D7%9C%D7%90%D7%95%D7%92%D7%95%D7%A1%D7%98-2021,UNKNOWN_FINAL_TARGET_NEEDED,UNKNOWN,NEEDS_CLUSTER_CLASSIFICATION,MEDIUM,13,1989,301_IF_APPROVED,NO,DRAFT_NOT_EXECUTED,Do not execute before owner approval and final target verification.
https://jus-tice.co.il/%D7%AA%D7%90-63521-05-19-%D7%A4%D7%99%D7%A7%D7%9C-%D7%A0-%D7%90%D7%A2-%D7%90%D7%9C%D7%99%D7%9E%D7%9C%D7%9A-%D7%97%D7%91%D7%A8%D7%94-%D7%9C%D7%91%D7%A0%D7%99%D7%9F-%D7%95%D7%9C%D7%A4%D7%99%D7%AA%D7%95%D7%97-%D7%A8%D7%97%D7%95%D7%91%D7%95%D7%AA-%D7%91%D7%A2%D7%9E,UNKNOWN_FINAL_TARGET_NEEDED,UNKNOWN,NEEDS_CLUSTER_CLASSIFICATION,MEDIUM,24,1456,301_IF_APPROVED,NO,DRAFT_NOT_EXECUTED,Do not execute before owner approval and final target verification.
https://jus-tice.co.il/%D7%AA%D7%90-79092-12-20-%D7%A8%D7%A9%D7%9C%D7%A0%D7%95%D7%AA-%D7%A8%D7%A4%D7%95%D7%90%D7%99%D7%AA,https://jus-tice.co.il/medical-malpractice-lawyer/,UNKNOWN,NEEDS_CONTENT_REVIEW,LOW,0,288,301_IF_APPROVED,NO,DRAFT_NOT_EXECUTED,Do not execute before owner approval and final target verification.
https://jus-tice.co.il/%D7%AA%D7%9013429-05-21-%D7%A0%D7%AA%D7%A0%D7%99%D7%94%D7%95-%D7%95%D7%90%D7%97-%D7%A0-%D7%90%D7%95%D7%9C%D7%9E%D7%A8%D7%98,UNKNOWN_FINAL_TARGET_NEEDED,UNKNOWN,NEEDS_CLUSTER_CLASSIFICATION,LOW,6,393,301_IF_APPROVED,NO,DRAFT_NOT_EXECUTED,Do not execute before owner approval and final target verification.
https://jus-tice.co.il/%D7%AA%D7%9015566-11-18%D7%93%D7%95%D7%99%D7%98%D7%A9-%D7%A0-%D7%90%D7%95%D7%A0%D7%99%D7%91%D7%A8%D7%A1%D7%99%D7%98%D7%AA-%D7%AA%D7%9C-%D7%90%D7%91%D7%99%D7%91,UNKNOWN_FINAL_TARGET_NEEDED,UNKNOWN,NEEDS_CLUSTER_CLASSIFICATION,LOW,4,207,301_IF_APPROVED,NO,DRAFT_NOT_EXECUTED,Do not execute before owner approval and final target verification.
https://jus-tice.co.il/%D7%AA%D7%903634-10-16%D7%A4%D7%9C%D7%95%D7%A0%D7%99-%D7%A0-%D7%90%D7%92%D7%93-%D7%AA%D7%A2%D7%91%D7%95%D7%A8%D7%94-%D7%91%D7%A2%D7%9E,https://jus-tice.co.il/traffic-law-needs-slug-review/,UNKNOWN,NEEDS_CONTENT_REVIEW,MEDIUM,17,1136,301_IF_APPROVED,NO,DRAFT_NOT_EXECUTED,Do not execute before owner approval and final target verification.
https://jus-tice.co.il/%D7%AA%D7%91%D7%99%D7%A2%D7%94-%D7%90%D7%96%D7%A8%D7%97%D7%99%D7%AA-%D7%A0%D7%92%D7%A8%D7%A8%D7%AA-%D7%9C%D7%94%D7%A8%D7%A9%D7%A2%D7%94-%D7%91%D7%A4%D7%9C%D7%99%D7%9C%D7%99%D7%9D-%D7%AA%D7%90-38003-03-19,https://jus-tice.co.il/criminal-law-needs-slug-review/,UNKNOWN,DO_NOT_TOUCH_HIGH_TRAFFIC_URL,HIGH,57,2460,301_IF_APPROVED,NO,DRAFT_NOT_EXECUTED,Do not execute before owner approval and final target verification.
https://jus-tice.co.il/%D7%AA%D7%91%D7%99%D7%A2%D7%94-%D7%91%D7%99%D7%97%D7%A1-%D7%9C%D7%96%D7%9B%D7%95%D7%99%D7%95%D7%AA-%D7%99%D7%95%D7%A6%D7%A8%D7%99%D7%9D-%D7%91%D7%9E%D7%A9%D7%97%D7%A7-%D7%A9%D7%9D-%D7%A7%D7%95%D7%93,UNKNOWN_FINAL_TARGET_NEEDED,UNKNOWN,NEEDS_CLUSTER_CLASSIFICATION,LOW,7,376,301_IF_APPROVED,NO,DRAFT_NOT_EXECUTED,Do not execute before owner approval and final target verification.
https://jus-tice.co.il/%D7%AA%D7%91%D7%99%D7%A2%D7%94-%D7%A9%D7%9C-%D7%90%D7%99%D7%A9%D7%94-%D7%9C%D7%A7%D7%91%D7%9C-%D7%A4%D7%99%D7%A6%D7%95%D7%99%D7%99%D7%9D-%D7%9E%D7%91%D7%9F-%D7%96%D7%95%D7%92%D7%94-%D7%9C%D7%A9%D7%A2%D7%91%D7%A8-%D7%91%D7%A9%D7%9C-%D7%AA%D7%99%D7%A2%D7%95%D7%93-%D7%90%D7%99%D7%A0%D7%98%D7%99%D7%9E%D7%99-%D7%91%D7%90%D7%9E%D7%A6%D7%A2%D7%95%D7%AA-%D7%9E%D7%A6%D7%9C%D7%9E%D7%95%D7%AA-%D7%A9%D7%94%D7%AA%D7%A7%D7%99%D7%9F-%D7%91%D7%93%D7%99%D7%A8%D7%AA%D7%94-%D7%AA%D7%9C%D7%94%D7%9E-47127-07-21,https://jus-tice.co.il/personal-injury-needs-slug-review/,UNKNOWN,NEEDS_CONTENT_REVIEW,MEDIUM,21,696,301_IF_APPROVED,NO,DRAFT_NOT_EXECUTED,Do not execute before owner approval and final target verification.
https://jus-tice.co.il/%D7%AA%D7%91%D7%99%D7%A2%D7%94-%D7%A9%D7%9C-%D7%A9%D7%95%D7%9B%D7%A8%D7%99%D7%9D-%D7%A0%D7%92%D7%93-%D7%94%D7%9E%D7%A9%D7%9B%D7%99%D7%A8%D7%94-%D7%95%D7%AA%D7%91%D7%99%D7%A2%D7%94-%D7%A9%D7%9B%D7%A0%D7%92%D7%93,UNKNOWN_FINAL_TARGET_NEEDED,UNKNOWN,NEEDS_CLUSTER_CLASSIFICATION,MEDIUM,33,1850,301_IF_APPROVED,NO,DRAFT_NOT_EXECUTED,Do not execute before owner approval and final target verification.
https://jus-tice.co.il/%D7%AA%D7%91%D7%99%D7%A2%D7%95%D7%AA-%D7%A9%D7%9C-%D7%90%D7%99%D7%A9%D7%94-%D7%9C%D7%9E%D7%AA%D7%9F-%D7%97%D7%A9%D7%91%D7%95%D7%A0%D7%95%D7%AA-%D7%9B%D7%A0%D7%92%D7%93-%D7%90%D7%97%D7%99%D7%95-%D7%A9%D7%9C-%D7%91%D7%9F-%D7%96%D7%95%D7%92%D7%94-%D7%9C%D7%A9%D7%A2%D7%91%D7%A8-%D7%94%D7%9E%D7%A0%D7%95%D7%97,UNKNOWN_FINAL_TARGET_NEEDED,UNKNOWN,NEEDS_CLUSTER_CLASSIFICATION,MEDIUM,16,713,301_IF_APPROVED,NO,DRAFT_NOT_EXECUTED,Do not execute before owner approval and final target verification.
https://jus-tice.co.il/%D7%AA%D7%91%D7%99%D7%A2%D7%AA-%D7%94%D7%90%D7%A9%D7%94-%D7%9C%D7%94%D7%A9%D7%91%D7%AA-%D7%94%D7%95%D7%A6%D7%90%D7%95%D7%AA-%D7%A9%D7%9C-%D7%9E%D7%96%D7%95%D7%A0%D7%95%D7%AA-%D7%A7%D7%98%D7%99%D7%A0%D7%99%D7%9D,https://jus-tice.co.il/child-support/,UNKNOWN,NEEDS_CONTENT_REVIEW,MEDIUM,6,4321,301_IF_APPROVED,NO,DRAFT_NOT_EXECUTED,Do not execute before owner approval and final target verification.
https://jus-tice.co.il/%D7%AA%D7%91%D7%99%D7%A2%D7%AA-%D7%9B%D7%AA%D7%95%D7%91%D7%94-%D7%A9%D7%9C-%D7%94%D7%AA%D7%95%D7%91%D7%A2%D7%AA-%D7%94%D7%90%D7%99%D7%A9%D7%94-%D7%A2%D7%9C-%D7%A1%D7%9A-1000000-%D7%A9%D7%97,https://jus-tice.co.il/family-law-needs-slug-review/,UNKNOWN,NEEDS_MERGE_REVIEW,MEDIUM,14,4261,301_IF_APPROVED,NO,DRAFT_NOT_EXECUTED,Do not execute before owner approval and final target verification.
https://jus-tice.co.il/%D7%AA%D7%91%D7%99%D7%A2%D7%AA-%D7%A0%D7%96%D7%A7%D7%99-%D7%92%D7%95%D7%A3-%D7%A0%D7%A4%D7%99%D7%9C%D7%94-%D7%91%D7%96%D7%9E%D7%9F-%D7%A8%D7%9B%D7%99%D7%91%D7%94-%D7%A2%D7%9C-%D7%90%D7%95%D7%A4%D7%A0%D7%99%D7%9D-%D7%97%D7%A9%D7%9E%D7%9C%D7%99%D7%99%D7%9D-%D7%91%D7%A9%D7%9C-%D7%9B%D7%91%D7%99%D7%A9-%D7%9E%D7%A9%D7%95%D7%91%D7%A9,https://jus-tice.co.il/personal-injury-needs-slug-review/,UNKNOWN,NEEDS_CONTENT_REVIEW,MEDIUM,11,2145,301_IF_APPROVED,NO,DRAFT_NOT_EXECUTED,Do not execute before owner approval and final target verification.
https://jus-tice.co.il/%D7%AA%D7%91%D7%99%D7%A2%D7%AA-%D7%A7%D7%98%D7%99%D7%9F-%D7%91%D7%92%D7%99%D7%9F-%D7%A0%D7%96%D7%A7%D7%99-%D7%92%D7%95%D7%A3-%D7%A9%D7%A0%D7%92%D7%A8%D7%9E%D7%95-%D7%9C%D7%95-%D7%91%D7%A2%D7%AA-%D7%A9%D7%A9%D7%99%D7%97%D7%A7-%D7%91%D7%92%D7%9F-%D7%9E%D7%A9%D7%97%D7%A7%D7%99%D7%9D-%D7%A9%D7%9C-%D7%94%D7%A2%D7%99%D7%A8%D7%99%D7%94-%D7%AA%D7%90-71866-07-18,https://jus-tice.co.il/personal-injury-needs-slug-review/,UNKNOWN,DO_NOT_TOUCH_HIGH_TRAFFIC_URL,HIGH,54,3544,301_IF_APPROVED,NO,DRAFT_NOT_EXECUTED,Do not execute before owner approval and final target verification.
https://jus-tice.co.il/%D7%AA%D7%91%D7%99%D7%A2%D7%AA-%D7%A9%D7%9B%D7%A8-%D7%98%D7%A8%D7%97%D7%94-%D7%A2%D7%95%D7%A8%D7%9B%D7%AA-%D7%93%D7%99%D7%9F-%D7%9B%D7%A0%D7%92%D7%93-%D7%9C%D7%A7%D7%95%D7%97%D7%94,https://jus-tice.co.il/employment-law-needs-slug-review/,UNKNOWN,DO_NOT_TOUCH_HIGH_TRAFFIC_URL,HIGH,53,3203,301_IF_APPROVED,NO,DRAFT_NOT_EXECUTED,Do not execute before owner approval and final target verification.
https://jus-tice.co.il/%D7%AA%D7%95%D7%91%D7%A2%D7%A0%D7%95%D7%AA-%D7%A2%D7%96%D7%91%D7%95%D7%9F-%D7%A9%D7%9E%D7%A0%D7%94%D7%9C%D7%99%D7%9D-%D7%A9%D7%A0%D7%99-%D7%90%D7%97%D7%99%D7%9D-%D7%91%D7%A9%D7%9C-%D7%A9%D7%AA%D7%99-%D7%A6%D7%95%D7%95%D7%90%D7%95%D7%AA-%D7%A9%D7%94%D7%95%D7%AA%D7%99%D7%A8%D7%94-%D7%90%D7%9E%D7%9D-%D7%AA%D7%A2-62835-08-19,UNKNOWN_FINAL_TARGET_NEEDED,UNKNOWN,NEEDS_CLUSTER_CLASSIFICATION,MEDIUM,47,1729,301_IF_APPROVED,NO,DRAFT_NOT_EXECUTED,Do not execute before owner approval and final target verification.
https://jus-tice.co.il/%D7%AA%D7%97%D7%95%D7%9E%D7%99-%D7%94%D7%AA%D7%9E%D7%97%D7%95%D7%AA/%D7%93%D7%99%D7%A0%D7%99-%D7%9E%D7%A9%D7%A4%D7%97%D7%94/%D7%92%D7%99%D7%A8%D7%95%D7%A9%D7%99%D7%9F,https://jus-tice.co.il/family-law-needs-slug-review/,UNKNOWN,NEEDS_MERGE_REVIEW,LOW,0,26,301_IF_APPROVED,NO,DRAFT_NOT_EXECUTED,Do not execute before owner approval and final target verification.
https://jus-tice.co.il/%D7%AA%D7%97%D7%95%D7%9E%D7%99-%D7%94%D7%AA%D7%9E%D7%97%D7%95%D7%AA/%D7%93%D7%99%D7%A0%D7%99-%D7%9E%D7%A9%D7%A4%D7%97%D7%94/%D7%9E%D7%96%D7%95%D7%A0%D7%95%D7%AA-%D7%99%D7%9C%D7%93%D7%99%D7%9D,https://jus-tice.co.il/child-support/,UNKNOWN,NEEDS_CONTENT_REVIEW,LOW,1,107,301_IF_APPROVED,NO,DRAFT_NOT_EXECUTED,Do not execute before owner approval and final target verification.
https://jus-tice.co.il/%D7%AA%D7%97%D7%95%D7%9E%D7%99-%D7%94%D7%AA%D7%9E%D7%97%D7%95%D7%AA/%D7%93%D7%99%D7%A0%D7%99-%D7%9E%D7%A9%D7%A4%D7%97%D7%94/%D7%9E%D7%A9%D7%9E%D7%95%D7%A8%D7%AA-%D7%99%D7%9C%D7%93%D7%99%D7%9D,https://jus-tice.co.il/child-custody/,UNKNOWN,NEEDS_CONTENT_REVIEW,LOW,0,29,301_IF_APPROVED,NO,DRAFT_NOT_EXECUTED,Do not execute before owner approval and final target verification.
https://jus-tice.co.il/%D7%AA%D7%97%D7%95%D7%9E%D7%99-%D7%94%D7%AA%D7%9E%D7%97%D7%95%D7%AA/%D7%93%D7%99%D7%A0%D7%99-%D7%9E%D7%A9%D7%A4%D7%97%D7%94/%D7%A4%D7%A1%D7%A7%D7%99-%D7%93%D7%99%D7%9F-%D7%92%D7%99%D7%A8%D7%95%D7%A9%D7%99%D7%9F-%D7%93%D7%99%D7%A0%D7%99-%D7%9E%D7%A9%D7%A4%D7%97%D7%94-2022,https://jus-tice.co.il/child-support/,UNKNOWN,NEEDS_MERGE_REVIEW,MEDIUM,1,1041,301_IF_APPROVED,NO,DRAFT_NOT_EXECUTED,Do not execute before owner approval and final target verification.
https://jus-tice.co.il/%D7%AA%D7%97%D7%95%D7%9E%D7%99-%D7%94%D7%AA%D7%9E%D7%97%D7%95%D7%AA/%D7%93%D7%99%D7%A0%D7%99-%D7%9E%D7%A9%D7%A4%D7%97%D7%94/%D7%A4%D7%A1%D7%A7%D7%99-%D7%93%D7%99%D7%9F-%D7%97%D7%A9%D7%95%D7%91%D7%99%D7%9D,UNKNOWN_FINAL_TARGET_NEEDED,UNKNOWN,NEEDS_CLUSTER_CLASSIFICATION,LOW,0,24,301_IF_APPROVED,NO,DRAFT_NOT_EXECUTED,Do not execute before owner approval and final target verification.
https://jus-tice.co.il/%D7%AA%D7%97%D7%95%D7%9E%D7%99-%D7%94%D7%AA%D7%9E%D7%97%D7%95%D7%AA/%D7%9E%D7%A9%D7%A4%D7%98-%D7%A4%D7%9C%D7%99%D7%9C%D7%99,https://jus-tice.co.il/criminal-law-needs-slug-review/,UNKNOWN,NEEDS_CONTENT_REVIEW,LOW,0,798,301_IF_APPROVED,NO,DRAFT_NOT_EXECUTED,Do not execute before owner approval and final target verification.
https://jus-tice.co.il/%D7%AA%D7%97%D7%95%D7%9E%D7%99-%D7%94%D7%AA%D7%9E%D7%97%D7%95%D7%AA/%D7%9E%D7%A9%D7%A4%D7%98-%D7%A4%D7%9C%D7%99%D7%9C%D7%99/%D7%A2%D7%95%D7%A8%D7%9A-%D7%93%D7%99%D7%9F-%D7%A4%D7%9C%D7%99%D7%9C%D7%99-%D7%A4%D7%A1%D7%A7%D7%99-%D7%93%D7%99%D7%9F-2022,https://jus-tice.co.il/criminal-lawyer/,UNKNOWN,NEEDS_MERGE_REVIEW,LOW,0,142,301_IF_APPROVED,NO,DRAFT_NOT_EXECUTED,Do not execute before owner approval and final target verification.
https://jus-tice.co.il/%D7%AA%D7%97%D7%95%D7%9E%D7%99-%D7%94%D7%AA%D7%9E%D7%97%D7%95%D7%AA/%D7%A2%D7%95%D7%93-%D7%A0%D7%96%D7%99%D7%A7%D7%99%D7%9F-%D7%A4%D7%A1%D7%A7%D7%99-%D7%93%D7%99%D7%9F,https://jus-tice.co.il/personal-injury-lawyer/,UNKNOWN,NEEDS_MERGE_REVIEW,LOW,0,159,301_IF_APPROVED,NO,DRAFT_NOT_EXECUTED,Do not execute before owner approval and final target verification.
https://jus-tice.co.il/%D7%AA%D7%97%D7%95%D7%9E%D7%99-%D7%94%D7%AA%D7%9E%D7%97%D7%95%D7%AA/bankruptcy,UNKNOWN_FINAL_TARGET_NEEDED,UNKNOWN,NEEDS_CLUSTER_CLASSIFICATION,LOW,0,25,301_IF_APPROVED,NO,DRAFT_NOT_EXECUTED,Do not execute before owner approval and final target verification.
https://jus-tice.co.il/%D7%AA%D7%97%D7%95%D7%9E%D7%99-%D7%94%D7%AA%D7%9E%D7%97%D7%95%D7%AA/family-law,https://jus-tice.co.il/family-law-needs-slug-review/,UNKNOWN,NEEDS_CONTENT_REVIEW,LOW,0,42,301_IF_APPROVED,NO,DRAFT_NOT_EXECUTED,Do not execute before owner approval and final target verification.
https://jus-tice.co.il/%D7%AA%D7%97%D7%95%D7%9E%D7%99-%D7%94%D7%AA%D7%9E%D7%97%D7%95%D7%AA/labor-law,https://jus-tice.co.il/employment-law-needs-slug-review/,UNKNOWN,NEEDS_CONTENT_REVIEW,LOW,0,10,301_IF_APPROVED,NO,DRAFT_NOT_EXECUTED,Do not execute before owner approval and final target verification.
https://jus-tice.co.il/%D7%AA%D7%97%D7%95%D7%9E%D7%99-%D7%94%D7%AA%D7%9E%D7%97%D7%95%D7%AA/real-estate,https://jus-tice.co.il/real-estate-needs-slug-review/,UNKNOWN,NEEDS_CONTENT_REVIEW,LOW,0,2,301_IF_APPROVED,NO,DRAFT_NOT_EXECUTED,Do not execute before owner approval and final target verification.
https://jus-tice.co.il/%D7%AA%D7%97%D7%95%D7%9E%D7%99-%D7%94%D7%AA%D7%9E%D7%97%D7%95%D7%AA/torts,UNKNOWN_FINAL_TARGET_NEEDED,UNKNOWN,NEEDS_CLUSTER_CLASSIFICATION,LOW,0,4,301_IF_APPROVED,NO,DRAFT_NOT_EXECUTED,Do not execute before owner approval and final target verification.
https://jus-tice.co.il/%D7%AA%D7%97%D7%A0%D7%95%D7%AA-%D7%9E%D7%A9%D7%98%D7%A8%D7%94-%D7%9B%D7%AA%D7%95%D7%91%D7%AA-%D7%91%D7%A9%D7%95%D7%98%D7%A8%D7%94-%D7%A8%D7%A9%D7%99%D7%9E%D7%94-%D7%90%D7%A8%D7%A6%D7%99%D7%AA-%D7%9E%D7%A2%D7%95%D7%93%D7%9B%D7%9F,https://jus-tice.co.il/criminal-law-needs-slug-review/,UNKNOWN,NEEDS_CONTENT_REVIEW,LOW,0,1,301_IF_APPROVED,NO,DRAFT_NOT_EXECUTED,Do not execute before owner approval and final target verification.
https://jus-tice.co.il/%D7%AA%D7%97%D7%A0%D7%95%D7%AA-%D7%9E%D7%A9%D7%98%D7%A8%D7%94-%D7%9B%D7%AA%D7%95%D7%91%D7%AA-%D7%98%D7%9C%D7%A4%D7%95%D7%9F-%D7%A8%D7%A9%D7%99%D7%9E%D7%94-%D7%90%D7%A8%D7%A6%D7%99%D7%AA-%D7%9E%D7%A2%D7%95%D7%93%D7%9B%D7%9F,https://jus-tice.co.il/criminal-law-needs-slug-review/,UNKNOWN,DO_NOT_TOUCH_HIGH_TRAFFIC_URL,HIGH,482,118014,301_IF_APPROVED,NO,DRAFT_NOT_EXECUTED,Do not execute before owner approval and final target verification.
https://jus-tice.co.il/%D7%AA%D7%97%D7%A0%D7%95%D7%AA-%D7%9E%D7%A9%D7%98%D7%A8%D7%94-%D7%9B%D7%AA%D7%95%D7%91%D7%AA-%D7%98%D7%9C%D7%A4%D7%95%D7%9F-%D7%A8%D7%A9%D7%99%D7%9E%D7%94-%D7%A8%D7%A6%D7%99%D7%AA-%D7%9E%D7%A2%D7%95%D7%93%D7%9B%D7%9F,https://jus-tice.co.il/criminal-law-needs-slug-review/,UNKNOWN,NEEDS_CONTENT_REVIEW,LOW,0,1,301_IF_APPROVED,NO,DRAFT_NOT_EXECUTED,Do not execute before owner approval and final target verification.
https://jus-tice.co.il/%D7%AA%D7%97%D7%A0%D7%95%D7%AA-%D7%9E%D7%A9%D7%98%D7%A8%D7%94-%D7%9B%D7%AA%D7%95%D7%91%D7%AA-%D7%9C%D7%A4%D7%95%D7%9F-%D7%A8%D7%A9%D7%99%D7%9E%D7%94-%D7%90%D7%A8%D7%A6%D7%99%D7%AA-%D7%9E%D7%A2%D7%95%D7%93%D7%9B%D7%9F,https://jus-tice.co.il/criminal-law-needs-slug-review/,UNKNOWN,NEEDS_CONTENT_REVIEW,LOW,0,1,301_IF_APPROVED,NO,DRAFT_NOT_EXECUTED,Do not execute before owner approval and final target verification.
https://jus-tice.co.il/%D7%AA%D7%97%D7%A0%D7%95%D7%AA-%D7%9E%D7%A9%D7%98%D7%A8%D7%94-%D7%9B%D7%AA%D7%95%D7%91%D7%AA-%D7%9E%D7%A2%D7%95%D7%93%D7%9B%D7%9F,https://jus-tice.co.il/criminal-law-needs-slug-review/,UNKNOWN,NEEDS_CONTENT_REVIEW,LOW,0,3,301_IF_APPROVED,NO,DRAFT_NOT_EXECUTED,Do not execute before owner approval and final target verification.
https://jus-tice.co.il/%D7%AA%D7%99%D7%A7-104334/3-%D7%91%D7%91%D7%99%D7%AA-%D7%94%D7%93%D7%99%D7%9F-%D7%94%D7%A8%D7%91%D7%A0%D7%99-%D7%94%D7%90%D7%96%D7%95%D7%A8%D7%99-%D7%91%D7%90%D7%A8-%D7%A9%D7%91%D7%A2,UNKNOWN_FINAL_TARGET_NEEDED,UNKNOWN,NEEDS_CLUSTER_CLASSIFICATION,MEDIUM,8,1065,301_IF_APPROVED,NO,DRAFT_NOT_EXECUTED,Do not execute before owner approval and final target verification.
https://jus-tice.co.il/%D7%AA%D7%99%D7%A7-1237405/8%D7%94%D7%91%D7%A2%D7%9C-%D7%9C%D7%90-%D7%97%D7%99%D7%99%D7%91-%D7%9C%D7%90%D7%99%D7%A9%D7%94-%D7%9E%D7%97%D7%A6%D7%99%D7%AA-%D7%9E%D7%94%D7%9E%D7%92%D7%A8%D7%A9,UNKNOWN_FINAL_TARGET_NEEDED,UNKNOWN,NEEDS_CLUSTER_CLASSIFICATION,LOW,0,190,301_IF_APPROVED,NO,DRAFT_NOT_EXECUTED,Do not execute before owner approval and final target verification.
https://jus-tice.co.il/%D7%AA%D7%99%D7%A7-1268522/4-%D7%91%D7%91%D7%99%D7%AA-%D7%94%D7%93%D7%99%D7%9F-%D7%94%D7%A8%D7%91%D7%A0%D7%99-%D7%94%D7%90%D7%96%D7%95%D7%A8%D7%99-%D7%A4%D7%AA%D7%97-%D7%AA%D7%A7%D7%95%D7%95%D7%94,UNKNOWN_FINAL_TARGET_NEEDED,UNKNOWN,NEEDS_CLUSTER_CLASSIFICATION,MEDIUM,10,2229,301_IF_APPROVED,NO,DRAFT_NOT_EXECUTED,Do not execute before owner approval and final target verification.
https://jus-tice.co.il/%D7%AA%D7%99%D7%A7-1301763/3-%D7%91%D7%91%D7%99%D7%AA-%D7%94%D7%93%D7%99%D7%9F-%D7%94%D7%A8%D7%91%D7%A0%D7%99-%D7%94%D7%92%D7%93%D7%95%D7%9C-%D7%99%D7%A8%D7%95%D7%A9%D7%9C%D7%99%D7%9D,UNKNOWN_FINAL_TARGET_NEEDED,UNKNOWN,NEEDS_CLUSTER_CLASSIFICATION,MEDIUM,9,1108,301_IF_APPROVED,NO,DRAFT_NOT_EXECUTED,Do not execute before owner approval and final target verification.
https://jus-tice.co.il/%D7%AA%D7%99%D7%A7-916847/5-%D7%91%D7%91%D7%99%D7%AA-%D7%94%D7%93%D7%99%D7%9F-%D7%94%D7%A8%D7%91%D7%A0%D7%99-%D7%94%D7%90%D7%96%D7%95%D7%A8%D7%99-%D7%90%D7%A9%D7%93%D7%95%D7%93,https://jus-tice.co.il/family-law-needs-slug-review/,UNKNOWN,NEEDS_MERGE_REVIEW,MEDIUM,21,4032,301_IF_APPROVED,NO,DRAFT_NOT_EXECUTED,Do not execute before owner approval and final target verification.
https://jus-tice.co.il/%D7%AA%D7%9E%D7%A9-14076-10-16-%D7%A4%D7%9C%D7%95%D7%A0%D7%99%D7%AA-%D7%A0-%D7%A4%D7%9C%D7%95%D7%A0%D7%99,UNKNOWN_FINAL_TARGET_NEEDED,UNKNOWN,NEEDS_CLUSTER_CLASSIFICATION,MEDIUM,30,1034,301_IF_APPROVED,NO,DRAFT_NOT_EXECUTED,Do not execute before owner approval and final target verification.
https://jus-tice.co.il/%D7%AA%D7%A0%D7%90%D7%99-%D7%94%D7%94%D7%A1%D7%92%D7%A8%D7%94-%D7%95%D7%A1%D7%99%D7%99%D7%92%D7%99%D7%94,UNKNOWN_FINAL_TARGET_NEEDED,UNKNOWN,NEEDS_CLUSTER_CLASSIFICATION,MEDIUM,6,1487,301_IF_APPROVED,NO,DRAFT_NOT_EXECUTED,Do not execute before owner approval and final target verification.
https://jus-tice.co.il/%D7%AA%D7%A2%D7%95%D7%93%D7%AA-%D7%9E%D7%97%D7%9C%D7%94-%D7%9C%D7%A2%D7%95%D7%91%D7%93-%D7%94%D7%A9%D7%95%D7%94%D7%94-%D7%91%D7%91%D7%99%D7%93%D7%95%D7%93-%D7%A0%D7%92%D7%99%D7%A3-%D7%94%D7%A7%D7%95%D7%A8%D7%95%D7%A0%D7%94,https://jus-tice.co.il/employment-law-needs-slug-review/,UNKNOWN,NEEDS_CONTENT_REVIEW,MEDIUM,0,1907,301_IF_APPROVED,NO,DRAFT_NOT_EXECUTED,Do not execute before owner approval and final target verification.
https://jus-tice.co.il/%D7%AA%D7%A2%D7%95%D7%93%D7%AA-%D7%A8%D7%95%D7%A4%D7%90-%D7%90%D7%99%D7%A9%D7%95%D7%A8-%D7%A0%D7%95%D7%98%D7%A8%D7%99%D7%95%D7%A0%D7%99,https://jus-tice.co.il/medical-malpractice-needs-slug-review/,UNKNOWN,NEEDS_CONTENT_REVIEW,LOW,3,673,301_IF_APPROVED,NO,DRAFT_NOT_EXECUTED,Do not execute before owner approval and final target verification.
https://jus-tice.co.il/%D7%AA%D7%A4%D7%97%D7%A226551-01-21%D7%9E%D7%93%D7%99%D7%A0%D7%AA-%D7%99%D7%A9%D7%A8%D7%90%D7%9C-%D7%A0-%D7%99%D7%95%D7%A1%D7%A3%D7%A2%D7%A6%D7%99%D7%A8,UNKNOWN_FINAL_TARGET_NEEDED,UNKNOWN,DO_NOT_TOUCH_HIGH_TRAFFIC_URL,HIGH,55,2111,301_IF_APPROVED,NO,DRAFT_NOT_EXECUTED,Do not execute before owner approval and final target verification.
https://jus-tice.co.il/%D7%AA%D7%A4%D7%A7%D7%99%D7%93%D7%9D-%D7%A9%D7%9C-%D7%A2%D7%95%D7%A8%D7%9B%D7%99-%D7%93%D7%99%D7%9F-%D7%91%D7%AA%D7%97%D7%95%D7%9D-%D7%94%D7%A1%D7%99%D7%99%D7%91%D7%A8,https://jus-tice.co.il/cyber-privacy-needs-slug-review/,UNKNOWN,NEEDS_CONTENT_REVIEW,LOW,0,113,301_IF_APPROVED,NO,DRAFT_NOT_EXECUTED,Do not execute before owner approval and final target verification.
https://jus-tice.co.il/%D7%AA%D7%A469728-06-20%D7%9E%D7%93%D7%99%D7%A0%D7%AA-%D7%99%D7%A9%D7%A8%D7%90%D7%9C-%D7%A0-%D7%A1%D7%95%D7%9C%D7%95%D7%9E%D7%95%D7%9F,UNKNOWN_FINAL_TARGET_NEEDED,UNKNOWN,DO_NOT_TOUCH_HIGH_TRAFFIC_URL,HIGH,54,3289,301_IF_APPROVED,NO,DRAFT_NOT_EXECUTED,Do not execute before owner approval and final target verification.
https://jus-tice.co.il/%D7%AA%D7%A47140-09-21%D7%9E%D7%93%D7%99%D7%A0%D7%AA-%D7%99%D7%A9%D7%A8%D7%90%D7%9C-%D7%A0-%D7%9B%D7%A8%D7%9E%D7%99,UNKNOWN_FINAL_TARGET_NEEDED,UNKNOWN,NEEDS_CLUSTER_CLASSIFICATION,MEDIUM,33,1709,301_IF_APPROVED,NO,DRAFT_NOT_EXECUTED,Do not execute before owner approval and final target verification.
https://jus-tice.co.il/%D7%AA%D7%A7%D7%A0%D7%95%D7%AA-%D7%94%D7%91%D7%99%D7%98%D7%95%D7%97-%D7%94%D7%9C%D7%90%D7%95%D7%9E%D7%99-%D7%A7%D7%91%D7%99%D7%A2%D7%AA-%D7%93%D7%A8%D7%92%D7%AA-%D7%A0%D7%9B%D7%95%D7%AA-%D7%9C%D7%A0%D7%A4%D7%92%D7%A2%D7%99-%D7%A2%D7%91%D7%95%D7%93%D7%94-%D7%AA%D7%A9%D7%98%D7%96-1956,https://jus-tice.co.il/employment-law-needs-slug-review/,UNKNOWN,DO_NOT_TOUCH_HIGH_TRAFFIC_URL,HIGH,37,11274,301_IF_APPROVED,NO,DRAFT_NOT_EXECUTED,Do not execute before owner approval and final target verification.
https://jus-tice.co.il/%D7%AA%D7%A7%D7%A0%D7%95%D7%AA-%D7%96%D7%9B%D7%95%D7%99%D7%95%D7%AA-%D7%A0%D7%A4%D7%92%D7%A2%D7%99-%D7%A2%D7%91%D7%99%D7%A8%D7%94-%D7%94%D7%AA%D7%A9%D7%A1%D7%91-2002,UNKNOWN_FINAL_TARGET_NEEDED,UNKNOWN,NEEDS_CLUSTER_CLASSIFICATION,LOW,0,349,301_IF_APPROVED,NO,DRAFT_NOT_EXECUTED,Do not execute before owner approval and final target verification.
https://jus-tice.co.il/%D7%AA%D7%A7-25449-12-20-%D7%A4%D7%9C%D7%95%D7%A0%D7%99%D7%AA-%D7%95%D7%90%D7%97-%D7%A0-%D7%99%D7%95%D7%A0%D7%99%D7%99%D7%98%D7%93-%D7%90%D7%99%D7%A8%D7%9C%D7%99%D7%99%D7%A0%D7%A1-%D7%90%D7%99%D7%A0%D7%A7,UNKNOWN_FINAL_TARGET_NEEDED,UNKNOWN,NEEDS_MERGE_REVIEW,MEDIUM,5,3485,301_IF_APPROVED,NO,DRAFT_NOT_EXECUTED,Do not execute before owner approval and final target verification.
https://jus-tice.co.il/%D7%AA%D7%A9%D7%9C%D7%95%D7%9D-%D7%A4%D7%A0%D7%A1%D7%99%D7%94-%D7%95%D7%9E%D7%96%D7%95%D7%A0%D7%95%D7%AA-%D7%90%D7%97%D7%A8%D7%99-%D7%94%D7%96%D7%9E%D7%9F-%D7%94%D7%A7%D7%95%D7%91%D7%A2-1156328-2-%D7%91%D7%99%D7%94%D7%93-%D7%94%D7%92%D7%93%D7%95%D7%9C,https://jus-tice.co.il/child-support/,UNKNOWN,NEEDS_CONTENT_REVIEW,LOW,0,96,301_IF_APPROVED,NO,DRAFT_NOT_EXECUTED,Do not execute before owner approval and final target verification.
https://jus-tice.co.il/1027470-24,UNKNOWN_FINAL_TARGET_NEEDED,UNKNOWN,NEEDS_CLUSTER_CLASSIFICATION,LOW,1,474,301_IF_APPROVED,NO,DRAFT_NOT_EXECUTED,Do not execute before owner approval and final target verification.
https://jus-tice.co.il/10284-05-21,UNKNOWN_FINAL_TARGET_NEEDED,UNKNOWN,NEEDS_CLUSTER_CLASSIFICATION,LOW,2,68,301_IF_APPROVED,NO,DRAFT_NOT_EXECUTED,Do not execute before owner approval and final target verification.
https://jus-tice.co.il/10918-10-19,UNKNOWN_FINAL_TARGET_NEEDED,UNKNOWN,NEEDS_CLUSTER_CLASSIFICATION,LOW,0,40,301_IF_APPROVED,NO,DRAFT_NOT_EXECUTED,Do not execute before owner approval and final target verification.
https://jus-tice.co.il/11314-01-23,UNKNOWN_FINAL_TARGET_NEEDED,UNKNOWN,NEEDS_CLUSTER_CLASSIFICATION,MEDIUM,19,892,301_IF_APPROVED,NO,DRAFT_NOT_EXECUTED,Do not execute before owner approval and final target verification.
https://jus-tice.co.il/1170551-5-%D7%91%D7%99%D7%94%D7%93-%D7%AA%D7%9C-%D7%90%D7%91%D7%99%D7%91-%D7%99%D7%A4%D7%95,UNKNOWN_FINAL_TARGET_NEEDED,UNKNOWN,NEEDS_CLUSTER_CLASSIFICATION,LOW,4,339,301_IF_APPROVED,NO,DRAFT_NOT_EXECUTED,Do not execute before owner approval and final target verification.
https://jus-tice.co.il/1265026-5-%D7%A8%D7%91%D7%A0%D7%99-%D7%97%D7%99%D7%A4%D7%94,UNKNOWN_FINAL_TARGET_NEEDED,UNKNOWN,NEEDS_CLUSTER_CLASSIFICATION,LOW,3,90,301_IF_APPROVED,NO,DRAFT_NOT_EXECUTED,Do not execute before owner approval and final target verification.
https://jus-tice.co.il/1303799/4,https://jus-tice.co.il/family-law-needs-slug-review/,UNKNOWN,NEEDS_MERGE_REVIEW,LOW,8,738,301_IF_APPROVED,NO,DRAFT_NOT_EXECUTED,Do not execute before owner approval and final target verification.
https://jus-tice.co.il/1312042-4-%D7%91%D7%99%D7%94%D7%93-%D7%94%D7%92%D7%93%D7%95%D7%9C,UNKNOWN_FINAL_TARGET_NEEDED,UNKNOWN,NEEDS_CLUSTER_CLASSIFICATION,MEDIUM,3,1327,301_IF_APPROVED,NO,DRAFT_NOT_EXECUTED,Do not execute before owner approval and final target verification.
https://jus-tice.co.il/1331339-1,https://jus-tice.co.il/divorce-agreement/,UNKNOWN,NEEDS_MERGE_REVIEW,LOW,2,280,301_IF_APPROVED,NO,DRAFT_NOT_EXECUTED,Do not execute before owner approval and final target verification.
https://jus-tice.co.il/1331339-3,UNKNOWN_FINAL_TARGET_NEEDED,UNKNOWN,NEEDS_MERGE_REVIEW,LOW,0,101,301_IF_APPROVED,NO,DRAFT_NOT_EXECUTED,Do not execute before owner approval and final target verification.
https://jus-tice.co.il/1338971-12,UNKNOWN_FINAL_TARGET_NEEDED,UNKNOWN,NEEDS_CLUSTER_CLASSIFICATION,LOW,1,28,301_IF_APPROVED,NO,DRAFT_NOT_EXECUTED,Do not execute before owner approval and final target verification.
https://jus-tice.co.il/1355956-3,UNKNOWN_FINAL_TARGET_NEEDED,UNKNOWN,NEEDS_CLUSTER_CLASSIFICATION,LOW,9,442,301_IF_APPROVED,NO,DRAFT_NOT_EXECUTED,Do not execute before owner approval and final target verification.
https://jus-tice.co.il/1360470/5,UNKNOWN_FINAL_TARGET_NEEDED,UNKNOWN,NEEDS_CLUSTER_CLASSIFICATION,MEDIUM,12,1467,301_IF_APPROVED,NO,DRAFT_NOT_EXECUTED,Do not execute before owner approval and final target verification.
https://jus-tice.co.il/1386569-6,UNKNOWN_FINAL_TARGET_NEEDED,UNKNOWN,NEEDS_CLUSTER_CLASSIFICATION,LOW,2,228,301_IF_APPROVED,NO,DRAFT_NOT_EXECUTED,Do not execute before owner approval and final target verification.
https://jus-tice.co.il/1394399-1,UNKNOWN_FINAL_TARGET_NEEDED,UNKNOWN,NEEDS_CLUSTER_CLASSIFICATION,LOW,6,291,301_IF_APPROVED,NO,DRAFT_NOT_EXECUTED,Do not execute before owner approval and final target verification.
https://jus-tice.co.il/1396562-2,https://jus-tice.co.il/child-support/,1396562,NEEDS_CONTENT_REVIEW,UNKNOWN,UNKNOWN,UNKNOWN,301_IF_APPROVED,NO,DRAFT_NOT_EXECUTED,Do not execute before owner approval and final target verification.
https://jus-tice.co.il/14434-07-22,UNKNOWN_FINAL_TARGET_NEEDED,UNKNOWN,NEEDS_CLUSTER_CLASSIFICATION,MEDIUM,8,1925,301_IF_APPROVED,NO,DRAFT_NOT_EXECUTED,Do not execute before owner approval and final target verification.
https://jus-tice.co.il/1495176/4,UNKNOWN_FINAL_TARGET_NEEDED,UNKNOWN,NEEDS_CLUSTER_CLASSIFICATION,LOW,5,761,301_IF_APPROVED,NO,DRAFT_NOT_EXECUTED,Do not execute before owner approval and final target verification.
https://jus-tice.co.il/1509592-1,UNKNOWN_FINAL_TARGET_NEEDED,UNKNOWN,NEEDS_CLUSTER_CLASSIFICATION,LOW,1,44,301_IF_APPROVED,NO,DRAFT_NOT_EXECUTED,Do not execute before owner approval and final target verification.
https://jus-tice.co.il/1520884-1,https://jus-tice.co.il/family-law-needs-slug-review/,UNKNOWN,NEEDS_MERGE_REVIEW,LOW,5,541,301_IF_APPROVED,NO,DRAFT_NOT_EXECUTED,Do not execute before owner approval and final target verification.
https://jus-tice.co.il/15443-09-20,UNKNOWN_FINAL_TARGET_NEEDED,UNKNOWN,NEEDS_CLUSTER_CLASSIFICATION,LOW,4,788,301_IF_APPROVED,NO,DRAFT_NOT_EXECUTED,Do not execute before owner approval and final target verification.
https://jus-tice.co.il/17044-12-22,UNKNOWN_FINAL_TARGET_NEEDED,UNKNOWN,DO_NOT_TOUCH_HIGH_TRAFFIC_URL,HIGH,132,2111,301_IF_APPROVED,NO,DRAFT_NOT_EXECUTED,Do not execute before owner approval and final target verification.
https://jus-tice.co.il/18744-11-18,https://jus-tice.co.il/legal-database-rulings-needs-slug-review/,UNKNOWN,NEEDS_CONTENT_REVIEW,MEDIUM,15,794,301_IF_APPROVED,NO,DRAFT_NOT_EXECUTED,Do not execute before owner approval and final target verification.
https://jus-tice.co.il/18834-05-20,https://jus-tice.co.il/family-law-needs-slug-review/,UNKNOWN,NEEDS_CONTENT_REVIEW,MEDIUM,10,696,301_IF_APPROVED,NO,DRAFT_NOT_EXECUTED,Do not execute before owner approval and final target verification.
https://jus-tice.co.il/20-%D7%98%D7%99%D7%A4%D7%99%D7%9D-%D7%9C%D7%AA%D7%91%D7%99%D7%A2%D7%AA-%D7%A8%D7%A9%D7%9C%D7%A0%D7%95%D7%AA-%D7%A8%D7%A4%D7%95%D7%90%D7%99%D7%AA,https://jus-tice.co.il/medical-malpractice-lawyer/,UNKNOWN,NEEDS_CONTENT_REVIEW,LOW,0,279,301_IF_APPROVED,NO,DRAFT_NOT_EXECUTED,Do not execute before owner approval and final target verification.
https://jus-tice.co.il/2015-2016-major-supreme-court-ruling,https://jus-tice.co.il/legal-database-rulings-needs-slug-review/,UNKNOWN,NEEDS_CONTENT_REVIEW,MEDIUM,13,1975,301_IF_APPROVED,NO,DRAFT_NOT_EXECUTED,Do not execute before owner approval and final target verification.
https://jus-tice.co.il/2017-2018-major-supreme-court-ruling,https://jus-tice.co.il/legal-database-rulings-needs-slug-review/,UNKNOWN,NEEDS_CONTENT_REVIEW,MEDIUM,9,2075,301_IF_APPROVED,NO,DRAFT_NOT_EXECUTED,Do not execute before owner approval and final target verification.
https://jus-tice.co.il/2018-2019-major-supreme-court-ruling,https://jus-tice.co.il/legal-database-rulings-needs-slug-review/,UNKNOWN,NEEDS_CONTENT_REVIEW,LOW,7,546,301_IF_APPROVED,NO,DRAFT_NOT_EXECUTED,Do not execute before owner approval and final target verification.
https://jus-tice.co.il/2019-2020-major-supreme-court-ruling,https://jus-tice.co.il/legal-database-rulings-needs-slug-review/,UNKNOWN,NEEDS_MERGE_REVIEW,LOW,7,993,301_IF_APPROVED,NO,DRAFT_NOT_EXECUTED,Do not execute before owner approval and final target verification.
https://jus-tice.co.il/20847-10-23,UNKNOWN_FINAL_TARGET_NEEDED,UNKNOWN,NEEDS_CLUSTER_CLASSIFICATION,MEDIUM,33,2481,301_IF_APPROVED,NO,DRAFT_NOT_EXECUTED,Do not execute before owner approval and final target verification.
https://jus-tice.co.il/209051/11,UNKNOWN_FINAL_TARGET_NEEDED,UNKNOWN,NEEDS_MERGE_REVIEW,LOW,0,138,301_IF_APPROVED,NO,DRAFT_NOT_EXECUTED,Do not execute before owner approval and final target verification.
https://jus-tice.co.il/21213-04-18,https://jus-tice.co.il/family-law-needs-slug-review/,UNKNOWN,NEEDS_MERGE_REVIEW,MEDIUM,14,1749,301_IF_APPROVED,NO,DRAFT_NOT_EXECUTED,Do not execute before owner approval and final target verification.
https://jus-tice.co.il/21336-03-22,UNKNOWN_FINAL_TARGET_NEEDED,UNKNOWN,NEEDS_CLUSTER_CLASSIFICATION,LOW,3,281,301_IF_APPROVED,NO,DRAFT_NOT_EXECUTED,Do not execute before owner approval and final target verification.
https://jus-tice.co.il/2542-10-22,UNKNOWN_FINAL_TARGET_NEEDED,UNKNOWN,NEEDS_CLUSTER_CLASSIFICATION,LOW,8,285,301_IF_APPROVED,NO,DRAFT_NOT_EXECUTED,Do not execute before owner approval and final target verification.
https://jus-tice.co.il/26082021-%D7%A9%D7%97%D7%A8%D7%95%D7%A8-%D7%96%D7%93%D7%95%D7%A8%D7%95%D7%91-%D7%9C%D7%9E%D7%A2%D7%A6%D7%A8-%D7%91%D7%99%D7%AA-%D7%A4%D7%A1%D7%A7-%D7%93%D7%99%D7%9F-%D7%9E%D7%9C%D7%90-%D7%91%D7%A9%D7%A4-5743-%D7%9E%D7%93%D7%99%D7%A0%D7%AA-%D7%99%D7%A9%D7%A8%D7%90%D7%9C-%D7%A0-%D7%A8%D7%95%D7%9E%D7%9F-%D7%96%D7%93%D7%95%D7%A8%D7%95%D7%91,https://jus-tice.co.il/pretrial-detention/,UNKNOWN,NEEDS_CONTENT_REVIEW,LOW,3,811,301_IF_APPROVED,NO,DRAFT_NOT_EXECUTED,Do not execute before owner approval and final target verification.
https://jus-tice.co.il/27404-01-23,UNKNOWN_FINAL_TARGET_NEEDED,UNKNOWN,NEEDS_CLUSTER_CLASSIFICATION,LOW,5,945,301_IF_APPROVED,NO,DRAFT_NOT_EXECUTED,Do not execute before owner approval and final target verification.
https://jus-tice.co.il/30767-05-21,UNKNOWN_FINAL_TARGET_NEEDED,UNKNOWN,DO_NOT_TOUCH_HIGH_TRAFFIC_URL,HIGH,55,1749,301_IF_APPROVED,NO,DRAFT_NOT_EXECUTED,Do not execute before owner approval and final target verification.
https://jus-tice.co.il/32292-3-%D7%A8%D7%91%D7%A0%D7%99-%D7%90%D7%A9%D7%93%D7%95%D7%93,UNKNOWN_FINAL_TARGET_NEEDED,UNKNOWN,NEEDS_CLUSTER_CLASSIFICATION,MEDIUM,5,1060,301_IF_APPROVED,NO,DRAFT_NOT_EXECUTED,Do not execute before owner approval and final target verification.
https://jus-tice.co.il/33316-07-19,https://jus-tice.co.il/child-support/,UNKNOWN,NEEDS_MERGE_REVIEW,MEDIUM,12,2001,301_IF_APPROVED,NO,DRAFT_NOT_EXECUTED,Do not execute before owner approval and final target verification.
https://jus-tice.co.il/35557-01-22,UNKNOWN_FINAL_TARGET_NEEDED,UNKNOWN,NEEDS_CLUSTER_CLASSIFICATION,MEDIUM,25,2305,301_IF_APPROVED,NO,DRAFT_NOT_EXECUTED,Do not execute before owner approval and final target verification.
https://jus-tice.co.il/3695-02-19-labour-court-decision,https://jus-tice.co.il/legal-database-rulings-needs-slug-review/,UNKNOWN,NEEDS_CONTENT_REVIEW,LOW,4,324,301_IF_APPROVED,NO,DRAFT_NOT_EXECUTED,Do not execute before owner approval and final target verification.
https://jus-tice.co.il/3859-11-20,UNKNOWN_FINAL_TARGET_NEEDED,UNKNOWN,NEEDS_CLUSTER_CLASSIFICATION,MEDIUM,13,2321,301_IF_APPROVED,NO,DRAFT_NOT_EXECUTED,Do not execute before owner approval and final target verification.
https://jus-tice.co.il/39040-09-22,UNKNOWN_FINAL_TARGET_NEEDED,UNKNOWN,NEEDS_CLUSTER_CLASSIFICATION,LOW,0,241,301_IF_APPROVED,NO,DRAFT_NOT_EXECUTED,Do not execute before owner approval and final target verification.
https://jus-tice.co.il/3922-01-24,UNKNOWN_FINAL_TARGET_NEEDED,UNKNOWN,NEEDS_CLUSTER_CLASSIFICATION,LOW,2,89,301_IF_APPROVED,NO,DRAFT_NOT_EXECUTED,Do not execute before owner approval and final target verification.
https://jus-tice.co.il/39514-09-19,UNKNOWN_FINAL_TARGET_NEEDED,UNKNOWN,NEEDS_CLUSTER_CLASSIFICATION,MEDIUM,21,1067,301_IF_APPROVED,NO,DRAFT_NOT_EXECUTED,Do not execute before owner approval and final target verification.
https://jus-tice.co.il/40939-11-19,UNKNOWN_FINAL_TARGET_NEEDED,UNKNOWN,NEEDS_CLUSTER_CLASSIFICATION,MEDIUM,14,1050,301_IF_APPROVED,NO,DRAFT_NOT_EXECUTED,Do not execute before owner approval and final target verification.
https://jus-tice.co.il/42471-05-24,UNKNOWN_FINAL_TARGET_NEEDED,UNKNOWN,NEEDS_CLUSTER_CLASSIFICATION,LOW,2,69,301_IF_APPROVED,NO,DRAFT_NOT_EXECUTED,Do not execute before owner approval and final target verification.
https://jus-tice.co.il/42908-08-24,UNKNOWN_FINAL_TARGET_NEEDED,UNKNOWN,NEEDS_CLUSTER_CLASSIFICATION,MEDIUM,17,1410,301_IF_APPROVED,NO,DRAFT_NOT_EXECUTED,Do not execute before owner approval and final target verification.
https://jus-tice.co.il/44688-10-22,https://jus-tice.co.il/legal-database-rulings-needs-slug-review/,UNKNOWN,NEEDS_CONTENT_REVIEW,LOW,5,206,301_IF_APPROVED,NO,DRAFT_NOT_EXECUTED,Do not execute before owner approval and final target verification.
https://jus-tice.co.il/45983-03-22,UNKNOWN_FINAL_TARGET_NEEDED,UNKNOWN,NEEDS_CLUSTER_CLASSIFICATION,LOW,1,55,301_IF_APPROVED,NO,DRAFT_NOT_EXECUTED,Do not execute before owner approval and final target verification.
https://jus-tice.co.il/47565-12-18,UNKNOWN_FINAL_TARGET_NEEDED,UNKNOWN,NEEDS_CLUSTER_CLASSIFICATION,LOW,2,39,301_IF_APPROVED,NO,DRAFT_NOT_EXECUTED,Do not execute before owner approval and final target verification.
https://jus-tice.co.il/47795-09-20,UNKNOWN_FINAL_TARGET_NEEDED,UNKNOWN,NEEDS_CLUSTER_CLASSIFICATION,LOW,3,469,301_IF_APPROVED,NO,DRAFT_NOT_EXECUTED,Do not execute before owner approval and final target verification.
https://jus-tice.co.il/51377-12-23,UNKNOWN_FINAL_TARGET_NEEDED,UNKNOWN,NEEDS_CLUSTER_CLASSIFICATION,LOW,1,5,301_IF_APPROVED,NO,DRAFT_NOT_EXECUTED,Do not execute before owner approval and final target verification.
https://jus-tice.co.il/52705-01-20,UNKNOWN_FINAL_TARGET_NEEDED,UNKNOWN,NEEDS_CLUSTER_CLASSIFICATION,MEDIUM,14,1233,301_IF_APPROVED,NO,DRAFT_NOT_EXECUTED,Do not execute before owner approval and final target verification.
https://jus-tice.co.il/52923-11-20,UNKNOWN_FINAL_TARGET_NEEDED,UNKNOWN,NEEDS_CLUSTER_CLASSIFICATION,MEDIUM,22,866,301_IF_APPROVED,NO,DRAFT_NOT_EXECUTED,Do not execute before owner approval and final target verification.
https://jus-tice.co.il/53431-10-21,UNKNOWN_FINAL_TARGET_NEEDED,UNKNOWN,DO_NOT_TOUCH_HIGH_TRAFFIC_URL,HIGH,73,10182,301_IF_APPROVED,NO,DRAFT_NOT_EXECUTED,Do not execute before owner approval and final target verification.
https://jus-tice.co.il/53556-05-18,UNKNOWN_FINAL_TARGET_NEEDED,UNKNOWN,NEEDS_CLUSTER_CLASSIFICATION,MEDIUM,19,1062,301_IF_APPROVED,NO,DRAFT_NOT_EXECUTED,Do not execute before owner approval and final target verification.
https://jus-tice.co.il/54044-04-22cancel-criminal-proceedings,https://jus-tice.co.il/criminal-law-needs-slug-review/,UNKNOWN,NEEDS_CONTENT_REVIEW,MEDIUM,5,1660,301_IF_APPROVED,NO,DRAFT_NOT_EXECUTED,Do not execute before owner approval and final target verification.
https://jus-tice.co.il/54220-09-20,UNKNOWN_FINAL_TARGET_NEEDED,UNKNOWN,NEEDS_CLUSTER_CLASSIFICATION,LOW,4,54,301_IF_APPROVED,NO,DRAFT_NOT_EXECUTED,Do not execute before owner approval and final target verification.
https://jus-tice.co.il/55188-07-20,UNKNOWN_FINAL_TARGET_NEEDED,UNKNOWN,NEEDS_CLUSTER_CLASSIFICATION,MEDIUM,15,1694,301_IF_APPROVED,NO,DRAFT_NOT_EXECUTED,Do not execute before owner approval and final target verification.
https://jus-tice.co.il/5585-04-22estate-trust-legal-judgment,https://jus-tice.co.il/legal-database-rulings-needs-slug-review/,UNKNOWN,NEEDS_CONTENT_REVIEW,LOW,9,274,301_IF_APPROVED,NO,DRAFT_NOT_EXECUTED,Do not execute before owner approval and final target verification.
https://jus-tice.co.il/5988-21,UNKNOWN_FINAL_TARGET_NEEDED,UNKNOWN,NEEDS_CLUSTER_CLASSIFICATION,MEDIUM,27,3680,301_IF_APPROVED,NO,DRAFT_NOT_EXECUTED,Do not execute before owner approval and final target verification.
https://jus-tice.co.il/60877-12-24,UNKNOWN_FINAL_TARGET_NEEDED,UNKNOWN,NEEDS_CLUSTER_CLASSIFICATION,LOW,2,124,301_IF_APPROVED,NO,DRAFT_NOT_EXECUTED,Do not execute before owner approval and final target verification.
https://jus-tice.co.il/62758-11-22,https://jus-tice.co.il/legal-database-rulings-needs-slug-review/,UNKNOWN,NEEDS_MERGE_REVIEW,MEDIUM,10,934,301_IF_APPROVED,NO,DRAFT_NOT_EXECUTED,Do not execute before owner approval and final target verification.
https://jus-tice.co.il/69430-06-20,UNKNOWN_FINAL_TARGET_NEEDED,UNKNOWN,NEEDS_CLUSTER_CLASSIFICATION,MEDIUM,45,2898,301_IF_APPROVED,NO,DRAFT_NOT_EXECUTED,Do not execute before owner approval and final target verification.
https://jus-tice.co.il/7-reasons-why-you-need-a-prenup,https://jus-tice.co.il/prenuptial-agreement/,UNKNOWN,NEEDS_MERGE_REVIEW,MEDIUM,2,1033,301_IF_APPROVED,NO,DRAFT_NOT_EXECUTED,Do not execute before owner approval and final target verification.
https://jus-tice.co.il/70703-09-24,UNKNOWN_FINAL_TARGET_NEEDED,UNKNOWN,NEEDS_CLUSTER_CLASSIFICATION,LOW,9,352,301_IF_APPROVED,NO,DRAFT_NOT_EXECUTED,Do not execute before owner approval and final target verification.
https://jus-tice.co.il/74657-12-20,UNKNOWN_FINAL_TARGET_NEEDED,UNKNOWN,NEEDS_CLUSTER_CLASSIFICATION,MEDIUM,15,756,301_IF_APPROVED,NO,DRAFT_NOT_EXECUTED,Do not execute before owner approval and final target verification.
https://jus-tice.co.il/75054-07-19,UNKNOWN_FINAL_TARGET_NEEDED,UNKNOWN,NEEDS_CLUSTER_CLASSIFICATION,MEDIUM,21,4262,301_IF_APPROVED,NO,DRAFT_NOT_EXECUTED,Do not execute before owner approval and final target verification.
https://jus-tice.co.il/7808/21,UNKNOWN_FINAL_TARGET_NEEDED,UNKNOWN,NEEDS_CLUSTER_CLASSIFICATION,MEDIUM,45,1755,301_IF_APPROVED,NO,DRAFT_NOT_EXECUTED,Do not execute before owner approval and final target verification.
https://jus-tice.co.il/8773-11-22,UNKNOWN_FINAL_TARGET_NEEDED,UNKNOWN,NEEDS_CLUSTER_CLASSIFICATION,LOW,2,122,301_IF_APPROVED,NO,DRAFT_NOT_EXECUTED,Do not execute before owner approval and final target verification.
https://jus-tice.co.il/879928-4,UNKNOWN_FINAL_TARGET_NEEDED,UNKNOWN,NEEDS_CLUSTER_CLASSIFICATION,LOW,1,134,301_IF_APPROVED,NO,DRAFT_NOT_EXECUTED,Do not execute before owner approval and final target verification.
https://jus-tice.co.il/8935-09-22,UNKNOWN_FINAL_TARGET_NEEDED,UNKNOWN,NEEDS_CLUSTER_CLASSIFICATION,MEDIUM,18,1204,301_IF_APPROVED,NO,DRAFT_NOT_EXECUTED,Do not execute before owner approval and final target verification.
https://jus-tice.co.il/9230-03-20,UNKNOWN_FINAL_TARGET_NEEDED,UNKNOWN,DO_NOT_TOUCH_HIGH_TRAFFIC_URL,HIGH,18,5741,301_IF_APPROVED,NO,DRAFT_NOT_EXECUTED,Do not execute before owner approval and final target verification.
https://jus-tice.co.il/?sfid=335&sf_action=get_data&sf_data=form,UNKNOWN_FINAL_TARGET_NEEDED,UNKNOWN,NEEDS_CLUSTER_CLASSIFICATION,LOW,0,3,301_IF_APPROVED,NO,DRAFT_NOT_EXECUTED,Do not execute before owner approval and final target verification.
https://jus-tice.co.il/about-cyprus,UNKNOWN_FINAL_TARGET_NEEDED,UNKNOWN,DO_NOT_TOUCH_HIGH_TRAFFIC_URL,HIGH,8,7401,301_IF_APPROVED,NO,DRAFT_NOT_EXECUTED,Do not execute before owner approval and final target verification.
https://jus-tice.co.il/about-usa,UNKNOWN_FINAL_TARGET_NEEDED,UNKNOWN,DO_NOT_TOUCH_HIGH_TRAFFIC_URL,HIGH,41,33775,301_IF_APPROVED,NO,DRAFT_NOT_EXECUTED,Do not execute before owner approval and final target verification.
https://jus-tice.co.il/abuse-of-process,UNKNOWN_FINAL_TARGET_NEEDED,UNKNOWN,NEEDS_CLUSTER_CLASSIFICATION,MEDIUM,26,1625,301_IF_APPROVED,NO,DRAFT_NOT_EXECUTED,Do not execute before owner approval and final target verification.
https://jus-tice.co.il/access_to_healthcare_for_migrants_in_portugal,https://jus-tice.co.il/notary-foreign-needs-slug-review/,UNKNOWN,NEEDS_CONTENT_REVIEW,LOW,3,259,301_IF_APPROVED,NO,DRAFT_NOT_EXECUTED,Do not execute before owner approval and final target verification.
https://jus-tice.co.il/accountant,UNKNOWN_FINAL_TARGET_NEEDED,UNKNOWN,DO_NOT_TOUCH_HIGH_TRAFFIC_URL,HIGH,1,6068,301_IF_APPROVED,NO,DRAFT_NOT_EXECUTED,Do not execute before owner approval and final target verification.
https://jus-tice.co.il/admission-to-practice-law,UNKNOWN_FINAL_TARGET_NEEDED,UNKNOWN,DO_NOT_TOUCH_HIGH_TRAFFIC_URL,HIGH,23,7118,301_IF_APPROVED,NO,DRAFT_NOT_EXECUTED,Do not execute before owner approval and final target verification.
https://jus-tice.co.il/adoption-usa,UNKNOWN_FINAL_TARGET_NEEDED,UNKNOWN,NEEDS_CLUSTER_CLASSIFICATION,MEDIUM,37,3431,301_IF_APPROVED,NO,DRAFT_NOT_EXECUTED,Do not execute before owner approval and final target verification.
https://jus-tice.co.il/ai-lawyer-ranking,UNKNOWN_FINAL_TARGET_NEEDED,UNKNOWN,DO_NOT_TOUCH_HIGH_TRAFFIC_URL,HIGH,49,6061,301_IF_APPROVED,NO,DRAFT_NOT_EXECUTED,Do not execute before owner approval and final target verification.
https://jus-tice.co.il/american-bar-association,UNKNOWN_FINAL_TARGET_NEEDED,UNKNOWN,NEEDS_CLUSTER_CLASSIFICATION,MEDIUM,46,4389,301_IF_APPROVED,NO,DRAFT_NOT_EXECUTED,Do not execute before owner approval and final target verification.
https://jus-tice.co.il/americas-best-law-schools,UNKNOWN_FINAL_TARGET_NEEDED,UNKNOWN,NEEDS_CLUSTER_CLASSIFICATION,MEDIUM,44,2683,301_IF_APPROVED,NO,DRAFT_NOT_EXECUTED,Do not execute before owner approval and final target verification.
https://jus-tice.co.il/anesthesia-medical-malpractice,https://jus-tice.co.il/medical-malpractice-lawyer/,UNKNOWN,NEEDS_CONTENT_REVIEW,MEDIUM,2,3296,301_IF_APPROVED,NO,DRAFT_NOT_EXECUTED,Do not execute before owner approval and final target verification.
https://jus-tice.co.il/anthony-julius,UNKNOWN_FINAL_TARGET_NEEDED,UNKNOWN,NEEDS_CLUSTER_CLASSIFICATION,LOW,1,91,301_IF_APPROVED,NO,DRAFT_NOT_EXECUTED,Do not execute before owner approval and final target verification.
https://jus-tice.co.il/antigua-and-barbuda-lawyers,UNKNOWN_FINAL_TARGET_NEEDED,UNKNOWN,NEEDS_CLUSTER_CLASSIFICATION,LOW,6,651,301_IF_APPROVED,NO,DRAFT_NOT_EXECUTED,Do not execute before owner approval and final target verification.
https://jus-tice.co.il/apartment,https://jus-tice.co.il/buying-apartment/,UNKNOWN,DO_NOT_TOUCH_HIGH_TRAFFIC_URL,HIGH,6,12916,301_IF_APPROVED,NO,DRAFT_NOT_EXECUTED,Do not execute before owner approval and final target verification.
https://jus-tice.co.il/apostille,https://jus-tice.co.il/notary-foreign-needs-slug-review/,UNKNOWN,DO_NOT_TOUCH_HIGH_TRAFFIC_URL,HIGH,0,6588,301_IF_APPROVED,NO,DRAFT_NOT_EXECUTED,Do not execute before owner approval and final target verification.
https://jus-tice.co.il/application-for-extension-of-detention-form,https://jus-tice.co.il/criminal-law-needs-slug-review/,UNKNOWN,NEEDS_CONTENT_REVIEW,MEDIUM,4,1223,301_IF_APPROVED,NO,DRAFT_NOT_EXECUTED,Do not execute before owner approval and final target verification.
https://jus-tice.co.il/apply-for-police-criminal-information-certificates,https://jus-tice.co.il/criminal-law-needs-slug-review/,UNKNOWN,DO_NOT_TOUCH_HIGH_TRAFFIC_URL,HIGH,188,38667,301_IF_APPROVED,NO,DRAFT_NOT_EXECUTED,Do not execute before owner approval and final target verification.
https://jus-tice.co.il/arbitration-dispute-between-partners-law-firm,UNKNOWN_FINAL_TARGET_NEEDED,UNKNOWN,NEEDS_CLUSTER_CLASSIFICATION,MEDIUM,23,540,301_IF_APPROVED,NO,DRAFT_NOT_EXECUTED,Do not execute before owner approval and final target verification.
https://jus-tice.co.il/argentina-lawyers,UNKNOWN_FINAL_TARGET_NEEDED,UNKNOWN,NEEDS_CLUSTER_CLASSIFICATION,MEDIUM,44,891,301_IF_APPROVED,NO,DRAFT_NOT_EXECUTED,Do not execute before owner approval and final target verification.
https://jus-tice.co.il/arrested-abroad-il,https://jus-tice.co.il/criminal-law-needs-slug-review/,UNKNOWN,DO_NOT_TOUCH_HIGH_TRAFFIC_URL,HIGH,86,6515,301_IF_APPROVED,NO,DRAFT_NOT_EXECUTED,Do not execute before owner approval and final target verification.
https://jus-tice.co.il/articles,UNKNOWN_FINAL_TARGET_NEEDED,UNKNOWN,NEEDS_CLUSTER_CLASSIFICATION,LOW,0,22,301_IF_APPROVED,NO,DRAFT_NOT_EXECUTED,Do not execute before owner approval and final target verification.
https://jus-tice.co.il/articles/%25d7%2598%25d7%2595%25d7%25a4%25d7%25a1-161-%25d7%2594%25d7%2595%25d7%2593%25d7%25a2%25d7%25aa-%25d7%259e%25d7%25a2%25d7%2591%25d7%2599%25d7%2593-%25d7%25a2%25d7%259c-%25d7%25a4%25d7%25a8%25d7%2599%25d7%25a9%25d7%25aa-%25d7%25a2%25d7%2595%25d7%2591%25d7%2593-%25d7%259e%25d7%259e%25d7%25a7%25d7%2595%25d7%259d-%25d7%25a2,https://jus-tice.co.il/legal-database-rulings-needs-slug-review/,UNKNOWN,NEEDS_CONTENT_REVIEW,LOW,1,115,301_IF_APPROVED,NO,DRAFT_NOT_EXECUTED,Do not execute before owner approval and final target verification.
https://jus-tice.co.il/articles/%D7%90%D7%99%D7%9A-%D7%9C%D7%91%D7%97%D7%95%D7%A8-%D7%9E%D7%A9%D7%A8%D7%93-%D7%A2%D7%95%D7%A8%D7%9A-%D7%93%D7%99%D7%9F-%D7%92%D7%99%D7%A8%D7%95%D7%A9%D7%99%D7%9F-%D7%9B%D7%A9%D7%9E%D7%AA%D7%92%D7%A8,https://jus-tice.co.il/divorce-lawyer/,UNKNOWN,NEEDS_CONTENT_REVIEW,MEDIUM,1,1429,301_IF_APPROVED,NO,DRAFT_NOT_EXECUTED,Do not execute before owner approval and final target verification.
https://jus-tice.co.il/articles/%D7%90%D7%99%D7%A1%D7%95%D7%A8-%D7%A4%D7%A8%D7%A1%D7%95%D7%9D-%D7%A9%D7%9C-%D7%97%D7%95%D7%95%D7%AA-%D7%93%D7%A2%D7%AA-%D7%9C%D7%A2%D7%A0%D7%99%D7%99%D7%9F-%D7%94%D7%9E%D7%A1%D7%95%D7%92%D7%9C%D7%95,https://jus-tice.co.il/tax-law-needs-slug-review/,UNKNOWN,NEEDS_MERGE_REVIEW,LOW,1,243,301_IF_APPROVED,NO,DRAFT_NOT_EXECUTED,Do not execute before owner approval and final target verification.
https://jus-tice.co.il/articles/%D7%90%D7%99%D7%A4%D7%94-%D7%94%D7%9B%D7%99-%D7%9E%D7%A9%D7%AA%D7%9C%D7%9D-%D7%9C%D7%99%D7%A9%D7%A8%D7%90%D7%9C%D7%99%D7%9D-%D7%9C%D7%A7%D7%A0%D7%95%D7%AA-%D7%A0%D7%93%D7%9C%D7%9F-%D7%91%D7%A2%D7%95,https://jus-tice.co.il/real-estate-needs-slug-review/,UNKNOWN,NEEDS_CONTENT_REVIEW,MEDIUM,3,3473,301_IF_APPROVED,NO,DRAFT_NOT_EXECUTED,Do not execute before owner approval and final target verification.
https://jus-tice.co.il/articles/%D7%90%D7%99%D7%AA%D7%95%D7%A8-%D7%A2%D7%95%D7%A8%D7%9A-%D7%93%D7%99%D7%9F-%D7%9E%D7%A6%D7%99%D7%90%D7%AA-%D7%A2%D7%95%D7%A8%D7%9A-%D7%93%D7%99%D7%9F-%D7%9E%D7%95%D7%A1%D7%9E%D7%9A-%D7%A7%D7%A8,UNKNOWN_FINAL_TARGET_NEEDED,UNKNOWN,NEEDS_CLUSTER_CLASSIFICATION,MEDIUM,19,4773,301_IF_APPROVED,NO,DRAFT_NOT_EXECUTED,Do not execute before owner approval and final target verification.
https://jus-tice.co.il/articles/%D7%90%D7%99%D7%AA%D7%9F-%D7%94%D7%90%D7%96%D7%A8%D7%97%D7%99-%D7%95%D7%A9%D7%95%D7%AA-%D7%9E%D7%A9%D7%A8%D7%93-%D7%A2%D7%95%D7%A8%D7%9B%D7%99-%D7%93%D7%99%D7%9F,UNKNOWN_FINAL_TARGET_NEEDED,UNKNOWN,NEEDS_CLUSTER_CLASSIFICATION,LOW,9,777,301_IF_APPROVED,NO,DRAFT_NOT_EXECUTED,Do not execute before owner approval and final target verification.
https://jus-tice.co.il/articles/%D7%90%D7%9C%D7%99%D7%9E%D7%95%D7%AA-%D7%9B%D7%9C%D7%A4%D7%99-%D7%A0%D7%A9%D7%99%D7%9D-%D7%94%D7%96%D7%9B%D7%95%D7%AA-%D7%A9%D7%9C-%D7%94%D7%90%D7%99%D7%A9%D7%94-%D7%A9%D7%94%D7%90%D7%99,UNKNOWN_FINAL_TARGET_NEEDED,UNKNOWN,NEEDS_CLUSTER_CLASSIFICATION,LOW,8,365,301_IF_APPROVED,NO,DRAFT_NOT_EXECUTED,Do not execute before owner approval and final target verification.
https://jus-tice.co.il/articles/%D7%90%D7%9C%D7%9E%D7%95%D7%92-%D7%A9%D7%A4%D7%99%D7%A8%D7%90-%D7%97%D7%91%D7%A8%D7%AA-%D7%A2%D7%95%D7%A8%D7%9B%D7%99-%D7%93%D7%99%D7%9F,UNKNOWN_FINAL_TARGET_NEEDED,UNKNOWN,NEEDS_CLUSTER_CLASSIFICATION,LOW,0,278,301_IF_APPROVED,NO,DRAFT_NOT_EXECUTED,Do not execute before owner approval and final target verification.
https://jus-tice.co.il/articles/%D7%90%D7%A7%D7%98%D7%95%D7%90%D7%A8-%D7%9E%D7%94%D7%95-%D7%9E%D7%93%D7%A2-%D7%94%D7%90%D7%A7%D7%98%D7%95%D7%90%D7%A8%D7%99%D7%94,UNKNOWN_FINAL_TARGET_NEEDED,UNKNOWN,DO_NOT_TOUCH_HIGH_TRAFFIC_URL,HIGH,10,13725,301_IF_APPROVED,NO,DRAFT_NOT_EXECUTED,Do not execute before owner approval and final target verification.
https://jus-tice.co.il/articles/%D7%91%D7%92%D7%A6-%D7%93%D7%A8%D7%A2%D7%99-2023-%D7%AA%D7%99%D7%A7%D7%95%D7%9F-%D7%97%D7%95%D7%A7-%D7%99%D7%A1%D7%95%D7%93-%D7%94%D7%9E%D7%9E%D7%A9%D7%9C%D7%94-%D7%95%D7%9E%D7%99%D7%A0%D7%95%D7%99%D7%95-%D7%A9%D7%9C-%D7%94%D7%97%D7%9B-%D7%90%D7%A8%D7%99%D7%94-%D7%93%D7%A8%D7%A2%D7%99-%D7%9C%D7%A9%D7%A8-%D7%91%D7%9E%D7%9E%D7%A9%D7%9C%D7%94-%D7%94-37-%D7%91%D7%92%D7%A5-8948-322,UNKNOWN_FINAL_TARGET_NEEDED,UNKNOWN,NEEDS_CLUSTER_CLASSIFICATION,LOW,1,435,301_IF_APPROVED,NO,DRAFT_NOT_EXECUTED,Do not execute before owner approval and final target verification.
https://jus-tice.co.il/articles/%D7%91%D7%99%D7%98%D7%95%D7%9C-%D7%99%D7%99%D7%A4%D7%95%D7%99-%D7%9B%D7%95%D7%97-%D7%9E%D7%AA%D7%9E%D7%A9%D7%9A-%D7%94%D7%97%D7%9C%D7%98%D7%94-%D7%91%D7%91%D7%A7%D7%A9%D7%94-%D7%9C%D7%A0%D7%A7,UNKNOWN_FINAL_TARGET_NEEDED,UNKNOWN,NEEDS_CLUSTER_CLASSIFICATION,MEDIUM,4,1839,301_IF_APPROVED,NO,DRAFT_NOT_EXECUTED,Do not execute before owner approval and final target verification.
https://jus-tice.co.il/articles/%D7%91%D7%99%D7%A8%D7%95%D7%A8-%D7%96%D7%9B%D7%95%D7%99%D7%95%D7%AA-%D7%91%D7%AA-%D7%96%D7%95%D7%92-%D7%9E%D7%9B%D7%95%D7%97-%D7%97%D7%95%D7%A7-%D7%99%D7%97%D7%A1%D7%99-%D7%9E%D7%9E%D7%95%D7%9F-%D7%9C,https://jus-tice.co.il/legal-database-rulings-needs-slug-review/,UNKNOWN,NEEDS_MERGE_REVIEW,LOW,7,456,301_IF_APPROVED,NO,DRAFT_NOT_EXECUTED,Do not execute before owner approval and final target verification.
https://jus-tice.co.il/articles/%D7%91%D7%A0%D7%A7%D7%95-%D7%93%D7%94-%D7%A4%D7%95%D7%A8%D7%98%D7%95%D7%92%D7%9C-%D7%91%D7%A0%D7%A7-%D7%A8%D7%90%D7%A9%D7%99-%D7%A4%D7%95%D7%A8%D7%98%D7%95%D7%92%D7%9C,https://jus-tice.co.il/notary-foreign-needs-slug-review/,UNKNOWN,NEEDS_CONTENT_REVIEW,MEDIUM,16,673,301_IF_APPROVED,NO,DRAFT_NOT_EXECUTED,Do not execute before owner approval and final target verification.
https://jus-tice.co.il/articles/%D7%91%D7%A7%D7%A9%D7%94-%D7%9C%D7%94%D7%A2%D7%AA%D7%A7%D7%AA-%D7%97%D7%95%D7%9E%D7%A8%D7%99-%D7%97%D7%A7%D7%99%D7%A8%D7%94-%D7%95%D7%9E%D7%A1%D7%9E%D7%9B%D7%99%D7%9D-%D7%91%D7%94%D7%9C%D7%99%D7%9A,https://jus-tice.co.il/criminal-law-needs-slug-review/,UNKNOWN,NEEDS_CONTENT_REVIEW,LOW,0,1,301_IF_APPROVED,NO,DRAFT_NOT_EXECUTED,Do not execute before owner approval and final target verification.
https://jus-tice.co.il/articles/%D7%91%D7%A7%D7%A9%D7%94-%D7%9C%D7%94%D7%A2%D7%AA%D7%A7%D7%AA-%D7%97%D7%95%D7%9E%D7%A8%D7%99-%D7%97%D7%A7%D7%99%D7%A8%D7%94-%D7%95%D7%9E%D7%A1%D7%9E%D7%9B%D7%99%D7%9D-%D7%91%D7%94%D7%9C%D7%99%D7%9B,https://jus-tice.co.il/criminal-law-needs-slug-review/,UNKNOWN,NEEDS_CONTENT_REVIEW,MEDIUM,26,3582,301_IF_APPROVED,NO,DRAFT_NOT_EXECUTED,Do not execute before owner approval and final target verification.
https://jus-tice.co.il/articles/%D7%92%D7%96%D7%A8-%D7%93%D7%99%D7%9F-%D7%9C%D7%9E%D7%95%D7%A8%D7%A9%D7%A2-%D7%91%D7%A2%D7%91%D7%99%D7%A8%D7%95%D7%AA-%D7%90%D7%99%D7%95%D7%9E%D7%99%D7%9D-%D7%9B%D7%9C%D7%A4%D7%99-%D7%92%D7%A8%D7%95,UNKNOWN_FINAL_TARGET_NEEDED,UNKNOWN,NEEDS_CLUSTER_CLASSIFICATION,MEDIUM,4,2747,301_IF_APPROVED,NO,DRAFT_NOT_EXECUTED,Do not execute before owner approval and final target verification.
https://jus-tice.co.il/articles/%D7%92%D7%99%D7%A8%D7%95%D7%A9%D7%99%D7%9F-%D7%90%D7%99%D7%96%D7%95%D7%9F-%D7%94%D7%9E%D7%A9%D7%90%D7%91%D7%99%D7%9D-%D7%91%D7%99%D7%9F-%D7%91%D7%A0%D7%99-%D7%96%D7%95%D7%92-%D7%9E%D7%AA%D7%92%D7%A8%D7%A9%D7%99%D7%9D-%D7%97%D7%9C%D7%95%D7%A7%D7%AA-%D7%A2%D7%A8%D7%9A-%D7%94%D7%97%D7%91%D7%A8%D7%94-%D7%A9%D7%91%D7%91%D7%A2%D7%9C%D7%95%D7%AA-%D7%94%D7%91%D7%A2%D7%9C,https://jus-tice.co.il/family-law-needs-slug-review/,UNKNOWN,NEEDS_CONTENT_REVIEW,LOW,4,457,301_IF_APPROVED,NO,DRAFT_NOT_EXECUTED,Do not execute before owner approval and final target verification.
https://jus-tice.co.il/articles/%D7%92%D7%99%D7%A8%D7%95%D7%A9%D7%99%D7%9F-%D7%94%D7%90%D7%9D-%D7%97%D7%9C-%D7%97%D7%A8%D7%9D-%D7%93%D7%A8%D7%91%D7%A0%D7%95-%D7%92%D7%A8%D7%A9%D7%95%D7%9D-%D7%9B%D7%90%D7%A9%D7%A8-%D7%A0%D7%9E%D7%A6,https://jus-tice.co.il/family-law-needs-slug-review/,UNKNOWN,NEEDS_CONTENT_REVIEW,MEDIUM,14,856,301_IF_APPROVED,NO,DRAFT_NOT_EXECUTED,Do not execute before owner approval and final target verification.
https://jus-tice.co.il/articles/%D7%92%D7%99%D7%A8%D7%95%D7%A9%D7%99%D7%9F-%D7%A8%D7%91%D7%A0%D7%99-%D7%A7%D7%91%D7%99%D7%A2%D7%AA-%D7%91%D7%A2%D7%9C%D7%95%D7%AA-%D7%93%D7%99%D7%A8%D7%94-%D7%A9%D7%A0%D7%A7%D7%A0%D7%AA%D7%94-%D7%A2,https://jus-tice.co.il/family-law-needs-slug-review/,UNKNOWN,NEEDS_CONTENT_REVIEW,MEDIUM,2,1095,301_IF_APPROVED,NO,DRAFT_NOT_EXECUTED,Do not execute before owner approval and final target verification.
https://jus-tice.co.il/articles/%D7%93%D7%97%D7%99%D7%99%D7%AA-%D7%98%D7%A2%D7%A0%D7%94-%D7%9C%D7%91%D7%99%D7%98%D7%95%D7%9C-%D7%94%D7%A1%D7%9B%D7%9D-%D7%92%D7%99%D7%A8%D7%95%D7%A9%D7%99%D7%9F-%D7%A9%D7%90%D7%95%D7%A9%D7%A8-%D7%91,https://jus-tice.co.il/divorce-agreement/,UNKNOWN,NEEDS_CONTENT_REVIEW,MEDIUM,10,584,301_IF_APPROVED,NO,DRAFT_NOT_EXECUTED,Do not execute before owner approval and final target verification.
https://jus-tice.co.il/articles/%D7%93%D7%99%D7%95%D7%95%D7%99%D7%93-%D7%A6%D7%A1%D7%A0%D7%95%D7%A3-%D7%A2%D7%95%D7%A8%D7%9A-%D7%93%D7%99%D7%9F-david-chesnoff,UNKNOWN_FINAL_TARGET_NEEDED,UNKNOWN,DO_NOT_TOUCH_HIGH_TRAFFIC_URL,HIGH,70,311,301_IF_APPROVED,NO,DRAFT_NOT_EXECUTED,Do not execute before owner approval and final target verification.
https://jus-tice.co.il/articles/%D7%93%D7%99%D7%9F-%D7%95%D7%97%D7%A9%D7%91%D7%95%D7%9F-%D7%9B%D7%A0%D7%A1%D7%AA-%D7%99%D7%A9%D7%A8%D7%90%D7%9C-2020,UNKNOWN_FINAL_TARGET_NEEDED,UNKNOWN,NEEDS_MERGE_REVIEW,MEDIUM,8,1384,301_IF_APPROVED,NO,DRAFT_NOT_EXECUTED,Do not execute before owner approval and final target verification.
https://jus-tice.co.il/articles/%D7%93%D7%A0%D7%A4-5387-20-%D7%A8%D7%A4%D7%99-%D7%A8%D7%95%D7%AA%D7%9D-%D7%A0-%D7%9E%D7%93%D7%99%D7%A0%D7%AA-%D7%99%D7%A9%D7%A8%D7%90%D7%9C,UNKNOWN_FINAL_TARGET_NEEDED,UNKNOWN,NEEDS_CLUSTER_CLASSIFICATION,MEDIUM,13,1203,301_IF_APPROVED,NO,DRAFT_NOT_EXECUTED,Do not execute before owner approval and final target verification.
https://jus-tice.co.il/articles/%D7%93%D7%A8-%D7%92%D7%93%D7%A2%D7%95%D7%9F-%D7%A4%D7%99%D7%A9%D7%A8-%D7%95%D7%A9%D7%95%D7%AA-%D7%9E%D7%A9%D7%A8%D7%93-%D7%A2%D7%95%D7%A8%D7%9B%D7%99-%D7%93%D7%99%D7%9F,UNKNOWN_FINAL_TARGET_NEEDED,UNKNOWN,NEEDS_CLUSTER_CLASSIFICATION,LOW,1,367,301_IF_APPROVED,NO,DRAFT_NOT_EXECUTED,Do not execute before owner approval and final target verification.
https://jus-tice.co.il/articles/%D7%94%D7%90%D7%9D-%D7%99%D7%A9-%D7%9C%D7%97%D7%99%D7%99%D7%91-%D7%90%D7%AA-%D7%94%D7%91%D7%A2%D7%9C-%D7%9C%D7%A9%D7%9C%D7%9D-%D7%9C%D7%AA%D7%95%D7%91%D7%A2%D7%AA-%D7%A4%D7%99%D7%A6%D7%95%D7%99,UNKNOWN_FINAL_TARGET_NEEDED,UNKNOWN,NEEDS_CLUSTER_CLASSIFICATION,MEDIUM,11,767,301_IF_APPROVED,NO,DRAFT_NOT_EXECUTED,Do not execute before owner approval and final target verification.
https://jus-tice.co.il/articles/%D7%94%D7%90%D7%9D-%D7%9C%D7%A0%D7%A6%D7%99%D7%91-%D7%A9%D7%99%D7%A8%D7%95%D7%AA-%D7%94%D7%9E%D7%93%D7%99%D7%A0%D7%94-%D7%99%D7%A9-%D7%A1%D7%9E%D7%9B%D7%95%D7%AA-%D7%9C%D7%97%D7%AA%D7%95%D7%9D-%D7%A2,https://jus-tice.co.il/employment-law-needs-slug-review/,UNKNOWN,NEEDS_MERGE_REVIEW,MEDIUM,20,4275,301_IF_APPROVED,NO,DRAFT_NOT_EXECUTED,Do not execute before owner approval and final target verification.
https://jus-tice.co.il/articles/%D7%94%D7%90%D7%9D-%D7%A0%D7%99%D7%AA%D7%9F-%D7%9C%D7%94%D7%A6%D7%99%D7%92-%D7%97%D7%95%D7%95%D7%AA-%D7%93%D7%A2%D7%AA-%D7%A4%D7%A8%D7%98%D7%99%D7%AA-%D7%9C%D7%9E%D7%95%D7%9E%D7%97%D7%94-%D7%A9%D7%9E,UNKNOWN_FINAL_TARGET_NEEDED,UNKNOWN,NEEDS_CLUSTER_CLASSIFICATION,MEDIUM,48,2959,301_IF_APPROVED,NO,DRAFT_NOT_EXECUTED,Do not execute before owner approval and final target verification.
https://jus-tice.co.il/articles/%D7%94%D7%90%D7%9D-%D7%AA%D7%A0%D7%99%D7%99%D7%AA-%D7%91%D7%95%D7%A8%D7%A8%D7%95%D7%AA-%D7%96%D7%A8%D7%94-%D7%91%D7%94%D7%A1%D7%9B%D7%9D-%D7%9E%D7%A7%D7%95%D7%95%D7%9F-%D7%A9%D7%91%D7%99%D7%9F-%D7%99,https://jus-tice.co.il/tax-law-needs-slug-review/,UNKNOWN,NEEDS_CONTENT_REVIEW,MEDIUM,3,1244,301_IF_APPROVED,NO,DRAFT_NOT_EXECUTED,Do not execute before owner approval and final target verification.
https://jus-tice.co.il/articles/%D7%94%D7%95%D7%93%D7%A2%D7%94-%D7%9C%D7%A4%D7%99-%D7%94%D7%97%D7%95%D7%A7-%D7%9C%D7%A7%D7%99%D7%93%D7%95%D7%9D-%D7%94%D7%91%D7%A0%D7%99%D7%99%D7%94-%D7%91%D7%9E%D7%AA%D7%97%D7%9E%D7%99%D7%9D-%D7%9E,UNKNOWN_FINAL_TARGET_NEEDED,UNKNOWN,NEEDS_CLUSTER_CLASSIFICATION,LOW,0,87,301_IF_APPROVED,NO,DRAFT_NOT_EXECUTED,Do not execute before owner approval and final target verification.
https://jus-tice.co.il/articles/%D7%94%D7%97%D7%9C%D7%98%D7%94-%D7%91%D7%91%D7%A7%D7%A9%D7%AA-%D7%90%D7%9D-%D7%9C%D7%9E%D7%A9%D7%9E%D7%95%D7%A8%D7%AA-%D7%96%D7%9E%D7%A0%D7%99%D7%AA-%D7%A9%D7%9C-%D7%A7%D7%98%D7%99%D7%9F-%D7%95%D7%9C,https://jus-tice.co.il/child-custody/,UNKNOWN,NEEDS_CONTENT_REVIEW,LOW,6,716,301_IF_APPROVED,NO,DRAFT_NOT_EXECUTED,Do not execute before owner approval and final target verification.
https://jus-tice.co.il/articles/%D7%94%D7%99%D7%A7%D7%A3-%D7%97%D7%95%D7%9E%D7%A8-%D7%94%D7%97%D7%A7%D7%99%D7%A8%D7%94-%D7%A9%D7%99%D7%A9-%D7%9C%D7%9E%D7%A1%D7%95%D7%A8-%D7%9C%D7%A2%D7%99%D7%95%D7%9F-%D7%94%D7%AA%D7%95%D7%91%D7%A2,https://jus-tice.co.il/criminal-law-needs-slug-review/,UNKNOWN,NEEDS_CONTENT_REVIEW,MEDIUM,12,610,301_IF_APPROVED,NO,DRAFT_NOT_EXECUTED,Do not execute before owner approval and final target verification.
https://jus-tice.co.il/articles/%D7%94%D7%99%D7%AA%D7%A8-%D7%A0%D7%99%D7%A9%D7%95%D7%90%D7%99%D7%9F-%D7%9E%D7%99%D7%A0%D7%A7%D7%AA-%D7%92%D7%A8%D7%95%D7%A9%D7%94-1315248-1-%D7%91%D7%99%D7%94%D7%93-%D7%90%D7%A9%D7%93%D7%95,UNKNOWN_FINAL_TARGET_NEEDED,UNKNOWN,NEEDS_CLUSTER_CLASSIFICATION,LOW,0,43,301_IF_APPROVED,NO,DRAFT_NOT_EXECUTED,Do not execute before owner approval and final target verification.
https://jus-tice.co.il/articles/%D7%94%D7%9C%D7%99%D7%9B%D7%99-%D7%92%D7%99%D7%A8%D7%95%D7%A9%D7%99%D7%9F-%D7%99%D7%95%D7%A6%D7%A8%D7%99%D7%9D-%D7%93%D7%99%D7%A0%D7%99%D7%9D-%D7%9E%D7%99%D7%95%D7%97%D7%93%D7%99%D7%9D-%D7%91%D7%99,https://jus-tice.co.il/family-law-needs-slug-review/,UNKNOWN,NEEDS_MERGE_REVIEW,MEDIUM,12,658,301_IF_APPROVED,NO,DRAFT_NOT_EXECUTED,Do not execute before owner approval and final target verification.
https://jus-tice.co.il/articles/%D7%94%D7%9C%D7%9B%D7%AA-%D7%A9%D7%99%D7%AA%D7%95%D7%A3-%D7%A1%D7%A4%D7%A6%D7%99%D7%A4%D7%99-%D7%91%D7%93%D7%99%D7%A8%D7%AA-%D7%9E%D7%92%D7%95%D7%A8%D7%99%D7%9D,https://jus-tice.co.il/family-law-needs-slug-review/,UNKNOWN,NEEDS_MERGE_REVIEW,LOW,3,952,301_IF_APPROVED,NO,DRAFT_NOT_EXECUTED,Do not execute before owner approval and final target verification.
https://jus-tice.co.il/articles/%D7%94%D7%9E%D7%9C%D7%A6%D7%95%D7%AA-%D7%A6%D7%95%D7%95%D7%AA-%D7%94%D7%92%D7%99%D7%A9%D7%95%D7%A8-%D7%94%D7%A4%D7%9C%D7%99%D7%9C%D7%99-%D7%93%D7%95%D7%97-%D7%9E%D7%A1%D7%9B%D7%9D,https://jus-tice.co.il/family-law-needs-slug-review/,UNKNOWN,NEEDS_CONTENT_REVIEW,MEDIUM,5,1148,301_IF_APPROVED,NO,DRAFT_NOT_EXECUTED,Do not execute before owner approval and final target verification.
https://jus-tice.co.il/articles/%D7%94%D7%A0%D7%93%D7%95%D7%9F-%D7%97%D7%A1%D7%99%D7%95%D7%9F-%D7%A2%D7%95%D7%A8%D7%9A-%D7%93%D7%99%D7%9F-%D7%9C%D7%A7%D7%95%D7%97-%D7%9C%D7%A2%D7%95%D7%9E%D7%AA-%D7%97%D7%95%D7%91%D7%AA,UNKNOWN_FINAL_TARGET_NEEDED,UNKNOWN,NEEDS_CLUSTER_CLASSIFICATION,LOW,2,431,301_IF_APPROVED,NO,DRAFT_NOT_EXECUTED,Do not execute before owner approval and final target verification.
https://jus-tice.co.il/articles/%D7%94%D7%A2%D7%91%D7%A8%D7%AA-%D7%9E%D7%A1%D7%9E%D7%9B%D7%99%D7%9D-%D7%9E%D7%AA%D7%99%D7%A7-%D7%9E%D7%A9%D7%A4%D7%97%D7%94-%D7%9C%D7%A6%D7%95%D7%A8%D7%9A-%D7%94%D7%9C%D7%99%D7%9A-%D7%A4%D7%9C%D7%99,https://jus-tice.co.il/family-law-needs-slug-review/,UNKNOWN,NEEDS_CONTENT_REVIEW,MEDIUM,15,437,301_IF_APPROVED,NO,DRAFT_NOT_EXECUTED,Do not execute before owner approval and final target verification.
https://jus-tice.co.il/articles/%D7%94%D7%A2%D7%93%D7%A8-%D7%A9%D7%99%D7%AA%D7%95%D7%A3-%D7%A1%D7%A4%D7%A6%D7%99%D7%A4%D7%99-%D7%91%D7%A0%D7%9B%D7%A1-%D7%A9%D7%A0%D7%A8%D7%A9%D7%9D-%D7%A2%D7%9C-%D7%A9%D7%9D-%D7%94%D7%91%D7%A2%D7%9C,UNKNOWN_FINAL_TARGET_NEEDED,UNKNOWN,NEEDS_CLUSTER_CLASSIFICATION,LOW,1,178,301_IF_APPROVED,NO,DRAFT_NOT_EXECUTED,Do not execute before owner approval and final target verification.
https://jus-tice.co.il/articles/%D7%94%D7%A2%D7%A8%D7%95%D7%AA-%D7%94%D7%A1%D7%A0%D7%99%D7%92%D7%95%D7%A8%D7%99%D7%94-%D7%94%D7%A6%D7%99%D7%91%D7%95%D7%A8%D7%99%D7%AA-%D7%9C%D7%AA%D7%96%D7%9B%D7%99%D7%A8-%D7%97%D7%95%D7%A7-%D7%99,https://jus-tice.co.il/criminal-law-needs-slug-review/,UNKNOWN,NEEDS_CONTENT_REVIEW,MEDIUM,5,1005,301_IF_APPROVED,NO,DRAFT_NOT_EXECUTED,Do not execute before owner approval and final target verification.
https://jus-tice.co.il/articles/%D7%94%D7%A6%D7%A2%D7%AA-%D7%97%D7%95%D7%A7-%D7%93%D7%99%D7%A0%D7%99-%D7%9E%D7%9E%D7%95%D7%A0%D7%95%D7%AA-%D7%94%D7%AA%D7%A9%D7%A2%D7%90-2011-%D7%A2%D7%9D-%D7%94%D7%A1%D7%91%D7%A8%D7%99%D7%9D,UNKNOWN_FINAL_TARGET_NEEDED,UNKNOWN,NEEDS_CLUSTER_CLASSIFICATION,MEDIUM,28,3534,301_IF_APPROVED,NO,DRAFT_NOT_EXECUTED,Do not execute before owner approval and final target verification.
https://jus-tice.co.il/articles/%D7%94%D7%A6%D7%A2%D7%AA-%D7%AA%D7%99%D7%A7%D7%95%D7%9F-%D7%97%D7%95%D7%A7-%D7%97%D7%99%D7%A4%D7%95%D7%A9-%D7%91%D7%9E%D7%A7%D7%95%D7%9D-%D7%9C%D7%9C%D7%90-%D7%A6%D7%95-%D7%91%D7%99%D7%AA-%D7%9E,https://jus-tice.co.il/legal-database-rulings-needs-slug-review/,UNKNOWN,NEEDS_MERGE_REVIEW,MEDIUM,0,1030,301_IF_APPROVED,NO,DRAFT_NOT_EXECUTED,Do not execute before owner approval and final target verification.
https://jus-tice.co.il/articles/%D7%94%D7%A9%D7%91%D7%AA-%D7%94%D7%9E%D7%A9%D7%9E%D7%95%D7%A8%D7%AA-%D7%9C%D7%90%D7%9D-%D7%9C%D7%90%D7%97%D7%A8-%D7%98%D7%99%D7%A4%D7%95%D7%9C-%D7%A4%D7%A1%D7%99%D7%9B%D7%95%D7%9C%D7%95%D7%92%D7%99,https://jus-tice.co.il/child-custody/,UNKNOWN,NEEDS_CONTENT_REVIEW,LOW,2,21,301_IF_APPROVED,NO,DRAFT_NOT_EXECUTED,Do not execute before owner approval and final target verification.
https://jus-tice.co.il/articles/%D7%94%D7%A9%D7%95%D7%A4%D7%98%D7%AA-%D7%97%D7%99%D7%94-%D7%96%D7%A0%D7%93%D7%91%D7%A8%D7%92-%D7%A4%D7%A1%D7%93-%D7%91%D7%AA%D7%91%D7%99%D7%A2%D7%94-%D7%9C%D7%A4%D7%99%D7%A6%D7%95%D7%99%D7%99%D7%9D,https://jus-tice.co.il/legal-database-rulings-needs-slug-review/,UNKNOWN,DO_NOT_TOUCH_HIGH_TRAFFIC_URL,HIGH,65,1416,301_IF_APPROVED,NO,DRAFT_NOT_EXECUTED,Do not execute before owner approval and final target verification.
https://jus-tice.co.il/articles/%D7%94%D7%A9%D7%95%D7%A4%D7%98%D7%AA-%D7%9E%D7%99%D7%9B%D7%9C-%D7%90%D7%92%D7%9E%D7%95%D7%9F-%D7%92%D7%95%D7%A0%D7%9F-%D7%A4%D7%A1%D7%93-%D7%91%D7%AA%D7%91%D7%99%D7%A2%D7%94-%D7%99%D7%99%D7%A6,https://jus-tice.co.il/legal-database-rulings-needs-slug-review/,UNKNOWN,NEEDS_CONTENT_REVIEW,LOW,7,522,301_IF_APPROVED,NO,DRAFT_NOT_EXECUTED,Do not execute before owner approval and final target verification.
https://jus-tice.co.il/articles/%D7%94%D7%A9%D7%95%D7%A4%D7%98-%D7%99%D7%97%D7%96%D7%A7%D7%90%D7%9C-%D7%90%D7%9C%D7%99%D7%94%D7%95-%D7%94%D7%97%D7%9C%D7%98%D7%94-%D7%91%D7%91%D7%A7%D7%A9%D7%94-%D7%9C%D7%A6%D7%A8%D7%A3-%D7%AA%D7%95,https://jus-tice.co.il/legal-database-rulings-needs-slug-review/,UNKNOWN,NEEDS_CONTENT_REVIEW,MEDIUM,17,740,301_IF_APPROVED,NO,DRAFT_NOT_EXECUTED,Do not execute before owner approval and final target verification.
https://jus-tice.co.il/articles/%D7%96%D7%99%D7%9B%D7%95%D7%99-%D7%A0%D7%90%D7%A9%D7%9D-%D7%91%D7%AA%D7%A7%D7%99%D7%A4%D7%AA-%D7%91%D7%AA-%D7%96%D7%95%D7%92-%D7%9E%D7%97%D7%9E%D7%AA-%D7%94%D7%A1%D7%A4%D7%A7-%D7%A9%D7%95%D7%A4,https://jus-tice.co.il/criminal-law-needs-slug-review/,UNKNOWN,NEEDS_CONTENT_REVIEW,LOW,7,266,301_IF_APPROVED,NO,DRAFT_NOT_EXECUTED,Do not execute before owner approval and final target verification.
https://jus-tice.co.il/articles/%D7%96%D7%9B%D7%95%D7%AA-%D7%94%D7%95%D7%A8%D7%94-%D7%92%D7%A8%D7%95%D7%A9-%D7%9C%D7%94%D7%A2%D7%AA%D7%99%D7%A7-%D7%90%D7%AA-%D7%9E%D7%92%D7%95%D7%A8%D7%99%D7%95-%D7%95%D7%90%D7%A3-%D7%9C%D7%94%D7%92,UNKNOWN_FINAL_TARGET_NEEDED,UNKNOWN,NEEDS_MERGE_REVIEW,MEDIUM,15,1434,301_IF_APPROVED,NO,DRAFT_NOT_EXECUTED,Do not execute before owner approval and final target verification.
https://jus-tice.co.il/articles/%D7%97%D7%95%D7%91%D7%AA-%D7%90%D7%99%D7%A9%D7%95%D7%A8-%D7%94%D7%A1%D7%9B%D7%9D-%D7%94%D7%9E%D7%94%D7%95%D7%95%D7%94-%D7%94%D7%A9%D7%9C%D7%9E%D7%94-%D7%9C%D7%94%D7%A1%D7%9B%D7%9D-%D7%9E%D7%9E%D7%95%D7%9F-%D7%90%D7%95-%D7%92%D7%99%D7%A8%D7%95%D7%A9%D7%99%D7%9F-%D7%90%D7%A3-%D7%90%D7%9D-%D7%94%D7%95%D7%92%D7%93%D7%A8-%D7%94%D7%A1%D7%9B%D7%9D-%D7%9E%D7%9B%D7%A8-%D7%95%D7%91%D7%98%D7%9C%D7%95%D7%AA%D7%95-%D7%9E%D7%A9%D7%90%D7%95%D7%A9%D7%A8-%D7%A9%D7%9C%D7%90-%D7%9B%D7%93%D7%99%D7%9F-1333563-1-%D7%91%D7%99%D7%94%D7%93-%D7%94%D7%92%D7%93%D7%95%D7%9C,https://jus-tice.co.il/prenuptial-agreement/,UNKNOWN,NEEDS_MERGE_REVIEW,LOW,4,277,301_IF_APPROVED,NO,DRAFT_NOT_EXECUTED,Do not execute before owner approval and final target verification.
https://jus-tice.co.il/articles/%D7%97%D7%95%D7%91%D7%AA-%D7%94%D7%90%D7%91-%D7%91%D7%9E%D7%93%D7%95%D7%A8-%D7%99%D7%9C%D7%93%D7%99%D7%95-%D7%91%D7%93%D7%99%D7%A8%D7%94-%D7%A9%D7%91%D7%91%D7%A2%D7%9C%D7%95%D7%AA-%D7%94%D7%90%D7%9D,https://jus-tice.co.il/real-estate-needs-slug-review/,UNKNOWN,NEEDS_CONTENT_REVIEW,MEDIUM,17,2584,301_IF_APPROVED,NO,DRAFT_NOT_EXECUTED,Do not execute before owner approval and final target verification.
https://jus-tice.co.il/articles/%D7%97%D7%96%D7%A7%D7%AA-%D7%97%D7%95%D7%91-%D7%9C%D7%A6%D7%93-%D7%92-%D7%A9%D7%90%D7%9B%D7%9F-%D7%97%D7%95%D7%91-%D7%94%D7%95%D7%90-%D7%95%D7%91%D7%A8%D7%90%D7%99%D7%96%D7%95%D7%9F-%D7%95,UNKNOWN_FINAL_TARGET_NEEDED,UNKNOWN,NEEDS_CLUSTER_CLASSIFICATION,MEDIUM,8,1264,301_IF_APPROVED,NO,DRAFT_NOT_EXECUTED,Do not execute before owner approval and final target verification.
https://jus-tice.co.il/articles/%D7%97%D7%99%D7%95%D7%91-%D7%90%D7%9D-%D7%91%D7%9E%D7%96%D7%95%D7%A0%D7%95%D7%AA-%D7%99%D7%9C%D7%93%D7%99%D7%9D-%D7%91%D7%90%D7%9C%D7%95-%D7%AA%D7%A0%D7%90%D7%99%D7%9D-1284587-12-%D7%91,https://jus-tice.co.il/child-support/,UNKNOWN,NEEDS_CONTENT_REVIEW,MEDIUM,2,2761,301_IF_APPROVED,NO,DRAFT_NOT_EXECUTED,Do not execute before owner approval and final target verification.
https://jus-tice.co.il/articles/%D7%97%D7%99%D7%95%D7%91-%D7%92%D7%98-%D7%92%D7%99%D7%A8%D7%95%D7%A9%D7%99%D7%9F-%D7%95%D7%93%D7%97%D7%99%D7%99%D7%AA-%D7%91%D7%A7%D7%A9%D7%AA-%D7%94%D7%90%D7%99%D7%A9-%D7%9C%D7%93%D7%95%D7%9F-%D7%91,https://jus-tice.co.il/family-law-needs-slug-review/,UNKNOWN,NEEDS_MERGE_REVIEW,MEDIUM,11,1126,301_IF_APPROVED,NO,DRAFT_NOT_EXECUTED,Do not execute before owner approval and final target verification.
https://jus-tice.co.il/articles/%D7%97%D7%99%D7%95%D7%91-%D7%92%D7%98-%D7%95%D7%9B%D7%AA%D7%95%D7%91%D7%94-%D7%91%D7%9E%D7%A7%D7%A8%D7%94-%D7%A9%D7%A9%D7%A0%D7%99-%D7%94%D7%A6%D7%93%D7%93%D7%99%D7%9D-%D7%90%D7%99%D7%A0%D7%9D-%D7%A8%D7%95%D7%A6%D7%99%D7%9D-%D7%96%D7%94,https://jus-tice.co.il/family-law-needs-slug-review/,UNKNOWN,NEEDS_MERGE_REVIEW,MEDIUM,11,847,301_IF_APPROVED,NO,DRAFT_NOT_EXECUTED,Do not execute before owner approval and final target verification.
https://jus-tice.co.il/articles/%D7%97%D7%99%D7%A4%D7%95%D7%A9-%D7%A2%D7%9C-%D7%90%D7%93%D7%9D-%D7%94%D7%A9%D7%95%D7%94%D7%94-%D7%91%D7%A9%D7%93%D7%94-%D7%91%D7%AA%D7%A2%D7%95%D7%A4%D7%94,UNKNOWN_FINAL_TARGET_NEEDED,UNKNOWN,NEEDS_CLUSTER_CLASSIFICATION,MEDIUM,18,902,301_IF_APPROVED,NO,DRAFT_NOT_EXECUTED,Do not execute before owner approval and final target verification.
https://jus-tice.co.il/articles/%D7%97%D7%99%D7%A9%D7%95%D7%91-%D7%A9%D7%99%D7%A2%D7%95%D7%A8-%D7%97%D7%99%D7%95%D7%91%D7%95-%D7%A9%D7%9C-%D7%90%D7%91-%D7%A9%D7%90%D7%99%D7%A0%D7%95-%D7%9E%D7%A0%D7%A6%D7%9C-%D7%90%D7%AA-%D7%9E%D7%9C,UNKNOWN_FINAL_TARGET_NEEDED,UNKNOWN,NEEDS_CLUSTER_CLASSIFICATION,LOW,5,412,301_IF_APPROVED,NO,DRAFT_NOT_EXECUTED,Do not execute before owner approval and final target verification.
https://jus-tice.co.il/articles/%D7%97%D7%9C%D7%95%D7%A7%D7%AA-%D7%96%D7%9E%D7%A0%D7%99-%D7%A9%D7%94%D7%95%D7%AA-%D7%9E%D7%99%D7%A0%D7%95%D7%99-%D7%9E%D7%AA%D7%90%D7%9D-%D7%94%D7%95%D7%A8%D7%99-%D7%A2%D7%9D-%D7%A1%D7%9E%D7%9B,UNKNOWN_FINAL_TARGET_NEEDED,UNKNOWN,NEEDS_CLUSTER_CLASSIFICATION,MEDIUM,26,1048,301_IF_APPROVED,NO,DRAFT_NOT_EXECUTED,Do not execute before owner approval and final target verification.
https://jus-tice.co.il/articles/%D7%99%D7%AA%D7%A8%D7%95%D7%A0%D7%95%D7%AA-%D7%94%D7%A2%D7%A1%D7%A7%D7%AA-%D7%A2%D7%95%D7%A8%D7%9A-%D7%93%D7%99%D7%9F-%D7%A4%D7%9C%D7%99%D7%9C%D7%99,https://jus-tice.co.il/criminal-lawyer/,UNKNOWN,NEEDS_CONTENT_REVIEW,LOW,0,202,301_IF_APPROVED,NO,DRAFT_NOT_EXECUTED,Do not execute before owner approval and final target verification.
https://jus-tice.co.il/articles/%D7%9B%D7%99%D7%A6%D7%93-%D7%9C%D7%A9%D7%9B%D7%95%D7%A8-%D7%9E%D7%A4%D7%AA%D7%97-%D7%90%D7%AA%D7%A8%D7%99%D7%9D,https://jus-tice.co.il/employment-law-needs-slug-review/,UNKNOWN,NEEDS_CONTENT_REVIEW,LOW,0,878,301_IF_APPROVED,NO,DRAFT_NOT_EXECUTED,Do not execute before owner approval and final target verification.
https://jus-tice.co.il/articles/%D7%9C%D7%A9%D7%95%D7%9F-%D7%94%D7%A8%D7%A2-%D7%AA%D7%9C%D7%95%D7%A0%D7%94-%D7%91%D7%9E%D7%A9%D7%98%D7%A8%D7%94,https://jus-tice.co.il/criminal-law-needs-slug-review/,UNKNOWN,NEEDS_CONTENT_REVIEW,LOW,1,135,301_IF_APPROVED,NO,DRAFT_NOT_EXECUTED,Do not execute before owner approval and final target verification.
https://jus-tice.co.il/articles/%D7%9E%D7%93%D7%A8%D7%99%D7%9A-%D7%9E%D7%A7%D7%99%D7%A3-%D7%9C%D7%A7%D7%A0%D7%99%D7%99%D7%AA-%D7%93%D7%99%D7%A8%D7%94-%D7%A8%D7%90%D7%A9%D7%95%D7%A0%D7%94,https://jus-tice.co.il/buying-apartment/,UNKNOWN,NEEDS_CONTENT_REVIEW,MEDIUM,2,1820,301_IF_APPROVED,NO,DRAFT_NOT_EXECUTED,Do not execute before owner approval and final target verification.
https://jus-tice.co.il/articles/%D7%9E%D7%93%D7%A8%D7%99%D7%9A-2025-%D7%9E%D7%94-%D7%97%D7%A9%D7%95%D7%91-%D7%9C%D7%9B%D7%9C%D7%95%D7%9C-%D7%91%D7%97%D7%95%D7%96%D7%94-%D7%9E%D7%95%D7%9C-%D7%A7%D7%91%D7%9C%D7%9F-%D7%91%D7%A8%D7%9B,https://jus-tice.co.il/real-estate-needs-slug-review/,UNKNOWN,NEEDS_MERGE_REVIEW,MEDIUM,5,1839,301_IF_APPROVED,NO,DRAFT_NOT_EXECUTED,Do not execute before owner approval and final target verification.
https://jus-tice.co.il/articles/%D7%9E%D7%94%D7%95-%D7%91%D7%99%D7%AA-%D7%9E%D7%A9%D7%A4%D7%98,https://jus-tice.co.il/legal-database-rulings-needs-slug-review/,UNKNOWN,NEEDS_MERGE_REVIEW,MEDIUM,6,3679,301_IF_APPROVED,NO,DRAFT_NOT_EXECUTED,Do not execute before owner approval and final target verification.
https://jus-tice.co.il/articles/%D7%9E%D7%96%D7%95%D7%A0%D7%95%D7%AA-%D7%94%D7%99%D7%9C%D7%93%D7%99%D7%9D-%D7%AA%D7%A9%D7%9C%D7%95%D7%9D-%D7%A4%D7%A2%D7%95%D7%98%D7%95%D7%9F-%D7%A6%D7%94%D7%A8%D7%95%D7%9F-%D7%95%D7%9E,https://jus-tice.co.il/child-support/,UNKNOWN,NEEDS_CONTENT_REVIEW,LOW,7,896,301_IF_APPROVED,NO,DRAFT_NOT_EXECUTED,Do not execute before owner approval and final target verification.
https://jus-tice.co.il/articles/%D7%9E%D7%97%D7%99%D7%A7%D7%AA-%D7%9B%D7%AA%D7%91-%D7%90%D7%99%D7%A9%D7%95%D7%9D-%D7%97%D7%96%D7%A8%D7%94-%D7%9E%D7%9B%D7%AA%D7%91-%D7%90%D7%99%D7%A9%D7%95%D7%9D-%D7%91%D7%99%D7%98%D7%95%D7%9C,https://jus-tice.co.il/indictment/,UNKNOWN,DO_NOT_TOUCH_HIGH_TRAFFIC_URL,HIGH,11,18431,301_IF_APPROVED,NO,DRAFT_NOT_EXECUTED,Do not execute before owner approval and final target verification.
https://jus-tice.co.il/articles/%D7%9E%D7%97%D7%A7%D7%A8-%D7%A4%D7%9C%D7%99%D7%9C%D7%99-%D7%92%D7%95%D7%A4%D7%99%D7%9D-%D7%A1%D7%98%D7%98%D7%95%D7%98%D7%95%D7%A8%D7%99%D7%99%D7%9D-%D7%94%D7%A2%D7%95%D7%A1%D7%A7%D7%99%D7%9D-%D7%91,https://jus-tice.co.il/criminal-law-needs-slug-review/,UNKNOWN,NEEDS_CONTENT_REVIEW,LOW,9,955,301_IF_APPROVED,NO,DRAFT_NOT_EXECUTED,Do not execute before owner approval and final target verification.
https://jus-tice.co.il/articles/%D7%9E%D7%99-%D7%A0%D7%97%D7%A9%D7%91-%D7%9E%D7%A2%D7%95%D7%A0%D7%99%D7%99%D7%9F-%D7%91%D7%93%D7%91%D7%A8-%D7%91%D7%A2%D7%9C-%D7%96%D7%9B%D7%95%D7%AA-%D7%9C%D7%A6%D7%95%D7%A8%D7%9A-%D7%94%D7%92,UNKNOWN_FINAL_TARGET_NEEDED,UNKNOWN,NEEDS_CLUSTER_CLASSIFICATION,LOW,0,49,301_IF_APPROVED,NO,DRAFT_NOT_EXECUTED,Do not execute before owner approval and final target verification.
https://jus-tice.co.il/articles/%D7%9E%D7%A0%D7%99%D7%95%D7%AA-%D7%9E%D7%94-%D7%94%D7%9F-%D7%A1%D7%95%D7%92%D7%99%D7%9D-%D7%A2%D7%99%D7%A7%D7%A8%D7%99%D7%99%D7%9D,UNKNOWN_FINAL_TARGET_NEEDED,UNKNOWN,NEEDS_CLUSTER_CLASSIFICATION,LOW,0,23,301_IF_APPROVED,NO,DRAFT_NOT_EXECUTED,Do not execute before owner approval and final target verification.
https://jus-tice.co.il/articles/%D7%9E%D7%A1%D7%92%D7%A8%D7%AA-%D7%A0%D7%95%D7%A8%D7%9E%D7%98%D7%99%D7%91%D7%99%D7%AA-%D7%A4%D7%A8%D7%A1%D7%95%D7%9D-%D7%9C%D7%A9%D7%95%D7%9F-%D7%94%D7%A8%D7%A2,https://jus-tice.co.il/tax-law-needs-slug-review/,UNKNOWN,NEEDS_CONTENT_REVIEW,LOW,2,257,301_IF_APPROVED,NO,DRAFT_NOT_EXECUTED,Do not execute before owner approval and final target verification.
https://jus-tice.co.il/articles/%D7%9E%D7%A2%D7%9E%D7%93%D7%95-%D7%A9%D7%9C-%D7%97%D7%A9%D7%91%D7%95%D7%9F-%D7%91%D7%A0%D7%A7-%D7%94%D7%A8%D7%A9%D7%95%D7%9D-%D7%A2%D7%A9-%D7%91%D7%A0%D7%99-%D7%94%D7%96%D7%95%D7%92-1381290-2,UNKNOWN_FINAL_TARGET_NEEDED,UNKNOWN,NEEDS_CLUSTER_CLASSIFICATION,LOW,1,50,301_IF_APPROVED,NO,DRAFT_NOT_EXECUTED,Do not execute before owner approval and final target verification.
https://jus-tice.co.il/articles/%D7%9E%D7%A7%D7%A8%D7%99-%D7%A8%D7%A9%D7%9C%D7%A0%D7%95%D7%AA-%D7%A8%D7%A4%D7%95%D7%90%D7%99%D7%AA-%D7%93%D7%95%D7%92%D7%9E%D7%90%D7%95%D7%AA,https://jus-tice.co.il/medical-malpractice-lawyer/,UNKNOWN,NEEDS_CONTENT_REVIEW,MEDIUM,5,4642,301_IF_APPROVED,NO,DRAFT_NOT_EXECUTED,Do not execute before owner approval and final target verification.
https://jus-tice.co.il/articles/%D7%9E%D7%A9%D7%98%D7%A8%D7%AA-%D7%99%D7%A9%D7%A8%D7%90%D7%9C-%D7%A9%D7%99%D7%9E%D7%95%D7%A9-%D7%91%D7%9E%D7%A2%D7%A8%D7%9B%D7%AA-%D7%A4%D7%92%D7%A1%D7%95%D7%A1-%D7%9C%D7%9C%D7%90-%D7%A6%D7%95-%D7%A9,UNKNOWN_FINAL_TARGET_NEEDED,UNKNOWN,NEEDS_CLUSTER_CLASSIFICATION,LOW,0,119,301_IF_APPROVED,NO,DRAFT_NOT_EXECUTED,Do not execute before owner approval and final target verification.
https://jus-tice.co.il/articles/%D7%9E%D7%A9%D7%A8%D7%93-%D7%A2%D7%95%D7%A8%D7%9B%D7%99-%D7%93%D7%99%D7%9F-%D7%93%D7%A8-%D7%90%D7%A1%D7%A3-%D7%A4%D7%95%D7%96%D7%A0%D7%A8,UNKNOWN_FINAL_TARGET_NEEDED,UNKNOWN,NEEDS_CLUSTER_CLASSIFICATION,LOW,0,162,301_IF_APPROVED,NO,DRAFT_NOT_EXECUTED,Do not execute before owner approval and final target verification.
https://jus-tice.co.il/articles/%D7%A0%D7%99%D7%A9%D7%95%D7%90%D7%99%D7%9D-%D7%90%D7%96%D7%A8%D7%97%D7%99%D7%99%D7%9D,UNKNOWN_FINAL_TARGET_NEEDED,UNKNOWN,DO_NOT_TOUCH_HIGH_TRAFFIC_URL,HIGH,2,7182,301_IF_APPROVED,NO,DRAFT_NOT_EXECUTED,Do not execute before owner approval and final target verification.
https://jus-tice.co.il/articles/%D7%A1%D7%9E%D7%9B%D7%95%D7%AA-%D7%91%D7%99%D7%AA-%D7%94%D7%93%D7%99%D7%9F-%D7%91%D7%A2%D7%A0%D7%99%D7%99%D7%9F-%D7%9E%D7%96%D7%95%D7%A0%D7%95%D7%AA-%D7%94%D7%99%D7%9C%D7%93%D7%99%D7%9D-%D7%9C%D7%90,https://jus-tice.co.il/child-support/,UNKNOWN,NEEDS_MERGE_REVIEW,MEDIUM,10,2281,301_IF_APPROVED,NO,DRAFT_NOT_EXECUTED,Do not execute before owner approval and final target verification.
https://jus-tice.co.il/articles/%D7%A2%D7%95%D7%93-%D7%9C%D7%99%D7%99%D7%A6%D7%95%D7%92-%D7%9E%D7%A2%D7%A1%D7%99%D7%A7%D7%99%D7%9D,https://jus-tice.co.il/employment-law-needs-slug-review/,UNKNOWN,NEEDS_CONTENT_REVIEW,MEDIUM,0,1400,301_IF_APPROVED,NO,DRAFT_NOT_EXECUTED,Do not execute before owner approval and final target verification.
https://jus-tice.co.il/articles/%D7%A2%D7%95%D7%93-%D7%A4%D7%9C%D7%99%D7%9C%D7%99,https://jus-tice.co.il/criminal-law-needs-slug-review/,UNKNOWN,NEEDS_CONTENT_REVIEW,MEDIUM,32,2324,301_IF_APPROVED,NO,DRAFT_NOT_EXECUTED,Do not execute before owner approval and final target verification.
https://jus-tice.co.il/articles/%D7%A2%D7%95%D7%95%D7%9C%D7%94-%D7%A0%D7%96%D7%A7-%D7%95%D7%A4%D7%99%D7%A6%D7%95%D7%99-%D7%93%D7%99%D7%A0%D7%99-%D7%94%D7%A0%D7%96%D7%99%D7%A7%D7%99%D7%9F-%D7%95%D7%A8%D7%A9%D7%9C%D7%A0%D7%95,https://jus-tice.co.il/personal-injury-needs-slug-review/,UNKNOWN,NEEDS_CONTENT_REVIEW,LOW,0,278,301_IF_APPROVED,NO,DRAFT_NOT_EXECUTED,Do not execute before owner approval and final target verification.
https://jus-tice.co.il/articles/%D7%A2%D7%95%D7%A0%D7%A9-%D7%A4%D7%9C%D7%99%D7%9C%D7%99-%D7%9C%D7%A0%D7%90%D7%A9%D7%9D-%D7%91%D7%9E%D7%A2%D7%A9%D7%94-%D7%9E%D7%92%D7%95%D7%A0%D7%94-%D7%91%D7%A0%D7%A1%D7%99%D7%91%D7%95%D7%AA-%D7%9E,https://jus-tice.co.il/criminal-law-needs-slug-review/,UNKNOWN,NEEDS_CONTENT_REVIEW,MEDIUM,35,2894,301_IF_APPROVED,NO,DRAFT_NOT_EXECUTED,Do not execute before owner approval and final target verification.
https://jus-tice.co.il/articles/%D7%A2%D7%95%D7%A8%D7%9A-%D7%93%D7%99%D7%9F-%D7%9C%D7%A2%D7%91%D7%99%D7%A8%D7%95%D7%AA-%D7%A9%D7%95%D7%A7-%D7%94%D7%94%D7%95%D7%9F,UNKNOWN_FINAL_TARGET_NEEDED,UNKNOWN,NEEDS_CLUSTER_CLASSIFICATION,LOW,1,92,301_IF_APPROVED,NO,DRAFT_NOT_EXECUTED,Do not execute before owner approval and final target verification.
https://jus-tice.co.il/articles/%D7%A2%D7%95%D7%A8%D7%9A-%D7%93%D7%99%D7%9F-%D7%9E%D7%95%D7%9E%D7%9C%D7%A5-%D7%93%D7%99%D7%A0%D7%99-%D7%9E%D7%A9%D7%A4%D7%97%D7%94-%D7%95%D7%92%D7%99%D7%A8%D7%95%D7%A9%D7%99%D7%9F-%D7%A4%D7%99%D7%A8,https://jus-tice.co.il/family-law-needs-slug-review/,UNKNOWN,NEEDS_CONTENT_REVIEW,LOW,0,166,301_IF_APPROVED,NO,DRAFT_NOT_EXECUTED,Do not execute before owner approval and final target verification.
https://jus-tice.co.il/articles/%D7%A2%D7%95%D7%A8%D7%9A-%D7%93%D7%99%D7%9F-%D7%9E%D7%A9%D7%A4%D7%98-%D7%A4%D7%9C%D7%99%D7%9C%D7%99-%D7%91%D7%99%D7%A0%D7%9C%D7%90%D7%95%D7%9E%D7%99,https://jus-tice.co.il/criminal-law-needs-slug-review/,UNKNOWN,NEEDS_CONTENT_REVIEW,MEDIUM,6,4641,301_IF_APPROVED,NO,DRAFT_NOT_EXECUTED,Do not execute before owner approval and final target verification.
https://jus-tice.co.il/articles/%D7%A2%D7%95%D7%A8%D7%9A-%D7%93%D7%99%D7%9F-%D7%9E%D7%A9%D7%A4%D7%98-%D7%A4%D7%9C%D7%99%D7%9C%D7%99-%D7%91%D7%99%D7%A0%D7%A4%D7%90%D7%95%D7%9E%D7%99,https://jus-tice.co.il/criminal-law-needs-slug-review/,UNKNOWN,NEEDS_CONTENT_REVIEW,LOW,0,1,301_IF_APPROVED,NO,DRAFT_NOT_EXECUTED,Do not execute before owner approval and final target verification.
https://jus-tice.co.il/articles/%D7%A2%D7%A8%D7%A2%D7%95%D7%A8-%D7%A4%D7%9C%D7%99%D7%9C%D7%99-%D7%9E%D7%A1-50-31-%D7%91%D7%91%D7%99%D7%AA-%D7%94%D7%9E%D7%A9%D7%A4%D7%98-%D7%94%D7%A2%D7%9C%D7%99%D7%95%D7%9F-%D7%91%D7%A9%D7%91,https://jus-tice.co.il/legal-database-rulings-needs-slug-review/,UNKNOWN,NEEDS_CONTENT_REVIEW,LOW,4,225,301_IF_APPROVED,NO,DRAFT_NOT_EXECUTED,Do not execute before owner approval and final target verification.
https://jus-tice.co.il/articles/%D7%A4%D7%92%D7%99%D7%A2%D7%94-%D7%91%D7%A4%D7%A8%D7%98%D7%99%D7%95%D7%AA-%D7%A1%D7%A7%D7%99%D7%A8%D7%AA-%D7%94%D7%9E%D7%A1%D7%92%D7%A8%D7%AA-%D7%94%D7%A0%D7%95%D7%A8%D7%9E%D7%98%D7%99%D7%91%D7%99,https://jus-tice.co.il/tax-law-needs-slug-review/,UNKNOWN,NEEDS_CONTENT_REVIEW,MEDIUM,13,2034,301_IF_APPROVED,NO,DRAFT_NOT_EXECUTED,Do not execute before owner approval and final target verification.
https://jus-tice.co.il/articles/%D7%A4%D7%92%D7%A1%D7%95%D7%A1-nso-%D7%9E%D7%A1%D7%A7%D7%A0%D7%95%D7%AA-%D7%A6%D7%95%D7%95%D7%AA-%D7%9E%D7%A8%D7%A8%D7%99-%D7%9E%D7%9E%D7%A6%D7%90%D7%99-%D7%A6%D7%95%D7%95%D7%AA-%D7%94%D7%91%D7%93,https://jus-tice.co.il/tax-law-needs-slug-review/,UNKNOWN,NEEDS_CONTENT_REVIEW,LOW,0,191,301_IF_APPROVED,NO,DRAFT_NOT_EXECUTED,Do not execute before owner approval and final target verification.
https://jus-tice.co.il/articles/%D7%A4%D7%99%D7%A6%D7%95%D7%99%D7%99%D7%9D-%D7%9C%D7%A2%D7%95%D7%91%D7%93-%D7%A9%D7%A4%D7%95%D7%98%D7%A8-%D7%9E%D7%A2%D7%91%D7%95%D7%93%D7%AA%D7%95-%D7%9C%D7%90%D7%9C%D7%AA%D7%A8-%D7%95%D7%9C%D7%9C,https://jus-tice.co.il/personal-injury-needs-slug-review/,UNKNOWN,NEEDS_CONTENT_REVIEW,LOW,0,202,301_IF_APPROVED,NO,DRAFT_NOT_EXECUTED,Do not execute before owner approval and final target verification.
https://jus-tice.co.il/articles/%D7%A4%D7%99%D7%A8%D7%95%D7%98-%D7%AA%D7%94%D7%9C%D7%99%D7%9A-%D7%94%D7%91%D7%97%D7%99%D7%A8%D7%94-%D7%A9%D7%9C-%D7%A2%D7%95%D7%A8%D7%9A-%D7%93%D7%99%D7%9F,UNKNOWN_FINAL_TARGET_NEEDED,UNKNOWN,NEEDS_CLUSTER_CLASSIFICATION,LOW,0,14,301_IF_APPROVED,NO,DRAFT_NOT_EXECUTED,Do not execute before owner approval and final target verification.
https://jus-tice.co.il/articles/%D7%A4%D7%99%D7%A8%D7%95%D7%A7-%D7%A9%D7%99%D7%AA%D7%95%D7%A3-%D7%91%D7%99%D7%9F-%D7%91%D7%A0%D7%99-%D7%96%D7%95%D7%92-%D7%97%D7%9C%D7%95%D7%A7%D7%AA-%D7%93%D7%99%D7%A8%D7%94-%D7%9C%D7%A4%D7%99,https://jus-tice.co.il/real-estate-needs-slug-review/,UNKNOWN,DO_NOT_TOUCH_HIGH_TRAFFIC_URL,HIGH,8,16201,301_IF_APPROVED,NO,DRAFT_NOT_EXECUTED,Do not execute before owner approval and final target verification.
https://jus-tice.co.il/articles/%D7%A4%D7%A1%D7%93-%D7%91%D7%A2%D7%A8%D7%A8-%D7%A9%D7%9C-%D7%96%D7%95%D7%92-%D7%A9%D7%9E%D7%91%D7%A7%D7%A9-%D7%9C%D7%91%D7%98%D7%9C-%D7%A9%D7%95%D7%9E%D7%AA-%D7%9E%D7%A1-%D7%A8%D7%9B%D7%99%D7%A9,https://jus-tice.co.il/tax-law-needs-slug-review/,UNKNOWN,NEEDS_CONTENT_REVIEW,LOW,0,26,301_IF_APPROVED,NO,DRAFT_NOT_EXECUTED,Do not execute before owner approval and final target verification.
https://jus-tice.co.il/articles/%D7%A4%D7%A1%D7%93-%D7%91%D7%AA%D7%91%D7%99%D7%A2%D7%94-%D7%9C%D7%A9%D7%95%D7%9F-%D7%94%D7%A8%D7%A2-%D7%91%D7%92%D7%99%D7%9F-%D7%A4%D7%A8%D7%A1%D7%95%D7%9D-%D7%91%D7%A7%D7%91%D7%95%D7%A6%D7%AA,https://jus-tice.co.il/legal-database-rulings-needs-slug-review/,UNKNOWN,DO_NOT_TOUCH_HIGH_TRAFFIC_URL,HIGH,29,15120,301_IF_APPROVED,NO,DRAFT_NOT_EXECUTED,Do not execute before owner approval and final target verification.
https://jus-tice.co.il/articles/%D7%A4%D7%A1%D7%93-%D7%91%D7%AA%D7%95%D7%91%D7%A2%D7%A0%D7%94-%D7%A9%D7%9C-%D7%90%D7%99%D7%A9%D7%94-%D7%9C%D7%91%D7%99%D7%A6%D7%95%D7%A2-%D7%A4%D7%A1%D7%93-%D7%91%D7%A0%D7%95%D7%92%D7%A2-%D7%9C,https://jus-tice.co.il/legal-database-rulings-needs-slug-review/,UNKNOWN,NEEDS_CONTENT_REVIEW,LOW,9,558,301_IF_APPROVED,NO,DRAFT_NOT_EXECUTED,Do not execute before owner approval and final target verification.
https://jus-tice.co.il/articles/%D7%A4%D7%A1%D7%93-%D7%94%D7%A1%D7%9B%D7%9D-%D7%9E%D7%9E%D7%95%D7%9F-%D7%A9%D7%A0%D7%97%D7%AA%D7%9D-%D7%95%D7%91%D7%95%D7%98%D7%9C-%D7%91%D7%A4%D7%A0%D7%99-%D7%A0%D7%95%D7%98%D7%A8%D7%99%D7%95,https://jus-tice.co.il/prenuptial-agreement/,UNKNOWN,NEEDS_CONTENT_REVIEW,MEDIUM,4,1324,301_IF_APPROVED,NO,DRAFT_NOT_EXECUTED,Do not execute before owner approval and final target verification.
https://jus-tice.co.il/articles/%D7%A4%D7%A1%D7%93-%D7%A0%D7%99%D7%94%D7%95%D7%9C-%D7%AA%D7%91%D7%99%D7%A2%D7%AA-%D7%92%D7%99%D7%A8%D7%95%D7%A9%D7%99%D7%9F-%D7%9E%D7%97%D7%95%D7%9C-%D7%91%D7%90%D7%9E%D7%A6%D7%A2%D7%95%D7%AA,https://jus-tice.co.il/family-law-needs-slug-review/,UNKNOWN,NEEDS_CONTENT_REVIEW,LOW,0,113,301_IF_APPROVED,NO,DRAFT_NOT_EXECUTED,Do not execute before owner approval and final target verification.
https://jus-tice.co.il/articles/%D7%A4%D7%A1%D7%93-%D7%AA%D7%91%D7%99%D7%A2%D7%94-%D7%9C%D7%A1%D7%A2%D7%93-%D7%94%D7%A6%D7%94%D7%A8%D7%AA%D7%99-%D7%94%D7%A7%D7%95%D7%91%D7%A2-%D7%9B%D7%99-%D7%96%D7%9B%D7%95%D7%99%D7%95%D7%AA,https://jus-tice.co.il/legal-database-rulings-needs-slug-review/,UNKNOWN,NEEDS_CONTENT_REVIEW,LOW,7,370,301_IF_APPROVED,NO,DRAFT_NOT_EXECUTED,Do not execute before owner approval and final target verification.
https://jus-tice.co.il/articles/%D7%A4%D7%A1%D7%93-%D7%AA%D7%91%D7%99%D7%A2%D7%AA-%D7%9B%D7%AA%D7%95%D7%91%D7%94-%D7%A9%D7%94%D7%92%D7%99%D7%A9%D7%95-%D7%99%D7%95%D7%A8%D7%A9%D7%99-%D7%94%D7%90%D7%99%D7%A9%D7%94-%D7%A0%D7%92,https://jus-tice.co.il/family-law-needs-slug-review/,UNKNOWN,NEEDS_CONTENT_REVIEW,MEDIUM,8,2400,301_IF_APPROVED,NO,DRAFT_NOT_EXECUTED,Do not execute before owner approval and final target verification.
https://jus-tice.co.il/articles/%D7%A4%D7%A1%D7%A7-%D7%93%D7%99%D7%9F-%D7%A7%D7%98%D7%99%D7%9F-%D7%A9%D7%94%D7%95%D7%90%D7%A9%D7%9D-%D7%91%D7%A2%D7%91%D7%99%D7%A8%D7%95%D7%AA-%D7%94%D7%AA%D7%A4%D7%A8%D7%A2%D7%95%D7%AA-%D7%95%D7%AA,https://jus-tice.co.il/legal-database-rulings-needs-slug-review/,UNKNOWN,NEEDS_CONTENT_REVIEW,LOW,0,23,301_IF_APPROVED,NO,DRAFT_NOT_EXECUTED,Do not execute before owner approval and final target verification.
https://jus-tice.co.il/articles/%D7%A4%D7%A8%D7%A9%D7%A0%D7%95%D7%AA-%D7%94%D7%A1%D7%9B%D7%9D-%D7%92%D7%99%D7%A8%D7%95%D7%A9%D7%99%D7%9F-%D7%A9%D7%99%D7%A9-%D7%91%D7%95-%D7%A1%D7%A4%D7%A7-%D7%91%D7%A1%D7%A2%D7%99%D7%A3-%D7%94%D7%95,https://jus-tice.co.il/divorce-agreement/,UNKNOWN,NEEDS_CONTENT_REVIEW,LOW,4,584,301_IF_APPROVED,NO,DRAFT_NOT_EXECUTED,Do not execute before owner approval and final target verification.
https://jus-tice.co.il/articles/%D7%A7%D7%91%D7%99%D7%A2%D7%AA-%D7%92%D7%93%D7%A8-%D7%97%D7%99%D7%95%D7%91-%D7%94%D7%90%D7%91-%D7%91%D7%9E%D7%96%D7%95%D7%A0%D7%95%D7%AA-%D7%A7%D7%98%D7%A0%D7%99%D7%9D-%D7%9E%D7%A2%D7%9C-%D7%92%D7%99,https://jus-tice.co.il/child-support/,UNKNOWN,NEEDS_MERGE_REVIEW,LOW,5,812,301_IF_APPROVED,NO,DRAFT_NOT_EXECUTED,Do not execute before owner approval and final target verification.
https://jus-tice.co.il/articles/%D7%A7%D7%95%D7%A8%D7%95%D7%A0%D7%94-%D7%94%D7%90%D7%A8%D7%9B%D7%AA-%D7%AA%D7%A7%D7%95%D7%A4%D7%AA-%D7%AA%D7%95%D7%A7%D7%A3-%D7%A8%D7%99%D7%A9%D7%99%D7%95%D7%9F-%D7%A8%D7%9B%D7%91-16-03-2020,https://jus-tice.co.il/traffic-law-needs-slug-review/,UNKNOWN,NEEDS_CONTENT_REVIEW,LOW,1,357,301_IF_APPROVED,NO,DRAFT_NOT_EXECUTED,Do not execute before owner approval and final target verification.
https://jus-tice.co.il/articles/%D7%A8%D7%91%D7%A0%D7%99-%D7%9E%D7%96%D7%95%D7%A0%D7%95%D7%AA-%D7%99%D7%9C%D7%93%D7%99%D7%9D-%D7%99%D7%A1%D7%95%D7%93%D7%95%D7%AA-%D7%97%D7%99%D7%95%D7%91-%D7%91%D7%93%D7%9E%D7%99-%D7%98%D7%99%D7%A4,https://jus-tice.co.il/child-support/,UNKNOWN,NEEDS_CONTENT_REVIEW,MEDIUM,10,904,301_IF_APPROVED,NO,DRAFT_NOT_EXECUTED,Do not execute before owner approval and final target verification.
https://jus-tice.co.il/articles/%D7%A8%D7%9B%D7%99%D7%A9%D7%AA-%D7%A0%D7%93%D7%9C%D7%9F-2025-%D7%9B%D7%9C-%D7%9E%D7%94-%D7%A9%D7%A6%D7%A8%D7%99%D7%9A-%D7%9C%D7%93%D7%A2%D7%AA,https://jus-tice.co.il/real-estate-needs-slug-review/,UNKNOWN,NEEDS_CONTENT_REVIEW,MEDIUM,12,3473,301_IF_APPROVED,NO,DRAFT_NOT_EXECUTED,Do not execute before owner approval and final target verification.
https://jus-tice.co.il/articles/%D7%A9%D7%93%D7%94-%D7%93%D7%91-%D7%A4%D7%A1%D7%A7-%D7%93%D7%99%D7%9F-%D7%93%D7%99%D7%95%D7%A8-%D7%91%D7%A8-%D7%94%D7%A9%D7%92%D7%94-%D7%93%D7%99%D7%95%D7%A8-%D7%91%D7%94%D7%99%D7%A9%D7%92-%D7%99,https://jus-tice.co.il/legal-database-rulings-needs-slug-review/,UNKNOWN,NEEDS_CONTENT_REVIEW,MEDIUM,14,1634,301_IF_APPROVED,NO,DRAFT_NOT_EXECUTED,Do not execute before owner approval and final target verification.
https://jus-tice.co.il/articles/%D7%A9%D7%99%D7%9E%D7%95%D7%A9-%D7%91%D7%9E%D7%95%D7%9E%D7%97%D7%99%D7%9D-%D7%91%D7%AA%D7%99%D7%A7%D7%99%D7%9D-%D7%A4%D7%9C%D7%99%D7%9C%D7%99%D7%99%D7%9D,https://jus-tice.co.il/criminal-law-needs-slug-review/,UNKNOWN,NEEDS_CONTENT_REVIEW,LOW,5,932,301_IF_APPROVED,NO,DRAFT_NOT_EXECUTED,Do not execute before owner approval and final target verification.
https://jus-tice.co.il/articles/%D7%A9%D7%9B%D7%A8-%D7%98%D7%A8%D7%97%D7%94-%D7%A2%D7%95%D7%A8%D7%9A-%D7%93%D7%99%D7%9F-%D7%A8%D7%A9%D7%9C%D7%A0%D7%95%D7%AA-%D7%A8%D7%A4%D7%95%D7%90%D7%99%D7%AA,https://jus-tice.co.il/medical-malpractice-lawyer/,UNKNOWN,NEEDS_CONTENT_REVIEW,MEDIUM,1,2985,301_IF_APPROVED,NO,DRAFT_NOT_EXECUTED,Do not execute before owner approval and final target verification.
https://jus-tice.co.il/articles/%D7%A9%D7%9B%D7%A8-%D7%9B%D7%95%D7%A0%D7%A1-%D7%A0%D7%9B%D7%A1%D7%99%D7%9D-%D7%A9%D7%9C%D7%90-%D7%94%D7%A9%D7%9C%D7%99%D7%9D-%D7%90%D7%AA-%D7%9E%D7%9C%D7%90%D7%9B%D7%AA%D7%95,https://jus-tice.co.il/employment-law-needs-slug-review/,UNKNOWN,NEEDS_CONTENT_REVIEW,MEDIUM,14,976,301_IF_APPROVED,NO,DRAFT_NOT_EXECUTED,Do not execute before owner approval and final target verification.
https://jus-tice.co.il/articles/%D7%A9%D7%A8%D7%95%D7%AA%D7%99-%D7%97%D7%A9%D7%91%D7%95%D7%AA-%D7%94%D7%99%D7%AA%D7%A8%D7%95%D7%A0%D7%95%D7%AA-%D7%95%D7%94%D7%97%D7%A1%D7%A8%D7%95%D7%A0%D7%95%D7%AA-%D7%A9%D7%9C-%D7%A9%D7%99%D7%A8,UNKNOWN_FINAL_TARGET_NEEDED,UNKNOWN,NEEDS_CLUSTER_CLASSIFICATION,LOW,0,10,301_IF_APPROVED,NO,DRAFT_NOT_EXECUTED,Do not execute before owner approval and final target verification.
https://jus-tice.co.il/articles/%D7%AA%D7%90-39115-08-19-%D7%A4%D7%9C%D7%95%D7%A0%D7%99-%D7%A0-%D7%90%D7%9C%D7%99%D7%9E%D7%9C%D7%9A-%D7%95%D7%90%D7%97,https://jus-tice.co.il/personal-injury-needs-slug-review/,UNKNOWN,NEEDS_CONTENT_REVIEW,MEDIUM,4,3822,301_IF_APPROVED,NO,DRAFT_NOT_EXECUTED,Do not execute before owner approval and final target verification.
https://jus-tice.co.il/articles/%D7%AA%D7%90-40044-06-18-%D7%A4%D7%A8%D7%95%D7%99%D7%A7%D7%98-%D7%9E%D7%A8%D7%9B%D7%96-%D7%A0%D7%AA%D7%A0%D7%99%D7%94-%D7%9B%D7%97%D7%95%D7%9C-%D7%9C%D7%91%D7%9F-%D7%91%D7%A2%D7%9E-%D7%95%D7%90,UNKNOWN_FINAL_TARGET_NEEDED,UNKNOWN,NEEDS_CLUSTER_CLASSIFICATION,MEDIUM,18,587,301_IF_APPROVED,NO,DRAFT_NOT_EXECUTED,Do not execute before owner approval and final target verification.
https://jus-tice.co.il/articles/%D7%AA%D7%91%D7%99%D7%A2%D7%94-%D7%A2%D7%A1-90031-%D7%91%D7%A2%D7%99%D7%9C%D7%95%D7%AA-%D7%A9%D7%9C-%D7%94%D7%98%D7%A8%D7%93%D7%94-%D7%9E%D7%99%D7%A0%D7%99%D7%AA-%D7%AA%D7%A7%D7%99,UNKNOWN_FINAL_TARGET_NEEDED,UNKNOWN,NEEDS_CLUSTER_CLASSIFICATION,MEDIUM,3,1038,301_IF_APPROVED,NO,DRAFT_NOT_EXECUTED,Do not execute before owner approval and final target verification.
https://jus-tice.co.il/articles/%D7%AA%D7%9C%D7%94%D7%9E7679-12-21%D7%A4%D7%9C%D7%95%D7%A0%D7%99-%D7%A0-%D7%A4%D7%9C%D7%95%D7%A0%D7%99%D7%AA,UNKNOWN_FINAL_TARGET_NEEDED,UNKNOWN,NEEDS_CLUSTER_CLASSIFICATION,LOW,9,397,301_IF_APPROVED,NO,DRAFT_NOT_EXECUTED,Do not execute before owner approval and final target verification.
https://jus-tice.co.il/articles/%D7%AA%D7%A2-45543-11-21-%D7%91%D7%A7%D7%A9%D7%94-%D7%9C%D7%91%D7%99%D7%98%D7%95%D7%9C-%D7%A6%D7%95-%D7%A7%D7%99%D7%95%D7%9D-%D7%A6%D7%95%D7%95%D7%90%D7%94-%D7%9C%D7%90%D7%97%D7%A8-%D7%92%D7%99,https://jus-tice.co.il/will/,UNKNOWN,DO_NOT_TOUCH_HIGH_TRAFFIC_URL,HIGH,12,5559,301_IF_APPROVED,NO,DRAFT_NOT_EXECUTED,Do not execute before owner approval and final target verification.
https://jus-tice.co.il/articles/%D7%AA%D7%A4-26290-04-18-%D7%9E%D7%93%D7%99%D7%A0%D7%AA-%D7%99%D7%A9%D7%A8%D7%90%D7%9C-%D7%A0-%D7%99%D7%95%D7%A1%D7%A4%D7%94-%D7%91%D7%A8%D7%A7,UNKNOWN_FINAL_TARGET_NEEDED,UNKNOWN,NEEDS_CLUSTER_CLASSIFICATION,LOW,9,509,301_IF_APPROVED,NO,DRAFT_NOT_EXECUTED,Do not execute before owner approval and final target verification.
https://jus-tice.co.il/articles/%D7%AA%D7%A7%D7%A6%D7%99%D7%A8-%D7%94%D7%93%D7%95%D7%97-%D7%A2%D7%9C-%D7%99%D7%99%D7%A9%D7%95%D7%9D-%D7%94%D7%97%D7%95%D7%A7-%D7%9C%D7%9E%D7%A0%D7%99%D7%A2%D7%AA-%D7%94%D7%98%D7%A8%D7%93%D7%94-%D7%9E,UNKNOWN_FINAL_TARGET_NEEDED,UNKNOWN,NEEDS_CLUSTER_CLASSIFICATION,MEDIUM,6,3114,301_IF_APPROVED,NO,DRAFT_NOT_EXECUTED,Do not execute before owner approval and final target verification.
https://jus-tice.co.il/articles/10-%D7%A0%D7%95%D7%A9%D7%90%D7%99%D7%9D-%D7%A7%D7%A8%D7%99%D7%98%D7%99%D7%99%D7%9D-%D7%A9%D7%97%D7%99%D7%99%D7%91%D7%99%D7%9D-%D7%9C%D7%91%D7%93%D7%95%D7%A7-%D7%9C%D7%A4%D7%A0%D7%99-%D7%A7%D7%A0%D7%99,https://jus-tice.co.il/buying-apartment/,UNKNOWN,NEEDS_MERGE_REVIEW,LOW,1,317,301_IF_APPROVED,NO,DRAFT_NOT_EXECUTED,Do not execute before owner approval and final target verification.
https://jus-tice.co.il/articles/7953-2,UNKNOWN_FINAL_TARGET_NEEDED,UNKNOWN,NEEDS_CLUSTER_CLASSIFICATION,LOW,0,55,301_IF_APPROVED,NO,DRAFT_NOT_EXECUTED,Do not execute before owner approval and final target verification.
https://jus-tice.co.il/artificial-general-intelligence,UNKNOWN_FINAL_TARGET_NEEDED,UNKNOWN,NEEDS_CLUSTER_CLASSIFICATION,MEDIUM,22,4343,301_IF_APPROVED,NO,DRAFT_NOT_EXECUTED,Do not execute before owner approval and final target verification.
https://jus-tice.co.il/attorney-general,UNKNOWN_FINAL_TARGET_NEEDED,UNKNOWN,NEEDS_CLUSTER_CLASSIFICATION,LOW,1,166,301_IF_APPROVED,NO,DRAFT_NOT_EXECUTED,Do not execute before owner approval and final target verification.
https://jus-tice.co.il/attorneys-how-to-manage-your-stress-and-stop-procrastinating,UNKNOWN_FINAL_TARGET_NEEDED,UNKNOWN,NEEDS_CLUSTER_CLASSIFICATION,LOW,0,29,301_IF_APPROVED,NO,DRAFT_NOT_EXECUTED,Do not execute before owner approval and final target verification.
https://jus-tice.co.il/australia-lawyers,UNKNOWN_FINAL_TARGET_NEEDED,UNKNOWN,NEEDS_CLUSTER_CLASSIFICATION,MEDIUM,36,4697,301_IF_APPROVED,NO,DRAFT_NOT_EXECUTED,Do not execute before owner approval and final target verification.
https://jus-tice.co.il/austria-lawyers,UNKNOWN_FINAL_TARGET_NEEDED,UNKNOWN,NEEDS_CLUSTER_CLASSIFICATION,MEDIUM,49,1921,301_IF_APPROVED,NO,DRAFT_NOT_EXECUTED,Do not execute before owner approval and final target verification.
https://jus-tice.co.il/avoiding-mistakes-when-buying-property-in-cyprus,UNKNOWN_FINAL_TARGET_NEEDED,UNKNOWN,DO_NOT_TOUCH_HIGH_TRAFFIC_URL,HIGH,26,17420,301_IF_APPROVED,NO,DRAFT_NOT_EXECUTED,Do not execute before owner approval and final target verification.
https://jus-tice.co.il/avvo,UNKNOWN_FINAL_TARGET_NEEDED,UNKNOWN,NEEDS_CLUSTER_CLASSIFICATION,LOW,0,165,301_IF_APPROVED,NO,DRAFT_NOT_EXECUTED,Do not execute before owner approval and final target verification.
https://jus-tice.co.il/baker-mckenzie,UNKNOWN_FINAL_TARGET_NEEDED,UNKNOWN,DO_NOT_TOUCH_HIGH_TRAFFIC_URL,HIGH,66,2157,301_IF_APPROVED,NO,DRAFT_NOT_EXECUTED,Do not execute before owner approval and final target verification.
https://jus-tice.co.il/balloon-payment-mortgage,UNKNOWN_FINAL_TARGET_NEEDED,UNKNOWN,DO_NOT_TOUCH_HIGH_TRAFFIC_URL,HIGH,2,6751,301_IF_APPROVED,NO,DRAFT_NOT_EXECUTED,Do not execute before owner approval and final target verification.
https://jus-tice.co.il/bank-account-in-portugal,https://jus-tice.co.il/notary-foreign-needs-slug-review/,UNKNOWN,DO_NOT_TOUCH_HIGH_TRAFFIC_URL,HIGH,90,3300,301_IF_APPROVED,NO,DRAFT_NOT_EXECUTED,Do not execute before owner approval and final target verification.
https://jus-tice.co.il/banking-financ-portugal,https://jus-tice.co.il/notary-foreign-needs-slug-review/,UNKNOWN,NEEDS_CONTENT_REVIEW,MEDIUM,24,1312,301_IF_APPROVED,NO,DRAFT_NOT_EXECUTED,Do not execute before owner approval and final target verification.
https://jus-tice.co.il/bar-exam-worldwide,UNKNOWN_FINAL_TARGET_NEEDED,UNKNOWN,NEEDS_CLUSTER_CLASSIFICATION,MEDIUM,27,4400,301_IF_APPROVED,NO,DRAFT_NOT_EXECUTED,Do not execute before owner approval and final target verification.
https://jus-tice.co.il/bdi-coface,UNKNOWN_FINAL_TARGET_NEEDED,UNKNOWN,NEEDS_CLUSTER_CLASSIFICATION,MEDIUM,3,2442,301_IF_APPROVED,NO,DRAFT_NOT_EXECUTED,Do not execute before owner approval and final target verification.
https://jus-tice.co.il/beginners-guide-how-to-choose-the-best-website-builder,UNKNOWN_FINAL_TARGET_NEEDED,UNKNOWN,DO_NOT_TOUCH_HIGH_TRAFFIC_URL,HIGH,28,47788,301_IF_APPROVED,NO,DRAFT_NOT_EXECUTED,Do not execute before owner approval and final target verification.
https://jus-tice.co.il/belgian-lawyers,UNKNOWN_FINAL_TARGET_NEEDED,UNKNOWN,NEEDS_CLUSTER_CLASSIFICATION,MEDIUM,35,2306,301_IF_APPROVED,NO,DRAFT_NOT_EXECUTED,Do not execute before owner approval and final target verification.
https://jus-tice.co.il/benjamin-brafman,UNKNOWN_FINAL_TARGET_NEEDED,UNKNOWN,NEEDS_CLUSTER_CLASSIFICATION,MEDIUM,15,1023,301_IF_APPROVED,NO,DRAFT_NOT_EXECUTED,Do not execute before owner approval and final target verification.
https://jus-tice.co.il/benzur-korb-co,UNKNOWN_FINAL_TARGET_NEEDED,UNKNOWN,NEEDS_CLUSTER_CLASSIFICATION,MEDIUM,8,1433,301_IF_APPROVED,NO,DRAFT_NOT_EXECUTED,Do not execute before owner approval and final target verification.
https://jus-tice.co.il/best-criminal-defence-lawyers-worldwide,https://jus-tice.co.il/criminal-law-needs-slug-review/,UNKNOWN,DO_NOT_TOUCH_HIGH_TRAFFIC_URL,HIGH,70,9113,301_IF_APPROVED,NO,DRAFT_NOT_EXECUTED,Do not execute before owner approval and final target verification.
https://jus-tice.co.il/birth-injury,https://jus-tice.co.il/medical-malpractice-needs-slug-review/,UNKNOWN,NEEDS_CONTENT_REVIEW,LOW,1,168,301_IF_APPROVED,NO,DRAFT_NOT_EXECUTED,Do not execute before owner approval and final target verification.
https://jus-tice.co.il/birth-injury-lawyer,https://jus-tice.co.il/medical-malpractice-needs-slug-review/,UNKNOWN,NEEDS_CONTENT_REVIEW,LOW,0,266,301_IF_APPROVED,NO,DRAFT_NOT_EXECUTED,Do not execute before owner approval and final target verification.
https://jus-tice.co.il/blood-alcohol-content-breathalyzer,UNKNOWN_FINAL_TARGET_NEEDED,UNKNOWN,DO_NOT_TOUCH_HIGH_TRAFFIC_URL,HIGH,8,10563,301_IF_APPROVED,NO,DRAFT_NOT_EXECUTED,Do not execute before owner approval and final target verification.
https://jus-tice.co.il/bostwick-peterson-llp,UNKNOWN_FINAL_TARGET_NEEDED,UNKNOWN,NEEDS_CLUSTER_CLASSIFICATION,LOW,0,18,301_IF_APPROVED,NO,DRAFT_NOT_EXECUTED,Do not execute before owner approval and final target verification.
https://jus-tice.co.il/brazil-lawyers,UNKNOWN_FINAL_TARGET_NEEDED,UNKNOWN,NEEDS_CLUSTER_CLASSIFICATION,MEDIUM,20,1304,301_IF_APPROVED,NO,DRAFT_NOT_EXECUTED,Do not execute before owner approval and final target verification.
https://jus-tice.co.il/building-science,UNKNOWN_FINAL_TARGET_NEEDED,UNKNOWN,NEEDS_CLUSTER_CLASSIFICATION,LOW,0,57,301_IF_APPROVED,NO,DRAFT_NOT_EXECUTED,Do not execute before owner approval and final target verification.
https://jus-tice.co.il/business-license,https://jus-tice.co.il/traffic-law-needs-slug-review/,UNKNOWN,NEEDS_CONTENT_REVIEW,MEDIUM,9,3522,301_IF_APPROVED,NO,DRAFT_NOT_EXECUTED,Do not execute before owner approval and final target verification.
https://jus-tice.co.il/buy-real-estate-cyprus,https://jus-tice.co.il/real-estate-needs-slug-review/,UNKNOWN,DO_NOT_TOUCH_HIGH_TRAFFIC_URL,HIGH,1,20704,301_IF_APPROVED,NO,DRAFT_NOT_EXECUTED,Do not execute before owner approval and final target verification.
https://jus-tice.co.il/buying-property-in-greece,UNKNOWN_FINAL_TARGET_NEEDED,UNKNOWN,DO_NOT_TOUCH_HIGH_TRAFFIC_URL,HIGH,40,30418,301_IF_APPROVED,NO,DRAFT_NOT_EXECUTED,Do not execute before owner approval and final target verification.
https://jus-tice.co.il/buying-property-in-portugal,https://jus-tice.co.il/notary-foreign-needs-slug-review/,UNKNOWN,DO_NOT_TOUCH_HIGH_TRAFFIC_URL,HIGH,29,19610,301_IF_APPROVED,NO,DRAFT_NOT_EXECUTED,Do not execute before owner approval and final target verification.
https://jus-tice.co.il/cadastre,UNKNOWN_FINAL_TARGET_NEEDED,UNKNOWN,NEEDS_CLUSTER_CLASSIFICATION,MEDIUM,8,1117,301_IF_APPROVED,NO,DRAFT_NOT_EXECUTED,Do not execute before owner approval and final target verification.
https://jus-tice.co.il/california-lawyers,UNKNOWN_FINAL_TARGET_NEEDED,UNKNOWN,NEEDS_CLUSTER_CLASSIFICATION,MEDIUM,34,1153,301_IF_APPROVED,NO,DRAFT_NOT_EXECUTED,Do not execute before owner approval and final target verification.
https://jus-tice.co.il/canada-lawyers,UNKNOWN_FINAL_TARGET_NEEDED,UNKNOWN,DO_NOT_TOUCH_HIGH_TRAFFIC_URL,HIGH,66,2288,301_IF_APPROVED,NO,DRAFT_NOT_EXECUTED,Do not execute before owner approval and final target verification.
https://jus-tice.co.il/cancel-a-divorce-settlement-agreement,https://jus-tice.co.il/divorce-agreement/,UNKNOWN,DO_NOT_TOUCH_HIGH_TRAFFIC_URL,HIGH,12,6399,301_IF_APPROVED,NO,DRAFT_NOT_EXECUTED,Do not execute before owner approval and final target verification.
https://jus-tice.co.il/cancellation-of-closed-case-records-from-the-criminal-database,https://jus-tice.co.il/criminal-law-needs-slug-review/,UNKNOWN,NEEDS_CONTENT_REVIEW,LOW,0,32,301_IF_APPROVED,NO,DRAFT_NOT_EXECUTED,Do not execute before owner approval and final target verification.
https://jus-tice.co.il/car-accident-auto-injury-lawyer,https://jus-tice.co.il/car-accident-lawyer/,UNKNOWN,DO_NOT_TOUCH_HIGH_TRAFFIC_URL,HIGH,0,8445,301_IF_APPROVED,NO,DRAFT_NOT_EXECUTED,Do not execute before owner approval and final target verification.
https://jus-tice.co.il/cascais,UNKNOWN_FINAL_TARGET_NEEDED,UNKNOWN,NEEDS_CLUSTER_CLASSIFICATION,MEDIUM,8,1465,301_IF_APPROVED,NO,DRAFT_NOT_EXECUTED,Do not execute before owner approval and final target verification.
https://jus-tice.co.il/cerebral-palsy,UNKNOWN_FINAL_TARGET_NEEDED,UNKNOWN,DO_NOT_TOUCH_HIGH_TRAFFIC_URL,HIGH,21,7104,301_IF_APPROVED,NO,DRAFT_NOT_EXECUTED,Do not execute before owner approval and final target verification.
https://jus-tice.co.il/cerebral-palsy-rights,UNKNOWN_FINAL_TARGET_NEEDED,UNKNOWN,NEEDS_CLUSTER_CLASSIFICATION,MEDIUM,9,1702,301_IF_APPROVED,NO,DRAFT_NOT_EXECUTED,Do not execute before owner approval and final target verification.
https://jus-tice.co.il/chambers-and-partners,https://jus-tice.co.il/family-law-needs-slug-review/,UNKNOWN,NEEDS_MERGE_REVIEW,MEDIUM,2,1826,301_IF_APPROVED,NO,DRAFT_NOT_EXECUTED,Do not execute before owner approval and final target verification.
https://jus-tice.co.il/changing-or-canceling-a-prenuptial-agreement,https://jus-tice.co.il/prenuptial-agreement/,UNKNOWN,NEEDS_MERGE_REVIEW,LOW,0,9,301_IF_APPROVED,NO,DRAFT_NOT_EXECUTED,Do not execute before owner approval and final target verification.
https://jus-tice.co.il/characteristics-and-outcomes-of-children-with-coronavirus,UNKNOWN_FINAL_TARGET_NEEDED,UNKNOWN,NEEDS_CLUSTER_CLASSIFICATION,LOW,0,11,301_IF_APPROVED,NO,DRAFT_NOT_EXECUTED,Do not execute before owner approval and final target verification.
https://jus-tice.co.il/child-custody-modification,https://jus-tice.co.il/family-law-needs-slug-review/,UNKNOWN,DO_NOT_TOUCH_HIGH_TRAFFIC_URL,HIGH,20,14186,301_IF_APPROVED,NO,DRAFT_NOT_EXECUTED,Do not execute before owner approval and final target verification.
https://jus-tice.co.il/child-pornography-laws-in-the-united-states,UNKNOWN_FINAL_TARGET_NEEDED,UNKNOWN,NEEDS_CLUSTER_CLASSIFICATION,MEDIUM,11,1576,301_IF_APPROVED,NO,DRAFT_NOT_EXECUTED,Do not execute before owner approval and final target verification.
https://jus-tice.co.il/child-support-divorced-parents61641-09-19,https://jus-tice.co.il/child-support/,UNKNOWN,NEEDS_MERGE_REVIEW,MEDIUM,3,1375,301_IF_APPROVED,NO,DRAFT_NOT_EXECUTED,Do not execute before owner approval and final target verification.
https://jus-tice.co.il/china-business-legal-guide,UNKNOWN_FINAL_TARGET_NEEDED,UNKNOWN,DO_NOT_TOUCH_HIGH_TRAFFIC_URL,HIGH,38,13945,301_IF_APPROVED,NO,DRAFT_NOT_EXECUTED,Do not execute before owner approval and final target verification.
https://jus-tice.co.il/china-lawyers,UNKNOWN_FINAL_TARGET_NEEDED,UNKNOWN,NEEDS_CLUSTER_CLASSIFICATION,MEDIUM,28,3727,301_IF_APPROVED,NO,DRAFT_NOT_EXECUTED,Do not execute before owner approval and final target verification.
https://jus-tice.co.il/choose-usa-attorney,UNKNOWN_FINAL_TARGET_NEEDED,UNKNOWN,DO_NOT_TOUCH_HIGH_TRAFFIC_URL,HIGH,43,7146,301_IF_APPROVED,NO,DRAFT_NOT_EXECUTED,Do not execute before owner approval and final target verification.
https://jus-tice.co.il/cms-law-firm,UNKNOWN_FINAL_TARGET_NEEDED,UNKNOWN,NEEDS_MERGE_REVIEW,MEDIUM,3,2679,301_IF_APPROVED,NO,DRAFT_NOT_EXECUTED,Do not execute before owner approval and final target verification.
https://jus-tice.co.il/co-op-legal-services,UNKNOWN_FINAL_TARGET_NEEDED,UNKNOWN,NEEDS_CLUSTER_CLASSIFICATION,LOW,0,6,301_IF_APPROVED,NO,DRAFT_NOT_EXECUTED,Do not execute before owner approval and final target verification.
https://jus-tice.co.il/cohabitation-agreement,UNKNOWN_FINAL_TARGET_NEEDED,UNKNOWN,NEEDS_MERGE_REVIEW,LOW,2,986,301_IF_APPROVED,NO,DRAFT_NOT_EXECUTED,Do not execute before owner approval and final target verification.
https://jus-tice.co.il/cohabitation-property-rights-for-unmarried-couples,UNKNOWN_FINAL_TARGET_NEEDED,UNKNOWN,DO_NOT_TOUCH_HIGH_TRAFFIC_URL,HIGH,13,8713,301_IF_APPROVED,NO,DRAFT_NOT_EXECUTED,Do not execute before owner approval and final target verification.
https://jus-tice.co.il/common-construction-defects-and-how-to-manage-them,https://jus-tice.co.il/construction-defects/,UNKNOWN,NEEDS_CONTENT_REVIEW,MEDIUM,2,2485,301_IF_APPROVED,NO,DRAFT_NOT_EXECUTED,Do not execute before owner approval and final target verification.
https://jus-tice.co.il/common-law-marriage,https://jus-tice.co.il/family-law-needs-slug-review/,UNKNOWN,NEEDS_CONTENT_REVIEW,MEDIUM,0,1804,301_IF_APPROVED,NO,DRAFT_NOT_EXECUTED,Do not execute before owner approval and final target verification.
https://jus-tice.co.il/companyregistrationform2,UNKNOWN_FINAL_TARGET_NEEDED,UNKNOWN,DO_NOT_TOUCH_HIGH_TRAFFIC_URL,HIGH,11,5626,301_IF_APPROVED,NO,DRAFT_NOT_EXECUTED,Do not execute before owner approval and final target verification.
https://jus-tice.co.il/comparative-criminal-justice,https://jus-tice.co.il/criminal-law-needs-slug-review/,UNKNOWN,NEEDS_CONTENT_REVIEW,LOW,3,234,301_IF_APPROVED,NO,DRAFT_NOT_EXECUTED,Do not execute before owner approval and final target verification.
https://jus-tice.co.il/compensation-flight-delayed,UNKNOWN_FINAL_TARGET_NEEDED,UNKNOWN,DO_NOT_TOUCH_HIGH_TRAFFIC_URL,HIGH,26,5001,301_IF_APPROVED,NO,DRAFT_NOT_EXECUTED,Do not execute before owner approval and final target verification.
https://jus-tice.co.il/compulsory-motor-vehicle-insurance,UNKNOWN_FINAL_TARGET_NEEDED,UNKNOWN,NEEDS_CLUSTER_CLASSIFICATION,LOW,1,846,301_IF_APPROVED,NO,DRAFT_NOT_EXECUTED,Do not execute before owner approval and final target verification.
https://jus-tice.co.il/consent,UNKNOWN_FINAL_TARGET_NEEDED,UNKNOWN,NEEDS_CLUSTER_CLASSIFICATION,MEDIUM,39,3252,301_IF_APPROVED,NO,DRAFT_NOT_EXECUTED,Do not execute before owner approval and final target verification.
https://jus-tice.co.il/construction-law,https://jus-tice.co.il/real-estate-needs-slug-review/,UNKNOWN,NEEDS_CONTENT_REVIEW,MEDIUM,4,4997,301_IF_APPROVED,NO,DRAFT_NOT_EXECUTED,Do not execute before owner approval and final target verification.
https://jus-tice.co.il/continuous-power-of-attorney-israel,https://jus-tice.co.il/family-law-needs-slug-review/,UNKNOWN,NEEDS_CONTENT_REVIEW,MEDIUM,0,4759,301_IF_APPROVED,NO,DRAFT_NOT_EXECUTED,Do not execute before owner approval and final target verification.
https://jus-tice.co.il/copyright,UNKNOWN_FINAL_TARGET_NEEDED,UNKNOWN,DO_NOT_TOUCH_HIGH_TRAFFIC_URL,HIGH,20,13456,301_IF_APPROVED,NO,DRAFT_NOT_EXECUTED,Do not execute before owner approval and final target verification.
https://jus-tice.co.il/cordell-cordell,UNKNOWN_FINAL_TARGET_NEEDED,UNKNOWN,NEEDS_CLUSTER_CLASSIFICATION,LOW,0,209,301_IF_APPROVED,NO,DRAFT_NOT_EXECUTED,Do not execute before owner approval and final target verification.
https://jus-tice.co.il/corona-virus/%D7%A7%D7%95%D7%A8%D7%95%D7%A0%D7%94-%D7%A9%D7%91%D7%9B-%D7%A4%D7%A8%D7%98%D7%99%D7%95%D7%AA-%D7%A9%D7%99%D7%9E%D7%95%D7%A9-%D7%9B%D7%A4%D7%95%D7%99-%D7%91%D7%99%D7%99%D7%A9%D7%95%D7%9E%D7%95%D7%9F,https://jus-tice.co.il/cyber-privacy-needs-slug-review/,UNKNOWN,NEEDS_CONTENT_REVIEW,LOW,1,3,301_IF_APPROVED,NO,DRAFT_NOT_EXECUTED,Do not execute before owner approval and final target verification.
https://jus-tice.co.il/corona_virus/%D7%90%D7%96%D7%95%D7%A8-%D7%9E%D7%95%D7%92%D7%91%D7%9C-%D7%94%D7%A8%D7%95%D7%91%D7%A2%D7%99%D7%9D-%D7%91%D7%A2%D7%99%D7%A8-%D7%99%D7%A8%D7%95%D7%A9%D7%9C%D7%9D,UNKNOWN_FINAL_TARGET_NEEDED,UNKNOWN,NEEDS_CLUSTER_CLASSIFICATION,LOW,0,176,301_IF_APPROVED,NO,DRAFT_NOT_EXECUTED,Do not execute before owner approval and final target verification.
https://jus-tice.co.il/corona_virus/%D7%90%D7%96%D7%95%D7%A8-%D7%9E%D7%95%D7%92%D7%91%D7%9C-%D7%94%D7%A8%D7%95%D7%91%D7%A2%D7%99%D7%9D-%D7%91%D7%A2%D7%99%D7%A8-%D7%99%D7%A8%D7%95%D7%A9%D7%9C%D7%9D/amp,UNKNOWN_FINAL_TARGET_NEEDED,UNKNOWN,NEEDS_CLUSTER_CLASSIFICATION,LOW,0,6,301_IF_APPROVED,NO,DRAFT_NOT_EXECUTED,Do not execute before owner approval and final target verification.
https://jus-tice.co.il/corona_virus/%D7%90%D7%A1%D7%98%D7%A8%D7%98%D7%92%D7%99%D7%99%D7%AA-%D7%99%D7%A6%D7%99%D7%90%D7%94-%D7%A7%D7%95%D7%A8%D7%95%D7%A0%D7%94-%D7%97%D7%96%D7%A8%D7%94-%D7%9C%D7%A2%D7%91%D7%95%D7%93%D7%94,https://jus-tice.co.il/employment-law-needs-slug-review/,UNKNOWN,NEEDS_CONTENT_REVIEW,LOW,0,40,301_IF_APPROVED,NO,DRAFT_NOT_EXECUTED,Do not execute before owner approval and final target verification.
https://jus-tice.co.il/corona_virus/%D7%91%D7%93%D7%99%D7%A7%D7%95%D7%AA-%D7%A7%D7%95%D7%A8%D7%95%D7%A0%D7%94-%D7%9E%D7%AA%D7%9F-%D7%AA%D7%A9%D7%95%D7%91%D7%95%D7%AA-%D7%94%D7%9E%D7%A2%D7%91%D7%93%D7%95%D7%AA-%D7%9E%D7%AA%D7%A2%D7%9B,UNKNOWN_FINAL_TARGET_NEEDED,UNKNOWN,NEEDS_CLUSTER_CLASSIFICATION,LOW,0,5,301_IF_APPROVED,NO,DRAFT_NOT_EXECUTED,Do not execute before owner approval and final target verification.
https://jus-tice.co.il/corona_virus/%D7%91%D7%A0%D7%A7-%D7%99%D7%A9%D7%A8%D7%90%D7%9C-%D7%9E%D7%A4%D7%A8%D7%A1%D7%9D-%D7%90%D7%AA-%D7%93%D7%95%D7%97%D7%95%D7%AA%D7%99%D7%95-%D7%94%D7%9B%D7%A1%D7%A4%D7%99%D7%99%D7%9D-%D7%9C%D7%A9%D7%A0,UNKNOWN_FINAL_TARGET_NEEDED,UNKNOWN,NEEDS_CLUSTER_CLASSIFICATION,LOW,0,11,301_IF_APPROVED,NO,DRAFT_NOT_EXECUTED,Do not execute before owner approval and final target verification.
https://jus-tice.co.il/corona_virus/%D7%94%D7%95%D7%A8%D7%90%D7%95%D7%AA-%D7%9E%D7%99%D7%95%D7%97%D7%93%D7%95%D7%AA-%D7%9C%D7%A2%D7%A0%D7%99%D7%99%D7%9F-%D7%91%D7%99%D7%98%D7%95%D7%97-%D7%90%D7%91%D7%98%D7%9C%D7%94-%D7%AA%D7%A7%D7%A0,UNKNOWN_FINAL_TARGET_NEEDED,UNKNOWN,NEEDS_CLUSTER_CLASSIFICATION,LOW,0,18,301_IF_APPROVED,NO,DRAFT_NOT_EXECUTED,Do not execute before owner approval and final target verification.
https://jus-tice.co.il/corona_virus/%D7%94%D7%A0%D7%97%D7%99%D7%95%D7%AA-%D7%94%D7%A7%D7%95%D7%A8%D7%95%D7%A0%D7%94-%D7%91%D7%A4%D7%92%D7%99%D7%A9%D7%94-%D7%A2%D7%9D-%D7%A9%D7%95%D7%98%D7%A8-%D7%99%D7%A9-%D7%9C%D7%94%D7%A1%D7%91,UNKNOWN_FINAL_TARGET_NEEDED,UNKNOWN,NEEDS_CLUSTER_CLASSIFICATION,LOW,0,1,301_IF_APPROVED,NO,DRAFT_NOT_EXECUTED,Do not execute before owner approval and final target verification.
https://jus-tice.co.il/corona_virus/%D7%94%D7%A0%D7%97%D7%99%D7%95%D7%AA-%D7%97%D7%99%D7%A8%D7%95%D7%9D-%D7%9C%D7%94%D7%92%D7%91%D7%9C%D7%AA-%D7%A4%D7%A2%D7%99%D7%9C%D7%95%D7%AA-%D7%91%D7%90%D7%A0%D7%92%D7%9C%D7%99%D7%AA,UNKNOWN_FINAL_TARGET_NEEDED,UNKNOWN,NEEDS_CLUSTER_CLASSIFICATION,LOW,0,12,301_IF_APPROVED,NO,DRAFT_NOT_EXECUTED,Do not execute before owner approval and final target verification.
https://jus-tice.co.il/corona_virus/%D7%94%D7%A0%D7%97%D7%99%D7%95%D7%AA-%D7%9C%D7%94%D7%AA%D7%9E%D7%95%D7%93%D7%93%D7%95%D7%AA-%D7%A2%D7%9D-%D7%A0%D7%92%D7%99%D7%A3-%D7%94%D7%A7%D7%95%D7%A8%D7%95%D7%A0%D7%94-19-covid,https://jus-tice.co.il/traffic-law-needs-slug-review/,UNKNOWN,DO_NOT_TOUCH_HIGH_TRAFFIC_URL,HIGH,5,7627,301_IF_APPROVED,NO,DRAFT_NOT_EXECUTED,Do not execute before owner approval and final target verification.
https://jus-tice.co.il/corona_virus/%D7%94%D7%A1%D7%A2%D7%95%D7%AA-%D7%A9%D7%9C-%D7%A2%D7%95%D7%91%D7%93%D7%99%D7%9D-%D7%97%D7%99%D7%95%D7%A0%D7%99%D7%99%D7%9D-%D7%A2%D7%93%D7%9B%D7%95%D7%9F-24-03-2020,https://jus-tice.co.il/employment-law-needs-slug-review/,UNKNOWN,NEEDS_CONTENT_REVIEW,LOW,0,52,301_IF_APPROVED,NO,DRAFT_NOT_EXECUTED,Do not execute before owner approval and final target verification.
https://jus-tice.co.il/corona_virus/%D7%97%D7%A9%D7%91%D7%95%D7%A0%D7%95%D7%AA-%D7%A9%D7%9C-%D7%9C%D7%A7%D7%95%D7%97%D7%95%D7%AA-%D7%A9%D7%94%D7%A9%D7%99%D7%A7%D7%99%D7%9D-%D7%A9%D7%9C%D7%94%D7%9D-%D7%97%D7%96%D7%A8%D7%95-%D7%9C%D7%90,UNKNOWN_FINAL_TARGET_NEEDED,UNKNOWN,NEEDS_MERGE_REVIEW,LOW,0,18,301_IF_APPROVED,NO,DRAFT_NOT_EXECUTED,Do not execute before owner approval and final target verification.
https://jus-tice.co.il/corona_virus/%D7%9E%D7%A1%D7%9B%D7%94-%D7%AA%D7%95%D7%A6%D7%A8%D7%AA-%D7%91%D7%99%D7%AA-%D7%9C%D7%91%D7%99%D7%A9%D7%AA-%D7%9E%D7%A1%D7%9B%D7%95%D7%AA-%D7%A4%D7%94-%D7%90%D7%A3-%D7%91%D7%9E%D7%A8%D7%97%D7%91,https://jus-tice.co.il/tax-law-needs-slug-review/,UNKNOWN,NEEDS_CONTENT_REVIEW,LOW,0,5,301_IF_APPROVED,NO,DRAFT_NOT_EXECUTED,Do not execute before owner approval and final target verification.
https://jus-tice.co.il/corona_virus/%D7%9E%D7%A2%D7%A0%D7%A7-%D7%94%D7%A1%D7%AA%D7%92%D7%9C%D7%95%D7%AA-%D7%9E%D7%99%D7%95%D7%97%D7%93-%D7%9C%D7%91%D7%A0%D7%99-67-%D7%95%D7%9E%D7%A2%D7%9C%D7%94-%D7%AA%D7%A7%D7%A0%D7%95%D7%AA-%D7%A0,UNKNOWN_FINAL_TARGET_NEEDED,UNKNOWN,NEEDS_CLUSTER_CLASSIFICATION,LOW,0,3,301_IF_APPROVED,NO,DRAFT_NOT_EXECUTED,Do not execute before owner approval and final target verification.
https://jus-tice.co.il/corona_virus/%D7%9E%D7%AA%D7%95%D7%95%D7%94-%D7%94%D7%A7%D7%A0%D7%99%D7%95%D7%A0%D7%99%D7%9D,UNKNOWN_FINAL_TARGET_NEEDED,UNKNOWN,NEEDS_CLUSTER_CLASSIFICATION,LOW,0,101,301_IF_APPROVED,NO,DRAFT_NOT_EXECUTED,Do not execute before owner approval and final target verification.
https://jus-tice.co.il/corona_virus/%D7%9E%D7%AA%D7%95%D7%95%D7%94-%D7%94%D7%A7%D7%A0%D7%99%D7%95%D7%A0%D7%99%D7%9D/amp,UNKNOWN_FINAL_TARGET_NEEDED,UNKNOWN,NEEDS_CLUSTER_CLASSIFICATION,LOW,0,2,301_IF_APPROVED,NO,DRAFT_NOT_EXECUTED,Do not execute before owner approval and final target verification.
https://jus-tice.co.il/corona_virus/%D7%A6%D7%95-%D7%91%D7%A8%D7%99%D7%90%D7%95%D7%AA-%D7%94%D7%A2%D7%9D-%D7%A0%D7%92%D7%99%D7%A3-%D7%94%D7%A7%D7%95%D7%A8%D7%95%D7%A0%D7%94-%D7%94%D7%97%D7%93%D7%A9,UNKNOWN_FINAL_TARGET_NEEDED,UNKNOWN,NEEDS_CLUSTER_CLASSIFICATION,LOW,0,26,301_IF_APPROVED,NO,DRAFT_NOT_EXECUTED,Do not execute before owner approval and final target verification.
https://jus-tice.co.il/corona_virus/%D7%A7%D7%95%D7%A8%D7%95%D7%A0%D7%94-%D7%90%D7%95%D7%A9%D7%A8%D7%95-%D7%AA%D7%A7%D7%A0%D7%95%D7%AA-%D7%97%D7%99%D7%A8%D7%95%D7%9D-%D7%9C%D7%94%D7%92%D7%91%D7%9C%D7%AA-%D7%94%D7%A4%D7%A2%D7%99%D7%9C,UNKNOWN_FINAL_TARGET_NEEDED,UNKNOWN,NEEDS_CLUSTER_CLASSIFICATION,LOW,0,1,301_IF_APPROVED,NO,DRAFT_NOT_EXECUTED,Do not execute before owner approval and final target verification.
https://jus-tice.co.il/corona_virus/%D7%A7%D7%95%D7%A8%D7%95%D7%A0%D7%94-%D7%94%D7%A0%D7%97%D7%99%D7%95%D7%AA-%D7%94%D7%9E%D7%A9%D7%98%D7%A8%D7%94-%D7%9C%D7%A4%D7%A1%D7%97,https://jus-tice.co.il/criminal-law-needs-slug-review/,UNKNOWN,NEEDS_CONTENT_REVIEW,LOW,0,4,301_IF_APPROVED,NO,DRAFT_NOT_EXECUTED,Do not execute before owner approval and final target verification.
https://jus-tice.co.il/corona_virus/%D7%AA%D7%99%D7%A7%D7%95%D7%9F-25-03-%D7%AA%D7%A7%D7%A0%D7%95%D7%AA-%D7%A9%D7%A2%D7%AA-%D7%97%D7%99%D7%A8%D7%95%D7%9D-%D7%94%D7%92%D7%91%D7%9C%D7%AA-%D7%A4%D7%A2%D7%99%D7%9C%D7%95%D7%AA-%D7%A0%D7%92,UNKNOWN_FINAL_TARGET_NEEDED,UNKNOWN,NEEDS_CLUSTER_CLASSIFICATION,LOW,0,18,301_IF_APPROVED,NO,DRAFT_NOT_EXECUTED,Do not execute before owner approval and final target verification.
https://jus-tice.co.il/corona_virus/%D7%AA%D7%A7%D7%A0%D7%95%D7%AA-%D7%A9%D7%A2%D7%AA-%D7%97%D7%99%D7%A8%D7%95%D7%9D-%D7%A9%D7%99%D7%A7%D7%99%D7%9D-%D7%9C%D7%9C%D7%90-%D7%9B%D7%99%D7%A1%D7%95%D7%99-%D7%94%D7%AA%D7%A9%D7%B4%D7%A3-2020,UNKNOWN_FINAL_TARGET_NEEDED,UNKNOWN,NEEDS_CLUSTER_CLASSIFICATION,LOW,0,4,301_IF_APPROVED,NO,DRAFT_NOT_EXECUTED,Do not execute before owner approval and final target verification.
https://jus-tice.co.il/corona_virus/25-03-%D7%AA%D7%A7%D7%A0%D7%95%D7%AA-%D7%A0%D7%92%D7%99%D7%A3-%D7%94%D7%A7%D7%95%D7%A8%D7%95%D7%A0%D7%94-%D7%94%D7%97%D7%93%D7%A9-%D7%94%D7%92%D7%91%D7%9C%D7%AA-%D7%A4%D7%A2%D7%99%D7%9C%D7%95%D7%AA,UNKNOWN_FINAL_TARGET_NEEDED,UNKNOWN,NEEDS_CLUSTER_CLASSIFICATION,LOW,0,3,301_IF_APPROVED,NO,DRAFT_NOT_EXECUTED,Do not execute before owner approval and final target verification.
https://jus-tice.co.il/coronavirus-employers-guide,https://jus-tice.co.il/employment-law-needs-slug-review/,UNKNOWN,NEEDS_CONTENT_REVIEW,MEDIUM,0,1539,301_IF_APPROVED,NO,DRAFT_NOT_EXECUTED,Do not execute before owner approval and final target verification.
https://jus-tice.co.il/corporate-immigration-portugal,https://jus-tice.co.il/notary-foreign-needs-slug-review/,UNKNOWN,NEEDS_CONTENT_REVIEW,MEDIUM,8,4095,301_IF_APPROVED,NO,DRAFT_NOT_EXECUTED,Do not execute before owner approval and final target verification.
https://jus-tice.co.il/costa-rica-lawyers,UNKNOWN_FINAL_TARGET_NEEDED,UNKNOWN,NEEDS_CLUSTER_CLASSIFICATION,LOW,0,19,301_IF_APPROVED,NO,DRAFT_NOT_EXECUTED,Do not execute before owner approval and final target verification.
https://jus-tice.co.il/court-judge,https://jus-tice.co.il/legal-database-rulings-needs-slug-review/,UNKNOWN,DO_NOT_TOUCH_HIGH_TRAFFIC_URL,HIGH,235,33846,301_IF_APPROVED,NO,DRAFT_NOT_EXECUTED,Do not execute before owner approval and final target verification.
https://jus-tice.co.il/crime,UNKNOWN_FINAL_TARGET_NEEDED,UNKNOWN,NEEDS_CLUSTER_CLASSIFICATION,MEDIUM,16,4087,301_IF_APPROVED,NO,DRAFT_NOT_EXECUTED,Do not execute before owner approval and final target verification.
https://jus-tice.co.il/criminal-defense-attorney,https://jus-tice.co.il/criminal-law-needs-slug-review/,UNKNOWN,DO_NOT_TOUCH_HIGH_TRAFFIC_URL,HIGH,10,62561,301_IF_APPROVED,NO,DRAFT_NOT_EXECUTED,Do not execute before owner approval and final target verification.
https://jus-tice.co.il/criminal-defense-attorney-roles-and-responsibilities,https://jus-tice.co.il/criminal-lawyer/,UNKNOWN,NEEDS_MERGE_REVIEW,LOW,1,169,301_IF_APPROVED,NO,DRAFT_NOT_EXECUTED,Do not execute before owner approval and final target verification.
https://jus-tice.co.il/criminal-defenses,https://jus-tice.co.il/criminal-law-needs-slug-review/,UNKNOWN,NEEDS_CONTENT_REVIEW,MEDIUM,14,2522,301_IF_APPROVED,NO,DRAFT_NOT_EXECUTED,Do not execute before owner approval and final target verification.
https://jus-tice.co.il/criminal-law,https://jus-tice.co.il/criminal-law-needs-slug-review/,UNKNOWN,DO_NOT_TOUCH_HIGH_TRAFFIC_URL,HIGH,4,8458,301_IF_APPROVED,NO,DRAFT_NOT_EXECUTED,Do not execute before owner approval and final target verification.
https://jus-tice.co.il/criminal-negligence,https://jus-tice.co.il/criminal-law-needs-slug-review/,UNKNOWN,NEEDS_CONTENT_REVIEW,MEDIUM,6,2216,301_IF_APPROVED,NO,DRAFT_NOT_EXECUTED,Do not execute before owner approval and final target verification.
https://jus-tice.co.il/cryptocurrency-legislation-2021,UNKNOWN_FINAL_TARGET_NEEDED,UNKNOWN,NEEDS_CLUSTER_CLASSIFICATION,MEDIUM,2,2148,301_IF_APPROVED,NO,DRAFT_NOT_EXECUTED,Do not execute before owner approval and final target verification.
https://jus-tice.co.il/cuatrecasas,UNKNOWN_FINAL_TARGET_NEEDED,UNKNOWN,NEEDS_CLUSTER_CLASSIFICATION,LOW,1,411,301_IF_APPROVED,NO,DRAFT_NOT_EXECUTED,Do not execute before owner approval and final target verification.
https://jus-tice.co.il/custody-rights-for-fathers,https://jus-tice.co.il/family-law-needs-slug-review/,UNKNOWN,DO_NOT_TOUCH_HIGH_TRAFFIC_URL,HIGH,6,7136,301_IF_APPROVED,NO,DRAFT_NOT_EXECUTED,Do not execute before owner approval and final target verification.
https://jus-tice.co.il/cyber-insurance,https://jus-tice.co.il/cyber-privacy-needs-slug-review/,UNKNOWN,DO_NOT_TOUCH_HIGH_TRAFFIC_URL,HIGH,3,5394,301_IF_APPROVED,NO,DRAFT_NOT_EXECUTED,Do not execute before owner approval and final target verification.
https://jus-tice.co.il/cyber-law,https://jus-tice.co.il/cyber-privacy-needs-slug-review/,UNKNOWN,NEEDS_CONTENT_REVIEW,MEDIUM,2,1939,301_IF_APPROVED,NO,DRAFT_NOT_EXECUTED,Do not execute before owner approval and final target verification.
https://jus-tice.co.il/cyber-laws,https://jus-tice.co.il/cyber-privacy-needs-slug-review/,UNKNOWN,NEEDS_CONTENT_REVIEW,MEDIUM,17,3279,301_IF_APPROVED,NO,DRAFT_NOT_EXECUTED,Do not execute before owner approval and final target verification.
https://jus-tice.co.il/cyber-lawyer,https://jus-tice.co.il/cyber-privacy-needs-slug-review/,UNKNOWN,DO_NOT_TOUCH_HIGH_TRAFFIC_URL,HIGH,28,12075,301_IF_APPROVED,NO,DRAFT_NOT_EXECUTED,Do not execute before owner approval and final target verification.
https://jus-tice.co.il/cybercrime-lawyer-roll,https://jus-tice.co.il/cyber-privacy-needs-slug-review/,UNKNOWN,NEEDS_CONTENT_REVIEW,MEDIUM,4,2591,301_IF_APPROVED,NO,DRAFT_NOT_EXECUTED,Do not execute before owner approval and final target verification.
https://jus-tice.co.il/cybersex-trafficking,https://jus-tice.co.il/traffic-law-needs-slug-review/,UNKNOWN,NEEDS_CONTENT_REVIEW,MEDIUM,11,2774,301_IF_APPROVED,NO,DRAFT_NOT_EXECUTED,Do not execute before owner approval and final target verification.
https://jus-tice.co.il/cyprus-corporate-tax,https://jus-tice.co.il/tax-law-needs-slug-review/,UNKNOWN,DO_NOT_TOUCH_HIGH_TRAFFIC_URL,HIGH,16,7029,301_IF_APPROVED,NO,DRAFT_NOT_EXECUTED,Do not execute before owner approval and final target verification.
https://jus-tice.co.il/cyprus-lawyer,UNKNOWN_FINAL_TARGET_NEEDED,UNKNOWN,DO_NOT_TOUCH_HIGH_TRAFFIC_URL,HIGH,85,6293,301_IF_APPROVED,NO,DRAFT_NOT_EXECUTED,Do not execute before owner approval and final target verification.
https://jus-tice.co.il/cyprus-prices,UNKNOWN_FINAL_TARGET_NEEDED,UNKNOWN,NEEDS_CLUSTER_CLASSIFICATION,MEDIUM,2,2439,301_IF_APPROVED,NO,DRAFT_NOT_EXECUTED,Do not execute before owner approval and final target verification.
https://jus-tice.co.il/czech-lawyers,UNKNOWN_FINAL_TARGET_NEEDED,UNKNOWN,NEEDS_CLUSTER_CLASSIFICATION,MEDIUM,30,1228,301_IF_APPROVED,NO,DRAFT_NOT_EXECUTED,Do not execute before owner approval and final target verification.
https://jus-tice.co.il/damages-claim-husband-ketubah-obligation,https://jus-tice.co.il/family-law-needs-slug-review/,UNKNOWN,NEEDS_MERGE_REVIEW,LOW,7,443,301_IF_APPROVED,NO,DRAFT_NOT_EXECUTED,Do not execute before owner approval and final target verification.
https://jus-tice.co.il/dechert-llp,UNKNOWN_FINAL_TARGET_NEEDED,UNKNOWN,NEEDS_CLUSTER_CLASSIFICATION,LOW,0,15,301_IF_APPROVED,NO,DRAFT_NOT_EXECUTED,Do not execute before owner approval and final target verification.
https://jus-tice.co.il/decision10297-09-21,UNKNOWN_FINAL_TARGET_NEEDED,UNKNOWN,NEEDS_CLUSTER_CLASSIFICATION,LOW,9,862,301_IF_APPROVED,NO,DRAFT_NOT_EXECUTED,Do not execute before owner approval and final target verification.
https://jus-tice.co.il/decision13759-08-21,https://jus-tice.co.il/legal-database-rulings-needs-slug-review/,UNKNOWN,NEEDS_CONTENT_REVIEW,LOW,8,313,301_IF_APPROVED,NO,DRAFT_NOT_EXECUTED,Do not execute before owner approval and final target verification.
https://jus-tice.co.il/decision13846-03-18,UNKNOWN_FINAL_TARGET_NEEDED,UNKNOWN,NEEDS_CLUSTER_CLASSIFICATION,LOW,9,621,301_IF_APPROVED,NO,DRAFT_NOT_EXECUTED,Do not execute before owner approval and final target verification.
https://jus-tice.co.il/decision15094-01-18,UNKNOWN_FINAL_TARGET_NEEDED,UNKNOWN,NEEDS_CLUSTER_CLASSIFICATION,LOW,2,628,301_IF_APPROVED,NO,DRAFT_NOT_EXECUTED,Do not execute before owner approval and final target verification.
https://jus-tice.co.il/decision15974-11-20,UNKNOWN_FINAL_TARGET_NEEDED,UNKNOWN,NEEDS_CLUSTER_CLASSIFICATION,LOW,1,8,301_IF_APPROVED,NO,DRAFT_NOT_EXECUTED,Do not execute before owner approval and final target verification.
https://jus-tice.co.il/decision17331-01-17,UNKNOWN_FINAL_TARGET_NEEDED,UNKNOWN,NEEDS_CLUSTER_CLASSIFICATION,MEDIUM,13,2290,301_IF_APPROVED,NO,DRAFT_NOT_EXECUTED,Do not execute before owner approval and final target verification.
https://jus-tice.co.il/decision1838-03-21,UNKNOWN_FINAL_TARGET_NEEDED,UNKNOWN,NEEDS_CLUSTER_CLASSIFICATION,LOW,3,319,301_IF_APPROVED,NO,DRAFT_NOT_EXECUTED,Do not execute before owner approval and final target verification.
https://jus-tice.co.il/decision20043-03-23,UNKNOWN_FINAL_TARGET_NEEDED,UNKNOWN,NEEDS_CLUSTER_CLASSIFICATION,MEDIUM,12,894,301_IF_APPROVED,NO,DRAFT_NOT_EXECUTED,Do not execute before owner approval and final target verification.
https://jus-tice.co.il/decision21029-12-21,UNKNOWN_FINAL_TARGET_NEEDED,UNKNOWN,NEEDS_CLUSTER_CLASSIFICATION,MEDIUM,14,2006,301_IF_APPROVED,NO,DRAFT_NOT_EXECUTED,Do not execute before owner approval and final target verification.
https://jus-tice.co.il/decision22328-09-20,UNKNOWN_FINAL_TARGET_NEEDED,UNKNOWN,NEEDS_CLUSTER_CLASSIFICATION,LOW,1,122,301_IF_APPROVED,NO,DRAFT_NOT_EXECUTED,Do not execute before owner approval and final target verification.
https://jus-tice.co.il/decision22431-08-19,UNKNOWN_FINAL_TARGET_NEEDED,UNKNOWN,NEEDS_CLUSTER_CLASSIFICATION,MEDIUM,48,2373,301_IF_APPROVED,NO,DRAFT_NOT_EXECUTED,Do not execute before owner approval and final target verification.
https://jus-tice.co.il/decision22695-02-20,UNKNOWN_FINAL_TARGET_NEEDED,UNKNOWN,NEEDS_CLUSTER_CLASSIFICATION,MEDIUM,30,2503,301_IF_APPROVED,NO,DRAFT_NOT_EXECUTED,Do not execute before owner approval and final target verification.
https://jus-tice.co.il/decision22950-11-20,UNKNOWN_FINAL_TARGET_NEEDED,UNKNOWN,NEEDS_CLUSTER_CLASSIFICATION,LOW,0,35,301_IF_APPROVED,NO,DRAFT_NOT_EXECUTED,Do not execute before owner approval and final target verification.
https://jus-tice.co.il/decision23472-02-20,UNKNOWN_FINAL_TARGET_NEEDED,UNKNOWN,NEEDS_CLUSTER_CLASSIFICATION,LOW,4,607,301_IF_APPROVED,NO,DRAFT_NOT_EXECUTED,Do not execute before owner approval and final target verification.
https://jus-tice.co.il/decision24104-03-19,UNKNOWN_FINAL_TARGET_NEEDED,UNKNOWN,NEEDS_CLUSTER_CLASSIFICATION,LOW,1,33,301_IF_APPROVED,NO,DRAFT_NOT_EXECUTED,Do not execute before owner approval and final target verification.
https://jus-tice.co.il/decision26671-07-21,UNKNOWN_FINAL_TARGET_NEEDED,UNKNOWN,DO_NOT_TOUCH_HIGH_TRAFFIC_URL,HIGH,61,752,301_IF_APPROVED,NO,DRAFT_NOT_EXECUTED,Do not execute before owner approval and final target verification.
https://jus-tice.co.il/decision28272-02-21,UNKNOWN_FINAL_TARGET_NEEDED,UNKNOWN,NEEDS_CLUSTER_CLASSIFICATION,LOW,0,14,301_IF_APPROVED,NO,DRAFT_NOT_EXECUTED,Do not execute before owner approval and final target verification.
https://jus-tice.co.il/decision28925-09-17,https://jus-tice.co.il/real-estate-needs-slug-review/,UNKNOWN,NEEDS_CONTENT_REVIEW,MEDIUM,7,1329,301_IF_APPROVED,NO,DRAFT_NOT_EXECUTED,Do not execute before owner approval and final target verification.
https://jus-tice.co.il/decision30452-07-20,UNKNOWN_FINAL_TARGET_NEEDED,UNKNOWN,NEEDS_CLUSTER_CLASSIFICATION,LOW,8,997,301_IF_APPROVED,NO,DRAFT_NOT_EXECUTED,Do not execute before owner approval and final target verification.
https://jus-tice.co.il/decision3127-04-22,UNKNOWN_FINAL_TARGET_NEEDED,UNKNOWN,NEEDS_CLUSTER_CLASSIFICATION,LOW,0,304,301_IF_APPROVED,NO,DRAFT_NOT_EXECUTED,Do not execute before owner approval and final target verification.
https://jus-tice.co.il/decision31783-04-21,UNKNOWN_FINAL_TARGET_NEEDED,UNKNOWN,NEEDS_CLUSTER_CLASSIFICATION,MEDIUM,26,917,301_IF_APPROVED,NO,DRAFT_NOT_EXECUTED,Do not execute before owner approval and final target verification.
https://jus-tice.co.il/decision32910-02-19,UNKNOWN_FINAL_TARGET_NEEDED,UNKNOWN,NEEDS_CLUSTER_CLASSIFICATION,MEDIUM,11,469,301_IF_APPROVED,NO,DRAFT_NOT_EXECUTED,Do not execute before owner approval and final target verification.
https://jus-tice.co.il/decision33954-04-20,UNKNOWN_FINAL_TARGET_NEEDED,UNKNOWN,NEEDS_CLUSTER_CLASSIFICATION,LOW,9,456,301_IF_APPROVED,NO,DRAFT_NOT_EXECUTED,Do not execute before owner approval and final target verification.
https://jus-tice.co.il/decision37975-11-17,https://jus-tice.co.il/criminal-law-needs-slug-review/,UNKNOWN,NEEDS_CONTENT_REVIEW,MEDIUM,14,1265,301_IF_APPROVED,NO,DRAFT_NOT_EXECUTED,Do not execute before owner approval and final target verification.
https://jus-tice.co.il/decision39696-06-16,https://jus-tice.co.il/medical-malpractice-needs-slug-review/,UNKNOWN,NEEDS_CONTENT_REVIEW,LOW,6,594,301_IF_APPROVED,NO,DRAFT_NOT_EXECUTED,Do not execute before owner approval and final target verification.
https://jus-tice.co.il/decision42377-09-22,UNKNOWN_FINAL_TARGET_NEEDED,UNKNOWN,DO_NOT_TOUCH_HIGH_TRAFFIC_URL,HIGH,74,5657,301_IF_APPROVED,NO,DRAFT_NOT_EXECUTED,Do not execute before owner approval and final target verification.
https://jus-tice.co.il/decision47098-04-21,UNKNOWN_FINAL_TARGET_NEEDED,UNKNOWN,NEEDS_CLUSTER_CLASSIFICATION,MEDIUM,8,1068,301_IF_APPROVED,NO,DRAFT_NOT_EXECUTED,Do not execute before owner approval and final target verification.
https://jus-tice.co.il/decision48240-04-17,UNKNOWN_FINAL_TARGET_NEEDED,UNKNOWN,NEEDS_CLUSTER_CLASSIFICATION,MEDIUM,8,1502,301_IF_APPROVED,NO,DRAFT_NOT_EXECUTED,Do not execute before owner approval and final target verification.
https://jus-tice.co.il/decision48940-07-20,UNKNOWN_FINAL_TARGET_NEEDED,UNKNOWN,NEEDS_CLUSTER_CLASSIFICATION,MEDIUM,32,1117,301_IF_APPROVED,NO,DRAFT_NOT_EXECUTED,Do not execute before owner approval and final target verification.
https://jus-tice.co.il/decision49576-05-20,UNKNOWN_FINAL_TARGET_NEEDED,UNKNOWN,NEEDS_CLUSTER_CLASSIFICATION,MEDIUM,24,933,301_IF_APPROVED,NO,DRAFT_NOT_EXECUTED,Do not execute before owner approval and final target verification.
https://jus-tice.co.il/decision50014-01-19,https://jus-tice.co.il/legal-database-rulings-needs-slug-review/,UNKNOWN,NEEDS_CONTENT_REVIEW,MEDIUM,19,1794,301_IF_APPROVED,NO,DRAFT_NOT_EXECUTED,Do not execute before owner approval and final target verification.
https://jus-tice.co.il/decision53041-12-20a,UNKNOWN_FINAL_TARGET_NEEDED,UNKNOWN,NEEDS_CLUSTER_CLASSIFICATION,MEDIUM,10,520,301_IF_APPROVED,NO,DRAFT_NOT_EXECUTED,Do not execute before owner approval and final target verification.
https://jus-tice.co.il/decision54477-10-18,UNKNOWN_FINAL_TARGET_NEEDED,UNKNOWN,NEEDS_CLUSTER_CLASSIFICATION,LOW,9,486,301_IF_APPROVED,NO,DRAFT_NOT_EXECUTED,Do not execute before owner approval and final target verification.
https://jus-tice.co.il/decision55016-06-17a,https://jus-tice.co.il/legal-database-rulings-needs-slug-review/,UNKNOWN,NEEDS_CONTENT_REVIEW,MEDIUM,11,1141,301_IF_APPROVED,NO,DRAFT_NOT_EXECUTED,Do not execute before owner approval and final target verification.
https://jus-tice.co.il/decision56187-03-21,UNKNOWN_FINAL_TARGET_NEEDED,UNKNOWN,NEEDS_CLUSTER_CLASSIFICATION,LOW,4,341,301_IF_APPROVED,NO,DRAFT_NOT_EXECUTED,Do not execute before owner approval and final target verification.
https://jus-tice.co.il/decision56258-02-22,UNKNOWN_FINAL_TARGET_NEEDED,UNKNOWN,NEEDS_CLUSTER_CLASSIFICATION,LOW,4,290,301_IF_APPROVED,NO,DRAFT_NOT_EXECUTED,Do not execute before owner approval and final target verification.
https://jus-tice.co.il/decision58450-02-22,UNKNOWN_FINAL_TARGET_NEEDED,UNKNOWN,NEEDS_CLUSTER_CLASSIFICATION,MEDIUM,18,1270,301_IF_APPROVED,NO,DRAFT_NOT_EXECUTED,Do not execute before owner approval and final target verification.
https://jus-tice.co.il/decision58589-11-21,UNKNOWN_FINAL_TARGET_NEEDED,UNKNOWN,NEEDS_CLUSTER_CLASSIFICATION,LOW,3,518,301_IF_APPROVED,NO,DRAFT_NOT_EXECUTED,Do not execute before owner approval and final target verification.
https://jus-tice.co.il/decision5987-10-16,UNKNOWN_FINAL_TARGET_NEEDED,UNKNOWN,NEEDS_CLUSTER_CLASSIFICATION,MEDIUM,46,1179,301_IF_APPROVED,NO,DRAFT_NOT_EXECUTED,Do not execute before owner approval and final target verification.
https://jus-tice.co.il/decision60362-03-22,UNKNOWN_FINAL_TARGET_NEEDED,UNKNOWN,NEEDS_CLUSTER_CLASSIFICATION,MEDIUM,10,1616,301_IF_APPROVED,NO,DRAFT_NOT_EXECUTED,Do not execute before owner approval and final target verification.
https://jus-tice.co.il/decision60567-12-21,https://jus-tice.co.il/child-support/,UNKNOWN,NEEDS_MERGE_REVIEW,MEDIUM,2,1116,301_IF_APPROVED,NO,DRAFT_NOT_EXECUTED,Do not execute before owner approval and final target verification.
https://jus-tice.co.il/decision6077-20,https://jus-tice.co.il/drug-offenses/,UNKNOWN,NEEDS_CONTENT_REVIEW,MEDIUM,1,1581,301_IF_APPROVED,NO,DRAFT_NOT_EXECUTED,Do not execute before owner approval and final target verification.
https://jus-tice.co.il/decision6199-03-18,UNKNOWN_FINAL_TARGET_NEEDED,UNKNOWN,DO_NOT_TOUCH_HIGH_TRAFFIC_URL,HIGH,49,6805,301_IF_APPROVED,NO,DRAFT_NOT_EXECUTED,Do not execute before owner approval and final target verification.
https://jus-tice.co.il/decision66529-11-19,UNKNOWN_FINAL_TARGET_NEEDED,UNKNOWN,NEEDS_CLUSTER_CLASSIFICATION,MEDIUM,23,391,301_IF_APPROVED,NO,DRAFT_NOT_EXECUTED,Do not execute before owner approval and final target verification.
https://jus-tice.co.il/decision67437-12-18,https://jus-tice.co.il/family-law-needs-slug-review/,UNKNOWN,NEEDS_CONTENT_REVIEW,MEDIUM,17,952,301_IF_APPROVED,NO,DRAFT_NOT_EXECUTED,Do not execute before owner approval and final target verification.
https://jus-tice.co.il/decision71869-11-21,UNKNOWN_FINAL_TARGET_NEEDED,UNKNOWN,NEEDS_CLUSTER_CLASSIFICATION,MEDIUM,13,1552,301_IF_APPROVED,NO,DRAFT_NOT_EXECUTED,Do not execute before owner approval and final target verification.
https://jus-tice.co.il/decision75385-12-20,UNKNOWN_FINAL_TARGET_NEEDED,UNKNOWN,NEEDS_CLUSTER_CLASSIFICATION,MEDIUM,28,1455,301_IF_APPROVED,NO,DRAFT_NOT_EXECUTED,Do not execute before owner approval and final target verification.
https://jus-tice.co.il/deep-pocket,UNKNOWN_FINAL_TARGET_NEEDED,UNKNOWN,NEEDS_CLUSTER_CLASSIFICATION,MEDIUM,15,230,301_IF_APPROVED,NO,DRAFT_NOT_EXECUTED,Do not execute before owner approval and final target verification.
https://jus-tice.co.il/dentons,UNKNOWN_FINAL_TARGET_NEEDED,UNKNOWN,NEEDS_CLUSTER_CLASSIFICATION,MEDIUM,18,256,301_IF_APPROVED,NO,DRAFT_NOT_EXECUTED,Do not execute before owner approval and final target verification.
https://jus-tice.co.il/department-of-justice,UNKNOWN_FINAL_TARGET_NEEDED,UNKNOWN,DO_NOT_TOUCH_HIGH_TRAFFIC_URL,HIGH,18,12309,301_IF_APPROVED,NO,DRAFT_NOT_EXECUTED,Do not execute before owner approval and final target verification.
https://jus-tice.co.il/department-of-justice-general-manager,UNKNOWN_FINAL_TARGET_NEEDED,UNKNOWN,NEEDS_CLUSTER_CLASSIFICATION,LOW,1,283,301_IF_APPROVED,NO,DRAFT_NOT_EXECUTED,Do not execute before owner approval and final target verification.
https://jus-tice.co.il/description-and-structure-of-the-ministry-of-justice,UNKNOWN_FINAL_TARGET_NEEDED,UNKNOWN,NEEDS_CLUSTER_CLASSIFICATION,MEDIUM,11,4448,301_IF_APPROVED,NO,DRAFT_NOT_EXECUTED,Do not execute before owner approval and final target verification.
https://jus-tice.co.il/detention-before-charge-or-trial,https://jus-tice.co.il/criminal-law-needs-slug-review/,UNKNOWN,DO_NOT_TOUCH_HIGH_TRAFFIC_URL,HIGH,1,7530,301_IF_APPROVED,NO,DRAFT_NOT_EXECUTED,Do not execute before owner approval and final target verification.
https://jus-tice.co.il/detention-days,https://jus-tice.co.il/criminal-law-needs-slug-review/,UNKNOWN,DO_NOT_TOUCH_HIGH_TRAFFIC_URL,HIGH,5,5411,301_IF_APPROVED,NO,DRAFT_NOT_EXECUTED,Do not execute before owner approval and final target verification.
https://jus-tice.co.il/digital-marketing-agency,UNKNOWN_FINAL_TARGET_NEEDED,UNKNOWN,NEEDS_CLUSTER_CLASSIFICATION,MEDIUM,0,1139,301_IF_APPROVED,NO,DRAFT_NOT_EXECUTED,Do not execute before owner approval and final target verification.
https://jus-tice.co.il/digital-signature,UNKNOWN_FINAL_TARGET_NEEDED,UNKNOWN,DO_NOT_TOUCH_HIGH_TRAFFIC_URL,HIGH,24,18372,301_IF_APPROVED,NO,DRAFT_NOT_EXECUTED,Do not execute before owner approval and final target verification.
https://jus-tice.co.il/division-of-a-couples-apartment-and-its-implications-for-charging-the-ketubah,https://jus-tice.co.il/real-estate-needs-slug-review/,UNKNOWN,NEEDS_CONTENT_REVIEW,LOW,5,523,301_IF_APPROVED,NO,DRAFT_NOT_EXECUTED,Do not execute before owner approval and final target verification.
https://jus-tice.co.il/divorce-agreement,https://jus-tice.co.il/consensual-divorce/,12345,NEEDS_CONTENT_REVIEW,UNKNOWN,UNKNOWN,UNKNOWN,301_IF_APPROVED,NO,DRAFT_NOT_EXECUTED,Do not execute before owner approval and final target verification.
https://jus-tice.co.il/divorce-agreement-validity-dispute,https://jus-tice.co.il/family-law-needs-slug-review/,UNKNOWN,NEEDS_CONTENT_REVIEW,LOW,0,18,301_IF_APPROVED,NO,DRAFT_NOT_EXECUTED,Do not execute before owner approval and final target verification.
https://jus-tice.co.il/divorce-claim-error-during-stay,https://jus-tice.co.il/family-law-needs-slug-review/,UNKNOWN,NEEDS_CONTENT_REVIEW,LOW,3,184,301_IF_APPROVED,NO,DRAFT_NOT_EXECUTED,Do not execute before owner approval and final target verification.
https://jus-tice.co.il/divorce-costs-2025,https://jus-tice.co.il/family-law-needs-slug-review/,UNKNOWN,DO_NOT_TOUCH_HIGH_TRAFFIC_URL,HIGH,31,13272,301_IF_APPROVED,NO,DRAFT_NOT_EXECUTED,Do not execute before owner approval and final target verification.
https://jus-tice.co.il/divorce-everything-you-need-to-know,https://jus-tice.co.il/family-law-needs-slug-review/,UNKNOWN,DO_NOT_TOUCH_HIGH_TRAFFIC_URL,HIGH,2,8326,301_IF_APPROVED,NO,DRAFT_NOT_EXECUTED,Do not execute before owner approval and final target verification.
https://jus-tice.co.il/divorce-law-in-sweden,https://jus-tice.co.il/family-law-needs-slug-review/,UNKNOWN,NEEDS_CONTENT_REVIEW,MEDIUM,8,1420,301_IF_APPROVED,NO,DRAFT_NOT_EXECUTED,Do not execute before owner approval and final target verification.
https://jus-tice.co.il/divorce-lawyer,https://jus-tice.co.il/divorce-lawyer/,12347,NEEDS_CONTENT_REVIEW,UNKNOWN,UNKNOWN,UNKNOWN,301_IF_APPROVED,NO,DRAFT_NOT_EXECUTED,Do not execute before owner approval and final target verification.
https://jus-tice.co.il/divorce-mediation,https://jus-tice.co.il/divorce-mediation/,12346,NEEDS_CONTENT_REVIEW,UNKNOWN,UNKNOWN,UNKNOWN,301_IF_APPROVED,NO,DRAFT_NOT_EXECUTED,Do not execute before owner approval and final target verification.
https://jus-tice.co.il/divorce-mediation-basics,https://jus-tice.co.il/family-law-needs-slug-review/,UNKNOWN,DO_NOT_TOUCH_HIGH_TRAFFIC_URL,HIGH,0,8732,301_IF_APPROVED,NO,DRAFT_NOT_EXECUTED,Do not execute before owner approval and final target verification.
https://jus-tice.co.il/divorce-mediation-cons-pros,https://jus-tice.co.il/divorce-mediation/,UNKNOWN,NEEDS_MERGE_REVIEW,MEDIUM,1,3596,301_IF_APPROVED,NO,DRAFT_NOT_EXECUTED,Do not execute before owner approval and final target verification.
https://jus-tice.co.il/divorce-resource-balancing-case21019-01-21,https://jus-tice.co.il/family-law-needs-slug-review/,UNKNOWN,NEEDS_CONTENT_REVIEW,MEDIUM,32,1000,301_IF_APPROVED,NO,DRAFT_NOT_EXECUTED,Do not execute before owner approval and final target verification.
https://jus-tice.co.il/divorce-with-consent,https://jus-tice.co.il/family-law-needs-slug-review/,UNKNOWN,DO_NOT_TOUCH_HIGH_TRAFFIC_URL,HIGH,1,5651,301_IF_APPROVED,NO,DRAFT_NOT_EXECUTED,Do not execute before owner approval and final target verification.
https://jus-tice.co.il/dla-piper,UNKNOWN_FINAL_TARGET_NEEDED,UNKNOWN,NEEDS_CLUSTER_CLASSIFICATION,MEDIUM,15,2640,301_IF_APPROVED,NO,DRAFT_NOT_EXECUTED,Do not execute before owner approval and final target verification.
https://jus-tice.co.il/driver-with-36-valid-points-or-more-will-be-disqualified-from-holding-a-drivers-license,https://jus-tice.co.il/inheritance-wills-needs-slug-review/,UNKNOWN,NEEDS_CONTENT_REVIEW,LOW,0,269,301_IF_APPROVED,NO,DRAFT_NOT_EXECUTED,Do not execute before owner approval and final target verification.
https://jus-tice.co.il/driving-under-the-influence,UNKNOWN_FINAL_TARGET_NEEDED,UNKNOWN,DO_NOT_TOUCH_HIGH_TRAFFIC_URL,HIGH,0,14990,301_IF_APPROVED,NO,DRAFT_NOT_EXECUTED,Do not execute before owner approval and final target verification.
https://jus-tice.co.il/driving-under-the-influence-of-drugs,https://jus-tice.co.il/criminal-law-needs-slug-review/,UNKNOWN,DO_NOT_TOUCH_HIGH_TRAFFIC_URL,HIGH,2,7731,301_IF_APPROVED,NO,DRAFT_NOT_EXECUTED,Do not execute before owner approval and final target verification.
https://jus-tice.co.il/drug-offenses-criminal-lawyer,https://jus-tice.co.il/criminal-law-needs-slug-review/,UNKNOWN,NEEDS_CONTENT_REVIEW,MEDIUM,18,3189,301_IF_APPROVED,NO,DRAFT_NOT_EXECUTED,Do not execute before owner approval and final target verification.
https://jus-tice.co.il/drug-possession,https://jus-tice.co.il/criminal-law-needs-slug-review/,UNKNOWN,DO_NOT_TOUCH_HIGH_TRAFFIC_URL,HIGH,4,5962,301_IF_APPROVED,NO,DRAFT_NOT_EXECUTED,Do not execute before owner approval and final target verification.
https://jus-tice.co.il/drug-related-crime,https://jus-tice.co.il/criminal-law-needs-slug-review/,UNKNOWN,DO_NOT_TOUCH_HIGH_TRAFFIC_URL,HIGH,3,24014,301_IF_APPROVED,NO,DRAFT_NOT_EXECUTED,Do not execute before owner approval and final target verification.
https://jus-tice.co.il/drug-trafficking,https://jus-tice.co.il/criminal-law-needs-slug-review/,UNKNOWN,DO_NOT_TOUCH_HIGH_TRAFFIC_URL,HIGH,6,8084,301_IF_APPROVED,NO,DRAFT_NOT_EXECUTED,Do not execute before owner approval and final target verification.
https://jus-tice.co.il/dui-refusal-blood-breath-urine-test,https://jus-tice.co.il/traffic-law-needs-slug-review/,UNKNOWN,DO_NOT_TOUCH_HIGH_TRAFFIC_URL,HIGH,1,6426,301_IF_APPROVED,NO,DRAFT_NOT_EXECUTED,Do not execute before owner approval and final target verification.
https://jus-tice.co.il/dun-bradstreet,UNKNOWN_FINAL_TARGET_NEEDED,UNKNOWN,NEEDS_CLUSTER_CLASSIFICATION,MEDIUM,6,3069,301_IF_APPROVED,NO,DRAFT_NOT_EXECUTED,Do not execute before owner approval and final target verification.
https://jus-tice.co.il/durable-power-of-attorney-cost,UNKNOWN_FINAL_TARGET_NEEDED,UNKNOWN,NEEDS_CLUSTER_CLASSIFICATION,LOW,0,58,301_IF_APPROVED,NO,DRAFT_NOT_EXECUTED,Do not execute before owner approval and final target verification.
https://jus-tice.co.il/economic-crimes-white-collar-lawyer,https://jus-tice.co.il/criminal-law-needs-slug-review/,UNKNOWN,DO_NOT_TOUCH_HIGH_TRAFFIC_URL,HIGH,20,11283,301_IF_APPROVED,NO,DRAFT_NOT_EXECUTED,Do not execute before owner approval and final target verification.
https://jus-tice.co.il/edp,UNKNOWN_FINAL_TARGET_NEEDED,UNKNOWN,NEEDS_CLUSTER_CLASSIFICATION,LOW,1,66,301_IF_APPROVED,NO,DRAFT_NOT_EXECUTED,Do not execute before owner approval and final target verification.
https://jus-tice.co.il/electronic-signature,UNKNOWN_FINAL_TARGET_NEEDED,UNKNOWN,DO_NOT_TOUCH_HIGH_TRAFFIC_URL,HIGH,3,11228,301_IF_APPROVED,NO,DRAFT_NOT_EXECUTED,Do not execute before owner approval and final target verification.
https://jus-tice.co.il/employer-worker-relationship,https://jus-tice.co.il/employment-law-needs-slug-review/,UNKNOWN,NEEDS_CONTENT_REVIEW,MEDIUM,13,4704,301_IF_APPROVED,NO,DRAFT_NOT_EXECUTED,Do not execute before owner approval and final target verification.
https://jus-tice.co.il/employers,UNKNOWN_FINAL_TARGET_NEEDED,UNKNOWN,NEEDS_CLUSTER_CLASSIFICATION,LOW,0,48,301_IF_APPROVED,NO,DRAFT_NOT_EXECUTED,Do not execute before owner approval and final target verification.
https://jus-tice.co.il/employment-contract,https://jus-tice.co.il/employment-law-needs-slug-review/,UNKNOWN,DO_NOT_TOUCH_HIGH_TRAFFIC_URL,HIGH,3,5933,301_IF_APPROVED,NO,DRAFT_NOT_EXECUTED,Do not execute before owner approval and final target verification.
https://jus-tice.co.il/epa-guide-qa,UNKNOWN_FINAL_TARGET_NEEDED,UNKNOWN,NEEDS_CLUSTER_CLASSIFICATION,MEDIUM,7,1377,301_IF_APPROVED,NO,DRAFT_NOT_EXECUTED,Do not execute before owner approval and final target verification.
https://jus-tice.co.il/ethiopia-lawyer,UNKNOWN_FINAL_TARGET_NEEDED,UNKNOWN,DO_NOT_TOUCH_HIGH_TRAFFIC_URL,HIGH,67,3509,301_IF_APPROVED,NO,DRAFT_NOT_EXECUTED,Do not execute before owner approval and final target verification.
https://jus-tice.co.il/everything-you-need-to-know-about-becoming-a-criminal-lawyer,https://jus-tice.co.il/criminal-law-needs-slug-review/,UNKNOWN,DO_NOT_TOUCH_HIGH_TRAFFIC_URL,HIGH,50,8104,301_IF_APPROVED,NO,DRAFT_NOT_EXECUTED,Do not execute before owner approval and final target verification.
https://jus-tice.co.il/expungement-of-criminal-records,https://jus-tice.co.il/criminal-law-needs-slug-review/,UNKNOWN,DO_NOT_TOUCH_HIGH_TRAFFIC_URL,HIGH,2,5725,301_IF_APPROVED,NO,DRAFT_NOT_EXECUTED,Do not execute before owner approval and final target verification.
https://jus-tice.co.il/extension-of-detention-for-more-than-thirty-days,https://jus-tice.co.il/criminal-law-needs-slug-review/,UNKNOWN,NEEDS_CONTENT_REVIEW,MEDIUM,10,4441,301_IF_APPROVED,NO,DRAFT_NOT_EXECUTED,Do not execute before owner approval and final target verification.
https://jus-tice.co.il/extradition-guide,UNKNOWN_FINAL_TARGET_NEEDED,UNKNOWN,DO_NOT_TOUCH_HIGH_TRAFFIC_URL,HIGH,95,9963,301_IF_APPROVED,NO,DRAFT_NOT_EXECUTED,Do not execute before owner approval and final target verification.
https://jus-tice.co.il/family-court,https://jus-tice.co.il/family-law-needs-slug-review/,UNKNOWN,DO_NOT_TOUCH_HIGH_TRAFFIC_URL,HIGH,4,6408,301_IF_APPROVED,NO,DRAFT_NOT_EXECUTED,Do not execute before owner approval and final target verification.
https://jus-tice.co.il/family-judgment-31661-07-16,https://jus-tice.co.il/family-law-needs-slug-review/,UNKNOWN,NEEDS_CONTENT_REVIEW,MEDIUM,27,1847,301_IF_APPROVED,NO,DRAFT_NOT_EXECUTED,Do not execute before owner approval and final target verification.
https://jus-tice.co.il/family-law,https://jus-tice.co.il/family-law-needs-slug-review/,UNKNOWN,DO_NOT_TOUCH_HIGH_TRAFFIC_URL,HIGH,7,9254,301_IF_APPROVED,NO,DRAFT_NOT_EXECUTED,Do not execute before owner approval and final target verification.
https://jus-tice.co.il/family-law-italy,https://jus-tice.co.il/family-law-needs-slug-review/,UNKNOWN,NEEDS_CONTENT_REVIEW,MEDIUM,22,2651,301_IF_APPROVED,NO,DRAFT_NOT_EXECUTED,Do not execute before owner approval and final target verification.
https://jus-tice.co.il/family-law/page/2,https://jus-tice.co.il/family-law-needs-slug-review/,UNKNOWN,NEEDS_CONTENT_REVIEW,LOW,0,675,301_IF_APPROVED,NO,DRAFT_NOT_EXECUTED,Do not execute before owner approval and final target verification.
https://jus-tice.co.il/famous-criminal-defense-lawyer,https://jus-tice.co.il/criminal-law-needs-slug-review/,UNKNOWN,DO_NOT_TOUCH_HIGH_TRAFFIC_URL,HIGH,90,16268,301_IF_APPROVED,NO,DRAFT_NOT_EXECUTED,Do not execute before owner approval and final target verification.
https://jus-tice.co.il/fbi-cyber-division,https://jus-tice.co.il/cyber-privacy-needs-slug-review/,UNKNOWN,DO_NOT_TOUCH_HIGH_TRAFFIC_URL,HIGH,28,8091,301_IF_APPROVED,NO,DRAFT_NOT_EXECUTED,Do not execute before owner approval and final target verification.
https://jus-tice.co.il/federal-bureau-of-investigation,https://jus-tice.co.il/criminal-law-needs-slug-review/,UNKNOWN,DO_NOT_TOUCH_HIGH_TRAFFIC_URL,HIGH,53,6019,301_IF_APPROVED,NO,DRAFT_NOT_EXECUTED,Do not execute before owner approval and final target verification.
https://jus-tice.co.il/filing-a-lawsuit-how-to-sue,UNKNOWN_FINAL_TARGET_NEEDED,UNKNOWN,DO_NOT_TOUCH_HIGH_TRAFFIC_URL,HIGH,13,6402,301_IF_APPROVED,NO,DRAFT_NOT_EXECUTED,Do not execute before owner approval and final target verification.
https://jus-tice.co.il/financial-strategies-after-divorce,https://jus-tice.co.il/family-law-needs-slug-review/,UNKNOWN,NEEDS_CONTENT_REVIEW,LOW,0,480,301_IF_APPROVED,NO,DRAFT_NOT_EXECUTED,Do not execute before owner approval and final target verification.
https://jus-tice.co.il/find-lawyer,UNKNOWN_FINAL_TARGET_NEEDED,UNKNOWN,DO_NOT_TOUCH_HIGH_TRAFFIC_URL,HIGH,4,7420,301_IF_APPROVED,NO,DRAFT_NOT_EXECUTED,Do not execute before owner approval and final target verification.
https://jus-tice.co.il/find-lawyer-how-to-find-good-attorney,UNKNOWN_FINAL_TARGET_NEEDED,UNKNOWN,DO_NOT_TOUCH_HIGH_TRAFFIC_URL,HIGH,13,6385,301_IF_APPROVED,NO,DRAFT_NOT_EXECUTED,Do not execute before owner approval and final target verification.
https://jus-tice.co.il/findlaw,UNKNOWN_FINAL_TARGET_NEEDED,UNKNOWN,NEEDS_CLUSTER_CLASSIFICATION,LOW,1,184,301_IF_APPROVED,NO,DRAFT_NOT_EXECUTED,Do not execute before owner approval and final target verification.
https://jus-tice.co.il/fintech,UNKNOWN_FINAL_TARGET_NEEDED,UNKNOWN,NEEDS_CLUSTER_CLASSIFICATION,LOW,3,542,301_IF_APPROVED,NO,DRAFT_NOT_EXECUTED,Do not execute before owner approval and final target verification.
https://jus-tice.co.il/force-majeure,UNKNOWN_FINAL_TARGET_NEEDED,UNKNOWN,NEEDS_CLUSTER_CLASSIFICATION,MEDIUM,18,444,301_IF_APPROVED,NO,DRAFT_NOT_EXECUTED,Do not execute before owner approval and final target verification.
https://jus-tice.co.il/foreign-legal-opinion,UNKNOWN_FINAL_TARGET_NEEDED,UNKNOWN,NEEDS_MERGE_REVIEW,LOW,3,850,301_IF_APPROVED,NO,DRAFT_NOT_EXECUTED,Do not execute before owner approval and final target verification.
https://jus-tice.co.il/foreign_legal_opinion,UNKNOWN_FINAL_TARGET_NEEDED,UNKNOWN,NEEDS_CLUSTER_CLASSIFICATION,MEDIUM,10,929,301_IF_APPROVED,NO,DRAFT_NOT_EXECUTED,Do not execute before owner approval and final target verification.
https://jus-tice.co.il/form-6-request-urgent-relief-dispute-settlement,UNKNOWN_FINAL_TARGET_NEEDED,UNKNOWN,DO_NOT_TOUCH_HIGH_TRAFFIC_URL,HIGH,74,5122,301_IF_APPROVED,NO,DRAFT_NOT_EXECUTED,Do not execute before owner approval and final target verification.
https://jus-tice.co.il/france-lawyers,UNKNOWN_FINAL_TARGET_NEEDED,UNKNOWN,DO_NOT_TOUCH_HIGH_TRAFFIC_URL,HIGH,26,5589,301_IF_APPROVED,NO,DRAFT_NOT_EXECUTED,Do not execute before owner approval and final target verification.
https://jus-tice.co.il/free-affidavit-sample,UNKNOWN_FINAL_TARGET_NEEDED,UNKNOWN,DO_NOT_TOUCH_HIGH_TRAFFIC_URL,HIGH,141,8117,301_IF_APPROVED,NO,DRAFT_NOT_EXECUTED,Do not execute before owner approval and final target verification.
https://jus-tice.co.il/free-divorce-agreement-template,https://jus-tice.co.il/family-law-needs-slug-review/,UNKNOWN,DO_NOT_TOUCH_HIGH_TRAFFIC_URL,HIGH,185,36900,301_IF_APPROVED,NO,DRAFT_NOT_EXECUTED,Do not execute before owner approval and final target verification.
https://jus-tice.co.il/garrigues_law_firm,UNKNOWN_FINAL_TARGET_NEEDED,UNKNOWN,NEEDS_CLUSTER_CLASSIFICATION,LOW,0,48,301_IF_APPROVED,NO,DRAFT_NOT_EXECUTED,Do not execute before owner approval and final target verification.
https://jus-tice.co.il/georgia-lawyers,UNKNOWN_FINAL_TARGET_NEEDED,UNKNOWN,DO_NOT_TOUCH_HIGH_TRAFFIC_URL,HIGH,71,4565,301_IF_APPROVED,NO,DRAFT_NOT_EXECUTED,Do not execute before owner approval and final target verification.
https://jus-tice.co.il/german-passport,UNKNOWN_FINAL_TARGET_NEEDED,UNKNOWN,DO_NOT_TOUCH_HIGH_TRAFFIC_URL,HIGH,13,46747,301_IF_APPROVED,NO,DRAFT_NOT_EXECUTED,Do not execute before owner approval and final target verification.
https://jus-tice.co.il/germany-lawyers,UNKNOWN_FINAL_TARGET_NEEDED,UNKNOWN,DO_NOT_TOUCH_HIGH_TRAFFIC_URL,HIGH,79,5902,301_IF_APPROVED,NO,DRAFT_NOT_EXECUTED,Do not execute before owner approval and final target verification.
https://jus-tice.co.il/global-tax-consulting-services,https://jus-tice.co.il/tax-law-needs-slug-review/,UNKNOWN,NEEDS_CONTENT_REVIEW,LOW,0,8,301_IF_APPROVED,NO,DRAFT_NOT_EXECUTED,Do not execute before owner approval and final target verification.
https://jus-tice.co.il/golden-visa,https://jus-tice.co.il/notary-foreign-needs-slug-review/,UNKNOWN,DO_NOT_TOUCH_HIGH_TRAFFIC_URL,HIGH,79,14197,301_IF_APPROVED,NO,DRAFT_NOT_EXECUTED,Do not execute before owner approval and final target verification.
https://jus-tice.co.il/government-of-portugal,https://jus-tice.co.il/notary-foreign-needs-slug-review/,UNKNOWN,NEEDS_CONTENT_REVIEW,LOW,2,489,301_IF_APPROVED,NO,DRAFT_NOT_EXECUTED,Do not execute before owner approval and final target verification.
https://jus-tice.co.il/greece-financing,UNKNOWN_FINAL_TARGET_NEEDED,UNKNOWN,NEEDS_CLUSTER_CLASSIFICATION,MEDIUM,11,1389,301_IF_APPROVED,NO,DRAFT_NOT_EXECUTED,Do not execute before owner approval and final target verification.
https://jus-tice.co.il/greece-lawyers,UNKNOWN_FINAL_TARGET_NEEDED,UNKNOWN,DO_NOT_TOUCH_HIGH_TRAFFIC_URL,HIGH,119,4576,301_IF_APPROVED,NO,DRAFT_NOT_EXECUTED,Do not execute before owner approval and final target verification.
https://jus-tice.co.il/greece-price-list,UNKNOWN_FINAL_TARGET_NEEDED,UNKNOWN,DO_NOT_TOUCH_HIGH_TRAFFIC_URL,HIGH,85,12234,301_IF_APPROVED,NO,DRAFT_NOT_EXECUTED,Do not execute before owner approval and final target verification.
https://jus-tice.co.il/grounds-for-divorce-united-states,https://jus-tice.co.il/family-law-needs-slug-review/,UNKNOWN,NEEDS_CONTENT_REVIEW,LOW,0,35,301_IF_APPROVED,NO,DRAFT_NOT_EXECUTED,Do not execute before owner approval and final target verification.
https://jus-tice.co.il/guide-buying-property-portugal-israelis,https://jus-tice.co.il/notary-foreign-needs-slug-review/,UNKNOWN,DO_NOT_TOUCH_HIGH_TRAFFIC_URL,HIGH,18,14398,301_IF_APPROVED,NO,DRAFT_NOT_EXECUTED,Do not execute before owner approval and final target verification.
https://jus-tice.co.il/handwritten-property-agreement-cancellation,UNKNOWN_FINAL_TARGET_NEEDED,UNKNOWN,NEEDS_CLUSTER_CLASSIFICATION,LOW,4,399,301_IF_APPROVED,NO,DRAFT_NOT_EXECUTED,Do not execute before owner approval and final target verification.
https://jus-tice.co.il/healthcare_in_portugal,https://jus-tice.co.il/notary-foreign-needs-slug-review/,UNKNOWN,NEEDS_CONTENT_REVIEW,MEDIUM,32,1113,301_IF_APPROVED,NO,DRAFT_NOT_EXECUTED,Do not execute before owner approval and final target verification.
https://jus-tice.co.il/herzog-fox-neeman,UNKNOWN_FINAL_TARGET_NEEDED,UNKNOWN,NEEDS_CLUSTER_CLASSIFICATION,MEDIUM,17,3776,301_IF_APPROVED,NO,DRAFT_NOT_EXECUTED,Do not execute before owner approval and final target verification.
https://jus-tice.co.il/history-of-criminal-justice,https://jus-tice.co.il/criminal-law-needs-slug-review/,UNKNOWN,NEEDS_CONTENT_REVIEW,MEDIUM,13,606,301_IF_APPROVED,NO,DRAFT_NOT_EXECUTED,Do not execute before owner approval and final target verification.
https://jus-tice.co.il/history-of-medicine,UNKNOWN_FINAL_TARGET_NEEDED,UNKNOWN,NEEDS_CLUSTER_CLASSIFICATION,MEDIUM,9,1958,301_IF_APPROVED,NO,DRAFT_NOT_EXECUTED,Do not execute before owner approval and final target verification.
https://jus-tice.co.il/home-inspection,UNKNOWN_FINAL_TARGET_NEEDED,UNKNOWN,NEEDS_CLUSTER_CLASSIFICATION,LOW,0,342,301_IF_APPROVED,NO,DRAFT_NOT_EXECUTED,Do not execute before owner approval and final target verification.
https://jus-tice.co.il/home-insurance,https://jus-tice.co.il/real-estate-needs-slug-review/,UNKNOWN,DO_NOT_TOUCH_HIGH_TRAFFIC_URL,HIGH,0,12565,301_IF_APPROVED,NO,DRAFT_NOT_EXECUTED,Do not execute before owner approval and final target verification.
https://jus-tice.co.il/hong-kong-lawyer,UNKNOWN_FINAL_TARGET_NEEDED,UNKNOWN,NEEDS_CLUSTER_CLASSIFICATION,MEDIUM,25,4006,301_IF_APPROVED,NO,DRAFT_NOT_EXECUTED,Do not execute before owner approval and final target verification.
https://jus-tice.co.il/housing-portugal,https://jus-tice.co.il/notary-foreign-needs-slug-review/,UNKNOWN,NEEDS_CONTENT_REVIEW,MEDIUM,9,1308,301_IF_APPROVED,NO,DRAFT_NOT_EXECUTED,Do not execute before owner approval and final target verification.
https://jus-tice.co.il/how-contracts-can-protect-you-and-your-business,UNKNOWN_FINAL_TARGET_NEEDED,UNKNOWN,NEEDS_CLUSTER_CLASSIFICATION,LOW,0,244,301_IF_APPROVED,NO,DRAFT_NOT_EXECUTED,Do not execute before owner approval and final target verification.
https://jus-tice.co.il/how-much-does-a-divorce-agreement-cost,https://jus-tice.co.il/consensual-divorce/,UNKNOWN,DO_NOT_TOUCH_HIGH_TRAFFIC_URL,HIGH,1,8698,301_IF_APPROVED,NO,DRAFT_NOT_EXECUTED,Do not execute before owner approval and final target verification.
https://jus-tice.co.il/how-much-does-a-lawyer-cost,UNKNOWN_FINAL_TARGET_NEEDED,UNKNOWN,DO_NOT_TOUCH_HIGH_TRAFFIC_URL,HIGH,4,7900,301_IF_APPROVED,NO,DRAFT_NOT_EXECUTED,Do not execute before owner approval and final target verification.
https://jus-tice.co.il/how-much-does-prenup-cost,UNKNOWN_FINAL_TARGET_NEEDED,UNKNOWN,DO_NOT_TOUCH_HIGH_TRAFFIC_URL,HIGH,4,7487,301_IF_APPROVED,NO,DRAFT_NOT_EXECUTED,Do not execute before owner approval and final target verification.
https://jus-tice.co.il/how-much-will-a-criminal-defense-lawyer-cost,https://jus-tice.co.il/inheritance-wills-needs-slug-review/,UNKNOWN,DO_NOT_TOUCH_HIGH_TRAFFIC_URL,HIGH,224,23313,301_IF_APPROVED,NO,DRAFT_NOT_EXECUTED,Do not execute before owner approval and final target verification.
https://jus-tice.co.il/how-to-choose-criminal-defense-attorney,https://jus-tice.co.il/criminal-law-needs-slug-review/,UNKNOWN,NEEDS_CONTENT_REVIEW,MEDIUM,1,1008,301_IF_APPROVED,NO,DRAFT_NOT_EXECUTED,Do not execute before owner approval and final target verification.
https://jus-tice.co.il/how-to-deal-with-problematic-employees-aside-from-termination,UNKNOWN_FINAL_TARGET_NEEDED,UNKNOWN,NEEDS_CLUSTER_CLASSIFICATION,MEDIUM,13,1013,301_IF_APPROVED,NO,DRAFT_NOT_EXECUTED,Do not execute before owner approval and final target verification.
https://jus-tice.co.il/how-to-find-a-professional-web-development-agency,UNKNOWN_FINAL_TARGET_NEEDED,UNKNOWN,NEEDS_CLUSTER_CLASSIFICATION,LOW,0,468,301_IF_APPROVED,NO,DRAFT_NOT_EXECUTED,Do not execute before owner approval and final target verification.
https://jus-tice.co.il/how-to-run-a-successful-law-firm,UNKNOWN_FINAL_TARGET_NEEDED,UNKNOWN,NEEDS_CLUSTER_CLASSIFICATION,MEDIUM,7,2715,301_IF_APPROVED,NO,DRAFT_NOT_EXECUTED,Do not execute before owner approval and final target verification.
https://jus-tice.co.il/human-trafficking,https://jus-tice.co.il/traffic-law-needs-slug-review/,UNKNOWN,NEEDS_CONTENT_REVIEW,LOW,6,864,301_IF_APPROVED,NO,DRAFT_NOT_EXECUTED,Do not execute before owner approval and final target verification.
https://jus-tice.co.il/hungary-lawyer,UNKNOWN_FINAL_TARGET_NEEDED,UNKNOWN,DO_NOT_TOUCH_HIGH_TRAFFIC_URL,HIGH,61,1509,301_IF_APPROVED,NO,DRAFT_NOT_EXECUTED,Do not execute before owner approval and final target verification.
https://jus-tice.co.il/iflr1000,https://jus-tice.co.il/real-estate-needs-slug-review/,UNKNOWN,NEEDS_MERGE_REVIEW,LOW,1,960,301_IF_APPROVED,NO,DRAFT_NOT_EXECUTED,Do not execute before owner approval and final target verification.
https://jus-tice.co.il/immigration,UNKNOWN_FINAL_TARGET_NEEDED,UNKNOWN,NEEDS_CLUSTER_CLASSIFICATION,LOW,0,1,301_IF_APPROVED,NO,DRAFT_NOT_EXECUTED,Do not execute before owner approval and final target verification.
https://jus-tice.co.il/immigration-lawyer,UNKNOWN_FINAL_TARGET_NEEDED,UNKNOWN,DO_NOT_TOUCH_HIGH_TRAFFIC_URL,HIGH,100,43300,301_IF_APPROVED,NO,DRAFT_NOT_EXECUTED,Do not execute before owner approval and final target verification.
https://jus-tice.co.il/immigration-to-portugal,https://jus-tice.co.il/notary-foreign-needs-slug-review/,UNKNOWN,DO_NOT_TOUCH_HIGH_TRAFFIC_URL,HIGH,7,5895,301_IF_APPROVED,NO,DRAFT_NOT_EXECUTED,Do not execute before owner approval and final target verification.
https://jus-tice.co.il/income-protection-insurance,https://jus-tice.co.il/employment-law-needs-slug-review/,UNKNOWN,DO_NOT_TOUCH_HIGH_TRAFFIC_URL,HIGH,0,6062,301_IF_APPROVED,NO,DRAFT_NOT_EXECUTED,Do not execute before owner approval and final target verification.
https://jus-tice.co.il/india-lawyers,UNKNOWN_FINAL_TARGET_NEEDED,UNKNOWN,NEEDS_CLUSTER_CLASSIFICATION,MEDIUM,42,3938,301_IF_APPROVED,NO,DRAFT_NOT_EXECUTED,Do not execute before owner approval and final target verification.
https://jus-tice.co.il/infidelity-adultery-marital-betrayal-family-law,https://jus-tice.co.il/family-law-needs-slug-review/,UNKNOWN,NEEDS_CONTENT_REVIEW,MEDIUM,5,1365,301_IF_APPROVED,NO,DRAFT_NOT_EXECUTED,Do not execute before owner approval and final target verification.
https://jus-tice.co.il/infidelity-statistics-reasons-suspicions,UNKNOWN_FINAL_TARGET_NEEDED,UNKNOWN,DO_NOT_TOUCH_HIGH_TRAFFIC_URL,HIGH,111,11116,301_IF_APPROVED,NO,DRAFT_NOT_EXECUTED,Do not execute before owner approval and final target verification.
https://jus-tice.co.il/inheritance,https://jus-tice.co.il/inheritance-wills-needs-slug-review/,UNKNOWN,DO_NOT_TOUCH_HIGH_TRAFFIC_URL,HIGH,2,15808,301_IF_APPROVED,NO,DRAFT_NOT_EXECUTED,Do not execute before owner approval and final target verification.
https://jus-tice.co.il/inheritance-order,https://jus-tice.co.il/inheritance-wills-needs-slug-review/,UNKNOWN,DO_NOT_TOUCH_HIGH_TRAFFIC_URL,HIGH,7,11447,301_IF_APPROVED,NO,DRAFT_NOT_EXECUTED,Do not execute before owner approval and final target verification.
https://jus-tice.co.il/insolvency,UNKNOWN_FINAL_TARGET_NEEDED,UNKNOWN,NEEDS_MERGE_REVIEW,MEDIUM,1,3057,301_IF_APPROVED,NO,DRAFT_NOT_EXECUTED,Do not execute before owner approval and final target verification.
https://jus-tice.co.il/intellectual-property-lawyer,UNKNOWN_FINAL_TARGET_NEEDED,UNKNOWN,DO_NOT_TOUCH_HIGH_TRAFFIC_URL,HIGH,5,17657,301_IF_APPROVED,NO,DRAFT_NOT_EXECUTED,Do not execute before owner approval and final target verification.
https://jus-tice.co.il/international-agreement-greece-dtpa,UNKNOWN_FINAL_TARGET_NEEDED,UNKNOWN,NEEDS_CLUSTER_CLASSIFICATION,MEDIUM,3,1844,301_IF_APPROVED,NO,DRAFT_NOT_EXECUTED,Do not execute before owner approval and final target verification.
https://jus-tice.co.il/international-association-of-jewish-lawyers-and-jurists,UNKNOWN_FINAL_TARGET_NEEDED,UNKNOWN,NEEDS_CLUSTER_CLASSIFICATION,MEDIUM,11,174,301_IF_APPROVED,NO,DRAFT_NOT_EXECUTED,Do not execute before owner approval and final target verification.
https://jus-tice.co.il/international-contract-lawyer,UNKNOWN_FINAL_TARGET_NEEDED,UNKNOWN,NEEDS_CLUSTER_CLASSIFICATION,LOW,1,381,301_IF_APPROVED,NO,DRAFT_NOT_EXECUTED,Do not execute before owner approval and final target verification.
https://jus-tice.co.il/international-inheritance-wills-lawyer,https://jus-tice.co.il/family-law-needs-slug-review/,UNKNOWN,DO_NOT_TOUCH_HIGH_TRAFFIC_URL,HIGH,129,14123,301_IF_APPROVED,NO,DRAFT_NOT_EXECUTED,Do not execute before owner approval and final target verification.
https://jus-tice.co.il/international-litigation,UNKNOWN_FINAL_TARGET_NEEDED,UNKNOWN,DO_NOT_TOUCH_HIGH_TRAFFIC_URL,HIGH,5,6936,301_IF_APPROVED,NO,DRAFT_NOT_EXECUTED,Do not execute before owner approval and final target verification.
https://jus-tice.co.il/international-notaries,UNKNOWN_FINAL_TARGET_NEEDED,UNKNOWN,NEEDS_CLUSTER_CLASSIFICATION,MEDIUM,18,1488,301_IF_APPROVED,NO,DRAFT_NOT_EXECUTED,Do not execute before owner approval and final target verification.
https://jus-tice.co.il/international-regulation,UNKNOWN_FINAL_TARGET_NEEDED,UNKNOWN,NEEDS_CLUSTER_CLASSIFICATION,LOW,2,986,301_IF_APPROVED,NO,DRAFT_NOT_EXECUTED,Do not execute before owner approval and final target verification.
https://jus-tice.co.il/invest-in-portugal-for-citizenship,https://jus-tice.co.il/notary-foreign-needs-slug-review/,UNKNOWN,NEEDS_CONTENT_REVIEW,MEDIUM,6,1493,301_IF_APPROVED,NO,DRAFT_NOT_EXECUTED,Do not execute before owner approval and final target verification.
https://jus-tice.co.il/investing-in-argentina,UNKNOWN_FINAL_TARGET_NEEDED,UNKNOWN,NEEDS_CLUSTER_CLASSIFICATION,MEDIUM,43,1046,301_IF_APPROVED,NO,DRAFT_NOT_EXECUTED,Do not execute before owner approval and final target verification.
https://jus-tice.co.il/investing-in-greece,UNKNOWN_FINAL_TARGET_NEEDED,UNKNOWN,NEEDS_CLUSTER_CLASSIFICATION,MEDIUM,22,2721,301_IF_APPROVED,NO,DRAFT_NOT_EXECUTED,Do not execute before owner approval and final target verification.
https://jus-tice.co.il/investing-in-greece-real-estate,https://jus-tice.co.il/real-estate-needs-slug-review/,UNKNOWN,DO_NOT_TOUCH_HIGH_TRAFFIC_URL,HIGH,22,27183,301_IF_APPROVED,NO,DRAFT_NOT_EXECUTED,Do not execute before owner approval and final target verification.
https://jus-tice.co.il/investment-loss-compensation,UNKNOWN_FINAL_TARGET_NEEDED,UNKNOWN,NEEDS_CLUSTER_CLASSIFICATION,MEDIUM,23,2171,301_IF_APPROVED,NO,DRAFT_NOT_EXECUTED,Do not execute before owner approval and final target verification.
https://jus-tice.co.il/is-a-law-for-the-settlement-of-family-disputes-successful,https://jus-tice.co.il/family-law-needs-slug-review/,UNKNOWN,NEEDS_CONTENT_REVIEW,MEDIUM,11,1240,301_IF_APPROVED,NO,DRAFT_NOT_EXECUTED,Do not execute before owner approval and final target verification.
https://jus-tice.co.il/is-portugal-a-good-place-to-retire,https://jus-tice.co.il/notary-foreign-needs-slug-review/,UNKNOWN,NEEDS_CONTENT_REVIEW,LOW,1,176,301_IF_APPROVED,NO,DRAFT_NOT_EXECUTED,Do not execute before owner approval and final target verification.
https://jus-tice.co.il/israel-crime-statistics,UNKNOWN_FINAL_TARGET_NEEDED,UNKNOWN,DO_NOT_TOUCH_HIGH_TRAFFIC_URL,HIGH,6,5215,301_IF_APPROVED,NO,DRAFT_NOT_EXECUTED,Do not execute before owner approval and final target verification.
https://jus-tice.co.il/israel-framework-for-reopening-schools-coronavirus-2020,UNKNOWN_FINAL_TARGET_NEEDED,UNKNOWN,NEEDS_MERGE_REVIEW,LOW,1,340,301_IF_APPROVED,NO,DRAFT_NOT_EXECUTED,Do not execute before owner approval and final target verification.
https://jus-tice.co.il/israel-notary-public,https://jus-tice.co.il/notary-foreign-needs-slug-review/,UNKNOWN,DO_NOT_TOUCH_HIGH_TRAFFIC_URL,HIGH,4,10657,301_IF_APPROVED,NO,DRAFT_NOT_EXECUTED,Do not execute before owner approval and final target verification.
https://jus-tice.co.il/israel-police,https://jus-tice.co.il/criminal-law-needs-slug-review/,UNKNOWN,NEEDS_CONTENT_REVIEW,MEDIUM,2,4436,301_IF_APPROVED,NO,DRAFT_NOT_EXECUTED,Do not execute before owner approval and final target verification.
https://jus-tice.co.il/israel-portugal-relations,https://jus-tice.co.il/notary-foreign-needs-slug-review/,UNKNOWN,NEEDS_CONTENT_REVIEW,MEDIUM,9,1689,301_IF_APPROVED,NO,DRAFT_NOT_EXECUTED,Do not execute before owner approval and final target verification.
https://jus-tice.co.il/israel-real-estate-price-forecast,https://jus-tice.co.il/real-estate-needs-slug-review/,UNKNOWN,DO_NOT_TOUCH_HIGH_TRAFFIC_URL,HIGH,53,39708,301_IF_APPROVED,NO,DRAFT_NOT_EXECUTED,Do not execute before owner approval and final target verification.
https://jus-tice.co.il/israel-road-accident-compensation-law,UNKNOWN_FINAL_TARGET_NEEDED,UNKNOWN,DO_NOT_TOUCH_HIGH_TRAFFIC_URL,HIGH,0,12148,301_IF_APPROVED,NO,DRAFT_NOT_EXECUTED,Do not execute before owner approval and final target verification.
https://jus-tice.co.il/israel-tax-authority,https://jus-tice.co.il/tax-law-needs-slug-review/,UNKNOWN,DO_NOT_TOUCH_HIGH_TRAFFIC_URL,HIGH,10,9034,301_IF_APPROVED,NO,DRAFT_NOT_EXECUTED,Do not execute before owner approval and final target verification.
https://jus-tice.co.il/israeli-labor-law,https://jus-tice.co.il/employment-law-needs-slug-review/,UNKNOWN,NEEDS_CONTENT_REVIEW,MEDIUM,1,2199,301_IF_APPROVED,NO,DRAFT_NOT_EXECUTED,Do not execute before owner approval and final target verification.
https://jus-tice.co.il/israeli-lawyer-explains-real-estate,https://jus-tice.co.il/real-estate-needs-slug-review/,UNKNOWN,NEEDS_CONTENT_REVIEW,MEDIUM,1,2233,301_IF_APPROVED,NO,DRAFT_NOT_EXECUTED,Do not execute before owner approval and final target verification.
https://jus-tice.co.il/israeli_land_and_property_laws,UNKNOWN_FINAL_TARGET_NEEDED,UNKNOWN,DO_NOT_TOUCH_HIGH_TRAFFIC_URL,HIGH,9,5173,301_IF_APPROVED,NO,DRAFT_NOT_EXECUTED,Do not execute before owner approval and final target verification.
https://jus-tice.co.il/italy-lawyers,UNKNOWN_FINAL_TARGET_NEEDED,UNKNOWN,DO_NOT_TOUCH_HIGH_TRAFFIC_URL,HIGH,82,3128,301_IF_APPROVED,NO,DRAFT_NOT_EXECUTED,Do not execute before owner approval and final target verification.
https://jus-tice.co.il/james-sexton-attorney,UNKNOWN_FINAL_TARGET_NEEDED,UNKNOWN,NEEDS_CLUSTER_CLASSIFICATION,MEDIUM,16,597,301_IF_APPROVED,NO,DRAFT_NOT_EXECUTED,Do not execute before owner approval and final target verification.
https://jus-tice.co.il/japan-attorneys,UNKNOWN_FINAL_TARGET_NEEDED,UNKNOWN,DO_NOT_TOUCH_HIGH_TRAFFIC_URL,HIGH,26,7028,301_IF_APPROVED,NO,DRAFT_NOT_EXECUTED,Do not execute before owner approval and final target verification.
https://jus-tice.co.il/joint-custody-shared-parenting,https://jus-tice.co.il/family-law-needs-slug-review/,UNKNOWN,DO_NOT_TOUCH_HIGH_TRAFFIC_URL,HIGH,5,16996,301_IF_APPROVED,NO,DRAFT_NOT_EXECUTED,Do not execute before owner approval and final target verification.
https://jus-tice.co.il/joint-venture-agreement,UNKNOWN_FINAL_TARGET_NEEDED,UNKNOWN,NEEDS_CLUSTER_CLASSIFICATION,MEDIUM,19,1020,301_IF_APPROVED,NO,DRAFT_NOT_EXECUTED,Do not execute before owner approval and final target verification.
https://jus-tice.co.il/jurisprudence,UNKNOWN_FINAL_TARGET_NEEDED,UNKNOWN,NEEDS_CLUSTER_CLASSIFICATION,MEDIUM,20,1525,301_IF_APPROVED,NO,DRAFT_NOT_EXECUTED,Do not execute before owner approval and final target verification.
https://jus-tice.co.il/jurist,UNKNOWN_FINAL_TARGET_NEEDED,UNKNOWN,NEEDS_CLUSTER_CLASSIFICATION,LOW,0,9,301_IF_APPROVED,NO,DRAFT_NOT_EXECUTED,Do not execute before owner approval and final target verification.
https://jus-tice.co.il/kirkland-ellis,UNKNOWN_FINAL_TARGET_NEEDED,UNKNOWN,NEEDS_CLUSTER_CLASSIFICATION,MEDIUM,26,993,301_IF_APPROVED,NO,DRAFT_NOT_EXECUTED,Do not execute before owner approval and final target verification.
https://jus-tice.co.il/kl-gates,UNKNOWN_FINAL_TARGET_NEEDED,UNKNOWN,NEEDS_MERGE_REVIEW,LOW,8,413,301_IF_APPROVED,NO,DRAFT_NOT_EXECUTED,Do not execute before owner approval and final target verification.
https://jus-tice.co.il/klumpke-paralysis,UNKNOWN_FINAL_TARGET_NEEDED,UNKNOWN,NEEDS_CLUSTER_CLASSIFICATION,LOW,2,371,301_IF_APPROVED,NO,DRAFT_NOT_EXECUTED,Do not execute before owner approval and final target verification.
https://jus-tice.co.il/labor-law/%D7%97%D7%95%D7%A7-%D7%94%D7%95%D7%93%D7%A2%D7%94-%D7%9E%D7%95%D7%A7%D7%93%D7%9E%D7%AA-%D7%9C%D7%A4%D7%99%D7%98%D7%95%D7%A8%D7%99%D7%9D-%D7%95%D7%9C%D7%94%D7%AA%D7%A4%D7%98%D7%A8%D7%95%D7%AA,https://jus-tice.co.il/employment-law-needs-slug-review/,UNKNOWN,DO_NOT_TOUCH_HIGH_TRAFFIC_URL,HIGH,0,5467,301_IF_APPROVED,NO,DRAFT_NOT_EXECUTED,Do not execute before owner approval and final target verification.
https://jus-tice.co.il/labor-law/%D7%98%D7%95%D7%A4%D7%A1-%D7%94%D7%95%D7%93%D7%A2%D7%94-%D7%A2%D7%9C-%D7%94%D7%AA%D7%A4%D7%98%D7%A8%D7%95%D7%AA-%D7%9E%D7%A2%D7%91%D7%95%D7%93%D7%94,https://jus-tice.co.il/employment-law-needs-slug-review/,UNKNOWN,NEEDS_CONTENT_REVIEW,LOW,0,709,301_IF_APPROVED,NO,DRAFT_NOT_EXECUTED,Do not execute before owner approval and final target verification.
https://jus-tice.co.il/labor-law/%D7%AA%D7%91%D7%99%D7%A2%D7%95%D7%AA-%D7%A2%D7%95%D7%91%D7%93%D7%99%D7%9D-%D7%9E%D7%95%D7%9C-%D7%94%D7%9E%D7%9C%D7%9C-%D7%91%D7%97%D7%91%D7%A8%D7%95%D7%AA-%D7%9E%D7%A9%D7%A4%D7%97%D7%AA%D7%99,https://jus-tice.co.il/employment-law-needs-slug-review/,UNKNOWN,NEEDS_CONTENT_REVIEW,LOW,0,196,301_IF_APPROVED,NO,DRAFT_NOT_EXECUTED,Do not execute before owner approval and final target verification.
https://jus-tice.co.il/labor-law/%D7%AA%D7%A7%D7%A0%D7%95%D7%AA-%D7%A4%D7%99%D7%A6%D7%95%D7%99%D7%99-%D7%A4%D7%99%D7%98%D7%95%D7%A8%D7%99%D7%9D-%D7%97%D7%95%D7%91%D7%AA-%D7%9E%D7%A1%D7%99%D7%A8%D7%AA-%D7%94%D7%95%D7%93%D7%A2%D7%95,https://jus-tice.co.il/employment-law-needs-slug-review/,UNKNOWN,NEEDS_CONTENT_REVIEW,LOW,0,14,301_IF_APPROVED,NO,DRAFT_NOT_EXECUTED,Do not execute before owner approval and final target verification.
https://jus-tice.co.il/labor-lawyer,https://jus-tice.co.il/employment-law-needs-slug-review/,UNKNOWN,DO_NOT_TOUCH_HIGH_TRAFFIC_URL,HIGH,3,29862,301_IF_APPROVED,NO,DRAFT_NOT_EXECUTED,Do not execute before owner approval and final target verification.
https://jus-tice.co.il/labor_law/%D7%92%D7%99%D7%95%D7%A1-%D7%A2%D7%95%D7%91%D7%93%D7%99%D7%9D,https://jus-tice.co.il/employment-law-needs-slug-review/,UNKNOWN,NEEDS_CONTENT_REVIEW,LOW,0,10,301_IF_APPROVED,NO,DRAFT_NOT_EXECUTED,Do not execute before owner approval and final target verification.
https://jus-tice.co.il/labor_law/%D7%A7%D7%95%D7%A8%D7%95%D7%A0%D7%94-%D7%94%D7%92%D7%91%D7%9C%D7%AA-%D7%9E%D7%A1%D7%A4%D7%A8-%D7%94%D7%A2%D7%95%D7%91%D7%93%D7%99%D7%9D-%D7%91%D7%9E%D7%A7%D7%95%D7%9D-%D7%A2%D7%91%D7%95%D7%93%D7%94,https://jus-tice.co.il/employment-law-needs-slug-review/,UNKNOWN,NEEDS_CONTENT_REVIEW,LOW,0,57,301_IF_APPROVED,NO,DRAFT_NOT_EXECUTED,Do not execute before owner approval and final target verification.
https://jus-tice.co.il/labor_law/%D7%A7%D7%95%D7%A8%D7%95%D7%A0%D7%94-%D7%A4%D7%A2%D7%99%D7%9C%D7%95%D7%AA-%D7%91%D7%99%D7%AA-%D7%94%D7%93%D7%99%D7%9F-%D7%9C%D7%A2%D7%91%D7%95%D7%93%D7%94,https://jus-tice.co.il/employment-law-needs-slug-review/,UNKNOWN,NEEDS_CONTENT_REVIEW,LOW,2,707,301_IF_APPROVED,NO,DRAFT_NOT_EXECUTED,Do not execute before owner approval and final target verification.
https://jus-tice.co.il/labor_law/%D7%AA%D7%A7%D7%A0%D7%95%D7%AA-%D7%A7%D7%95%D7%A8%D7%95%D7%A0%D7%94-%D7%94%D7%92%D7%91%D7%9C%D7%AA-%D7%9E%D7%A1%D7%A4%D7%A8-%D7%94%D7%A2%D7%95%D7%91%D7%93%D7%99%D7%9D-%D7%91%D7%9E%D7%A7%D7%95%D7%9D,https://jus-tice.co.il/employment-law-needs-slug-review/,UNKNOWN,NEEDS_MERGE_REVIEW,MEDIUM,2,2382,301_IF_APPROVED,NO,DRAFT_NOT_EXECUTED,Do not execute before owner approval and final target verification.
https://jus-tice.co.il/lahav-433,UNKNOWN_FINAL_TARGET_NEEDED,UNKNOWN,DO_NOT_TOUCH_HIGH_TRAFFIC_URL,HIGH,302,23382,301_IF_APPROVED,NO,DRAFT_NOT_EXECUTED,Do not execute before owner approval and final target verification.
https://jus-tice.co.il/land-appreciation-tax,https://jus-tice.co.il/real-estate-needs-slug-review/,UNKNOWN,DO_NOT_TOUCH_HIGH_TRAFFIC_URL,HIGH,2,11831,301_IF_APPROVED,NO,DRAFT_NOT_EXECUTED,Do not execute before owner approval and final target verification.
https://jus-tice.co.il/land-registration,UNKNOWN_FINAL_TARGET_NEEDED,UNKNOWN,NEEDS_CLUSTER_CLASSIFICATION,MEDIUM,2,1978,301_IF_APPROVED,NO,DRAFT_NOT_EXECUTED,Do not execute before owner approval and final target verification.
https://jus-tice.co.il/latham-watkins,UNKNOWN_FINAL_TARGET_NEEDED,UNKNOWN,NEEDS_CLUSTER_CLASSIFICATION,MEDIUM,13,153,301_IF_APPROVED,NO,DRAFT_NOT_EXECUTED,Do not execute before owner approval and final target verification.
https://jus-tice.co.il/laura-wasser,UNKNOWN_FINAL_TARGET_NEEDED,UNKNOWN,NEEDS_CLUSTER_CLASSIFICATION,LOW,6,219,301_IF_APPROVED,NO,DRAFT_NOT_EXECUTED,Do not execute before owner approval and final target verification.
https://jus-tice.co.il/law-firms-in-fiction,UNKNOWN_FINAL_TARGET_NEEDED,UNKNOWN,NEEDS_CLUSTER_CLASSIFICATION,MEDIUM,10,816,301_IF_APPROVED,NO,DRAFT_NOT_EXECUTED,Do not execute before owner approval and final target verification.
https://jus-tice.co.il/lawyer-ai-course,UNKNOWN_FINAL_TARGET_NEEDED,UNKNOWN,NEEDS_CLUSTER_CLASSIFICATION,MEDIUM,31,3157,301_IF_APPROVED,NO,DRAFT_NOT_EXECUTED,Do not execute before owner approval and final target verification.
https://jus-tice.co.il/lawyer-fee-outlook,UNKNOWN_FINAL_TARGET_NEEDED,UNKNOWN,DO_NOT_TOUCH_HIGH_TRAFFIC_URL,HIGH,110,27147,301_IF_APPROVED,NO,DRAFT_NOT_EXECUTED,Do not execute before owner approval and final target verification.
https://jus-tice.co.il/lawyer-for-buying-or-selling-a-house,UNKNOWN_FINAL_TARGET_NEEDED,UNKNOWN,DO_NOT_TOUCH_HIGH_TRAFFIC_URL,HIGH,3,35650,301_IF_APPROVED,NO,DRAFT_NOT_EXECUTED,Do not execute before owner approval and final target verification.
https://jus-tice.co.il/lawyer-near-me-criminal-law,https://jus-tice.co.il/criminal-law-needs-slug-review/,UNKNOWN,DO_NOT_TOUCH_HIGH_TRAFFIC_URL,HIGH,13,12986,301_IF_APPROVED,NO,DRAFT_NOT_EXECUTED,Do not execute before owner approval and final target verification.
https://jus-tice.co.il/lawyer-netherlands,UNKNOWN_FINAL_TARGET_NEEDED,UNKNOWN,DO_NOT_TOUCH_HIGH_TRAFFIC_URL,HIGH,59,1089,301_IF_APPROVED,NO,DRAFT_NOT_EXECUTED,Do not execute before owner approval and final target verification.
https://jus-tice.co.il/lawyer-referral-service,UNKNOWN_FINAL_TARGET_NEEDED,UNKNOWN,NEEDS_MERGE_REVIEW,LOW,9,816,301_IF_APPROVED,NO,DRAFT_NOT_EXECUTED,Do not execute before owner approval and final target verification.
https://jus-tice.co.il/lawyers/%D7%90-%D7%91-%D7%A2%D7%95%D7%A8%D7%9A-%D7%93%D7%99%D7%9F-%D7%91%D7%94%D7%A7%D7%9E%D7%94,UNKNOWN_FINAL_TARGET_NEEDED,UNKNOWN,NEEDS_CLUSTER_CLASSIFICATION,LOW,0,22,301_IF_APPROVED,NO,DRAFT_NOT_EXECUTED,Do not execute before owner approval and final target verification.
https://jus-tice.co.il/lawyers/%D7%A2%D7%95%D7%A8%D7%9A-%D7%93%D7%99%D7%9F,UNKNOWN_FINAL_TARGET_NEEDED,UNKNOWN,NEEDS_CLUSTER_CLASSIFICATION,LOW,1,1,301_IF_APPROVED,NO,DRAFT_NOT_EXECUTED,Do not execute before owner approval and final target verification.
https://jus-tice.co.il/lawyers/firm_name_he,UNKNOWN_FINAL_TARGET_NEEDED,UNKNOWN,NEEDS_CLUSTER_CLASSIFICATION,LOW,0,6,301_IF_APPROVED,NO,DRAFT_NOT_EXECUTED,Do not execute before owner approval and final target verification.
https://jus-tice.co.il/leading-criminal-law-firm,https://jus-tice.co.il/criminal-law-needs-slug-review/,UNKNOWN,DO_NOT_TOUCH_HIGH_TRAFFIC_URL,HIGH,16,10533,301_IF_APPROVED,NO,DRAFT_NOT_EXECUTED,Do not execute before owner approval and final target verification.
https://jus-tice.co.il/leading-divorce-lawyers-worldwide,https://jus-tice.co.il/family-law-needs-slug-review/,UNKNOWN,NEEDS_CONTENT_REVIEW,LOW,3,569,301_IF_APPROVED,NO,DRAFT_NOT_EXECUTED,Do not execute before owner approval and final target verification.
https://jus-tice.co.il/lease,UNKNOWN_FINAL_TARGET_NEEDED,UNKNOWN,NEEDS_CLUSTER_CLASSIFICATION,MEDIUM,11,4340,301_IF_APPROVED,NO,DRAFT_NOT_EXECUTED,Do not execute before owner approval and final target verification.
https://jus-tice.co.il/legal-awareness,UNKNOWN_FINAL_TARGET_NEEDED,UNKNOWN,NEEDS_CLUSTER_CLASSIFICATION,LOW,4,489,301_IF_APPROVED,NO,DRAFT_NOT_EXECUTED,Do not execute before owner approval and final target verification.
https://jus-tice.co.il/legal-clinic,UNKNOWN_FINAL_TARGET_NEEDED,UNKNOWN,NEEDS_CLUSTER_CLASSIFICATION,MEDIUM,3,1542,301_IF_APPROVED,NO,DRAFT_NOT_EXECUTED,Do not execute before owner approval and final target verification.
https://jus-tice.co.il/legal-courses-for-lawyers,UNKNOWN_FINAL_TARGET_NEEDED,UNKNOWN,DO_NOT_TOUCH_HIGH_TRAFFIC_URL,HIGH,52,1958,301_IF_APPROVED,NO,DRAFT_NOT_EXECUTED,Do not execute before owner approval and final target verification.
https://jus-tice.co.il/legal-education,UNKNOWN_FINAL_TARGET_NEEDED,UNKNOWN,NEEDS_CLUSTER_CLASSIFICATION,MEDIUM,4,2063,301_IF_APPROVED,NO,DRAFT_NOT_EXECUTED,Do not execute before owner approval and final target verification.
https://jus-tice.co.il/legal-services-in-portugal,https://jus-tice.co.il/real-estate-needs-slug-review/,UNKNOWN,NEEDS_MERGE_REVIEW,LOW,1,620,301_IF_APPROVED,NO,DRAFT_NOT_EXECUTED,Do not execute before owner approval and final target verification.
https://jus-tice.co.il/legal-tax-saving-guide,https://jus-tice.co.il/tax-law-needs-slug-review/,UNKNOWN,NEEDS_CONTENT_REVIEW,MEDIUM,10,1408,301_IF_APPROVED,NO,DRAFT_NOT_EXECUTED,Do not execute before owner approval and final target verification.
https://jus-tice.co.il/legal-writing,UNKNOWN_FINAL_TARGET_NEEDED,UNKNOWN,DO_NOT_TOUCH_HIGH_TRAFFIC_URL,HIGH,75,2402,301_IF_APPROVED,NO,DRAFT_NOT_EXECUTED,Do not execute before owner approval and final target verification.
https://jus-tice.co.il/legal_defense_fund,UNKNOWN_FINAL_TARGET_NEEDED,UNKNOWN,NEEDS_CLUSTER_CLASSIFICATION,MEDIUM,2,1539,301_IF_APPROVED,NO,DRAFT_NOT_EXECUTED,Do not execute before owner approval and final target verification.
https://jus-tice.co.il/legal_financing,UNKNOWN_FINAL_TARGET_NEEDED,UNKNOWN,DO_NOT_TOUCH_HIGH_TRAFFIC_URL,HIGH,68,3802,301_IF_APPROVED,NO,DRAFT_NOT_EXECUTED,Do not execute before owner approval and final target verification.
https://jus-tice.co.il/legal_informaticsartificial_intelligence,UNKNOWN_FINAL_TARGET_NEEDED,UNKNOWN,NEEDS_CLUSTER_CLASSIFICATION,MEDIUM,26,1716,301_IF_APPROVED,NO,DRAFT_NOT_EXECUTED,Do not execute before owner approval and final target verification.
https://jus-tice.co.il/legality-of-cannabis,UNKNOWN_FINAL_TARGET_NEEDED,UNKNOWN,DO_NOT_TOUCH_HIGH_TRAFFIC_URL,HIGH,50,14794,301_IF_APPROVED,NO,DRAFT_NOT_EXECUTED,Do not execute before owner approval and final target verification.
https://jus-tice.co.il/legalzoom,UNKNOWN_FINAL_TARGET_NEEDED,UNKNOWN,NEEDS_MERGE_REVIEW,LOW,1,541,301_IF_APPROVED,NO,DRAFT_NOT_EXECUTED,Do not execute before owner approval and final target verification.
https://jus-tice.co.il/liechtenstein,UNKNOWN_FINAL_TARGET_NEEDED,UNKNOWN,NEEDS_MERGE_REVIEW,MEDIUM,8,1812,301_IF_APPROVED,NO,DRAFT_NOT_EXECUTED,Do not execute before owner approval and final target verification.
https://jus-tice.co.il/lisbon-portugal,https://jus-tice.co.il/notary-foreign-needs-slug-review/,UNKNOWN,NEEDS_CONTENT_REVIEW,LOW,0,751,301_IF_APPROVED,NO,DRAFT_NOT_EXECUTED,Do not execute before owner approval and final target verification.
https://jus-tice.co.il/list-of-companies-of-portugal,https://jus-tice.co.il/notary-foreign-needs-slug-review/,UNKNOWN,NEEDS_CONTENT_REVIEW,MEDIUM,14,447,301_IF_APPROVED,NO,DRAFT_NOT_EXECUTED,Do not execute before owner approval and final target verification.
https://jus-tice.co.il/list-of-taxes-portugal,https://jus-tice.co.il/tax-law-needs-slug-review/,UNKNOWN,NEEDS_CONTENT_REVIEW,MEDIUM,26,1748,301_IF_APPROVED,NO,DRAFT_NOT_EXECUTED,Do not execute before owner approval and final target verification.
https://jus-tice.co.il/list-of-types-of-fraud,UNKNOWN_FINAL_TARGET_NEEDED,UNKNOWN,DO_NOT_TOUCH_HIGH_TRAFFIC_URL,HIGH,31,5491,301_IF_APPROVED,NO,DRAFT_NOT_EXECUTED,Do not execute before owner approval and final target verification.
https://jus-tice.co.il/litigation-strategy,UNKNOWN_FINAL_TARGET_NEEDED,UNKNOWN,NEEDS_CLUSTER_CLASSIFICATION,MEDIUM,12,1103,301_IF_APPROVED,NO,DRAFT_NOT_EXECUTED,Do not execute before owner approval and final target verification.
https://jus-tice.co.il/living-apart-together-legal-rights,UNKNOWN_FINAL_TARGET_NEEDED,UNKNOWN,DO_NOT_TOUCH_HIGH_TRAFFIC_URL,HIGH,59,11439,301_IF_APPROVED,NO,DRAFT_NOT_EXECUTED,Do not execute before owner approval and final target verification.
https://jus-tice.co.il/low-value-invest-abroad,UNKNOWN_FINAL_TARGET_NEEDED,UNKNOWN,DO_NOT_TOUCH_HIGH_TRAFFIC_URL,HIGH,128,37005,301_IF_APPROVED,NO,DRAFT_NOT_EXECUTED,Do not execute before owner approval and final target verification.
https://jus-tice.co.il/malpractice-cerebral-palsy,https://jus-tice.co.il/medical-malpractice-needs-slug-review/,UNKNOWN,NEEDS_CONTENT_REVIEW,MEDIUM,0,4887,301_IF_APPROVED,NO,DRAFT_NOT_EXECUTED,Do not execute before owner approval and final target verification.
https://jus-tice.co.il/malta-citizenship-by-investment,UNKNOWN_FINAL_TARGET_NEEDED,UNKNOWN,DO_NOT_TOUCH_HIGH_TRAFFIC_URL,HIGH,82,2712,301_IF_APPROVED,NO,DRAFT_NOT_EXECUTED,Do not execute before owner approval and final target verification.
https://jus-tice.co.il/malta-lawyers,UNKNOWN_FINAL_TARGET_NEEDED,UNKNOWN,NEEDS_CLUSTER_CLASSIFICATION,LOW,8,889,301_IF_APPROVED,NO,DRAFT_NOT_EXECUTED,Do not execute before owner approval and final target verification.
https://jus-tice.co.il/marijuana-possession-us-law,UNKNOWN_FINAL_TARGET_NEEDED,UNKNOWN,NEEDS_CLUSTER_CLASSIFICATION,MEDIUM,12,1874,301_IF_APPROVED,NO,DRAFT_NOT_EXECUTED,Do not execute before owner approval and final target verification.
https://jus-tice.co.il/marital-property-agreement,https://jus-tice.co.il/prenuptial-agreement/,UNKNOWN,DO_NOT_TOUCH_HIGH_TRAFFIC_URL,HIGH,13,8072,301_IF_APPROVED,NO,DRAFT_NOT_EXECUTED,Do not execute before owner approval and final target verification.
https://jus-tice.co.il/maximize-an-inheritance,https://jus-tice.co.il/inheritance-wills-needs-slug-review/,UNKNOWN,NEEDS_CONTENT_REVIEW,LOW,0,293,301_IF_APPROVED,NO,DRAFT_NOT_EXECUTED,Do not execute before owner approval and final target verification.
https://jus-tice.co.il/medical-fitness-tests-for-driving-marvad-info,https://jus-tice.co.il/medical-malpractice-needs-slug-review/,UNKNOWN,DO_NOT_TOUCH_HIGH_TRAFFIC_URL,HIGH,79,32854,301_IF_APPROVED,NO,DRAFT_NOT_EXECUTED,Do not execute before owner approval and final target verification.
https://jus-tice.co.il/medical-institute-for-road-safety,https://jus-tice.co.il/medical-malpractice-needs-slug-review/,UNKNOWN,NEEDS_CONTENT_REVIEW,LOW,0,78,301_IF_APPROVED,NO,DRAFT_NOT_EXECUTED,Do not execute before owner approval and final target verification.
https://jus-tice.co.il/medical-malpractice-common-errors-doctors-hospitals,https://jus-tice.co.il/medical-malpractice-lawyer/,UNKNOWN,NEEDS_CONTENT_REVIEW,MEDIUM,0,4067,301_IF_APPROVED,NO,DRAFT_NOT_EXECUTED,Do not execute before owner approval and final target verification.
https://jus-tice.co.il/medical-malpractice-in-the-united-states,https://jus-tice.co.il/medical-malpractice-needs-slug-review/,UNKNOWN,DO_NOT_TOUCH_HIGH_TRAFFIC_URL,HIGH,18,10267,301_IF_APPROVED,NO,DRAFT_NOT_EXECUTED,Do not execute before owner approval and final target verification.
https://jus-tice.co.il/medical-malpractice-lawyer,https://jus-tice.co.il/medical-malpractice-lawyer/,UNKNOWN,DO_NOT_TOUCH_HIGH_TRAFFIC_URL,HIGH,1,21948,301_IF_APPROVED,NO,DRAFT_NOT_EXECUTED,Do not execute before owner approval and final target verification.
https://jus-tice.co.il/medical-malpractice-vs-negligence-differences-israel,https://jus-tice.co.il/medical-malpractice-needs-slug-review/,UNKNOWN,NEEDS_CONTENT_REVIEW,LOW,0,25,301_IF_APPROVED,NO,DRAFT_NOT_EXECUTED,Do not execute before owner approval and final target verification.
https://jus-tice.co.il/mexico-lawyers,UNKNOWN_FINAL_TARGET_NEEDED,UNKNOWN,NEEDS_CLUSTER_CLASSIFICATION,MEDIUM,27,1167,301_IF_APPROVED,NO,DRAFT_NOT_EXECUTED,Do not execute before owner approval and final target verification.
https://jus-tice.co.il/miami-florida-lawyers,UNKNOWN_FINAL_TARGET_NEEDED,UNKNOWN,DO_NOT_TOUCH_HIGH_TRAFFIC_URL,HIGH,99,3478,301_IF_APPROVED,NO,DRAFT_NOT_EXECUTED,Do not execute before owner approval and final target verification.
https://jus-tice.co.il/ministry_of_finance_portugal,https://jus-tice.co.il/notary-foreign-needs-slug-review/,UNKNOWN,NEEDS_CONTENT_REVIEW,LOW,1,52,301_IF_APPROVED,NO,DRAFT_NOT_EXECUTED,Do not execute before owner approval and final target verification.
https://jus-tice.co.il/miranda-warning,UNKNOWN_FINAL_TARGET_NEEDED,UNKNOWN,NEEDS_CLUSTER_CLASSIFICATION,MEDIUM,18,2765,301_IF_APPROVED,NO,DRAFT_NOT_EXECUTED,Do not execute before owner approval and final target verification.
https://jus-tice.co.il/mom-full-custody,https://jus-tice.co.il/family-law-needs-slug-review/,UNKNOWN,DO_NOT_TOUCH_HIGH_TRAFFIC_URL,HIGH,9,9437,301_IF_APPROVED,NO,DRAFT_NOT_EXECUTED,Do not execute before owner approval and final target verification.
https://jus-tice.co.il/monaco-lawyer,UNKNOWN_FINAL_TARGET_NEEDED,UNKNOWN,NEEDS_CLUSTER_CLASSIFICATION,LOW,7,913,301_IF_APPROVED,NO,DRAFT_NOT_EXECUTED,Do not execute before owner approval and final target verification.
https://jus-tice.co.il/morais-leitao,https://jus-tice.co.il/notary-foreign-needs-slug-review/,UNKNOWN,NEEDS_MERGE_REVIEW,LOW,0,53,301_IF_APPROVED,NO,DRAFT_NOT_EXECUTED,Do not execute before owner approval and final target verification.
https://jus-tice.co.il/morgan-morgan,UNKNOWN_FINAL_TARGET_NEEDED,UNKNOWN,NEEDS_CLUSTER_CLASSIFICATION,MEDIUM,28,471,301_IF_APPROVED,NO,DRAFT_NOT_EXECUTED,Do not execute before owner approval and final target verification.
https://jus-tice.co.il/morocco-lawyers,UNKNOWN_FINAL_TARGET_NEEDED,UNKNOWN,NEEDS_CLUSTER_CLASSIFICATION,MEDIUM,41,1446,301_IF_APPROVED,NO,DRAFT_NOT_EXECUTED,Do not execute before owner approval and final target verification.
https://jus-tice.co.il/most-famous-murder-acquittal-cases,UNKNOWN_FINAL_TARGET_NEEDED,UNKNOWN,NEEDS_CLUSTER_CLASSIFICATION,MEDIUM,15,1145,301_IF_APPROVED,NO,DRAFT_NOT_EXECUTED,Do not execute before owner approval and final target verification.
https://jus-tice.co.il/murder-in-united-states-law,UNKNOWN_FINAL_TARGET_NEEDED,UNKNOWN,DO_NOT_TOUCH_HIGH_TRAFFIC_URL,HIGH,89,12217,301_IF_APPROVED,NO,DRAFT_NOT_EXECUTED,Do not execute before owner approval and final target verification.
https://jus-tice.co.il/music-recording-contract,UNKNOWN_FINAL_TARGET_NEEDED,UNKNOWN,NEEDS_CLUSTER_CLASSIFICATION,MEDIUM,32,1418,301_IF_APPROVED,NO,DRAFT_NOT_EXECUTED,Do not execute before owner approval and final target verification.
https://jus-tice.co.il/must-have-traits-of-a-good-family-lawyer,https://jus-tice.co.il/family-law-needs-slug-review/,UNKNOWN,NEEDS_CONTENT_REVIEW,MEDIUM,1,1346,301_IF_APPROVED,NO,DRAFT_NOT_EXECUTED,Do not execute before owner approval and final target verification.
https://jus-tice.co.il/mutual-divorce-agreement-2025,https://jus-tice.co.il/family-law-needs-slug-review/,UNKNOWN,NEEDS_CONTENT_REVIEW,LOW,0,51,301_IF_APPROVED,NO,DRAFT_NOT_EXECUTED,Do not execute before owner approval and final target verification.
https://jus-tice.co.il/new-jersey-lawyers,UNKNOWN_FINAL_TARGET_NEEDED,UNKNOWN,NEEDS_CLUSTER_CLASSIFICATION,MEDIUM,29,1408,301_IF_APPROVED,NO,DRAFT_NOT_EXECUTED,Do not execute before owner approval and final target verification.
https://jus-tice.co.il/news,UNKNOWN_FINAL_TARGET_NEEDED,UNKNOWN,NEEDS_CLUSTER_CLASSIFICATION,LOW,0,12,301_IF_APPROVED,NO,DRAFT_NOT_EXECUTED,Do not execute before owner approval and final target verification.
https://jus-tice.co.il/news/%D7%97%D7%A7%D7%99%D7%A7%D7%AA-%D7%97%D7%99%D7%A8%D7%95%D7%9D-%D7%A7%D7%95%D7%A8%D7%95%D7%A0%D7%94,UNKNOWN_FINAL_TARGET_NEEDED,UNKNOWN,NEEDS_CLUSTER_CLASSIFICATION,LOW,0,13,301_IF_APPROVED,NO,DRAFT_NOT_EXECUTED,Do not execute before owner approval and final target verification.
https://jus-tice.co.il/nolo,UNKNOWN_FINAL_TARGET_NEEDED,UNKNOWN,NEEDS_CLUSTER_CLASSIFICATION,LOW,0,126,301_IF_APPROVED,NO,DRAFT_NOT_EXECUTED,Do not execute before owner approval and final target verification.
https://jus-tice.co.il/notarial-act,UNKNOWN_FINAL_TARGET_NEEDED,UNKNOWN,NEEDS_CLUSTER_CLASSIFICATION,MEDIUM,1,1475,301_IF_APPROVED,NO,DRAFT_NOT_EXECUTED,Do not execute before owner approval and final target verification.
https://jus-tice.co.il/notary-public-florida,https://jus-tice.co.il/notary-foreign-needs-slug-review/,UNKNOWN,NEEDS_CONTENT_REVIEW,MEDIUM,27,682,301_IF_APPROVED,NO,DRAFT_NOT_EXECUTED,Do not execute before owner approval and final target verification.
https://jus-tice.co.il/notary-public-new-york,https://jus-tice.co.il/notary-foreign-needs-slug-review/,UNKNOWN,DO_NOT_TOUCH_HIGH_TRAFFIC_URL,HIGH,74,1826,301_IF_APPROVED,NO,DRAFT_NOT_EXECUTED,Do not execute before owner approval and final target verification.
https://jus-tice.co.il/notice-of-termination,UNKNOWN_FINAL_TARGET_NEEDED,UNKNOWN,DO_NOT_TOUCH_HIGH_TRAFFIC_URL,HIGH,115,21275,301_IF_APPROVED,NO,DRAFT_NOT_EXECUTED,Do not execute before owner approval and final target verification.
https://jus-tice.co.il/online-family-law-services,https://jus-tice.co.il/family-law-needs-slug-review/,UNKNOWN,DO_NOT_TOUCH_HIGH_TRAFFIC_URL,HIGH,8,7554,301_IF_APPROVED,NO,DRAFT_NOT_EXECUTED,Do not execute before owner approval and final target verification.
https://jus-tice.co.il/online-rent-agreement,UNKNOWN_FINAL_TARGET_NEEDED,UNKNOWN,DO_NOT_TOUCH_HIGH_TRAFFIC_URL,HIGH,80,1651,301_IF_APPROVED,NO,DRAFT_NOT_EXECUTED,Do not execute before owner approval and final target verification.
https://jus-tice.co.il/outline-of-tort-law,https://jus-tice.co.il/real-estate-needs-slug-review/,UNKNOWN,NEEDS_MERGE_REVIEW,LOW,2,258,301_IF_APPROVED,NO,DRAFT_NOT_EXECUTED,Do not execute before owner approval and final target verification.
https://jus-tice.co.il/panama-lawyers,UNKNOWN_FINAL_TARGET_NEEDED,UNKNOWN,NEEDS_CLUSTER_CLASSIFICATION,MEDIUM,31,1238,301_IF_APPROVED,NO,DRAFT_NOT_EXECUTED,Do not execute before owner approval and final target verification.
https://jus-tice.co.il/parental-alienation-damages16820-11-19,https://jus-tice.co.il/personal-injury-needs-slug-review/,UNKNOWN,NEEDS_CONTENT_REVIEW,MEDIUM,28,1692,301_IF_APPROVED,NO,DRAFT_NOT_EXECUTED,Do not execute before owner approval and final target verification.
https://jus-tice.co.il/paternity-fraud,UNKNOWN_FINAL_TARGET_NEEDED,UNKNOWN,NEEDS_CLUSTER_CLASSIFICATION,LOW,4,633,301_IF_APPROVED,NO,DRAFT_NOT_EXECUTED,Do not execute before owner approval and final target verification.
https://jus-tice.co.il/paul-hastings,https://jus-tice.co.il/real-estate-needs-slug-review/,UNKNOWN,NEEDS_MERGE_REVIEW,LOW,2,30,301_IF_APPROVED,NO,DRAFT_NOT_EXECUTED,Do not execute before owner approval and final target verification.
https://jus-tice.co.il/pension-insurance-complete-guide,UNKNOWN_FINAL_TARGET_NEEDED,UNKNOWN,NEEDS_CLUSTER_CLASSIFICATION,LOW,0,47,301_IF_APPROVED,NO,DRAFT_NOT_EXECUTED,Do not execute before owner approval and final target verification.
https://jus-tice.co.il/perez-llorca,https://jus-tice.co.il/notary-foreign-needs-slug-review/,UNKNOWN,NEEDS_MERGE_REVIEW,LOW,1,253,301_IF_APPROVED,NO,DRAFT_NOT_EXECUTED,Do not execute before owner approval and final target verification.
https://jus-tice.co.il/perinatal-asphyxia,https://jus-tice.co.il/medical-malpractice-needs-slug-review/,UNKNOWN,DO_NOT_TOUCH_HIGH_TRAFFIC_URL,HIGH,5,9270,301_IF_APPROVED,NO,DRAFT_NOT_EXECUTED,Do not execute before owner approval and final target verification.
https://jus-tice.co.il/personal-injury-law,https://jus-tice.co.il/personal-injury-needs-slug-review/,UNKNOWN,DO_NOT_TOUCH_HIGH_TRAFFIC_URL,HIGH,39,16429,301_IF_APPROVED,NO,DRAFT_NOT_EXECUTED,Do not execute before owner approval and final target verification.
https://jus-tice.co.il/philosophy-of-law,UNKNOWN_FINAL_TARGET_NEEDED,UNKNOWN,NEEDS_CLUSTER_CLASSIFICATION,MEDIUM,11,849,301_IF_APPROVED,NO,DRAFT_NOT_EXECUTED,Do not execute before owner approval and final target verification.
https://jus-tice.co.il/pogust-goodhead,UNKNOWN_FINAL_TARGET_NEEDED,UNKNOWN,NEEDS_CLUSTER_CLASSIFICATION,LOW,0,85,301_IF_APPROVED,NO,DRAFT_NOT_EXECUTED,Do not execute before owner approval and final target verification.
https://jus-tice.co.il/poland-lawyers,https://jus-tice.co.il/notary-foreign-needs-slug-review/,UNKNOWN,NEEDS_CONTENT_REVIEW,MEDIUM,36,4831,301_IF_APPROVED,NO,DRAFT_NOT_EXECUTED,Do not execute before owner approval and final target verification.
https://jus-tice.co.il/police-records-data-deletion,https://jus-tice.co.il/criminal-law-needs-slug-review/,UNKNOWN,DO_NOT_TOUCH_HIGH_TRAFFIC_URL,HIGH,8,34081,301_IF_APPROVED,NO,DRAFT_NOT_EXECUTED,Do not execute before owner approval and final target verification.
https://jus-tice.co.il/porto-portugal-real-estate,https://jus-tice.co.il/real-estate-needs-slug-review/,UNKNOWN,DO_NOT_TOUCH_HIGH_TRAFFIC_URL,HIGH,22,15404,301_IF_APPROVED,NO,DRAFT_NOT_EXECUTED,Do not execute before owner approval and final target verification.
https://jus-tice.co.il/portugal,https://jus-tice.co.il/notary-foreign-needs-slug-review/,UNKNOWN,DO_NOT_TOUCH_HIGH_TRAFFIC_URL,HIGH,8,5238,301_IF_APPROVED,NO,DRAFT_NOT_EXECUTED,Do not execute before owner approval and final target verification.
https://jus-tice.co.il/portugal-citizenship,https://jus-tice.co.il/notary-foreign-needs-slug-review/,UNKNOWN,DO_NOT_TOUCH_HIGH_TRAFFIC_URL,HIGH,9,9318,301_IF_APPROVED,NO,DRAFT_NOT_EXECUTED,Do not execute before owner approval and final target verification.
https://jus-tice.co.il/portugal-economy,https://jus-tice.co.il/notary-foreign-needs-slug-review/,UNKNOWN,NEEDS_CONTENT_REVIEW,MEDIUM,28,2013,301_IF_APPROVED,NO,DRAFT_NOT_EXECUTED,Do not execute before owner approval and final target verification.
https://jus-tice.co.il/portugal-golden-visa,https://jus-tice.co.il/notary-foreign-needs-slug-review/,UNKNOWN,DO_NOT_TOUCH_HIGH_TRAFFIC_URL,HIGH,4,5959,301_IF_APPROVED,NO,DRAFT_NOT_EXECUTED,Do not execute before owner approval and final target verification.
https://jus-tice.co.il/portugal-homes,https://jus-tice.co.il/notary-foreign-needs-slug-review/,UNKNOWN,NEEDS_MERGE_REVIEW,LOW,1,206,301_IF_APPROVED,NO,DRAFT_NOT_EXECUTED,Do not execute before owner approval and final target verification.
https://jus-tice.co.il/portugal-lawyers,https://jus-tice.co.il/notary-foreign-needs-slug-review/,UNKNOWN,DO_NOT_TOUCH_HIGH_TRAFFIC_URL,HIGH,65,5836,301_IF_APPROVED,NO,DRAFT_NOT_EXECUTED,Do not execute before owner approval and final target verification.
https://jus-tice.co.il/portugal-noatary,https://jus-tice.co.il/notary-foreign-needs-slug-review/,UNKNOWN,NEEDS_MERGE_REVIEW,LOW,6,537,301_IF_APPROVED,NO,DRAFT_NOT_EXECUTED,Do not execute before owner approval and final target verification.
https://jus-tice.co.il/portugal-overview-real-estate,https://jus-tice.co.il/real-estate-needs-slug-review/,UNKNOWN,NEEDS_MERGE_REVIEW,MEDIUM,0,2899,301_IF_APPROVED,NO,DRAFT_NOT_EXECUTED,Do not execute before owner approval and final target verification.
https://jus-tice.co.il/portugal-real-estate,https://jus-tice.co.il/real-estate-needs-slug-review/,UNKNOWN,DO_NOT_TOUCH_HIGH_TRAFFIC_URL,HIGH,8,7492,301_IF_APPROVED,NO,DRAFT_NOT_EXECUTED,Do not execute before owner approval and final target verification.
https://jus-tice.co.il/portugal-relocation,https://jus-tice.co.il/notary-foreign-needs-slug-review/,UNKNOWN,DO_NOT_TOUCH_HIGH_TRAFFIC_URL,HIGH,68,9851,301_IF_APPROVED,NO,DRAFT_NOT_EXECUTED,Do not execute before owner approval and final target verification.
https://jus-tice.co.il/portuguese-bar-association,UNKNOWN_FINAL_TARGET_NEEDED,UNKNOWN,NEEDS_CLUSTER_CLASSIFICATION,MEDIUM,10,1019,301_IF_APPROVED,NO,DRAFT_NOT_EXECUTED,Do not execute before owner approval and final target verification.
https://jus-tice.co.il/portuguese-nationality-law-jewish-return,UNKNOWN_FINAL_TARGET_NEEDED,UNKNOWN,NEEDS_CLUSTER_CLASSIFICATION,MEDIUM,3,1027,301_IF_APPROVED,NO,DRAFT_NOT_EXECUTED,Do not execute before owner approval and final target verification.
https://jus-tice.co.il/portuguese-people,UNKNOWN_FINAL_TARGET_NEEDED,UNKNOWN,DO_NOT_TOUCH_HIGH_TRAFFIC_URL,HIGH,38,8219,301_IF_APPROVED,NO,DRAFT_NOT_EXECUTED,Do not execute before owner approval and final target verification.
https://jus-tice.co.il/powerful-seo-tools-for-your-law-firm,UNKNOWN_FINAL_TARGET_NEEDED,UNKNOWN,NEEDS_CLUSTER_CLASSIFICATION,MEDIUM,1,3482,301_IF_APPROVED,NO,DRAFT_NOT_EXECUTED,Do not execute before owner approval and final target verification.
https://jus-tice.co.il/practice-areas/%D7%90%D7%99%D7%9B%D7%95%D7%AA-%D7%A1%D7%91%D7%99%D7%91%D7%94,UNKNOWN_FINAL_TARGET_NEEDED,UNKNOWN,NEEDS_CLUSTER_CLASSIFICATION,LOW,0,1,301_IF_APPROVED,NO,DRAFT_NOT_EXECUTED,Do not execute before owner approval and final target verification.
https://jus-tice.co.il/practice-areas/%D7%91%D7%99%D7%98%D7%95%D7%97,UNKNOWN_FINAL_TARGET_NEEDED,UNKNOWN,NEEDS_CLUSTER_CLASSIFICATION,LOW,0,65,301_IF_APPROVED,NO,DRAFT_NOT_EXECUTED,Do not execute before owner approval and final target verification.
https://jus-tice.co.il/practice-areas/%D7%91%D7%9C%D7%95%D7%A7%D7%A6%D7%99%D7%99%D7%9F-%D7%95%D7%9E%D7%98%D7%91%D7%A2%D7%95%D7%AA-%D7%A7%D7%A8%D7%99%D7%A4%D7%98%D7%95%D7%92%D7%A8%D7%A4%D7%99%D7%9D,UNKNOWN_FINAL_TARGET_NEEDED,UNKNOWN,NEEDS_CLUSTER_CLASSIFICATION,LOW,0,17,301_IF_APPROVED,NO,DRAFT_NOT_EXECUTED,Do not execute before owner approval and final target verification.
https://jus-tice.co.il/practice-areas/%D7%99%D7%A8%D7%95%D7%A9%D7%95%D7%AA-%D7%95%D7%A6%D7%95%D7%95%D7%90%D7%95%D7%AA,UNKNOWN_FINAL_TARGET_NEEDED,UNKNOWN,NEEDS_CLUSTER_CLASSIFICATION,LOW,0,1,301_IF_APPROVED,NO,DRAFT_NOT_EXECUTED,Do not execute before owner approval and final target verification.
https://jus-tice.co.il/practice-areas/%D7%9C%D7%A9%D7%95%D7%9F-%D7%94%D7%A8%D7%A2,UNKNOWN_FINAL_TARGET_NEEDED,UNKNOWN,NEEDS_CLUSTER_CLASSIFICATION,LOW,0,23,301_IF_APPROVED,NO,DRAFT_NOT_EXECUTED,Do not execute before owner approval and final target verification.
https://jus-tice.co.il/practice-areas/%D7%9E%D7%99%D7%A1%D7%99%D7%9D,UNKNOWN_FINAL_TARGET_NEEDED,UNKNOWN,NEEDS_CLUSTER_CLASSIFICATION,LOW,0,21,301_IF_APPROVED,NO,DRAFT_NOT_EXECUTED,Do not execute before owner approval and final target verification.
https://jus-tice.co.il/practice-areas/%D7%9E%D7%A9%D7%A4%D7%98-%D7%9E%D7%A0%D7%94%D7%9C%D7%99,UNKNOWN_FINAL_TARGET_NEEDED,UNKNOWN,NEEDS_CLUSTER_CLASSIFICATION,LOW,0,15,301_IF_APPROVED,NO,DRAFT_NOT_EXECUTED,Do not execute before owner approval and final target verification.
https://jus-tice.co.il/practice-areas/%D7%A2%D7%A0%D7%99%D7%99%D7%A0%D7%99-%D7%99%D7%A8%D7%95%D7%A9%D7%94,https://jus-tice.co.il/inheritance-wills-needs-slug-review/,UNKNOWN,NEEDS_CONTENT_REVIEW,LOW,0,33,301_IF_APPROVED,NO,DRAFT_NOT_EXECUTED,Do not execute before owner approval and final target verification.
https://jus-tice.co.il/practice-areas/%D7%A4%D7%99%D7%A6%D7%95%D7%99%D7%99%D7%9D,https://jus-tice.co.il/personal-injury-needs-slug-review/,UNKNOWN,NEEDS_CONTENT_REVIEW,LOW,0,5,301_IF_APPROVED,NO,DRAFT_NOT_EXECUTED,Do not execute before owner approval and final target verification.
https://jus-tice.co.il/practice-areas/%D7%A7%D7%A0%D7%99%D7%99%D7%9F-%D7%A8%D7%95%D7%97%D7%A0%D7%99,UNKNOWN_FINAL_TARGET_NEEDED,UNKNOWN,NEEDS_CLUSTER_CLASSIFICATION,LOW,0,10,301_IF_APPROVED,NO,DRAFT_NOT_EXECUTED,Do not execute before owner approval and final target verification.
https://jus-tice.co.il/practice-areas/%D7%AA%D7%95%D7%91%D7%A2%D7%A0%D7%95%D7%AA-%D7%99%D7%99%D7%A6%D7%95%D7%92%D7%99%D7%95%D7%AA,UNKNOWN_FINAL_TARGET_NEEDED,UNKNOWN,NEEDS_CLUSTER_CLASSIFICATION,LOW,2,40,301_IF_APPROVED,NO,DRAFT_NOT_EXECUTED,Do not execute before owner approval and final target verification.
https://jus-tice.co.il/prenup-attorney,https://jus-tice.co.il/prenuptial-agreement/,UNKNOWN,DO_NOT_TOUCH_HIGH_TRAFFIC_URL,HIGH,1,20894,301_IF_APPROVED,NO,DRAFT_NOT_EXECUTED,Do not execute before owner approval and final target verification.
https://jus-tice.co.il/prenup-not-valid,UNKNOWN_FINAL_TARGET_NEEDED,UNKNOWN,NEEDS_CLUSTER_CLASSIFICATION,LOW,4,225,301_IF_APPROVED,NO,DRAFT_NOT_EXECUTED,Do not execute before owner approval and final target verification.
https://jus-tice.co.il/prenuptial-agreement-for-second-marriage,https://jus-tice.co.il/prenuptial-agreement/,UNKNOWN,NEEDS_MERGE_REVIEW,LOW,0,861,301_IF_APPROVED,NO,DRAFT_NOT_EXECUTED,Do not execute before owner approval and final target verification.
https://jus-tice.co.il/prenuptial-agreement-sample,https://jus-tice.co.il/family-law-needs-slug-review/,UNKNOWN,DO_NOT_TOUCH_HIGH_TRAFFIC_URL,HIGH,17,6284,301_IF_APPROVED,NO,DRAFT_NOT_EXECUTED,Do not execute before owner approval and final target verification.
https://jus-tice.co.il/prenuptial-agreements-overview,https://jus-tice.co.il/prenuptial-agreement/,UNKNOWN,DO_NOT_TOUCH_HIGH_TRAFFIC_URL,HIGH,1,19833,301_IF_APPROVED,NO,DRAFT_NOT_EXECUTED,Do not execute before owner approval and final target verification.
https://jus-tice.co.il/preparing-for-law-school,UNKNOWN_FINAL_TARGET_NEEDED,UNKNOWN,NEEDS_CLUSTER_CLASSIFICATION,MEDIUM,7,1601,301_IF_APPROVED,NO,DRAFT_NOT_EXECUTED,Do not execute before owner approval and final target verification.
https://jus-tice.co.il/property-investment-calculator,https://jus-tice.co.il/real-estate-needs-slug-review/,UNKNOWN,NEEDS_MERGE_REVIEW,MEDIUM,4,1753,301_IF_APPROVED,NO,DRAFT_NOT_EXECUTED,Do not execute before owner approval and final target verification.
https://jus-tice.co.il/property-management,UNKNOWN_FINAL_TARGET_NEEDED,UNKNOWN,NEEDS_CLUSTER_CLASSIFICATION,LOW,2,255,301_IF_APPROVED,NO,DRAFT_NOT_EXECUTED,Do not execute before owner approval and final target verification.
https://jus-tice.co.il/prosecutor,UNKNOWN_FINAL_TARGET_NEEDED,UNKNOWN,NEEDS_CLUSTER_CLASSIFICATION,MEDIUM,11,3059,301_IF_APPROVED,NO,DRAFT_NOT_EXECUTED,Do not execute before owner approval and final target verification.
https://jus-tice.co.il/psakdin,UNKNOWN_FINAL_TARGET_NEEDED,UNKNOWN,NEEDS_MERGE_REVIEW,LOW,3,555,301_IF_APPROVED,NO,DRAFT_NOT_EXECUTED,Do not execute before owner approval and final target verification.
https://jus-tice.co.il/psakdin/%D7%90%D7%95%D7%9E%D7%93%D7%9F-%D7%A4%D7%99%D7%A6%D7%95%D7%99%D7%99%D7%9D-%D7%9C%D7%A0%D7%A4%D7%92%D7%A2-%D7%AA%D7%90%D7%95%D7%A0%D7%AA-%D7%93%D7%A8%D7%9B%D7%99%D7%9D-%D7%9E%D7%AA%D7%99-%D7%AA%D7%A9,https://jus-tice.co.il/car-accident-lawyer/,UNKNOWN,NEEDS_CONTENT_REVIEW,LOW,7,799,301_IF_APPROVED,NO,DRAFT_NOT_EXECUTED,Do not execute before owner approval and final target verification.
https://jus-tice.co.il/psakdin/%D7%90%D7%99%D7%9E%D7%95%D7%A5-%D7%99%D7%9C%D7%93-%D7%9E%D7%90%D7%95%D7%A7%D7%A8%D7%90%D7%99%D7%A0%D7%94-%D7%AA%D7%91%D7%99%D7%A2%D7%AA-%D7%A0%D7%96%D7%99%D7%A7%D7%99%D7%9F-%D7%91%D7%92%D7%99%D7%9F,https://jus-tice.co.il/criminal-law-needs-slug-review/,UNKNOWN,NEEDS_MERGE_REVIEW,MEDIUM,31,2984,301_IF_APPROVED,NO,DRAFT_NOT_EXECUTED,Do not execute before owner approval and final target verification.
https://jus-tice.co.il/psakdin/%D7%90%D7%99-%D7%94%D7%A8%D7%A9%D7%A2%D7%94-%D7%94%D7%91%D7%A8%D7%97%D7%AA-%D7%98%D7%9C%D7%A4%D7%95%D7%A0%D7%99%D7%9D-%D7%9E%D7%90%D7%99%D7%9C%D7%AA-%D7%9C%D7%9C%D7%90-%D7%9E%D7%A2%D7%9E,UNKNOWN_FINAL_TARGET_NEEDED,UNKNOWN,NEEDS_CLUSTER_CLASSIFICATION,LOW,1,856,301_IF_APPROVED,NO,DRAFT_NOT_EXECUTED,Do not execute before owner approval and final target verification.
https://jus-tice.co.il/psakdin/%D7%91%D7%99%D7%98%D7%95%D7%9C-%D7%A6%D7%95%D7%95%D7%90%D7%94-%D7%9E%D7%90%D7%95%D7%97%D7%A8%D7%AA-%D7%91%D7%A9%D7%9C-%D7%94%D7%A9%D7%A4%D7%A2%D7%94-%D7%91%D7%9C%D7%AA%D7%99-%D7%94%D7%95%D7%92%D7%A0,https://jus-tice.co.il/will/,UNKNOWN,NEEDS_CONTENT_REVIEW,MEDIUM,13,1840,301_IF_APPROVED,NO,DRAFT_NOT_EXECUTED,Do not execute before owner approval and final target verification.
https://jus-tice.co.il/psakdin/%D7%91%D7%99%D7%98%D7%95%D7%9C-%D7%A6%D7%95-%D7%A1%D7%92%D7%99%D7%A8%D7%94-%D7%9C%D7%A2%D7%A1%D7%A7-%D7%9C%D7%A4%D7%99-%D7%A1%D7%A2%D7%99%D7%A3-22%D7%91-%D7%9C%D7%97%D7%95%D7%A7-%D7%A8%D7%99%D7%A9,https://jus-tice.co.il/traffic-law-needs-slug-review/,UNKNOWN,NEEDS_CONTENT_REVIEW,MEDIUM,27,1760,301_IF_APPROVED,NO,DRAFT_NOT_EXECUTED,Do not execute before owner approval and final target verification.
https://jus-tice.co.il/psakdin/%D7%91%D7%A2%D7%9D-919-15-%D7%94%D7%9C%D7%9B%D7%AA-%D7%94%D7%9E%D7%96%D7%95%D7%A0%D7%95%D7%AA-%D7%94%D7%97%D7%93%D7%A9%D7%94,https://jus-tice.co.il/child-support/,UNKNOWN,NEEDS_CONTENT_REVIEW,MEDIUM,4,3622,301_IF_APPROVED,NO,DRAFT_NOT_EXECUTED,Do not execute before owner approval and final target verification.
https://jus-tice.co.il/psakdin/%D7%91%D7%A7%D7%A9%D7%94-%D7%9C%D7%90%D7%99%D7%A9%D7%95%D7%A8-%D7%94%D7%A1%D7%93%D7%A8-%D7%97%D7%95%D7%91-%D7%95%D7%91%D7%A7%D7%A9%D7%95%D7%AA-%D7%9C%D7%9E%D7%AA%D7%9F-%D7%A6%D7%95-%D7%9C%D7%A4%D7%AA,UNKNOWN_FINAL_TARGET_NEEDED,UNKNOWN,NEEDS_CLUSTER_CLASSIFICATION,MEDIUM,11,1105,301_IF_APPROVED,NO,DRAFT_NOT_EXECUTED,Do not execute before owner approval and final target verification.
https://jus-tice.co.il/psakdin/%D7%91%D7%AA%D7%99-%D7%9E%D7%A9%D7%A4%D7%98-%D7%A0%D7%95%D7%94%D7%9C-%D7%97%D7%99%D7%A1%D7%99%D7%95%D7%9F-%D7%AA%D7%99%D7%A7%D7%99%D7%9D,UNKNOWN_FINAL_TARGET_NEEDED,UNKNOWN,DO_NOT_TOUCH_HIGH_TRAFFIC_URL,HIGH,63,3408,301_IF_APPROVED,NO,DRAFT_NOT_EXECUTED,Do not execute before owner approval and final target verification.
https://jus-tice.co.il/psakdin/%D7%92%D7%99%D7%93%D7%95%D7%9C-%D7%94%D7%95%D7%9F-%D7%91%D7%9C%D7%AA%D7%99-%D7%9E%D7%95%D7%A1%D7%91%D7%A8-%D7%9E%D7%A1-%D7%94%D7%9B%D7%A0%D7%A1%D7%94,https://jus-tice.co.il/tax-law-needs-slug-review/,UNKNOWN,NEEDS_CONTENT_REVIEW,MEDIUM,14,269,301_IF_APPROVED,NO,DRAFT_NOT_EXECUTED,Do not execute before owner approval and final target verification.
https://jus-tice.co.il/psakdin/%D7%93%D7%97%D7%99%D7%99%D7%AA-%D7%91%D7%A7%D7%A9%D7%94-%D7%9C%D7%AA%D7%99%D7%A7%D7%95%D7%9F-%D7%9B%D7%AA%D7%91-%D7%AA%D7%91%D7%99%D7%A2%D7%94-%D7%A9%D7%9B%D7%A0%D7%92%D7%93-%D7%9C%D7%A4%D7%99-%D7%AA,UNKNOWN_FINAL_TARGET_NEEDED,UNKNOWN,NEEDS_CLUSTER_CLASSIFICATION,MEDIUM,28,2876,301_IF_APPROVED,NO,DRAFT_NOT_EXECUTED,Do not execute before owner approval and final target verification.
https://jus-tice.co.il/psakdin/%D7%93%D7%99%D7%95%D7%9F-%D7%A0%D7%95%D7%A1%D7%A3-%D7%A4%D7%A1%D7%93-%D7%94%D7%91%D7%95%D7%92%D7%93%D7%AA-%D7%93%D7%A0%D7%92%D7%A5-8537-18-%D7%A4%D7%9C%D7%95%D7%A0%D7%99-%D7%A0-%D7%91%D7%99,https://jus-tice.co.il/legal-database-rulings-needs-slug-review/,UNKNOWN,NEEDS_CONTENT_REVIEW,MEDIUM,12,1830,301_IF_APPROVED,NO,DRAFT_NOT_EXECUTED,Do not execute before owner approval and final target verification.
https://jus-tice.co.il/psakdin/%D7%94%D7%92%D7%91%D7%9C%D7%94-%D7%A2%D7%9C-%D7%9E%D7%A1%D7%99%D7%A8%D7%AA-%D7%9E%D7%99%D7%93%D7%A2-%D7%9E%D7%94%D7%9E%D7%A8%D7%A9%D7%9D-%D7%94%D7%A4%D7%9C%D7%99%D7%9C%D7%99-%D7%95%D7%A7%D7%99%D7%A6%D7%95%D7%A8-%D7%AA%D7%A7%D7%95%D7%A4%D7%AA-%D7%94%D7%A8%D7%99%D7%A9%D7%95%D7%9D,https://jus-tice.co.il/criminal-law-needs-slug-review/,UNKNOWN,NEEDS_CONTENT_REVIEW,LOW,1,996,301_IF_APPROVED,NO,DRAFT_NOT_EXECUTED,Do not execute before owner approval and final target verification.
https://jus-tice.co.il/psakdin/%D7%94%D7%95%D7%93%D7%A2%D7%94-%D7%A2%D7%9C-%D7%A7%D7%91%D7%99%D7%A2%D7%AA-%D7%9E%D7%A7%D7%95%D7%9D-%D7%9C%D7%91%D7%99%D7%93%D7%95%D7%93-18-03-2020,UNKNOWN_FINAL_TARGET_NEEDED,UNKNOWN,NEEDS_CLUSTER_CLASSIFICATION,LOW,0,4,301_IF_APPROVED,NO,DRAFT_NOT_EXECUTED,Do not execute before owner approval and final target verification.
https://jus-tice.co.il/psakdin/%D7%94%D7%95%D7%A8%D7%90%D7%95%D7%AA-%D7%97%D7%99%D7%A8%D7%95%D7%9D-%D7%A0%D7%92%D7%99%D7%A3-%D7%94%D7%A7%D7%95%D7%A8%D7%95%D7%A0%D7%94-%D7%9E%D7%A0%D7%99%D7%A2%D7%AA-%D7%9B%D7%A0%D7%99%D7%A1%D7%AA,UNKNOWN_FINAL_TARGET_NEEDED,UNKNOWN,NEEDS_CLUSTER_CLASSIFICATION,LOW,0,25,301_IF_APPROVED,NO,DRAFT_NOT_EXECUTED,Do not execute before owner approval and final target verification.
https://jus-tice.co.il/psakdin/%D7%94%D7%97%D7%9C%D7%98%D7%94-%D7%91%D7%91%D7%A7%D7%A9%D7%AA-%D7%94%D7%A1%D7%92%D7%A8%D7%94-%D7%91%D7%92%D7%99%D7%9F-%D7%A2%D7%91%D7%99%D7%A8%D7%95%D7%AA-%D7%A9%D7%9C-%D7%A7%D7%91%D7%9C%D7%AA-%D7%93,UNKNOWN_FINAL_TARGET_NEEDED,UNKNOWN,NEEDS_CLUSTER_CLASSIFICATION,MEDIUM,6,3256,301_IF_APPROVED,NO,DRAFT_NOT_EXECUTED,Do not execute before owner approval and final target verification.
https://jus-tice.co.il/psakdin/%D7%94%D7%97%D7%9C%D7%AA-%D7%A4%D7%A8%D7%A7-%D7%93-%D7%9C%D7%97%D7%95%D7%A7-%D7%A9%D7%99%D7%A8%D7%95%D7%AA-%D7%A2%D7%91%D7%95%D7%93%D7%94-%D7%91%D7%A9%D7%A2%D7%AA-%D7%97%D7%99%D7%A8%D7%95%D7%9D,https://jus-tice.co.il/employment-law-needs-slug-review/,UNKNOWN,NEEDS_CONTENT_REVIEW,LOW,3,500,301_IF_APPROVED,NO,DRAFT_NOT_EXECUTED,Do not execute before owner approval and final target verification.
https://jus-tice.co.il/psakdin/%D7%94%D7%98%D7%99%D7%A4%D7%95%D7%9C-%D7%91%D7%A0%D7%A4%D7%92%D7%A2%D7%99-%D7%A2%D7%91%D7%99%D7%A8%D7%95%D7%AA-%D7%9E%D7%99%D7%9F-%D7%91%D7%94%D7%9C%D7%99%D7%9A-%D7%94%D7%A4%D7%9C%D7%99%D7%9C%D7%99,https://jus-tice.co.il/sex-offenses/,UNKNOWN,DO_NOT_TOUCH_HIGH_TRAFFIC_URL,HIGH,46,10551,301_IF_APPROVED,NO,DRAFT_NOT_EXECUTED,Do not execute before owner approval and final target verification.
https://jus-tice.co.il/psakdin/%D7%94%D7%99%D7%95%D7%A2%D7%9E%D7%A9-%D7%90%D7%99%D7%A9%D7%A8-%D7%AA%D7%97%D7%9C%D7%99%D7%A3-%D7%92%D7%A0%D7%A8%D7%99-%D7%9C%D7%A7%D7%9C%D7%98%D7%A8%D7%94-%D7%AA%D7%A8%D7%95%D7%A4%D7%94-%D7%90%D7%A0,UNKNOWN_FINAL_TARGET_NEEDED,UNKNOWN,NEEDS_MERGE_REVIEW,LOW,3,308,301_IF_APPROVED,NO,DRAFT_NOT_EXECUTED,Do not execute before owner approval and final target verification.
https://jus-tice.co.il/psakdin/%D7%94%D7%9C%D7%99%D7%9B%D7%99-%D7%92%D7%99%D7%A8%D7%95%D7%A9%D7%99%D7%9F-%D7%9E%D7%91%D7%97%D7%9F-%D7%94%D7%96%D7%99%D7%A7%D7%95%D7%AA-%D7%98%D7%A2%D7%A0%D7%94-%D7%9B%D7%99-%D7%91%D7%99%D7%9E,https://jus-tice.co.il/divorce-mediation/,UNKNOWN,NEEDS_MERGE_REVIEW,MEDIUM,9,1025,301_IF_APPROVED,NO,DRAFT_NOT_EXECUTED,Do not execute before owner approval and final target verification.
https://jus-tice.co.il/psakdin/%D7%94%D7%9C%D7%9B%D7%AA-%D7%90%D7%9C%D7%A7%D7%A6%D7%90%D7%A6%D7%99-%D7%9E%D7%A9%D7%9A-%D7%94%D7%94%D7%9E%D7%AA%D7%A0%D7%94-%D7%9E%D7%91%D7%99%D7%98%D7%95%D7%9C-%D7%94%D7%9C%D7%99%D7%9A-%D7%A4%D7%A9,UNKNOWN_FINAL_TARGET_NEEDED,UNKNOWN,DO_NOT_TOUCH_HIGH_TRAFFIC_URL,HIGH,55,3681,301_IF_APPROVED,NO,DRAFT_NOT_EXECUTED,Do not execute before owner approval and final target verification.
https://jus-tice.co.il/psakdin/%D7%94%D7%A0%D7%93%D7%95%D7%9F-%D7%94%D7%9E%D7%9C%D7%A6%D7%94-%D7%9C%D7%92%D7%99%D7%A8%D7%95%D7%A9%D7%99%D7%9F,https://jus-tice.co.il/family-law-needs-slug-review/,UNKNOWN,NEEDS_CONTENT_REVIEW,LOW,4,781,301_IF_APPROVED,NO,DRAFT_NOT_EXECUTED,Do not execute before owner approval and final target verification.
https://jus-tice.co.il/psakdin/%D7%94%D7%A1%D7%9B%D7%9D-%D7%9C%D7%AA%D7%A4%D7%99%D7%A1%D7%AA-%D7%A8%D7%9B%D7%95%D7%A9-%D7%91%D7%A6%D7%95-%D7%96%D7%9E%D7%A0%D7%99-%D7%94%D7%A0%D7%9B%D7%A8%D7%AA-%D7%91%D7%A9%D7%9C%D7%91-%D7%94%D7%97,UNKNOWN_FINAL_TARGET_NEEDED,UNKNOWN,NEEDS_CLUSTER_CLASSIFICATION,LOW,5,350,301_IF_APPROVED,NO,DRAFT_NOT_EXECUTED,Do not execute before owner approval and final target verification.
https://jus-tice.co.il/psakdin/%D7%94%D7%A4%D7%A8%D7%AA-%D7%97%D7%95%D7%A7-%D7%94%D7%9B%D7%A0%D7%99%D7%A1%D7%94-%D7%9C%D7%99%D7%A9%D7%A8%D7%90%D7%9C-%D7%93%D7%A8%D7%9A-%D7%A0%D7%AA%D7%91%D7%92,UNKNOWN_FINAL_TARGET_NEEDED,UNKNOWN,NEEDS_CLUSTER_CLASSIFICATION,LOW,2,494,301_IF_APPROVED,NO,DRAFT_NOT_EXECUTED,Do not execute before owner approval and final target verification.
https://jus-tice.co.il/psakdin/%D7%94%D7%A7%D7%9C%D7%95%D7%AA-%D7%9E%D7%A1-%D7%95%D7%99%D7%A8%D7%95%D7%A1-%D7%A7%D7%95%D7%A8%D7%95%D7%A0%D7%94-%D7%94%D7%90%D7%A8%D7%9B%D7%AA-%D7%AA%D7%95%D7%A7%D7%A3-%D7%90%D7%99%D7%A9%D7%95,https://jus-tice.co.il/tax-law-needs-slug-review/,UNKNOWN,NEEDS_CONTENT_REVIEW,LOW,0,29,301_IF_APPROVED,NO,DRAFT_NOT_EXECUTED,Do not execute before owner approval and final target verification.
https://jus-tice.co.il/psakdin/%D7%94%D7%AA%D7%A0%D7%92%D7%93%D7%95%D7%AA-%D7%9C%D7%A6%D7%95%D7%95%D7%90%D7%94-%D7%91%D7%A9%D7%9C-%D7%94%D7%A9%D7%A4%D7%A2%D7%94-%D7%91%D7%9C%D7%AA%D7%99-%D7%94%D7%95%D7%92%D7%A0%D7%AA,https://jus-tice.co.il/will/,UNKNOWN,DO_NOT_TOUCH_HIGH_TRAFFIC_URL,HIGH,8,5570,301_IF_APPROVED,NO,DRAFT_NOT_EXECUTED,Do not execute before owner approval and final target verification.
https://jus-tice.co.il/psakdin/%D7%97%D7%95%D7%A7-%D7%94%D7%9B%D7%A9%D7%A8%D7%95%D7%AA-%D7%94%D7%9E%D7%A9%D7%A4%D7%98%D7%99%D7%AA-%D7%95%D7%94%D7%90%D7%A4%D7%95%D7%98%D7%A8%D7%95%D7%A4%D7%A1%D7%95%D7%AA-%D7%AA%D7%A9%D7%9B%D7%91-1962,https://jus-tice.co.il/family-law-needs-slug-review/,UNKNOWN,NEEDS_CONTENT_REVIEW,LOW,0,801,301_IF_APPROVED,NO,DRAFT_NOT_EXECUTED,Do not execute before owner approval and final target verification.
https://jus-tice.co.il/psakdin/%D7%97%D7%95%D7%A7-%D7%94%D7%9B%D7%A9%D7%A8%D7%95%D7%AA-%D7%94%D7%9E%D7%A9%D7%A4%D7%98%D7%99%D7%AA-%D7%95%D7%94%D7%90%D7%A4%D7%95%D7%98%D7%A8%D7%95%D7%A4%D7%A1%D7%95%D7%AA-%D7%AA%D7%A9%D7%9B%D7%91-1962/feed,UNKNOWN_FINAL_TARGET_NEEDED,UNKNOWN,NEEDS_CLUSTER_CLASSIFICATION,LOW,0,110,301_IF_APPROVED,NO,DRAFT_NOT_EXECUTED,Do not execute before owner approval and final target verification.
https://jus-tice.co.il/psakdin/%D7%97%D7%95%D7%A7-%D7%96%D7%9B%D7%95%D7%AA-%D7%99%D7%95%D7%A6%D7%A8%D7%99%D7%9D-%D7%94%D7%AA%D7%A9%D7%A1%D7%97-2007,UNKNOWN_FINAL_TARGET_NEEDED,UNKNOWN,DO_NOT_TOUCH_HIGH_TRAFFIC_URL,HIGH,25,5601,301_IF_APPROVED,NO,DRAFT_NOT_EXECUTED,Do not execute before owner approval and final target verification.
https://jus-tice.co.il/psakdin/%D7%97%D7%95%D7%A7-%D7%A9%D7%99%D7%A8%D7%95%D7%AA-%D7%94%D7%91%D7%99%D7%98%D7%97%D7%95%D7%9F-%D7%94%D7%9B%D7%9C%D7%9C%D7%99-%D7%94%D7%AA%D7%A9%D7%A1%D7%B4%D7%91-2002,UNKNOWN_FINAL_TARGET_NEEDED,UNKNOWN,NEEDS_CLUSTER_CLASSIFICATION,LOW,4,534,301_IF_APPROVED,NO,DRAFT_NOT_EXECUTED,Do not execute before owner approval and final target verification.
https://jus-tice.co.il/psakdin/%D7%97%D7%99%D7%95%D7%91-%D7%90%D7%9D-%D7%91%D7%9E%D7%96%D7%95%D7%A0%D7%95%D7%AA-%D7%AA%D7%91%D7%99%D7%A2%D7%94-%D7%9C%D7%9E%D7%96%D7%95%D7%A0%D7%95%D7%AA-%D7%95%D7%94%D7%97%D7%96%D7%A8-%D7%9B%D7%A1,https://jus-tice.co.il/child-support/,UNKNOWN,DO_NOT_TOUCH_HIGH_TRAFFIC_URL,HIGH,5,5164,301_IF_APPROVED,NO,DRAFT_NOT_EXECUTED,Do not execute before owner approval and final target verification.
https://jus-tice.co.il/psakdin/%D7%97%D7%99%D7%95%D7%91-%D7%A2%D7%95%D7%A8%D7%9B%D7%AA-%D7%93%D7%99%D7%9F-%D7%91%D7%A4%D7%99%D7%A6%D7%95%D7%99-%D7%9C%D7%A7%D7%95%D7%97%D7%95%D7%AA-%D7%91%D7%92%D7%99%D7%9F-%D7%90%D7%99-%D7%99%D7%99,UNKNOWN_FINAL_TARGET_NEEDED,UNKNOWN,NEEDS_CLUSTER_CLASSIFICATION,MEDIUM,11,1424,301_IF_APPROVED,NO,DRAFT_NOT_EXECUTED,Do not execute before owner approval and final target verification.
https://jus-tice.co.il/psakdin/%D7%97%D7%99%D7%9C%D7%95%D7%98-%D7%A8%D7%9B%D7%91-%D7%9E%D7%96%D7%A8%D7%90%D7%98%D7%99-%D7%A2%D7%91%D7%99%D7%A8%D7%94-%D7%A9%D7%9C-%D7%A0%D7%94%D7%99%D7%92%D7%94-%D7%91%D7%96%D7%9E%D7%9F-%D7%A4,https://jus-tice.co.il/traffic-law-needs-slug-review/,UNKNOWN,NEEDS_CONTENT_REVIEW,MEDIUM,15,1804,301_IF_APPROVED,NO,DRAFT_NOT_EXECUTED,Do not execute before owner approval and final target verification.
https://jus-tice.co.il/psakdin/%D7%97%D7%99%D7%A0%D7%95%D7%9A-%D7%94%D7%99%D7%9C%D7%93%D7%99%D7%9D-%D7%91%D7%9E%D7%95%D7%A1%D7%93-%D7%A9%D7%9C-%D7%90%D7%99%D7%96%D7%94-%D7%96%D7%A8%D7%9D-%D7%93%D7%AA%D7%99-%D7%99%D7%AA%D7%97%D7%A0,UNKNOWN_FINAL_TARGET_NEEDED,UNKNOWN,NEEDS_MERGE_REVIEW,MEDIUM,12,842,301_IF_APPROVED,NO,DRAFT_NOT_EXECUTED,Do not execute before owner approval and final target verification.
https://jus-tice.co.il/psakdin/%D7%97%D7%9C%D7%95%D7%A7%D7%AA-%D7%93%D7%99%D7%A8%D7%94-%D7%9C%D7%A4%D7%99-%D7%A8%D7%99%D7%A9%D7%95%D7%9D-%D7%9C%D7%90-%D7%A9%D7%95%D7%95%D7%99%D7%95%D7%A0%D7%99-%D7%A2%D7%9C-%D7%A4%D7%99-%D7%94%D7%A1,https://jus-tice.co.il/real-estate-needs-slug-review/,UNKNOWN,NEEDS_CONTENT_REVIEW,MEDIUM,12,701,301_IF_APPROVED,NO,DRAFT_NOT_EXECUTED,Do not execute before owner approval and final target verification.
https://jus-tice.co.il/psakdin/%D7%9E%D7%90%D7%92%D7%A8-%D7%9E%D7%99%D7%93%D7%A2-%D7%A8%D7%A9%D7%9C%D7%A0%D7%95%D7%AA-%D7%A8%D7%A4%D7%95%D7%90%D7%99%D7%AA,https://jus-tice.co.il/medical-malpractice-lawyer/,UNKNOWN,NEEDS_MERGE_REVIEW,LOW,0,61,301_IF_APPROVED,NO,DRAFT_NOT_EXECUTED,Do not execute before owner approval and final target verification.
https://jus-tice.co.il/psakdin/%D7%9E%D7%94-%D7%A2%D7%95%D7%A9%D7%99%D7%9D-%D7%A2%D7%95%D7%A8%D7%9A%D7%99-%D7%93%D7%99%D7%9F-%D7%91%D7%91%D7%99%D7%AA-%D7%94%D7%9E%D7%A9%D7%A4%D7%98-%D7%95%D7%9E%D7%94%D7%9D-%D7%97%D7%95%D7%9E,https://jus-tice.co.il/legal-database-rulings-needs-slug-review/,UNKNOWN,NEEDS_CONTENT_REVIEW,LOW,0,1,301_IF_APPROVED,NO,DRAFT_NOT_EXECUTED,Do not execute before owner approval and final target verification.
https://jus-tice.co.il/psakdin/%D7%9E%D7%94-%D7%A2%D7%95%D7%A9%D7%99%D7%9D-%D7%A2%D7%95%D7%A8%D7%9B%D7%99-%D7%93%D7%99%D7%9F-%D7%91%D7%91%D7%99%D7%AA-%D7%94%D7%9E%D7%A9%D7%A4%D7%98-%D7%95%D7%9E%D7%94%D7%9D-%D7%AA%D7%97%D7%95%D7%9E,https://jus-tice.co.il/legal-database-rulings-needs-slug-review/,UNKNOWN,NEEDS_CONTENT_REVIEW,MEDIUM,3,2379,301_IF_APPROVED,NO,DRAFT_NOT_EXECUTED,Do not execute before owner approval and final target verification.
https://jus-tice.co.il/psakdin/%D7%9E%D7%A9%D7%9E%D7%95%D7%A8%D7%AA-%D7%9E%D7%96%D7%95%D7%A0%D7%95%D7%AA-%D7%94%D7%94%D7%9C%D7%9B%D7%94-%D7%94%D7%97%D7%93%D7%A9%D7%94-%D7%91%D7%9E%D7%96%D7%95%D7%A0%D7%95%D7%AA-919-15,https://jus-tice.co.il/child-support/,UNKNOWN,NEEDS_CONTENT_REVIEW,LOW,2,999,301_IF_APPROVED,NO,DRAFT_NOT_EXECUTED,Do not execute before owner approval and final target verification.
https://jus-tice.co.il/psakdin/%D7%A0%D7%92%D7%99%D7%A3-%D7%94%D7%A7%D7%95%D7%A8%D7%95%D7%A0%D7%94-%D7%91%D7%92%D7%A6-%D7%A7%D7%95%D7%91%D7%A2-%D7%A6%D7%95-%D7%91%D7%99%D7%A0%D7%99%D7%99%D7%9D-%D7%9B%D7%A0%D7%92%D7%93-%D7%AA,UNKNOWN_FINAL_TARGET_NEEDED,UNKNOWN,NEEDS_CLUSTER_CLASSIFICATION,LOW,2,589,301_IF_APPROVED,NO,DRAFT_NOT_EXECUTED,Do not execute before owner approval and final target verification.
https://jus-tice.co.il/psakdin/%D7%A0%D7%92%D7%99%D7%A3-%D7%94%D7%A7%D7%95%D7%A8%D7%95%D7%A0%D7%94-%D7%94%D7%A2%D7%A1%D7%A7%D7%AA-%D7%A2%D7%95%D7%91%D7%93%D7%99%D7%9D-%D7%91%D7%A9%D7%A2%D7%95%D7%AA-%D7%A0%D7%95%D7%A1%D7%A4%D7%95,https://jus-tice.co.il/employment-law-needs-slug-review/,UNKNOWN,NEEDS_CONTENT_REVIEW,LOW,0,60,301_IF_APPROVED,NO,DRAFT_NOT_EXECUTED,Do not execute before owner approval and final target verification.
https://jus-tice.co.il/psakdin/%D7%A0%D7%98%D7%9C-%D7%94%D7%94%D7%95%D7%9B%D7%97%D7%94-%D7%9C%D7%A7%D7%99%D7%95%D7%9E%D7%95-%D7%A9%D7%9C-%D7%A1%D7%99%D7%99%D7%92-%D7%9C%D7%90%D7%97%D7%A8%D7%99%D7%95%D7%AA-%D7%A4%D7%9C%D7%99%D7%9C,UNKNOWN_FINAL_TARGET_NEEDED,UNKNOWN,NEEDS_CLUSTER_CLASSIFICATION,MEDIUM,17,995,301_IF_APPROVED,NO,DRAFT_NOT_EXECUTED,Do not execute before owner approval and final target verification.
https://jus-tice.co.il/psakdin/%D7%A0%D7%99%D7%A8-%D7%97%D7%A4%D7%A5-%D7%A0%D7%92%D7%93-%D7%90%D7%9E%D7%99%D7%A8-%D7%90%D7%95%D7%97%D7%A0%D7%94-%D7%AA%D7%91%D7%99%D7%A2%D7%AA-%D7%9C%D7%A9%D7%95%D7%9F-%D7%94%D7%A8%D7%A2-%D7%94%D7%92%D7%A0%D7%AA-%D7%A4%D7%A8%D7%98%D7%99%D7%95%D7%AA-%D7%94%D7%A1%D7%A8%D7%AA-%D7%97%D7%A1%D7%99%D7%A0%D7%95%D7%AA,https://jus-tice.co.il/cyber-privacy-needs-slug-review/,UNKNOWN,NEEDS_CONTENT_REVIEW,LOW,3,517,301_IF_APPROVED,NO,DRAFT_NOT_EXECUTED,Do not execute before owner approval and final target verification.
https://jus-tice.co.il/psakdin/%D7%A0%D7%AA%D7%A0%D7%99%D7%94%D7%95-%D7%9E%D7%9C%D7%99%D7%A7%D7%95%D7%91%D7%A1%D7%A7%D7%99-%D7%A2%D7%99%D7%A7%D7%A8%D7%99-%D7%A0%D7%99%D7%9E%D7%95%D7%A7%D7%99-%D7%94%D7%99%D7%95%D7%A2%D7%9E%D7%A9,UNKNOWN_FINAL_TARGET_NEEDED,UNKNOWN,NEEDS_CLUSTER_CLASSIFICATION,LOW,3,440,301_IF_APPROVED,NO,DRAFT_NOT_EXECUTED,Do not execute before owner approval and final target verification.
https://jus-tice.co.il/psakdin/%D7%A2%D7%95%D7%A0%D7%A9-%D7%94%D7%97%D7%96%D7%A7%D7%AA-%D7%A7%D7%A0%D7%90%D7%91%D7%99%D7%A1-%D7%99%D7%99%D7%A6%D7%95%D7%A8-%D7%94%D7%9B%D7%A0%D7%94-%D7%95%D7%94%D7%A4%D7%A7%D7%94-%D7%A9%D7%9C-%D7%A1%D7%9D-%D7%95%D7%A2%D7%95%D7%93,https://jus-tice.co.il/criminal-law-needs-slug-review/,UNKNOWN,NEEDS_CONTENT_REVIEW,MEDIUM,11,3168,301_IF_APPROVED,NO,DRAFT_NOT_EXECUTED,Do not execute before owner approval and final target verification.
https://jus-tice.co.il/psakdin/%D7%A2%D7%95%D7%A0%D7%A9-%D7%9E%D7%90%D7%A1%D7%A8-%D7%A4%D7%92%D7%A2-%D7%95%D7%91%D7%A8%D7%97-%D7%92%D7%A8%D7%99%D7%9E%D7%AA-%D7%9E%D7%95%D7%95%D7%AA-%D7%91%D7%A8%D7%A9%D7%9C%D7%A0%D7%95%D7%AA,UNKNOWN_FINAL_TARGET_NEEDED,UNKNOWN,DO_NOT_TOUCH_HIGH_TRAFFIC_URL,HIGH,8,6062,301_IF_APPROVED,NO,DRAFT_NOT_EXECUTED,Do not execute before owner approval and final target verification.
https://jus-tice.co.il/psakdin/%D7%A2%D7%95%D7%A0%D7%A9-%D7%9E%D7%95%D7%A8%D7%A9%D7%A2-%D7%91%D7%A2%D7%91%D7%99%D7%A8%D7%95%D7%AA-%D7%A9%D7%9C-%D7%92%D7%A8%D7%9D-%D7%9E%D7%95%D7%95%D7%AA-%D7%91%D7%A8%D7%A9%D7%9C%D7%A0%D7%95%D7%AA,UNKNOWN_FINAL_TARGET_NEEDED,UNKNOWN,NEEDS_CLUSTER_CLASSIFICATION,MEDIUM,8,4194,301_IF_APPROVED,NO,DRAFT_NOT_EXECUTED,Do not execute before owner approval and final target verification.
https://jus-tice.co.il/psakdin/%D7%A2%D7%A4-8360-19-%D7%93%D7%A0%D7%99%D7%90%D7%9C-%D7%96%D7%99%D7%A1%D7%9E%D7%9F-%D7%A0%D7%92%D7%93-%D7%9E%D7%93%D7%99%D7%A0%D7%AA-%D7%99%D7%A9%D7%A8%D7%90%D7%9C-%D7%92%D7%99,UNKNOWN_FINAL_TARGET_NEEDED,UNKNOWN,NEEDS_CLUSTER_CLASSIFICATION,MEDIUM,27,1172,301_IF_APPROVED,NO,DRAFT_NOT_EXECUTED,Do not execute before owner approval and final target verification.
https://jus-tice.co.il/psakdin/%D7%A2%D7%A8%D7%9B%D7%95-%D7%A9%D7%9C-%D7%A6%D7%A7-%D7%9E%D7%96%D7%95%D7%99%D7%99%D7%A3-%D7%A9%D7%99%D7%A7-%D7%90%D7%A9%D7%A8-%D7%97%D7%AA%D7%99%D7%9E%D7%AA-%D7%A2%D7%95%D7%A9%D7%94%D7%95-%D7%96,UNKNOWN_FINAL_TARGET_NEEDED,UNKNOWN,NEEDS_CLUSTER_CLASSIFICATION,MEDIUM,32,2673,301_IF_APPROVED,NO,DRAFT_NOT_EXECUTED,Do not execute before owner approval and final target verification.
https://jus-tice.co.il/psakdin/%D7%A2%D7%A8%D7%A2%D7%95%D7%A8-%D7%A2%D7%9C-%D7%94%D7%97%D7%9C%D7%98%D7%AA-%D7%95%D7%95%D7%A2%D7%93%D7%AA-%D7%94%D7%A2%D7%A8%D7%A2%D7%95%D7%A8-%D7%9C%D7%A4%D7%99-%D7%97%D7%95%D7%A7-%D7%94%D7%A0%D7%9B,UNKNOWN_FINAL_TARGET_NEEDED,UNKNOWN,NEEDS_CLUSTER_CLASSIFICATION,MEDIUM,15,379,301_IF_APPROVED,NO,DRAFT_NOT_EXECUTED,Do not execute before owner approval and final target verification.
https://jus-tice.co.il/psakdin/%D7%A2%D7%A8%D7%A2%D7%95%D7%A8-%D7%A2%D7%9C-%D7%94%D7%97%D7%9C%D7%98%D7%AA-%D7%A7%D7%A6%D7%99%D7%9F-%D7%91%D7%A0%D7%95%D7%A9%D7%90-%D7%9E%D7%A2%D7%A6%D7%A8-%D7%A1%D7%A2%D7%99%D7%A3-44-%D7%90-%D7%A9,https://jus-tice.co.il/pretrial-detention/,UNKNOWN,NEEDS_CONTENT_REVIEW,MEDIUM,40,1288,301_IF_APPROVED,NO,DRAFT_NOT_EXECUTED,Do not execute before owner approval and final target verification.
https://jus-tice.co.il/psakdin/%D7%A4%D7%99%D7%A6%D7%95%D7%99-%D7%91%D7%92%D7%99%D7%9F-%D7%9E%D7%A2%D7%A6%D7%A8-%D7%A9%D7%95%D7%95%D7%90-%D7%A6%D7%90-24231-06-21,https://jus-tice.co.il/pretrial-detention/,UNKNOWN,NEEDS_CONTENT_REVIEW,MEDIUM,28,1351,301_IF_APPROVED,NO,DRAFT_NOT_EXECUTED,Do not execute before owner approval and final target verification.
https://jus-tice.co.il/psakdin/%D7%A4%D7%99%D7%A8%D7%95%D7%A7-%D7%A9%D7%99%D7%AA%D7%95%D7%A3-%D7%91%D7%A0%D7%97%D7%9C%D7%94-%D7%9C%D7%A4%D7%99-%D7%94%D7%9C%D7%9B%D7%AA-%D7%94%D7%A9%D7%99%D7%AA%D7%95%D7%A3-%D7%AA%D7%9C%D7%94,UNKNOWN_FINAL_TARGET_NEEDED,UNKNOWN,NEEDS_CLUSTER_CLASSIFICATION,MEDIUM,29,1318,301_IF_APPROVED,NO,DRAFT_NOT_EXECUTED,Do not execute before owner approval and final target verification.
https://jus-tice.co.il/psakdin/%D7%A4%D7%9C%D7%99%D7%9C%D7%99-%D7%94%D7%97%D7%96%D7%A7%D7%AA-%D7%9B%D7%9C%D7%91-%D7%9E%D7%A1%D7%95%D7%9B%D7%9F-%D7%A9%D7%AA%D7%A7%D7%A3-%D7%9C%D7%9C%D7%90-%D7%A8%D7%A9%D7%99%D7%95%D7%9F-%D7%94%D7%A8,https://jus-tice.co.il/criminal-law-needs-slug-review/,UNKNOWN,NEEDS_CONTENT_REVIEW,MEDIUM,16,2962,301_IF_APPROVED,NO,DRAFT_NOT_EXECUTED,Do not execute before owner approval and final target verification.
https://jus-tice.co.il/psakdin/%D7%A4%D7%A1%D7%93-%D7%90%D7%9E%D7%99%D7%A8-%D7%91%D7%A8%D7%9E%D7%9C%D7%99-%D7%A8%D7%95%D7%91%D7%99%D7%A7%D7%95%D7%9F-%D7%94%D7%9B%D7%A8%D7%A2%D7%AA-%D7%93%D7%99%D7%9F-%D7%91%D7%A4%D7%A8%D7%A9,https://jus-tice.co.il/legal-database-rulings-needs-slug-review/,UNKNOWN,DO_NOT_TOUCH_HIGH_TRAFFIC_URL,HIGH,37,5011,301_IF_APPROVED,NO,DRAFT_NOT_EXECUTED,Do not execute before owner approval and final target verification.
https://jus-tice.co.il/psakdin/%D7%A4%D7%A1%D7%93-%D7%91%D7%91%D7%A7%D7%A9%D7%94-%D7%9C%D7%94%D7%A2%D7%91%D7%A8%D7%AA-%D7%94%D7%9E%D7%A9%D7%9E%D7%95%D7%A8%D7%AA-%D7%90%D7%9C-%D7%94%D7%90%D7%91-%D7%95%D7%A8%D7%99%D7%A9%D7%95%D7%9D,https://jus-tice.co.il/child-custody/,UNKNOWN,NEEDS_MERGE_REVIEW,MEDIUM,16,593,301_IF_APPROVED,NO,DRAFT_NOT_EXECUTED,Do not execute before owner approval and final target verification.
https://jus-tice.co.il/psakdin/%D7%A4%D7%A1%D7%93-%D7%91%D7%A2%D7%A8%D7%A2%D7%95%D7%A8-%D7%91%D7%95%D7%A7%D7%99%D7%A0%D7%92-%D7%A7%D7%95%D7%9D-%D7%A0-%D7%94%D7%97%D7%9C%D7%98%D7%AA-%D7%94%D7%A8%D7%A9%D7%95%D7%AA-%D7%9C%D7%94,https://jus-tice.co.il/legal-database-rulings-needs-slug-review/,UNKNOWN,NEEDS_CONTENT_REVIEW,MEDIUM,6,1765,301_IF_APPROVED,NO,DRAFT_NOT_EXECUTED,Do not execute before owner approval and final target verification.
https://jus-tice.co.il/psakdin/%D7%A4%D7%A1%D7%93-%D7%91%D7%AA%D7%91%D7%99%D7%A2%D7%94-%D7%9C%D7%94%D7%A4%D7%97%D7%AA%D7%AA-%D7%9E%D7%96%D7%95%D7%A0%D7%95%D7%AA-%D7%99%D7%9C%D7%93%D7%99%D7%9D-%D7%A9%D7%A0%D7%A7%D7%91%D7%A2%D7%95,https://jus-tice.co.il/child-support/,UNKNOWN,DO_NOT_TOUCH_HIGH_TRAFFIC_URL,HIGH,3,6830,301_IF_APPROVED,NO,DRAFT_NOT_EXECUTED,Do not execute before owner approval and final target verification.
https://jus-tice.co.il/psakdin/%D7%A4%D7%A1%D7%93-%D7%91%D7%AA%D7%95%D7%91%D7%A2%D7%A0%D7%94-%D7%A0%D7%96%D7%99%D7%A7%D7%99%D7%AA-%D7%A0%D7%92%D7%93-%D7%99%D7%A6%D7%97%D7%A7-%D7%94%D7%A8%D7%A6%D7%95%D7%92-%D7%95%D7%90%D7%97,https://jus-tice.co.il/legal-database-rulings-needs-slug-review/,UNKNOWN,NEEDS_MERGE_REVIEW,MEDIUM,12,543,301_IF_APPROVED,NO,DRAFT_NOT_EXECUTED,Do not execute before owner approval and final target verification.
https://jus-tice.co.il/psakdin/%D7%A4%D7%A1%D7%93-%D7%A1%D7%9C%D7%A7%D7%95%D7%9D-%D7%9E%D7%9B%D7%A8%D7%94-%D7%9E%D7%99%D7%93%D7%A2-%D7%95%D7%A0%D7%AA%D7%95%D7%A0%D7%99-%D7%90%D7%99%D7%9B%D7%95%D7%9F-%D7%A2%D7%9C-%D7%9C%D7%A7,https://jus-tice.co.il/legal-database-rulings-needs-slug-review/,UNKNOWN,NEEDS_CONTENT_REVIEW,MEDIUM,8,2137,301_IF_APPROVED,NO,DRAFT_NOT_EXECUTED,Do not execute before owner approval and final target verification.
https://jus-tice.co.il/psakdin/%D7%A4%D7%A1%D7%A7-%D7%93%D7%99%D7%9F-%D7%91%D7%AA%D7%91%D7%99%D7%A2%D7%94-%D7%9C%D7%97%D7%99%D7%95%D7%91-%D7%99%D7%95%D7%A2%D7%A5-%D7%94%D7%A9%D7%A7%D7%A2%D7%95%D7%AA-%D7%91%D7%92%D7%99%D7%9F-%D7%A0%D7%96%D7%A7,https://jus-tice.co.il/personal-injury-needs-slug-review/,UNKNOWN,NEEDS_CONTENT_REVIEW,MEDIUM,8,1128,301_IF_APPROVED,NO,DRAFT_NOT_EXECUTED,Do not execute before owner approval and final target verification.
https://jus-tice.co.il/psakdin/%D7%A4%D7%A1%D7%A7-%D7%93%D7%99%D7%9F-%D7%A4%D7%99%D7%A6%D7%95%D7%99%D7%99-%D7%A4%D7%99%D7%98%D7%95%D7%A8%D7%99%D7%9F-%D7%AA%D7%91%D7%99%D7%A2%D7%94-%D7%9C%D7%94%D7%A8%D7%9E%D7%AA-%D7%9E%D7%A1%D7%9A,https://jus-tice.co.il/employment-law-needs-slug-review/,UNKNOWN,NEEDS_CONTENT_REVIEW,MEDIUM,10,1416,301_IF_APPROVED,NO,DRAFT_NOT_EXECUTED,Do not execute before owner approval and final target verification.
https://jus-tice.co.il/psakdin/%D7%A4%D7%A8%D7%A1%D7%9D-%D7%94%D7%A7%D7%9C%D7%98%D7%95%D7%AA-%D7%9E%D7%9E%D7%A1%D7%9E%D7%9A-%D7%94%D7%A8%D7%A4%D7%96-%D7%A4%D7%A1%D7%93-%D7%94%D7%A2%D7%A8%D7%A2%D7%95%D7%A8,https://jus-tice.co.il/tax-law-needs-slug-review/,UNKNOWN,NEEDS_CONTENT_REVIEW,LOW,1,337,301_IF_APPROVED,NO,DRAFT_NOT_EXECUTED,Do not execute before owner approval and final target verification.
https://jus-tice.co.il/psakdin/%D7%A6%D7%95-%D7%94%D7%95%D7%A8%D7%95%D7%AA-%D7%9E%D7%9B%D7%95%D7%97-%D7%96%D7%99%D7%A7%D7%94-%D7%9C%D7%96%D7%99%D7%A7%D7%94-%D7%9C%D7%90%D7%96%D7%A8%D7%97%D7%99%D7%AA-%D7%96%D7%A8%D7%94,UNKNOWN_FINAL_TARGET_NEEDED,UNKNOWN,NEEDS_MERGE_REVIEW,MEDIUM,1,1727,301_IF_APPROVED,NO,DRAFT_NOT_EXECUTED,Do not execute before owner approval and final target verification.
https://jus-tice.co.il/psakdin/%D7%A7%D7%95%D7%A8%D7%95%D7%A0%D7%94-%D7%A1%D7%A7%D7%99%D7%A8%D7%94-%D7%99%D7%95%D7%9E%D7%99%D7%AA-23-3-2020-%D7%9E%D7%A2%D7%A8%D7%9A-%D7%94%D7%A1%D7%99%D7%99%D7%91%D7%A8-%D7%94%D7%9C%D7%90%D7%95,https://jus-tice.co.il/cyber-privacy-needs-slug-review/,UNKNOWN,NEEDS_CONTENT_REVIEW,LOW,0,20,301_IF_APPROVED,NO,DRAFT_NOT_EXECUTED,Do not execute before owner approval and final target verification.
https://jus-tice.co.il/psakdin/%D7%A8%D7%90%D7%A9-%D7%A2%D7%A8%D7%99%D7%99%D7%AA-%D7%98%D7%91%D7%A8%D7%99%D7%94-%D7%A8%D7%95%D7%9F-%D7%A7%D7%95%D7%91%D7%99-%D7%A4%D7%A1%D7%93-%D7%91%D7%AA%D7%91%D7%99%D7%A2%D7%94-%D7%9C%D7%A4,https://jus-tice.co.il/legal-database-rulings-needs-slug-review/,UNKNOWN,NEEDS_CONTENT_REVIEW,LOW,3,409,301_IF_APPROVED,NO,DRAFT_NOT_EXECUTED,Do not execute before owner approval and final target verification.
https://jus-tice.co.il/psakdin/%D7%A9%D7%97%D7%A8%D7%95%D7%A8-%D7%9E%D7%95%D7%A7%D7%93%D7%9D-%D7%A9%D7%9C-%D7%90%D7%A1%D7%99%D7%A8-%D7%9E%D7%A2%D7%A9%D7%94-%D7%9E%D7%92%D7%95%D7%A0%D7%94-%D7%91%D7%A7%D7%98%D7%99%D7%A0%D7%94,UNKNOWN_FINAL_TARGET_NEEDED,UNKNOWN,NEEDS_CLUSTER_CLASSIFICATION,MEDIUM,10,528,301_IF_APPROVED,NO,DRAFT_NOT_EXECUTED,Do not execute before owner approval and final target verification.
https://jus-tice.co.il/psakdin/%D7%A9%D7%99%D7%A2%D7%95%D7%A8%D7%99-%D7%94%D7%A8%D7%A9%D7%A2%D7%94-%D7%95%D7%96%D7%99%D7%9B%D7%95%D7%99-%D7%91%D7%94%D7%9C%D7%99%D7%9B%D7%99%D7%9D-%D7%A4%D7%9C%D7%99%D7%9C%D7%99%D7%99%D7%9D,https://jus-tice.co.il/criminal-law-needs-slug-review/,UNKNOWN,NEEDS_CONTENT_REVIEW,MEDIUM,26,4189,301_IF_APPROVED,NO,DRAFT_NOT_EXECUTED,Do not execute before owner approval and final target verification.
https://jus-tice.co.il/psakdin/%D7%AA%D7%9048152-03-22%D7%A9%D7%9C%D7%99%D7%A1%D7%9C-%D7%A0-%D7%A1%D7%98%D7%99%D7%A7%D7%A1%D7%A4%D7%99%D7%99-%D7%A7%D7%95%D7%9E%D7%99%D7%95%D7%A0%D7%99%D7%A7%D7%99%D7%99%D7%A9%D7%A0%D7%A1-%D7%91%D7%A2%D7%9E-%D7%95%D7%90%D7%97,UNKNOWN_FINAL_TARGET_NEEDED,UNKNOWN,NEEDS_CLUSTER_CLASSIFICATION,MEDIUM,20,998,301_IF_APPROVED,NO,DRAFT_NOT_EXECUTED,Do not execute before owner approval and final target verification.
https://jus-tice.co.il/psakdin/%D7%AA%D7%91%D7%99%D7%A2%D7%94-%D7%94%D7%9E%D7%95%D7%92%D7%A9%D7%AA-%D7%A2%D7%9C-%D7%99%D7%93%D7%99-%D7%97%D7%91%D7%A8%D7%94-%D7%91%D7%A2%D7%9E-%D7%A2%D7%9C-%D7%97%D7%99%D7%95%D7%91-%D7%91%D7%A2,UNKNOWN_FINAL_TARGET_NEEDED,UNKNOWN,DO_NOT_TOUCH_HIGH_TRAFFIC_URL,HIGH,59,1991,301_IF_APPROVED,NO,DRAFT_NOT_EXECUTED,Do not execute before owner approval and final target verification.
https://jus-tice.co.il/psakdin/%D7%AA%D7%91%D7%99%D7%A2%D7%94-%D7%9C%D7%97%D7%99%D7%99%D7%91-%D7%92%D7%A8%D7%95%D7%A9%D7%94-%D7%9C%D7%94%D7%A9%D7%AA%D7%AA%D7%A3-%D7%91%D7%97%D7%95%D7%91%D7%95%D7%AA,UNKNOWN_FINAL_TARGET_NEEDED,UNKNOWN,NEEDS_CLUSTER_CLASSIFICATION,LOW,9,841,301_IF_APPROVED,NO,DRAFT_NOT_EXECUTED,Do not execute before owner approval and final target verification.
https://jus-tice.co.il/psakdin/%D7%AA%D7%91%D7%99%D7%A2%D7%94-%D7%9C%D7%9E%D7%96%D7%95%D7%A0%D7%95%D7%AA-%D7%90%D7%99%D7%A9%D7%94-%D7%95%D7%A7%D7%98%D7%99%D7%A0%D7%95%D7%AA,https://jus-tice.co.il/child-support/,UNKNOWN,NEEDS_MERGE_REVIEW,LOW,2,726,301_IF_APPROVED,NO,DRAFT_NOT_EXECUTED,Do not execute before owner approval and final target verification.
https://jus-tice.co.il/psakdin/%D7%AA%D7%91%D7%99%D7%A2%D7%94-%D7%A9%D7%9C-%D7%9E%D7%9C%D7%A6%D7%A8%D7%99%D7%AA-%D7%94%D7%98%D7%A8%D7%93%D7%94-%D7%9E%D7%99%D7%A0%D7%99%D7%AA-300000-%D7%A9%D7%97-%D7%A4%D7%99%D7%A6%D7%95%D7%99,https://jus-tice.co.il/employment-law-needs-slug-review/,UNKNOWN,NEEDS_CONTENT_REVIEW,MEDIUM,15,2455,301_IF_APPROVED,NO,DRAFT_NOT_EXECUTED,Do not execute before owner approval and final target verification.
https://jus-tice.co.il/psakdin/%D7%AA%D7%91%D7%99%D7%A2%D7%95%D7%AA-%D7%A8%D7%9B%D7%95%D7%A9%D7%99%D7%95%D7%AA-%D7%94%D7%93%D7%93%D7%99%D7%95%D7%AA-%D7%A9%D7%9C-%D7%91%D7%A0%D7%99-%D7%96%D7%95%D7%92-%D7%9C%D7%A9%D7%A2%D7%91%D7%A8,https://jus-tice.co.il/traffic-law-needs-slug-review/,UNKNOWN,NEEDS_MERGE_REVIEW,MEDIUM,9,1500,301_IF_APPROVED,NO,DRAFT_NOT_EXECUTED,Do not execute before owner approval and final target verification.
https://jus-tice.co.il/psakdin/%D7%AA%D7%92%D7%95%D7%91%D7%AA-%D7%94%D7%99%D7%95%D7%A2%D7%9E%D7%A9-%D7%A9%D7%99%D7%9E%D7%95%D7%A9-%D7%A9%D7%91%D7%9B-%D7%91%D7%90%D7%9E%D7%A6%D7%A2%D7%99%D7%9D-%D7%98%D7%9B%D7%A0%D7%95%D7%9C,UNKNOWN_FINAL_TARGET_NEEDED,UNKNOWN,NEEDS_CLUSTER_CLASSIFICATION,LOW,0,21,301_IF_APPROVED,NO,DRAFT_NOT_EXECUTED,Do not execute before owner approval and final target verification.
https://jus-tice.co.il/psakdin/%D7%AA%D7%99%D7%A7%D7%95%D7%9F-101-%D7%9C%D7%A4%D7%A7%D7%95%D7%93%D7%AA-%D7%94%D7%AA%D7%A2%D7%91%D7%95%D7%A8%D7%94-%D7%A1%D7%99%D7%9B%D7%95%D7%9F-%D7%97%D7%99%D7%99-%D7%90%D7%93%D7%9D-%D7%94%D7%A4,https://jus-tice.co.il/traffic-law-needs-slug-review/,UNKNOWN,NEEDS_CONTENT_REVIEW,MEDIUM,5,1955,301_IF_APPROVED,NO,DRAFT_NOT_EXECUTED,Do not execute before owner approval and final target verification.
https://jus-tice.co.il/psakdin/%D7%AA%D7%A4%D7%A7%D7%99%D7%93%D7%95-%D7%95%D7%93%D7%A8%D7%9B%D7%99-%D7%A2%D7%91%D7%95%D7%93%D7%AA%D7%95-%D7%A9%D7%9C-%D7%A2%D7%95%D7%91%D7%93-%D7%A1%D7%95%D7%A6%D7%99%D7%90%D7%9C%D7%99-%D7%9C%D7%A2,https://jus-tice.co.il/employment-law-needs-slug-review/,UNKNOWN,DO_NOT_TOUCH_HIGH_TRAFFIC_URL,HIGH,136,8257,301_IF_APPROVED,NO,DRAFT_NOT_EXECUTED,Do not execute before owner approval and final target verification.
https://jus-tice.co.il/psakdin/%D7%AA%D7%A669551-01-18%D7%92%D7%A8%D7%95%D7%A4%D7%A8-%D7%A0-%D7%90%D7%9C%D7%95%D7%A0%D7%99%D7%90%D7%9C-%D7%91%D7%A2%D7%9E,UNKNOWN_FINAL_TARGET_NEEDED,UNKNOWN,NEEDS_CLUSTER_CLASSIFICATION,MEDIUM,23,1311,301_IF_APPROVED,NO,DRAFT_NOT_EXECUTED,Do not execute before owner approval and final target verification.
https://jus-tice.co.il/psakdin/%D7%AA%D7%A7%D7%A0%D7%95%D7%AA-%D7%A1%D7%93%D7%A8-%D7%94%D7%93%D7%99%D7%9F-%D7%94%D7%90%D7%96%D7%A8%D7%97%D7%99-%D7%94%D7%AA%D7%A9%D7%A2%D7%97-2018,UNKNOWN_FINAL_TARGET_NEEDED,UNKNOWN,NEEDS_CLUSTER_CLASSIFICATION,MEDIUM,7,2178,301_IF_APPROVED,NO,DRAFT_NOT_EXECUTED,Do not execute before owner approval and final target verification.
https://jus-tice.co.il/psakdin/%D7%AA%D7%A7%D7%A0%D7%95%D7%AA-%D7%A9%D7%99%D7%A8%D7%95%D7%AA-%D7%94%D7%91%D7%99%D7%98%D7%97%D7%95%D7%9F-%D7%94%D7%9B%D7%9C%D7%9C%D7%99-%D7%90%D7%99%D7%A1%D7%95%D7%A3-%D7%9E%D7%99%D7%93%D7%A2-%D7%9E,UNKNOWN_FINAL_TARGET_NEEDED,UNKNOWN,NEEDS_CLUSTER_CLASSIFICATION,LOW,0,24,301_IF_APPROVED,NO,DRAFT_NOT_EXECUTED,Do not execute before owner approval and final target verification.
https://jus-tice.co.il/psakdin/%D7%AA%D7%A7%D7%A0%D7%95%D7%AA-%D7%A9%D7%A2%D7%AA-%D7%97%D7%99%D7%A8%D7%95%D7%9D-%D7%A0%D7%92%D7%99%D7%A3-%D7%94%D7%A7%D7%95%D7%A8%D7%95%D7%A0%D7%94-%D7%94%D7%97%D7%93%D7%A9-%D7%94%D7%92%D7%91,UNKNOWN_FINAL_TARGET_NEEDED,UNKNOWN,NEEDS_CLUSTER_CLASSIFICATION,LOW,0,996,301_IF_APPROVED,NO,DRAFT_NOT_EXECUTED,Do not execute before owner approval and final target verification.
https://jus-tice.co.il/psakdin/%D7%AA%D7%A9%D7%9C%D7%95%D7%9D-%D7%9E%D7%A1-%D7%A9%D7%9B%D7%A8-%D7%91%D7%92%D7%99%D7%9F-%D7%A9%D7%9B%D7%A8%D7%9D-%D7%A9%D7%9C-%D7%A2%D7%95%D7%91%D7%93%D7%99-%D7%94%D7%A2%D7%99%D7%A8%D7%99%D7%99%D7%94,https://jus-tice.co.il/employment-law-needs-slug-review/,UNKNOWN,NEEDS_CONTENT_REVIEW,LOW,1,163,301_IF_APPROVED,NO,DRAFT_NOT_EXECUTED,Do not execute before owner approval and final target verification.
https://jus-tice.co.il/psakdin/20-%D7%98%D7%99%D7%A4%D7%99%D7%9D-%D7%9C%D7%9E%D7%A0%D7%99%D7%A2%D7%AA-%D7%A8%D7%A9%D7%9C%D7%A0%D7%95%D7%AA-%D7%A8%D7%A4%D7%95%D7%90%D7%99%D7%AA,https://jus-tice.co.il/medical-malpractice-lawyer/,UNKNOWN,NEEDS_MERGE_REVIEW,LOW,0,221,301_IF_APPROVED,NO,DRAFT_NOT_EXECUTED,Do not execute before owner approval and final target verification.
https://jus-tice.co.il/psakdin/page/3,UNKNOWN_FINAL_TARGET_NEEDED,UNKNOWN,NEEDS_MERGE_REVIEW,LOW,1,188,301_IF_APPROVED,NO,DRAFT_NOT_EXECUTED,Do not execute before owner approval and final target verification.
https://jus-tice.co.il/psakdin/page/4,UNKNOWN_FINAL_TARGET_NEEDED,UNKNOWN,NEEDS_MERGE_REVIEW,LOW,0,65,301_IF_APPROVED,NO,DRAFT_NOT_EXECUTED,Do not execute before owner approval and final target verification.
https://jus-tice.co.il/public-defender-annual-report-2019,UNKNOWN_FINAL_TARGET_NEEDED,UNKNOWN,NEEDS_CLUSTER_CLASSIFICATION,MEDIUM,13,4391,301_IF_APPROVED,NO,DRAFT_NOT_EXECUTED,Do not execute before owner approval and final target verification.
https://jus-tice.co.il/publications_batap_olami_police-crime-data-transparency,https://jus-tice.co.il/criminal-law-needs-slug-review/,UNKNOWN,NEEDS_CONTENT_REVIEW,LOW,1,997,301_IF_APPROVED,NO,DRAFT_NOT_EXECUTED,Do not execute before owner approval and final target verification.
https://jus-tice.co.il/punishment-for-offenses-of-causing-death-in-road-accidents,UNKNOWN_FINAL_TARGET_NEEDED,UNKNOWN,DO_NOT_TOUCH_HIGH_TRAFFIC_URL,HIGH,19,5381,301_IF_APPROVED,NO,DRAFT_NOT_EXECUTED,Do not execute before owner approval and final target verification.
https://jus-tice.co.il/punishment-of-parents-and-relatives-for-negligently-causing-death,UNKNOWN_FINAL_TARGET_NEEDED,UNKNOWN,DO_NOT_TOUCH_HIGH_TRAFFIC_URL,HIGH,29,9612,301_IF_APPROVED,NO,DRAFT_NOT_EXECUTED,Do not execute before owner approval and final target verification.
https://jus-tice.co.il/punitive-damage,UNKNOWN_FINAL_TARGET_NEEDED,UNKNOWN,NEEDS_CLUSTER_CLASSIFICATION,MEDIUM,9,1400,301_IF_APPROVED,NO,DRAFT_NOT_EXECUTED,Do not execute before owner approval and final target verification.
https://jus-tice.co.il/qatar-lawyers,UNKNOWN_FINAL_TARGET_NEEDED,UNKNOWN,NEEDS_CLUSTER_CLASSIFICATION,LOW,0,251,301_IF_APPROVED,NO,DRAFT_NOT_EXECUTED,Do not execute before owner approval and final target verification.
https://jus-tice.co.il/qualities-best-divorce-attorneys,https://jus-tice.co.il/family-law-needs-slug-review/,UNKNOWN,NEEDS_CONTENT_REVIEW,LOW,0,64,301_IF_APPROVED,NO,DRAFT_NOT_EXECUTED,Do not execute before owner approval and final target verification.
https://jus-tice.co.il/rabbinical-court,https://jus-tice.co.il/legal-database-rulings-needs-slug-review/,UNKNOWN,NEEDS_CONTENT_REVIEW,MEDIUM,11,2364,301_IF_APPROVED,NO,DRAFT_NOT_EXECUTED,Do not execute before owner approval and final target verification.
https://jus-tice.co.il/rape-us-law,UNKNOWN_FINAL_TARGET_NEEDED,UNKNOWN,NEEDS_CLUSTER_CLASSIFICATION,MEDIUM,17,4722,301_IF_APPROVED,NO,DRAFT_NOT_EXECUTED,Do not execute before owner approval and final target verification.
https://jus-tice.co.il/real-estate-agent,https://jus-tice.co.il/real-estate-needs-slug-review/,UNKNOWN,DO_NOT_TOUCH_HIGH_TRAFFIC_URL,HIGH,17,18297,301_IF_APPROVED,NO,DRAFT_NOT_EXECUTED,Do not execute before owner approval and final target verification.
https://jus-tice.co.il/real-estate-appraiser,https://jus-tice.co.il/real-estate-needs-slug-review/,UNKNOWN,DO_NOT_TOUCH_HIGH_TRAFFIC_URL,HIGH,9,10295,301_IF_APPROVED,NO,DRAFT_NOT_EXECUTED,Do not execute before owner approval and final target verification.
https://jus-tice.co.il/real-estate-attorney,https://jus-tice.co.il/real-estate-needs-slug-review/,UNKNOWN,DO_NOT_TOUCH_HIGH_TRAFFIC_URL,HIGH,17,88601,301_IF_APPROVED,NO,DRAFT_NOT_EXECUTED,Do not execute before owner approval and final target verification.
https://jus-tice.co.il/real-estate-comparative-guide,https://jus-tice.co.il/real-estate-needs-slug-review/,UNKNOWN,NEEDS_CONTENT_REVIEW,LOW,2,581,301_IF_APPROVED,NO,DRAFT_NOT_EXECUTED,Do not execute before owner approval and final target verification.
https://jus-tice.co.il/real-estate-development,https://jus-tice.co.il/real-estate-needs-slug-review/,UNKNOWN,NEEDS_CONTENT_REVIEW,LOW,3,809,301_IF_APPROVED,NO,DRAFT_NOT_EXECUTED,Do not execute before owner approval and final target verification.
https://jus-tice.co.il/real-estate-investing,https://jus-tice.co.il/real-estate-needs-slug-review/,UNKNOWN,DO_NOT_TOUCH_HIGH_TRAFFIC_URL,HIGH,27,23875,301_IF_APPROVED,NO,DRAFT_NOT_EXECUTED,Do not execute before owner approval and final target verification.
https://jus-tice.co.il/real-estate-investment-strategies-for-2023,https://jus-tice.co.il/real-estate-needs-slug-review/,UNKNOWN,NEEDS_CONTENT_REVIEW,MEDIUM,0,1082,301_IF_APPROVED,NO,DRAFT_NOT_EXECUTED,Do not execute before owner approval and final target verification.
https://jus-tice.co.il/real-estate-italy,https://jus-tice.co.il/real-estate-needs-slug-review/,UNKNOWN,DO_NOT_TOUCH_HIGH_TRAFFIC_URL,HIGH,12,8322,301_IF_APPROVED,NO,DRAFT_NOT_EXECUTED,Do not execute before owner approval and final target verification.
https://jus-tice.co.il/real-estate-lawyer-cost-2025,https://jus-tice.co.il/buying-apartment/,UNKNOWN,DO_NOT_TOUCH_HIGH_TRAFFIC_URL,HIGH,3,10927,301_IF_APPROVED,NO,DRAFT_NOT_EXECUTED,Do not execute before owner approval and final target verification.
https://jus-tice.co.il/real-estate-lawyer-guide,https://jus-tice.co.il/real-estate-needs-slug-review/,UNKNOWN,DO_NOT_TOUCH_HIGH_TRAFFIC_URL,HIGH,7,26708,301_IF_APPROVED,NO,DRAFT_NOT_EXECUTED,Do not execute before owner approval and final target verification.
https://jus-tice.co.il/real-estate-malta,https://jus-tice.co.il/real-estate-needs-slug-review/,UNKNOWN,NEEDS_CONTENT_REVIEW,MEDIUM,43,525,301_IF_APPROVED,NO,DRAFT_NOT_EXECUTED,Do not execute before owner approval and final target verification.
https://jus-tice.co.il/real-estate-registration-procedure-israel,https://jus-tice.co.il/real-estate-needs-slug-review/,UNKNOWN,DO_NOT_TOUCH_HIGH_TRAFFIC_URL,HIGH,19,12279,301_IF_APPROVED,NO,DRAFT_NOT_EXECUTED,Do not execute before owner approval and final target verification.
https://jus-tice.co.il/real-estate-romania,https://jus-tice.co.il/real-estate-needs-slug-review/,UNKNOWN,NEEDS_CONTENT_REVIEW,MEDIUM,35,3829,301_IF_APPROVED,NO,DRAFT_NOT_EXECUTED,Do not execute before owner approval and final target verification.
https://jus-tice.co.il/real-estate-united-kingdom,https://jus-tice.co.il/real-estate-needs-slug-review/,UNKNOWN,DO_NOT_TOUCH_HIGH_TRAFFIC_URL,HIGH,47,11181,301_IF_APPROVED,NO,DRAFT_NOT_EXECUTED,Do not execute before owner approval and final target verification.
https://jus-tice.co.il/real-estate-usa,https://jus-tice.co.il/real-estate-needs-slug-review/,UNKNOWN,NEEDS_CONTENT_REVIEW,MEDIUM,9,2255,301_IF_APPROVED,NO,DRAFT_NOT_EXECUTED,Do not execute before owner approval and final target verification.
https://jus-tice.co.il/recommended-jus-tice-team-lawyer,UNKNOWN_FINAL_TARGET_NEEDED,UNKNOWN,NEEDS_CLUSTER_CLASSIFICATION,LOW,5,122,301_IF_APPROVED,NO,DRAFT_NOT_EXECUTED,Do not execute before owner approval and final target verification.
https://jus-tice.co.il/registration-of-real-estate-israel,https://jus-tice.co.il/real-estate-needs-slug-review/,UNKNOWN,DO_NOT_TOUCH_HIGH_TRAFFIC_URL,HIGH,15,17400,301_IF_APPROVED,NO,DRAFT_NOT_EXECUTED,Do not execute before owner approval and final target verification.
https://jus-tice.co.il/rental-agreement,https://jus-tice.co.il/real-estate-needs-slug-review/,UNKNOWN,DO_NOT_TOUCH_HIGH_TRAFFIC_URL,HIGH,10,12420,301_IF_APPROVED,NO,DRAFT_NOT_EXECUTED,Do not execute before owner approval and final target verification.
https://jus-tice.co.il/report-crime,UNKNOWN_FINAL_TARGET_NEEDED,UNKNOWN,NEEDS_CLUSTER_CLASSIFICATION,MEDIUM,28,3228,301_IF_APPROVED,NO,DRAFT_NOT_EXECUTED,Do not execute before owner approval and final target verification.
https://jus-tice.co.il/request-for-extension-of-detention-beyond-nine-months,https://jus-tice.co.il/criminal-law-needs-slug-review/,UNKNOWN,NEEDS_CONTENT_REVIEW,MEDIUM,18,1691,301_IF_APPROVED,NO,DRAFT_NOT_EXECUTED,Do not execute before owner approval and final target verification.
https://jus-tice.co.il/request-for-family-dispute-settlements,https://jus-tice.co.il/family-law-needs-slug-review/,UNKNOWN,DO_NOT_TOUCH_HIGH_TRAFFIC_URL,HIGH,4,9284,301_IF_APPROVED,NO,DRAFT_NOT_EXECUTED,Do not execute before owner approval and final target verification.
https://jus-tice.co.il/research-report-n156-persistent-symptoms,UNKNOWN_FINAL_TARGET_NEEDED,UNKNOWN,NEEDS_CLUSTER_CLASSIFICATION,MEDIUM,4,1019,301_IF_APPROVED,NO,DRAFT_NOT_EXECUTED,Do not execute before owner approval and final target verification.
https://jus-tice.co.il/returning-resident-rights-determining-tax-rate,https://jus-tice.co.il/tax-law-needs-slug-review/,UNKNOWN,DO_NOT_TOUCH_HIGH_TRAFFIC_URL,HIGH,9,10382,301_IF_APPROVED,NO,DRAFT_NOT_EXECUTED,Do not execute before owner approval and final target verification.
https://jus-tice.co.il/review-of-divorce-by-divorce-lawyer-israel,https://jus-tice.co.il/family-law-needs-slug-review/,UNKNOWN,DO_NOT_TOUCH_HIGH_TRAFFIC_URL,HIGH,7,6193,301_IF_APPROVED,NO,DRAFT_NOT_EXECUTED,Do not execute before owner approval and final target verification.
https://jus-tice.co.il/revocation-of-a-will-and-reviving-previous-will,https://jus-tice.co.il/drunk-driving/,UNKNOWN,NEEDS_MERGE_REVIEW,MEDIUM,9,3414,301_IF_APPROVED,NO,DRAFT_NOT_EXECUTED,Do not execute before owner approval and final target verification.
https://jus-tice.co.il/rita-judice,UNKNOWN_FINAL_TARGET_NEEDED,UNKNOWN,NEEDS_CLUSTER_CLASSIFICATION,LOW,0,3,301_IF_APPROVED,NO,DRAFT_NOT_EXECUTED,Do not execute before owner approval and final target verification.
https://jus-tice.co.il/robert-stephan-cohen,https://jus-tice.co.il/child-custody/,UNKNOWN,NEEDS_CONTENT_REVIEW,LOW,5,422,301_IF_APPROVED,NO,DRAFT_NOT_EXECUTED,Do not execute before owner approval and final target verification.
https://jus-tice.co.il/rocket-lawyer,UNKNOWN_FINAL_TARGET_NEEDED,UNKNOWN,NEEDS_CLUSTER_CLASSIFICATION,LOW,0,43,301_IF_APPROVED,NO,DRAFT_NOT_EXECUTED,Do not execute before owner approval and final target verification.
https://jus-tice.co.il/roman-zadorov-detention-until-the-end-of-proceedings,https://jus-tice.co.il/criminal-law-needs-slug-review/,UNKNOWN,NEEDS_CONTENT_REVIEW,LOW,1,105,301_IF_APPROVED,NO,DRAFT_NOT_EXECUTED,Do not execute before owner approval and final target verification.
https://jus-tice.co.il/romania-lawyers,UNKNOWN_FINAL_TARGET_NEEDED,UNKNOWN,NEEDS_CLUSTER_CLASSIFICATION,MEDIUM,37,4990,301_IF_APPROVED,NO,DRAFT_NOT_EXECUTED,Do not execute before owner approval and final target verification.
https://jus-tice.co.il/romanian-passport,UNKNOWN_FINAL_TARGET_NEEDED,UNKNOWN,DO_NOT_TOUCH_HIGH_TRAFFIC_URL,HIGH,13,20866,301_IF_APPROVED,NO,DRAFT_NOT_EXECUTED,Do not execute before owner approval and final target verification.
https://jus-tice.co.il/rotenberg-law-top-ranked-family-divorce-mediation,https://jus-tice.co.il/family-law-needs-slug-review/,UNKNOWN,NEEDS_CONTENT_REVIEW,MEDIUM,5,2766,301_IF_APPROVED,NO,DRAFT_NOT_EXECUTED,Do not execute before owner approval and final target verification.
https://jus-tice.co.il/rules-for-being-a-successful-lawyer,UNKNOWN_FINAL_TARGET_NEEDED,UNKNOWN,NEEDS_CLUSTER_CLASSIFICATION,MEDIUM,36,2139,301_IF_APPROVED,NO,DRAFT_NOT_EXECUTED,Do not execute before owner approval and final target verification.
https://jus-tice.co.il/ruling-on-conflicting-real-estate-transactions,https://jus-tice.co.il/legal-database-rulings-needs-slug-review/,UNKNOWN,NEEDS_CONTENT_REVIEW,LOW,8,586,301_IF_APPROVED,NO,DRAFT_NOT_EXECUTED,Do not execute before owner approval and final target verification.
https://jus-tice.co.il/sample-terms-and-conditions-template,UNKNOWN_FINAL_TARGET_NEEDED,UNKNOWN,DO_NOT_TOUCH_HIGH_TRAFFIC_URL,HIGH,69,7254,301_IF_APPROVED,NO,DRAFT_NOT_EXECUTED,Do not execute before owner approval and final target verification.
https://jus-tice.co.il/saudi-arabia-lawyers,UNKNOWN_FINAL_TARGET_NEEDED,UNKNOWN,NEEDS_CLUSTER_CLASSIFICATION,MEDIUM,14,1472,301_IF_APPROVED,NO,DRAFT_NOT_EXECUTED,Do not execute before owner approval and final target verification.
https://jus-tice.co.il/search-engine-optimization,UNKNOWN_FINAL_TARGET_NEEDED,UNKNOWN,DO_NOT_TOUCH_HIGH_TRAFFIC_URL,HIGH,2,27139,301_IF_APPROVED,NO,DRAFT_NOT_EXECUTED,Do not execute before owner approval and final target verification.
https://jus-tice.co.il/segro,UNKNOWN_FINAL_TARGET_NEEDED,UNKNOWN,NEEDS_CLUSTER_CLASSIFICATION,LOW,1,8,301_IF_APPROVED,NO,DRAFT_NOT_EXECUTED,Do not execute before owner approval and final target verification.
https://jus-tice.co.il/self-employed-and-freelancer,UNKNOWN_FINAL_TARGET_NEEDED,UNKNOWN,NEEDS_CLUSTER_CLASSIFICATION,LOW,1,316,301_IF_APPROVED,NO,DRAFT_NOT_EXECUTED,Do not execute before owner approval and final target verification.
https://jus-tice.co.il/sex-crime-lawyer,UNKNOWN_FINAL_TARGET_NEEDED,UNKNOWN,DO_NOT_TOUCH_HIGH_TRAFFIC_URL,HIGH,34,27904,301_IF_APPROVED,NO,DRAFT_NOT_EXECUTED,Do not execute before owner approval and final target verification.
https://jus-tice.co.il/sex-trafficking,https://jus-tice.co.il/traffic-law-needs-slug-review/,UNKNOWN,NEEDS_CONTENT_REVIEW,MEDIUM,15,1775,301_IF_APPROVED,NO,DRAFT_NOT_EXECUTED,Do not execute before owner approval and final target verification.
https://jus-tice.co.il/sexual-battery-us-law,UNKNOWN_FINAL_TARGET_NEEDED,UNKNOWN,NEEDS_CLUSTER_CLASSIFICATION,MEDIUM,10,569,301_IF_APPROVED,NO,DRAFT_NOT_EXECUTED,Do not execute before owner approval and final target verification.
https://jus-tice.co.il/sexual-offenses,UNKNOWN_FINAL_TARGET_NEEDED,UNKNOWN,DO_NOT_TOUCH_HIGH_TRAFFIC_URL,HIGH,11,11557,301_IF_APPROVED,NO,DRAFT_NOT_EXECUTED,Do not execute before owner approval and final target verification.
https://jus-tice.co.il/shearman-sterling,UNKNOWN_FINAL_TARGET_NEEDED,UNKNOWN,NEEDS_CLUSTER_CLASSIFICATION,LOW,3,119,301_IF_APPROVED,NO,DRAFT_NOT_EXECUTED,Do not execute before owner approval and final target verification.
https://jus-tice.co.il/shoplifting,UNKNOWN_FINAL_TARGET_NEEDED,UNKNOWN,DO_NOT_TOUCH_HIGH_TRAFFIC_URL,HIGH,164,11204,301_IF_APPROVED,NO,DRAFT_NOT_EXECUTED,Do not execute before owner approval and final target verification.
https://jus-tice.co.il/should-i-admit-guilt-to-my-criminal-defense-attorney,https://jus-tice.co.il/criminal-law-needs-slug-review/,UNKNOWN,NEEDS_CONTENT_REVIEW,MEDIUM,7,1651,301_IF_APPROVED,NO,DRAFT_NOT_EXECUTED,Do not execute before owner approval and final target verification.
https://jus-tice.co.il/sitemap-jus-tice,UNKNOWN_FINAL_TARGET_NEEDED,UNKNOWN,NEEDS_CLUSTER_CLASSIFICATION,LOW,1,179,301_IF_APPROVED,NO,DRAFT_NOT_EXECUTED,Do not execute before owner approval and final target verification.
https://jus-tice.co.il/skadden-arps-slate-meagher-flom,UNKNOWN_FINAL_TARGET_NEEDED,UNKNOWN,NEEDS_CLUSTER_CLASSIFICATION,MEDIUM,21,428,301_IF_APPROVED,NO,DRAFT_NOT_EXECUTED,Do not execute before owner approval and final target verification.
https://jus-tice.co.il/small-business-startup-costs,UNKNOWN_FINAL_TARGET_NEEDED,UNKNOWN,NEEDS_CLUSTER_CLASSIFICATION,MEDIUM,7,1743,301_IF_APPROVED,NO,DRAFT_NOT_EXECUTED,Do not execute before owner approval and final target verification.
https://jus-tice.co.il/small_claims/%D7%9B%D7%A8%D7%98%D7%99%D7%A1%D7%99-%D7%98%D7%99%D7%A1%D7%94-%D7%97%D7%91%D7%A8%D7%AA-%D7%AA%D7%A2%D7%95%D7%A4%D7%94-%D7%A4%D7%A9%D7%98%D7%94-%D7%90%D7%AA-%D7%94%D7%A8%D7%92%D7%9C-%D7%A1%D7%95%D7%9B,UNKNOWN_FINAL_TARGET_NEEDED,UNKNOWN,NEEDS_MERGE_REVIEW,MEDIUM,23,2159,301_IF_APPROVED,NO,DRAFT_NOT_EXECUTED,Do not execute before owner approval and final target verification.
https://jus-tice.co.il/sofia-galvao,https://jus-tice.co.il/notary-foreign-needs-slug-review/,UNKNOWN,NEEDS_MERGE_REVIEW,LOW,2,275,301_IF_APPROVED,NO,DRAFT_NOT_EXECUTED,Do not execute before owner approval and final target verification.
https://jus-tice.co.il/south-african-property-law,UNKNOWN_FINAL_TARGET_NEEDED,UNKNOWN,NEEDS_MERGE_REVIEW,MEDIUM,1,1156,301_IF_APPROVED,NO,DRAFT_NOT_EXECUTED,Do not execute before owner approval and final target verification.
https://jus-tice.co.il/south-korea-lawyers,UNKNOWN_FINAL_TARGET_NEEDED,UNKNOWN,DO_NOT_TOUCH_HIGH_TRAFFIC_URL,HIGH,3,10157,301_IF_APPROVED,NO,DRAFT_NOT_EXECUTED,Do not execute before owner approval and final target verification.
https://jus-tice.co.il/spain-lawyers,UNKNOWN_FINAL_TARGET_NEEDED,UNKNOWN,DO_NOT_TOUCH_HIGH_TRAFFIC_URL,HIGH,80,8700,301_IF_APPROVED,NO,DRAFT_NOT_EXECUTED,Do not execute before owner approval and final target verification.
https://jus-tice.co.il/spain-real-estate,https://jus-tice.co.il/real-estate-needs-slug-review/,UNKNOWN,NEEDS_CONTENT_REVIEW,MEDIUM,38,4270,301_IF_APPROVED,NO,DRAFT_NOT_EXECUTED,Do not execute before owner approval and final target verification.
https://jus-tice.co.il/speeding,UNKNOWN_FINAL_TARGET_NEEDED,UNKNOWN,DO_NOT_TOUCH_HIGH_TRAFFIC_URL,HIGH,0,23393,301_IF_APPROVED,NO,DRAFT_NOT_EXECUTED,Do not execute before owner approval and final target verification.
https://jus-tice.co.il/spouse-property-registration-guide,UNKNOWN_FINAL_TARGET_NEEDED,UNKNOWN,DO_NOT_TOUCH_HIGH_TRAFFIC_URL,HIGH,84,7432,301_IF_APPROVED,NO,DRAFT_NOT_EXECUTED,Do not execute before owner approval and final target verification.
https://jus-tice.co.il/standard-minimum-rules-for-treatment-of-prisoners,UNKNOWN_FINAL_TARGET_NEEDED,UNKNOWN,NEEDS_CLUSTER_CLASSIFICATION,MEDIUM,18,1459,301_IF_APPROVED,NO,DRAFT_NOT_EXECUTED,Do not execute before owner approval and final target verification.
https://jus-tice.co.il/standards-of-medical-fitness-to-drive,https://jus-tice.co.il/medical-malpractice-needs-slug-review/,UNKNOWN,DO_NOT_TOUCH_HIGH_TRAFFIC_URL,HIGH,70,13940,301_IF_APPROVED,NO,DRAFT_NOT_EXECUTED,Do not execute before owner approval and final target verification.
https://jus-tice.co.il/startup-company,UNKNOWN_FINAL_TARGET_NEEDED,UNKNOWN,DO_NOT_TOUCH_HIGH_TRAFFIC_URL,HIGH,31,10449,301_IF_APPROVED,NO,DRAFT_NOT_EXECUTED,Do not execute before owner approval and final target verification.
https://jus-tice.co.il/strategic-divorce-cost-planning,https://jus-tice.co.il/family-law-needs-slug-review/,UNKNOWN,DO_NOT_TOUCH_HIGH_TRAFFIC_URL,HIGH,5,6437,301_IF_APPROVED,NO,DRAFT_NOT_EXECUTED,Do not execute before owner approval and final target verification.
https://jus-tice.co.il/submitting-affidavit-israel-court,https://jus-tice.co.il/legal-database-rulings-needs-slug-review/,UNKNOWN,NEEDS_CONTENT_REVIEW,MEDIUM,41,2877,301_IF_APPROVED,NO,DRAFT_NOT_EXECUTED,Do not execute before owner approval and final target verification.
https://jus-tice.co.il/supreme-court-of-israel,https://jus-tice.co.il/legal-database-rulings-needs-slug-review/,UNKNOWN,NEEDS_CONTENT_REVIEW,MEDIUM,6,4087,301_IF_APPROVED,NO,DRAFT_NOT_EXECUTED,Do not execute before owner approval and final target verification.
https://jus-tice.co.il/supreme-court/%D7%96%D7%9B%D7%95%D7%AA-%D7%94%D7%99%D7%A1%D7%95%D7%93-%D7%9C%D7%94%D7%99%D7%A4%D7%92%D7%A9-%D7%A2%D7%9D-%D7%A2%D7%95%D7%A8%D7%9A-%D7%93%D7%99%D7%9F,https://jus-tice.co.il/legal-database-rulings-needs-slug-review/,UNKNOWN,NEEDS_CONTENT_REVIEW,LOW,0,1,301_IF_APPROVED,NO,DRAFT_NOT_EXECUTED,Do not execute before owner approval and final target verification.
https://jus-tice.co.il/supreme-court/%D7%A2%D7%90-7023-19-%D7%A4%D7%9C%D7%95%D7%A0%D7%99-%D7%A0-%D7%A4%D7%9C%D7%95%D7%A0%D7%99,https://jus-tice.co.il/traffic-law-needs-slug-review/,UNKNOWN,NEEDS_CONTENT_REVIEW,MEDIUM,4,1480,301_IF_APPROVED,NO,DRAFT_NOT_EXECUTED,Do not execute before owner approval and final target verification.
https://jus-tice.co.il/supreme_court/%D7%91%D7%92%D7%A5-2144-20-%D7%99%D7%95%D7%A8-%D7%94%D7%9B%D7%A0%D7%A1%D7%AA-%D7%91%D7%A4%D7%95%D7%A2%D7%9C-%D7%99%D7%95%D7%9C%D7%99-%D7%90%D7%93%D7%9C%D7%A9%D7%98%D7%99,https://jus-tice.co.il/legal-database-rulings-needs-slug-review/,UNKNOWN,NEEDS_CONTENT_REVIEW,LOW,0,136,301_IF_APPROVED,NO,DRAFT_NOT_EXECUTED,Do not execute before owner approval and final target verification.
https://jus-tice.co.il/supreme_court/%D7%91%D7%92%D7%A5-2144-20-25-03-%D7%9E%D7%97%D7%99%D7%99%D7%91-%D7%91%D7%97%D7%99%D7%A8%D7%AA-%D7%99%D7%95%D7%A8-%D7%A7%D7%91%D7%95%D7%A2-%D7%9C%D7%9B%D7%A0%D7%A1%D7%AA,https://jus-tice.co.il/legal-database-rulings-needs-slug-review/,UNKNOWN,NEEDS_CONTENT_REVIEW,LOW,0,266,301_IF_APPROVED,NO,DRAFT_NOT_EXECUTED,Do not execute before owner approval and final target verification.
https://jus-tice.co.il/surgical-errors-medical-malpractice,https://jus-tice.co.il/medical-malpractice-lawyer/,UNKNOWN,NEEDS_CONTENT_REVIEW,LOW,0,706,301_IF_APPROVED,NO,DRAFT_NOT_EXECUTED,Do not execute before owner approval and final target verification.
https://jus-tice.co.il/tag/%D7%AA%D7%91%D7%99%D7%A2%D7%95%D7%AA-%D7%A7%D7%98%D7%A0%D7%95%D7%AA,UNKNOWN_FINAL_TARGET_NEEDED,UNKNOWN,NEEDS_CLUSTER_CLASSIFICATION,LOW,0,8,301_IF_APPROVED,NO,DRAFT_NOT_EXECUTED,Do not execute before owner approval and final target verification.
https://jus-tice.co.il/taiwan-lawyers,UNKNOWN_FINAL_TARGET_NEEDED,UNKNOWN,NEEDS_CLUSTER_CLASSIFICATION,MEDIUM,12,1172,301_IF_APPROVED,NO,DRAFT_NOT_EXECUTED,Do not execute before owner approval and final target verification.
https://jus-tice.co.il/tax-guide-portugal,https://jus-tice.co.il/tax-law-needs-slug-review/,UNKNOWN,NEEDS_CONTENT_REVIEW,LOW,5,839,301_IF_APPROVED,NO,DRAFT_NOT_EXECUTED,Do not execute before owner approval and final target verification.
https://jus-tice.co.il/tax-investigation-guide,https://jus-tice.co.il/criminal-law-needs-slug-review/,UNKNOWN,DO_NOT_TOUCH_HIGH_TRAFFIC_URL,HIGH,115,22811,301_IF_APPROVED,NO,DRAFT_NOT_EXECUTED,Do not execute before owner approval and final target verification.
https://jus-tice.co.il/tax-lawyer,https://jus-tice.co.il/tax-law-needs-slug-review/,UNKNOWN,NEEDS_CONTENT_REVIEW,LOW,0,97,301_IF_APPROVED,NO,DRAFT_NOT_EXECUTED,Do not execute before owner approval and final target verification.
https://jus-tice.co.il/tax-offenses-criminal-lawyer,https://jus-tice.co.il/criminal-law-needs-slug-review/,UNKNOWN,NEEDS_CONTENT_REVIEW,MEDIUM,1,2181,301_IF_APPROVED,NO,DRAFT_NOT_EXECUTED,Do not execute before owner approval and final target verification.
https://jus-tice.co.il/taxation-in-portugal,https://jus-tice.co.il/tax-law-needs-slug-review/,UNKNOWN,NEEDS_CONTENT_REVIEW,MEDIUM,25,2116,301_IF_APPROVED,NO,DRAFT_NOT_EXECUTED,Do not execute before owner approval and final target verification.
https://jus-tice.co.il/tel-aviv-city-best-lawyers,UNKNOWN_FINAL_TARGET_NEEDED,UNKNOWN,DO_NOT_TOUCH_HIGH_TRAFFIC_URL,HIGH,0,6083,301_IF_APPROVED,NO,DRAFT_NOT_EXECUTED,Do not execute before owner approval and final target verification.
https://jus-tice.co.il/tender-years-mother-custody-child-age-under-6,https://jus-tice.co.il/family-law-needs-slug-review/,UNKNOWN,NEEDS_CONTENT_REVIEW,MEDIUM,7,4573,301_IF_APPROVED,NO,DRAFT_NOT_EXECUTED,Do not execute before owner approval and final target verification.
https://jus-tice.co.il/thailand-civil-code,UNKNOWN_FINAL_TARGET_NEEDED,UNKNOWN,NEEDS_CLUSTER_CLASSIFICATION,MEDIUM,7,2698,301_IF_APPROVED,NO,DRAFT_NOT_EXECUTED,Do not execute before owner approval and final target verification.
https://jus-tice.co.il/thailand-land-purchase-and-ownership-law,UNKNOWN_FINAL_TARGET_NEEDED,UNKNOWN,DO_NOT_TOUCH_HIGH_TRAFFIC_URL,HIGH,56,3719,301_IF_APPROVED,NO,DRAFT_NOT_EXECUTED,Do not execute before owner approval and final target verification.
https://jus-tice.co.il/thailand-real-estate,https://jus-tice.co.il/real-estate-needs-slug-review/,UNKNOWN,DO_NOT_TOUCH_HIGH_TRAFFIC_URL,HIGH,94,5506,301_IF_APPROVED,NO,DRAFT_NOT_EXECUTED,Do not execute before owner approval and final target verification.
https://jus-tice.co.il/the-legal-500,UNKNOWN_FINAL_TARGET_NEEDED,UNKNOWN,NEEDS_CLUSTER_CLASSIFICATION,MEDIUM,3,1022,301_IF_APPROVED,NO,DRAFT_NOT_EXECUTED,Do not execute before owner approval and final target verification.
https://jus-tice.co.il/the-race-for-jurisdiction-family-law,https://jus-tice.co.il/family-law-needs-slug-review/,UNKNOWN,NEEDS_MERGE_REVIEW,LOW,2,613,301_IF_APPROVED,NO,DRAFT_NOT_EXECUTED,Do not execute before owner approval and final target verification.
https://jus-tice.co.il/tma-38-and-urban-renewal-lawyer,UNKNOWN_FINAL_TARGET_NEEDED,UNKNOWN,DO_NOT_TOUCH_HIGH_TRAFFIC_URL,HIGH,1,6061,301_IF_APPROVED,NO,DRAFT_NOT_EXECUTED,Do not execute before owner approval and final target verification.
https://jus-tice.co.il/tma-38-and-urban-renewal-lawyer?amp,UNKNOWN_FINAL_TARGET_NEEDED,UNKNOWN,NEEDS_CLUSTER_CLASSIFICATION,LOW,0,3,301_IF_APPROVED,NO,DRAFT_NOT_EXECUTED,Do not execute before owner approval and final target verification.
https://jus-tice.co.il/top-criminal-lawyer-tel-aviv,https://jus-tice.co.il/criminal-law-needs-slug-review/,UNKNOWN,NEEDS_CONTENT_REVIEW,LOW,0,97,301_IF_APPROVED,NO,DRAFT_NOT_EXECUTED,Do not execute before owner approval and final target verification.
https://jus-tice.co.il/top-global-tax-cpa-firms,https://jus-tice.co.il/tax-law-needs-slug-review/,UNKNOWN,DO_NOT_TOUCH_HIGH_TRAFFIC_URL,HIGH,29,10129,301_IF_APPROVED,NO,DRAFT_NOT_EXECUTED,Do not execute before owner approval and final target verification.
https://jus-tice.co.il/top-international-tax-law-firms,https://jus-tice.co.il/tax-law-needs-slug-review/,UNKNOWN,NEEDS_CONTENT_REVIEW,LOW,1,47,301_IF_APPROVED,NO,DRAFT_NOT_EXECUTED,Do not execute before owner approval and final target verification.
https://jus-tice.co.il/top-lawyers-for-israelis-china,UNKNOWN_FINAL_TARGET_NEEDED,UNKNOWN,DO_NOT_TOUCH_HIGH_TRAFFIC_URL,HIGH,27,5248,301_IF_APPROVED,NO,DRAFT_NOT_EXECUTED,Do not execute before owner approval and final target verification.
https://jus-tice.co.il/tort,UNKNOWN_FINAL_TARGET_NEEDED,UNKNOWN,NEEDS_CLUSTER_CLASSIFICATION,MEDIUM,2,1344,301_IF_APPROVED,NO,DRAFT_NOT_EXECUTED,Do not execute before owner approval and final target verification.
https://jus-tice.co.il/tort-lawyer,UNKNOWN_FINAL_TARGET_NEEDED,UNKNOWN,NEEDS_CLUSTER_CLASSIFICATION,MEDIUM,2,2305,301_IF_APPROVED,NO,DRAFT_NOT_EXECUTED,Do not execute before owner approval and final target verification.
https://jus-tice.co.il/tort-reform,UNKNOWN_FINAL_TARGET_NEEDED,UNKNOWN,NEEDS_CLUSTER_CLASSIFICATION,LOW,6,524,301_IF_APPROVED,NO,DRAFT_NOT_EXECUTED,Do not execute before owner approval and final target verification.
https://jus-tice.co.il/tort/%D7%A4%D7%99%D7%A6%D7%95%D7%99-%D7%AA%D7%90%D7%95%D7%A0%D7%AA-%D7%90%D7%95%D7%A4%D7%A0%D7%95%D7%A2,UNKNOWN_FINAL_TARGET_NEEDED,UNKNOWN,NEEDS_CLUSTER_CLASSIFICATION,LOW,8,455,301_IF_APPROVED,NO,DRAFT_NOT_EXECUTED,Do not execute before owner approval and final target verification.
https://jus-tice.co.il/tort/%D7%A4%D7%A7%D7%95%D7%93%D7%AA-%D7%94%D7%A0%D7%96%D7%99%D7%A7%D7%99%D7%9F-%D7%A0%D7%95%D7%A1%D7%97-%D7%97%D7%93%D7%A9,https://jus-tice.co.il/family-law-needs-slug-review/,UNKNOWN,NEEDS_MERGE_REVIEW,LOW,0,454,301_IF_APPROVED,NO,DRAFT_NOT_EXECUTED,Do not execute before owner approval and final target verification.
https://jus-tice.co.il/traffic-lawyer,https://jus-tice.co.il/traffic-law-needs-slug-review/,UNKNOWN,DO_NOT_TOUCH_HIGH_TRAFFIC_URL,HIGH,0,20330,301_IF_APPROVED,NO,DRAFT_NOT_EXECUTED,Do not execute before owner approval and final target verification.
https://jus-tice.co.il/trusted-divorce-attorney-guide,https://jus-tice.co.il/family-law-needs-slug-review/,UNKNOWN,DO_NOT_TOUCH_HIGH_TRAFFIC_URL,HIGH,2,6447,301_IF_APPROVED,NO,DRAFT_NOT_EXECUTED,Do not execute before owner approval and final target verification.
https://jus-tice.co.il/types-of-lawyers-small-business,UNKNOWN_FINAL_TARGET_NEEDED,UNKNOWN,DO_NOT_TOUCH_HIGH_TRAFFIC_URL,HIGH,38,21508,301_IF_APPROVED,NO,DRAFT_NOT_EXECUTED,Do not execute before owner approval and final target verification.
https://jus-tice.co.il/uk-lawyer,UNKNOWN_FINAL_TARGET_NEEDED,UNKNOWN,DO_NOT_TOUCH_HIGH_TRAFFIC_URL,HIGH,88,4501,301_IF_APPROVED,NO,DRAFT_NOT_EXECUTED,Do not execute before owner approval and final target verification.
https://jus-tice.co.il/ukraine-lawyers,UNKNOWN_FINAL_TARGET_NEEDED,UNKNOWN,DO_NOT_TOUCH_HIGH_TRAFFIC_URL,HIGH,74,2068,301_IF_APPROVED,NO,DRAFT_NOT_EXECUTED,Do not execute before owner approval and final target verification.
https://jus-tice.co.il/unbundled-legal-services,UNKNOWN_FINAL_TARGET_NEEDED,UNKNOWN,NEEDS_CLUSTER_CLASSIFICATION,LOW,0,49,301_IF_APPROVED,NO,DRAFT_NOT_EXECUTED,Do not execute before owner approval and final target verification.
https://jus-tice.co.il/unequal-pension-split-verdict-against-husband,UNKNOWN_FINAL_TARGET_NEEDED,UNKNOWN,NEEDS_CLUSTER_CLASSIFICATION,MEDIUM,28,2428,301_IF_APPROVED,NO,DRAFT_NOT_EXECUTED,Do not execute before owner approval and final target verification.
https://jus-tice.co.il/united-arab-emirates-lawyers,UNKNOWN_FINAL_TARGET_NEEDED,UNKNOWN,DO_NOT_TOUCH_HIGH_TRAFFIC_URL,HIGH,63,4401,301_IF_APPROVED,NO,DRAFT_NOT_EXECUTED,Do not execute before owner approval and final target verification.
https://jus-tice.co.il/united-arab-emirates-market-overview,UNKNOWN_FINAL_TARGET_NEEDED,UNKNOWN,NEEDS_CLUSTER_CLASSIFICATION,LOW,2,191,301_IF_APPROVED,NO,DRAFT_NOT_EXECUTED,Do not execute before owner approval and final target verification.
https://jus-tice.co.il/us-law-aggravating-factors-in-criminal-sentences,https://jus-tice.co.il/criminal-law-needs-slug-review/,UNKNOWN,NEEDS_CONTENT_REVIEW,LOW,2,981,301_IF_APPROVED,NO,DRAFT_NOT_EXECUTED,Do not execute before owner approval and final target verification.
https://jus-tice.co.il/us-lawyer-license-requirements,https://jus-tice.co.il/traffic-law-needs-slug-review/,UNKNOWN,DO_NOT_TOUCH_HIGH_TRAFFIC_URL,HIGH,97,4635,301_IF_APPROVED,NO,DRAFT_NOT_EXECUTED,Do not execute before owner approval and final target verification.
https://jus-tice.co.il/us-securities-and-exchange-commission,UNKNOWN_FINAL_TARGET_NEEDED,UNKNOWN,DO_NOT_TOUCH_HIGH_TRAFFIC_URL,HIGH,52,5418,301_IF_APPROVED,NO,DRAFT_NOT_EXECUTED,Do not execute before owner approval and final target verification.
https://jus-tice.co.il/usa-arraignment-formal-reading-of-criminal-charging,https://jus-tice.co.il/criminal-law-needs-slug-review/,UNKNOWN,NEEDS_CONTENT_REVIEW,MEDIUM,20,1017,301_IF_APPROVED,NO,DRAFT_NOT_EXECUTED,Do not execute before owner approval and final target verification.
https://jus-tice.co.il/usa-lawyers,UNKNOWN_FINAL_TARGET_NEEDED,UNKNOWN,DO_NOT_TOUCH_HIGH_TRAFFIC_URL,HIGH,126,11747,301_IF_APPROVED,NO,DRAFT_NOT_EXECUTED,Do not execute before owner approval and final target verification.
https://jus-tice.co.il/vietnam-lawyer,UNKNOWN_FINAL_TARGET_NEEDED,UNKNOWN,NEEDS_CLUSTER_CLASSIFICATION,LOW,2,178,301_IF_APPROVED,NO,DRAFT_NOT_EXECUTED,Do not execute before owner approval and final target verification.
https://jus-tice.co.il/virtual-law-firm,UNKNOWN_FINAL_TARGET_NEEDED,UNKNOWN,NEEDS_CLUSTER_CLASSIFICATION,MEDIUM,20,2308,301_IF_APPROVED,NO,DRAFT_NOT_EXECUTED,Do not execute before owner approval and final target verification.
https://jus-tice.co.il/vonovia,https://jus-tice.co.il/real-estate-needs-slug-review/,UNKNOWN,NEEDS_CONTENT_REVIEW,MEDIUM,7,2131,301_IF_APPROVED,NO,DRAFT_NOT_EXECUTED,Do not execute before owner approval and final target verification.
https://jus-tice.co.il/wachtell-lipton-rosen-katz,UNKNOWN_FINAL_TARGET_NEEDED,UNKNOWN,NEEDS_CLUSTER_CLASSIFICATION,MEDIUM,30,2554,301_IF_APPROVED,NO,DRAFT_NOT_EXECUTED,Do not execute before owner approval and final target verification.
https://jus-tice.co.il/web-development-agreement,UNKNOWN_FINAL_TARGET_NEEDED,UNKNOWN,DO_NOT_TOUCH_HIGH_TRAFFIC_URL,HIGH,50,1336,301_IF_APPROVED,NO,DRAFT_NOT_EXECUTED,Do not execute before owner approval and final target verification.
https://jus-tice.co.il/weil-gotshal-manges,UNKNOWN_FINAL_TARGET_NEEDED,UNKNOWN,NEEDS_MERGE_REVIEW,LOW,7,935,301_IF_APPROVED,NO,DRAFT_NOT_EXECUTED,Do not execute before owner approval and final target verification.
https://jus-tice.co.il/what-is-a-contract,UNKNOWN_FINAL_TARGET_NEEDED,UNKNOWN,NEEDS_CLUSTER_CLASSIFICATION,LOW,0,557,301_IF_APPROVED,NO,DRAFT_NOT_EXECUTED,Do not execute before owner approval and final target verification.
https://jus-tice.co.il/what-is-a-divorce-settlement-agreement,https://jus-tice.co.il/family-law-needs-slug-review/,UNKNOWN,NEEDS_CONTENT_REVIEW,MEDIUM,0,3587,301_IF_APPROVED,NO,DRAFT_NOT_EXECUTED,Do not execute before owner approval and final target verification.
https://jus-tice.co.il/what-is-a-law-firm,UNKNOWN_FINAL_TARGET_NEEDED,UNKNOWN,DO_NOT_TOUCH_HIGH_TRAFFIC_URL,HIGH,34,10707,301_IF_APPROVED,NO,DRAFT_NOT_EXECUTED,Do not execute before owner approval and final target verification.
https://jus-tice.co.il/what-is-a-probate-order,https://jus-tice.co.il/will/,UNKNOWN,DO_NOT_TOUCH_HIGH_TRAFFIC_URL,HIGH,0,15131,301_IF_APPROVED,NO,DRAFT_NOT_EXECUTED,Do not execute before owner approval and final target verification.
https://jus-tice.co.il/what-is-bitcoin,UNKNOWN_FINAL_TARGET_NEEDED,UNKNOWN,DO_NOT_TOUCH_HIGH_TRAFFIC_URL,HIGH,0,9310,301_IF_APPROVED,NO,DRAFT_NOT_EXECUTED,Do not execute before owner approval and final target verification.
https://jus-tice.co.il/what-is-bitcoin-and-how-does-it-work,UNKNOWN_FINAL_TARGET_NEEDED,UNKNOWN,NEEDS_CLUSTER_CLASSIFICATION,MEDIUM,0,3335,301_IF_APPROVED,NO,DRAFT_NOT_EXECUTED,Do not execute before owner approval and final target verification.
https://jus-tice.co.il/what-is-child-custody,https://jus-tice.co.il/child-custody/,UNKNOWN,DO_NOT_TOUCH_HIGH_TRAFFIC_URL,HIGH,0,6648,301_IF_APPROVED,NO,DRAFT_NOT_EXECUTED,Do not execute before owner approval and final target verification.
https://jus-tice.co.il/what-is-cyberattack,https://jus-tice.co.il/cyber-privacy-needs-slug-review/,UNKNOWN,NEEDS_CONTENT_REVIEW,MEDIUM,3,3260,301_IF_APPROVED,NO,DRAFT_NOT_EXECUTED,Do not execute before owner approval and final target verification.
https://jus-tice.co.il/what-is-intellectual-property,UNKNOWN_FINAL_TARGET_NEEDED,UNKNOWN,NEEDS_CLUSTER_CLASSIFICATION,MEDIUM,1,4371,301_IF_APPROVED,NO,DRAFT_NOT_EXECUTED,Do not execute before owner approval and final target verification.
https://jus-tice.co.il/what-is-justice,UNKNOWN_FINAL_TARGET_NEEDED,UNKNOWN,NEEDS_CLUSTER_CLASSIFICATION,MEDIUM,20,2961,301_IF_APPROVED,NO,DRAFT_NOT_EXECUTED,Do not execute before owner approval and final target verification.
https://jus-tice.co.il/what-is-medical-malpractice-definition-examples,https://jus-tice.co.il/medical-malpractice-lawyer/,UNKNOWN,NEEDS_MERGE_REVIEW,MEDIUM,0,4998,301_IF_APPROVED,NO,DRAFT_NOT_EXECUTED,Do not execute before owner approval and final target verification.
https://jus-tice.co.il/what-is-money-laundering,UNKNOWN_FINAL_TARGET_NEEDED,UNKNOWN,DO_NOT_TOUCH_HIGH_TRAFFIC_URL,HIGH,11,12548,301_IF_APPROVED,NO,DRAFT_NOT_EXECUTED,Do not execute before owner approval and final target verification.
https://jus-tice.co.il/what-should-a-divorce-settlement-agreement-include,https://jus-tice.co.il/family-law-needs-slug-review/,UNKNOWN,DO_NOT_TOUCH_HIGH_TRAFFIC_URL,HIGH,8,6934,301_IF_APPROVED,NO,DRAFT_NOT_EXECUTED,Do not execute before owner approval and final target verification.
https://jus-tice.co.il/what-to-avoid-when-hiring-a-web-design-company,https://jus-tice.co.il/employment-law-needs-slug-review/,UNKNOWN,NEEDS_CONTENT_REVIEW,MEDIUM,1,1707,301_IF_APPROVED,NO,DRAFT_NOT_EXECUTED,Do not execute before owner approval and final target verification.
https://jus-tice.co.il/what-to-consider-when-hiring-a-criminal-lawyer,https://jus-tice.co.il/criminal-law-needs-slug-review/,UNKNOWN,NEEDS_CONTENT_REVIEW,LOW,1,142,301_IF_APPROVED,NO,DRAFT_NOT_EXECUTED,Do not execute before owner approval and final target verification.
https://jus-tice.co.il/what-to-do-now-if-you-are-considering-a-divorce,https://jus-tice.co.il/family-law-needs-slug-review/,UNKNOWN,NEEDS_CONTENT_REVIEW,MEDIUM,1,1508,301_IF_APPROVED,NO,DRAFT_NOT_EXECUTED,Do not execute before owner approval and final target verification.
https://jus-tice.co.il/will-and-testament,https://jus-tice.co.il/inheritance-wills-needs-slug-review/,UNKNOWN,NEEDS_CONTENT_REVIEW,MEDIUM,0,1484,301_IF_APPROVED,NO,DRAFT_NOT_EXECUTED,Do not execute before owner approval and final target verification.
https://jus-tice.co.il/will-probate-objection,https://jus-tice.co.il/inheritance-wills-needs-slug-review/,UNKNOWN,DO_NOT_TOUCH_HIGH_TRAFFIC_URL,HIGH,11,14894,301_IF_APPROVED,NO,DRAFT_NOT_EXECUTED,Do not execute before owner approval and final target verification.
https://jus-tice.co.il/women-lawyer-vs-men-divorce-lawyer,https://jus-tice.co.il/family-law-needs-slug-review/,UNKNOWN,NEEDS_CONTENT_REVIEW,LOW,0,91,301_IF_APPROVED,NO,DRAFT_NOT_EXECUTED,Do not execute before owner approval and final target verification.
https://jus-tice.co.il/working-permit-for-foreign-workers,UNKNOWN_FINAL_TARGET_NEEDED,UNKNOWN,DO_NOT_TOUCH_HIGH_TRAFFIC_URL,HIGH,3,15903,301_IF_APPROVED,NO,DRAFT_NOT_EXECUTED,Do not execute before owner approval and final target verification.
https://jus-tice.co.il/wp-content/uploads/2019/03/%D7%91%D7%99%D7%94%D7%93-%D7%94%D7%90%D7%96%D7%95%D7%A8%D7%99-%D7%9C%D7%A2%D7%91%D7%95%D7%93%D7%94-%D7%91%D7%AA%D7%90-%D7%94%D7%A0%D7%A9%D7%99%D7%90%D7%94-%D7%90%D7%A4%D7%A8%D7%AA-%D7%9C%D7%A7%D7%A1%D7%A8-%D7%94%D7%97%D7%9C%D7%98%D7%94-%D7%91%D7%A0%D7%95%D7%A9%D7%90-%D7%9E%D7%A2%D7%91%D7%A8%D7%99-%D7%94%D7%92%D7%91%D7%95%D7%9C.pdf,https://jus-tice.co.il/employment-law-needs-slug-review/,UNKNOWN,NEEDS_CONTENT_REVIEW,LOW,0,31,301_IF_APPROVED,NO,DRAFT_NOT_EXECUTED,Do not execute before owner approval and final target verification.
https://jus-tice.co.il/wp-content/uploads/2019/03/%D7%91%D7%99%D7%94%D7%93-%D7%94%D7%90%D7%96%D7%95%D7%A8%D7%99-%D7%9C%D7%A2%D7%91%D7%95%D7%93%D7%94-%D7%91%D7%AA%D7%90-%D7%A9-%D7%93%D7%95%D7%A8%D7%99-%D7%A1%D7%A4%D7%99%D7%91%D7%A7-%D7%90%D7%99%D7%A9%D7%95%D7%A8-%D7%AA%D7%95%D7%91%D7%A2%D7%A0%D7%94-%D7%99%D7%99%D7%A6%D7%95%D7%92%D7%99%D7%AA-%D7%A2%D7%95%D7%91%D7%93%D7%99-%D7%9E%D7%95%D7%A7%D7%93-%D7%98%D7%9C%D7%A4%D7%95%D7%A0%D7%99-%D7%AA%D7%A9%D7%9C%D7%95%D7%9D-%D7%A9%D7%9B%D7%A8-%D7%A2%D7%91%D7%95%D7%93%D7%94-%D7%A2%D7%91%D7%95%D7%A8-%D7%94%D7%A4%D7%A1%D7%A7%D7%95%D7%AA-%D7%A7%D7%A6%D7%A8%D7%95%D7%AA.pdf,https://jus-tice.co.il/employment-law-needs-slug-review/,UNKNOWN,NEEDS_CONTENT_REVIEW,LOW,0,21,301_IF_APPROVED,NO,DRAFT_NOT_EXECUTED,Do not execute before owner approval and final target verification.
https://jus-tice.co.il/wp-content/uploads/2019/03/%D7%91%D7%99%D7%94%D7%93-%D7%94%D7%90%D7%96%D7%95%D7%A8%D7%99-%D7%9C%D7%A2%D7%91%D7%95%D7%93%D7%94-%D7%91%D7%AA%D7%90-%D7%A9-%D7%93%D7%A8-%D7%90%D7%A8%D7%99%D7%90%D7%9C%D7%94-%D7%92%D7%99%D7%9C%D7%A6%D7%A8-%D7%9B%D7%A5-%D7%94%D7%97%D7%9C%D7%98%D7%94-%D7%91%D7%A0%D7%95%D7%A9%D7%90-%D7%A7%D7%A4%D7%94-%D7%A0%D7%95%D7%90%D7%A8-%D7%AA%D7%99%D7%A7-%D7%A1%D7%A7-25618-09-17.pdf,https://jus-tice.co.il/employment-law-needs-slug-review/,UNKNOWN,NEEDS_CONTENT_REVIEW,LOW,2,165,301_IF_APPROVED,NO,DRAFT_NOT_EXECUTED,Do not execute before owner approval and final target verification.
https://jus-tice.co.il/wp-content/uploads/2019/03/%D7%91%D7%99%D7%94%D7%93-%D7%94%D7%90%D7%96%D7%95%D7%A8%D7%99-%D7%9C%D7%A2%D7%91%D7%95%D7%93%D7%94-%D7%91%D7%AA%D7%90-%D7%A9-%D7%AA%D7%95%D7%9E%D7%A8-%D7%A1%D7%99%D7%9C%D7%95%D7%A8%D7%94-%D7%A4%D7%A1%D7%93-%D7%91%D7%A0%D7%95%D7%A9%D7%90-%D7%94%D7%A9%D7%95%D7%95%D7%90%D7%AA-%D7%AA%D7%A0%D7%90%D7%99%D7%9D-%D7%91%D7%9E%D7%A2%D7%95%D7%A0%D7%95%D7%AA-%D7%99%D7%95%D7%9D-%D7%95%D7%92%D7%A0%D7%99%D7%9D-%D7%91%D7%97%D7%99%D7%A0%D7%95%D7%9A-%D7%94%D7%97%D7%A8%D7%93%D7%99-1.pdf,https://jus-tice.co.il/employment-law-needs-slug-review/,UNKNOWN,NEEDS_CONTENT_REVIEW,LOW,1,16,301_IF_APPROVED,NO,DRAFT_NOT_EXECUTED,Do not execute before owner approval and final target verification.
https://jus-tice.co.il/wp-content/uploads/2019/03/%D7%91%D7%99%D7%94%D7%93-%D7%94%D7%90%D7%96%D7%95%D7%A8%D7%99-%D7%9C%D7%A2%D7%91%D7%95%D7%93%D7%94-%D7%99%D7%A8%D7%95%D7%A9%D7%9C%D7%99%D7%9D-%D7%A9-%D7%A9%D7%A8%D7%94-%D7%A9%D7%93%D7%99%D7%90%D7%95%D7%A8-%D7%94%D7%97%D7%9C%D7%98%D7%94-%D7%91%D7%A0%D7%95%D7%A9%D7%90-%D7%A2%D7%99%D7%9B%D7%95%D7%91-%D7%99%D7%A6%D7%99%D7%90%D7%94-%D7%9E%D7%94%D7%90%D7%A8%D7%A5.pdf,https://jus-tice.co.il/employment-law-needs-slug-review/,UNKNOWN,NEEDS_CONTENT_REVIEW,MEDIUM,15,264,301_IF_APPROVED,NO,DRAFT_NOT_EXECUTED,Do not execute before owner approval and final target verification.
https://jus-tice.co.il/wp-content/uploads/2019/03/%D7%91%D7%99%D7%94%D7%93-%D7%94%D7%90%D7%96%D7%95%D7%A8%D7%99-%D7%9C%D7%A2%D7%91%D7%95%D7%93%D7%94-%D7%A9-%D7%A2%D7%99%D7%93%D7%99%D7%AA-%D7%90%D7%99%D7%A6%D7%A7%D7%95%D7%91%D7%99%D7%A5-%D7%90%D7%95%D7%A9%D7%A8%D7%94-%D7%AA%D7%95%D7%91%D7%A2%D7%A0%D7%94-%D7%99%D7%99%D7%A6%D7%95%D7%92%D7%99%D7%AA-%D7%A0%D7%99%D7%9B%D7%95%D7%99-%D7%A9%D7%9C%D7%90-%D7%9B%D7%93%D7%99%D7%9F-%D7%9E%D7%A9%D7%9B%D7%A8%D7%9D-%D7%A9%D7%9C-%D7%9E%D7%98%D7%A4%D7%9C%D7%99%D7%9D-%D7%A1%D7%99%D7%A2%D7%95%D7%93%D7%99%D7%99%D7%9D.pdf,https://jus-tice.co.il/employment-law-needs-slug-review/,UNKNOWN,NEEDS_CONTENT_REVIEW,LOW,0,46,301_IF_APPROVED,NO,DRAFT_NOT_EXECUTED,Do not execute before owner approval and final target verification.
https://jus-tice.co.il/wp-content/uploads/2019/03/%D7%91%D7%99%D7%94%D7%93-%D7%94%D7%90%D7%96%D7%95%D7%A8%D7%99-%D7%9C%D7%A2%D7%91%D7%95%D7%93%D7%94-%D7%AA%D7%90-%D7%A9-%D7%90%D7%95%D7%A8%D7%9F-%D7%A9%D7%92%D7%91-%D7%A4%D7%A1%D7%93-%D7%91%D7%A2%D7%A0%D7%99%D7%99%D7%9F-%D7%90%D7%97%D7%A8%D7%99%D7%95%D7%AA-%D7%91%D7%99%D7%98%D7%95%D7%97-%D7%9C%D7%90%D7%95%D7%9E%D7%99-%D7%9C%D7%98%D7%99%D7%A4%D7%95%D7%9C-%D7%91%D7%97%D7%95%D7%9C%D7%94-%D7%A1%D7%A8%D7%98%D7%9F.pdf,https://jus-tice.co.il/employment-law-needs-slug-review/,UNKNOWN,NEEDS_CONTENT_REVIEW,LOW,1,20,301_IF_APPROVED,NO,DRAFT_NOT_EXECUTED,Do not execute before owner approval and final target verification.
https://jus-tice.co.il/wp-content/uploads/2019/03/%D7%91%D7%99%D7%94%D7%93-%D7%94%D7%90%D7%96%D7%95%D7%A8%D7%99-%D7%9C%D7%A2%D7%91%D7%95%D7%93%D7%94-%D7%AA%D7%90-%D7%A9-%D7%93%D7%95%D7%A8%D7%99-%D7%A1%D7%A4%D7%99%D7%91%D7%A7-%D7%A4%D7%A1%D7%A7-%D7%93%D7%99%D7%9F-%D7%91%D7%A0%D7%95%D7%A9%D7%90-%D7%96%D7%9B%D7%95%D7%99%D7%95%D7%AA-%D7%A2%D7%95%D7%91%D7%93%D7%99-%D7%91%D7%98%D7%97%D7%95%D7%9F-%D7%90%D7%9C-%D7%A2%D7%9C.pdf,https://jus-tice.co.il/employment-law-needs-slug-review/,UNKNOWN,NEEDS_CONTENT_REVIEW,LOW,6,496,301_IF_APPROVED,NO,DRAFT_NOT_EXECUTED,Do not execute before owner approval and final target verification.
https://jus-tice.co.il/wp-content/uploads/2019/03/%D7%91%D7%99%D7%94%D7%93-%D7%94%D7%90%D7%96%D7%95%D7%A8%D7%99-%D7%9C%D7%A2%D7%91%D7%95%D7%93%D7%94-%D7%AA%D7%90-%D7%A9-%D7%A0%D7%98%D7%A2-%D7%A8%D7%95%D7%AA-%D7%A4%D7%A1%D7%93-%D7%91%D7%A0%D7%95%D7%92%D7%A2-%D7%9C%D7%99%D7%97%D7%A1%D7%99%D7%9D-%D7%A8%D7%95%D7%9E%D7%A0%D7%98%D7%99%D7%99%D7%9D-%D7%95%D7%99%D7%97%D7%A1%D7%99-%D7%A2%D7%91%D7%95%D7%93%D7%94-%D7%94%D7%9E%D7%AA%D7%A7%D7%99%D7%99%D7%9E%D7%99%D7%9D-%D7%91%D7%9E%D7%A7%D7%91%D7%99%D7%9C-%D7%A1%D7%A2%D7%A9-15058-07-12.pdf,https://jus-tice.co.il/employment-law-needs-slug-review/,UNKNOWN,NEEDS_CONTENT_REVIEW,LOW,0,3,301_IF_APPROVED,NO,DRAFT_NOT_EXECUTED,Do not execute before owner approval and final target verification.
https://jus-tice.co.il/wp-content/uploads/2019/03/%D7%91%D7%99%D7%94%D7%93-%D7%94%D7%90%D7%96%D7%95%D7%A8%D7%99-%D7%9C%D7%A2%D7%91%D7%95%D7%93%D7%94-%D7%AA%D7%90-%D7%A9-%D7%A8%D7%95%D7%99%D7%AA-%D7%A6%D7%93%D7%99%D7%A7-%D7%A4%D7%A1%D7%A7-%D7%93%D7%99%D7%9F-%D7%91%D7%A2%D7%A0%D7%99%D7%99%D7%9F-%D7%96%D7%9B%D7%95%D7%99%D7%95%D7%AA-%D7%A2%D7%95%D7%91%D7%93%D7%99%D7%9D-%D7%91%D7%A2%D7%A0%D7%A3-%D7%94%D7%A9%D7%9E%D7%99%D7%A8%D7%94.pdf,https://jus-tice.co.il/employment-law-needs-slug-review/,UNKNOWN,NEEDS_CONTENT_REVIEW,LOW,3,718,301_IF_APPROVED,NO,DRAFT_NOT_EXECUTED,Do not execute before owner approval and final target verification.
https://jus-tice.co.il/wp-content/uploads/2019/03/%D7%91%D7%99%D7%94%D7%93-%D7%94%D7%90%D7%99%D7%96%D7%95%D7%A8%D7%99-%D7%9C%D7%A2%D7%91%D7%95%D7%93%D7%94-%D7%91%D7%91%D7%90%D7%A8-%D7%A9%D7%91%D7%A2-%D7%94%D7%A9%D7%95%D7%A4%D7%98-%D7%A6%D7%91%D7%99-%D7%A4%D7%A8%D7%A0%D7%A7%D7%9C-%D7%A4%D7%A1%D7%93-%D7%91%D7%A0%D7%95%D7%A9%D7%90-%D7%AA%D7%91%D7%99%D7%A2%D7%94-%D7%90%D7%99%D7%A9%D7%99%D7%AA-%D7%A0%D7%92%D7%93-%D7%9E%D7%A0%D7%9B%D7%9C-%D7%91%D7%A0%D7%A7-%D7%94%D7%A4%D7%95%D7%A2%D7%9C%D7%99%D7%9D-%D7%91%D7%92%D7%99%D7%9F-%D7%94%D7%AA%D7%A2%D7%9E%D7%A8%D7%95%D7%AA-%D7%91%D7%A2%D7%91%D7%95%D7%93%D7%94.pdf,https://jus-tice.co.il/legal-database-rulings-needs-slug-review/,UNKNOWN,NEEDS_CONTENT_REVIEW,LOW,0,20,301_IF_APPROVED,NO,DRAFT_NOT_EXECUTED,Do not execute before owner approval and final target verification.
https://jus-tice.co.il/wp-content/uploads/2019/03/%D7%91%D7%99%D7%94%D7%93-%D7%94%D7%90%D7%99%D7%96%D7%95%D7%A8%D7%99-%D7%9C%D7%A2%D7%91%D7%95%D7%93%D7%94-%D7%91%D7%A0%D7%A6%D7%A8%D7%AA-%D7%A9-%D7%98%D7%9C-%D7%92%D7%95%D7%9C%D7%9F-%D7%A4%D7%A1%D7%93-%D7%91%D7%AA%D7%91%D7%99%D7%A2%D7%95%D7%AA-%D7%94%D7%93%D7%93%D7%99%D7%95%D7%AA-%D7%A9%D7%9C-%D7%97%D7%91%D7%A8%D7%94-%D7%9C%D7%99%D7%99%D7%A6%D7%95%D7%A8-%D7%99%D7%A8%D7%99%D7%A2%D7%95%D7%AA-%D7%A4%D7%9C%D7%A1%D7%98%D7%99%D7%A7-%D7%9C%D7%97%D7%A7%D7%9C%D7%90%D7%95%D7%AA-%D7%95%D7%9E%D7%A0%D7%9B%D7%9C-%D7%94%D7%97%D7%91%D7%A8%D7%94-%D7%9C%D7%A9%D7%A2%D7%91%D7%A8.pdf,https://jus-tice.co.il/employment-law-needs-slug-review/,UNKNOWN,NEEDS_CONTENT_REVIEW,LOW,4,150,301_IF_APPROVED,NO,DRAFT_NOT_EXECUTED,Do not execute before owner approval and final target verification.
https://jus-tice.co.il/wp-content/uploads/2019/03/%D7%91%D7%99%D7%94%D7%93-%D7%94%D7%90%D7%99%D7%96%D7%95%D7%A8%D7%99-%D7%9C%D7%A2%D7%91%D7%95%D7%93%D7%94-%D7%91%D7%A9-%D7%A9-%D7%A6%D7%91%D7%99-%D7%A4%D7%A8%D7%A0%D7%A7%D7%9C-%D7%A4%D7%A1%D7%93-%D7%91%D7%A0%D7%95%D7%A9%D7%90-%D7%9E%D7%99%D7%A7%D7%A8%D7%95%D7%98%D7%A8%D7%90%D7%95%D7%9E%D7%94-%D7%91%D7%A2%D7%91%D7%95%D7%93%D7%94-%D7%A9%D7%94%D7%AA%D7%A0%D7%94%D7%9C%D7%94-%D7%A2%D7%9C-%D7%A4%D7%A0%D7%99-%D7%97%D7%93%D7%A9%D7%99%D7%9D-%D7%A1%D7%A4%D7%95%D7%A8%D7%99%D7%9D-%D7%91%D7%9C%D7%91%D7%93.pdf,https://jus-tice.co.il/legal-database-rulings-needs-slug-review/,UNKNOWN,NEEDS_CONTENT_REVIEW,LOW,1,186,301_IF_APPROVED,NO,DRAFT_NOT_EXECUTED,Do not execute before owner approval and final target verification.
https://jus-tice.co.il/wp-content/uploads/2019/03/%D7%91%D7%99%D7%94%D7%93-%D7%94%D7%90%D7%99%D7%96%D7%95%D7%A8%D7%99-%D7%9C%D7%A2%D7%91%D7%95%D7%93%D7%94-%D7%A0%D7%A6%D7%A8%D7%AA-%D7%A9-%D7%93%D7%A8-%D7%98%D7%9C-%D7%92%D7%95%D7%9C%D7%9F-%D7%A4%D7%A1%D7%93-%D7%91%D7%AA%D7%91%D7%99%D7%A2%D7%AA-%D7%94%D7%98%D7%A8%D7%93%D7%94-%D7%9E%D7%99%D7%A0%D7%99%D7%AA-%D7%91%D7%90%D7%A7%D7%93%D7%9E%D7%99%D7%94.pdf,https://jus-tice.co.il/employment-law-needs-slug-review/,UNKNOWN,NEEDS_CONTENT_REVIEW,LOW,4,500,301_IF_APPROVED,NO,DRAFT_NOT_EXECUTED,Do not execute before owner approval and final target verification.
https://jus-tice.co.il/wp-content/uploads/2019/03/%D7%91%D7%99%D7%94%D7%93-%D7%94%D7%90%D7%A8%D7%A6%D7%99-%D7%9C%D7%A2%D7%91%D7%95%D7%93%D7%94-%D7%94%D7%A0%D7%A9%D7%99%D7%90%D7%94-%D7%95%D7%99%D7%A8%D7%98-%D7%9C%D7%99%D7%91%D7%A0%D7%94-%D7%A4%D7%A1%D7%93-%D7%91%D7%A0%D7%95%D7%A9%D7%90-%D7%A7%D7%95%D7%A8%D7%A1-%D7%9E%D7%A9%D7%A4%D7%99%D7%A2%D7%99%D7%9D-%D7%A9%D7%9C-%D7%A0%D7%A6%D7%99%D7%91%D7%95%D7%AA-%D7%A9%D7%99%D7%A8%D7%95%D7%AA-%D7%94%D7%9E%D7%93%D7%99%D7%A0%D7%94.pdf,https://jus-tice.co.il/employment-law-needs-slug-review/,UNKNOWN,NEEDS_MERGE_REVIEW,LOW,0,31,301_IF_APPROVED,NO,DRAFT_NOT_EXECUTED,Do not execute before owner approval and final target verification.
https://jus-tice.co.il/wp-content/uploads/2019/03/%D7%91%D7%99%D7%94%D7%93-%D7%94%D7%90%D7%A8%D7%A6%D7%99-%D7%9C%D7%A2%D7%91%D7%95%D7%93%D7%94-%D7%94%D7%A8%D7%9B%D7%91-%D7%94%D7%A0%D7%A9%D7%99%D7%90-%D7%99%D7%92%D7%90%D7%9C-%D7%A4%D7%9C%D7%99%D7%98%D7%9E%D7%9F-%D7%A4%D7%A1%D7%93-%D7%91%D7%A0%D7%95%D7%A9%D7%90-%D7%96%D7%9B%D7%90%D7%95%D7%AA%D7%9D-%D7%A9%D7%9C-%D7%93%D7%A8%D7%99-%D7%A8%D7%97%D7%95%D7%91-%D7%9C%D7%92%D7%9E%D7%9C%D7%AA-%D7%94%D7%91%D7%98%D7%97%D7%AA-%D7%94%D7%9B%D7%A0%D7%A1%D7%94-%D7%95%D7%9C%D7%90%D7%95%D7%A4%D7%9F-%D7%91%D7%97%D7%99%D7%A0%D7%AA%D7%94.pdf,https://jus-tice.co.il/employment-law-needs-slug-review/,UNKNOWN,NEEDS_CONTENT_REVIEW,LOW,0,47,301_IF_APPROVED,NO,DRAFT_NOT_EXECUTED,Do not execute before owner approval and final target verification.
https://jus-tice.co.il/wp-content/uploads/2019/03/%D7%91%D7%99%D7%94%D7%93-%D7%94%D7%90%D7%A8%D7%A6%D7%99-%D7%9C%D7%A2%D7%91%D7%95%D7%93%D7%94-%D7%94%D7%A8%D7%9B%D7%91-%D7%94%D7%A0%D7%A9%D7%99%D7%90-%D7%99%D7%92%D7%90%D7%9C-%D7%A4%D7%9C%D7%99%D7%98%D7%9E%D7%9F-%D7%A4%D7%A1%D7%93-%D7%91%D7%A0%D7%95%D7%A9%D7%90-%D7%A4%D7%99%D7%A6%D7%95%D7%99%D7%99-%D7%A4%D7%99%D7%98%D7%95%D7%A8%D7%99%D7%9F-%D7%94%D7%A4%D7%A8%D7%A9%D7%99-%D7%A9%D7%9B%D7%A8-%D7%95%D7%93%D7%9E%D7%99-%D7%94%D7%91%D7%A8%D7%90%D7%94-%D7%A9%D7%9C-%D7%90%D7%91-%D7%9C%D7%91%D7%A0%D7%95.pdf,https://jus-tice.co.il/employment-law-needs-slug-review/,UNKNOWN,NEEDS_CONTENT_REVIEW,LOW,0,10,301_IF_APPROVED,NO,DRAFT_NOT_EXECUTED,Do not execute before owner approval and final target verification.
https://jus-tice.co.il/wp-content/uploads/2019/03/%D7%91%D7%99%D7%94%D7%93-%D7%94%D7%90%D7%A8%D7%A6%D7%99-%D7%9C%D7%A2%D7%91%D7%95%D7%93%D7%94-%D7%94%D7%A8%D7%9B%D7%91-%D7%94%D7%A0%D7%A9%D7%99%D7%90-%D7%99%D7%92%D7%90%D7%9C-%D7%A4%D7%9C%D7%99%D7%98%D7%9E%D7%9F-%D7%A4%D7%A1%D7%93-%D7%91%D7%A2%D7%A0%D7%99%D7%99%D7%9F-%D7%94%D7%90%D7%A8%D7%9B%D7%AA-%D7%9E%D7%95%D7%A2%D7%93-%D7%9C%D7%A2%D7%A8%D7%A2%D7%95%D7%A8-%D7%A2%D7%9C-%D7%94%D7%97%D7%9C%D7%98%D7%95%D7%AA-%D7%95%D7%A2%D7%93%D7%95%D7%AA-%D7%A2%D7%A8%D7%A8-%D7%95%D7%92%D7%95%D7%A4%D7%99%D7%9D-%D7%90%D7%97%D7%A8%D7%99%D7%9D.pdf,https://jus-tice.co.il/employment-law-needs-slug-review/,UNKNOWN,NEEDS_CONTENT_REVIEW,LOW,7,315,301_IF_APPROVED,NO,DRAFT_NOT_EXECUTED,Do not execute before owner approval and final target verification.
https://jus-tice.co.il/wp-content/uploads/2019/03/%D7%91%D7%99%D7%94%D7%93-%D7%94%D7%90%D7%A8%D7%A6%D7%99-%D7%9C%D7%A2%D7%91%D7%95%D7%93%D7%94-%D7%A9-%D7%90%D7%99%D7%9C%D7%9F-%D7%A1%D7%95%D7%A4%D7%A8-%D7%A4%D7%A1%D7%93-%D7%91%D7%A0%D7%95%D7%A9%D7%90-%D7%92%D7%A0%D7%99%D7%91%D7%94-%D7%A1%D7%A4%D7%A8%D7%95%D7%AA%D7%99%D7%AA-%D7%A2%D7%A2-2664-04-17.pdf,https://jus-tice.co.il/employment-law-needs-slug-review/,UNKNOWN,NEEDS_CONTENT_REVIEW,LOW,0,2,301_IF_APPROVED,NO,DRAFT_NOT_EXECUTED,Do not execute before owner approval and final target verification.
https://jus-tice.co.il/wp-content/uploads/2019/03/%D7%91%D7%99%D7%94%D7%93-%D7%94%D7%90%D7%A8%D7%A6%D7%99-%D7%9C%D7%A2%D7%91%D7%95%D7%93%D7%94-%D7%A9-%D7%90%D7%99%D7%9C%D7%9F-%D7%A1%D7%95%D7%A4%D7%A8-%D7%A4%D7%A1%D7%93-%D7%A2%D7%A2-35779-05-17-%D7%91%D7%A2%D7%A0%D7%99%D7%99%D7%9F-%D7%94-%D7%97%D7%99%D7%95%D7%91-%D7%A8%D7%90%D7%A9-%D7%A2%D7%99%D7%A8-%D7%95%D7%92%D7%96%D7%91%D7%A8-%D7%9C%D7%A9%D7%A2%D7%91%D7%A8-%D7%9C%D7%94%D7%A9%D7%99%D7%91-%D7%9E%D7%9B%D7%99%D7%A1%D7%9D-%D7%A2%D7%A9%D7%A8%D7%95%D7%AA-%D7%90%D7%9C%D7%A4%D7%99-%E2%82%AA.pdf,https://jus-tice.co.il/employment-law-needs-slug-review/,UNKNOWN,NEEDS_CONTENT_REVIEW,LOW,2,17,301_IF_APPROVED,NO,DRAFT_NOT_EXECUTED,Do not execute before owner approval and final target verification.
https://jus-tice.co.il/wp-content/uploads/2019/03/%D7%91%D7%99%D7%94%D7%93-%D7%94%D7%90%D7%A8%D7%A6%D7%99-%D7%9C%D7%A2%D7%91%D7%95%D7%93%D7%94-%D7%A9-%D7%92%D7%9C%D7%99%D7%A7%D7%A1%D7%9E%D7%9F-%D7%94%D7%9E%D7%A6%D7%90%D7%AA-%D7%9B%D7%AA%D7%91%D7%99-%D7%91%D7%99-%D7%93%D7%99%D7%9F-%D7%91%D7%90%D7%9E%D7%A6%D7%A2%D7%95%D7%AA-%D7%A0%D7%98-%D7%94%D7%9E%D7%A9%D7%A4%D7%98.pdf,https://jus-tice.co.il/employment-law-needs-slug-review/,UNKNOWN,NEEDS_CONTENT_REVIEW,LOW,9,928,301_IF_APPROVED,NO,DRAFT_NOT_EXECUTED,Do not execute before owner approval and final target verification.
https://jus-tice.co.il/wp-content/uploads/2019/03/%D7%91%D7%99%D7%94%D7%93-%D7%94%D7%90%D7%A8%D7%A6%D7%99-%D7%9C%D7%A2%D7%91%D7%95%D7%93%D7%94-%D7%A9-%D7%93%D7%95%D7%99%D7%93%D7%95%D7%91-%D7%9E%D7%95%D7%98%D7%95%D7%9C%D7%94-%D7%94%D7%92%D7%93%D7%A8%D7%AA-%D7%90%D7%93%D7%9D-%D7%A2%D7%9D-%D7%9E%D7%95%D7%92%D7%91%D7%9C%D7%95%D7%AA.pdf,https://jus-tice.co.il/employment-law-needs-slug-review/,UNKNOWN,NEEDS_CONTENT_REVIEW,LOW,0,98,301_IF_APPROVED,NO,DRAFT_NOT_EXECUTED,Do not execute before owner approval and final target verification.
https://jus-tice.co.il/wp-content/uploads/2019/03/%D7%91%D7%99%D7%94%D7%93-%D7%94%D7%90%D7%A8%D7%A6%D7%99-%D7%9C%D7%A2%D7%91%D7%95%D7%93%D7%94-%D7%A9-%D7%93%D7%95%D7%99%D7%93%D7%95%D7%91-%D7%9E%D7%95%D7%98%D7%95%D7%9C%D7%94-%D7%A4%D7%A1%D7%93-%D7%A2%D7%91%D7%9C-33292-04-15-%D7%94%D7%9E%D7%95%D7%A1%D7%93-%D7%9C%D7%91%D7%99%D7%98%D7%95%D7%97-%D7%9C%D7%90%D7%95%D7%9E%D7%99-%D7%A4%D7%9C%D7%95%D7%A0%D7%99%D7%AA-%D7%A2%D7%9C-%D7%A2%D7%A7%D7%A8%D7%AA-%D7%91%D7%99%D7%AA-%D7%95%D7%A2%D7%A7%D7%A8%D7%AA-%D7%91%D7%99%D7%AA-%D7%A0%D7%9B%D7%94.pdf,https://jus-tice.co.il/employment-law-needs-slug-review/,UNKNOWN,NEEDS_CONTENT_REVIEW,MEDIUM,12,138,301_IF_APPROVED,NO,DRAFT_NOT_EXECUTED,Do not execute before owner approval and final target verification.
https://jus-tice.co.il/wp-content/uploads/2019/03/%D7%91%D7%99%D7%94%D7%93-%D7%94%D7%90%D7%A8%D7%A6%D7%99-%D7%9C%D7%A2%D7%91%D7%95%D7%93%D7%94-%D7%A9-%D7%9C%D7%90%D7%94-%D7%92%D7%9C%D7%99%D7%A7%D7%A1%D7%9E%D7%9F-%D7%A2%D7%95%D7%91%D7%93%D7%99%D7%9D-%D7%A4%D7%9C%D7%A1%D7%98%D7%99%D7%A0%D7%99%D7%9D-%D7%94%D7%9E%D7%95%D7%A2%D7%A1%D7%A7%D7%99%D7%9D-%D7%91%D7%9E%D7%99%D7%A0%D7%94%D7%9C-%D7%94%D7%90%D7%96%D7%A8%D7%97%D7%99-%D7%96%D7%9B%D7%90%D7%99%D7%9D-%D7%9C%D7%A9%D7%9B%D7%A8-%D7%9E%D7%99%D7%A0%D7%99%D7%9E%D7%95%D7%9D.pdf,https://jus-tice.co.il/employment-law-needs-slug-review/,UNKNOWN,NEEDS_CONTENT_REVIEW,MEDIUM,27,950,301_IF_APPROVED,NO,DRAFT_NOT_EXECUTED,Do not execute before owner approval and final target verification.
https://jus-tice.co.il/wp-content/uploads/2019/03/%D7%91%D7%99%D7%94%D7%93-%D7%94%D7%90%D7%A8%D7%A6%D7%99-%D7%9C%D7%A2%D7%91%D7%95%D7%93%D7%94-%D7%A9-%D7%9C%D7%90%D7%94-%D7%92%D7%9C%D7%99%D7%A7%D7%A1%D7%9E%D7%9F-%D7%A4%D7%A1%D7%93-%D7%91%D7%A2%D7%A0%D7%99%D7%99%D7%9F-%D7%A4%D7%99%D7%98%D7%95%D7%A8%D7%99-%D7%A2%D7%95%D7%91%D7%93%D7%99%D7%9D-%D7%A9%D7%94%D7%95%D7%A2%D7%A1%D7%A7%D7%95-%D7%91%D7%A0%D7%99%D7%92%D7%A8%D7%99%D7%94-%D7%95%D7%A4%D7%95%D7%A8%D7%95%D7%9D-%D7%9C%D7%90-%D7%A0%D7%90%D7%95%D7%AA.pdf,https://jus-tice.co.il/employment-law-needs-slug-review/,UNKNOWN,NEEDS_CONTENT_REVIEW,LOW,9,161,301_IF_APPROVED,NO,DRAFT_NOT_EXECUTED,Do not execute before owner approval and final target verification.
https://jus-tice.co.il/wp-content/uploads/2019/03/%D7%91%D7%99%D7%94%D7%93-%D7%94%D7%90%D7%A8%D7%A6%D7%99-%D7%9C%D7%A2%D7%91%D7%95%D7%93%D7%94-%D7%A9-%D7%A8%D7%95%D7%A0%D7%99%D7%AA-%D7%A8%D7%95%D7%96%D7%A0%D7%A4%D7%9C%D7%93-%D7%A4%D7%A1%D7%93-%D7%91%D7%A0%D7%95%D7%A9%D7%90-%D7%90%D7%A8%D7%92%D7%95%D7%9F-%D7%A2%D7%95%D7%91%D7%93%D7%99%D7%9D-%D7%99%D7%A6%D7%99%D7%92-%D7%A9%D7%9C-%D7%94%D7%92%D7%A0%D7%A0%D7%95%D7%AA-%D7%94%D7%9E%D7%97%D7%A0%D7%9B%D7%95%D7%AA-%D7%91%D7%99%D7%A9%D7%A8%D7%90%D7%9C.pdf,https://jus-tice.co.il/employment-law-needs-slug-review/,UNKNOWN,NEEDS_CONTENT_REVIEW,LOW,1,25,301_IF_APPROVED,NO,DRAFT_NOT_EXECUTED,Do not execute before owner approval and final target verification.
https://jus-tice.co.il/wp-content/uploads/2019/03/%D7%91%D7%99%D7%94%D7%93-%D7%94%D7%90%D7%A8%D7%A6%D7%99-%D7%9C%D7%A2%D7%91%D7%95%D7%93%D7%94-%D7%A9-%D7%A8%D7%95%D7%A0%D7%99%D7%AA-%D7%A8%D7%95%D7%96%D7%A0%D7%A4%D7%9C%D7%93-%D7%A4%D7%A1%D7%93-%D7%91%D7%A0%D7%95%D7%A9%D7%90-%D7%94%D7%A4%D7%9C%D7%99%D7%99%D7%AA-%D7%90%D7%99%D7%A9%D7%94-%D7%91%D7%A7%D7%91%D7%9C%D7%94-%D7%9C%D7%A2%D7%91%D7%95%D7%93%D7%94.pdf,https://jus-tice.co.il/employment-law-needs-slug-review/,UNKNOWN,NEEDS_CONTENT_REVIEW,LOW,0,43,301_IF_APPROVED,NO,DRAFT_NOT_EXECUTED,Do not execute before owner approval and final target verification.
https://jus-tice.co.il/wp-content/uploads/2019/03/%D7%91%D7%99%D7%94%D7%93-%D7%94%D7%90%D7%A8%D7%A6%D7%99-%D7%9C%D7%A2%D7%91%D7%95%D7%93%D7%94-%D7%A9-%D7%A8%D7%95%D7%A0%D7%99%D7%AA-%D7%A8%D7%95%D7%96%D7%A0%D7%A4%D7%9C%D7%93-%D7%A4%D7%A1%D7%93-%D7%91%D7%A2%D7%A0%D7%99%D7%99%D7%9F-%D7%96%D7%9B%D7%90%D7%95%D7%AA-%D7%92%D7%A8%D7%95%D7%A9%D7%94-%D7%91%D7%9E%D7%A9%D7%A4%D7%97%D7%94-%D7%A4%D7%95%D7%9C%D7%99%D7%92%D7%9E%D7%99%D7%AA-%D7%9C%D7%94%D7%91%D7%98%D7%97%D7%AA-%D7%94%D7%9B%D7%A0%D7%A1%D7%94-%D7%A0%D7%A4%D7%A8%D7%93%D7%AA.pdf,https://jus-tice.co.il/family-law-needs-slug-review/,UNKNOWN,NEEDS_CONTENT_REVIEW,LOW,1,161,301_IF_APPROVED,NO,DRAFT_NOT_EXECUTED,Do not execute before owner approval and final target verification.
https://jus-tice.co.il/wp-content/uploads/2019/03/%D7%91%D7%99%D7%94%D7%93-%D7%94%D7%90%D7%A8%D7%A6%D7%99-%D7%9C%D7%A2%D7%91%D7%95%D7%93%D7%94-%D7%A9-%D7%A8%D7%95%D7%A2%D7%99-%D7%A4%D7%95%D7%9C%D7%99%D7%90%D7%A7-%D7%93%D7%97%D7%99%D7%99%D7%AA-%D7%A2%D7%A8%D7%A2%D7%95%D7%A8-%D7%91%D7%AA%D7%91%D7%99%D7%A2%D7%94-%D7%A2%D7%9C-%D7%A1%D7%99%D7%95%D7%9D-%D7%94%D7%A2%D7%A1%D7%A7%D7%94-%D7%91%D7%90%D7%AA%D7%A8-%D7%90%D7%99%D7%A0%D7%98%D7%A8%D7%A0%D7%98-%D7%90%D7%99%D7%A8%D7%95%D7%98%D7%99.pdf,https://jus-tice.co.il/employment-law-needs-slug-review/,UNKNOWN,NEEDS_MERGE_REVIEW,LOW,0,25,301_IF_APPROVED,NO,DRAFT_NOT_EXECUTED,Do not execute before owner approval and final target verification.
https://jus-tice.co.il/wp-content/uploads/2019/03/%D7%91%D7%99%D7%94%D7%93-%D7%9C%D7%A2%D7%91%D7%95%D7%93%D7%94-%D7%A0%D7%A6%D7%A8%D7%AA-%D7%A9-%D7%98%D7%9C-%D7%92%D7%95%D7%9C%D7%9F-%D7%A4%D7%A1%D7%93-%D7%91%D7%A0%D7%95%D7%A9%D7%90-%D7%94%D7%A2%D7%A1%D7%A7%D7%AA-%D7%A2%D7%95%D7%91%D7%93-%D7%90%D7%A8%D7%99%D7%AA%D7%A8%D7%90%D7%99-%D7%91%D7%97%D7%95%D7%A3-%D7%98%D7%91%D7%A8%D7%99%D7%94.pdf,https://jus-tice.co.il/employment-law-needs-slug-review/,UNKNOWN,NEEDS_CONTENT_REVIEW,LOW,2,63,301_IF_APPROVED,NO,DRAFT_NOT_EXECUTED,Do not execute before owner approval and final target verification.
https://jus-tice.co.il/wp-content/uploads/2019/03/%D7%91%D7%99%D7%AA-%D7%94%D7%93%D7%99%D7%9F-%D7%94%D7%90%D7%96%D7%95%D7%A8%D7%99-%D7%9C%D7%A2%D7%91%D7%95%D7%93%D7%94-%D7%AA%D7%90-%D7%A9-%D7%90%D7%95%D7%A8%D7%9F-%D7%A9%D7%92%D7%91-%D7%A4%D7%A1%D7%93-%D7%91%D7%A0%D7%95%D7%A9%D7%90-%D7%90%D7%99%D7%A9%D7%95%D7%A8-%D7%AA%D7%A8%D7%95%D7%A4%D7%94-%D7%9C%D7%9E%D7%97%D7%9C%D7%AA-%D7%94%D7%93%D7%95%D7%A9%D7%9F-%D7%9C%D7%99%D7%9C%D7%93-%D7%91%D7%9F-11.pdf,https://jus-tice.co.il/employment-law-needs-slug-review/,UNKNOWN,NEEDS_CONTENT_REVIEW,LOW,1,41,301_IF_APPROVED,NO,DRAFT_NOT_EXECUTED,Do not execute before owner approval and final target verification.
https://jus-tice.co.il/wp-content/uploads/2019/03/hoksangeoriatsiburit.pdf,UNKNOWN_FINAL_TARGET_NEEDED,UNKNOWN,NEEDS_CLUSTER_CLASSIFICATION,LOW,0,158,301_IF_APPROVED,NO,DRAFT_NOT_EXECUTED,Do not execute before owner approval and final target verification.
https://jus-tice.co.il/wp-content/uploads/2019/06/shanton_2018.pdf,UNKNOWN_FINAL_TARGET_NEEDED,UNKNOWN,NEEDS_CLUSTER_CLASSIFICATION,LOW,0,152,301_IF_APPROVED,NO,DRAFT_NOT_EXECUTED,Do not execute before owner approval and final target verification.
https://jus-tice.co.il/wp-content/uploads/2019/11/agreement-balance-blur-business-261664-300x225.jpg,UNKNOWN_FINAL_TARGET_NEEDED,UNKNOWN,NEEDS_CLUSTER_CLASSIFICATION,LOW,0,1,301_IF_APPROVED,NO,DRAFT_NOT_EXECUTED,Do not execute before owner approval and final target verification.
https://jus-tice.co.il/wp-content/uploads/2020/01/%D7%9B%D7%AA%D7%91-%D7%AA%D7%91%D7%99%D7%A2%D7%94-%D7%AA.%D7%A2-18.09.2023-%D7%A7%D7%95%D7%93-%D7%94%D7%98%D7%95%D7%A4%D7%A1-305-016-05.pdf,UNKNOWN_FINAL_TARGET_NEEDED,UNKNOWN,NEEDS_CLUSTER_CLASSIFICATION,LOW,2,83,301_IF_APPROVED,NO,DRAFT_NOT_EXECUTED,Do not execute before owner approval and final target verification.
https://jus-tice.co.il/wp-content/uploads/2020/01/%D7%9E%D7%93%D7%99%D7%A0%D7%99%D7%95%D7%AA-%D7%AA%D7%9E%D7%90-38-%D7%AA%D7%90-9086.pdf,UNKNOWN_FINAL_TARGET_NEEDED,UNKNOWN,NEEDS_CLUSTER_CLASSIFICATION,MEDIUM,9,2578,301_IF_APPROVED,NO,DRAFT_NOT_EXECUTED,Do not execute before owner approval and final target verification.
https://jus-tice.co.il/wp-content/uploads/2020/01/UK-Physical-Activity-Guidelines-2019-Hebrew.pdf,UNKNOWN_FINAL_TARGET_NEEDED,UNKNOWN,NEEDS_CLUSTER_CLASSIFICATION,LOW,5,270,301_IF_APPROVED,NO,DRAFT_NOT_EXECUTED,Do not execute before owner approval and final target verification.
https://jus-tice.co.il/wp-content/uploads/2020/01/hana_v9.32.88s.pdf,https://jus-tice.co.il/traffic-law-needs-slug-review/,UNKNOWN,DO_NOT_TOUCH_HIGH_TRAFFIC_URL,HIGH,11,8096,301_IF_APPROVED,NO,DRAFT_NOT_EXECUTED,Do not execute before owner approval and final target verification.
https://jus-tice.co.il/wp-content/uploads/2020/02/%D7%94%D7%AA%D7%9C%D7%99%D7%99%D7%AA-%D7%A9%D7%9C%D7%99%D7%9C%D7%AA-%D7%A8%D7%A9%D7%99%D7%95%D7%A0%D7%95%D7%AA-%D7%9E%D7%A9%D7%A8%D7%93-%D7%94%D7%91%D7%A8%D7%99%D7%90%D7%95%D7%AA.pdf,https://jus-tice.co.il/license-suspension/,UNKNOWN,DO_NOT_TOUCH_HIGH_TRAFFIC_URL,HIGH,99,4133,301_IF_APPROVED,NO,DRAFT_NOT_EXECUTED,Do not execute before owner approval and final target verification.
https://jus-tice.co.il/wp-content/uploads/2020/02/%D7%98%D7%95%D7%A4%D7%A1-%D7%94%D7%A6%D7%94%D7%A8%D7%94-%D7%91%D7%99%D7%93%D7%95%D7%93-%D7%A2%D7%95%D7%91%D7%93-%D7%A7%D7%95%D7%A8%D7%95%D7%A0%D7%94-2020.docx,https://jus-tice.co.il/employment-law-needs-slug-review/,UNKNOWN,NEEDS_CONTENT_REVIEW,LOW,0,264,301_IF_APPROVED,NO,DRAFT_NOT_EXECUTED,Do not execute before owner approval and final target verification.
https://jus-tice.co.il/wp-content/uploads/2020/03/%D7%91%D7%92%D7%A5-214520..pdf,UNKNOWN_FINAL_TARGET_NEEDED,UNKNOWN,NEEDS_CLUSTER_CLASSIFICATION,LOW,0,11,301_IF_APPROVED,NO,DRAFT_NOT_EXECUTED,Do not execute before owner approval and final target verification.
https://jus-tice.co.il/wp-content/uploads/2020/03/%D7%98%D7%95%D7%A4%D7%A1-%D7%97%D7%95%D7%91%D7%94-%D7%A2%D7%9C-%D7%9B%D7%9C-%D7%A2%D7%95%D7%91%D7%93-%D7%A9%D7%9E%D7%92%D7%99%D7%A2-%D7%9C%D7%A2%D7%91%D7%95%D7%93%D7%94-%D7%97%D7%95%D7%9D-%D7%A9%D7%99%D7%A2%D7%95%D7%9C-%D7%95%D7%A0%D7%A9%D7%99%D7%9E%D7%94.pdf,https://jus-tice.co.il/employment-law-needs-slug-review/,UNKNOWN,NEEDS_CONTENT_REVIEW,LOW,0,1,301_IF_APPROVED,NO,DRAFT_NOT_EXECUTED,Do not execute before owner approval and final target verification.
https://jus-tice.co.il/wp-content/uploads/2020/03/%D7%99%D7%9C%D7%A7%D7%95%D7%98-%D7%94%D7%A4%D7%A8%D7%A1%D7%95%D7%9E%D7%99%D7%9D-8755.pdf,UNKNOWN_FINAL_TARGET_NEEDED,UNKNOWN,NEEDS_CLUSTER_CLASSIFICATION,LOW,1,47,301_IF_APPROVED,NO,DRAFT_NOT_EXECUTED,Do not execute before owner approval and final target verification.
https://jus-tice.co.il/wp-content/uploads/2020/03/4_6033055889705928071.pdf,https://jus-tice.co.il/employment-law-needs-slug-review/,UNKNOWN,NEEDS_MERGE_REVIEW,LOW,0,90,301_IF_APPROVED,NO,DRAFT_NOT_EXECUTED,Do not execute before owner approval and final target verification.
https://jus-tice.co.il/wp-content/uploads/2020/03/57594-05-18.pdf,UNKNOWN_FINAL_TARGET_NEEDED,UNKNOWN,NEEDS_CLUSTER_CLASSIFICATION,LOW,0,33,301_IF_APPROVED,NO,DRAFT_NOT_EXECUTED,Do not execute before owner approval and final target verification.
https://jus-tice.co.il/wp-content/uploads/2020/03/IMhealthy.pdf,UNKNOWN_FINAL_TARGET_NEEDED,UNKNOWN,NEEDS_CLUSTER_CLASSIFICATION,LOW,0,24,301_IF_APPROVED,NO,DRAFT_NOT_EXECUTED,Do not execute before owner approval and final target verification.
https://jus-tice.co.il/wp-content/uploads/2020/04/%D7%9E%D7%99%D7%93%D7%A2-%D7%AA%D7%A8%D7%95%D7%A4%D7%AA%D7%99-%D7%A2%D7%9C-%D7%AA%D7%A8%D7%95%D7%A4%D7%95%D7%AA-%D7%94%D7%A0%D7%9E%D7%A6%D7%90%D7%95%D7%AA-%D7%91%D7%A9%D7%99%D7%9E%D7%95%D7%A9-%D7%9C%D7%98%D7%99%D7%A4%D7%95%D7%9C-%D7%91-%E2%80%93-COVID-19-%D7%91%D7%9E%D7%91%D7%95%D7%92%D7%A8%D7%99%D7%9D.pdf,UNKNOWN_FINAL_TARGET_NEEDED,UNKNOWN,NEEDS_CLUSTER_CLASSIFICATION,LOW,0,87,301_IF_APPROVED,NO,DRAFT_NOT_EXECUTED,Do not execute before owner approval and final target verification.
https://jus-tice.co.il/wp-content/uploads/2020/04/%D7%A0%D7%95%D7%94%D7%9C-%D7%A8%D7%A9%D7%95%D7%AA-%D7%94%D7%97%D7%99%D7%A8%D7%95%D7%9D-%D7%94%D7%9C%D7%90%D7%95%D7%9E%D7%99%D7%AA-%D7%90%D7%96%D7%95%D7%A8-%D7%9E%D7%95%D7%92%D7%91%D7%9C-%D7%A0%D7%92%D7%99%D7%A3-%D7%94%D7%A7%D7%95%D7%A8%D7%95%D7%A0%D7%94-%D7%94%D7%97%D7%93%D7%A9.pdf,UNKNOWN_FINAL_TARGET_NEEDED,UNKNOWN,NEEDS_CLUSTER_CLASSIFICATION,LOW,0,7,301_IF_APPROVED,NO,DRAFT_NOT_EXECUTED,Do not execute before owner approval and final target verification.
https://jus-tice.co.il/wp-content/uploads/2020/06/giusovdimravgoni.pdf,UNKNOWN_FINAL_TARGET_NEEDED,UNKNOWN,NEEDS_CLUSTER_CLASSIFICATION,LOW,0,15,301_IF_APPROVED,NO,DRAFT_NOT_EXECUTED,Do not execute before owner approval and final target verification.
https://jus-tice.co.il/wp-content/uploads/2020/09/%D7%A6%D7%95%D7%95%D7%90%D7%94.docx,https://jus-tice.co.il/will/,UNKNOWN,NEEDS_CONTENT_REVIEW,LOW,0,85,301_IF_APPROVED,NO,DRAFT_NOT_EXECUTED,Do not execute before owner approval and final target verification.
https://jus-tice.co.il/wp-content/uploads/2020/10/%D7%AA%D7%A7%D7%A6%D7%99%D7%A8-7023-19.pdf,UNKNOWN_FINAL_TARGET_NEEDED,UNKNOWN,NEEDS_CLUSTER_CLASSIFICATION,LOW,8,744,301_IF_APPROVED,NO,DRAFT_NOT_EXECUTED,Do not execute before owner approval and final target verification.
https://jus-tice.co.il/wp-content/uploads/2020/10/civilrights.pdf,UNKNOWN_FINAL_TARGET_NEEDED,UNKNOWN,NEEDS_CLUSTER_CLASSIFICATION,LOW,0,16,301_IF_APPROVED,NO,DRAFT_NOT_EXECUTED,Do not execute before owner approval and final target verification.
https://jus-tice.co.il/wp-content/uploads/2020/11/%D7%A8%D7%95%D7%96%D7%95%D7%91-%D7%A0-%D7%9E%D7%93%D7%99%D7%A0%D7%AA-%D7%99%D7%A9%D7%A8%D7%90%D7%9C.pdf,UNKNOWN_FINAL_TARGET_NEEDED,UNKNOWN,NEEDS_CLUSTER_CLASSIFICATION,MEDIUM,37,1179,301_IF_APPROVED,NO,DRAFT_NOT_EXECUTED,Do not execute before owner approval and final target verification.
https://jus-tice.co.il/wp-content/uploads/2021/02/%D7%A9%D7%9B%D7%A8-%D7%98%D7%A8%D7%97%D7%AA-%D7%A1%D7%A0%D7%99%D7%92%D7%95%D7%A8-%D7%A4%D7%9C%D7%99%D7%9C%D7%99-2023.pdf,https://jus-tice.co.il/criminal-law-needs-slug-review/,UNKNOWN,NEEDS_CONTENT_REVIEW,LOW,1,12,301_IF_APPROVED,NO,DRAFT_NOT_EXECUTED,Do not execute before owner approval and final target verification.
https://jus-tice.co.il/wp-content/uploads/2021/02/inheritance_he-1.doc,https://jus-tice.co.il/inheritance-wills-needs-slug-review/,UNKNOWN,NEEDS_CONTENT_REVIEW,MEDIUM,2,1789,301_IF_APPROVED,NO,DRAFT_NOT_EXECUTED,Do not execute before owner approval and final target verification.
https://jus-tice.co.il/wp-content/uploads/2021/02/inheritence-order-form-300x186.jpg,UNKNOWN_FINAL_TARGET_NEEDED,UNKNOWN,NEEDS_MERGE_REVIEW,LOW,0,3,301_IF_APPROVED,NO,DRAFT_NOT_EXECUTED,Do not execute before owner approval and final target verification.
https://jus-tice.co.il/wp-content/uploads/2021/02/tashirhistalkut-1-300x220.jpg,UNKNOWN_FINAL_TARGET_NEEDED,UNKNOWN,NEEDS_MERGE_REVIEW,LOW,0,4,301_IF_APPROVED,NO,DRAFT_NOT_EXECUTED,Do not execute before owner approval and final target verification.
https://jus-tice.co.il/wp-content/uploads/2021/03/%D7%94%D7%A1%D7%9B%D7%9D-%D7%92%D7%99%D7%A8%D7%95%D7%A9%D7%99%D7%9F-2021-%D7%9C%D7%94%D7%95%D7%A8%D7%93%D7%94-300x196.jpg,https://jus-tice.co.il/divorce-agreement/,UNKNOWN,NEEDS_CONTENT_REVIEW,LOW,0,3,301_IF_APPROVED,NO,DRAFT_NOT_EXECUTED,Do not execute before owner approval and final target verification.
https://jus-tice.co.il/wp-content/uploads/2021/03/%D7%A0%D7%95%D7%A1%D7%97-%D7%94%D7%A1%D7%9B%D7%9D-%D7%92%D7%99%D7%A8%D7%95%D7%A9%D7%99%D7%9F-%D7%93%D7%95%D7%92%D7%9E%D7%90-2021.docx,https://jus-tice.co.il/divorce-agreement/,UNKNOWN,DO_NOT_TOUCH_HIGH_TRAFFIC_URL,HIGH,18,10193,301_IF_APPROVED,NO,DRAFT_NOT_EXECUTED,Do not execute before owner approval and final target verification.
https://jus-tice.co.il/wp-content/uploads/2021/05/services_marvad_application-form.pdf,https://jus-tice.co.il/medical-malpractice-needs-slug-review/,UNKNOWN,NEEDS_CONTENT_REVIEW,MEDIUM,11,86,301_IF_APPROVED,NO,DRAFT_NOT_EXECUTED,Do not execute before owner approval and final target verification.
https://jus-tice.co.il/wp-content/uploads/2021/05/services_marvad_traffic-offenses-consent-form.pdf,https://jus-tice.co.il/criminal-law-needs-slug-review/,UNKNOWN,NEEDS_CONTENT_REVIEW,LOW,6,40,301_IF_APPROVED,NO,DRAFT_NOT_EXECUTED,Do not execute before owner approval and final target verification.
https://jus-tice.co.il/wp-content/uploads/2021/06/%D7%97%D7%A7%D7%99%D7%A7%D7%94-25.08.19.pdf,UNKNOWN_FINAL_TARGET_NEEDED,UNKNOWN,NEEDS_CLUSTER_CLASSIFICATION,LOW,1,93,301_IF_APPROVED,NO,DRAFT_NOT_EXECUTED,Do not execute before owner approval and final target verification.
https://jus-tice.co.il/wp-content/uploads/2021/06/27.12.18.docx,UNKNOWN_FINAL_TARGET_NEEDED,UNKNOWN,NEEDS_CLUSTER_CLASSIFICATION,LOW,0,2,301_IF_APPROVED,NO,DRAFT_NOT_EXECUTED,Do not execute before owner approval and final target verification.
https://jus-tice.co.il/wp-content/uploads/2021/06/joint-custody-shared-parenting.jpg,https://jus-tice.co.il/family-law-needs-slug-review/,UNKNOWN,NEEDS_CONTENT_REVIEW,LOW,0,2,301_IF_APPROVED,NO,DRAFT_NOT_EXECUTED,Do not execute before owner approval and final target verification.
https://jus-tice.co.il/wp-content/uploads/2021/07/ChildCustody.pdf,https://jus-tice.co.il/child-custody/,UNKNOWN,DO_NOT_TOUCH_HIGH_TRAFFIC_URL,HIGH,3,5148,301_IF_APPROVED,NO,DRAFT_NOT_EXECUTED,Do not execute before owner approval and final target verification.
https://jus-tice.co.il/wp-content/uploads/2021/08/%D7%A4%D7%A1%D7%93-44598-12-12.pdf,https://jus-tice.co.il/legal-database-rulings-needs-slug-review/,UNKNOWN,NEEDS_CONTENT_REVIEW,LOW,0,2,301_IF_APPROVED,NO,DRAFT_NOT_EXECUTED,Do not execute before owner approval and final target verification.
https://jus-tice.co.il/wp-content/uploads/2021/08/seven-reasons.jpg,UNKNOWN_FINAL_TARGET_NEEDED,UNKNOWN,NEEDS_CLUSTER_CLASSIFICATION,LOW,0,1,301_IF_APPROVED,NO,DRAFT_NOT_EXECUTED,Do not execute before owner approval and final target verification.
https://jus-tice.co.il/wp-content/uploads/2022/02/22963-11-19.pdf,UNKNOWN_FINAL_TARGET_NEEDED,UNKNOWN,NEEDS_CLUSTER_CLASSIFICATION,LOW,1,15,301_IF_APPROVED,NO,DRAFT_NOT_EXECUTED,Do not execute before owner approval and final target verification.
https://jus-tice.co.il/wp-content/uploads/2022/02/AK0087-03-2.pdf,UNKNOWN_FINAL_TARGET_NEEDED,UNKNOWN,NEEDS_CLUSTER_CLASSIFICATION,LOW,0,56,301_IF_APPROVED,NO,DRAFT_NOT_EXECUTED,Do not execute before owner approval and final target verification.
https://jus-tice.co.il/wp-content/uploads/2022/02/PG-0039.pdf,https://jus-tice.co.il/criminal-law-needs-slug-review/,UNKNOWN,NEEDS_CONTENT_REVIEW,LOW,8,698,301_IF_APPROVED,NO,DRAFT_NOT_EXECUTED,Do not execute before owner approval and final target verification.
https://jus-tice.co.il/wp-content/uploads/2022/02/Police-History-1-2019-Sharon-Geva.pdf,https://jus-tice.co.il/criminal-law-needs-slug-review/,UNKNOWN,NEEDS_CONTENT_REVIEW,LOW,0,2,301_IF_APPROVED,NO,DRAFT_NOT_EXECUTED,Do not execute before owner approval and final target verification.
https://jus-tice.co.il/wp-content/uploads/2022/02/israel-police-300x270.jpg,https://jus-tice.co.il/criminal-law-needs-slug-review/,UNKNOWN,NEEDS_CONTENT_REVIEW,LOW,0,6,301_IF_APPROVED,NO,DRAFT_NOT_EXECUTED,Do not execute before owner approval and final target verification.
https://jus-tice.co.il/wp-content/uploads/2022/03/%D7%A7%D7%98%D7%92%D7%95%D7%A8%D7%99%D7%94_%D7%A4%D7%A1%D7%A7%D7%99_%D7%93%D7%99%D7%9F_%D7%A4%D7%9C%D7%99%D7%9C%D7%99%D7%99%D7%9D_%D7%91%D7%99%D7%A9%D7%A8%D7%90%D7%9C.pdf,https://jus-tice.co.il/criminal-law-needs-slug-review/,UNKNOWN,NEEDS_CONTENT_REVIEW,LOW,5,159,301_IF_APPROVED,NO,DRAFT_NOT_EXECUTED,Do not execute before owner approval and final target verification.
https://jus-tice.co.il/wp-content/uploads/2022/06/%D7%9E%D7%98%D7%91%D7%A2%D7%95%D7%AA-%D7%93%D7%99%D7%92%D7%99%D7%98%D7%9C%D7%99%D7%99%D7%9D-9.pdf,https://jus-tice.co.il/cyber-privacy-needs-slug-review/,UNKNOWN,NEEDS_CONTENT_REVIEW,MEDIUM,11,3213,301_IF_APPROVED,NO,DRAFT_NOT_EXECUTED,Do not execute before owner approval and final target verification.
https://jus-tice.co.il/wp-content/uploads/2022/06/%D7%A0%D7%99%D7%94%D7%95%D7%9C-%D7%AA%D7%91%D7%99%D7%A2%D7%AA-%D7%92%D7%99%D7%A8%D7%95%D7%A9%D7%99%D7%9F-%D7%9E%D7%97%D7%95%D7%9C-%D7%91%D7%90%D7%9E%D7%A6%D7%A2%D7%95%D7%AA-%D7%9E%D7%95%D7%A8%D7%A9%D7%94-%D7%95%D7%96%D7%95%D7%9D-%D7%9B%D7%90%D7%A9%D7%A8-%D7%94%D7%A0%D7%AA%D7%91%D7%A2-%D7%9E%D7%AA%D7%A0%D7%92%D7%93-1268530-3-%D7%91%D7%99%D7%94%D7%93-%D7%90%D7%A9%D7%A7%D7%9C%D7%95%D7%9F.docx,https://jus-tice.co.il/family-law-needs-slug-review/,UNKNOWN,NEEDS_CONTENT_REVIEW,LOW,1,10,301_IF_APPROVED,NO,DRAFT_NOT_EXECUTED,Do not execute before owner approval and final target verification.
https://jus-tice.co.il/wp-content/uploads/2022/06/06102016_1.pdf,UNKNOWN_FINAL_TARGET_NEEDED,UNKNOWN,DO_NOT_TOUCH_HIGH_TRAFFIC_URL,HIGH,615,5158,301_IF_APPROVED,NO,DRAFT_NOT_EXECUTED,Do not execute before owner approval and final target verification.
https://jus-tice.co.il/wp-content/uploads/2022/06/41004.pdf,UNKNOWN_FINAL_TARGET_NEEDED,UNKNOWN,DO_NOT_TOUCH_HIGH_TRAFFIC_URL,HIGH,59,1413,301_IF_APPROVED,NO,DRAFT_NOT_EXECUTED,Do not execute before owner approval and final target verification.
https://jus-tice.co.il/wp-content/uploads/2022/06/4_lsr_209049.pdf,UNKNOWN_FINAL_TARGET_NEEDED,UNKNOWN,NEEDS_CLUSTER_CLASSIFICATION,LOW,0,977,301_IF_APPROVED,NO,DRAFT_NOT_EXECUTED,Do not execute before owner approval and final target verification.
https://jus-tice.co.il/wp-content/uploads/2022/06/54111-Law-Firms-in-the-US-Industry-Report.pdf,UNKNOWN_FINAL_TARGET_NEEDED,UNKNOWN,DO_NOT_TOUCH_HIGH_TRAFFIC_URL,HIGH,30,6339,301_IF_APPROVED,NO,DRAFT_NOT_EXECUTED,Do not execute before owner approval and final target verification.
https://jus-tice.co.il/wp-content/uploads/2022/06/CRYPTOCURRENCY-CERT-IL-W-403.pdf,UNKNOWN_FINAL_TARGET_NEEDED,UNKNOWN,NEEDS_CLUSTER_CLASSIFICATION,LOW,0,63,301_IF_APPROVED,NO,DRAFT_NOT_EXECUTED,Do not execute before owner approval and final target verification.
https://jus-tice.co.il/wp-content/uploads/2022/06/misradhamishpatim-women.pdf,https://jus-tice.co.il/divorce-lawyer/,UNKNOWN,NEEDS_MERGE_REVIEW,MEDIUM,4,1738,301_IF_APPROVED,NO,DRAFT_NOT_EXECUTED,Do not execute before owner approval and final target verification.
https://jus-tice.co.il/wp-content/uploads/2022/06/profile-04.pdf,UNKNOWN_FINAL_TARGET_NEEDED,UNKNOWN,NEEDS_CLUSTER_CLASSIFICATION,LOW,0,6,301_IF_APPROVED,NO,DRAFT_NOT_EXECUTED,Do not execute before owner approval and final target verification.
https://jus-tice.co.il/wp-content/uploads/2022/06/yesod10.pdf,https://jus-tice.co.il/legal-database-rulings-needs-slug-review/,UNKNOWN,NEEDS_CONTENT_REVIEW,LOW,0,156,301_IF_APPROVED,NO,DRAFT_NOT_EXECUTED,Do not execute before owner approval and final target verification.
https://jus-tice.co.il/wp-content/uploads/2022/09/14_lsr_211481.pdf,UNKNOWN_FINAL_TARGET_NEEDED,UNKNOWN,NEEDS_CLUSTER_CLASSIFICATION,LOW,0,3,301_IF_APPROVED,NO,DRAFT_NOT_EXECUTED,Do not execute before owner approval and final target verification.
https://jus-tice.co.il/wp-content/uploads/2022/10/%D7%AA%D7%96%D7%9B%D7%99%D7%A8-%D7%97%D7%95%D7%A7-%D7%9C%D7%AA%D7%99%D7%A7%D7%95%D7%9F-%D7%A4%D7%A7%D7%95%D7%93%D7%AA-%D7%A1%D7%93%D7%A8-%D7%94%D7%93%D7%99%D7%9F-%D7%94%D7%A4%D7%9C%D7%99%D7%9C%D7%99-%D7%9E%D7%A2%D7%A6%D7%A8-%D7%95%D7%97%D7%99%D7%A4%D7%95%D7%A9-%D7%AA%D7%99%D7%A7%D7%95%D7%9F-%D7%9E%D7%A1...-%D7%A2%D7%99%D7%9C%D7%95%D7%AA-%D7%97%D7%99%D7%A4%D7%95%D7%A9-%D7%91%D7%9E%D7%A7%D7%95%D7%9D-%D7%9C%D7%9C%D7%90-%D7%A6%D7%95-%D7%91%D7%99%D7%AA-%D7%9E%D7%A9%D7%A4%D7%98-%D7%94%D7%AA%D7%A9%D7%A4-%D7%91-2021.docx,https://jus-tice.co.il/pretrial-detention/,UNKNOWN,NEEDS_CONTENT_REVIEW,LOW,2,632,301_IF_APPROVED,NO,DRAFT_NOT_EXECUTED,Do not execute before owner approval and final target verification.
https://jus-tice.co.il/wp-content/uploads/2022/10/Regulations-21.pdf,UNKNOWN_FINAL_TARGET_NEEDED,UNKNOWN,NEEDS_CLUSTER_CLASSIFICATION,LOW,0,2,301_IF_APPROVED,NO,DRAFT_NOT_EXECUTED,Do not execute before owner approval and final target verification.
https://jus-tice.co.il/wp-content/uploads/2022/10/companyregistrationform2-2.doc,UNKNOWN_FINAL_TARGET_NEEDED,UNKNOWN,NEEDS_CLUSTER_CLASSIFICATION,LOW,0,17,301_IF_APPROVED,NO,DRAFT_NOT_EXECUTED,Do not execute before owner approval and final target verification.
https://jus-tice.co.il/wp-content/uploads/2022/10/shareholder-statement.docx,UNKNOWN_FINAL_TARGET_NEEDED,UNKNOWN,NEEDS_CLUSTER_CLASSIFICATION,LOW,0,1,301_IF_APPROVED,NO,DRAFT_NOT_EXECUTED,Do not execute before owner approval and final target verification.
https://jus-tice.co.il/wp-content/uploads/2023/01/Zchuyot_01.pdf,https://jus-tice.co.il/medical-malpractice-needs-slug-review/,UNKNOWN,NEEDS_CONTENT_REVIEW,LOW,0,447,301_IF_APPROVED,NO,DRAFT_NOT_EXECUTED,Do not execute before owner approval and final target verification.
https://jus-tice.co.il/wp-content/uploads/2023/02/%D7%91%D7%A7%D7%A9%D7%AA-%D7%9E%D7%A2%D7%A6%D7%A8-%D7%93%D7%A7%D7%99%D7%A8%D7%94-%D7%97%D7%95%D7%9C%D7%95%D7%9F-.pdf,https://jus-tice.co.il/pretrial-detention/,UNKNOWN,NEEDS_MERGE_REVIEW,MEDIUM,13,92,301_IF_APPROVED,NO,DRAFT_NOT_EXECUTED,Do not execute before owner approval and final target verification.
https://jus-tice.co.il/wp-content/uploads/2023/02/%D7%9B%D7%AA%D7%91-%D7%90%D7%99%D7%A9%D7%95%D7%9D-%D7%97%D7%95%D7%9C%D7%95%D7%9F-.pdf,https://jus-tice.co.il/criminal-law-needs-slug-review/,UNKNOWN,NEEDS_MERGE_REVIEW,LOW,6,95,301_IF_APPROVED,NO,DRAFT_NOT_EXECUTED,Do not execute before owner approval and final target verification.
https://jus-tice.co.il/wp-content/uploads/2023/03/%D7%A1%D7%A4%D7%A8-%D7%94%D7%97%D7%95%D7%A7%D7%99%D7%9D-2998.pdf,UNKNOWN_FINAL_TARGET_NEEDED,UNKNOWN,NEEDS_CLUSTER_CLASSIFICATION,MEDIUM,24,807,301_IF_APPROVED,NO,DRAFT_NOT_EXECUTED,Do not execute before owner approval and final target verification.
https://jus-tice.co.il/wp-content/uploads/2023/03/%D7%A4%D7%A8%D7%98%D7%99-%D7%A7%D7%A9%D7%A8-%D7%9E%D7%A2%D7%A8%D7%9B%D7%AA-%D7%94%D7%9E%D7%A9%D7%A4%D7%98-%D7%A7%D7%A4%D7%A8%D7%99%D7%A1%D7%99%D7%9F.pdf,UNKNOWN_FINAL_TARGET_NEEDED,UNKNOWN,NEEDS_CLUSTER_CLASSIFICATION,MEDIUM,12,687,301_IF_APPROVED,NO,DRAFT_NOT_EXECUTED,Do not execute before owner approval and final target verification.
https://jus-tice.co.il/wp-content/uploads/2023/03/%D7%A7%D7%A4%D7%A8%D7%99%D7%A1%D7%99%D7%9F-%D7%9E%D7%A9%D7%A8%D7%93%D7%99-%D7%A2%D7%95%D7%A8%D7%9B%D7%99-%D7%93%D7%99%D7%9F-%D7%A8%D7%A9%D7%99%D7%9E%D7%94.pdf,UNKNOWN_FINAL_TARGET_NEEDED,UNKNOWN,NEEDS_CLUSTER_CLASSIFICATION,LOW,5,210,301_IF_APPROVED,NO,DRAFT_NOT_EXECUTED,Do not execute before owner approval and final target verification.
https://jus-tice.co.il/wp-content/uploads/2023/03/%D7%AA%D7%9E%D7%A6%D7%99%D7%AA-%D7%A9%D7%94%D7%95%D7%A7%D7%A8%D7%90%D7%94-%D7%91%D7%90%D7%95%D7%9C%D7%9D-%D7%94%D7%9B%D7%93-%D7%96%D7%93%D7%95%D7%A8%D7%95%D7%91502-07.doc,UNKNOWN_FINAL_TARGET_NEEDED,UNKNOWN,NEEDS_CLUSTER_CLASSIFICATION,LOW,0,44,301_IF_APPROVED,NO,DRAFT_NOT_EXECUTED,Do not execute before owner approval and final target verification.
https://jus-tice.co.il/wp-content/uploads/2023/03/001-156-aggliko.pdf,UNKNOWN_FINAL_TARGET_NEEDED,UNKNOWN,NEEDS_CLUSTER_CLASSIFICATION,LOW,0,2,301_IF_APPROVED,NO,DRAFT_NOT_EXECUTED,Do not execute before owner approval and final target verification.
https://jus-tice.co.il/wp-content/uploads/2023/03/15_lsr_300273.pdf,UNKNOWN_FINAL_TARGET_NEEDED,UNKNOWN,NEEDS_CLUSTER_CLASSIFICATION,LOW,0,514,301_IF_APPROVED,NO,DRAFT_NOT_EXECUTED,Do not execute before owner approval and final target verification.
https://jus-tice.co.il/wp-content/uploads/2023/03/15_lsr_300308.pdf,UNKNOWN_FINAL_TARGET_NEEDED,UNKNOWN,NEEDS_CLUSTER_CLASSIFICATION,LOW,0,2,301_IF_APPROVED,NO,DRAFT_NOT_EXECUTED,Do not execute before owner approval and final target verification.
https://jus-tice.co.il/wp-content/uploads/2023/03/15_lsr_300371.pdf,UNKNOWN_FINAL_TARGET_NEEDED,UNKNOWN,NEEDS_CLUSTER_CLASSIFICATION,LOW,1,195,301_IF_APPROVED,NO,DRAFT_NOT_EXECUTED,Do not execute before owner approval and final target verification.
https://jus-tice.co.il/wp-content/uploads/2023/03/15_lsr_300384.pdf,UNKNOWN_FINAL_TARGET_NEEDED,UNKNOWN,NEEDS_CLUSTER_CLASSIFICATION,LOW,0,2,301_IF_APPROVED,NO,DRAFT_NOT_EXECUTED,Do not execute before owner approval and final target verification.
https://jus-tice.co.il/wp-content/uploads/2023/03/15_lsr_300385.pdf,UNKNOWN_FINAL_TARGET_NEEDED,UNKNOWN,NEEDS_CLUSTER_CLASSIFICATION,LOW,0,70,301_IF_APPROVED,NO,DRAFT_NOT_EXECUTED,Do not execute before owner approval and final target verification.
https://jus-tice.co.il/wp-content/uploads/2023/03/15_lsr_300393.pdf,UNKNOWN_FINAL_TARGET_NEEDED,UNKNOWN,NEEDS_CLUSTER_CLASSIFICATION,LOW,0,4,301_IF_APPROVED,NO,DRAFT_NOT_EXECUTED,Do not execute before owner approval and final target verification.
https://jus-tice.co.il/wp-content/uploads/2023/03/15_lsr_300433.pdf,UNKNOWN_FINAL_TARGET_NEEDED,UNKNOWN,NEEDS_CLUSTER_CLASSIFICATION,LOW,0,5,301_IF_APPROVED,NO,DRAFT_NOT_EXECUTED,Do not execute before owner approval and final target verification.
https://jus-tice.co.il/wp-content/uploads/2023/03/16_lsr_299609.pdf,UNKNOWN_FINAL_TARGET_NEEDED,UNKNOWN,NEEDS_CLUSTER_CLASSIFICATION,LOW,0,4,301_IF_APPROVED,NO,DRAFT_NOT_EXECUTED,Do not execute before owner approval and final target verification.
https://jus-tice.co.il/wp-content/uploads/2023/03/16_lsr_299627.pdf,UNKNOWN_FINAL_TARGET_NEEDED,UNKNOWN,NEEDS_CLUSTER_CLASSIFICATION,LOW,0,515,301_IF_APPROVED,NO,DRAFT_NOT_EXECUTED,Do not execute before owner approval and final target verification.
https://jus-tice.co.il/wp-content/uploads/2023/03/16_lsr_299660.pdf,UNKNOWN_FINAL_TARGET_NEEDED,UNKNOWN,NEEDS_CLUSTER_CLASSIFICATION,LOW,0,3,301_IF_APPROVED,NO,DRAFT_NOT_EXECUTED,Do not execute before owner approval and final target verification.
https://jus-tice.co.il/wp-content/uploads/2023/03/16_lsr_299696.pdf,UNKNOWN_FINAL_TARGET_NEEDED,UNKNOWN,NEEDS_CLUSTER_CLASSIFICATION,LOW,0,1,301_IF_APPROVED,NO,DRAFT_NOT_EXECUTED,Do not execute before owner approval and final target verification.
https://jus-tice.co.il/wp-content/uploads/2023/03/16_lsr_299712.pdf,UNKNOWN_FINAL_TARGET_NEEDED,UNKNOWN,NEEDS_CLUSTER_CLASSIFICATION,LOW,0,1,301_IF_APPROVED,NO,DRAFT_NOT_EXECUTED,Do not execute before owner approval and final target verification.
https://jus-tice.co.il/wp-content/uploads/2023/03/16_lsr_299743.pdf,UNKNOWN_FINAL_TARGET_NEEDED,UNKNOWN,NEEDS_CLUSTER_CLASSIFICATION,LOW,0,14,301_IF_APPROVED,NO,DRAFT_NOT_EXECUTED,Do not execute before owner approval and final target verification.
https://jus-tice.co.il/wp-content/uploads/2023/03/16_lsr_299774.pdf,UNKNOWN_FINAL_TARGET_NEEDED,UNKNOWN,NEEDS_CLUSTER_CLASSIFICATION,LOW,0,28,301_IF_APPROVED,NO,DRAFT_NOT_EXECUTED,Do not execute before owner approval and final target verification.
https://jus-tice.co.il/wp-content/uploads/2023/03/16_lsr_299779.pdf,UNKNOWN_FINAL_TARGET_NEEDED,UNKNOWN,NEEDS_CLUSTER_CLASSIFICATION,LOW,0,118,301_IF_APPROVED,NO,DRAFT_NOT_EXECUTED,Do not execute before owner approval and final target verification.
https://jus-tice.co.il/wp-content/uploads/2023/03/16_lsr_299846.pdf,UNKNOWN_FINAL_TARGET_NEEDED,UNKNOWN,NEEDS_CLUSTER_CLASSIFICATION,LOW,0,261,301_IF_APPROVED,NO,DRAFT_NOT_EXECUTED,Do not execute before owner approval and final target verification.
https://jus-tice.co.il/wp-content/uploads/2023/03/16_lsr_299860.pdf,UNKNOWN_FINAL_TARGET_NEEDED,UNKNOWN,NEEDS_CLUSTER_CLASSIFICATION,LOW,0,6,301_IF_APPROVED,NO,DRAFT_NOT_EXECUTED,Do not execute before owner approval and final target verification.
https://jus-tice.co.il/wp-content/uploads/2023/03/16_lsr_299880.pdf,UNKNOWN_FINAL_TARGET_NEEDED,UNKNOWN,NEEDS_CLUSTER_CLASSIFICATION,LOW,0,4,301_IF_APPROVED,NO,DRAFT_NOT_EXECUTED,Do not execute before owner approval and final target verification.
https://jus-tice.co.il/wp-content/uploads/2023/03/16_lsr_299997.pdf,UNKNOWN_FINAL_TARGET_NEEDED,UNKNOWN,NEEDS_CLUSTER_CLASSIFICATION,LOW,0,48,301_IF_APPROVED,NO,DRAFT_NOT_EXECUTED,Do not execute before owner approval and final target verification.
https://jus-tice.co.il/wp-content/uploads/2023/03/16_lsr_300991.pdf,UNKNOWN_FINAL_TARGET_NEEDED,UNKNOWN,NEEDS_CLUSTER_CLASSIFICATION,LOW,0,9,301_IF_APPROVED,NO,DRAFT_NOT_EXECUTED,Do not execute before owner approval and final target verification.
https://jus-tice.co.il/wp-content/uploads/2023/03/17_lsr_300035.pdf,UNKNOWN_FINAL_TARGET_NEEDED,UNKNOWN,NEEDS_CLUSTER_CLASSIFICATION,LOW,0,18,301_IF_APPROVED,NO,DRAFT_NOT_EXECUTED,Do not execute before owner approval and final target verification.
https://jus-tice.co.il/wp-content/uploads/2023/03/17_lsr_300060.pdf,UNKNOWN_FINAL_TARGET_NEEDED,UNKNOWN,NEEDS_CLUSTER_CLASSIFICATION,LOW,0,62,301_IF_APPROVED,NO,DRAFT_NOT_EXECUTED,Do not execute before owner approval and final target verification.
https://jus-tice.co.il/wp-content/uploads/2023/03/17_lsr_300109.pdf,UNKNOWN_FINAL_TARGET_NEEDED,UNKNOWN,NEEDS_CLUSTER_CLASSIFICATION,LOW,0,8,301_IF_APPROVED,NO,DRAFT_NOT_EXECUTED,Do not execute before owner approval and final target verification.
https://jus-tice.co.il/wp-content/uploads/2023/03/17_lsr_300136.pdf,UNKNOWN_FINAL_TARGET_NEEDED,UNKNOWN,NEEDS_CLUSTER_CLASSIFICATION,LOW,0,170,301_IF_APPROVED,NO,DRAFT_NOT_EXECUTED,Do not execute before owner approval and final target verification.
https://jus-tice.co.il/wp-content/uploads/2023/03/17_lsr_300632.pdf,UNKNOWN_FINAL_TARGET_NEEDED,UNKNOWN,NEEDS_CLUSTER_CLASSIFICATION,LOW,0,9,301_IF_APPROVED,NO,DRAFT_NOT_EXECUTED,Do not execute before owner approval and final target verification.
https://jus-tice.co.il/wp-content/uploads/2023/03/17_lsr_300706.pdf,UNKNOWN_FINAL_TARGET_NEEDED,UNKNOWN,NEEDS_CLUSTER_CLASSIFICATION,LOW,0,4,301_IF_APPROVED,NO,DRAFT_NOT_EXECUTED,Do not execute before owner approval and final target verification.
https://jus-tice.co.il/wp-content/uploads/2023/03/17_lsr_300911.pdf,UNKNOWN_FINAL_TARGET_NEEDED,UNKNOWN,NEEDS_CLUSTER_CLASSIFICATION,LOW,0,16,301_IF_APPROVED,NO,DRAFT_NOT_EXECUTED,Do not execute before owner approval and final target verification.
https://jus-tice.co.il/wp-content/uploads/2023/03/18_lsr_300790.pdf,UNKNOWN_FINAL_TARGET_NEEDED,UNKNOWN,NEEDS_CLUSTER_CLASSIFICATION,LOW,0,32,301_IF_APPROVED,NO,DRAFT_NOT_EXECUTED,Do not execute before owner approval and final target verification.
https://jus-tice.co.il/wp-content/uploads/2023/03/18_lsr_300973.pdf,UNKNOWN_FINAL_TARGET_NEEDED,UNKNOWN,NEEDS_CLUSTER_CLASSIFICATION,LOW,0,9,301_IF_APPROVED,NO,DRAFT_NOT_EXECUTED,Do not execute before owner approval and final target verification.
https://jus-tice.co.il/wp-content/uploads/2023/03/18_lsr_301127.pdf,UNKNOWN_FINAL_TARGET_NEEDED,UNKNOWN,NEEDS_CLUSTER_CLASSIFICATION,LOW,0,34,301_IF_APPROVED,NO,DRAFT_NOT_EXECUTED,Do not execute before owner approval and final target verification.
https://jus-tice.co.il/wp-content/uploads/2023/03/18_lsr_301131.pdf,UNKNOWN_FINAL_TARGET_NEEDED,UNKNOWN,NEEDS_CLUSTER_CLASSIFICATION,LOW,0,4,301_IF_APPROVED,NO,DRAFT_NOT_EXECUTED,Do not execute before owner approval and final target verification.
https://jus-tice.co.il/wp-content/uploads/2023/03/18_lsr_301156.pdf,UNKNOWN_FINAL_TARGET_NEEDED,UNKNOWN,NEEDS_CLUSTER_CLASSIFICATION,LOW,0,7,301_IF_APPROVED,NO,DRAFT_NOT_EXECUTED,Do not execute before owner approval and final target verification.
https://jus-tice.co.il/wp-content/uploads/2023/03/18_lsr_301162.pdf,UNKNOWN_FINAL_TARGET_NEEDED,UNKNOWN,NEEDS_CLUSTER_CLASSIFICATION,LOW,0,4,301_IF_APPROVED,NO,DRAFT_NOT_EXECUTED,Do not execute before owner approval and final target verification.
https://jus-tice.co.il/wp-content/uploads/2023/03/18_lsr_301220.pdf,UNKNOWN_FINAL_TARGET_NEEDED,UNKNOWN,NEEDS_CLUSTER_CLASSIFICATION,LOW,0,111,301_IF_APPROVED,NO,DRAFT_NOT_EXECUTED,Do not execute before owner approval and final target verification.
https://jus-tice.co.il/wp-content/uploads/2023/03/19_lsr_301572.pdf,UNKNOWN_FINAL_TARGET_NEEDED,UNKNOWN,NEEDS_CLUSTER_CLASSIFICATION,LOW,2,68,301_IF_APPROVED,NO,DRAFT_NOT_EXECUTED,Do not execute before owner approval and final target verification.
https://jus-tice.co.il/wp-content/uploads/2023/03/20_lsr_338809.pdf,UNKNOWN_FINAL_TARGET_NEEDED,UNKNOWN,NEEDS_CLUSTER_CLASSIFICATION,LOW,0,1,301_IF_APPROVED,NO,DRAFT_NOT_EXECUTED,Do not execute before owner approval and final target verification.
https://jus-tice.co.il/wp-content/uploads/2023/03/20_lsr_348254.pdf,UNKNOWN_FINAL_TARGET_NEEDED,UNKNOWN,NEEDS_CLUSTER_CLASSIFICATION,LOW,0,1,301_IF_APPROVED,NO,DRAFT_NOT_EXECUTED,Do not execute before owner approval and final target verification.
https://jus-tice.co.il/wp-content/uploads/2023/03/20_lsr_491466.pdf,UNKNOWN_FINAL_TARGET_NEEDED,UNKNOWN,NEEDS_CLUSTER_CLASSIFICATION,LOW,0,2,301_IF_APPROVED,NO,DRAFT_NOT_EXECUTED,Do not execute before owner approval and final target verification.
https://jus-tice.co.il/wp-content/uploads/2023/03/20_lsr_501346.pdf,UNKNOWN_FINAL_TARGET_NEEDED,UNKNOWN,NEEDS_CLUSTER_CLASSIFICATION,LOW,0,1,301_IF_APPROVED,NO,DRAFT_NOT_EXECUTED,Do not execute before owner approval and final target verification.
https://jus-tice.co.il/wp-content/uploads/2023/03/24_lsr_622712.pdf,UNKNOWN_FINAL_TARGET_NEEDED,UNKNOWN,NEEDS_CLUSTER_CLASSIFICATION,LOW,0,1,301_IF_APPROVED,NO,DRAFT_NOT_EXECUTED,Do not execute before owner approval and final target verification.
https://jus-tice.co.il/wp-content/uploads/2023/03/9_lsr_311018.pdf,https://jus-tice.co.il/tax-law-needs-slug-review/,UNKNOWN,NEEDS_CONTENT_REVIEW,MEDIUM,3,1365,301_IF_APPROVED,NO,DRAFT_NOT_EXECUTED,Do not execute before owner approval and final target verification.
https://jus-tice.co.il/wp-content/uploads/2023/03/9_lsr_311019.pdf,UNKNOWN_FINAL_TARGET_NEEDED,UNKNOWN,NEEDS_CLUSTER_CLASSIFICATION,LOW,0,4,301_IF_APPROVED,NO,DRAFT_NOT_EXECUTED,Do not execute before owner approval and final target verification.
https://jus-tice.co.il/wp-content/uploads/2023/03/ATTORNEY-LIST-December-2017-1.pdf,https://jus-tice.co.il/legal-database-rulings-needs-slug-review/,UNKNOWN,NEEDS_MERGE_REVIEW,MEDIUM,48,3230,301_IF_APPROVED,NO,DRAFT_NOT_EXECUTED,Do not execute before owner approval and final target verification.
https://jus-tice.co.il/wp-content/uploads/2023/03/Attorney-List-July-updated-Nov-2020-1.pdf,https://jus-tice.co.il/legal-database-rulings-needs-slug-review/,UNKNOWN,NEEDS_MERGE_REVIEW,MEDIUM,42,2667,301_IF_APPROVED,NO,DRAFT_NOT_EXECUTED,Do not execute before owner approval and final target verification.
https://jus-tice.co.il/wp-content/uploads/2023/03/Attorneys-in-Nicosia-U.S.pdf,UNKNOWN_FINAL_TARGET_NEEDED,UNKNOWN,NEEDS_CLUSTER_CLASSIFICATION,LOW,1,18,301_IF_APPROVED,NO,DRAFT_NOT_EXECUTED,Do not execute before owner approval and final target verification.
https://jus-tice.co.il/wp-content/uploads/2023/03/Complaint-Form.docx,UNKNOWN_FINAL_TARGET_NEEDED,UNKNOWN,NEEDS_CLUSTER_CLASSIFICATION,LOW,1,14,301_IF_APPROVED,NO,DRAFT_NOT_EXECUTED,Do not execute before owner approval and final target verification.
https://jus-tice.co.il/wp-content/uploads/2023/03/Find-a-professional-service-abroad-Results-for-Lawyers-in-Greece.pdf,UNKNOWN_FINAL_TARGET_NEEDED,UNKNOWN,NEEDS_CLUSTER_CLASSIFICATION,LOW,0,181,301_IF_APPROVED,NO,DRAFT_NOT_EXECUTED,Do not execute before owner approval and final target verification.
https://jus-tice.co.il/wp-content/uploads/2023/03/filing-regular-online-debt-claim.pdf,UNKNOWN_FINAL_TARGET_NEEDED,UNKNOWN,NEEDS_CLUSTER_CLASSIFICATION,LOW,0,4,301_IF_APPROVED,NO,DRAFT_NOT_EXECUTED,Do not execute before owner approval and final target verification.
https://jus-tice.co.il/wp-content/uploads/2023/03/greece-list-of-lawyers-november-2021.pdf,UNKNOWN_FINAL_TARGET_NEEDED,UNKNOWN,NEEDS_MERGE_REVIEW,MEDIUM,21,2133,301_IF_APPROVED,NO,DRAFT_NOT_EXECUTED,Do not execute before owner approval and final target verification.
https://jus-tice.co.il/wp-content/uploads/2023/03/greek2.pdf,UNKNOWN_FINAL_TARGET_NEEDED,UNKNOWN,NEEDS_CLUSTER_CLASSIFICATION,LOW,0,2,301_IF_APPROVED,NO,DRAFT_NOT_EXECUTED,Do not execute before owner approval and final target verification.
https://jus-tice.co.il/wp-content/uploads/2023/05/%D7%A2%D7%95%D7%A8%D7%9A-%D7%93%D7%99%D7%9F-%D7%94%D7%A9%D7%91%D7%AA-%D7%A8%D7%9B%D7%95%D7%A9-%D7%99%D7%94%D7%95%D7%93%D7%99-%D7%A8%D7%95%D7%9E%D7%A0%D7%99%D7%94.pdf,UNKNOWN_FINAL_TARGET_NEEDED,UNKNOWN,NEEDS_CLUSTER_CLASSIFICATION,LOW,7,825,301_IF_APPROVED,NO,DRAFT_NOT_EXECUTED,Do not execute before owner approval and final target verification.
https://jus-tice.co.il/wp-content/uploads/2023/05/2_11454d6a-9832-e811-80de-00155d0a0235_11_6896.pdf,UNKNOWN_FINAL_TARGET_NEEDED,UNKNOWN,NEEDS_CLUSTER_CLASSIFICATION,LOW,1,134,301_IF_APPROVED,NO,DRAFT_NOT_EXECUTED,Do not execute before owner approval and final target verification.
https://jus-tice.co.il/wp-content/uploads/2023/05/Italy_List_of_English-speaking_lawyers.pdf,UNKNOWN_FINAL_TARGET_NEEDED,UNKNOWN,NEEDS_CLUSTER_CLASSIFICATION,MEDIUM,27,3037,301_IF_APPROVED,NO,DRAFT_NOT_EXECUTED,Do not execute before owner approval and final target verification.
https://jus-tice.co.il/wp-content/uploads/2023/05/List-of-UK-solicitors-in-Italy-GOV.pdf,UNKNOWN_FINAL_TARGET_NEEDED,UNKNOWN,NEEDS_CLUSTER_CLASSIFICATION,LOW,0,29,301_IF_APPROVED,NO,DRAFT_NOT_EXECUTED,Do not execute before owner approval and final target verification.
https://jus-tice.co.il/wp-content/uploads/2023/05/b870a048-e7f5-46f4-9a1e-e87c1a86adc6-%D7%A0%D7%95%D7%98%D7%A8%D7%99%D7%95%D7%9F.pdf,https://jus-tice.co.il/notary-foreign-needs-slug-review/,UNKNOWN,NEEDS_CONTENT_REVIEW,LOW,3,256,301_IF_APPROVED,NO,DRAFT_NOT_EXECUTED,Do not execute before owner approval and final target verification.
https://jus-tice.co.il/wp-content/uploads/2023/05/romanian-notary-israel.pdf,https://jus-tice.co.il/notary-foreign-needs-slug-review/,UNKNOWN,NEEDS_CONTENT_REVIEW,LOW,1,39,301_IF_APPROVED,NO,DRAFT_NOT_EXECUTED,Do not execute before owner approval and final target verification.
https://jus-tice.co.il/wp-content/uploads/2023/08/anexa_2_en.pdf,UNKNOWN_FINAL_TARGET_NEEDED,UNKNOWN,NEEDS_CLUSTER_CLASSIFICATION,LOW,0,41,301_IF_APPROVED,NO,DRAFT_NOT_EXECUTED,Do not execute before owner approval and final target verification.
https://jus-tice.co.il/wp-content/uploads/2023/08/antragsformular-pass-erwachsene-englisch-deutsch-data.pdf,UNKNOWN_FINAL_TARGET_NEEDED,UNKNOWN,NEEDS_CLUSTER_CLASSIFICATION,LOW,0,1,301_IF_APPROVED,NO,DRAFT_NOT_EXECUTED,Do not execute before owner approval and final target verification.
https://jus-tice.co.il/wp-content/uploads/2023/08/antragsformular-pass-personalausweis-minderjaehrige-data.pdf,UNKNOWN_FINAL_TARGET_NEEDED,UNKNOWN,NEEDS_CLUSTER_CLASSIFICATION,LOW,3,191,301_IF_APPROVED,NO,DRAFT_NOT_EXECUTED,Do not execute before owner approval and final target verification.
https://jus-tice.co.il/wp-content/uploads/2023/08/formular_abc_v._cnv_final_05.10.2022.pdf,UNKNOWN_FINAL_TARGET_NEEDED,UNKNOWN,NEEDS_CLUSTER_CLASSIFICATION,LOW,4,243,301_IF_APPROVED,NO,DRAFT_NOT_EXECUTED,Do not execute before owner approval and final target verification.
https://jus-tice.co.il/wp-content/uploads/2023/08/formular_ds_v._cnv_final_05.10.2022.pdf,UNKNOWN_FINAL_TARGET_NEEDED,UNKNOWN,NEEDS_CLUSTER_CLASSIFICATION,LOW,1,19,301_IF_APPROVED,NO,DRAFT_NOT_EXECUTED,Do not execute before owner approval and final target verification.
https://jus-tice.co.il/wp-content/uploads/2023/09/wh515.pdf,UNKNOWN_FINAL_TARGET_NEEDED,UNKNOWN,NEEDS_CLUSTER_CLASSIFICATION,LOW,0,5,301_IF_APPROVED,NO,DRAFT_NOT_EXECUTED,Do not execute before owner approval and final target verification.
https://jus-tice.co.il/wp-content/uploads/2023/11/%D7%AA%D7%A7%D7%A6%D7%99%D7%A8-22431-08-19.docx,UNKNOWN_FINAL_TARGET_NEEDED,UNKNOWN,NEEDS_CLUSTER_CLASSIFICATION,LOW,1,42,301_IF_APPROVED,NO,DRAFT_NOT_EXECUTED,Do not execute before owner approval and final target verification.
https://jus-tice.co.il/wp-content/uploads/2023/12/42377-09-22.pdf,UNKNOWN_FINAL_TARGET_NEEDED,UNKNOWN,NEEDS_CLUSTER_CLASSIFICATION,LOW,8,87,301_IF_APPROVED,NO,DRAFT_NOT_EXECUTED,Do not execute before owner approval and final target verification.
https://jus-tice.co.il/wp-content/uploads/2025/03/word-image-12123-1.png,UNKNOWN_FINAL_TARGET_NEEDED,UNKNOWN,NEEDS_CLUSTER_CLASSIFICATION,LOW,0,2,301_IF_APPROVED,NO,DRAFT_NOT_EXECUTED,Do not execute before owner approval and final target verification.
https://jus-tice.co.il/wp-content/uploads/2025/03/word-image-12123-3.png,UNKNOWN_FINAL_TARGET_NEEDED,UNKNOWN,NEEDS_CLUSTER_CLASSIFICATION,LOW,0,1,301_IF_APPROVED,NO,DRAFT_NOT_EXECUTED,Do not execute before owner approval and final target verification.
https://jus-tice.co.il/wp-content/uploads/2025/03/word-image-12123-4.png,UNKNOWN_FINAL_TARGET_NEEDED,UNKNOWN,NEEDS_CLUSTER_CLASSIFICATION,LOW,0,1,301_IF_APPROVED,NO,DRAFT_NOT_EXECUTED,Do not execute before owner approval and final target verification.
https://jus-tice.co.il/wp-content/uploads/2025/05/%D7%9C%D7%94%D7%91-433-2025-300x200.png,https://jus-tice.co.il/criminal-law-needs-slug-review/,UNKNOWN,NEEDS_CONTENT_REVIEW,LOW,0,6,301_IF_APPROVED,NO,DRAFT_NOT_EXECUTED,Do not execute before owner approval and final target verification.
https://jus-tice.co.il/yanshuf-breathalyzer-test,UNKNOWN_FINAL_TARGET_NEEDED,UNKNOWN,DO_NOT_TOUCH_HIGH_TRAFFIC_URL,HIGH,0,5798,301_IF_APPROVED,NO,DRAFT_NOT_EXECUTED,Do not execute before owner approval and final target verification.
