page,clicks,impressions,ctr,position
"https://jus-tice.co.il/wp-content/uploads/2022/06/06102016_1.pdf",99,906,"0.1093","8.2"
"https://jus-tice.co.il/",26,5134,"0.0051","16.5"
"https://jus-tice.co.il/wp-content/uploads/2020/02/%D7%94%D7%AA%D7%9C%D7%99%D7%99%D7%AA-%D7%A9%D7%9C%D7%99%D7%9C%D7%AA-%D7%A8%D7%A9%D7%99%D7%95%D7%A0%D7%95%D7%AA-%D7%9E%D7%A9%D7%A8%D7%93-%D7%94%D7%91%D7%A8%D7%99%D7%90%D7%95%D7%AA.pdf",25,478,"0.0523","11.7"
"https://jus-tice.co.il/wp-content/uploads/2023/03/ATTORNEY-LIST-December-2017-1.pdf",19,1287,"0.0148","14.1"
"https://jus-tice.co.il/wp-content/uploads/2023/05/Italy_List_of_English-speaking_lawyers.pdf",12,1326,"0.0090","11.1"
"https://jus-tice.co.il/psakdin/%D7%91%D7%AA%D7%99-%D7%9E%D7%A9%D7%A4%D7%98-%D7%A0%D7%95%D7%94%D7%9C-%D7%97%D7%99%D7%A1%D7%99%D7%95%D7%9F-%D7%AA%D7%99%D7%A7%D7%99%D7%9D/",9,277,"0.0325","13.2"
"https://jus-tice.co.il/wp-content/uploads/2022/06/54111-Law-Firms-in-the-US-Industry-Report.pdf",9,1249,"0.0072","11.6"
"https://jus-tice.co.il/wp-content/uploads/2023/03/Attorney-List-July-updated-Nov-2020-1.pdf",8,698,"0.0115","12.6"
"https://jus-tice.co.il/court-judge/",7,294,"0.0238","15.7"
"https://jus-tice.co.il/wp-content/uploads/2020/11/%D7%A8%D7%95%D7%96%D7%95%D7%91-%D7%A0-%D7%9E%D7%93%D7%99%D7%A0%D7%AA-%D7%99%D7%A9%D7%A8%D7%90%D7%9C.pdf",7,349,"0.0201","5.6"
"https://jus-tice.co.il/legal-courses-for-lawyers/",6,101,"0.0594","27.0"
"https://jus-tice.co.il/psakdin/%D7%90%D7%99%D7%9E%D7%95%D7%A5-%D7%99%D7%9C%D7%93-%D7%9E%D7%90%D7%95%D7%A7%D7%A8%D7%90%D7%99%D7%A0%D7%94-%D7%AA%D7%91%D7%99%D7%A2%D7%AA-%D7%A0%D7%96%D7%99%D7%A7%D7%99%D7%9F-%D7%91%D7%92%D7%99%D7%9F/",6,366,"0.0164","13.2"
"https://jus-tice.co.il/psakdin/%D7%94%D7%98%D7%99%D7%A4%D7%95%D7%9C-%D7%91%D7%A0%D7%A4%D7%92%D7%A2%D7%99-%D7%A2%D7%91%D7%99%D7%A8%D7%95%D7%AA-%D7%9E%D7%99%D7%9F-%D7%91%D7%94%D7%9C%D7%99%D7%9A-%D7%94%D7%A4%D7%9C%D7%99%D7%9C%D7%99/",6,2447,"0.0025","9.4"
"https://jus-tice.co.il/wp-content/uploads/2021/05/services_marvad_application-form.pdf",5,27,"0.1852","26.1"
"https://jus-tice.co.il/wp-content/uploads/2021/05/services_marvad_traffic-offenses-consent-form.pdf",5,21,"0.2381","14.9"
"https://jus-tice.co.il/%D7%AA%D7%90-48125-05-18-%D7%92%D7%91%D7%90%D7%99-%D7%95%D7%90%D7%97-%D7%A0-%D7%A7%D7%91%D7%95%D7%A6%D7%AA-%D7%97%D7%92%D7%92-%D7%99%D7%99%D7%96%D7%95%D7%9D-%D7%A0%D7%93%D7%9C%D7%9F/",4,59,"0.0678","18.9"
"https://jus-tice.co.il/psakdin/%D7%A4%D7%A1%D7%93-%D7%91%D7%AA%D7%95%D7%91%D7%A2%D7%A0%D7%94-%D7%A0%D7%96%D7%99%D7%A7%D7%99%D7%AA-%D7%A0%D7%92%D7%93-%D7%99%D7%A6%D7%97%D7%A7-%D7%94%D7%A8%D7%A6%D7%95%D7%92-%D7%95%D7%90%D7%97/",4,64,"0.0625","22.6"
"https://jus-tice.co.il/psakdin/%D7%A9%D7%99%D7%A2%D7%95%D7%A8%D7%99-%D7%94%D7%A8%D7%A9%D7%A2%D7%94-%D7%95%D7%96%D7%99%D7%9B%D7%95%D7%99-%D7%91%D7%94%D7%9C%D7%99%D7%9B%D7%99%D7%9D-%D7%A4%D7%9C%D7%99%D7%9C%D7%99%D7%99%D7%9D/",4,376,"0.0106","11.6"
"https://jus-tice.co.il/%D7%94%D7%97%D7%96%D7%A7%D7%AA-%D7%99%D7%9C%D7%93%D7%99%D7%9D-%D7%9E%D7%A9%D7%9E%D7%95%D7%A8%D7%AA-%D7%9E%D7%A9%D7%95%D7%AA%D7%A4%D7%AA-%D7%91%D7%99%D7%AA-%D7%94%D7%93%D7%99%D7%9F-%D7%94%D7%A8%D7%91%D7%A0%D7%99/",3,98,"0.0306","15.3"
"https://jus-tice.co.il/%D7%98%D7%99%D7%A4%D7%99%D7%9D-%D7%9C%D7%A2%D7%95%D7%93-%D7%9B%D7%99%D7%A6%D7%93-%D7%9C%D7%94%D7%9B%D7%A0%D7%A1-%D7%9C%D7%9E%D7%93%D7%A8%D7%99%D7%9B%D7%99%D7%9D-%D7%93%D7%99%D7%A8%D7%95%D7%92-%D7%A2%D7%95%D7%A8%D7%9B%D7%99-%D7%94%D7%93%D7%99%D7%9F-%D7%94%D7%9E%D7%95%D7%91%D7%99%D7%9C%D7%99%D7%9D-%D7%91%D7%A2%D7%A2%D7%95%D7%9C%D7%9D/",3,33,"0.0909","10.3"
"https://jus-tice.co.il/%D7%A4%D7%A1%D7%93-%D7%A9%D7%A2%D7%A0%D7%99%D7%99%D7%A0%D7%95-%D7%9E%D7%99%D7%A0%D7%95%D7%99-%D7%9E%D7%A0%D7%94%D7%9C-%D7%A2%D7%99%D7%96%D7%91%D7%95%D7%9F-%D7%96%D7%9E%D7%A0%D7%99-%D7%91%D7%9E%D7%A7%D7%95%D7%9D-%D7%A7%D7%91%D7%95%D7%A2-%D7%A2%D7%9E%D7%A9-48305-12-21/",3,55,"0.0545","27.1"
"https://jus-tice.co.il/2019-2020-major-supreme-court-ruling",3,500,"0.0060","21.4"
"https://jus-tice.co.il/articles/%D7%94%D7%90%D7%9D-%D7%9C%D7%A0%D7%A6%D7%99%D7%91-%D7%A9%D7%99%D7%A8%D7%95%D7%AA-%D7%94%D7%9E%D7%93%D7%99%D7%A0%D7%94-%D7%99%D7%A9-%D7%A1%D7%9E%D7%9B%D7%95%D7%AA-%D7%9C%D7%97%D7%AA%D7%95%D7%9D-%D7%A2/",3,682,"0.0044","12.2"
"https://jus-tice.co.il/articles/%D7%A2%D7%A8%D7%A2%D7%95%D7%A8-%D7%A4%D7%9C%D7%99%D7%9C%D7%99-%D7%9E%D7%A1-50-31-%D7%91%D7%91%D7%99%D7%AA-%D7%94%D7%9E%D7%A9%D7%A4%D7%98-%D7%94%D7%A2%D7%9C%D7%99%D7%95%D7%9F-%D7%91%D7%A9%D7%91/",3,32,"0.0938","57.6"
"https://jus-tice.co.il/decision13759-08-21/",3,40,"0.0750","15.6"
"https://jus-tice.co.il/decision55016-06-17a/",3,46,"0.0652","13.7"
"https://jus-tice.co.il/israel-tax-authority/",3,1733,"0.0017","25.9"
"https://jus-tice.co.il/psakdin/%D7%91%D7%99%D7%98%D7%95%D7%9C-%D7%A6%D7%95-%D7%A1%D7%92%D7%99%D7%A8%D7%94-%D7%9C%D7%A2%D7%A1%D7%A7-%D7%9C%D7%A4%D7%99-%D7%A1%D7%A2%D7%99%D7%A3-22%D7%91-%D7%9C%D7%97%D7%95%D7%A7-%D7%A8%D7%99%D7%A9/",3,193,"0.0155","13.0"
"https://jus-tice.co.il/psakdin/%D7%97%D7%99%D7%95%D7%91-%D7%A2%D7%95%D7%A8%D7%9B%D7%AA-%D7%93%D7%99%D7%9F-%D7%91%D7%A4%D7%99%D7%A6%D7%95%D7%99-%D7%9C%D7%A7%D7%95%D7%97%D7%95%D7%AA-%D7%91%D7%92%D7%99%D7%9F-%D7%90%D7%99-%D7%99%D7%99/",3,91,"0.0330","9.2"
"https://jus-tice.co.il/psakdin/%D7%97%D7%99%D7%A0%D7%95%D7%9A-%D7%94%D7%99%D7%9C%D7%93%D7%99%D7%9D-%D7%91%D7%9E%D7%95%D7%A1%D7%93-%D7%A9%D7%9C-%D7%90%D7%99%D7%96%D7%94-%D7%96%D7%A8%D7%9D-%D7%93%D7%AA%D7%99-%D7%99%D7%AA%D7%97%D7%A0/",3,143,"0.0210","11.6"
"https://jus-tice.co.il/small_claims/%D7%9B%D7%A8%D7%98%D7%99%D7%A1%D7%99-%D7%98%D7%99%D7%A1%D7%94-%D7%97%D7%91%D7%A8%D7%AA-%D7%AA%D7%A2%D7%95%D7%A4%D7%94-%D7%A4%D7%A9%D7%98%D7%94-%D7%90%D7%AA-%D7%94%D7%A8%D7%92%D7%9C-%D7%A1%D7%95%D7%9B/",3,196,"0.0153","12.4"
"https://jus-tice.co.il/wp-content/uploads/2022/02/PG-0039.pdf",3,91,"0.0330","12.0"
"https://jus-tice.co.il/wp-content/uploads/2023/03/%D7%A1%D7%A4%D7%A8-%D7%94%D7%97%D7%95%D7%A7%D7%99%D7%9D-2998.pdf",3,76,"0.0395","8.3"
"https://jus-tice.co.il/wp-content/uploads/2023/03/%D7%A4%D7%A8%D7%98%D7%99-%D7%A7%D7%A9%D7%A8-%D7%9E%D7%A2%D7%A8%D7%9B%D7%AA-%D7%94%D7%9E%D7%A9%D7%A4%D7%98-%D7%A7%D7%A4%D7%A8%D7%99%D7%A1%D7%99%D7%9F.pdf",3,101,"0.0297","6.2"
"https://jus-tice.co.il/%D7%91%D7%A7%D7%A9%D7%AA-%D7%A6%D7%95-%D7%94%D7%92%D7%A0%D7%94-%D7%9C%D7%9E%D7%A0%D7%99%D7%A2%D7%AA-%D7%90%D7%9C%D7%99%D7%9E%D7%95%D7%AA-%D7%91%D7%9E%D7%A9%D7%A4%D7%97%D7%94-%D7%94%D7%98-61185-11-22/",2,287,"0.0070","39.4"
"https://jus-tice.co.il/%D7%94%D7%92%D7%99%D7%A8%D7%94-%D7%9E%D7%99%D7%A9%D7%A8%D7%90%D7%9C-%D7%A8%D7%A9%D7%99%D7%9E%D7%AA-%D7%94%D7%9C%D7%99%D7%9B%D7%99%D7%9D/",2,107,"0.0187","22.0"
"https://jus-tice.co.il/%D7%A4%D7%A1%D7%93-%D7%93%D7%97%D7%99%D7%99%D7%AA-%D7%91%D7%A7%D7%A9%D7%94-%D7%9C%D7%91%D7%99%D7%98%D7%95%D7%9C-%D7%A6%D7%95-%D7%99%D7%A8%D7%95%D7%A9%D7%94-%D7%91%D7%92%D7%9C%D7%9C-%D7%A6%D7%95%D7%95%D7%90%D7%94-%D7%A9%D7%A0%D7%9E%D7%A6%D7%90%D7%94-%D7%9C%D7%90%D7%97%D7%A8-%D7%A9%D7%A0%D7%99%D7%9D-%D7%A8%D7%91%D7%95%D7%AA-491180-3-%D7%91%D7%99%D7%94%D7%93-%D7%97%D7%99%D7%A4%D7%94/",2,74,"0.0270","69.0"
"https://jus-tice.co.il/%D7%A4%D7%A1%D7%93-%D7%97%D7%99%D7%95%D7%91-%D7%92%D7%98-%D7%91%D7%92%D7%99%D7%9F-%D7%9E%D7%90%D7%99%D7%A1%D7%95%D7%AA-%D7%90%D7%99%D7%A9%D7%94-%D7%91%D7%91%D7%A2%D7%9C-%D7%A4%D7%99%D7%A8%D7%95%D7%93-%D7%9E%D7%9E%D7%95%D7%A9%D7%9A-%D7%95%D7%9E%D7%A9%D7%A0%D7%99%D7%9B%D7%A8-%D7%9B%D7%99-%D7%A4%D7%A0%D7%99-%D7%94%D7%A6%D7%93%D7%93%D7%99%D7%9D-%D7%9C%D7%92%D7%99%D7%A8%D7%95%D7%A9%D7%99%D7%9F-1343730-1-%D7%91%D7%99%D7%94%D7%93-%D7%94%D7%92%D7%93%D7%95%D7%9C/",2,40,"0.0500","16.1"
"https://jus-tice.co.il/%D7%A6%D7%91%D7%99%D7%90%D7%9C%D7%99-%D7%A0-%D7%A2%D7%99%D7%A8%D7%99%D7%99%D7%AA-%D7%AA%D7%9C-%D7%90%D7%91%D7%99%D7%91-%D7%9E%D7%A1%D7%9E%D7%9A-%D7%94%D7%A0%D7%97%D7%99%D7%95%D7%AA-%D7%9B%D7%99%D7%9B%D7%A8-%D7%90%D7%AA%D7%A8%D7%99%D7%9D-%D7%A4%D7%A1%D7%A7-%D7%93%D7%99%D7%9F/",2,38,"0.0526","12.3"
"https://jus-tice.co.il/%D7%AA%D7%91%D7%99%D7%A2%D7%AA-%D7%9B%D7%AA%D7%95%D7%91%D7%94-%D7%A9%D7%9C-%D7%94%D7%AA%D7%95%D7%91%D7%A2%D7%AA-%D7%94%D7%90%D7%99%D7%A9%D7%94-%D7%A2%D7%9C-%D7%A1%D7%9A-1000000-%D7%A9%D7%97/",2,46,"0.0435","44.8"
"https://jus-tice.co.il/%D7%AA%D7%99%D7%A7-916847/5-%D7%91%D7%91%D7%99%D7%AA-%D7%94%D7%93%D7%99%D7%9F-%D7%94%D7%A8%D7%91%D7%A0%D7%99-%D7%94%D7%90%D7%96%D7%95%D7%A8%D7%99-%D7%90%D7%A9%D7%93%D7%95%D7%93/",2,75,"0.0267","31.2"
"https://jus-tice.co.il/21213-04-18/",2,102,"0.0196","15.7"
"https://jus-tice.co.il/62758-11-22/",2,90,"0.0222","14.5"
"https://jus-tice.co.il/articles/%D7%94%D7%9C%D7%9B%D7%AA-%D7%A9%D7%99%D7%AA%D7%95%D7%A3-%D7%A1%D7%A4%D7%A6%D7%99%D7%A4%D7%99-%D7%91%D7%93%D7%99%D7%A8%D7%AA-%D7%9E%D7%92%D7%95%D7%A8%D7%99%D7%9D/",2,77,"0.0260","11.8"
"https://jus-tice.co.il/articles/%D7%9E%D7%93%D7%A8%D7%99%D7%9A-2025-%D7%9E%D7%94-%D7%97%D7%A9%D7%95%D7%91-%D7%9C%D7%9B%D7%9C%D7%95%D7%9C-%D7%91%D7%97%D7%95%D7%96%D7%94-%D7%9E%D7%95%D7%9C-%D7%A7%D7%91%D7%9C%D7%9F-%D7%91%D7%A8%D7%9B/",2,286,"0.0070","14.0"
"https://jus-tice.co.il/articles/%D7%A1%D7%9E%D7%9B%D7%95%D7%AA-%D7%91%D7%99%D7%AA-%D7%94%D7%93%D7%99%D7%9F-%D7%91%D7%A2%D7%A0%D7%99%D7%99%D7%9F-%D7%9E%D7%96%D7%95%D7%A0%D7%95%D7%AA-%D7%94%D7%99%D7%9C%D7%93%D7%99%D7%9D-%D7%9C%D7%90/",2,214,"0.0093","12.2"
"https://jus-tice.co.il/articles/%D7%A2%D7%95%D7%A0%D7%A9-%D7%A4%D7%9C%D7%99%D7%9C%D7%99-%D7%9C%D7%A0%D7%90%D7%A9%D7%9D-%D7%91%D7%9E%D7%A2%D7%A9%D7%94-%D7%9E%D7%92%D7%95%D7%A0%D7%94-%D7%91%D7%A0%D7%A1%D7%99%D7%91%D7%95%D7%AA-%D7%9E/",2,47,"0.0426","51.0"
"https://jus-tice.co.il/articles/%D7%A4%D7%A1%D7%93-%D7%AA%D7%91%D7%99%D7%A2%D7%94-%D7%9C%D7%A1%D7%A2%D7%93-%D7%94%D7%A6%D7%94%D7%A8%D7%AA%D7%99-%D7%94%D7%A7%D7%95%D7%91%D7%A2-%D7%9B%D7%99-%D7%96%D7%9B%D7%95%D7%99%D7%95%D7%AA/",2,21,"0.0952","20.9"
"https://jus-tice.co.il/articles/%D7%A4%D7%A1%D7%93-%D7%AA%D7%91%D7%99%D7%A2%D7%AA-%D7%9B%D7%AA%D7%95%D7%91%D7%94-%D7%A9%D7%94%D7%92%D7%99%D7%A9%D7%95-%D7%99%D7%95%D7%A8%D7%A9%D7%99-%D7%94%D7%90%D7%99%D7%A9%D7%94-%D7%A0%D7%92/",2,13,"0.1538","15.3"
"https://jus-tice.co.il/articles/%D7%AA%D7%A7%D7%A6%D7%99%D7%A8-%D7%94%D7%93%D7%95%D7%97-%D7%A2%D7%9C-%D7%99%D7%99%D7%A9%D7%95%D7%9D-%D7%94%D7%97%D7%95%D7%A7-%D7%9C%D7%9E%D7%A0%D7%99%D7%A2%D7%AA-%D7%94%D7%98%D7%A8%D7%93%D7%94-%D7%9E/",2,118,"0.0169","14.0"
"https://jus-tice.co.il/cancel-a-divorce-settlement-agreement/",2,294,"0.0068","49.8"
"https://jus-tice.co.il/compensation-flight-delayed/",2,301,"0.0066","40.7"
"https://jus-tice.co.il/damages-claim-husband-ketubah-obligation/",2,84,"0.0238","11.8"
"https://jus-tice.co.il/lawyer-referral-service/",2,47,"0.0426","37.1"
"https://jus-tice.co.il/paul-hastings/",2,18,"0.1111","13.9"
"https://jus-tice.co.il/psakdin/%D7%A2%D7%95%D7%A0%D7%A9-%D7%94%D7%97%D7%96%D7%A7%D7%AA-%D7%A7%D7%A0%D7%90%D7%91%D7%99%D7%A1-%D7%99%D7%99%D7%A6%D7%95%D7%A8-%D7%94%D7%9B%D7%A0%D7%94-%D7%95%D7%94%D7%A4%D7%A7%D7%94-%D7%A9%D7%9C-%D7%A1%D7%9D-%D7%95%D7%A2%D7%95%D7%93/",2,68,"0.0294","16.4"
"https://jus-tice.co.il/psakdin/%D7%A4%D7%A1%D7%93-%D7%91%D7%91%D7%A7%D7%A9%D7%94-%D7%9C%D7%94%D7%A2%D7%91%D7%A8%D7%AA-%D7%94%D7%9E%D7%A9%D7%9E%D7%95%D7%A8%D7%AA-%D7%90%D7%9C-%D7%94%D7%90%D7%91-%D7%95%D7%A8%D7%99%D7%A9%D7%95%D7%9D/",2,48,"0.0417","13.7"
"https://jus-tice.co.il/psakdin/%D7%A4%D7%A1%D7%A7-%D7%93%D7%99%D7%9F-%D7%A4%D7%99%D7%A6%D7%95%D7%99%D7%99-%D7%A4%D7%99%D7%98%D7%95%D7%A8%D7%99%D7%9F-%D7%AA%D7%91%D7%99%D7%A2%D7%94-%D7%9C%D7%94%D7%A8%D7%9E%D7%AA-%D7%9E%D7%A1%D7%9A/",2,117,"0.0171","12.6"
"https://jus-tice.co.il/psakdin/%D7%AA%D7%91%D7%99%D7%A2%D7%94-%D7%A9%D7%9C-%D7%9E%D7%9C%D7%A6%D7%A8%D7%99%D7%AA-%D7%94%D7%98%D7%A8%D7%93%D7%94-%D7%9E%D7%99%D7%A0%D7%99%D7%AA-300000-%D7%A9%D7%97-%D7%A4%D7%99%D7%A6%D7%95%D7%99/",2,139,"0.0144","21.1"
"https://jus-tice.co.il/strategic-divorce-cost-planning/",2,333,"0.0060","49.1"
"https://jus-tice.co.il/united-arab-emirates-market-overview/",2,32,"0.0625","14.8"
"https://jus-tice.co.il/wp-content/uploads/2019/03/%D7%91%D7%99%D7%94%D7%93-%D7%94%D7%90%D7%A8%D7%A6%D7%99-%D7%9C%D7%A2%D7%91%D7%95%D7%93%D7%94-%D7%A9-%D7%9C%D7%90%D7%94-%D7%92%D7%9C%D7%99%D7%A7%D7%A1%D7%9E%D7%9F-%D7%A2%D7%95%D7%91%D7%93%D7%99%D7%9D-%D7%A4%D7%9C%D7%A1%D7%98%D7%99%D7%A0%D7%99%D7%9D-%D7%94%D7%9E%D7%95%D7%A2%D7%A1%D7%A7%D7%99%D7%9D-%D7%91%D7%9E%D7%99%D7%A0%D7%94%D7%9C-%D7%94%D7%90%D7%96%D7%A8%D7%97%D7%99-%D7%96%D7%9B%D7%90%D7%99%D7%9D-%D7%9C%D7%A9%D7%9B%D7%A8-%D7%9E%D7%99%D7%A0%D7%99%D7%9E%D7%95%D7%9D.pdf",2,56,"0.0357","13.9"
"https://jus-tice.co.il/wp-content/uploads/2020/01/hana_v9.32.88s.pdf",2,945,"0.0021","31.8"
"https://jus-tice.co.il/wp-content/uploads/2020/03/%D7%99%D7%9C%D7%A7%D7%95%D7%98-%D7%94%D7%A4%D7%A8%D7%A1%D7%95%D7%9E%D7%99%D7%9D-8755.pdf",2,49,"0.0408","17.8"
"https://jus-tice.co.il/wp-content/uploads/2021/03/%D7%A0%D7%95%D7%A1%D7%97-%D7%94%D7%A1%D7%9B%D7%9D-%D7%92%D7%99%D7%A8%D7%95%D7%A9%D7%99%D7%9F-%D7%93%D7%95%D7%92%D7%9E%D7%90-2021.docx",2,2143,"0.0009","48.0"
"https://jus-tice.co.il/wp-content/uploads/2023/02/%D7%91%D7%A7%D7%A9%D7%AA-%D7%9E%D7%A2%D7%A6%D7%A8-%D7%93%D7%A7%D7%99%D7%A8%D7%94-%D7%97%D7%95%D7%9C%D7%95%D7%9F-.pdf",2,9,"0.2222","13.0"
"https://jus-tice.co.il/wp-content/uploads/2023/03/greece-list-of-lawyers-november-2021.pdf",2,422,"0.0047","18.5"
"https://jus-tice.co.il/%D7%90%D7%97%D7%A8%D7%99%D7%95%D7%AA-%D7%94%D7%91%D7%A2%D7%9C-%D7%9C%D7%97%D7%95%D7%91%D7%95%D7%AA-%D7%90%D7%A9%D7%AA%D7%95-%D7%A2%D7%9C-%D7%A4%D7%99-%D7%93%D7%99%D7%9F-%D7%AA%D7%95%D7%A8%D7%94-%D7%95%D7%A2%D7%9C-%D7%A4%D7%99-%D7%97%D7%95%D7%A7-%D7%99%D7%97%D7%A1%D7%99-%D7%9E%D7%9E%D7%95%D7%9F-%D7%96%D7%9B%D7%95%D7%99%D7%95%D7%AA-%D7%95%D7%97%D7%95%D7%91%D7%95%D7%AA-%D7%91%D7%9E%D7%A2%D7%A8%D7%9B%D7%AA-%D7%99%D7%97%D7%A1%D7%99%D7%9D-%D7%A9%D7%91%D7%94-%D7%94%D7%90%D7%99%D7%A9%D7%94-%D7%94%D7%99%D7%90-%D7%94%D7%9E%D7%A4%D7%A8%D7%A0%D7%A1%D7%AA/",1,44,"0.0227","27.7"
"https://jus-tice.co.il/%D7%91%D7%99%D7%98%D7%95%D7%9C-%D7%94%D7%A1%D7%9B%D7%9D-%D7%9E%D7%99%D7%96%D7%95%D7%92-%D7%AA%D7%90-4528-01-16/",1,39,"0.0256","16.5"
"https://jus-tice.co.il/%D7%92%D7%99%D7%A8%D7%95%D7%A9%D7%99%D7%9F-%D7%91%D7%91%D7%9C%D7%92%D7%99%D7%94/",1,4,"0.2500","21.5"
"https://jus-tice.co.il/%D7%93%D7%95%D7%97%D7%95%D7%AA-%D7%97%D7%A0%D7%99%D7%94-%D7%90%D7%9E%D7%A6%D7%A2%D7%95%D7%AA-%D7%9E%D7%A1%D7%A8%D7%95%D7%9F-%D7%9C%D7%98%D7%9C%D7%A4%D7%95%D7%9F-%D7%A0%D7%99%D7%99%D7%93-sms/",1,27,"0.0370","7.3"
"https://jus-tice.co.il/%D7%94%D7%90%D7%9D-%D7%9B%D7%9C-%D7%94%D7%A1%D7%9B%D7%9D-%D7%91%D7%99%D7%9F-%D7%91%D7%A0%D7%99-%D7%96%D7%95%D7%92-%D7%94%D7%95%D7%90-%D7%94%D7%A1%D7%9B%D7%9D-%D7%9E%D7%9E%D7%95%D7%9F/",1,27,"0.0370","24.4"
"https://jus-tice.co.il/%D7%94%D7%97%D7%9C%D7%98%D7%94-%D7%91%D7%AA%D7%99%D7%A7-%D7%97%D7%93%D7%9C%D7%95%D7%AA-%D7%A4%D7%99%D7%A8%D7%A2%D7%95%D7%9F-%D7%A9%D7%9C-%D7%97%D7%91%D7%A8%D7%AA-%D7%A1%D7%98%D7%95%D7%93%D7%99%D7%95-c/",1,114,"0.0088","9.4"
"https://jus-tice.co.il/%D7%9E%D7%97%D7%A9%D7%91%D7%95%D7%9F-%D7%9E%D7%96%D7%95%D7%A0%D7%95%D7%AA-%D7%99%D7%9C%D7%93%D7%99%D7%9D/",1,2398,"0.0004","68.1"
"https://jus-tice.co.il/%D7%9E%D7%99%D7%A0%D7%95%D7%99-%D7%A9%D7%9E%D7%90%D7%99-%D7%9E%D7%A7%D7%A8%D7%A7%D7%A2%D7%99%D7%9F-%D7%A2%D7%96%D7%91%D7%95%D7%9F-%D7%A6%D7%95-%D7%99%D7%A8%D7%95%D7%A9%D7%94/",1,20,"0.0500","13.5"
"https://jus-tice.co.il/%D7%A0%D7%99%D7%94%D7%95%D7%9C-%D7%9E%D7%95%D7%A0%D7%99%D7%98%D7%99%D7%9F-%D7%9E%D7%A7%D7%95%D7%95%D7%9F-%D7%9C%D7%A2%D7%95%D7%A8%D7%9B%D7%99-%D7%93%D7%99%D7%9F-%D7%91%D7%A8%D7%A9%D7%AA-%D7%94%D7%90%D7%99%D7%A0%D7%98%D7%A8%D7%A0%D7%98/",1,529,"0.0019","23.9"
"https://jus-tice.co.il/%D7%A1%D7%98%D7%98%D7%99%D7%A1%D7%98%D7%99%D7%A7%D7%94-%D7%A2%D7%9C-%D7%92%D7%99%D7%A8%D7%95%D7%A9%D7%99%D7%9F/",1,27,"0.0370","26.9"
"https://jus-tice.co.il/%D7%A1%D7%9B%D7%A1%D7%95%D7%9A-%D7%91%D7%99%D7%9F-%D7%90%D7%9C%D7%9E%D7%A0%D7%94-%D7%95%D7%99%D7%9C%D7%93%D7%99%D7%94-%D7%95%D7%90%D7%9E%D7%95-%D7%A9%D7%9C-%D7%94%D7%A0%D7%A4%D7%98%D7%A8-%D7%94%D7%A0%D7%95%D7%92%D7%A2%D7%95%D7%AA-%D7%9C%D7%96%D7%9B%D7%95%D7%99%D7%95%D7%AA-%D7%A2%D7%9C-%D7%93%D7%99%D7%A8%D7%94-%D7%AA%D7%9E%D7%A9-7662-07-18/",1,81,"0.0123","13.8"
"https://jus-tice.co.il/%D7%A2%D7%95%D7%A8%D7%9B%D7%99-%D7%93%D7%99%D7%9F/%D7%A2%D7%95%D7%A8%D7%9B%D7%AA-%D7%93%D7%99%D7%9F-%D7%9E%D7%90%D7%99%D7%94-%D7%A8%D7%95%D7%98%D7%A0%D7%91%D7%A8%D7%92",1,223,"0.0045","41.2"
"https://jus-tice.co.il/%D7%A4%D7%99%D7%A6%D7%95%D7%99-%D7%9B%D7%A1%D7%A4%D7%99-%D7%91%D7%92%D7%99%D7%9F-%D7%A4%D7%92%D7%99%D7%A2%D7%94-%D7%91%D7%A4%D7%A8%D7%98%D7%99%D7%95%D7%AA-%D7%A6%D7%A4%D7%99%D7%99%D7%94-%D7%95%D7%9E%D7%97%D7%99%D7%A7%D7%94-%D7%A9%D7%9C-%D7%A4%D7%A8%D7%99%D7%98%D7%99%D7%9D-%D7%9E%D7%94%D7%98%D7%9C%D7%A4%D7%95%D7%9F-%D7%9C%D7%9C%D7%90-%D7%A8%D7%A9%D7%95%D7%AA/",1,87,"0.0115","40.0"
"https://jus-tice.co.il/%D7%A4%D7%A1%D7%A7-%D7%93%D7%99%D7%9F-%D7%91%D7%AA%D7%91%D7%99%D7%A2%D7%95%D7%AA-%D7%A8%D7%9B%D7%95%D7%A9%D7%99%D7%95%D7%AA-%D7%91%D7%99%D7%9F-%D7%91%D7%A0%D7%99-%D7%96%D7%95%D7%92-%D7%AA%D7%9C%D7%94%D7%9E-32773-02-17-%D7%AA%D7%9C%D7%94%D7%9E-548840-04-18/",1,54,"0.0185","11.8"
"https://jus-tice.co.il/%D7%A4%D7%A1%D7%A7-%D7%93%D7%99%D7%9F-%D7%AA%D7%A2%D7%91%D7%95%D7%A8%D7%94-%D7%A2%D7%99%D7%9F-%D7%94%D7%A0%D7%A5-%D7%A7%D7%91%D7%99%D7%9C%D7%95%D7%AA-%D7%95%D7%97%D7%95%D7%A7%D7%99%D7%95%D7%AA-%D7%A8%D7%90%D7%99%D7%95%D7%AA-%D7%A9%D7%94%D7%95%D7%A0%D7%A4%D7%A7%D7%95-%D7%9E%D7%94%D7%9E%D7%A2%D7%A8%D7%9B%D7%AA/",1,63,"0.0159","14.3"
"https://jus-tice.co.il/%D7%A8%D7%9E%D7%A929980-04-22%D7%A2-%D7%90-%D7%95-%D7%A0-%D7%A4-%D7%95/",1,16,"0.0625","8.8"
"https://jus-tice.co.il/%D7%A8%D7%A9%D7%9C%D7%A0%D7%95%D7%AA-%D7%A8%D7%A4%D7%95%D7%90%D7%99%D7%AA-%D7%91%D7%94%D7%99%D7%AA-%D7%97%D7%95%D7%9C%D7%99%D7%9D/",1,18,"0.0556","53.8"
"https://jus-tice.co.il/%D7%A9%D7%9C%D7%99%D7%9C%D7%AA-%D7%9E%D7%96%D7%95%D7%A0%D7%95%D7%AA-%D7%A7%D7%98%D7%99%D7%9F-%D7%9B%D7%A9%D7%94%D7%90%D7%9E%D7%90-%D7%9E%D7%A1%D7%A8%D7%91%D7%AA-%D7%9C%D7%94%D7%A4%D7%92%D7%99%D7%A9-%D7%90%D7%95%D7%AA%D7%95-%D7%A2%D7%9D-%D7%90%D7%91%D7%99%D7%95-%D7%91%D7%A0%D7%99%D7%92%D7%95%D7%93-%D7%9C%D7%94%D7%97%D7%9C%D7%98%D7%95%D7%AA-%D7%91%D7%99%D7%AA-%D7%94%D7%93%D7%99%D7%9F-%D7%94%D7%A8%D7%91%D7%A0%D7%99/",1,12,"0.0833","10.8"
"https://jus-tice.co.il/%D7%AA%D7%90-16763-09-21%D7%9E%D7%95%D7%98%D7%99%D7%A2%D7%99-%D7%A0-%D7%A1%D7%A4%D7%A6%D7%99%D7%A7-%D7%A8%D7%99%D7%91%D7%A7-%D7%95%D7%90%D7%97/",1,53,"0.0189","37.2"
"https://jus-tice.co.il/1303799/4/",1,77,"0.0130","37.2"
"https://jus-tice.co.il/1331339-1/",1,39,"0.0256","18.2"
"https://jus-tice.co.il/1520884-1/",1,25,"0.0400","17.6"
"https://jus-tice.co.il/2542-10-22/",1,20,"0.0500","8.1"
"https://jus-tice.co.il/32292-3-%D7%A8%D7%91%D7%A0%D7%99-%D7%90%D7%A9%D7%93%D7%95%D7%93/",1,35,"0.0286","18.3"
"https://jus-tice.co.il/33316-07-19/",1,59,"0.0169","15.9"
"https://jus-tice.co.il/44688-10-22/",1,13,"0.0769","15.5"
"https://jus-tice.co.il/5585-04-22estate-trust-legal-judgment/",1,16,"0.0625","6.7"
"https://jus-tice.co.il/70703-09-24/",1,9,"0.1111","8.9"
"https://jus-tice.co.il/articles/%D7%93%D7%A0%D7%A4-5387-20-%D7%A8%D7%A4%D7%99-%D7%A8%D7%95%D7%AA%D7%9D-%D7%A0-%D7%9E%D7%93%D7%99%D7%A0%D7%AA-%D7%99%D7%A9%D7%A8%D7%90%D7%9C/",1,149,"0.0067","12.8"
"https://jus-tice.co.il/articles/%D7%94%D7%97%D7%9C%D7%98%D7%94-%D7%91%D7%91%D7%A7%D7%A9%D7%AA-%D7%90%D7%9D-%D7%9C%D7%9E%D7%A9%D7%9E%D7%95%D7%A8%D7%AA-%D7%96%D7%9E%D7%A0%D7%99%D7%AA-%D7%A9%D7%9C-%D7%A7%D7%98%D7%99%D7%9F-%D7%95%D7%9C/",1,31,"0.0323","11.5"
"https://jus-tice.co.il/articles/%D7%94%D7%A2%D7%93%D7%A8-%D7%A9%D7%99%D7%AA%D7%95%D7%A3-%D7%A1%D7%A4%D7%A6%D7%99%D7%A4%D7%99-%D7%91%D7%A0%D7%9B%D7%A1-%D7%A9%D7%A0%D7%A8%D7%A9%D7%9D-%D7%A2%D7%9C-%D7%A9%D7%9D-%D7%94%D7%91%D7%A2%D7%9C/",1,8,"0.1250","19.1"
"https://jus-tice.co.il/articles/%D7%97%D7%95%D7%91%D7%AA-%D7%94%D7%90%D7%91-%D7%91%D7%9E%D7%93%D7%95%D7%A8-%D7%99%D7%9C%D7%93%D7%99%D7%95-%D7%91%D7%93%D7%99%D7%A8%D7%94-%D7%A9%D7%91%D7%91%D7%A2%D7%9C%D7%95%D7%AA-%D7%94%D7%90%D7%9D/",1,17,"0.0588","19.1"
"https://jus-tice.co.il/articles/%D7%97%D7%99%D7%95%D7%91-%D7%92%D7%98-%D7%92%D7%99%D7%A8%D7%95%D7%A9%D7%99%D7%9F-%D7%95%D7%93%D7%97%D7%99%D7%99%D7%AA-%D7%91%D7%A7%D7%A9%D7%AA-%D7%94%D7%90%D7%99%D7%A9-%D7%9C%D7%93%D7%95%D7%9F-%D7%91/",1,72,"0.0139","21.1"
"https://jus-tice.co.il/articles/%D7%97%D7%99%D7%95%D7%91-%D7%92%D7%98-%D7%95%D7%9B%D7%AA%D7%95%D7%91%D7%94-%D7%91%D7%9E%D7%A7%D7%A8%D7%94-%D7%A9%D7%A9%D7%A0%D7%99-%D7%94%D7%A6%D7%93%D7%93%D7%99%D7%9D-%D7%90%D7%99%D7%A0%D7%9D-%D7%A8%D7%95%D7%A6%D7%99%D7%9D-%D7%96%D7%94/",1,42,"0.0238","16.5"
"https://jus-tice.co.il/articles/%D7%97%D7%99%D7%A9%D7%95%D7%91-%D7%A9%D7%99%D7%A2%D7%95%D7%A8-%D7%97%D7%99%D7%95%D7%91%D7%95-%D7%A9%D7%9C-%D7%90%D7%91-%D7%A9%D7%90%D7%99%D7%A0%D7%95-%D7%9E%D7%A0%D7%A6%D7%9C-%D7%90%D7%AA-%D7%9E%D7%9C/",1,6,"0.1667","9.7"
"https://jus-tice.co.il/articles/%D7%A4%D7%99%D7%A8%D7%95%D7%A7-%D7%A9%D7%99%D7%AA%D7%95%D7%A3-%D7%91%D7%99%D7%9F-%D7%91%D7%A0%D7%99-%D7%96%D7%95%D7%92-%D7%97%D7%9C%D7%95%D7%A7%D7%AA-%D7%93%D7%99%D7%A8%D7%94-%D7%9C%D7%A4%D7%99/",1,401,"0.0025","50.8"
"https://jus-tice.co.il/articles/%D7%A7%D7%95%D7%A8%D7%95%D7%A0%D7%94-%D7%94%D7%90%D7%A8%D7%9B%D7%AA-%D7%AA%D7%A7%D7%95%D7%A4%D7%AA-%D7%AA%D7%95%D7%A7%D7%A3-%D7%A8%D7%99%D7%A9%D7%99%D7%95%D7%9F-%D7%A8%D7%9B%D7%91-16-03-2020/",1,100,"0.0100","13.3"
"https://jus-tice.co.il/articles/%D7%AA%D7%90-39115-08-19-%D7%A4%D7%9C%D7%95%D7%A0%D7%99-%D7%A0-%D7%90%D7%9C%D7%99%D7%9E%D7%9C%D7%9A-%D7%95%D7%90%D7%97/",1,192,"0.0052","42.8"
"https://jus-tice.co.il/changing-or-canceling-a-prenuptial-agreement/",1,364,"0.0027","39.1"
"https://jus-tice.co.il/corona_virus/%D7%94%D7%A0%D7%97%D7%99%D7%95%D7%AA-%D7%9C%D7%94%D7%AA%D7%9E%D7%95%D7%93%D7%93%D7%95%D7%AA-%D7%A2%D7%9D-%D7%A0%D7%92%D7%99%D7%A3-%D7%94%D7%A7%D7%95%D7%A8%D7%95%D7%A0%D7%94-19-covid/",1,550,"0.0018","22.5"
"https://jus-tice.co.il/criminal-defense-attorney-roles-and-responsibilities/",1,9,"0.1111","13.4"
"https://jus-tice.co.il/decision28925-09-17/",1,75,"0.0133","20.9"
"https://jus-tice.co.il/decision50014-01-19/",1,24,"0.0417","19.2"
"https://jus-tice.co.il/decision67437-12-18/",1,59,"0.0169","15.6"
"https://jus-tice.co.il/iflr1000/",1,170,"0.0059","11.8"
"https://jus-tice.co.il/kl-gates/",1,68,"0.0147","27.3"
"https://jus-tice.co.il/malta-lawyers/",1,47,"0.0213","14.6"
"https://jus-tice.co.il/portugal-homes/",1,35,"0.0286","31.5"
"https://jus-tice.co.il/portugal-noatary/",1,73,"0.0137","16.7"
"https://jus-tice.co.il/psakdin/",1,119,"0.0084","38.9"
"https://jus-tice.co.il/psakdin/%D7%91%D7%99%D7%98%D7%95%D7%9C-%D7%A6%D7%95%D7%95%D7%90%D7%94-%D7%9E%D7%90%D7%95%D7%97%D7%A8%D7%AA-%D7%91%D7%A9%D7%9C-%D7%94%D7%A9%D7%A4%D7%A2%D7%94-%D7%91%D7%9C%D7%AA%D7%99-%D7%94%D7%95%D7%92%D7%A0/",1,199,"0.0050","13.3"
"https://jus-tice.co.il/psakdin/%D7%94%D7%A0%D7%93%D7%95%D7%9F-%D7%94%D7%9E%D7%9C%D7%A6%D7%94-%D7%9C%D7%92%D7%99%D7%A8%D7%95%D7%A9%D7%99%D7%9F/",1,31,"0.0323","20.6"
"https://jus-tice.co.il/psakdin/%D7%97%D7%95%D7%A7-%D7%A9%D7%99%D7%A8%D7%95%D7%AA-%D7%94%D7%91%D7%99%D7%98%D7%97%D7%95%D7%9F-%D7%94%D7%9B%D7%9C%D7%9C%D7%99-%D7%94%D7%AA%D7%A9%D7%A1%D7%B4%D7%91-2002/",1,44,"0.0227","24.3"
"https://jus-tice.co.il/psakdin/%D7%A4%D7%A1%D7%93-%D7%91%D7%A2%D7%A8%D7%A2%D7%95%D7%A8-%D7%91%D7%95%D7%A7%D7%99%D7%A0%D7%92-%D7%A7%D7%95%D7%9D-%D7%A0-%D7%94%D7%97%D7%9C%D7%98%D7%AA-%D7%94%D7%A8%D7%A9%D7%95%D7%AA-%D7%9C%D7%94/",1,75,"0.0133","34.0"
"https://jus-tice.co.il/psakdin/%D7%A4%D7%A1%D7%93-%D7%A1%D7%9C%D7%A7%D7%95%D7%9D-%D7%9E%D7%9B%D7%A8%D7%94-%D7%9E%D7%99%D7%93%D7%A2-%D7%95%D7%A0%D7%AA%D7%95%D7%A0%D7%99-%D7%90%D7%99%D7%9B%D7%95%D7%9F-%D7%A2%D7%9C-%D7%9C%D7%A7/",1,127,"0.0079","15.1"
"https://jus-tice.co.il/psakdin/%D7%A4%D7%A1%D7%A7-%D7%93%D7%99%D7%9F-%D7%91%D7%AA%D7%91%D7%99%D7%A2%D7%94-%D7%9C%D7%97%D7%99%D7%95%D7%91-%D7%99%D7%95%D7%A2%D7%A5-%D7%94%D7%A9%D7%A7%D7%A2%D7%95%D7%AA-%D7%91%D7%92%D7%99%D7%9F-%D7%A0%D7%96%D7%A7/",1,116,"0.0086","13.6"
"https://jus-tice.co.il/psakdin/%D7%A8%D7%90%D7%A9-%D7%A2%D7%A8%D7%99%D7%99%D7%AA-%D7%98%D7%91%D7%A8%D7%99%D7%94-%D7%A8%D7%95%D7%9F-%D7%A7%D7%95%D7%91%D7%99-%D7%A4%D7%A1%D7%93-%D7%91%D7%AA%D7%91%D7%99%D7%A2%D7%94-%D7%9C%D7%A4/",1,40,"0.0250","18.4"
"https://jus-tice.co.il/psakdin/%D7%AA%D7%91%D7%99%D7%A2%D7%95%D7%AA-%D7%A8%D7%9B%D7%95%D7%A9%D7%99%D7%95%D7%AA-%D7%94%D7%93%D7%93%D7%99%D7%95%D7%AA-%D7%A9%D7%9C-%D7%91%D7%A0%D7%99-%D7%96%D7%95%D7%92-%D7%9C%D7%A9%D7%A2%D7%91%D7%A8/",1,138,"0.0072","12.5"
"https://jus-tice.co.il/research-report-n156-persistent-symptoms/",1,63,"0.0159","36.7"
"https://jus-tice.co.il/robert-stephan-cohen/",1,39,"0.0256","15.1"
"https://jus-tice.co.il/search-engine-optimization/",1,317,"0.0032","30.7"
"https://jus-tice.co.il/united-arab-emirates-lawyers/",1,4,"0.2500","5.5"
"https://jus-tice.co.il/vonovia/",1,73,"0.0137","32.6"
"https://jus-tice.co.il/weil-gotshal-manges/",1,33,"0.0303","11.4"
"https://jus-tice.co.il/wp-content/uploads/2019/03/%D7%91%D7%99%D7%94%D7%93-%D7%94%D7%90%D7%96%D7%95%D7%A8%D7%99-%D7%9C%D7%A2%D7%91%D7%95%D7%93%D7%94-%D7%91%D7%AA%D7%90-%D7%A9-%D7%AA%D7%95%D7%9E%D7%A8-%D7%A1%D7%99%D7%9C%D7%95%D7%A8%D7%94-%D7%A4%D7%A1%D7%93-%D7%91%D7%A0%D7%95%D7%A9%D7%90-%D7%94%D7%A9%D7%95%D7%95%D7%90%D7%AA-%D7%AA%D7%A0%D7%90%D7%99%D7%9D-%D7%91%D7%9E%D7%A2%D7%95%D7%A0%D7%95%D7%AA-%D7%99%D7%95%D7%9D-%D7%95%D7%92%D7%A0%D7%99%D7%9D-%D7%91%D7%97%D7%99%D7%A0%D7%95%D7%9A-%D7%94%D7%97%D7%A8%D7%93%D7%99-1.pdf",1,3,"0.3333","11.3"
"https://jus-tice.co.il/wp-content/uploads/2019/03/%D7%91%D7%99%D7%94%D7%93-%D7%94%D7%90%D7%96%D7%95%D7%A8%D7%99-%D7%9C%D7%A2%D7%91%D7%95%D7%93%D7%94-%D7%AA%D7%90-%D7%A9-%D7%A8%D7%95%D7%99%D7%AA-%D7%A6%D7%93%D7%99%D7%A7-%D7%A4%D7%A1%D7%A7-%D7%93%D7%99%D7%9F-%D7%91%D7%A2%D7%A0%D7%99%D7%99%D7%9F-%D7%96%D7%9B%D7%95%D7%99%D7%95%D7%AA-%D7%A2%D7%95%D7%91%D7%93%D7%99%D7%9D-%D7%91%D7%A2%D7%A0%D7%A3-%D7%94%D7%A9%D7%9E%D7%99%D7%A8%D7%94.pdf",1,50,"0.0200","11.4"
"https://jus-tice.co.il/wp-content/uploads/2019/03/%D7%91%D7%99%D7%94%D7%93-%D7%94%D7%90%D7%99%D7%96%D7%95%D7%A8%D7%99-%D7%9C%D7%A2%D7%91%D7%95%D7%93%D7%94-%D7%91%D7%A0%D7%A6%D7%A8%D7%AA-%D7%A9-%D7%98%D7%9C-%D7%92%D7%95%D7%9C%D7%9F-%D7%A4%D7%A1%D7%93-%D7%91%D7%AA%D7%91%D7%99%D7%A2%D7%95%D7%AA-%D7%94%D7%93%D7%93%D7%99%D7%95%D7%AA-%D7%A9%D7%9C-%D7%97%D7%91%D7%A8%D7%94-%D7%9C%D7%99%D7%99%D7%A6%D7%95%D7%A8-%D7%99%D7%A8%D7%99%D7%A2%D7%95%D7%AA-%D7%A4%D7%9C%D7%A1%D7%98%D7%99%D7%A7-%D7%9C%D7%97%D7%A7%D7%9C%D7%90%D7%95%D7%AA-%D7%95%D7%9E%D7%A0%D7%9B%D7%9C-%D7%94%D7%97%D7%91%D7%A8%D7%94-%D7%9C%D7%A9%D7%A2%D7%91%D7%A8.pdf",1,41,"0.0244","9.3"
"https://jus-tice.co.il/wp-content/uploads/2019/03/%D7%91%D7%99%D7%94%D7%93-%D7%94%D7%90%D7%A8%D7%A6%D7%99-%D7%9C%D7%A2%D7%91%D7%95%D7%93%D7%94-%D7%94%D7%A8%D7%9B%D7%91-%D7%94%D7%A0%D7%A9%D7%99%D7%90-%D7%99%D7%92%D7%90%D7%9C-%D7%A4%D7%9C%D7%99%D7%98%D7%9E%D7%9F-%D7%A4%D7%A1%D7%93-%D7%91%D7%A2%D7%A0%D7%99%D7%99%D7%9F-%D7%94%D7%90%D7%A8%D7%9B%D7%AA-%D7%9E%D7%95%D7%A2%D7%93-%D7%9C%D7%A2%D7%A8%D7%A2%D7%95%D7%A8-%D7%A2%D7%9C-%D7%94%D7%97%D7%9C%D7%98%D7%95%D7%AA-%D7%95%D7%A2%D7%93%D7%95%D7%AA-%D7%A2%D7%A8%D7%A8-%D7%95%D7%92%D7%95%D7%A4%D7%99%D7%9D-%D7%90%D7%97%D7%A8%D7%99%D7%9D.pdf",1,46,"0.0217","8.9"
"https://jus-tice.co.il/wp-content/uploads/2019/03/%D7%91%D7%99%D7%94%D7%93-%D7%94%D7%90%D7%A8%D7%A6%D7%99-%D7%9C%D7%A2%D7%91%D7%95%D7%93%D7%94-%D7%A9-%D7%93%D7%95%D7%99%D7%93%D7%95%D7%91-%D7%9E%D7%95%D7%98%D7%95%D7%9C%D7%94-%D7%A4%D7%A1%D7%93-%D7%A2%D7%91%D7%9C-33292-04-15-%D7%94%D7%9E%D7%95%D7%A1%D7%93-%D7%9C%D7%91%D7%99%D7%98%D7%95%D7%97-%D7%9C%D7%90%D7%95%D7%9E%D7%99-%D7%A4%D7%9C%D7%95%D7%A0%D7%99%D7%AA-%D7%A2%D7%9C-%D7%A2%D7%A7%D7%A8%D7%AA-%D7%91%D7%99%D7%AA-%D7%95%D7%A2%D7%A7%D7%A8%D7%AA-%D7%91%D7%99%D7%AA-%D7%A0%D7%9B%D7%94.pdf",1,19,"0.0526","15.6"
"https://jus-tice.co.il/wp-content/uploads/2019/03/%D7%91%D7%99%D7%94%D7%93-%D7%94%D7%90%D7%A8%D7%A6%D7%99-%D7%9C%D7%A2%D7%91%D7%95%D7%93%D7%94-%D7%A9-%D7%9C%D7%90%D7%94-%D7%92%D7%9C%D7%99%D7%A7%D7%A1%D7%9E%D7%9F-%D7%A4%D7%A1%D7%93-%D7%91%D7%A2%D7%A0%D7%99%D7%99%D7%9F-%D7%A4%D7%99%D7%98%D7%95%D7%A8%D7%99-%D7%A2%D7%95%D7%91%D7%93%D7%99%D7%9D-%D7%A9%D7%94%D7%95%D7%A2%D7%A1%D7%A7%D7%95-%D7%91%D7%A0%D7%99%D7%92%D7%A8%D7%99%D7%94-%D7%95%D7%A4%D7%95%D7%A8%D7%95%D7%9D-%D7%9C%D7%90-%D7%A0%D7%90%D7%95%D7%AA.pdf",1,18,"0.0556","5.6"
"https://jus-tice.co.il/wp-content/uploads/2020/10/%D7%AA%D7%A7%D7%A6%D7%99%D7%A8-7023-19.pdf",1,176,"0.0057","6.0"
"https://jus-tice.co.il/wp-content/uploads/2022/03/%D7%A7%D7%98%D7%92%D7%95%D7%A8%D7%99%D7%94_%D7%A4%D7%A1%D7%A7%D7%99_%D7%93%D7%99%D7%9F_%D7%A4%D7%9C%D7%99%D7%9C%D7%99%D7%99%D7%9D_%D7%91%D7%99%D7%A9%D7%A8%D7%90%D7%9C.pdf",1,10,"0.1000","27.2"
"https://jus-tice.co.il/wp-content/uploads/2022/06/%D7%A0%D7%99%D7%94%D7%95%D7%9C-%D7%AA%D7%91%D7%99%D7%A2%D7%AA-%D7%92%D7%99%D7%A8%D7%95%D7%A9%D7%99%D7%9F-%D7%9E%D7%97%D7%95%D7%9C-%D7%91%D7%90%D7%9E%D7%A6%D7%A2%D7%95%D7%AA-%D7%9E%D7%95%D7%A8%D7%A9%D7%94-%D7%95%D7%96%D7%95%D7%9D-%D7%9B%D7%90%D7%A9%D7%A8-%D7%94%D7%A0%D7%AA%D7%91%D7%A2-%D7%9E%D7%AA%D7%A0%D7%92%D7%93-1268530-3-%D7%91%D7%99%D7%94%D7%93-%D7%90%D7%A9%D7%A7%D7%9C%D7%95%D7%9F.docx",1,5,"0.2000","11.8"
"https://jus-tice.co.il/wp-content/uploads/2022/06/misradhamishpatim-women.pdf",1,131,"0.0076","36.6"
"https://jus-tice.co.il/wp-content/uploads/2023/02/%D7%9B%D7%AA%D7%91-%D7%90%D7%99%D7%A9%D7%95%D7%9D-%D7%97%D7%95%D7%9C%D7%95%D7%9F-.pdf",1,15,"0.0667","9.3"
"https://jus-tice.co.il/wp-content/uploads/2023/03/%D7%A7%D7%A4%D7%A8%D7%99%D7%A1%D7%99%D7%9F-%D7%9E%D7%A9%D7%A8%D7%93%D7%99-%D7%A2%D7%95%D7%A8%D7%9B%D7%99-%D7%93%D7%99%D7%9F-%D7%A8%D7%A9%D7%99%D7%9E%D7%94.pdf",1,47,"0.0213","7.8"
"https://jus-tice.co.il/wp-content/uploads/2023/03/Complaint-Form.docx",1,3,"0.3333","8.3"
"https://jus-tice.co.il/wp-content/uploads/2023/08/antragsformular-pass-personalausweis-minderjaehrige-data.pdf",1,54,"0.0185","6.4"
"https://jus-tice.co.il/%D7%90%D7%99%D7%96%D7%95%D7%9F-%D7%9E%D7%A9%D7%90%D7%91%D7%99%D7%9D-%D7%9B%D7%A1%D7%A4%D7%99%D7%9D-%D7%94%D7%9E%D7%A6%D7%95%D7%99%D7%99%D7%9D-%D7%91%D7%97%D7%A9%D7%91%D7%95%D7%A0%D7%95%D7%AA-%D7%91%D7%9F-%D7%96%D7%95%D7%92-%D7%94%D7%91%D7%A8%D7%97%D7%AA-%D7%A0%D7%9B%D7%A1%D7%99%D7%9D/",0,70,"0.0000","36.8"
"https://jus-tice.co.il/%D7%90%D7%99%D7%9E%D7%95%D7%AA-%D7%97%D7%AA%D7%99%D7%9E%D7%94-%D7%A0%D7%95%D7%98%D7%A8%D7%99%D7%95%D7%9F-%D7%9E%D7%A9%D7%95%D7%9C%D7%91-%D7%A2%D7%91%D7%A8%D7%99%D7%AA-%D7%90%D7%A0%D7%92%D7%9C%D7%99%D7%AA/",0,108,"0.0000","34.6"
"https://jus-tice.co.il/%D7%90%D7%99%D7%A9%D7%95%D7%9D-%D7%94%D7%98%D7%A8%D7%93%D7%95%D7%AA-%D7%A9%D7%9C-%D7%A2%D7%93-%D7%94%D7%9E%D7%93%D7%99%D7%A0%D7%94-%D7%A0%D7%99%D7%A8-%D7%97%D7%A4%D7%A5-%D7%95%D7%A2%D7%93%D7%AA-%D7%94/",0,61,"0.0000","11.6"
"https://jus-tice.co.il/%D7%90%D7%9E%D7%A0%D7%AA-%D7%94%D7%90%D7%95%D7%9E%D7%95%D7%AA-%D7%94%D7%9E%D7%90%D7%95%D7%97%D7%93%D7%95%D7%AA-%D7%A0%D7%92%D7%93-%D7%A9%D7%97%D7%99%D7%AA%D7%95%D7%AA/",0,18,"0.0000","28.1"
"https://jus-tice.co.il/%D7%91%D7%92%D7%99%D7%93%D7%94/",0,1,"0.0000","62.0"
"https://jus-tice.co.il/%D7%91%D7%99%D7%98%D7%95%D7%9C-%D7%90%D7%92%D7%A8%D7%94-%D7%91%D7%92%D7%99%D7%9F-%D7%94%D7%92%D7%A9%D7%AA-%D7%93%D7%99%D7%95%D7%95%D7%97-%D7%9C%D7%90%D7%A4%D7%95%D7%98%D7%A8%D7%95%D7%A4%D7%95%D7%A1-%D7%94%D7%9B%D7%9C%D7%9C%D7%99/",0,26,"0.0000","20.1"
"https://jus-tice.co.il/%D7%91%D7%99%D7%98%D7%95%D7%9C-%D7%94%D7%A8%D7%A9%D7%A2%D7%94-%D7%A2%D7%91%D7%99%D7%A8%D7%95%D7%AA-%D7%94%D7%95%D7%A0%D7%90%D7%94/",0,29,"0.0000","33.0"
"https://jus-tice.co.il/%D7%91%D7%99%D7%AA-%D7%94%D7%93%D7%99%D7%9F-%D7%94%D7%A8%D7%91%D7%A0%D7%99-%D7%A7%D7%A0%D7%94-%D7%A1%D7%9E%D7%9B%D7%95%D7%AA-%D7%9C%D7%9E%D7%A8%D7%95%D7%AA-%D7%94%D7%92%D7%A9%D7%AA-%D7%AA%D7%95%D7%91%D7%A2%D7%A0%D7%94-%D7%91%D7%A2%D7%A0%D7%99%D7%99%D7%9F-%D7%94%D7%97%D7%96%D7%A7%D7%AA-%D7%99%D7%9C%D7%93%D7%99%D7%9D/",0,34,"0.0000","43.4"
"https://jus-tice.co.il/%D7%91%D7%A0%D7%99%D7%99%D7%94-%D7%99%D7%A8%D7%95%D7%A7%D7%94-%D7%AA%D7%9B%D7%A0%D7%95%D7%9F-%D7%A2%D7%99%D7%A8%D7%95%D7%A0%D7%99-%D7%95%D7%A4%D7%A8%D7%95%D7%99%D7%A7%D7%98%D7%99%D7%9D-%D7%90%D7%A0%D7%A8%D7%92%D7%98%D7%99%D7%99%D7%9D-%D7%91%D7%99%D7%95%D7%95%D7%9F/",0,100,"0.0000","24.4"
"https://jus-tice.co.il/%D7%92%D7%99%D7%A8%D7%95%D7%A9%D7%99%D7%9F-%D7%91%D7%92%D7%99%D7%A9%D7%95%D7%A8-%D7%A2%D7%9D-%D7%99%D7%9C%D7%93%D7%99%D7%9D-%D7%94%D7%93%D7%A8%D7%9A-%D7%94%D7%98%D7%95%D7%91%D7%94-%D7%9C%D7%94%D7%AA%D7%92%D7%A8%D7%A9-%D7%91%D7%92%D7%99%D7%A9%D7%95%D7%A8-%D7%91%D7%9C%D7%99-%D7%9C%D7%A4%D7%92%D7%95%D7%A2-%D7%91%D7%99%D7%9C%D7%93%D7%99%D7%9D/",0,12,"0.0000","58.5"
"https://jus-tice.co.il/%D7%92%D7%99%D7%A8%D7%95%D7%A9%D7%99%D7%9F-%D7%97%D7%9C%D7%95%D7%A7%D7%AA-%D7%A2%D7%A1%D7%A7-%D7%A0%D7%9B%D7%A1-%D7%90%D7%95-%D7%9E%D7%95%D7%A0%D7%99%D7%98%D7%99%D7%9F-%D7%9E%D7%A2%D7%9E%D7%93%D7%94-%D7%A9%D7%9C-%D7%97%D7%95%D7%93-%D7%9E%D7%95%D7%9E%D7%97%D7%94/",0,5,"0.0000","19.8"
"https://jus-tice.co.il/%D7%92%D7%99%D7%A8%D7%95%D7%A9%D7%99%D7%9F-%D7%A7%D7%91%D7%9C%D7%AA-%D7%96%D7%9B%D7%95%D7%99%D7%95%D7%AA-%D7%A4%D7%A0%D7%A1%D7%99%D7%95%D7%A0%D7%99%D7%95%D7%AA-%D7%9E%D7%94%D7%95%D7%95%D7%A0%D7%95%D7%AA-%D7%91%D7%9E%D7%A7%D7%95%D7%9D-%D7%A8%D7%99%D7%A9%D7%95%D7%9E%D7%9F-%D7%A2%D7%9C-%D7%A9%D7%9D-%D7%94%D7%96%D7%9B%D7%90%D7%99-%D7%91%D7%94%D7%AA%D7%90%D7%9D-%D7%9C%D7%97%D7%95%D7%A7-%D7%9C%D7%97%D7%9C%D7%95%D7%A7%D7%AA-%D7%97%D7%99%D7%A1%D7%9B%D7%95%D7%9F-%D7%A4%D7%A0%D7%A1%D7%99%D7%95%D7%A0%D7%99/",0,8,"0.0000","30.8"
"https://jus-tice.co.il/%D7%93%D7%97%D7%99%D7%99%D7%AA-%D7%91%D7%A7%D7%A9%D7%94-%D7%9C%D7%94%D7%AA%D7%A0%D7%92%D7%93%D7%95%D7%AA-%D7%9C%D7%A6%D7%95-%D7%99%D7%A8%D7%95%D7%A9%D7%94-%D7%A2%D7%9C-%D7%99%D7%93%D7%99-%D7%94%D7%A0%D7%AA%D7%91%D7%A2%D7%AA-%D7%94%D7%98%D7%95%D7%A2%D7%A0%D7%AA-%D7%9C%D7%94%D7%99%D7%95%D7%AA%D7%94-%D7%91%D7%AA-%D7%94%D7%96%D7%95%D7%92-%D7%A9%D7%9C-%D7%94%D7%9E%D7%A0%D7%95%D7%97-%D7%AA%D7%A2-57474-06-19/",0,32,"0.0000","28.3"
"https://jus-tice.co.il/%D7%93%D7%97%D7%99%D7%99%D7%AA-%D7%93%D7%A8%D7%99%D7%A9%D7%94-%D7%9C%D7%A2%D7%99%D7%9B%D7%95%D7%91-%D7%92%D7%99%D7%A8%D7%95%D7%A9%D7%99%D7%9F-%D7%9C%D7%A9%D7%9D-%D7%94%D7%96%D7%9E%D7%AA-%D7%98%D7%A2%D7%A0%D7%95%D7%AA-%D7%A9%D7%9C%D7%90-%D7%94%D7%97%D7%9C-%D7%91%D7%99%D7%A8%D7%95%D7%A8%D7%9F-%D7%A9%D7%A4%D7%A1%D7%99%D7%A7%D7%AA-%D7%94%D7%92%D7%99%D7%A8%D7%95%D7%A9%D7%99%D7%9F-%D7%90%D7%99%D7%A0%D7%94-%D7%9E%D7%95%D7%A9%D7%AA%D7%AA%D7%AA-%D7%A2%D7%9C%D7%99%D7%94%D7%9F-%D7%95%D7%A9%D7%94%D7%96%D7%9E%D7%AA%D7%9F-%D7%9E%D7%91%D7%95%D7%A7%D7%A9%D7%AA-%D7%9C%D7%A6%D7%95%D7%A8%D7%9A-%D7%94%D7%9C%D7%99%D7%9A-%D7%90%D7%97%D7%A8-1353339-1-%D7%91%D7%99%D7%94%D7%93-%D7%94%D7%92%D7%93%D7%95%D7%9C/",0,2,"0.0000","84.0"
"https://jus-tice.co.il/%D7%93%D7%97%D7%99%D7%99%D7%AA-%D7%98%D7%A2%D7%A0%D7%94-%D7%9C%D7%A4%D7%92%D7%99%D7%A2%D7%94-%D7%9E%D7%99%D7%A0%D7%99%D7%AA-%D7%95%D7%97%D7%99%D7%93%D7%95%D7%A9-%D7%A7%D7%A9%D7%A8-%D7%91%D7%99%D7%9F-%D7%90%D7%91-%D7%9C%D7%91%D7%AA%D7%95-%D7%90%D7%A3-%D7%A9%D7%9C%D7%90-%D7%91%D7%94%D7%AA%D7%90%D7%9D-%D7%9C%D7%94%D7%9E%D7%9C%D7%A6%D7%AA-%D7%A2%D7%95%D7%A1-%D7%94%D7%A8%D7%95%D7%95%D7%97%D7%94-1201062-4-%D7%91%D7%99%D7%94%D7%93-%D7%99%D7%A8%D7%95%D7%A9%D7%9C%D7%99%D7%9D/",0,8,"0.0000","33.0"
"https://jus-tice.co.il/%D7%94%D7%90%D7%9D-%D7%94%D7%91%D7%A2%D7%9C-%D7%A8%D7%A9%D7%90%D7%99-%D7%9C%D7%A2%D7%9B%D7%91-%D7%90%D7%AA-%D7%94%D7%92%D7%98-%D7%91%D7%98%D7%A2%D7%A0%D7%94-%D7%A9%D7%A2%D7%A8%D7%9B%D7%90%D7%95%D7%AA-%D7%91%D7%90%D7%A8%D7%94%D7%91-%D7%94%D7%99%D7%98%D7%95-%D7%90%D7%AA-%D7%93%D7%99%D7%A0%D7%95-1345115-4-%D7%91%D7%99%D7%94%D7%93-%D7%99%D7%A8%D7%95%D7%A9%D7%9C%D7%99%D7%9D/",0,3,"0.0000","14.7"
"https://jus-tice.co.il/%D7%94%D7%90%D7%9D-%D7%AA%D7%A9%D7%9C%D7%9D-%D7%9E%D7%96%D7%95%D7%A0%D7%95%D7%AA-%D7%99%D7%9C%D7%93%D7%99%D7%9D-%D7%91%D7%99%D7%AA-%D7%93%D7%99%D7%9F-%D7%A8%D7%91%D7%A0%D7%99-2022/",0,23,"0.0000","17.5"
"https://jus-tice.co.il/%D7%94%D7%97%D7%9C%D7%98%D7%94-%D7%91%D7%A0%D7%95%D7%A9%D7%90-%D7%A9%D7%91%D7%99%D7%AA%D7%AA-%D7%94%D7%A0%D7%9E%D7%9C%D7%99%D7%9D-%D7%A1%D7%A7%D7%9B-55221-01-22/",0,13,"0.0000","21.0"
"https://jus-tice.co.il/%D7%94%D7%A1%D7%93%D7%A8-%D7%9E%D7%95%D7%AA%D7%A0%D7%94/",0,18,"0.0000","31.2"
"https://jus-tice.co.il/%D7%94%D7%A9%D7%95%D7%A4%D7%98%D7%AA-%D7%A2%D7%A4%D7%A8%D7%94-%D7%92%D7%99%D7%90-%D7%99%D7%A1-33240-08-21-%D7%A2-%D7%A0-%D7%A2/",0,15,"0.0000","29.5"
"https://jus-tice.co.il/%D7%94%D7%A9%D7%95%D7%A4%D7%98-%D7%90%D7%A8%D7%96-%D7%A9%D7%A0%D7%99-%D7%A4%D7%A1%D7%93-%D7%91%D7%AA%D7%91%D7%99%D7%A2%D7%AA-%D7%90%D7%91-%D7%9C%D7%9E%D7%A9%D7%9E%D7%95%D7%A8%D7%AA-%D7%95%D7%97%D7%9C%D7%95%D7%A7%D7%AA-%D7%96%D7%9E%D7%A0%D7%99-%D7%A9%D7%94%D7%95%D7%AA-%D7%A9%D7%95%D7%95%D7%99%D7%9D-%D7%AA%D7%9C%D7%94%D7%9E-64033-06-21/",0,6,"0.0000","8.3"
"https://jus-tice.co.il/%D7%94%D7%A9%D7%95%D7%A4%D7%98-%D7%90%D7%A8%D7%99%D7%90%D7%9C-%D7%9E%D7%9E%D7%9F-%D7%94%D7%97%D7%9C%D7%98%D7%94-%D7%9C%D7%9E%D7%AA%D7%9F-%D7%A6%D7%95-%D7%94%D7%92%D7%A0%D7%94-%D7%9C%D7%9E%D7%A0%D7%99%D7%A2%D7%AA-%D7%90%D7%9C%D7%99%D7%9E%D7%95%D7%AA-%D7%91%D7%9E%D7%A9%D7%A4%D7%97%D7%94-%D7%94%D7%98-40857-03-22/",0,17,"0.0000","23.7"
"https://jus-tice.co.il/%D7%94%D7%A9%D7%AA%D7%9E%D7%A9-%D7%91%D7%90%D7%A4%D7%9C%D7%99%D7%A7%D7%A6%D7%99%D7%95%D7%AA-%D7%95%D7%95%D7%90%D7%98%D7%A1%D7%90%D7%A4-%D7%95%D7%90%D7%99%D7%A0%D7%A1%D7%98%D7%92%D7%A8%D7%9D-%D7%9C%D7%99%D7%A6%D7%95%D7%A8-%D7%A7%D7%A9%D7%A8%D7%99%D7%9D-%D7%A2%D7%9D-%D7%A7%D7%98%D7%99%D7%A0%D7%95%D7%AA-%D7%95%D7%9C%D7%A7%D7%99%D7%99%D7%9D-%D7%A2%D7%9E%D7%9F-%D7%A9%D7%99%D7%97%D7%95%D7%AA-%D7%91%D7%A2%D7%9C%D7%95%D7%AA-%D7%90%D7%95%D7%A4%D7%99-%D7%9E%D7%99%D7%A0%D7%99/",0,8,"0.0000","7.8"
"https://jus-tice.co.il/%D7%96%D7%99%D7%9B%D7%95%D7%99-%D7%A0%D7%94%D7%92-%D7%9E%D7%A9%D7%90%D7%99%D7%AA-%D7%A9%D7%94%D7%95%D7%90%D7%A9%D7%9D-%D7%91%D7%92%D7%A8%D7%99%D7%9E%D7%AA-%D7%9E%D7%95%D7%95%D7%AA-%D7%91%D7%A8%D7%A9%D7%9C%D7%A0%D7%95%D7%AA-%D7%AA%D7%99%D7%A7-56-03-20/",0,7,"0.0000","29.0"
"https://jus-tice.co.il/%D7%97%D7%93%D7%A9%D7%95%D7%AA-%D7%A4%D7%9C%D7%99%D7%9C%D7%99-%D7%9E%D7%AA%D7%A2%D7%93%D7%9B%D7%9F/",0,91,"0.0000","28.7"
"https://jus-tice.co.il/%D7%97%D7%95%D7%A7-%D7%94%D7%A2%D7%95%D7%A0%D7%A9%D7%99%D7%9F/",0,19,"0.0000","10.5"
"https://jus-tice.co.il/%D7%97%D7%95%D7%A7-%D7%9E%D7%99%D7%A1%D7%95%D7%99-%D7%A0%D7%93%D7%9C%D7%9F-%D7%99%D7%95%D7%95%D7%9F-%D7%97%D7%95%D7%A7-%D7%9E%D7%A1-4223/",0,3,"0.0000","11.3"
"https://jus-tice.co.il/%D7%97%D7%95%D7%A7-%D7%A4%D7%99%D7%A6%D7%95%D7%99%D7%99%D7%9D-%D7%9C%D7%A0%D7%A4%D7%92%D7%A2%D7%99-%D7%AA%D7%90%D7%95%D7%A0%D7%95%D7%AA-%D7%93%D7%A8%D7%9B%D7%99%D7%9D-%D7%A0%D7%95%D7%A1%D7%97-%D7%A2%D7%93%D7%9B%D7%A0%D7%99/",0,145,"0.0000","16.6"
"https://jus-tice.co.il/%D7%97%D7%95%D7%A7-%D7%A8%D7%A9%D7%9C%D7%A0%D7%95%D7%AA-%D7%A8%D7%A4%D7%95%D7%90%D7%99%D7%AA/",0,85,"0.0000","41.4"
"https://jus-tice.co.il/%D7%97%D7%AA%D7%99%D7%9E%D7%94-%D7%A2%D7%9C-%D7%A8%D7%A9%D7%99%D7%9E%D7%AA-%D7%9C%D7%99%D7%A7%D7%95%D7%99%D7%99%D7%9D/",0,13,"0.0000","32.3"
"https://jus-tice.co.il/%D7%98%D7%95%D7%91%D7%AA-%D7%94%D7%99%D7%9C%D7%93%D7%99%D7%9D-%D7%9B%D7%91%D7%A1%D7%99%D7%A1-%D7%9C%D7%97%D7%99%D7%95%D7%91-%D7%94%D7%90%D7%9D-%D7%9C%D7%97%D7%96%D7%95%D7%A8-%D7%9C%D7%A2%D7%99%D7%A8-%D7%94%D7%9E%D7%A7%D7%95%D7%A8-%D7%A8%D7%99%D7%A9%D7%95%D7%9D-%D7%94%D7%99%D7%9C%D7%93%D7%99%D7%9D-%D7%9C%D7%9E%D7%95%D7%A1%D7%93%D7%95%D7%AA-%D7%94%D7%97%D7%99%D7%A0%D7%95%D7%9A/",0,28,"0.0000","20.5"
"https://jus-tice.co.il/%D7%98%D7%95%D7%A4%D7%A1-%D7%94%D7%A6%D7%94%D7%A8%D7%94-%D7%91%D7%A2%D7%A7%D7%91%D7%95%D7%AA-%D7%A9%D7%99%D7%A0%D7%95%D7%99-%D7%91%D7%A2%D7%9C%D7%95%D7%AA-%D7%91%D7%A2%D7%A1%D7%A7/",0,12,"0.0000","11.5"
"https://jus-tice.co.il/%D7%98%D7%95%D7%A4%D7%A1-%D7%A2%D7%9E%D7%93%D7%AA-%D7%A0%D7%A4%D7%92%D7%A2%D7%99-%D7%A2%D7%91%D7%99%D7%A8%D7%94-%D7%9C%D7%A2%D7%A0%D7%99%D7%99%D7%9F-%D7%97%D7%A0%D7%99%D7%A0%D7%94/",0,6,"0.0000","57.0"
"https://jus-tice.co.il/%D7%98%D7%95%D7%A4%D7%A1-%D7%AA%D7%A6%D7%94%D7%99%D7%A8-%D7%A0%D7%9C%D7%95%D7%95%D7%94-%D7%9C%D7%91%D7%A7%D7%A9%D7%94-%D7%9C%D7%A8%D7%99%D7%A9%D7%99%D7%95%D7%9F-%D7%A2%D7%A1%D7%A7-%D7%91%D7%90%D7%95%D7%A4%D7%9F-%D7%9E%D7%A7%D7%95%D7%95%D7%9F/",0,1,"0.0000","10.0"
"https://jus-tice.co.il/%D7%99%D7%99%D7%A2%D7%95%D7%A5-%D7%9E%D7%A9%D7%A4%D7%98%D7%99-%D7%90%D7%90%D7%95%D7%98%D7%A1%D7%95%D7%A8%D7%A1%D7%99%D7%A0%D7%92-%D7%91%D7%99%D7%A0%D7%9C%D7%90%D7%95%D7%9E%D7%99-jus-tice-%D7%9E%D7%A9%D7%A8%D7%95%D7%AA-%D7%A2%D7%95%D7%A8%D7%9B%D7%99-%D7%93%D7%99%D7%9F/",0,57,"0.0000","27.3"
"https://jus-tice.co.il/%D7%99%D7%99%D7%A2%D7%95%D7%A5-%D7%A2%D7%95%D7%A8%D7%9A-%D7%93%D7%99%D7%9F-%D7%A4%D7%9C%D7%99%D7%9C%D7%99-%D7%A8%D7%90%D7%A9%D7%95%D7%A0%D7%99-%D7%9C%D7%A2%D7%A6%D7%95%D7%A8-%D7%91%D7%A4%D7%9C%D7%99%D7%9C%D7%99%D7%9D/",0,6,"0.0000","9.7"
"https://jus-tice.co.il/%D7%9B%D7%AA%D7%91-%D7%90%D7%99%D7%A9%D7%95%D7%9D-%D7%A0%D7%92%D7%93-%D7%91%D7%9F-70-%D7%9E%D7%94%D7%A8%D7%A6%D7%9C%D7%99%D7%94-%D7%91%D7%92%D7%99%D7%9F-%D7%A8%D7%A6%D7%97-%D7%91%D7%A0%D7%A1%D7%99%D7%91%D7%95%D7%AA-%D7%9E%D7%97%D7%9E%D7%99%D7%A8%D7%95%D7%AA/",0,10,"0.0000","10.2"
"https://jus-tice.co.il/%D7%9C%D7%90-%D7%9E%D7%97%D7%95%D7%A1%D7%9F-%D7%94%D7%90%D7%9D-%D7%9E%D7%A2%D7%A1%D7%99%D7%A7-%D7%99%D7%9B%D7%95%D7%9C-%D7%9C%D7%9E%D7%A0%D7%95%D7%A2-%D7%A2%D7%95%D7%91%D7%93-%D7%9C%D7%9C%D7%90-%D7%91%D7%93%D7%99%D7%A7%D7%AA-%D7%A7%D7%95%D7%A8%D7%95%D7%A0%D7%94/",0,32,"0.0000","13.3"
"https://jus-tice.co.il/%D7%9E%D7%96%D7%95%D7%A0%D7%95%D7%AA-%D7%94%D7%99%D7%9C%D7%93%D7%99%D7%9D-%D7%94%D7%90%D7%9D-%D7%9C%D7%A4%D7%99-%D7%A6%D7%A8%D7%99%D7%9B%D7%94-%D7%91%D7%A4%D7%95%D7%A2%D7%9C-%D7%90%D7%95-%D7%A2%D7%A8%D7%9A-%D7%A9%D7%95%D7%9C%D7%99/",0,79,"0.0000","14.8"
"https://jus-tice.co.il/%D7%9E%D7%97%D7%A7%D7%A8-%D7%9E%D7%99%D7%9E%D7%95%D7%A9-%D7%96%D7%9B%D7%95%D7%99%D7%95%D7%AA-%D7%A7%D7%98%D7%99%D7%A0%D7%99%D7%9D-%D7%A0%D7%A4%D7%92%D7%A2%D7%99-%D7%A2%D7%91%D7%99%D7%A8%D7%95%D7%AA-%D7%9E%D7%99%D7%9F-%D7%97%D7%9E%D7%95%D7%A8%D7%95%D7%AA-%D7%91%D7%AA%D7%99%D7%A7%D7%99-%D7%94%D7%A1%D7%99%D7%95%D7%A2-%D7%94%D7%9E%D7%A9%D7%A4%D7%98%D7%99/",0,2,"0.0000","14.5"
"https://jus-tice.co.il/%D7%9E%D7%A0%D7%AA%D7%97-%D7%A4%D7%9C%D7%A1%D7%98%D7%99-%D7%A4%D7%A0%D7%99%D7%9D/",0,98,"0.0000","66.3"
"https://jus-tice.co.il/%D7%9E%D7%A1%D7%9E%D7%9B%D7%99%D7%9D-%D7%97%D7%A9%D7%95%D7%91%D7%99%D7%9D-%D7%9C%D7%AA%D7%91%D7%99%D7%A2%D7%AA-%D7%A8%D7%A9%D7%9C%D7%A0%D7%95%D7%AA-%D7%A8%D7%A4%D7%95%D7%90%D7%99%D7%AA/",0,4,"0.0000","38.8"
"https://jus-tice.co.il/%D7%9E%D7%A6%D7%90-%D7%A2%D7%95%D7%A8%D7%9A-%D7%93%D7%99%D7%9F-%D7%91%D7%A7%D7%A8%D7%91%D7%AA%D7%9A/",0,17,"0.0000","19.2"
"https://jus-tice.co.il/%D7%9E%D7%A9%D7%9E%D7%95%D7%A8%D7%AA-%D7%91%D7%9C%D7%A2%D7%93%D7%99%D7%AA-%D7%9C%D7%90%D7%9D-%D7%95%D7%A9%D7%99%D7%AA%D7%95%D7%A4%D7%99%D7%95%D7%AA-%D7%99%D7%97%D7%A1%D7%99%D7%AA-%D7%91%D7%9E%D7%A1%D7%92%D7%A8%D7%AA-%D7%90%D7%99%D7%96%D7%95%D7%9F-%D7%9E%D7%A9%D7%90%D7%91%D7%99%D7%9D-%D7%AA%D7%9C%D7%94%D7%9E-37049-07-18/",0,124,"0.0000","11.1"
"https://jus-tice.co.il/%D7%9E%D7%A9%D7%A8%D7%93-%D7%A2%D7%95%D7%A8%D7%9B%D7%99-%D7%93%D7%99%D7%9F-%D7%A4%D7%9C%D7%99%D7%9C%D7%99-%D7%94%D7%9B%D7%99-%D7%98%D7%95%D7%91-%D7%AA%D7%9C-%D7%90%D7%91%D7%99%D7%91/",0,284,"0.0000","61.1"
"https://jus-tice.co.il/%D7%A0%D7%95%D7%A1%D7%97-%D7%9B%D7%AA%D7%91-%D7%94%D7%90%D7%99%D7%A9%D7%95%D7%9D-%D7%A0%D7%92%D7%93-%D7%91%D7%A0%D7%99%D7%9E%D7%99%D7%9F-%D7%A0%D7%AA%D7%A0%D7%99%D7%94%D7%95-%D7%AA%D7%99%D7%A7%D7%99%D7%9D-1000-2000-4000",0,193,"0.0000","12.8"
"https://jus-tice.co.il/%D7%A1%D7%95%D7%92%D7%99%D7%95%D7%AA-%D7%9E%D7%A9%D7%A4%D7%98%D7%99%D7%95%D7%AA-%D7%A9%D7%99%D7%A9-%D7%9C%D7%A7%D7%97%D7%AA-%D7%91%D7%97%D7%A9%D7%91%D7%95%D7%9F-%D7%91%D7%A2%D7%AA-%D7%9E%D7%9B%D7%99%D7%A8%D7%AA-%D7%91%D7%99%D7%AA/",0,3,"0.0000","7.7"
"https://jus-tice.co.il/%D7%A1%D7%95%D7%92%D7%99%D7%9D-%D7%A9%D7%95%D7%A0%D7%99%D7%9D-%D7%A9%D7%9C-%D7%A8%D7%95%D7%A4%D7%90%D7%99%D7%9D/",0,2,"0.0000","9.5"
"https://jus-tice.co.il/%D7%A1%D7%95%D7%92%D7%99-%D7%A8%D7%A9%D7%9C%D7%A0%D7%95%D7%AA-%D7%A8%D7%A4%D7%95%D7%90%D7%99%D7%AA/",0,9,"0.0000","28.7"
"https://jus-tice.co.il/%D7%A1%D7%9E%D7%9B%D7%95%D7%AA-%D7%91%D7%99%D7%AA-%D7%94%D7%93%D7%99%D7%9F-%D7%91%D7%AA%D7%91%D7%99%D7%A2%D7%AA-%D7%92%D7%99%D7%A8%D7%95%D7%A9%D7%99%D7%9F-%D7%9B%D7%A8%D7%95%D7%9B%D7%94-%D7%A9%D7%9C-%D7%90%D7%96%D7%A8%D7%97-%D7%92%D7%9D-%D7%90%D7%9D-%D7%90%D7%99%D7%A0%D7%95-%D7%AA%D7%95%D7%A9%D7%91/",0,5,"0.0000","20.2"
"https://jus-tice.co.il/%D7%A1%D7%A2%D7%A963705-06-19-%D7%AA%D7%91%D7%99%D7%A2%D7%94-%D7%91%D7%92%D7%99%D7%9F-%D7%A4%D7%99%D7%A6%D7%95%D7%99%D7%99-%D7%A4%D7%99%D7%98%D7%95%D7%A8%D7%99%D7%9D/",0,1,"0.0000","1.0"
"https://jus-tice.co.il/%D7%A2%D7%91%D7%99%D7%A8%D7%95%D7%AA-%D7%9E%D7%99%D7%9F-%D7%91%D7%A7%D7%98%D7%99%D7%A0%D7%94-%D7%91%D7%9E%D7%A8%D7%97%D7%91-%D7%94%D7%95%D7%95%D7%99%D7%A8%D7%98%D7%95%D7%90%D7%9C%D7%99/",0,37,"0.0000","9.8"
"https://jus-tice.co.il/%D7%A2%D7%95%D7%93-%D7%92%D7%99%D7%A8%D7%95%D7%A9%D7%99%D7%9F-%D7%9E%D7%95%D7%9E%D7%9C%D7%A5-%D7%9B%D7%99%D7%A6%D7%93-%D7%9C%D7%9E%D7%A6%D7%95%D7%90-%D7%A2%D7%95%D7%A8%D7%9A-%D7%93%D7%99%D7%9F-%D7%92%D7%99%D7%A8%D7%95%D7%A9%D7%99%D7%9F-%D7%95%D7%9B%D7%9E%D7%94-%D7%A2%D7%95%D7%9C%D7%94-%D7%9C%D7%94%D7%AA%D7%92%D7%A8%D7%A9/",0,1707,"0.0000","65.8"
"https://jus-tice.co.il/%D7%A2%D7%95%D7%A0%D7%A9-%D7%A4%D7%9C%D7%99%D7%9C%D7%99-%D7%A0%D7%90%D7%A9%D7%9D-%D7%91%D7%A8%D7%A6%D7%97-%D7%90%D7%99%D7%A9%D7%94-%D7%91%D7%A0%D7%AA%D7%A0%D7%99%D7%94-%D7%AA%D7%A4%D7%97-4710-11-18/",0,21,"0.0000","12.9"
"https://jus-tice.co.il/%D7%A2%D7%95%D7%A0%D7%A9-%D7%A4%D7%9C%D7%99%D7%9C%D7%99-%D7%A2%D7%91%D7%99%D7%A8%D7%95%D7%AA-%D7%A0%D7%A9%D7%A7-%D7%A0%D7%A9%D7%99%D7%90%D7%94-%D7%95%D7%94%D7%95%D7%91%D7%9C%D7%94/",0,9,"0.0000","9.1"
"https://jus-tice.co.il/%D7%A2%D7%95%D7%A8%D7%9A-%D7%93%D7%99%D7%9F-%D7%9C%D7%A2%D7%A0%D7%99%D7%99%D7%A0%D7%99-%D7%92%D7%99%D7%A8%D7%95%D7%A9%D7%99%D7%9F/",0,10,"0.0000","8.5"
"https://jus-tice.co.il/%D7%A2%D7%95%D7%A8%D7%9A-%D7%93%D7%99%D7%9F-%D7%9E%D7%A9%D7%A4%D7%98-%D7%91%D7%99%D7%A0%D7%9C%D7%90%D7%95%D7%9E%D7%99/",0,6,"0.0000","49.2"
"https://jus-tice.co.il/%D7%A2%D7%95%D7%A8%D7%9A-%D7%93%D7%99%D7%9F-%D7%A6%D7%95%D7%95%D7%90%D7%95%D7%AA-%D7%95%D7%99%D7%A8%D7%95%D7%A9%D7%95%D7%AA/",0,73,"0.0000","41.4"
"https://jus-tice.co.il/%D7%A2%D7%95%D7%A8%D7%9A-%D7%93%D7%99%D7%9F-%D7%A8%D7%99%D7%A9%D7%95%D7%99-%D7%A2%D7%A1%D7%A7%D7%99%D7%9D/",0,94,"0.0000","25.8"
"https://jus-tice.co.il/%D7%A2%D7%95%D7%A8%D7%9A-%D7%93%D7%99%D7%9F-%D7%A8%D7%A9%D7%9C%D7%A0%D7%95%D7%AA-%D7%91%D7%A0%D7%99%D7%AA%D7%95%D7%97-%D7%A4%D7%9C%D7%A1%D7%98%D7%99-%D7%94%D7%9E%D7%9C%D7%A6%D7%95%D7%AA-%D7%A2%D7%95%D7%93-%D7%A8%D7%A9%D7%9C%D7%A0%D7%95%D7%AA-%D7%A0%D7%99%D7%AA%D7%95%D7%97-%D7%A4%D7%9C%D7%A1%D7%98%D7%99/",0,215,"0.0000","43.2"
"https://jus-tice.co.il/%D7%A2%D7%95%D7%A8%D7%9A-%D7%93%D7%99%D7%9F-%D7%A8%D7%A9%D7%9C%D7%A0%D7%95%D7%AA-%D7%A8%D7%A4%D7%95%D7%90%D7%99%D7%AA-%D7%91%D7%9C%D7%99%D7%93%D7%94-%D7%9E%D7%95%D7%9E%D7%9C%D7%A5/",0,1301,"0.0000","53.8"
"https://jus-tice.co.il/%D7%A2%D7%95%D7%A8%D7%9A-%D7%93%D7%99%D7%9F-%D7%A8%D7%A9%D7%9C%D7%A0%D7%95%D7%AA-%D7%A8%D7%A4%D7%95%D7%90%D7%99%D7%AA-%D7%9E%D7%95%D7%9E%D7%9C%D7%A5/",0,3,"0.0000","5.7"
"https://jus-tice.co.il/%D7%A2%D7%95%D7%A8%D7%9B%D7%99-%D7%93%D7%99%D7%9F/",0,11,"0.0000","3.1"
"https://jus-tice.co.il/%D7%A2%D7%95%D7%A8%D7%9B%D7%99-%D7%93%D7%99%D7%9F/%D7%A2%D7%95%D7%A8%D7%9B%D7%99-%D7%93%D7%99%D7%9F-%D7%91%D7%AA%D7%97%D7%95%D7%9D-%D7%94%D7%A0%D7%96%D7%99%D7%A7%D7%99%D7%9F/",0,27,"0.0000","65.9"
"https://jus-tice.co.il/%D7%A2%D7%9E%D7%93%D7%AA-%D7%A0%D7%A4%D7%92%D7%A2-%D7%A2%D7%91%D7%99%D7%A8%D7%94-%D7%9C%D7%95%D7%A2%D7%93%D7%AA-%D7%A9%D7%97%D7%A8%D7%95%D7%A8%D7%99%D7%9D-%D7%9C%D7%A4%D7%99-%D7%97%D7%95%D7%A7-%D7%96%D7%9B%D7%95%D7%99%D7%95%D7%AA-%D7%A0%D7%A4%D7%92%D7%A2%D7%99-%D7%A2%D7%91%D7%99%D7%A8%D7%94/",0,17,"0.0000","9.9"
"https://jus-tice.co.il/%D7%A2%D7%9E%D7%A9-61566-03-22/",0,27,"0.0000","10.7"
"https://jus-tice.co.il/%D7%A2%D7%A6%D7%9E%D7%90%D7%99%D7%9D/",0,7,"0.0000","5.4"
"https://jus-tice.co.il/%D7%A4%D7%99%D7%A6%D7%95%D7%99-%D7%91%D7%92%D7%99%D7%9F-%D7%90%D7%99%D7%97%D7%95%D7%A8-%D7%91%D7%9E%D7%A1%D7%99%D7%A8%D7%AA-%D7%93%D7%99%D7%A8%D7%94-%D7%9E%D7%A7%D7%91%D7%9C%D7%9F-%D7%AA%D7%90-10300-02-21/",0,963,"0.0000","58.2"
"https://jus-tice.co.il/%D7%A4%D7%A1%D7%93-%D7%91%D7%A0%D7%95%D7%A9%D7%90-%D7%97%D7%95%D7%A4%D7%A9-%D7%94%D7%A2%D7%99%D7%A1%D7%95%D7%A7-%D7%A1%D7%A2%D7%A9-49088-11-18/",0,179,"0.0000","13.3"
"https://jus-tice.co.il/%D7%A4%D7%A1%D7%93-%D7%94%D7%A1%D7%93%D7%A8-%D7%A8%D7%99%D7%A9%D7%95%D7%9D-%D7%9E%D7%A7%D7%A8%D7%A7%D7%A2%D7%99%D7%9F-%D7%91%D7%A1%D7%9B%D7%A1%D7%95%D7%9A-%D7%9E%D7%A9%D7%A4%D7%97%D7%94-%D7%AA%D7%9E%D7%A9-28997-05-16/",0,29,"0.0000","16.2"
"https://jus-tice.co.il/%D7%A4%D7%A1%D7%93-%D7%94%D7%A4%D7%A1%D7%93-%D7%9B%D7%AA%D7%95%D7%91%D7%94-%D7%91%D7%90%D7%99%D7%A9%D7%94-%D7%A9%D7%99%D7%96%D7%9E%D7%94-%D7%90%D7%AA-%D7%94%D7%92%D7%99%D7%A8%D7%95%D7%A9%D7%99%D7%9F-1236570-2-%D7%91%D7%99%D7%94%D7%93-%D7%97%D7%99%D7%A4%D7%94/",0,11,"0.0000","14.4"
"https://jus-tice.co.il/%D7%A4%D7%A1%D7%93-%D7%AA%D7%91%D7%99%D7%A2%D7%AA-%D7%92%D7%99%D7%A8%D7%95%D7%A9%D7%99%D7%9F-%D7%95%D7%9B%D7%AA%D7%95%D7%91%D7%94-%D7%91%D7%90%D7%99%D7%A9%D7%94-%D7%A9%D7%A7%D7%99%D7%99%D7%9E%D7%94-%D7%99%D7%97%D7%A1%D7%99-%D7%90%D7%99%D7%A9%D7%95%D7%AA-%D7%A2%D7%9D-%D7%92%D7%91%D7%A8%D7%99%D7%9D-%D7%96%D7%A8%D7%99%D7%9D-%D7%91%D7%A0%D7%95%D7%9B%D7%97%D7%95%D7%AA-%D7%91%D7%A2%D7%9C%D7%94-1242579-2-%D7%91%D7%99%D7%94%D7%93-%D7%A8%D7%97%D7%95%D7%91%D7%95%D7%AA/",0,4,"0.0000","39.5"
"https://jus-tice.co.il/%D7%A4%D7%A1%D7%99%D7%9C%D7%AA-%D7%93%D7%99%D7%99%D7%9F-%D7%91%D7%91%D7%99%D7%AA-%D7%93%D7%99%D7%9F-%D7%A8%D7%91%D7%A0%D7%99/",0,13,"0.0000","9.2"
"https://jus-tice.co.il/%D7%A4%D7%A1%D7%A7-%D7%93%D7%99%D7%9F-%D7%91%D7%A0%D7%95%D7%A9%D7%90-%D7%94%D7%A8%D7%9E%D7%AA-%D7%9E%D7%A1%D7%9A-%D7%A1%D7%A2%D7%A9-12385-08-16/",0,16,"0.0000","24.1"
"https://jus-tice.co.il/%D7%A6%D7%95-%D7%9E%D7%A2%D7%A6%D7%A8-%D7%90%D7%99%D7%A8%D7%95%D7%A4%D7%99/",0,1,"0.0000","4.0"
"https://jus-tice.co.il/%D7%A7%D7%91%D7%99%D7%A2%D7%AA-%D7%92%D7%95%D7%91%D7%94-%D7%94%D7%9E%D7%96%D7%95%D7%A0%D7%95%D7%AA-%D7%91%D7%94%D7%AA%D7%90%D7%9D-%D7%9C%D7%9B%D7%95%D7%A9%D7%A8-%D7%94%D7%94%D7%A9%D7%AA%D7%9B%D7%A8%D7%95%D7%AA-%D7%95%D7%9C%D7%90-%D7%A8%D7%A7-%D7%9C%D7%92%D7%95%D7%91%D7%94-%D7%94%D7%94%D7%A9%D7%AA%D7%9B%D7%A8%D7%95%D7%AA-%D7%91%D7%A4%D7%95%D7%A2%D7%9C/",0,6,"0.0000","49.8"
"https://jus-tice.co.il/%D7%A7%D7%98%D7%92%D7%95%D7%A8%D7%99%D7%95%D7%AA-%D7%9E%D7%90%D7%9E%D7%A8%D7%99%D7%9D/%D7%90%D7%99%D7%9B%D7%95%D7%AA-%D7%A1%D7%91%D7%99%D7%91%D7%94/",0,1,"0.0000","8.0"
"https://jus-tice.co.il/%D7%A7%D7%98%D7%92%D7%95%D7%A8%D7%99%D7%95%D7%AA-%D7%9E%D7%90%D7%9E%D7%A8%D7%99%D7%9D/%D7%91%D7%9C%D7%95%D7%A7%D7%A6%D7%99%D7%99%D7%9F-%D7%95%D7%9E%D7%98%D7%91%D7%A2%D7%95%D7%AA-%D7%A7%D7%A8%D7%99%D7%A4%D7%98%D7%95%D7%92%D7%A8%D7%A4%D7%99%D7%9D/",0,154,"0.0000","39.8"
"https://jus-tice.co.il/%D7%A7%D7%98%D7%92%D7%95%D7%A8%D7%99%D7%95%D7%AA-%D7%9E%D7%90%D7%9E%D7%A8%D7%99%D7%9D/%D7%93%D7%99%D7%A0%D7%99-%D7%9E%D7%A9%D7%A4%D7%97%D7%94/%D7%92%D7%99%D7%A8%D7%95%D7%A9%D7%99%D7%9F/%D7%9E%D7%96%D7%95%D7%A0%D7%95%D7%AA-%D7%99%D7%9C%D7%93%D7%99%D7%9D/",0,7,"0.0000","29.4"
"https://jus-tice.co.il/%D7%A7%D7%98%D7%92%D7%95%D7%A8%D7%99%D7%95%D7%AA-%D7%9E%D7%90%D7%9E%D7%A8%D7%99%D7%9D/%D7%93%D7%99%D7%A0%D7%99-%D7%9E%D7%A9%D7%A4%D7%97%D7%94/%D7%A4%D7%A1%D7%A7%D7%99-%D7%93%D7%99%D7%9F-%D7%92%D7%99%D7%A8%D7%95%D7%A9%D7%99%D7%95-%D7%93%D7%99%D7%A0%D7%99-%D7%9E%D7%A9%D7%A4%D7%97%D7%94-2022/",0,60,"0.0000","35.5"
"https://jus-tice.co.il/%D7%A7%D7%98%D7%92%D7%95%D7%A8%D7%99%D7%95%D7%AA-%D7%9E%D7%90%D7%9E%D7%A8%D7%99%D7%9D/%D7%93%D7%99%D7%A0%D7%99-%D7%A0%D7%96%D7%99%D7%A7%D7%99%D7%9F/%D7%A2%D7%95%D7%93-%D7%A0%D7%96%D7%99%D7%A7%D7%99%D7%9F-%D7%A4%D7%A1%D7%A7%D7%99-%D7%93%D7%99%D7%9F/",0,2,"0.0000","96.0"
"https://jus-tice.co.il/%D7%A7%D7%98%D7%92%D7%95%D7%A8%D7%99%D7%95%D7%AA-%D7%9E%D7%90%D7%9E%D7%A8%D7%99%D7%9D/%D7%93%D7%99%D7%A0%D7%99-%D7%AA%D7%A7%D7%A9%D7%95%D7%A8%D7%AA/",0,4,"0.0000","57.8"
"https://jus-tice.co.il/%D7%A7%D7%98%D7%92%D7%95%D7%A8%D7%99%D7%95%D7%AA-%D7%9E%D7%90%D7%9E%D7%A8%D7%99%D7%9D/%D7%97%D7%93%D7%9C%D7%95%D7%AA-%D7%A4%D7%99%D7%A8%D7%A2%D7%95%D7%9F/",0,1,"0.0000","5.0"
"https://jus-tice.co.il/%D7%A7%D7%98%D7%92%D7%95%D7%A8%D7%99%D7%95%D7%AA-%D7%9E%D7%90%D7%9E%D7%A8%D7%99%D7%9D/%D7%99%D7%A8%D7%95%D7%A9%D7%95%D7%AA-%D7%95%D7%A6%D7%95%D7%95%D7%90%D7%95%D7%AA/",0,1,"0.0000","72.0"
"https://jus-tice.co.il/%D7%A7%D7%98%D7%92%D7%95%D7%A8%D7%99%D7%95%D7%AA-%D7%9E%D7%90%D7%9E%D7%A8%D7%99%D7%9D/%D7%9B%D7%A0%D7%A1%D7%AA-%D7%99%D7%A9%D7%A8%D7%90%D7%9C/",0,3,"0.0000","10.3"
"https://jus-tice.co.il/%D7%A7%D7%98%D7%92%D7%95%D7%A8%D7%99%D7%95%D7%AA-%D7%9E%D7%90%D7%9E%D7%A8%D7%99%D7%9D/%D7%9C%D7%A9%D7%95%D7%9F-%D7%94%D7%A8%D7%A2/",0,10,"0.0000","34.5"
"https://jus-tice.co.il/%D7%A7%D7%98%D7%92%D7%95%D7%A8%D7%99%D7%95%D7%AA-%D7%9E%D7%90%D7%9E%D7%A8%D7%99%D7%9D/%D7%9E%D7%99%D7%A1%D7%99%D7%9D/",0,6,"0.0000","44.2"
"https://jus-tice.co.il/%D7%A7%D7%98%D7%92%D7%95%D7%A8%D7%99%D7%95%D7%AA-%D7%9E%D7%90%D7%9E%D7%A8%D7%99%D7%9D/%D7%9E%D7%A1%D7%97%D7%A8%D7%99-%D7%90%D7%96%D7%A8%D7%97%D7%99/%D7%A8%D7%99%D7%A9%D7%95%D7%99-%D7%A2%D7%A1%D7%A7%D7%99%D7%9D/",0,6,"0.0000","7.2"
"https://jus-tice.co.il/%D7%A7%D7%98%D7%92%D7%95%D7%A8%D7%99%D7%95%D7%AA-%D7%9E%D7%90%D7%9E%D7%A8%D7%99%D7%9D/%D7%9E%D7%A9%D7%A4%D7%98-%D7%99%D7%9E%D7%99/",0,26,"0.0000","30.0"
"https://jus-tice.co.il/%D7%A7%D7%98%D7%92%D7%95%D7%A8%D7%99%D7%95%D7%AA-%D7%9E%D7%90%D7%9E%D7%A8%D7%99%D7%9D/%D7%9E%D7%A9%D7%A4%D7%98-%D7%9E%D7%A0%D7%94%D7%9C%D7%99/",0,5,"0.0000","22.6"
"https://jus-tice.co.il/%D7%A7%D7%98%D7%92%D7%95%D7%A8%D7%99%D7%95%D7%AA-%D7%9E%D7%90%D7%9E%D7%A8%D7%99%D7%9D/%D7%9E%D7%A9%D7%A4%D7%98-%D7%A4%D7%9C%D7%99%D7%9C%D7%99/%D7%A2%D7%95%D7%A8%D7%9A-%D7%93%D7%99%D7%9F-%D7%A4%D7%9C%D7%99%D7%9C%D7%99-%D7%A4%D7%A1%D7%A7%D7%99-%D7%93%D7%99%D7%9F-2022/",0,5,"0.0000","36.8"
"https://jus-tice.co.il/%D7%A7%D7%98%D7%92%D7%95%D7%A8%D7%99%D7%95%D7%AA-%D7%9E%D7%90%D7%9E%D7%A8%D7%99%D7%9D/%D7%A2%D7%A0%D7%99%D7%99%D7%A0%D7%99-%D7%99%D7%A8%D7%95%D7%A9%D7%94/",0,6,"0.0000","70.0"
"https://jus-tice.co.il/%D7%A7%D7%98%D7%92%D7%95%D7%A8%D7%99%D7%95%D7%AA-%D7%9E%D7%90%D7%9E%D7%A8%D7%99%D7%9D/%D7%A4%D7%95%D7%A8%D7%98%D7%95%D7%92%D7%9C/",0,5,"0.0000","72.4"
"https://jus-tice.co.il/%D7%A7%D7%98%D7%92%D7%95%D7%A8%D7%99%D7%95%D7%AA-%D7%9E%D7%90%D7%9E%D7%A8%D7%99%D7%9D/%D7%A4%D7%99%D7%A6%D7%95%D7%99%D7%99%D7%9D/",0,1,"0.0000","65.0"
"https://jus-tice.co.il/%D7%A7%D7%98%D7%92%D7%95%D7%A8%D7%99%D7%95%D7%AA-%D7%9E%D7%90%D7%9E%D7%A8%D7%99%D7%9D/%D7%A4%D7%9C%D7%AA%D7%93/",0,3,"0.0000","53.0"
"https://jus-tice.co.il/%D7%A7%D7%98%D7%92%D7%95%D7%A8%D7%99%D7%95%D7%AA-%D7%9E%D7%90%D7%9E%D7%A8%D7%99%D7%9D/%D7%A6%D7%95%D7%95%D7%90%D7%95%D7%AA/",0,17,"0.0000","75.8"
"https://jus-tice.co.il/%D7%A7%D7%98%D7%92%D7%95%D7%A8%D7%99%D7%95%D7%AA-%D7%9E%D7%90%D7%9E%D7%A8%D7%99%D7%9D/%D7%A7%D7%A0%D7%99%D7%99%D7%9F-%D7%A8%D7%95%D7%97%D7%A0%D7%99/",0,5,"0.0000","79.4"
"https://jus-tice.co.il/%D7%A7%D7%98%D7%92%D7%95%D7%A8%D7%99%D7%95%D7%AA-%D7%9E%D7%90%D7%9E%D7%A8%D7%99%D7%9D/%D7%AA%D7%95%D7%91%D7%A2%D7%A0%D7%95%D7%AA-%D7%99%D7%99%D7%A6%D7%95%D7%92%D7%99%D7%95%D7%AA/",0,13,"0.0000","51.8"
"https://jus-tice.co.il/%D7%A7%D7%99%D7%95%D7%9D-%D7%93%D7%99%D7%95%D7%A0%D7%99%D7%9D-%D7%91%D7%94%D7%9D-%D7%9E%D7%A9%D7%AA%D7%AA%D7%A3-%D7%A2%D7%A6%D7%99%D7%A8-%D7%90%D7%95-%D7%90%D7%A1%D7%99%D7%A8-%D7%91%D7%94%D7%99%D7%95%D7%95%D7%A2%D7%93%D7%95%D7%AA-%D7%97%D7%96%D7%95%D7%AA%D7%99%D7%AA/",0,29,"0.0000","12.9"
"https://jus-tice.co.il/%D7%A7%D7%A0%D7%99%D7%99%D7%AA-%D7%93%D7%99%D7%A8%D7%94-%D7%91%D7%97%D7%9C%D7%A7%D7%99%D7%9D-%D7%A9%D7%90%D7%99%D7%A0%D7%9D-%D7%A9%D7%95%D7%95%D7%99%D7%9D-%D7%9B%D7%99%D7%A6%D7%93-%D7%97%D7%95%D7%9C%D7%A7%D7%99%D7%9D-%D7%90%D7%AA-%D7%94%D7%A8%D7%95%D7%95%D7%97/",0,2,"0.0000","10.0"
"https://jus-tice.co.il/%D7%A7%D7%A8%D7%99%D7%98%D7%A8%D7%99%D7%95%D7%A0%D7%99%D7%9D-%D7%9C%D7%A7%D7%91%D7%99%D7%A2%D7%AA-%D7%9E%D7%A2%D7%9E%D7%93-%D7%91%D7%A0%D7%99-%D7%94%D7%96%D7%95%D7%92-%D7%9C%D7%A4%D7%A0%D7%99-%D7%94%D7%97%D7%AA%D7%95%D7%A0%D7%94-%D7%9B%D7%99%D7%93%D7%95%D7%A2%D7%99%D7%9D-%D7%91%D7%A6%D7%99%D7%91%D7%95%D7%A8/",0,56,"0.0000","18.3"
"https://jus-tice.co.il/%D7%A8%D7%99%D7%A9%D7%95%D7%9D-%D7%A7%D7%98%D7%99%D7%9F-%D7%9C%D7%9E%D7%95%D7%A1%D7%93-%D7%97%D7%99%D7%A0%D7%95%D7%9B%D7%99-%D7%9C%D7%A9%D7%A0%D7%AA-%D7%94%D7%9C%D7%99%D7%9E%D7%95%D7%93%D7%99%D7%9D-%D7%AA%D7%A9%D7%A4%D7%91/",0,32,"0.0000","15.3"
"https://jus-tice.co.il/%D7%A8%D7%A9%D7%9C%D7%A0%D7%95%D7%AA-%D7%A8%D7%A4%D7%95%D7%90%D7%99%D7%AA-%D7%95%D7%AA%D7%A4%D7%A7%D7%99%D7%93%D7%9D-%D7%A9%D7%9C-%D7%A2%D7%93%D7%99%D7%9D-%D7%9E%D7%95%D7%9E%D7%97%D7%99%D7%9D-%D7%9B%D7%99%D7%A6%D7%93-%D7%A2%D7%93%D7%95%D7%AA-%D7%9E%D7%95%D7%9E%D7%97%D7%99%D7%9D-%D7%99%D7%9B%D7%95%D7%9C%D7%94-%D7%9C%D7%A2%D7%96%D7%95%D7%A8-%D7%9C%D7%A7%D7%95%D7%A8%D7%91%D7%A0%D7%95%D7%AA-%D7%A8%D7%A9%D7%9C%D7%A0%D7%95%D7%AA-%D7%9C%D7%97%D7%A4%D7%A9-%D7%A6%D7%93%D7%A7/",0,1,"0.0000","1.0"
"https://jus-tice.co.il/%D7%AA%D7%90-28120-03-18-%D7%A4%D7%9C%D7%95%D7%A0%D7%99-%D7%A0-googel-llc-%D7%95%D7%90%D7%97/",0,103,"0.0000","39.0"
"https://jus-tice.co.il/%D7%AA%D7%90-42164-01-19-%D7%A7%D7%95%D7%A8%D7%9E%D7%9F-%D7%95%D7%90%D7%97-%D7%A0-%D7%98%D7%91%D7%9C/",0,59,"0.0000","27.3"
"https://jus-tice.co.il/%D7%AA%D7%9015566-11-18%D7%93%D7%95%D7%99%D7%98%D7%A9-%D7%A0-%D7%90%D7%95%D7%A0%D7%99%D7%91%D7%A8%D7%A1%D7%99%D7%98%D7%AA-%D7%AA%D7%9C-%D7%90%D7%91%D7%99%D7%91/",0,42,"0.0000","16.7"
"https://jus-tice.co.il/%D7%AA%D7%91%D7%99%D7%A2%D7%AA-%D7%A7%D7%98%D7%99%D7%9F-%D7%91%D7%92%D7%99%D7%9F-%D7%A0%D7%96%D7%A7%D7%99-%D7%92%D7%95%D7%A3-%D7%A9%D7%A0%D7%92%D7%A8%D7%9E%D7%95-%D7%9C%D7%95-%D7%91%D7%A2%D7%AA-%D7%A9%D7%A9%D7%99%D7%97%D7%A7-%D7%91%D7%92%D7%9F-%D7%9E%D7%A9%D7%97%D7%A7%D7%99%D7%9D-%D7%A9%D7%9C-%D7%94%D7%A2%D7%99%D7%A8%D7%99%D7%94-%D7%AA%D7%90-71866-07-18/",0,13,"0.0000","11.0"
"https://jus-tice.co.il/%D7%AA%D7%97%D7%95%D7%9E%D7%99-%D7%94%D7%AA%D7%9E%D7%97%D7%95%D7%AA/%D7%93%D7%99%D7%A0%D7%99-%D7%9E%D7%A9%D7%A4%D7%97%D7%94/%D7%92%D7%99%D7%A8%D7%95%D7%A9%D7%99%D7%9F/",0,5,"0.0000","45.8"
"https://jus-tice.co.il/%D7%AA%D7%97%D7%95%D7%9E%D7%99-%D7%94%D7%AA%D7%9E%D7%97%D7%95%D7%AA/%D7%93%D7%99%D7%A0%D7%99-%D7%9E%D7%A9%D7%A4%D7%97%D7%94/%D7%9E%D7%A9%D7%9E%D7%95%D7%A8%D7%AA-%D7%99%D7%9C%D7%93%D7%99%D7%9D/",0,3,"0.0000","44.3"
"https://jus-tice.co.il/%D7%AA%D7%97%D7%95%D7%9E%D7%99-%D7%94%D7%AA%D7%9E%D7%97%D7%95%D7%AA/%D7%93%D7%99%D7%A0%D7%99-%D7%9E%D7%A9%D7%A4%D7%97%D7%94/%D7%A4%D7%A1%D7%A7%D7%99-%D7%93%D7%99%D7%9F-%D7%92%D7%99%D7%A8%D7%95%D7%A9%D7%99%D7%9F-%D7%93%D7%99%D7%A0%D7%99-%D7%9E%D7%A9%D7%A4%D7%97%D7%94-2022/",0,130,"0.0000","50.2"
"https://jus-tice.co.il/%D7%AA%D7%97%D7%95%D7%9E%D7%99-%D7%94%D7%AA%D7%9E%D7%97%D7%95%D7%AA/%D7%9E%D7%A9%D7%A4%D7%98-%D7%A4%D7%9C%D7%99%D7%9C%D7%99/",0,37,"0.0000","42.2"
"https://jus-tice.co.il/%D7%AA%D7%97%D7%95%D7%9E%D7%99-%D7%94%D7%AA%D7%9E%D7%97%D7%95%D7%AA/%D7%9E%D7%A9%D7%A4%D7%98-%D7%A4%D7%9C%D7%99%D7%9C%D7%99/%D7%A2%D7%95%D7%A8%D7%9A-%D7%93%D7%99%D7%9F-%D7%A4%D7%9C%D7%99%D7%9C%D7%99-%D7%A4%D7%A1%D7%A7%D7%99-%D7%93%D7%99%D7%9F-2022/",0,34,"0.0000","51.7"
"https://jus-tice.co.il/%D7%AA%D7%97%D7%95%D7%9E%D7%99-%D7%94%D7%AA%D7%9E%D7%97%D7%95%D7%AA/%D7%A2%D7%95%D7%93-%D7%A0%D7%96%D7%99%D7%A7%D7%99%D7%9F-%D7%A4%D7%A1%D7%A7%D7%99-%D7%93%D7%99%D7%9F/",0,58,"0.0000","54.0"
"https://jus-tice.co.il/%D7%AA%D7%A7-25449-12-20-%D7%A4%D7%9C%D7%95%D7%A0%D7%99%D7%AA-%D7%95%D7%90%D7%97-%D7%A0-%D7%99%D7%95%D7%A0%D7%99%D7%99%D7%98%D7%93-%D7%90%D7%99%D7%A8%D7%9C%D7%99%D7%99%D7%A0%D7%A1-%D7%90%D7%99%D7%A0%D7%A7/",0,105,"0.0000","24.9"
"https://jus-tice.co.il/%D7%AA%D7%A9%D7%9C%D7%95%D7%9D-%D7%A4%D7%A0%D7%A1%D7%99%D7%94-%D7%95%D7%9E%D7%96%D7%95%D7%A0%D7%95%D7%AA-%D7%90%D7%97%D7%A8%D7%99-%D7%94%D7%96%D7%9E%D7%9F-%D7%94%D7%A7%D7%95%D7%91%D7%A2-1156328-2-%D7%91%D7%99%D7%94%D7%93-%D7%94%D7%92%D7%93%D7%95%D7%9C/",0,4,"0.0000","5.8"
"https://jus-tice.co.il/1027470-24/",0,9,"0.0000","14.2"
"https://jus-tice.co.il/1265026-5-%D7%A8%D7%91%D7%A0%D7%99-%D7%97%D7%99%D7%A4%D7%94/",0,10,"0.0000","38.0"
"https://jus-tice.co.il/1312042-4-%D7%91%D7%99%D7%94%D7%93-%D7%94%D7%92%D7%93%D7%95%D7%9C/",0,14,"0.0000","18.1"
"https://jus-tice.co.il/1331339-3/",0,10,"0.0000","28.6"
"https://jus-tice.co.il/1338971-12/",0,6,"0.0000","11.0"
"https://jus-tice.co.il/1355956-3/",0,3,"0.0000","13.0"
"https://jus-tice.co.il/1394399-1/",0,26,"0.0000","21.1"
"https://jus-tice.co.il/18744-11-18/",0,28,"0.0000","18.8"
"https://jus-tice.co.il/18834-05-20/",0,55,"0.0000","24.6"
"https://jus-tice.co.il/20-%D7%98%D7%99%D7%A4%D7%99%D7%9D-%D7%9C%D7%AA%D7%91%D7%99%D7%A2%D7%AA-%D7%A8%D7%A9%D7%9C%D7%A0%D7%95%D7%AA-%D7%A8%D7%A4%D7%95%D7%90%D7%99%D7%AA/",0,1,"0.0000","45.0"
"https://jus-tice.co.il/209051/11/",0,12,"0.0000","24.3"
"https://jus-tice.co.il/39514-09-19/",0,17,"0.0000","26.4"
"https://jus-tice.co.il/47565-12-18/",0,6,"0.0000","11.0"
"https://jus-tice.co.il/47795-09-20/",0,6,"0.0000","18.2"
"https://jus-tice.co.il/7-reasons-why-you-need-a-prenup/",0,10,"0.0000","62.3"
"https://jus-tice.co.il/74657-12-20/",0,23,"0.0000","21.1"
"https://jus-tice.co.il/879928-4/",0,2,"0.0000","22.5"
"https://jus-tice.co.il/anesthesia-medical-malpractice/",0,366,"0.0000","28.5"
"https://jus-tice.co.il/apartment/",0,76,"0.0000","30.1"
"https://jus-tice.co.il/apostille/",0,197,"0.0000","57.4"
"https://jus-tice.co.il/articles/",0,23,"0.0000","7.9"
"https://jus-tice.co.il/articles/%25d7%2598%25d7%2595%25d7%25a4%25d7%25a1-161-%25d7%2594%25d7%2595%25d7%2593%25d7%25a2%25d7%25aa-%25d7%259e%25d7%25a2%25d7%2591%25d7%2599%25d7%2593-%25d7%25a2%25d7%259c-%25d7%25a4%25d7%25a8%25d7%2599%25d7%25a9%25d7%25aa-%25d7%25a2%25d7%2595%25d7%2591%25d7%2593-%25d7%259e%25d7%259e%25d7%25a7%25d7%2595%25d7%259d-%25d7%25a2/",0,5,"0.0000","9.8"
"https://jus-tice.co.il/articles/%D7%90%D7%99%D7%A1%D7%95%D7%A8-%D7%A4%D7%A8%D7%A1%D7%95%D7%9D-%D7%A9%D7%9C-%D7%97%D7%95%D7%95%D7%AA-%D7%93%D7%A2%D7%AA-%D7%9C%D7%A2%D7%A0%D7%99%D7%99%D7%9F-%D7%94%D7%9E%D7%A1%D7%95%D7%92%D7%9C%D7%95/",0,17,"0.0000","20.8"
"https://jus-tice.co.il/articles/%D7%90%D7%9C%D7%99%D7%9E%D7%95%D7%AA-%D7%9B%D7%9C%D7%A4%D7%99-%D7%A0%D7%A9%D7%99%D7%9D-%D7%94%D7%96%D7%9B%D7%95%D7%AA-%D7%A9%D7%9C-%D7%94%D7%90%D7%99%D7%A9%D7%94-%D7%A9%D7%94%D7%90%D7%99/",0,14,"0.0000","25.5"
"https://jus-tice.co.il/articles/%D7%91%D7%99%D7%A8%D7%95%D7%A8-%D7%96%D7%9B%D7%95%D7%99%D7%95%D7%AA-%D7%91%D7%AA-%D7%96%D7%95%D7%92-%D7%9E%D7%9B%D7%95%D7%97-%D7%97%D7%95%D7%A7-%D7%99%D7%97%D7%A1%D7%99-%D7%9E%D7%9E%D7%95%D7%9F-%D7%9C/",0,83,"0.0000","13.6"
"https://jus-tice.co.il/articles/%D7%93%D7%99%D7%9F-%D7%95%D7%97%D7%A9%D7%91%D7%95%D7%9F-%D7%9B%D7%A0%D7%A1%D7%AA-%D7%99%D7%A9%D7%A8%D7%90%D7%9C-2020/",0,80,"0.0000","11.3"
"https://jus-tice.co.il/articles/%D7%94%D7%90%D7%9D-%D7%AA%D7%A0%D7%99%D7%99%D7%AA-%D7%91%D7%95%D7%A8%D7%A8%D7%95%D7%AA-%D7%96%D7%A8%D7%94-%D7%91%D7%94%D7%A1%D7%9B%D7%9D-%D7%9E%D7%A7%D7%95%D7%95%D7%9F-%D7%A9%D7%91%D7%99%D7%9F-%D7%99/",0,35,"0.0000","23.5"
"https://jus-tice.co.il/articles/%D7%94%D7%95%D7%93%D7%A2%D7%94-%D7%9C%D7%A4%D7%99-%D7%94%D7%97%D7%95%D7%A7-%D7%9C%D7%A7%D7%99%D7%93%D7%95%D7%9D-%D7%94%D7%91%D7%A0%D7%99%D7%99%D7%94-%D7%91%D7%9E%D7%AA%D7%97%D7%9E%D7%99%D7%9D-%D7%9E/",0,67,"0.0000","16.4"
"https://jus-tice.co.il/articles/%D7%94%D7%99%D7%AA%D7%A8-%D7%A0%D7%99%D7%A9%D7%95%D7%90%D7%99%D7%9F-%D7%9E%D7%99%D7%A0%D7%A7%D7%AA-%D7%92%D7%A8%D7%95%D7%A9%D7%94-1315248-1-%D7%91%D7%99%D7%94%D7%93-%D7%90%D7%A9%D7%93%D7%95/",0,2,"0.0000","13.5"
"https://jus-tice.co.il/articles/%D7%94%D7%9C%D7%99%D7%9B%D7%99-%D7%92%D7%99%D7%A8%D7%95%D7%A9%D7%99%D7%9F-%D7%99%D7%95%D7%A6%D7%A8%D7%99%D7%9D-%D7%93%D7%99%D7%A0%D7%99%D7%9D-%D7%9E%D7%99%D7%95%D7%97%D7%93%D7%99%D7%9D-%D7%91%D7%99/",0,71,"0.0000","57.5"
"https://jus-tice.co.il/articles/%D7%94%D7%A0%D7%93%D7%95%D7%9F-%D7%97%D7%A1%D7%99%D7%95%D7%9F-%D7%A2%D7%95%D7%A8%D7%9A-%D7%93%D7%99%D7%9F-%D7%9C%D7%A7%D7%95%D7%97-%D7%9C%D7%A2%D7%95%D7%9E%D7%AA-%D7%97%D7%95%D7%91%D7%AA/",0,23,"0.0000","17.4"
"https://jus-tice.co.il/articles/%D7%94%D7%A2%D7%A8%D7%95%D7%AA-%D7%94%D7%A1%D7%A0%D7%99%D7%92%D7%95%D7%A8%D7%99%D7%94-%D7%94%D7%A6%D7%99%D7%91%D7%95%D7%A8%D7%99%D7%AA-%D7%9C%D7%AA%D7%96%D7%9B%D7%99%D7%A8-%D7%97%D7%95%D7%A7-%D7%99/",0,130,"0.0000","12.6"
"https://jus-tice.co.il/articles/%D7%94%D7%A6%D7%A2%D7%AA-%D7%AA%D7%99%D7%A7%D7%95%D7%9F-%D7%97%D7%95%D7%A7-%D7%97%D7%99%D7%A4%D7%95%D7%A9-%D7%91%D7%9E%D7%A7%D7%95%D7%9D-%D7%9C%D7%9C%D7%90-%D7%A6%D7%95-%D7%91%D7%99%D7%AA-%D7%9E/",0,37,"0.0000","29.3"
"https://jus-tice.co.il/articles/%D7%94%D7%A9%D7%91%D7%AA-%D7%94%D7%9E%D7%A9%D7%9E%D7%95%D7%A8%D7%AA-%D7%9C%D7%90%D7%9D-%D7%9C%D7%90%D7%97%D7%A8-%D7%98%D7%99%D7%A4%D7%95%D7%9C-%D7%A4%D7%A1%D7%99%D7%9B%D7%95%D7%9C%D7%95%D7%92%D7%99/",0,5,"0.0000","6.8"
"https://jus-tice.co.il/articles/%D7%96%D7%9B%D7%95%D7%AA-%D7%94%D7%95%D7%A8%D7%94-%D7%92%D7%A8%D7%95%D7%A9-%D7%9C%D7%94%D7%A2%D7%AA%D7%99%D7%A7-%D7%90%D7%AA-%D7%9E%D7%92%D7%95%D7%A8%D7%99%D7%95-%D7%95%D7%90%D7%A3-%D7%9C%D7%94%D7%92/",0,73,"0.0000","20.5"
"https://jus-tice.co.il/articles/%D7%97%D7%95%D7%91%D7%AA-%D7%90%D7%99%D7%A9%D7%95%D7%A8-%D7%94%D7%A1%D7%9B%D7%9D-%D7%94%D7%9E%D7%94%D7%95%D7%95%D7%94-%D7%94%D7%A9%D7%9C%D7%9E%D7%94-%D7%9C%D7%94%D7%A1%D7%9B%D7%9D-%D7%9E%D7%9E%D7%95%D7%9F-%D7%90%D7%95-%D7%92%D7%99%D7%A8%D7%95%D7%A9%D7%99%D7%9F-%D7%90%D7%A3-%D7%90%D7%9D-%D7%94%D7%95%D7%92%D7%93%D7%A8-%D7%94%D7%A1%D7%9B%D7%9D-%D7%9E%D7%9B%D7%A8-%D7%95%D7%91%D7%98%D7%9C%D7%95%D7%AA%D7%95-%D7%9E%D7%A9%D7%90%D7%95%D7%A9%D7%A8-%D7%A9%D7%9C%D7%90-%D7%9B%D7%93%D7%99%D7%9F-1333563-1-%D7%91%D7%99%D7%94%D7%93-%D7%94%D7%92%D7%93%D7%95%D7%9C/",0,10,"0.0000","32.8"
"https://jus-tice.co.il/articles/%D7%97%D7%96%D7%A7%D7%AA-%D7%97%D7%95%D7%91-%D7%9C%D7%A6%D7%93-%D7%92-%D7%A9%D7%90%D7%9B%D7%9F-%D7%97%D7%95%D7%91-%D7%94%D7%95%D7%90-%D7%95%D7%91%D7%A8%D7%90%D7%99%D7%96%D7%95%D7%9F-%D7%95/",0,51,"0.0000","11.9"
"https://jus-tice.co.il/articles/%D7%99%D7%AA%D7%A8%D7%95%D7%A0%D7%95%D7%AA-%D7%94%D7%A2%D7%A1%D7%A7%D7%AA-%D7%A2%D7%95%D7%A8%D7%9A-%D7%93%D7%99%D7%9F-%D7%A4%D7%9C%D7%99%D7%9C%D7%99/",0,3,"0.0000","7.3"
"https://jus-tice.co.il/articles/%D7%9B%D7%99%D7%A6%D7%93-%D7%9C%D7%A9%D7%9B%D7%95%D7%A8-%D7%9E%D7%A4%D7%AA%D7%97-%D7%90%D7%AA%D7%A8%D7%99%D7%9D/",0,8,"0.0000","13.8"
"https://jus-tice.co.il/articles/%D7%9E%D7%94%D7%95-%D7%91%D7%99%D7%AA-%D7%9E%D7%A9%D7%A4%D7%98/",0,696,"0.0000","21.5"
"https://jus-tice.co.il/articles/%D7%9E%D7%99-%D7%A0%D7%97%D7%A9%D7%91-%D7%9E%D7%A2%D7%95%D7%A0%D7%99%D7%99%D7%9F-%D7%91%D7%93%D7%91%D7%A8-%D7%91%D7%A2%D7%9C-%D7%96%D7%9B%D7%95%D7%AA-%D7%9C%D7%A6%D7%95%D7%A8%D7%9A-%D7%94%D7%92/",0,40,"0.0000","6.3"
"https://jus-tice.co.il/articles/%D7%9E%D7%A0%D7%99%D7%95%D7%AA-%D7%9E%D7%94-%D7%94%D7%9F-%D7%A1%D7%95%D7%92%D7%99%D7%9D-%D7%A2%D7%99%D7%A7%D7%A8%D7%99%D7%99%D7%9D/",0,13,"0.0000","8.8"
"https://jus-tice.co.il/articles/%D7%9E%D7%A7%D7%A8%D7%99-%D7%A8%D7%A9%D7%9C%D7%A0%D7%95%D7%AA-%D7%A8%D7%A4%D7%95%D7%90%D7%99%D7%AA-%D7%93%D7%95%D7%92%D7%9E%D7%90%D7%95%D7%AA/",0,323,"0.0000","44.2"
"https://jus-tice.co.il/articles/%D7%9E%D7%A9%D7%98%D7%A8%D7%AA-%D7%99%D7%A9%D7%A8%D7%90%D7%9C-%D7%A9%D7%99%D7%9E%D7%95%D7%A9-%D7%91%D7%9E%D7%A2%D7%A8%D7%9B%D7%AA-%D7%A4%D7%92%D7%A1%D7%95%D7%A1-%D7%9C%D7%9C%D7%90-%D7%A6%D7%95-%D7%A9/",0,1,"0.0000","38.0"
"https://jus-tice.co.il/articles/%D7%A2%D7%95%D7%95%D7%9C%D7%94-%D7%A0%D7%96%D7%A7-%D7%95%D7%A4%D7%99%D7%A6%D7%95%D7%99-%D7%93%D7%99%D7%A0%D7%99-%D7%94%D7%A0%D7%96%D7%99%D7%A7%D7%99%D7%9F-%D7%95%D7%A8%D7%A9%D7%9C%D7%A0%D7%95/",0,56,"0.0000","21.8"
"https://jus-tice.co.il/articles/%D7%A4%D7%92%D7%A1%D7%95%D7%A1-nso-%D7%9E%D7%A1%D7%A7%D7%A0%D7%95%D7%AA-%D7%A6%D7%95%D7%95%D7%AA-%D7%9E%D7%A8%D7%A8%D7%99-%D7%9E%D7%9E%D7%A6%D7%90%D7%99-%D7%A6%D7%95%D7%95%D7%AA-%D7%94%D7%91%D7%93/",0,20,"0.0000","39.0"
"https://jus-tice.co.il/articles/%D7%A4%D7%99%D7%A8%D7%95%D7%98-%D7%AA%D7%94%D7%9C%D7%99%D7%9A-%D7%94%D7%91%D7%97%D7%99%D7%A8%D7%94-%D7%A9%D7%9C-%D7%A2%D7%95%D7%A8%D7%9A-%D7%93%D7%99%D7%9F/",0,7,"0.0000","17.4"
"https://jus-tice.co.il/articles/%D7%A4%D7%A1%D7%93-%D7%A0%D7%99%D7%94%D7%95%D7%9C-%D7%AA%D7%91%D7%99%D7%A2%D7%AA-%D7%92%D7%99%D7%A8%D7%95%D7%A9%D7%99%D7%9F-%D7%9E%D7%97%D7%95%D7%9C-%D7%91%D7%90%D7%9E%D7%A6%D7%A2%D7%95%D7%AA/",0,8,"0.0000","32.0"
"https://jus-tice.co.il/articles/%D7%A7%D7%91%D7%99%D7%A2%D7%AA-%D7%92%D7%93%D7%A8-%D7%97%D7%99%D7%95%D7%91-%D7%94%D7%90%D7%91-%D7%91%D7%9E%D7%96%D7%95%D7%A0%D7%95%D7%AA-%D7%A7%D7%98%D7%A0%D7%99%D7%9D-%D7%9E%D7%A2%D7%9C-%D7%92%D7%99/",0,34,"0.0000","26.5"
"https://jus-tice.co.il/articles/%D7%A9%D7%9B%D7%A8-%D7%98%D7%A8%D7%97%D7%94-%D7%A2%D7%95%D7%A8%D7%9A-%D7%93%D7%99%D7%9F-%D7%A8%D7%A9%D7%9C%D7%A0%D7%95%D7%AA-%D7%A8%D7%A4%D7%95%D7%90%D7%99%D7%AA/",0,150,"0.0000","26.3"
"https://jus-tice.co.il/articles/%D7%AA%D7%91%D7%99%D7%A2%D7%94-%D7%A2%D7%A1-90031-%D7%91%D7%A2%D7%99%D7%9C%D7%95%D7%AA-%D7%A9%D7%9C-%D7%94%D7%98%D7%A8%D7%93%D7%94-%D7%9E%D7%99%D7%A0%D7%99%D7%AA-%D7%AA%D7%A7%D7%99/",0,9,"0.0000","8.3"
"https://jus-tice.co.il/articles/%D7%AA%D7%A2-45543-11-21-%D7%91%D7%A7%D7%A9%D7%94-%D7%9C%D7%91%D7%99%D7%98%D7%95%D7%9C-%D7%A6%D7%95-%D7%A7%D7%99%D7%95%D7%9D-%D7%A6%D7%95%D7%95%D7%90%D7%94-%D7%9C%D7%90%D7%97%D7%A8-%D7%92%D7%99/",0,26,"0.0000","38.7"
"https://jus-tice.co.il/articles/%D7%AA%D7%A4-26290-04-18-%D7%9E%D7%93%D7%99%D7%A0%D7%AA-%D7%99%D7%A9%D7%A8%D7%90%D7%9C-%D7%A0-%D7%99%D7%95%D7%A1%D7%A4%D7%94-%D7%91%D7%A8%D7%A7/",0,14,"0.0000","9.6"
"https://jus-tice.co.il/articles/10-%D7%A0%D7%95%D7%A9%D7%90%D7%99%D7%9D-%D7%A7%D7%A8%D7%99%D7%98%D7%99%D7%99%D7%9D-%D7%A9%D7%97%D7%99%D7%99%D7%91%D7%99%D7%9D-%D7%9C%D7%91%D7%93%D7%95%D7%A7-%D7%9C%D7%A4%D7%A0%D7%99-%D7%A7%D7%A0%D7%99/",0,48,"0.0000","28.1"
"https://jus-tice.co.il/articles/7953-2/",0,2,"0.0000","6.0"
"https://jus-tice.co.il/articles/arrest-rights/",0,4,"0.0000","29.5"
"https://jus-tice.co.il/articles/criminal-appeal/",0,2,"0.0000","31.5"
"https://jus-tice.co.il/articles/fraud-types/",0,5,"0.0000","31.4"
"https://jus-tice.co.il/articles/plea-bargain/",0,3,"0.0000","75.0"
"https://jus-tice.co.il/articles/tax-crimes/",0,1,"0.0000","62.0"
"https://jus-tice.co.il/attorneys-how-to-manage-your-stress-and-stop-procrastinating/",0,1,"0.0000","6.0"
"https://jus-tice.co.il/avvo/",0,4,"0.0000","4.0"
"https://jus-tice.co.il/best-criminal-defence-lawyers-worldwide/",0,2,"0.0000","68.0"
"https://jus-tice.co.il/birth-injury/",0,22,"0.0000","29.4"
"https://jus-tice.co.il/building-science/",0,19,"0.0000","27.7"
"https://jus-tice.co.il/car-accident-auto-injury-lawyer/",0,105,"0.0000","54.7"
"https://jus-tice.co.il/cerebral-palsy-rights/",0,132,"0.0000","23.9"
"https://jus-tice.co.il/chambers-and-partners/",0,283,"0.0000","12.6"
"https://jus-tice.co.il/characteristics-and-outcomes-of-children-with-coronavirus/",0,4,"0.0000","5.5"
"https://jus-tice.co.il/child-support-divorced-parents61641-09-19/",0,2,"0.0000","36.5"
"https://jus-tice.co.il/cms-law-firm/",0,129,"0.0000","30.2"
"https://jus-tice.co.il/cohabitation-agreement/",0,18,"0.0000","27.2"
"https://jus-tice.co.il/common-construction-defects-and-how-to-manage-them/",0,38,"0.0000","20.1"
"https://jus-tice.co.il/common-law-marriage/",0,74,"0.0000","56.4"
"https://jus-tice.co.il/compulsory-motor-vehicle-insurance/",0,92,"0.0000","36.5"
"https://jus-tice.co.il/construction-law/",0,326,"0.0000","51.6"
"https://jus-tice.co.il/continuous-power-of-attorney-israel/",0,2381,"0.0000","68.9"
"https://jus-tice.co.il/corona_virus/%D7%90%D7%96%D7%95%D7%A8-%D7%9E%D7%95%D7%92%D7%91%D7%9C-%D7%94%D7%A8%D7%95%D7%91%D7%A2%D7%99%D7%9D-%D7%91%D7%A2%D7%99%D7%A8-%D7%99%D7%A8%D7%95%D7%A9%D7%9C%D7%9D/",0,8,"0.0000","36.4"
"https://jus-tice.co.il/corona_virus/%D7%90%D7%A1%D7%98%D7%A8%D7%98%D7%92%D7%99%D7%99%D7%AA-%D7%99%D7%A6%D7%99%D7%90%D7%94-%D7%A7%D7%95%D7%A8%D7%95%D7%A0%D7%94-%D7%97%D7%96%D7%A8%D7%94-%D7%9C%D7%A2%D7%91%D7%95%D7%93%D7%94/",0,1,"0.0000","6.0"
"https://jus-tice.co.il/corona_virus/%D7%91%D7%93%D7%99%D7%A7%D7%95%D7%AA-%D7%A7%D7%95%D7%A8%D7%95%D7%A0%D7%94-%D7%9E%D7%AA%D7%9F-%D7%AA%D7%A9%D7%95%D7%91%D7%95%D7%AA-%D7%94%D7%9E%D7%A2%D7%91%D7%93%D7%95%D7%AA-%D7%9E%D7%AA%D7%A2%D7%9B/",0,1,"0.0000","8.0"
"https://jus-tice.co.il/corona_virus/%D7%91%D7%A0%D7%A7-%D7%99%D7%A9%D7%A8%D7%90%D7%9C-%D7%9E%D7%A4%D7%A8%D7%A1%D7%9D-%D7%90%D7%AA-%D7%93%D7%95%D7%97%D7%95%D7%AA%D7%99%D7%95-%D7%94%D7%9B%D7%A1%D7%A4%D7%99%D7%99%D7%9D-%D7%9C%D7%A9%D7%A0/",0,2,"0.0000","8.5"
"https://jus-tice.co.il/corona_virus/%D7%94%D7%95%D7%A8%D7%90%D7%95%D7%AA-%D7%9E%D7%99%D7%95%D7%97%D7%93%D7%95%D7%AA-%D7%9C%D7%A2%D7%A0%D7%99%D7%99%D7%9F-%D7%91%D7%99%D7%98%D7%95%D7%97-%D7%90%D7%91%D7%98%D7%9C%D7%94-%D7%AA%D7%A7%D7%A0/",0,3,"0.0000","36.7"
"https://jus-tice.co.il/corona_virus/%D7%94%D7%A1%D7%A2%D7%95%D7%AA-%D7%A9%D7%9C-%D7%A2%D7%95%D7%91%D7%93%D7%99%D7%9D-%D7%97%D7%99%D7%95%D7%A0%D7%99%D7%99%D7%9D-%D7%A2%D7%93%D7%9B%D7%95%D7%9F-24-03-2020/",0,1,"0.0000","21.0"
"https://jus-tice.co.il/corona_virus/%D7%97%D7%A9%D7%91%D7%95%D7%A0%D7%95%D7%AA-%D7%A9%D7%9C-%D7%9C%D7%A7%D7%95%D7%97%D7%95%D7%AA-%D7%A9%D7%94%D7%A9%D7%99%D7%A7%D7%99%D7%9D-%D7%A9%D7%9C%D7%94%D7%9D-%D7%97%D7%96%D7%A8%D7%95-%D7%9C%D7%90/",0,10,"0.0000","24.1"
"https://jus-tice.co.il/corona_virus/%D7%9E%D7%A1%D7%9B%D7%94-%D7%AA%D7%95%D7%A6%D7%A8%D7%AA-%D7%91%D7%99%D7%AA-%D7%9C%D7%91%D7%99%D7%A9%D7%AA-%D7%9E%D7%A1%D7%9B%D7%95%D7%AA-%D7%A4%D7%94-%D7%90%D7%A3-%D7%91%D7%9E%D7%A8%D7%97%D7%91/",0,1,"0.0000","12.0"
"https://jus-tice.co.il/corona_virus/%D7%9E%D7%AA%D7%95%D7%95%D7%94-%D7%94%D7%A7%D7%A0%D7%99%D7%95%D7%A0%D7%99%D7%9D/",0,9,"0.0000","8.7"
"https://jus-tice.co.il/corona_virus/%D7%A7%D7%95%D7%A8%D7%95%D7%A0%D7%94-%D7%94%D7%A0%D7%97%D7%99%D7%95%D7%AA-%D7%94%D7%9E%D7%A9%D7%98%D7%A8%D7%94-%D7%9C%D7%A4%D7%A1%D7%97/",0,1,"0.0000","6.0"
"https://jus-tice.co.il/corona_virus/%D7%AA%D7%99%D7%A7%D7%95%D7%9F-25-03-%D7%AA%D7%A7%D7%A0%D7%95%D7%AA-%D7%A9%D7%A2%D7%AA-%D7%97%D7%99%D7%A8%D7%95%D7%9D-%D7%94%D7%92%D7%91%D7%9C%D7%AA-%D7%A4%D7%A2%D7%99%D7%9C%D7%95%D7%AA-%D7%A0%D7%92/",0,1,"0.0000","7.0"
"https://jus-tice.co.il/corona_virus/%D7%AA%D7%A7%D7%A0%D7%95%D7%AA-%D7%A9%D7%A2%D7%AA-%D7%97%D7%99%D7%A8%D7%95%D7%9D-%D7%A9%D7%99%D7%A7%D7%99%D7%9D-%D7%9C%D7%9C%D7%90-%D7%9B%D7%99%D7%A1%D7%95%D7%99-%D7%94%D7%AA%D7%A9%D7%B4%D7%A3-2020/",0,2,"0.0000","8.5"
"https://jus-tice.co.il/corona_virus/25-03-%D7%AA%D7%A7%D7%A0%D7%95%D7%AA-%D7%A0%D7%92%D7%99%D7%A3-%D7%94%D7%A7%D7%95%D7%A8%D7%95%D7%A0%D7%94-%D7%94%D7%97%D7%93%D7%A9-%D7%94%D7%92%D7%91%D7%9C%D7%AA-%D7%A4%D7%A2%D7%99%D7%9C%D7%95%D7%AA/",0,3,"0.0000","24.3"
"https://jus-tice.co.il/coronavirus-employers-guide/",0,9,"0.0000","34.0"
"https://jus-tice.co.il/cryptocurrency-legislation-2021/",0,21,"0.0000","29.4"
"https://jus-tice.co.il/cybercrime-lawyer-roll/",0,219,"0.0000","64.0"
"https://jus-tice.co.il/decision28272-02-21/",0,9,"0.0000","19.4"
"https://jus-tice.co.il/decision30452-07-20/",0,14,"0.0000","26.9"
"https://jus-tice.co.il/decision3127-04-22/",0,18,"0.0000","27.7"
"https://jus-tice.co.il/decision37975-11-17/",0,68,"0.0000","65.3"
"https://jus-tice.co.il/decision39696-06-16/",0,29,"0.0000","33.4"
"https://jus-tice.co.il/decision56258-02-22/",0,21,"0.0000","16.8"
"https://jus-tice.co.il/decision60567-12-21/",0,45,"0.0000","16.4"
"https://jus-tice.co.il/decision6077-20/",0,186,"0.0000","8.7"
"https://jus-tice.co.il/digital-marketing-agency/",0,12,"0.0000","19.2"
"https://jus-tice.co.il/divorce-law-in-sweden/",0,7,"0.0000","33.9"
"https://jus-tice.co.il/divorce-mediation-cons-pros/",0,7,"0.0000","26.3"
"https://jus-tice.co.il/edp/",0,16,"0.0000","5.0"
"https://jus-tice.co.il/employer-worker-relationship/",0,257,"0.0000","53.8"
"https://jus-tice.co.il/employers/",0,8,"0.0000","2.3"
"https://jus-tice.co.il/family-law/page/2",0,4,"0.0000","9.8"
"https://jus-tice.co.il/foreign-legal-opinion/",0,130,"0.0000","40.1"
"https://jus-tice.co.il/handwritten-property-agreement-cancellation/",0,40,"0.0000","17.4"
"https://jus-tice.co.il/home-insurance/",0,39,"0.0000","63.1"
"https://jus-tice.co.il/how-contracts-can-protect-you-and-your-business/",0,8,"0.0000","25.5"
"https://jus-tice.co.il/how-much-does-a-divorce-agreement-cost/",0,495,"0.0000","62.1"
"https://jus-tice.co.il/income-protection-insurance/",0,220,"0.0000","71.4"
"https://jus-tice.co.il/india-lawyers/",0,18,"0.0000","4.1"
"https://jus-tice.co.il/insolvency/",0,98,"0.0000","40.1"
"https://jus-tice.co.il/israel-framework-for-reopening-schools-coronavirus-2020/",0,35,"0.0000","18.5"
"https://jus-tice.co.il/israeli-labor-law/",0,458,"0.0000","60.2"
"https://jus-tice.co.il/labor-law/%D7%97%D7%95%D7%A7-%D7%94%D7%95%D7%93%D7%A2%D7%94-%D7%9E%D7%95%D7%A7%D7%93%D7%9E%D7%AA-%D7%9C%D7%A4%D7%99%D7%98%D7%95%D7%A8%D7%99%D7%9D-%D7%95%D7%9C%D7%94%D7%AA%D7%A4%D7%98%D7%A8%D7%95%D7%AA/",0,163,"0.0000","39.1"
"https://jus-tice.co.il/labor-law/%D7%AA%D7%91%D7%99%D7%A2%D7%95%D7%AA-%D7%A2%D7%95%D7%91%D7%93%D7%99%D7%9D-%D7%9E%D7%95%D7%9C-%D7%94%D7%9E%D7%9C%D7%9C-%D7%91%D7%97%D7%91%D7%A8%D7%95%D7%AA-%D7%9E%D7%A9%D7%A4%D7%97%D7%AA%D7%99/",0,29,"0.0000","13.9"
"https://jus-tice.co.il/labor_law/%D7%92%D7%99%D7%95%D7%A1-%D7%A2%D7%95%D7%91%D7%93%D7%99%D7%9D/",0,1,"0.0000","76.0"
"https://jus-tice.co.il/labor_law/%D7%A7%D7%95%D7%A8%D7%95%D7%A0%D7%94-%D7%94%D7%92%D7%91%D7%9C%D7%AA-%D7%9E%D7%A1%D7%A4%D7%A8-%D7%94%D7%A2%D7%95%D7%91%D7%93%D7%99%D7%9D-%D7%91%D7%9E%D7%A7%D7%95%D7%9D-%D7%A2%D7%91%D7%95%D7%93%D7%94/",0,4,"0.0000","7.3"
"https://jus-tice.co.il/labor_law/%D7%A7%D7%95%D7%A8%D7%95%D7%A0%D7%94-%D7%A4%D7%A2%D7%99%D7%9C%D7%95%D7%AA-%D7%91%D7%99%D7%AA-%D7%94%D7%93%D7%99%D7%9F-%D7%9C%D7%A2%D7%91%D7%95%D7%93%D7%94/",0,5,"0.0000","12.4"
"https://jus-tice.co.il/labor_law/%D7%AA%D7%A7%D7%A0%D7%95%D7%AA-%D7%A7%D7%95%D7%A8%D7%95%D7%A0%D7%94-%D7%94%D7%92%D7%91%D7%9C%D7%AA-%D7%9E%D7%A1%D7%A4%D7%A8-%D7%94%D7%A2%D7%95%D7%91%D7%93%D7%99%D7%9D-%D7%91%D7%9E%D7%A7%D7%95%D7%9D/",0,142,"0.0000","15.2"
"https://jus-tice.co.il/land-appreciation-tax/",0,268,"0.0000","56.1"
"https://jus-tice.co.il/legal-services-in-portugal/",0,141,"0.0000","25.1"
"https://jus-tice.co.il/legalzoom/",0,21,"0.0000","36.2"
"https://jus-tice.co.il/liechtenstein/",0,56,"0.0000","28.0"
"https://jus-tice.co.il/low-value-invest-abroad/",0,1,"0.0000","60.0"
"https://jus-tice.co.il/marital-property-agreement/",0,211,"0.0000","44.2"
"https://jus-tice.co.il/medical-malpractice-common-errors-doctors-hospitals/",0,113,"0.0000","65.2"
"https://jus-tice.co.il/medical-malpractice-lawyer/",0,11,"0.0000","40.4"
"https://jus-tice.co.il/morais-leitao/",0,9,"0.0000","57.6"
"https://jus-tice.co.il/must-have-traits-of-a-good-family-lawyer/",0,13,"0.0000","49.1"
"https://jus-tice.co.il/news/%D7%97%D7%A7%D7%99%D7%A7%D7%AA-%D7%97%D7%99%D7%A8%D7%95%D7%9D-%D7%A7%D7%95%D7%A8%D7%95%D7%A0%D7%94/",0,1,"0.0000","41.0"
"https://jus-tice.co.il/notarial-act/",0,5,"0.0000","12.0"
"https://jus-tice.co.il/outline-of-tort-law/",0,21,"0.0000","14.1"
"https://jus-tice.co.il/perez-llorca/",0,49,"0.0000","36.9"
"https://jus-tice.co.il/perinatal-asphyxia/",0,815,"0.0000","20.1"
"https://jus-tice.co.il/pogust-goodhead/",0,3,"0.0000","56.0"
"https://jus-tice.co.il/portugal-overview-real-estate/",0,157,"0.0000","49.7"
"https://jus-tice.co.il/powerful-seo-tools-for-your-law-firm/",0,117,"0.0000","66.6"
"https://jus-tice.co.il/prenup-attorney/",0,998,"0.0000","54.7"
"https://jus-tice.co.il/prenuptial-agreement-for-second-marriage/",0,30,"0.0000","28.9"
"https://jus-tice.co.il/prenuptial-agreements-overview/",0,1201,"0.0000","58.7"
"https://jus-tice.co.il/property-investment-calculator/",0,68,"0.0000","50.4"
"https://jus-tice.co.il/psakdin/%D7%90%D7%95%D7%9E%D7%93%D7%9F-%D7%A4%D7%99%D7%A6%D7%95%D7%99%D7%99%D7%9D-%D7%9C%D7%A0%D7%A4%D7%92%D7%A2-%D7%AA%D7%90%D7%95%D7%A0%D7%AA-%D7%93%D7%A8%D7%9B%D7%99%D7%9D-%D7%9E%D7%AA%D7%99-%D7%AA%D7%A9/",0,44,"0.0000","13.4"
"https://jus-tice.co.il/psakdin/%D7%91%D7%A7%D7%A9%D7%94-%D7%9C%D7%90%D7%99%D7%A9%D7%95%D7%A8-%D7%94%D7%A1%D7%93%D7%A8-%D7%97%D7%95%D7%91-%D7%95%D7%91%D7%A7%D7%A9%D7%95%D7%AA-%D7%9C%D7%9E%D7%AA%D7%9F-%D7%A6%D7%95-%D7%9C%D7%A4%D7%AA/",0,111,"0.0000","23.3"
"https://jus-tice.co.il/psakdin/%D7%94%D7%92%D7%91%D7%9C%D7%94-%D7%A2%D7%9C-%D7%9E%D7%A1%D7%99%D7%A8%D7%AA-%D7%9E%D7%99%D7%93%D7%A2-%D7%9E%D7%94%D7%9E%D7%A8%D7%A9%D7%9D-%D7%94%D7%A4%D7%9C%D7%99%D7%9C%D7%99-%D7%95%D7%A7%D7%99%D7%A6%D7%95%D7%A8-%D7%AA%D7%A7%D7%95%D7%A4%D7%AA-%D7%94%D7%A8%D7%99%D7%A9%D7%95%D7%9D/",0,43,"0.0000","8.6"
"https://jus-tice.co.il/psakdin/%D7%94%D7%95%D7%93%D7%A2%D7%94-%D7%A2%D7%9C-%D7%A7%D7%91%D7%99%D7%A2%D7%AA-%D7%9E%D7%A7%D7%95%D7%9D-%D7%9C%D7%91%D7%99%D7%93%D7%95%D7%93-18-03-2020/",0,4,"0.0000","70.8"
"https://jus-tice.co.il/psakdin/%D7%94%D7%95%D7%A8%D7%90%D7%95%D7%AA-%D7%97%D7%99%D7%A8%D7%95%D7%9D-%D7%A0%D7%92%D7%99%D7%A3-%D7%94%D7%A7%D7%95%D7%A8%D7%95%D7%A0%D7%94-%D7%9E%D7%A0%D7%99%D7%A2%D7%AA-%D7%9B%D7%A0%D7%99%D7%A1%D7%AA/",0,4,"0.0000","23.5"
"https://jus-tice.co.il/psakdin/%D7%94%D7%97%D7%9C%D7%AA-%D7%A4%D7%A8%D7%A7-%D7%93-%D7%9C%D7%97%D7%95%D7%A7-%D7%A9%D7%99%D7%A8%D7%95%D7%AA-%D7%A2%D7%91%D7%95%D7%93%D7%94-%D7%91%D7%A9%D7%A2%D7%AA-%D7%97%D7%99%D7%A8%D7%95%D7%9D/",0,91,"0.0000","8.8"
"https://jus-tice.co.il/psakdin/%D7%94%D7%99%D7%95%D7%A2%D7%9E%D7%A9-%D7%90%D7%99%D7%A9%D7%A8-%D7%AA%D7%97%D7%9C%D7%99%D7%A3-%D7%92%D7%A0%D7%A8%D7%99-%D7%9C%D7%A7%D7%9C%D7%98%D7%A8%D7%94-%D7%AA%D7%A8%D7%95%D7%A4%D7%94-%D7%90%D7%A0/",0,23,"0.0000","15.2"
"https://jus-tice.co.il/psakdin/%D7%94%D7%9C%D7%99%D7%9B%D7%99-%D7%92%D7%99%D7%A8%D7%95%D7%A9%D7%99%D7%9F-%D7%9E%D7%91%D7%97%D7%9F-%D7%94%D7%96%D7%99%D7%A7%D7%95%D7%AA-%D7%98%D7%A2%D7%A0%D7%94-%D7%9B%D7%99-%D7%91%D7%99%D7%9E/",0,159,"0.0000","15.1"
"https://jus-tice.co.il/psakdin/%D7%94%D7%A1%D7%9B%D7%9D-%D7%9C%D7%AA%D7%A4%D7%99%D7%A1%D7%AA-%D7%A8%D7%9B%D7%95%D7%A9-%D7%91%D7%A6%D7%95-%D7%96%D7%9E%D7%A0%D7%99-%D7%94%D7%A0%D7%9B%D7%A8%D7%AA-%D7%91%D7%A9%D7%9C%D7%91-%D7%94%D7%97/",0,31,"0.0000","20.4"
"https://jus-tice.co.il/psakdin/%D7%94%D7%A4%D7%A8%D7%AA-%D7%97%D7%95%D7%A7-%D7%94%D7%9B%D7%A0%D7%99%D7%A1%D7%94-%D7%9C%D7%99%D7%A9%D7%A8%D7%90%D7%9C-%D7%93%D7%A8%D7%9A-%D7%A0%D7%AA%D7%91%D7%92/",0,34,"0.0000","21.9"
"https://jus-tice.co.il/psakdin/%D7%94%D7%A7%D7%9C%D7%95%D7%AA-%D7%9E%D7%A1-%D7%95%D7%99%D7%A8%D7%95%D7%A1-%D7%A7%D7%95%D7%A8%D7%95%D7%A0%D7%94-%D7%94%D7%90%D7%A8%D7%9B%D7%AA-%D7%AA%D7%95%D7%A7%D7%A3-%D7%90%D7%99%D7%A9%D7%95/",0,6,"0.0000","37.7"
"https://jus-tice.co.il/psakdin/%D7%94%D7%AA%D7%A0%D7%92%D7%93%D7%95%D7%AA-%D7%9C%D7%A6%D7%95%D7%95%D7%90%D7%94-%D7%91%D7%A9%D7%9C-%D7%94%D7%A9%D7%A4%D7%A2%D7%94-%D7%91%D7%9C%D7%AA%D7%99-%D7%94%D7%95%D7%92%D7%A0%D7%AA/",0,311,"0.0000","21.8"
"https://jus-tice.co.il/psakdin/%D7%9E%D7%90%D7%92%D7%A8-%D7%9E%D7%99%D7%93%D7%A2-%D7%A8%D7%A9%D7%9C%D7%A0%D7%95%D7%AA-%D7%A8%D7%A4%D7%95%D7%90%D7%99%D7%AA/",0,19,"0.0000","33.5"
"https://jus-tice.co.il/psakdin/%D7%A0%D7%92%D7%99%D7%A3-%D7%94%D7%A7%D7%95%D7%A8%D7%95%D7%A0%D7%94-%D7%91%D7%92%D7%A6-%D7%A7%D7%95%D7%91%D7%A2-%D7%A6%D7%95-%D7%91%D7%99%D7%A0%D7%99%D7%99%D7%9D-%D7%9B%D7%A0%D7%92%D7%93-%D7%AA/",0,24,"0.0000","19.3"
"https://jus-tice.co.il/psakdin/%D7%A4%D7%A8%D7%A1%D7%9D-%D7%94%D7%A7%D7%9C%D7%98%D7%95%D7%AA-%D7%9E%D7%9E%D7%A1%D7%9E%D7%9A-%D7%94%D7%A8%D7%A4%D7%96-%D7%A4%D7%A1%D7%93-%D7%94%D7%A2%D7%A8%D7%A2%D7%95%D7%A8/",0,50,"0.0000","20.5"
"https://jus-tice.co.il/psakdin/%D7%A6%D7%95-%D7%94%D7%95%D7%A8%D7%95%D7%AA-%D7%9E%D7%9B%D7%95%D7%97-%D7%96%D7%99%D7%A7%D7%94-%D7%9C%D7%96%D7%99%D7%A7%D7%94-%D7%9C%D7%90%D7%96%D7%A8%D7%97%D7%99%D7%AA-%D7%96%D7%A8%D7%94/",0,221,"0.0000","30.5"
"https://jus-tice.co.il/psakdin/%D7%A7%D7%95%D7%A8%D7%95%D7%A0%D7%94-%D7%A1%D7%A7%D7%99%D7%A8%D7%94-%D7%99%D7%95%D7%9E%D7%99%D7%AA-23-3-2020-%D7%9E%D7%A2%D7%A8%D7%9A-%D7%94%D7%A1%D7%99%D7%99%D7%91%D7%A8-%D7%94%D7%9C%D7%90%D7%95/",0,3,"0.0000","57.7"
"https://jus-tice.co.il/psakdin/%D7%AA%D7%91%D7%99%D7%A2%D7%94-%D7%9C%D7%9E%D7%96%D7%95%D7%A0%D7%95%D7%AA-%D7%90%D7%99%D7%A9%D7%94-%D7%95%D7%A7%D7%98%D7%99%D7%A0%D7%95%D7%AA/",0,234,"0.0000","41.7"
"https://jus-tice.co.il/psakdin/%D7%AA%D7%92%D7%95%D7%91%D7%AA-%D7%94%D7%99%D7%95%D7%A2%D7%9E%D7%A9-%D7%A9%D7%99%D7%9E%D7%95%D7%A9-%D7%A9%D7%91%D7%9B-%D7%91%D7%90%D7%9E%D7%A6%D7%A2%D7%99%D7%9D-%D7%98%D7%9B%D7%A0%D7%95%D7%9C/",0,6,"0.0000","16.2"
"https://jus-tice.co.il/psakdin/%D7%AA%D7%A7%D7%A0%D7%95%D7%AA-%D7%A9%D7%99%D7%A8%D7%95%D7%AA-%D7%94%D7%91%D7%99%D7%98%D7%97%D7%95%D7%9F-%D7%94%D7%9B%D7%9C%D7%9C%D7%99-%D7%90%D7%99%D7%A1%D7%95%D7%A3-%D7%9E%D7%99%D7%93%D7%A2-%D7%9E/",0,11,"0.0000","26.7"
"https://jus-tice.co.il/psakdin/%D7%AA%D7%A7%D7%A0%D7%95%D7%AA-%D7%A9%D7%A2%D7%AA-%D7%97%D7%99%D7%A8%D7%95%D7%9D-%D7%A0%D7%92%D7%99%D7%A3-%D7%94%D7%A7%D7%95%D7%A8%D7%95%D7%A0%D7%94-%D7%94%D7%97%D7%93%D7%A9-%D7%94%D7%92%D7%91/",0,6,"0.0000","27.3"
"https://jus-tice.co.il/psakdin/%D7%AA%D7%A9%D7%9C%D7%95%D7%9D-%D7%9E%D7%A1-%D7%A9%D7%9B%D7%A8-%D7%91%D7%92%D7%99%D7%9F-%D7%A9%D7%9B%D7%A8%D7%9D-%D7%A9%D7%9C-%D7%A2%D7%95%D7%91%D7%93%D7%99-%D7%94%D7%A2%D7%99%D7%A8%D7%99%D7%99%D7%94/",0,23,"0.0000","10.0"
"https://jus-tice.co.il/psakdin/20-%D7%98%D7%99%D7%A4%D7%99%D7%9D-%D7%9C%D7%9E%D7%A0%D7%99%D7%A2%D7%AA-%D7%A8%D7%A9%D7%9C%D7%A0%D7%95%D7%AA-%D7%A8%D7%A4%D7%95%D7%90%D7%99%D7%AA/",0,76,"0.0000","46.8"
"https://jus-tice.co.il/psakdin/page/3/",0,25,"0.0000","27.8"
"https://jus-tice.co.il/psakdin/page/4/",0,29,"0.0000","12.4"
"https://jus-tice.co.il/real-estate-investment-strategies-for-2023/",0,53,"0.0000","19.5"
"https://jus-tice.co.il/real-estate-lawyer-cost-2025/",0,3522,"0.0000","50.4"
"https://jus-tice.co.il/rental-agreement/",0,660,"0.0000","49.2"
"https://jus-tice.co.il/returning-resident-rights-determining-tax-rate/",0,168,"0.0000","31.1"
"https://jus-tice.co.il/revocation-of-a-will-and-reviving-previous-will/",0,72,"0.0000","25.0"
"https://jus-tice.co.il/rita-judice/",0,1,"0.0000","8.0"
"https://jus-tice.co.il/ruling-on-conflicting-real-estate-transactions/",0,23,"0.0000","10.4"
"https://jus-tice.co.il/segro/",0,3,"0.0000","9.3"
"https://jus-tice.co.il/self-employed-and-freelancer/",0,14,"0.0000","31.9"
"https://jus-tice.co.il/shoplifting/",0,56,"0.0000","7.8"
"https://jus-tice.co.il/sitemap-jus-tice/",0,11,"0.0000","11.9"
"https://jus-tice.co.il/sofia-galvao/",0,50,"0.0000","53.6"
"https://jus-tice.co.il/south-african-property-law/",0,292,"0.0000","9.3"
"https://jus-tice.co.il/supreme-court/%D7%A2%D7%90-7023-19-%D7%A4%D7%9C%D7%95%D7%A0%D7%99-%D7%A0-%D7%A4%D7%9C%D7%95%D7%A0%D7%99/",0,175,"0.0000","13.1"
"https://jus-tice.co.il/supreme_court/%D7%91%D7%92%D7%A5-2144-20-%D7%99%D7%95%D7%A8-%D7%94%D7%9B%D7%A0%D7%A1%D7%AA-%D7%91%D7%A4%D7%95%D7%A2%D7%9C-%D7%99%D7%95%D7%9C%D7%99-%D7%90%D7%93%D7%9C%D7%A9%D7%98%D7%99/",0,8,"0.0000","10.9"
"https://jus-tice.co.il/supreme_court/%D7%91%D7%92%D7%A5-2144-20-25-03-%D7%9E%D7%97%D7%99%D7%99%D7%91-%D7%91%D7%97%D7%99%D7%A8%D7%AA-%D7%99%D7%95%D7%A8-%D7%A7%D7%91%D7%95%D7%A2-%D7%9C%D7%9B%D7%A0%D7%A1%D7%AA/",0,18,"0.0000","17.1"
"https://jus-tice.co.il/surgical-errors-medical-malpractice/",0,39,"0.0000","21.1"
"https://jus-tice.co.il/tag/%D7%AA%D7%91%D7%99%D7%A2%D7%95%D7%AA-%D7%A7%D7%98%D7%A0%D7%95%D7%AA/",0,6,"0.0000","1.8"
"https://jus-tice.co.il/tel-aviv-city-best-lawyers/",0,48,"0.0000","70.2"
"https://jus-tice.co.il/the-race-for-jurisdiction-family-law/",0,22,"0.0000","37.9"
"https://jus-tice.co.il/tort/%D7%A4%D7%99%D7%A6%D7%95%D7%99-%D7%AA%D7%90%D7%95%D7%A0%D7%AA-%D7%90%D7%95%D7%A4%D7%A0%D7%95%D7%A2/",0,21,"0.0000","20.3"
"https://jus-tice.co.il/tort/%D7%A4%D7%A7%D7%95%D7%93%D7%AA-%D7%94%D7%A0%D7%96%D7%99%D7%A7%D7%99%D7%9F-%D7%A0%D7%95%D7%A1%D7%97-%D7%97%D7%93%D7%A9/",0,42,"0.0000","19.6"
"https://jus-tice.co.il/unbundled-legal-services/",0,13,"0.0000","11.7"
"https://jus-tice.co.il/what-is-a-probate-order/",0,24,"0.0000","28.3"
"https://jus-tice.co.il/what-is-bitcoin/",0,214,"0.0000","51.4"
"https://jus-tice.co.il/what-is-child-custody/",0,529,"0.0000","60.5"
"https://jus-tice.co.il/what-is-medical-malpractice-definition-examples/",0,442,"0.0000","32.6"
"https://jus-tice.co.il/what-to-avoid-when-hiring-a-web-design-company/",0,15,"0.0000","62.5"
"https://jus-tice.co.il/what-to-consider-when-hiring-a-criminal-lawyer/",0,14,"0.0000","47.1"
"https://jus-tice.co.il/wp-content/uploads/2019/03/%D7%91%D7%99%D7%94%D7%93-%D7%94%D7%90%D7%96%D7%95%D7%A8%D7%99-%D7%9C%D7%A2%D7%91%D7%95%D7%93%D7%94-%D7%91%D7%AA%D7%90-%D7%94%D7%A0%D7%A9%D7%99%D7%90%D7%94-%D7%90%D7%A4%D7%A8%D7%AA-%D7%9C%D7%A7%D7%A1%D7%A8-%D7%94%D7%97%D7%9C%D7%98%D7%94-%D7%91%D7%A0%D7%95%D7%A9%D7%90-%D7%9E%D7%A2%D7%91%D7%A8%D7%99-%D7%94%D7%92%D7%91%D7%95%D7%9C.pdf",0,7,"0.0000","19.1"
"https://jus-tice.co.il/wp-content/uploads/2019/03/%D7%91%D7%99%D7%94%D7%93-%D7%94%D7%90%D7%96%D7%95%D7%A8%D7%99-%D7%9C%D7%A2%D7%91%D7%95%D7%93%D7%94-%D7%91%D7%AA%D7%90-%D7%A9-%D7%93%D7%95%D7%A8%D7%99-%D7%A1%D7%A4%D7%99%D7%91%D7%A7-%D7%90%D7%99%D7%A9%D7%95%D7%A8-%D7%AA%D7%95%D7%91%D7%A2%D7%A0%D7%94-%D7%99%D7%99%D7%A6%D7%95%D7%92%D7%99%D7%AA-%D7%A2%D7%95%D7%91%D7%93%D7%99-%D7%9E%D7%95%D7%A7%D7%93-%D7%98%D7%9C%D7%A4%D7%95%D7%A0%D7%99-%D7%AA%D7%A9%D7%9C%D7%95%D7%9D-%D7%A9%D7%9B%D7%A8-%D7%A2%D7%91%D7%95%D7%93%D7%94-%D7%A2%D7%91%D7%95%D7%A8-%D7%94%D7%A4%D7%A1%D7%A7%D7%95%D7%AA-%D7%A7%D7%A6%D7%A8%D7%95%D7%AA.pdf",0,5,"0.0000","12.4"
"https://jus-tice.co.il/wp-content/uploads/2019/03/%D7%91%D7%99%D7%94%D7%93-%D7%94%D7%90%D7%96%D7%95%D7%A8%D7%99-%D7%9C%D7%A2%D7%91%D7%95%D7%93%D7%94-%D7%91%D7%AA%D7%90-%D7%A9-%D7%93%D7%A8-%D7%90%D7%A8%D7%99%D7%90%D7%9C%D7%94-%D7%92%D7%99%D7%9C%D7%A6%D7%A8-%D7%9B%D7%A5-%D7%94%D7%97%D7%9C%D7%98%D7%94-%D7%91%D7%A0%D7%95%D7%A9%D7%90-%D7%A7%D7%A4%D7%94-%D7%A0%D7%95%D7%90%D7%A8-%D7%AA%D7%99%D7%A7-%D7%A1%D7%A7-25618-09-17.pdf",0,47,"0.0000","17.8"
"https://jus-tice.co.il/wp-content/uploads/2019/03/%D7%91%D7%99%D7%94%D7%93-%D7%94%D7%90%D7%96%D7%95%D7%A8%D7%99-%D7%9C%D7%A2%D7%91%D7%95%D7%93%D7%94-%D7%99%D7%A8%D7%95%D7%A9%D7%9C%D7%99%D7%9D-%D7%A9-%D7%A9%D7%A8%D7%94-%D7%A9%D7%93%D7%99%D7%90%D7%95%D7%A8-%D7%94%D7%97%D7%9C%D7%98%D7%94-%D7%91%D7%A0%D7%95%D7%A9%D7%90-%D7%A2%D7%99%D7%9B%D7%95%D7%91-%D7%99%D7%A6%D7%99%D7%90%D7%94-%D7%9E%D7%94%D7%90%D7%A8%D7%A5.pdf",0,34,"0.0000","10.8"
"https://jus-tice.co.il/wp-content/uploads/2019/03/%D7%91%D7%99%D7%94%D7%93-%D7%94%D7%90%D7%96%D7%95%D7%A8%D7%99-%D7%9C%D7%A2%D7%91%D7%95%D7%93%D7%94-%D7%AA%D7%90-%D7%A9-%D7%90%D7%95%D7%A8%D7%9F-%D7%A9%D7%92%D7%91-%D7%A4%D7%A1%D7%93-%D7%91%D7%A2%D7%A0%D7%99%D7%99%D7%9F-%D7%90%D7%97%D7%A8%D7%99%D7%95%D7%AA-%D7%91%D7%99%D7%98%D7%95%D7%97-%D7%9C%D7%90%D7%95%D7%9E%D7%99-%D7%9C%D7%98%D7%99%D7%A4%D7%95%D7%9C-%D7%91%D7%97%D7%95%D7%9C%D7%94-%D7%A1%D7%A8%D7%98%D7%9F.pdf",0,11,"0.0000","17.7"
"https://jus-tice.co.il/wp-content/uploads/2019/03/%D7%91%D7%99%D7%94%D7%93-%D7%94%D7%90%D7%96%D7%95%D7%A8%D7%99-%D7%9C%D7%A2%D7%91%D7%95%D7%93%D7%94-%D7%AA%D7%90-%D7%A9-%D7%93%D7%95%D7%A8%D7%99-%D7%A1%D7%A4%D7%99%D7%91%D7%A7-%D7%A4%D7%A1%D7%A7-%D7%93%D7%99%D7%9F-%D7%91%D7%A0%D7%95%D7%A9%D7%90-%D7%96%D7%9B%D7%95%D7%99%D7%95%D7%AA-%D7%A2%D7%95%D7%91%D7%93%D7%99-%D7%91%D7%98%D7%97%D7%95%D7%9F-%D7%90%D7%9C-%D7%A2%D7%9C.pdf",0,46,"0.0000","8.0"
"https://jus-tice.co.il/wp-content/uploads/2019/03/%D7%91%D7%99%D7%94%D7%93-%D7%94%D7%90%D7%99%D7%96%D7%95%D7%A8%D7%99-%D7%9C%D7%A2%D7%91%D7%95%D7%93%D7%94-%D7%91%D7%91%D7%90%D7%A8-%D7%A9%D7%91%D7%A2-%D7%94%D7%A9%D7%95%D7%A4%D7%98-%D7%A6%D7%91%D7%99-%D7%A4%D7%A8%D7%A0%D7%A7%D7%9C-%D7%A4%D7%A1%D7%93-%D7%91%D7%A0%D7%95%D7%A9%D7%90-%D7%AA%D7%91%D7%99%D7%A2%D7%94-%D7%90%D7%99%D7%A9%D7%99%D7%AA-%D7%A0%D7%92%D7%93-%D7%9E%D7%A0%D7%9B%D7%9C-%D7%91%D7%A0%D7%A7-%D7%94%D7%A4%D7%95%D7%A2%D7%9C%D7%99%D7%9D-%D7%91%D7%92%D7%99%D7%9F-%D7%94%D7%AA%D7%A2%D7%9E%D7%A8%D7%95%D7%AA-%D7%91%D7%A2%D7%91%D7%95%D7%93%D7%94.pdf",0,2,"0.0000","32.0"
"https://jus-tice.co.il/wp-content/uploads/2019/03/%D7%91%D7%99%D7%94%D7%93-%D7%94%D7%90%D7%99%D7%96%D7%95%D7%A8%D7%99-%D7%9C%D7%A2%D7%91%D7%95%D7%93%D7%94-%D7%91%D7%A9-%D7%A9-%D7%A6%D7%91%D7%99-%D7%A4%D7%A8%D7%A0%D7%A7%D7%9C-%D7%A4%D7%A1%D7%93-%D7%91%D7%A0%D7%95%D7%A9%D7%90-%D7%9E%D7%99%D7%A7%D7%A8%D7%95%D7%98%D7%A8%D7%90%D7%95%D7%9E%D7%94-%D7%91%D7%A2%D7%91%D7%95%D7%93%D7%94-%D7%A9%D7%94%D7%AA%D7%A0%D7%94%D7%9C%D7%94-%D7%A2%D7%9C-%D7%A4%D7%A0%D7%99-%D7%97%D7%93%D7%A9%D7%99%D7%9D-%D7%A1%D7%A4%D7%95%D7%A8%D7%99%D7%9D-%D7%91%D7%9C%D7%91%D7%93.pdf",0,13,"0.0000","27.8"
"https://jus-tice.co.il/wp-content/uploads/2019/03/%D7%91%D7%99%D7%94%D7%93-%D7%94%D7%90%D7%99%D7%96%D7%95%D7%A8%D7%99-%D7%9C%D7%A2%D7%91%D7%95%D7%93%D7%94-%D7%A0%D7%A6%D7%A8%D7%AA-%D7%A9-%D7%93%D7%A8-%D7%98%D7%9C-%D7%92%D7%95%D7%9C%D7%9F-%D7%A4%D7%A1%D7%93-%D7%91%D7%AA%D7%91%D7%99%D7%A2%D7%AA-%D7%94%D7%98%D7%A8%D7%93%D7%94-%D7%9E%D7%99%D7%A0%D7%99%D7%AA-%D7%91%D7%90%D7%A7%D7%93%D7%9E%D7%99%D7%94.pdf",0,49,"0.0000","17.1"
"https://jus-tice.co.il/wp-content/uploads/2019/03/%D7%91%D7%99%D7%94%D7%93-%D7%94%D7%90%D7%A8%D7%A6%D7%99-%D7%9C%D7%A2%D7%91%D7%95%D7%93%D7%94-%D7%94%D7%A0%D7%A9%D7%99%D7%90%D7%94-%D7%95%D7%99%D7%A8%D7%98-%D7%9C%D7%99%D7%91%D7%A0%D7%94-%D7%A4%D7%A1%D7%93-%D7%91%D7%A0%D7%95%D7%A9%D7%90-%D7%A7%D7%95%D7%A8%D7%A1-%D7%9E%D7%A9%D7%A4%D7%99%D7%A2%D7%99%D7%9D-%D7%A9%D7%9C-%D7%A0%D7%A6%D7%99%D7%91%D7%95%D7%AA-%D7%A9%D7%99%D7%A8%D7%95%D7%AA-%D7%94%D7%9E%D7%93%D7%99%D7%A0%D7%94.pdf",0,1,"0.0000","72.0"
"https://jus-tice.co.il/wp-content/uploads/2019/03/%D7%91%D7%99%D7%94%D7%93-%D7%94%D7%90%D7%A8%D7%A6%D7%99-%D7%9C%D7%A2%D7%91%D7%95%D7%93%D7%94-%D7%94%D7%A8%D7%9B%D7%91-%D7%94%D7%A0%D7%A9%D7%99%D7%90-%D7%99%D7%92%D7%90%D7%9C-%D7%A4%D7%9C%D7%99%D7%98%D7%9E%D7%9F-%D7%A4%D7%A1%D7%93-%D7%91%D7%A0%D7%95%D7%A9%D7%90-%D7%96%D7%9B%D7%90%D7%95%D7%AA%D7%9D-%D7%A9%D7%9C-%D7%93%D7%A8%D7%99-%D7%A8%D7%97%D7%95%D7%91-%D7%9C%D7%92%D7%9E%D7%9C%D7%AA-%D7%94%D7%91%D7%98%D7%97%D7%AA-%D7%94%D7%9B%D7%A0%D7%A1%D7%94-%D7%95%D7%9C%D7%90%D7%95%D7%A4%D7%9F-%D7%91%D7%97%D7%99%D7%A0%D7%AA%D7%94.pdf",0,8,"0.0000","9.3"
"https://jus-tice.co.il/wp-content/uploads/2019/03/%D7%91%D7%99%D7%94%D7%93-%D7%94%D7%90%D7%A8%D7%A6%D7%99-%D7%9C%D7%A2%D7%91%D7%95%D7%93%D7%94-%D7%A9-%D7%90%D7%99%D7%9C%D7%9F-%D7%A1%D7%95%D7%A4%D7%A8-%D7%A4%D7%A1%D7%93-%D7%A2%D7%A2-35779-05-17-%D7%91%D7%A2%D7%A0%D7%99%D7%99%D7%9F-%D7%94-%D7%97%D7%99%D7%95%D7%91-%D7%A8%D7%90%D7%A9-%D7%A2%D7%99%D7%A8-%D7%95%D7%92%D7%96%D7%91%D7%A8-%D7%9C%D7%A9%D7%A2%D7%91%D7%A8-%D7%9C%D7%94%D7%A9%D7%99%D7%91-%D7%9E%D7%9B%D7%99%D7%A1%D7%9D-%D7%A2%D7%A9%D7%A8%D7%95%D7%AA-%D7%90%D7%9C%D7%A4%D7%99-%E2%82%AA.pdf",0,3,"0.0000","5.0"
"https://jus-tice.co.il/wp-content/uploads/2019/03/%D7%91%D7%99%D7%94%D7%93-%D7%94%D7%90%D7%A8%D7%A6%D7%99-%D7%9C%D7%A2%D7%91%D7%95%D7%93%D7%94-%D7%A9-%D7%92%D7%9C%D7%99%D7%A7%D7%A1%D7%9E%D7%9F-%D7%94%D7%9E%D7%A6%D7%90%D7%AA-%D7%9B%D7%AA%D7%91%D7%99-%D7%91%D7%99-%D7%93%D7%99%D7%9F-%D7%91%D7%90%D7%9E%D7%A6%D7%A2%D7%95%D7%AA-%D7%A0%D7%98-%D7%94%D7%9E%D7%A9%D7%A4%D7%98.pdf",0,79,"0.0000","25.3"
"https://jus-tice.co.il/wp-content/uploads/2019/03/%D7%91%D7%99%D7%94%D7%93-%D7%94%D7%90%D7%A8%D7%A6%D7%99-%D7%9C%D7%A2%D7%91%D7%95%D7%93%D7%94-%D7%A9-%D7%93%D7%95%D7%99%D7%93%D7%95%D7%91-%D7%9E%D7%95%D7%98%D7%95%D7%9C%D7%94-%D7%94%D7%92%D7%93%D7%A8%D7%AA-%D7%90%D7%93%D7%9D-%D7%A2%D7%9D-%D7%9E%D7%95%D7%92%D7%91%D7%9C%D7%95%D7%AA.pdf",0,39,"0.0000","6.9"
"https://jus-tice.co.il/wp-content/uploads/2019/03/%D7%91%D7%99%D7%94%D7%93-%D7%94%D7%90%D7%A8%D7%A6%D7%99-%D7%9C%D7%A2%D7%91%D7%95%D7%93%D7%94-%D7%A9-%D7%A8%D7%95%D7%A0%D7%99%D7%AA-%D7%A8%D7%95%D7%96%D7%A0%D7%A4%D7%9C%D7%93-%D7%A4%D7%A1%D7%93-%D7%91%D7%A0%D7%95%D7%A9%D7%90-%D7%90%D7%A8%D7%92%D7%95%D7%9F-%D7%A2%D7%95%D7%91%D7%93%D7%99%D7%9D-%D7%99%D7%A6%D7%99%D7%92-%D7%A9%D7%9C-%D7%94%D7%92%D7%A0%D7%A0%D7%95%D7%AA-%D7%94%D7%9E%D7%97%D7%A0%D7%9B%D7%95%D7%AA-%D7%91%D7%99%D7%A9%D7%A8%D7%90%D7%9C.pdf",0,1,"0.0000","2.0"
"https://jus-tice.co.il/wp-content/uploads/2019/03/%D7%91%D7%99%D7%94%D7%93-%D7%94%D7%90%D7%A8%D7%A6%D7%99-%D7%9C%D7%A2%D7%91%D7%95%D7%93%D7%94-%D7%A9-%D7%A8%D7%95%D7%A0%D7%99%D7%AA-%D7%A8%D7%95%D7%96%D7%A0%D7%A4%D7%9C%D7%93-%D7%A4%D7%A1%D7%93-%D7%91%D7%A0%D7%95%D7%A9%D7%90-%D7%94%D7%A4%D7%9C%D7%99%D7%99%D7%AA-%D7%90%D7%99%D7%A9%D7%94-%D7%91%D7%A7%D7%91%D7%9C%D7%94-%D7%9C%D7%A2%D7%91%D7%95%D7%93%D7%94.pdf",0,13,"0.0000","11.0"
"https://jus-tice.co.il/wp-content/uploads/2019/03/%D7%91%D7%99%D7%94%D7%93-%D7%94%D7%90%D7%A8%D7%A6%D7%99-%D7%9C%D7%A2%D7%91%D7%95%D7%93%D7%94-%D7%A9-%D7%A8%D7%95%D7%A0%D7%99%D7%AA-%D7%A8%D7%95%D7%96%D7%A0%D7%A4%D7%9C%D7%93-%D7%A4%D7%A1%D7%93-%D7%91%D7%A2%D7%A0%D7%99%D7%99%D7%9F-%D7%96%D7%9B%D7%90%D7%95%D7%AA-%D7%92%D7%A8%D7%95%D7%A9%D7%94-%D7%91%D7%9E%D7%A9%D7%A4%D7%97%D7%94-%D7%A4%D7%95%D7%9C%D7%99%D7%92%D7%9E%D7%99%D7%AA-%D7%9C%D7%94%D7%91%D7%98%D7%97%D7%AA-%D7%94%D7%9B%D7%A0%D7%A1%D7%94-%D7%A0%D7%A4%D7%A8%D7%93%D7%AA.pdf",0,3,"0.0000","9.7"
"https://jus-tice.co.il/wp-content/uploads/2019/03/%D7%91%D7%99%D7%94%D7%93-%D7%94%D7%90%D7%A8%D7%A6%D7%99-%D7%9C%D7%A2%D7%91%D7%95%D7%93%D7%94-%D7%A9-%D7%A8%D7%95%D7%A2%D7%99-%D7%A4%D7%95%D7%9C%D7%99%D7%90%D7%A7-%D7%93%D7%97%D7%99%D7%99%D7%AA-%D7%A2%D7%A8%D7%A2%D7%95%D7%A8-%D7%91%D7%AA%D7%91%D7%99%D7%A2%D7%94-%D7%A2%D7%9C-%D7%A1%D7%99%D7%95%D7%9D-%D7%94%D7%A2%D7%A1%D7%A7%D7%94-%D7%91%D7%90%D7%AA%D7%A8-%D7%90%D7%99%D7%A0%D7%98%D7%A8%D7%A0%D7%98-%D7%90%D7%99%D7%A8%D7%95%D7%98%D7%99.pdf",0,11,"0.0000","38.5"
"https://jus-tice.co.il/wp-content/uploads/2019/03/%D7%91%D7%99%D7%94%D7%93-%D7%9C%D7%A2%D7%91%D7%95%D7%93%D7%94-%D7%A0%D7%A6%D7%A8%D7%AA-%D7%A9-%D7%98%D7%9C-%D7%92%D7%95%D7%9C%D7%9F-%D7%A4%D7%A1%D7%93-%D7%91%D7%A0%D7%95%D7%A9%D7%90-%D7%94%D7%A2%D7%A1%D7%A7%D7%AA-%D7%A2%D7%95%D7%91%D7%93-%D7%90%D7%A8%D7%99%D7%AA%D7%A8%D7%90%D7%99-%D7%91%D7%97%D7%95%D7%A3-%D7%98%D7%91%D7%A8%D7%99%D7%94.pdf",0,13,"0.0000","8.0"
"https://jus-tice.co.il/wp-content/uploads/2019/03/%D7%91%D7%99%D7%AA-%D7%94%D7%93%D7%99%D7%9F-%D7%94%D7%90%D7%96%D7%95%D7%A8%D7%99-%D7%9C%D7%A2%D7%91%D7%95%D7%93%D7%94-%D7%AA%D7%90-%D7%A9-%D7%90%D7%95%D7%A8%D7%9F-%D7%A9%D7%92%D7%91-%D7%A4%D7%A1%D7%93-%D7%91%D7%A0%D7%95%D7%A9%D7%90-%D7%90%D7%99%D7%A9%D7%95%D7%A8-%D7%AA%D7%A8%D7%95%D7%A4%D7%94-%D7%9C%D7%9E%D7%97%D7%9C%D7%AA-%D7%94%D7%93%D7%95%D7%A9%D7%9F-%D7%9C%D7%99%D7%9C%D7%93-%D7%91%D7%9F-11.pdf",0,6,"0.0000","15.3"
"https://jus-tice.co.il/wp-content/uploads/2019/03/hoksangeoriatsiburit.pdf",0,46,"0.0000","38.6"
"https://jus-tice.co.il/wp-content/uploads/2019/06/shanton_2018.pdf",0,54,"0.0000","9.0"
"https://jus-tice.co.il/wp-content/uploads/2020/01/%D7%9E%D7%93%D7%99%D7%A0%D7%99%D7%95%D7%AA-%D7%AA%D7%9E%D7%90-38-%D7%AA%D7%90-9086.pdf",0,25,"0.0000","25.3"
"https://jus-tice.co.il/wp-content/uploads/2020/01/UK-Physical-Activity-Guidelines-2019-Hebrew.pdf",0,67,"0.0000","9.8"
"https://jus-tice.co.il/wp-content/uploads/2020/02/%D7%98%D7%95%D7%A4%D7%A1-%D7%94%D7%A6%D7%94%D7%A8%D7%94-%D7%91%D7%99%D7%93%D7%95%D7%93-%D7%A2%D7%95%D7%91%D7%93-%D7%A7%D7%95%D7%A8%D7%95%D7%A0%D7%94-2020.docx",0,1,"0.0000","6.0"
"https://jus-tice.co.il/wp-content/uploads/2020/03/%D7%91%D7%92%D7%A5-214520..pdf",0,3,"0.0000","41.7"
"https://jus-tice.co.il/wp-content/uploads/2020/03/%D7%98%D7%95%D7%A4%D7%A1-%D7%97%D7%95%D7%91%D7%94-%D7%A2%D7%9C-%D7%9B%D7%9C-%D7%A2%D7%95%D7%91%D7%93-%D7%A9%D7%9E%D7%92%D7%99%D7%A2-%D7%9C%D7%A2%D7%91%D7%95%D7%93%D7%94-%D7%97%D7%95%D7%9D-%D7%A9%D7%99%D7%A2%D7%95%D7%9C-%D7%95%D7%A0%D7%A9%D7%99%D7%9E%D7%94.pdf",0,1,"0.0000","8.0"
"https://jus-tice.co.il/wp-content/uploads/2020/03/4_6033055889705928071.pdf",0,36,"0.0000","22.1"
"https://jus-tice.co.il/wp-content/uploads/2020/03/57594-05-18.pdf",0,14,"0.0000","21.3"
"https://jus-tice.co.il/wp-content/uploads/2020/04/%D7%9E%D7%99%D7%93%D7%A2-%D7%AA%D7%A8%D7%95%D7%A4%D7%AA%D7%99-%D7%A2%D7%9C-%D7%AA%D7%A8%D7%95%D7%A4%D7%95%D7%AA-%D7%94%D7%A0%D7%9E%D7%A6%D7%90%D7%95%D7%AA-%D7%91%D7%A9%D7%99%D7%9E%D7%95%D7%A9-%D7%9C%D7%98%D7%99%D7%A4%D7%95%D7%9C-%D7%91-%E2%80%93-COVID-19-%D7%91%D7%9E%D7%91%D7%95%D7%92%D7%A8%D7%99%D7%9D.pdf",0,15,"0.0000","44.1"
"https://jus-tice.co.il/wp-content/uploads/2020/09/%D7%A6%D7%95%D7%95%D7%90%D7%94.docx",0,10,"0.0000","68.3"
"https://jus-tice.co.il/wp-content/uploads/2021/02/%D7%A9%D7%9B%D7%A8-%D7%98%D7%A8%D7%97%D7%AA-%D7%A1%D7%A0%D7%99%D7%92%D7%95%D7%A8-%D7%A4%D7%9C%D7%99%D7%9C%D7%99-2023.pdf",0,1,"0.0000","9.0"
"https://jus-tice.co.il/wp-content/uploads/2021/02/inheritence-order-form-300x186.jpg",0,1,"0.0000","10.0"
"https://jus-tice.co.il/wp-content/uploads/2021/02/tashirhistalkut-1-300x220.jpg",0,3,"0.0000","10.7"
"https://jus-tice.co.il/wp-content/uploads/2021/03/%D7%94%D7%A1%D7%9B%D7%9D-%D7%92%D7%99%D7%A8%D7%95%D7%A9%D7%99%D7%9F-2021-%D7%9C%D7%94%D7%95%D7%A8%D7%93%D7%94-300x196.jpg",0,1,"0.0000","12.0"
"https://jus-tice.co.il/wp-content/uploads/2021/07/ChildCustody.pdf",0,276,"0.0000","60.1"
"https://jus-tice.co.il/wp-content/uploads/2022/02/AK0087-03-2.pdf",0,56,"0.0000","10.5"
"https://jus-tice.co.il/wp-content/uploads/2022/02/israel-police-300x270.jpg",0,2,"0.0000","16.0"
"https://jus-tice.co.il/wp-content/uploads/2022/06/%D7%9E%D7%98%D7%91%D7%A2%D7%95%D7%AA-%D7%93%D7%99%D7%92%D7%99%D7%98%D7%9C%D7%99%D7%99%D7%9D-9.pdf",0,25,"0.0000","21.9"
"https://jus-tice.co.il/wp-content/uploads/2022/06/yesod10.pdf",0,17,"0.0000","53.2"
"https://jus-tice.co.il/wp-content/uploads/2022/10/%D7%AA%D7%96%D7%9B%D7%99%D7%A8-%D7%97%D7%95%D7%A7-%D7%9C%D7%AA%D7%99%D7%A7%D7%95%D7%9F-%D7%A4%D7%A7%D7%95%D7%93%D7%AA-%D7%A1%D7%93%D7%A8-%D7%94%D7%93%D7%99%D7%9F-%D7%94%D7%A4%D7%9C%D7%99%D7%9C%D7%99-%D7%9E%D7%A2%D7%A6%D7%A8-%D7%95%D7%97%D7%99%D7%A4%D7%95%D7%A9-%D7%AA%D7%99%D7%A7%D7%95%D7%9F-%D7%9E%D7%A1...-%D7%A2%D7%99%D7%9C%D7%95%D7%AA-%D7%97%D7%99%D7%A4%D7%95%D7%A9-%D7%91%D7%9E%D7%A7%D7%95%D7%9D-%D7%9C%D7%9C%D7%90-%D7%A6%D7%95-%D7%91%D7%99%D7%AA-%D7%9E%D7%A9%D7%A4%D7%98-%D7%94%D7%AA%D7%A9%D7%A4-%D7%91-2021.docx",0,20,"0.0000","23.1"
"https://jus-tice.co.il/wp-content/uploads/2022/10/companyregistrationform2-2.doc",0,5,"0.0000","32.4"
"https://jus-tice.co.il/wp-content/uploads/2022/10/shareholder-statement.docx",0,1,"0.0000","9.0"
"https://jus-tice.co.il/wp-content/uploads/2023/01/Zchuyot_01.pdf",0,48,"0.0000","48.6"
"https://jus-tice.co.il/wp-content/uploads/2023/03/9_lsr_311018.pdf",0,436,"0.0000","13.1"
"https://jus-tice.co.il/wp-content/uploads/2023/03/Attorneys-in-Nicosia-U.S.pdf",0,3,"0.0000","6.7"
"https://jus-tice.co.il/wp-content/uploads/2023/03/Find-a-professional-service-abroad-Results-for-Lawyers-in-Greece.pdf",0,38,"0.0000","9.2"
"https://jus-tice.co.il/wp-content/uploads/2023/05/%D7%A2%D7%95%D7%A8%D7%9A-%D7%93%D7%99%D7%9F-%D7%94%D7%A9%D7%91%D7%AA-%D7%A8%D7%9B%D7%95%D7%A9-%D7%99%D7%94%D7%95%D7%93%D7%99-%D7%A8%D7%95%D7%9E%D7%A0%D7%99%D7%94.pdf",0,74,"0.0000","19.8"
"https://jus-tice.co.il/wp-content/uploads/2023/05/List-of-UK-solicitors-in-Italy-GOV.pdf",0,10,"0.0000","8.2"
"https://jus-tice.co.il/wp-content/uploads/2023/05/b870a048-e7f5-46f4-9a1e-e87c1a86adc6-%D7%A0%D7%95%D7%98%D7%A8%D7%99%D7%95%D7%9F.pdf",0,28,"0.0000","25.1"
"https://jus-tice.co.il/wp-content/uploads/2023/05/romanian-notary-israel.pdf",0,1,"0.0000","7.0"
"https://jus-tice.co.il/wp-content/uploads/2023/09/wh515.pdf",0,3,"0.0000","9.3"
"https://jus-tice.co.il/wp-content/uploads/2025/03/word-image-12123-1.png",0,1,"0.0000","13.0"
"https://jus-tice.co.il/wp-content/uploads/2025/05/%D7%9C%D7%94%D7%91-433-2025-300x200.png",0,1,"0.0000","11.0"