old_url,new_url,status_code
"http://jus-tice.co.il/1440015/1/","https://jus-tice.co.il/divorce-agreement-enforcement-claims/",301
"http://jus-tice.co.il/1361959/16/","https://jus-tice.co.il/rabbinical-courts-reconciliation-agreement-divorce-ketubah/",301
"http://jus-tice.co.il/209051/11/","https://jus-tice.co.il/dissolution-partnership-verdict-petition-witness-apartment-agreement/",301
"http://jus-tice.co.il/1495176/4/","https://jus-tice.co.il/rabbinical-court-jurisdiction-alimony-1495176-4-2025/",301
"http://jus-tice.co.il/1360470/5/","https://jus-tice.co.il/best-interest-child-procedures-divorce-alimony/",301
"http://jus-tice.co.il/%D7%A2%D7%95%D7%A8%D7%9A-%D7%93%D7%99%D7%9F-%D7%A4%D7%95%D7%A8%D7%A7%D7%A1-forex/","https://jus-tice.co.il/lawyer-forex/",301
"http://jus-tice.co.il/%D7%A1%D7%93%D7%A8-%D7%93%D7%99%D7%9F-%D7%A4%D7%9C%D7%99%D7%9C%D7%99-%D7%97%D7%95%D7%A7-%D7%94%D7%9E%D7%A2%D7%A6%D7%A8%D7%99%D7%9D/","https://jus-tice.co.il/criminal-law-review-procedure-law-detention-2025/",301
"http://jus-tice.co.il/articles/%D7%A4%D7%A1%D7%A7-%D7%93%D7%99%D7%9F-%D7%A7%D7%98%D7%99%D7%9F-%D7%A9%D7%94%D7%95%D7%90%D7%A9%D7%9D-%D7%91%D7%A2%D7%91%D7%99%D7%A8%D7%95%D7%AA-%D7%94%D7%AA%D7%A4%D7%A8%D7%A2%D7%95%D7%AA-%D7%95%D7%AA/","https://jus-tice.co.il/verdict-offenses-police-officer-1327-11-24/",301
"http://jus-tice.co.il/articles/%D7%9C%D7%A9%D7%95%D7%9F-%D7%94%D7%A8%D7%A2-%D7%AA%D7%9C%D7%95%D7%A0%D7%94-%D7%91%D7%9E%D7%A9%D7%98%D7%A8%D7%94/","https://jus-tice.co.il/defamation/",301
"http://jus-tice.co.il/articles/%D7%9E%D7%A1%D7%92%D7%A8%D7%AA-%D7%A0%D7%95%D7%A8%D7%9E%D7%98%D7%99%D7%91%D7%99%D7%AA-%D7%A4%D7%A8%D7%A1%D7%95%D7%9D-%D7%9C%D7%A9%D7%95%D7%9F-%D7%94%D7%A8%D7%A2/","https://jus-tice.co.il/defamation-6680/",301
"http://jus-tice.co.il/%D7%91%D7%A2%D7%9C%D7%95%D7%AA-%D7%A2%D7%9C-%D7%96%D7%9B%D7%95%D7%99%D7%95%D7%AA-%D7%91%D7%A0%D7%99%D7%99%D7%94-%D7%91%D7%92%D7%92%D7%95%D7%AA-%D7%94%D7%9C%D7%9B%D7%AA-%D7%91%D7%99%D7%AA-%D7%94%D7%93%D7%A8/","https://jus-tice.co.il/building-rights-beit-hadar-ownership-roofs-ruling-7808/",301
"http://jus-tice.co.il/7808/21/","https://jus-tice.co.il/beit-hadar-ruling-new-roof-tenants-precedent/",301
"http://jus-tice.co.il/%D7%97%D7%95%D7%A7%D7%99-%D7%94%D7%A0%D7%93%D7%9C%D7%9F-%D7%91%D7%99%D7%A9%D7%A8%D7%90%D7%9C-%D7%9E%D7%95%D7%9C-%D7%A6%D7%A8%D7%A4%D7%AA/","https://jus-tice.co.il/laws-real-estate-israel-france-guide-properties/",301
"http://jus-tice.co.il/%D7%A2%D7%95%D7%A8%D7%9A-%D7%93%D7%99%D7%9F-%D7%93%D7%95%D7%91%D7%A8-%D7%A6%D7%A8%D7%A4%D7%AA%D7%99%D7%AA-%D7%A0%D7%93%D7%9C%D7%9F-%D7%91%D7%99%D7%A9%D7%A8%D7%90%D7%9C/","https://jus-tice.co.il/property-purchase-lawyer-israel-guide-complete-france/",301
"http://jus-tice.co.il/%D7%9E%D7%93%D7%A8%D7%99%D7%9A-%D7%94%D7%97%D7%96%D7%A8%D7%99-%D7%9E%D7%A1-%D7%A2%D7%9D-%D7%9E%D7%97%D7%A9%D7%91%D7%95%D7%9F/","https://jus-tice.co.il/guide-tax-calculator-updated-2025/",301
"http://jus-tice.co.il/%D7%97%D7%AA%D7%99%D7%9E%D7%AA-%D7%A2%D7%95%D7%A8%D7%9A-%D7%93%D7%99%D7%9F-%D7%A0%D7%95%D7%98%D7%A8%D7%99%D7%95%D7%9F/","https://jus-tice.co.il/lawyer-signing-notary-price-list-2025/",301
"http://jus-tice.co.il/%D7%9E%D7%93%D7%A8%D7%99%D7%9A-%D7%A2%D7%93%D7%9B%D7%A0%D7%99-%D7%9C%D7%92%D7%99%D7%A8%D7%95%D7%A9%D7%99%D7%9F/","https://jus-tice.co.il/property-division-guide-updated-divorce-custody-infidelity/",301
"http://jus-tice.co.il/%D7%94%D7%97%D7%91%D7%A8%D7%95%D7%AA-%D7%94%D7%9E%D7%95%D7%91%D7%99%D7%9C%D7%95%D7%AA-%D7%AA%D7%9E%D7%90-38-%D7%AA%D7%90/","https://jus-tice.co.il/urban-renewal-tel-aviv-companies-38-2025/",301
"http://jus-tice.co.il/%D7%9E%D7%93%D7%A8%D7%99%D7%9A-%D7%9E%D7%A2%D7%A9%D7%99-%D7%9C%D7%91%D7%97%D7%99%D7%A8%D7%AA-%D7%97%D7%91%D7%A8%D7%94-%D7%90%D7%95-%D7%99%D7%96%D7%9D-%D7%9C%D7%94%D7%AA%D7%97%D7%93%D7%A9%D7%95%D7%AA-%D7%A2%D7%99%D7%A8%D7%95%D7%A0%D7%99%D7%AA/","https://jus-tice.co.il/urban-renewal-guide-practical-company-2025/",301
"http://jus-tice.co.il/%D7%A2%D7%95%D7%A8%D7%9B%D7%99-%D7%93%D7%99%D7%9F-%D7%9E%D7%95%D7%91%D7%99%D7%9C%D7%99%D7%9D-%D7%91%D7%AA%D7%97%D7%95%D7%9D-%D7%A8%D7%A9%D7%9C%D7%A0%D7%95%D7%AA-%D7%A8%D7%A4%D7%95%D7%90%D7%99%D7%AA-%D7%91%D7%A2%D7%95%D7%9C%D7%9D/","https://jus-tice.co.il/medical-malpractice-lawyers-law-medical-israel/",301
"http://jus-tice.co.il/articles/%D7%A2%D7%95%D7%A8%D7%9A-%D7%93%D7%99%D7%9F-%D7%9C%D7%A2%D7%91%D7%99%D7%A8%D7%95%D7%AA-%D7%A9%D7%95%D7%A7-%D7%94%D7%94%D7%95%D7%9F/","https://jus-tice.co.il/lawyer-capital-market-offenses/",301
"http://jus-tice.co.il/%D7%94%D7%9C%D7%99%D7%9A-%D7%94%D7%9E%D7%A2%D7%A6%D7%A8-%D7%9B%D7%9E%D7%94-%D7%A2%D7%95%D7%9C%D7%94-%D7%A2%D7%95%D7%A8%D7%9A-%D7%93%D7%99%D7%9F-%D7%9E%D7%A2%D7%A6%D7%A8%D7%99%D7%9D-%D7%9E%D7%97%D7%99%D7%A8%D7%95%D7%9F-%D7%A2%D7%95%D7%93-%D7%A4%D7%9C%D7%99%D7%9C%D7%99/","https://jus-tice.co.il/criminal-offenses-lawyer-criminal-sentencing-process-arrest/",301
"http://jus-tice.co.il/%D7%9E%D7%97%D7%99%D7%A8%D7%95%D7%9F-%D7%A9%D7%99%D7%A8%D7%95%D7%AA%D7%99-%D7%A2%D7%95%D7%A8%D7%9A-%D7%93%D7%99%D7%9F-%D7%A0%D7%93%D7%9C%D7%9F/","https://jus-tice.co.il/lawyer-price-list-real-estate-2025/",301
"http://jus-tice.co.il/%D7%A2%D7%A1%D7%A7%D7%90%D7%95%D7%AA-%D7%A0%D7%93%D7%9C%D7%9F-%D7%9E%D7%95%D7%A8%D7%9B%D7%91%D7%95%D7%AA/","https://jus-tice.co.il/real-estate-deals-lawyer-real-estate/",301
"http://jus-tice.co.il/%D7%94%D7%9E%D7%93%D7%A8%D7%99%D7%9A-%D7%94%D7%9E%D7%9C%D7%90-%D7%9C%D7%A6%D7%95%D7%95%D7%90%D7%95%D7%AA/","https://jus-tice.co.il/guide-complete-wills-updated-2025/",301
"http://jus-tice.co.il/%D7%9E%D7%93%D7%A8%D7%99%D7%9A-%D7%A2%D7%93%D7%9B%D7%A0%D7%99-%D7%9C%D7%94%D7%A1%D7%9B%D7%9D-%D7%9E%D7%9E%D7%95%D7%9F/","https://jus-tice.co.il/prenuptial-agreement-israel-guide-comprehensive-2025/",301
"http://jus-tice.co.il/%D7%90%D7%99%D7%A4%D7%94-%D7%94%D7%9B%D7%99-%D7%9E%D7%A9%D7%AA%D7%9C%D7%9D-%D7%9C%D7%9E%D7%A9%D7%A7%D7%99%D7%A2-%D7%94%D7%99%D7%A9%D7%A8%D7%90%D7%9C%D7%99-%D7%9C%D7%A7%D7%A0%D7%95%D7%AA-%D7%93%D7%99%D7%A8%D7%94-%D7%91%D7%A2%D7%95%D7%9C%D7%9D/","https://jus-tice.co.il/guide-israeli-apartment-2025/",301
"http://jus-tice.co.il/%D7%91%D7%92%D7%A5-%D7%94%D7%91%D7%95%D7%92%D7%93%D7%AA/","https://jus-tice.co.il/article-12007/",301
"http://jus-tice.co.il/%D7%91%D7%92%D7%A5-5988/21-%D7%A1%D7%9E%D7%9B%D7%95%D7%AA-%D7%91%D7%AA%D7%99-%D7%94%D7%93%D7%99%D7%9F-%D7%94%D7%A8%D7%91%D7%A0%D7%99%D7%99%D7%9D-%D7%91%D7%9E%D7%96%D7%95%D7%A0%D7%95%D7%AA-%D7%99%D7%9C%D7%93%D7%99%D7%9D/","https://jus-tice.co.il/rabbinical-courts-child-support-jurisdiction-5988-21/",301
"http://jus-tice.co.il/%D7%AA%D7%A4%D7%A7%D7%99%D7%93%D7%9D-%D7%A9%D7%9C-%D7%A2%D7%95%D7%A8%D7%9B%D7%99-%D7%93%D7%99%D7%9F-%D7%91%D7%AA%D7%97%D7%95%D7%9D-%D7%94%D7%A1%D7%99%D7%99%D7%91%D7%A8/","https://jus-tice.co.il/lawyers-cyber/",301
"http://jus-tice.co.il/%D7%90%D7%99%D7%A4%D7%94-%D7%9B%D7%93%D7%90%D7%99-%D7%9C%D7%94%D7%A9%D7%A7%D7%99%D7%A2-%D7%A0%D7%93%D7%9C%D7%9F-%D7%91%D7%93%D7%95%D7%91%D7%90%D7%99/","https://jus-tice.co.il/real-estate-dubai-2025/",301
"http://jus-tice.co.il/%D7%90%D7%99%D7%9A-%D7%9C%D7%A7%D7%A0%D7%95%D7%AA-%D7%A0%D7%93%D7%9C%D7%9F-%D7%91%D7%96%D7%95%D7%9C-%D7%95%D7%9C%D7%94%D7%A8%D7%95%D7%95%D7%99%D7%97/","https://jus-tice.co.il/real-estate-guide-complete-2025/",301
"http://jus-tice.co.il/%D7%9E%D7%94%D7%95-%D7%99%D7%95%D7%A2%D7%A5-%D7%A0%D7%93%D7%9C%D7%9F/","https://jus-tice.co.il/consultant-real-estate-guide-comprehensive/",301
"http://jus-tice.co.il/%D7%94%D7%90%D7%9D-%D7%9B%D7%93%D7%90%D7%99-%D7%9C%D7%A2%D7%91%D7%95%D7%93-%D7%A2%D7%9D-%D7%99%D7%95%D7%A2%D7%A5-%D7%A0%D7%93%D7%9C%D7%9F/","https://jus-tice.co.il/consultant-real-estate/",301
"http://jus-tice.co.il/%D7%9E%D7%A7%D7%A8%D7%99-%D7%A8%D7%A9%D7%9C%D7%A0%D7%95%D7%AA-%D7%A8%D7%A4%D7%95%D7%90%D7%99%D7%AA-%D7%91%D7%9C%D7%99%D7%93%D7%94-%D7%95%D7%98%D7%99%D7%A4%D7%95%D7%9C-%D7%9E%D7%A9%D7%A4%D7%98%D7%99/","https://jus-tice.co.il/medical-malpractice-lawyer-birth-representation/",301
"http://jus-tice.co.il/%D7%94%D7%9E%D7%93%D7%A8%D7%99%D7%9A-%D7%94%D7%9E%D7%9C%D7%90-%D7%9C%D7%A7%D7%A0%D7%99%D7%99%D7%94-%D7%94%D7%A9%D7%9B%D7%A8%D7%94-%D7%95-airbnb-%D7%91%D7%97%D7%95%D7%9C/","https://jus-tice.co.il/real-estate-israelis-guide-complete-rental-2025/",301
"http://jus-tice.co.il/%D7%A8%D7%9B%D7%99%D7%A9%D7%AA-%D7%A0%D7%93%D7%9C%D7%9F-%D7%91%D7%9E%D7%A0%D7%94%D7%98%D7%9F-%D7%9E%D7%94-%D7%97%D7%95%D7%91%D7%94-%D7%9C%D7%91%D7%93%D7%95%D7%A7-%D7%9C%D7%A4%D7%A0%D7%99-%D7%91%D7%99%D7%A6%D7%95%D7%A2-%D7%A2%D7%A1%D7%A7%D7%94/","https://jus-tice.co.il/property-purchase-guide-manhattan-2025/",301
"http://jus-tice.co.il/%D7%94%D7%A9%D7%A7%D7%A2%D7%95%D7%AA-%D7%A0%D7%93%D7%9C%D7%9F-%D7%91%D7%A0%D7%99%D7%95-%D7%99%D7%95%D7%A8%D7%A7-%D7%9E%D7%91%D7%98-%D7%9E%D7%95%D7%A8%D7%97%D7%91-%D7%9C%D7%9E%D7%A9%D7%A7%D7%99%D7%A2%D7%99%D7%9D-%D7%99%D7%A9%D7%A8%D7%90%D7%9C%D7%99%D7%9D/","https://jus-tice.co.il/real-estate-investment-new-york-surgery-manhattan/",301
"http://jus-tice.co.il/%D7%9E%D7%94-%D7%AA%D7%A4%D7%A7%D7%99%D7%93%D7%95-%D7%A9%D7%9C-%D7%A2%D7%95%D7%A8%D7%9A-%D7%93%D7%99%D7%9F-%D7%A0%D7%93%D7%9C%D7%9F-%D7%95%D7%A2%D7%9C%D7%95%D7%99%D7%95%D7%AA%D7%99%D7%95/","https://jus-tice.co.il/lawyer-real-estate-costs-2025/",301
"http://jus-tice.co.il/%D7%90%D7%99%D7%9A-%D7%9C%D7%94%D7%AA%D7%92%D7%A8%D7%A9-%D7%A0%D7%9B%D7%95%D7%9F-%D7%95%D7%9E%D7%94%D7%A8/","https://jus-tice.co.il/lawyer-divorce-rights/",301
"http://jus-tice.co.il/%D7%94%D7%A9%D7%95%D7%95%D7%90%D7%AA-%D7%A9%D7%95%D7%A7-%D7%94%D7%A0%D7%93%D7%9C%D7%9F-%D7%A7%D7%A4%D7%A8%D7%99%D7%A1%D7%99%D7%9F-%D7%9E%D7%95%D7%9C-%D7%99%D7%95%D7%95%D7%9F/","https://jus-tice.co.il/real-estate-market-greece-cyprus/",301
"http://jus-tice.co.il/%D7%91%D7%A0%D7%99%D7%99%D7%94-%D7%99%D7%A8%D7%95%D7%A7%D7%94-%D7%AA%D7%9B%D7%A0%D7%95%D7%9F-%D7%A2%D7%99%D7%A8%D7%95%D7%A0%D7%99-%D7%95%D7%A4%D7%A8%D7%95%D7%99%D7%A7%D7%98%D7%99%D7%9D-%D7%90%D7%A0%D7%A8%D7%92%D7%98%D7%99%D7%99%D7%9D-%D7%91%D7%99%D7%95%D7%95%D7%9F/","https://jus-tice.co.il/urban-planning-greece-review-israelis-2025/",301
"http://jus-tice.co.il/%D7%A9%D7%95%D7%A7-%D7%94%D7%A0%D7%93%D7%9C%D7%9F-%D7%91%D7%A7%D7%A4%D7%A8%D7%99%D7%A1%D7%99%D7%9F/","https://jus-tice.co.il/real-estate-market-review-cyprus-guide-israelis-2025/",301
"http://jus-tice.co.il/%D7%9E%D7%97%D7%99%D7%A8%D7%95%D7%9F-%D7%9E%D7%95%D7%9E%D7%9C%D7%A5-%D7%A2%D7%95%D7%A8%D7%9A-%D7%93%D7%99%D7%9F-%D7%A4%D7%9C%D7%99%D7%9C%D7%99/","https://jus-tice.co.il/criminal-law-price-list-lawyer-recommended-review-costs/",301
"http://jus-tice.co.il/%D7%A2%D7%95%D7%A8%D7%9A-%D7%93%D7%99%D7%9F-%D7%A8%D7%A9%D7%9C%D7%A0%D7%95%D7%AA-%D7%A8%D7%A4%D7%95%D7%90%D7%99%D7%AA-%D7%91%D7%9C%D7%99%D7%93%D7%94-%D7%9E%D7%95%D7%9E%D7%9C%D7%A5/","https://jus-tice.co.il/medical-malpractice-lawyer-birth-recommended/",301
"http://jus-tice.co.il/%D7%A2%D7%95%D7%A8%D7%9A-%D7%93%D7%99%D7%9F-%D7%9C%D7%A2%D7%A0%D7%99%D7%99%D7%A0%D7%99-%D7%92%D7%99%D7%A8%D7%95%D7%A9%D7%99%D7%9F/","https://jus-tice.co.il/lawyer-divorce-guide-proceedings-costs-rights/",301
"http://jus-tice.co.il/%D7%9E%D7%97%D7%A9%D7%91%D7%95%D7%9F-%D7%93%D7%9E%D7%99-%D7%91%D7%99%D7%98%D7%95%D7%97-%D7%9C%D7%90%D7%95%D7%9E%D7%99-%D7%95%D7%91%D7%A8%D7%99%D7%90%D7%95%D7%AA/","https://jus-tice.co.il/national-insurance-calculator/",301
"http://jus-tice.co.il/articles/%D7%9E%D7%93%D7%A8%D7%99%D7%9A-2025-%D7%9E%D7%94-%D7%97%D7%A9%D7%95%D7%91-%D7%9C%D7%9B%D7%9C%D7%95%D7%9C-%D7%91%D7%97%D7%95%D7%96%D7%94-%D7%9E%D7%95%D7%9C-%D7%A7%D7%91%D7%9C%D7%9F-%D7%91%D7%A8%D7%9B/","https://jus-tice.co.il/apartment-purchase-guide-contract-contractor-2025/",301
"http://jus-tice.co.il/articles/%D7%90%D7%99%D7%9A-%D7%9C%D7%91%D7%97%D7%95%D7%A8-%D7%90%D7%AA-%D7%94%D7%A0%D7%9B%D7%A1-%D7%94%D7%9E%D7%95%D7%A9%D7%9C%D7%9D-%D7%9E%D7%93%D7%A8%D7%99%D7%9A-%D7%9E%D7%A4%D7%95%D7%A8%D7%98-%D7%9C%D7%A7/","https://jus-tice.co.il/property-guide-real-estate-israel-2025/",301
"http://jus-tice.co.il/articles/10-%D7%A0%D7%95%D7%A9%D7%90%D7%99%D7%9D-%D7%A7%D7%A8%D7%99%D7%98%D7%99%D7%99%D7%9D-%D7%A9%D7%97%D7%99%D7%99%D7%91%D7%99%D7%9D-%D7%9C%D7%91%D7%93%D7%95%D7%A7-%D7%9C%D7%A4%D7%A0%D7%99-%D7%A7%D7%A0%D7%99/","https://jus-tice.co.il/house-israel-10-2025/",301
"http://jus-tice.co.il/articles/%D7%90%D7%99%D7%A4%D7%94-%D7%94%D7%9B%D7%99-%D7%9E%D7%A9%D7%AA%D7%9C%D7%9D-%D7%9C%D7%99%D7%A9%D7%A8%D7%90%D7%9C%D7%99%D7%9D-%D7%9C%D7%A7%D7%A0%D7%95%D7%AA-%D7%A0%D7%93%D7%9C%D7%9F-%D7%91%D7%A2%D7%95/","https://jus-tice.co.il/israelis-real-estate/",301
"http://jus-tice.co.il/articles/%D7%A8%D7%9B%D7%99%D7%A9%D7%AA-%D7%A0%D7%93%D7%9C%D7%9F-2025-%D7%9B%D7%9C-%D7%9E%D7%94-%D7%A9%D7%A6%D7%A8%D7%99%D7%9A-%D7%9C%D7%93%D7%A2%D7%AA/","https://jus-tice.co.il/property-purchase-2025/",301
"http://jus-tice.co.il/articles/%D7%90%D7%99%D7%9A-%D7%9C%D7%91%D7%97%D7%95%D7%A8-%D7%9E%D7%A9%D7%A8%D7%93-%D7%A2%D7%95%D7%A8%D7%9A-%D7%93%D7%99%D7%9F-%D7%92%D7%99%D7%A8%D7%95%D7%A9%D7%99%D7%9F-%D7%9B%D7%A9%D7%9E%D7%AA%D7%92%D7%A8/","https://jus-tice.co.il/lawyer-divorce/",301
"http://jus-tice.co.il/articles/%D7%A2%D7%95%D7%A8%D7%9A-%D7%93%D7%99%D7%9F-%D7%9E%D7%95%D7%9E%D7%9C%D7%A5-%D7%93%D7%99%D7%A0%D7%99-%D7%9E%D7%A9%D7%A4%D7%97%D7%94-%D7%95%D7%92%D7%99%D7%A8%D7%95%D7%A9%D7%99%D7%9F-%D7%A4%D7%99%D7%A8/","https://jus-tice.co.il/family-law-lawyer-recommended-divorce-wills-inheritances/",301
"http://jus-tice.co.il/articles/%D7%9E%D7%A2%D7%9E%D7%93%D7%95-%D7%A9%D7%9C-%D7%97%D7%A9%D7%91%D7%95%D7%9F-%D7%91%D7%A0%D7%A7-%D7%94%D7%A8%D7%A9%D7%95%D7%9D-%D7%A2%D7%A9-%D7%91%D7%A0%D7%99-%D7%94%D7%96%D7%95%D7%92-1381290-2/","https://jus-tice.co.il/jerusalem-rabbinical-court-account-bank-1381290-2/",301
"http://jus-tice.co.il/articles/%D7%A2%D7%95%D7%95%D7%9C%D7%94-%D7%A0%D7%96%D7%A7-%D7%95%D7%A4%D7%99%D7%A6%D7%95%D7%99-%D7%93%D7%99%D7%A0%D7%99-%D7%94%D7%A0%D7%96%D7%99%D7%A7%D7%99%D7%9F-%D7%95%D7%A8%D7%A9%D7%9C%D7%A0%D7%95/","https://jus-tice.co.il/damage-compensation-laws-torts/",301
"http://jus-tice.co.il/articles/%D7%9E%D7%A9%D7%A8%D7%93-%D7%A2%D7%95%D7%A8%D7%9B%D7%99-%D7%93%D7%99%D7%9F-%D7%93%D7%A8-%D7%90%D7%A1%D7%A3-%D7%A4%D7%95%D7%96%D7%A0%D7%A8/","https://jus-tice.co.il/law-firm/",301
"http://jus-tice.co.il/articles/%D7%93%D7%A8-%D7%92%D7%93%D7%A2%D7%95%D7%9F-%D7%A4%D7%99%D7%A9%D7%A8-%D7%95%D7%A9%D7%95%D7%AA-%D7%9E%D7%A9%D7%A8%D7%93-%D7%A2%D7%95%D7%A8%D7%9B%D7%99-%D7%93%D7%99%D7%9F/","https://jus-tice.co.il/law-firm-11566/",301
"http://jus-tice.co.il/articles/%D7%90%D7%9C%D7%9E%D7%95%D7%92-%D7%A9%D7%A4%D7%99%D7%A8%D7%90-%D7%97%D7%91%D7%A8%D7%AA-%D7%A2%D7%95%D7%A8%D7%9B%D7%99-%D7%93%D7%99%D7%9F/","https://jus-tice.co.il/lawyers-company/",301
"http://jus-tice.co.il/articles/%D7%90%D7%99%D7%AA%D7%9F-%D7%94%D7%90%D7%96%D7%A8%D7%97%D7%99-%D7%95%D7%A9%D7%95%D7%AA-%D7%9E%D7%A9%D7%A8%D7%93-%D7%A2%D7%95%D7%A8%D7%9B%D7%99-%D7%93%D7%99%D7%9F/","https://jus-tice.co.il/law-firm-civil/",301
"http://jus-tice.co.il/personal-injury/medical-malpractice/surgery/","https://jus-tice.co.il/medical-malpractice-lawyer-lawsuit-surgery-medical/",301
"http://jus-tice.co.il/articles/%D7%93%D7%99%D7%95%D7%95%D7%99%D7%93-%D7%A6%D7%A1%D7%A0%D7%95%D7%A3-%D7%A2%D7%95%D7%A8%D7%9A-%D7%93%D7%99%D7%9F-david-chesnoff/","https://jus-tice.co.il/lawyer-david-chesnoff/",301
"http://jus-tice.co.il/garrigues_law_firm/","https://jus-tice.co.il/law-firm-garrigues/",301
"http://jus-tice.co.il/%D7%A2%D7%9E-49933-03-20/","https://jus-tice.co.il/verdict-judge-tax-property-technology-49933-03-20/",301
"http://jus-tice.co.il/%D7%9E%D7%A9%D7%A8%D7%93-%D7%A2%D7%95%D7%A8%D7%9B%D7%99-%D7%93%D7%99%D7%9F-%D7%93%D7%99%D7%A0%D7%99-%D7%9E%D7%A9%D7%A4%D7%97%D7%94-%D7%91%D7%A9%D7%95%D7%AA%D7%A4%D7%95%D7%AA/","https://jus-tice.co.il/law-firm-family-law-partnership/",301
"http://jus-tice.co.il/%D7%A7%D7%A0%D7%99%D7%99%D7%AA-%D7%93%D7%99%D7%A8%D7%94-%D7%91%D7%97%D7%9C%D7%A7%D7%99%D7%9D-%D7%A9%D7%90%D7%99%D7%A0%D7%9D-%D7%A9%D7%95%D7%95%D7%99%D7%9D-%D7%9B%D7%99%D7%A6%D7%93-%D7%97%D7%95%D7%9C%D7%A7%D7%99%D7%9D-%D7%90%D7%AA-%D7%94%D7%A8%D7%95%D7%95%D7%97/","https://jus-tice.co.il/buying-apartment/",301
"http://jus-tice.co.il/legal_informaticsartificial_intelligence/","https://jus-tice.co.il/artificial-intelligence-ai/",301
"http://jus-tice.co.il/foreign_legal_opinion/","https://jus-tice.co.il/legal-opinion-foreign-law-expert/",301
"http://jus-tice.co.il/legal_defense_fund/","https://jus-tice.co.il/article-10820/",301
"http://jus-tice.co.il/legal_financing/","https://jus-tice.co.il/loan-lawsuit-representation/",301
"http://jus-tice.co.il/healthcare_in_portugal/","https://jus-tice.co.il/portugal-medicine/",301
"http://jus-tice.co.il/access_to_healthcare_for_migrants_in_portugal/","https://jus-tice.co.il/israelis-portugal/",301
"http://jus-tice.co.il/ministry_of_finance_portugal/","https://jus-tice.co.il/portugal-10704/",301
"http://jus-tice.co.il/articles/%D7%91%D7%A0%D7%A7%D7%95-%D7%93%D7%94-%D7%A4%D7%95%D7%A8%D7%98%D7%95%D7%92%D7%9C-%D7%91%D7%A0%D7%A7-%D7%A8%D7%90%D7%A9%D7%99-%D7%A4%D7%95%D7%A8%D7%98%D7%95%D7%92%D7%9C/","https://jus-tice.co.il/portugal-bank/",301
"http://jus-tice.co.il/%D7%91%D7%92%D7%99%D7%93%D7%94/","https://jus-tice.co.il/lawyer-infidelity-divorce/",301
"http://jus-tice.co.il/%D7%AA%D7%91%D7%99%D7%A2%D7%AA-%D7%9B%D7%AA%D7%95%D7%91%D7%94-%D7%A9%D7%9C-%D7%94%D7%AA%D7%95%D7%91%D7%A2%D7%AA-%D7%94%D7%90%D7%99%D7%A9%D7%94-%D7%A2%D7%9C-%D7%A1%D7%9A-1000000-%D7%A9%D7%97/","https://jus-tice.co.il/divorce-lawsuit-ketubah-2023-1-000/",301
"http://jus-tice.co.il/%D7%97%D7%AA%D7%99%D7%9E%D7%94-%D7%A2%D7%9C-%D7%A8%D7%A9%D7%99%D7%9E%D7%AA-%D7%9C%D7%99%D7%A7%D7%95%D7%99%D7%99%D7%9D/","https://jus-tice.co.il/contractor-house/",301
"http://jus-tice.co.il/%D7%90%D7%99%D7%9A-%D7%9C%D7%9E%D7%A6%D7%95%D7%90-%D7%A1%D7%95%D7%9B%D7%9F-%D7%A0%D7%93%D7%9C%D7%9F-%D7%98%D7%95%D7%91/","https://jus-tice.co.il/broker-apartments-real-estate/",301
"http://jus-tice.co.il/%D7%91%D7%95%D7%92%D7%A8-%D7%9C%D7%99%D7%9E%D7%95%D7%93%D7%99-%D7%A0%D7%93%D7%9C%D7%9F-%D7%91%D7%90%D7%A8%D7%94%D7%91/","https://jus-tice.co.il/real-estate/",301
"http://jus-tice.co.il/articles/%D7%9E%D7%93%D7%A8%D7%99%D7%9A-%D7%9E%D7%A7%D7%99%D7%A3-%D7%9C%D7%A7%D7%A0%D7%99%D7%99%D7%AA-%D7%93%D7%99%D7%A8%D7%94-%D7%A8%D7%90%D7%A9%D7%95%D7%A0%D7%94/","https://jus-tice.co.il/buying-apartment-guide-comprehensive/",301
"http://jus-tice.co.il/%D7%9E%D7%93%D7%A8%D7%99%D7%9A-%D7%9E%D7%A7%D7%99%D7%A3-%D7%9C%D7%AA%D7%94%D7%9C%D7%99%D7%9A-%D7%A8%D7%9B%D7%99%D7%A9%D7%AA-%D7%93%D7%99%D7%A8%D7%94/","https://jus-tice.co.il/apartment-purchase-guide-comprehensive/",301
"http://jus-tice.co.il/%D7%97%D7%95%D7%A7-%D7%9E%D7%99%D7%A1%D7%95%D7%99-%D7%A0%D7%93%D7%9C%D7%9F-%D7%99%D7%95%D7%95%D7%9F-%D7%97%D7%95%D7%A7-%D7%9E%D7%A1-4223/","https://jus-tice.co.il/law-taxation-real-estate-greece-tax-ownership/",301
"http://jus-tice.co.il/israeli_land_and_property_laws/","https://jus-tice.co.il/lawyer-real-estate-laws-land-israel/",301
"http://jus-tice.co.il/%D7%A2%D7%95%D7%A8%D7%9A-%D7%93%D7%99%D7%9F-%D7%A6%D7%95%D7%95%D7%90%D7%95%D7%AA-%D7%95%D7%99%D7%A8%D7%95%D7%A9%D7%95%D7%AA/","https://jus-tice.co.il/lawyer-wills-inheritances/",301
"http://jus-tice.co.il/%D7%91%D7%99%D7%98%D7%95%D7%9C-%D7%94%D7%A1%D7%9B%D7%9D-%D7%9E%D7%99%D7%96%D7%95%D7%92-%D7%AA%D7%90-4528-01-16/","https://jus-tice.co.il/verdict-judge-lawsuit-cancellation-agreement-4528-01-16/",301
"http://jus-tice.co.il/%D7%90%D7%99%D7%9E%D7%95%D7%AA-%D7%97%D7%AA%D7%99%D7%9E%D7%94-%D7%A0%D7%95%D7%98%D7%A8%D7%99%D7%95%D7%9F-%D7%9E%D7%A9%D7%95%D7%9C%D7%91-%D7%A2%D7%91%D7%A8%D7%99%D7%AA-%D7%90%D7%A0%D7%92%D7%9C%D7%99%D7%AA/","https://jus-tice.co.il/signature-notary/",301
"http://jus-tice.co.il/%D7%AA%D7%A2%D7%95%D7%93%D7%AA-%D7%A8%D7%95%D7%A4%D7%90-%D7%90%D7%99%D7%A9%D7%95%D7%A8-%D7%A0%D7%95%D7%98%D7%A8%D7%99%D7%95%D7%A0%D7%99/","https://jus-tice.co.il/approval-notarial/",301
"http://jus-tice.co.il/%D7%94%D7%AA%D7%99%D7%99%D7%A9%D7%A0%D7%95%D7%AA-%D7%A8%D7%A9%D7%9C%D7%A0%D7%95%D7%AA-%D7%A8%D7%A4%D7%95%D7%90%D7%99%D7%AA-%D7%AA%D7%90-4392-03-23/","https://jus-tice.co.il/medical-malpractice-judge-decision-lawsuit-4392-03-23/",301
"http://jus-tice.co.il/%D7%92%D7%99%D7%A8%D7%95%D7%A9%D7%99%D7%9F-%D7%91%D7%91%D7%9C%D7%92%D7%99%D7%94/","https://jus-tice.co.il/divorce-belgium/",301
"http://jus-tice.co.il/%D7%93%D7%99%D7%A0%D7%99-%D7%9E%D7%A9%D7%A4%D7%97%D7%94-%D7%90%D7%95%D7%A1%D7%98%D7%A8%D7%9C%D7%99%D7%94/","https://jus-tice.co.il/family-law-australia/",301
"http://jus-tice.co.il/%D7%92%D7%99%D7%A8%D7%95%D7%A9%D7%99%D7%9F-%D7%91%D7%90%D7%A8%D7%A6%D7%95%D7%AA-%D7%94%D7%91%D7%A8%D7%99%D7%AA/","https://jus-tice.co.il/united-states-divorce/",301
"http://jus-tice.co.il/%D7%A4%D7%9C%D7%99%D7%9C%D7%99-%D7%A4%D7%95%D7%A8%D7%A0%D7%95%D7%92%D7%A8%D7%A4%D7%99%D7%99%D7%AA-%D7%99%D7%9C%D7%93%D7%99%D7%9D/","https://jus-tice.co.il/criminal-law-lawyer/",301
"http://jus-tice.co.il/%D7%A2%D7%95%D7%A8%D7%9A-%D7%93%D7%99%D7%9F-%D7%90%D7%99%D7%A0%D7%98%D7%A8%D7%A4%D7%95%D7%9C/","https://jus-tice.co.il/criminal-law-counsel/",301
"http://jus-tice.co.il/articles/%D7%99%D7%AA%D7%A8%D7%95%D7%A0%D7%95%D7%AA-%D7%94%D7%A2%D7%A1%D7%A7%D7%AA-%D7%A2%D7%95%D7%A8%D7%9A-%D7%93%D7%99%D7%9F-%D7%A4%D7%9C%D7%99%D7%9C%D7%99/","https://jus-tice.co.il/criminal-law-advocate/",301
"http://jus-tice.co.il/%D7%A2%D7%95%D7%A8%D7%9A-%D7%93%D7%99%D7%9F-%D7%99%D7%95%D7%A8%D7%95%D7%A4%D7%95%D7%9C/","https://jus-tice.co.il/lawyer-europol/",301
"http://jus-tice.co.il/%D7%A6%D7%95-%D7%9E%D7%A2%D7%A6%D7%A8-%D7%90%D7%99%D7%A8%D7%95%D7%A4%D7%99/","https://jus-tice.co.il/arrest-investigation/",301
"http://jus-tice.co.il/%D7%A1%D7%99%D7%95%D7%A2-%D7%A2%D7%95%D7%93-%D7%A4%D7%9C%D7%99%D7%9C%D7%99-%D7%9C%D7%A4%D7%99-%D7%9E%D7%93%D7%99%D7%A0%D7%94/","https://jus-tice.co.il/criminal-law-representation-lawyer-law/",301
"http://jus-tice.co.il/articles/%D7%A2%D7%95%D7%A8%D7%9A-%D7%93%D7%99%D7%9F-%D7%9E%D7%A9%D7%A4%D7%98-%D7%A4%D7%9C%D7%99%D7%9C%D7%99-%D7%91%D7%99%D7%A0%D7%9C%D7%90%D7%95%D7%9E%D7%99/","https://jus-tice.co.il/criminal-law-lawyer-international/",301
"http://jus-tice.co.il/%D7%A2%D7%95%D7%A8%D7%9A-%D7%93%D7%99%D7%9F-%D7%9E%D7%A9%D7%A4%D7%98-%D7%91%D7%99%D7%A0%D7%9C%D7%90%D7%95%D7%9E%D7%99/","https://jus-tice.co.il/lawyer-international/",301
"http://jus-tice.co.il/%D7%A2%D7%95%D7%A8%D7%9A-%D7%93%D7%99%D7%9F-%D7%A6%D7%91%D7%90%D7%99/","https://jus-tice.co.il/lawyer-recommended-law-price/",301
"http://jus-tice.co.il/%D7%97%D7%95%D7%A7-%D7%94%D7%A2%D7%95%D7%A0%D7%A9%D7%99%D7%9F/","https://jus-tice.co.il/law-updated-1977-2023/",301
"http://jus-tice.co.il/%D7%90%D7%9E%D7%A0%D7%AA-%D7%94%D7%90%D7%95%D7%9E%D7%95%D7%AA-%D7%94%D7%9E%D7%90%D7%95%D7%97%D7%93%D7%95%D7%AA-%D7%A0%D7%92%D7%93-%D7%A9%D7%97%D7%99%D7%AA%D7%95%D7%AA/","https://jus-tice.co.il/article-9128/",301
"http://jus-tice.co.il/%D7%93%D7%99%D7%9C%D7%9E%D7%AA-%D7%90%D7%A1%D7%99%D7%A8-%D7%97%D7%A3-%D7%9E%D7%A4%D7%A9%D7%A2/","https://jus-tice.co.il/article-9126/",301
"http://jus-tice.co.il/%D7%9E%D7%A9%D7%A4%D7%98-%D7%94%D7%97%D7%95%D7%96%D7%A8-%D7%A9%D7%9C-%D7%A8%D7%95%D7%9E%D7%9F-%D7%96%D7%93%D7%95%D7%A8%D7%95%D7%91-%D7%AA%D7%A4%D7%97-502-07/","https://jus-tice.co.il/verdict-acquittal-law-complete-502-07/",301
"http://jus-tice.co.il/%D7%A4%D7%A1%D7%93-%D7%91%D7%A2%D7%A0%D7%99%D7%99%D7%9F-%D7%9E%D7%96%D7%95%D7%A0%D7%95%D7%AA-%D7%AA%D7%9C%D7%94%D7%9E-21976-01-20/","https://jus-tice.co.il/verdict-family-alimony-21976-01-20/",301
"http://jus-tice.co.il/%D7%93%D7%A8%D7%9B%D7%95%D7%9F-%D7%99%D7%95%D7%95%D7%A0%D7%99-%D7%94%D7%92%D7%99%D7%A8%D7%94-%D7%A8%D7%99%D7%9C%D7%95%D7%A7%D7%99%D7%99%D7%A9%D7%9F-%D7%9E%D7%92%D7%95%D7%A8%D7%99%D7%9D-%D7%9E%D7%94-%D7%94%D7%93%D7%A8%D7%99%D7%A9%D7%95%D7%AA-%D7%95%D7%94%D7%A2%D7%9C%D7%95%D7%99%D7%95%D7%AA/","https://jus-tice.co.il/passport-immigration-relocation-residence-costs/",301
"http://jus-tice.co.il/1303799/4/","https://jus-tice.co.il/rabbinical-court-property-owners/",301
"http://jus-tice.co.il/%D7%9E%D7%A0%D7%AA%D7%97-%D7%A4%D7%9C%D7%A1%D7%98%D7%99-%D7%A4%D7%A0%D7%99%D7%9D/","https://jus-tice.co.il/article-8808/",301
"http://jus-tice.co.il/1265026-5-%D7%A8%D7%91%D7%A0%D7%99-%D7%97%D7%99%D7%A4%D7%94/","https://jus-tice.co.il/rabbinical-court-haifa-ketubah-divorce-8216-1265026-5/",301
"http://jus-tice.co.il/1312042-4-%D7%91%D7%99%D7%94%D7%93-%D7%94%D7%92%D7%93%D7%95%D7%9C/","https://jus-tice.co.il/cancellation-divorce-witness-infidelity-8216/",301
"http://jus-tice.co.il/%D7%A4%D7%A1%D7%93-%D7%91%D7%A2%D7%A0%D7%99%D7%99%D7%9F-%D7%AA%D7%91%D7%99%D7%A2%D7%AA-%D7%A4%D7%99%D7%A6%D7%95%D7%99%D7%99%D7%9D-%D7%9B%D7%A0%D7%92%D7%93-%D7%A8%D7%95%D7%A4%D7%90-%D7%A9%D7%99%D7%A0%D7%99%D7%99%D7%9D-%D7%AA%D7%90-9109-12-19/","https://jus-tice.co.il/verdict-lawsuit-damages-9109-12-19/",301
"http://jus-tice.co.il/32292-3-%D7%A8%D7%91%D7%A0%D7%99-%D7%90%D7%A9%D7%93%D7%95%D7%93/","https://jus-tice.co.il/rabbinical-court-divorce-32292-3/",301
"http://jus-tice.co.il/%D7%AA%D7%A2-55971-02-20/","https://jus-tice.co.il/probate-order-verdict-judge-cancellation-55971-02-20/",301
"http://jus-tice.co.il/%D7%94%D7%92%D7%99%D7%A8%D7%94-%D7%9E%D7%99%D7%A9%D7%A8%D7%90%D7%9C-%D7%A8%D7%A9%D7%99%D7%9E%D7%AA-%D7%94%D7%9C%D7%99%D7%9B%D7%99%D7%9D/","https://jus-tice.co.il/immigration-israel-proceedings/",301
"http://jus-tice.co.il/%D7%A8%D7%A9%D7%9C%D7%A0%D7%95%D7%AA-%D7%A8%D7%A4%D7%95%D7%90%D7%99%D7%AA-%D7%91%D7%A0%D7%99%D7%AA%D7%95%D7%97/","https://jus-tice.co.il/medical-malpractice-surgery/",301
"http://jus-tice.co.il/%D7%A4%D7%A1%D7%93-%D7%AA%D7%91%D7%99%D7%A2%D7%AA-%D7%92%D7%99%D7%A8%D7%95%D7%A9%D7%99%D7%9F-%D7%95%D7%9B%D7%AA%D7%95%D7%91%D7%94-%D7%91%D7%90%D7%99%D7%A9%D7%94-%D7%A9%D7%A7%D7%99%D7%99%D7%9E%D7%94-%D7%99%D7%97%D7%A1%D7%99-%D7%90%D7%99%D7%A9%D7%95%D7%AA-%D7%A2%D7%9D-%D7%92%D7%91%D7%A8%D7%99%D7%9D-%D7%96%D7%A8%D7%99%D7%9D-%D7%91%D7%A0%D7%95%D7%9B%D7%97%D7%95%D7%AA-%D7%91%D7%A2%D7%9C%D7%94-1242579-2-%D7%91%D7%99%D7%94%D7%93-%D7%A8%D7%97%D7%95%D7%91%D7%95%D7%AA/","https://jus-tice.co.il/rabbinical-court-verdict-lawsuit-divorce-ketubah-1242579-2/",301
"http://jus-tice.co.il/%D7%A4%D7%A1%D7%93-%D7%A1%D7%99%D7%93%D7%95%D7%A8-%D7%92%D7%98-%D7%9C%D7%A4%D7%A0%D7%99-%D7%94%D7%9B%D7%A8%D7%A2%D7%94-%D7%91%D7%AA%D7%91%D7%99%D7%A2%D7%95%D7%AA-%D7%94%D7%A6%D7%93%D7%93%D7%99%D7%9D-37883-9-%D7%91%D7%99%D7%94%D7%93-%D7%90%D7%A9%D7%93%D7%95%D7%93/","https://jus-tice.co.il/rabbinical-court-verdict-get-divorce-lawsuits-37883-9/",301
"http://jus-tice.co.il/%D7%A2%D7%A8%D7%A2%D7%95%D7%A8-%D7%A2%D7%9C-%D7%A4%D7%A1%D7%99%D7%A7%D7%AA-%D7%9E%D7%93%D7%95%D7%A8-%D7%A1%D7%A4%D7%A6%D7%99%D7%A4%D7%99-%D7%95%D7%91%D7%A7%D7%A9%D7%94-%D7%9C%D7%A4%D7%99%D7%A8%D7%95%D7%A7-%D7%A9%D7%99%D7%AA%D7%95%D7%A3-1156328-6-%D7%91%D7%99%D7%94%D7%93-%D7%94%D7%92%D7%93%D7%95%D7%9C/","https://jus-tice.co.il/dissolution-partnership-rabbinical-court-appeal-request-1156328-6/",301
"http://jus-tice.co.il/%D7%AA%D7%A9%D7%9C%D7%95%D7%9D-%D7%A4%D7%A0%D7%A1%D7%99%D7%94-%D7%95%D7%9E%D7%96%D7%95%D7%A0%D7%95%D7%AA-%D7%90%D7%97%D7%A8%D7%99-%D7%94%D7%96%D7%9E%D7%9F-%D7%94%D7%A7%D7%95%D7%91%D7%A2-1156328-2-%D7%91%D7%99%D7%94%D7%93-%D7%94%D7%92%D7%93%D7%95%D7%9C/","https://jus-tice.co.il/rabbinical-court-pension-alimony-1156328-2/",301
"http://jus-tice.co.il/%D7%93%D7%97%D7%99%D7%99%D7%AA-%D7%98%D7%A2%D7%A0%D7%94-%D7%9C%D7%A4%D7%92%D7%99%D7%A2%D7%94-%D7%9E%D7%99%D7%A0%D7%99%D7%AA-%D7%95%D7%97%D7%99%D7%93%D7%95%D7%A9-%D7%A7%D7%A9%D7%A8-%D7%91%D7%99%D7%9F-%D7%90%D7%91-%D7%9C%D7%91%D7%AA%D7%95-%D7%90%D7%A3-%D7%A9%D7%9C%D7%90-%D7%91%D7%94%D7%AA%D7%90%D7%9D-%D7%9C%D7%94%D7%9E%D7%9C%D7%A6%D7%AA-%D7%A2%D7%95%D7%A1-%D7%94%D7%A8%D7%95%D7%95%D7%97%D7%94-1201062-4-%D7%91%D7%99%D7%94%D7%93-%D7%99%D7%A8%D7%95%D7%A9%D7%9C%D7%99%D7%9D/","https://jus-tice.co.il/jerusalem-rabbinical-court-claim-1201062-4/",301
"http://jus-tice.co.il/%D7%91%D7%99%D7%AA-%D7%94%D7%9E%D7%A9%D7%A4%D7%98-%D7%94%D7%A4%D7%A8%D7%98%D7%99-justicecoil/","https://jus-tice.co.il/house-justice-co-il/",301
"http://jus-tice.co.il/%D7%A2%D7%95%D7%A8%D7%9B%D7%99-%D7%93%D7%99%D7%9F-%D7%A4%D7%9C%D7%99%D7%9C%D7%99%D7%99%D7%9D-%D7%9E%D7%A4%D7%95%D7%A8%D7%A1%D7%9E%D7%99%D7%9D-%D7%91%D7%9E%D7%93%D7%99%D7%94-%D7%A1%D7%A8%D7%98%D7%99%D7%9D-%D7%95%D7%98%D7%9C%D7%95%D7%95%D7%99%D7%96%D7%99%D7%94/","https://jus-tice.co.il/lawyers-criminal/",301
"http://jus-tice.co.il/psakdin/%D7%9E%D7%94-%D7%A2%D7%95%D7%A9%D7%99%D7%9D-%D7%A2%D7%95%D7%A8%D7%9B%D7%99-%D7%93%D7%99%D7%9F-%D7%91%D7%91%D7%99%D7%AA-%D7%94%D7%9E%D7%A9%D7%A4%D7%98-%D7%95%D7%9E%D7%94%D7%9D-%D7%AA%D7%97%D7%95%D7%9E/","https://jus-tice.co.il/lawyers-lawyer-house/",301
"http://jus-tice.co.il/20-%D7%98%D7%99%D7%A4%D7%99%D7%9D-%D7%9C%D7%AA%D7%91%D7%99%D7%A2%D7%AA-%D7%A8%D7%A9%D7%9C%D7%A0%D7%95%D7%AA-%D7%A8%D7%A4%D7%95%D7%90%D7%99%D7%AA/","https://jus-tice.co.il/medical-malpractice-tips-lawsuit-20/",301
"http://jus-tice.co.il/psakdin/20-%D7%98%D7%99%D7%A4%D7%99%D7%9D-%D7%9C%D7%9E%D7%A0%D7%99%D7%A2%D7%AA-%D7%A8%D7%A9%D7%9C%D7%A0%D7%95%D7%AA-%D7%A8%D7%A4%D7%95%D7%90%D7%99%D7%AA/","https://jus-tice.co.il/medical-malpractice-tips-20/",301
"http://jus-tice.co.il/%D7%91%D7%A7%D7%A9%D7%AA-%D7%A6%D7%95-%D7%94%D7%92%D7%A0%D7%94-%D7%9C%D7%9E%D7%A0%D7%99%D7%A2%D7%AA-%D7%90%D7%9C%D7%99%D7%9E%D7%95%D7%AA-%D7%91%D7%9E%D7%A9%D7%A4%D7%97%D7%94-%D7%94%D7%98-61185-11-22/","https://jus-tice.co.il/protection-order-petition-family-61185-11-22/",301
"http://jus-tice.co.il/%D7%A4%D7%A1%D7%93-%D7%94%D7%A1%D7%93%D7%A8-%D7%A8%D7%99%D7%A9%D7%95%D7%9D-%D7%9E%D7%A7%D7%A8%D7%A7%D7%A2%D7%99%D7%9F-%D7%91%D7%A1%D7%9B%D7%A1%D7%95%D7%9A-%D7%9E%D7%A9%D7%A4%D7%97%D7%94-%D7%AA%D7%9E%D7%A9-28997-05-16/","https://jus-tice.co.il/land-registration-verdict-procedure-family-28997-05-16/",301
"http://jus-tice.co.il/%D7%9B%D7%AA%D7%91-%D7%90%D7%99%D7%A9%D7%95%D7%9D-%D7%91%D7%A7%D7%A9%D7%AA-%D7%9E%D7%A2%D7%A6%D7%A8-%D7%93%D7%A7%D7%99%D7%A8%D7%94-%D7%9E%D7%A1%D7%95%D7%9B%D7%A0%D7%95%D7%AA-%D7%92%D7%91%D7%95%D7%94%D7%94/","https://jus-tice.co.il/indictment-petition-arrest/",301
"http://jus-tice.co.il/%D7%9E%D7%A6%D7%90-%D7%A2%D7%95%D7%A8%D7%9A-%D7%93%D7%99%D7%9F-%D7%91%D7%A7%D7%A8%D7%91%D7%AA%D7%9A/","https://jus-tice.co.il/lawyer/",301
"http://jus-tice.co.il/%D7%92%D7%96%D7%93-%D7%A2%D7%95%D7%A0%D7%A9-%D7%A4%D7%9C%D7%99%D7%9C%D7%99-%D7%9C%D7%A7%D7%98%D7%99%D7%9F-%D7%9E%D7%AA%D7%97%D7%AA-%D7%9C16-%D7%A9%D7%91%D7%99%D7%A6%D7%A2-%D7%A2%D7%91%D7%99%D7%A8%D7%95%D7%AA-%D7%9E%D7%99%D7%9F-%D7%AA%D7%A4%D7%97-39000-05-21/","https://jus-tice.co.il/sex-offenses-punishment-criminal-16-39000-05-21/",301
"http://jus-tice.co.il/%D7%A7%D7%91%D7%99%D7%A2%D7%AA-%D7%9E%D7%95%D7%A2%D7%93-%D7%94%D7%A7%D7%A8%D7%A2-%D7%9C%D7%A2%D7%A0%D7%99%D7%99%D7%9F-%D7%90%D7%99%D7%96%D7%95%D7%9F-%D7%94%D7%9E%D7%A9%D7%90%D7%91%D7%99%D7%9D-%D7%91%D7%99%D7%9F-%D7%91%D7%A0%D7%99-%D7%96%D7%95%D7%92-%D7%AA%D7%9C%D7%94%D7%9E-18194-04-22/","https://jus-tice.co.il/witness-18194-04-22/",301
"http://jus-tice.co.il/%D7%9E%D7%90%D7%A1%D7%A8-%D7%91%D7%92%D7%99%D7%9F-%D7%94%D7%98%D7%A8%D7%93%D7%94-%D7%9E%D7%99%D7%A0%D7%99%D7%AA-%D7%95%D7%94%D7%AA%D7%A0%D7%9B%D7%9C%D7%95%D7%AA-%D7%91%D7%90%D7%9E%D7%A6%D7%A2%D7%95%D7%AA-%D7%A8%D7%A9%D7%AA-%D7%94%D7%98%D7%9C%D7%92%D7%A8%D7%9D-%D7%AA%D7%A4-43967-07-20/","https://jus-tice.co.il/43967-07-20/",301
"http://jus-tice.co.il/%D7%A2%D7%9E%D7%A9-61566-03-22/","https://jus-tice.co.il/verdict-apartment-61566-03-22/",301
"http://jus-tice.co.il/%D7%AA%D7%90-79092-12-20-%D7%A8%D7%A9%D7%9C%D7%A0%D7%95%D7%AA-%D7%A8%D7%A4%D7%95%D7%90%D7%99%D7%AA/","https://jus-tice.co.il/medical-malpractice-personal-injury-verdict-lawsuit-claim-79092-12-20/",301
"http://jus-tice.co.il/%D7%9E%D7%93%D7%99%D7%A0%D7%AA-%D7%99%D7%A9%D7%A8%D7%90%D7%9C-%D7%A0-%D7%A7%D7%A8%D7%A4%D7%9C/","https://jus-tice.co.il/defendant-offense-60221-07-21/",301
"http://jus-tice.co.il/articles/%D7%91%D7%92%D7%A6-%D7%93%D7%A8%D7%A2%D7%99-2023-%D7%AA%D7%99%D7%A7%D7%95%D7%9F-%D7%97%D7%95%D7%A7-%D7%99%D7%A1%D7%95%D7%93-%D7%94%D7%9E%D7%9E%D7%A9%D7%9C%D7%94-%D7%95%D7%9E%D7%99%D7%A0%D7%95%D7%99%D7%95-%D7%A9%D7%9C-%D7%94%D7%97%D7%9B-%D7%90%D7%A8%D7%99%D7%94-%D7%93%D7%A8%D7%A2%D7%99-%D7%9C%D7%A9%D7%A8-%D7%91%D7%9E%D7%9E%D7%A9%D7%9C%D7%94-%D7%94-37-%D7%91%D7%92%D7%A5-8948-322/","https://jus-tice.co.il/law-2023-37-8948-3-22/",301
"http://jus-tice.co.il/articles/%D7%91%D7%99%D7%98%D7%95%D7%9C-%D7%99%D7%99%D7%A4%D7%95%D7%99-%D7%9B%D7%95%D7%97-%D7%9E%D7%AA%D7%9E%D7%A9%D7%9A-%D7%94%D7%97%D7%9C%D7%98%D7%94-%D7%91%D7%91%D7%A7%D7%A9%D7%94-%D7%9C%D7%A0%D7%A7/","https://jus-tice.co.il/durable-power-of-attorney-cancellation-decision-request-34123-11-22/",301
"http://jus-tice.co.il/%D7%A4%D7%A1%D7%A7-%D7%93%D7%99%D7%9F-%D7%94%D7%A6%D7%94%D7%A8%D7%AA%D7%99-%D7%91%D7%A0%D7%95%D7%92%D7%A2-%D7%9C%D7%9E%D7%97%D7%A6%D7%99%D7%AA-%D7%9E%D7%94%D7%96%D7%9B%D7%95%D7%99%D7%95%D7%AA-%D7%91%D7%91%D7%99%D7%AA-%D7%95%D7%91%D7%A7%D7%A8%D7%A7%D7%A2-%D7%AA%D7%9E%D7%A9-35298-10-19/","https://jus-tice.co.il/verdict-rights-house-land-35298-10-19/",301
"http://jus-tice.co.il/%D7%A4%D7%A1%D7%93-%D7%91%D7%AA%D7%91%D7%99%D7%A2%D7%94-%D7%91%D7%99%D7%9F-%D7%90%D7%97%D7%99%D7%9D-%D7%A2%D7%9C-%D7%A8%D7%A7%D7%A2-%D7%A2%D7%96%D7%91%D7%95%D7%9F-%D7%90%D7%9E%D7%9D-%D7%AA%D7%9E%D7%A9-12532-05-20/","https://jus-tice.co.il/verdict-lawsuit-12532-05-20/",301
"http://jus-tice.co.il/%D7%A4%D7%A1%D7%93-%D7%91%D7%91%D7%A7%D7%A9%D7%AA-%D7%90%D7%91-%D7%9C%D7%94%D7%A4%D7%97%D7%AA%D7%AA-%D7%9E%D7%96%D7%95%D7%A0%D7%95%D7%AA-%D7%91%D7%98%D7%A2%D7%A0%D7%94-%D7%A9%D7%9C-%D7%A9%D7%99%D7%A0%D7%95%D7%99-%D7%A0%D7%A1%D7%99%D7%91%D7%95%D7%AA-%D7%AA%D7%9C%D7%94%D7%9E-35493-10-19/","https://jus-tice.co.il/verdict-petition-alimony-claim-35493-10-19/",301
"http://jus-tice.co.il/%D7%AA%D7%91%D7%99%D7%A2%D7%94-%D7%A9%D7%9C-%D7%90%D7%99%D7%A9%D7%94-%D7%9C%D7%A7%D7%91%D7%9C-%D7%A4%D7%99%D7%A6%D7%95%D7%99%D7%99%D7%9D-%D7%9E%D7%91%D7%9F-%D7%96%D7%95%D7%92%D7%94-%D7%9C%D7%A9%D7%A2%D7%91%D7%A8-%D7%91%D7%A9%D7%9C-%D7%AA%D7%99%D7%A2%D7%95%D7%93-%D7%90%D7%99%D7%A0%D7%98%D7%99%D7%9E%D7%99-%D7%91%D7%90%D7%9E%D7%A6%D7%A2%D7%95%D7%AA-%D7%9E%D7%A6%D7%9C%D7%9E%D7%95%D7%AA-%D7%A9%D7%94%D7%AA%D7%A7%D7%99%D7%9F-%D7%91%D7%93%D7%99%D7%A8%D7%AA%D7%94-%D7%AA%D7%9C%D7%94%D7%9E-47127-07-21/","https://jus-tice.co.il/lawsuit-damages-47127-07-21/",301
"http://jus-tice.co.il/%D7%A4%D7%A1%D7%93-%D7%91%D7%AA%D7%95%D7%91%D7%A2%D7%A0%D7%95%D7%AA-%D7%91%D7%92%D7%99%D7%9F-%D7%9C%D7%A9%D7%95%D7%9F-%D7%94%D7%A8%D7%A2-%D7%AA%D7%91%D7%99%D7%A2%D7%94-%D7%9C%D7%94%D7%A9%D7%91%D7%94-%D7%95%D7%AA%D7%91%D7%99%D7%A2%D7%94-%D7%9B%D7%A1%D7%A4%D7%99%D7%AA-%D7%91%D7%99%D7%9F-%D7%91%D7%A0%D7%99-%D7%96%D7%95%D7%92-%D7%9C%D7%A9%D7%A2%D7%91%D7%A8-%D7%AA%D7%9E%D7%A9-12289-07-21/","https://jus-tice.co.il/defamation-verdict-lawsuit-12289-07-21/",301
"http://jus-tice.co.il/%D7%9E%D7%97%D7%A9%D7%91%D7%95%D7%9F-%D7%9E%D7%96%D7%95%D7%A0%D7%95%D7%AA-%D7%99%D7%9C%D7%93%D7%99%D7%9D/","https://jus-tice.co.il/child-support-calculator-2023/",301
"http://jus-tice.co.il/%D7%9E%D7%A1%D7%9E%D7%9B%D7%99%D7%9D-%D7%97%D7%A9%D7%95%D7%91%D7%99%D7%9D-%D7%9C%D7%AA%D7%91%D7%99%D7%A2%D7%AA-%D7%A8%D7%A9%D7%9C%D7%A0%D7%95%D7%AA-%D7%A8%D7%A4%D7%95%D7%90%D7%99%D7%AA/","https://jus-tice.co.il/medical-malpractice-lawsuit/",301
"http://jus-tice.co.il/%D7%A8%D7%A9%D7%9C%D7%A0%D7%95%D7%AA-%D7%A8%D7%A4%D7%95%D7%90%D7%99%D7%AA-%D7%91%D7%9E%D7%94%D7%9C%D7%9A-%D7%94%D7%A8%D7%99%D7%95%D7%9F-%D7%95%D7%9C%D7%99%D7%93%D7%94-%D7%A8%D7%A9%D7%99%D7%9E%D7%AA-%D7%93%D7%91%D7%A8%D7%99%D7%9D-%D7%A9%D7%9B%D7%93%D7%90%D7%99-%D7%9C%D7%93%D7%A2%D7%AA/","https://jus-tice.co.il/medical-malpractice-pregnancy-birth/",301
"http://jus-tice.co.il/%D7%98%D7%99%D7%A4%D7%99%D7%9D-%D7%9B%D7%99%D7%A6%D7%93-%D7%9C%D7%9E%D7%A7%D7%A1%D7%9D-%D7%90%D7%AA-%D7%94%D7%A4%D7%99%D7%A6%D7%95%D7%99%D7%99%D7%9D-%D7%91%D7%AA%D7%91%D7%99%D7%A2%D7%AA-%D7%A8%D7%A9%D7%9C%D7%A0%D7%95%D7%AA-%D7%A8%D7%A4%D7%95%D7%90%D7%99%D7%AA/","https://jus-tice.co.il/medical-malpractice-tips-damages-lawsuit/",301
"http://jus-tice.co.il/%D7%94%D7%A9%D7%95%D7%A4%D7%98%D7%AA-%D7%94%D7%99%D7%9C%D7%94-%D7%92%D7%95%D7%A8%D7%91%D7%99%D7%A5-%D7%A2%D7%95%D7%91%D7%93%D7%99%D7%94-%D7%A4%D7%A1%D7%A7-%D7%93%D7%99%D7%9F-%D7%91%D7%91%D7%A7%D7%A9%D7%94-%D7%9C%D7%AA%D7%99%D7%A7%D7%95%D7%9F-%D7%A6%D7%95-%D7%99%D7%A8%D7%95%D7%A9%D7%94-%D7%AA%D7%A2-60847-03-22/","https://jus-tice.co.il/inheritance-order-verdict-judge-request-60847-03-22/",301
"http://jus-tice.co.il/%D7%A2%D7%AA%D7%99%D7%A8%D7%94-%D7%A9%D7%9C-%D7%90%D7%99%D7%A9%D7%94-%D7%A0%D7%92%D7%93-%D7%91%D7%A2%D7%9C%D7%94-%D7%9C%D7%9E%D7%AA%D7%9F-%D7%A6%D7%95-%D7%9C%D7%A4%D7%99-%D7%94%D7%97%D7%95%D7%A7-%D7%9C%D7%9E%D7%A0%D7%99%D7%A2%D7%AA-%D7%90%D7%9C%D7%99%D7%9E%D7%95%D7%AA-%D7%91%D7%9E%D7%A9%D7%A4%D7%97%D7%94-%D7%94%D7%98-58854-11-22/","https://jus-tice.co.il/law-family-58854-11-22/",301
"http://jus-tice.co.il/%D7%92%D7%99%D7%A8%D7%95%D7%A9%D7%99%D7%9F-%D7%97%D7%9C%D7%95%D7%A7%D7%AA-%D7%A2%D7%A1%D7%A7-%D7%A0%D7%9B%D7%A1-%D7%90%D7%95-%D7%9E%D7%95%D7%A0%D7%99%D7%98%D7%99%D7%9F-%D7%9E%D7%A2%D7%9E%D7%93%D7%94-%D7%A9%D7%9C-%D7%97%D7%95%D7%93-%D7%9E%D7%95%D7%9E%D7%97%D7%94/","https://jus-tice.co.il/divorce-business-property-expert/",301
"http://jus-tice.co.il/%D7%A1%D7%95%D7%92%D7%99%D7%95%D7%AA-%D7%9E%D7%A9%D7%A4%D7%98%D7%99%D7%95%D7%AA-%D7%A9%D7%99%D7%A9-%D7%9C%D7%A7%D7%97%D7%AA-%D7%91%D7%97%D7%A9%D7%91%D7%95%D7%9F-%D7%91%D7%A2%D7%AA-%D7%9E%D7%9B%D7%99%D7%A8%D7%AA-%D7%91%D7%99%D7%AA/","https://jus-tice.co.il/account-house/",301
"http://jus-tice.co.il/%D7%A8%D7%A9%D7%9C%D7%A0%D7%95%D7%AA-%D7%A8%D7%A4%D7%95%D7%90%D7%99%D7%AA-%D7%91%D7%94%D7%99%D7%AA-%D7%97%D7%95%D7%9C%D7%99%D7%9D/","https://jus-tice.co.il/medical-malpractice-house/",301
"http://jus-tice.co.il/psakdin/%D7%A4%D7%A1%D7%93-%D7%91%D7%91%D7%A7%D7%A9%D7%94-%D7%9C%D7%94%D7%A2%D7%91%D7%A8%D7%AA-%D7%94%D7%9E%D7%A9%D7%9E%D7%95%D7%A8%D7%AA-%D7%90%D7%9C-%D7%94%D7%90%D7%91-%D7%95%D7%A8%D7%99%D7%A9%D7%95%D7%9D/","https://jus-tice.co.il/verdict-request-custody-20387-03-22/",301
"http://jus-tice.co.il/%D7%91%D7%99%D7%98%D7%95%D7%9C-%D7%94%D7%A1%D7%9B%D7%9D-%D7%9E%D7%9E%D7%95%D7%9F-%D7%A9%D7%90%D7%95%D7%A9%D7%A8-%D7%95%D7%A7%D7%99%D7%91%D7%9C-%D7%AA%D7%95%D7%A7%D7%A3-%D7%A9%D7%9C-%D7%A4%D7%A1%D7%A7-%D7%93%D7%99%D7%9F-%D7%AA%D7%94%D7%A1-27071-11-19/","https://jus-tice.co.il/prenuptial-agreement-verdict-judge-cancellation-validity-27071-11-19/",301
"http://jus-tice.co.il/articles/%D7%A4%D7%A1%D7%93-%D7%AA%D7%91%D7%99%D7%A2%D7%94-%D7%9C%D7%A1%D7%A2%D7%93-%D7%94%D7%A6%D7%94%D7%A8%D7%AA%D7%99-%D7%94%D7%A7%D7%95%D7%91%D7%A2-%D7%9B%D7%99-%D7%96%D7%9B%D7%95%D7%99%D7%95%D7%AA/","https://jus-tice.co.il/verdict-lawsuit-rights-apartment-49005-04-22/",301
"http://jus-tice.co.il/articles/%D7%91%D7%99%D7%A8%D7%95%D7%A8-%D7%96%D7%9B%D7%95%D7%99%D7%95%D7%AA-%D7%91%D7%AA-%D7%96%D7%95%D7%92-%D7%9E%D7%9B%D7%95%D7%97-%D7%97%D7%95%D7%A7-%D7%99%D7%97%D7%A1%D7%99-%D7%9E%D7%9E%D7%95%D7%9F-%D7%9C/","https://jus-tice.co.il/rights-law-process-34613-02-22/",301
"http://jus-tice.co.il/%D7%97%D7%95%D7%A7-%D7%A8%D7%A9%D7%9C%D7%A0%D7%95%D7%AA-%D7%A8%D7%A4%D7%95%D7%90%D7%99%D7%AA/","https://jus-tice.co.il/medical-malpractice-law/",301
"http://jus-tice.co.il/%D7%9E%D7%A7%D7%A8%D7%99-%D7%A8%D7%A9%D7%9C%D7%A0%D7%95%D7%AA-%D7%A8%D7%A4%D7%95%D7%90%D7%99%D7%AA-%D7%91%D7%99%D7%A9%D7%A8%D7%90%D7%9C-%D7%93%D7%95%D7%92%D7%9E%D7%90%D7%95%D7%AA-%D7%9C%D7%A8%D7%A9%D7%9C%D7%A0%D7%95%D7%AA-%D7%A8%D7%A4%D7%95%D7%90%D7%99%D7%AA/","https://jus-tice.co.il/medical-malpractice-israel-medical/",301
"http://jus-tice.co.il/psakdin/%D7%A4%D7%A1%D7%93-%D7%91%D7%AA%D7%91%D7%99%D7%A2%D7%94-%D7%9C%D7%94%D7%A4%D7%97%D7%AA%D7%AA-%D7%9E%D7%96%D7%95%D7%A0%D7%95%D7%AA-%D7%99%D7%9C%D7%93%D7%99%D7%9D-%D7%A9%D7%A0%D7%A7%D7%91%D7%A2%D7%95/","https://jus-tice.co.il/child-support-verdict-lawsuit-agreement-41188-08-20/",301
"http://jus-tice.co.il/articles/%D7%97%D7%9C%D7%95%D7%A7%D7%AA-%D7%96%D7%9E%D7%A0%D7%99-%D7%A9%D7%94%D7%95%D7%AA-%D7%9E%D7%99%D7%A0%D7%95%D7%99-%D7%9E%D7%AA%D7%90%D7%9D-%D7%94%D7%95%D7%A8%D7%99-%D7%A2%D7%9D-%D7%A1%D7%9E%D7%9B/","https://jus-tice.co.il/authority-9267-12-21/",301
"http://jus-tice.co.il/articles/%D7%AA%D7%A2-45543-11-21-%D7%91%D7%A7%D7%A9%D7%94-%D7%9C%D7%91%D7%99%D7%98%D7%95%D7%9C-%D7%A6%D7%95-%D7%A7%D7%99%D7%95%D7%9D-%D7%A6%D7%95%D7%95%D7%90%D7%94-%D7%9C%D7%90%D7%97%D7%A8-%D7%92%D7%99/","https://jus-tice.co.il/probate-order-request-cancellation-will-45543-11-21/",301
"http://jus-tice.co.il/%D7%A9%D7%95%D7%A4%D7%98%D7%AA-%D7%99%D7%A4%D7%A2%D7%AA-%D7%A9%D7%A7%D7%93%D7%99-%D7%A9%D7%A5-%D7%A4%D7%A1%D7%93-%D7%91%D7%97%D7%9C%D7%95%D7%A7%D7%AA-%D7%96%D7%9B%D7%95%D7%99%D7%95%D7%AA-%D7%95%D7%A1%D7%99%D7%9C%D7%95%D7%A7-%D7%99%D7%93-%D7%91%D7%9E%D7%A9%D7%A7-%D7%A9%D7%9C-%D7%99%D7%93%D7%95%D7%A2%D7%99%D7%9D-%D7%91%D7%A6%D7%99%D7%91%D7%95%D7%A8-%D7%AA%D7%9C%D7%94%D7%9E-41769-11-19/","https://jus-tice.co.il/common-law-spouses-verdict-judge-rights-41769-11-19/",301
"http://jus-tice.co.il/%D7%9E%D7%94-%D7%9C%D7%A2%D7%A9%D7%95%D7%AA-%D7%93%D7%91%D7%A8-%D7%A8%D7%90%D7%A9%D7%95%D7%9F-%D7%90%D7%9D-%D7%A0%D7%A4%D7%92%D7%A2%D7%AA-%D7%9E%D7%A8%D7%A9%D7%9C%D7%A0%D7%95%D7%AA-%D7%A8%D7%A4%D7%95%D7%90%D7%99%D7%AA/","https://jus-tice.co.il/medical-malpractice/",301
"http://jus-tice.co.il/%D7%A8%D7%A9%D7%9C%D7%A0%D7%95%D7%AA-%D7%A8%D7%A4%D7%95%D7%90%D7%99%D7%AA-%D7%90%D7%91%D7%97%D7%95%D7%9F-%D7%A9%D7%92%D7%95%D7%99/","https://jus-tice.co.il/medical-malpractice-8271/",301
"http://jus-tice.co.il/%D7%A1%D7%95%D7%92%D7%99-%D7%A8%D7%A9%D7%9C%D7%A0%D7%95%D7%AA-%D7%A8%D7%A4%D7%95%D7%90%D7%99%D7%AA/","https://jus-tice.co.il/medical-malpractice-8269/",301
"http://jus-tice.co.il/articles/%D7%9E%D7%A7%D7%A8%D7%99-%D7%A8%D7%A9%D7%9C%D7%A0%D7%95%D7%AA-%D7%A8%D7%A4%D7%95%D7%90%D7%99%D7%AA-%D7%93%D7%95%D7%92%D7%9E%D7%90%D7%95%D7%AA/","https://jus-tice.co.il/medical-malpractice-7583/",301
"https://jus-tice.co.il/articles/%d7%9e%d7%90%d7%92%d7%a8-%d7%9e%d7%99%d7%93%d7%a2-%d7%a8%d7%a9%d7%9c%d7%a0%d7%95%d7%aa-%d7%a8%d7%a4%d7%95%d7%90%d7%99%d7%aa/","https://jus-tice.co.il/medical-malpractice-1572/",301
"http://jus-tice.co.il/%D7%9E%D7%94%D7%95-%D7%A8%D7%95%D7%A4%D7%90-%D7%9E%D7%94-%D7%AA%D7%A4%D7%A7%D7%99%D7%93%D7%95-%D7%95%D7%97%D7%95%D7%91%D7%95%D7%AA%D7%99%D7%95-%D7%94%D7%9E%D7%A7%D7%A6%D7%95%D7%A2%D7%99%D7%95%D7%AA/","https://jus-tice.co.il/article-8318/",301
"http://jus-tice.co.il/%D7%98%D7%99%D7%A4%D7%99%D7%9D-%D7%9C%D7%A2%D7%95%D7%93-%D7%9B%D7%99%D7%A6%D7%93-%D7%9C%D7%94%D7%9B%D7%A0%D7%A1-%D7%9C%D7%9E%D7%93%D7%A8%D7%99%D7%9B%D7%99%D7%9D-%D7%93%D7%99%D7%A8%D7%95%D7%92-%D7%A2%D7%95%D7%A8%D7%9B%D7%99-%D7%94%D7%93%D7%99%D7%9F-%D7%94%D7%9E%D7%95%D7%91%D7%99%D7%9C%D7%99%D7%9D-%D7%91%D7%A2%D7%A2%D7%95%D7%9C%D7%9D/","https://jus-tice.co.il/tips-guides-ranking-lawyers-law/",301
"http://jus-tice.co.il/%D7%A8%D7%A9%D7%9C%D7%A0%D7%95%D7%AA-%D7%A8%D7%A4%D7%95%D7%90%D7%99%D7%AA-%D7%95%D7%AA%D7%A4%D7%A7%D7%99%D7%93%D7%9D-%D7%A9%D7%9C-%D7%A2%D7%93%D7%99%D7%9D-%D7%9E%D7%95%D7%9E%D7%97%D7%99%D7%9D-%D7%9B%D7%99%D7%A6%D7%93-%D7%A2%D7%93%D7%95%D7%AA-%D7%9E%D7%95%D7%9E%D7%97%D7%99%D7%9D-%D7%99%D7%9B%D7%95%D7%9C%D7%94-%D7%9C%D7%A2%D7%96%D7%95%D7%A8-%D7%9C%D7%A7%D7%95%D7%A8%D7%91%D7%A0%D7%95%D7%AA-%D7%A8%D7%A9%D7%9C%D7%A0%D7%95%D7%AA-%D7%9C%D7%97%D7%A4%D7%A9-%D7%A6%D7%93%D7%A7/","https://jus-tice.co.il/medical-malpractice-witnesses-experts-testimony/",301
"http://jus-tice.co.il/%D7%94%D7%A2%D7%9C%D7%95%D7%99%D7%95%D7%AA-%D7%94%D7%A0%D7%A1%D7%AA%D7%A8%D7%95%D7%AA-%D7%A9%D7%9C-%D7%A8%D7%A9%D7%9C%D7%A0%D7%95%D7%AA-%D7%A8%D7%A4%D7%95%D7%90%D7%99%D7%AA-%D7%9B%D7%99%D7%A6%D7%93-%D7%9E%D7%98%D7%95%D7%A4%D7%9C%D7%99%D7%9D-%D7%95%D7%9E%D7%A9%D7%A4%D7%97%D7%95%D7%AA-%D7%9E%D7%95%D7%A9%D7%A4%D7%A2%D7%99%D7%9D-%D7%9E%D7%A8%D7%A9%D7%9C%D7%A0%D7%95%D7%AA-%D7%A9%D7%9C-%D7%AA%D7%A2%D7%A9%D7%99%D7%99%D7%AA-%D7%94%D7%91%D7%A8%D7%99%D7%90%D7%95%D7%AA/","https://jus-tice.co.il/medical-malpractice-costs/",301
"http://jus-tice.co.il/%D7%A2%D7%95%D7%A8%D7%9A-%D7%93%D7%99%D7%9F-%D7%A4%D7%9C%D7%99%D7%9C%D7%99-%D7%A9%D7%9B%D7%A8-%D7%9B%D7%9E%D7%94-%D7%9E%D7%A8%D7%95%D7%95%D7%99%D7%97-%D7%A2%D7%95%D7%93-%D7%A4%D7%9C%D7%99%D7%9C%D7%99-%D7%91%D7%99%D7%A9%D7%A8%D7%90%D7%9C/","https://jus-tice.co.il/criminal-law-lawyer-criminal-israel/",301
"http://jus-tice.co.il/%D7%A2%D7%95%D7%A8%D7%9A-%D7%93%D7%99%D7%9F-%D7%A4%D7%9C%D7%99%D7%9C%D7%99-%D7%9E%D7%A4%D7%95%D7%A8%D7%A1%D7%9D-%D7%A2%D7%95%D7%93-%D7%A4%D7%9C%D7%99%D7%9C%D7%99-%D7%9E%D7%A4%D7%95%D7%A8%D7%A1%D7%9D-%D7%91%D7%99%D7%A9%D7%A8%D7%90%D7%9C/","https://jus-tice.co.il/criminal-law-counsel-criminal-israel/",301
"http://jus-tice.co.il/%D7%A2%D7%95%D7%A8%D7%9A-%D7%93%D7%99%D7%9F-%D7%A8%D7%A9%D7%9C%D7%A0%D7%95%D7%AA-%D7%91%D7%A0%D7%99%D7%AA%D7%95%D7%97-%D7%A4%D7%9C%D7%A1%D7%98%D7%99-%D7%94%D7%9E%D7%9C%D7%A6%D7%95%D7%AA-%D7%A2%D7%95%D7%93-%D7%A8%D7%A9%D7%9C%D7%A0%D7%95%D7%AA-%D7%A0%D7%99%D7%AA%D7%95%D7%97-%D7%A4%D7%9C%D7%A1%D7%98%D7%99/","https://jus-tice.co.il/lawyer-surgery-recommendations/",301
"http://jus-tice.co.il/%D7%A2%D7%95%D7%A8%D7%9A-%D7%93%D7%99%D7%9F-%D7%A4%D7%9C%D7%99%D7%9C%D7%99-%D7%A1%D7%9E%D7%99%D7%9D-%D7%94%D7%9E%D7%9C%D7%A6%D7%95%D7%AA-%D7%A2%D7%95%D7%93-%D7%A4%D7%9C%D7%99%D7%9C%D7%99-%D7%9C%D7%A2%D7%91%D7%99%D7%A8%D7%95%D7%AA-%D7%A1%D7%9E%D7%99%D7%9D/","https://jus-tice.co.il/drug-offenses-criminal-law-lawyer-recommendations-criminal/",301
"http://jus-tice.co.il/%D7%A2%D7%95%D7%A8%D7%9A-%D7%93%D7%99%D7%9F-%D7%A4%D7%9C%D7%99%D7%9C%D7%99-%D7%99%D7%95%D7%A6%D7%90-%D7%A4%D7%A8%D7%A7%D7%9C%D7%99%D7%98%D7%95%D7%AA-%D7%94%D7%9E%D7%9C%D7%A6%D7%95%D7%AA-%D7%A2%D7%95%D7%93-%D7%A4%D7%9C%D7%99%D7%9C%D7%99-%D7%AA%D7%91%D7%99%D7%A2%D7%95%D7%AA/","https://jus-tice.co.il/criminal-law-lawyer-prosecution-recommendations-criminal-lawsuits/",301
"http://jus-tice.co.il/%D7%92%D7%99%D7%A8%D7%95%D7%A9%D7%99%D7%9F-%D7%A7%D7%91%D7%9C%D7%AA-%D7%96%D7%9B%D7%95%D7%99%D7%95%D7%AA-%D7%A4%D7%A0%D7%A1%D7%99%D7%95%D7%A0%D7%99%D7%95%D7%AA-%D7%9E%D7%94%D7%95%D7%95%D7%A0%D7%95%D7%AA-%D7%91%D7%9E%D7%A7%D7%95%D7%9D-%D7%A8%D7%99%D7%A9%D7%95%D7%9E%D7%9F-%D7%A2%D7%9C-%D7%A9%D7%9D-%D7%94%D7%96%D7%9B%D7%90%D7%99-%D7%91%D7%94%D7%AA%D7%90%D7%9D-%D7%9C%D7%97%D7%95%D7%A7-%D7%9C%D7%97%D7%9C%D7%95%D7%A7%D7%AA-%D7%97%D7%99%D7%A1%D7%9B%D7%95%D7%9F-%D7%A4%D7%A0%D7%A1%D7%99%D7%95%D7%A0%D7%99/","https://jus-tice.co.il/divorce-rights-law-pension/",301
"http://jus-tice.co.il/%D7%92%D7%99%D7%A8%D7%95%D7%A9%D7%99%D7%9F-%D7%97%D7%99%D7%95%D7%91-%D7%94%D7%90%D7%91-%D7%91%D7%AA%D7%A9%D7%9C%D7%95%D7%9D-%D7%91%D7%92%D7%99%D7%9F-%D7%9E%D7%93%D7%95%D7%A8-%D7%94%D7%99%D7%9C%D7%93%D7%99%D7%9D-%D7%91%D7%91%D7%99%D7%AA-%D7%A9%D7%91%D7%91%D7%A2%D7%9C%D7%95%D7%AA-%D7%94%D7%90%D7%9D-%D7%95%D7%90%D7%99%D7%9F-%D7%94%D7%99%D7%90-%D7%9E%D7%A9%D7%9C%D7%9E%D7%AA-%D7%A9%D7%9B%D7%A8-%D7%93%D7%99%D7%A8%D7%94-%D7%91%D7%92%D7%99%D7%A0%D7%95/","https://jus-tice.co.il/divorce-house-ownership-apartment/",301
"http://jus-tice.co.il/articles/%D7%92%D7%99%D7%A8%D7%95%D7%A9%D7%99%D7%9F-%D7%90%D7%99%D7%96%D7%95%D7%9F-%D7%94%D7%9E%D7%A9%D7%90%D7%91%D7%99%D7%9D-%D7%91%D7%99%D7%9F-%D7%91%D7%A0%D7%99-%D7%96%D7%95%D7%92-%D7%9E%D7%AA%D7%92%D7%A8%D7%A9%D7%99%D7%9D-%D7%97%D7%9C%D7%95%D7%A7%D7%AA-%D7%A2%D7%A8%D7%9A-%D7%94%D7%97%D7%91%D7%A8%D7%94-%D7%A9%D7%91%D7%91%D7%A2%D7%9C%D7%95%D7%AA-%D7%94%D7%91%D7%A2%D7%9C/","https://jus-tice.co.il/divorce-company-ownership/",301
"http://jus-tice.co.il/%D7%92%D7%99%D7%A8%D7%95%D7%A9%D7%99%D7%9F-%D7%91%D7%92%D7%99%D7%A9%D7%95%D7%A8-%D7%A2%D7%9D-%D7%99%D7%9C%D7%93%D7%99%D7%9D-%D7%94%D7%93%D7%A8%D7%9A-%D7%94%D7%98%D7%95%D7%91%D7%94-%D7%9C%D7%94%D7%AA%D7%92%D7%A8%D7%A9-%D7%91%D7%92%D7%99%D7%A9%D7%95%D7%A8-%D7%91%D7%9C%D7%99-%D7%9C%D7%A4%D7%92%D7%95%D7%A2-%D7%91%D7%99%D7%9C%D7%93%D7%99%D7%9D/","https://jus-tice.co.il/divorce-mediation/",301
"http://jus-tice.co.il/%D7%AA%D7%94%D7%9C%D7%99%D7%9A-%D7%92%D7%99%D7%A9%D7%95%D7%A8-%D7%92%D7%99%D7%A8%D7%95%D7%A9%D7%99%D7%9F-%D7%91%D7%A9%D7%A0%D7%AA-2023-%D7%9B%D7%9C-%D7%9E%D7%94-%D7%97%D7%99%D7%99%D7%91%D7%99%D7%9D-%D7%9C%D7%93%D7%A2%D7%AA-%D7%9E%D7%A2%D7%95%D7%A8%D7%9B%D7%99-%D7%93%D7%99%D7%9F-%D7%9E%D7%95%D7%9E%D7%97%D7%99%D7%9D-%D7%9C%D7%92%D7%99%D7%A9%D7%95%D7%A8-%D7%91%D7%92%D7%99%D7%A8%D7%95%D7%A9%D7%99%D7%9F/","https://jus-tice.co.il/lawyers-mediation-divorce-experts-2023/",301
"http://jus-tice.co.il/%D7%92%D7%99%D7%A9%D7%95%D7%A8-%D7%92%D7%99%D7%A8%D7%95%D7%A9%D7%99%D7%9F-%D7%9E%D7%94-%D7%96%D7%94-%D7%95%D7%90%D7%99%D7%9A-%D7%94%D7%AA%D7%94%D7%9C%D7%99%D7%9A-%D7%A2%D7%95%D7%91%D7%93/","https://jus-tice.co.il/mediation-divorce/",301
"http://jus-tice.co.il/%D7%A4%D7%99%D7%A8%D7%95%D7%A7-%D7%97%D7%91%D7%A8%D7%94-%D7%A8%D7%A9%D7%9D-%D7%94%D7%97%D7%91%D7%A8%D7%95%D7%AA-%D7%9C%D7%9C%D7%90-%D7%A2%D7%95%D7%A8%D7%9A-%D7%93%D7%99%D7%9F-%D7%A4%D7%98%D7%95%D7%A8-%D7%9E%D7%AA%D7%A9%D7%9C%D7%95%D7%9D/","https://jus-tice.co.il/lawyer-company-companies/",301
"http://jus-tice.co.il/%D7%9E%D7%94-%D7%96%D7%94-%D7%A2%D7%95%D7%A8%D7%9A-%D7%93%D7%99%D7%9F-%D7%92%D7%99%D7%A8%D7%95%D7%A9%D7%99%D7%9F/","https://jus-tice.co.il/lawyer-divorce-israel/",301
"http://jus-tice.co.il/%D7%A2%D7%95%D7%A8%D7%9A-%D7%93%D7%99%D7%9F-%D7%A4%D7%9C%D7%99%D7%9C%D7%99-%D7%91%D7%AA%D7%9C-%D7%90%D7%91%D7%99%D7%91-%D7%A2%D7%95%D7%93-%D7%A4%D7%9C%D7%99%D7%9C%D7%99-%D7%9E%D7%95%D7%9E%D7%9C%D7%A5-%D7%91%D7%AA%D7%90-%D7%95%D7%94%D7%9E%D7%A8%D7%9B%D7%96/","https://jus-tice.co.il/criminal-law-tel-aviv-lawyer-criminal-recommended/",301
"http://jus-tice.co.il/%D7%A2%D7%95%D7%A8%D7%9A-%D7%93%D7%99%D7%9F-%D7%AA%D7%90%D7%99%D7%9C%D7%A0%D7%93/","https://jus-tice.co.il/lawyer-israeli/",301
"http://jus-tice.co.il/%D7%9E%D7%96%D7%95%D7%A0%D7%95%D7%AA-%D7%95%D7%94%D7%95%D7%A6%D7%90%D7%95%D7%AA-%D7%94%D7%97%D7%99%D7%A0%D7%95%D7%9A-%D7%95%D7%94%D7%91%D7%A8%D7%99%D7%90%D7%95%D7%AA-%D7%A9%D7%9C-3-%D7%A7%D7%98%D7%99%D7%A0%D7%99%D7%9D-%D7%A2%D7%A8%D7%A2%D7%95%D7%A8-%D7%A4%D7%A1%D7%93-%D7%A2%D7%9E%D7%A9-49763-12-21/","https://jus-tice.co.il/verdict-alimony-appeal-3-49763-12-21/",301
"http://jus-tice.co.il/%D7%94%D7%A1%D7%93%D7%A8-%D7%98%D7%99%D7%A2%D7%95%D7%9F-%D7%90%D7%A8%D7%A0%D7%95%D7%9F-%D7%92%D7%9C%D7%A2%D7%93%D7%99-%D7%A9%D7%A0%D7%90%D7%A9%D7%9D-%D7%91%D7%9E%D7%A1%D7%92%D7%A8%D7%AA-%D7%9B%D7%AA%D7%91-%D7%94%D7%90%D7%99%D7%A9%D7%95%D7%9D-%D7%97%D7%91%D7%A8-%D7%94%D7%9B%D7%A0%D7%A1%D7%AA-%D7%93%D7%95%D7%93-%D7%91%D7%99%D7%98%D7%9F-%D7%95%D7%90%D7%97%D7%A8%D7%99%D7%9D/","https://jus-tice.co.il/procedure-defendant/",301
"http://jus-tice.co.il/%D7%A1%D7%99%D7%95%D7%A2-%D7%9E%D7%A9%D7%A4%D7%98%D7%99-%D7%9C%D7%A0%D7%A4%D7%92%D7%A2%D7%99-%D7%A2%D7%91%D7%99%D7%A8%D7%94/","https://jus-tice.co.il/offense/",301
"http://jus-tice.co.il/%D7%98%D7%95%D7%A4%D7%A1-%D7%A2%D7%9E%D7%93%D7%AA-%D7%A0%D7%A4%D7%92%D7%A2%D7%99-%D7%A2%D7%91%D7%99%D7%A8%D7%94-%D7%9C%D7%A2%D7%A0%D7%99%D7%99%D7%9F-%D7%97%D7%A0%D7%99%D7%A0%D7%94/","https://jus-tice.co.il/offense-5815/",301
"http://jus-tice.co.il/%D7%A2%D7%9E%D7%93%D7%AA-%D7%A0%D7%A4%D7%92%D7%A2-%D7%A2%D7%91%D7%99%D7%A8%D7%94-%D7%9C%D7%95%D7%A2%D7%93%D7%AA-%D7%A9%D7%97%D7%A8%D7%95%D7%A8%D7%99%D7%9D-%D7%9C%D7%A4%D7%99-%D7%97%D7%95%D7%A7-%D7%96%D7%9B%D7%95%D7%99%D7%95%D7%AA-%D7%A0%D7%A4%D7%92%D7%A2%D7%99-%D7%A2%D7%91%D7%99%D7%A8%D7%94/","https://jus-tice.co.il/offense-5813/",301
"http://jus-tice.co.il/%D7%94%D7%A6%D7%94%D7%A8%D7%AA-%D7%A0%D7%A4%D7%92%D7%A2-%D7%A2%D7%91%D7%99%D7%A8%D7%94-%D7%9C%D7%A4%D7%99-%D7%A1%D7%A2%D7%99%D7%A3-18%D7%9C%D7%97%D7%95%D7%A7-%D7%96%D7%9B%D7%95%D7%99%D7%95%D7%AA-%D7%A0%D7%A4%D7%92%D7%A2%D7%99-%D7%A2%D7%91%D7%99%D7%A8%D7%94-%D7%94%D7%AA%D7%A9%D7%A1%D7%90-2001/","https://jus-tice.co.il/offense-5809/",301
"http://jus-tice.co.il/%D7%A4%D7%A1%D7%93-%D7%A9%D7%A2%D7%A0%D7%99%D7%99%D7%A0%D7%95-%D7%9E%D7%99%D7%A0%D7%95%D7%99-%D7%9E%D7%A0%D7%94%D7%9C-%D7%A2%D7%99%D7%96%D7%91%D7%95%D7%9F-%D7%96%D7%9E%D7%A0%D7%99-%D7%91%D7%9E%D7%A7%D7%95%D7%9D-%D7%A7%D7%91%D7%95%D7%A2-%D7%A2%D7%9E%D7%A9-48305-12-21/","https://jus-tice.co.il/verdict-estate-48305-12-21/",301
"http://jus-tice.co.il/%D7%A4%D7%A1%D7%93-%D7%A7%D7%91%D7%9C%D7%AA-%D7%98%D7%A2%D7%A0%D7%AA-%D7%90%D7%99%D7%A9%D7%94-%D7%91%D7%A2%D7%A0%D7%99%D7%99%D7%9F-%D7%9B%D7%95%D7%95%D7%A0%D7%AA-%D7%A9%D7%99%D7%AA%D7%95%D7%A3-%D7%A1%D7%A4%D7%A6%D7%99%D7%A4%D7%99-%D7%91%D7%A8%D7%91%D7%A2-%D7%93%D7%99%D7%A8%D7%94-%D7%A2%D7%9E%D7%A9-65410-11-21/","https://jus-tice.co.il/verdict-apartment-65410-11-21/",301
"http://jus-tice.co.il/%D7%96%D7%9B%D7%95%D7%AA-%D7%A0%D7%A4%D7%92%D7%A2-%D7%A2%D7%91%D7%99%D7%A8%D7%94-%D7%9C%D7%A2%D7%A8%D7%A2%D7%A8-%D7%A2%D7%9C-%D7%A1%D7%92%D7%99%D7%A8%D7%AA-%D7%94%D7%AA%D7%99%D7%A7-%D7%91%D7%A2%D7%A0%D7%99%D7%99%D7%A0%D7%95-%D7%A9%D7%9C-%D7%97%D7%A9%D7%95%D7%93-%D7%91%D7%92%D7%A5-47421/","https://jus-tice.co.il/right-offense-474-21/",301
"http://jus-tice.co.il/%D7%94%D7%A9%D7%AA%D7%9E%D7%A9-%D7%91%D7%90%D7%A4%D7%9C%D7%99%D7%A7%D7%A6%D7%99%D7%95%D7%AA-%D7%95%D7%95%D7%90%D7%98%D7%A1%D7%90%D7%A4-%D7%95%D7%90%D7%99%D7%A0%D7%A1%D7%98%D7%92%D7%A8%D7%9D-%D7%9C%D7%99%D7%A6%D7%95%D7%A8-%D7%A7%D7%A9%D7%A8%D7%99%D7%9D-%D7%A2%D7%9D-%D7%A7%D7%98%D7%99%D7%A0%D7%95%D7%AA-%D7%95%D7%9C%D7%A7%D7%99%D7%99%D7%9D-%D7%A2%D7%9E%D7%9F-%D7%A9%D7%99%D7%97%D7%95%D7%AA-%D7%91%D7%A2%D7%9C%D7%95%D7%AA-%D7%90%D7%95%D7%A4%D7%99-%D7%9E%D7%99%D7%A0%D7%99/","https://jus-tice.co.il/defendant-ownership/",301
"http://jus-tice.co.il/%D7%A1%D7%95%D7%92%D7%99%D7%9D-%D7%A9%D7%95%D7%A0%D7%99%D7%9D-%D7%A9%D7%9C-%D7%A8%D7%95%D7%A4%D7%90%D7%99%D7%9D/","https://jus-tice.co.il/article-8142/",301
"http://jus-tice.co.il/%D7%98%D7%95%D7%91%D7%AA-%D7%94%D7%99%D7%9C%D7%93%D7%99%D7%9D-%D7%9B%D7%91%D7%A1%D7%99%D7%A1-%D7%9C%D7%97%D7%99%D7%95%D7%91-%D7%94%D7%90%D7%9D-%D7%9C%D7%97%D7%96%D7%95%D7%A8-%D7%9C%D7%A2%D7%99%D7%A8-%D7%94%D7%9E%D7%A7%D7%95%D7%A8-%D7%A8%D7%99%D7%A9%D7%95%D7%9D-%D7%94%D7%99%D7%9C%D7%93%D7%99%D7%9D-%D7%9C%D7%9E%D7%95%D7%A1%D7%93%D7%95%D7%AA-%D7%94%D7%97%D7%99%D7%A0%D7%95%D7%9A/","https://jus-tice.co.il/best-interest-child/",301
"http://jus-tice.co.il/%D7%A8%D7%A9%D7%99%D7%9E%D7%AA-%D7%9E%D7%95%D7%9E%D7%97%D7%99%D7%9D-%D7%A8%D7%A4%D7%95%D7%90%D7%99%D7%99%D7%9D-%D7%9C%D7%91%D7%99%D7%AA-%D7%9E%D7%A9%D7%A4%D7%98-%D7%9E%D7%AA%D7%A2%D7%93%D7%9B%D7%9F/","https://jus-tice.co.il/court-legal-opinion-experts-medical-2023/",301
"http://jus-tice.co.il/articles/%D7%A9%D7%A8%D7%95%D7%AA%D7%99-%D7%97%D7%A9%D7%91%D7%95%D7%AA-%D7%94%D7%99%D7%AA%D7%A8%D7%95%D7%A0%D7%95%D7%AA-%D7%95%D7%94%D7%97%D7%A1%D7%A8%D7%95%D7%A0%D7%95%D7%AA-%D7%A9%D7%9C-%D7%A9%D7%99%D7%A8/","https://jus-tice.co.il/accounts-business/",301
"http://jus-tice.co.il/%D7%A2%D7%91%D7%99%D7%A8%D7%95%D7%AA-%D7%9E%D7%99%D7%9F-%D7%91%D7%A7%D7%98%D7%99%D7%A0%D7%94-%D7%91%D7%9E%D7%A8%D7%97%D7%91-%D7%94%D7%95%D7%95%D7%99%D7%A8%D7%98%D7%95%D7%90%D7%9C%D7%99/","https://jus-tice.co.il/sex-offenses/",301
"http://jus-tice.co.il/%D7%9E%D7%97%D7%A7%D7%A8-%D7%9E%D7%99%D7%9E%D7%95%D7%A9-%D7%96%D7%9B%D7%95%D7%99%D7%95%D7%AA-%D7%A7%D7%98%D7%99%D7%A0%D7%99%D7%9D-%D7%A0%D7%A4%D7%92%D7%A2%D7%99-%D7%A2%D7%91%D7%99%D7%A8%D7%95%D7%AA-%D7%9E%D7%99%D7%9F-%D7%97%D7%9E%D7%95%D7%A8%D7%95%D7%AA-%D7%91%D7%AA%D7%99%D7%A7%D7%99-%D7%94%D7%A1%D7%99%D7%95%D7%A2-%D7%94%D7%9E%D7%A9%D7%A4%D7%98%D7%99/","https://jus-tice.co.il/sex-offenses-rights/",301
"http://jus-tice.co.il/%D7%9B%D7%AA%D7%91-%D7%90%D7%99%D7%A9%D7%95%D7%9D-%D7%A0%D7%92%D7%93-%D7%91%D7%9F-70-%D7%9E%D7%94%D7%A8%D7%A6%D7%9C%D7%99%D7%94-%D7%91%D7%92%D7%99%D7%9F-%D7%A8%D7%A6%D7%97-%D7%91%D7%A0%D7%A1%D7%99%D7%91%D7%95%D7%AA-%D7%9E%D7%97%D7%9E%D7%99%D7%A8%D7%95%D7%AA/","https://jus-tice.co.il/indictment-70/",301
"http://jus-tice.co.il/%D7%91%D7%99%D7%98%D7%95%D7%9C-%D7%90%D7%92%D7%A8%D7%94-%D7%91%D7%92%D7%99%D7%9F-%D7%94%D7%92%D7%A9%D7%AA-%D7%93%D7%99%D7%95%D7%95%D7%97-%D7%9C%D7%90%D7%A4%D7%95%D7%98%D7%A8%D7%95%D7%A4%D7%95%D7%A1-%D7%94%D7%9B%D7%9C%D7%9C%D7%99/","https://jus-tice.co.il/cancellation/",301
"http://jus-tice.co.il/%D7%A4%D7%A1%D7%99%D7%9C%D7%AA-%D7%93%D7%99%D7%99%D7%9F-%D7%91%D7%91%D7%99%D7%AA-%D7%93%D7%99%D7%9F-%D7%A8%D7%91%D7%A0%D7%99/","https://jus-tice.co.il/rabbinical-court-request/",301
"http://jus-tice.co.il/%D7%93%D7%95%D7%97%D7%95%D7%AA-%D7%97%D7%A0%D7%99%D7%94-%D7%90%D7%9E%D7%A6%D7%A2%D7%95%D7%AA-%D7%9E%D7%A1%D7%A8%D7%95%D7%9F-%D7%9C%D7%98%D7%9C%D7%A4%D7%95%D7%9F-%D7%A0%D7%99%D7%99%D7%93-sms/","https://jus-tice.co.il/sms/",301
"http://jus-tice.co.il/%D7%90%D7%99%D7%A9%D7%95%D7%9D-%D7%94%D7%98%D7%A8%D7%93%D7%95%D7%AA-%D7%A9%D7%9C-%D7%A2%D7%93-%D7%94%D7%9E%D7%93%D7%99%D7%A0%D7%94-%D7%A0%D7%99%D7%A8-%D7%97%D7%A4%D7%A5-%D7%95%D7%A2%D7%93%D7%AA-%D7%94/","https://jus-tice.co.il/witness-law-lawsuit/",301
"http://jus-tice.co.il/%D7%AA%D7%9013429-05-21-%D7%A0%D7%AA%D7%A0%D7%99%D7%94%D7%95-%D7%95%D7%90%D7%97-%D7%A0-%D7%90%D7%95%D7%9C%D7%9E%D7%A8%D7%98/","https://jus-tice.co.il/defamation-lawsuit-law-complete-13429-05-21/",301
"http://jus-tice.co.il/%D7%AA%D7%A469728-06-20%D7%9E%D7%93%D7%99%D7%A0%D7%AA-%D7%99%D7%A9%D7%A8%D7%90%D7%9C-%D7%A0-%D7%A1%D7%95%D7%9C%D7%95%D7%9E%D7%95%D7%9F/","https://jus-tice.co.il/law-defendant-offenses-69728-06-20/",301
"http://jus-tice.co.il/%D7%94%D7%97%D7%9E%D7%A8%D7%AA-%D7%A2%D7%95%D7%A0%D7%A9-%D7%A2%D7%91%D7%99%D7%A8%D7%95%D7%AA-%D7%91%D7%A0%D7%A9%D7%A7-%D7%9E%D7%9B%D7%99%D7%A8%D7%AA-%D7%9B%D7%9C%D7%99-%D7%A0%D7%A9%D7%A7-%D7%A9%D7%95%D7%A0%D7%99%D7%9D/","https://jus-tice.co.il/punishment-offenses/",301
"http://jus-tice.co.il/%D7%AA%D7%A0%D7%90%D7%99-%D7%94%D7%94%D7%A1%D7%92%D7%A8%D7%94-%D7%95%D7%A1%D7%99%D7%99%D7%92%D7%99%D7%94/","https://jus-tice.co.il/article-8066/",301
"http://jus-tice.co.il/%D7%91%D7%99%D7%AA-%D7%94%D7%93%D7%99%D7%9F-%D7%94%D7%A8%D7%91%D7%A0%D7%99-%D7%A7%D7%A0%D7%94-%D7%A1%D7%9E%D7%9B%D7%95%D7%AA-%D7%9C%D7%9E%D7%A8%D7%95%D7%AA-%D7%94%D7%92%D7%A9%D7%AA-%D7%AA%D7%95%D7%91%D7%A2%D7%A0%D7%94-%D7%91%D7%A2%D7%A0%D7%99%D7%99%D7%9F-%D7%94%D7%97%D7%96%D7%A7%D7%AA-%D7%99%D7%9C%D7%93%D7%99%D7%9D/","https://jus-tice.co.il/rabbinical-court-family-matters-visitation-arrangements-lawsuit-divorce-jurisdiction/",301
"http://jus-tice.co.il/%D7%A4%D7%99%D7%A6%D7%95%D7%99-%D7%91%D7%92%D7%99%D7%9F-%D7%90%D7%99%D7%97%D7%95%D7%A8-%D7%91%D7%9E%D7%A1%D7%99%D7%A8%D7%AA-%D7%93%D7%99%D7%A8%D7%94-%D7%9E%D7%A7%D7%91%D7%9C%D7%9F-%D7%AA%D7%90-10300-02-21/","https://jus-tice.co.il/compensation-apartment-contractor-10300-02-21/",301
"http://jus-tice.co.il/%D7%98%D7%95%D7%A4%D7%A1-%D7%AA%D7%A6%D7%94%D7%99%D7%A8-%D7%A0%D7%9C%D7%95%D7%95%D7%94-%D7%9C%D7%91%D7%A7%D7%A9%D7%94-%D7%9C%D7%A8%D7%99%D7%A9%D7%99%D7%95%D7%9F-%D7%A2%D7%A1%D7%A7-%D7%91%D7%90%D7%95%D7%A4%D7%9F-%D7%9E%D7%A7%D7%95%D7%95%D7%9F/","https://jus-tice.co.il/request-license-business/",301
"http://jus-tice.co.il/%D7%98%D7%95%D7%A4%D7%A1-%D7%94%D7%A6%D7%94%D7%A8%D7%94-%D7%91%D7%A2%D7%A7%D7%91%D7%95%D7%AA-%D7%A9%D7%99%D7%A0%D7%95%D7%99-%D7%91%D7%A2%D7%9C%D7%95%D7%AA-%D7%91%D7%A2%D7%A1%D7%A7/","https://jus-tice.co.il/ownership-business/",301
"http://jus-tice.co.il/%D7%A2%D7%95%D7%A8%D7%9A-%D7%93%D7%99%D7%9F-%D7%A8%D7%99%D7%A9%D7%95%D7%99-%D7%A2%D7%A1%D7%A7%D7%99%D7%9D/","https://jus-tice.co.il/lawyer-licensing-business/",301
"http://jus-tice.co.il/%D7%91%D7%A7%D7%A9%D7%94-%D7%9C%D7%A8%D7%99%D7%A9%D7%95%D7%9D-%D7%9E%D7%9B%D7%A8/","https://jus-tice.co.il/request/",301
"http://jus-tice.co.il/articles/%D7%90%D7%99%D7%A1%D7%95%D7%A8-%D7%A4%D7%A8%D7%A1%D7%95%D7%9D-%D7%A9%D7%9C-%D7%97%D7%95%D7%95%D7%AA-%D7%93%D7%A2%D7%AA-%D7%9C%D7%A2%D7%A0%D7%99%D7%99%D7%9F-%D7%94%D7%9E%D7%A1%D7%95%D7%92%D7%9C%D7%95/","https://jus-tice.co.il/legal-opinion-process-criminal-45060-05-22/",301
"http://jus-tice.co.il/articles/%D7%94%D7%A9%D7%95%D7%A4%D7%98%D7%AA-%D7%97%D7%99%D7%94-%D7%96%D7%A0%D7%93%D7%91%D7%A8%D7%92-%D7%A4%D7%A1%D7%93-%D7%91%D7%AA%D7%91%D7%99%D7%A2%D7%94-%D7%9C%D7%A4%D7%99%D7%A6%D7%95%D7%99%D7%99%D7%9D/","https://jus-tice.co.il/personal-injury-verdict-judge-lawsuit-damages-claim/",301
"http://jus-tice.co.il/articles/%D7%A4%D7%A1%D7%93-%D7%91%D7%AA%D7%91%D7%99%D7%A2%D7%94-%D7%9C%D7%A9%D7%95%D7%9F-%D7%94%D7%A8%D7%A2-%D7%91%D7%92%D7%99%D7%9F-%D7%A4%D7%A8%D7%A1%D7%95%D7%9D-%D7%91%D7%A7%D7%91%D7%95%D7%A6%D7%AA/","https://jus-tice.co.il/defamation-verdict-lawsuit-15771-09-19/",301
"http://jus-tice.co.il/articles/%D7%A4%D7%99%D7%A8%D7%95%D7%A7-%D7%A9%D7%99%D7%AA%D7%95%D7%A3-%D7%91%D7%99%D7%9F-%D7%91%D7%A0%D7%99-%D7%96%D7%95%D7%92-%D7%97%D7%9C%D7%95%D7%A7%D7%AA-%D7%93%D7%99%D7%A8%D7%94-%D7%9C%D7%A4%D7%99/","https://jus-tice.co.il/dissolution-partnership-jerusalem-rabbinical-court-apartment-1273597-6/",301
"http://jus-tice.co.il/articles/%D7%96%D7%9B%D7%95%D7%AA-%D7%94%D7%95%D7%A8%D7%94-%D7%92%D7%A8%D7%95%D7%A9-%D7%9C%D7%94%D7%A2%D7%AA%D7%99%D7%A7-%D7%90%D7%AA-%D7%9E%D7%92%D7%95%D7%A8%D7%99%D7%95-%D7%95%D7%90%D7%A3-%D7%9C%D7%94%D7%92/","https://jus-tice.co.il/rabbinical-court-right-custody-1330348-1/",301
"http://jus-tice.co.il/articles/%D7%9B%D7%99%D7%A6%D7%93-%D7%9C%D7%A9%D7%9B%D7%95%D7%A8-%D7%9E%D7%A4%D7%AA%D7%97-%D7%90%D7%AA%D7%A8%D7%99%D7%9D/","https://jus-tice.co.il/article-7934/",301
"http://jus-tice.co.il/%D7%A0%D7%99%D7%94%D7%95%D7%9C-%D7%9E%D7%95%D7%A0%D7%99%D7%98%D7%99%D7%9F-%D7%9E%D7%A7%D7%95%D7%95%D7%9F-%D7%9C%D7%A2%D7%95%D7%A8%D7%9B%D7%99-%D7%93%D7%99%D7%9F-%D7%91%D7%A8%D7%A9%D7%AA-%D7%94%D7%90%D7%99%D7%A0%D7%98%D7%A8%D7%A0%D7%98/","https://jus-tice.co.il/lawyers/",301
"http://jus-tice.co.il/%D7%99%D7%99%D7%A2%D7%95%D7%A5-%D7%9E%D7%A9%D7%A4%D7%98%D7%99-%D7%90%D7%90%D7%95%D7%98%D7%A1%D7%95%D7%A8%D7%A1%D7%99%D7%A0%D7%92-%D7%91%D7%99%D7%A0%D7%9C%D7%90%D7%95%D7%9E%D7%99-jus-tice-%D7%9E%D7%A9%D7%A8%D7%95%D7%AA-%D7%A2%D7%95%D7%A8%D7%9B%D7%99-%D7%93%D7%99%D7%9F/","https://jus-tice.co.il/lawyers-consultation-international-jus-tice/",301
"http://jus-tice.co.il/articles/%D7%9E%D7%A0%D7%99%D7%95%D7%AA-%D7%9E%D7%94-%D7%94%D7%9F-%D7%A1%D7%95%D7%92%D7%99%D7%9D-%D7%A2%D7%99%D7%A7%D7%A8%D7%99%D7%99%D7%9D/","https://jus-tice.co.il/article-7849/",301
"http://jus-tice.co.il/articles/%D7%94%D7%A6%D7%A2%D7%AA-%D7%AA%D7%99%D7%A7%D7%95%D7%9F-%D7%97%D7%95%D7%A7-%D7%97%D7%99%D7%A4%D7%95%D7%A9-%D7%91%D7%9E%D7%A7%D7%95%D7%9D-%D7%9C%D7%9C%D7%90-%D7%A6%D7%95-%D7%91%D7%99%D7%AA-%D7%9E/","https://jus-tice.co.il/court-law/",301
"http://jus-tice.co.il/%D7%A2%D7%95%D7%A8%D7%9A-%D7%93%D7%99%D7%9F-%D7%A4%D7%9C%D7%99%D7%9C%D7%99-%D7%90%D7%99%D7%A8%D7%95%D7%A4%D7%94-%D7%94%D7%92%D7%A0%D7%94-%D7%A4%D7%9C%D7%99%D7%9C%D7%99%D7%AA-%D7%99%D7%A2%D7%99%D7%9C%D7%94-%D7%9E%D7%96%D7%A8%D7%97-%D7%90%D7%99%D7%A8%D7%95%D7%A4%D7%94/","https://jus-tice.co.il/criminal-law-lawyer-criminal/",301
"http://jus-tice.co.il/articles/%D7%A9%D7%99%D7%9E%D7%95%D7%A9-%D7%91%D7%9E%D7%95%D7%9E%D7%97%D7%99%D7%9D-%D7%91%D7%AA%D7%99%D7%A7%D7%99%D7%9D-%D7%A4%D7%9C%D7%99%D7%9C%D7%99%D7%99%D7%9D/","https://jus-tice.co.il/experts-criminal/",301
"http://jus-tice.co.il/articles/%D7%A4%D7%99%D7%A8%D7%95%D7%98-%D7%AA%D7%94%D7%9C%D7%99%D7%9A-%D7%94%D7%91%D7%97%D7%99%D7%A8%D7%94-%D7%A9%D7%9C-%D7%A2%D7%95%D7%A8%D7%9A-%D7%93%D7%99%D7%9F/","https://jus-tice.co.il/lawyers-ranking/",301
"http://jus-tice.co.il/articles/%D7%AA%D7%A7%D7%A6%D7%99%D7%A8-%D7%94%D7%93%D7%95%D7%97-%D7%A2%D7%9C-%D7%99%D7%99%D7%A9%D7%95%D7%9D-%D7%94%D7%97%D7%95%D7%A7-%D7%9C%D7%9E%D7%A0%D7%99%D7%A2%D7%AA-%D7%94%D7%98%D7%A8%D7%93%D7%94-%D7%9E/","https://jus-tice.co.il/law/",301
"http://jus-tice.co.il/%D7%AA%D7%99%D7%A7-104334/3-%D7%91%D7%91%D7%99%D7%AA-%D7%94%D7%93%D7%99%D7%9F-%D7%94%D7%A8%D7%91%D7%A0%D7%99-%D7%94%D7%90%D7%96%D7%95%D7%A8%D7%99-%D7%91%D7%90%D7%A8-%D7%A9%D7%91%D7%A2/","https://jus-tice.co.il/law-6462/",301
"http://jus-tice.co.il/labor-law/%D7%97%D7%95%D7%A7-%D7%94%D7%95%D7%93%D7%A2%D7%94-%D7%9E%D7%95%D7%A7%D7%93%D7%9E%D7%AA-%D7%9C%D7%A4%D7%99%D7%98%D7%95%D7%A8%D7%99%D7%9D-%D7%95%D7%9C%D7%94%D7%AA%D7%A4%D7%98%D7%A8%D7%95%D7%AA/","https://jus-tice.co.il/law-2731/",301
"https://jus-tice.co.il/articles/%d7%94%d7%97%d7%9c%d7%aa-%d7%a4%d7%a8%d7%a7-%d7%93-%d7%9c%d7%97%d7%95%d7%a7-%d7%a9%d7%99%d7%a8%d7%95%d7%aa-%d7%a2%d7%91%d7%95%d7%93%d7%94-%d7%91%d7%a9%d7%a2%d7%aa-%d7%97%d7%99%d7%a8%d7%95%d7%9d/","https://jus-tice.co.il/law-1861/",301
"https://jus-tice.co.il/articles/%d7%94%d7%95%d7%93%d7%a2%d7%94-%d7%9c%d7%a4%d7%99-%d7%94%d7%97%d7%95%d7%a7-%d7%9c%d7%a7%d7%99%d7%93%d7%95%d7%9d-%d7%94%d7%91%d7%a0%d7%99%d7%99%d7%94-%d7%91%d7%9e%d7%aa%d7%97%d7%9e%d7%99%d7%9d-%d7%9e/","https://jus-tice.co.il/law-1747/",301
"http://jus-tice.co.il/%D7%A4%D7%A1%D7%93-%D7%9E%D7%A9%D7%9E%D7%95%D7%A8%D7%AA-%D7%9E%D7%A9%D7%95%D7%AA%D7%A4%D7%AA-%D7%94%D7%A8%D7%97%D7%91%D7%AA-%D7%94%D7%A1%D7%93%D7%A8%D7%99-%D7%A9%D7%94%D7%95%D7%AA-%D7%9C%D7%90%D7%91-1244887-2/","https://jus-tice.co.il/joint-custody-visitation-arrangements-verdict-ruling-custody-1244887-2/",301
"http://jus-tice.co.il/%D7%A2%D7%9E%D7%AA20794-07-22%D7%9E%D7%93%D7%99%D7%A0%D7%AA-%D7%99%D7%A9%D7%A8%D7%90%D7%9C-%D7%A0-%D7%AA%D7%9E%D7%9D%D7%A2%D7%A6%D7%99%D7%A8/","https://jus-tice.co.il/judge-decision-20794-07-22/",301
"http://jus-tice.co.il/%D7%AA%D7%A47140-09-21%D7%9E%D7%93%D7%99%D7%A0%D7%AA-%D7%99%D7%A9%D7%A8%D7%90%D7%9C-%D7%A0-%D7%9B%D7%A8%D7%9E%D7%99/","https://jus-tice.co.il/punishment-offenses-3-7140-09-21/",301
"http://jus-tice.co.il/%D7%AA%D7%91%D7%99%D7%A2%D7%94-%D7%91%D7%99%D7%97%D7%A1-%D7%9C%D7%96%D7%9B%D7%95%D7%99%D7%95%D7%AA-%D7%99%D7%95%D7%A6%D7%A8%D7%99%D7%9D-%D7%91%D7%9E%D7%A9%D7%97%D7%A7-%D7%A9%D7%9D-%D7%A7%D7%95%D7%93/","https://jus-tice.co.il/verdict-lawsuit-rights-judge-58491-06-19/",301
"http://jus-tice.co.il/%D7%94%D7%90%D7%9D-%D7%99%D7%A9-%D7%9E%D7%A7%D7%95%D7%9D-%D7%9C%D7%94%D7%9B%D7%99%D7%A8-%D7%91%D7%A9%D7%9C%D7%99%D7%97%D7%99%D7%9D-%D7%A9%D7%9C-%D7%95%D7%95%D7%9C%D7%98-%D7%9B%D7%A2%D7%95%D7%91%D7%93%D7%99-%D7%95%D7%95%D7%9C%D7%98/","https://jus-tice.co.il/judge-israel-wolt-35327-08-20/",301
"http://jus-tice.co.il/%D7%94%D7%98%D7%A8%D7%99%D7%A7%D7%99%D7%9D-%D7%94%D7%9E%D7%9C%D7%95%D7%9B%D7%9C%D7%9B%D7%99%D7%9D-%D7%91%D7%99%D7%95%D7%AA%D7%A8-%D7%9C%D7%92%D7%99%D7%A8%D7%95%D7%A9%D7%99%D7%9F/","https://jus-tice.co.il/divorce/",301
"http://jus-tice.co.il/%D7%AA%D7%99%D7%A7-1237405/8%D7%94%D7%91%D7%A2%D7%9C-%D7%9C%D7%90-%D7%97%D7%99%D7%99%D7%91-%D7%9C%D7%90%D7%99%D7%A9%D7%94-%D7%9E%D7%97%D7%A6%D7%99%D7%AA-%D7%9E%D7%94%D7%9E%D7%92%D7%A8%D7%A9/","https://jus-tice.co.il/dissolution/",301
"http://jus-tice.co.il/%D7%A1%D7%98%D7%98%D7%99%D7%A1%D7%98%D7%99%D7%A7%D7%94-%D7%A2%D7%9C-%D7%92%D7%99%D7%A8%D7%95%D7%A9%D7%99%D7%9F/","https://jus-tice.co.il/separation/",301
"https://jus-tice.co.il/articles/%d7%94%d7%a0%d7%93%d7%95%d7%9f-%d7%94%d7%9e%d7%9c%d7%a6%d7%94-%d7%9c%d7%92%d7%99%d7%a8%d7%95%d7%a9%d7%99%d7%9f/","https://jus-tice.co.il/marital-separation/",301
"http://jus-tice.co.il/articles/%D7%AA%D7%91%D7%99%D7%A2%D7%94-%D7%A2%D7%A1-90031-%D7%91%D7%A2%D7%99%D7%9C%D7%95%D7%AA-%D7%A9%D7%9C-%D7%94%D7%98%D7%A8%D7%93%D7%94-%D7%9E%D7%99%D7%A0%D7%99%D7%AA-%D7%AA%D7%A7%D7%99/","https://jus-tice.co.il/defamation-lawsuit-900-31/",301
"http://jus-tice.co.il/articles/%D7%A2%D7%A8%D7%A2%D7%95%D7%A8-%D7%A4%D7%9C%D7%99%D7%9C%D7%99-%D7%9E%D7%A1-50-31-%D7%91%D7%91%D7%99%D7%AA-%D7%94%D7%9E%D7%A9%D7%A4%D7%98-%D7%94%D7%A2%D7%9C%D7%99%D7%95%D7%9F-%D7%91%D7%A9%D7%91/","https://jus-tice.co.il/court-appeal-criminal-tax-house-50/",301
"http://jus-tice.co.il/%D7%AA%D7%A4%D7%97%D7%A226551-01-21%D7%9E%D7%93%D7%99%D7%A0%D7%AA-%D7%99%D7%A9%D7%A8%D7%90%D7%9C-%D7%A0-%D7%99%D7%95%D7%A1%D7%A3%D7%A2%D7%A6%D7%99%D7%A8/","https://jus-tice.co.il/sex-offenses-criminal-defendant-26551-01-21/",301
"http://jus-tice.co.il/%D7%AA%D7%9015566-11-18%D7%93%D7%95%D7%99%D7%98%D7%A9-%D7%A0-%D7%90%D7%95%D7%A0%D7%99%D7%91%D7%A8%D7%A1%D7%99%D7%98%D7%AA-%D7%AA%D7%9C-%D7%90%D7%91%D7%99%D7%91/","https://jus-tice.co.il/injunction-compensation-30-000-15566-11-18/",301
"http://jus-tice.co.il/articles/%D7%A4%D7%A1%D7%93-%D7%A0%D7%99%D7%94%D7%95%D7%9C-%D7%AA%D7%91%D7%99%D7%A2%D7%AA-%D7%92%D7%99%D7%A8%D7%95%D7%A9%D7%99%D7%9F-%D7%9E%D7%97%D7%95%D7%9C-%D7%91%D7%90%D7%9E%D7%A6%D7%A2%D7%95%D7%AA/","https://jus-tice.co.il/rabbinical-court-verdict-lawsuit-divorce-1268530-3/",301
"http://jus-tice.co.il/articles/%D7%A4%D7%A1%D7%93-%D7%91%D7%A2%D7%A8%D7%A8-%D7%A9%D7%9C-%D7%96%D7%95%D7%92-%D7%A9%D7%9E%D7%91%D7%A7%D7%A9-%D7%9C%D7%91%D7%98%D7%9C-%D7%A9%D7%95%D7%9E%D7%AA-%D7%9E%D7%A1-%D7%A8%D7%9B%D7%99%D7%A9/","https://jus-tice.co.il/purchase-tax-verdict-claim-63044-06-20/",301
"http://jus-tice.co.il/articles/%D7%94%D7%A9%D7%95%D7%A4%D7%98-%D7%99%D7%97%D7%96%D7%A7%D7%90%D7%9C-%D7%90%D7%9C%D7%99%D7%94%D7%95-%D7%94%D7%97%D7%9C%D7%98%D7%94-%D7%91%D7%91%D7%A7%D7%A9%D7%94-%D7%9C%D7%A6%D7%A8%D7%A3-%D7%AA%D7%95/","https://jus-tice.co.il/court-judge-decision-request-process-civil/",301
"http://jus-tice.co.il/%D7%96%D7%99%D7%9B%D7%95%D7%99-%D7%A0%D7%94%D7%92-%D7%9E%D7%A9%D7%90%D7%99%D7%AA-%D7%A9%D7%94%D7%95%D7%90%D7%A9%D7%9D-%D7%91%D7%92%D7%A8%D7%99%D7%9E%D7%AA-%D7%9E%D7%95%D7%95%D7%AA-%D7%91%D7%A8%D7%A9%D7%9C%D7%A0%D7%95%D7%AA-%D7%AA%D7%99%D7%A7-56-03-20/","https://jus-tice.co.il/acquittal-56-03-20/",301
"http://jus-tice.co.il/%D7%A2%D7%95%D7%A8%D7%9A-%D7%93%D7%99%D7%9F-%D7%A4%D7%9C%D7%99%D7%9C%D7%99-%D7%A1%D7%A8%D7%99-%D7%9C%D7%A0%D7%A7%D7%94-%D7%99%D7%99%D7%A6%D7%95%D7%92-%D7%A2%D7%95%D7%A8%D7%9A-%D7%93%D7%99%D7%9F-%D7%91%D7%A1%D7%A8%D7%99-%D7%9C%D7%A0%D7%A7%D7%94/","https://jus-tice.co.il/criminal-law-lawyer-representation/",301
"http://jus-tice.co.il/%D7%AA%D7%90-48441-01-15-%D7%A4%D7%9C%D7%95%D7%A0%D7%99-%D7%A0%D7%92%D7%93-%D7%9E%D7%92%D7%93%D7%9C-%D7%97%D7%91%D7%A8%D7%94-%D7%9C%D7%91%D7%99%D7%98%D7%95%D7%97/","https://jus-tice.co.il/insurance-company-prosecutor-investigation-ruling/",301
"http://jus-tice.co.il/%D7%94%D7%A0%D7%97%D7%99%D7%94-81100-52001%D7%90-%D7%94%D7%99%D7%95%D7%A2%D7%A5-%D7%94%D7%9E%D7%A9%D7%A4%D7%98%D7%99-%D7%9C%D7%9E%D7%9E%D7%A9%D7%9C%D7%94/","https://jus-tice.co.il/criminal/",301
"http://jus-tice.co.il/%D7%A0%D7%99%D7%94%D7%95%D7%9C-%D7%9E%D7%90%D7%92%D7%A8-%D7%A0%D7%AA%D7%95%D7%A0%D7%99-%D7%96%D7%99%D7%94%D7%95%D7%99-%D7%A4%D7%9C%D7%99%D7%9C%D7%99/","https://jus-tice.co.il/defense/",301
"http://jus-tice.co.il/psakdin/%D7%94%D7%92%D7%91%D7%9C%D7%94-%D7%A2%D7%9C-%D7%9E%D7%A1%D7%99%D7%A8%D7%AA-%D7%9E%D7%99%D7%93%D7%A2-%D7%9E%D7%94%D7%9E%D7%A8%D7%A9%D7%9D-%D7%94%D7%A4%D7%9C%D7%99%D7%9C%D7%99-%D7%95%D7%A7%D7%99%D7%A6%D7%95%D7%A8-%D7%AA%D7%A7%D7%95%D7%A4%D7%AA-%D7%94%D7%A8%D7%99%D7%A9%D7%95%D7%9D/","https://jus-tice.co.il/prosecution/",301
"http://jus-tice.co.il/psakdin/%D7%A0%D7%98%D7%9C-%D7%94%D7%94%D7%95%D7%9B%D7%97%D7%94-%D7%9C%D7%A7%D7%99%D7%95%D7%9E%D7%95-%D7%A9%D7%9C-%D7%A1%D7%99%D7%99%D7%92-%D7%9C%D7%90%D7%97%D7%A8%D7%99%D7%95%D7%AA-%D7%A4%D7%9C%D7%99%D7%9C/","https://jus-tice.co.il/penal/",301
"http://jus-tice.co.il/articles/%D7%A2%D7%95%D7%93-%D7%A4%D7%9C%D7%99%D7%9C%D7%99/","https://jus-tice.co.il/lawsuit-criminal/",301
"http://jus-tice.co.il/%D7%94%D7%A0%D7%97%D7%99%D7%95%D7%AA-%D7%A4%D7%A8%D7%A7%D7%9C%D7%99%D7%98-%D7%94%D7%9E%D7%93%D7%99%D7%A0%D7%94-%D7%94%D7%A0%D7%97%D7%99%D7%94-%D7%9E%D7%A1%D7%A4%D7%A8-13/","https://jus-tice.co.il/criminal-evidence/",301
"http://jus-tice.co.il/articles/%D7%90%D7%A7%D7%98%D7%95%D7%90%D7%A8-%D7%9E%D7%94%D7%95-%D7%9E%D7%93%D7%A2-%D7%94%D7%90%D7%A7%D7%98%D7%95%D7%90%D7%A8%D7%99%D7%94/","https://jus-tice.co.il/article-7386/",301
"http://jus-tice.co.il/articles/%D7%96%D7%99%D7%9B%D7%95%D7%99-%D7%A0%D7%90%D7%A9%D7%9D-%D7%91%D7%AA%D7%A7%D7%99%D7%A4%D7%AA-%D7%91%D7%AA-%D7%96%D7%95%D7%92-%D7%9E%D7%97%D7%9E%D7%AA-%D7%94%D7%A1%D7%A4%D7%A7-%D7%A9%D7%95%D7%A4/","https://jus-tice.co.il/acquittal-defendant-judge-36253-05-20/",301
"http://jus-tice.co.il/%D7%99%D7%99%D7%A2%D7%95%D7%A5-%D7%A2%D7%95%D7%A8%D7%9A-%D7%93%D7%99%D7%9F-%D7%A4%D7%9C%D7%99%D7%9C%D7%99-%D7%A8%D7%90%D7%A9%D7%95%D7%A0%D7%99-%D7%9C%D7%A2%D7%A6%D7%95%D7%A8-%D7%91%D7%A4%D7%9C%D7%99%D7%9C%D7%99%D7%9D/","https://jus-tice.co.il/criminal-consultation-defendant/",301
"http://jus-tice.co.il/%D7%AA%D7%99%D7%A7-916847/5-%D7%91%D7%91%D7%99%D7%AA-%D7%94%D7%93%D7%99%D7%9F-%D7%94%D7%A8%D7%91%D7%A0%D7%99-%D7%94%D7%90%D7%96%D7%95%D7%A8%D7%99-%D7%90%D7%A9%D7%93%D7%95%D7%93/","https://jus-tice.co.il/apartment-divorce-price-appraisal/",301
"http://jus-tice.co.il/%D7%A2%D7%95%D7%A8%D7%9A-%D7%93%D7%99%D7%9F-%D7%9E%D7%95%D7%9E%D7%9C%D7%A5-%D7%9E%D7%94%D7%99-%D7%A8%D7%A9%D7%9C%D7%A0%D7%95%D7%AA-%D7%A2%D7%95%D7%95%D7%9C%D7%AA-%D7%94%D7%A8%D7%A9%D7%9C%D7%A0%D7%95%D7%AA/","https://jus-tice.co.il/article-7305/",301
"http://jus-tice.co.il/articles/%D7%94%D7%A6%D7%A2%D7%AA-%D7%97%D7%95%D7%A7-%D7%93%D7%99%D7%A0%D7%99-%D7%9E%D7%9E%D7%95%D7%A0%D7%95%D7%AA-%D7%94%D7%AA%D7%A9%D7%A2%D7%90-2011-%D7%A2%D7%9D-%D7%94%D7%A1%D7%91%D7%A8%D7%99%D7%9D/","https://jus-tice.co.il/law-laws-2011/",301
"http://jus-tice.co.il/articles/%D7%92%D7%99%D7%A8%D7%95%D7%A9%D7%99%D7%9F-%D7%94%D7%90%D7%9D-%D7%97%D7%9C-%D7%97%D7%A8%D7%9D-%D7%93%D7%A8%D7%91%D7%A0%D7%95-%D7%92%D7%A8%D7%A9%D7%95%D7%9D-%D7%9B%D7%90%D7%A9%D7%A8-%D7%A0%D7%9E%D7%A6/","https://jus-tice.co.il/divorce-get-divorce/",301
"http://jus-tice.co.il/articles/%D7%94%D7%A0%D7%93%D7%95%D7%9F-%D7%97%D7%A1%D7%99%D7%95%D7%9F-%D7%A2%D7%95%D7%A8%D7%9A-%D7%93%D7%99%D7%9F-%D7%9C%D7%A7%D7%95%D7%97-%D7%9C%D7%A2%D7%95%D7%9E%D7%AA-%D7%97%D7%95%D7%91%D7%AA/","https://jus-tice.co.il/lawyer-rabbinical-court-law-ownership-fraud-house/",301
"http://jus-tice.co.il/articles/%D7%A4%D7%A1%D7%93-%D7%94%D7%A1%D7%9B%D7%9D-%D7%9E%D7%9E%D7%95%D7%9F-%D7%A9%D7%A0%D7%97%D7%AA%D7%9D-%D7%95%D7%91%D7%95%D7%98%D7%9C-%D7%91%D7%A4%D7%A0%D7%99-%D7%A0%D7%95%D7%98%D7%A8%D7%99%D7%95/","https://jus-tice.co.il/prenuptial-agreement-rabbinical-court-haifa-verdict-notary-apartment/",301
"http://jus-tice.co.il/articles/%D7%92%D7%99%D7%A8%D7%95%D7%A9%D7%99%D7%9F-%D7%A8%D7%91%D7%A0%D7%99-%D7%A7%D7%91%D7%99%D7%A2%D7%AA-%D7%91%D7%A2%D7%9C%D7%95%D7%AA-%D7%93%D7%99%D7%A8%D7%94-%D7%A9%D7%A0%D7%A7%D7%A0%D7%AA%D7%94-%D7%A2/","https://jus-tice.co.il/divorce-ownership-apartment-property/",301
"http://jus-tice.co.il/articles/%D7%A8%D7%91%D7%A0%D7%99-%D7%9E%D7%96%D7%95%D7%A0%D7%95%D7%AA-%D7%99%D7%9C%D7%93%D7%99%D7%9D-%D7%99%D7%A1%D7%95%D7%93%D7%95%D7%AA-%D7%97%D7%99%D7%95%D7%91-%D7%91%D7%93%D7%9E%D7%99-%D7%98%D7%99%D7%A4/","https://jus-tice.co.il/child-support/",301
"http://jus-tice.co.il/psakdin/%D7%A2%D7%A8%D7%9B%D7%95-%D7%A9%D7%9C-%D7%A6%D7%A7-%D7%9E%D7%96%D7%95%D7%99%D7%99%D7%A3-%D7%A9%D7%99%D7%A7-%D7%90%D7%A9%D7%A8-%D7%97%D7%AA%D7%99%D7%9E%D7%AA-%D7%A2%D7%95%D7%A9%D7%94%D7%95-%D7%96/","https://jus-tice.co.il/signing-14605-01-18/",301
"http://jus-tice.co.il/%D7%A2%D7%95%D7%93-%D7%92%D7%99%D7%A8%D7%95%D7%A9%D7%99%D7%9F-%D7%9E%D7%95%D7%9E%D7%9C%D7%A5-%D7%9B%D7%99%D7%A6%D7%93-%D7%9C%D7%9E%D7%A6%D7%95%D7%90-%D7%A2%D7%95%D7%A8%D7%9A-%D7%93%D7%99%D7%9F-%D7%92%D7%99%D7%A8%D7%95%D7%A9%D7%99%D7%9F-%D7%95%D7%9B%D7%9E%D7%94-%D7%A2%D7%95%D7%9C%D7%94-%D7%9C%D7%94%D7%AA%D7%92%D7%A8%D7%A9/","https://jus-tice.co.il/family-law-lawyer-divorce-wills-law-recommendations/",301
"http://jus-tice.co.il/%D7%94%D7%90%D7%9D-%D7%AA%D7%A9%D7%9C%D7%9D-%D7%9E%D7%96%D7%95%D7%A0%D7%95%D7%AA-%D7%99%D7%9C%D7%93%D7%99%D7%9D-%D7%91%D7%99%D7%AA-%D7%93%D7%99%D7%9F-%D7%A8%D7%91%D7%A0%D7%99-2022/","https://jus-tice.co.il/alimony-law-1190454-6/",301
"http://jus-tice.co.il/%D7%AA%D7%99%D7%A7-1268522/4-%D7%91%D7%91%D7%99%D7%AA-%D7%94%D7%93%D7%99%D7%9F-%D7%94%D7%A8%D7%91%D7%A0%D7%99-%D7%94%D7%90%D7%96%D7%95%D7%A8%D7%99-%D7%A4%D7%AA%D7%97-%D7%AA%D7%A7%D7%95%D7%95%D7%94/","https://jus-tice.co.il/petah-tikva-rabbinical-court-verdict-8216-1268522-4/",301
"http://jus-tice.co.il/articles/%D7%A4%D7%A1%D7%93-%D7%91%D7%AA%D7%95%D7%91%D7%A2%D7%A0%D7%94-%D7%A9%D7%9C-%D7%90%D7%99%D7%A9%D7%94-%D7%9C%D7%91%D7%99%D7%A6%D7%95%D7%A2-%D7%A4%D7%A1%D7%93-%D7%91%D7%A0%D7%95%D7%92%D7%A2-%D7%9C/","https://jus-tice.co.il/verdict-apartment-ownership-35787-02-22/",301
"http://jus-tice.co.il/articles/%D7%94%D7%90%D7%9D-%D7%A0%D7%99%D7%AA%D7%9F-%D7%9C%D7%94%D7%A6%D7%99%D7%92-%D7%97%D7%95%D7%95%D7%AA-%D7%93%D7%A2%D7%AA-%D7%A4%D7%A8%D7%98%D7%99%D7%AA-%D7%9C%D7%9E%D7%95%D7%9E%D7%97%D7%94-%D7%A9%D7%9E/","https://jus-tice.co.il/legal-opinion-expert-house-6211-04-22/",301
"http://jus-tice.co.il/articles/%D7%A4%D7%A1%D7%93-%D7%AA%D7%91%D7%99%D7%A2%D7%AA-%D7%9B%D7%AA%D7%95%D7%91%D7%94-%D7%A9%D7%94%D7%92%D7%99%D7%A9%D7%95-%D7%99%D7%95%D7%A8%D7%A9%D7%99-%D7%94%D7%90%D7%99%D7%A9%D7%94-%D7%A0%D7%92/","https://jus-tice.co.il/rabbinical-court-haifa-verdict-lawsuit-ketubah-1303958-1/",301
"http://jus-tice.co.il/%D7%A4%D7%A1%D7%93-%D7%94%D7%A4%D7%A1%D7%93-%D7%9B%D7%AA%D7%95%D7%91%D7%94-%D7%91%D7%90%D7%99%D7%A9%D7%94-%D7%A9%D7%99%D7%96%D7%9E%D7%94-%D7%90%D7%AA-%D7%94%D7%92%D7%99%D7%A8%D7%95%D7%A9%D7%99%D7%9F-1236570-2-%D7%91%D7%99%D7%94%D7%93-%D7%97%D7%99%D7%A4%D7%94/","https://jus-tice.co.il/rabbinical-court-haifa-verdict-ketubah-divorce-1236570-2/",301
"http://jus-tice.co.il/%D7%A4%D7%A1%D7%93-%D7%93%D7%97%D7%99%D7%99%D7%AA-%D7%91%D7%A7%D7%A9%D7%94-%D7%9C%D7%91%D7%99%D7%98%D7%95%D7%9C-%D7%A6%D7%95-%D7%99%D7%A8%D7%95%D7%A9%D7%94-%D7%91%D7%92%D7%9C%D7%9C-%D7%A6%D7%95%D7%95%D7%90%D7%94-%D7%A9%D7%A0%D7%9E%D7%A6%D7%90%D7%94-%D7%9C%D7%90%D7%97%D7%A8-%D7%A9%D7%A0%D7%99%D7%9D-%D7%A8%D7%91%D7%95%D7%AA-491180-3-%D7%91%D7%99%D7%94%D7%93-%D7%97%D7%99%D7%A4%D7%94/","https://jus-tice.co.il/inheritance-order-rabbinical-court-haifa-verdict-request-cancellation/",301
"http://jus-tice.co.il/%D7%94%D7%90%D7%9D-%D7%94%D7%91%D7%A2%D7%9C-%D7%A8%D7%A9%D7%90%D7%99-%D7%9C%D7%A2%D7%9B%D7%91-%D7%90%D7%AA-%D7%94%D7%92%D7%98-%D7%91%D7%98%D7%A2%D7%A0%D7%94-%D7%A9%D7%A2%D7%A8%D7%9B%D7%90%D7%95%D7%AA-%D7%91%D7%90%D7%A8%D7%94%D7%91-%D7%94%D7%99%D7%98%D7%95-%D7%90%D7%AA-%D7%93%D7%99%D7%A0%D7%95-1345115-4-%D7%91%D7%99%D7%94%D7%93-%D7%99%D7%A8%D7%95%D7%A9%D7%9C%D7%99%D7%9D/","https://jus-tice.co.il/jerusalem-rabbinical-court-get-divorce-claim-1345115-4/",301
"http://jus-tice.co.il/%D7%94%D7%A1%D7%9B%D7%9D-%D7%9E%D7%AA%D7%A0%D7%94-%D7%91%D7%99%D7%9F-%D7%91%D7%A0%D7%99-%D7%96%D7%95%D7%92-%D7%9B%D7%9E%D7%91%D7%A1%D7%A1-%D7%A7%D7%A0%D7%99%D7%99%D7%9F-%D7%95%D7%9E%D7%95%D7%9B%D7%99%D7%97-%D7%9B%D7%95%D7%95%D7%A0%D7%AA-%D7%A9%D7%99%D7%AA%D7%95%D7%A3-%D7%90%D7%A3-%D7%9C%D7%9C%D7%90-%D7%A8%D7%99%D7%A9%D7%95%D7%9D-809633-3-%D7%91%D7%99%D7%94%D7%93-%D7%94%D7%92%D7%93%D7%95%D7%9C/","https://jus-tice.co.il/rabbinical-court-verdict-agreement-809633-3/",301
"http://jus-tice.co.il/%D7%93%D7%97%D7%99%D7%99%D7%AA-%D7%93%D7%A8%D7%99%D7%A9%D7%94-%D7%9C%D7%A2%D7%99%D7%9B%D7%95%D7%91-%D7%92%D7%99%D7%A8%D7%95%D7%A9%D7%99%D7%9F-%D7%9C%D7%A9%D7%9D-%D7%94%D7%96%D7%9E%D7%AA-%D7%98%D7%A2%D7%A0%D7%95%D7%AA-%D7%A9%D7%9C%D7%90-%D7%94%D7%97%D7%9C-%D7%91%D7%99%D7%A8%D7%95%D7%A8%D7%9F-%D7%A9%D7%A4%D7%A1%D7%99%D7%A7%D7%AA-%D7%94%D7%92%D7%99%D7%A8%D7%95%D7%A9%D7%99%D7%9F-%D7%90%D7%99%D7%A0%D7%94-%D7%9E%D7%95%D7%A9%D7%AA%D7%AA%D7%AA-%D7%A2%D7%9C%D7%99%D7%94%D7%9F-%D7%95%D7%A9%D7%94%D7%96%D7%9E%D7%AA%D7%9F-%D7%9E%D7%91%D7%95%D7%A7%D7%A9%D7%AA-%D7%9C%D7%A6%D7%95%D7%A8%D7%9A-%D7%94%D7%9C%D7%99%D7%9A-%D7%90%D7%97%D7%A8-1353339-1-%D7%91%D7%99%D7%94%D7%93-%D7%94%D7%92%D7%93%D7%95%D7%9C/","https://jus-tice.co.il/rabbinical-court-divorce-claims-process-1353339-1/",301
"http://jus-tice.co.il/%D7%A4%D7%A1%D7%93-%D7%97%D7%99%D7%95%D7%91-%D7%92%D7%98-%D7%91%D7%92%D7%99%D7%9F-%D7%9E%D7%90%D7%99%D7%A1%D7%95%D7%AA-%D7%90%D7%99%D7%A9%D7%94-%D7%91%D7%91%D7%A2%D7%9C-%D7%A4%D7%99%D7%A8%D7%95%D7%93-%D7%9E%D7%9E%D7%95%D7%A9%D7%9A-%D7%95%D7%9E%D7%A9%D7%A0%D7%99%D7%9B%D7%A8-%D7%9B%D7%99-%D7%A4%D7%A0%D7%99-%D7%94%D7%A6%D7%93%D7%93%D7%99%D7%9D-%D7%9C%D7%92%D7%99%D7%A8%D7%95%D7%A9%D7%99%D7%9F-1343730-1-%D7%91%D7%99%D7%94%D7%93-%D7%94%D7%92%D7%93%D7%95%D7%9C/","https://jus-tice.co.il/rabbinical-court-verdict-get-divorce-divorce-1343730-1/",301
"http://jus-tice.co.il/%D7%A2%D7%95%D7%A0%D7%A9-%D7%A4%D7%9C%D7%99%D7%9C%D7%99-%D7%A0%D7%90%D7%A9%D7%9D-%D7%91%D7%A8%D7%A6%D7%97-%D7%90%D7%99%D7%A9%D7%94-%D7%91%D7%A0%D7%AA%D7%A0%D7%99%D7%94-%D7%AA%D7%A4%D7%97-4710-11-18/","https://jus-tice.co.il/punishment-criminal-defendant-4710-11-18/",301
"http://jus-tice.co.il/psakdin/%D7%AA%D7%A669551-01-18%D7%92%D7%A8%D7%95%D7%A4%D7%A8-%D7%A0-%D7%90%D7%9C%D7%95%D7%A0%D7%99%D7%90%D7%9C-%D7%91%D7%A2%D7%9E/","https://jus-tice.co.il/approval-lawsuit/",301
"http://jus-tice.co.il/%D7%A8%D7%9E%D7%A929980-04-22%D7%A2-%D7%90-%D7%95-%D7%A0-%D7%A4-%D7%95/","https://jus-tice.co.il/verdict-appeal-decision-alimony-29980-04-22/",301
"http://jus-tice.co.il/%D7%97%D7%9C%D7%95%D7%A7%D7%AA-%D7%93%D7%99%D7%A8%D7%94-%D7%94%D7%A8%D7%A9%D7%95%D7%9E%D7%94-%D7%A2%D7%9C-%D7%A9%D7%9D-%D7%94%D7%90%D7%99%D7%A9%D7%94-%D7%9E%D7%A9%D7%99%D7%A7%D7%95%D7%9C%D7%99-%D7%9E%D7%A1-%D7%90%D7%A9%D7%A8-%D7%A0%D7%A8%D7%9B%D7%A9%D7%94-%D7%9E%D7%9B%D7%A1%D7%A4%D7%99%D7%9D-%D7%9E%D7%A9%D7%95%D7%AA%D7%A4%D7%99%D7%9D/","https://jus-tice.co.il/apartment-tax-partners/",301
"http://jus-tice.co.il/articles/%D7%AA%D7%A4-26290-04-18-%D7%9E%D7%93%D7%99%D7%A0%D7%AA-%D7%99%D7%A9%D7%A8%D7%90%D7%9C-%D7%A0-%D7%99%D7%95%D7%A1%D7%A4%D7%94-%D7%91%D7%A8%D7%A7/","https://jus-tice.co.il/acquittal-offense-criminal-26290-04-18/",301
"http://jus-tice.co.il/articles/%D7%AA%D7%90-39115-08-19-%D7%A4%D7%9C%D7%95%D7%A0%D7%99-%D7%A0-%D7%90%D7%9C%D7%99%D7%9E%D7%9C%D7%9A-%D7%95%D7%90%D7%97/","https://jus-tice.co.il/car-accident-compensation-39115-08-19/",301
"http://jus-tice.co.il/articles/%D7%AA%D7%90-40044-06-18-%D7%A4%D7%A8%D7%95%D7%99%D7%A7%D7%98-%D7%9E%D7%A8%D7%9B%D7%96-%D7%A0%D7%AA%D7%A0%D7%99%D7%94-%D7%9B%D7%97%D7%95%D7%9C-%D7%9C%D7%91%D7%9F-%D7%91%D7%A2%D7%9E-%D7%95%D7%90/","https://jus-tice.co.il/verdict-lawsuits-real-estate-40044-06-18/",301
"http://jus-tice.co.il/articles/%D7%AA%D7%9C%D7%94%D7%9E7679-12-21%D7%A4%D7%9C%D7%95%D7%A0%D7%99-%D7%A0-%D7%A4%D7%9C%D7%95%D7%A0%D7%99%D7%AA/","https://jus-tice.co.il/7679-12-21/",301
"http://jus-tice.co.il/%D7%9E%D7%A9%D7%9E%D7%95%D7%A8%D7%AA-%D7%91%D7%9C%D7%A2%D7%93%D7%99%D7%AA-%D7%9C%D7%90%D7%9D-%D7%95%D7%A9%D7%99%D7%AA%D7%95%D7%A4%D7%99%D7%95%D7%AA-%D7%99%D7%97%D7%A1%D7%99%D7%AA-%D7%91%D7%9E%D7%A1%D7%92%D7%A8%D7%AA-%D7%90%D7%99%D7%96%D7%95%D7%9F-%D7%9E%D7%A9%D7%90%D7%91%D7%99%D7%9D-%D7%AA%D7%9C%D7%94%D7%9E-37049-07-18/","https://jus-tice.co.il/verdict-custody-37049-07-18/",301
"http://jus-tice.co.il/%D7%96%D7%99%D7%9B%D7%95%D7%99-%D7%AA%D7%A7%D7%99%D7%A4%D7%94-%D7%98%D7%A2%D7%A0%D7%AA-%D7%94%D7%92%D7%A0%D7%94-%D7%A2%D7%A6%D7%9E%D7%99%D7%AA-%D7%AA%D7%A4-5455-11-20/","https://jus-tice.co.il/acquittal-defendant-claim-5455-11-20/",301
"http://jus-tice.co.il/psakdin/%D7%AA%D7%9048152-03-22%D7%A9%D7%9C%D7%99%D7%A1%D7%9C-%D7%A0-%D7%A1%D7%98%D7%99%D7%A7%D7%A1%D7%A4%D7%99%D7%99-%D7%A7%D7%95%D7%9E%D7%99%D7%95%D7%A0%D7%99%D7%A7%D7%99%D7%99%D7%A9%D7%A0%D7%A1-%D7%91%D7%A2%D7%9E-%D7%95%D7%90%D7%97/","https://jus-tice.co.il/verdict-request/",301
"http://jus-tice.co.il/%D7%97%D7%96%D7%A7%D7%AA-%D7%91%D7%A0%D7%99-%D7%96%D7%95%D7%92-%D7%9B%D7%A0%D7%A9%D7%95%D7%90%D7%99%D7%9D-%D7%AA%D7%95%D7%A7%D7%A4%D7%9D-%D7%A9%D7%9C-%D7%A0%D7%99%D7%A9%D7%95%D7%90%D7%99%D7%9F-%D7%A4%D7%A8%D7%98%D7%99%D7%99%D7%9D-%D7%91%D7%A7%D7%A9%D7%94-%D7%9C%D7%A7%D7%91%D7%99%D7%A2%D7%AA-%D7%9E%D7%A2%D7%9E%D7%93-%D7%9C%D7%96%D7%95%D7%92/","https://jus-tice.co.il/judgment-request/",301
"http://jus-tice.co.il/psakdin/%D7%A4%D7%A1%D7%A7-%D7%93%D7%99%D7%9F-%D7%A4%D7%99%D7%A6%D7%95%D7%99%D7%99-%D7%A4%D7%99%D7%98%D7%95%D7%A8%D7%99%D7%9F-%D7%AA%D7%91%D7%99%D7%A2%D7%94-%D7%9C%D7%94%D7%A8%D7%9E%D7%AA-%D7%9E%D7%A1%D7%9A/","https://jus-tice.co.il/verdict-compensation-lawsuit/",301
"http://jus-tice.co.il/%D7%AA%D7%90-48125-05-18-%D7%92%D7%91%D7%90%D7%99-%D7%95%D7%90%D7%97-%D7%A0-%D7%A7%D7%91%D7%95%D7%A6%D7%AA-%D7%97%D7%92%D7%92-%D7%99%D7%99%D7%96%D7%95%D7%9D-%D7%A0%D7%93%D7%9C%D7%9F/","https://jus-tice.co.il/laws-law-apartments/",301
"http://jus-tice.co.il/articles/%D7%94%D7%90%D7%9D-%D7%99%D7%A9-%D7%9C%D7%97%D7%99%D7%99%D7%91-%D7%90%D7%AA-%D7%94%D7%91%D7%A2%D7%9C-%D7%9C%D7%A9%D7%9C%D7%9D-%D7%9C%D7%AA%D7%95%D7%91%D7%A2%D7%AA-%D7%A4%D7%99%D7%A6%D7%95%D7%99/","https://jus-tice.co.il/compensation-7837-01-19/",301
"http://jus-tice.co.il/%D7%A1%D7%A2%D7%A963705-06-19-%D7%AA%D7%91%D7%99%D7%A2%D7%94-%D7%91%D7%92%D7%99%D7%9F-%D7%A4%D7%99%D7%A6%D7%95%D7%99%D7%99-%D7%A4%D7%99%D7%98%D7%95%D7%A8%D7%99%D7%9D/","https://jus-tice.co.il/lawsuit-compensation/",301
"http://jus-tice.co.il/%D7%AA%D7%903634-10-16%D7%A4%D7%9C%D7%95%D7%A0%D7%99-%D7%A0-%D7%90%D7%92%D7%93-%D7%AA%D7%A2%D7%91%D7%95%D7%A8%D7%94-%D7%91%D7%A2%D7%9E/","https://jus-tice.co.il/compensation-448/",301
"http://jus-tice.co.il/%D7%A1%D7%A2%D7%A934999-11-21-%D7%A1%D7%A2%D7%99%D7%A3-46-%D7%90-%D7%9C%D7%AA%D7%A7%D7%A0%D7%95%D7%AA-%D7%91%D7%99%D7%AA-%D7%94%D7%93%D7%99%D7%9F-%D7%9C%D7%A2%D7%91%D7%95%D7%93%D7%94/","https://jus-tice.co.il/rabbinical-court-request-regulations-46/",301
"http://jus-tice.co.il/psakdin/%D7%91%D7%A7%D7%A9%D7%94-%D7%9C%D7%90%D7%99%D7%A9%D7%95%D7%A8-%D7%94%D7%A1%D7%93%D7%A8-%D7%97%D7%95%D7%91-%D7%95%D7%91%D7%A7%D7%A9%D7%95%D7%AA-%D7%9C%D7%9E%D7%AA%D7%9F-%D7%A6%D7%95-%D7%9C%D7%A4%D7%AA/","https://jus-tice.co.il/request-approval-procedure-proceedings-11879-05-22/",301
"http://jus-tice.co.il/%D7%96%D7%99%D7%9B%D7%95%D7%99-%D7%9E%D7%97%D7%9E%D7%AA-%D7%94%D7%AA%D7%A7%D7%99%D7%99%D7%9E%D7%95%D7%AA%D7%94-%D7%A9%D7%9C-%D7%94%D7%92%D7%A0%D7%AA-%D7%96%D7%95%D7%98%D7%99-%D7%93%D7%91%D7%A8%D7%99%D7%9D-%D7%AA%D7%A4-4122-08-21/","https://jus-tice.co.il/criminal-acquittal-4122-08-21/",301
"http://jus-tice.co.il/psakdin/%D7%97%D7%99%D7%95%D7%91-%D7%A2%D7%95%D7%A8%D7%9B%D7%AA-%D7%93%D7%99%D7%9F-%D7%91%D7%A4%D7%99%D7%A6%D7%95%D7%99-%D7%9C%D7%A7%D7%95%D7%97%D7%95%D7%AA-%D7%91%D7%92%D7%99%D7%9F-%D7%90%D7%99-%D7%99%D7%99/","https://jus-tice.co.il/attorney-compensation-13590-07-17/",301
"http://jus-tice.co.il/articles/%D7%A4%D7%A8%D7%A9%D7%A0%D7%95%D7%AA-%D7%94%D7%A1%D7%9B%D7%9D-%D7%92%D7%99%D7%A8%D7%95%D7%A9%D7%99%D7%9F-%D7%A9%D7%99%D7%A9-%D7%91%D7%95-%D7%A1%D7%A4%D7%A7-%D7%91%D7%A1%D7%A2%D7%99%D7%A3-%D7%94%D7%95/","https://jus-tice.co.il/divorce-agreement-pension/",301
"http://jus-tice.co.il/articles/%D7%90%D7%99%D7%AA%D7%95%D7%A8-%D7%A2%D7%95%D7%A8%D7%9A-%D7%93%D7%99%D7%9F-%D7%9E%D7%A6%D7%99%D7%90%D7%AA-%D7%A2%D7%95%D7%A8%D7%9A-%D7%93%D7%99%D7%9F-%D7%9E%D7%95%D7%A1%D7%9E%D7%9A-%D7%A7%D7%A8/","https://jus-tice.co.il/lawyer-law/",301
"http://jus-tice.co.il/psakdin/%D7%97%D7%9C%D7%95%D7%A7%D7%AA-%D7%93%D7%99%D7%A8%D7%94-%D7%9C%D7%A4%D7%99-%D7%A8%D7%99%D7%A9%D7%95%D7%9D-%D7%9C%D7%90-%D7%A9%D7%95%D7%95%D7%99%D7%95%D7%A0%D7%99-%D7%A2%D7%9C-%D7%A4%D7%99-%D7%94%D7%A1/","https://jus-tice.co.il/prenuptial-agreement-apartment-law/",301
"http://jus-tice.co.il/articles/%D7%92%D7%96%D7%A8-%D7%93%D7%99%D7%9F-%D7%9C%D7%9E%D7%95%D7%A8%D7%A9%D7%A2-%D7%91%D7%A2%D7%91%D7%99%D7%A8%D7%95%D7%AA-%D7%90%D7%99%D7%95%D7%9E%D7%99%D7%9D-%D7%9B%D7%9C%D7%A4%D7%99-%D7%92%D7%A8%D7%95/","https://jus-tice.co.il/law-offenses-11078-11-21/",301
"http://jus-tice.co.il/articles/%D7%94%D7%99%D7%A7%D7%A3-%D7%97%D7%95%D7%9E%D7%A8-%D7%94%D7%97%D7%A7%D7%99%D7%A8%D7%94-%D7%A9%D7%99%D7%A9-%D7%9C%D7%9E%D7%A1%D7%95%D7%A8-%D7%9C%D7%A2%D7%99%D7%95%D7%9F-%D7%94%D7%AA%D7%95%D7%91%D7%A2/","https://jus-tice.co.il/investigation-prosecutor-ruling-48441-01-15/",301
"http://jus-tice.co.il/articles/%D7%A2%D7%95%D7%A0%D7%A9-%D7%A4%D7%9C%D7%99%D7%9C%D7%99-%D7%9C%D7%A0%D7%90%D7%A9%D7%9D-%D7%91%D7%9E%D7%A2%D7%A9%D7%94-%D7%9E%D7%92%D7%95%D7%A0%D7%94-%D7%91%D7%A0%D7%A1%D7%99%D7%91%D7%95%D7%AA-%D7%9E/","https://jus-tice.co.il/punishment-criminal-defendant-family-27796-06-20/",301
"http://jus-tice.co.il/articles/%D7%94%D7%97%D7%9C%D7%98%D7%94-%D7%91%D7%91%D7%A7%D7%A9%D7%AA-%D7%90%D7%9D-%D7%9C%D7%9E%D7%A9%D7%9E%D7%95%D7%A8%D7%AA-%D7%96%D7%9E%D7%A0%D7%99%D7%AA-%D7%A9%D7%9C-%D7%A7%D7%98%D7%99%D7%9F-%D7%95%D7%9C/","https://jus-tice.co.il/parental-alienation-decision-petition-custody-20158-01-22/",301
"http://jus-tice.co.il/articles/%D7%97%D7%99%D7%A9%D7%95%D7%91-%D7%A9%D7%99%D7%A2%D7%95%D7%A8-%D7%97%D7%99%D7%95%D7%91%D7%95-%D7%A9%D7%9C-%D7%90%D7%91-%D7%A9%D7%90%D7%99%D7%A0%D7%95-%D7%9E%D7%A0%D7%A6%D7%9C-%D7%90%D7%AA-%D7%9E%D7%9C/","https://jus-tice.co.il/alimony-38131-07-21/",301
"http://jus-tice.co.il/articles/%D7%9E%D7%AA%D7%99-%D7%99%D7%95%D7%92%D7%93%D7%A8-%D7%A7%D7%98%D7%99%D7%9F-%D7%9B%D7%9E%D7%A8%D7%93%D7%9F-%D7%95%D7%9E%D7%93%D7%95%D7%A2-%D7%99%D7%9E%D7%A0%D7%A2-%D7%91%D7%99%D7%AA-%D7%94%D7%9E%D7%A9/","https://jus-tice.co.il/house-pension-45248-10-21/",301
"http://jus-tice.co.il/articles/%D7%94%D7%90%D7%9D-%D7%AA%D7%A0%D7%99%D7%99%D7%AA-%D7%91%D7%95%D7%A8%D7%A8%D7%95%D7%AA-%D7%96%D7%A8%D7%94-%D7%91%D7%94%D7%A1%D7%9B%D7%9D-%D7%9E%D7%A7%D7%95%D7%95%D7%9F-%D7%A9%D7%91%D7%99%D7%9F-%D7%99/","https://jus-tice.co.il/arbitration-agreement-israeli-contract-28163-07-20/",301
"http://jus-tice.co.il/articles/%D7%9E%D7%99-%D7%A0%D7%97%D7%A9%D7%91-%D7%9E%D7%A2%D7%95%D7%A0%D7%99%D7%99%D7%9F-%D7%91%D7%93%D7%91%D7%A8-%D7%91%D7%A2%D7%9C-%D7%96%D7%9B%D7%95%D7%AA-%D7%9C%D7%A6%D7%95%D7%A8%D7%9A-%D7%94%D7%92/","https://jus-tice.co.il/right-will-37707-12-21/",301
"http://jus-tice.co.il/articles/%D7%9E%D7%96%D7%95%D7%A0%D7%95%D7%AA-%D7%94%D7%99%D7%9C%D7%93%D7%99%D7%9D-%D7%AA%D7%A9%D7%9C%D7%95%D7%9D-%D7%A4%D7%A2%D7%95%D7%98%D7%95%D7%9F-%D7%A6%D7%94%D7%A8%D7%95%D7%9F-%D7%95%D7%9E/","https://jus-tice.co.il/beer-sheva-rabbinical-court-alimony-1161022-12/",301
"http://jus-tice.co.il/1170551-5-%D7%91%D7%99%D7%94%D7%93-%D7%AA%D7%9C-%D7%90%D7%91%D7%99%D7%91-%D7%99%D7%A4%D7%95/","https://jus-tice.co.il/tel-aviv-rabbinical-court-ketubah-divorce-1170551-5/",301
"http://jus-tice.co.il/articles/%D7%94%D7%A9%D7%91%D7%AA-%D7%94%D7%9E%D7%A9%D7%9E%D7%95%D7%A8%D7%AA-%D7%9C%D7%90%D7%9D-%D7%9C%D7%90%D7%97%D7%A8-%D7%98%D7%99%D7%A4%D7%95%D7%9C-%D7%A4%D7%A1%D7%99%D7%9B%D7%95%D7%9C%D7%95%D7%92%D7%99/","https://jus-tice.co.il/custody/",301
"http://jus-tice.co.il/%D7%A4%D7%A1%D7%93-%D7%91%D7%A0%D7%95%D7%A9%D7%90-%D7%97%D7%95%D7%A4%D7%A9-%D7%94%D7%A2%D7%99%D7%A1%D7%95%D7%A7-%D7%A1%D7%A2%D7%A9-49088-11-18/","https://jus-tice.co.il/verdict-enforcement-agreement-49088-11-18/",301
"http://jus-tice.co.il/%D7%94%D7%A9%D7%95%D7%A4%D7%98-%D7%90%D7%A8%D7%99%D7%90%D7%9C-%D7%9E%D7%9E%D7%9F-%D7%94%D7%97%D7%9C%D7%98%D7%94-%D7%9C%D7%9E%D7%AA%D7%9F-%D7%A6%D7%95-%D7%94%D7%92%D7%A0%D7%94-%D7%9C%D7%9E%D7%A0%D7%99%D7%A2%D7%AA-%D7%90%D7%9C%D7%99%D7%9E%D7%95%D7%AA-%D7%91%D7%9E%D7%A9%D7%A4%D7%97%D7%94-%D7%94%D7%98-40857-03-22/","https://jus-tice.co.il/protection-order-judge-decision-family-40857-03-22/",301
"https://jus-tice.co.il/articles/%d7%97%d7%99%d7%95%d7%91-%d7%92%d7%98-%d7%92%d7%99%d7%a8%d7%95%d7%a9%d7%99%d7%9f-%d7%95%d7%93%d7%97%d7%99%d7%99%d7%aa-%d7%91%d7%a7%d7%a9%d7%aa-%d7%94%d7%90%d7%99%d7%a9-%d7%9c%d7%93%d7%95%d7%9f-%d7%91/","https://jus-tice.co.il/get-divorce-divorce-petition/",301
"http://jus-tice.co.il/articles/%D7%A9%D7%9B%D7%A8-%D7%9B%D7%95%D7%A0%D7%A1-%D7%A0%D7%9B%D7%A1%D7%99%D7%9D-%D7%A9%D7%9C%D7%90-%D7%94%D7%A9%D7%9C%D7%99%D7%9D-%D7%90%D7%AA-%D7%9E%D7%9C%D7%90%D7%9B%D7%AA%D7%95/","https://jus-tice.co.il/properties/",301
"http://jus-tice.co.il/%D7%AA%D7%90-42164-01-19-%D7%A7%D7%95%D7%A8%D7%9E%D7%9F-%D7%95%D7%90%D7%97-%D7%A0-%D7%98%D7%91%D7%9C/","https://jus-tice.co.il/defamation-lawsuit-judge-law-2022/",301
"http://jus-tice.co.il/articles/%D7%97%D7%95%D7%91%D7%AA-%D7%90%D7%99%D7%A9%D7%95%D7%A8-%D7%94%D7%A1%D7%9B%D7%9D-%D7%94%D7%9E%D7%94%D7%95%D7%95%D7%94-%D7%94%D7%A9%D7%9C%D7%9E%D7%94-%D7%9C%D7%94%D7%A1%D7%9B%D7%9D-%D7%9E%D7%9E%D7%95%D7%9F-%D7%90%D7%95-%D7%92%D7%99%D7%A8%D7%95%D7%A9%D7%99%D7%9F-%D7%90%D7%A3-%D7%90%D7%9D-%D7%94%D7%95%D7%92%D7%93%D7%A8-%D7%94%D7%A1%D7%9B%D7%9D-%D7%9E%D7%9B%D7%A8-%D7%95%D7%91%D7%98%D7%9C%D7%95%D7%AA%D7%95-%D7%9E%D7%A9%D7%90%D7%95%D7%A9%D7%A8-%D7%A9%D7%9C%D7%90-%D7%9B%D7%93%D7%99%D7%9F-1333563-1-%D7%91%D7%99%D7%94%D7%93-%D7%94%D7%92%D7%93%D7%95%D7%9C/","https://jus-tice.co.il/prenuptial-agreement-rabbinical-court-approval-agreement-divorce-law/",301
"http://jus-tice.co.il/articles/%D7%A4%D7%99%D7%A6%D7%95%D7%99%D7%99%D7%9D-%D7%9C%D7%A2%D7%95%D7%91%D7%93-%D7%A9%D7%A4%D7%95%D7%98%D7%A8-%D7%9E%D7%A2%D7%91%D7%95%D7%93%D7%AA%D7%95-%D7%9C%D7%90%D7%9C%D7%AA%D7%A8-%D7%95%D7%9C%D7%9C/","https://jus-tice.co.il/verdict-damages-law-31439-10-17/",301
"http://jus-tice.co.il/%D7%AA%D7%90-55450-03-20-%D7%9E%D7%A0%D7%98%D7%99%D7%9F-%D7%90%D7%99%D7%A0%D7%95%D7%95%D7%A1%D7%98%D7%9E%D7%A0%D7%98%D7%A1-%D7%91%D7%A2%D7%9E-%D7%95%D7%90%D7%97-%D7%A0-%D7%A1%D7%A8%D7%92%D7%A0%D7%99/","https://jus-tice.co.il/verdict-lawsuit-accountant-account-55450-03-20/",301
"http://jus-tice.co.il/%D7%AA%D7%90-63521-05-19-%D7%A4%D7%99%D7%A7%D7%9C-%D7%A0-%D7%90%D7%A2-%D7%90%D7%9C%D7%99%D7%9E%D7%9C%D7%9A-%D7%97%D7%91%D7%A8%D7%94-%D7%9C%D7%91%D7%A0%D7%99%D7%9F-%D7%95%D7%9C%D7%A4%D7%99%D7%AA%D7%95%D7%97-%D7%A8%D7%97%D7%95%D7%91%D7%95%D7%AA-%D7%91%D7%A2%D7%9E/","https://jus-tice.co.il/compensation-apartment/",301
"http://jus-tice.co.il/articles/%D7%A7%D7%91%D7%99%D7%A2%D7%AA-%D7%92%D7%93%D7%A8-%D7%97%D7%99%D7%95%D7%91-%D7%94%D7%90%D7%91-%D7%91%D7%9E%D7%96%D7%95%D7%A0%D7%95%D7%AA-%D7%A7%D7%98%D7%A0%D7%99%D7%9D-%D7%9E%D7%A2%D7%9C-%D7%92%D7%99/","https://jus-tice.co.il/alimony/",301
"http://jus-tice.co.il/articles/%D7%97%D7%96%D7%A7%D7%AA-%D7%97%D7%95%D7%91-%D7%9C%D7%A6%D7%93-%D7%92-%D7%A9%D7%90%D7%9B%D7%9F-%D7%97%D7%95%D7%91-%D7%94%D7%95%D7%90-%D7%95%D7%91%D7%A8%D7%90%D7%99%D7%96%D7%95%D7%9F-%D7%95/","https://jus-tice.co.il/evidence/",301
"http://jus-tice.co.il/articles/%D7%94%D7%A2%D7%93%D7%A8-%D7%A9%D7%99%D7%AA%D7%95%D7%A3-%D7%A1%D7%A4%D7%A6%D7%99%D7%A4%D7%99-%D7%91%D7%A0%D7%9B%D7%A1-%D7%A9%D7%A0%D7%A8%D7%A9%D7%9D-%D7%A2%D7%9C-%D7%A9%D7%9D-%D7%94%D7%91%D7%A2%D7%9C/","https://jus-tice.co.il/property-division-property-tax-divorce/",301
"https://jus-tice.co.il/articles/%d7%94%d7%98%d7%99%d7%a4%d7%95%d7%9c-%d7%91%d7%a0%d7%a4%d7%92%d7%a2%d7%99-%d7%a2%d7%91%d7%99%d7%a8%d7%95%d7%aa-%d7%9e%d7%99%d7%9f-%d7%91%d7%94%d7%9c%d7%99%d7%9a-%d7%94%d7%a4%d7%9c%d7%99%d7%9c%d7%99/","https://jus-tice.co.il/sex-offenses-process-criminal-law-account/",301
"http://jus-tice.co.il/%D7%A0%D7%A4%D7%92%D7%A2%D7%99-%D7%A2%D7%91%D7%99%D7%A8%D7%95%D7%AA-%D7%9E%D7%99%D7%9F-%D7%91%D7%94%D7%9C%D7%99%D7%9A-%D7%94%D7%A4%D7%9C%D7%99%D7%9C%D7%99-%D7%93%D7%99%D7%9F-%D7%95%D7%97%D7%A9%D7%91%D7%95%D7%9F/","https://jus-tice.co.il/sex-offenses-process-defense-law-account/",301
"https://jus-tice.co.il/articles/%d7%94%d7%90%d7%9d-%d7%9c%d7%a0%d7%a6%d7%99%d7%91-%d7%a9%d7%99%d7%a8%d7%95%d7%aa-%d7%94%d7%9e%d7%93%d7%99%d7%a0%d7%94-%d7%99%d7%a9-%d7%a1%d7%9e%d7%9b%d7%95%d7%aa-%d7%9c%d7%97%d7%aa%d7%95%d7%9d-%d7%a2/","https://jus-tice.co.il/law-jurisdiction/",301
"https://jus-tice.co.il/articles/%d7%93%d7%a0%d7%a4-5387-20-%d7%a8%d7%a4%d7%99-%d7%a8%d7%95%d7%aa%d7%9d-%d7%a0-%d7%9e%d7%93%d7%99%d7%a0%d7%aa-%d7%99%d7%a9%d7%a8%d7%90%d7%9c/","https://jus-tice.co.il/israel-5387-20/",301
"https://jus-tice.co.il/articles/%d7%94%d7%a2%d7%a8%d7%95%d7%aa-%d7%94%d7%a1%d7%a0%d7%99%d7%92%d7%95%d7%a8%d7%99%d7%94-%d7%94%d7%a6%d7%99%d7%91%d7%95%d7%a8%d7%99%d7%aa-%d7%9c%d7%aa%d7%96%d7%9b%d7%99%d7%a8-%d7%97%d7%95%d7%a7-%d7%99/","https://jus-tice.co.il/criminal-law-law-rights-investigation/",301
"https://jus-tice.co.il/articles/%d7%9e%d7%94%d7%95-%d7%91%d7%99%d7%aa-%d7%9e%d7%a9%d7%a4%d7%98/","https://jus-tice.co.il/court/",301
"http://jus-tice.co.il/articles/%D7%9E%D7%97%D7%99%D7%A7%D7%AA-%D7%9B%D7%AA%D7%91-%D7%90%D7%99%D7%A9%D7%95%D7%9D-%D7%97%D7%96%D7%A8%D7%94-%D7%9E%D7%9B%D7%AA%D7%91-%D7%90%D7%99%D7%A9%D7%95%D7%9D-%D7%91%D7%99%D7%98%D7%95%D7%9C/","https://jus-tice.co.il/indictment-cancellation/",301
"http://jus-tice.co.il/publications_batap_olami_police-crime-data-transparency/","https://jus-tice.co.il/article-6882/",301
"http://jus-tice.co.il/%D7%94%D7%94%D7%9C%D7%99%D7%9A-%D7%94%D7%A4%D7%9C%D7%99%D7%9C%D7%99-%D7%A4%D7%A8%D7%A7%D7%9C%D7%99%D7%98%D7%95%D7%AA-%D7%94%D7%9E%D7%93%D7%99%D7%A0%D7%94-%D7%9E%D7%95%D7%9C-%D7%97%D7%98%D7%99%D7%91%D7%AA-%D7%AA%D7%91%D7%99%D7%A2%D7%95%D7%AA-%D7%94%D7%9E%D7%A9%D7%98%D7%A8%D7%94/","https://jus-tice.co.il/process-criminal-prosecution-law-lawsuits/",301
"http://jus-tice.co.il/articles/%D7%A9%D7%9B%D7%A8-%D7%98%D7%A8%D7%97%D7%94-%D7%A2%D7%95%D7%A8%D7%9A-%D7%93%D7%99%D7%9F-%D7%A8%D7%A9%D7%9C%D7%A0%D7%95%D7%AA-%D7%A8%D7%A4%D7%95%D7%90%D7%99%D7%AA/","https://jus-tice.co.il/medical-malpractice-attorney/",301
"http://jus-tice.co.il/%D7%9E%D7%99%D7%A0%D7%95%D7%99-%D7%9E%D7%A0%D7%94%D7%9C-%D7%A2%D7%99%D7%96%D7%91%D7%95%D7%9F-%D7%9B%D7%9E%D7%A4%D7%95%D7%A8%D7%98-%D7%91%D7%A6%D7%95%D7%95%D7%90%D7%94-%D7%95%D7%94%D7%AA%D7%A0%D7%92%D7%93%D7%95%D7%AA-%D7%9C%D7%91%D7%A7%D7%A9%D7%94/","https://jus-tice.co.il/judge-decision-request-estate-will-21159-07-21/",301
"http://jus-tice.co.il/%D7%9E%D7%99%D7%A0%D7%95%D7%99-%D7%A9%D7%9E%D7%90%D7%99-%D7%9E%D7%A7%D7%A8%D7%A7%D7%A2%D7%99%D7%9F-%D7%A2%D7%96%D7%91%D7%95%D7%9F-%D7%A6%D7%95-%D7%99%D7%A8%D7%95%D7%A9%D7%94/","https://jus-tice.co.il/inheritance-order-appeal-decision-appraiser-real-estate-61112-02-22/",301
"http://jus-tice.co.il/articles/%D7%91%D7%A7%D7%A9%D7%94-%D7%9C%D7%94%D7%A2%D7%AA%D7%A7%D7%AA-%D7%97%D7%95%D7%9E%D7%A8%D7%99-%D7%97%D7%A7%D7%99%D7%A8%D7%94-%D7%95%D7%9E%D7%A1%D7%9E%D7%9B%D7%99%D7%9D-%D7%91%D7%94%D7%9C%D7%99%D7%9B/","https://jus-tice.co.il/request-investigation-proceedings-prosecution-law/",301
"http://jus-tice.co.il/%D7%94%D7%A9%D7%95%D7%A4%D7%98%D7%AA-%D7%90%D7%95%D7%A8%D7%99%D7%AA-%D7%91%D7%9F-%D7%93%D7%95%D7%A8-%D7%9C%D7%99%D7%91%D7%9C-%D7%94%D7%97%D7%9C%D7%98%D7%94-%D7%91%D7%91%D7%A7%D7%A9%D7%94-%D7%9C%D7%A1%D7%A2%D7%93-%D7%94%D7%A6%D7%94%D7%A8%D7%AA%D7%99-%D7%A2%D7%9C-%D7%96%D7%9B%D7%95%D7%99%D7%95%D7%AA-%D7%91%D7%93%D7%99%D7%A8%D7%94-%D7%AA%D7%9E%D7%A9-50682-04-17/","https://jus-tice.co.il/judge-decision-request-rights-apartment-50682-04-17/",301
"http://jus-tice.co.il/%D7%A4%D7%A1%D7%A7-%D7%93%D7%99%D7%9F-%D7%91%D7%AA%D7%91%D7%99%D7%A2%D7%95%D7%AA-%D7%A8%D7%9B%D7%95%D7%A9%D7%99%D7%95%D7%AA-%D7%91%D7%99%D7%9F-%D7%91%D7%A0%D7%99-%D7%96%D7%95%D7%92-%D7%AA%D7%9C%D7%94%D7%9E-32773-02-17-%D7%AA%D7%9C%D7%94%D7%9E-548840-04-18/","https://jus-tice.co.il/dissolution-partnership-verdict-divorce-rights-property-compensation/",301
"http://jus-tice.co.il/%D7%A1%D7%9E%D7%9B%D7%95%D7%AA-%D7%91%D7%99%D7%AA-%D7%94%D7%93%D7%99%D7%9F-%D7%91%D7%AA%D7%91%D7%99%D7%A2%D7%AA-%D7%92%D7%99%D7%A8%D7%95%D7%A9%D7%99%D7%9F-%D7%9B%D7%A8%D7%95%D7%9B%D7%94-%D7%A9%D7%9C-%D7%90%D7%96%D7%A8%D7%97-%D7%92%D7%9D-%D7%90%D7%9D-%D7%90%D7%99%D7%A0%D7%95-%D7%AA%D7%95%D7%A9%D7%91/","https://jus-tice.co.il/rabbinical-court-jurisdiction-lawsuit-divorce-israel-8216/",301
"http://jus-tice.co.il/%D7%A1%D7%9E%D7%9B%D7%95%D7%99%D7%95%D7%AA-%D7%91%D7%99%D7%AA-%D7%94%D7%93%D7%99%D7%9F-%D7%94%D7%A8%D7%91%D7%A0%D7%99-%D7%9C%D7%99%D7%99%D7%A9%D7%95%D7%9D-%D7%95%D7%90%D7%9B%D7%99%D7%A4%D7%AA-%D7%94%D7%A1%D7%9B%D7%9D-%D7%A9%D7%90%D7%99%D7%A9%D7%A8-%D7%91%D7%A0%D7%95%D7%92%D7%A2-%D7%9C%D7%94%D7%A1%D7%93%D7%A8%D7%99-%D7%A9%D7%94%D7%95%D7%AA/","https://jus-tice.co.il/rabbinical-court-visitation-arrangements-authority-enforcement-agreement-law/",301
"http://jus-tice.co.il/%D7%A7%D7%91%D7%99%D7%A2%D7%AA-%D7%92%D7%95%D7%91%D7%94-%D7%94%D7%9E%D7%96%D7%95%D7%A0%D7%95%D7%AA-%D7%91%D7%94%D7%AA%D7%90%D7%9D-%D7%9C%D7%9B%D7%95%D7%A9%D7%A8-%D7%94%D7%94%D7%A9%D7%AA%D7%9B%D7%A8%D7%95%D7%AA-%D7%95%D7%9C%D7%90-%D7%A8%D7%A7-%D7%9C%D7%92%D7%95%D7%91%D7%94-%D7%94%D7%94%D7%A9%D7%AA%D7%9B%D7%A8%D7%95%D7%AA-%D7%91%D7%A4%D7%95%D7%A2%D7%9C/","https://jus-tice.co.il/rabbinical-court-alimony-1320290-1/",301
"http://jus-tice.co.il/%D7%97%D7%A9%D7%A9-%D7%9C%D7%9E%D7%A9%D7%95%D7%90-%D7%A4%D7%A0%D7%99%D7%9D-%D7%A9%D7%9C-%D7%91%D7%99%D7%AA-%D7%94%D7%93%D7%99%D7%9F-%D7%95%D7%9C%D7%94%D7%98%D7%99%D7%99%D7%AA-%D7%94%D7%93%D7%99%D7%9F/","https://jus-tice.co.il/rabbinical-court-request-law/",301
"http://jus-tice.co.il/%D7%92%D7%99%D7%A8%D7%95%D7%A9%D7%99%D7%9F-%D7%91%D7%A2%D7%9C%D7%95%D7%AA-%D7%95%D7%97%D7%9C%D7%95%D7%A7%D7%AA-%D7%90%D7%AA%D7%A8-%D7%90%D7%99%D7%A0%D7%98%D7%A8%D7%A0%D7%98-%D7%97%D7%9C%D7%95%D7%A7%D7%AA-%D7%A8%D7%9B%D7%95%D7%A9-%D7%91%D7%99%D7%9F-%D7%91%D7%A0%D7%99-%D7%96%D7%95%D7%92/","https://jus-tice.co.il/property-division-divorce-ownership/",301
"http://jus-tice.co.il/%D7%A6%D7%95-%D7%99%D7%A8%D7%95%D7%A9%D7%94-%D7%90%D7%95%D7%A0%D7%9C%D7%99%D7%99%D7%9F-%D7%A2%D7%9D-%D7%97%D7%95%D7%AA%D7%9E%D7%AA-%D7%90%D7%A4%D7%95%D7%A1%D7%98%D7%99%D7%9C/","https://jus-tice.co.il/inheritance-order-6814/",301
"http://jus-tice.co.il/%D7%A0%D7%91%D7%97%D7%A8%D7%AA-%D7%94%D7%97%D7%9C%D7%95%D7%9E%D7%95%D7%AA-%D7%A9%D7%9C-%D7%A2%D7%95%D7%A8%D7%9B%D7%99-%D7%94%D7%93%D7%99%D7%9F/","https://jus-tice.co.il/lawyer-recommended-lawyers-law/",301
"http://jus-tice.co.il/articles/%D7%94%D7%A2%D7%91%D7%A8%D7%AA-%D7%9E%D7%A1%D7%9E%D7%9B%D7%99%D7%9D-%D7%9E%D7%AA%D7%99%D7%A7-%D7%9E%D7%A9%D7%A4%D7%97%D7%94-%D7%9C%D7%A6%D7%95%D7%A8%D7%9A-%D7%94%D7%9C%D7%99%D7%9A-%D7%A4%D7%9C%D7%99/","https://jus-tice.co.il/family-process-criminal-46235-12-21/",301
"http://jus-tice.co.il/articles/%D7%94%D7%9C%D7%99%D7%9B%D7%99-%D7%92%D7%99%D7%A8%D7%95%D7%A9%D7%99%D7%9F-%D7%99%D7%95%D7%A6%D7%A8%D7%99%D7%9D-%D7%93%D7%99%D7%A0%D7%99%D7%9D-%D7%9E%D7%99%D7%95%D7%97%D7%93%D7%99%D7%9D-%D7%91%D7%99/","https://jus-tice.co.il/proceedings-divorce/",301
"http://jus-tice.co.il/%D7%98%D7%A2%D7%A0%D7%95%D7%AA-%D7%9E%D7%A7%D7%93%D7%9E%D7%99%D7%95%D7%AA-%D7%91%D7%A7%D7%95%D7%91%D7%9C%D7%A0%D7%94-%D7%A4%D7%9C%D7%99%D7%9C%D7%99%D7%AA-%D7%91%D7%90%D7%99%D7%A9%D7%95%D7%9D-%D7%9C%D7%9C%D7%A9%D7%95%D7%9F-%D7%94%D7%A8%D7%A2/","https://jus-tice.co.il/defamation-judge-decision-claims-criminal-44355-02-21/",301
"http://jus-tice.co.il/%D7%AA%D7%90-16763-09-21%D7%9E%D7%95%D7%98%D7%99%D7%A2%D7%99-%D7%A0-%D7%A1%D7%A4%D7%A6%D7%99%D7%A7-%D7%A8%D7%99%D7%91%D7%A7-%D7%95%D7%90%D7%97/","https://jus-tice.co.il/defamation-law-13-5-16763-09-21/",301
"http://jus-tice.co.il/articles/%D7%90%D7%9C%D7%99%D7%9E%D7%95%D7%AA-%D7%9B%D7%9C%D7%A4%D7%99-%D7%A0%D7%A9%D7%99%D7%9D-%D7%94%D7%96%D7%9B%D7%95%D7%AA-%D7%A9%D7%9C-%D7%94%D7%90%D7%99%D7%A9%D7%94-%D7%A9%D7%94%D7%90%D7%99/","https://jus-tice.co.il/right/",301
"http://jus-tice.co.il/%D7%9E%D7%95%D7%A2%D7%93-%D7%94%D7%A7%D7%A8%D7%A2-%D7%91%D7%92%D7%99%D7%A8%D7%95%D7%A9%D7%99%D7%9F-%D7%9C%D7%A6%D7%95%D7%A8%D7%9A-%D7%90%D7%99%D7%96%D7%95%D7%9F-%D7%9E%D7%A9%D7%90%D7%91%D7%99%D7%9D-%D7%91%D7%99%D7%9F-%D7%91%D7%A0%D7%99-%D7%96%D7%95%D7%92-%D7%9C%D7%A9%D7%A2%D7%91%D7%A8-%D7%AA%D7%9C%D7%94%D7%9E-23952-08-19/","https://jus-tice.co.il/judge-decision-lawsuit-property-witness-divorce/",301
"http://jus-tice.co.il/%D7%A2%D7%A8%D7%A2%D7%95%D7%A8-%D7%A2%D7%9C-%D7%94%D7%97%D7%9C%D7%98%D7%94-%D7%A9%D7%A7%D7%95%D7%91%D7%A2%D7%AA-%D7%A9%D7%90%D7%91-%D7%99%D7%A4%D7%92%D7%A9-%D7%A2%D7%9D-%D7%91%D7%A0%D7%95-%D7%94%D7%A7%D7%98%D7%99%D7%9F-%D7%91%D7%9E%D7%A8%D7%9B%D7%96-%D7%A7%D7%A9%D7%A8-%D7%9C%D7%90%D7%97%D7%A8-%D7%A9%D7%94%D7%95%D7%A7%D7%A4%D7%90%D7%95-%D7%96%D7%9E%D7%A0%D7%99-%D7%94%D7%A9%D7%94%D7%95%D7%AA/","https://jus-tice.co.il/verdict-contracts-judge-appeal-decision-45292-12-21/",301
"http://jus-tice.co.il/%D7%AA%D7%91%D7%99%D7%A2%D7%95%D7%AA-%D7%A9%D7%9C-%D7%90%D7%99%D7%A9%D7%94-%D7%9C%D7%9E%D7%AA%D7%9F-%D7%97%D7%A9%D7%91%D7%95%D7%A0%D7%95%D7%AA-%D7%9B%D7%A0%D7%92%D7%93-%D7%90%D7%97%D7%99%D7%95-%D7%A9%D7%9C-%D7%91%D7%9F-%D7%96%D7%95%D7%92%D7%94-%D7%9C%D7%A9%D7%A2%D7%91%D7%A8-%D7%94%D7%9E%D7%A0%D7%95%D7%97/","https://jus-tice.co.il/verdict-inheritance-lawsuits-accounts-59182-12-13/",301
"http://jus-tice.co.il/%D7%A2%D7%90-52301-10-20%D7%93%D7%A8%D7%95%D7%A7%D7%A8-%D7%A0-%D7%90%D7%9C%D7%99%D7%90%D7%A1%D7%99-%D7%95%D7%90%D7%97/","https://jus-tice.co.il/defamation-lawsuit-law-business-52301-10-20/",301
"http://jus-tice.co.il/%D7%A1%D7%9B%D7%A1%D7%95%D7%9A-%D7%91%D7%99%D7%9F-%D7%90%D7%9C%D7%9E%D7%A0%D7%94-%D7%95%D7%99%D7%9C%D7%93%D7%99%D7%94-%D7%95%D7%90%D7%9E%D7%95-%D7%A9%D7%9C-%D7%94%D7%A0%D7%A4%D7%98%D7%A8-%D7%94%D7%A0%D7%95%D7%92%D7%A2%D7%95%D7%AA-%D7%9C%D7%96%D7%9B%D7%95%D7%99%D7%95%D7%AA-%D7%A2%D7%9C-%D7%93%D7%99%D7%A8%D7%94-%D7%AA%D7%9E%D7%A9-7662-07-18/","https://jus-tice.co.il/inheritance-lawsuits-rights-apartment-7662-07-18/",301
"http://jus-tice.co.il/%D7%A2%D7%A0%D7%94-%D7%A9%D7%9C-%D7%A9%D7%95%D7%9B%D7%A8-%D7%A2%D7%A1%D7%A7-%D7%9B%D7%99-%D7%94%D7%9E%D7%A9%D7%9B%D7%99%D7%A8-%D7%91%D7%99%D7%98%D7%9C-%D7%90%D7%AA-%D7%94%D7%A1%D7%9B%D7%9D-%D7%94%D7%A9%D7%9B%D7%99%D7%A8%D7%95%D7%AA-%D7%9C%D7%9C%D7%90-%D7%94%D7%A1%D7%9B%D7%9E%D7%AA%D7%95/","https://jus-tice.co.il/judge-claim-business-agreement-lease-58579-07-20/",301
"http://jus-tice.co.il/%D7%94%D7%97%D7%9C%D7%98%D7%94-%D7%91%D7%99%D7%97%D7%A1-%D7%9C%D7%91%D7%A7%D7%A9%D7%94-%D7%9C%D7%9E%D7%99%D7%A0%D7%95%D7%99-%D7%90%D7%A4%D7%95%D7%98%D7%A8%D7%95%D7%A4%D7%95%D7%A1-%D7%A8%D7%9E%D7%A9-49897-12-21/","https://jus-tice.co.il/verdict-judge-decision-request-49897-12-21/",301
"http://jus-tice.co.il/%D7%92%D7%95%D7%91%D7%94-%D7%93%D7%9E%D7%99-%D7%9E%D7%96%D7%95%D7%A0%D7%95%D7%AA-%D7%96%D7%9E%D7%A0%D7%99%D7%99%D7%9D-%D7%A8%D7%9E%D7%A9-57290-01-22/","https://jus-tice.co.il/judge-decision-alimony-57290-01-22/",301
"http://jus-tice.co.il/articles/%D7%97%D7%95%D7%91%D7%AA-%D7%94%D7%90%D7%91-%D7%91%D7%9E%D7%93%D7%95%D7%A8-%D7%99%D7%9C%D7%93%D7%99%D7%95-%D7%91%D7%93%D7%99%D7%A8%D7%94-%D7%A9%D7%91%D7%91%D7%A2%D7%9C%D7%95%D7%AA-%D7%94%D7%90%D7%9D/","https://jus-tice.co.il/apartment-ownership-residence-1241751-6/",301
"http://jus-tice.co.il/articles/%D7%97%D7%99%D7%95%D7%91-%D7%90%D7%9D-%D7%91%D7%9E%D7%96%D7%95%D7%A0%D7%95%D7%AA-%D7%99%D7%9C%D7%93%D7%99%D7%9D-%D7%91%D7%90%D7%9C%D7%95-%D7%AA%D7%A0%D7%90%D7%99%D7%9D-1284587-12-%D7%91/","https://jus-tice.co.il/child-support-jerusalem-rabbinical-court-1284587-12/",301
"http://jus-tice.co.il/articles/%D7%93%D7%97%D7%99%D7%99%D7%AA-%D7%98%D7%A2%D7%A0%D7%94-%D7%9C%D7%91%D7%99%D7%98%D7%95%D7%9C-%D7%94%D7%A1%D7%9B%D7%9D-%D7%92%D7%99%D7%A8%D7%95%D7%A9%D7%99%D7%9F-%D7%A9%D7%90%D7%95%D7%A9%D7%A8-%D7%91/","https://jus-tice.co.il/divorce-agreement-rabbinical-court-claim-cancellation-residence-partners/",301
"http://jus-tice.co.il/%D7%A4%D7%99%D7%A8%D7%95%D7%A7-%D7%A9%D7%95%D7%AA%D7%A4%D7%95%D7%AA-%D7%91%D7%91%D7%99%D7%AA-%D7%9E%D7%92%D7%95%D7%A8%D7%99%D7%9D-%D7%A2%D7%9C-%D7%99%D7%93%D7%99-%D7%91%D7%A0%D7%99-%D7%96%D7%95%D7%92-%D7%9C%D7%A9%D7%A2%D7%91%D7%A8-%D7%91%D7%A0%D7%99%D7%92%D7%95%D7%93-%D7%9C%D7%94%D7%A1%D7%9B%D7%9D-%D7%92%D7%99%D7%A8%D7%95%D7%A9%D7%99%D7%9F-%D7%A9%D7%90%D7%95%D7%A9%D7%A8-%D7%AA%D7%9C%D7%94%D7%9E-15293-03-20/","https://jus-tice.co.il/divorce-agreement-judge-partnership-house-residence-15293-03-20/",301
"http://jus-tice.co.il/%D7%93%D7%97%D7%99%D7%99%D7%AA-%D7%91%D7%A7%D7%A9%D7%94-%D7%9C%D7%94%D7%AA%D7%A0%D7%92%D7%93%D7%95%D7%AA-%D7%9C%D7%A6%D7%95-%D7%99%D7%A8%D7%95%D7%A9%D7%94-%D7%A2%D7%9C-%D7%99%D7%93%D7%99-%D7%94%D7%A0%D7%AA%D7%91%D7%A2%D7%AA-%D7%94%D7%98%D7%95%D7%A2%D7%A0%D7%AA-%D7%9C%D7%94%D7%99%D7%95%D7%AA%D7%94-%D7%91%D7%AA-%D7%94%D7%96%D7%95%D7%92-%D7%A9%D7%9C-%D7%94%D7%9E%D7%A0%D7%95%D7%97-%D7%AA%D7%A2-57474-06-19/","https://jus-tice.co.il/common-law-spouses-inheritance-order-request-57474-06-19/",301
"http://jus-tice.co.il/%D7%AA%D7%95%D7%91%D7%A2%D7%A0%D7%95%D7%AA-%D7%A2%D7%96%D7%91%D7%95%D7%9F-%D7%A9%D7%9E%D7%A0%D7%94%D7%9C%D7%99%D7%9D-%D7%A9%D7%A0%D7%99-%D7%90%D7%97%D7%99%D7%9D-%D7%91%D7%A9%D7%9C-%D7%A9%D7%AA%D7%99-%D7%A6%D7%95%D7%95%D7%90%D7%95%D7%AA-%D7%A9%D7%94%D7%95%D7%AA%D7%99%D7%A8%D7%94-%D7%90%D7%9E%D7%9D-%D7%AA%D7%A2-62835-08-19/","https://jus-tice.co.il/verdict-judge-wills-62835-08-19/",301
"http://jus-tice.co.il/%D7%93%D7%97%D7%99%D7%99%D7%AA-%D7%A2%D7%A8%D7%A2%D7%95%D7%A8-%D7%A2%D7%9C-%D7%91%D7%99%D7%98%D7%95%D7%9C-%D7%A2%D7%A1%D7%A7%D7%AA-%D7%9E%D7%AA%D7%A0%D7%94-%D7%91%D7%94-%D7%94%D7%A2%D7%91%D7%99%D7%A8%D7%94-%D7%90%D7%9D-%D7%9E%D7%A7%D7%A8%D7%A7%D7%A2%D7%99%D7%9F-%D7%9C%D7%9C%D7%90-%D7%AA%D7%9E%D7%95%D7%A8%D7%94-%D7%9C%D7%90%D7%97%D7%99%D7%9D-%D7%9C%D7%90%D7%97%D7%A8-%D7%9B%D7%AA%D7%99%D7%91%D7%AA-%D7%94%D7%A6%D7%95%D7%95%D7%90%D7%94/","https://jus-tice.co.il/appeal-cancellation-offense-real-estate-will-44530-05-21/",301
"http://jus-tice.co.il/articles/%D7%A4%D7%92%D7%A1%D7%95%D7%A1-nso-%D7%9E%D7%A1%D7%A7%D7%A0%D7%95%D7%AA-%D7%A6%D7%95%D7%95%D7%AA-%D7%9E%D7%A8%D7%A8%D7%99-%D7%9E%D7%9E%D7%A6%D7%90%D7%99-%D7%A6%D7%95%D7%95%D7%AA-%D7%94%D7%91%D7%93/","https://jus-tice.co.il/nso/",301
"http://jus-tice.co.il/articles/%D7%9E%D7%A9%D7%98%D7%A8%D7%AA-%D7%99%D7%A9%D7%A8%D7%90%D7%9C-%D7%A9%D7%99%D7%9E%D7%95%D7%A9-%D7%91%D7%9E%D7%A2%D7%A8%D7%9B%D7%AA-%D7%A4%D7%92%D7%A1%D7%95%D7%A1-%D7%9C%D7%9C%D7%90-%D7%A6%D7%95-%D7%A9/","https://jus-tice.co.il/israel-police-6745/",301
"http://jus-tice.co.il/%D7%A4%D7%A1%D7%99%D7%A7%D7%AA-%D7%A4%D7%99%D7%A6%D7%95%D7%99-%D7%9B%D7%A1%D7%A4%D7%99-%D7%9C%D7%A2%D7%96%D7%91%D7%95%D7%9F-%D7%9E%D7%A0%D7%95%D7%97-%D7%A9%D7%98%D7%91%D7%A2-%D7%91%D7%97%D7%95%D7%A3-%D7%94%D7%99%D7%9D-%D7%91%D7%90%D7%A9%D7%93%D7%95%D7%93/","https://jus-tice.co.il/judge-compensation-31250-11-18/",301
"http://jus-tice.co.il/%D7%96%D7%99%D7%9B%D7%95%D7%99-%D7%A0%D7%90%D7%A9%D7%9D-%D7%91%D7%A2%D7%91%D7%99%D7%A8%D7%95%D7%AA-%D7%A9%D7%9C-%D7%9E%D7%A2%D7%A9%D7%94-%D7%9E%D7%92%D7%95%D7%A0%D7%94-%D7%A9%D7%9C-%D7%A7%D7%98%D7%99%D7%9F-73759-12-20/","https://jus-tice.co.il/acquittal-defendant-offenses-73759-12-20/",301
"http://jus-tice.co.il/%D7%A4%D7%A1%D7%A7-%D7%93%D7%99%D7%9F-%D7%91%D7%A0%D7%95%D7%A9%D7%90-%D7%94%D7%A8%D7%9E%D7%AA-%D7%9E%D7%A1%D7%9A-%D7%A1%D7%A2%D7%A9-12385-08-16/","https://jus-tice.co.il/verdict-lawsuit-12385-08-16/",301
"http://jus-tice.co.il/%D7%91%D7%A7%D7%A9%D7%94-%D7%9C%D7%A2%D7%99%D7%95%D7%9F-%D7%91%D7%97%D7%95%D7%9E%D7%A8-%D7%97%D7%A7%D7%99%D7%A8%D7%94-%D7%9C%D7%A4%D7%99-%D7%A1%D7%A2%D7%99%D7%A3-74-%D7%9C%D7%97%D7%A1%D7%93%D7%A4/","https://jus-tice.co.il/judge-decision-request-investigation-74-4286-01-22/",301
"http://jus-tice.co.il/%D7%A4%D7%A1%D7%93-%D7%91%D7%AA%D7%91%D7%99%D7%A2%D7%AA-%D7%A4%D7%99%D7%A6%D7%95%D7%99%D7%99%D7%9D-%D7%91%D7%92%D7%99%D7%9F-%D7%A0%D7%96%D7%A7%D7%99-%D7%92%D7%95%D7%A3-%D7%AA%D7%90-30014-02-17/","https://jus-tice.co.il/personal-injury-verdict-judge-lawsuit-damages-30014-02-17/",301
"http://jus-tice.co.il/%D7%94%D7%A7%D7%98%D7%A0%D7%AA-%D7%94%D7%95%D7%A6%D7%90%D7%95%D7%AA-%D7%AA%D7%91%D7%99%D7%A2%D7%95%D7%AA-%D7%A8%D7%A9%D7%9C%D7%A0%D7%95%D7%AA-%D7%A8%D7%A4%D7%95%D7%90%D7%99%D7%AA/","https://jus-tice.co.il/medical-malpractice-lawsuits-law-account/",301
"http://jus-tice.co.il/%D7%91%D7%A7%D7%A9%D7%94-%D7%9C%D7%A7%D7%99%D7%95%D7%9D-%D7%A6%D7%95%D7%95%D7%90%D7%94-%D7%94%D7%9E%D7%A2%D7%A0%D7%99%D7%A7%D7%94-%D7%9B%D7%9C-%D7%94%D7%A8%D7%9B%D7%95%D7%A9-%D7%9C%D7%97%D7%91%D7%A8-%D7%95%D7%94%D7%AA%D7%A0%D7%92%D7%93%D7%95%D7%AA-%D7%90%D7%97%D7%95%D7%AA-%D7%94%D7%9E%D7%A0%D7%95%D7%97/","https://jus-tice.co.il/verdict-judge-request-will-property/",301
"http://jus-tice.co.il/%D7%AA%D7%91%D7%99%D7%A2%D7%AA-%D7%A7%D7%98%D7%99%D7%9F-%D7%91%D7%92%D7%99%D7%9F-%D7%A0%D7%96%D7%A7%D7%99-%D7%92%D7%95%D7%A3-%D7%A9%D7%A0%D7%92%D7%A8%D7%9E%D7%95-%D7%9C%D7%95-%D7%91%D7%A2%D7%AA-%D7%A9%D7%A9%D7%99%D7%97%D7%A7-%D7%91%D7%92%D7%9F-%D7%9E%D7%A9%D7%97%D7%A7%D7%99%D7%9D-%D7%A9%D7%9C-%D7%94%D7%A2%D7%99%D7%A8%D7%99%D7%94-%D7%AA%D7%90-71866-07-18/","https://jus-tice.co.il/personal-injury-lawsuit-71866-07-18/",301
"http://jus-tice.co.il/%D7%94%D7%A9%D7%95%D7%A4%D7%98-%D7%90%D7%A8%D7%96-%D7%A9%D7%A0%D7%99-%D7%A4%D7%A1%D7%93-%D7%91%D7%AA%D7%91%D7%99%D7%A2%D7%AA-%D7%90%D7%91-%D7%9C%D7%9E%D7%A9%D7%9E%D7%95%D7%A8%D7%AA-%D7%95%D7%97%D7%9C%D7%95%D7%A7%D7%AA-%D7%96%D7%9E%D7%A0%D7%99-%D7%A9%D7%94%D7%95%D7%AA-%D7%A9%D7%95%D7%95%D7%99%D7%9D-%D7%AA%D7%9C%D7%94%D7%9E-64033-06-21/","https://jus-tice.co.il/verdict-judge-lawsuit-custody-64033-06-21/",301
"http://jus-tice.co.il/%D7%94%D7%97%D7%96%D7%A7%D7%AA-%D7%99%D7%9C%D7%93%D7%99%D7%9D-%D7%9E%D7%A9%D7%9E%D7%95%D7%A8%D7%AA-%D7%9E%D7%A9%D7%95%D7%AA%D7%A4%D7%AA-%D7%91%D7%99%D7%AA-%D7%94%D7%93%D7%99%D7%9F-%D7%94%D7%A8%D7%91%D7%A0%D7%99/","https://jus-tice.co.il/rabbinical-court-joint-custody-1218708-4/",301
"http://jus-tice.co.il/articles/%D7%A4%D7%92%D7%99%D7%A2%D7%94-%D7%91%D7%A4%D7%A8%D7%98%D7%99%D7%95%D7%AA-%D7%A1%D7%A7%D7%99%D7%A8%D7%AA-%D7%94%D7%9E%D7%A1%D7%92%D7%A8%D7%AA-%D7%94%D7%A0%D7%95%D7%A8%D7%9E%D7%98%D7%99%D7%91%D7%99/","https://jus-tice.co.il/privacy-review/",301
"http://jus-tice.co.il/%D7%9E%D7%A2%D7%A6%D7%A8-%D7%A0%D7%A9%D7%A7-%D7%95%D7%AA%D7%97%D7%9E%D7%95%D7%A9%D7%AA-%D7%94%D7%AA%D7%9B%D7%AA%D7%91%D7%95%D7%AA-%D7%91%D7%9E%D7%A1%D7%A0%D7%92%D7%A8-%D7%9E%D7%91%D7%9C%D7%99-%D7%A9%D7%A0%D7%AA%D7%A4%D7%A1-%D7%A0%D7%A9%D7%A7/","https://jus-tice.co.il/arrest-witness-proceedings-offenses-13382-01-22/",301
"http://jus-tice.co.il/%D7%A8%D7%AA%D7%A7-38215-11-21-%D7%A9%D7%95%D7%A1%D7%98%D7%A8%D7%9E%D7%9F-%D7%A0-%D7%90%D7%9C%D7%91%D7%A8-%D7%A6%D7%99%D7%99-%D7%A8%D7%9B%D7%91/","https://jus-tice.co.il/verdict-cancellation-38215-11-21/",301
"http://jus-tice.co.il/%D7%92%D7%99%D7%9C%D7%95%D7%99-%D7%A4%D7%A8%D7%98%D7%99-%D7%9E%D7%A9%D7%AA%D7%9E%D7%A9-%D7%A9%D7%9C-%D7%A4%D7%A8%D7%95%D7%A4%D7%99%D7%9C-%D7%A4%D7%99%D7%99%D7%A1%D7%91%D7%95%D7%A7-%D7%A4%D7%99%D7%A7%D7%98%D7%99%D7%91%D7%99-%D7%AA%D7%90-20419-03-21/","https://jus-tice.co.il/verdict-complete-20419-03-21-2022/",301
"http://jus-tice.co.il/%D7%97%D7%A9%D7%99%D7%A4%D7%AA-%D7%A4%D7%A8%D7%98%D7%99-%D7%9E%D7%A9%D7%AA%D7%9E%D7%A9-%D7%A8%D7%9E%D7%99-%D7%9E%D7%95%D7%A8-%D7%A0%D7%92%D7%93-%D7%91%D7%A8%D7%A7-%D7%90%D7%99-%D7%98%D7%99-%D7%A1%D7%99/","https://jus-tice.co.il/ruling-law-complete-4447-07/",301
"http://jus-tice.co.il/%D7%A6%D7%95-%D7%94%D7%92%D7%A0%D7%94-%D7%91%D7%99%D7%97%D7%A1-%D7%9C%D7%9E%D7%A9%D7%99%D7%91-%D7%A9%D7%A4%D7%A8%D7%A0%D7%A1%D7%AA%D7%95-%D7%93%D7%95%D7%A8%D7%A9%D7%AA-%D7%A0%D7%A9%D7%99%D7%90%D7%AA-%D7%A0%D7%A9%D7%A7/","https://jus-tice.co.il/protection-order-judge-decision-32379-10-21/",301
"http://jus-tice.co.il/%D7%90%D7%99%D7%96%D7%95%D7%9F-%D7%9E%D7%A9%D7%90%D7%91%D7%99%D7%9D-%D7%9B%D7%A1%D7%A4%D7%99%D7%9D-%D7%94%D7%9E%D7%A6%D7%95%D7%99%D7%99%D7%9D-%D7%91%D7%97%D7%A9%D7%91%D7%95%D7%A0%D7%95%D7%AA-%D7%91%D7%9F-%D7%96%D7%95%D7%92-%D7%94%D7%91%D7%A8%D7%97%D7%AA-%D7%A0%D7%9B%D7%A1%D7%99%D7%9D/","https://jus-tice.co.il/accounts/",301
"http://jus-tice.co.il/%D7%A6%D7%95-%D7%9E%D7%A0%D7%99%D7%A2%D7%94-%D7%96%D7%9E%D7%A0%D7%99-%D7%9C%D7%9E%D7%A0%D7%99%D7%A2%D7%AA-%D7%93%D7%99%D7%A1%D7%A4%D7%95%D7%96%D7%99%D7%A6%D7%99%D7%94-%D7%91%D7%9E%D7%A0%D7%99%D7%95%D7%AA/","https://jus-tice.co.il/injunction-judge-decision-request-petition-68959-12-21/",301
"http://jus-tice.co.il/%D7%A2%D7%90-10403-04-21-%D7%A4%D7%A8%D7%95%D7%99%D7%A7%D7%98-51-%D7%91%D7%A2%D7%9E-%D7%A0-%D7%9E%D7%99%D7%A8%D7%91%D7%95-%D7%A4%D7%A8%D7%95%D7%99%D7%99%D7%A7%D7%98%D7%99%D7%9D-%D7%91%D7%A2%D7%9E/","https://jus-tice.co.il/land-properties-10403-04-21/",301
"http://jus-tice.co.il/%D7%AA%D7%99%D7%A7-1301763/3-%D7%91%D7%91%D7%99%D7%AA-%D7%94%D7%93%D7%99%D7%9F-%D7%94%D7%A8%D7%91%D7%A0%D7%99-%D7%94%D7%92%D7%93%D7%95%D7%9C-%D7%99%D7%A8%D7%95%D7%A9%D7%9C%D7%99%D7%9D/","https://jus-tice.co.il/reconciliation-ketubah-agreement-divorce/",301
"http://jus-tice.co.il/%D7%A2%D7%9E-24711-05-20-%D7%91%D7%A8%D7%95%D7%9F-%D7%9B%D7%90-%D7%91%D7%A2%D7%9E-%D7%A0-%D7%A8%D7%A9%D7%95%D7%AA-%D7%94%D7%9E%D7%99%D7%A1%D7%99%D7%9D-%D7%91%D7%99%D7%A9%D7%A8%D7%90%D7%9C-%D7%9E%D7%A1-%D7%A2%D7%A8%D7%9A-%D7%9E%D7%95%D7%A1%D7%A3/","https://jus-tice.co.il/appeal-company/",301
"http://jus-tice.co.il/%D7%A4%D7%A1%D7%A7-%D7%93%D7%99%D7%9F-%D7%91%D7%A2%D7%A0%D7%99%D7%99%D7%9F-%D7%9E%D7%97%D7%9C%D7%95%D7%A7%D7%AA-%D7%A6%D7%A8%D7%9B%D7%A0%D7%99%D7%AA-%D7%91%D7%99%D7%9F-%D7%A6%D7%93%D7%93%D7%99%D7%9D-%D7%91%D7%A9%D7%9C-%D7%A8%D7%9B%D7%99%D7%A9%D7%AA-%D7%9E%D7%A9%D7%A7%D7%A4%D7%99-%D7%A8%D7%90%D7%99%D7%94/","https://jus-tice.co.il/52531-03-21/",301
"http://jus-tice.co.il/%D7%96%D7%9B%D7%90%D7%95%D7%AA-%D7%9C%D7%94%D7%97%D7%96%D7%A8-%D7%9E%D7%A1-%D7%A8%D7%9B%D7%99%D7%A9%D7%94-%D7%91%D7%92%D7%99%D7%9F-%D7%91%D7%99%D7%98%D7%95%D7%9C-%D7%A2%D7%A1%D7%A7%D7%94-%D7%91%D7%9E%D7%A7%D7%A8%D7%A7%D7%A2%D7%99%D7%9F/","https://jus-tice.co.il/purchase-tax-cancellation-real-estate-5561-01-20/",301
"http://jus-tice.co.il/%D7%A4%D7%A1%D7%A7-%D7%93%D7%99%D7%9F-%D7%91%D7%AA%D7%91%D7%99%D7%A2%D7%94-%D7%9C%D7%94%D7%97%D7%96%D7%A8-%D7%94%D7%9C%D7%95%D7%95%D7%90%D7%94-%D7%AA%D7%90-5122-10-19/","https://jus-tice.co.il/verdict-lawsuit-loan-5122-10-19/",301
"http://jus-tice.co.il/%D7%94%D7%A0%D7%97%D7%99%D7%95%D7%AA-%D7%9C%D7%9E%D7%91%D7%A7%D7%A9%D7%99%D7%9D-%D7%9C%D7%94%D7%AA%D7%9E%D7%A0%D7%95%D7%AA-%D7%9C%D7%9E%D7%A9%D7%A8%D7%94-%D7%A9%D7%99%D7%A4%D7%95%D7%98%D7%99%D7%AA/","https://jus-tice.co.il/lawyers-judge/",301
"http://jus-tice.co.il/%D7%94%D7%97%D7%9C%D7%98%D7%94-%D7%91%D7%A0%D7%95%D7%A9%D7%90-%D7%A9%D7%91%D7%99%D7%AA%D7%AA-%D7%94%D7%A0%D7%9E%D7%9C%D7%99%D7%9D-%D7%A1%D7%A7%D7%9B-55221-01-22/","https://jus-tice.co.il/rabbinical-court-decision-55221-01-22/",301
"http://jus-tice.co.il/%D7%AA%D7%91%D7%99%D7%A2%D7%AA-%D7%A9%D7%9B%D7%A8-%D7%98%D7%A8%D7%97%D7%94-%D7%A2%D7%95%D7%A8%D7%9B%D7%AA-%D7%93%D7%99%D7%9F-%D7%9B%D7%A0%D7%92%D7%93-%D7%9C%D7%A7%D7%95%D7%97%D7%94/","https://jus-tice.co.il/verdict-judge-lawsuit-69909-11-18/",301
"http://jus-tice.co.il/%D7%94%D7%A1%D7%9E%D7%9B%D7%95%D7%AA-%D7%9C%D7%A4%D7%A1%D7%95%D7%A7-%D7%91%D7%A2%D7%A0%D7%99%D7%99%D7%9F-%D7%94%D7%A8%D7%9B%D7%95%D7%A9-%D7%9C%D7%9E%D7%A8%D7%95%D7%AA-%D7%94%D7%A1%D7%9B%D7%9D-%D7%9E%D7%9E%D7%95%D7%9F-%D7%A9%D7%90%D7%95%D7%A9%D7%A8-%D7%91%D7%91%D7%99%D7%AA-%D7%94%D7%9E%D7%A9%D7%A4%D7%98/","https://jus-tice.co.il/prenuptial-agreement-jurisdiction-property-house/",301
"http://jus-tice.co.il/%D7%9E%D7%96%D7%95%D7%A0%D7%95%D7%AA-%D7%94%D7%99%D7%9C%D7%93%D7%99%D7%9D-%D7%94%D7%90%D7%9D-%D7%9C%D7%A4%D7%99-%D7%A6%D7%A8%D7%99%D7%9B%D7%94-%D7%91%D7%A4%D7%95%D7%A2%D7%9C-%D7%90%D7%95-%D7%A2%D7%A8%D7%9A-%D7%A9%D7%95%D7%9C%D7%99/","https://jus-tice.co.il/alimony-1161022-12/",301
"http://jus-tice.co.il/%D7%90%D7%97%D7%A8%D7%99%D7%95%D7%AA-%D7%94%D7%91%D7%A2%D7%9C-%D7%9C%D7%97%D7%95%D7%91%D7%95%D7%AA-%D7%90%D7%A9%D7%AA%D7%95-%D7%A2%D7%9C-%D7%A4%D7%99-%D7%93%D7%99%D7%9F-%D7%AA%D7%95%D7%A8%D7%94-%D7%95%D7%A2%D7%9C-%D7%A4%D7%99-%D7%97%D7%95%D7%A7-%D7%99%D7%97%D7%A1%D7%99-%D7%9E%D7%9E%D7%95%D7%9F-%D7%96%D7%9B%D7%95%D7%99%D7%95%D7%AA-%D7%95%D7%97%D7%95%D7%91%D7%95%D7%AA-%D7%91%D7%9E%D7%A2%D7%A8%D7%9B%D7%AA-%D7%99%D7%97%D7%A1%D7%99%D7%9D-%D7%A9%D7%91%D7%94-%D7%94%D7%90%D7%99%D7%A9%D7%94-%D7%94%D7%99%D7%90-%D7%94%D7%9E%D7%A4%D7%A8%D7%A0%D7%A1%D7%AA/","https://jus-tice.co.il/obligations-law-rights/",301
"http://jus-tice.co.il/%D7%A9%D7%9C%D7%99%D7%9C%D7%AA-%D7%9E%D7%96%D7%95%D7%A0%D7%95%D7%AA-%D7%A7%D7%98%D7%99%D7%9F-%D7%9B%D7%A9%D7%94%D7%90%D7%9E%D7%90-%D7%9E%D7%A1%D7%A8%D7%91%D7%AA-%D7%9C%D7%94%D7%A4%D7%92%D7%99%D7%A9-%D7%90%D7%95%D7%AA%D7%95-%D7%A2%D7%9D-%D7%90%D7%91%D7%99%D7%95-%D7%91%D7%A0%D7%99%D7%92%D7%95%D7%93-%D7%9C%D7%94%D7%97%D7%9C%D7%98%D7%95%D7%AA-%D7%91%D7%99%D7%AA-%D7%94%D7%93%D7%99%D7%9F-%D7%94%D7%A8%D7%91%D7%A0%D7%99/","https://jus-tice.co.il/rabbinical-court-alimony/",301
"http://jus-tice.co.il/%D7%A0%D7%99%D7%9E%D7%95%D7%A7%D7%99%D7%9D-%D7%9C%D7%93%D7%97%D7%99%D7%99%D7%AA-%D7%91%D7%A7%D7%A9%D7%94-%D7%9C%D7%9E%D7%AA%D7%9F-%D7%A6%D7%95-%D7%A2%D7%99%D7%A7%D7%95%D7%9C/","https://jus-tice.co.il/rabbinical-court-haifa-request-1254901-4/",301
"http://jus-tice.co.il/%D7%A1%D7%9E%D7%9B%D7%95%D7%AA-%D7%94%D7%A2%D7%91%D7%A8%D7%AA-%D7%A7%D7%98%D7%99%D7%A0%D7%95%D7%AA-%D7%9C%D7%9E%D7%A9%D7%9E%D7%95%D7%A8%D7%AA-%D7%90%D7%91-%D7%91%D7%91%D7%99%D7%AA-%D7%93%D7%99%D7%9F-%D7%A8%D7%91%D7%A0%D7%99/","https://jus-tice.co.il/court-rabbinical-court-jurisdiction-custody/",301
"http://jus-tice.co.il/%D7%94%D7%A6%D7%94%D7%A8%D7%AA-%D7%90%D7%91%D7%94%D7%95%D7%AA-%D7%91%D7%91%D7%99%D7%AA-%D7%94%D7%93%D7%99%D7%9F-%D7%94%D7%A8%D7%91%D7%A0%D7%99/","https://jus-tice.co.il/rabbinical-court/",301
"http://jus-tice.co.il/%D7%91%D7%A7%D7%A9%D7%94-%D7%9C%D7%90%D7%99%D7%A9%D7%95%D7%A8-%D7%AA%D7%95%D7%91%D7%A2%D7%A0%D7%94-%D7%91%D7%92%D7%99%D7%9F-%D7%A9%D7%9C%D7%99%D7%97%D7%AA-%D7%93%D7%95%D7%90%D7%A8-%D7%96%D7%91%D7%9C-%D7%9B%D7%99%D7%99%D7%A6%D7%95%D7%92%D7%99%D7%AA/","https://jus-tice.co.il/lawyers-judge-decision-request-approval-company/",301
"http://jus-tice.co.il/%D7%94%D7%A8%D7%A9%D7%A2%D7%AA-%D7%A0%D7%90%D7%A9%D7%9D-%D7%91%D7%A2%D7%91%D7%99%D7%A8%D7%95%D7%AA-%D7%9E%D7%99%D7%9F-%D7%91%D7%91%D7%AA%D7%95-%D7%95%D7%90%D7%9C%D7%99%D7%9E%D7%95%D7%AA-%D7%9B%D7%9C%D7%A4%D7%99-%D7%99%D7%9C%D7%93%D7%99%D7%95/","https://jus-tice.co.il/sex-offenses-criminal-law-defendant-offenses-family-28464-07-19/",301
"http://jus-tice.co.il/%D7%93%D7%A8%D7%A2%D7%99-%D7%92%D7%96%D7%A8-%D7%93%D7%99%D7%9F-%D7%A2%D7%91%D7%99%D7%A8%D7%95%D7%AA-%D7%9E%D7%A1-%D7%94%D7%A1%D7%93%D7%A8-%D7%98%D7%99%D7%A2%D7%95%D7%9F/","https://jus-tice.co.il/criminal-law-tax-offenses-procedure-criminal-2022-56231-12-21/",301
"http://jus-tice.co.il/%D7%94%D7%97%D7%95%D7%91%D7%94-%D7%9C%D7%90%D7%A4%D7%A9%D7%A8-%D7%A1%D7%A0%D7%99%D7%92%D7%95%D7%A8-%D7%9C%D7%99%D7%99%D7%A2%D7%A5-%D7%9C%D7%90%D7%A1%D7%99%D7%A8-%D7%A2%D7%A6%D7%95%D7%A8-%D7%91%D7%91%D7%99%D7%AA-%D7%94%D7%9B%D7%9C%D7%90/","https://jus-tice.co.il/lawyer-right-duty-defender-criminal-arrested/",301
"http://jus-tice.co.il/%D7%9E%D7%A2%D7%A9%D7%94-%D7%9E%D7%92%D7%95%D7%A0%D7%94-%D7%91%D7%A0%D7%95%D7%A1%D7%A2%D7%AA-%D7%AA%D7%95%D7%9A-%D7%9B%D7%93%D7%99-%D7%A0%D7%A1%D7%99%D7%A2%D7%94/","https://jus-tice.co.il/57428-12-19/",301
"http://jus-tice.co.il/%D7%94%D7%9B%D7%A0%D7%94-%D7%9C%D7%97%D7%A7%D7%99%D7%A8%D7%94-%D7%91%D7%9E%D7%A9%D7%98%D7%A8%D7%94/","https://jus-tice.co.il/investigation-guide-criminal/",301
"http://jus-tice.co.il/%D7%94%D7%A1%D7%93%D7%A8-%D7%9E%D7%95%D7%AA%D7%A0%D7%94/","https://jus-tice.co.il/procedure/",301
"http://jus-tice.co.il/%D7%A2%D7%95%D7%A8%D7%9A-%D7%93%D7%99%D7%9F-%D7%A8%D7%A9%D7%9C%D7%A0%D7%95%D7%AA-%D7%A8%D7%A4%D7%95%D7%90%D7%99%D7%AA-%D7%9E%D7%95%D7%9E%D7%9C%D7%A5/","https://jus-tice.co.il/medical-malpractice-lawyer-recommended/",301
"http://jus-tice.co.il/%D7%92%D7%99%D7%A8%D7%95%D7%A9%D7%99%D7%9F-%D7%91%D7%92%D7%99%D7%93%D7%94-%D7%96%D7%9B%D7%95%D7%99%D7%95%D7%AA-%D7%91%D7%A2%D7%9C-%D7%91%D7%95%D7%92%D7%93-%D7%91%D7%94%D7%9C%D7%9B%D7%94/","https://jus-tice.co.il/rabbinical-court-verdict-divorce-infidelity-rights-ruling/",301
"http://jus-tice.co.il/%D7%92%D7%96%D7%9C-%D7%A1%D7%95%D7%93-%D7%9E%D7%A1%D7%97%D7%A8%D7%99-%D7%A9%D7%99%D7%9E%D7%95%D7%A9-%D7%A9%D7%9C%D7%90-%D7%91%D7%A8%D7%A9%D7%99%D7%9E%D7%AA-%D7%9C%D7%A7%D7%95%D7%97%D7%95%D7%AA-%D7%90%D7%99-%D7%AA%D7%97%D7%A8%D7%95%D7%AA-%D7%95%D7%A9%D7%9E%D7%99%D7%A8%D7%AA-%D7%A1%D7%95%D7%93%D7%99%D7%95%D7%AA/","https://jus-tice.co.il/law-17654-02-19/",301
"http://jus-tice.co.il/%D7%A4%D7%A1%D7%A7-%D7%93%D7%99%D7%9F-%D7%AA%D7%A2%D7%91%D7%95%D7%A8%D7%94-%D7%A2%D7%99%D7%9F-%D7%94%D7%A0%D7%A5-%D7%A7%D7%91%D7%99%D7%9C%D7%95%D7%AA-%D7%95%D7%97%D7%95%D7%A7%D7%99%D7%95%D7%AA-%D7%A8%D7%90%D7%99%D7%95%D7%AA-%D7%A9%D7%94%D7%95%D7%A0%D7%A4%D7%A7%D7%95-%D7%9E%D7%94%D7%9E%D7%A2%D7%A8%D7%9B%D7%AA/","https://jus-tice.co.il/evidence-44000-02-21/",301
"http://jus-tice.co.il/%D7%97%D7%93%D7%A9%D7%95%D7%AA-%D7%A4%D7%9C%D7%99%D7%9C%D7%99-%D7%9E%D7%AA%D7%A2%D7%93%D7%9B%D7%9F/","https://jus-tice.co.il/news-criminal/",301
"http://jus-tice.co.il/articles/%D7%A1%D7%9E%D7%9B%D7%95%D7%AA-%D7%91%D7%99%D7%AA-%D7%94%D7%93%D7%99%D7%9F-%D7%91%D7%A2%D7%A0%D7%99%D7%99%D7%9F-%D7%9E%D7%96%D7%95%D7%A0%D7%95%D7%AA-%D7%94%D7%99%D7%9C%D7%93%D7%99%D7%9D-%D7%9C%D7%90/","https://jus-tice.co.il/rabbinical-court-jurisdiction-alimony-ruling-news-8216/",301
"http://jus-tice.co.il/%D7%94%D7%A9%D7%95%D7%A4%D7%98%D7%AA-%D7%A2%D7%A4%D7%A8%D7%94-%D7%92%D7%99%D7%90-%D7%99%D7%A1-33240-08-21-%D7%A2-%D7%A0-%D7%A2/","https://jus-tice.co.il/article-6477/",301
"http://jus-tice.co.il/%D7%AA%D7%9E%D7%A9-14076-10-16-%D7%A4%D7%9C%D7%95%D7%A0%D7%99%D7%AA-%D7%A0-%D7%A4%D7%9C%D7%95%D7%A0%D7%99/","https://jus-tice.co.il/child-support-verdict-judge-request/",301
"http://jus-tice.co.il/%D7%A2%D7%9E-38294-02-19-%D7%A1%D7%99%D7%99%D7%93%D7%94-%D7%A0-%D7%A4%D7%A7%D7%99%D7%93-%D7%A9%D7%95%D7%9E%D7%94-%D7%91%D7%90%D7%A8-%D7%A9%D7%91%D7%A2/","https://jus-tice.co.il/taxation-company-judge/",301
"http://jus-tice.co.il/%D7%AA%D7%A7-25449-12-20-%D7%A4%D7%9C%D7%95%D7%A0%D7%99%D7%AA-%D7%95%D7%90%D7%97-%D7%A0-%D7%99%D7%95%D7%A0%D7%99%D7%99%D7%98%D7%93-%D7%90%D7%99%D7%A8%D7%9C%D7%99%D7%99%D7%A0%D7%A1-%D7%90%D7%99%D7%A0%D7%A7/","https://jus-tice.co.il/compensation-law/",301
"http://jus-tice.co.il/%D7%AA%D7%90-19141-07-18-%D7%94%D7%9C%D7%95%D7%99-%D7%A0-%D7%A4%D7%98-%D7%91%D7%99%D7%99-%D7%99%D7%A9%D7%A8%D7%90%D7%9C-%D7%91%D7%A2%D7%9E-%D7%95%D7%90%D7%97/","https://jus-tice.co.il/verdict-agreement-judge-israel/",301
"http://jus-tice.co.il/%D7%A4%D7%A1%D7%99%D7%A7%D7%94-%D7%AA%D7%91%D7%99%D7%A2%D7%95%D7%AA-%D7%A8%D7%9B%D7%95%D7%A9-%D7%9E%D7%A9%D7%9E%D7%95%D7%A8%D7%AA-%D7%95%D7%9E%D7%96%D7%95%D7%A0%D7%95%D7%AA-%D7%9C%D7%99%D7%93%D7%95%D7%A2%D7%99%D7%9D-%D7%91%D7%A6%D7%99%D7%91%D7%95%D7%A8/","https://jus-tice.co.il/common-law-spouses-rights-property-custody-alimony/",301
"http://jus-tice.co.il/%D7%9B%D7%A1%D7%A4%D7%99%D7%9D-%D7%9E%D7%A9%D7%95%D7%AA%D7%A4%D7%99%D7%9D-%D7%A9%D7%94%D7%95%D7%A2%D7%91%D7%A8%D7%95-%D7%91%D7%93%D7%A8%D7%9B%D7%99-%D7%9E%D7%A8%D7%9E%D7%94-%D7%9C%D7%A6%D7%93%D7%93%D7%99%D7%9D-%D7%A9%D7%9C%D7%99%D7%A9%D7%99%D7%99%D7%9D/","https://jus-tice.co.il/divorce-partners/",301
"http://jus-tice.co.il/%D7%91%D7%A7%D7%A9%D7%94-%D7%9C%D7%A7%D7%99%D7%95%D7%9D-%D7%A6%D7%95%D7%95%D7%90%D7%94-%D7%9B%D7%A0%D7%92%D7%93-%D7%94%D7%AA%D7%A0%D7%92%D7%93%D7%95%D7%AA%D7%95-%D7%A9%D7%9C-%D7%91%D7%9F-%D7%94%D7%9E%D7%A0%D7%95%D7%97%D7%94-%D7%A9%D7%94%D7%95%D7%93%D7%A8-%D7%9E%D7%94%D7%A6%D7%95%D7%95%D7%90%D7%94-%D7%91%D7%98%D7%A2%D7%A0%D7%94-%D7%A9%D7%9C%D7%90-%D7%94%D7%99%D7%99%D7%AA%D7%94-%D7%9B%D7%A9%D7%99%D7%A8%D7%94/","https://jus-tice.co.il/verdict-judge-request-will-claim-3612-09-18/",301
"http://jus-tice.co.il/%D7%A7%D7%A8%D7%99%D7%98%D7%A8%D7%99%D7%95%D7%A0%D7%99%D7%9D-%D7%9C%D7%A7%D7%91%D7%99%D7%A2%D7%AA-%D7%9E%D7%A2%D7%9E%D7%93-%D7%91%D7%A0%D7%99-%D7%94%D7%96%D7%95%D7%92-%D7%9C%D7%A4%D7%A0%D7%99-%D7%94%D7%97%D7%AA%D7%95%D7%A0%D7%94-%D7%9B%D7%99%D7%93%D7%95%D7%A2%D7%99%D7%9D-%D7%91%D7%A6%D7%99%D7%91%D7%95%D7%A8/","https://jus-tice.co.il/common-law-spouses/",301
"http://jus-tice.co.il/%D7%A2%D7%9E-2007929-%D7%92%D7%90%D7%A0%D7%9D-%D7%A0-%D7%9E%D7%9E%D7%95%D7%A0%D7%94-%D7%90%D7%96%D7%95%D7%A8%D7%99-%D7%9E%D7%A2%D7%9E-%D7%98%D7%91%D7%A8%D7%99%D7%94/","https://jus-tice.co.il/judge-evidence-accounts-law-tax/",301
"http://jus-tice.co.il/%D7%A4%D7%A1%D7%93-%D7%91%D7%A9%D7%AA%D7%99-%D7%AA%D7%95%D7%91%D7%A2%D7%A0%D7%95%D7%AA-%D7%91%D7%A0%D7%95%D7%A9%D7%90-%D7%92%D7%91%D7%99%D7%99%D7%AA-%D7%9E%D7%96%D7%95%D7%A0%D7%95%D7%AA-%D7%95%D7%91%D7%99%D7%98%D7%95%D7%9C-%D7%94%D7%A1%D7%9B%D7%9D-%D7%97%D7%9C%D7%95%D7%A7%D7%AA-%D7%A2%D7%99%D7%96%D7%91%D7%95%D7%9F/","https://jus-tice.co.il/verdict-judge-alimony-cancellation-agreement-estate/",301
"http://jus-tice.co.il/articles/%D7%A9%D7%93%D7%94-%D7%93%D7%91-%D7%A4%D7%A1%D7%A7-%D7%93%D7%99%D7%9F-%D7%93%D7%99%D7%95%D7%A8-%D7%91%D7%A8-%D7%94%D7%A9%D7%92%D7%94-%D7%93%D7%99%D7%95%D7%A8-%D7%91%D7%94%D7%99%D7%A9%D7%92-%D7%99/","https://jus-tice.co.il/verdict-21054-10-20/",301
"http://jus-tice.co.il/%D7%AA%D7%90-28120-03-18-%D7%A4%D7%9C%D7%95%D7%A0%D7%99-%D7%A0-googel-llc-%D7%95%D7%90%D7%97/","https://jus-tice.co.il/defamation-lawsuit-compensation-privacy-google-llc/",301
"http://jus-tice.co.il/%D7%98%D7%95%D7%A4%D7%A1-%D7%9C%D7%A4%D7%99-%D7%97%D7%95%D7%A7-%D7%9C%D7%9E%D7%A0%D7%99%D7%A2%D7%AA-%D7%94%D7%A2%D7%A1%D7%A7%D7%94-%D7%A9%D7%9C-%D7%A2%D7%91%D7%A8%D7%99%D7%99%D7%A0%D7%99-%D7%9E%D7%99%D7%9F-%D7%91%D7%9E%D7%95%D7%A1%D7%93-%D7%94%D7%9E%D7%9B%D7%95%D7%95%D7%9F-%D7%9C%D7%9E%D7%AA%D7%9F-%D7%A9%D7%99%D7%A8%D7%95%D7%AA-%D7%9C%D7%A7%D7%98%D7%99%D7%A0%D7%99%D7%9D/","https://jus-tice.co.il/petition-approval/",301
"http://jus-tice.co.il/%D7%A4%D7%A1%D7%93-%D7%91%D7%AA%D7%91%D7%99%D7%A2%D7%AA-%D7%94%D7%93%D7%99%D7%91%D7%94-%D7%A9%D7%9C-%D7%9E%D7%A0%D7%99-%D7%A0%D7%A4%D7%AA%D7%9C%D7%99-%D7%AA%D7%90-56442-02-15/","https://jus-tice.co.il/verdict-house-israel/",301
"http://jus-tice.co.il/%D7%94%D7%AA%D7%A0%D7%92%D7%93%D7%95%D7%AA-%D7%9C%D7%A7%D7%99%D7%95%D7%9D-%D7%A6%D7%95%D7%95%D7%90%D7%AA-%D7%94%D7%9E%D7%A0%D7%95%D7%97%D7%94-%D7%9E%D7%A6%D7%93-%D7%A9%D7%A0%D7%99%D7%99%D7%9D-%D7%9E%D7%90%D7%97%D7%99%D7%94-%D7%9B%D7%A0%D7%92%D7%93-%D7%90%D7%97%D7%99%D7%94-%D7%94%D7%A0%D7%95%D7%A1%D7%A4%D7%99%D7%9D-%D7%95%D7%90%D7%97%D7%99%D7%99%D7%A0%D7%94/","https://jus-tice.co.il/will-33448-06-19-33412-06-19/",301
"http://jus-tice.co.il/%D7%9E%D7%A2%D7%9E%D7%93%D7%9F-%D7%A9%D7%9C-%D7%90%D7%9C%D7%9E%D7%A0%D7%95%D7%AA-%D7%96%D7%9B%D7%90%D7%99-%D7%97%D7%95%D7%A7-%D7%94%D7%A9%D7%91%D7%95%D7%AA-%D7%91%D7%92%D7%A5-177519-%D7%91%D7%92%D7%A5-230919/","https://jus-tice.co.il/verdict-judge-law-1775-19-2309/",301
"http://jus-tice.co.il/%D7%AA%D7%91%D7%99%D7%A2%D7%AA-%D7%A0%D7%96%D7%A7%D7%99-%D7%92%D7%95%D7%A3-%D7%A0%D7%A4%D7%99%D7%9C%D7%94-%D7%91%D7%96%D7%9E%D7%9F-%D7%A8%D7%9B%D7%99%D7%91%D7%94-%D7%A2%D7%9C-%D7%90%D7%95%D7%A4%D7%A0%D7%99%D7%9D-%D7%97%D7%A9%D7%9E%D7%9C%D7%99%D7%99%D7%9D-%D7%91%D7%A9%D7%9C-%D7%9B%D7%91%D7%99%D7%A9-%D7%9E%D7%A9%D7%95%D7%91%D7%A9/","https://jus-tice.co.il/personal-injury-lawsuit-23601-10-19/",301
"http://jus-tice.co.il/%D7%A1%D7%A8%D7%91%D7%A0%D7%95%D7%AA-%D7%A7%D7%A9%D7%A8-%D7%95%D7%A0%D7%99%D7%9B%D7%95%D7%A8-%D7%94%D7%95%D7%A8%D7%99-%D7%A4%D7%A1%D7%93-%D7%A9%D7%9C-%D7%94%D7%A9%D7%95%D7%A4%D7%98-%D7%90%D7%A8%D7%96-%D7%A9%D7%A0%D7%99-%D7%A2%D7%9C-%D7%AA%D7%91%D7%99%D7%A2%D7%AA-%D7%90%D7%91-%D7%9C%D7%97%D7%99%D7%93%D7%95%D7%A9-%D7%A7%D7%A9%D7%A8-%D7%A2%D7%9D-%D7%91%D7%A0%D7%95-%D7%94%D7%A7%D7%98%D7%99%D7%9F/","https://jus-tice.co.il/parental-alienation-verdict-refusal-judge-lawsuit-claim/",301
"http://jus-tice.co.il/26082021-%D7%A9%D7%97%D7%A8%D7%95%D7%A8-%D7%96%D7%93%D7%95%D7%A8%D7%95%D7%91-%D7%9C%D7%9E%D7%A2%D7%A6%D7%A8-%D7%91%D7%99%D7%AA-%D7%A4%D7%A1%D7%A7-%D7%93%D7%99%D7%9F-%D7%9E%D7%9C%D7%90-%D7%91%D7%A9%D7%A4-5743-%D7%9E%D7%93%D7%99%D7%A0%D7%AA-%D7%99%D7%A9%D7%A8%D7%90%D7%9C-%D7%A0-%D7%A8%D7%95%D7%9E%D7%9F-%D7%96%D7%93%D7%95%D7%A8%D7%95%D7%91/","https://jus-tice.co.il/verdict-arrest-house-complete-israel-5743/",301
"http://jus-tice.co.il/%D7%AA%D7%90-63470-05-19-%D7%96%D7%95%D7%94%D7%A8-%D7%95%D7%90%D7%97-%D7%A0-facebook-inc-%D7%95%D7%90%D7%97-23-%D7%9C%D7%90%D7%95%D7%92%D7%95%D7%A1%D7%98-2021/","https://jus-tice.co.il/verdict-rights/",301
"http://jus-tice.co.il/%D7%A8%D7%99%D7%A9%D7%95%D7%9D-%D7%A7%D7%98%D7%99%D7%9F-%D7%9C%D7%9E%D7%95%D7%A1%D7%93-%D7%97%D7%99%D7%A0%D7%95%D7%9B%D7%99-%D7%9C%D7%A9%D7%A0%D7%AA-%D7%94%D7%9C%D7%99%D7%9E%D7%95%D7%93%D7%99%D7%9D-%D7%AA%D7%A9%D7%A4%D7%91/","https://jus-tice.co.il/judge-decision/",301
"http://jus-tice.co.il/%D7%A6%D7%95-%D7%91%D7%99%D7%AA-%D7%9E%D7%A9%D7%A4%D7%98-%D7%9C%D7%94%D7%A9%D7%91%D7%AA-%D7%A0%D7%A9%D7%A7-%D7%90%D7%99%D7%A9%D7%99/","https://jus-tice.co.il/judge-decision-3064/",301
"http://jus-tice.co.il/%D7%A4%D7%A1%D7%93-%D7%91%D7%AA%D7%91%D7%99%D7%A2%D7%94-%D7%A0%D7%92%D7%93-%D7%98%D7%A8%D7%9D-%D7%A8%D7%A9%D7%AA-%D7%9E%D7%A8%D7%9B%D7%96%D7%99%D7%9D-%D7%9C%D7%A8%D7%A4%D7%95%D7%90%D7%94-%D7%93%D7%97%D7%95%D7%A4%D7%94-%D7%A2%D7%9C-%D7%A8%D7%A9%D7%9C%D7%A0%D7%95%D7%AA-%D7%A8%D7%A4%D7%95%D7%90%D7%99%D7%AA-%D7%A9%D7%94%D7%95%D7%91%D7%99%D7%9C%D7%94-%D7%9C%D7%A4%D7%98%D7%99%D7%A8%D7%AA%D7%94-%D7%A9%D7%9C-%D7%90%D7%9D-%D7%95%D7%94%D7%A2%D7%95%D7%91%D7%A8-%D7%A9%D7%A0%D7%A9%D7%90%D7%94-%D7%91%D7%A8%D7%97%D7%9E/","https://jus-tice.co.il/medical-malpractice-lawsuit-pregnancy-20346-03-17/",301
"http://jus-tice.co.il/%D7%96%D7%99%D7%9B%D7%95%D7%99-%D7%A0%D7%90%D7%A9%D7%9D-%D7%A7%D7%A9%D7%99%D7%A8%D7%AA-%D7%A7%D7%A9%D7%A8-%D7%9C%D7%91%D7%99%D7%A6%D7%95%D7%A2-%D7%A2%D7%95%D7%95%D7%9F-%D7%AA%D7%A4-14763-04-15-%D7%9E%D7%93%D7%99%D7%A0%D7%AA-%D7%99%D7%A9%D7%A8%D7%90%D7%9C-%D7%A0%D7%99-%D7%90%D7%91%D7%A8%D7%94%D7%9D-%D7%9E%D7%90%D7%99%D7%A8-%D7%98%D7%A8%D7%99%D7%92%D7%A8/","https://jus-tice.co.il/acquittal-defendant-israel-14763-04-15/",301
"http://jus-tice.co.il/articles/%D7%94%D7%A9%D7%95%D7%A4%D7%98%D7%AA-%D7%9E%D7%99%D7%9B%D7%9C-%D7%90%D7%92%D7%9E%D7%95%D7%9F-%D7%92%D7%95%D7%A0%D7%9F-%D7%A4%D7%A1%D7%93-%D7%91%D7%AA%D7%91%D7%99%D7%A2%D7%94-%D7%99%D7%99%D7%A6/","https://jus-tice.co.il/verdict-judge-lawsuit-pension-claim-44598-12-12/",301
"http://jus-tice.co.il/%D7%94%D7%A0%D7%97%D7%99%D7%99%D7%AA-%D7%A4%D7%A8%D7%A7%D7%9C%D7%99%D7%98-%D7%94%D7%9E%D7%93%D7%99%D7%A0%D7%94-%D7%9E%D7%A1%D7%A4%D7%A8-25-%D7%9E%D7%93%D7%99%D7%A0%D7%99%D7%95%D7%AA-%D7%A4%D7%AA%D7%99%D7%97%D7%94-%D7%91%D7%97%D7%A7%D7%99%D7%A8%D7%94-%D7%95%D7%94%D7%A2%D7%9E%D7%93%D7%94-%D7%9C%D7%93%D7%99%D7%9F-%D7%91%D7%92%D7%99%D7%9F-%D7%97%D7%A9%D7%93-%D7%9C%D7%9E%D7%A1%D7%99%D7%A8%D7%AA-%D7%90%D7%9E%D7%A8%D7%94-%D7%90%D7%95-%D7%A2%D7%93%D7%95%D7%AA-%D7%9B%D7%95%D7%96%D7%91%D7%AA/","https://jus-tice.co.il/testimony-investigation-law/",301
"http://jus-tice.co.il/%D7%94%D7%A0%D7%97%D7%99%D7%95%D7%AA-%D7%A4%D7%A8%D7%A7%D7%9C%D7%99%D7%98-%D7%94%D7%9E%D7%93%D7%99%D7%A0%D7%94-%D7%9E%D7%A2%D7%A6%D7%A8-%D7%A2%D7%93-%D7%AA%D7%95%D7%9D-%D7%94%D7%94%D7%9C%D7%99%D7%9B%D7%99%D7%9D-%D7%91%D7%A2%D7%91%D7%99%D7%A8%D7%95%D7%AA-%D7%9E%D7%99%D7%9F-%D7%95%D7%90%D7%9C%D7%99%D7%9E%D7%95%D7%AA-%D7%91%D7%AA%D7%95%D7%9A-%D7%94%D7%9E%D7%A9%D7%A4%D7%97%D7%94/","https://jus-tice.co.il/sex-offenses-arrest-witness-proceedings-family-prosecutor/",301
"http://jus-tice.co.il/%D7%97%D7%95%D7%A7-%D7%A4%D7%99%D7%A6%D7%95%D7%99%D7%99%D7%9D-%D7%9C%D7%A0%D7%A4%D7%92%D7%A2%D7%99-%D7%AA%D7%90%D7%95%D7%A0%D7%95%D7%AA-%D7%93%D7%A8%D7%9B%D7%99%D7%9D-%D7%A0%D7%95%D7%A1%D7%97-%D7%A2%D7%93%D7%9B%D7%A0%D7%99/","https://jus-tice.co.il/road-accidents-law-damages-updated-1975-10-08-2021/",301
"http://jus-tice.co.il/%D7%A4%D7%A1%D7%93-%D7%AA%D7%91%D7%99%D7%A2%D7%94-%D7%9C%D7%AA%D7%A9%D7%9C%D7%95%D7%9D-%D7%A4%D7%99%D7%A6%D7%95%D7%99%D7%99%D7%9D-%D7%91%D7%A9%D7%9C-%D7%A0%D7%96%D7%A7%D7%99-%D7%92%D7%95%D7%A3-%D7%A9%D7%A0%D7%92%D7%A8%D7%9E%D7%95-%D7%91%D7%A9%D7%9C-%D7%AA%D7%90%D7%95%D7%A0%D7%AA-%D7%93%D7%A8%D7%9B%D7%99%D7%9D/","https://jus-tice.co.il/car-accident-personal-injury-judge-lawsuit-damages-31066-11-16/",301
"http://jus-tice.co.il/%D7%AA%D7%A7%D7%A0%D7%95%D7%AA-%D7%94%D7%91%D7%99%D7%98%D7%95%D7%97-%D7%94%D7%9C%D7%90%D7%95%D7%9E%D7%99-%D7%A7%D7%91%D7%99%D7%A2%D7%AA-%D7%93%D7%A8%D7%92%D7%AA-%D7%A0%D7%9B%D7%95%D7%AA-%D7%9C%D7%A0%D7%A4%D7%92%D7%A2%D7%99-%D7%A2%D7%91%D7%95%D7%93%D7%94-%D7%AA%D7%A9%D7%98%D7%96-1956/","https://jus-tice.co.il/regulations-insurance-1956/",301
"http://jus-tice.co.il/%D7%A2%D7%90-9598/05-%D7%A4%D7%9C%D7%95%D7%A0%D7%99-%D7%A0-%D7%97%D7%91%D7%A8%D7%AA-%D7%91%D7%99%D7%98%D7%95%D7%97-%D7%94%D7%9E%D7%92%D7%9F-%D7%91%D7%A2%D7%9E/","https://jus-tice.co.il/company-insurance-house-expert-medical-9598/",301
"http://jus-tice.co.il/%D7%A7%D7%99%D7%95%D7%9D-%D7%93%D7%99%D7%95%D7%A0%D7%99%D7%9D-%D7%91%D7%94%D7%9D-%D7%9E%D7%A9%D7%AA%D7%AA%D7%A3-%D7%A2%D7%A6%D7%99%D7%A8-%D7%90%D7%95-%D7%90%D7%A1%D7%99%D7%A8-%D7%91%D7%94%D7%99%D7%95%D7%95%D7%A2%D7%93%D7%95%D7%AA-%D7%97%D7%96%D7%95%D7%AA%D7%99%D7%AA/","https://jus-tice.co.il/article-6039/",301
"http://jus-tice.co.il/%D7%98%D7%99%D7%A4%D7%95%D7%9C-%D7%91%D7%94%D7%9C%D7%99%D7%9B%D7%99%D7%9D-%D7%9C%D7%A4%D7%99-%D7%97%D7%95%D7%A7-%D7%94%D7%A0%D7%95%D7%A2%D7%A8-%D7%98%D7%99%D7%A4%D7%95%D7%9C-%D7%95%D7%94%D7%A9%D7%92%D7%97%D7%94/","https://jus-tice.co.il/proceedings-law/",301
"http://jus-tice.co.il/%D7%AA%D7%91%D7%99%D7%A2%D7%94-%D7%90%D7%96%D7%A8%D7%97%D7%99%D7%AA-%D7%A0%D7%92%D7%A8%D7%A8%D7%AA-%D7%9C%D7%94%D7%A8%D7%A9%D7%A2%D7%94-%D7%91%D7%A4%D7%9C%D7%99%D7%9C%D7%99%D7%9D-%D7%AA%D7%90-38003-03-19/","https://jus-tice.co.il/verdict-judge-lawsuit-civil-conviction-38003-03-19/",301
"http://jus-tice.co.il/articles/%D7%93%D7%99%D7%9F-%D7%95%D7%97%D7%A9%D7%91%D7%95%D7%9F-%D7%9B%D7%A0%D7%A1%D7%AA-%D7%99%D7%A9%D7%A8%D7%90%D7%9C-2020/","https://jus-tice.co.il/law-account-israel-2020/",301
"http://jus-tice.co.il/%D7%A1%D7%93%D7%A8-%D7%94%D7%A2%D7%93%D7%99%D7%A4%D7%95%D7%99%D7%95%D7%AA-%D7%A9%D7%9C-%D7%9E%D7%A9%D7%98%D7%A8%D7%AA-%D7%99%D7%A9%D7%A8%D7%90%D7%9C/","https://jus-tice.co.il/israel-police-procedure/",301
"http://jus-tice.co.il/%D7%AA%D7%97%D7%A0%D7%95%D7%AA-%D7%9E%D7%A9%D7%98%D7%A8%D7%94-%D7%9B%D7%AA%D7%95%D7%91%D7%AA-%D7%98%D7%9C%D7%A4%D7%95%D7%9F-%D7%A8%D7%A9%D7%99%D7%9E%D7%94-%D7%90%D7%A8%D7%A6%D7%99%D7%AA-%D7%9E%D7%A2%D7%95%D7%93%D7%9B%D7%9F/","https://jus-tice.co.il/updated-2023/",301
"http://jus-tice.co.il/articles/%D7%94%D7%9C%D7%9B%D7%AA-%D7%A9%D7%99%D7%AA%D7%95%D7%A3-%D7%A1%D7%A4%D7%A6%D7%99%D7%A4%D7%99-%D7%91%D7%93%D7%99%D7%A8%D7%AA-%D7%9E%D7%92%D7%95%D7%A8%D7%99%D7%9D/","https://jus-tice.co.il/ruling-apartment-residence/",301
"http://jus-tice.co.il/articles/%D7%97%D7%99%D7%A4%D7%95%D7%A9-%D7%A2%D7%9C-%D7%90%D7%93%D7%9D-%D7%94%D7%A9%D7%95%D7%94%D7%94-%D7%91%D7%A9%D7%93%D7%94-%D7%91%D7%AA%D7%A2%D7%95%D7%A4%D7%94/","https://jus-tice.co.il/article-5957/",301
"http://jus-tice.co.il/%D7%91%D7%A2%D7%9C-%D7%9E%D7%91%D7%A7%D7%A9-%D7%9C%D7%94%D7%AA%D7%92%D7%A8%D7%A9-%D7%91%D7%94%D7%A1%D7%9B%D7%9E%D7%94-%D7%91%D7%94%D7%AA%D7%90%D7%9D-%D7%9C%D7%94%D7%95%D7%A8%D7%90%D7%95%D7%AA-%D7%94%D7%A1%D7%9B%D7%9D-%D7%99%D7%97%D7%A1%D7%99-%D7%9E%D7%9E%D7%95%D7%9F/","https://jus-tice.co.il/consent-agreement/",301
"http://jus-tice.co.il/articles/%D7%97%D7%99%D7%95%D7%91-%D7%92%D7%98-%D7%95%D7%9B%D7%AA%D7%95%D7%91%D7%94-%D7%91%D7%9E%D7%A7%D7%A8%D7%94-%D7%A9%D7%A9%D7%A0%D7%99-%D7%94%D7%A6%D7%93%D7%93%D7%99%D7%9D-%D7%90%D7%99%D7%A0%D7%9D-%D7%A8%D7%95%D7%A6%D7%99%D7%9D-%D7%96%D7%94/","https://jus-tice.co.il/divorce-get-divorce-ketubah/",301
"http://jus-tice.co.il/%D7%94%D7%97%D7%9C%D7%98%D7%94-%D7%91%D7%A2%D7%A0%D7%99%D7%99%D7%9F-%D7%91%D7%A7%D7%A9%D7%94-%D7%9C%D7%94%D7%97%D7%96%D7%A8%D7%AA-%D7%A6%D7%99%D7%95%D7%93-%D7%A9%D7%94%D7%95%D7%97%D7%A8%D7%9D/","https://jus-tice.co.il/judge-decision-request-13574-08-21/",301
"http://jus-tice.co.il/%D7%A9%D7%95%D7%A4%D7%98%D7%AA-%D7%98%D7%9C%D7%99-%D7%97%D7%99%D7%99%D7%9E%D7%95%D7%91%D7%99%D7%A5-%D7%A4%D7%A1%D7%93-%D7%A7%D7%91%D7%9C%D7%AA-%D7%93%D7%91%D7%A8-%D7%91%D7%9E%D7%A8%D7%9E%D7%94-%D7%91%D7%A0%D7%A1%D7%99%D7%91%D7%95%D7%AA-%D7%9E%D7%97%D7%9E%D7%99%D7%A8%D7%95%D7%AA-%D7%94%D7%9C%D7%91%D7%A0%D7%AA-%D7%94%D7%95%D7%9F-%D7%A2%D7%91%D7%99%D7%A8%D7%95%D7%AA-%D7%9E%D7%A0%D7%94%D7%9C%D7%99%D7%9D-%D7%91%D7%AA%D7%90%D7%92%D7%99%D7%93/","https://jus-tice.co.il/money-laundering-verdict-defendants-offenses-corporation-13268-09-15/",301
"http://jus-tice.co.il/%D7%92%D7%99%D7%9C%D7%95%D7%99-%D7%A0%D7%90%D7%95%D7%AA-%D7%97%D7%A1%D7%A8-%D7%A9%D7%A0%D7%A2%D7%A9%D7%94-%D7%91%D7%A2%D7%A1%D7%A7%D7%AA-%D7%9E%D7%9B%D7%A8-%D7%91%D7%A8%D7%A9%D7%AA-%D7%94%D7%90%D7%99%D7%A0%D7%98%D7%A8%D7%A0%D7%98/","https://jus-tice.co.il/verdict-judge-34672-02-21/",301
"http://jus-tice.co.il/articles/%D7%94%D7%99%D7%AA%D7%A8-%D7%A0%D7%99%D7%A9%D7%95%D7%90%D7%99%D7%9F-%D7%9E%D7%99%D7%A0%D7%A7%D7%AA-%D7%92%D7%A8%D7%95%D7%A9%D7%94-1315248-1-%D7%91%D7%99%D7%94%D7%93-%D7%90%D7%A9%D7%93%D7%95/","https://jus-tice.co.il/rabbinical-court-1315248-1/",301
"http://jus-tice.co.il/%D7%94%D7%98%D7%A8%D7%93%D7%94-%D7%9E%D7%99%D7%A0%D7%99%D7%AA-%D7%91%D7%91%D7%A8-%D7%A9%D7%AA%D7%99%D7%99%D7%AA-%D7%90%D7%9C%D7%9B%D7%95%D7%94%D7%95%D7%9C-%D7%9E%D7%92%D7%95%D7%A4%D7%95-%D7%A9%D7%9C-%D7%90%D7%93%D7%9D-%D7%90%D7%97%D7%A8/","https://jus-tice.co.il/verdict-39841-11-20/",301
"http://jus-tice.co.il/%D7%91%D7%A7%D7%A9%D7%AA-%D7%A0%D7%A4%D7%92%D7%A2-%D7%A2%D7%91%D7%99%D7%A8%D7%94-%D7%9E%D7%99%D7%93%D7%A2-%D7%90%D7%A9%D7%A4%D7%95%D7%96%D7%95-%D7%A9%D7%9C-%D7%A0%D7%90%D7%A9%D7%9D-%D7%91%D7%91%D7%99%D7%AA-%D7%97%D7%95%D7%9C%D7%99%D7%9D/","https://jus-tice.co.il/petition-offense-defendant-house/",301
"http://jus-tice.co.il/%D7%98%D7%95%D7%A4%D7%A1-%D7%91%D7%A7%D7%A9%D7%94-%D7%9C%D7%A7%D7%91%D7%9C%D7%AA-%D7%9E%D7%99%D7%93%D7%A2-%D7%A0%D7%A4%D7%92%D7%A2%D7%99-%D7%A2%D7%91%D7%99%D7%A8%D7%94-%D7%9C%D7%A4%D7%99-%D7%9C%D7%97%D7%95%D7%A7-%D7%96%D7%9B%D7%95%D7%99%D7%95%D7%AA-%D7%A0%D7%A4%D7%92%D7%A2%D7%99-%D7%A2%D7%91%D7%99%D7%A8%D7%94/","https://jus-tice.co.il/request-offense-law-rights/",301
"http://jus-tice.co.il/%D7%AA%D7%A7%D7%A0%D7%95%D7%AA-%D7%96%D7%9B%D7%95%D7%99%D7%95%D7%AA-%D7%A0%D7%A4%D7%92%D7%A2%D7%99-%D7%A2%D7%91%D7%99%D7%A8%D7%94-%D7%94%D7%AA%D7%A9%D7%A1%D7%91-2002/","https://jus-tice.co.il/regulations-rights-offense-2002/",301
"http://jus-tice.co.il/articles/%D7%9E%D7%97%D7%A7%D7%A8-%D7%A4%D7%9C%D7%99%D7%9C%D7%99-%D7%92%D7%95%D7%A4%D7%99%D7%9D-%D7%A1%D7%98%D7%98%D7%95%D7%98%D7%95%D7%A8%D7%99%D7%99%D7%9D-%D7%94%D7%A2%D7%95%D7%A1%D7%A7%D7%99%D7%9D-%D7%91/","https://jus-tice.co.il/criminal-sentencing/",301
"http://jus-tice.co.il/%D7%94%D7%97%D7%9C%D7%98%D7%94-%D7%91%D7%AA%D7%99%D7%A7-%D7%97%D7%93%D7%9C%D7%95%D7%AA-%D7%A4%D7%99%D7%A8%D7%A2%D7%95%D7%9F-%D7%A9%D7%9C-%D7%97%D7%91%D7%A8%D7%AA-%D7%A1%D7%98%D7%95%D7%93%D7%99%D7%95-c/","https://jus-tice.co.il/judge-decision-company-41109-07-21/",301
"http://jus-tice.co.il/%D7%A2%D7%95%D7%A0%D7%A9-%D7%A4%D7%9C%D7%99%D7%9C%D7%99-%D7%9C%D7%A0%D7%90%D7%A9%D7%9D-%D7%91%D7%90%D7%99%D7%A0%D7%95%D7%A1-%D7%95%D7%9E%D7%A2%D7%A9%D7%94-%D7%A1%D7%93%D7%95%D7%9D-%D7%91%D7%A7%D7%98%D7%99%D7%A0%D7%94/","https://jus-tice.co.il/punishment-criminal-defendant-48-43418-01-21/",301
"http://jus-tice.co.il/%D7%92%D7%96%D7%A8-%D7%93%D7%99%D7%9F-%D7%A4%D7%9C%D7%99%D7%9C%D7%99-%D7%A0%D7%90%D7%A9%D7%9D-%D7%A2%D7%91%D7%99%D7%A8%D7%AA-%D7%AA%D7%A7%D7%99%D7%A4%D7%AA-%D7%90%D7%99%D7%A9%D7%94-%D7%95%D7%91%D7%AA/","https://jus-tice.co.il/criminal-law-judge-punishment-defendant-offense-39682-07-20/",301
"http://jus-tice.co.il/%D7%A4%D7%99%D7%A6%D7%95%D7%99-%D7%9B%D7%A1%D7%A4%D7%99-%D7%91%D7%92%D7%99%D7%9F-%D7%A4%D7%92%D7%99%D7%A2%D7%94-%D7%91%D7%A4%D7%A8%D7%98%D7%99%D7%95%D7%AA-%D7%A6%D7%A4%D7%99%D7%99%D7%94-%D7%95%D7%9E%D7%97%D7%99%D7%A7%D7%94-%D7%A9%D7%9C-%D7%A4%D7%A8%D7%99%D7%98%D7%99%D7%9D-%D7%9E%D7%94%D7%98%D7%9C%D7%A4%D7%95%D7%9F-%D7%9C%D7%9C%D7%90-%D7%A8%D7%A9%D7%95%D7%AA/","https://jus-tice.co.il/compensation-privacy/",301
"http://jus-tice.co.il/%D7%A6%D7%91%D7%99%D7%90%D7%9C%D7%99-%D7%A0-%D7%A2%D7%99%D7%A8%D7%99%D7%99%D7%AA-%D7%AA%D7%9C-%D7%90%D7%91%D7%99%D7%91-%D7%9E%D7%A1%D7%9E%D7%9A-%D7%94%D7%A0%D7%97%D7%99%D7%95%D7%AA-%D7%9B%D7%99%D7%9B%D7%A8-%D7%90%D7%AA%D7%A8%D7%99%D7%9D-%D7%A4%D7%A1%D7%A7-%D7%93%D7%99%D7%9F/","https://jus-tice.co.il/verdict-tel-aviv/",301
"http://jus-tice.co.il/%D7%AA%D7%91%D7%99%D7%A2%D7%AA-%D7%94%D7%90%D7%A9%D7%94-%D7%9C%D7%94%D7%A9%D7%91%D7%AA-%D7%94%D7%95%D7%A6%D7%90%D7%95%D7%AA-%D7%A9%D7%9C-%D7%9E%D7%96%D7%95%D7%A0%D7%95%D7%AA-%D7%A7%D7%98%D7%99%D7%A0%D7%99%D7%9D/","https://jus-tice.co.il/lawsuit-alimony/",301
"http://jus-tice.co.il/%D7%92%D7%99%D7%A8%D7%95%D7%A9%D7%99%D7%9D-%D7%93%D7%97%D7%99%D7%99%D7%AA-%D7%91%D7%A7%D7%A9%D7%AA-%D7%94%D7%91%D7%A2%D7%9C-%D7%9C%D7%A9%D7%A2%D7%91%D7%A8-%D7%9C%D7%A7%D7%91%D7%95%D7%A2-%D7%9B%D7%99-%D7%94%D7%92%D7%98-%D7%91%D7%98%D7%9C/","https://jus-tice.co.il/petition-get-divorce/",301
"http://jus-tice.co.il/%D7%97%D7%95%D7%A7-%D7%A9%D7%99%D7%A8%D7%95%D7%AA%D7%99-%D7%AA%D7%A2%D7%95%D7%A4%D7%94-%D7%A4%D7%99%D7%A6%D7%95%D7%99-%D7%95%D7%A1%D7%99%D7%95%D7%A2-%D7%91%D7%A9%D7%9C-%D7%91%D7%99%D7%98%D7%95%D7%9C-%D7%98%D7%99%D7%A1%D7%94-%D7%90%D7%95-%D7%A9%D7%99%D7%A0%D7%95%D7%99-%D7%91%D7%AA%D7%A0%D7%90%D7%99%D7%94-%D7%94%D7%AA%D7%A9%D7%A2%D7%91-2012/","https://jus-tice.co.il/law-compensation-cancellation-2012/",301
"http://jus-tice.co.il/psakdin/%D7%A2%D7%95%D7%A0%D7%A9-%D7%9E%D7%95%D7%A8%D7%A9%D7%A2-%D7%91%D7%A2%D7%91%D7%99%D7%A8%D7%95%D7%AA-%D7%A9%D7%9C-%D7%92%D7%A8%D7%9D-%D7%9E%D7%95%D7%95%D7%AA-%D7%91%D7%A8%D7%A9%D7%9C%D7%A0%D7%95%D7%AA/","https://jus-tice.co.il/car-accident-lawyer-punishment-offenses-criminal/",301
"http://jus-tice.co.il/psakdin/%D7%94%D7%97%D7%9C%D7%98%D7%94-%D7%91%D7%91%D7%A7%D7%A9%D7%AA-%D7%94%D7%A1%D7%92%D7%A8%D7%94-%D7%91%D7%92%D7%99%D7%9F-%D7%A2%D7%91%D7%99%D7%A8%D7%95%D7%AA-%D7%A9%D7%9C-%D7%A7%D7%91%D7%9C%D7%AA-%D7%93/","https://jus-tice.co.il/petition-offenses-criminal/",301
"http://jus-tice.co.il/psakdin/%D7%AA%D7%99%D7%A7%D7%95%D7%9F-101-%D7%9C%D7%A4%D7%A7%D7%95%D7%93%D7%AA-%D7%94%D7%AA%D7%A2%D7%91%D7%95%D7%A8%D7%94-%D7%A1%D7%99%D7%9B%D7%95%D7%9F-%D7%97%D7%99%D7%99-%D7%90%D7%93%D7%9D-%D7%94%D7%A4/","https://jus-tice.co.il/lawyer-101/",301
"http://jus-tice.co.il/psakdin/%D7%AA%D7%A4%D7%A7%D7%99%D7%93%D7%95-%D7%95%D7%93%D7%A8%D7%9B%D7%99-%D7%A2%D7%91%D7%95%D7%93%D7%AA%D7%95-%D7%A9%D7%9C-%D7%A2%D7%95%D7%91%D7%93-%D7%A1%D7%95%D7%A6%D7%99%D7%90%D7%9C%D7%99-%D7%9C%D7%A2/","https://jus-tice.co.il/procedures-law/",301
"http://jus-tice.co.il/%D7%96%D7%9C%D7%99%D7%92%D7%9E%D7%9F-%D7%94%D7%A4%D7%A0%D7%99%D7%A7%D7%A1-%D7%96%D7%95%D7%98%D7%99-%D7%93%D7%91%D7%A8%D7%99%D7%9D-%D7%AA%D7%95%D7%91%D7%A2%D7%A0%D7%95%D7%AA-%D7%99%D7%99%D7%A6%D7%95%D7%92%D7%99%D7%95%D7%AA-%D7%A4%D7%A8%D7%A9%D7%A0%D7%95%D7%AA-%D7%9E%D7%90%D7%A1%D7%93%D7%A8/","https://jus-tice.co.il/article-5585/",301
"http://jus-tice.co.il/psakdin/%D7%90%D7%99-%D7%94%D7%A8%D7%A9%D7%A2%D7%94-%D7%94%D7%91%D7%A8%D7%97%D7%AA-%D7%98%D7%9C%D7%A4%D7%95%D7%A0%D7%99%D7%9D-%D7%9E%D7%90%D7%99%D7%9C%D7%AA-%D7%9C%D7%9C%D7%90-%D7%9E%D7%A2%D7%9E/","https://jus-tice.co.il/conviction/",301
"http://jus-tice.co.il/psakdin/%D7%A2%D7%A4-8360-19-%D7%93%D7%A0%D7%99%D7%90%D7%9C-%D7%96%D7%99%D7%A1%D7%9E%D7%9F-%D7%A0%D7%92%D7%93-%D7%9E%D7%93%D7%99%D7%A0%D7%AA-%D7%99%D7%A9%D7%A8%D7%90%D7%9C-%D7%92%D7%99/","https://jus-tice.co.il/israel-mediation-criminal-8360-19/",301
"http://jus-tice.co.il/articles/%D7%94%D7%9E%D7%9C%D7%A6%D7%95%D7%AA-%D7%A6%D7%95%D7%95%D7%AA-%D7%94%D7%92%D7%99%D7%A9%D7%95%D7%A8-%D7%94%D7%A4%D7%9C%D7%99%D7%9C%D7%99-%D7%93%D7%95%D7%97-%D7%9E%D7%A1%D7%9B%D7%9D/","https://jus-tice.co.il/recommendations-mediation-criminal/",301
"http://jus-tice.co.il/psakdin/%D7%90%D7%95%D7%9E%D7%93%D7%9F-%D7%A4%D7%99%D7%A6%D7%95%D7%99%D7%99%D7%9D-%D7%9C%D7%A0%D7%A4%D7%92%D7%A2-%D7%AA%D7%90%D7%95%D7%A0%D7%AA-%D7%93%D7%A8%D7%9B%D7%99%D7%9D-%D7%9E%D7%AA%D7%99-%D7%AA%D7%A9/","https://jus-tice.co.il/car-accident-damages-pension/",301
"http://jus-tice.co.il/psakdin/%D7%97%D7%99%D7%9C%D7%95%D7%98-%D7%A8%D7%9B%D7%91-%D7%9E%D7%96%D7%A8%D7%90%D7%98%D7%99-%D7%A2%D7%91%D7%99%D7%A8%D7%94-%D7%A9%D7%9C-%D7%A0%D7%94%D7%99%D7%92%D7%94-%D7%91%D7%96%D7%9E%D7%9F-%D7%A4/","https://jus-tice.co.il/offense-license/",301
"http://jus-tice.co.il/psakdin/%D7%97%D7%99%D7%95%D7%91-%D7%90%D7%9D-%D7%91%D7%9E%D7%96%D7%95%D7%A0%D7%95%D7%AA-%D7%AA%D7%91%D7%99%D7%A2%D7%94-%D7%9C%D7%9E%D7%96%D7%95%D7%A0%D7%95%D7%AA-%D7%95%D7%94%D7%97%D7%96%D7%A8-%D7%9B%D7%A1/","https://jus-tice.co.il/alimony-lawsuit-31090-06-17/",301
"http://jus-tice.co.il/psakdin/%D7%A4%D7%99%D7%A6%D7%95%D7%99-%D7%91%D7%92%D7%99%D7%9F-%D7%9E%D7%A2%D7%A6%D7%A8-%D7%A9%D7%95%D7%95%D7%90-%D7%A6%D7%90-24231-06-21/","https://jus-tice.co.il/compensation-arrest-24231-06-21/",301
"http://jus-tice.co.il/psakdin/%D7%A4%D7%99%D7%A8%D7%95%D7%A7-%D7%A9%D7%99%D7%AA%D7%95%D7%A3-%D7%91%D7%A0%D7%97%D7%9C%D7%94-%D7%9C%D7%A4%D7%99-%D7%94%D7%9C%D7%9B%D7%AA-%D7%94%D7%A9%D7%99%D7%AA%D7%95%D7%A3-%D7%AA%D7%9C%D7%94/","https://jus-tice.co.il/dissolution-partnership-homestead-ruling-20848-02-18/",301
"http://jus-tice.co.il/psakdin/%D7%A2%D7%A8%D7%A2%D7%95%D7%A8-%D7%A2%D7%9C-%D7%94%D7%97%D7%9C%D7%98%D7%AA-%D7%A7%D7%A6%D7%99%D7%9F-%D7%91%D7%A0%D7%95%D7%A9%D7%90-%D7%9E%D7%A2%D7%A6%D7%A8-%D7%A1%D7%A2%D7%99%D7%A3-44-%D7%90-%D7%A9/","https://jus-tice.co.il/appeal-decision-arrest-law-detention-arrested/",301
"http://jus-tice.co.il/psakdin/%D7%93%D7%99%D7%95%D7%9F-%D7%A0%D7%95%D7%A1%D7%A3-%D7%A4%D7%A1%D7%93-%D7%94%D7%91%D7%95%D7%92%D7%93%D7%AA-%D7%93%D7%A0%D7%92%D7%A5-8537-18-%D7%A4%D7%9C%D7%95%D7%A0%D7%99-%D7%A0-%D7%91%D7%99/","https://jus-tice.co.il/rabbinical-court-jerusalem-verdict-8537-18-24/",301
"http://jus-tice.co.il/psakdin/%D7%A4%D7%9C%D7%99%D7%9C%D7%99-%D7%94%D7%97%D7%96%D7%A7%D7%AA-%D7%9B%D7%9C%D7%91-%D7%9E%D7%A1%D7%95%D7%9B%D7%9F-%D7%A9%D7%AA%D7%A7%D7%A3-%D7%9C%D7%9C%D7%90-%D7%A8%D7%A9%D7%99%D7%95%D7%9F-%D7%94%D7%A8/","https://jus-tice.co.il/criminal-conviction/",301
"http://jus-tice.co.il/psakdin/%D7%A2%D7%95%D7%A0%D7%A9-%D7%9E%D7%90%D7%A1%D7%A8-%D7%A4%D7%92%D7%A2-%D7%95%D7%91%D7%A8%D7%97-%D7%92%D7%A8%D7%99%D7%9E%D7%AA-%D7%9E%D7%95%D7%95%D7%AA-%D7%91%D7%A8%D7%A9%D7%9C%D7%A0%D7%95%D7%AA/","https://jus-tice.co.il/punishment/",301
"http://jus-tice.co.il/psakdin/%D7%A2%D7%95%D7%A0%D7%A9-%D7%94%D7%97%D7%96%D7%A7%D7%AA-%D7%A7%D7%A0%D7%90%D7%91%D7%99%D7%A1-%D7%99%D7%99%D7%A6%D7%95%D7%A8-%D7%94%D7%9B%D7%A0%D7%94-%D7%95%D7%94%D7%A4%D7%A7%D7%94-%D7%A9%D7%9C-%D7%A1%D7%9D-%D7%95%D7%A2%D7%95%D7%93/","https://jus-tice.co.il/punishment-3417/",301
"http://jus-tice.co.il/psakdin/%D7%A2%D7%A8%D7%A2%D7%95%D7%A8-%D7%A2%D7%9C-%D7%94%D7%97%D7%9C%D7%98%D7%AA-%D7%95%D7%95%D7%A2%D7%93%D7%AA-%D7%94%D7%A2%D7%A8%D7%A2%D7%95%D7%A8-%D7%9C%D7%A4%D7%99-%D7%97%D7%95%D7%A7-%D7%94%D7%A0%D7%9B/","https://jus-tice.co.il/appeal-decision-law/",301
"http://jus-tice.co.il/psakdin/%D7%93%D7%97%D7%99%D7%99%D7%AA-%D7%91%D7%A7%D7%A9%D7%94-%D7%9C%D7%AA%D7%99%D7%A7%D7%95%D7%9F-%D7%9B%D7%AA%D7%91-%D7%AA%D7%91%D7%99%D7%A2%D7%94-%D7%A9%D7%9B%D7%A0%D7%92%D7%93-%D7%9C%D7%A4%D7%99-%D7%AA/","https://jus-tice.co.il/request-lawsuit-regulation-procedure-law-civil/",301
"http://jus-tice.co.il/psakdin/%D7%AA%D7%91%D7%99%D7%A2%D7%94-%D7%A9%D7%9C-%D7%9E%D7%9C%D7%A6%D7%A8%D7%99%D7%AA-%D7%94%D7%98%D7%A8%D7%93%D7%94-%D7%9E%D7%99%D7%A0%D7%99%D7%AA-300000-%D7%A9%D7%97-%D7%A4%D7%99%D7%A6%D7%95%D7%99/","https://jus-tice.co.il/lawsuit-compensation-300-000/",301
"http://jus-tice.co.il/%D7%91%D7%A0%D7%99-%D7%96%D7%95%D7%92-%D7%9C%D7%A9%D7%A2%D7%91%D7%A8-%D7%AA%D7%91%D7%99%D7%A2%D7%95%D7%AA-%D7%9E%D7%96%D7%95%D7%A0%D7%95%D7%AA-%D7%95%D7%9E%D7%A9%D7%9E%D7%95%D7%A8%D7%AA-%D7%A2%D7%9C-%D7%91%D7%AA-%D7%A7%D7%98%D7%99%D7%A0%D7%94/","https://jus-tice.co.il/lawsuits-alimony-custody/",301
"http://jus-tice.co.il/psakdin/%D7%A0%D7%99%D7%A8-%D7%97%D7%A4%D7%A5-%D7%A0%D7%92%D7%93-%D7%90%D7%9E%D7%99%D7%A8-%D7%90%D7%95%D7%97%D7%A0%D7%94-%D7%AA%D7%91%D7%99%D7%A2%D7%AA-%D7%9C%D7%A9%D7%95%D7%9F-%D7%94%D7%A8%D7%A2-%D7%94%D7%92%D7%A0%D7%AA-%D7%A4%D7%A8%D7%98%D7%99%D7%95%D7%AA-%D7%94%D7%A1%D7%A8%D7%AA-%D7%97%D7%A1%D7%99%D7%A0%D7%95%D7%AA/","https://jus-tice.co.il/defamation-lawsuit-privacy/",301
"http://jus-tice.co.il/psakdin/%D7%97%D7%95%D7%A7-%D7%96%D7%9B%D7%95%D7%AA-%D7%99%D7%95%D7%A6%D7%A8%D7%99%D7%9D-%D7%94%D7%AA%D7%A9%D7%A1%D7%97-2007/","https://jus-tice.co.il/law-right-2007/",301
"http://jus-tice.co.il/psakdin/%D7%97%D7%95%D7%A7-%D7%94%D7%9B%D7%A9%D7%A8%D7%95%D7%AA-%D7%94%D7%9E%D7%A9%D7%A4%D7%98%D7%99%D7%AA-%D7%95%D7%94%D7%90%D7%A4%D7%95%D7%98%D7%A8%D7%95%D7%A4%D7%A1%D7%95%D7%AA-%D7%AA%D7%A9%D7%9B%D7%91-1962/","https://jus-tice.co.il/law-1962/",301
"http://jus-tice.co.il/%D7%97%D7%95%D7%A7-%D7%94%D7%97%D7%95%D7%96%D7%99%D7%9D-%D7%AA%D7%A8%D7%95%D7%A4%D7%95%D7%AA-%D7%91%D7%A9%D7%9C-%D7%94%D7%A4%D7%A8%D7%AA-%D7%97%D7%95%D7%96%D7%94-%D7%AA%D7%A9%D7%9C%D7%90-1970/","https://jus-tice.co.il/law-contract-1970/",301
"http://jus-tice.co.il/psakdin/%D7%A4%D7%A1%D7%A7-%D7%93%D7%99%D7%9F-%D7%91%D7%AA%D7%91%D7%99%D7%A2%D7%94-%D7%9C%D7%97%D7%99%D7%95%D7%91-%D7%99%D7%95%D7%A2%D7%A5-%D7%94%D7%A9%D7%A7%D7%A2%D7%95%D7%AA-%D7%91%D7%92%D7%99%D7%9F-%D7%A0%D7%96%D7%A7/","https://jus-tice.co.il/verdict-lawsuit-consultant-damage/",301
"http://jus-tice.co.il/psakdin/%D7%92%D7%99%D7%93%D7%95%D7%9C-%D7%94%D7%95%D7%9F-%D7%91%D7%9C%D7%AA%D7%99-%D7%9E%D7%95%D7%A1%D7%91%D7%A8-%D7%9E%D7%A1-%D7%94%D7%9B%D7%A0%D7%A1%D7%94/","https://jus-tice.co.il/income-tax-judge/",301
"http://jus-tice.co.il/psakdin/%D7%A9%D7%97%D7%A8%D7%95%D7%A8-%D7%9E%D7%95%D7%A7%D7%93%D7%9D-%D7%A9%D7%9C-%D7%90%D7%A1%D7%99%D7%A8-%D7%9E%D7%A2%D7%A9%D7%94-%D7%9E%D7%92%D7%95%D7%A0%D7%94-%D7%91%D7%A7%D7%98%D7%99%D7%A0%D7%94/","https://jus-tice.co.il/judge/",301
"http://jus-tice.co.il/psakdin/%D7%AA%D7%91%D7%99%D7%A2%D7%94-%D7%9C%D7%97%D7%99%D7%99%D7%91-%D7%92%D7%A8%D7%95%D7%A9%D7%94-%D7%9C%D7%94%D7%A9%D7%AA%D7%AA%D7%A3-%D7%91%D7%97%D7%95%D7%91%D7%95%D7%AA/","https://jus-tice.co.il/lawsuit-obligations/",301
"http://jus-tice.co.il/%D7%A4%D7%99%D7%A6%D7%95%D7%99-%D7%92%D7%91%D7%95%D7%94%D7%94-%D7%AA%D7%90%D7%95%D7%A0%D7%AA-%D7%93%D7%A8%D7%9B%D7%99%D7%9D-%D7%97%D7%91%D7%A8%D7%AA-%D7%91%D7%99%D7%98%D7%95%D7%97/","https://jus-tice.co.il/car-accident-compensation-4-112-031/",301
"http://jus-tice.co.il/%D7%99%D7%A6%D7%97%D7%A7-%D7%A4%D7%95%D7%92%D7%A8%D7%A9%D7%99%D7%99-%D7%AA%D7%91%D7%99%D7%A2%D7%AA-%D7%A2%D7%91%D7%95%D7%93%D7%94-%D7%90%D7%99%D7%A0%D7%98%D7%9C-%D7%A8%D7%99%D7%9C%D7%95%D7%A7%D7%99%D7%99%D7%A9%D7%9F/","https://jus-tice.co.il/agreement-lawsuit/",301
"http://jus-tice.co.il/%D7%91%D7%99%D7%98%D7%95%D7%9C-%D7%94%D7%A8%D7%A9%D7%A2%D7%94-%D7%A2%D7%91%D7%99%D7%A8%D7%95%D7%AA-%D7%94%D7%95%D7%A0%D7%90%D7%94/","https://jus-tice.co.il/cancellation-conviction-offenses-fraud/",301
"http://jus-tice.co.il/%D7%A2%D7%95%D7%A0%D7%A9-%D7%A4%D7%9C%D7%99%D7%9C%D7%99-%D7%AA%D7%A7%D7%99%D7%A4%D7%AA-%D7%91%D7%AA-%D7%96%D7%95%D7%92-%D7%95%D7%A2%D7%91%D7%99%D7%A8%D7%95%D7%AA-%D7%90%D7%99%D7%95%D7%9E%D7%99%D7%9D/","https://jus-tice.co.il/punishment-criminal-offenses/",301
"http://jus-tice.co.il/%D7%93%D7%99%D7%9F-%D7%95%D7%97%D7%A9%D7%91%D7%95%D7%9F-%D7%9C%D7%A2%D7%A0%D7%99%D7%99%D7%9F-%D7%AA%D7%A7%D7%A0%D7%95%D7%AA-%D7%91%D7%A0%D7%95%D7%A9%D7%90-%D7%91%D7%93%D7%99%D7%A7%D7%95%D7%AA-%D7%A9%D7%9B%D7%A8%D7%95%D7%AA-%D7%9C%D7%A0%D7%94%D7%92%D7%99%D7%9D/","https://jus-tice.co.il/law-account/",301
"http://jus-tice.co.il/%D7%AA%D7%91%D7%99%D7%A2%D7%94-%D7%A9%D7%9C-%D7%A9%D7%95%D7%9B%D7%A8%D7%99%D7%9D-%D7%A0%D7%92%D7%93-%D7%94%D7%9E%D7%A9%D7%9B%D7%99%D7%A8%D7%94-%D7%95%D7%AA%D7%91%D7%99%D7%A2%D7%94-%D7%A9%D7%9B%D7%A0%D7%92%D7%93/","https://jus-tice.co.il/lawsuit-53375-11-18/",301
"http://jus-tice.co.il/%D7%91%D7%A0%D7%99%D7%99%D7%AA-%D7%90%D7%AA%D7%A8%D7%99%D7%9D/","https://jus-tice.co.il/article-3250/",301
"http://jus-tice.co.il/%D7%94%D7%90%D7%9D-%D7%9B%D7%9C-%D7%94%D7%A1%D7%9B%D7%9D-%D7%91%D7%99%D7%9F-%D7%91%D7%A0%D7%99-%D7%96%D7%95%D7%92-%D7%94%D7%95%D7%90-%D7%94%D7%A1%D7%9B%D7%9D-%D7%9E%D7%9E%D7%95%D7%9F/","https://jus-tice.co.il/prenuptial-agreement-agreement/",301
"http://jus-tice.co.il/%D7%A2%D7%95%D7%A0%D7%A9-%D7%A4%D7%9C%D7%99%D7%9C%D7%99-%D7%A2%D7%9C-%D7%94%D7%A4%D7%A6%D7%AA-%D7%AA%D7%9B%D7%A0%D7%99%D7%9D-%D7%9E%D7%99%D7%A0%D7%99%D7%99%D7%9D-%D7%91%D7%98%D7%9C%D7%92%D7%A8%D7%9D-%D7%92%D7%96%D7%A8-%D7%93%D7%99%D7%9F/","https://jus-tice.co.il/sentencing-punishment-criminal-19991-07-20/",301
"http://jus-tice.co.il/%D7%9C%D7%90-%D7%9E%D7%97%D7%95%D7%A1%D7%9F-%D7%94%D7%90%D7%9D-%D7%9E%D7%A2%D7%A1%D7%99%D7%A7-%D7%99%D7%9B%D7%95%D7%9C-%D7%9C%D7%9E%D7%A0%D7%95%D7%A2-%D7%A2%D7%95%D7%91%D7%93-%D7%9C%D7%9C%D7%90-%D7%91%D7%93%D7%99%D7%A7%D7%AA-%D7%A7%D7%95%D7%A8%D7%95%D7%A0%D7%94/","https://jus-tice.co.il/article-3069/",301
"http://jus-tice.co.il/tort/%D7%A4%D7%A7%D7%95%D7%93%D7%AA-%D7%94%D7%A0%D7%96%D7%99%D7%A7%D7%99%D7%9F-%D7%A0%D7%95%D7%A1%D7%97-%D7%97%D7%93%D7%A9/","https://jus-tice.co.il/torts-new/",301
"http://jus-tice.co.il/%D7%9E%D7%96%D7%95%D7%A0%D7%95%D7%AA-%D7%A9%D7%91%D7%94%D7%A1%D7%9B%D7%9D-%D7%95%D7%94%D7%A2%D7%99%D7%9C%D7%95%D7%AA-%D7%9C%D7%91%D7%99%D7%98%D7%95%D7%9C%D7%9F-%D7%90%D7%95-%D7%A9%D7%99%D7%A0%D7%95%D7%99%D7%99%D7%9F-%D7%9E%D7%9B%D7%95%D7%97-%D7%A9%D7%99%D7%A0%D7%95%D7%99-%D7%A0%D7%A1%D7%99%D7%91%D7%95%D7%AA/","https://jus-tice.co.il/alimony-agreement/",301
"http://jus-tice.co.il/%D7%93%D7%95%D7%92%D7%9E%D7%90-%D7%9C%D7%94%D7%A1%D7%9B%D7%9D-%D7%A4%D7%99%D7%A0%D7%95%D7%99-%D7%91%D7%99%D7%A0%D7%95%D7%99/","https://jus-tice.co.il/agreement-evacuation-construction-recommended-apartments/",301
"http://jus-tice.co.il/%D7%A0%D7%95%D7%A1%D7%97-%D7%9B%D7%AA%D7%91-%D7%94%D7%90%D7%99%D7%A9%D7%95%D7%9D-%D7%A0%D7%92%D7%93-%D7%91%D7%A0%D7%99%D7%9E%D7%99%D7%9F-%D7%A0%D7%AA%D7%A0%D7%99%D7%94%D7%95-%D7%AA%D7%99%D7%A7%D7%99%D7%9D-1000-2000-4000/","https://jus-tice.co.il/1000-2000-4000/",301
"http://jus-tice.co.il/psakdin/%D7%AA%D7%A7%D7%A0%D7%95%D7%AA-%D7%A1%D7%93%D7%A8-%D7%94%D7%93%D7%99%D7%9F-%D7%94%D7%90%D7%96%D7%A8%D7%97%D7%99-%D7%94%D7%AA%D7%A9%D7%A2%D7%97-2018/","https://jus-tice.co.il/regulations-procedure-law-civil-2018/",301
"http://jus-tice.co.il/labor-law/%D7%98%D7%95%D7%A4%D7%A1-%D7%94%D7%95%D7%93%D7%A2%D7%94-%D7%A2%D7%9C-%D7%94%D7%AA%D7%A4%D7%98%D7%A8%D7%95%D7%AA-%D7%9E%D7%A2%D7%91%D7%95%D7%93%D7%94/","https://jus-tice.co.il/article-2738/",301
"http://jus-tice.co.il/labor-law/%D7%AA%D7%A7%D7%A0%D7%95%D7%AA-%D7%A4%D7%99%D7%A6%D7%95%D7%99%D7%99-%D7%A4%D7%99%D7%98%D7%95%D7%A8%D7%99%D7%9D-%D7%97%D7%95%D7%91%D7%AA-%D7%9E%D7%A1%D7%99%D7%A8%D7%AA-%D7%94%D7%95%D7%93%D7%A2%D7%95/","https://jus-tice.co.il/regulations-compensation-1988/",301
"http://jus-tice.co.il/labor-law/%D7%AA%D7%91%D7%99%D7%A2%D7%95%D7%AA-%D7%A2%D7%95%D7%91%D7%93%D7%99%D7%9D-%D7%9E%D7%95%D7%9C-%D7%94%D7%9E%D7%9C%D7%9C-%D7%91%D7%97%D7%91%D7%A8%D7%95%D7%AA-%D7%9E%D7%A9%D7%A4%D7%97%D7%AA%D7%99/","https://jus-tice.co.il/lawsuits-companies/",301
"http://jus-tice.co.il/corona-virus/%D7%A7%D7%95%D7%A8%D7%95%D7%A0%D7%94-%D7%A9%D7%91%D7%9B-%D7%A4%D7%A8%D7%98%D7%99%D7%95%D7%AA-%D7%A9%D7%99%D7%9E%D7%95%D7%A9-%D7%9B%D7%A4%D7%95%D7%99-%D7%91%D7%99%D7%99%D7%A9%D7%95%D7%9E%D7%95%D7%9F/","https://jus-tice.co.il/privacy/",301
"http://jus-tice.co.il/psakdin/%D7%A0%D7%AA%D7%A0%D7%99%D7%94%D7%95-%D7%9E%D7%9C%D7%99%D7%A7%D7%95%D7%91%D7%A1%D7%A7%D7%99-%D7%A2%D7%99%D7%A7%D7%A8%D7%99-%D7%A0%D7%99%D7%9E%D7%95%D7%A7%D7%99-%D7%94%D7%99%D7%95%D7%A2%D7%9E%D7%A9/","https://jus-tice.co.il/investigation-criminal/",301
"http://jus-tice.co.il/psakdin/%D7%94%D7%9C%D7%9B%D7%AA-%D7%90%D7%9C%D7%A7%D7%A6%D7%90%D7%A6%D7%99-%D7%9E%D7%A9%D7%9A-%D7%94%D7%94%D7%9E%D7%AA%D7%A0%D7%94-%D7%9E%D7%91%D7%99%D7%98%D7%95%D7%9C-%D7%94%D7%9C%D7%99%D7%9A-%D7%A4%D7%A9/","https://jus-tice.co.il/ruling-cancellation-process-witness-new/",301
"http://jus-tice.co.il/psakdin/%D7%AA%D7%91%D7%99%D7%A2%D7%94-%D7%94%D7%9E%D7%95%D7%92%D7%A9%D7%AA-%D7%A2%D7%9C-%D7%99%D7%93%D7%99-%D7%97%D7%91%D7%A8%D7%94-%D7%91%D7%A2%D7%9E-%D7%A2%D7%9C-%D7%97%D7%99%D7%95%D7%91-%D7%91%D7%A2/","https://jus-tice.co.il/lawsuit-company-law-companies-353/",301
"http://jus-tice.co.il/psakdin/%D7%A4%D7%A1%D7%93-%D7%90%D7%9E%D7%99%D7%A8-%D7%91%D7%A8%D7%9E%D7%9C%D7%99-%D7%A8%D7%95%D7%91%D7%99%D7%A7%D7%95%D7%9F-%D7%94%D7%9B%D7%A8%D7%A2%D7%AA-%D7%93%D7%99%D7%9F-%D7%91%D7%A4%D7%A8%D7%A9/","https://jus-tice.co.il/verdict-law-340-52446-06-16/",301
"http://jus-tice.co.il/supreme-court/%D7%A2%D7%90-7023-19-%D7%A4%D7%9C%D7%95%D7%A0%D7%99-%D7%A0-%D7%A4%D7%9C%D7%95%D7%A0%D7%99/","https://jus-tice.co.il/7023-19/",301
"https://jus-tice.co.il/articles/%d7%a9%d7%99%d7%a2%d7%95%d7%a8%d7%99-%d7%94%d7%a8%d7%a9%d7%a2%d7%94-%d7%95%d7%96%d7%99%d7%9b%d7%95%d7%99-%d7%91%d7%94%d7%9c%d7%99%d7%9b%d7%99%d7%9d-%d7%a4%d7%9c%d7%99%d7%9c%d7%99%d7%99%d7%9d/","https://jus-tice.co.il/conviction-acquittal-proceedings-criminal/",301
"http://jus-tice.co.il/supreme-court/%D7%96%D7%9B%D7%95%D7%AA-%D7%94%D7%99%D7%A1%D7%95%D7%93-%D7%9C%D7%94%D7%99%D7%A4%D7%92%D7%A9-%D7%A2%D7%9D-%D7%A2%D7%95%D7%A8%D7%9A-%D7%93%D7%99%D7%9F/","https://jus-tice.co.il/lawyer-right-1437-02/",301
"https://jus-tice.co.il/articles/%d7%92%d7%99%d7%95%d7%a1-%d7%a2%d7%95%d7%91%d7%93%d7%99%d7%9d/","https://jus-tice.co.il/article-2380/",301
"http://jus-tice.co.il/tort/%D7%A4%D7%99%D7%A6%D7%95%D7%99-%D7%AA%D7%90%D7%95%D7%A0%D7%AA-%D7%90%D7%95%D7%A4%D7%A0%D7%95%D7%A2/","https://jus-tice.co.il/company-insurance-5801-07-17/",301
"https://jus-tice.co.il/articles/%d7%9e%d7%aa%d7%95%d7%95%d7%94-%d7%94%d7%a7%d7%a0%d7%99%d7%95%d7%a0%d7%99%d7%9d/","https://jus-tice.co.il/article-2288/",301
"https://jus-tice.co.il/articles/%d7%a4%d7%a1%d7%93-%d7%a1%d7%9c%d7%a7%d7%95%d7%9d-%d7%9e%d7%9b%d7%a8%d7%94-%d7%9e%d7%99%d7%93%d7%a2-%d7%95%d7%a0%d7%aa%d7%95%d7%a0%d7%99-%d7%90%d7%99%d7%9b%d7%95%d7%9f-%d7%a2%d7%9c-%d7%9c%d7%a7/","https://jus-tice.co.il/verdict-compensation-20/",301
"https://jus-tice.co.il/articles/%d7%94%d7%a0%d7%97%d7%99%d7%95%d7%aa-%d7%9c%d7%94%d7%aa%d7%9e%d7%95%d7%93%d7%93%d7%95%d7%aa-%d7%a2%d7%9d-%d7%a0%d7%92%d7%99%d7%a3-%d7%94%d7%a7%d7%95%d7%a8%d7%95%d7%a0%d7%94-19-covid/","https://jus-tice.co.il/19-covid/",301
"https://jus-tice.co.il/articles/%d7%90%d7%96%d7%95%d7%a8-%d7%9e%d7%95%d7%92%d7%91%d7%9c-%d7%94%d7%a8%d7%95%d7%91%d7%a2%d7%99%d7%9d-%d7%91%d7%a2%d7%99%d7%a8-%d7%99%d7%a8%d7%95%d7%a9%d7%9c%d7%9d/","https://jus-tice.co.il/jerusalem/",301
"https://jus-tice.co.il/articles/%d7%90%d7%a1%d7%98%d7%a8%d7%98%d7%92%d7%99%d7%99%d7%aa-%d7%99%d7%a6%d7%99%d7%90%d7%94-%d7%a7%d7%95%d7%a8%d7%95%d7%a0%d7%94-%d7%97%d7%96%d7%a8%d7%94-%d7%9c%d7%a2%d7%91%d7%95%d7%93%d7%94/","https://jus-tice.co.il/article-2177/",301
"https://jus-tice.co.il/articles/%d7%a7%d7%95%d7%a8%d7%95%d7%a0%d7%94-%d7%94%d7%a0%d7%97%d7%99%d7%95%d7%aa-%d7%94%d7%9e%d7%a9%d7%98%d7%a8%d7%94-%d7%9c%d7%a4%d7%a1%d7%97/","https://jus-tice.co.il/article-2160/",301
"https://jus-tice.co.il/articles/%d7%9e%d7%a1%d7%9b%d7%94-%d7%aa%d7%95%d7%a6%d7%a8%d7%aa-%d7%91%d7%99%d7%aa-%d7%9c%d7%91%d7%99%d7%a9%d7%aa-%d7%9e%d7%a1%d7%9b%d7%95%d7%aa-%d7%a4%d7%94-%d7%90%d7%a3-%d7%91%d7%9e%d7%a8%d7%97%d7%91/","https://jus-tice.co.il/house/",301
"http://jus-tice.co.il/%D7%A2%D7%95%D7%93-%D7%9C%D7%99%D7%99%D7%A6%D7%95%D7%92-%D7%9E%D7%A2%D7%A1%D7%99%D7%A7%D7%99%D7%9D/%D7%98%D7%95%D7%A4%D7%A1-%D7%94%D7%A6%D7%94%D7%A8%D7%94-%D7%9C%D7%A4%D7%99-%D7%A1%D7%A2%D7%99%D7%A3-3%D7%901-%D7%9C%D7%AA%D7%A7%D7%A0%D7%95%D7%AA-%D7%A9%D7%A2%D7%AA-%D7%97%D7%99%D7%A8%D7%95%D7%9D/","https://jus-tice.co.il/regulations/",301
"https://jus-tice.co.il/articles/%d7%a7%d7%95%d7%a8%d7%95%d7%a0%d7%94-%d7%90%d7%95%d7%a9%d7%a8%d7%95-%d7%aa%d7%a7%d7%a0%d7%95%d7%aa-%d7%97%d7%99%d7%a8%d7%95%d7%9d-%d7%9c%d7%94%d7%92%d7%91%d7%9c%d7%aa-%d7%94%d7%a4%d7%a2%d7%99%d7%9c/","https://jus-tice.co.il/regulations-2015/",301
"https://jus-tice.co.il/articles/%d7%97%d7%a9%d7%91%d7%95%d7%a0%d7%95%d7%aa-%d7%a9%d7%9c-%d7%9c%d7%a7%d7%95%d7%97%d7%95%d7%aa-%d7%a9%d7%94%d7%a9%d7%99%d7%a7%d7%99%d7%9d-%d7%a9%d7%9c%d7%94%d7%9d-%d7%97%d7%96%d7%a8%d7%95-%d7%9c%d7%90/","https://jus-tice.co.il/regulations-1951/",301
"https://jus-tice.co.il/articles/%d7%a0%d7%92%d7%99%d7%a3-%d7%94%d7%a7%d7%95%d7%a8%d7%95%d7%a0%d7%94-%d7%91%d7%92%d7%a6-%d7%a7%d7%95%d7%91%d7%a2-%d7%a6%d7%95-%d7%91%d7%99%d7%a0%d7%99%d7%99%d7%9d-%d7%9b%d7%a0%d7%92%d7%93-%d7%aa/","https://jus-tice.co.il/regulations-1884/",301
"https://jus-tice.co.il/articles/%d7%aa%d7%a7%d7%a0%d7%95%d7%aa-%d7%a9%d7%a2%d7%aa-%d7%97%d7%99%d7%a8%d7%95%d7%9d-%d7%a0%d7%92%d7%99%d7%a3-%d7%94%d7%a7%d7%95%d7%a8%d7%95%d7%a0%d7%94-%d7%94%d7%97%d7%93%d7%a9-%d7%94%d7%92%d7%91/","https://jus-tice.co.il/regulations-1879/",301
"https://jus-tice.co.il/articles/%d7%a7%d7%95%d7%a8%d7%95%d7%a0%d7%94-%d7%94%d7%92%d7%91%d7%9c%d7%aa-%d7%9e%d7%a1%d7%a4%d7%a8-%d7%94%d7%a2%d7%95%d7%91%d7%93%d7%99%d7%9d-%d7%91%d7%9e%d7%a7%d7%95%d7%9d-%d7%a2%d7%91%d7%95%d7%93%d7%94/","https://jus-tice.co.il/regulations-new-2020/",301
"https://jus-tice.co.il/articles/%d7%94%d7%a0%d7%97%d7%99%d7%95%d7%aa-%d7%94%d7%a7%d7%95%d7%a8%d7%95%d7%a0%d7%94-%d7%91%d7%a4%d7%92%d7%99%d7%a9%d7%94-%d7%a2%d7%9d-%d7%a9%d7%95%d7%98%d7%a8-%d7%99%d7%a9-%d7%9c%d7%94%d7%a1%d7%91/","https://jus-tice.co.il/police-officer/",301
"https://jus-tice.co.il/articles/%d7%91%d7%93%d7%99%d7%a7%d7%95%d7%aa-%d7%a7%d7%95%d7%a8%d7%95%d7%a0%d7%94-%d7%9e%d7%aa%d7%9f-%d7%aa%d7%a9%d7%95%d7%91%d7%95%d7%aa-%d7%94%d7%9e%d7%a2%d7%91%d7%93%d7%95%d7%aa-%d7%9e%d7%aa%d7%a2%d7%9b/","https://jus-tice.co.il/article-2103/",301
"https://jus-tice.co.il/articles/%d7%9e%d7%a2%d7%a0%d7%a7-%d7%94%d7%a1%d7%aa%d7%92%d7%9c%d7%95%d7%aa-%d7%9e%d7%99%d7%95%d7%97%d7%93-%d7%9c%d7%91%d7%a0%d7%99-67-%d7%95%d7%9e%d7%a2%d7%9c%d7%94-%d7%aa%d7%a7%d7%a0%d7%95%d7%aa-%d7%a0/","https://jus-tice.co.il/regulations-new-67-2020/",301
"https://jus-tice.co.il/articles/%d7%94%d7%95%d7%a8%d7%90%d7%95%d7%aa-%d7%9e%d7%99%d7%95%d7%97%d7%93%d7%95%d7%aa-%d7%9c%d7%a2%d7%a0%d7%99%d7%99%d7%9f-%d7%91%d7%99%d7%98%d7%95%d7%97-%d7%90%d7%91%d7%98%d7%9c%d7%94-%d7%aa%d7%a7%d7%a0/","https://jus-tice.co.il/regulations-new-insurance/",301
"https://jus-tice.co.il/articles/%d7%91%d7%92%d7%a5-2144-20-25-03-%d7%9e%d7%97%d7%99%d7%99%d7%91-%d7%91%d7%97%d7%99%d7%a8%d7%aa-%d7%99%d7%95%d7%a8-%d7%a7%d7%91%d7%95%d7%a2-%d7%9c%d7%9b%d7%a0%d7%a1%d7%aa/","https://jus-tice.co.il/2144-20-25-03/",301
"https://jus-tice.co.il/articles/%d7%94%d7%a0%d7%97%d7%99%d7%95%d7%aa-%d7%97%d7%99%d7%a8%d7%95%d7%9d-%d7%9c%d7%94%d7%92%d7%91%d7%9c%d7%aa-%d7%a4%d7%a2%d7%99%d7%9c%d7%95%d7%aa-%d7%91%d7%90%d7%a0%d7%92%d7%9c%d7%99%d7%aa/","https://jus-tice.co.il/article-2031/",301
"https://jus-tice.co.il/articles/%d7%aa%d7%99%d7%a7%d7%95%d7%9f-25-03-%d7%aa%d7%a7%d7%a0%d7%95%d7%aa-%d7%a9%d7%a2%d7%aa-%d7%97%d7%99%d7%a8%d7%95%d7%9d-%d7%94%d7%92%d7%91%d7%9c%d7%aa-%d7%a4%d7%a2%d7%99%d7%9c%d7%95%d7%aa-%d7%a0%d7%92/","https://jus-tice.co.il/new-25-03/",301
"https://jus-tice.co.il/articles/%d7%91%d7%a0%d7%a7-%d7%99%d7%a9%d7%a8%d7%90%d7%9c-%d7%9e%d7%a4%d7%a8%d7%a1%d7%9d-%d7%90%d7%aa-%d7%93%d7%95%d7%97%d7%95%d7%aa%d7%99%d7%95-%d7%94%d7%9b%d7%a1%d7%a4%d7%99%d7%99%d7%9d-%d7%9c%d7%a9%d7%a0/","https://jus-tice.co.il/bank-israel-2019/",301
"https://jus-tice.co.il/articles/25-03-%d7%aa%d7%a7%d7%a0%d7%95%d7%aa-%d7%a0%d7%92%d7%99%d7%a3-%d7%94%d7%a7%d7%95%d7%a8%d7%95%d7%a0%d7%94-%d7%94%d7%97%d7%93%d7%a9-%d7%94%d7%92%d7%91%d7%9c%d7%aa-%d7%a4%d7%a2%d7%99%d7%9c%d7%95%d7%aa/","https://jus-tice.co.il/regulations-new-25-03-2020/",301
"https://jus-tice.co.il/articles/%d7%94%d7%a1%d7%a2%d7%95%d7%aa-%d7%a9%d7%9c-%d7%a2%d7%95%d7%91%d7%93%d7%99%d7%9d-%d7%97%d7%99%d7%95%d7%a0%d7%99%d7%99%d7%9d-%d7%a2%d7%93%d7%9b%d7%95%d7%9f-24-03-2020/","https://jus-tice.co.il/24-03-2020/",301
"https://jus-tice.co.il/articles/%d7%91%d7%92%d7%a5-2144-20-%d7%99%d7%95%d7%a8-%d7%94%d7%9b%d7%a0%d7%a1%d7%aa-%d7%91%d7%a4%d7%95%d7%a2%d7%9c-%d7%99%d7%95%d7%9c%d7%99-%d7%90%d7%93%d7%9c%d7%a9%d7%98%d7%99/","https://jus-tice.co.il/article-1980/",301
"https://jus-tice.co.il/articles/%d7%a7%d7%95%d7%a8%d7%95%d7%a0%d7%94-%d7%a1%d7%a7%d7%99%d7%a8%d7%94-%d7%99%d7%95%d7%9e%d7%99%d7%aa-23-3-2020-%d7%9e%d7%a2%d7%a8%d7%9a-%d7%94%d7%a1%d7%99%d7%99%d7%91%d7%a8-%d7%94%d7%9c%d7%90%d7%95/","https://jus-tice.co.il/review-cyber-23-3-2020/",301
"https://jus-tice.co.il/articles/%d7%a7%d7%95%d7%a8%d7%95%d7%a0%d7%94-%d7%a4%d7%a2%d7%99%d7%9c%d7%95%d7%aa-%d7%91%d7%99%d7%aa-%d7%94%d7%93%d7%99%d7%9f-%d7%9c%d7%a2%d7%91%d7%95%d7%93%d7%94/","https://jus-tice.co.il/courts-law/",301
"https://jus-tice.co.il/articles/%d7%aa%d7%a7%d7%a0%d7%95%d7%aa-%d7%a9%d7%a2%d7%aa-%d7%97%d7%99%d7%a8%d7%95%d7%9d-%d7%a9%d7%99%d7%a7%d7%99%d7%9d-%d7%9c%d7%9c%d7%90-%d7%9b%d7%99%d7%a1%d7%95%d7%99-%d7%94%d7%aa%d7%a9%d7%b4%d7%a3-2020/","https://jus-tice.co.il/regulations-2020/",301
"https://jus-tice.co.il/articles/%d7%aa%d7%a7%d7%a0%d7%95%d7%aa-%d7%a9%d7%99%d7%a8%d7%95%d7%aa-%d7%94%d7%91%d7%99%d7%98%d7%97%d7%95%d7%9f-%d7%94%d7%9b%d7%9c%d7%9c%d7%99-%d7%90%d7%99%d7%a1%d7%95%d7%a3-%d7%9e%d7%99%d7%93%d7%a2-%d7%9e/","https://jus-tice.co.il/regulations-2020-1809/",301
"https://jus-tice.co.il/articles/%d7%aa%d7%a7%d7%a0%d7%95%d7%aa-%d7%a7%d7%95%d7%a8%d7%95%d7%a0%d7%94-%d7%94%d7%92%d7%91%d7%9c%d7%aa-%d7%9e%d7%a1%d7%a4%d7%a8-%d7%94%d7%a2%d7%95%d7%91%d7%93%d7%99%d7%9d-%d7%91%d7%9e%d7%a7%d7%95%d7%9d/","https://jus-tice.co.il/regulations-new/",301
"https://jus-tice.co.il/articles/%d7%a6%d7%95-%d7%91%d7%a8%d7%99%d7%90%d7%95%d7%aa-%d7%94%d7%a2%d7%9d-%d7%a0%d7%92%d7%99%d7%a3-%d7%94%d7%a7%d7%95%d7%a8%d7%95%d7%a0%d7%94-%d7%94%d7%97%d7%93%d7%a9/","https://jus-tice.co.il/new-house-2020/",301
"https://jus-tice.co.il/articles/%d7%9b%d7%a8%d7%98%d7%99%d7%a1%d7%99-%d7%98%d7%99%d7%a1%d7%94-%d7%97%d7%91%d7%a8%d7%aa-%d7%aa%d7%a2%d7%95%d7%a4%d7%94-%d7%a4%d7%a9%d7%98%d7%94-%d7%90%d7%aa-%d7%94%d7%a8%d7%92%d7%9c-%d7%a1%d7%95%d7%9b/","https://jus-tice.co.il/company/",301
"https://jus-tice.co.il/articles/%d7%94%d7%99%d7%95%d7%a2%d7%9e%d7%a9-%d7%90%d7%99%d7%a9%d7%a8-%d7%aa%d7%97%d7%9c%d7%99%d7%a3-%d7%92%d7%a0%d7%a8%d7%99-%d7%9c%d7%a7%d7%9c%d7%98%d7%a8%d7%94-%d7%aa%d7%a8%d7%95%d7%a4%d7%94-%d7%90%d7%a0/","https://jus-tice.co.il/article-1858/",301
"https://jus-tice.co.il/articles/%d7%aa%d7%92%d7%95%d7%91%d7%aa-%d7%94%d7%99%d7%95%d7%a2%d7%9e%d7%a9-%d7%a9%d7%99%d7%9e%d7%95%d7%a9-%d7%a9%d7%91%d7%9b-%d7%91%d7%90%d7%9e%d7%a6%d7%a2%d7%99%d7%9d-%d7%98%d7%9b%d7%a0%d7%95%d7%9c/","https://jus-tice.co.il/article-1852/",301
"http://jus-tice.co.il/psakdin/%D7%A0%D7%92%D7%99%D7%A3-%D7%94%D7%A7%D7%95%D7%A8%D7%95%D7%A0%D7%94-%D7%94%D7%A2%D7%A1%D7%A7%D7%AA-%D7%A2%D7%95%D7%91%D7%93%D7%99%D7%9D-%D7%91%D7%A9%D7%A2%D7%95%D7%AA-%D7%A0%D7%95%D7%A1%D7%A4%D7%95/","https://jus-tice.co.il/article-1827/",301
"https://jus-tice.co.il/articles/%d7%94%d7%95%d7%93%d7%a2%d7%94-%d7%a2%d7%9c-%d7%a7%d7%91%d7%99%d7%a2%d7%aa-%d7%9e%d7%a7%d7%95%d7%9d-%d7%9c%d7%91%d7%99%d7%93%d7%95%d7%93-18-03-2020/","https://jus-tice.co.il/18-03-2020/",301
"http://jus-tice.co.il/psakdin/%D7%91%D7%A2%D7%9D-919-15-%D7%94%D7%9C%D7%9B%D7%AA-%D7%94%D7%9E%D7%96%D7%95%D7%A0%D7%95%D7%AA-%D7%94%D7%97%D7%93%D7%A9%D7%94/","https://jus-tice.co.il/ruling-alimony-new-919-15/",301
"http://jus-tice.co.il/psakdin/%D7%94%D7%95%D7%A8%D7%90%D7%95%D7%AA-%D7%97%D7%99%D7%A8%D7%95%D7%9D-%D7%A0%D7%92%D7%99%D7%A3-%D7%94%D7%A7%D7%95%D7%A8%D7%95%D7%A0%D7%94-%D7%9E%D7%A0%D7%99%D7%A2%D7%AA-%D7%9B%D7%A0%D7%99%D7%A1%D7%AA/","https://jus-tice.co.il/criminal-law-lawyer-arrest-courts/",301
"https://jus-tice.co.il/articles/%d7%97%d7%95%d7%a7-%d7%a9%d7%99%d7%a8%d7%95%d7%aa-%d7%94%d7%91%d7%99%d7%98%d7%97%d7%95%d7%9f-%d7%94%d7%9b%d7%9c%d7%9c%d7%99-%d7%94%d7%aa%d7%a9%d7%a1%d7%b4%d7%91-2002/","https://jus-tice.co.il/law-2002/",301
"https://jus-tice.co.il/articles/%d7%94%d7%a7%d7%9c%d7%95%d7%aa-%d7%9e%d7%a1-%d7%95%d7%99%d7%a8%d7%95%d7%a1-%d7%a7%d7%95%d7%a8%d7%95%d7%a0%d7%94-%d7%94%d7%90%d7%a8%d7%9b%d7%aa-%d7%aa%d7%95%d7%a7%d7%a3-%d7%90%d7%99%d7%a9%d7%95/","https://jus-tice.co.il/tax-validity-certifications/",301
"https://jus-tice.co.il/articles/%d7%91%d7%aa%d7%99-%d7%9e%d7%a9%d7%a4%d7%98-%d7%a0%d7%95%d7%94%d7%9c-%d7%97%d7%99%d7%a1%d7%99%d7%95%d7%9f-%d7%aa%d7%99%d7%a7%d7%99%d7%9d/","https://jus-tice.co.il/courts/",301
"https://jus-tice.co.il/articles/%d7%aa%d7%91%d7%99%d7%a2%d7%95%d7%aa-%d7%a8%d7%9b%d7%95%d7%a9%d7%99%d7%95%d7%aa-%d7%94%d7%93%d7%93%d7%99%d7%95%d7%aa-%d7%a9%d7%9c-%d7%91%d7%a0%d7%99-%d7%96%d7%95%d7%92-%d7%9c%d7%a9%d7%a2%d7%91%d7%a8/","https://jus-tice.co.il/lawsuits/",301
"https://jus-tice.co.il/articles/%d7%a7%d7%95%d7%a8%d7%95%d7%a0%d7%94-%d7%94%d7%90%d7%a8%d7%9b%d7%aa-%d7%aa%d7%a7%d7%95%d7%a4%d7%aa-%d7%aa%d7%95%d7%a7%d7%a3-%d7%a8%d7%99%d7%a9%d7%99%d7%95%d7%9f-%d7%a8%d7%9b%d7%91-16-03-2020/","https://jus-tice.co.il/validity-license-16-03-2020/",301
"http://jus-tice.co.il/psakdin/%D7%9E%D7%A9%D7%9E%D7%95%D7%A8%D7%AA-%D7%9E%D7%96%D7%95%D7%A0%D7%95%D7%AA-%D7%94%D7%94%D7%9C%D7%9B%D7%94-%D7%94%D7%97%D7%93%D7%A9%D7%94-%D7%91%D7%9E%D7%96%D7%95%D7%A0%D7%95%D7%AA-919-15/","https://jus-tice.co.il/custody-alimony-ruling-new-919-15/",301
"https://jus-tice.co.il/articles/%d7%aa%d7%91%d7%99%d7%a2%d7%94-%d7%9c%d7%9e%d7%96%d7%95%d7%a0%d7%95%d7%aa-%d7%90%d7%99%d7%a9%d7%94-%d7%95%d7%a7%d7%98%d7%99%d7%a0%d7%95%d7%aa/","https://jus-tice.co.il/spousal-support-lawsuit-custody-property/",301
"https://jus-tice.co.il/articles/%d7%91%d7%99%d7%98%d7%95%d7%9c-%d7%a6%d7%95%d7%95%d7%90%d7%94-%d7%9e%d7%90%d7%95%d7%97%d7%a8%d7%aa-%d7%91%d7%a9%d7%9c-%d7%94%d7%a9%d7%a4%d7%a2%d7%94-%d7%91%d7%9c%d7%aa%d7%99-%d7%94%d7%95%d7%92%d7%a0/","https://jus-tice.co.il/cancellation-will-18595-01-17/",301
"https://jus-tice.co.il/articles/%d7%97%d7%99%d7%a0%d7%95%d7%9a-%d7%94%d7%99%d7%9c%d7%93%d7%99%d7%9d-%d7%91%d7%9e%d7%95%d7%a1%d7%93-%d7%a9%d7%9c-%d7%90%d7%99%d7%96%d7%94-%d7%96%d7%a8%d7%9d-%d7%93%d7%aa%d7%99-%d7%99%d7%aa%d7%97%d7%a0/","https://jus-tice.co.il/article-1706/",301
"https://jus-tice.co.il/articles/%d7%90%d7%99%d7%9e%d7%95%d7%a5-%d7%99%d7%9c%d7%93-%d7%9e%d7%90%d7%95%d7%a7%d7%a8%d7%90%d7%99%d7%a0%d7%94-%d7%aa%d7%91%d7%99%d7%a2%d7%aa-%d7%a0%d7%96%d7%99%d7%a7%d7%99%d7%9f-%d7%91%d7%92%d7%99%d7%9f/","https://jus-tice.co.il/lawsuit-torts/",301
"https://jus-tice.co.il/articles/%d7%94%d7%9c%d7%99%d7%9b%d7%99-%d7%92%d7%99%d7%a8%d7%95%d7%a9%d7%99%d7%9f-%d7%9e%d7%91%d7%97%d7%9f-%d7%94%d7%96%d7%99%d7%a7%d7%95%d7%aa-%d7%98%d7%a2%d7%a0%d7%94-%d7%9b%d7%99-%d7%91%d7%99%d7%9e/","https://jus-tice.co.il/proceedings-divorce-claim-israel/",301
"https://jus-tice.co.il/articles/%d7%aa%d7%a9%d7%9c%d7%95%d7%9d-%d7%9e%d7%a1-%d7%a9%d7%9b%d7%a8-%d7%91%d7%92%d7%99%d7%9f-%d7%a9%d7%9b%d7%a8%d7%9d-%d7%a9%d7%9c-%d7%a2%d7%95%d7%91%d7%93%d7%99-%d7%94%d7%a2%d7%99%d7%a8%d7%99%d7%99%d7%94/","https://jus-tice.co.il/tax/",301
"https://jus-tice.co.il/articles/%d7%a6%d7%95-%d7%94%d7%95%d7%a8%d7%95%d7%aa-%d7%9e%d7%9b%d7%95%d7%97-%d7%96%d7%99%d7%a7%d7%94-%d7%9c%d7%96%d7%99%d7%a7%d7%94-%d7%9c%d7%90%d7%96%d7%a8%d7%97%d7%99%d7%aa-%d7%96%d7%a8%d7%94/","https://jus-tice.co.il/civil/",301
"https://jus-tice.co.il/articles/%d7%a4%d7%a8%d7%a1%d7%9d-%d7%94%d7%a7%d7%9c%d7%98%d7%95%d7%aa-%d7%9e%d7%9e%d7%a1%d7%9e%d7%9a-%d7%94%d7%a8%d7%a4%d7%96-%d7%a4%d7%a1%d7%93-%d7%94%d7%a2%d7%a8%d7%a2%d7%95%d7%a8/","https://jus-tice.co.il/verdict-appeal/",301
"https://jus-tice.co.il/articles/%d7%94%d7%a4%d7%a8%d7%aa-%d7%97%d7%95%d7%a7-%d7%94%d7%9b%d7%a0%d7%99%d7%a1%d7%94-%d7%9c%d7%99%d7%a9%d7%a8%d7%90%d7%9c-%d7%93%d7%a8%d7%9a-%d7%a0%d7%aa%d7%91%d7%92/","https://jus-tice.co.il/law-israel/",301
"http://jus-tice.co.il/psakdin/%D7%A8%D7%90%D7%A9-%D7%A2%D7%A8%D7%99%D7%99%D7%AA-%D7%98%D7%91%D7%A8%D7%99%D7%94-%D7%A8%D7%95%D7%9F-%D7%A7%D7%95%D7%91%D7%99-%D7%A4%D7%A1%D7%93-%D7%91%D7%AA%D7%91%D7%99%D7%A2%D7%94-%D7%9C%D7%A4/","https://jus-tice.co.il/defamation-damages-33-300/",301
"https://jus-tice.co.il/articles/%d7%94%d7%a1%d7%9b%d7%9d-%d7%9c%d7%aa%d7%a4%d7%99%d7%a1%d7%aa-%d7%a8%d7%9b%d7%95%d7%a9-%d7%91%d7%a6%d7%95-%d7%96%d7%9e%d7%a0%d7%99-%d7%94%d7%a0%d7%9b%d7%a8%d7%aa-%d7%91%d7%a9%d7%9c%d7%91-%d7%94%d7%97/","https://jus-tice.co.il/agreement-property-investigation-witness-proceedings/",301
"https://jus-tice.co.il/articles/%d7%91%d7%99%d7%98%d7%95%d7%9c-%d7%a6%d7%95-%d7%a1%d7%92%d7%99%d7%a8%d7%94-%d7%9c%d7%a2%d7%a1%d7%a7-%d7%9c%d7%a4%d7%99-%d7%a1%d7%a2%d7%99%d7%a3-22%d7%91-%d7%9c%d7%97%d7%95%d7%a7-%d7%a8%d7%99%d7%a9/","https://jus-tice.co.il/cancellation-business-law-licensing-22/",301
"http://jus-tice.co.il/%D7%AA%D7%A2%D7%95%D7%93%D7%AA-%D7%9E%D7%97%D7%9C%D7%94-%D7%9C%D7%A2%D7%95%D7%91%D7%93-%D7%94%D7%A9%D7%95%D7%94%D7%94-%D7%91%D7%91%D7%99%D7%93%D7%95%D7%93-%D7%A0%D7%92%D7%99%D7%A3-%D7%94%D7%A7%D7%95%D7%A8%D7%95%D7%A0%D7%94/","https://jus-tice.co.il/new/",301
"https://jus-tice.co.il/articles/%d7%94%d7%aa%d7%a0%d7%92%d7%93%d7%95%d7%aa-%d7%9c%d7%a6%d7%95%d7%95%d7%90%d7%94-%d7%91%d7%a9%d7%9c-%d7%94%d7%a9%d7%a4%d7%a2%d7%94-%d7%91%d7%9c%d7%aa%d7%99-%d7%94%d7%95%d7%92%d7%a0%d7%aa/","https://jus-tice.co.il/verdict-will/",301
"https://jus-tice.co.il/articles/%d7%a4%d7%a1%d7%93-%d7%91%d7%aa%d7%95%d7%91%d7%a2%d7%a0%d7%94-%d7%a0%d7%96%d7%99%d7%a7%d7%99%d7%aa-%d7%a0%d7%92%d7%93-%d7%99%d7%a6%d7%97%d7%a7-%d7%94%d7%a8%d7%a6%d7%95%d7%92-%d7%95%d7%90%d7%97/","https://jus-tice.co.il/request-damages/",301
"http://jus-tice.co.il/%D7%96%D7%99%D7%9B%D7%95%D7%99-%D7%A0%D7%90%D7%A9%D7%9D-%D7%91%D7%A9%D7%9C-%D7%A4%D7%A1%D7%99%D7%9C%D7%AA-%D7%A8%D7%90%D7%99%D7%94-%D7%A2%D7%A7%D7%91-%D7%97%D7%99%D7%A4%D7%95%D7%A9-%D7%91%D7%9C%D7%AA%D7%99-%D7%97%D7%95%D7%A7%D7%99/","https://jus-tice.co.il/acquittal-defendant-evidence-laws/",301
"https://jus-tice.co.il/articles/%d7%a4%d7%a1%d7%93-%d7%91%d7%a2%d7%a8%d7%a2%d7%95%d7%a8-%d7%91%d7%95%d7%a7%d7%99%d7%a0%d7%92-%d7%a7%d7%95%d7%9d-%d7%a0-%d7%94%d7%97%d7%9c%d7%98%d7%aa-%d7%94%d7%a8%d7%a9%d7%95%d7%aa-%d7%9c%d7%94/","https://jus-tice.co.il/verdict-appeal-decision-2-5-46570-06-18/",301
"http://jus-tice.co.il/articles/%D7%A0%D7%99%D7%A9%D7%95%D7%90%D7%99%D7%9D-%D7%90%D7%96%D7%A8%D7%97%D7%99%D7%99%D7%9D/","https://jus-tice.co.il/article-1121/",301
"http://jus-tice.co.il/articles/%D7%A2%D7%95%D7%93-%D7%9C%D7%99%D7%99%D7%A6%D7%95%D7%92-%D7%9E%D7%A2%D7%A1%D7%99%D7%A7%D7%99%D7%9D/","https://jus-tice.co.il/law-firm-labor-law-representation/",301
"http://jus-tice.co.il/articles/%25d7%2598%25d7%2595%25d7%25a4%25d7%25a1-161-%25d7%2594%25d7%2595%25d7%2593%25d7%25a2%25d7%25aa-%25d7%259e%25d7%25a2%25d7%2591%25d7%2599%25d7%2593-%25d7%25a2%25d7%259c-%25d7%25a4%25d7%25a8%25d7%2599%25d7%25a9%25d7%25aa-%25d7%25a2%25d7%2595%25d7%2591%25d7%2593-%25d7%259e%25d7%259e%25d7%25a7%25d7%2595%25d7%259d-%25d7%25a2/","https://jus-tice.co.il/161/",301