tier,id,type,url,title_db,yoast_title_override,meta_description,practice_area,word_count_est,created,last_modified,impressions_90d,clicks_90d,avg_position
1-real-traffic,12857,articles,https://jus-tice.co.il/posta/,פוסטה פלילים,פוסטה פשע ופלילים: העדכונים והכתבות | Jus-Tice,,משפט פלילי,16636,2025-08-31,2026-07-06,13086,37,6.2
1-real-traffic,12609,articles,https://jus-tice.co.il/israel-real-estate-price-forecast/,"מחירים עדכניים (2025) ותחזית לשוק הנדל""ן | רכישת נדל""ן בישראל בלווי עורך דין",,,"מקרקעין | נדל""ן",32880,2025-07-06,2026-05-17,8046,15,12.9
1-real-traffic,6005,articles,https://jus-tice.co.il/child-support-alimony-updated-guidelines-2023/,תחנות משטרה כתובת טלפון רשימה ארצית מעודכן 2023,,,משפט פלילי,13354,2021-08-15,2026-05-22,7360,29,13.9
1-real-traffic,12897,articles,https://jus-tice.co.il/the-recommended-family-lawyers/,מומלצי דיני משפחה וגירושין: המלצות עורכי דין לענייני משפחה בישראל (2025),,,דיני משפחה,74089,2025-09-10,2026-07-06,6818,15,62.7
1-real-traffic,3130,articles,https://jus-tice.co.il/free-divorce-agreement-template/,הסכם גירושין 2026: דוגמה מלאה להורדה ומה חייב להופיע,,"מטרתו של הסכם גירושין היא להסדיר בהסכמה את הסוגיות המשפטיות בין הצדדים. הסכם גירושין לדוגמאכולל את סידור הגט, משמורת הילדים, מזונות וחלוקת הרכוש המשותף.",דיני משפחה,6549,2021-03-31,2026-07-12,6440,7,19.4
1-real-traffic,3095,articles,https://jus-tice.co.il/apply-for-police-criminal-information-certificates/,טופס בקשה לתעודת מידע פלילי | תעודת יושר | היעדר מרשם פלילי,,,משפט פלילי,2677,2021-03-25,2026-05-18,6383,23,16.7
1-real-traffic,12013,articles,https://jus-tice.co.il/guide-israeli-apartment-2025/,מדריך 2025: איפה הכי משתלם למשקיע הישראלי לקנות דירה בעולם?,,,"מקרקעין | נדל""ן",26324,2025-02-23,2026-05-17,6375,20,28.2
1-real-traffic,12600,articles,https://jus-tice.co.il/greece-price-list/,"מחירי נדל""ן ביוון לפי אזורים: טבלת מחירים 2025 לרוכשים מישראל",,,"מקרקעין | נדל""ן",21568,2025-07-06,2026-07-07,5800,51,13.4
1-real-traffic,12464,articles,https://jus-tice.co.il/lahav-433/,להב 433: מבנה היחידה כתובות וטלפונים | משטרת ישראל להב 433,,,משפט פלילי,32846,2025-05-12,2026-07-02,5615,88,8.3
1-real-traffic,12583,articles,https://jus-tice.co.il/portugal-relocation/,רילוקיישן לפורטוגל 2025: המדריך המקיף למעבר לפורטוגל,,,פורטוגל,64909,2025-05-31,2026-05-17,4331,25,10.6
1-real-traffic,10759,articles,https://jus-tice.co.il/about-cyprus/,קפריסין | דסק קפריסין,,,,17053,2024-02-11,2026-05-16,4023,7,9.3
1-real-traffic,6913,articles,https://jus-tice.co.il/court-judge/,מיהו שופט? סוגי שופטים | מהו תפקידו של שופט בית משפט,,,משרד המשפטים,13909,2022-03-17,2026-05-16,3995,50,15.5
1-real-traffic,12433,articles,https://jus-tice.co.il/porto-portugal-real-estate/,"פורטו, פורטוגל - השקעות נדל""ן עבור ישראלים",,,פורטוגל,47517,2025-04-18,2026-07-02,3975,9,26.8
1-real-traffic,6715,articles,https://jus-tice.co.il/medical-malpractice-lawsuits-law-account/,תביעות רשלנות רפואית: הדרכים להקטנת ההוצאה הציבורית | דין וחשבון,,,דיני נזיקין,9528,2022-02-20,2026-05-16,2717,7,18.8
1-real-traffic,12446,articles,https://jus-tice.co.il/drug-offenses-criminal-lawyer/,עורך דין עבירות סמים | מדריך 2025 לתחום עבירות סמים,,,עורך דין,94181,2025-04-23,2026-07-02,2684,9,10.7
1-real-traffic,6163,articles,https://jus-tice.co.il/petition-approval-debt-arrangement-creditors/,טופס בקשת בגיר לקבל אישור משטרה | בקשת מעסיק לקבל אישור משטרה,,,משפט פלילי,7000,2021-09-01,2026-05-22,2672,24,10.5
1-real-traffic,12065,articles,https://jus-tice.co.il/lawyer-price-list-real-estate-2025/,"מחירון שירותי עורך דין נדל""ן 2025",,,"מקרקעין | נדל""ן",17589,2025-02-27,2026-07-02,2477,8,47.9
1-real-traffic,12259,articles,https://jus-tice.co.il/lawyer-fee-outlook/,שכר טרחת עורכי דין 2025 - תמונת מצב בישראל ובעולם,,,עורך דין,14768,2025-03-10,2026-07-02,2442,6,18.9
1-real-traffic,11977,articles,https://jus-tice.co.il/real-estate-dubai-2025/,"איפה כדאי להשקיע? נדל""ן בדובאי  2025",,,"מקרקעין | נדל""ן",31383,2025-02-13,2026-05-17,2438,5,15.1
1-real-traffic,12605,articles,https://jus-tice.co.il/cyprus-prices/,מחירון 2025 נכסים בקפריסין ועליות נלוות | רכישה בלווי משפטי לישראלים,,,"מקרקעין | נדל""ן",29120,2025-07-06,2026-07-02,2432,38,9.4
1-real-traffic,11878,articles,https://jus-tice.co.il/criminal-law-price-list-lawyer-recommended-review-costs/,"מחירון 2025 עורך דין פלילי מומלץ | סקירה והשוואת עלויות עו""ד פלילי + טיפים",,,משפט פלילי,8859,2025-01-28,2026-05-18,2045,36,20.6
1-real-traffic,12924,articles,https://jus-tice.co.il/investigations-and-intelligence-division/,אגף החקירות והמודיעין של משטרת ישראל,,,משפט פלילי,42159,2025-09-16,2026-05-17,2029,25,11.9
1-real-traffic,12111,articles,https://jus-tice.co.il/urban-renewal-tel-aviv-companies-38-2025/,"התחדשות עירונית בתל אביב: החברות המובילות (תמ״א 38) ת""א 2025",,,"מקרקעין | נדל""ן",28537,2025-03-03,2026-07-02,1683,8,13.6
1-real-traffic,12264,articles,https://jus-tice.co.il/best-criminal-defence-lawyers-worldwide/,עורכי הדין הפליליים הטובים בעולם ובישראל | סקירת 2025,עורכי דין פליליים בעולם | ייצוג בינלאומי | Jus-Tice,,משפט פלילי,27402,2025-03-10,2026-07-06,1640,24,37.2
1-real-traffic,7699,articles,https://jus-tice.co.il/53431-10-21/,"עונש פלילי יוצר ערוץ הטלגרם ""תוצרת כחול לבן"" בגין ריבוי עבירות של הטרדה מינית והתנכלות ופגיעה בפרטיות (ת""פ 53431-10-21)",,,עורך דין פלילי פסקי דין 2022,14223,2022-09-07,2026-05-16,1596,5,5.2
1-real-traffic,12436,articles,https://jus-tice.co.il/tax-investigation-guide/,מדריך 2025 לקראת חקירה במס הכנסה - כל מה שצריך לדעת |  חקירות מס הכנסה ועבירות מס,,,מיסים,29635,2025-04-20,2026-07-02,1572,8,26.6
1-real-traffic,11645,articles,https://jus-tice.co.il/infidelity-statistics-reasons-suspicions/,בגידה: סטטיסטיקה נתונים סיבות לבגידות ומה עושים כשחושדים בבגידת בן/בת זוג,,,דיני משפחה,4518,2024-12-16,2026-05-16,1563,29,11.5
1-real-traffic,12841,articles,https://jus-tice.co.il/ai-for-law-firms/,הטמעת בינה מלאכותית AI במשרדי עורכי דין,,,עורך דין,25941,2025-08-30,2026-05-17,1536,13,13.9
1-real-traffic,5707,articles,https://jus-tice.co.il/public-defender-annual-report-2019/,הסניגוריה הציבורית דוח פעילות 2019 | דין פלילי,,,הסניגוריה הציבורית,131103,2021-08-01,2026-05-16,1406,7,11.3
1-real-traffic,12428,articles,https://jus-tice.co.il/famous-criminal-defense-lawyer/,עורך דין פלילי מפורסם | עורכי הדין הפליליים המובילים בישראל ובעולם (2025),,,עורך דין,32255,2025-04-16,2026-07-02,1397,14,27.4
1-real-traffic,3263,articles,https://jus-tice.co.il/medical-fitness-tests-for-driving-marvad-info/,מה זה מרב״ד?- מידע על המכון הרפואי לבטיחות בדרכים,,,,861,2021-05-03,2026-05-16,1385,7,12.8
1-real-traffic,8795,articles,https://jus-tice.co.il/shoplifting/,גניבה מחנויות | עבירת גניבה מחנות - עסק,,,משפט פלילי,12099,2023-03-14,2026-05-18,1348,13,10.7
1-real-traffic,12481,articles,https://jus-tice.co.il/federal-bureau-of-investigation/,"FBI לשכת החקירות הפדרלית ארה""ב |  עורך דין פלילי F.B.I",,,עורך דין,39445,2025-05-12,2026-07-02,1325,10,7.8
1-real-traffic,4145,articles,https://jus-tice.co.il/force-majeure/,כוח עליון: שימוש בסעיף כוח עליון בחוזה,,,מסחרי-אזרחי,2387,2021-06-08,2026-05-16,1292,13,6.5
1-real-traffic,8990,articles,https://jus-tice.co.il/passport-immigration-relocation-residence-costs/,"דרכון יווני - הגירה, רילוקיישן, מגורים: מה הדרישות והעלויות",,,עורך דין,11009,2023-03-22,2026-05-16,1129,10,17.6
1-real-traffic,12156,articles,https://jus-tice.co.il/property-division-guide-updated-divorce-custody-infidelity/,"מדריך מעודכן למתגרשים בשנת 2025: סטטיסטיקה גירושים, התמודדות עם חלוקת רכוש, משמורת וחשד לבגידה",,,דיני משפחה,17564,2025-03-04,2026-07-02,1102,5,16.1
1-real-traffic,12275,articles,https://jus-tice.co.il/arrested-abroad-il/,"מעצר בחו""ל - מה לעשות? מדריך 2025 לישראלי עצור במדינה זרה",,,עורך דין,20766,2025-03-12,2026-05-16,1046,11,11.6
1-real-traffic,12616,articles,https://jus-tice.co.il/israel-tax-authority/,רשות המסים בישראל | ייצוג מול רשויות המס,,,עורך דין,27126,2025-07-07,2026-07-02,1038,5,19.0
1-real-traffic,7303,articles,https://jus-tice.co.il/law-laws-2011/,"הצעת חוק דיני ממונות, התשע""א-2011 עם הסברים",,,דיני נזיקין,476949,2022-06-01,2026-05-16,1007,10,7.3
1-real-traffic,10870,articles,https://jus-tice.co.il/low-value-invest-abroad/,"איפה הכי זול לקנות דירה בעולם | השקעות נדל""ן בחו""ל לישראלים",,,"מקרקעין | נדל""ן",5000,2024-02-22,2026-05-16,1004,16,28.3
1-real-traffic,3550,articles,https://jus-tice.co.il/types-of-lawyers-small-business/,6 סוגים שונים של עורכי דין מומלצים לבעלי עסקים קטנים,עורך דין לעסקים קטנים: מתי צריך וכמה עולה | Jus-Tice,,עורך דין,1762,2021-05-31,2026-07-06,978,5,34.4
1-real-traffic,12321,articles,https://jus-tice.co.il/extradition-guide/,הסגרה בינלאומית לישראל: מדריך 2025,,,עורך דין,29846,2025-03-19,2026-07-02,934,7,17.5
1-real-traffic,12491,articles,https://jus-tice.co.il/us-securities-and-exchange-commission/,"(SEC) רשות ניירות הערך של ארצות הברית  | עו""ד ישראלי",,,עורך דין,33416,2025-05-14,2026-07-02,846,7,10.4
1-real-traffic,8753,articles,https://jus-tice.co.il/portugal-lawyers/,"עורך דין פורטוגל | עו""ד ישראלי בפורטוגל","עורך דין פורטוגל | עו""ד ישראלי בפורטוגל",,פורטוגל,40004,2023-03-11,2026-05-16,823,12,21.4
1-real-traffic,20264,page,https://jus-tice.co.il/lawyer-fees-guide/,שכר טרחה עורך דין: מדריך מחירים 2025 לפי תחום,שכר טרחת עורך דין בישראל: מדריך לפי תחום | Jus-Tice,,,845,2026-05-23,2026-07-12,799,7,50.2
1-real-traffic,3265,articles,https://jus-tice.co.il/standards-of-medical-fitness-to-drive/,"תקנים מעודכנים להתאמה רפואית לנהיגה מרב""ד",,,,57631,2021-05-03,2026-05-17,794,10,24.9
1-real-traffic,6587,articles,https://jus-tice.co.il/sex-offenses-criminal-law-defendant-offenses-family-28464-07-19/,"דין פלילי: הרשעת נאשם בעבירות מין בבתו ואלימות כלפי ילדיו | ריבוי עבירות של אינוס קטינה בת משפחה (פ""ח 28464-07-19)",,,משפט פלילי,85245,2022-02-01,2026-05-18,778,21,31.4
1-real-traffic,9724,articles,https://jus-tice.co.il/uk-lawyer/,"עורך דין אנגליה | עו""ד ישראלי ליווי וייצוג משפטי באנגליה",,,עורך דין,35231,2023-08-04,2026-05-16,732,13,20.9
1-real-traffic,5836,articles,https://jus-tice.co.il/description-and-structure-of-the-ministry-of-justice/,תיאור ומבנה המשרד המשפטים- דוח 2017,,,משרד המשפטים,81905,2021-08-08,2026-05-16,727,8,8.3
1-real-traffic,11757,articles,https://jus-tice.co.il/national-insurance-calculator/,מחשבון דמי ביטוח לאומי ובריאות,,,ביטוח,4714,2025-01-08,2026-05-16,725,5,17.9
1-real-traffic,8128,articles,https://jus-tice.co.il/court-legal-opinion-experts-medical-2023/,רשימת מומחים רפואיים לבית משפט מתעדכן | חוות דעת רפואית משפטית 2023,,,,22032,2022-11-30,2026-05-16,703,9,45.0
1-real-traffic,9526,articles,https://jus-tice.co.il/romania-lawyers/,"עורך דין ברומניה | עו""ד ישראלי נוטריון בוקרשט רומניה",,,,23120,2023-05-22,2026-05-16,696,8,33.1
1-real-traffic,2885,articles,https://jus-tice.co.il/how-much-will-a-criminal-defense-lawyer-cost/,כמה עולה ייצוג עורך דין פלילי? | מחירון מומלץ 2024,,,משפט פלילי,4316,2021-02-02,2026-05-16,695,5,34.5
1-real-traffic,12626,articles,https://jus-tice.co.il/online-rent-agreement/,חוזה שכירות אונליין (עדכני 2025),חוזה שכירות אונליין למילוי מיידי | Jus-Tice,,"מקרקעין | נדל""ן",17,2025-07-10,2026-05-16,693,14,8.8
1-real-traffic,10085,articles,https://jus-tice.co.il/real-estate-united-kingdom/,"השקעות נדל""ן באנגליה - מדריך למשקיע | קניית דירה לונדון",,,"מקרקעין | נדל""ן",49011,2023-09-28,2026-05-16,686,9,14.2
1-real-traffic,8777,articles,https://jus-tice.co.il/cyprus-lawyer/,"עורך דין קפריסין | עו""ד ישראלי בקפריסין",,,עורך דין,16197,2023-03-13,2026-05-16,670,13,7.1
1-real-traffic,9417,articles,https://jus-tice.co.il/ethiopia-lawyer/,"עורך דין אתיופיה | עו""ד ישראלי באתיופיה",,,עורך דין,1569,2023-05-03,2026-05-16,656,12,25.5
1-real-traffic,12401,articles,https://jus-tice.co.il/international-inheritance-wills-lawyer/,"עורך דין בינלאומי ירושות צוואות ועיזבונות | מדריך ליורשים ישראלים בחו""ל",,,עורך דין,23942,2025-04-03,2026-07-02,646,8,17.6
1-real-traffic,6633,articles,https://jus-tice.co.il/expert-lawyers-judges-directory-israel/,להיות שופט: הנחיות לעורכי דין המבקשים להתמנות לכהונה שיפוטית,,,עורך דין,8612,2022-02-08,2026-05-22,623,9,9.8
1-real-traffic,10028,articles,https://jus-tice.co.il/poland-lawyers/,"עורך דין פולין | עו""ד נוטריון ישראלי בורשה פולין",,,עורך דין,23459,2023-09-20,2026-05-16,580,5,19.4
1-real-traffic,8863,articles,https://jus-tice.co.il/greece-lawyers/,"עורך דין יוון | משרד עורכי דין ביוון | עו""ד ישראלי יוון",,,עורך דין,33704,2023-03-19,2026-05-16,549,25,7.9
1-real-traffic,8186,articles,https://jus-tice.co.il/lawyer-israeli/,"עורך דין תאילנד | עו""ד ישראלי בתאילנד",,,עורך דין,25082,2022-12-08,2026-05-16,548,9,21.2
1-real-traffic,9505,articles,https://jus-tice.co.il/germany-lawyers/,"עורך דין גרמניה | עו""ד ישראלי בגרמניה",,,עורך דין,35015,2023-05-20,2026-05-16,543,11,30.3
1-real-traffic,12622,articles,https://jus-tice.co.il/australia-lawyers/,"עורך דין באוסטרליה | עו""ד ישראלי אוסטרליה",,,עורך דין,17703,2025-07-09,2026-07-02,499,6,13.8
1-real-traffic,10230,articles,https://jus-tice.co.il/decision22431-08-19/,"פסק דין פלילי | בעלים של סוכנות דוגמנות הנאשם בעבירות מין בלקוחותיו (תפ""ח 22431-08-19)",,,משפט פלילי,39326,2023-11-12,2026-05-18,497,22,25.1
1-real-traffic,10649,articles,https://jus-tice.co.il/canada-lawyers/,"עורך דין קנדה | עו""ד ישראלי בקנדה",,,עורך דין,6301,2024-01-30,2026-05-16,496,9,7.4
1-real-traffic,7400,articles,https://jus-tice.co.il/india-lawyers/,"עורך דין הודו | עו""ד ישראלי בהודו",,,עורך דין,43674,2022-06-09,2026-05-17,477,7,5.8
1-real-traffic,9559,articles,https://jus-tice.co.il/italy-lawyers/,"עורך דין באיטליה | עו""ד ישראלי באיטליה",,,עורך דין,24682,2023-05-29,2026-05-16,475,9,9.8
1-real-traffic,2955,articles,https://jus-tice.co.il/what-is-justice/,צֶדֶק | מה זה צדק?  הגינות משפט וצדק,,,עורך דין,6181,2021-03-02,2026-05-16,460,5,7.9
1-real-traffic,8089,articles,https://jus-tice.co.il/consent/,מהי הסכמה? הגדרה משפטית להסכמה,,,,2900,2022-11-21,2026-05-16,431,5,10.3
1-real-traffic,5858,articles,https://jus-tice.co.il/money-laundering-verdict-defendants-offenses-corporation-13268-09-15/,"פסק דין נאשמים בגין קבלת דבר במרמה בנסיבות מחמירות, הלבנת הון, עבירות מנהלים בתאגיד ועוד (ת""פ 13268-09-15)",,,פלילי פסקי דין חשובים,96082,2021-08-10,2026-05-17,424,15,10.6
1-real-traffic,11803,articles,https://jus-tice.co.il/us-lawyer-license-requirements/,"מהן הדרישות להוצאת רישיון עו""ד אמריקאי | עורך דין בארה""ב",,,עורך דין,8394,2025-01-11,2026-05-16,412,10,25.8
1-real-traffic,12353,articles,https://jus-tice.co.il/17044-12-22/,"גזר דין למטפל שהורשע בעבירות מין (תפ""ח 17044-12-22)",,,עורך דין פלילי פסקי דין 2022,32659,2025-03-24,2026-07-02,355,15,41.6
1-real-traffic,10269,articles,https://jus-tice.co.il/malta-citizenship-by-investment/,אזרחות מלטה תמורת השקעה 2024: מלטה ויזת זהב תושבות קבע,,,עורך דין,6582,2023-11-28,2026-05-16,353,15,10.1
1-real-traffic,2646,articles,https://jus-tice.co.il/ruling-cancellation-process-witness-new/,הלכת אלקצאצי: משך ההמתנה מביטול הליך פשיטת רגל ועד פתיחת הליך חדש,,,,7277,2020-10-15,2026-05-16,351,11,6.7
1-real-traffic,12255,articles,https://jus-tice.co.il/building-rights-beit-hadar-ownership-roofs-ruling-7808/,"בעלות על זכויות בנייה בגגות | הלכת בית הדר ע""א 7808/21 והשלכותיה ",,,"מקרקעין | נדל""ן",7405,2025-03-09,2026-07-02,310,8,18.6
1-real-traffic,7611,articles,https://jus-tice.co.il/history-of-medicine/,"עו""ד רפואי | היסטוריה של הרפואה",,,,21528,2022-07-26,2026-05-17,306,5,9.6
1-real-traffic,10938,articles,https://jus-tice.co.il/legal-writing/,כתיבה משפטית | שפת עורכי הדין,,,,2617,2024-02-27,2026-05-16,284,7,13.5
1-real-traffic,10258,articles,https://jus-tice.co.il/ukraine-lawyers/,"עורך דין באוקראינה | עו""ד ישראלי באוקראינה",,,עורך דין,8407,2023-11-22,2026-05-16,279,10,11.2
1-real-traffic,9521,articles,https://jus-tice.co.il/united-arab-emirates-lawyers/,"עורך דין בדובאי איחוד האמירויות הערביות | עו""ד ישראלי בדובאי, אבו דאבי",,,עורך דין,22649,2023-05-22,2026-05-16,262,10,13.1
1-real-traffic,12251,articles,https://jus-tice.co.il/30767-05-21/,"ביהמ""ש לענייני משפחה בתל אביב, השופטת ענת הלר כריש: פס""ד בתביעה להחרגת נכסים מעיזבון (תמ""ש 30767-05-21)",,,דיני משפחה,17255,2025-03-09,2026-07-02,259,8,7.4
1-real-traffic,10310,articles,https://jus-tice.co.il/decision42377-09-22/,"פסק דין זיכוי מאישום תקיפת בת זוג | ת""פ 42377-09-22 מדינת ישראל נ' אוזנה",,,משפט פלילי,10873,2023-12-03,2026-05-18,227,9,23.4
1-real-traffic,20344,page,https://jus-tice.co.il/adoption-israel-guide/,"אימוץ ילדים בישראל: תנאים, הליך ומה צריך לדעת","אימוץ ילדים בישראל | תנאים, הליך ומה צריך לדעת | Jus-Tice",,,446,2026-05-23,2026-07-12,221,5,15.8
1-real-traffic,9119,articles,https://jus-tice.co.il/verdict-acquittal-law-complete-502-07/,"הזיכוי: הכרעת דין במשפט החוזר של רומן זדורוב (תפ""ח 502-07) פסק דין מלא להורדה",,,פלילי פסקי דין חשובים,2200,2023-03-30,2026-05-16,219,14,6.6
1-real-traffic,11587,articles,https://jus-tice.co.il/10864-09-21/,"חשיפת תמונות אישה שנתפסה בבגידה | השופטת מורן ואלך ניסן: פס""ד בתביעה לפיצוי מכוח חוק איסור לשון הרע והגנת הפרטיות בגין הצגת תמונות אינטימיות של אישה לעיני הוריה (תמ""ש 10864-09-21, 8209-12-21)",,,דיני משפחה,26499,2024-09-22,2026-05-16,212,6,8.6
1-real-traffic,8073,articles,https://jus-tice.co.il/law-defendant-offenses-69728-06-20/,"הכרעת דין לנאשם בעבירות של קבלת שוחד מיני, מרמה והפרת אמונים בידי עובד ציבור (ת""פ 69728-06-20)",,,עורך דין פלילי פסקי דין 2022,73251,2022-11-17,2026-05-16,201,8,12.5
1-real-traffic,10520,articles,https://jus-tice.co.il/california-lawyers/,עורך דין קליפורניה | עורך דין ישראלי בלוס אנג'לס,,,עורך דין,5374,2023-12-20,2026-05-17,197,8,47.5
1-real-traffic,10798,articles,https://jus-tice.co.il/portugal-medicine/,שרותי בריאות בפורטוגל | רפואה בפורטוגל,,,פורטוגל,6364,2024-02-14,2026-05-16,194,5,6.7
1-real-traffic,9895,articles,https://jus-tice.co.il/notary-public-new-york/,"נוטריון בניו יורק | עו""ד נוטריון ישראלי בניו יורק",,,עורך דין,2457,2023-08-28,2026-05-16,151,6,15.4
1-real-traffic,9774,articles,https://jus-tice.co.il/miami-florida-lawyers/,"עורך דין במיאמי פלורידה | עו""ד ישראלי במיאמי",,,עורך דין,13777,2023-08-18,2026-05-16,145,10,9.1
1-real-traffic,3519,articles,https://jus-tice.co.il/form-6-request-urgent-relief-dispute-settlement/,טופס 6 בקשה לסעד דחוף שלא בדרך בקשה ליישוב סכסוך,,,,3318,2021-05-30,2026-05-16,144,5,17.1
1-real-traffic,12007,articles,https://jus-tice.co.il/bgz-infidelity-adultery-supreme-court-ruling/,"בג""ץ הבוגדת: ההשפעות המשפטיות, החברתיות והכלכליות על מערכת המשפט הישראלית",,,דיני משפחה,16079,2025-02-20,2026-07-02,110,5,12.8
1-real-traffic,6666,articles,https://jus-tice.co.il/verdict-complete-20419-03-21-2022/,"צו המורה לפייסבוק למסור פרטי משתמש - ת""א 20419-03-21 | פסק דין מלא 2022",,,,5308,2022-02-10,2026-05-16,107,11,18.7
1-real-traffic,5683,articles,https://jus-tice.co.il/punishment-criminal-defendant-48-43418-01-21/,"48 חודשי מאסר: גז""ד עונש פלילי לנאשם באינוס ומעשה סדום בקטינה (תפח""ע 43418-01-21)",,,משפט פלילי,18791,2021-07-28,2026-05-18,106,8,50.3
1-real-traffic,8635,articles,https://jus-tice.co.il/divorce-resource-balancing-case21019-01-21/,"השופט רמי בז'ה: פס""ד בעניין תביעה לאיזון משאבים בין בני זוג לשעבר (תמ""ש 21019-01-21)",,,פסקי דין גירושין דיני משפחה 2022,15950,2023-02-23,2026-05-16,104,5,8.3
1-real-traffic,10740,articles,https://jus-tice.co.il/morocco-lawyers/,עורך דין מרוקו | לווי משפטי במרוקו,,,עורך דין,11980,2024-02-07,2026-05-16,104,7,10.7
1-real-traffic,6718,articles,https://jus-tice.co.il/personal-injury-verdict-judge-lawsuit-damages-30014-02-17/,"השופטת נסרין עדוי-חד'ר: פס""ד בתביעת פיצויים בגין נזקי גוף (ת""א 30014-02-17)",,,"עו""ד נזיקין פסקי דין",6359,2022-02-20,2026-05-16,86,6,8.7
1-real-traffic,11184,articles,https://jus-tice.co.il/new-jersey-lawyers/,"עורך דין ניו ג'רזי | עו""ד ישראלי ניו ג'רזי | חוקי ניו ג'רסי",,,עורך דין,5321,2024-05-10,2026-05-16,82,7,6.2
1-real-traffic,12245,articles,https://jus-tice.co.il/beit-hadar-ruling-new-roof-tenants-precedent/,"הלכה חדשה 2025 | הגג שייך לכל הדיירים | ע""א 7808/21 תקדים בית הדר פסק הדין המלא",,,"מקרקעין | נדל""ן",9729,2025-03-09,2026-07-02,76,6,8.9
1-real-traffic,5681,articles,https://jus-tice.co.il/criminal-law-judge-punishment-defendant-offense-39682-07-20/,"השופטת אסתר הלמן: עונש גזר דין פלילי נאשם עבירת תקיפת אישה ובת (תפח""ע 39682-07-20)",,,משפט פלילי,9856,2021-07-28,2026-05-18,53,6,56.7
1-real-traffic,11453,articles,https://jus-tice.co.il/55188-07-20/,"השופט אלעד פרסקי: פס""ד בתביעת נזקי גוף בעקבות תאונת דרכים (ת""א 55188-07-20)",,,דיני נזיקין,4263,2024-08-08,2026-05-16,46,5,8
1-real-traffic,9829,articles,https://jus-tice.co.il/malta-lawyers/,"עורך דין מלטה | עו""ד ישראלי במלטה",,,עורך דין,16749,2023-08-20,2026-05-16,42,5,7.4
1-real-traffic,9681,articles,https://jus-tice.co.il/panama-lawyers/,"עורך דין פנמה | עו""ד ישראלי בפנמה",,,עורך דין,5273,2023-06-14,2026-05-16,41,6,13.5
2-low-traffic,10771,articles,https://jus-tice.co.il/about-usa/,"ארצות הברית (ארה""ב) | דסק ארצות הברית USA",,,,25532,2024-02-12,2026-05-16,8976,4,9.9
2-low-traffic,12655,articles,https://jus-tice.co.il/real-estate-lawyer-cost-2025/,עורך דין מכירת דירה מחיר (2025) | תפקידו של עורך הדין בעסקאות מקרקעין,שכר טרחה עורך דין מקרקעין: מחירון מלא | Jus-Tice,,"מקרקעין | נדל""ן",20711,2025-07-27,2026-07-02,5100,2,59.8
2-low-traffic,19213,page,https://jus-tice.co.il/child-support/,מחשבון מזונות ילדים 2025: הלכת 919/15 + מדריך מלא,מחשבון מזונות ילדים 2025 | הלכת 919/15 + מדריך מלא | Jus-Tice,,,6599,2026-05-10,2026-07-12,2699,4,61.3
2-low-traffic,11232,articles,https://jus-tice.co.il/buying-property-in-portugal/,"קניית נכס בפורטוגל: תהליך הרכישה, עלויות ומיסוי לישראלים",,,פורטוגל,4363,2024-06-17,2026-07-07,2442,2,44.5
2-low-traffic,11948,articles,https://jus-tice.co.il/real-estate-israelis-guide-complete-rental-2025/,"השקעה בנדל""ן בחו""ל לישראלים (2025) המדריך המלא לקנייה, השכרה ו-Airbnb",,,"מקרקעין | נדל""ן",8101,2025-02-09,2026-05-17,2376,2,56.8
2-low-traffic,8821,articles,https://jus-tice.co.il/immigration-lawyer/,"עורך דין הגירה | עו""ד הגירה לחו""ל | רילוקיישן לישראלים",,,עורך דין,40519,2023-03-16,2026-05-16,2210,1,46.8
2-low-traffic,11771,articles,https://jus-tice.co.il/china-business-legal-guide/,מה צריך לדעת כשעושים עסקים בסין – מדריך מקיף לישראלים ומידע משפטי,,,עורך דין,8677,2025-01-09,2026-05-16,1880,3,22.0
2-low-traffic,10708,articles,https://jus-tice.co.il/portugal/,פורטוגל | דסק פורטוגל,,,פורטוגל,20729,2024-02-05,2026-05-16,1853,4,9.4
2-low-traffic,12106,articles,https://jus-tice.co.il/urban-renewal-guide-practical-company-2025/,שנת 2025 | מדריך מעשי לבחירת חברה/יזם להתחדשות עירונית,,,"מקרקעין | נדל""ן",17002,2025-03-03,2026-05-16,1823,1,42.7
2-low-traffic,2993,articles,https://jus-tice.co.il/legality-of-cannabis/,חוקיות הקנאביס | האם קנאביס חוקי?,,,,5564,2021-03-05,2026-05-16,1767,4,10.3
2-low-traffic,3621,articles,https://jus-tice.co.il/beginners-guide-how-to-choose-the-best-website-builder/,בניית אתרים חינם: מהי האופציה לבניית האתרים הטובה ביותר בחינם? | אתר בחינם,,,,19019,2021-06-03,2026-05-17,1698,2,38.7
2-low-traffic,11475,articles,https://jus-tice.co.il/perinatal-asphyxia/,תשניק סב-לידתי |  perinatal asphyxia | תשניק יילוד,,,,1833,2024-09-03,2026-05-16,1333,4,13.9
2-low-traffic,12652,articles,https://jus-tice.co.il/business-license/,יועץ רישוי עסקים | עורך דין מומחה רישוי עסק | מדריך ומחירון (2025),,,עורך דין,14638,2025-07-25,2026-07-02,1273,1,14.9
2-low-traffic,20213,page,https://jus-tice.co.il/divorce-agreement/,"הסכם גירושין: מדריך מלא: מה כולל, עלות ואיך עושים","הסכם גירושין | מדריך מלא: מה כולל, עלות ואיך עושים | Jus-Tice",,,1070,2026-05-22,2026-07-12,1227,3,38.6
2-low-traffic,12179,articles,https://jus-tice.co.il/guide-tax-calculator-updated-2025/,מדריך החזרי מס 2025 + מחשבון מעודכן,,,מיסים,34007,2025-03-06,2026-07-02,1180,1,14.2
2-low-traffic,9752,articles,https://jus-tice.co.il/romanian-passport/,דרכון רומני | קבלת אזרחות רומנית,,,עורך דין,9056,2023-08-06,2026-05-16,1096,2,39.7
2-low-traffic,9481,articles,https://jus-tice.co.il/golden-visa/,ויזת זהב | גולדן ויזה | תושבות ואזרחות באמצעות השקעה,,,עורך דין,9878,2023-05-20,2026-05-16,959,4,14.0
2-low-traffic,11857,articles,https://jus-tice.co.il/investing-in-greece-real-estate/,השקעות נדלן ביוון – מדריך מפורט למשקיע 2025 | תחזית 2026 יוון השקעות,,,"מקרקעין | נדל""ן",5786,2025-01-19,2026-05-16,952,1,38.2
2-low-traffic,10751,articles,https://jus-tice.co.il/israel-portugal-relations/,יחסי ישראל פורטוגל,,,פורטוגל,1359,2024-02-08,2026-05-16,944,1,6.6
2-low-traffic,9293,articles,https://jus-tice.co.il/usa-lawyers/,"עורך דין ארצות הברית | ייצוג משפטי עו""ד ישראלי בארה״ב | מומחיות בדין האמריקאי","עורך דין ארצות הברית | ייצוג משפטי עו""ד ישראלי בארה״ב | מומחיות בדין האמריקאי",,עורך דין,19582,2023-04-03,2026-05-16,902,2,21.5
2-low-traffic,3632,articles,https://jus-tice.co.il/sample-terms-and-conditions-template/,דוגמא לתקנון אתר,,,,9020,2021-06-03,2026-05-16,825,2,36.7
2-low-traffic,19257,articles,https://jus-tice.co.il/criminal-record-check/,תעודת יושר ואישור העדר רישום פלילי בישראל | מדריך מלא 2026,,,משפט פלילי,2306,2026-05-13,2026-05-15,815,1,44.5
2-low-traffic,6882,articles,https://jus-tice.co.il/police-crime-data-transparency-report-israel/,שקיפות ושיתוף הציבור בנתוני פשיעה ופעילות משטרה,,,פלילי פסקי דין חשובים,16605,2022-03-12,2026-05-22,788,3,9.2
2-low-traffic,6048,articles,https://jus-tice.co.il/regulations-insurance-1956/,"תקנות הביטוח הלאומי (קביעת דרגת נכות לנפגעי עבודה), תשט""ז-1956",,,דיני נזיקין,40253,2021-08-17,2026-05-16,761,1,13.9
2-low-traffic,9625,articles,https://jus-tice.co.il/murder-in-united-states-law/,"עבירת רצח ארצות הברית | עו""ד פלילי חוק ארה""ב",,,משפט פלילי,4732,2023-06-05,2026-05-18,729,4,9.4
2-low-traffic,10726,articles,https://jus-tice.co.il/immigration-to-portugal/,"רילוקיישן לפורטוגל | הגירה לפורטוגל | עו""ד מומלץ",הגירה לפורטוגל: ויזות ומסלולים לישראלים | Jus-Tice,,פורטוגל,11252,2024-02-05,2026-07-06,675,2,50.4
2-low-traffic,5310,articles,https://jus-tice.co.il/law-right-2007/,"חוק זכות יוצרים, התשס״ח-2007 המקורי עם הסברי הצעת החוק בכנסת",,,,44456,2021-06-14,2026-05-16,660,1,14.8
2-low-traffic,12386,articles,https://jus-tice.co.il/top-global-tax-cpa-firms/,"רואה חשבון מיסוי בינלאומי | חמש פירמות רו""ח מובילות בייעוץ מס בינלאומי",,,מיסים,16308,2025-03-26,2026-07-02,653,3,36.5
2-low-traffic,9359,articles,https://jus-tice.co.il/admission-to-practice-law/,להיות עורך דין: קבלה לעיסוק בעריכת דין,,,עורך דין,22546,2023-04-13,2026-05-16,630,1,15.4
2-low-traffic,10018,articles,https://jus-tice.co.il/digital-signature/,"חתימה דיגיטלית | עו""ד נוטריון אונליין",,,עורך דין,5841,2023-09-19,2026-05-16,598,2,43.8
2-low-traffic,20333,page,https://jus-tice.co.il/legal-aid-israel/,"סיוע משפטי חינם בישראל: מי זכאי, איך מגישים","סיוע משפטי חינם בישראל | מי זכאי, איך מגישים | Jus-Tice",,,281,2026-05-23,2026-07-12,573,2,31.5
2-low-traffic,9945,articles,https://jus-tice.co.il/spain-lawyers/,"עורך דין ספרד | עו""ד ישראלי בספרד",,,עורך דין,27171,2023-09-12,2026-05-16,570,4,12.2
2-low-traffic,12329,articles,https://jus-tice.co.il/fintech/,עורך דין פינטק | ייצוג משפטי בתחום טכנולוגיה פיננסית ופינטק,,,עורך דין,34495,2025-03-21,2026-05-17,527,2,14.5
2-low-traffic,10700,articles,https://jus-tice.co.il/taxation-in-portugal/,מיסוי בפורטוגל | כמה משלמים מסים פורטוגל,,,פורטוגל,3439,2024-02-03,2026-05-16,519,4,13.4
2-low-traffic,9050,articles,https://jus-tice.co.il/france-lawyers/,"עורך דין צרפת | עו""ד ישראלי בצרפת",,,עורך דין,59248,2023-03-27,2026-05-16,503,1,14.0
2-low-traffic,12365,articles,https://jus-tice.co.il/global-tax-consulting-services/,מיסוי בינלאומי | יועץ מס בינלאומי | ייעוץ וליווי עסקאות בינלאומיות,,,עורך דין,62632,2025-03-26,2026-07-02,500,1,17.3
2-low-traffic,5300,articles,https://jus-tice.co.il/copyright/,זכויות יוצרים | © Copyright,,,קניין רוחני,10973,2021-06-14,2026-05-16,489,1,40.5
2-low-traffic,12356,articles,https://jus-tice.co.il/tax-offenses-criminal-lawyer/,עורך דין פלילי מומחה בעבירות מס | מחירון שירותים 2025 + טבלת עונשים,,,עורך דין,20706,2025-03-25,2026-05-16,485,1,29.9
2-low-traffic,5602,articles,https://jus-tice.co.il/criminal-procedure-rights-investigation-israel/,תפקידו ודרכי עבודתו של עובד סוציאלי לעניין סדרי דין,,,,35776,2021-07-07,2026-05-22,462,4,11.7
2-low-traffic,12495,articles,https://jus-tice.co.il/fbi-cyber-division/,"יחידת ה-Cyber Division של ה-FBI | עו""ד סייבר",,,סייבר,39753,2025-05-14,2026-07-02,445,2,9.4
2-low-traffic,5392,articles,https://jus-tice.co.il/criminal-conviction-appeal-options-israel/,פלילי החזקת כלב מסוכן שתקף ללא רשיון הרשעה,,"מתן אפשרות לכלב מגזע מסוכן לצאת באופן חופשי מהחצר, הנאשם התרשל בנקיטת אמצעי זהירות בהשגחה על הכלב, וכי התרשלותו זו תרמה להתרחשותו של נשיכתה של המתלוננת בידי הכלב.",משפט פלילי,3724,2021-06-23,2026-05-22,430,3,5.1
2-low-traffic,12425,articles,https://jus-tice.co.il/economic-crimes-white-collar-lawyer/,עורך דין עבירות כלכליות וצווארון לבן | מהן עבירות כלכליות וצווארון לבן?,,,עורך דין,52819,2025-04-14,2026-05-17,426,3,15.6
2-low-traffic,12525,articles,https://jus-tice.co.il/ai-lawyer-ranking/,דירוג עורכי דין בינה מלאכותית AI | שנת 2025,,,עורך דין,26381,2025-05-26,2026-05-17,421,2,19.4
2-low-traffic,12028,articles,https://jus-tice.co.il/prenuptial-agreement-israel-guide-comprehensive-2025/,הסכם ממון בישראל: המדריך המקיף לשנת 2025,,,דיני משפחה,32410,2025-02-24,2026-07-02,418,1,50.0
2-low-traffic,12073,articles,https://jus-tice.co.il/criminal-offenses-lawyer-criminal-sentencing-process-arrest/,"עו""ד פלילי על סוגי עבירות פליליות | טבלת ענישה והליך המעצר | כמה עולה עורך דין מעצרים? מחירון 2025",,,עורך דין,23419,2025-03-01,2026-07-02,418,4,29.2
2-low-traffic,20211,page,https://jus-tice.co.il/criminal-defense-attorney/,"עורך דין פלילי מומלץ: השוואת עו""ד לפי ביקורות",עורך דין פלילי - ייעוץ וליווי משפטי | מדריך | Jus-Tice,"עורך דין פלילי: מדריך מלא להליך הפלילי בישראל. חקירה, מעצר, שימוע, כתב אישום, סגירת תיק ומחיקת רישום פלילי, עלויות ושאלות נפוצות.",,6578,2026-05-22,2026-07-12,382,1,66.6
2-low-traffic,12571,articles,https://jus-tice.co.il/bdi-coface/,BDI Coface,,,,32659,2025-05-29,2025-05-29,377,1,9.3
2-low-traffic,8362,articles,https://jus-tice.co.il/prenuptial-agreement-verdict-judge-cancellation-validity-27071-11-19/,"השופטת אורית בן דור ליבל: פס""ד בתובענה לביטול הסכם ממון שאושר וקיבל תוקף של פסק דין (תה""ס 27071-11-19)",,,פסקי דין חשובים,32105,2023-01-04,2026-05-16,368,4,7.7
2-low-traffic,7168,articles,https://jus-tice.co.il/legal-opinion-expert-house-6211-04-22/,"האם ניתן להציג חוות דעת פרטית למומחה שמונה מטעם בית המשפט? (רמ""ש 6211-04-22)",,,פסקי דין גירושין דיני משפחה 2022,6825,2022-05-19,2026-05-16,362,4,38.1
2-low-traffic,9501,articles,https://jus-tice.co.il/crime/,מה זה פשע? | עורך דין פשע פלילי,,,משפט פלילי,5028,2023-05-20,2026-05-16,356,1,17.7
2-low-traffic,10239,articles,https://jus-tice.co.il/avoiding-mistakes-when-buying-property-in-cyprus/,טעויות שיש להמנע מהן ברכישת נכס בקפריסין,,,"מקרקעין | נדל""ן",7624,2023-11-18,2026-05-16,352,4,7.0
2-low-traffic,7065,articles,https://jus-tice.co.il/rabbinical-court-request-regulations-46/,בקשה לגילוי מסמכים בהתאם להוראות סעיף 46 (א) לתקנות בית הדין לעבודה,,,דיני עבודה,4360,2022-05-11,2026-05-16,335,2,9.1
2-low-traffic,12162,articles,https://jus-tice.co.il/lawyer-signing-notary-price-list-2025/,חתימת עורך דין / נוטריון | חתימת מסמכים נוטריוניים ומשפטיים | מחירון 2025,,,עורך דין,36847,2025-03-05,2026-07-02,329,2,20.0
2-low-traffic,8142,articles,https://jus-tice.co.il/types-of-doctors-medical-specializations-israel/,מהם הסוגים השונים של רופאים?,,,עורך דין,2015,2022-11-30,2026-05-22,328,2,8.2
2-low-traffic,19267,articles,https://jus-tice.co.il/lahav-433-guide/,"להב 433 | היחידה הארצית לחקירות הונאה, שחיתות ופשיעה חמורה",,,משפט פלילי,1283,2026-05-13,2026-05-15,326,3,12.2
2-low-traffic,10214,articles,https://jus-tice.co.il/thailand-real-estate/,"איך קונים בית בתאילנד? | מדריך השקעות נדל""ן בתאילנד",,,"מקרקעין | נדל""ן",14638,2023-11-01,2026-05-16,320,2,10.7
2-low-traffic,12907,articles,https://jus-tice.co.il/criminal-prosecutions/,תביעות פלילי | ייצוג ולווי נאשמים,,,משפט פלילי,29968,2025-09-12,2026-07-02,315,4,17.4
2-low-traffic,20412,page,https://jus-tice.co.il/divorce-statistics-israel/,גירושין בישראל: נתונים ומספרים 2025,גירושין בישראל: נתונים ומספרים 2025 | Jus-Tice,,,342,2026-05-23,2026-07-12,315,3,12.4
2-low-traffic,9032,articles,https://jus-tice.co.il/hong-kong-lawyer/,"עורך דין בהונג קונג | עו""ד ישראלי בהונג קונג | משרד עורכי דין",,,עורך דין,49542,2023-03-25,2026-05-16,307,1,22.7
2-low-traffic,11778,articles,https://jus-tice.co.il/top-lawyers-for-israelis-china/,המדריך לבחירת עורכי הדין הטובים ביותר בסין: ייעוץ משפטי ליזמים וחברות ישראליות,,,עורך דין,10492,2025-01-11,2026-05-16,301,2,20.1
2-low-traffic,9992,articles,https://jus-tice.co.il/lease/,מהי חכירה? חכירה לעומת השכרה,,,"מקרקעין | נדל""ן",3686,2023-09-14,2026-05-16,296,3,22.6
2-low-traffic,3532,articles,https://jus-tice.co.il/free-affidavit-sample/,תצהיר מקוון (אונליין) | דוגמא לתצהיר חינם | טופס תצהיר,,,בית המשפט לענייני משפחה,1536,2021-05-30,2026-05-16,289,4,23.1
2-low-traffic,9459,articles,https://jus-tice.co.il/lawyer-international/,עורך דין משפט בינלאומי,,,עורך דין,15287,2023-05-18,2026-05-16,287,2,50.7
2-low-traffic,11774,articles,https://jus-tice.co.il/spouse-property-registration-guide/,קניית דירה על שם אחד מבני הזוג | רישום דירה על שם אחד מבני הזוג - כיצד לבצע נכון,,,דיני משפחה,6556,2025-01-11,2026-05-16,274,2,23.0
2-low-traffic,6044,articles,https://jus-tice.co.il/car-accident-personal-injury-judge-lawsuit-damages-31066-11-16/,"השופטת אורלי מור-אל: תביעה לתשלום פיצויים בשל נזקי גוף שנגרמו בשל תאונת דרכים (ת""א 31066-11-16)",,,דיני נזיקין,7213,2021-08-17,2026-05-16,271,1,38.2
2-low-traffic,7623,articles,https://jus-tice.co.il/judge-israel-wolt-35327-08-20/,"השופטת אריאלה גילצר כץ: תובענה ייצוגית נגד wolt וולט אנטרפריזס ישראל בע""מ (ת""צ 35327-08-20)",,,דיני עבודה,38361,2022-08-04,2026-05-16,271,3,8.3
2-low-traffic,8282,articles,https://jus-tice.co.il/criminal-law-lawyer-criminal-israel/,"עורך דין פלילי שכר | כמה מרוויח עו""ד פלילי בישראל",,,משפט פלילי,1296,2022-12-14,2026-05-18,271,3,9.4
2-low-traffic,8409,articles,https://jus-tice.co.il/child-support-calculator-2023/,מחשבון מזונות ילדים 2023,,,דיני משפחה,907,2023-01-10,2026-05-16,270,1,75.6
2-low-traffic,12239,articles,https://jus-tice.co.il/laws-real-estate-israel-france-guide-properties/,"חוקי הנדל""ן בישראל מול צרפת: מדריך להשקעות ונכסים (2025)",,,"מקרקעין | נדל""ן",15997,2025-03-07,2026-07-02,265,3,7.7
2-low-traffic,10686,articles,https://jus-tice.co.il/portugal-economy/,כלכלת פורטוגל | המצב הכלכלי בפורטוגל,,,פורטוגל,13700,2024-02-03,2026-05-16,264,4,9.0
2-low-traffic,12934,articles,https://jus-tice.co.il/family-mediation-updated-trends/,"גישור משפחתי בישראל ובעולם | גישור וגירושין | נתונים, התפתחות ומגמות עדכניות",,,דיני משפחה,36460,2025-09-17,2026-05-17,244,1,42.2
2-low-traffic,948,articles,https://jus-tice.co.il/israel-crime-statistics/,משטרת ישראל השנתון הסטטיסטי,,,משפט פלילי,37961,2019-06-19,2026-05-18,241,1,14.3
2-low-traffic,9653,articles,https://jus-tice.co.il/miranda-warning/,אזהרת מירנדה | עורכי דין פלילי בארצות הברית,,,משפט פלילי,15047,2023-06-09,2026-05-17,240,1,5.5
2-low-traffic,6886,articles,https://jus-tice.co.il/what-is-a-court-israel-legal-guide/,מהו בית משפט?,,,משרד המשפטים,1773,2022-03-12,2026-05-22,228,2,14.1
2-low-traffic,10779,articles,https://jus-tice.co.il/guide-buying-property-portugal-israelis/,לווי קניית נכס בפורטוגל לישראלים | המדריך המלא לחיפוש ורכישת נכס בפורטוגל,,,פורטוגל,34498,2024-02-12,2026-05-16,228,4,12.9
2-low-traffic,12946,articles,https://jus-tice.co.il/can-you-be-common-law-married-to-a-married-person/,האם אישה נשואה יכולה להיחשב ידועה בציבור של אחר? מדריך מקיף ידועים בציבור,,,דיני משפחה,42478,2025-09-29,2026-05-17,224,2,11.2
2-low-traffic,11901,articles,https://jus-tice.co.il/real-estate-market-greece-cyprus/,"להשקיע ביוון או בקפריסין? השוואת שוק הנדל""ן קפריסין מול יוון",,,"מקרקעין | נדל""ן",8546,2025-01-29,2026-05-16,211,1,7.4
2-low-traffic,9133,articles,https://jus-tice.co.il/law-updated-1977-2023/,"חוק העונשין, תשל""ז-1977* | מעודכן 2023 עם הסברים",,,משפט פלילי,81088,2023-03-31,2026-05-18,210,1,19.3
2-low-traffic,10515,articles,https://jus-tice.co.il/adoption-usa/,"אימוץ בארה""ב",,,דיני משפחה,7332,2023-12-20,2026-05-16,210,2,11.2
2-low-traffic,2876,articles,https://jus-tice.co.il/everything-you-need-to-know-about-becoming-a-criminal-lawyer/,"להיות עו""ד פלילי כל מה שצריך לדעת כדי להיות סנגור פלילי",%%title%% %%page%% %%sep%% עורך דין פלילי מומלץ,,עורך דין,28969,2021-02-01,2026-05-17,201,2,20.2
2-low-traffic,10721,articles,https://jus-tice.co.il/corporate-immigration-portugal/,מדריך הגירה עסקית לפורטוגל | חוקי ויזה לעסקים יזמים סטרט אפ,,,פורטוגל,12152,2024-02-05,2026-05-16,201,1,32.5
2-low-traffic,10453,articles,https://jus-tice.co.il/argentina-lawyers/,"עורך דין בארגנטינה | עו""ד ישראלי ארגנטינה",,,עורך דין,3949,2023-12-14,2026-05-16,196,3,37.5
2-low-traffic,12552,articles,https://jus-tice.co.il/the-legal-500/,The Legal 500,,,,24323,2025-05-28,2025-05-28,196,1,7.7
2-low-traffic,6670,articles,https://jus-tice.co.il/verdict-cancellation-38215-11-21/,"פסק דין ביטול עסקת רכישת רכב (רת""ק 38215-11-21) שוסטרמן נ' אלבר ציי רכב",,,,9219,2022-02-10,2026-05-16,191,2,20.7
2-low-traffic,10544,articles,https://jus-tice.co.il/cadastre/,מה זה קדסטר?,,,,1537,2023-12-21,2026-05-16,190,1,7.3
2-low-traffic,1067,articles,https://jus-tice.co.il/filing-a-lawsuit-how-to-sue/,איך מגישים תביעה בבית משפט?,,,עורך דין,1689,2017-01-01,2026-05-16,189,1,23.8
2-low-traffic,7316,articles,https://jus-tice.co.il/decision17331-01-17/,"פיצוי 2,616,347 ש""ח לנהגת רכב שנפגעה מרכב כשעצרה את רכבה במפרץ חניה לאוטובוסים (ת""א 17331-01-17)",,,"עו""ד נזיקין פסקי דין",8366,2022-06-02,2026-05-16,188,1,9.0
2-low-traffic,9964,articles,https://jus-tice.co.il/united-states-divorce/,גירושין בארצות הברית,,,גירושין,17426,2023-09-13,2026-05-16,185,1,10.5
2-low-traffic,12377,articles,https://jus-tice.co.il/top-international-tax-law-firms/,פירמות עורכי דין מובילות במיסוי בינלאומי,,,עורך דין,18349,2025-03-26,2026-07-02,185,2,27.6
2-low-traffic,6892,articles,https://jus-tice.co.il/sex-offenses-process-criminal-law-account/,הטיפול בנפגעי עבירות מין בהליך הפלילי – דין וחשבון,,,משפט פלילי,138303,2022-03-13,2026-05-18,182,2,17.1
2-low-traffic,9835,articles,https://jus-tice.co.il/georgia-lawyers/,"עורך דין גיאורגיה | עו""ד ישראלי נדל""ן בגיאורגיה",,,עורך דין,17701,2023-08-22,2026-05-16,182,2,28.0
2-low-traffic,9866,articles,https://jus-tice.co.il/real-estate-romania/,"רכישת נדל""ן ברומניה מדריך משפטי למשקיע",,,"מקרקעין | נדל""ן",21068,2023-08-25,2026-05-16,181,4,16.0
2-low-traffic,19261,articles,https://jus-tice.co.il/criminal-lawyer-cost/,כמה עולה עורך דין פלילי בישראל? | מדריך מחירים מלא 2026,,,משפט פלילי,1534,2026-05-13,2026-05-15,179,1,49.7
2-low-traffic,3527,articles,https://jus-tice.co.il/submitting-affidavit-israel-court/,הגשת תצהיר לבית משפט | טופס תצהיר להגשה בבית משפט,,,בית המשפט לענייני משפחה,450,2021-05-30,2026-05-16,176,3,11.2
2-low-traffic,11303,articles,https://jus-tice.co.il/wachtell-lipton-rosen-katz/,"משרד עורכי הדין Wachtell, Lipton, Rosen & Katz",,,עורך דין,1101,2024-07-11,2026-05-16,176,2,41.4
2-low-traffic,4204,articles,https://jus-tice.co.il/music-recording-contract/,חוזה הקלטה מוזיקלית | חוזה הקלטה ללהקה או זמר ותמלוגים,,,,5104,2021-06-08,2026-05-16,175,4,9.1
2-low-traffic,20338,page,https://jus-tice.co.il/law-suit-cost-israel/,כמה עולה תביעה משפטית בישראל: כל העלויות,כמה עולה תביעה משפטית בישראל | כל העלויות | Jus-Tice,,,413,2026-05-23,2026-07-12,174,3,23.8
2-low-traffic,9684,articles,https://jus-tice.co.il/real-estate-italy/,"נדל""ן באיטליה",,,"מקרקעין | נדל""ן",10707,2023-06-15,2026-05-16,173,1,21.5
2-low-traffic,10465,articles,https://jus-tice.co.il/mexico-lawyers/,"עורך דין מקסיקו | עו""ד ייצוג משפטי במקסיקו",,,עורך דין,692,2023-12-15,2026-05-16,172,3,3.4
2-low-traffic,12940,articles,https://jus-tice.co.il/divorce-agreement-enforcement-claims/,אכיפת הסכם גירושין על רקע טענות הדדיות בדבר הפרתו,,,דיני משפחה,32289,2025-09-25,2026-07-02,169,4,11.8
2-low-traffic,12535,articles,https://jus-tice.co.il/best-interest-child-procedures-divorce-alimony/,עקרונות הלכתיים ויישום קביעתם של הסדרי השהות בגירושין על פי טובת הילד | חיובי המזונות היקפם וחלוקתם,,,דיני משפחה,83885,2025-05-26,2026-07-02,167,1,10.0
2-low-traffic,7464,articles,https://jus-tice.co.il/decision58450-02-22/,"1,406,600 שח פיצוי בגין נזקי גוף שנגרמו לתובעת בגין שני מעשי תקיפה שבוצעו בה בהיותה קטינה (ת""א 37784-01-16)",,,"עו""ד נזיקין פסקי דין",35488,2022-06-14,2026-05-16,166,1,8.7
2-low-traffic,10675,articles,https://jus-tice.co.il/bank-account-in-portugal/,כיצד לפתוח חשבון בנק בפורטוגל |  עזרה בפתיחת חשבון בנק בפורטוגל,,,פורטוגל,3528,2024-02-03,2026-05-16,166,1,7.9
2-low-traffic,11671,articles,https://jus-tice.co.il/rotenberg-law-top-ranked-family-divorce-mediation/,משרד עורכי הדין רוטנברג בדירוג המובילים בתחום דיני משפחה וגירושין,משרד עורכי הדין רוטנברג בדירוג המובילים בתחום דיני משפחה וגירושין,,דיני משפחה,4824,2024-12-17,2026-05-16,166,1,26.6
2-low-traffic,4196,articles,https://jus-tice.co.il/law-contract-1970/,"חוק החוזים (תרופות בשל הפרת חוזה), תשל""א-1970 | עם דברי הסבר",,,,7218,2021-06-08,2026-05-16,164,1,14.0
2-low-traffic,7487,articles,https://jus-tice.co.il/sex-offenses-criminal-defendant-26551-01-21/,"פלילי: הרשעת נאשם בשורה של עבירות מין ומעשים מגונים שביצע במספר קטינים (תפח""ע 26551-01-21)",,,עורך דין פלילי פסקי דין 2022,26635,2022-06-16,2026-05-16,163,1,40.9
2-low-traffic,11345,articles,https://jus-tice.co.il/dla-piper/,DLA Piper (משרד עורכי דין),,,עורך דין,2183,2024-07-18,2026-05-16,163,1,12.8
2-low-traffic,11150,articles,https://jus-tice.co.il/philosophy-of-law/,"פילוסופיה של המשפט | אתיקה עו""ד | מהם קווי יסוד לפילוסופיה של המשפט",,,,4529,2024-04-25,2026-05-16,161,1,9.0
2-low-traffic,3191,articles,https://jus-tice.co.il/living-apart-together-legal-rights/,ידועים בציבור ללא מגורים משותפים,,,דיני משפחה,883,2021-04-16,2026-05-16,159,1,29.8
2-low-traffic,3237,articles,https://jus-tice.co.il/punishment-for-offenses-of-causing-death-in-road-accidents/,מדיניות התביעה בהעמדה לדין וענישה בעבירות של גרימת מוות בתאונות דרכים,,,משפט פלילי,5321,2021-04-28,2026-05-18,149,2,50.2
2-low-traffic,10718,articles,https://jus-tice.co.il/government-of-portugal/,ממשלת פורטוגל,,,פורטוגל,665,2024-02-05,2026-05-16,148,2,7.2
2-low-traffic,20227,page,https://jus-tice.co.il/anesthesia-medical-malpractice/,"רשלנות ברדמה (אנסתזיה): פיצויים, התעוררות בניתוח","רשלנות ברדמה (אנסתזיה) | פיצויים, התעוררות בניתוח | Jus-Tice",,,6334,2026-05-22,2026-07-12,147,1,14.1
2-low-traffic,10733,articles,https://jus-tice.co.il/portuguese-nationality-law-jewish-return/,חוק הלאום הפורטוגזי | חוק השבות היהודי פורטוגל | בני אנוסים ספרדים,,,פורטוגל,17603,2024-02-05,2026-05-16,146,3,9.3
2-low-traffic,9609,articles,https://jus-tice.co.il/hungary-lawyer/,"עורך דין בהונגריה | עו""ד ישראלי בודפשט הונגריה",,,עורך דין,17127,2023-06-02,2026-05-17,145,4,25.1
2-low-traffic,11888,articles,https://jus-tice.co.il/real-estate-market-review-cyprus-guide-israelis-2025/,"סקירה על שוק הנדל""ן בקפריסין - מדריך 2025 למשקיעים ישראלים בקפריסין",,,"מקרקעין | נדל""ן",9488,2025-01-29,2026-05-16,145,3,11.2
2-low-traffic,6110,articles,https://jus-tice.co.il/medical-malpractice-lawsuit-pregnancy-20346-03-17/,"דחיית תביעה רשלנות רפואית הריון שהובילה לפטירתה של אם והעובר שנשאה ברחמה (ת""א 20346-03-17) מספר תיק",,,דיני נזיקין,17695,2021-08-26,2026-05-16,143,3,8.2
2-low-traffic,11082,articles,https://jus-tice.co.il/czech-lawyers/,עורך דין צ'כיה | עורך דין ישראלי צ'כוסלובקיה,,,עורך דין,2892,2024-03-27,2026-05-16,141,1,12.8
2-low-traffic,7254,articles,https://jus-tice.co.il/decision5987-10-16/,"השופטת הילה גורביץ עובדיה: פס""ד שעניינו בתביעת מזונות, זמני שהות שווים, אך בין ההורים פערי הכנסה משמעותיים (תלה""מ 5987-10-16)",,,מזונות ילדים,12002,2022-05-24,2026-05-16,136,3,9.9
2-low-traffic,11573,articles,https://jus-tice.co.il/law-firm/,"משרד עורכי דין ד""ר אסף פוזנר",,,עורך דין,629,2024-09-17,2026-05-16,136,2,9.6
2-low-traffic,6655,articles,https://jus-tice.co.il/injunction-judge-decision-request-petition-68959-12-21/,"השופטת שלי רוזמן פרקש: החלטה בבקשה לצו מניעה זמני למניעת דיספוזיציה במניותיה ובענייניה של המבקשת (ת""ע 68959-12-21)",,,דיני משפחה,3013,2022-02-09,2026-05-16,133,2,7.5
2-low-traffic,9976,articles,https://jus-tice.co.il/belgian-lawyers/,"עורך דין בלגיה | עו""ד ישראלי בבלגיה",,,עורך דין,12266,2023-09-13,2026-05-16,133,1,6.6
2-low-traffic,10036,articles,https://jus-tice.co.il/thailand-land-purchase-and-ownership-law/,חוק רכישת קרקעות ובעלות בתאילנד,,,"מקרקעין | נדל""ן",894,2023-09-24,2026-05-16,129,2,8.1
2-low-traffic,11415,articles,https://jus-tice.co.il/cuatrecasas/,"Cuatrecasas, Gonçalves Pereira & Associados (עורכי דין)",,,פורטוגל,2480,2024-07-27,2026-05-16,128,1,59.5
2-low-traffic,12058,articles,https://jus-tice.co.il/real-estate-deals-lawyer-real-estate/,"עסקאות נדל""ן מורכבות | עורך דין נדל""ן",,,"מקרקעין | נדל""ן",16433,2025-02-27,2026-07-02,128,1,15.5
2-low-traffic,6127,articles,https://jus-tice.co.il/parental-alienation-verdict-refusal-judge-lawsuit-claim/,"סרבנות קשר וניכור הורי: פס""ד של השופט ארז שני על תביעת אב לחידוש קשר עם בנו הקטין בטענה לפעולות יזומות של האם לניכור הורי",,,דיני משפחה,18113,2021-08-29,2026-05-16,127,2,35.3
2-low-traffic,7473,articles,https://jus-tice.co.il/punitive-damage/,פיצויים עונשיים | מהו פיצוי עונשי?,,,דיני נזיקין,104300,2022-06-15,2026-05-16,127,1,8.9
2-low-traffic,11934,articles,https://jus-tice.co.il/real-estate-investment-new-york-surgery-manhattan/,"מה חשוב לדעת על השקעות נדל""ן בניו יורק | ניתוח כדאיות השקעה במנהטן מול ערים אחרות בעולם",,,"מקרקעין | נדל""ן",6581,2025-02-05,2026-05-16,127,1,23.6
2-low-traffic,5855,articles,https://jus-tice.co.il/verdict-judge-34672-02-21/,"השופטת אביגיל ון-קרפלד: פס""ד בעניין גילוי נאות חסר שנעשה בעסקת מכר ברשת האינטרנט (ת""ק 34672-02-21)",,,,1451,2021-08-10,2026-05-16,126,2,6.9
2-low-traffic,6386,articles,https://jus-tice.co.il/defamation-lawsuit-compensation-privacy-google-llc/,"תביעת גוגל google llc למתן צו עשה, ולחיוב בפיצוי בגין לשון הרע ופגיעה בפרטיות",,,דיני נזיקין,19308,2021-09-05,2026-05-16,126,2,11.4
2-low-traffic,2849,articles,https://jus-tice.co.il/how-to-deal-with-problematic-employees-aside-from-termination/,כיצד להתמודד עם עובדים בעייתיים (מלבד פיטורין),,,דיני עבודה,1274,2020-11-04,2026-05-16,125,2,9.5
2-low-traffic,6554,articles,https://jus-tice.co.il/defense/,ניהול מאגר נתוני זיהוי פלילי ואמצעי זיהוי | מחיקת נתונים לזיהוי גנטי מהמאגר,,,משפט פלילי,14471,2022-01-09,2026-05-18,123,3,7.6
2-low-traffic,6802,articles,https://jus-tice.co.il/israel-police/,מהי משטרה? משטרת ישראל,,,משפט פלילי,1839,2022-02-28,2026-05-16,123,1,15.4
2-low-traffic,10566,articles,https://jus-tice.co.il/decision55016-06-17a/,"השופטת אורית ליפשיץ: פס""ד בתביעת רשלנות רפואית בטיפול שיניים שהוענק לתובעת (ת""א 55016-06-17)",,,דיני נזיקין,16476,2023-12-24,2026-05-16,120,2,7.8
2-low-traffic,7191,articles,https://jus-tice.co.il/decision21029-12-21/,"תביעת אישה לפיצוי מוסכם בגין הפרת הסכם מכר נגד בן זוגה לשעבר (תמ""ש 21029-12-21)",,,פסקי דין גירושין דיני משפחה 2022,7122,2022-05-19,2026-05-16,119,1,16.4
2-low-traffic,8652,articles,https://jus-tice.co.il/75054-07-19/,"תביעה נגד מנהל עזבון בטענה שלא השכיר נכסים שהיו שייכים לעיזבון (תמ""ש 75054-07-19)",,,ענייני ירושה,15134,2023-02-26,2026-05-16,118,1,9.8
2-low-traffic,6037,articles,https://jus-tice.co.il/legal-proceedings-jurisdiction-israel-courts/,טיפול בהליכים לפי חוק הנוער טיפול והשגחה,,,משפט פלילי,4858,2021-08-16,2026-05-22,117,1,18.3
2-low-traffic,5627,articles,https://jus-tice.co.il/mom-full-custody/,משמורת אם,,,דיני משפחה,997,2021-07-12,2026-05-16,113,1,46.9
2-low-traffic,11205,articles,https://jus-tice.co.il/unequal-pension-split-verdict-against-husband/,פסק דין לטובת האישה חלוקת כספי פנסיה לא שוויונית גירושין 2024 | בית דין רבני,,,גירושין,30154,2024-05-18,2026-05-16,109,2,13.6
2-low-traffic,9636,articles,https://jus-tice.co.il/criminal-law-lawyer/,עורך דין פלילי פורנוגרפיית ילדים,,,משפט פלילי,8923,2023-06-05,2026-05-18,108,1,10.2
2-low-traffic,9090,articles,https://jus-tice.co.il/real-estate-investing/,"עורך דין השקעות נדל""ן בחו""ל | המדריך לרכישת נכס נדל""ן מחוץ לישראל",,,"מקרקעין | נדל""ן",26968,2023-03-29,2026-05-16,107,1,41.9
2-low-traffic,10342,articles,https://jus-tice.co.il/decision67437-12-18/,"השופטת רונית גורביץ: פס""ד בתביעה לפירוק שיתוף כנגד צדדים שלישיים בשל טענה להברחת נכסים ע""י הבעל | חלוקת רכוש גירושין",,,פסקי דין חשובים,14570,2023-12-06,2026-05-16,107,1,32.0
2-low-traffic,6473,articles,https://jus-tice.co.il/child-support-verdict-judge-request/,"השופטת חגית מטלין: פס""ד בבקשה למזונות ילדים של אם כנגד אב",,,דיני משפחה,11165,2021-10-03,2026-05-16,102,3,9.9
2-low-traffic,6702,articles,https://jus-tice.co.il/personal-injury-lawsuit-71866-07-18/,"תביעת קטין בגין נזקי גוף שנגרמו לו בעת ששיחק בגן משחקים של העיריה (ת""א 71866-07-18)",,,דיני נזיקין,23550,2022-02-17,2026-05-16,102,1,13.7
2-low-traffic,5606,articles,https://jus-tice.co.il/petition-offenses-criminal/,"בקשת הסגרה בגין עבירות של קבלת דבר במרמה | עו""ד פלילי",,,משפט פלילי,11418,2021-07-07,2026-05-18,100,2,23.8
2-low-traffic,11568,articles,https://jus-tice.co.il/law-firm-civil/,איתן האזרחי ושות' | משרד עורכי דין,,,עורך דין,512,2024-09-17,2026-05-16,99,1,10.0
2-low-traffic,7174,articles,https://jus-tice.co.il/decision10297-09-21/,"פס""ד בערעור שעניינו חוקיות חיפוש סמים (ע""פ 10297-09-21)",,,משפט פלילי,3572,2022-05-19,2026-05-18,96,2,26.6
2-low-traffic,9633,articles,https://jus-tice.co.il/child-pornography-laws-in-the-united-states/,"חוקי פורנוגרפיית ילדים בארצות הברית | עו""ד פלילי ארה""ב",,,משפט פלילי,3104,2023-06-05,2026-05-18,96,2,7.3
2-low-traffic,7571,articles,https://jus-tice.co.il/decision50014-01-19/,"השופטת יעל ייטב: החלטה בדבר מינוי מומחה מטעם בית המשפט בתיק רשלנות רפואית (ת""א 50014-01-19)",,,דיני נזיקין,3749,2022-07-15,2026-05-16,94,1,10.0
2-low-traffic,12087,articles,https://jus-tice.co.il/leading-divorce-lawyers-worldwide/,עבודת עורכי הדין לגירושין ברחבי העולם | סקירת עורכי הדין המובילים לתחום הגירושין בעולם,,,עורך דין,24262,2025-03-03,2026-05-17,94,4,11.7
2-low-traffic,19265,articles,https://jus-tice.co.il/shoplifting-defense/,"גניבה מחנות בישראל | עונשים, הגנות משפטיות וזכויות הנחשד",,,משפט פלילי,1229,2026-05-13,2026-05-15,94,1,12.0
2-low-traffic,1627,articles,https://jus-tice.co.il/cancellation-business-law-licensing-22/,ביטול צו סגירה לעסק לפי סעיף 22ב' לחוק רישוי עסקים,,,,9902,2020-03-01,2026-05-16,93,3,17.2
2-low-traffic,5978,articles,https://jus-tice.co.il/rape-us-law/,"אונס - הגנות ועונשים בארה""ב",,,משפט פלילי,1719,2021-08-12,2026-05-18,92,2,45.1
2-low-traffic,20364,page,https://jus-tice.co.il/trademark-registration-israel/,"רישום סימן מסחרי בישראל: כיצד, עלות, הגנה","רישום סימן מסחרי בישראל | כיצד, עלות, הגנה | Jus-Tice",,,383,2026-05-23,2026-07-12,92,1,23.0
2-low-traffic,8436,articles,https://jus-tice.co.il/verdict-rights-house-land-35298-10-19/,"פסק דין הצהרתי בנוגע למחצית מהזכויות בבית ובקרקע (תמ""ש 35298-10-19)",,,"מקרקעין | נדל""ן",7023,2023-01-17,2026-05-16,91,1,36.9
2-low-traffic,7189,articles,https://jus-tice.co.il/decision26671-07-21/,"גז""ד כולל סוגיות בנוגע לנפגעי עבירות מין (תפח""ע 26671-07-21)",,,עורך דין פלילי פסקי דין 2022,2796,2022-05-19,2026-05-16,89,4,48.3
2-low-traffic,9286,articles,https://jus-tice.co.il/62758-11-22/,"השופט אריאל ממן: דחיית בקשה של התובע להתמנות לאפוטרופוס של אביו (א""פ 62758-11-22)",,,פסקי דין חשובים,1589,2023-04-03,2026-05-16,89,2,9.5
2-low-traffic,7677,articles,https://jus-tice.co.il/punishment-offenses-3-7140-09-21/,"גז""ד פסיכולוג יובל כרמי 3 שנות מאסר עונש בגין עבירות של יחסי מין ומעשה מגונה בין מטפל למטופל (ת""פ 7140-09-21)",,,פלילי פסקי דין חשובים,8725,2022-08-31,2026-05-16,88,2,11.9
2-low-traffic,11166,articles,https://jus-tice.co.il/lawyer-netherlands/,"עורך דין הולנד | עו""ד ישראלי בהולנד | ייצוג לווי משפטי",,,עורך דין,13638,2024-05-02,2026-05-16,88,2,7.3
2-low-traffic,20503,page,https://jus-tice.co.il/criminal-law-statistics-2025/,נתוני עבירות פליליות ישראל 2025,נתוני עבירות פליליות ישראל 2025 | Jus-Tice,,,209,2026-05-23,2026-07-12,86,2,6.3
2-low-traffic,10377,articles,https://jus-tice.co.il/investing-in-greece/,השקעה ביוון: מדריך מקיף למשקיעים ישראלים ולחברות,,,"מקרקעין | נדל""ן",15070,2023-12-08,2026-05-16,85,4,8.4
2-low-traffic,11198,articles,https://jus-tice.co.il/liechtenstein/,"עורך דין ליכטנשטיין | עו""ד ישראלי בליכטנשטיין",,,עורך דין,12146,2024-05-18,2026-05-16,85,2,7.6
2-low-traffic,11619,articles,https://jus-tice.co.il/54220-09-20/,"השופטת שירלי שי: פס""ד הדוחה בקשות לקיום צוואה בטענות השפעה בלתי הוגנת ומעורבות פסולה ודחיית תביעה לפסק דין הצהרתי (ת""ע 54220-09-20 ועוד)",,,דיני משפחה,24081,2024-11-18,2026-05-16,84,1,10.1
2-low-traffic,7193,articles,https://jus-tice.co.il/decision60362-03-22/,"ניכור הורי: החלטה הדוחה בקשה לזימון עדים להוכחת תביעת נזקין כנגד האם (רמ""ש 60362-03-22)",,,פסקי דין גירושין דיני משפחה 2022,3021,2022-05-19,2026-05-16,83,4,14.7
2-low-traffic,9291,articles,https://jus-tice.co.il/69430-06-20/,"פס""ד הגנת פרטיות והאזנה אסורה מפגשי אב ובתו (תמ""ש 69430-06-20)",,,פסקי דין חשובים,7365,2023-04-03,2026-05-16,83,1,29.3
2-low-traffic,11566,articles,https://jus-tice.co.il/law-firm-11566/,"ד""ר גדעון פישר ושות' | משרד עורכי דין",,,עורך דין,600,2024-09-17,2026-05-16,83,2,14.4
2-low-traffic,11600,articles,https://jus-tice.co.il/10918-10-19/,"פס""ד בתביעת הורי תינוקת שנפטרה בגין רשלנות רפואית ורשלנות בהליכי מתן הרישיון לעסוק ברפואה (ת""א 10918-10-19)",,,דיני נזיקין,33149,2024-10-01,2026-05-16,83,2,8.8
2-low-traffic,11300,articles,https://jus-tice.co.il/baker-mckenzie/,Baker & McKenzie | בייקר מקנזי משרד עורכי דין,,,עורך דין,2739,2024-07-11,2026-05-16,82,3,13.0
2-low-traffic,9971,articles,https://jus-tice.co.il/family-law-australia/,דיני משפחה אוסטרליה,,,דיני משפחה,3974,2023-09-13,2026-05-16,79,3,18
2-low-traffic,11211,articles,https://jus-tice.co.il/investing-in-argentina/,השקעות בארגנטינה | איך להשקיע בארגנטינה,,,"מקרקעין | נדל""ן",14036,2024-05-22,2026-05-16,79,3,8.1
2-low-traffic,8744,articles,https://jus-tice.co.il/verdict-lawsuit-damages-9109-12-19/,"פס""ד בעניין תביעת פיצויים כנגד רופא שיניים (ת""א 9109-12-19)",,,פיצויים,7908,2023-03-09,2026-05-16,78,1,40.7
2-low-traffic,7761,articles,https://jus-tice.co.il/criminal-defenses/,הגנות פליליות | סוגי הגנות  בבית משפט,,,משפט פלילי,4195,2022-09-28,2026-05-16,77,1,8.6
2-low-traffic,11504,articles,https://jus-tice.co.il/morgan-morgan/,Morgan & Morgan | מורגן ומורגן | עורכי דין,,,עורך דין,994,2024-09-08,2026-05-16,77,1,6.5
2-low-traffic,11550,articles,https://jus-tice.co.il/herzog-fox-neeman/,הרצוג פוקס נאמן ושות',,,עורך דין,791,2024-09-12,2026-05-16,77,1,20.5
2-low-traffic,11914,articles,https://jus-tice.co.il/lawyer-ai-course/,קורס בינה מלאכותית AI מתקדם לעורכי דין | הכשרת עורכי דין בתחום הAI,,,עורך דין,12919,2025-02-01,2026-05-16,76,1,45.7
2-low-traffic,3218,articles,https://jus-tice.co.il/sentencing-punishment-criminal-19991-07-20/,"עונש פלילי על הפצת תכנים מיניים בטלגרם (גזר דין) ת""פ 19991-07-20",,,משפט פלילי,9517,2021-04-26,2026-05-18,75,1,18.7
2-low-traffic,7964,articles,https://jus-tice.co.il/personal-injury-verdict-judge-lawsuit-damages-claim/,"השופטת חיה זנדברג: פס""ד בתביעה לפיצויים בגין נזקי גוף בטענה לרשלנות לאחר לידה (ת""א 58449-02-18)",,,דיני נזיקין,23058,2022-11-03,2026-05-16,75,4,15.0
2-low-traffic,10834,articles,https://jus-tice.co.il/portugal-noatary/,נוטריון פורטוגל | נוטריון ישראלי שפה פורטוגזית בפורטוגל,,,פורטוגל,1876,2024-02-20,2026-05-16,73,2,13.4
2-low-traffic,2989,articles,https://jus-tice.co.il/sitemap-jus-tice/,מפת אתר,,,,2,2021-03-04,2026-05-16,72,1,48.8
2-low-traffic,8772,articles,https://jus-tice.co.il/decision6199-03-18/,"פס""ד בעניין תביעה רכושית בין בני זוג לשעבר | תלה""מ 6199-03-18 השופטת עפרה גיא",,,דיני משפחה,21846,2023-03-13,2026-05-16,72,1,20.6
2-low-traffic,20277,page,https://jus-tice.co.il/tenant-rights-israel/,זכויות שוכר בישראל: מדריך מקיף 2025,זכויות שוכר בישראל | מדריך מקיף 2025 | Jus-Tice,,,390,2026-05-23,2026-07-12,71,1,16.1
2-low-traffic,5943,articles,https://jus-tice.co.il/2015-2016-major-supreme-court-ruling/,פסקי דין מרכזיים של בית המשפט העליון לשנת המשפט 2016-2015,,,בית המשפט העליון,40986,2021-08-11,2026-05-16,70,2,20.1
2-low-traffic,9260,articles,https://jus-tice.co.il/21213-04-18/,"ביהמ""ש לענייני משפחה פתח תקווה, שופטת עידית בן דב ג'וליאן: פס""ד שעניינו איזון משאבים בין בני זוג לשעבר וחלוקת צרכי ילדיהם הקטינים ביניהם. הילדים מעל גיל 6 ובאחריות הורית משותפת (תלה""מ 21213-04-18)",,,דיני משפחה,15563,2023-04-02,2026-05-16,67,4,14.8
2-low-traffic,5591,articles,https://jus-tice.co.il/arbitration-dispute-between-partners-law-firm/,בוררות בסכסוך בין שותפים במשרד עורכי-דין | פסק דין,,,עורך דין,9261,2021-07-06,2026-05-16,66,3,12.4
2-low-traffic,7683,articles,https://jus-tice.co.il/decision75385-12-20/,"השופט עדי הדר: פס""ד בשתי תביעות בגין לשון הרע נגד אותו נתבע (ת""א 75385-12-20; ת""א 75416-12-20)",,,לשון הרע,8753,2022-09-01,2026-05-16,66,1,8.5
2-low-traffic,11382,articles,https://jus-tice.co.il/dentons/,Dentons | דנטונס (משרד עורכי דין),,,עורך דין,2386,2024-07-23,2026-05-16,66,4,12.7
2-low-traffic,6663,articles,https://jus-tice.co.il/ruling-law-complete-4447-07/,"הלכת רמי מור | רע""א 4447/07 רמי מור נ' ברק אי.טי.סי. | פסק הדין המלא",,,,38964,2022-02-10,2026-05-16,65,1,13.3
2-low-traffic,20426,page,https://jus-tice.co.il/startup-investment-lawyer/,"עורך דין השקעות סטארטאפ: Term Sheet, SAFEs, מחירים","עורך דין השקעות סטארטאפ | Term Sheet, SAFEs, מחירים | Jus-Tice",,,204,2026-05-23,2026-07-12,65,3,13.3
2-low-traffic,6412,articles,https://jus-tice.co.il/verdict-judge-alimony-cancellation-agreement-estate/,"השופטת הבכירה שושנה ברגר: פס""ד בשתי תובענות בנושא גביית מזונות וביטול הסכם חלוקת עיזבון",,,דיני משפחה,12333,2021-09-14,2026-05-16,64,3,8.5
2-low-traffic,6916,articles,https://jus-tice.co.il/apartment-defects-contractor-compensation-israel/,שיעור הפיצוי בגין ליקויי בנייה בדירה שנרכשה | ליקויים מהותיים המצדיקים החלפת הריצוף,,,פיצויים,6925,2022-03-17,2026-05-22,64,1,7.6
2-low-traffic,7106,articles,https://jus-tice.co.il/verdict-lawsuits-real-estate-40044-06-18/,"פסק דין העוסק בתביעות כספיות בתחום החוזים בנושאי פרויקטים של בנייה בתחום הנדל""ן (ת""א 40044-06-18)",,,"מקרקעין | נדל""ן",19196,2022-05-14,2026-05-16,64,4,9.1
2-low-traffic,11571,articles,https://jus-tice.co.il/lawyers-company/,"אלמוג-שפירא, חברת עורכי דין",,,עורך דין,642,2024-09-17,2026-05-16,64,1,11.7
2-low-traffic,6408,articles,https://jus-tice.co.il/verdict-21054-10-20/,שדה דב: פסק דין דיור בר-השגה | דיור בהישג יד עת״מ 21054-10-20 מימון ואח׳ נ׳ הועדה המחוזית לתכנון ובניה,,,משפט מנהלי,27151,2021-09-13,2026-05-16,61,1,7.6
2-low-traffic,8633,articles,https://jus-tice.co.il/parental-alienation-damages16820-11-19/,"תביעת נזיקין בגין ניכור הורי(תמ""ש 16820-11-19)",,,פסקי דין חשובים,10879,2023-02-23,2026-05-16,61,1,24.9
2-low-traffic,9020,articles,https://jus-tice.co.il/real-estate-appraiser/,שמאי מקרקעין | שמאות מקרקעין,,,"מקרקעין | נדל""ן",16631,2023-03-25,2026-05-16,61,1,14.0
2-low-traffic,11355,articles,https://jus-tice.co.il/kirkland-ellis/,קירקלנד אליס |  Kirkland & Ellis (משרד עורכי דין),,,עורך דין,3075,2024-07-18,2026-05-16,61,2,10.7
2-low-traffic,11131,articles,https://jus-tice.co.il/prosecutor/,תובע במשפט פלילי,,,משפט פלילי,8222,2024-04-04,2026-05-18,60,1,12.9
2-low-traffic,12596,articles,https://jus-tice.co.il/family-judgment-31661-07-16/,"פסק דין בתביעה רכושית: אישה נגד בן-זוגה חושפת הון משפחתי במקלטי מס, נאמנויות ותאגידים זרים | תמ״ש 31661-07-16",,,דיני משפחה,39448,2025-07-06,2026-07-02,60,2,9.6
2-low-traffic,3064,articles,https://jus-tice.co.il/judge-decision-3064/,השופט רמי אמיר: החלטה בצו ביניים להשבת נשק אישי,,,,4164,2021-03-21,2026-05-16,58,2,6.5
2-low-traffic,7424,articles,https://jus-tice.co.il/lawsuit-criminal/,מערך התביעה הפלילית ברשויות המקומיות  ובוועדות המקומיות לתכנון ולבנייה,,,משפט פלילי,36831,2022-06-11,2026-05-18,58,1,35.7
2-low-traffic,10005,articles,https://jus-tice.co.il/medical-malpractice-judge-decision-lawsuit-4392-03-23/,"השופטת אירית קלמן ברום: החלטה בתביעה בגין התיישנות רשלנות רפואית (ת""א 4392-03-23)",,,דיני נזיקין,5340,2023-09-18,2026-05-16,57,2,6.5
2-low-traffic,6102,articles,https://jus-tice.co.il/acquittal-defendant-israel-14763-04-15/,זיכוי נאשם קשירת קשר לביצוע עוון | ת״פ 14763-04-15 מדינת ישראל ני אברהם מאיר טריגר,,,פלילי פסקי דין חשובים,54564,2021-08-25,2026-05-16,56,2,11.9
2-low-traffic,20332,page,https://jus-tice.co.il/child-abduction-hague/,"חטיפת ילדים לחו""ל: אמנת האג, זכויות, מה עושים","חטיפת ילדים לחו""ל | אמנת האג, זכויות, מה עושים | Jus-Tice",,,520,2026-05-23,2026-07-12,56,1,28.1
2-low-traffic,7179,articles,https://jus-tice.co.il/decision54477-10-18/,"השופטת הילה מלר שלו: הכרעה בעניין מחלוקות כספיות משימוש בדירה לאחר מות האם (תמ""ש 54477-10-18)",,,פסקי דין גירושין דיני משפחה 2022,11563,2022-05-19,2026-05-16,55,1,9.8
2-low-traffic,6691,articles,https://jus-tice.co.il/common-law-couple-status-private-marriage-israel/,"פס""ד רבני: חזקת בני זוג כנשואים - תוקפם של נישואין פרטיים | בקשה לקביעת מעמד לזוג",,,פסקי דין חשובים,27004,2022-02-14,2026-05-22,54,1,8.1
2-low-traffic,10577,articles,https://jus-tice.co.il/notary-public-florida/,נוטריון במיאמי פלורידה,,,עורך דין,1157,2023-12-26,2026-05-16,54,2,9.7
2-low-traffic,11386,articles,https://jus-tice.co.il/benjamin-brafman/,Benjamin Brafman | בנג'מין ברפמן  (עורך דין),,,משפט פלילי,1428,2024-07-24,2026-05-18,54,1,9.5
2-low-traffic,10053,articles,https://jus-tice.co.il/deep-pocket/,מבחן הכיס העמוק נזיקין,,,פיצויים,858,2023-09-25,2026-05-16,53,1,2.8
2-low-traffic,5992,articles,https://jus-tice.co.il/request-for-extension-of-detention-beyond-nine-months/,בקשה להארכת מעצר מעבר לתשעה חודשים,,,משפט פלילי,990,2021-08-14,2026-05-18,52,1,48.9
2-low-traffic,10280,articles,https://jus-tice.co.il/real-estate-malta/,רכישת נכס מלטה | מדריך השקעה בנכס קניה ומכירה | מגורים במלטה,,,"מקרקעין | נדל""ן",10097,2023-11-28,2026-05-16,52,3,5.2
2-low-traffic,6933,articles,https://jus-tice.co.il/defamation-lawsuit-judge-law-2022/,דחיית תביעת לשון הרע | השופט אביים ברקאי פסקי דין 2022,,,לשון הרע,9695,2022-03-23,2026-05-16,51,1,12.5
2-low-traffic,7029,articles,https://jus-tice.co.il/punishment-criminal-defendant-family-27796-06-20/,"עונש פלילי לנאשם במעשה מגונה בנסיבות מחמירות במשפחה (תפ""ח 27796-06-20)",,,פלילי פסקי דין חשובים,7180,2022-05-08,2026-05-16,51,3,26.6
2-low-traffic,8468,articles,https://jus-tice.co.il/sex-offenses-punishment-criminal-16-39000-05-21/,"גז""ד עונש פלילי לקטין מתחת ל16 שביצע עבירות מין (תפ""ח 39000-05-21)",,,פלילי פסקי דין חשובים,15160,2023-01-29,2026-05-16,51,2,19.6
2-low-traffic,11468,articles,https://jus-tice.co.il/40939-11-19/,"השופטת ורד ריקנטי-רוסהר: פס""ד בעניין שיתוף בנחלה שהיתה שייכת לאחד מבני הזוג מלפני הנישואין (תלה""מ 40939-11-19)",,,דיני משפחה,21980,2024-09-03,2026-05-16,51,3,10.3
2-low-traffic,6536,articles,https://jus-tice.co.il/law-17654-02-19/,"גזל סוד מסחרי ועשיית שימוש שלא כדין ברשימת  לקוחות - הפרת סעיפי אי תחרות ושמירת סודיות (ת""א 17654-02-19)",,,מסחרי-אזרחי,21262,2022-01-02,2026-05-16,50,1,20.1
2-low-traffic,20342,page,https://jus-tice.co.il/family-law-netanya/,"עורך דין משפחה נתניה: גירושין, מזונות, ייצוג","עורך דין משפחה נתניה | גירושין, מזונות, ייצוג | Jus-Tice",,,195,2026-05-23,2026-07-12,49,2,14.4
2-low-traffic,6426,articles,https://jus-tice.co.il/verdict-judge-request-will-claim-3612-09-18/,"השופטת נלי רוסמן-גליס: פס""ד בבקשה לקיום צוואה כנגד התנגדותו של בן המנוחה שהודר מהצוואה בטענה שלא הייתה כשירה (ת""ע 3612-09-18)",,,דיני משפחה,26182,2021-09-21,2026-05-16,48,2,18.3
2-low-traffic,6754,articles,https://jus-tice.co.il/verdict-judge-wills-62835-08-19/,"השופטת סגלית אופק: פס""ד בארבע תובענות עזבון שמנהלים שני אחים בשל שתי צוואות שהותירה אמם (ת""ע 62835-08-19)",,,פסקי דין חשובים,36360,2022-02-23,2026-05-16,48,1,11.2
2-low-traffic,6965,articles,https://jus-tice.co.il/verdict-enforcement-agreement-49088-11-18/,"אי אכיפת הסכם אי תחרות וסודיות | הנשיא אלכס קוגן: פס""ד בנושא חופש העיסוק (סע""ש 49088-11-18)",,,דיני עבודה,18279,2022-03-27,2026-05-16,48,1,8.9
2-low-traffic,11374,articles,https://jus-tice.co.il/latham-watkins/,Latham & Watkins | לטם ואטקינס | משרד עורכי דין,,,עורך דין,1779,2024-07-23,2026-05-16,48,1,7.3
2-low-traffic,20589,page,https://jus-tice.co.il/legal-tools/,כלי AI משפטיים | AI Legal Tools,,,,60,2026-06-16,2026-06-16,48,2,14.7
2-low-traffic,5633,articles,https://jus-tice.co.il/compensation-flight-delayed/,פיצוי נזק על דחיית טיסה חברת תעופה אייר אינדיה | תביעות קטנות,,,פיצויים,2510,2021-07-20,2026-05-16,46,1,7.9
2-low-traffic,7070,articles,https://jus-tice.co.il/labor-court-compensation-termination-63705/,תביעה בגין פיצויי פיטורים ובנוסף פיצויי הלנת פיצויי פיטורים שהתקבלה במלואה,,,דיני עבודה,8135,2022-05-11,2026-05-22,45,1,5.6
2-low-traffic,8157,articles,https://jus-tice.co.il/verdict-apartment-65410-11-21/,"פס""ד קבלת טענת אישה בעניין כוונת שיתוף ספציפי ברבע דירה (עמ""ש 65410-11-21)",,,פסקי דין גירושין דיני משפחה 2022,9295,2022-12-04,2026-05-16,45,1,19.2
2-low-traffic,8430,articles,https://jus-tice.co.il/verdict-petition-alimony-claim-35493-10-19/,"פס""ד בבקשת אב להפחתת מזונות בטענה של שינוי נסיבות (תלה""מ 35493-10-19)",,,דיני משפחה,10060,2023-01-17,2026-05-16,45,1,15.6
2-low-traffic,9339,articles,https://jus-tice.co.il/personal-injury-law/,"עורך דין נזקי גוף ארה""ב | תביעה לנזקי גוף בארצות הברית: כל מה שצריך לדעת",,,,13781,2023-04-12,2026-05-16,45,1,15.9
2-low-traffic,7231,articles,https://jus-tice.co.il/decision13846-03-18/,"השופטת עידית בן דב ג'וליאן: פס""ד תביעת אב לביטול התחייבות ליתן מתנה במקרקעין לבתו הנתבעת (תמ""ש 13846-03-18)",,,פסקי דין גירושין דיני משפחה 2022,12124,2022-05-23,2026-05-16,42,1,14.1
2-low-traffic,11603,articles,https://jus-tice.co.il/decision22950-11-20/,"פירוק שיתוף הצהרתי מזונות אשה וקטינים (תלה""מ 22950-11-20) | פסק דין כב' שופטת גילה ספרא ברנע",,,דיני משפחה,22782,2024-10-07,2026-05-16,42,1,6.6
2-low-traffic,2874,articles,https://jus-tice.co.il/alimony-divorce-agreement-israel-child-support/,מעמדן של התחייבויות למזונות שבהסכם והעילות לביטולן או שינויין מכוח שינוי נסיבות,,,דיני משפחה,60365,2021-01-17,2026-05-22,41,1,22.7
2-low-traffic,5367,articles,https://jus-tice.co.il/lawsuit-compensation-300-000/,"תביעה של מלצרית הטרדה מינית 300,000 ש""ח פיצוי",,,,23205,2021-06-20,2026-05-16,41,1,21.1
2-low-traffic,6540,articles,https://jus-tice.co.il/rabbinical-court-verdict-divorce-infidelity-rights-ruling/,"גירושין בגידה: זכויות בעל בוגד בהלכה | בחינת פס""ד הבוגדת בבית הדין הרבני",,,דיני משפחה,72624,2022-01-03,2026-05-16,41,1,19.7
2-low-traffic,7580,articles,https://jus-tice.co.il/decision48240-04-17/,"זיכוי מעבירות איומים ערעור פס""ד תקיפת סתם כנגד בת זוג (ע""פ 48240-04-17)",,,פלילי פסקי דין חשובים,22212,2022-07-18,2026-05-16,41,3,16.2
2-low-traffic,7632,articles,https://jus-tice.co.il/rules-for-being-a-successful-lawyer/,איך להיות עורך דין טוב: 10 הכללים המובילים להיות עורך דין מצליח,,,עורך דין,1871,2022-08-05,2026-05-16,41,2,22.4
2-low-traffic,5670,articles,https://jus-tice.co.il/verdict-tel-aviv/,פסק דין צביאלי נ' עיריית תל אביב מסמך הנחיות כיכר אתרים,,לא שוכנעתי כי העותר הניח תשתית מספקת לטענתו בעניין המשמעת קואליציונית גם בשים לב לבקשה להוספת ראיה בדמות כתבת טלוויזיה שבה רואיינה סגנית ראש העיר שפוטרה לטענתה בשל ההצבעה נגד מסמך המדיניות.,איכות סביבה,9713,2021-07-28,2026-05-16,40,1,10.2
2-low-traffic,7621,articles,https://jus-tice.co.il/decision48940-07-20/,"שופט רן ארנון: פיצוי 160,000 ש""ח בתביעת נזיקין של אישה כנגד בעלה בעקבות שנים רבות של התעללות (תלה""מ 48940-07-20)",,,פסקי דין חשובים,16404,2022-08-03,2026-05-16,40,3,8.4
2-low-traffic,8113,articles,https://jus-tice.co.il/sex-offenses-2/,עבירות מין בקטינה במרחב הווירטואלי,,,משרד המשפטים,601,2022-11-30,2026-05-16,40,2,9.0
2-low-traffic,8451,articles,https://jus-tice.co.il/defendant-offense-60221-07-21/,"רופא מרדים שנאשם בעבירה של ניסיון לרצח (תפ""ח 60221-07-21)",,,משפט פלילי,6523,2023-01-22,2026-05-18,40,1,9.5
2-low-traffic,10682,articles,https://jus-tice.co.il/portugal-bank/,בנקו דה פורטוגל | בנק ראשי פורטוגל,,,פורטוגל,2195,2024-02-03,2026-05-16,39,1,6.8
2-low-traffic,12871,articles,https://jus-tice.co.il/petah-tikva-divorce-lawyer/,עורך דין גירושין מומלץ פתח תקווה והמרכז | 2025 נתונים והנחיות גירושין,,,גירושין,48979,2025-09-02,2026-07-02,39,1,11.4
2-low-traffic,3363,articles,https://jus-tice.co.il/post-divorce-agreement-enforcement-lawsuit/,הסכם רילוקיישין תביעת עבודה נגד אינטל,,,,34246,2021-05-13,2026-05-22,38,1,6.7
2-low-traffic,7140,articles,https://jus-tice.co.il/approval-lawsuit/,אישור תביעה ייצוגית מקדונלד'ס טענת הטעייה בהגדלת התוספת והשתייה,,,,12134,2022-05-19,2026-05-16,38,1,15.0
2-low-traffic,7426,articles,https://jus-tice.co.il/criminal/,הסמכת תובעים פליליים ברשויות המקומיות ובוועדות המקומיות לתכנון ולבניה,,,משפט פלילי,18731,2022-06-11,2026-05-18,38,1,10
2-low-traffic,6782,articles,https://jus-tice.co.il/verdict-contracts-judge-appeal-decision-45292-12-21/,"בימ""ש מחוזי ת""א, השופט נפתלי שילה: פס""ד בערעור על החלטה שקובעת שאב יפגש עם בנו הקטין במרכז קשר לאחר שהוקפאו זמני השהות (רמ""ש 45292-12-21)",,,פסקי דין חשובים,6012,2022-02-27,2026-05-16,37,4,11.6
2-low-traffic,7077,articles,https://jus-tice.co.il/laws-law-apartments/,מגדלי הצעירים- קבוצת רכישה תחולת דיני חוק המכר דירות | גבאי ואח' נ' קבוצת חג'ג',,,,3857,2022-05-12,2026-05-16,37,3,22.5
2-low-traffic,7090,articles,https://jus-tice.co.il/court-verdict-injunction-stickspay-communications/,"דחיית בקשה לסעדים זמניים ומתן סעד חלופי | פס""ד סטיקספיי קומיוניקיישנס בע""מ",,,,8598,2022-05-12,2026-05-22,37,2,7.7
2-low-traffic,7225,articles,https://jus-tice.co.il/3695-02-19-labour-court-decision/,"דחיית תביעת פיצויים עובד זר מאריתראה כנגד מסעדה | פסק דין סע""ש 3695-02-19",,,דיני עבודה,7751,2022-05-23,2026-05-16,37,1,11.3
2-low-traffic,10349,articles,https://jus-tice.co.il/family-law-italy/,"גירושין באיטליה | עו""ד לענייני משפחה | עורך דין גירושין",,,דיני משפחה,10918,2023-12-06,2026-05-16,37,2,7.3
2-low-traffic,12979,articles,https://jus-tice.co.il/experienced-family-law-attorney/,עורך דין לענייני משפחה מנוסה: מה בודקים לפני שבוחרים,,,דיני משפחה,21258,2025-10-19,2026-07-06,37,2,8.2
2-low-traffic,5957,articles,https://jus-tice.co.il/criminal-defense-right-to-counsel-israel/,חיפוש על אדם השוהה בשדה בתעופה,,,בית המשפט העליון,9244,2021-08-12,2026-05-22,36,1,10.4
2-low-traffic,11520,articles,https://jus-tice.co.il/52705-01-20/,"פס""ד תביעה רכושית בין בני זוג אותה הגישה האישה כתובעת (תלה""מ 52705-01-20) | גירושין | השופטת שירי היימן",,,דיני משפחה,18671,2024-09-10,2026-05-16,36,2,10.7
2-low-traffic,12141,articles,https://jus-tice.co.il/decision22328-09-20/,"פסק דין - פירוק שיתוף דירה לפני נישואים ללא הסכם ממון | השופטת אפרת ונקרט: תיק תלה""מ 22328-09-20",,,פסקי דין חשובים,23002,2025-03-04,2026-07-02,36,1,10.4
2-low-traffic,12675,articles,https://jus-tice.co.il/1331339-1/,אכיפת הסכם כשיש חשש שאכיפתו עלולה להביא לפגיעה בטובת הילדים: איזונים והכרעה - 1331339-1 - ביה''ד הגדול,,,דיני משפחה,9725,2025-07-29,2026-07-02,36,1,18.5
2-low-traffic,6821,articles,https://jus-tice.co.il/rabbinical-court-request-law/,בקשה לפסילת הרכב בית דין רבני | חשש למשוא פנים של בית הדין ולהטיית הדין,,,בית הדין הרבני,4567,2022-03-01,2026-05-16,35,1,9.4
2-low-traffic,5468,articles,https://jus-tice.co.il/criminal-offense-business-license-israel/,"חילוט רכב מזראטי | עבירה של נהיגה בזמן פסילה, נהיגה ללא רישיון נהיגה תקף",,"הגם שמשמעות החלטה זו הינה החזרתו של הרכב לידי הנהג לא כל תנאי, אין להתעלם מן העובדה כי הרכב היה תפוס בידי המדינה תקופה ממושכת, בתקופה זו הנהג ומשפחתו לא נהנו מהרכב, אשר וודאי ואיבד מערכו",,11340,2021-06-30,2026-05-22,34,2,21.3
2-low-traffic,9040,articles,https://jus-tice.co.il/53556-05-18/,"ביהמ""ש לענייני משפחה ירושלים, השופט פליקס גורודצקי: פס""ד בעניין תביעה רכושית בין בני זוג (תלה""מ 53556-05-18)",,,,7721,2023-03-26,2026-05-16,33,2,10.1
2-low-traffic,6687,articles,https://jus-tice.co.il/rabbinical-court-joint-custody-1218708-4/,החזקת ילדים משמורת משותפת - תיק 1218708/4 בבית הדין הרבני,,,דיני משפחה,2801,2022-02-14,2026-05-16,32,1,27.6
2-low-traffic,6751,articles,https://jus-tice.co.il/appeal-cancellation-offense-real-estate-will-44530-05-21/,"דחיית ערעור על ביטול עסקת מתנה בה העבירה אם מקרקעין ללא תמורה לאחים לאחר כתיבת הצוואה (עמ""ש 44530-05-21)",,,פסקי דין חשובים,5735,2022-02-23,2026-05-16,32,1,53.0
2-low-traffic,12312,articles,https://jus-tice.co.il/42471-05-24/,"פסק דין שאלת היחס בין הסכמי ממון לסעיף 8 לחוק הירושה בעניין זכויות בדירה (עמ""ש 42471-05-24)",,,דיני משפחה,7503,2025-03-16,2026-07-02,32,1,13.6
2-low-traffic,1640,articles,https://jus-tice.co.il/defamation-damages-33-300/,"ראש עיריית טבריה רון קובי נתבע לפיצויים בגין לשון הרע בפייסבוק על סך 33,300 ש""ח",,,דיני נזיקין,6065,2020-03-05,2026-05-16,31,1,10.6
2-low-traffic,8428,articles,https://jus-tice.co.il/lawsuit-damages-47127-07-21/,"תביעה של אישה לקבל פיצויים מבן זוגה לשעבר בשל תיעוד אינטימי באמצעות מצלמות שהתקין בדירתה (תלה""מ 47127-07-21)",,,דיני משפחה,8268,2023-01-17,2026-05-16,31,2,44.7
2-low-traffic,7035,articles,https://jus-tice.co.il/prenuptial-agreement-apartment-law/,חלוקת דירה לפי רישום לא שוויוני על פי הסכם ממון שלא אושר כדין,,,,3450,2022-05-09,2026-05-16,29,1,13.3
2-low-traffic,7323,articles,https://jus-tice.co.il/decision28925-09-17/,האם ליקויי בניה נזילות מים ורטיבות בדירה שנרכשה מקבלן מצדיקים את ביטול הסכם הרכישה,,,"מקרקעין | נדל""ן",13138,2022-06-02,2026-05-16,29,1,8.4
2-low-traffic,8492,articles,https://jus-tice.co.il/land-registration-verdict-procedure-family-28997-05-16/,"פס""ד הסדר רישום מקרקעין בסכסוך משפחה (תמ""ש 28997-05-16)",,,פסקי דין חשובים,5653,2023-02-07,2026-05-16,29,1,13.6
2-low-traffic,11196,articles,https://jus-tice.co.il/monaco-lawyer/,"עורך דין במונקו | עו""ד ישראלי עסקים והשקעות במונקו",,,עורך דין,9262,2024-05-16,2026-05-16,29,2,5.3
2-low-traffic,5335,articles,https://jus-tice.co.il/defamation-lawsuit-privacy/,"ניר חפץ נגד אמיר אוחנה תביעת לשון הרע, הגנת פרטיות הסרת חסינות",,,,4945,2021-06-16,2026-05-16,28,2,14.7
2-low-traffic,6784,articles,https://jus-tice.co.il/judge-decision-lawsuit-property-witness-divorce/,"השופטת אורית בן דור ליבל: החלטה בתביעה רכושית מועד הקרע בגירושין לצורך איזון משאבים בין בני זוג לשעבר (תלה""מ 23952-08-19)",,,פסקי דין חשובים,23838,2022-02-27,2026-05-16,28,1,10.9
2-low-traffic,8036,articles,https://jus-tice.co.il/legal-clinic/,קליניקה משפטית,,,עורך דין,561,2022-11-08,2026-05-16,28,1,20.6
2-low-traffic,6839,articles,https://jus-tice.co.il/dissolution-partnership-verdict-divorce-rights-property-compensation/,"גירושין: פס""ד הצהרתי, שמירת זכויות, רכושית, פירוק שיתוף, פיצוי משווה",,,פסקי דין חשובים,19768,2022-03-03,2026-05-16,26,1,5
2-low-traffic,11613,articles,https://jus-tice.co.il/damages-claim-husband-ketubah-obligation/,תביעה נזיקית בזיקה לחיוב האיש בכתובה 1511-7 - ביה''ד אשדוד‎ | בחינה הלכתית של פסיקת ביהמ''ש,,,דיני משפחה,18652,2024-10-09,2026-05-16,26,2,15.8
2-low-traffic,1770,articles,https://jus-tice.co.il/courts-system-israel-guide-hierarchy/,בתי משפט: נוהל חיסיון תיקים,,,,3077,2020-03-17,2026-05-22,25,1,6.1
2-low-traffic,5383,articles,https://jus-tice.co.il/appeal-decision-law/,ערעור על החלטת וועדת הערעור לפי חוק הנכים | התחזות פוסט טראומה,,,,12863,2021-06-21,2026-05-16,25,3,11.8
2-low-traffic,11465,articles,https://jus-tice.co.il/42908-08-24/,"השופטת יפעת שקדי שץ: פס""ד בעניין סעד הצהרתי בנכס מקרקעין ביטול צו ירושה ומינוי מנהל עיזבון (תמ""ש 39998-12-20)",,,דיני משפחה,16975,2024-08-29,2026-05-16,25,2,8.8
2-low-traffic,7285,articles,https://jus-tice.co.il/decision13759-08-21/,"ביה""ד הארצי לעבודה, סגן הנשיאה השופט אילן איטח: פס""ד בנושא פגיעה באירוע תאונתי בעבודה (בר""ע 13759-08-21)",,,פיצויים,10744,2022-05-31,2026-05-16,24,1,17.8
2-low-traffic,8706,articles,https://jus-tice.co.il/legal-courses-for-lawyers/,קורסים לעורכי דין,,,עורך דין,8299,2023-03-06,2026-05-16,24,1,19.9
2-low-traffic,9721,articles,https://jus-tice.co.il/39514-09-19/,"פס""ד עונש בעבירות של מעשה מגונה, מעשה מגונה בנסיבות אינוס וניסיון מעשה סדום (תפ""ח 39514-09-19)",,,פלילי פסקי דין חשובים,7167,2023-08-02,2026-05-16,24,1,37.3
2-low-traffic,11310,articles,https://jus-tice.co.il/james-sexton-attorney/,ג'יימס סקסטון (עורך דין),,,דיני משפחה,337,2024-07-16,2026-05-16,24,4,5.5
2-low-traffic,12291,articles,https://jus-tice.co.il/70703-09-24/,"ביהמ""ש לעניינים מנהליים בביהמ""ש המחוזי תל אביב-יפו, ש' יעל בלכר: פסק דין שעניינו בטענה להבטחה מנהלית להקצות קרקע ולבנות בית כנסת לקהילה על ידי ראש העיר לשעבר (עת""מ 70703-09-24)",,,משפט מנהלי,8455,2025-03-16,2026-07-02,24,1,14.8
2-low-traffic,20414,page,https://jus-tice.co.il/medical-malpractice-statistics/,רשלנות רפואית בישראל: נתונים 2025,רשלנות רפואית בישראל: נתונים 2025 | Jus-Tice,,,233,2026-05-23,2026-07-12,24,1,9.0
2-low-traffic,8601,articles,https://jus-tice.co.il/5585-04-22estate-trust-legal-judgment/,"פס""ד קביעת היקף עזבון ובירור מושג הנאמנות במקרקעין (עמ""ש 5585-04-22)",,,ענייני ירושה,7332,2023-02-19,2026-05-16,23,1,6.9
2-low-traffic,6462,articles,https://jus-tice.co.il/law-6462/,"דין טעות בשם אבי המתגרשת, והיתר ילדיה מנישואיה השניים לבוא בקהל",,,דיני משפחה,111501,2021-10-03,2026-05-16,22,1,11.7
2-low-traffic,6653,articles,https://jus-tice.co.il/land-properties-10403-04-21/,"רכישת קרקע בהתמחרות מכונס נכסים במסגרת פירוק-שיתוף (ע""א 10403-04-21)",,,"מקרקעין | נדל""ן",5748,2022-02-09,2026-05-16,22,2,7.4
2-low-traffic,6031,articles,https://jus-tice.co.il/verdict-judge-lawsuit-civil-conviction-38003-03-19/,"השופטת יעל ייטב: פס""ד בתביעה אזרחית נגררת להרשעה בפלילים (ת""א 38003-03-19)",,,משפט פלילי,3748,2021-08-16,2026-05-18,21,1,23
2-low-traffic,3347,articles,https://jus-tice.co.il/punishment-criminal-offenses/,עונש פלילי תקיפת בת זוג ועבירות איומים,,,משפט פלילי,6275,2021-05-13,2026-05-18,20,1,42.6
2-low-traffic,3402,articles,https://jus-tice.co.il/web-development-agreement/,הסכם לבניית אתר אינטרנט מקוון (אונליין),,,,2159,2021-05-26,2026-05-17,20,1,6.8
2-low-traffic,6600,articles,https://jus-tice.co.il/rabbinical-court-divorce-request-israel/,כללים להצהרת אבהות בבית הדין הרבני,,,דיני משפחה,5601,2022-02-06,2026-05-22,19,1,6.7
2-low-traffic,20507,page,https://jus-tice.co.il/criminal-lawyer-raanana/,עורך דין פלילי רעננה: מחירים 2025,עורך דין פלילי רעננה | מחירים 2025 | Jus-Tice,,,153,2026-05-23,2026-07-12,18,1,6
2-low-traffic,6778,articles,https://jus-tice.co.il/defamation-lawsuit-law-business-52301-10-20/,"תביעה לפי חוק לשון הרע בעקבות פרסומים של מוביל דעת קהל בפייסבוק נגד עמוד עסקי (ע""א 52301-10-20)",,,לשון הרע,8137,2022-02-27,2026-05-16,17,1,13.8
2-low-traffic,6922,articles,https://jus-tice.co.il/verdict-lawsuit-accountant-account-55450-03-20/,"תביעה בגין רשלנות מקצועית של רואה חשבון | פסק דין (ת""א 55450-03-20)",,,דיני נזיקין,11994,2022-03-20,2026-05-16,17,1,9.9
2-low-traffic,14010,articles,https://jus-tice.co.il/rabbinical-agreement-approval/,מדריך לאישור הסכם גירושין בבתי הדין הרבניים: 55 כללים מעשיים,,,דיני משפחה,54073,2026-02-23,2026-07-02,17,1,19.3
2-low-traffic,5971,articles,https://jus-tice.co.il/sexual-battery-us-law/,"תקיפה מינית: חוקים ועונשים בארה""ב",,,משפט פלילי,1869,2021-08-12,2026-05-18,16,1,8.1
2-low-traffic,7258,articles,https://jus-tice.co.il/divorce-ownership-apartment-property/,"גירושין רבני קביעת בעלות דירה שנקנתה ע""י שעבוד נכס אחד הצדדים",,,גירושין,15041,2022-05-26,2026-05-16,16,1,41.8
2-low-traffic,7478,articles,https://jus-tice.co.il/decision58589-11-21/,"פסק דין בו אושרה בקשה לאישור פסק חוץ בשוויץ (ת""א 58589-11-21)",,,פסקי דין חשובים,1775,2022-06-16,2026-05-16,16,1,10
2-low-traffic,7569,articles,https://jus-tice.co.il/decision71869-11-21/,"פלילי: החלטה בערעור על חילוט רכב יוקרה בו נתפס נשק לא חוקי (עפ""ג 71869-11-21)",,,עורך דין פלילי פסקי דין 2022,8110,2022-07-13,2026-05-16,16,1,14.1
2-low-traffic,2649,articles,https://jus-tice.co.il/criminal-investigation-procedure-rights-israel/,"נתניהו-מליקובסקי: עיקרי נימוקי היועמ""ש שלא לפתוח בחקירה פלילית בפרשת המניות",,,משפט פלילי,7071,2020-10-15,2026-05-22,15,2,18.5
2-low-traffic,6458,articles,https://jus-tice.co.il/taxation-company-judge/,מיסוי רכישה עצמית של מניות חברה פרטית על ידי אחד האחים בעל מניות | השופטת  יעל ייטב,,,דיני משפחה,14892,2021-10-03,2026-05-16,15,1,18.3
2-low-traffic,6937,articles,https://jus-tice.co.il/get-divorce-divorce-petition/,חיוב גט גירושין ודחיית בקשת האיש לדון בעילות נוספות מיותרות,,,פסקי דין חשובים,3492,2022-03-23,2026-05-16,15,1,12.2
2-low-traffic,8560,articles,https://jus-tice.co.il/rabbinical-court-verdict-get-divorce-lawsuits-37883-9/,"פס""ד - סידור גט לפני הכרעה בתביעות הצדדים - 37883-9 - ביה''ד אשדוד",,,גירושין,9825,2023-02-14,2026-05-16,15,1,11.7
2-low-traffic,10296,articles,https://jus-tice.co.il/grounds-for-divorce-united-states/,עילות גירושין (ארצות הברית),,,גירושין,4577,2023-11-29,2026-05-16,15,1,7
2-low-traffic,10588,articles,https://jus-tice.co.il/handwritten-property-agreement-cancellation/,ביטול הסכם בכתב יד בנושא העברת רכוש ודיני קניינים,,,פסקי דין חשובים,62246,2023-12-28,2026-05-16,15,1,25.7
2-low-traffic,10831,articles,https://jus-tice.co.il/artificial-intelligence-ai/,בינה מלאכותית משפטית AI | שרותי אינפורמטיקה משפטית,,,עורך דין,3701,2024-02-18,2026-05-16,15,1,17.1
2-low-traffic,7187,articles,https://jus-tice.co.il/decision56258-02-22/,"פס""ד העוסק בסכסוך בין שני אחים סביב הלוואות נטענות  (עמ""ש 56258-02-22)",,,פסקי דין גירושין דיני משפחה 2022,8952,2022-05-19,2026-05-16,14,1,6.9
2-low-traffic,8097,articles,https://jus-tice.co.il/sms/,דוחות חניה אמצעות מסרון לטלפון נייד sms,,,משרד המשפטים,202,2022-11-28,2026-05-16,14,1,5.6
2-low-traffic,10665,articles,https://jus-tice.co.il/south-korea-lawyers/,"עורך דין דרום קוריאה | עו""ד ישראלי קוריאה הדרומית",,,עורך דין,796,2024-01-31,2026-05-16,14,3,6.4
2-low-traffic,10795,articles,https://jus-tice.co.il/israelis-portugal/,האם לישראלים וזרים גישה לשרותי בריאות בפורטוגל?,,,פורטוגל,1416,2024-02-14,2026-05-16,14,1,6.8
2-low-traffic,1596,articles,https://jus-tice.co.il/inheritance-will-dispute-heirs-court-israel/,"פס""ד התנגדות לצוואה בשל השפעה בלתי הוגנת",,,דיני משפחה,29689,2020-02-17,2026-05-22,12,2,9.2
2-low-traffic,6729,articles,https://jus-tice.co.il/verdict-lawsuit-12385-08-16/,"תביעת שכר עבודה: פסק דין בנושא הרמת מסך (סע""ש 12385-08-16)",,,דיני עבודה,11702,2022-02-20,2026-05-16,12,1,13.8
2-low-traffic,8573,articles,https://jus-tice.co.il/35557-01-22/,"גז""ד למורשע בעבירות של חבלה חמורה בנסיבות מחמירות כנגד בת משפחה, איומים, ושיבוש מהלכי משפט (ת""פ 35557-01-22)",,,פלילי פסקי דין חשובים,7423,2023-02-15,2026-05-16,12,1,17
2-low-traffic,11393,articles,https://jus-tice.co.il/international-association-of-jewish-lawyers-and-jurists/,האגודה הבינלאומית של עורכי דין ומשפטנים יהודים,,,עורך דין,1842,2024-07-24,2026-05-16,12,1,6.7
2-low-traffic,12177,articles,https://jus-tice.co.il/1386569-6/,חיוב בעל מורד במדור אשתו אף בהעדר סיכוי לשלום בית - 1386569-6 - ביה''ד הגדול,,,דיני משפחה,22572,2025-03-06,2026-07-02,12,1,12.3
2-low-traffic,20329,page,https://jus-tice.co.il/startup-lawyer-israel/,"עורך דין לסטארטאפ: מניות, גיוס ומה צריך","עורך דין לסטארטאפ | מניות, גיוס ומה צריך | Jus-Tice",,,352,2026-05-23,2026-07-12,12,1,36.8
2-low-traffic,6660,articles,https://jus-tice.co.il/protection-order-judge-decision-32379-10-21/,"השופטת רותם קודלר עיאש: החלטה בעניין צו הגנה ביחס למשיב שפרנסתו דורשת נשיאת נשק (ה""ט 32379-10-21)",,,דיני משפחה,3348,2022-02-09,2026-05-16,11,1,22.9
2-low-traffic,7093,articles,https://jus-tice.co.il/acquittal-defendant-claim-5455-11-20/,"זיכוי נאשם בתקיפה הגורמת חבלה של ממש בטענה כי פעל מתוך הגנה עצמית (ת""פ 5455-11-20)",,,פלילי פסקי דין חשובים,5726,2022-05-14,2026-05-16,11,1,44.2
2-low-traffic,8365,articles,https://jus-tice.co.il/verdict-request-custody-20387-03-22/,"פס""ד בבקשה להעברת המשמורת אל האב ורישום למוסדות חינוך (תלה""מ 20387-03-22)",,,דיני משפחה,791,2023-01-05,2026-05-16,11,2,11
2-low-traffic,9246,articles,https://jus-tice.co.il/11314-01-23/,"שופט אסף זגורי: פס""ד בעניין החלטה דיונית בתיק עזבון בדבר גילוי מסמכים (רמ""ש 11314-01-23)",,,פסקי דין חשובים,3537,2023-04-02,2026-05-16,11,2,9.8
2-low-traffic,11274,articles,https://jus-tice.co.il/virtual-law-firm/,משרד עורכי דין וירטואלי |  ELawyering,,,עורך דין,897,2024-07-07,2026-05-16,11,1,14.2
2-low-traffic,9128,articles,https://jus-tice.co.il/un-convention-against-corruption-israel/,אמנת האומות המאוחדות נגד שחיתות,,,משפט פלילי,5099,2023-03-30,2026-05-22,10,1,6.5
2-low-traffic,9890,articles,https://jus-tice.co.il/international-notaries/,"עו""ד נוטריון ישראלי בחו""ל | מהו האיגוד הבינלאומי של נוטריונים",,,עורך דין,2399,2023-08-28,2026-05-16,10,1,35.4
2-low-traffic,11247,articles,https://jus-tice.co.il/is-portugal-a-good-place-to-retire/,פורטוגל: האם עדיין מקום טוב לפרישה? | לעבור לפורטוגל,,,פורטוגל,532,2024-06-27,2026-05-16,10,1,9.5
2-low-traffic,11359,articles,https://jus-tice.co.il/cordell-cordell/,Cordell & Cordell | קורדל & קורדל | משרד עורכי דין לענייני משפחה וגירושין,,,דיני משפחה,1015,2024-07-22,2026-05-16,10,1,24
2-low-traffic,6673,articles,https://jus-tice.co.il/arrest-witness-proceedings-offenses-13382-01-22/,"מעצר עד תום ההליכים בעבירות נשק ותחמושת - התכתבות במסנג'ר מבלי שנתפס נשק או תחמושת (מ""ת 13382-01-22)",,,משפט פלילי,4226,2022-02-10,2026-05-18,9,1,20.4
2-low-traffic,7048,articles,https://jus-tice.co.il/divorce-agreement-pension/,פרשנות הסכם גירושין שיש בו ספק בסעיף הוויתור בפנסיה,,,פסקי דין חשובים,41990,2022-05-10,2026-05-16,9,1,22.3
2-low-traffic,3271,articles,https://jus-tice.co.il/lawsuit-53375-11-18/,"תביעה של שוכרים נגד המשכירה ותביעה שכנגד (ת""א 53375-11-18)",,,,14842,2021-05-04,2026-05-16,8,1,41.5
2-low-traffic,7031,articles,https://jus-tice.co.il/investigation-prosecutor-ruling-48441-01-15/,"היקף חומר החקירה שיש למסור לעיון התובע בעיתוי הנדחה אשר נקבע מכוח הלכת סוויסה וסוגיות נוספות (ת""א 48441-01-15)",,,פלילי פסקי דין חשובים,10950,2022-05-08,2026-05-16,8,2,12
2-low-traffic,8393,articles,https://jus-tice.co.il/inheritance-order-verdict-judge-request-60847-03-22/,"השופטת הילה גורביץ עובדיה: פסק דין בבקשה לתיקון צו ירושה (ת""ע 60847-03-22)",,,פסקי דין חשובים,3923,2023-01-10,2026-05-16,8,1,26.9
2-low-traffic,8742,articles,https://jus-tice.co.il/52923-11-20/,"גז""ד לנאשם בעבירות מין ברשת (תפ""ח 52923-11-20)",,,משפט פלילי,5347,2023-03-09,2026-05-18,8,1,11.4
2-low-traffic,10169,articles,https://jus-tice.co.il/building-science/,מדעי הבניין | הנדסת בניין,,,"מקרקעין | נדל""ן",4613,2023-10-04,2026-05-16,8,1,12.5
2-low-traffic,4252,articles,https://jus-tice.co.il/joint-venture-agreement/,הסכם מיזם משותף,,,,4601,2021-06-08,2026-05-16,7,1,20.9
2-low-traffic,10826,articles,https://jus-tice.co.il/legal-opinion-foreign-law-expert/,"חוות דעת דין זר | מומחה חוות דעת משפטית זרה (חו""ל)",,,,1465,2024-02-18,2026-05-16,7,1,39.6
2-low-traffic,20461,page,https://jus-tice.co.il/startup-equity-israel/,"מניות עובדים ואופציות: ESOP, RSU, מיסוי","מניות עובדים ואופציות | ESOP, RSU, מיסוי | Jus-Tice",,,266,2026-05-23,2026-05-23,7,1,17.6
2-low-traffic,5653,articles,https://jus-tice.co.il/petition-get-divorce/,בקשת הבעל לשעבר לקבוע כי הגט בטל,,,גירושין,15245,2021-07-24,2026-05-16,6,2,17.7
2-low-traffic,6855,articles,https://jus-tice.co.il/inheritance-order-appeal-decision-appraiser-real-estate-61112-02-22/,"ערעור על החלטת מינוי שמאי מקרקעין- עזבון צו ירושה (רמ""ש 61112-02-22)",,,פסקי דין חשובים,3062,2022-03-08,2026-05-16,6,1,18
2-low-traffic,10704,articles,https://jus-tice.co.il/portugal-10704/,משרד האוצר (פורטוגל),,,פורטוגל,322,2024-02-05,2026-05-16,6,1,9.8
2-low-traffic,20504,page,https://jus-tice.co.il/family-law-statistics-2025/,"נתוני דיני משפחה ישראל 2025: גירושין, מזונות","נתוני דיני משפחה ישראל 2025 | גירושין, מזונות | Jus-Tice",,,205,2026-05-23,2026-07-12,6,1,5.3
2-low-traffic,5813,articles,https://jus-tice.co.il/offense-5813/,טופס עמדת נפגע/ת עבירה לועדת שחרורים,,,משפט פלילי,703,2021-08-08,2026-05-18,5,2,6.6
2-low-traffic,5991,articles,https://jus-tice.co.il/application-for-extension-of-detention-form/,טופס בקשה להארכת מעצר,,,משפט פלילי,807,2021-08-14,2026-05-18,5,1,41.6
2-low-traffic,7195,articles,https://jus-tice.co.il/decision15974-11-20/,"תביעה כספית שהגישה האם נגד בנה ונגד רעייתו לשעבר של בנה שגרו בביתה(תמ""ש 15974-11-20)",,,פסקי דין גירושין דיני משפחה 2022,8204,2022-05-19,2026-05-16,5,1,8.6
2-low-traffic,9044,articles,https://jus-tice.co.il/comparative-criminal-justice/,משפט השוואתי פלילי,,,משפט פלילי,1197,2023-03-26,2026-05-18,5,1,6.4
2-low-traffic,6605,articles,https://jus-tice.co.il/court-rabbinical-court-jurisdiction-custody/,סמכות העברת קטינות למשמורת אב בבית דין רבני לאחר צו בבית משפט להוצאה ממשמורת,,,דיני משפחה,2026,2022-02-06,2026-05-16,4,1,61.5
2-low-traffic,7208,articles,https://jus-tice.co.il/alimony-law-1190454-6/,חיוב מזונות קטני קטנים מחיוב משפטי או מדין צדקה? תיק 1190454/6,,,פסקי דין חשובים,23168,2022-05-22,2026-05-16,4,1,37.5
2-low-traffic,8613,articles,https://jus-tice.co.il/8773-11-22/,"תביעה רכושית גירושין: החלטה בעניין תביעה לתשלום הכנסות שכירות מנכסים משותפים (תלה""מ 8773-11-22)",,,פסקי דין חשובים,1104,2023-02-21,2026-05-16,4,1,7.8
2-low-traffic,11750,articles,https://jus-tice.co.il/financial-strategies-after-divorce/,אסטרטגיות לשימור הון לאחר הגירושין | גירושי עשירון עליון ואנשי הייטק,,,דיני משפחה,1083,2025-01-06,2026-05-16,4,1,10.2
2-low-traffic,6786,articles,https://jus-tice.co.il/womens-rights-domestic-violence-israel-law/,"אלימות כלפי נשים – הזכות של האישה שהאיש יניח לה לנפשה. הזכות להגיד ""לא""",,,פסקי דין חשובים,1363,2022-02-27,2026-05-22,3,1,22
2-low-traffic,6935,articles,https://jus-tice.co.il/receivers-trustees-property-management-court/,שכר כונס נכסים שלא השלים את מלאכתו,,,פסקי דין חשובים,16065,2022-03-23,2026-05-22,3,1,25.3
2-low-traffic,7970,articles,https://jus-tice.co.il/legal-opinion-process-criminal-45060-05-22/,"פרסום של חוות דעת לעניין המסוגלות ההורית ומסוכנות- לשימוש במסגרת הליך פלילי (תלה""מ 45060-05-22)",,,פסקי דין חשובים,1074,2022-11-03,2026-05-16,3,1,2
2-low-traffic,8762,articles,https://jus-tice.co.il/1394399-1/,איסור לבועל לאחר סידור ''גט מהרש''ם'' 1394399-1 ביה''ד אשקלון,,,גירושין,5077,2023-03-11,2026-05-16,2,1,26.5
2-low-traffic,20441,page,https://jus-tice.co.il/real-estate-lawyer-yavne/,עורך דין מקרקעין יבנה: מחירים ושירותים,עורך דין מקרקעין יבנה | מחירים ושירותים | Jus-Tice,,,136,2026-05-23,2026-07-12,2,1,8
2-low-traffic,6899,articles,https://jus-tice.co.il/property-division-property-tax-divorce/,העדר שיתוף ספציפי בנכס שנרשם על שם הבעל רק משיקולי מס | גירושין חלוקת רכוש,,,פסקי דין חשובים,2442,2022-03-15,2026-05-16,1,1,137
3-seen-not-clicked,1149,articles,https://jus-tice.co.il/real-estate-attorney/,"עורך דין מקרקעין: קנייה, מכירה, חוזים ומיסוי",,,"מקרקעין | נדל""ן",13320,2020-01-09,2026-05-19,4628,0,64.5
3-seen-not-clicked,10073,articles,https://jus-tice.co.il/lawyer-wills-inheritances/,"עו""ד צוואות וירושות בחירת עורך דין",,,צוואות,13882,2023-09-27,2026-05-16,2549,0,74.2
3-seen-not-clicked,9436,articles,https://jus-tice.co.il/military-lawyer-israel-court-martial-defense/,עורך דין צבאי מומלץ | עורך דין צבאי מחיר,,,עורך דין,33881,2023-05-17,2026-05-22,2482,0,58.1
3-seen-not-clicked,8972,articles,https://jus-tice.co.il/german-passport/,דרכון גרמני לישראלים | עורך דין דרכון גרמני | יתרונות דרכון אזרחות גרמנית,,,עורך דין,28457,2023-08-05,2026-05-16,2160,0,37.4
3-seen-not-clicked,20305,page,https://jus-tice.co.il/family-law/,דיני משפחה וגירושין: עורך דין לענייני משפחה,,,,860,2026-05-23,2026-07-07,2017,0,66.8
3-seen-not-clicked,11847,articles,https://jus-tice.co.il/women-lawyer-vs-men-divorce-lawyer/,מה עדיף עורכת דין או עורך דין לענייני גירושין? סקירת שלבי הגירושים,עורכת דין גירושין: מתי לבחור עורכת דין למשפחה | Jus-Tice,,עורך דין,6069,2025-01-18,2026-07-06,1885,0,66.6
3-seen-not-clicked,12588,articles,https://jus-tice.co.il/divorce-costs-2025/,עלויות גירושין 2025 | מחירון מעודכן השוואה ובחירה בין עורכי דין לענייני גירושין,,,דיני משפחה,27615,2025-06-29,2026-07-02,1740,0,36.9
3-seen-not-clicked,888,articles,https://jus-tice.co.il/police-records-data-deletion/,מחיקת רישום משטרתי | ביטול רישום של תיקים סגורים,,"רישום משטרתי- יש דבר כזה וכדאי לפעול למחיקתו באמצעות עו""ד פלילי. רישום משטרתי יכול לעמוד כרועץ בדרכו של בעל הרישום למשרה נחשקת, עבודה בחו""ל וכיו""ב ולכן כדאי להגיש בקשה למחיקתו.",משפט פלילי,1123,2019-03-24,2026-05-18,1618,0,69.2
3-seen-not-clicked,20297,page,https://jus-tice.co.il/medical-malpractice-surgery/,"רשלנות בניתוח: סוגים, פיצויים ואיך מוכיחים","רשלנות בניתוח | סוגים, פיצויים ואיך מוכיחים | Jus-Tice",,,1760,2026-05-23,2026-07-12,1443,0,35.3
3-seen-not-clicked,11695,articles,https://jus-tice.co.il/lawyer-divorce/,איך לבחור משרד עורך דין גירושין כשמתגרשים,איך לבחור משרד עורך דין גירושין כשמתגרשים,,עורך דין,1729,2025-01-02,2026-05-16,1402,0,58.0
3-seen-not-clicked,11748,articles,https://jus-tice.co.il/mutual-divorce-agreement-2025/,איך מכינים הסכם לקראת גירושים בהסכמה של בני הזוג | מדריך 2025 + סקירת תהליך פתיחת תיק גירושין בבית הדין הרבני,,,דיני משפחה,4812,2025-01-05,2026-05-16,1313,0,61.2
3-seen-not-clicked,3164,articles,https://jus-tice.co.il/what-is-bitcoin-and-how-does-it-work/,מה זה ביטקוין ואיך זה עובד? מטבעות קריפטוגרפיים,,,,42032,2021-04-11,2026-05-17,1302,0,24.2
3-seen-not-clicked,20244,page,https://jus-tice.co.il/criminal-record-deletion/,"מחיקת רישום פלילי: תנאים, הליך ועלות",מחיקת רישום פלילי בישראל: מדריך לשנת 2025,"גלה כיצד למחוק רישום פלילי בישראל בשנת 2025. מידע על תנאי הזכאות, ההליך המשפטי ועלויות. קבל הדרכה מקיפה מעורכי דין מומחים.",,4244,2026-05-22,2026-07-12,1084,0,73.1
3-seen-not-clicked,11834,articles,https://jus-tice.co.il/medical-malpractice-lawyer-birth-recommended/,עורך דין רשלנות רפואית בלידה מומלץ,,,דיני נזיקין,19513,2025-01-14,2026-07-06,1020,0,51.9
3-seen-not-clicked,12096,articles,https://jus-tice.co.il/medical-malpractice-lawyers-law-medical-israel/,עורכי דין מובילים בתחום רשלנות רפואית בעולם | עורכי הדין המובילים בתחום הרשלנות הרפואית בישראל,,,עורך דין,30497,2025-03-03,2026-07-02,979,0,55.1
3-seen-not-clicked,839,articles,https://jus-tice.co.il/speeding/,מהירות מופרזת,,"זה יכול לקרות לכל אחד - נסיעה במהירות מופרזת. אם קיבלתם דוח או הזמנה לדין, אל תוותרו ופנו אל עורך דין לתעבורה לייעוץ וייצוג משפטי.",דיני תעבורה,880,2019-03-24,2026-05-16,944,0,70.7
3-seen-not-clicked,3371,articles,https://jus-tice.co.il/prenuptial-agreements-overview/,הסכם ממון,%%title%% %%page%% %%sep%% מהם הסכמי ממון למי זה מתאים ואיך לעשות? %%sitename%%,רוצים ליהנות משקט נפשי בזוגיות שלכם ומביטחון כלכלי? הסכם ממון הוא התשובה. הסכם זה מסדיר את חלוקת הרכוש בין הצדדים בעת פרידה ומונע מאבק משפטי.,דיני משפחה,2278,2021-05-22,2026-05-16,941,0,84.8
3-seen-not-clicked,1751,articles,https://jus-tice.co.il/traffic-lawyer/,עורך דין תעבורה,%%title%% %%page%% %%sep%% עורכי דין לענייני תעבורה %%sep%% %%sitename%%,,דיני תעבורה,2565,2020-03-16,2026-05-16,934,0,48.3
3-seen-not-clicked,19217,page,https://jus-tice.co.il/family-dispute-resolution/,יישוב סכסוך במשפחה: מה קורה לפני תביעה ומה צריך להכין,,,,3826,2026-05-10,2026-05-10,932,0,49.8
3-seen-not-clicked,2921,articles,https://jus-tice.co.il/inheritance-order/,צו ירושה | מה זה צו ירושה?| מדריך הגשת בקשה לצו ירושה,,,דיני משפחה|ירושות וצוואות|ענייני ירושה,3939,2021-02-24,2026-05-16,925,0,31.2
3-seen-not-clicked,341,articles,https://jus-tice.co.il/labor-lawyer/,עורך דין דיני עבודה | ייעוץ משפטי בדיני עבודה,,,עורך דין,1270,2019-02-27,2024-02-25,856,0,50.3
3-seen-not-clicked,19212,page,https://jus-tice.co.il/divorce-mediation/,"גישור גירושין: מתי זה נכון, איך מתכוננים ומה חשוב לבדוק",,,,4627,2026-05-10,2026-05-22,843,0,62.3
3-seen-not-clicked,3510,articles,https://jus-tice.co.il/request-for-family-dispute-settlements/,בקשה ליישוב סכסוך | טופס בקשה ליישוב סכסוך,,עומדים בפני הליך גירושין? שימו לב כי לפני פנייה לערכאות משפטיות תידרשו להגיש בקשה ליישוב סכסוך ולקיים הליך הידברות ביניכם במסגרת יחידת הסיוע.,גירושין,1651,2021-05-30,2026-05-16,831,0,61.8
3-seen-not-clicked,19312,articles,https://jus-tice.co.il/pre-indictment-hearing/,"שימוע לפני כתב אישום | המדריך המלא: זכויות, הכנה ותוצאות",,,משפט פלילי,1781,2026-05-14,2026-07-02,807,0,71.4
3-seen-not-clicked,1142,articles,https://jus-tice.co.il/lawyer-for-buying-or-selling-a-house/,"עורך דין קניית דירה | עו""ד מכירת דירה | מומחה בעסקאות מקרקעין",,,עורך דין,3831,2020-01-09,2026-05-17,799,0,62.5
3-seen-not-clicked,10657,articles,https://jus-tice.co.il/portugal-citizenship/,אזרחות פורטוגל 2024 | איך לקבל אזרחות בפורטוגל,,,פורטוגל,4724,2024-01-31,2026-05-16,799,0,36.4
3-seen-not-clicked,9918,articles,https://jus-tice.co.il/japan-attorneys/,עורך דין יפן- ייצוג משפטי ביפן,,,עורך דין,32719,2023-09-07,2026-05-16,770,0,10.0
3-seen-not-clicked,20330,page,https://jus-tice.co.il/divorce-lawyer-cost/,"כמה עולה עורך דין גירושין: מחירים, שכר טרחה",עלות עורך דין גירושין לפי הליך | Jus-Tice,,,507,2026-05-23,2026-07-12,766,0,70.4
3-seen-not-clicked,9988,articles,https://jus-tice.co.il/rental-agreement/,מה זה הסכם שכירות | חוזה שכירות,,,"מקרקעין | נדל""ן",9580,2023-09-14,2026-05-16,712,0,41.9
3-seen-not-clicked,19311,articles,https://jus-tice.co.il/criminal-indictment/,"כתב אישום פלילי | המדריך המקיף: שלבים, זכויות והגנה",,,משפט פלילי,2951,2026-05-14,2026-07-02,699,0,68.5
3-seen-not-clicked,8932,articles,https://jus-tice.co.il/buying-property-in-greece/,רכישת נכס ביוון | תהליך קניית בית ביוון | כמה עולה דירה ביוון,%%title%% %%page%%,,"מקרקעין | נדל""ן",54832,2023-03-21,2026-05-17,677,0,28.7
3-seen-not-clicked,5316,articles,https://jus-tice.co.il/what-is-money-laundering/,מהי הלבנת הון?| עבירה פלילית הלבנת כספים בלתי חוקיים,,,משפט פלילי,16304,2021-06-15,2026-05-18,630,0,62.7
3-seen-not-clicked,19211,page,https://jus-tice.co.il/consensual-divorce/,גירושין בהסכמה: איך בונים הסכם שמחזיק לאורך זמן,גירושין בהסכמה: ההליך שלב אחר שלב | Jus-Tice,,,4657,2026-05-10,2026-07-06,627,0,59.8
3-seen-not-clicked,921,articles,https://jus-tice.co.il/working-permit-for-foreign-workers/,העסקת עובד זר מומחה,,,דיני עבודה,4031,2019-04-02,2026-05-16,597,0,39.6
3-seen-not-clicked,7386,articles,https://jus-tice.co.il/civil-law-article-7386-israel-compensation-court/,אקטואר מהו? מדע אקטוארי,,,ביטוח,7125,2022-06-09,2026-05-22,592,0,21.8
3-seen-not-clicked,11853,articles,https://jus-tice.co.il/online-family-law-services/,"שירותי אונליין מומלצים בתחום דיני משפחה וגירושין | עו""ד משפחה מקוון",,,דיני משפחה,16056,2025-01-18,2026-05-17,588,0,71.5
3-seen-not-clicked,20275,page,https://jus-tice.co.il/cohabiting-couples-rights/,"זכויות ידועים בציבור: מה מגיע, מה לא ואיך מוכיחים","זכויות ידועים בציבור | מה מגיע, מה לא ואיך מוכיחים | Jus-Tice",,,592,2026-05-23,2026-07-12,577,0,60.9
3-seen-not-clicked,20439,page,https://jus-tice.co.il/inheritance-dispute/,"סכסוך ירושה בין יורשים: פתרון, ביטול צוואה","סכסוך ירושה בין יורשים | פתרון, ביטול צוואה | Jus-Tice",,,252,2026-05-23,2026-07-12,553,0,51.1
3-seen-not-clicked,9981,articles,https://jus-tice.co.il/balloon-payment-mortgage/,מהי משכנתא בלון? | הלוואת בלון,,,"מקרקעין | נדל""ן",1735,2023-09-14,2026-05-16,549,0,32.6
3-seen-not-clicked,2196,articles,https://jus-tice.co.il/notice-of-dismissal/,הודעה מוקדמת לפיטורים | דוגמא למכתב פיטורין,,,,1638,2020-04-13,2021-08-16,529,0,71.3
3-seen-not-clicked,9012,articles,https://jus-tice.co.il/real-estate-agent/,"תיווך נדל""ן: מתווך - סוכן נדל""ן",,,"מקרקעין | נדל""ן",11681,2023-03-24,2026-05-16,525,0,30.0
3-seen-not-clicked,20210,page,https://jus-tice.co.il/inheritance-lawyer/,עורך דין ירושה וצוואות,עורך דין ירושה וצוואות - צו ירושה והתנגדות | Jus-Tice,"עורך דין ירושה וצוואות: צו ירושה, צו קיום צוואה, התנגדות לצוואה וירושה בינלאומית. מדריך מלא לפי חוק הירושה, כולל עלויות ושאלות נפוצות.",,3492,2026-05-22,2026-07-02,516,0,47.4
3-seen-not-clicked,3242,articles,https://jus-tice.co.il/punishment-of-parents-and-relatives-for-negligently-causing-death/,מדיניות העמדה לדין וענישה של הורים וקרובי משפחה בגין גרימת מוות ברשלנות של בני משפחתם,,,דיני נזיקין,3009,2021-04-28,2026-05-16,510,0,74.7
3-seen-not-clicked,8265,articles,https://jus-tice.co.il/drug-offenses-criminal-law-lawyer-recommendations-criminal/,"עורך דין פלילי סמים | המלצות עו""ד פלילי לעבירות סמים",,,משפט פלילי,994,2022-12-13,2026-05-18,504,0,80.9
3-seen-not-clicked,6157,articles,https://jus-tice.co.il/sex-crime-lawyer/,"עורך דין לענייני עבירות מין | טענות הגנה בעבירות מין | עו""ד פלילי חקירת עבירות מין",,,עורך דין,42981,2021-09-01,2026-05-16,495,0,51.8
3-seen-not-clicked,872,articles,https://jus-tice.co.il/detention-before-charge-or-trial/,מעצר עד תום ההליכים,,"מעצר עד תום ההליכים היא סנקציה פוגענית מאוד, אשר משמעותה כי הנאשם יישאר במעצר עד להכרעת הדין בעניינו. עו""ד פלילי יכול במקרים רבים למנוע מעצר עד תום ההליכים ולהביא לשחרור הנאשם.",משפט פלילי,939,2019-03-24,2026-05-18,494,0,62.8
3-seen-not-clicked,12219,articles,https://jus-tice.co.il/startup-company/,ליווי מקצועי לסטארטאפ: ייעוץ לחברות הזנק startup,,,עורך דין,23355,2025-03-07,2026-05-17,494,0,30.1
3-seen-not-clicked,4945,articles,https://jus-tice.co.il/tender-years-mother-custody-child-age-under-6/,חזקת הגיל הרך | משמורת ילדים עד גיל 6,,"חזקת הגיל הרך מעניקה משמורת אוטומטית לאמא כאשר הילדים מתחת לגיל 6. החריג למצב זה הוא כאשר האב מוכיח כי היא אינה כשירה לטפל בילדים, או כאשר הגיעו ההורים להסכמה אחרת ביניהם.",דיני משפחה,1112,2021-06-10,2026-05-16,484,0,39.2
3-seen-not-clicked,19275,articles,https://jus-tice.co.il/drug-possession/,"החזקת סמים בישראל | עונשים, זכויות ואפשרויות משפטיות",,,משפט פלילי,1001,2026-05-13,2026-05-15,475,0,22.0
3-seen-not-clicked,10325,articles,https://jus-tice.co.il/portugal-real-estate/,"מדריך נדל""ן פורטוגל | רכישת דירה בפורטוגל | השקעה בפורטוגל",%%title%% %%page%%,,פורטוגל,22513,2023-12-05,2026-05-16,473,0,45.7
3-seen-not-clicked,11821,articles,https://jus-tice.co.il/choose-usa-attorney/,איך לבחור עורך דין בארצות הברית,,,עורך דין,5479,2025-01-14,2026-05-16,470,0,45.5
3-seen-not-clicked,12558,articles,https://jus-tice.co.il/dun-bradstreet/,סוכנות הדירוג Dun & Bradstreet (D&B) ודירוג Dun’s 100,,,,20461,2025-05-28,2026-07-02,435,0,8.4
3-seen-not-clicked,11482,articles,https://jus-tice.co.il/cerebral-palsy/,שיתוק מוחין בלידה | שיתוק מוחי |  (Cerebral Palsy (CP,,,,15449,2024-09-03,2026-05-16,422,0,42.1
3-seen-not-clicked,11880,articles,https://jus-tice.co.il/cyber-lawyer/,"עורך דין סייבר | עו""ד לענייני סייבר | דיני סייבר והגנת פרטיות",,,סייבר,12231,2025-01-28,2026-05-16,391,0,31.9
3-seen-not-clicked,7685,articles,https://jus-tice.co.il/lawyer-near-me-criminal-law/,עורכי הדין להגנה פלילית הטובים ביותר בקרבתי - דירוגי עורכי דין,עורך דין פלילי בקרבת מקום | איתור לפי עיר | Jus-Tice,,משפט פלילי,3642,2022-09-01,2026-07-06,385,0,38.6
3-seen-not-clicked,10696,articles,https://jus-tice.co.il/list-of-taxes-portugal/,רשימת מיסים פורטוגל |  סוגי המסים בפורטוגל,,,פורטוגל,688,2024-02-03,2026-05-16,368,0,26.0
3-seen-not-clicked,6884,articles,https://jus-tice.co.il/criminal-indictment-cancellation-withdrawal-israel/,מחיקת כתב אישום | חזרה מכתב אישום | ביטול כתב אישום,,,משפט פלילי,1800,2022-03-12,2026-05-22,366,0,70.6
3-seen-not-clicked,19277,articles,https://jus-tice.co.il/driving-under-influence/,נהיגה בשכרות ותחת השפעת סמים בישראל | עונשים וזכויות,,,משפט פלילי,881,2026-05-13,2026-05-15,361,0,43.4
3-seen-not-clicked,8400,articles,https://jus-tice.co.il/medical-malpractice-pregnancy-birth/,רשלנות רפואית במהלך הריון ולידה רשימת דברים שכדאי לדעת,,,דיני נזיקין,496,2023-01-10,2026-05-16,359,0,77.1
3-seen-not-clicked,344,articles,https://jus-tice.co.il/tort-lawyer/,"תביעת נזיקין | עו""ד נזיקין ופיצויים",,,דיני נזיקין,906,2019-02-27,2026-05-16,339,0,72.9
3-seen-not-clicked,11982,articles,https://jus-tice.co.il/lawyers-cyber/,תפקידם של עורכי דין בתחום הסייבר,,,עורך דין,17227,2025-02-15,2026-07-02,335,0,26.9
3-seen-not-clicked,5288,articles,https://jus-tice.co.il/intellectual-property-lawyer/,"עורך דין קניין רוחני | עו""ד פטנטים",,,עורך דין,6851,2021-06-13,2026-05-16,330,0,39.3
3-seen-not-clicked,19300,articles,https://jus-tice.co.il/tax-crimes/,"עבירות מס בישראל | סוגים, עונשים והגנות משפטיות",,,משפט פלילי,1051,2026-05-13,2026-05-15,327,0,34.6
3-seen-not-clicked,7743,articles,https://jus-tice.co.il/criminal-law-lawyer-criminal/,עורך דין פלילי אירופה | הגנה פלילית יעילה מזרח אירופה,,,משפט פלילי,235827,2022-09-15,2026-05-17,322,0,8.6
3-seen-not-clicked,11755,articles,https://jus-tice.co.il/top-criminal-lawyer-tel-aviv/,עורך דין פלילי בתל אביב,,,משפט פלילי,3530,2025-01-06,2026-05-18,322,0,54.8
3-seen-not-clicked,3473,articles,https://jus-tice.co.il/search-engine-optimization/,קידום אתר אינטרנט במנועי חיפוש | אופטימיזציה למנועי חיפוש SEO | קידום אורגני,,,,11410,2021-05-28,2026-05-17,321,0,21.9
3-seen-not-clicked,3306,articles,https://jus-tice.co.il/how-much-does-prenup-cost/,כמה עולה הסכם ממון?,%%title%% %%page%% %%sep%% מחיר הסכם ממון ועלויות %%sep%% %%sitename%%,"עלותו של הסכם ממון תלויה ברכיבים שונים. בין היתר, יש לבחון מהו היקף הרכוש של בני הזוג, האם מדובר בנכסים מורכבים ומהי מידת ההסכמה ביניהם בסוגיה זו.",דיני משפחה,908,2021-05-06,2026-05-16,320,0,30.1
3-seen-not-clicked,6894,articles,https://jus-tice.co.il/apostille/,מה זה אפוסטיל? אישור אפוסטיל בישראל,,,משרד המשפטים,1784,2022-03-14,2026-05-16,319,0,55.4
3-seen-not-clicked,8047,articles,https://jus-tice.co.il/compensation-apartment-contractor-10300-02-21/,"פיצוי בגין איחור במסירת דירה מקבלן (ת""א 10300-02-21)",,,"מקרקעין | נדל""ן",5024,2022-11-13,2026-05-16,319,0,70.2
3-seen-not-clicked,8232,articles,https://jus-tice.co.il/mediation-divorce/,מה זה גישור גירושין  | איך תהליך גירושין בגישור עובד?,,,גירושין,3110,2022-12-11,2026-05-16,317,0,79.5
3-seen-not-clicked,3381,articles,https://jus-tice.co.il/prenuptial-agreement-sample/,הסכם ממון דוגמא | הורדת הסכם ממון,,,דיני משפחה,951,2021-05-22,2026-05-16,316,0,34.8
3-seen-not-clicked,3315,articles,https://jus-tice.co.il/blood-alcohol-content-breathalyzer/,מַד שִׁכּוֹרוּת | בודק נשימה ראייתי,,,,9548,2021-05-07,2026-05-16,303,0,43.0
3-seen-not-clicked,3007,articles,https://jus-tice.co.il/2019-2020-major-supreme-court-ruling/,פסקי דין מרכזיים של בית המשפט העליון לשנים 2019־2020,,,,40649,2021-03-14,2026-05-16,301,0,11.6
3-seen-not-clicked,3061,articles,https://jus-tice.co.il/employer-worker-relationship/,יחסי עובד–מעביד,,,,7018,2021-03-19,2026-05-16,291,0,57.5
3-seen-not-clicked,3300,articles,https://jus-tice.co.il/changing-or-canceling-a-prenuptial-agreement/,ביטול הסכם ממון,%%title%% %%page%% %%sep%% שינוי הסכם ממון %%sep%% %%sitename%%,"ביטול הסכם ממון מתאפשר במקרים נדירים, בהם הוכח כי נפל פגם מהותי מאוד בהסכם כמו עושק, כפייה או הטעיה מצד בן זוג אחד כלפי האחר.",דיני משפחה,928,2021-05-06,2026-05-16,291,0,60.2
3-seen-not-clicked,3118,articles,https://jus-tice.co.il/how-much-does-a-divorce-agreement-cost/,כמה עולה הסכם גירושין? | עלות הסכם גירושין,,"מהי העלות של הסכם גירושין היא שאלה חשובה עבור כל זוג שהחליט להתגרש. התשובה תלויה בהיקף הסוגיות שיש להסדיר, במורכבות שלהן וכן בשאלה האם קיימת הסכמה בין הצדדים.",דיני משפחה,1072,2021-03-29,2026-05-16,288,0,59.0
3-seen-not-clicked,20306,page,https://jus-tice.co.il/small-claims-court-israel/,"בית משפט לתביעות קטנות: כמה, איך ומתי","בית משפט לתביעות קטנות | כמה, איך ומתי | Jus-Tice",,,732,2026-05-23,2026-07-12,280,0,47.2
3-seen-not-clicked,7910,articles,https://jus-tice.co.il/companyregistrationform2/,בקשה לרישום חברה אונליין | טופס 1 בהתאם לסעיף 8 לחוק החברות (להורדה חינם),,,מסחרי-אזרחי,9620,2022-10-26,2026-05-16,276,0,45.7
3-seen-not-clicked,5871,articles,https://jus-tice.co.il/2017-2018-major-supreme-court-ruling/,פסקי דין מרכזיים של בית המשפט העליון לשנת המשפט 2018-2017,,,בית המשפט העליון,40065,2017-01-01,2026-05-16,275,0,23.0
3-seen-not-clicked,9996,articles,https://jus-tice.co.il/bar-exam-worldwide/,מהי בחינת לשכת עורכי הדין סקירה בינלאומית,,,עורך דין,6495,2023-09-18,2026-05-16,271,0,23.6
3-seen-not-clicked,11969,articles,https://jus-tice.co.il/real-estate-guide-complete-2025/,"איך לקנות נדל""ן בזול ולהרוויח: המדריך המלא 2025",,,,10059,2025-02-12,2026-05-16,269,0,14.5
3-seen-not-clicked,6066,articles,https://jus-tice.co.il/testimony-investigation-law/,עדות כוזבת או סותרת בחקירה או במשפט מדיניות פתיחה בחקירה והעמדה לדין,,,משפט פלילי,2934,2021-08-19,2026-05-18,266,0,45.5
3-seen-not-clicked,11489,articles,https://jus-tice.co.il/malpractice-cerebral-palsy/,רשלנות רפואית בנוגע לשיתוק מוחין,,,דיני נזיקין,1661,2024-09-08,2026-05-16,264,0,47.7
3-seen-not-clicked,20436,page,https://jus-tice.co.il/construction-permit-violation/,"בנייה ללא היתר: עונשים, הכשרה, הריסה","בנייה ללא היתר | עונשים, הכשרה, הריסה | Jus-Tice",,,252,2026-05-23,2026-07-12,263,0,33.6
3-seen-not-clicked,7491,articles,https://jus-tice.co.il/china-lawyers/,"עורך דין סין | עו""ד ישראלי בסין | לווי משפטי משרד בסין",עורך דין סין | לווי משפטי בסין | עורכי דין ישראלים בסין,,עורך דין,42652,2022-06-19,2026-05-16,262,0,13.0
3-seen-not-clicked,9995,articles,https://jus-tice.co.il/brazil-lawyers/,"עורך דין ברזיל | עו""ד ישראלי בברזיל | נוטריון",,,עורך דין,9659,2023-09-18,2026-05-16,261,0,7.7
3-seen-not-clicked,19214,page,https://jus-tice.co.il/child-custody/,משמורת ילדים וזמני שהות: איך מתכננים הסדר שמתאים לילדים,,,,4520,2026-05-10,2026-05-22,260,0,63.6
3-seen-not-clicked,20226,page,https://jus-tice.co.il/surgical-errors-medical-malpractice/,"רשלנות רפואית בניתוח: פיצויים, ניתוח שגוי, זיהומים","רשלנות רפואית בניתוח | פיצויים, ניתוח שגוי, זיהומים | Jus-Tice",,,2321,2026-05-22,2026-07-12,258,0,78.1
3-seen-not-clicked,2731,articles,https://jus-tice.co.il/law-2731/,חוק הודעה מוקדמת לפיטורים ולהתפטרות עם הסברים לחוק המקורי,,,,423,2020-10-20,2026-05-16,256,0,67.6
3-seen-not-clicked,20225,page,https://jus-tice.co.il/birth-injury/,"רשלנות רפואית בלידה: פיצויים, שיתוק מוחין ותביעה",פגיעה בלידה: זכויות התביעה של ההורים | Jus-Tice,,,4304,2026-05-22,2026-07-12,253,0,71.9
3-seen-not-clicked,19273,articles,https://jus-tice.co.il/drug-trafficking/,"סחר בסמים בישראל | עונשים, הגנות וכל מה שצריך לדעת",,,משפט פלילי,979,2026-05-13,2026-05-15,252,0,18.4
3-seen-not-clicked,20246,page,https://jus-tice.co.il/prenuptial-agreement/,"הסכם ממון לפני נישואים: מה כולל, עלות ותהליך","הסכם ממון לפני נישואים | מה כולל, עלות ותהליך | Jus-Tice",,,1671,2026-05-22,2026-07-12,249,0,87.4
3-seen-not-clicked,7455,articles,https://jus-tice.co.il/court-judge-decision-request-process-civil/,"השופט יחזקאל אליהו: החלטה בבקשה לצרף תובענה להליך אזרחי המתקיים בבית משפט במחוז אחר במסגרת סכסוך בין בני זוג (תלה""מ 34809-06-21)",,,בית המשפט לענייני משפחה,13963,2022-06-13,2026-05-16,247,0,6.1
3-seen-not-clicked,8218,articles,https://jus-tice.co.il/lawyer-divorce-israel/,"מה זה עורך דין גירושין | מה עושה עו""ד גירושין בישראל",,,דיני משפחה,2968,2022-12-10,2026-05-16,246,0,79.5
3-seen-not-clicked,7983,articles,https://jus-tice.co.il/request/,בקשה לרישום מכר,,,"מקרקעין | נדל""ן",98,2022-11-03,2026-05-16,242,0,16.6
3-seen-not-clicked,5405,articles,https://jus-tice.co.il/joint-custody-shared-parenting/,משמורת משותפת,,"משמורת משותפת יכולה להטיב מאוד עם הילדים אם הקשר בין ההורים מתאים לכך ואם היא נעשית באופן נכון. אם לא מתקיימות הנסיבות המתאימות, משמורת מלאה תהיה עדיפה.",דיני משפחה,1974,2021-06-28,2026-05-16,241,0,78.2
3-seen-not-clicked,9648,articles,https://jus-tice.co.il/what-is-medical-malpractice-definition-examples/,מהי רשלנות רפואית? הגדרה ודוגמאות,,,דיני נזיקין,2435,2023-06-07,2026-05-16,238,0,36.6
3-seen-not-clicked,10851,articles,https://jus-tice.co.il/lisbon-portugal/,"ליסבון | לווי משפטי | עו""ד ליסבון פורטוגל",,,פורטוגל,14240,2024-02-20,2026-05-16,238,0,9.0
3-seen-not-clicked,5463,articles,https://jus-tice.co.il/alimony-lawsuit-31090-06-17/,"חיוב אם במזונות: תביעה למזונות והחזר כספים (תלה""מ 31090-06-17)",,,דיני משפחה,10834,2021-06-30,2026-05-16,232,0,58.4
3-seen-not-clicked,10611,articles,https://jus-tice.co.il/cyprus-corporate-tax/,מס חברות קפריסין | מיסים על הכנסות תאגידים,,,מיסים,10109,2024-01-21,2026-05-16,232,0,8.8
3-seen-not-clicked,877,articles,https://jus-tice.co.il/detention-days/,מעצר ימים,,מעצר ימים הוא מעצר לצרכי חקירה ונעשה בו שימוש רב מאוד בהליך הפלילי. ייצוג של עורך דין פלילי יכול במקרים רבים למנוע את המעצר ולהביא לשחרור החשוד.,משפט פלילי,954,2019-03-24,2026-05-18,228,0,81.8
3-seen-not-clicked,19281,articles,https://jus-tice.co.il/fraud-types/,"עבירות הונאה ומרמה בישראל | סוגים, עונשים והגנות משפטיות",,,משפט פלילי,844,2026-05-13,2026-05-15,226,0,38.4
3-seen-not-clicked,5638,articles,https://jus-tice.co.il/law-compensation-cancellation-2012/,"חוק שירותי תעופה (פיצוי וסיוע בשל ביטול טיסה או שינוי בתנאיה), התשע״ב-2012*",,,,24350,2021-07-20,2026-05-16,216,0,32.2
3-seen-not-clicked,3604,articles,https://jus-tice.co.il/what-is-a-law-firm/,"מהי פירמת עורכי דין? סקירת עו""ד עולמית",,,עורך דין,14571,2021-06-01,2026-05-17,210,0,15.3
3-seen-not-clicked,20287,page,https://jus-tice.co.il/real-estate-developer-dispute/,"תביעה נגד קבלן: ליקויי בנייה, פיצויים ואחריות","תביעה נגד קבלן | ליקויי בנייה, פיצויים ואחריות | Jus-Tice",,,642,2026-05-23,2026-07-12,208,0,47.2
3-seen-not-clicked,8230,articles,https://jus-tice.co.il/lawyer-company-companies/,פירוק חברה רשם החברות ללא עורך דין פטור מתשלום,,,,656,2022-12-11,2026-05-16,203,0,50.6
3-seen-not-clicked,12342,articles,https://jus-tice.co.il/tax-lawyer/,עורך דין מיסים | המדריך המלא לדיני מיסים בישראל 2025,,,עורך דין,17295,2025-03-23,2026-07-02,201,0,20.9
3-seen-not-clicked,7199,articles,https://jus-tice.co.il/family-law-lawyer-divorce-wills-law-recommendations/,כיצד לבחור משרד עורכי דין לגירושין - המלצות וניהול פגישת ייעוץ ראשונה,,,גירושין,2824,2022-05-22,2026-05-24,194,0,84.0
3-seen-not-clicked,11590,articles,https://jus-tice.co.il/benzur-korb-co/,בן צור קורב ושות' – משרד עורכי דין,,,משפט פלילי,887,2024-09-22,2026-05-18,194,0,11.0
3-seen-not-clicked,19315,articles,https://jus-tice.co.il/domestic-violence/,"אלימות במשפחה | צו הגנה, זכויות, עונשים והגנה משפטית",,,משפט פלילי,1822,2026-05-14,2026-07-02,194,0,68.9
3-seen-not-clicked,19304,articles,https://jus-tice.co.il/criminal-appeal/,"ערעור פלילי בישראל | מתי, איך ומה סיכויי ההצלחה",,,משפט פלילי,1072,2026-05-13,2026-05-15,192,0,54.3
3-seen-not-clicked,11328,articles,https://jus-tice.co.il/portuguese-bar-association/,לשכת עורכי הדין הפורטוגלית,,,פורטוגל,1013,2024-07-18,2026-05-16,188,0,39.0
3-seen-not-clicked,8385,articles,https://jus-tice.co.il/divorce-business-property-expert/,"גירושין: חלוקת עסק - נכס או מוניטין? מעמדה של חו""ד מומחה",,,דיני משפחה,3710,2023-01-10,2026-05-16,187,0,29.5
3-seen-not-clicked,12406,articles,https://jus-tice.co.il/criminal-law-review-procedure-law-detention-2025/,סקירת 2025 סדר דין פלילי - חוק המעצרים,,,משפט פלילי,20131,2025-04-07,2026-07-02,185,0,26.3
3-seen-not-clicked,8346,articles,https://jus-tice.co.il/medical-malpractice-israel-medical/,מקרי רשלנות רפואית בישראל | דוגמאות לרשלנות רפואית,,,דיני נזיקין,695,2023-01-03,2026-05-16,180,0,63.2
3-seen-not-clicked,12082,articles,https://jus-tice.co.il/lawyer-capital-market-offenses/,עורך דין לעבירות שוק ההון,,,עורך דין,18625,2025-03-01,2026-07-02,180,0,38.6
3-seen-not-clicked,2619,articles,https://jus-tice.co.il/verdict-law-340-52446-06-16/,"פס""ד אמיר ברמלי-רוביקון | הכרעת דין בפרשת הונאת משקיעים בהיקף משוער של כ-340 מיליון ש""ח (ת""פ 52446-06-16)",,,,125280,2020-10-13,2026-05-16,179,0,9.8
3-seen-not-clicked,10095,articles,https://jus-tice.co.il/south-african-property-law/,"עו""ד דיני מקרקעין וקניין בדרום אפריקה",,,"מקרקעין | נדל""ן",18161,2023-09-29,2026-05-16,179,0,10.1
3-seen-not-clicked,19271,articles,https://jus-tice.co.il/murder-charges/,"עבירות רצח והריגה בישראל | סיווג, עונשים והגנות משפטיות",,,משפט פלילי,1085,2026-05-13,2026-05-15,178,0,58.5
3-seen-not-clicked,9488,articles,https://jus-tice.co.il/portugal-golden-visa/,כיצד לקבל תושבות תמורת השקעה פורטוגל (ויזת זהב/גולדן ויזה),%%title%% %%page%% %%sep%% עורך דין מומלץ,,פורטוגל,12133,2023-05-20,2026-05-16,177,0,11.2
3-seen-not-clicked,6676,articles,https://jus-tice.co.il/privacy-review/,פגיעה בפרטיות-סקירת המסגרת הנורמטיבית,,,,1513,2022-02-10,2026-05-16,172,0,49.6
3-seen-not-clicked,7421,articles,https://jus-tice.co.il/criminal-evidence/,"סגירת תיק פלילי בעילת ""חוסר ראיות"" ובעילת ""העדר אשמה""",,,משפט פלילי,5373,2022-06-11,2026-05-18,169,0,58.2
3-seen-not-clicked,11553,articles,https://jus-tice.co.il/medical-malpractice-lawyer-lawsuit-surgery-medical/,תביעת רשלנות רפואית בניתוח | עורך דין רשלנות רפואית בניתוח,,,דיני נזיקין,4737,2024-09-16,2026-05-16,168,0,76.9
3-seen-not-clicked,9351,articles,https://jus-tice.co.il/american-bar-association/,לשכת עורכי הדין האמריקאית ABA,,,עורך דין,8525,2023-04-13,2026-05-16,162,0,59.5
3-seen-not-clicked,6556,articles,https://jus-tice.co.il/investigation-guide-criminal/,"איך להתכונן לחקירה במשטרה? מדריך עו""ד פלילי",,,משפט פלילי,990,2022-01-18,2026-05-18,161,0,68.1
3-seen-not-clicked,20212,page,https://jus-tice.co.il/lawyer-divorce-guide-proceedings-costs-rights/,זכויות בהליך גירושין וייצוג משפטי: המדריך המלא,,,,18099,2026-05-22,2026-07-06,157,0,62.4
3-seen-not-clicked,20289,page,https://jus-tice.co.il/divorce-women-rights-israel/,"זכויות האישה בגירושין: רכוש, מזונות, פנסיה","זכויות האישה בגירושין | רכוש, מזונות, פנסיה | Jus-Tice",,,543,2026-05-23,2026-07-12,157,0,33.0
3-seen-not-clicked,10791,articles,https://jus-tice.co.il/portuguese-people/,העם הפורטוגזי | מיהם הפורטוגלים | יהודים ספרדים פורטוגל,,,פורטוגל,14488,2024-02-14,2026-05-16,153,0,7.9
3-seen-not-clicked,8164,articles,https://jus-tice.co.il/offense/,סיוע משפטי לנפגעי עבירה,,,משרד המשפטים,3655,2022-12-07,2026-05-16,152,0,69.3
3-seen-not-clicked,10860,articles,https://jus-tice.co.il/apartment/,"רכישת דירה בחו""ל | מדריך סוגי דירות | השקעות נדל""ן חו""ל",,,"מקרקעין | נדל""ן",10144,2024-02-21,2026-05-17,152,0,23.3
3-seen-not-clicked,5609,articles,https://jus-tice.co.il/car-accident-lawyer-punishment-offenses-criminal/,עונש מורשע בעבירות של גרם מוות ברשלנות בתאונת דרכים | עורך דין תעבורה פלילי,,,משפט פלילי,10404,2021-07-07,2026-05-18,151,0,74.2
3-seen-not-clicked,1224,articles,https://jus-tice.co.il/prenup-attorney/,"עו""ד הסכם ממון | עורך דין מומלץ הסכם ממון",,,עורך דין,2405,2020-01-15,2026-05-16,150,0,70.4
3-seen-not-clicked,5685,articles,https://jus-tice.co.il/judge-decision-company-41109-07-21/,"השופט אביגדור דורות: החלטה בתיק חדלות פירעון של חברת סטודיו C (חדל""ת 41109-07-21)",,,מסחרי-אזרחי,2692,2021-07-29,2026-05-16,150,0,7.0
3-seen-not-clicked,11960,articles,https://jus-tice.co.il/consultant-real-estate/,"האם כדאי לעבוד עם יועץ נדל""ן?",,,"מקרקעין | נדל""ן",699,2025-02-11,2026-05-16,148,0,32.3
3-seen-not-clicked,2915,articles,https://jus-tice.co.il/what-is-bitcoin/,מה זה ביטקוין? ( ₿ ) קניית ביטקוין | כריית ביטקוין,,,בלוקצ'יין ומטבעות קריפטוגרפים,13433,2021-02-23,2026-05-16,147,0,32.8
3-seen-not-clicked,3468,articles,https://jus-tice.co.il/2018-2019-major-supreme-court-ruling/,פסקי דין מרכזיים של בית המשפט העליון לשנת המשפט 2019-2018,,,,42310,2021-05-28,2026-05-16,146,0,11.3
3-seen-not-clicked,3157,articles,https://jus-tice.co.il/what-is-a-divorce-settlement-agreement/,הסכם גירושין,מהו %%title%% %%page%% %%sep%% מה צריך לכלול הסכם הסדר גירושין?%%sep%% %%sitename%%,שוקלים לחתום על הסכם גירושין? אתם בדרך הנכונה לגירושין קלים יותר וחסכוניים יותר. ההסכם יסדיר את כל הסוגיות העולות בעקבות הפרידה וימנע את הצורך במעורבות הערכאות המשפטיות.,דיני משפחה,1292,2021-04-09,2026-05-16,142,0,77.9
3-seen-not-clicked,8066,articles,https://jus-tice.co.il/criminal-procedure-article-8066-israel-rights/,תנאי ההסגרה וסייגיה,,,משפט פלילי,27514,2022-11-16,2026-05-22,141,0,43.3
3-seen-not-clicked,9468,articles,https://jus-tice.co.il/criminal-law-lawyer-international/,עורך דין משפט פלילי בינלאומי,,,משפט פלילי,21398,2023-05-18,2026-05-18,141,0,58.5
3-seen-not-clicked,20254,page,https://jus-tice.co.il/child-support-guide/,"מזונות ילדים: חישוב, זכאות, שינוי ואכיפה","מזונות ילדים | חישוב, זכאות, שינוי ואכיפה | Jus-Tice",,,1071,2026-05-23,2026-07-12,141,0,57.3
3-seen-not-clicked,3207,articles,https://jus-tice.co.il/marital-property-agreement/,הסכם ממון על דירה |  מתי הסכם ממון לא תופס,,,דיני משפחה,1965,2021-04-25,2026-05-16,140,0,60.5
3-seen-not-clicked,6534,articles,https://jus-tice.co.il/evidence-44000-02-21/,"תעבורה: קבילות וחוקיות ראיות שהונפקו ממערכת ""עין הנץ"" (ת""פ 44000-02-21)",,,דיני תעבורה,16291,2022-01-02,2026-05-16,140,0,6.1
3-seen-not-clicked,6861,articles,https://jus-tice.co.il/medical-malpractice-attorney/,שכר טרחה עורך דין רשלנות רפואית,,,דיני נזיקין,1684,2022-03-10,2026-05-16,140,0,27.1
3-seen-not-clicked,3113,articles,https://jus-tice.co.il/cancel-a-divorce-settlement-agreement/,ביטול הסכם גירושין,%%title%% %%page%% %%sep%% האם ניתן לבטל הסכם גירושין? %%sep%% %%sitename%%,"זה לא פשוט בכלל אבל זה אפשרי – ניתן לבטל הסכם גירושין בהתקיים נסיבות מסוימות. כך למשל, כאשר הוכח כי ההסכם לא נחתם מרצון חופשי אלא מכפייה או עושק.",דיני משפחה,858,2021-03-26,2026-05-16,138,0,64.6
3-seen-not-clicked,9571,articles,https://jus-tice.co.il/cybersex-trafficking/,"עורך דין סחר במין סייבר | עו""ד פשעי מין אינטרנט וסייבר",,,משפט פלילי,5346,2023-05-31,2026-05-18,136,0,11.2
3-seen-not-clicked,834,articles,https://jus-tice.co.il/driving-under-the-influence/,נהיגה בשכרות,,"נתפסת על נהיגה בשכרות? פנה אל עורך דין תעבורה לקבלת ייצוג משפטי מקצועי, במסגרתו יפעל עורך הדין למניעת כתב אישום, זיכוי מן העבירה או הסדר טיעון מקל.",דיני תעבורה,907,2019-03-24,2026-05-16,134,0,79.4
3-seen-not-clicked,10948,articles,https://jus-tice.co.il/international-regulation/,רגולציה בינלאומית |  תקינה ורגולציה עולמית,,,,1631,2024-02-27,2026-05-16,134,0,48.4
3-seen-not-clicked,8463,articles,https://jus-tice.co.il/43967-07-20/,"מאסר בגין הטרדה מינית והתנכלות באמצעות רשת הטלגרם (ת""פ 43967-07-20)",,,פלילי פסקי דין חשובים,7012,2023-01-25,2026-05-16,133,0,15.4
3-seen-not-clicked,7674,articles,https://jus-tice.co.il/decision39696-06-16/,"פיצוי של 4,330,162 ₪ בגין רשלנות רפואית בטיפול ביילוד (היפוגליקמיה) ובהדרכת האם להנקתו ולהזנתו (ת""א 39696-06-16)",,,דיני נזיקין,19125,2022-08-29,2026-05-16,130,0,6.0
3-seen-not-clicked,3196,articles,https://jus-tice.co.il/common-law-marriage/,מהם ידועים בציבור?,,בני זוג המנהלים קשר זוגי ואינם נשואים הם ידועים בציבור. איזו משמעות יש להגדרה זו? האם זה חשוב? ומה זה הסכם חיים משותפים שכולם מדברים עליו?,דיני משפחה,887,2021-04-20,2026-05-16,127,0,77.7
3-seen-not-clicked,20294,page,https://jus-tice.co.il/fraud-offenses-israel/,"עבירות הונאה ומרמה: סוגים, ענישה והגנה","עבירות הונאה ומרמה | סוגים, ענישה והגנה | Jus-Tice",,,457,2026-05-23,2026-07-12,125,0,64.0
3-seen-not-clicked,3202,articles,https://jus-tice.co.il/returning-resident-rights-determining-tax-rate/,זכויות תושב חוזר ותיק וקביעת שיעור המס על מכירת מניות,,,,28810,2021-04-22,2026-05-16,123,0,35.2
3-seen-not-clicked,10334,articles,https://jus-tice.co.il/spain-real-estate/,"קניית בית בספרד | השקעה בנדל""ן ספרד -מדריך 2024 רכישה מכירה",,,"מקרקעין | נדל""ן",19288,2023-12-05,2026-05-16,123,0,12.1
3-seen-not-clicked,7109,articles,https://jus-tice.co.il/car-accident-compensation-39115-08-19/,"פיצוי בגין תאונת דרכים קורקינט (ת""א 39115-08-19)",,,דיני נזיקין,5984,2022-05-14,2026-05-16,119,0,27.5
3-seen-not-clicked,10022,articles,https://jus-tice.co.il/electronic-signature/,"חתימה אלקטרונית | אישור נוטריון עו""ד אונליין",,,עורך דין,6181,2023-09-19,2026-05-16,119,0,22.0
3-seen-not-clicked,5275,articles,https://jus-tice.co.il/americas-best-law-schools/,"בתי הספר הטובים ביותר למשפטים בארה""ב 2021-2022",,,עורך דין,1634,2021-06-12,2026-05-16,116,0,7.5
3-seen-not-clicked,5674,articles,https://jus-tice.co.il/privacy-violation-compensation-lawsuit-israel/,פיצוי כספי בגין פגיעה בפרטיות | צפייה ומחיקה של פריטים מהטלפון ללא רשות,,,,7115,2021-07-28,2026-05-22,115,0,38.4
3-seen-not-clicked,10841,articles,https://jus-tice.co.il/legal-services-in-portugal/,לווי משפטי פורטוגל | שירותים משפטיים בפורטוגל,,,פורטוגל,2020,2024-02-20,2026-05-16,115,0,44.1
3-seen-not-clicked,11868,articles,https://jus-tice.co.il/trusted-divorce-attorney-guide/,הליכי גירושין: בחירת עורך דין לענייני משפחה מומלץ בעל נסיון ומוניטין | מומחיות בעולם דיני המשפחה,,,דיני משפחה,7611,2025-01-23,2026-05-16,114,0,76.4
3-seen-not-clicked,20489,page,https://jus-tice.co.il/real-estate-lawyer-dimona/,עורך דין מקרקעין דימונה: מחירים ושירותים,עורך דין מקרקעין דימונה | מחירים ושירותים | Jus-Tice,,,131,2026-05-23,2026-07-12,114,0,9.8
3-seen-not-clicked,9310,articles,https://jus-tice.co.il/construction-law/,דיני תכנון ובניה,,,"מקרקעין | נדל""ן",6736,2023-04-04,2026-05-16,113,0,34.7
3-seen-not-clicked,6711,articles,https://jus-tice.co.il/sex-offenses-process-defense-law-account/,הוועדה הבין-משרדית לבחינת הטיפול בנפגעי עבירות מין בהליך הפלילי –  דין וחשבון,,,משפט פלילי,141504,2022-02-20,2026-05-18,111,0,19.3
3-seen-not-clicked,11687,articles,https://jus-tice.co.il/family-law-lawyer-recommended-divorce-wills-inheritances/,עורך דין מומלץ 2025 לתחום גירושין דיני משפחה צוואות וירושות - פירמת עורכי הדין רוטנברג דיני משפחה,עורך דין מומלץ דיני משפחה וגירושין - פירמת עורכי הדין רוטנברג דיני משפחה,,עורך דין,5457,2024-12-30,2026-05-16,111,0,55.1
3-seen-not-clicked,2640,articles,https://jus-tice.co.il/lawsuit-company-law-companies-353/,"תביעה המוגשת על ידי חברה בע""מ - על חיוב בערובה מכוח סעיף 353א לחוק החברות",,,,2198,2020-10-15,2026-05-16,110,0,8.3
3-seen-not-clicked,19263,articles,https://jus-tice.co.il/drug-crimes/,"עבירות סמים בישראל | סוגי עבירות, עונשים וזכויות הנחקר",,,משפט פלילי,1663,2026-05-13,2026-05-15,108,0,34.9
3-seen-not-clicked,5550,articles,https://jus-tice.co.il/recommendations-mediation-criminal/,"המלצות צוות הגישור הפלילי -דו""ח מסכם",,,משפט פלילי,8688,2021-07-04,2026-05-18,103,0,11.1
3-seen-not-clicked,20245,page,https://jus-tice.co.il/police-investigation-rights/,זכויות בחקירת משטרה: מה מותר לומר ולא לומר,זכויות בחקירת משטרה | מה מותר לומר ולא לומר | Jus-Tice,,,3229,2026-05-22,2026-07-12,101,0,38.4
3-seen-not-clicked,10562,articles,https://jus-tice.co.il/cyber-insurance/,ביטוח סייבר | מה זה ביטוח סייבר,%%title%% %%page%%,,סייבר,5119,2023-12-23,2026-05-16,100,0,61.6
3-seen-not-clicked,10692,articles,https://jus-tice.co.il/housing-portugal/,מאפייני דיור פורטוגל,,,פורטוגל,947,2024-02-03,2026-05-16,99,0,10.5
3-seen-not-clicked,5385,articles,https://jus-tice.co.il/criminal-sentencing-israel-penalties-guide/,"עונש  מאסר פגע וברח גרימת מוות ברשלנות, מעשה פזיזות ורשלנות ברכב, הפקרה אחרי פגיעה ועוד",,"4 שנות מאסר בפועל, בנוסף, אני מורה על הפעלת המאסר המותנה בן 3 חודשים שהוטל על הנאשם על ידי בית משפט השלום לתעבורה בנצרת, אשר ירוצה במצטבר לעונש המאסר שהוטל עליו בתיק זה.",דיני נזיקין,10051,2021-06-22,2026-05-22,98,0,63.1
3-seen-not-clicked,6698,articles,https://jus-tice.co.il/verdict-judge-lawsuit-custody-64033-06-21/,"השופט ארז שני: פס""ד בתביעת אב למשמורת וחלוקת זמני שהות שווים (תלה""מ 64033-06-21)",,,פסקי דין חשובים,2120,2022-02-17,2026-05-16,97,0,15.6
3-seen-not-clicked,12663,articles,https://jus-tice.co.il/investment-loss-compensation/,"פיצוי למשקיע בעקבות הפסד בשוק ההון, פורקס ו- קריפטו | סוגי הונאות (2025)",,,שוק ההון,22386,2025-07-29,2026-05-16,97,0,15.2
3-seen-not-clicked,20324,page,https://jus-tice.co.il/pension-rights-israel/,"זכויות פנסיה בישראל: סוגים, חישוב, מה מגיע","זכויות פנסיה בישראל | סוגים, חישוב, מה מגיע | Jus-Tice",,,461,2026-05-23,2026-07-12,96,0,32.6
3-seen-not-clicked,2825,articles,https://jus-tice.co.il/agreement-evacuation-construction-recommended-apartments/,הסכם פינוי בינוי מומלץ לדוגמא | הסכם מדף פינוי בינוי בין היזם לבעלי דירות להורדה,,,"מקרקעין | נדל""ן",60051,2020-10-30,2026-05-16,95,0,55.1
3-seen-not-clicked,9102,articles,https://jus-tice.co.il/8935-09-22/,"פס""ד בחישוב שבח בגין מכירת דירת מגורים (ו""ע 8935-09-22)",,,"מקרקעין | נדל""ן",23057,2023-03-29,2026-05-16,94,0,7.4
3-seen-not-clicked,10503,articles,https://jus-tice.co.il/registration-of-real-estate-israel/,רישום זכויות מקרקעין בישראל | לשכת רישום מקרקעין,,,"מקרקעין | נדל""ן",963,2023-12-19,2026-05-16,94,0,22.7
3-seen-not-clicked,5328,articles,https://jus-tice.co.il/child-custody-modification/,שינוי משמורת ילדים | סיבות לשנות את משמורת הילדים,,בית המשפט לענייני משפחה יורה על שינוי משמורת ילדים כאשר חל שינוי מהותי בנסיבות המחייב לשנות את ההסדר שנקבע כדי להגן על טובת הילד.,דיני משפחה,2094,2021-06-15,2026-05-16,93,0,41.3
3-seen-not-clicked,6853,articles,https://jus-tice.co.il/request-investigation-proceedings-prosecution-law/,בקשה להעתקת חומרי חקירה ומסמכים בהליכים המתנהלים בפרקליטות המדינה,,,משפט פלילי,9460,2022-03-08,2026-05-18,93,0,16.4
3-seen-not-clicked,20341,page,https://jus-tice.co.il/surrogacy-israel/,"פונדקאות בישראל: הליך, זכויות ומה השתנה","פונדקאות בישראל | הליך, זכויות ומה השתנה | Jus-Tice",,,422,2026-05-23,2026-07-12,93,0,16.5
3-seen-not-clicked,20448,page,https://jus-tice.co.il/criminal-lawyer-rosh-haayin/,עורך דין פלילי ראש העין: מחירים 2025,עורך דין פלילי ראש העין | מחירים 2025 | Jus-Tice,,,145,2026-05-23,2026-07-12,93,0,23.5
3-seen-not-clicked,10816,articles,https://jus-tice.co.il/loan-lawsuit-representation/,מימון משפטי | הלוואה לתביעה | מימון ייצוג (ליטגציה),,,,4202,2024-02-18,2026-05-16,92,0,19.0
3-seen-not-clicked,5381,articles,https://jus-tice.co.il/request-lawsuit-regulation-procedure-law-civil/,דחיית בקשה לתיקון כתב תביעה שכנגד לפי תקנה 46 הרפורמה בסדר הדין האזרחי,,,,1954,2021-06-21,2026-05-16,90,0,34.7
3-seen-not-clicked,6027,articles,https://jus-tice.co.il/law-account-israel-2020/,דין וחשבון כנסת ישראל 2020,,,כנסת ישראל,25742,2021-08-16,2026-05-17,90,0,8.7
3-seen-not-clicked,12273,articles,https://jus-tice.co.il/defamation/,לשון הרע תלונה במשטרה,,,,15634,2025-03-11,2026-07-02,90,0,20.9
3-seen-not-clicked,10490,articles,https://jus-tice.co.il/decision28272-02-21/,"האם ניתן להכיר בדירה שנרכשה לפני הנישואין כנכס חיצוני לקיום הסכם ממון? (תלה""מ 28272-02-21)",,,דיני משפחה,25184,2023-12-18,2026-05-16,88,0,26.3
3-seen-not-clicked,10942,articles,https://jus-tice.co.il/international-litigation/,ליטיגציה בינלאומית | תחומי עיסוק עורכי דין מחלקה בינלאומית,,,עורך דין,3127,2024-02-27,2026-05-16,87,0,65.7
3-seen-not-clicked,12914,articles,https://jus-tice.co.il/new-trends-ai-family-law/,מגמות חדשות בדיני משפחה: השפעת הבינה המלאכותית AI דיני משפחה וגירושין (צפי ומגמות 2025-2026),,,דיני משפחה,14011,2025-09-14,2026-05-16,87,0,11.8
3-seen-not-clicked,7038,articles,https://jus-tice.co.il/how-to-find-qualified-lawyer-israel-guide/,איתור עורך דין | מציאת עורך דין מוסמך קרוב אליך,,,עורך דין,3981,2022-05-10,2026-05-22,86,0,23.8
3-seen-not-clicked,10154,articles,https://jus-tice.co.il/broker-apartments-real-estate/,"מתווך דירות: איך למצוא סוכן נדל""ן טוב",,,,3095,2023-10-04,2026-05-16,86,0,16.3
3-seen-not-clicked,20282,page,https://jus-tice.co.il/restraining-order-israel/,"צו הגנה בישראל: מה זה, מי מגיש ואיך","צו הגנה בישראל | מה זה, מי מגיש ואיך | Jus-Tice",,,462,2026-05-23,2026-07-12,83,0,57.9
3-seen-not-clicked,829,articles,https://jus-tice.co.il/driving-under-the-influence-of-drugs/,נהיגה תחת השפעת סמים,,נהיגה תחת השפעת סמים - מהי המשמעות? מהי הענישה לה צפוי הנהג? האם דומה הדבר לנהיגה בשכרות? על כך ועוד במאמר שלפניכם.,דיני תעבורה,802,2019-03-24,2026-05-16,82,0,68.1
3-seen-not-clicked,7583,articles,https://jus-tice.co.il/medical-malpractice-7583/,מקרי רשלנות רפואית דוגמאות,,,דיני נזיקין,2010,2022-07-21,2026-05-16,81,0,60.0
3-seen-not-clicked,20468,page,https://jus-tice.co.il/real-estate-lawyer-afula/,עורך דין מקרקעין עפולה: מחירים ושירותים,עורך דין מקרקעין עפולה | מחירים ושירותים | Jus-Tice,,,139,2026-05-23,2026-07-12,80,0,26.8
3-seen-not-clicked,7959,articles,https://jus-tice.co.il/defamation-verdict-lawsuit-15771-09-19/,"פס""ד בתביעה לשון הרע בגין פרסום בקבוצת פייסבוק (ת""א 15771-09-19)",,,לשון הרע,23732,2022-11-02,2026-05-16,79,0,34.6
3-seen-not-clicked,20465,page,https://jus-tice.co.il/criminal-lawyer-kiryat-gat/,עורך דין פלילי קריית גת: מחירים 2025,עורך דין פלילי קריית גת | מחירים 2025 | Jus-Tice,,,152,2026-05-23,2026-07-12,78,0,15.5
3-seen-not-clicked,6791,articles,https://jus-tice.co.il/defamation-judge-decision-claims-criminal-44355-02-21/,"השופט איתי הרמלין: החלטה בטענות מקדמיות בקובלנה פלילית באישום ללשון הרע (ק""פ 44355-02-21)",,,לשון הרע,5184,2022-02-27,2026-05-16,77,0,35.0
3-seen-not-clicked,2970,articles,https://jus-tice.co.il/will-probate-objection/,התנגדות לצוואה | הגשת התנגדות לצו קיום צוואה,,,דיני משפחה,1079,2021-03-04,2026-05-16,76,0,76.9
3-seen-not-clicked,8126,articles,https://jus-tice.co.il/accounts-business/,שרותי חשבות: היתרונות והחסרונות של שירותי הנהלת חשבונות במיקור חוץ לעסקים,,,מסחרי-אזרחי,1309,2022-11-30,2026-05-16,76,0,44.9
3-seen-not-clicked,8349,articles,https://jus-tice.co.il/medical-malpractice-law/,חוק רשלנות רפואית,,,דיני נזיקין,527,2023-01-03,2026-05-16,75,0,62.0
3-seen-not-clicked,9547,articles,https://jus-tice.co.il/lawyer-europol/,עורך דין יורופול Europol,,,עורך דין,3415,2023-05-27,2026-05-16,74,0,8.8
3-seen-not-clicked,6889,articles,https://jus-tice.co.il/israel-5387-20/,דנפ 5387/20 רפי רותם נ' מדינת ישראל,,,פלילי פסקי דין חשובים,73740,2022-03-13,2026-05-16,73,0,21.5
3-seen-not-clicked,7496,articles,https://jus-tice.co.il/decision49576-05-20/,"אישור תביעה ייצוגית נגד אייס ACE הסדר פשרה שלפיו ייהנו לקוחות אייס מפיצוי כספי (ת""צ 49576-05-20)",,,תובענות ייצוגיות,4013,2022-06-20,2026-05-16,72,0,12.8
3-seen-not-clicked,11506,articles,https://jus-tice.co.il/brain-damage-at-birth/,נזק מוחי בלידה | תביעת נזק בעקבות רשלנות רפואית בלידה או בהריון,,,דיני נזיקין,3131,2024-09-09,2026-05-16,72,0,15.1
3-seen-not-clicked,3147,articles,https://jus-tice.co.il/cohabitation-property-rights-for-unmarried-couples/,חלוקת רכוש בין ידועים בציבור,,"כאשר בני זוג ידועים בציבור נפרדים, לא תתבצע חלוקה אוטומטית של הרכוש, אלא יש להוכיח בכל נכס ונכס כי התקיימה כוונת שיתוף.",דיני משפחה,939,2021-04-06,2026-05-16,69,0,59.8
3-seen-not-clicked,11410,articles,https://jus-tice.co.il/list-of-companies-of-portugal/,חברות בולטות בפורטוגל | עסקים בפורטוגל,,,פורטוגל,1054,2024-07-27,2026-05-16,69,0,21.7
3-seen-not-clicked,6456,articles,https://jus-tice.co.il/personal-injury-compensation-verdict-israel/,פיצוי כספי בגין איחור בהמראת טיסה ואי אספקת שירותי לינה בהתאם לחוק שירותי תעופה,,,פיצויים,4913,2021-10-01,2026-05-22,68,0,43.5
3-seen-not-clicked,6880,articles,https://jus-tice.co.il/process-criminal-prosecution-law-lawsuits/,ההליך הפלילי: פרקליטות המדינה מול חטיבת תביעות המשטרה,,,משפט פלילי,1595,2022-03-12,2026-05-18,68,0,13.5
3-seen-not-clicked,8154,articles,https://jus-tice.co.il/right-offense-474-21/,"זכות נפגע עבירה לערער על סגירת התיק בעניינו של חשוד (בג""ץ 474/21)",,,פלילי פסקי דין חשובים,12345,2022-12-04,2026-05-16,68,0,39.3
3-seen-not-clicked,2638,articles,https://jus-tice.co.il/paternity-fraud/,"הונאת אבהות: תביעה כספית של איש כנגד אשתו לשעבר לפיצוי על נזקים בטענת הונאת אבהות (תלה""מ 40832-12-19)",,,,20723,2020-10-15,2020-10-15,66,0,9.3
3-seen-not-clicked,2907,articles,https://jus-tice.co.il/what-is-intellectual-property/,מה זה קניין רוחני?,,,,1563,2021-02-21,2026-05-16,66,0,72.3
3-seen-not-clicked,3048,articles,https://jus-tice.co.il/inheritance/,מהי ירושה,%%title%% %%page%% %%sep%% חלוקת ירושה בין יורשים %%sep%% %%sitename%%,,דיני משפחה,1135,2021-03-18,2026-05-16,65,0,61.7
3-seen-not-clicked,7446,articles,https://jus-tice.co.il/criminal-law-lawyer-representation/,עורך דין פלילי סרי לנקה | ייצוג עורך דין בסרי לנקה,,,משפט פלילי,84454,2022-06-13,2026-05-17,65,0,13.9
3-seen-not-clicked,6768,articles,https://jus-tice.co.il/judge-decision-alimony-57290-01-22/,"השופט סארי ג'יוסי: החלטה בחובת ההנמקה בהחלטות בעניין גובה דמי-מזונות זמניים (רמ""ש 57290-01-22)",,,פסקי דין חשובים,4095,2022-02-27,2026-05-16,64,0,8.3
3-seen-not-clicked,7616,articles,https://jus-tice.co.il/medical-malpractice-common-errors-doctors-hospitals/,רשלנות רפואית: שגיאות נפוצות של רופאים ובתי חולים,,,דיני נזיקין,1320,2022-07-27,2026-05-16,64,0,60.7
3-seen-not-clicked,20307,page,https://jus-tice.co.il/custody-modification-israel/,שינוי הסדרי משמורת: מתי אפשר ואיך עושים,שינוי הסדרי משמורת | מתי אפשר ואיך עושים | Jus-Tice,,,531,2026-05-23,2026-07-12,64,0,66.8
3-seen-not-clicked,1664,articles,https://jus-tice.co.il/civil-procedure-law-israel-courts-guide/,צו הורות פסיקתי מכוח זיקה לזיקה לאזרחית זרה,,,,24251,2020-03-08,2026-05-22,63,0,8.1
3-seen-not-clicked,20376,page,https://jus-tice.co.il/personal-injury-slip-fall/,"נפילה בשטח ציבורי: פיצויים, אחריות, מה עושים","נפילה בשטח ציבורי | פיצויים, אחריות, מה עושים | Jus-Tice",,,358,2026-05-23,2026-07-12,63,0,46.5
3-seen-not-clicked,6732,articles,https://jus-tice.co.il/acquittal-defendant-offenses-73759-12-20/,זיכוי נאשם בעבירות של מעשה מגונה של קטין ( 73759-12-20),,,פלילי פסקי דין חשובים,13771,2022-02-20,2026-05-16,62,0,40.7
3-seen-not-clicked,7301,articles,https://jus-tice.co.il/divorce-get-divorce/,גירושין: האם חל חרם דרבנו גרשום כאשר נמצא פסול בגט ואישה מסרבת לקבל גט שני,,,גירושין,30849,2022-06-01,2026-05-16,62,0,10.9
3-seen-not-clicked,10143,articles,https://jus-tice.co.il/real-estate-development/,"פיתוח נדל""ן | פיתוח קרקע",,,"מקרקעין | נדל""ן",3336,2023-10-03,2026-05-16,62,0,38.5
3-seen-not-clicked,6585,articles,https://jus-tice.co.il/criminal-law-tax-offenses-procedure-criminal-2022-56231-12-21/,"אריה דרעי פסק דין פלילי 2022 עבירות מס הסדר טיעון (ת""פ 56231-12-21) | עו""ד פלילי",,,משפט פלילי,4968,2022-02-01,2026-05-18,61,0,8.2
3-seen-not-clicked,1098,articles,https://jus-tice.co.il/find-lawyer-how-to-find-good-attorney/,"איך למצוא עורך דין מומלץ? כיצד לבחור עו""ד טוב",,"ידוע לכל כי עורכי דין בישראל יש בשפע, אבל דווקא ההיצע הגדול יכול לבלבל ואנשים רבים לא יודעים היכן למצוא עו""ד וכיצד לוודא שהוא עורך דין טוב.",עורך דין,968,2017-01-01,2026-05-16,60,0,20.8
3-seen-not-clicked,2124,articles,https://jus-tice.co.il/driver-with-36-valid-points-or-more-will-be-disqualified-from-holding-a-drivers-license/,"נהג שלחובתו רשומות 36 נקודות תקפות או יותר, ייפסל מלהחזיק ברישיון נהיגה למשך 3 חודשים",,,דיני תעבורה,149,2020-03-31,2026-05-16,60,0,18.7
3-seen-not-clicked,3353,articles,https://jus-tice.co.il/cancellation-conviction-offenses-fraud/,ביטול הרשעה עבירות הונאה,,,משפט פלילי,3858,2021-05-13,2026-05-16,60,0,44.3
3-seen-not-clicked,8808,articles,https://jus-tice.co.il/plastic-surgeon-face-malpractice-israel/,מנתח פלסטי פנים,,,,5712,2023-03-15,2026-05-22,60,0,81.7
3-seen-not-clicked,1108,articles,https://jus-tice.co.il/israel-road-accident-compensation-law/,תאונת דרכים: מהו חוק הפיצויים לנפגעי תאונות דרכים?,,,דיני נזיקין,901,2019-12-31,2026-05-16,59,0,70.2
3-seen-not-clicked,10483,articles,https://jus-tice.co.il/austria-lawyers/,עורך דין אוסטריה - לווי וייצוג משפטי באוסטריה,,,עורך דין,10084,2023-12-18,2026-05-16,59,0,9.6
3-seen-not-clicked,11491,articles,https://jus-tice.co.il/birth-injury-lawyer/,עורך דין לפגיעות לידה | רשלנות רפואית,,,דיני נזיקין,3176,2024-09-08,2026-05-16,59,0,72.4
3-seen-not-clicked,20496,page,https://jus-tice.co.il/property-tax-arnona-israel/,"ארנונה בישראל: חישוב, פטורים, ערעור","ארנונה בישראל | חישוב, פטורים, ערעור | Jus-Tice",,,253,2026-05-23,2026-07-12,59,0,55.9
3-seen-not-clicked,823,articles,https://jus-tice.co.il/dui-refusal-blood-breath-urine-test/,סירוב לבדיקת שכרות,,"האם נהג רשאי לסרב לבדיקת שכרות? האם כדאי לעשות כן ומהי משמעות הסירוב. כל מה שצריך לדעת על בדיקת שכרות של נהגים, במאמר שלפניכם.",דיני תעבורה,851,2019-03-24,2026-05-16,58,0,59.1
3-seen-not-clicked,20391,page,https://jus-tice.co.il/overtime-pay-israel/,"גמול שעות נוספות בישראל: חישוב, זכויות","גמול שעות נוספות בישראל | חישוב, זכויות | Jus-Tice",,,283,2026-05-23,2026-07-12,58,0,69.4
3-seen-not-clicked,862,articles,https://jus-tice.co.il/drug-related-crime/,עבירות סמים,,"נעצרת בחשד לעבירות סמים? פנה אל עו""ד פלילי לקבלת הגנה משפטית. לא אחת ניתן יהיה למנוע הגשת כתב אישום או לכל הפחות, הפחתת חומרת האישום ועמה עונש מקל.",משפט פלילי,952,2019-03-24,2026-05-18,57,0,70.6
3-seen-not-clicked,6117,articles,https://jus-tice.co.il/facebook-copyright-digital-rights-court-israel/,פסק דין הפרת זכויות יוצרים של מותגים בפייסבוק ואינסטגרם חסימה לצמיתות של הפרופילים,,,קניין רוחני,23971,2021-08-26,2026-05-22,57,0,13.7
3-seen-not-clicked,6558,articles,https://jus-tice.co.il/rabbinical-court-divorce-verdict-57428-12-19/,"פלילים: נהג מונית שהואשם בביצוע מעשה מגונה בנוסעת תוך כדי נסיעה (ת""פ 57428-12-19)",,,משפט פלילי,11851,2022-01-20,2026-05-22,57,0,19.3
3-seen-not-clicked,9850,articles,https://jus-tice.co.il/saudi-arabia-lawyers/,עורך דין סעודיה | עורכי דין בערב הסעודית,,,עורך דין,26257,2023-08-23,2026-05-16,56,0,8.1
3-seen-not-clicked,11808,articles,https://jus-tice.co.il/durable-power-of-attorney-cost/,כמה עולה ייפוי כוח מתמשך? כל מה שצריך לדעת על ייפוי כוח מתמשך,,,דיני משפחה,7212,2025-01-11,2026-05-16,56,0,53.5
3-seen-not-clicked,19283,articles,https://jus-tice.co.il/arrest-rights/,"מעצר בישראל | סוגי מעצר, זכויות העצור ודרכי שחרור",,,משפט פלילי,997,2026-05-13,2026-05-15,56,0,53.9
3-seen-not-clicked,8246,articles,https://jus-tice.co.il/divorce-company-ownership/,גירושין: איזון המשאבים בין בני זוג מתגרשים - חלוקת ערך החברה שבבעלות הבעל,,,דיני משפחה,5427,2022-12-13,2026-05-16,55,0,58.0
3-seen-not-clicked,8273,articles,https://jus-tice.co.il/lawyer-surgery-recommendations/,"עורך דין רשלנות בניתוח פלסטי | המלצות עו""ד רשלנות ניתוח פלסטי",,,דיני נזיקין,1596,2022-12-13,2026-05-16,55,0,22.8
3-seen-not-clicked,10139,articles,https://jus-tice.co.il/real-estate/,"בוגר לימודי נדל""ן בארה""ב",,,"מקרקעין | נדל""ן",3323,2023-10-03,2026-05-16,55,0,21.8
3-seen-not-clicked,21302,articles,https://jus-tice.co.il/inheritance-disputes-lawyer/,סכסוכי ירושה: מחלוקות בין יורשים ודרכי ההכרעה,סכסוכי ירושה: מחלוקות בין יורשים והכרעה | Jus-Tice,"סכסוכי ירושה בין אחים ויורשים: מריבה על דירה, פירוק שיתוף, התנגדות לצוואה, מינוי מנהל עיזבון וגישור מול בית משפט. איך מכריעים ומה זה עולה.",,2444,2026-07-07,2026-07-06,55,0,71.9
3-seen-not-clicked,1700,articles,https://jus-tice.co.il/tort-lawsuit-negligence-damages-israel/,אימוץ ילד מאוקראינה: תביעת נזיקין בגין אימוץ בין-מדינתי שכשל,,,דיני נזיקין,33149,2020-03-11,2026-05-22,54,0,7.7
3-seen-not-clicked,7305,articles,https://jus-tice.co.il/labor-law-article-7305-employee-rights-israel/,מהי רשלנות | עוולת הרשלנות,,,דיני נזיקין,2693,2022-06-02,2026-05-22,54,0,27.8
3-seen-not-clicked,8576,articles,https://jus-tice.co.il/immigration-israel-proceedings/,הגירה מישראל: רשימת הליכים,,,,3331,2023-02-15,2026-05-16,54,0,59.3
3-seen-not-clicked,6104,articles,https://jus-tice.co.il/jurisprudence/,תורת המשפט,,,עורך דין,7471,2021-08-26,2026-05-16,53,0,10.3
3-seen-not-clicked,8494,articles,https://jus-tice.co.il/protection-order-petition-family-61185-11-22/,"בקשת צו הגנה למניעת אלימות במשפחה (ה""ט 61185-11-22)",,,פסקי דין חשובים,4886,2023-02-07,2026-05-16,53,0,71.8
3-seen-not-clicked,11965,articles,https://jus-tice.co.il/consultant-real-estate-guide-comprehensive/,"מהו יועץ נדל""ן? מדריך מקיף להבנת תפקידו וערכו",,,"מקרקעין | נדל""ן",771,2025-02-11,2026-05-16,53,0,34.4
3-seen-not-clicked,7499,articles,https://jus-tice.co.il/decision31783-04-21/,"הרשעה בביצוע עבירות מין בשתי נשים, ללא הסכמתן ותוך ניצול העובדה שהיו שתויות (שיכורות משתית אלכוהול) במצב המונע מהן לתת הסכמה חופשית (תפ""ח 31783-04-21)",,,פלילי פסקי דין חשובים,51788,2022-06-20,2026-05-16,52,0,31.6
3-seen-not-clicked,9617,articles,https://jus-tice.co.il/taiwan-lawyers/,"עורך דין טיוואן | עו""ד ישראלי בטיוואן",,,עורך דין,11305,2023-06-04,2026-05-16,52,0,48.0
3-seen-not-clicked,11942,articles,https://jus-tice.co.il/property-purchase-guide-manhattan-2025/,"מדריך רכישת נדל""ן במנהטן 2025",,,"מקרקעין | נדל""ן",7467,2025-02-06,2026-05-16,52,0,25.7
3-seen-not-clicked,19215,page,https://jus-tice.co.il/divorce-property-division/,"חלוקת רכוש בגירושין: נכסים, חובות, דירה, פנסיה ועסק משפחתי",,,,4787,2026-05-10,2026-05-10,52,0,29.0
3-seen-not-clicked,7951,articles,https://jus-tice.co.il/dissolution-partnership-jerusalem-rabbinical-court-apartment-1273597-6/,פירוק שיתוף בין בני זוג- חלוקת דירה לפי הרישום - 1273597-6 - ביה''ד ירושלים,,,פסקי דין חשובים,2245,2022-11-02,2026-05-16,51,0,80.0
3-seen-not-clicked,1121,articles,https://jus-tice.co.il/legal-terminology-glossary-israel-law/,נישואים אזרחיים,,,דיני משפחה,1010,2020-01-09,2026-05-22,50,0,73.3
3-seen-not-clicked,1100,articles,https://jus-tice.co.il/how-to-run-a-successful-law-firm/,איך לנהל משרד עורכי דין?,,,עורך דין,948,2019-12-31,2026-05-16,49,0,50.3
3-seen-not-clicked,7223,articles,https://jus-tice.co.il/signing-14605-01-18/,"ערכו של צ'ק מזוייף: שיק אשר חתימת עושהו זויפה, אינו אלא פיסת נייר בעלמא | תא""מ14605-01-18מנחם נ' לוי ואח'",,,,3278,2022-05-23,2026-05-16,49,0,29.7
3-seen-not-clicked,9630,articles,https://jus-tice.co.il/criminal-negligence-2/,רשלנות פלילית | עורך דין פלילי,,,משפט פלילי,1926,2023-06-05,2026-05-18,49,0,13.9
3-seen-not-clicked,11993,articles,https://jus-tice.co.il/5988-21/,"בג""ץ 5988-21     פלוני נ. פלוני     (19.02.2025) | סמכות בית דין רבני מזונות ילדים",,,דיני משפחה,30562,2025-02-19,2026-07-02,49,0,9.6
3-seen-not-clicked,20247,page,https://jus-tice.co.il/alimony-israel/,"מזונות אישה: זכאות, חישוב ותביעה","מזונות אישה | זכאות, חישוב ותביעה | Jus-Tice",,,1579,2026-05-22,2026-07-12,49,0,75.0
3-seen-not-clicked,20479,page,https://jus-tice.co.il/family-law-carmiel/,"עורך דין משפחה כרמיאל: גירושין, מזונות 2025","עורך דין משפחה כרמיאל | גירושין, מזונות 2025 | Jus-Tice",,,147,2026-05-23,2026-07-12,49,0,10.8
3-seen-not-clicked,20488,page,https://jus-tice.co.il/criminal-lawyer-dimona/,עורך דין פלילי דימונה: מחירים 2025,עורך דין פלילי דימונה | מחירים 2025 | Jus-Tice,,,147,2026-05-23,2026-07-12,49,0,7.7
3-seen-not-clicked,1747,articles,https://jus-tice.co.il/law-1747/,הודעה לפי החוק לקידום הבנייה במתחמים מועדפים לדיור,,,,3292,2020-03-16,2026-05-16,48,0,11.1
3-seen-not-clicked,3310,articles,https://jus-tice.co.il/yanshuf-breathalyzer-test/,מכשיר הינשוף,"%%title%% %%page%% %%sep%% עו""ד תעבורה בדיקת אלכוהול %%sep%% %%sitename%%",מכשיר הינשוף הוא האמצעי המרכזי של משטרת ישראל לביצוע בדיקת שכרות. כיצד פועל המכשיר? האם מומלץ לסרב לבדיקה אם שתינו? וכיצד ייצוג של עורך דין תעבורה יסייע.,,856,2021-05-07,2026-05-16,48,0,22.7
3-seen-not-clicked,5744,articles,https://jus-tice.co.il/criminal-sentencing-guidelines-israel-2025/,מחקר פלילי: גופים סטטוטוריים העוסקים בהבניית שיקול הדעת השיפוטי בענישה,,,משפט פלילי,28716,2021-08-04,2026-05-22,48,0,11.1
3-seen-not-clicked,8299,articles,https://jus-tice.co.il/accountant/,מה זה רואה חשבון? כמה עולה? כיצד להוזיל עלויות,%%title%% %%page%%,,,3084,2022-12-14,2026-05-16,48,0,77.2
3-seen-not-clicked,10528,articles,https://jus-tice.co.il/land-appreciation-tax/,מס שבח מקרקעין | מחשבון מס שבח | מי זכאי להחזר מס שבח מקרקעין,,,"מקרקעין | נדל""ן",5430,2023-12-20,2026-05-16,48,0,54.0
3-seen-not-clicked,20356,page,https://jus-tice.co.il/class-action-lawsuit/,"תביעה ייצוגית בישראל: כיצד עובדת, תנאים, פיצויים","תביעה ייצוגית בישראל | כיצד עובדת, תנאים, פיצויים | Jus-Tice",,,409,2026-05-23,2026-07-12,48,0,67.6
3-seen-not-clicked,6789,articles,https://jus-tice.co.il/defamation-law-13-5-16763-09-21/,"החיסיון המוענק לפרסומי לשון הרע תוך כדי דיון שיפוטי לפי סעיף 13( 5 )לחוק איסור לשון הרע הוא חיסיון מוחלט  (ת""א 16763-09-21)",,,לשון הרע,1920,2022-02-27,2026-05-16,47,0,7.7
3-seen-not-clicked,7264,articles,https://jus-tice.co.il/decision47098-04-21/,"השופט ארז שני: פס""ד במספר תובענות לזכייה בעיזבונן של שתי מנוחות – אם ובת (ת""ע 47098-04-21)",,,פסקי דין חשובים,52750,2022-05-26,2026-05-16,47,0,10.1
3-seen-not-clicked,7197,articles,https://jus-tice.co.il/petah-tikva-rabbinical-court-verdict-8216-1268522-4/,"פס""ד - חלוקת 'אופציות' ומניות - 1268522-4 - ביה''ד פתח תקווה",,,פסקי דין גירושין דיני משפחה 2022,10284,2022-05-20,2026-05-16,46,0,12.7
3-seen-not-clicked,11584,articles,https://jus-tice.co.il/damage-compensation-laws-torts/,"עוולה | נזק ופיצוי | דיני הנזיקין ורשלנות | עו""ד נזיקין",,,דיני נזיקין,14429,2024-09-19,2026-05-16,46,0,24.6
3-seen-not-clicked,5414,articles,https://jus-tice.co.il/appeal-decision-arrest-law-detention-arrested/,ערעור על החלטת קצין בנושא מעצר | חוק המעצרים סעיף 44 א שחרור עצור בערובה על ידי בית המשפט,,,משפט פלילי,2457,2021-06-28,2026-05-18,45,0,5.5
3-seen-not-clicked,8004,articles,https://jus-tice.co.il/legal-education/,חינוך משפטי | השכלה משפטית,,,עורך דין,7458,2022-11-05,2026-05-16,45,0,15.3
3-seen-not-clicked,11367,articles,https://jus-tice.co.il/law-firms-in-fiction/,משרדי עורכי דין מפורסמים בטלוויזיה סרטים וספרים,,,עורך דין,2979,2024-07-22,2026-05-16,45,0,23
3-seen-not-clicked,6814,articles,https://jus-tice.co.il/inheritance-order-6814/,צו ירושה אונליין עם חותמת אפוסטיל,,,ענייני ירושה,1421,2022-03-01,2026-05-16,44,0,10.6
3-seen-not-clicked,21314,articles,https://jus-tice.co.il/buying-property-abroad-guide/,"קניית נכס בחו""ל: המדריך לישראלים, שלב אחר שלב","קניית נכס בחו""ל: מדריך משפטי לישראלים | Jus-Tice","איך קונים נכס בחו""ל בצורה בטוחה: בדיקות משפטיות לפני חתימה, מיסוי בישראל ובמדינת הרכישה, שלבי העסקה, עלויות נלוות, ומתי צריך עורך דין מקומי ונוטריון.",דיני מקרקעין,3105,2026-07-07,2026-07-07,44,0,37.9
3-seen-not-clicked,20424,page,https://jus-tice.co.il/family-law-hadera/,"עורך דין משפחה חדרה: גירושין, מזונות 2025","עורך דין משפחה חדרה | גירושין, מזונות 2025 | Jus-Tice",,,140,2026-05-23,2026-07-12,44,0,15.4
3-seen-not-clicked,6797,articles,https://jus-tice.co.il/lawyer-recommended-lawyers-law/,מגזין עורך דין מומלץ: נבחרת החלומות של עורכי הדין,,,,1801,2022-02-27,2026-05-16,43,0,13.6
3-seen-not-clicked,7122,articles,https://jus-tice.co.il/verdict-appeal-decision-alimony-29980-04-22/,פסק דין בערעור על החלטה בעניין מזונות זמניים ללא שנבדקו צרכי הילדים ונקבעו רמות שכר (רמ''ש 29980-04-22),,,פסקי דין גירושין דיני משפחה 2022,3342,2022-05-17,2026-05-16,43,0,13.1
3-seen-not-clicked,9288,articles,https://jus-tice.co.il/18744-11-18/,"ביהמ""ש לענייני משפחה פ""ת, ש' אפרת ונקרט: פס""ד בשאלת זכויותיו של יורש שגר בנכס המורישה טרם מותה ובהסכמתה (תמ""ש 18744-11-18)",,,פסקי דין חשובים,13499,2023-04-03,2026-05-16,43,0,10.0
3-seen-not-clicked,11237,articles,https://jus-tice.co.il/real-estate-comparative-guide/,"מדריך השוואתי: נדל""ן פורטוגל",,,פורטוגל,7934,2024-06-17,2026-05-16,43,0,28.3
3-seen-not-clicked,19302,articles,https://jus-tice.co.il/criminal-negligence/,"רשלנות פלילית בישראל | הגדרה, עונשים ומקרים שכיחים",,,משפט פלילי,908,2026-05-13,2026-05-15,43,0,18.7
3-seen-not-clicked,5461,articles,https://jus-tice.co.il/compensation-arrest-24231-06-21/,"פיצוי בגין מעצר שווא (צ""א 24231-06-21)",,,משפט פלילי,7453,2021-06-30,2026-05-16,42,0,11.9
3-seen-not-clicked,7113,articles,https://jus-tice.co.il/apartment-tax-partners/,חלוקת דירה הרשומה על שם האישה משיקולי מס אשר נרכשה מכספים משותפים,,,פסקי דין חשובים,19541,2022-05-16,2026-05-16,42,0,17.7
3-seen-not-clicked,8332,articles,https://jus-tice.co.il/common-law-spouses-verdict-judge-rights-41769-11-19/,"שופטת יפעת שקדי שץ: פס""ד בחלוקת זכויות וסילוק יד במשק של ידועים בציבור (תלה""מ 41769-11-19)",,,דיני משפחה,16379,2022-12-18,2026-05-16,42,0,22.2
3-seen-not-clicked,9534,articles,https://jus-tice.co.il/criminal-law-representation-lawyer-law/,ייצוג עורך דין פלילי לפי מדינה,,,משפט פלילי,16883,2023-05-24,2026-05-16,42,0,14.9
3-seen-not-clicked,2769,articles,https://jus-tice.co.il/regulations-procedure-law-civil-2018/,"תקנות סדר הדין האזרחי, התשע""ח-2018",,,,35117,2020-10-26,2026-05-16,41,0,24.2
3-seen-not-clicked,3570,articles,https://jus-tice.co.il/verdict-lawsuit-consultant-damage/,פסק דין בתביעה לחיוב יועץ השקעות בגין נזק,,"ביהמ״ש מחייב את היועץ השקעות חיים והחברה לשלם לקרן הסך של 139,000 ₪ צמוד בתוספת ריבית כדין ממועד הגשת התביעה ועד מועד התשלום בפועל.",,18751,2021-05-31,2026-05-16,41,0,23.1
3-seen-not-clicked,7346,articles,https://jus-tice.co.il/criminal-consultation-defendant/,"עו""ד פלילי: ייעוץ ראשוני לנאשם בפלילים",,,משפט פלילי,2258,2022-06-06,2026-05-18,41,0,48.4
3-seen-not-clicked,8997,articles,https://jus-tice.co.il/14434-07-22/,"פס""ד בבקשת יורשים להתמנות כמנהלי עזבון זמניים לצורך ניהול הליכים בשם העזבון תוך סירובם להוציא צו ירושה אחר המנוח (ת""ע 14434-07-22)",,,דיני משפחה,1360,2023-03-23,2026-05-16,41,0,56.4
3-seen-not-clicked,10130,articles,https://jus-tice.co.il/apartment-purchase-guide-comprehensive/,מדריך מקיף לתהליך רכישת דירה: רשימת מטלות צ'ק ליסט,,,"מקרקעין | נדל""ן",2266,2023-10-03,2026-05-16,41,0,11.2
3-seen-not-clicked,10136,articles,https://jus-tice.co.il/buying-apartment-guide-comprehensive/,מדריך מקיף לקניית דירה ראשונה,,,"מקרקעין | נדל""ן",4110,2023-10-03,2026-05-16,41,0,62.7
3-seen-not-clicked,19193,page,https://jus-tice.co.il/medical-malpractice-lawyer/,"עורך דין רשלנות רפואית: פיצויים, זכויות והליך התביעה 2025",עורך דין רשלנות רפואית - מתי תובעים ואיך | מדריך | Jus-Tice,"עורך דין רשלנות רפואית: איך מגישים תביעה, חוות דעת מומחה, התיישנות ופיצויים. מדריך מלא כולל רשלנות בלידה, באבחון ובניתוח.",,3929,2026-05-22,2026-07-12,41,0,38.2
3-seen-not-clicked,3328,articles,https://jus-tice.co.il/banking-law-account-disclosure-israel/,דין וחשבון ביקורת בדיקות שכרות לנהגים,,,,37425,2021-05-07,2026-05-22,40,0,69.3
3-seen-not-clicked,6589,articles,https://jus-tice.co.il/lawyers-judge-decision-request-approval-company/,"השופט עדי הדר: החלטה בבקשה לאישור תובענה בגין שליחת ""דואר זבל"" כייצוגית ע""י חברה לגיוס והשמה של עורכי דין (ת""צ 37227-09-20)",,,עורך דין,5271,2022-02-03,2026-05-16,40,0,9.2
3-seen-not-clicked,11276,articles,https://jus-tice.co.il/lawyer-referral-service/,שירותי הפניית עורכי דין מקוונים | שירותי התאמת עורך דין-לקוח,,,עורך דין,1190,2024-07-07,2026-05-16,40,0,44.8
3-seen-not-clicked,12236,articles,https://jus-tice.co.il/property-purchase-lawyer-israel-guide-complete-france/,"עורך דין דובר צרפתית לרכישת נדל""ן בישראל - המדריך המשפטי המלא למשקיעים מצרפת | Acheter un bien immobilier en Israël : Guide juridique complet",,,"מקרקעין | נדל""ן",1255,2025-03-07,2026-07-02,40,0,45.8
3-seen-not-clicked,1105,articles,https://jus-tice.co.il/law-firm-labor-law-representation/,"עו""ד לייצוג מעסיקים | משרד עורכי דין לדיני עבודה",,,דיני עבודה,951,2019-12-31,2026-05-16,39,0,59.0
3-seen-not-clicked,9575,articles,https://jus-tice.co.il/sex-trafficking/,"עורך דין סחר במין | עו""ד עבירות סחר למטרת ניצול מיני",,,משפט פלילי,18862,2023-05-31,2026-05-16,39,0,16.0
3-seen-not-clicked,11322,articles,https://jus-tice.co.il/verdict-judge-tax-property-technology-49933-03-20/,"השופט הרי קירש: פס""ד שעניינו חישוב מס מעסקת מכירת נכס בלתי מוחשי (טכנולוגיה) (ע""מ 49933-03-20)",,,מיסים,26823,2024-07-18,2026-05-16,39,0,9.1
3-seen-not-clicked,5803,articles,https://jus-tice.co.il/regulations-rights-offense-2002/,"תקנות זכויות נפגעי עבירה, התשס״ב-2002",,,משפט פלילי,3686,2021-08-08,2026-05-18,38,0,28.7
3-seen-not-clicked,5950,articles,https://jus-tice.co.il/divorce-get-divorce-ketubah/,גירושים חיוב גט וכתובה במקרה ששני הצדדים אינם רוצים זה את זה,,,בית הדין הרבני,38008,2021-08-12,2026-05-16,38,0,9.8
3-seen-not-clicked,7124,articles,https://jus-tice.co.il/what-to-do-now-if-you-are-considering-a-divorce/,הכנות לגירושין: מה לעשות עכשיו אם אתה שוקל להתגרש,,,גירושין,1493,2022-05-17,2026-05-16,38,0,35.7
3-seen-not-clicked,11910,articles,https://jus-tice.co.il/what-is-cyberattack/,מתקפת סייבר מהי? הגדרות מונחים והכרת טכנולוגיות בתחום התקפת סייבר,,,,7113,2025-02-01,2026-05-16,38,0,39.8
3-seen-not-clicked,20494,page,https://jus-tice.co.il/family-law-tiberias/,"עורך דין משפחה טבריה: גירושין, מזונות 2025","עורך דין משפחה טבריה | גירושין, מזונות 2025 | Jus-Tice",,,147,2026-05-23,2026-07-12,38,0,7.9
3-seen-not-clicked,3254,articles,https://jus-tice.co.il/medical-institute-for-road-safety/,המכון הרפואי לבטיחות בדרכים,"%%title%% %%page%% %%sep%% עו""ד זימון למכון הרפואי לבטיחות בדרכים והגשת ערר %%sep%% %%sitename%%","תקציר לגוגל: קיבלתם זימון מהמרב""ד? פנו אל עורך דין לתעבורה אשר ייצג אתכם מול גורם זה ויעשה כל שניתן כדי למנוע את שלילת רישיונכם.",,1208,2021-05-03,2026-05-16,37,0,66.7
3-seen-not-clicked,4995,articles,https://jus-tice.co.il/companies-ordinance-1962-israel-corporate-law/,"חוק הכשרות המשפטית והאפוטרופסות, תשכ""ב-1962 עם הסברים",,,,28530,2021-06-10,2026-05-22,37,0,38.9
3-seen-not-clicked,5824,articles,https://jus-tice.co.il/verdict-39841-11-20/,"פס""ד בנושא הטרדה מינית מסוג ""באדי שוט"" בבר (ע""ע 39841-11-20)",,,דיני עבודה,23408,2021-08-08,2026-05-16,37,0,7.5
3-seen-not-clicked,6901,articles,https://jus-tice.co.il/evidence-law-israel-criminal-civil/,חזקת חוב לצד ג' שאכן חוב הוא ובר־איזון וחובת הראיה על הטוען אחרת | איזון משאבים,,,פסקי דין חשובים,60642,2022-03-15,2026-05-22,37,0,7.5
3-seen-not-clicked,8007,articles,https://jus-tice.co.il/lawyer-licensing-business/,עורך דין רישוי עסקים,,,עורך דין,65,2022-11-06,2026-05-16,37,0,41.3
3-seen-not-clicked,12546,articles,https://jus-tice.co.il/chambers-and-partners/,Chambers and Partners,,,,22186,2025-05-27,2026-05-17,37,0,21.0
3-seen-not-clicked,2235,articles,https://jus-tice.co.il/covid-19-employment-rights-israel-employer/,הנחיות להתמודדות עם נגיף הקורונה 19-COVID,,,,61805,2020-04-16,2026-05-22,36,0,11.6
3-seen-not-clicked,3592,articles,https://jus-tice.co.il/small-business-startup-costs/,עלויות הקמה ראשונות לעסקים קטנים,,,מסחרי-אזרחי,2255,2021-06-01,2026-05-17,36,0,6.1
3-seen-not-clicked,5986,articles,https://jus-tice.co.il/extension-of-detention-for-more-than-thirty-days/,הארכת מעצר מעל שלושים ימים,,,משפט פלילי,3882,2021-08-14,2026-05-18,36,0,44.2
3-seen-not-clicked,6433,articles,https://jus-tice.co.il/common-law-divorce-cohabiting-partners-israel/,גירושין - כספים משותפים שהועברו בדרכי מרמה לצדדים שלישיים בהסכמת הצדדים,,,דיני משפחה,18389,2021-09-30,2026-05-22,36,0,29.5
3-seen-not-clicked,10371,articles,https://jus-tice.co.il/decision53041-12-20a/,"ביהמ""ש לענייני משפחה חדרה, השופטת יפעת שקדי שץ: פס""ד עניינים רכושיים, ביטול רשיון שימוש מקרקעין והמשמעות של הסכם נישואין כהסכם לפי חוק יחסי ממון (תמ""ש 53041-12-20)",,,פסקי דין חשובים,17621,2023-12-07,2026-05-16,36,0,8.6
3-seen-not-clicked,5967,articles,https://jus-tice.co.il/marijuana-possession-us-law/,"החזקת מריחואנה: חוקים ועונשים בארה""ב",,,משפט פלילי,1669,2021-08-12,2026-05-18,35,0,7.1
3-seen-not-clicked,8793,articles,https://jus-tice.co.il/list-of-types-of-fraud/,עורך דין פלילי הונאה |  סוגי הונאה,,,משפט פלילי,2560,2023-03-14,2026-05-18,35,0,60.8
3-seen-not-clicked,10008,articles,https://jus-tice.co.il/approval-notarial/,תעודת רופא | אישור נוטריוני,,,משרד המשפטים,3384,2023-09-19,2026-05-16,35,0,14.7
3-seen-not-clicked,11904,articles,https://jus-tice.co.il/cybercrime-lawyer-roll/,סקירה ממבט אישי על תפקידו של עורך דין לענייני פשעי סייבר,,,סייבר,8364,2025-02-01,2026-05-16,35,0,83.6
3-seen-not-clicked,20302,page,https://jus-tice.co.il/prenuptial-agreement-guide/,"הסכם קדם נישואין: מה כולל, מתי כדאי ועלות","הסכם קדם נישואין | מה כולל, מתי כדאי ועלות | Jus-Tice",,,533,2026-05-23,2026-07-12,35,0,65.6
3-seen-not-clicked,20484,page,https://jus-tice.co.il/family-law-beit-shemesh/,"עורך דין משפחה בית שמש: גירושין, גט, מזונות","עורך דין משפחה בית שמש | גירושין, גט, מזונות | Jus-Tice",,,152,2026-05-23,2026-07-12,35,0,8.3
3-seen-not-clicked,20511,page,https://jus-tice.co.il/real-estate-lawyer-rishon-lezion/,עורך דין מקרקעין ראשון לציון: מחירים ושירותים,עורך דין מקרקעין ראשון לציון | מחירים ושירותים | Jus-Tice,,,140,2026-05-23,2026-07-12,35,0,44.3
3-seen-not-clicked,5459,articles,https://jus-tice.co.il/dissolution-partnership-homestead-ruling-20848-02-18/,"פירוק שיתוף בנחלה לפי הלכת השיתוף (תלה""מ 20848-02-18)",,,,11609,2021-06-30,2026-05-16,34,0,21.8
3-seen-not-clicked,7276,articles,https://jus-tice.co.il/decision6077-20/,"פלילי: כספי חילוט לא יוכרו כהוצאה מותרת בניכוי מס הכנסה | פסק דין עליון ע""א  6077/20",,,עורך דין פלילי פסקי דין 2022,28843,2022-05-29,2026-05-16,34,0,15.9
3-seen-not-clicked,8160,articles,https://jus-tice.co.il/verdict-estate-48305-12-21/,"פס""ד שעניינו מינוי מנהל עיזבון זמני במקום קבוע (עמ""ש 48305-12-21)",,,פסקי דין גירושין דיני משפחה 2022,4545,2022-12-05,2026-05-16,34,0,15.4
3-seen-not-clicked,8318,articles,https://jus-tice.co.il/doctor-role-duties-professional-obligations-israel/,מהו רופא מה תפקידו וחובותיו המקצועיות,,,,533,2022-12-15,2026-05-22,34,0,22.3
3-seen-not-clicked,8538,articles,https://jus-tice.co.il/lawyers-criminal/,עורכי דין פליליים מפורסמים במדיה סרטים וטלוויזיה,,,משפט פלילי,820,2023-02-13,2026-05-18,34,0,26.4
3-seen-not-clicked,10089,articles,https://jus-tice.co.il/lawyer-real-estate-laws-land-israel/,עורך דין מקרקעין | חוקי הקרקע והקניין בישראל,,,"מקרקעין | נדל""ן",9382,2023-09-28,2026-05-16,34,0,9.3
3-seen-not-clicked,11643,articles,https://jus-tice.co.il/27404-01-23/,"השופט אפרים צ'יזיק: פס""ד בעניין התנגדויות לקיום שתי צווי צוואת של מנוחה על ידי בנותיה (ת""ע 27404-01-23)",,,דיני משפחה,12924,2024-12-16,2026-05-16,34,0,10.3
3-seen-not-clicked,20390,page,https://jus-tice.co.il/real-estate-lawyer-modiin/,עורך דין מקרקעין מודיעין: מחירים ושירותים,עורך דין מקרקעין מודיעין | מחירים ושירותים | Jus-Tice,,,139,2026-05-23,2026-07-12,34,0,21.9
3-seen-not-clicked,20499,page,https://jus-tice.co.il/family-law-eilat/,"עורך דין משפחה אילת: גירושין, מזונות 2025","עורך דין משפחה אילת | גירושין, מזונות 2025 | Jus-Tice",,,161,2026-05-23,2026-07-12,34,0,13.9
3-seen-not-clicked,5555,articles,https://jus-tice.co.il/israel-mediation-criminal-8360-19/,ע”פ 8360/19 – דניאל זיסמן נגד מדינת ישראל | גישור פלילי,,,משפט פלילי,7375,2021-07-04,2026-05-18,33,0,10.1
3-seen-not-clicked,3222,articles,https://jus-tice.co.il/car-accident-auto-injury-lawyer/,עורך דין תאונות דרכים,"%%title%% %%page%% %%sep%% עו""ד מומחה לתאונות דרכים %%sep%% %%sitename%%","עורך דין תאונות דרכים - ליווי משפטי מלא לנהגים אשר היו מעורבים בתאונת דרכים. בין אם מדובר במקרה של חבלה של ממש ובין או תוצאה טרגית של מוות, זקוק הנהג לייצוג משפטי מקצועי.",דיני נזיקין,1094,2021-04-27,2026-05-16,32,0,91.9
3-seen-not-clicked,6132,articles,https://jus-tice.co.il/personal-injury-lawsuit-23601-10-19/,"נפילה בזמן רכיבה על אופנים חשמליים כביש משובש | תביעת נזקי גוף של אב ובנו הקטין שנפלו בזמן רכיבה על אופנים בשל כביש משובש ברמת גן (ת""א 23601-10-19)",,,דיני נזיקין,8092,2021-08-29,2026-05-16,32,0,46.9
3-seen-not-clicked,7055,articles,https://jus-tice.co.il/attorney-compensation-13590-07-17/,"חיוב עורכת דין בפיצוי לקוחות בגין אי יידועם בדבר קיום צו הריסה (ת""א 13590-07-17)",,,,15051,2022-05-10,2026-05-16,32,0,31.6
3-seen-not-clicked,8928,articles,https://jus-tice.co.il/rabbinical-court-property-owners/,מכירת נכס בהוראת בית דין ללא הסכמת הבעלים,,,דיני משפחה,7393,2023-03-21,2026-05-16,32,0,43.1
3-seen-not-clicked,12123,articles,https://jus-tice.co.il/decision24104-03-19/,"פסק דין - האישה זכאית לחצי מהבית כולל המגרש למרות טענות להברחת נכסים| השופטת אפרת ונקרט (תלה""מ 24104-03-19)",,,דיני משפחה,23711,2025-03-04,2026-07-02,32,0,11.0
3-seen-not-clicked,2477,articles,https://jus-tice.co.il/conviction-acquittal-proceedings-criminal/,שיעורי הרשעה וזיכוי בהליכים פליליים,,,משפט פלילי,19164,2020-09-26,2026-05-18,31,0,15.0
3-seen-not-clicked,5809,articles,https://jus-tice.co.il/offense-5809/,טופס הצהרת נפגע/ת עבירה,,,משפט פלילי,604,2021-08-08,2026-05-18,31,0,12.5
3-seen-not-clicked,6464,articles,https://jus-tice.co.il/report-crime/,דווח על פשע,,,משפט פלילי,4166,2021-10-03,2026-05-18,31,0,37.1
3-seen-not-clicked,6847,articles,https://jus-tice.co.il/judge-decision-request-rights-apartment-50682-04-17/,"השופטת אורית בן דור ליבל: החלטה בבקשה לסעד הצהרתי על זכויות בדירה (תמ""ש 50682-04-17)",,,פסקי דין חשובים,12756,2022-03-08,2026-05-16,31,0,13.5
3-seen-not-clicked,8083,articles,https://jus-tice.co.il/abuse-of-process/,שימוש לרעה בהליכים משפטיים,,,עורך דין,670,2022-11-21,2026-05-16,31,0,16.3
3-seen-not-clicked,8177,articles,https://jus-tice.co.il/verdict-alimony-appeal-3-49763-12-21/,"דמי מזונות והוצאות החינוך והבריאות של 3 קטינים ערעור פס""ד (עמ""ש 49763-12-21)",,,פסקי דין גירושין דיני משפחה 2022,5411,2022-12-08,2026-05-16,31,0,44.0
3-seen-not-clicked,8358,articles,https://jus-tice.co.il/rights-law-process-34613-02-22/,"בירור זכויות בת זוג מכוח חוק יחסי ממון למרות שבת הזוג לא צורפה כצד להליך (עמ""ש 34613-02-22)",,,פסקי דין חשובים,10740,2023-01-04,2026-05-16,31,0,12.2
3-seen-not-clicked,8465,articles,https://jus-tice.co.il/witness-18194-04-22/,"קביעת מועד הקרע לעניין איזון המשאבים בין בני זוג (תלה""מ 18194-04-22)",,,דיני משפחה,4535,2023-01-25,2026-05-16,31,0,20.3
3-seen-not-clicked,9544,articles,https://jus-tice.co.il/arrest-investigation/,צו מעצר אירופי | צו חקירה אירופי,,,משפט פלילי,12268,2023-05-27,2026-05-16,31,0,15.0
3-seen-not-clicked,9550,articles,https://jus-tice.co.il/criminal-law-counsel/,עורך דין פלילי אינטרפול,,,משפט פלילי,6960,2023-05-27,2026-05-18,31,0,10.1
3-seen-not-clicked,6123,articles,https://jus-tice.co.il/verdict-arrest-house-complete-israel-5743/,"שחרור זדורוב למעצר בית פסק דין מלא בש""פ 5743 מדינת ישראל נ' רומן זדורוב",,,פלילי פסקי דין חשובים,9703,2021-08-26,2026-05-16,30,0,14.1
3-seen-not-clicked,8234,articles,https://jus-tice.co.il/lawyers-mediation-divorce-experts-2023/,תהליך גישור גירושין בשנת 2023- כל מה חייבים לדעת מעורכי דין מומחים לגישור בגירושין,,,עורך דין,779,2022-12-11,2026-05-16,30,0,90.9
3-seen-not-clicked,8571,articles,https://jus-tice.co.il/2542-10-22/,"פס""ד דין הדוחה בקשה למתן צו הגנה לאישה, ילדיה ואמה (ה""ט 2542-10-22)",,,פלילי פסקי דין חשובים,779,2023-02-15,2026-05-16,30,0,6.8
3-seen-not-clicked,8746,articles,https://jus-tice.co.il/9230-03-20/,"השופטת ורד שביט-פינקלשטיין: פס""ד בתביעת אח נגד שלושת אחיו לפירוק שיתוף בדירה שהתקבלה בירושה (תמ""ש 9230-03-20)",,,דיני משפחה,10186,2023-03-09,2026-05-16,30,0,11.9
3-seen-not-clicked,9583,articles,https://jus-tice.co.il/human-trafficking/,"עו""ד פלילי סחר בבני אדם",,,משפט פלילי,14240,2023-05-31,2026-05-16,30,0,15.3
3-seen-not-clicked,10175,articles,https://jus-tice.co.il/common-construction-defects-and-how-to-manage-them/,דירה חדשה רכישה | ליקויי בנייה נפוצים וכיצד לטפל בהם,,,"מקרקעין | נדל""ן",3358,2023-10-04,2026-05-16,30,0,59.4
3-seen-not-clicked,20348,page,https://jus-tice.co.il/child-support-calculation/,"חישוב מזונות ילדים: טבלאות, נוסחה, מה מגיע","חישוב מזונות ילדים | טבלאות, נוסחה, מה מגיע | Jus-Tice",,,274,2026-05-23,2026-07-12,30,0,90.0
3-seen-not-clicked,20359,page,https://jus-tice.co.il/divorce-spousal-support/,"מזונות אישה בגירושין: מתי מגיע, כמה, כמה זמן","מזונות אישה בגירושין | מתי מגיע, כמה, כמה זמן | Jus-Tice",,,456,2026-05-23,2026-07-12,30,0,47
3-seen-not-clicked,2839,articles,https://jus-tice.co.il/penal-code-israel-criminal-law-guide/,נטל ההוכחה לקיומו של סייג לאחריות פלילית רובץ על כתפיו של הטוען לכך,,,משפט פלילי,476,2020-11-01,2026-05-22,29,0,13.8
3-seen-not-clicked,7067,articles,https://jus-tice.co.il/personal-injury-car-accident-compensation-bus/,פיצוי 448 אלף שח לעובד שהחליק על רצפה רטובה,,,דיני נזיקין,19656,2022-05-11,2026-05-22,29,0,14.1
3-seen-not-clicked,7079,articles,https://jus-tice.co.il/verdict-compensation-lawsuit/,פסק דין פיצויי פיטורין תביעה להרמת מסך התקבלה,,,,16750,2022-05-12,2026-05-16,29,0,13.0
3-seen-not-clicked,11428,articles,https://jus-tice.co.il/portugal-homes/,"Portugal Homes | חברת ייעוץ נדל""ן בינלאומית",,,פורטוגל,227,2024-07-27,2026-05-16,29,0,26.7
3-seen-not-clicked,11651,articles,https://jus-tice.co.il/qualities-best-divorce-attorneys/,"מהם המאפיינים של עורך דין טוב לגירושין? | כיצד לבחור עו""ד גירושין מתאים לך",,,דיני משפחה,1599,2024-12-16,2026-05-16,29,0,57
3-seen-not-clicked,20347,page,https://jus-tice.co.il/sexual-harassment-complaint/,"הגשת תלונה על הטרדה מינית: שלבים, מה לצפות","הגשת תלונה על הטרדה מינית | שלבים, מה לצפות | Jus-Tice",,,515,2026-05-23,2026-07-12,29,0,35.8
3-seen-not-clicked,20487,page,https://jus-tice.co.il/real-estate-lawyer-beit-shemesh/,עורך דין מקרקעין בית שמש: מחירים ושירותים,עורך דין מקרקעין בית שמש | מחירים ושירותים | Jus-Tice,,,135,2026-05-23,2026-07-12,29,0,7.7
3-seen-not-clicked,1910,articles,https://jus-tice.co.il/company-law-israel-incorporation-guide/,חברת תעופה פשטה את הרגל סוכנות הנסיעות אחראית להחזר כספי?,,,,6212,2020-03-20,2026-05-22,28,0,5.9
3-seen-not-clicked,5351,articles,https://jus-tice.co.il/lawsuits-alimony-custody/,תביעות בין בני זוג לשעבר על מזונות ומשמורת על בת קטינה משותפת,,,דיני משפחה,14578,2021-06-16,2026-05-16,28,0,6.8
3-seen-not-clicked,5867,articles,https://jus-tice.co.il/judge-decision-request-13574-08-21/,"השופט אילן בן-דור: החלטה בעניין בקשה להחזרת ציוד שהוחרם (בע""א 13574-08-21)",,,,6362,2021-08-11,2026-05-16,28,0,8.4
3-seen-not-clicked,7033,articles,https://jus-tice.co.il/law-offenses-11078-11-21/,"גזר-דין למורשע בעבירות איומים כלפי גרושתו (ת""פ 11078-11-21)",,,פלילי פסקי דין חשובים,4049,2022-05-08,2026-05-16,28,0,10.1
3-seen-not-clicked,7059,articles,https://jus-tice.co.il/criminal-acquittal-4122-08-21/,"פלילי: זיכוי מכתב-האישום נוכח תחולתה של הגנת ""זוטי דברים"" (ת""פ 4122-08-21)",,,משפט פלילי,15364,2022-05-11,2026-05-18,28,0,45.5
3-seen-not-clicked,8669,articles,https://jus-tice.co.il/insolvency/,חדלות פירעון,,,מסחרי-אזרחי,12543,2023-03-01,2026-05-16,28,0,51
3-seen-not-clicked,20308,page,https://jus-tice.co.il/discrimination-at-work/,"אפליה בעבודה: זכויות, תביעה ופיצויים","אפליה בעבודה | זכויות, תביעה ופיצויים | Jus-Tice",,,502,2026-05-23,2026-07-12,28,0,29.4
3-seen-not-clicked,9002,articles,https://jus-tice.co.il/3859-11-20/,"השופטת אורית בן דור ליבל: פס""ד שעניינו לאיזון משאבים ולחלוקת רכוש ובתביעה למזונות ילדים בין בני זוג לשעבר (תלה""מ 3859-11-20)",,,דיני משפחה,25367,2023-03-23,2026-05-16,27,0,10.4
3-seen-not-clicked,11455,articles,https://jus-tice.co.il/20847-10-23/,"ביהמ""ש המחוזי בת""א: פס""ד בנושא דמי תיווך: זכאות לדמי תיווך ללא חוזה בכתב",,,"מקרקעין | נדל""ן",4720,2024-08-12,2026-05-16,27,0,12.0
3-seen-not-clicked,11898,articles,https://jus-tice.co.il/urban-planning-greece-review-israelis-2025/,"מגמות והתפתחויות בתחום הבנייה הירוקה, תכנון עירוני ופרויקטים אנרגטיים ביוון - סקירה 2025 לישראלים",,,"מקרקעין | נדל""ן",9806,2025-01-29,2026-05-16,27,0,6
3-seen-not-clicked,20334,page,https://jus-tice.co.il/medical-malpractice-cost/,כמה עולה תביעת רשלנות רפואית: מחירים ומה לצפות,כמה עולה תביעת רשלנות רפואית | מחירים ומה לצפות | Jus-Tice,,,390,2026-05-23,2026-07-12,27,0,27.7
3-seen-not-clicked,20500,page,https://jus-tice.co.il/breach-of-contract-israel/,"הפרת חוזה בישראל: סעדים, פיצויים, תביעה","הפרת חוזה בישראל | סעדים, פיצויים, תביעה | Jus-Tice",,,289,2026-05-23,2026-07-12,27,0,64.5
3-seen-not-clicked,6145,articles,https://jus-tice.co.il/verdict-house-israel/,פסק דין דיבה מני נפתלי אב הבית במעון ראש ממשלת ישראל בנימין נתניהו,,,לשון הרע,50661,2021-08-31,2026-05-16,26,0,12.1
3-seen-not-clicked,6628,articles,https://jus-tice.co.il/verdict-judge-lawsuit-69909-11-18/,"השופט אביים ברקאי: פס""ד בתביעת שכ""ט עו""ד כנגד לקוחה לשעבר (ת""א 69909-11-18)",,,עורך דין,9316,2022-02-08,2026-05-16,26,0,11.5
3-seen-not-clicked,6903,articles,https://jus-tice.co.il/child-alimony-calculation-father-obligation-israel/,"קביעת גדר חיוב האב במזונות קטנים מעל גיל שש, על פי שיטת הרשבא",,,פסקי דין חשובים,18104,2022-03-15,2026-05-22,26,0,13.5
3-seen-not-clicked,6927,articles,https://jus-tice.co.il/prenuptial-agreement-rabbinical-court-approval-agreement-divorce-law/,"'חובת אישור הסכם המהווה השלמה להסכם ממון או גירושין, אף אם הוגדר 'הסכם מכר', ובטלותו משאושר שלא כדין - 1333563-1 - ביה''ד הגדול'‎‎",,,פסקי דין חשובים,4723,2022-03-21,2026-05-16,26,0,64.5
3-seen-not-clicked,8310,articles,https://jus-tice.co.il/tips-guides-ranking-lawyers-law/,"טיפים לעו""ד כיצד להכנס למדריכים דירוג עורכי הדין המובילים בעולם",,,עורך דין,309,2022-12-15,2026-05-16,26,0,18.9
3-seen-not-clicked,9554,articles,https://jus-tice.co.il/cyber-laws/,הגדרת דיני סייבר,,,סייבר,25431,2023-05-27,2026-05-17,26,0,21.0
3-seen-not-clicked,11615,articles,https://jus-tice.co.il/infidelity-adultery-marital-betrayal-family-law/,"בגידה, ניאוף ובגידה זוגית | דיני משפחה וגירושין",,,דיני משפחה,1760,2024-11-03,2026-05-16,26,0,15.2
3-seen-not-clicked,19313,articles,https://jus-tice.co.il/sex-offenses/,"עבירות מין | סוגי עבירות, עונשים, הגנה וזכויות",,,משפט פלילי,1769,2026-05-14,2026-07-02,26,0,40.7
3-seen-not-clicked,20328,page,https://jus-tice.co.il/copyright-infringement-israel/,"הפרת זכויות יוצרים בישראל: מה אסור, פיצויים, מה עושים","הפרת זכויות יוצרים בישראל | מה אסור, פיצויים, מה עושים | Jus-Tice",,,484,2026-05-23,2026-07-12,26,0,70.4
3-seen-not-clicked,20354,page,https://jus-tice.co.il/divorce-pension-split/,"חלוקת פנסיה בגירושין: כיצד מחשבים, מה מגיע","חלוקת פנסיה בגירושין | כיצד מחשבים, מה מגיע | Jus-Tice",,,478,2026-05-23,2026-07-12,26,0,70.8
3-seen-not-clicked,6644,articles,https://jus-tice.co.il/divorce-property-division-real-estate-ruling-52531/,"האם ניתן לבטל עסקת רכישת משקפיים שהוזמנו במפרט מיוחד עבור לקוח? (ת""ק 52531-03-21)",,,,4270,2022-02-09,2026-05-22,25,0,11.5
3-seen-not-clicked,6680,articles,https://jus-tice.co.il/defamation-6680/,מסגרת נורמטיבית פרסום לשון הרע,,,,2657,2022-02-10,2026-05-16,25,0,13.1
3-seen-not-clicked,11425,articles,https://jus-tice.co.il/edp-energias-de-portugal/,EDP - Energias de Portugal,,,פורטוגל,3288,2024-07-27,2024-07-27,25,0,7.6
3-seen-not-clicked,8995,articles,https://jus-tice.co.il/verdict-family-alimony-21976-01-20/,"משפחה ב""ש, סגנית הנשיא רותם קודלר עיאש: פס""ד בעניין מזונות (תלה""מ 21976-01-20)",,,דיני משפחה,5723,2023-03-23,2026-05-16,24,0,13.4
3-seen-not-clicked,20420,page,https://jus-tice.co.il/divorce-financial-planning/,"תכנון פיננסי בגירושין: נכסים, מס, חובות","תכנון פיננסי בגירושין | נכסים, מס, חובות | Jus-Tice",,,235,2026-05-23,2026-07-12,24,0,34.6
3-seen-not-clicked,1728,articles,https://jus-tice.co.il/custody-alimony-ruling-new-919-15/,משמורת מזונות | ההלכה החדשה במזונות 919/15,,,דיני משפחה,10962,2020-03-15,2026-05-16,23,0,36.1
3-seen-not-clicked,8009,articles,https://jus-tice.co.il/ownership-business/,טופס הצהרה בעקבות שינוי בעלות בעסק,,,רישוי עסקים,645,2022-11-06,2026-05-16,23,0,16.4
3-seen-not-clicked,11379,articles,https://jus-tice.co.il/skadden-arps-slate-meagher-flom/,"Skadden, Arps, Slate, Meagher & Flom | סקאדן (משרד עורכי דין)",,,עורך דין,2804,2024-07-23,2026-05-16,23,0,6.7
3-seen-not-clicked,1695,articles,https://jus-tice.co.il/proceedings-divorce-claim-israel/,"הליכי גירושין: מבחן מירב הזיקות- טענה כי בימ""ש בישראל אינו הפורום הנאות",,,דיני משפחה,4247,2020-03-11,2026-05-16,22,0,11.8
3-seen-not-clicked,5399,articles,https://jus-tice.co.il/rabbinical-court-jerusalem-verdict-8537-18-24/,"דיון נוסף פס""ד הבוגדת: דנג""ץ 8537/18 פלוני נ. בית הדין הרבני הגדול בירושלים (24.06.2021)",,,,73575,2021-06-27,2026-05-16,22,0,19.5
3-seen-not-clicked,6435,articles,https://jus-tice.co.il/common-law-spouses-rights-property-custody-alimony/,זכויות רכוש משמורת ומזונות ידועים בציבור,,,דיני משפחה,19980,2021-09-30,2026-05-16,22,0,7.3
3-seen-not-clicked,6514,articles,https://jus-tice.co.il/criminal-law-news-updates-israel-2025/,חדשות פלילי מתעדכן,,,משפט פלילי,4364,2021-10-12,2026-05-22,22,0,16.3
3-seen-not-clicked,7460,articles,https://jus-tice.co.il/decision58450-02-22-7460/,"פסק דין: מתן צו-מניעה זמני בעסקת מכר (ת""א 58450-02-22)",,,"מקרקעין | נדל""ן",4642,2022-06-14,2026-05-16,22,0,24.5
3-seen-not-clicked,7934,articles,https://jus-tice.co.il/legal-rights-article-7934-israel-court-ruling/,כיצד לשכור מפתח אתרים,,,,4843,2022-10-28,2026-05-22,22,0,18.9
3-seen-not-clicked,10508,articles,https://jus-tice.co.il/real-estate-registration-procedure-in-israel/,real estate registration procedure in israel,,,"מקרקעין | נדל""ן",125517,2023-12-19,2023-12-19,22,0,9.8
3-seen-not-clicked,10541,articles,https://jus-tice.co.il/land-registration/,מרשם המקרקעין |  פנקס זכויות מקרקעין,,,"מקרקעין | נדל""ן",854,2023-12-21,2026-05-16,22,0,15.5
3-seen-not-clicked,10916,articles,https://jus-tice.co.il/cascais/,"נדל""ן קשקאיש פורטוגל  |  Cascais לווי משפטי עו""ד נדל""ן קשקאיש",,,פורטוגל,5726,2024-02-26,2026-05-16,22,0,15.9
3-seen-not-clicked,11866,articles,https://jus-tice.co.il/prenup-not-valid/,"פסק דין תלה""מ 34872-06-22 | הסכם הממון נמצא לא תקף הגרושה קיבלה חלק מהאימפריה הכלכלית",,,דיני משפחה,8329,2025-01-20,2026-05-16,22,0,10.5
3-seen-not-clicked,2599,articles,https://jus-tice.co.il/supreme-court-7023-19-constitutional-petition/,"ע""א 7023/19 פלוני נ. פלוני",,,,51220,2020-10-12,2026-05-22,21,0,15.5
3-seen-not-clicked,6454,articles,https://jus-tice.co.il/verdict-agreement-judge-israel/,הפרה של הסכם זכיינות | השופט עדי הדר | פסק דין הלוי נ׳ פט ביי ישראל,,,מסחרי-אזרחי,10515,2021-10-01,2026-05-16,21,0,8.4
3-seen-not-clicked,7679,articles,https://jus-tice.co.il/judge-decision-20794-07-22/,"השופט אלון אינפלד: החלטה שיש בה הצעה להרחיב החריגים לכלל הפוסל עדויות שמיעה (עמ""ת 20794-07-22)",,,פלילי פסקי דין חשובים,10596,2022-08-31,2026-05-16,21,0,8
3-seen-not-clicked,8344,articles,https://jus-tice.co.il/child-support-verdict-lawsuit-agreement-41188-08-20/,"פס""ד בתביעה להפחתת מזונות ילדים שנקבעו בהסכם פרידה ויחסי ממון (תלה""מ 41188-08-20)",,,דיני משפחה,13372,2023-01-03,2026-05-16,21,0,44.4
3-seen-not-clicked,11679,articles,https://jus-tice.co.il/divorce-consultation-guide/,ייעוץ גירושין מדריך מקיף | פגישת ייעוץ לפני גירושין,ייעוץ גירושין מדריך מקיף | פגישת ייעוץ לפני גירושין,,דיני משפחה,5419,2024-12-25,2026-05-16,21,0,88.5
3-seen-not-clicked,1709,articles,https://jus-tice.co.il/cancellation-will-18595-01-17/,"ביטול צוואה מאוחרת בשל השפעה בלתי הוגנת | ת""ע 18595-01-17",,,דיני משפחה,14685,2020-03-12,2026-05-16,20,0,10.8
3-seen-not-clicked,7319,articles,https://jus-tice.co.il/decision1838-03-21/,"ערעור בגין הטלת עיצומים מנהלים בסך 329,700 ש""ח בשל הפרות הנטענות של חוק הגנת הצרכן, מצג שווא בדבר חוב שלא קיים והפרות חובות גילוי בנושאים שונים (עש""א 1838-03-21)",,,מסחרי-אזרחי,8534,2022-06-02,2026-05-16,20,0,12.8
3-seen-not-clicked,7899,articles,https://jus-tice.co.il/lawyers-consultation-international-jus-tice/,ייעוץ משפטי אאוטסורסינג בינלאומי Jus-Tice משרות עורכי דין השמה,,,עורך דין,1924,2022-10-23,2026-05-16,20,0,28.1
3-seen-not-clicked,10670,articles,https://jus-tice.co.il/banking-financ-portugal/,חוקי בנקאות ופיננסים פורטוגל | סקירת שוק הלוואות ומימון בפורטוגל,,,פורטוגל,12149,2024-02-03,2026-05-16,20,0,8.1
3-seen-not-clicked,11263,articles,https://jus-tice.co.il/law-firm-family-law-partnership/,משרד עורכי דין דיני משפחה בשותפות,,,דיני משפחה,457,2024-07-07,2026-05-16,20,0,43.9
3-seen-not-clicked,11746,articles,https://jus-tice.co.il/apartment-purchase-guide-contract-contractor-2025/,מדריך 2025: מה חשוב לכלול בחוזה מול קבלן ברכישת דירה,,,"מקרקעין | נדל""ן",2197,2025-01-04,2026-05-16,20,0,35.1
3-seen-not-clicked,12309,articles,https://jus-tice.co.il/60877-12-24/,"תמ""ש 60877-12-24 | השופטת שלי פרקש: בקשה לצו מניעה זמני, לפיו לא תיעשה דיספוזיציה בזכויות נחלה",,,דיני משפחה,2276,2025-03-16,2026-05-16,20,0,8.2
3-seen-not-clicked,12975,articles,https://jus-tice.co.il/1396562-2/,"פס""ד ביטול החלטה לשלום בית ; הקפאת תשלום מזונות אישה",,,דיני משפחה,16610,2025-10-19,2026-07-02,20,0,20
3-seen-not-clicked,20269,page,https://jus-tice.co.il/lawyers-tel-aviv/,עורכי דין בתל אביב: מדריך למציאת עורך דין בעיר,עורכי דין בתל אביב | מדריך למציאת עורך דין בעיר | Jus-Tice,,,545,2026-05-23,2026-07-12,20,0,21.2
4-negligible,1767,articles,https://jus-tice.co.il/civil-lawsuits-israel-procedure-guide/,תביעות רכושיות הדדיות של בני זוג לשעבר,,,,30759,2020-03-17,2026-05-22,19,0,12.9
4-negligible,3188,articles,https://jus-tice.co.il/cohabitation-agreement/,הסכם חיים משותפים,,"הסכם חיים משותפים מאפשר לידועים בציבור להוכיח בקלות את הסטטוס שלהם. כמו כן, הוא מונע מאבק משפטי עתידי בין הצדדים ומעניק להם אפוא תחושת ביטחון.",דיני משפחה,1258,2021-04-16,2026-05-16,19,0,81.5
4-negligible,6552,articles,https://jus-tice.co.il/criminal-legal-procedure-israel-guide/,הסדר מותנה | מהו הסדר מותנה בפלילים,,,משפט פלילי,992,2022-01-06,2026-05-22,19,0,92.8
4-negligible,6890,articles,https://jus-tice.co.il/law-jurisdiction/,האם לנציב שירות המדינה יש סמכות לחתום על חוזים מיוחדים?,,,דיני עבודה,29027,2022-03-13,2026-05-17,19,0,8.1
4-negligible,7145,articles,https://jus-tice.co.il/punishment-criminal-defendant-4710-11-18/,"עונש פלילי נאשם ברצח אישה בנתניה (תפ""ח 4710-11-18)",,,עורך דין פלילי פסקי דין 2022,12173,2022-05-19,2026-05-16,19,0,33.1
4-negligible,8058,articles,https://jus-tice.co.il/rabbinical-court-family-matters-visitation-arrangements-lawsuit-divorce-jurisdiction/,תביעת גירושין כרוכה: בית הדין הרבני קנה סמכות למרות הגשת תובענה בעניין החזקת ילדים והסדרי שהותם בפני בית המשפט לענייני משפחה,,,פסקי דין חשובים,3646,2022-11-15,2026-05-16,19,0,38.6
4-negligible,11446,articles,https://jus-tice.co.il/laura-wasser/,"עו""ד לורה וסר (עו""ד לגירושין) | Laura Wasser",,,דיני משפחה,574,2024-07-30,2026-05-16,19,0,13.6
4-negligible,12305,articles,https://jus-tice.co.il/3922-01-24/,"פסק דין מינוי ""רואה חשבון חקירתי"" לצורך פירוק שיתוף בחשבונות הבנק המשותפים",,,דיני משפחה,2182,2025-03-16,2026-07-02,19,0,7.6
4-negligible,19199,page,https://jus-tice.co.il/lawyer-registration/,הצטרפות עורכי דין,,,,0,2026-05-10,2026-05-10,19,0,6.3
4-negligible,1526,articles,https://jus-tice.co.il/verdict-appeal-decision-2-5-46570-06-18/,"פס""ד בערעור- בוקינג.קום נ' החלטת הרשות להגנת הצרכן בעניין עיצום בסך 2.5 ש""ח (עש""א 46570-06-18)",,,,7467,2020-02-11,2026-05-16,18,0,6.9
4-negligible,5999,articles,https://jus-tice.co.il/ruling-apartment-residence/,הלכת שיתוף ספציפי בדירת מגורים,,,דיני משפחה,14007,2021-08-15,2026-05-16,18,0,71.9
4-negligible,6724,articles,https://jus-tice.co.il/judge-decision-request-investigation-74-4286-01-22/,"השופט ניצן סילמן: החלטה בקשה לעיון בחומר חקירה לפי סעיף 74 לחסד""פ (בע""ח 4286-01-22)",,,פלילי פסקי דין חשובים,3397,2022-02-20,2026-05-16,18,0,21.7
4-negligible,10065,articles,https://jus-tice.co.il/is-a-law-for-the-settlement-of-family-disputes-successful/,האם חוק להסדר התדיינויות בסכסוכי משפחה הצליח מבחינת יישום?,,,פסקי דין חשובים,20980,2023-09-27,2026-05-16,18,0,9.6
4-negligible,12036,articles,https://jus-tice.co.il/guide-complete-wills-updated-2025/,המדריך המלא לצוואות - מעודכן 2025,,,דיני משפחה,18594,2025-02-24,2026-07-02,18,0,30.9
4-negligible,12883,articles,https://jus-tice.co.il/rabbinical-courts-reconciliation-agreement-divorce-ketubah/,תפוגת חיובים בהסכם שלום בית וגירושין: המלצה לכתובה מוקטנת בבתי הדין הרבניים,,,דיני משפחה,15672,2025-09-04,2026-07-02,18,0,27.8
4-negligible,20371,page,https://jus-tice.co.il/immigration-lawyer-cost/,כמה עולה עורך דין הגירה: מחירים לכל שירות,כמה עולה עורך דין הגירה | מחירים לכל שירות | Jus-Tice,,,228,2026-05-23,2026-07-12,18,0,38.3
4-negligible,20498,page,https://jus-tice.co.il/real-estate-lawyer-eilat/,"עורך דין מקרקעין אילת: מע""מ אפס, תיירות","עורך דין מקרקעין אילת | מע""מ אפס, תיירות | Jus-Tice",,,223,2026-05-23,2026-07-12,18,0,8.6
4-negligible,1509,articles,https://jus-tice.co.il/israel-notary-public/,נוטריון: מה זה נוטריון | מה המחירים (מחירון),,,עורך דין,1909,2020-02-10,2026-05-16,17,0,21.1
4-negligible,5585,articles,https://jus-tice.co.il/divorce-alimony-property-expert-witness-court/,זליגמן נגד הפניקס | הגנת זוטי דברים בתובענות ייצוגיות | פרשנות המאסדר,,,,79982,2021-07-05,2026-05-22,17,0,30.9
4-negligible,6780,articles,https://jus-tice.co.il/verdict-inheritance-lawsuits-accounts-59182-12-13/,"ירושה: פסק דין בתביעות של אישה למתן חשבונות כנגד אחיו של בן זוגה לשעבר המנוח (תמ""ש 59182-12-13)",,,פסקי דין חשובים,18644,2022-02-27,2026-05-16,17,0,15.8
4-negligible,7384,articles,https://jus-tice.co.il/acquittal-defendant-judge-36253-05-20/,"זיכוי נאשם בתקיפת בת זוג מחמת הספק | שופט איל כהן ת""פ36253-05-20",,,עורך דין פלילי פסקי דין 2022,7633,2022-06-09,2026-05-16,17,0,15.9
4-negligible,7533,articles,https://jus-tice.co.il/defamation-lawsuit-900-31/,"תביעה ע""ס 900,31 ₪ בעילות של הטרדה מינית , תקיפה מילולית והוצאת לשון הרע",,,"עו""ד נזיקין פסקי דין",13,2022-06-26,2026-05-16,17,0,27.5
4-negligible,8077,articles,https://jus-tice.co.il/defamation-lawsuit-law-complete-13429-05-21/,"נתניהו נגד אהוד אולמרט (ת""א 13429-05-21) תביעת לשון הרע פסק הדין המלא",,,לשון הרע,13387,2022-11-21,2026-05-16,17,0,18.1
4-negligible,8199,articles,https://jus-tice.co.il/criminal-law-tel-aviv-lawyer-criminal-recommended/,"עורך דין פלילי בתל אביב | עו""ד פלילי מומלץ בת""א והמרכז",,,משפט פלילי,2249,2022-12-10,2026-05-18,17,0,36.7
4-negligible,8338,articles,https://jus-tice.co.il/authority-9267-12-21/,"חלוקת זמני שהות:  מינוי מתאם הורי עם סמכויות הכרעה (תלה""מ 9267-12-21)",,,פסקי דין חשובים,1516,2022-12-19,2026-05-16,17,0,10.9
4-negligible,20486,page,https://jus-tice.co.il/minimum-wage-israel-2025/,"שכר מינימום ישראל 2025: שעתי, חודשי, עדכונים","שכר מינימום ישראל 2025 | שעתי, חודשי, עדכונים | Jus-Tice",,,250,2026-05-23,2026-07-12,17,0,26.8
4-negligible,20520,page,https://jus-tice.co.il/criminal-lawyer-modiin/,עורך דין פלילי מודיעין: מחירים 2025,עורך דין פלילי מודיעין | מחירים 2025 | Jus-Tice,,,149,2026-05-23,2026-07-12,17,0,27.2
4-negligible,1819,articles,https://jus-tice.co.il/ruling-alimony-new-919-15/,בע״ם 919/15 | הלכת המזונות החדשה,,,דיני משפחה,67720,2020-03-18,2026-05-16,16,0,18.8
4-negligible,2765,articles,https://jus-tice.co.il/revocation-of-a-will-and-reviving-previous-will/,ביטול צוואה וקיום צוואה קודמת בה חלוקה שווה,,,דיני משפחה,19419,2020-10-25,2026-05-16,16,0,15.6
4-negligible,3450,articles,https://jus-tice.co.il/usa-arraignment-formal-reading-of-criminal-charging/,"מעצר בארה""ב שלב ההקראה  - עו""ד פלילי ארה""ב",,,משפט פלילי,3180,2021-05-27,2026-05-18,16,0,6.6
4-negligible,5544,articles,https://jus-tice.co.il/department-of-justice-general-manager/,מנהלים כלליים לדורותיהם משרד המשפטים,,,משרד המשפטים,357,2021-07-01,2026-05-16,16,0,4.2
4-negligible,5799,articles,https://jus-tice.co.il/preparing-for-law-school/,הכנה לבית הספר למשפטים,,,עורך דין,2864,2021-08-07,2026-05-16,16,0,11.6
4-negligible,6506,articles,https://jus-tice.co.il/compulsory-motor-vehicle-insurance/,ביטוח חובה,,,דיני תעבורה,1348,2021-10-10,2026-05-16,16,0,58.9
4-negligible,7441,articles,https://jus-tice.co.il/insurance-company-prosecutor-investigation-ruling/,חקירת ביטוח: חברת הביטוח מחויבת למסור לעיון התובע את מלוא חומר החקירה מכוח הלכת סוויסה,,,ביטוח,10571,2022-06-12,2026-05-16,16,0,8.8
4-negligible,8926,articles,https://jus-tice.co.il/33316-07-19/,"פס""ד בעניין תביעה רכושית ואיזון משאבים בין בני זוג לשעבר (תלה""מ 33316-07-19)",,,גירושין,14999,2023-03-21,2026-05-16,16,0,21.8
4-negligible,11402,articles,https://jus-tice.co.il/paul-hastings/,Paul Hastings | פול הייסטינגס (עורך דין),,,"מקרקעין | נדל""ן",938,2024-07-25,2026-05-16,16,0,5.9
4-negligible,1660,articles,https://jus-tice.co.il/criminal-tax-appeal-supreme-court-israel/,"פרסם הקלטות ממסמך הרפז פס""ד הערעור",,,,8902,2020-03-05,2026-05-22,15,0,12.4
4-negligible,6060,articles,https://jus-tice.co.il/sex-offenses-arrest-witness-proceedings-family-prosecutor/,מעצר עד תום ההליכים בעבירות מין ואלימות בתוך המשפחה | הנחיות פרקליט המדינה,,,משפט פלילי,2224,2021-08-19,2026-05-18,15,0,29
4-negligible,6646,articles,https://jus-tice.co.il/corporate-appeal-shareholder-dispute-israel/,"ערעור של חברת כוח אדם שהעסיקה עובדים במלון קלאב הוטל בעיר אילת נגד חיובה בתשלום מע""מ",,,,16666,2022-02-09,2026-05-22,15,0,13.3
4-negligible,6795,articles,https://jus-tice.co.il/family-process-criminal-46235-12-21/,"העברת מסמכים מתיק משפחה לצורך הליך פלילי (רמ""ש 46235-12-21)",,,פסקי דין חשובים,1867,2022-02-27,2026-05-16,15,0,12.7
4-negligible,7507,articles,https://jus-tice.co.il/vietnam-lawyer/,עורך דין פלילי | עורך דין וייטנאם,,,משפט פלילי,9573,2022-06-23,2026-05-18,15,0,9.6
4-negligible,7905,articles,https://jus-tice.co.il/lawyers/,"עו""ד אונליין? ניהול מוניטין מקוון לעורכי דין ברשת האינטרנט",,,עורך דין,3158,2022-10-24,2026-05-17,15,0,23.5
4-negligible,9258,articles,https://jus-tice.co.il/47565-12-18/,"פס""ד בתביעה להכרזה על בעלות במקרקעין (תמ""ש 47565-12-18)",,,"מקרקעין | נדל""ן",6408,2023-04-02,2026-05-16,15,0,7.3
4-negligible,9885,articles,https://jus-tice.co.il/real-estate-usa/,"עורך דין מקרקעין ונדל""ן ארה""ב | מדריך רכישה ומכירה",,,"מקרקעין | נדל""ן",16575,2023-08-26,2026-05-16,15,0,5.7
4-negligible,11250,articles,https://jus-tice.co.il/portugal-overview-real-estate/,"סקירה על שוק הנדל""ן בפורטוגל",,,פורטוגל,822,2024-06-27,2026-05-16,15,0,57.7
4-negligible,12539,articles,https://jus-tice.co.il/iflr1000/,IFLR1000,,,,17889,2025-05-27,2026-05-17,15,0,5.2
4-negligible,12670,articles,https://jus-tice.co.il/dissolution-partnership-verdict-petition-witness-apartment-agreement/,"פס""ד רבני (2025) בקשת האישה להקדמת מועד פירוק שיתוף דירה טרם התאריך שנקבע בהסכם",,,דיני משפחה,5018,2025-07-29,2026-07-02,15,0,20.9
4-negligible,12921,articles,https://jus-tice.co.il/top-experts-family-law/,(2025) המומחים המובילים בדיני משפחה,,,דיני משפחה,24860,2025-09-15,2026-05-16,15,0,9.1
4-negligible,21296,articles,https://jus-tice.co.il/arrest-detention-lawyer-israel/,"עורך דין מעצרים: מעצר ימים, הארכת מעצר ושחרור בערובה",עורך דין מעצרים: הארכת מעצר ושחרור בערובה | Jus-Tice,"עורך דין מעצרים: איך מתנהל דיון מעצר ימים, מתי מבקשים מעצר עד תום ההליכים, אילו חלופות מעצר קיימות ומה קריטי לעשות בשעות הראשונות אחרי המעצר.",,3381,2026-07-06,2026-07-06,15,0,35
4-negligible,20350,page,https://jus-tice.co.il/labor-law-tel-aviv/,"עורך דין עבודה תל אביב: מחירים, שירותים","עורך דין עבודה תל אביב | מחירים, שירותים | Jus-Tice",,,212,2026-05-23,2026-07-12,15,0,9.1
4-negligible,20481,page,https://jus-tice.co.il/court-appeal-israel/,"ערעור לבית משפט: מתי, איך, עלויות","ערעור לבית משפט | מתי, איך, עלויות | Jus-Tice",,,269,2026-05-23,2026-07-12,15,0,7.9
4-negligible,1246,articles,https://jus-tice.co.il/divorce-everything-you-need-to-know/,"עורך דין גירושין, דיני משפחה וצוואות - מדריך גירושין מקיף",,,דיני משפחה,10126,2020-01-16,2026-05-24,14,0,54.6
4-negligible,1581,articles,https://jus-tice.co.il/acquittal-defendant-evidence-laws/,זיכוי נאשם בשל פסילת ראיה עקב חיפוש בלתי חוקי,,,,10851,2020-02-16,2026-05-16,14,0,20.4
4-negligible,1714,articles,https://jus-tice.co.il/spousal-support-lawsuit-custody-property/,"תביעה למזונות אישה וקטינות, תביעה למשמורת קטינות ותביעה רכושית",,,דיני משפחה,6357,2020-03-12,2026-05-16,14,0,50.4
4-negligible,1749,articles,https://jus-tice.co.il/validity-license-16-03-2020/,קורונה: הארכת תקופת תוקף רישיון רכב 16/03/2020,,,,629,2020-03-16,2026-05-16,14,0,8.1
4-negligible,6635,articles,https://jus-tice.co.il/should-i-admit-guilt-to-my-criminal-defense-attorney/,האם עלי להודות באשמה בפני הסניגור הפלילי שלי? המלצות עורך דין פלילי,,,משפט פלילי,1276,2022-02-08,2026-05-18,14,0,8.8
4-negligible,6776,articles,https://jus-tice.co.il/inheritance-lawsuits-rights-apartment-7662-07-18/,"ירושה: תביעות במסגרת סכסוך בין אלמנה וילדיה ואמו של הנפטר הנוגעות לזכויות על דירה (תמ""ש 7662-07-18)",,,פסקי דין חשובים,17885,2022-02-27,2026-05-16,14,0,7.4
4-negligible,6857,articles,https://jus-tice.co.il/judge-decision-request-estate-will-21159-07-21/,"השופטת אורית יהלומי: החלטה בבקשה למינוי מנהל עיזבון כמפורט בצוואה והתנגדות לבקשה (ת""א 21159-07-21)",,,פסקי דין חשובים,8609,2022-03-08,2026-05-16,14,0,17.9
4-negligible,7266,articles,https://jus-tice.co.il/decision23472-02-20/,"השופט פליקס גורודצקי: פס""ד גירושין בתביעות לפסיקת דין הצהרתי לחזקת שיתוף בנכסים, ביטול עסקת מתנה, עוולת לשון הרע ועוד (תלה""מ 23472-02-20)",,,גירושין,18018,2022-05-26,2026-05-16,14,0,10.6
4-negligible,8107,articles,https://jus-tice.co.il/indictment-70/,כתב אישום נגד בן 70 מהרצליה בגין רצח בנסיבות מחמירות,,,משרד המשפטים,448,2022-11-30,2026-05-16,14,0,45
4-negligible,8443,articles,https://jus-tice.co.il/law-2023-37-8948-3-22/,"בג'צ דרעי 2023 תיקון חוק יסוד הממשלה ומינויו של הח""כ אריה דרעי לשר בממשלה ה-37 (בג""ץ 8948-3=22)",,,,85283,2023-01-18,2026-05-16,14,0,38.6
4-negligible,8760,articles,https://jus-tice.co.il/cancellation-divorce-witness-infidelity-8216/,ביטול מכר או מתנה בגירושין 'מועד הקרע' במקרה של בגידה,,,גירושין,18363,2023-03-11,2026-05-16,14,0,24.6
4-negligible,9126,articles,https://jus-tice.co.il/innocent-prisoner-dilemma-criminal-defense-israel/,דילמת אסיר חף מפשע,,,משפט פלילי,2095,2023-03-30,2026-05-22,14,0,10.5
4-negligible,10082,articles,https://jus-tice.co.il/879928-4/,התחייבות בהסכם גירושין להעביר דירה השייכת להורים - 879928-4 - ביה''ד אריאל‎,,,פסקי דין חשובים,22398,2023-09-28,2026-05-16,14,0,11.9
4-negligible,10386,articles,https://jus-tice.co.il/greece-financing/,"מימון פרוייקטים ונדל""ן ביוון | מימון השקעות",,,"מקרקעין | נדל""ן",8587,2023-12-08,2026-05-16,14,0,7.9
4-negligible,12851,articles,https://jus-tice.co.il/7776-09-24/,"זיכוי לנאשם בשורת עבירות בשל קשיים בזיהוי (ת""פ 7776-09-24 חסדאי)",,,פלילי פסקי דין חשובים,28182,2025-08-31,2026-07-02,14,0,16.9
4-negligible,12987,articles,https://jus-tice.co.il/future-of-divorce-process/,כיצד יראה בעתיד הליך גירושין - תחזית לשנים הבאות,,,דיני משפחה,6229,2025-10-20,2026-07-02,14,0,13.9
4-negligible,21299,articles,https://jus-tice.co.il/assault-charges-lawyer/,"עבירת תקיפה: סעיפי החוק, מדרג הענישה וקווי ההגנה","עבירת תקיפה: סעיפים, ענישה וקווי הגנה | Jus-Tice","עבירת תקיפה בחוק העונשין: ההבדל בין תקיפה סתם לתקיפה חבלנית, מדרג הענישה, הגנה עצמית, ההליך המלא ומתי אפשר לסגור את התיק. מדריך מקיף.",,3233,2026-07-08,2026-07-07,14,0,26.7
4-negligible,2791,articles,https://jus-tice.co.il/united-arab-emirates-market-overview/,איחוד האמירויות הערביות - מדריך מסחרי,,,,1486,2020-10-27,2026-05-16,13,0,15.8
4-negligible,3406,articles,https://jus-tice.co.il/judge-role-israel-court-system/,השופט בדימוס משה מכליס: שחרור מוקדם של אסיר שהורשע בגין ביצוע מעשה מגונה בקטינה,,,,1485,2021-05-26,2026-05-22,13,0,9
4-negligible,6511,articles,https://jus-tice.co.il/rabbinical-court-jurisdiction-alimony-ruling-news-8216/,'סמכות בית הדין בעניין מזונות הילדים לאחר הלכת שרגאי – בחינת ההלכות המשפטיות הוותיקות והחדשות ומעמדן - 1250217-3 - ביה''ד הגדול',,,דיני משפחה,60602,2021-10-12,2026-05-16,13,0,20.5
4-negligible,8269,articles,https://jus-tice.co.il/medical-malpractice-8269/,סוגי רשלנות רפואית,,,דיני נזיקין,412,2022-12-13,2026-05-16,13,0,42.1
4-negligible,8432,articles,https://jus-tice.co.il/verdict-lawsuit-12532-05-20/,"פס""ד בתביעה בין אחים על רקע עזבון אמם (תמ""ש 12532-05-20)",,,פסקי דין חשובים,13105,2023-01-17,2026-05-16,13,0,6.5
4-negligible,10123,articles,https://jus-tice.co.il/international-agreement-greece-dtpa/,"אמנת מס ישראל יוון | השקעות נדל""ן",,,"מקרקעין | נדל""ן",9384,2023-10-03,2026-05-16,13,0,50.8
4-negligible,10602,articles,https://jus-tice.co.il/ruling-on-conflicting-real-estate-transactions/,"פס""ד בנוגע לעסקאות נוגדות מקרקעין (תמ""ש 67355-03-19)",,,"מקרקעין | נדל""ן",13057,2024-01-11,2026-05-16,13,0,7
4-negligible,10635,articles,https://jus-tice.co.il/invest-in-portugal-for-citizenship/,פורטוגל השקעות | איך לקבל תושבות בפורטוגל כישראלי,,,פורטוגל,4433,2024-01-29,2026-05-16,13,0,18.8
4-negligible,11271,articles,https://jus-tice.co.il/unbundled-legal-services/,שירותים משפטיים מבוקרים,,,עורך דין,2465,2024-07-07,2026-05-16,13,0,12.2
4-negligible,11525,articles,https://jus-tice.co.il/cerebral-palsy-rights/,זכויות שיתוק מוחין (CP),,,,1557,2024-09-10,2026-05-16,13,0,16.2
4-negligible,20418,page,https://jus-tice.co.il/family-law-raanana/,"עורך דין משפחה רעננה: גירושין, מזונות 2025","עורך דין משפחה רעננה | גירושין, מזונות 2025 | Jus-Tice",,,160,2026-05-23,2026-07-12,13,0,12.8
4-negligible,3231,articles,https://jus-tice.co.il/prenuptial-agreement-agreement/,האם כל הסכם בין בני זוג הוא הסכם ממון?,,,,12598,2021-04-28,2026-05-16,12,0,28.8
4-negligible,3417,articles,https://jus-tice.co.il/criminal-punishment-assault-verdict-3417/,"עונש החזקת קנאביס, ייצור, הכנה והפקה של סם ועוד",,,,9431,2021-05-26,2026-05-22,12,0,22.9
4-negligible,5604,articles,https://jus-tice.co.il/lawyer-101-guide-hiring-attorney-israel/,תיקון 101 לפקודת התעבורה סיכון חיי אדם הפקרה | עורך דין תעבורה,,,,5301,2021-07-07,2026-05-22,12,0,8.8
4-negligible,5805,articles,https://jus-tice.co.il/request-offense-law-rights/,טופס בקשה לקבלת מידע נפגעי עבירה לפי לחוק זכויות נפגעי עבירה,,,משפט פלילי,732,2021-08-08,2026-05-18,12,0,19.3
4-negligible,6019,articles,https://jus-tice.co.il/israel-police-procedure/,סדר העדיפויות של משטרת ישראל,,,משפט פלילי,2443,2021-08-16,2026-05-18,12,0,10.8
4-negligible,6056,articles,https://jus-tice.co.il/road-accidents-law-damages-updated-1975-10-08-2021/,"חוק פיצויים לנפגעי תאונות דרכים, תשל""ה-1975 | נוסח עדכני נכון ליום: 10-08-2021",,,דיני נזיקין,9902,2021-08-17,2026-05-16,12,0,5.9
4-negligible,6096,articles,https://jus-tice.co.il/verdict-judge-lawsuit-pension-claim-44598-12-12/,"השופטת מיכל אגמון-גונן: פס""ד בתביעה ייצוגית נגד מיטב דש גמל ופנסיה בטענה לגביית דמי ניהול בניגוד למוסכם (ת""צ 44598-12-12)",,,,2051,2021-08-25,2026-05-16,12,0,13.2
4-negligible,6112,articles,https://jus-tice.co.il/judge-decision/,"ה שופטת הילה מלר שלו: החלטה לעניין רישום קטין למוסד חינוכי לשנת הלימודים תשפ""ב",,,דיני משפחה,7214,2021-08-26,2026-05-16,12,0,15
4-negligible,7158,articles,https://jus-tice.co.il/rabbinical-court-verdict-agreement-809633-3/,"פס""ד - הסכם מתנה בין בני זוג כמבסס קניין ומוכיח כוונת שיתוף אף ללא רישום - 809633-3 - ביה''ד הגדול‎‎",,,פסקי דין גירושין דיני משפחה 2022,4038,2022-05-19,2026-05-16,12,0,79.5
4-negligible,7185,articles,https://jus-tice.co.il/decision60567-12-21/,"ערעור על גובה המזונות הערכת יכולות כלכליות ופוטנציאל הכנסה (עמ""ש 60567-12-21)",,,פסקי דין גירושין דיני משפחה 2022,6939,2022-05-19,2026-05-16,12,0,15.8
4-negligible,7249,articles,https://jus-tice.co.il/tel-aviv-city-best-lawyers/,מדוע עורכי דין בעיר תל אביב נחשבים למובחרים ביותר?,,,עורך דין,1328,2022-06-06,2026-05-16,12,0,61.7
4-negligible,11444,articles,https://jus-tice.co.il/kl-gates/,קיי אנד אל גייטס (משרד עורכי דין) | K&L Gates LLP,,,דיני משפחה,1980,2024-07-30,2026-05-16,12,0,19.1
4-negligible,11637,articles,https://jus-tice.co.il/divorce-agreement-validity-dispute/,תקפות הסכם גירושין שנטען כי נעשה למראית עין וכי בטל בהתנהגות הצדדים או בשל הפרתו,,,דיני משפחה,37442,2024-12-12,2026-05-16,12,0,10.2
4-negligible,20419,page,https://jus-tice.co.il/child-welfare-law-israel/,"חוק הנוער (טיפול והשגחה): ילדים בסיכון, פקיד סעד","חוק הנוער (טיפול והשגחה) | ילדים בסיכון, פקיד סעד | Jus-Tice",,,309,2026-05-23,2026-07-12,12,0,23.1
4-negligible,1951,articles,https://jus-tice.co.il/criminal-procedure-ordinance-1951-israel/,קורונה: תקנות שעת חירום - לקוחות שהשיקים שלהם חזרו חשבונם לא יוקפא,,,,552,2020-03-22,2026-05-22,11,0,37.5
4-negligible,2245,articles,https://jus-tice.co.il/verdict-compensation-20/,"פס""ד: סלקום מכרה מידע ונתוני איכון על לקוחותיה ותשלם פיצוי של כ 20 מיליון שקל",,,,11022,2020-04-18,2026-05-16,11,0,13
4-negligible,2465,articles,https://jus-tice.co.il/lawyer-right-1437-02/,(בג״צ 1437/02) זכות היסוד להיפגש עם עורך דין,,,,11088,2020-09-26,2026-05-16,11,0,10
4-negligible,3364,articles,https://jus-tice.co.il/car-accident-compensation-4-112-031/,"פיצוי גבוהה תאונת דרכים 4,112,031 ש""ח",,,דיני נזיקין,9925,2021-05-13,2026-05-16,11,0,6.5
4-negligible,5356,articles,https://jus-tice.co.il/state-prosecution-israel-criminal-process/,הגבלה על מסירת מידע מהמרשם הפלילי וקיצור תקופת הרישום,,,משפט פלילי,3348,2021-06-16,2026-05-22,11,0,37.9
4-negligible,6749,articles,https://jus-tice.co.il/nso-pegasus-spyware-israel-police-legal/,"פגסוס NSO מסקנות צוות מררי: ממצאי צוות הבדיקה בעניין האזנות סתר בעקבות הפרסום באתר ""כלכליסט""",,,סייבר,3046,2022-02-21,2026-05-22,11,0,17.2
4-negligible,6888,articles,https://jus-tice.co.il/criminal-law-law-rights-investigation/,הערות הסניגוריה הציבורית לתזכיר חוק-יסוד: זכויות בחקירה ובמשפט פלילי,,,פלילי פסקי דין חשובים,18396,2022-03-13,2026-05-16,11,0,17.7
4-negligible,7517,articles,https://jus-tice.co.il/decision22695-02-20/,"פסק דין 2022 מאה שבעים ושמונה אלף שח פיצוי בגין הפרה-יסודית של הסכם מכר מקרקעין פרדס חנה כרכור (ת""א 22695-02-20)",,,"מקרקעין | נדל""ן",9654,2022-06-23,2026-05-16,11,0,36.9
4-negligible,8169,articles,https://jus-tice.co.il/procedure-defendant/,הסדר טיעון ארנון גלעדי שנאשם במסגרת כתב האישום חבר הכנסת דוד ביטן ואחרים.,,,,545,2022-12-07,2026-05-16,11,0,9.3
4-negligible,10060,articles,https://jus-tice.co.il/verdict-judge-lawsuit-cancellation-agreement-4528-01-16/,"השופט מגן אלטוביה: פס""ד בעניין תביעה על ביטול הסכם מיזוג (ת""א 4528-01-16)",,,מסחרי-אזרחי,15107,2023-09-27,2026-05-16,11,0,6.9
4-negligible,11422,articles,https://jus-tice.co.il/shearman-sterling/,שירמן וסטרלינג (משרד עורכי דין רב לאומי) Shearman & Sterling,,,עורך דין,1905,2024-07-27,2026-05-16,11,0,8.1
4-negligible,11430,articles,https://jus-tice.co.il/51377-12-23/,בית משפט מחוזי חיפה: פסד דין אשר במסגרתו נדחתה בקשה לביטול צו קיום צוואה,,,דיני משפחה,28117,2024-07-28,2026-05-16,11,0,8.9
4-negligible,11598,articles,https://jus-tice.co.il/jerusalem-rabbinical-court-account-bank-1381290-2/,"מעמדו של חשבון בנק הרשום ע""ש בני הזוג - 1381290-2 - ביה""ד ירושלים‎",,,דיני משפחה,20671,2024-09-24,2026-05-16,11,0,10.3
4-negligible,20368,page,https://jus-tice.co.il/family-law-ashdod/,"עורך דין משפחה אשדוד: גירושין, מזונות 2025","עורך דין משפחה אשדוד | גירושין, מזונות 2025 | Jus-Tice",,,170,2026-05-23,2026-07-12,11,0,35.8
4-negligible,20470,page,https://jus-tice.co.il/employment-subcontractor/,"קבלן משנה ועובד קבלן: זכויות, אחריות","קבלן משנה ועובד קבלן | זכויות, אחריות | Jus-Tice",,,229,2026-05-23,2026-07-12,11,0,8.7
4-negligible,21054,page,https://jus-tice.co.il/criminal-lawyers-rating/,"דירוג עורכי דין פליליים בישראל: קריטריונים, השוואה ובחירה",,,,1124,2026-07-06,2026-07-06,11,0,20.3
4-negligible,944,articles,https://jus-tice.co.il/form-161-employee-departure-employer-notice-israel/,טופס 161 הודעת מעביד על פרישת עובד ממקום עבודה,,,דיני עבודה,38,2019-06-19,2026-05-22,10,0,20.2
4-negligible,5560,articles,https://jus-tice.co.il/custody-rights-for-fathers/,משמורת אב | כיצד להשיג זכויות משמורת כאבא?,,,דיני משפחה,2430,2021-07-04,2026-05-16,10,0,50.2
4-negligible,5655,articles,https://jus-tice.co.il/alimony-lawsuit-reduction-changed-circumstances/,"תביעת האשה ל""השבת הוצאות"" של מזונות קטינים",,,מזונות ילדים,11620,2021-07-25,2026-05-22,10,0,16.7
4-negligible,7170,articles,https://jus-tice.co.il/verdict-apartment-ownership-35787-02-22/,"פס""ד בתובענה של אישה לביצוע פס""ד בנוגע לדירה שבבעלות בן זוגה לשעבר (תלה""מ 35787-02-22)",,,פסקי דין גירושין דיני משפחה 2022,5010,2022-05-19,2026-05-16,10,0,13.4
4-negligible,7334,articles,https://jus-tice.co.il/apartment-divorce-price-appraisal/,חלוקת דירה שיתופית בגירושין- בהסתמך על מחיר שמאות או במחיר התמחרות שוק,,,גירושין,11520,2022-06-06,2026-05-16,10,0,21.7
4-negligible,7397,articles,https://jus-tice.co.il/standard-minimum-rules-for-treatment-of-prisoners/,"כללי מינימום סטנדרטיים לטיפול באסירים לפי אמנת ז'נבה | עו""ד פלילי",,,משפט פלילי,8344,2022-06-09,2026-05-18,10,0,10.3
4-negligible,7618,articles,https://jus-tice.co.il/klumpke-paralysis/,רשלנות רפואית בלידה: מה זה שיתוק קלומקה?,,,דיני נזיקין,736,2022-07-27,2026-05-16,10,0,4.7
4-negligible,8000,articles,https://jus-tice.co.il/legal-awareness/,מודעות משפטית,,,עורך דין,4103,2022-11-05,2026-05-16,10,0,36.7
4-negligible,8071,articles,https://jus-tice.co.il/punishment-offenses/,החמרת עונש עבירות בנשק - מכירת  כלי נשק שונים,,,משרד המשפטים,1034,2022-11-17,2026-05-16,10,0,46.1
4-negligible,8509,articles,https://jus-tice.co.il/lawyers-lawyer-house/,מה עושים עורכי דין בבית המשפט ומהם תחומי האחריות של עורך דין,,,עורך דין,564,2023-02-11,2026-05-16,10,0,24.9
4-negligible,8604,articles,https://jus-tice.co.il/18834-05-20/,"האישה עתרה לתשלום פיצויים מבעלה לשעבר בגין סבל וכאב שגרם לה (תלה""מ 18834-05-20)",,,פסקי דין חשובים,11140,2023-02-19,2026-05-16,10,0,17.7
4-negligible,8629,articles,https://jus-tice.co.il/most-famous-murder-acquittal-cases/,זיכוי מאשמת רצח: התיקים המפורסמים מי עורך הדין שייצג ואיזו טענה הובילה לזיכוי,,,משפט פלילי,568,2023-02-23,2026-05-18,10,0,11.2
4-negligible,10100,articles,https://jus-tice.co.il/law-taxation-real-estate-greece-tax-ownership/,חוק מיסוי נדלן יוון: חוק מס. 4223 מס בעלות על נכס אחיד והוראות אחרות,,,"מקרקעין | נדל""ן",9525,2023-10-02,2026-05-16,10,0,10.9
4-negligible,11266,articles,https://jus-tice.co.il/divorce-law-in-sweden/,דיני גירושין בשוודיה,,,דיני משפחה,3009,2024-07-07,2026-05-16,10,0,7.2
4-negligible,11290,articles,https://jus-tice.co.il/legalzoom/,LegalZoom | חברת טכנולוגיה ושירותים משפטיים מקוונים,,,עורך דין,951,2024-07-11,2026-05-16,10,0,11.2
4-negligible,11762,articles,https://jus-tice.co.il/pension-insurance-complete-guide/,המדריך השלם לביטוח פנסיוני בישראל: איך לבחור נכון?,,,ביטוח,10590,2025-01-08,2026-05-16,10,0,23.8
4-negligible,12412,articles,https://jus-tice.co.il/lawyer-forex/,עורך דין פורקס | מה זה פורקס?  FOREX,,,עורך דין,49458,2025-04-08,2026-05-17,10,0,4
4-negligible,12678,articles,https://jus-tice.co.il/1331339-3/,החובה לעמוד בהסכם על מקום מגורי הילדים ולשאת בתוצאות הפרתו_ שיבתו לתוקף של פטור ממזונות שניתן בגין ההפרה - 1331339-3 - ביה''ד הגדול,,,דיני משפחה,5628,2025-07-29,2026-07-02,10,0,25.2
4-negligible,20393,page,https://jus-tice.co.il/divorce-children-emotional/,"גירושין והשפעה על ילדים: כיצד להגן, מה לעשות","גירושין והשפעה על ילדים | כיצד להגן, מה לעשות | Jus-Tice",,,379,2026-05-23,2026-07-12,10,0,5.3
4-negligible,20421,page,https://jus-tice.co.il/employment-contract-termination/,"סיום חוזה עבודה: זכויות, הוצאה, זהירות","סיום חוזה עבודה | זכויות, הוצאה, זהירות | Jus-Tice",,,301,2026-05-23,2026-07-12,10,0,6.2
4-negligible,20453,page,https://jus-tice.co.il/real-estate-lawyer-holon/,עורך דין מקרקעין חולון: מחירים ושירותים,עורך דין מקרקעין חולון | מחירים ושירותים | Jus-Tice,,,141,2026-05-23,2026-07-12,10,0,17.3
4-negligible,20497,page,https://jus-tice.co.il/criminal-lawyer-eilat/,עורך דין פלילי אילת: מחירים 2025,עורך דין פלילי אילת | מחירים 2025 | Jus-Tice,,,164,2026-05-23,2026-07-12,10,0,10.9
4-negligible,2002,articles,https://jus-tice.co.il/regulations-new-25-03-2020/,"25/03 תקנות שעת חירום (נגיף הקורונה החדש - הגבלת פעילות), התש״ף-2020",,,,2031,2020-03-24,2026-05-16,9,0,48.2
4-negligible,2816,articles,https://jus-tice.co.il/division-of-a-couples-apartment-and-its-implications-for-charging-the-ketubah/,חלוקת דירת בני זוג והשלכותיה על חיוב הכתובה,,,דיני משפחה,63926,2020-10-29,2026-05-16,9,0,9.8
4-negligible,3274,articles,https://jus-tice.co.il/what-to-consider-when-hiring-a-criminal-lawyer/,מה צריך לדעת לפני שכירת עורך דין פלילי,,,משפט פלילי,4297,2021-05-04,2026-05-16,9,0,22.9
4-negligible,3567,articles,https://jus-tice.co.il/digital-marketing-agency/,יתרונות וחסרונות של העסקת סוכנות לשיווק דיגיטלי,,,,2364,2021-05-31,2026-05-16,9,0,7.2
4-negligible,5570,articles,https://jus-tice.co.il/criminal-conviction-israel-defense-options/,"אי הרשעה הברחת טלפונים מאילת ללא מע""מ",,,,5480,2021-07-05,2026-05-22,9,0,7.4
4-negligible,6549,articles,https://jus-tice.co.il/separation/,סטטיסטיקה על גירושין,,,דיני משפחה,1011,2022-01-06,2026-05-16,9,0,36.8
4-negligible,7025,articles,https://jus-tice.co.il/alimony-38131-07-21/,"חישוב שיעור חיובו של אב שאינו מנצל את מלוא כושר השתכרותו במזונות ילדו (עמ""ש 38131-07-21)",,,פסקי דין חשובים,7453,2022-05-08,2026-05-16,9,0,13.3
4-negligible,7101,articles,https://jus-tice.co.il/verdict-custody-37049-07-18/,"פסק דין משמורת בלעדית לאם ושיתופיות יחסית במסגרת איזון משאבים (תלה""מ 37049-07-18)",,"תלה""מ 37049-07-18 כ' נ' כ' (משמורת) תלה""מ37081-07-18כ' נ' כ' (רכוש)",פסקי דין חשובים,7851,2022-05-14,2026-05-16,9,0,29.8
4-negligible,7502,articles,https://jus-tice.co.il/decision37975-11-17/,"הפחתה בעונש כסעד במסגרת הגנה מן הצדק- פגיעה בזכויות נאשם שנדקר במעצר (ת""פ 37975-11-17)",,,פלילי פסקי דין חשובים,15480,2022-06-20,2026-05-16,9,0,8
4-negligible,7527,articles,https://jus-tice.co.il/court-appeal-criminal-tax-house-50/,ערעור פלילי מס׳ 50/31 בבית המשפט העליון בשבתו כבית משפט לערעורים פליליים,,,פלילי פסקי דין חשובים,19,2022-06-26,2026-05-16,9,0,15.4
4-negligible,8094,articles,https://jus-tice.co.il/witness-law-lawsuit/,"אישום הטרדות של עד המדינה ניר חפץ ועדת התביעה הדס קליין, במשפט המתנהל נגד ח""כ בנימין נתניהו",,,משרד המשפטים,457,2022-11-28,2026-05-16,9,0,21.2
4-negligible,8631,articles,https://jus-tice.co.il/child-support-divorced-parents61641-09-19/,"סגנית הנשיא רותם קודלר עיאש: פס""ד בתביעת מזונות בין בני זוג לשעבר (61641-09-19)",,,מזונות ילדים,5425,2023-02-23,2026-05-16,9,0,12.1
4-negligible,9644,articles,https://jus-tice.co.il/medical-malpractice-in-the-united-states/,"עו""ד רשלנות רפואית בארצות הברית",,,עורך דין,10185,2023-06-07,2026-05-16,9,0,7
4-negligible,10264,articles,https://jus-tice.co.il/divorce-lawsuit-ketubah-2023-1-000/,"גירושין 2023: תביעת כתובה של התובעת-האישה על סך 1,000,000 ש""ח",,,פלילי פסקי דין חשובים,40214,2023-11-28,2026-05-16,9,0,41.4
4-negligible,10480,articles,https://jus-tice.co.il/lawyer-infidelity-divorce/,בגידה | מעשה הבגידה | מה זה בגידה? | עורך דין גירושין,,,גירושין,814,2023-12-18,2026-05-16,9,0,20.8
4-negligible,11341,articles,https://jus-tice.co.il/perez-llorca/,פרז-יורקה (משרד עורכי דין),,,פורטוגל,611,2024-07-18,2026-05-16,9,0,16.8
4-negligible,11389,articles,https://jus-tice.co.il/lawyer-david-chesnoff/,דיוויד צ'סנוף (עורך דין) |  David Chesnoff,,,משפט פלילי,892,2024-07-24,2026-05-18,9,0,15.3
4-negligible,11666,articles,https://jus-tice.co.il/how-to-become-a-family-lawyer/,"כיצד להפוך לעורך דין לענייני משפחה | עו""ד דיני משפחה גירושין צוואות ירושות",כיצד להפוך לעורך דין לענייני משפחה,,דיני משפחה,4972,2024-12-17,2026-05-16,9,0,6.9
4-negligible,11736,articles,https://jus-tice.co.il/property-purchase-2025/,"רכישת נדל""ן 2025 – כל מה שצריך לדעת",,,"מקרקעין | נדל""ן",3444,2025-01-04,2026-05-16,9,0,26.7
4-negligible,12394,articles,https://jus-tice.co.il/45983-03-22/,"השופט אביים ברקאי: פסק דין שעניינו מחלוקת בהגדרת משק לצורך חלוקות עתידיות כ""נחלה מלאה"" אל מול ""נחלה חסרה"" (ת""א 45983-03-22)",,,דיני משפחה,17151,2025-04-02,2026-07-02,9,0,11
4-negligible,20318,page,https://jus-tice.co.il/rental-agreement-guide/,"חוזה שכירות: מה חייב להיות, סעיפים מסוכנים","חוזה שכירות | מה חייב להיות, סעיפים מסוכנים | Jus-Tice",,,664,2026-05-23,2026-07-12,9,0,16.1
4-negligible,20322,page,https://jus-tice.co.il/military-will-israel/,"צוואת חייל בישראל: דרישות, תוקף ומה ייחודי","צוואת חייל בישראל | דרישות, תוקף ומה ייחודי | Jus-Tice",,,484,2026-05-23,2026-07-12,9,0,4.8
4-negligible,20343,page,https://jus-tice.co.il/criminal-lawyer-netanya/,עורך דין פלילי נתניה: מחירים וייצוג,עורך דין פלילי נתניה | מחירים וייצוג | Jus-Tice,,,163,2026-05-23,2026-07-12,9,0,50
4-negligible,20423,page,https://jus-tice.co.il/criminal-lawyer-hadera/,עורך דין פלילי חדרה: מחירים 2025,עורך דין פלילי חדרה | מחירים 2025 | Jus-Tice,,,143,2026-05-23,2026-07-12,9,0,33.4
4-negligible,1943,articles,https://jus-tice.co.il/updated-court-regulations-israel-2020/,תקנות שעת חירום הגבלת מספר העובדים במקום עבודה לשם צמצום התפשטות נגיף הקורונה החדש,,,,13603,2020-03-22,2026-05-22,8,0,11.5
4-negligible,2429,articles,https://jus-tice.co.il/income-protection-insurance/,ביטוח מפני אובדן כושר עבודה | ירידה בהכנסות עקב משבר הקורונה,,,ביטוח,1636,2020-06-30,2026-05-16,8,0,26.5
4-negligible,6039,articles,https://jus-tice.co.il/company-dissolution-receivership-court-order-israel/,קיום דיונים בהם משתתף עציר או אסיר בהיוועדות חזותית,,,משפט פלילי,2274,2021-08-16,2026-05-22,8,0,17.2
4-negligible,6563,articles,https://jus-tice.co.il/lawyer-right-duty-defender-criminal-arrested/,"הזכות להיוועץ בעורך דין ולהיות מיוצג: החובה לאפשר לסניגור פלילי לייעץ לאסיר עצור בבית הכלא (עת""א 66168-11-21, 29278-01-22)",,,משפט פלילי,4723,2022-01-20,2026-05-18,8,0,66.4
4-negligible,6613,articles,https://jus-tice.co.il/alimony-1161022-12/,חישוב מזונות הילדים– האם לפי צריכה בפועל או ערך שולי?  תיק 1161022/12,,,דיני משפחה,58224,2022-02-07,2026-05-16,8,0,10.4
4-negligible,6737,articles,https://jus-tice.co.il/judge-compensation-31250-11-18/,"השופטת יעל ייטב: פסיקת פיצוי כספי לעזבון מנוח שטבע בחוף הים באשדוד (ת""א 31250-11-18)",,,"עו""ד נזיקין פסקי דין",18653,2022-02-21,2026-05-16,8,0,10.6
4-negligible,6756,articles,https://jus-tice.co.il/common-law-spouses-inheritance-order-request-57474-06-19/,"ידועים בציבור:דחיית בקשה להתנגדות לצו ירושה על ידי אישה הטוענת להיותה בת הזוג של המנוח (ת""ע 57474-06-19)",,,פסקי דין חשובים,18680,2022-02-23,2026-05-16,8,0,17
4-negligible,6760,articles,https://jus-tice.co.il/divorce-agreement-judge-partnership-house-residence-15293-03-20/,"השופטת אורית בן דור ליבל: פירוק שותפות בבית מגורים על ידי בני זוג לשעבר בניגוד להסכם גירושין שאושר (תלה""מ 15293-03-20)",,,פסקי דין חשובים,18064,2022-02-23,2026-05-16,8,0,16.2
4-negligible,6793,articles,https://jus-tice.co.il/divorce-proceedings-special-rules-rabbinical/,הליכי גירושין יוצרים דינים מיוחדים בין בני הזוג,,,דיני משפחה,7173,2022-02-27,2026-05-22,8,0,8.8
4-negligible,7177,articles,https://jus-tice.co.il/decision56187-03-21/,"פס""ד בתביעה לאכיפת הסכם גירושין תשלום חובות ומזונות (תלה""מ 56187-03-21)",,,פסקי דין גירושין דיני משפחה 2022,11311,2022-05-19,2026-05-16,8,0,12.2
4-negligible,7671,articles,https://jus-tice.co.il/decision33954-04-20/,"פס""ד תביעת רשלנות שהוגשה כנגד עורכי דין על סך של 1,796,494 ₪ (ת""א 33954-04-20)",,,עורך דין,7213,2022-08-29,2026-05-16,8,0,20.2
4-negligible,9973,articles,https://jus-tice.co.il/divorce-belgium/,גירושין בבלגיה,,,גירושין,467,2023-09-13,2026-05-16,8,0,54.6
4-negligible,10405,articles,https://jus-tice.co.il/tax-guide-portugal/,השקעות בפורטוגל מיסוי | מדריך משפטי,,,פורטוגל,15556,2023-12-09,2026-05-16,8,0,4.8
4-negligible,10411,articles,https://jus-tice.co.il/buy-real-estate-cyprus/,"השקעות נדל""ן בקפריסין 2024 | ‫עלויות נדל”ן קפריסין",%%title%% %%page%%,,"מקרקעין | נדל""ן",2677,2023-12-09,2026-05-17,8,0,22
4-negligible,11351,articles,https://jus-tice.co.il/cms-law-firm/,CMS (משרד עורכי דין),,,עורך דין,1620,2024-07-18,2026-05-17,8,0,16.1
4-negligible,11930,articles,https://jus-tice.co.il/strategic-divorce-cost-planning/,גירושים חכמים 2025: כך תנהלו את פתיחת הליך הגירושין באסטרטגיה נכונה ועלויות מחושבות,,,דיני משפחה,6364,2025-02-03,2026-05-16,8,0,6.8
4-negligible,12004,articles,https://jus-tice.co.il/rabbinical-courts-child-support-jurisdiction-5988-21/,"סמכות בתי הדין הרבניים במזונות ילדים: בחינה משפטית, חוקתית וחברתית בעקבות בג""ץ 5988/21",,,דיני משפחה,2141,2025-02-20,2026-07-02,8,0,35.6
4-negligible,12389,articles,https://jus-tice.co.il/10284-05-21/,"השופט ניר מישורי לב טוב: גזר דין בעניין עבירות לשון הרע (ת""פ 10284-05-21)",,,משפט פלילי,9576,2025-03-27,2026-07-02,8,0,12.4
4-negligible,20267,page,https://jus-tice.co.il/inheritance-tax-israel/,מס ירושה בישראל: האם קיים ועל מה משלמים?,מס ירושה בישראל | האם קיים ועל מה משלמים? | Jus-Tice,,,547,2026-05-23,2026-07-12,8,0,63.1
4-negligible,20280,page,https://jus-tice.co.il/family-law-haifa/,"עורך דין משפחה חיפה: גירושין, מזונות, משמורת","עורך דין משפחה חיפה | גירושין, מזונות, משמורת | Jus-Tice",,,287,2026-05-23,2026-07-12,8,0,33.2
4-negligible,20286,page,https://jus-tice.co.il/lawyers-beer-sheva/,עורכי דין באר שבע: מדריך לשוק המשפטי בדרום,עורכי דין באר שבע | מדריך לשוק המשפטי בדרום | Jus-Tice,,,315,2026-05-23,2026-07-12,8,0,33.9
4-negligible,20292,page,https://jus-tice.co.il/medical-malpractice-haifa/,"רשלנות רפואית חיפה: פיצויים, עורך דין, בתי חולים","רשלנות רפואית חיפה | פיצויים, עורך דין, בתי חולים | Jus-Tice",,,302,2026-05-23,2026-07-12,8,0,20.9
4-negligible,20319,page,https://jus-tice.co.il/divorce-financial-disclosure/,"גילוי נכסים בגירושין: חובה, הסתרה ועונשים","גילוי נכסים בגירושין | חובה, הסתרה ועונשים | Jus-Tice",,,495,2026-05-23,2026-07-12,8,0,51.6
4-negligible,991,articles,https://jus-tice.co.il/test/,כמה עולה עורך דין? כיצד נקבע שכר טרחת עורך דין,,,עורך דין,1055,2017-01-01,2025-03-06,7,0,4.9
4-negligible,6142,articles,https://jus-tice.co.il/7-reasons-why-you-need-a-prenup/,7 סיבות למה אתה צריך הסכם ממון,,,דיני משפחה,826,2021-08-29,2026-05-16,7,0,28.9
4-negligible,6420,articles,https://jus-tice.co.il/judge-evidence-accounts-law-tax/,השופטת עירית הוד:  נטל הראיות כאשר דו״ח אינו נתמך בפנקסי חשבונות שנוהלו כדין - מס ערך מוסף,,,מיסים,1902,2021-09-18,2026-05-16,7,0,7.6
4-negligible,6619,articles,https://jus-tice.co.il/prenuptial-agreement-jurisdiction-property-house/,הסמכות לפסוק בעניין הרכוש למרות הסכם ממון שאושר בבית המשפט,,,דיני משפחה,6390,2022-02-07,2026-05-16,7,0,35.3
4-negligible,6630,articles,https://jus-tice.co.il/rabbinical-court-decision-55221-01-22/,"ביה""ד הארצי לעבודה: החלטה בנושא שביתת הנמלים (סק""כ 55221-01-22)",,,דיני עבודה,6683,2022-02-08,2026-05-16,7,0,17.7
4-negligible,7111,articles,https://jus-tice.co.il/acquittal-offense-criminal-26290-04-18/,"זיכוי נאשמת מעבירת השגת מידע ממרשם פלילי (ת""פ 26290-04-18)",,,פלילי פסקי דין חשובים,8049,2022-05-14,2026-05-16,7,0,6.6
4-negligible,7153,articles,https://jus-tice.co.il/rabbinical-court-verdict-get-divorce-divorce-1343730-1/,"פס""ד - חיוב גט בגין מאיסות אישה בבעל פירוד ממושך ומשניכר כי פני הצדדים לגירושין - 1343730-1 - ביה''ד הגדול",,,פסקי דין גירושין דיני משפחה 2022,5446,2022-05-19,2026-05-16,7,0,5.6
4-negligible,7260,articles,https://jus-tice.co.il/prenuptial-agreement-rabbinical-court-haifa-verdict-notary-apartment/,"פס""ד - הסכם ממון שנחתם ובוטל בפני נוטריון; העברת רישום דירה מבעלות בלעדית לבעלות משותפת - 1283069-6 - ביה''ד חיפה",,,פסקי דין גירושין דיני משפחה 2022,4144,2022-05-26,2026-05-16,7,0,5.1
4-negligible,8252,articles,https://jus-tice.co.il/divorce-rights-law-pension/,גירושין: קבלת זכויות פנסיוניות מהוונות במקום רישומן על שם הזכאי בהתאם לחוק לחלוקת חיסכון פנסיוני,,,פסקי דין חשובים,3092,2022-12-13,2026-05-16,7,0,7.1
4-negligible,8558,articles,https://jus-tice.co.il/dissolution-partnership-rabbinical-court-appeal-request-1156328-6/,ערעור על פסיקת מדור ספציפי ובקשה לפירוק שיתוף - 1156328-6 - ביה''ד הגדול,,,דיני משפחה,3810,2023-02-14,2026-05-16,7,0,3.3
4-negligible,8924,articles,https://jus-tice.co.il/47795-09-20/,"פס""ד בתביעת לשון הרע של בן נגד פירסום שביצע אביו (תמ""ש 47795-09-20)",,,לשון הרע,2973,2023-03-21,2026-05-16,7,0,6.9
4-negligible,11370,articles,https://jus-tice.co.il/co-op-legal-services/,"Co-op Legal Services | דיני משפחה, גירושין, צוואות וירושות",,,דיני משפחה,402,2024-07-22,2026-05-16,7,0,1.9
4-negligible,7274,page,https://jus-tice.co.il/divorce-lawyer/,"איך לבחור עורך דין גירושין: ניסיון, מחיר ושאלות נכונות",עורך דין גירושין ודיני משפחה - המדריך המלא | Jus-Tice,"עורך דין גירושין ודיני משפחה: המדריך המלא. הסכם גירושין, משמורת ומזונות, הסכם ממון ובחירת ערכאה. נבדק על ידי עו״ד מאיה רוטנברג.",,4031,2022-05-29,2026-07-12,7,0,21.7
4-negligible,20325,page,https://jus-tice.co.il/age-discrimination-work/,"אפליית גיל בעבודה: זכויות, תלונה, פיצוי","אפליית גיל בעבודה | זכויות, תלונה, פיצוי | Jus-Tice",,,169,2026-05-23,2026-07-12,7,0,47.7
4-negligible,20326,page,https://jus-tice.co.il/real-estate-lawyer-tel-aviv/,עורך דין מקרקעין תל אביב: מחירים ושירותים,עורך דין מקרקעין תל אביב | מחירים ושירותים | Jus-Tice,,,260,2026-05-23,2026-07-12,7,0,22.3
4-negligible,20375,page,https://jus-tice.co.il/family-law-bnei-brak/,"עורך דין משפחה בני ברק: גט, מזונות, גירושין חרדי","עורך דין משפחה בני ברק | גט, מזונות, גירושין חרדי | Jus-Tice",,,174,2026-05-23,2026-07-12,7,0,9
4-negligible,20384,page,https://jus-tice.co.il/real-estate-lawyer-beer-sheva/,עורך דין מקרקעין באר שבע: מחירים ושירותים,עורך דין מקרקעין באר שבע | מחירים ושירותים | Jus-Tice,,,162,2026-05-23,2026-07-12,7,0,13.7
4-negligible,2727,articles,https://jus-tice.co.il/corporate-lawsuit-employer-employee-israel/,תביעות עובדים מול המל״ל בחברות משפחתיות,,,,5499,2020-10-19,2026-05-22,6,0,63.7
4-negligible,2963,articles,https://jus-tice.co.il/what-is-a-probate-order/,הגשת בקשה לצו קיום צוואה | עורך דין צו קיום צוואה,,,דיני משפחה,947,2021-03-03,2026-05-16,6,0,83.3
4-negligible,3334,articles,https://jus-tice.co.il/powerful-seo-tools-for-your-law-firm/,5 כלי SEO עוצמתיים למשרד עורכי הדין שלך,,,,2624,2021-05-07,2026-05-17,6,0,7.7
4-negligible,6140,articles,https://jus-tice.co.il/will-33448-06-19-33412-06-19/,"התנגדות לקיום צוואת המנוחה מצד שניים מאחיה, כנגד אחיה הנוספים ואחיינה (ת""ע 33448-06-19, ת""ע 33412-06-19)",,,דיני משפחה,12903,2021-08-29,2026-05-16,6,0,8.7
4-negligible,6648,articles,https://jus-tice.co.il/reconciliation-ketubah-agreement-divorce/,ויתור על הכתובה בהסכם הגירושין מבוטל מששבו בני הזוג לשלום בית,,,דיני משפחה,3987,2022-02-09,2026-05-16,6,0,8.7
4-negligible,6745,articles,https://jus-tice.co.il/israel-police-6745/,משטרת ישראל שימוש במערכת פגסוס ללא צו שיפוטי: ממצאי צוות הבדיקה מררי בעניין האזנות סתר בתקשורת בין מחשבים,,,סייבר,1434,2022-02-21,2026-05-16,6,0,5.5
4-negligible,6943,articles,https://jus-tice.co.il/protection-order-judge-decision-family-40857-03-22/,"השופט אריאל ממן: החלטה למתן צו הגנה למניעת אלימות במשפחה (ה""ט 40857-03-22)",,,פסקי דין חשובים,3719,2022-03-24,2026-05-16,6,0,23.2
4-negligible,7023,articles,https://jus-tice.co.il/house-pension-45248-10-21/,"מתי יוגדר קטין כמרדן ומדוע ימנע בית המשפט מחלוקת פנסיה נוכח בטלנותו של בן הזוג האחר? (עמ""ש 45248-10-21)",,,פסקי דין חשובים,11407,2022-05-08,2026-05-16,6,0,5.5
4-negligible,7103,articles,https://jus-tice.co.il/family-court-ruling-7679-12-21-custody-rights/,"צו המורה לאם להשיב את הקטינים למקום מגוריהם הקודם (תלה""מ 7679-12-21)",,,פסקי דין חשובים,4909,2022-05-14,2026-05-22,6,0,6
4-negligible,7156,articles,https://jus-tice.co.il/rabbinical-court-divorce-claims-process-1353339-1/,דחיית דרישה לעיכוב גירושין לשם הזמת טענות שלא החל בירורן שפסיקת הגירושין אינה מושתתת עליהן ושהזמתן מבוקשת לצורך הליך אחר - 1353339-1 - ביה''ד הגדול‎‎,,,פסקי דין גירושין דיני משפחה 2022,2505,2022-05-19,2026-05-16,6,0,32.5
4-negligible,7162,articles,https://jus-tice.co.il/inheritance-order-rabbinical-court-haifa-verdict-request-cancellation/,"פס""ד - דחיית בקשה לביטול צו ירושה בגלל צוואה ש'נמצאה' לאחר שנים רבות - 491180-3 - ביה''ד חיפה‎‎",,,פסקי דין גירושין דיני משפחה 2022,10598,2022-05-19,2026-05-16,6,0,20.2
4-negligible,7166,articles,https://jus-tice.co.il/rabbinical-court-haifa-verdict-lawsuit-ketubah-1303958-1/,"פס""ד - תביעת כתובה שהגישו יורשי האישה נגד עזבון בעלה מנישואים שניים כשברור שלא התפיס צררי - 1303958-1 - ביה''ד חיפה‎‎",,,פסקי דין גירושין דיני משפחה 2022,8341,2022-05-19,2026-05-16,6,0,6
4-negligible,7228,articles,https://jus-tice.co.il/decision32910-02-19/,"פסק דין בו נדחית התנגדות לקיום צוואת המנוח ונקבע כי יש לקיימה | ת""ע 32910-02-19",,,דיני משפחה,10396,2022-05-23,2026-05-16,6,0,44.3
4-negligible,7457,articles,https://jus-tice.co.il/purchase-tax-verdict-claim-63044-06-20/,"פס""ד בערר של זוג שמבקש לבטל שומת מס רכישה בטענה שאושר להם למכור את דירתם במועד מאוחר יותר (ו""ע 63044-06-20)",,,"מקרקעין | נדל""ן",10230,2022-06-13,2026-05-16,6,0,6.2
4-negligible,7636,articles,https://jus-tice.co.il/verdict-lawsuit-rights-judge-58491-06-19/,"תביעה ביחס לזכויות יוצרים במשחק ""שם קוד"" (ת""א 58491-06-19)  פס""ד של השופט אביים ברקאי",,,,12289,2022-08-07,2026-05-16,6,0,6.2
4-negligible,7736,articles,https://jus-tice.co.il/experts-criminal/,שימוש במומחים בתיקים פליליים,,,משפט פלילי,1376,2022-09-15,2026-05-18,6,0,13.5
4-negligible,7849,articles,https://jus-tice.co.il/family-law-article-7849-divorce-property-israel/,מניות: מה הן- סוגים עיקריים,,,דיני משפחה,1611,2022-10-11,2026-05-22,6,0,30
4-negligible,8540,articles,https://jus-tice.co.il/house-justice-co-il/,בית המשפט הפרטי Justice.co.il,,,משרד המשפטים,677,2023-02-13,2026-05-16,6,0,6.8
4-negligible,8554,articles,https://jus-tice.co.il/jerusalem-rabbinical-court-claim-1201062-4/,דחיית טענה לפגיעה מינית וחידוש קשר בין אב לבתו אף שלא בהתאם להמלצת עו''ס הרווחה - 1201062-4 - ביה''ד ירושלים,,,משמורת ילדים,4263,2023-02-14,2026-05-16,6,0,20.3
4-negligible,10056,articles,https://jus-tice.co.il/tort-reform/,סקירת רפורמה בנזיקין,,,דיני נזיקין,12930,2023-09-26,2026-05-16,6,0,18.2
4-negligible,10157,articles,https://jus-tice.co.il/real-estate-investment-strategies-for-2023/,"אסטרטגיות השקעות בנדל""ן לשנת 2023",,,"מקרקעין | נדל""ן",1021,2023-10-04,2026-05-16,6,0,8
4-negligible,10346,articles,https://jus-tice.co.il/decision30452-07-20/,השופטת עפרה גיא: תביעה רכושית לפירוק שיתוף (חלוקת רכוש גירושין הסכם ממון),,,פסקי דין חשובים,11999,2023-12-06,2026-05-16,6,0,14.5
4-negligible,10445,articles,https://jus-tice.co.il/decision20043-03-23/,השופט עמי קובו: החלטה על מעצר עד תום ההליכים ללא הפניה לשירות המבחן,,,פלילי פסקי דין חשובים,1052,2023-12-14,2026-05-16,6,0,12
4-negligible,11170,articles,https://jus-tice.co.il/property-management/,"ניהול נכסים | ניהול נדל""ן | ניהול דירות",,,"מקרקעין | נדל""ן",5413,2024-05-06,2026-05-17,6,0,9.5
4-negligible,11314,articles,https://jus-tice.co.il/anthony-julius/,אנתוני יוליוס (עורך דין),,,דיני משפחה,1371,2024-07-16,2026-05-16,6,0,6.2
4-negligible,11333,articles,https://jus-tice.co.il/law-firm-garrigues/,Garrigues (משרד עורכי דין),,,פורטוגל,706,2024-07-18,2026-05-16,6,0,43.7
4-negligible,11633,articles,https://jus-tice.co.il/divorce-claim-error-during-stay/,מה דינה של תביעת גירושין שהוגשה בשגגה בתקופת עיכוב ההליכים?,,,דיני משפחה,22835,2024-12-12,2026-05-16,6,0,13.3
4-negligible,11918,articles,https://jus-tice.co.il/lawyer-divorce-rights/,"עורך דין גירושין מסביר איך להתגרש נכון ומהר ולשמור על הזכויות | עו""ד מגשרת רוטנברג",,,דיני משפחה,16960,2025-02-01,2026-05-16,6,0,85
4-negligible,19201,page,https://jus-tice.co.il/lawyer-plans/,מסלולים לעורכי דין,,,,0,2026-05-10,2026-05-10,6,0,5.8
4-negligible,20199,page,https://jus-tice.co.il/my-account/,החשבון שלי,,,,11,2026-05-19,2026-05-19,6,0,12.2
4-negligible,20257,page,https://jus-tice.co.il/criminal-rights-arrest/,זכויות במעצר: מה מותר ואסור למשטרה לעשות,זכויות במעצר | מה מותר ואסור למשטרה לעשות | Jus-Tice,,,716,2026-05-23,2026-07-12,6,0,32.7
4-negligible,20270,page,https://jus-tice.co.il/family-law-tel-aviv/,"עורך דין משפחה תל אביב: גירושין, משמורת, מזונות","עורך דין משפחה תל אביב | גירושין, משמורת, מזונות | Jus-Tice",,,481,2026-05-23,2026-07-12,6,0,28
4-negligible,20276,page,https://jus-tice.co.il/power-of-attorney-guide/,"ייפוי כוח מתמשך: מה זה, מתי נדרש ואיך עושים","ייפוי כוח מתמשך | מה זה, מתי נדרש ואיך עושים | Jus-Tice",,,831,2026-05-23,2026-07-12,6,0,43.7
4-negligible,20285,page,https://jus-tice.co.il/consumer-rights-israel/,"זכויות צרכן בישראל: ביטול, החזר, תביעה","זכויות צרכן בישראל | ביטול, החזר, תביעה | Jus-Tice",,,593,2026-05-23,2026-07-12,6,0,5.2
4-negligible,20349,page,https://jus-tice.co.il/will-executor-israel/,"מנהל עיזבון בישראל: תפקיד, מינוי, זכויות","מנהל עיזבון בישראל | תפקיד, מינוי, זכויות | Jus-Tice",,,375,2026-05-23,2026-07-12,6,0,66.5
4-negligible,20400,page,https://jus-tice.co.il/elder-law-israel/,"זכויות קשישים בישראל: פנסיה, ביטוח לאומי, אפוטרופסות","זכויות קשישים בישראל | פנסיה, ביטוח לאומי, אפוטרופסות | Jus-Tice",,,341,2026-05-23,2026-07-12,6,0,30.3
4-negligible,20416,page,https://jus-tice.co.il/criminal-law-statistics-israel/,פשיעה בישראל: נתונים ומגמות 2025,פשיעה בישראל: נתונים ומגמות 2025 | Jus-Tice,,,309,2026-05-23,2026-07-12,6,0,11.3
4-negligible,20429,page,https://jus-tice.co.il/real-estate-lawyer-akko/,עורך דין מקרקעין עכו: מחירים ושירותים,עורך דין מקרקעין עכו | מחירים ושירותים | Jus-Tice,,,154,2026-05-23,2026-07-12,6,0,21.3
4-negligible,20472,page,https://jus-tice.co.il/real-estate-lawyer-carmiel/,עורך דין מקרקעין כרמיאל: מחירים ושירותים,עורך דין מקרקעין כרמיאל | מחירים ושירותים | Jus-Tice,,,133,2026-05-23,2026-07-12,6,0,8.5
4-negligible,20493,page,https://jus-tice.co.il/real-estate-lawyer-tiberias/,עורך דין מקרקעין טבריה: מחירים ושירותים,עורך דין מקרקעין טבריה | מחירים ושירותים | Jus-Tice,,,134,2026-05-23,2026-07-12,6,0,12.7
4-negligible,1116,articles,https://jus-tice.co.il/employment-contract/,הסכם עבודה,%%title%% %%page%% %%sep%% חוזה עבודה אישי %%sep%% %%sitename%%,,דיני עבודה,1985,2020-01-09,2026-05-16,5,0,79
4-negligible,1726,articles,https://jus-tice.co.il/marital-separation/,הנדון: המלצה לגירושין,,,דיני משפחה,9146,2020-03-12,2026-05-16,5,0,32.2
4-negligible,2943,articles,https://jus-tice.co.il/maximize-an-inheritance/,5 צעדים חשובים למקסום ירושה,,,דיני משפחה,2667,2021-02-28,2026-05-16,5,0,13.8
4-negligible,3080,articles,https://jus-tice.co.il/what-should-a-divorce-settlement-agreement-include/,מה כולל הסכם גירושין?,%%title%% %%page%% %%sep%% סעיפים חשובים לכלול בהסכם גירושין %%sep%% %%sitename%%,"הסכם גירושין צריך להתייחס לכל נושא אשר עולה בעקבות פרידת בני הזוג. מלבד סידור הגט, לרוב יש צורך גם בחלוקת הרכוש בין בני הזוג ובקביעת זמני השהות ודמי המזונות.",דיני משפחה,1098,2021-03-23,2026-05-16,5,0,38.8
4-negligible,3410,articles,https://jus-tice.co.il/income-tax-judge/,השופטת יעל ייטב: גידול הון בלתי מוסבר מס הכנסה,,,,5075,2021-05-26,2026-05-16,5,0,20.8
4-negligible,6762,articles,https://jus-tice.co.il/divorce-agreement-rabbinical-court-claim-cancellation-residence-partners/,דחיית טענה לביטול הסכם גירושין שאושר בבית הדין למרות חזרת הצדדים למגורים משותפים- 1137490- ביה''ד ת''א‎‎,,,פסקי דין חשובים,6012,2022-02-24,2026-05-16,5,0,33.6
4-negligible,6834,articles,https://jus-tice.co.il/rabbinical-court-jurisdiction-lawsuit-divorce-israel-8216/,"סמכות בית הדין בתביעת גירושין כרוכה של אזרח, גם אם אינו תושב, בהתקיים זיקות שדי בהן כדי לראות בו 'יהודי בישראל' - 1353166-2 - ביה''ד הגדול‎‎",,,בית הדין הרבני,4285,2022-03-02,2026-05-16,5,0,19.2
4-negligible,7019,articles,https://jus-tice.co.il/right-will-37707-12-21/,"מי נחשב ""מעוניין בדבר"" בעל זכות לצורך הגשת התנגדות לצוואה (רמ""ש 37707-12-21)",,,פסקי דין חשובים,5075,2022-05-03,2026-05-16,5,0,94.6
4-negligible,7021,articles,https://jus-tice.co.il/arbitration-agreement-israeli-contract-28163-07-20/,"האם תניית בוררות זרה בהסכם מקוון שבין יצרן בינ""ל למפיץ ישראלי, היא תנאי מקפח בחוזה אחיד (ת""א 28163-07-20)",,,מסחרי-אזרחי,14902,2022-05-08,2026-05-16,5,0,7.6
4-negligible,7027,articles,https://jus-tice.co.il/parental-alienation-decision-petition-custody-20158-01-22/,"החלטה בבקשת אם למשמורת זמנית של קטין ולהעברתו לטיפולה והשגחתה לנוכח ניכור הורי וסיכון הקטין (תלה""מ 20158-01-22)",,,פסקי דין חשובים,3070,2022-05-08,2026-05-16,5,0,13.8
4-negligible,7485,articles,https://jus-tice.co.il/injunction-compensation-30-000-15566-11-18/,"פיצוי כספי 30,000 ומתן צו מניעה בגין הפליה אסורה ""מחמת דת או מחמת קבוצה דתית"" מסעדה לא כשרה (ת""א 15566-11-18)",,,"עו""ד נזיקין פסקי דין",12521,2022-06-16,2026-05-16,5,0,11.8
4-negligible,7697,articles,https://jus-tice.co.il/joint-custody-visitation-arrangements-verdict-ruling-custody-1244887-2/,"""משמורת משותפת"" המגמה הכללית ועמדת ההלכה | פס""ד - משמורת משותפת הרחבת הסדרי שהות לאב - 1244887-2",,,דיני משפחה,5098,2022-09-07,2026-05-16,5,0,34.6
4-negligible,7702,articles,https://jus-tice.co.il/law/,יישום החוק למניעת הטרדה מינית - מבקר המדינה תקציר,,,דיני עבודה,49688,2022-09-07,2026-05-16,5,0,9.6
4-negligible,7947,articles,https://jus-tice.co.il/rabbinical-court-right-custody-1330348-1/,זכות הורה גרוש להעתיק את מגוריו ואף להגר לארץ אחרת; השיקולים לקביעת המשמורת והיחס בין זכותו האמורה של ההורה לבין המשמורת - 1330348-1 - ביה''ד הגדול,,,פסקי דין גירושין דיני משפחה 2022,18813,2022-11-02,2026-05-16,5,0,26
4-negligible,8103,articles,https://jus-tice.co.il/cancellation/,ביטול אגרה בגין הגשת דיווח לאפוטרופוס הכללי.,,,משרד המשפטים,641,2022-11-30,2026-05-16,5,0,3.8
4-negligible,8391,articles,https://jus-tice.co.il/law-family-58854-11-22/,"עתירה של אישה נגד בעלה למתן צו לפי החוק למניעת אלימות במשפחה (ה""ט 58854-11-22)",,,פסקי דין חשובים,4153,2023-01-10,2026-05-16,5,0,7.6
4-negligible,8438,articles,https://jus-tice.co.il/durable-power-of-attorney-cancellation-decision-request-34123-11-22/,"ביטול ייפוי כוח מתמשך | החלטה בבקשה ""לנקיטת אמצעי שמירה"" (א""פ 34123-11-22)",,,דיני משפחה,1869,2023-01-18,2026-05-16,5,0,60.8
4-negligible,8456,articles,https://jus-tice.co.il/medical-malpractice-personal-injury-verdict-lawsuit-claim-79092-12-20/,"פס""ד דחיית תביעה להטבת נזקי גוף שיסודה בטענה לרשלנות רפואית (ת""א 79092-12-20)",,,דיני נזיקין,5968,2023-01-22,2026-05-16,5,0,5
4-negligible,8459,articles,https://jus-tice.co.il/verdict-apartment-61566-03-22/,"פס""ד לבן הזוג לשעבר מגיע חלק בדירה (עמ""ש 61566-03-22)",,,פסקי דין חשובים,5224,2023-01-22,2026-05-16,5,0,6.4
4-negligible,8473,articles,https://jus-tice.co.il/find-lawyer-near-me-israel-all-areas/,טופס מצא עורך דין בקרבתך,,,,214,2023-02-01,2026-05-22,5,0,5.6
4-negligible,11176,articles,https://jus-tice.co.il/vonovia/,"חברת הנדל""ן הגרמנית ונוביה (Vonovia)",,,"מקרקעין | נדל""ן",1732,2024-05-09,2026-05-16,5,0,5.2
4-negligible,11307,articles,https://jus-tice.co.il/robert-stephan-cohen/,"עו""ד רוברט סטפן כהן",,,דיני משפחה,1234,2024-07-16,2026-05-16,5,0,23.4
4-negligible,11396,articles,https://jus-tice.co.il/weil-gotshal-manges/,"Weil, Gotshal & Manges | וייל, גוטשל ומנגס (פירמת עורכי דין)",,,עורך דין,1518,2024-07-25,2026-05-16,5,0,7.2
4-negligible,19279,articles,https://jus-tice.co.il/plea-bargain/,"הסדר טיעון בישראל | מדריך מלא להליך, יתרונות וסיכונים",,,משפט פלילי,989,2026-05-13,2026-05-15,5,0,32.2
4-negligible,19200,page,https://jus-tice.co.il/lawyer-dashboard/,אזור אישי לעורכי דין,,,,0,2026-05-10,2026-05-10,5,0,9.4
4-negligible,19203,page,https://jus-tice.co.il/criminal-lawyer-jerusalem/,"עורך דין פלילי ירושלים: ייצוג, מחירים ובתי משפט","עורך דין פלילי ירושלים | ייצוג, מחירים ובתי משפט | Jus-Tice",,,335,2026-05-23,2026-07-12,5,0,49.2
4-negligible,19204,page,https://jus-tice.co.il/real-estate-lawyer-haifa/,עורך דין מקרקעין חיפה: שירותים ומחירים,עורך דין מקרקעין חיפה | שירותים ומחירים | Jus-Tice,,,197,2026-05-23,2026-07-12,5,0,42.8
4-negligible,20284,page,https://jus-tice.co.il/personal-injury-israel/,"נזקי גוף בישראל: תאונות, פיצויים ואיך תובעים","נזקי גוף בישראל | תאונות, פיצויים ואיך תובעים | Jus-Tice",,,497,2026-05-23,2026-07-12,5,0,70
4-negligible,20304,page,https://jus-tice.co.il/commercial-lease-israel/,חכירה מסחרית בישראל: חוזה שכירות עסקי,חכירה מסחרית בישראל | חוזה שכירות עסקי | Jus-Tice,,,268,2026-05-23,2026-07-12,5,0,67.6
4-negligible,20358,page,https://jus-tice.co.il/family-law-rehovot/,"עורך דין משפחה רחובות: גירושין, מזונות 2025","עורך דין משפחה רחובות | גירושין, מזונות 2025 | Jus-Tice",,,176,2026-05-23,2026-07-12,5,0,10.6
4-negligible,20367,page,https://jus-tice.co.il/real-estate-lawyer-ramat-gan/,"עורך דין מקרקעין רמת גן: מחירים, בורסת היהלומים ועוד","עורך דין מקרקעין רמת גן | מחירים, בורסת היהלומים ועוד | Jus-Tice",,,179,2026-05-23,2026-07-12,5,0,28.8
4-negligible,20382,page,https://jus-tice.co.il/tax-lawyer-israel/,"עורך דין מיסוי בישראל: מה הוא עושה, מתי צריך","עורך דין מיסוי בישראל | מה הוא עושה, מתי צריך | Jus-Tice",,,414,2026-05-23,2026-07-12,5,0,4.4
4-negligible,20396,page,https://jus-tice.co.il/real-estate-lawyer-givatayim/,עורך דין מקרקעין גבעתיים: מחירים ושירותים,עורך דין מקרקעין גבעתיים | מחירים ושירותים | Jus-Tice,,,141,2026-05-23,2026-07-12,5,0,7.2
4-negligible,20425,page,https://jus-tice.co.il/copyright-music-israel/,"זכויות יוצרים במוזיקה ישראל: הגנה, ACUM, תביעה","זכויות יוצרים במוזיקה ישראל | הגנה, ACUM, תביעה | Jus-Tice",,,239,2026-05-23,2026-07-12,5,0,53.2
4-negligible,20467,page,https://jus-tice.co.il/personal-injury-statistics/,"נזקי גוף בישראל: נתונים 2025: תביעות, פיצויים","נזקי גוף בישראל: נתונים 2025 | תביעות, פיצויים | Jus-Tice",,,222,2026-05-23,2026-07-12,5,0,1.4
4-negligible,1926,articles,https://jus-tice.co.il/new-house-2020/,"צו בריאות העם (נגיף הקורונה החדש) (בידוד בית והוראות שונות) (הוראת שעה), התש״ף-2020",,,,3053,2020-03-21,2026-05-16,4,0,64.8
4-negligible,2031,articles,https://jus-tice.co.il/labor-dispute-employer-employee-israel/,הנחיות חירום להגבלת פעילות באנגלית,,,,361,2020-03-25,2026-05-22,4,0,5
4-negligible,2086,articles,https://jus-tice.co.il/regulations-new-insurance/,תקנות שעת חירום (נגיף הקורונה החדש) (הוראות מיוחדות לעניין ביטוח אבטלה),,,,1103,2020-03-27,2026-05-16,4,0,8.8
4-negligible,2380,articles,https://jus-tice.co.il/legal-forms-israel-official-government/,מדריכי גיוס עובדים,,,,217,2020-06-05,2026-05-22,4,0,9.2
4-negligible,3250,articles,https://jus-tice.co.il/article-3250/,בניית אתרים,,,,4268,2021-05-02,2026-05-17,4,0,72.5
4-negligible,3619,articles,https://jus-tice.co.il/cryptocurrency-legislation-2021/,חקיקת מטבעות קריפטו: מה החוק דורש עבור ביטקוין ותחום הקריפטו,,,,1292,2021-06-02,2026-05-16,4,0,33.8
4-negligible,5470,articles,https://jus-tice.co.il/car-accident-damages-pension/,אומדן פיצויים לנפגע תאונת דרכים | מתי תשלומים מקופת הפנסיה לא ינוכו מהפיצויים הנפסקים,,,דיני נזיקין,7748,2021-06-30,2026-05-16,4,0,33.2
4-negligible,5815,articles,https://jus-tice.co.il/offense-5815/,טופס עמדת נפגע/ת עבירה לעניין חנינה,,,דיני נזיקין,412,2021-08-08,2026-05-16,4,0,40.2
4-negligible,6138,articles,https://jus-tice.co.il/verdict-judge-law-1775-19-2309/,"השופט יצחק עמית: פס""ד בעתירות בנושא מעמדן של אלמנות זכאי חוק השבות (בג""ץ 1775/19, בג""ץ 2309/19)",,,בית המשפט העליון,25426,2021-08-29,2026-05-16,4,0,6.5
4-negligible,6612,articles,https://jus-tice.co.il/obligations-law-rights/,"אחריות הבעל לחובות אשתו על פי דין תורה ועל פי חוק יחסי ממון,זכויות וחובות במערכת יחסים שבה האישה היא המפרנסת",,,דיני משפחה,5267,2022-02-07,2026-05-16,4,0,50.8
4-negligible,6771,articles,https://jus-tice.co.il/verdict-judge-decision-request-49897-12-21/,"השופטת אספרנצה אלון: פס""ד בבר""ע על החלטה ביחס לבקשה למינוי אפוטרופוס (רמ""ש 49897-12-21)",,,פסקי דין חשובים,4026,2022-02-27,2026-05-16,4,0,1.5
4-negligible,7724,articles,https://jus-tice.co.il/lawyers-ranking/,תהליך הדירוג של עורכי דין,,,עורך דין,1829,2022-09-14,2026-05-16,4,0,27.2
4-negligible,8012,articles,https://jus-tice.co.il/request-license-business/,טופס תצהיר נלווה לבקשה לרישיון עסק באופן מקוון,,,רישוי עסקים,906,2022-11-06,2026-05-16,4,0,2
4-negligible,8040,articles,https://jus-tice.co.il/litigation-strategy/,אסטרטגיית ליטיגציה | אסטרטגיה לניהול תיק משפטי,,,עורך דין,1671,2022-11-08,2026-05-16,4,0,8.2
4-negligible,8139,articles,https://jus-tice.co.il/best-interest-child/,טובת הילדים כבסיס לחיוב האם לחזור לעיר המקור | רישום הילדים למוסדות החינוך,,,פסקי דין גירושין דיני משפחה 2022,12265,2022-11-30,2026-05-16,4,0,5.8
4-negligible,8150,articles,https://jus-tice.co.il/defendant-ownership/,הנאשם השתמש באפליקציות וואטסאפ ואינסטגרם ליצור קשרים עם קטינות ולקיים עמן שיחות בעלות אופי מיני,,,משרד המשפטים,370,2022-12-01,2026-05-16,4,0,26.5
4-negligible,8250,articles,https://jus-tice.co.il/divorce-house-ownership-apartment/,גירושין: חיוב האב בתשלום בגין מדור הילדים בבית שבבעלות האם ואין היא משלמת שכר דירה בגינו,,,פסקי דין גירושין דיני משפחה 2022,3220,2022-12-13,2026-05-16,4,0,10
4-negligible,8377,articles,https://jus-tice.co.il/account-house/,הסוגיות המשפטיות שיש לקחת בחשבון בעת ​​מכירת בית,,,דיני משפחה,1119,2023-01-08,2026-05-16,4,0,38.5
4-negligible,8562,articles,https://jus-tice.co.il/rabbinical-court-verdict-lawsuit-divorce-ketubah-1242579-2/,"פס""ד - תביעת גירושין וכתובה באישה שקיימה יחסי אישות עם גברים זרים בנוכחות בעלה 1242579-2 - ביה''ד רחובות",,,גירושין,0,2023-02-14,2026-05-16,4,0,4.2
4-negligible,8930,articles,https://jus-tice.co.il/1355956-3/,עילת גירושין: חובה להוכיח טענות  1355956-3 - ביה''ד הגדול,,,גירושין,1542,2023-03-21,2026-05-16,4,0,8
4-negligible,9004,articles,https://jus-tice.co.il/15443-09-20/,"ביהמ""ש לענייני משפחה ירושלים, השופטת אורית בן דור ליבל: פס""ד בעניין תביעת אם לביטול הסכם מתנה במקרקעין לבנה (תמ""ש 15443-09-20)",,,,15988,2023-03-23,2026-05-16,4,0,8.8
4-negligible,10016,articles,https://jus-tice.co.il/signature-notary/,אימות חתימה נוטריון - משולב עברית אנגלית,,,עורך דין,624,2023-09-19,2026-05-16,4,0,14.8
4-negligible,10951,articles,https://jus-tice.co.il/antigua-and-barbuda-lawyers/,"עורך דין אנטיגואה וברבודה | עו""ד ישראלי באנטיגואה וברבודה",,,עורך דין,7988,2024-02-28,2026-05-16,4,0,2
4-negligible,11220,articles,https://jus-tice.co.il/foreign-legal-opinion/,"חוות דעת משפטית זרה | חוו""ד משפטית",,,עורך דין,2241,2024-05-24,2026-05-16,4,0,59.2
4-negligible,11279,articles,https://jus-tice.co.il/avvo-com/,Avvo,,,עורך דין,1139,2024-07-11,2024-07-11,4,0,7.5
4-negligible,11293,articles,https://jus-tice.co.il/findlaw/,FindLaw | מידע משפטי מקוון,,,עורך דין,1134,2024-07-11,2026-05-16,4,0,6
4-negligible,12295,articles,https://jus-tice.co.il/verdict-offenses-police-officer-1327-11-24/,פסק דין קטין שהואשם בעבירות התפרעות ותקיפת שוטר (1327-11-24),,,עורך דין פלילי פסקי דין 2022,2402,2025-03-16,2026-07-02,4,0,47.5
4-negligible,20196,page,https://jus-tice.co.il/shop/,חנות,,,,0,2026-05-19,2026-05-19,4,0,5
4-negligible,20272,page,https://jus-tice.co.il/lawyers-haifa/,עורכי דין בחיפה: מדריך למציאת עורך דין,עורכי דין בחיפה | מדריך למציאת עורך דין | Jus-Tice,,,317,2026-05-23,2026-07-12,4,0,54
4-negligible,20312,page,https://jus-tice.co.il/immigration-lawyer-israel/,"עורך דין הגירה בישראל: ויזה, אזרחות, עלייה","עורך דין הגירה בישראל | ויזה, אזרחות, עלייה | Jus-Tice",,,645,2026-05-23,2026-07-12,4,0,59.2
4-negligible,20370,page,https://jus-tice.co.il/debt-collection-israel/,"גביית חובות בישראל: הליך, עורך דין, הוצאה לפועל","גביית חובות בישראל | הליך, עורך דין, הוצאה לפועל | Jus-Tice",,,174,2026-05-23,2026-07-12,4,0,44.5
4-negligible,20392,page,https://jus-tice.co.il/family-law-modiin/,"עורך דין משפחה מודיעין: גירושין, מזונות 2025","עורך דין משפחה מודיעין | גירושין, מזונות 2025 | Jus-Tice",,,152,2026-05-23,2026-07-12,4,0,29.8
4-negligible,20394,page,https://jus-tice.co.il/eviction-notice-israel/,"פינוי שוכר: הליך, מכתב, זכויות שוכר","פינוי שוכר | הליך, מכתב, זכויות שוכר | Jus-Tice",,,286,2026-05-23,2026-07-12,4,0,17
4-negligible,20430,page,https://jus-tice.co.il/criminal-lawyer-nazareth/,עורך דין פלילי נצרת: מחירים 2025,עורך דין פלילי נצרת | מחירים 2025 | Jus-Tice,,,148,2026-05-23,2026-07-12,4,0,17
4-negligible,20432,page,https://jus-tice.co.il/criminal-lawyer-lod/,עורך דין פלילי לוד: מחירים 2025,עורך דין פלילי לוד | מחירים 2025 | Jus-Tice,,,164,2026-05-23,2026-07-12,4,0,20.5
4-negligible,20463,page,https://jus-tice.co.il/data-privacy-israel/,"הגנת פרטיות ונתונים בישראל: GDPR, חוק, זכויות","הגנת פרטיות ונתונים בישראל | GDPR, חוק, זכויות | Jus-Tice",,,162,2026-05-23,2026-07-12,4,0,63.8
4-negligible,20469,page,https://jus-tice.co.il/family-law-kiryat-gat/,"עורך דין משפחה קריית גת: גירושין, מזונות 2025","עורך דין משפחה קריית גת | גירושין, מזונות 2025 | Jus-Tice",,,154,2026-05-23,2026-07-12,4,0,11
4-negligible,20485,page,https://jus-tice.co.il/wrongful-termination-israel/,"פיטורים שלא כדין: הגנה, פיצויים, תביעה","פיטורים שלא כדין | הגנה, פיצויים, תביעה | Jus-Tice",,,273,2026-05-23,2026-07-12,4,0,7
4-negligible,20491,page,https://jus-tice.co.il/real-estate-statistics-2025/,"נדל""ן ישראל: נתונים ומחירים 2025","נדל""ן ישראל: נתונים ומחירים 2025 | Jus-Tice",,,343,2026-05-23,2026-07-12,4,0,9.2
4-negligible,1615,articles,https://jus-tice.co.il/new-laws-israel-2025-legal-updates/,תעודת מחלה גורפת לעובד השוהה בבידוד נגיף הקורונה החדש,,,דיני עבודה,915,2020-02-29,2026-05-22,3,0,9
4-negligible,1802,articles,https://jus-tice.co.il/arbitration-law-2002-israel-dispute-resolution/,"חוק שירות הביטחון הכללי, התשס״ב - 2002",,,,5507,2020-03-17,2026-05-22,3,0,4
4-negligible,2022,articles,https://jus-tice.co.il/bank-israel-2019/,בנק ישראל מפרסם את דוחותיו הכספיים לשנת 2019,,,,955,2020-03-25,2026-05-16,3,0,45
4-negligible,2036,articles,https://jus-tice.co.il/2144-20-25-03/,"בג""ץ 2144/20 25.03 מחייב בחירת יו""ר קבוע לכנסת",,,,1745,2020-03-25,2026-05-16,3,0,52.7
4-negligible,2183,articles,https://jus-tice.co.il/jerusalem-courts-legal-proceedings-israel/,קורונה: הרובעים בעיר ירושלים המוכרזים כאזור מוגבל,,,,2936,2020-04-11,2026-05-22,3,0,7.7
4-negligible,2651,articles,https://jus-tice.co.il/privacy-rights-coronavirus-employment-israel/,"קורונה שב""כ פרטיות: שימוש כפוי ביישומון לאיתור מגעים או בטכנולוגיית מעקב אחרת",,,,2526,2020-10-15,2026-05-22,3,0,8
4-negligible,2737,articles,https://jus-tice.co.il/regulations-compensation-1988/,"תקנות פיצויי פיטורים (חובת מסירת הודעות למעביד), תשמ""ט-1988",,,,317,2020-10-20,2026-05-16,3,0,60
4-negligible,3452,articles,https://jus-tice.co.il/us-law-aggravating-factors-in-criminal-sentences/,"על הדין הפלילי: גורמים מחמירים בעונשים פליליים ארה""ב",,,משפט פלילי,1697,2021-05-27,2026-05-18,3,0,2.7
4-negligible,6045,articles,https://jus-tice.co.il/company-insurance-house-expert-medical-9598/,ע״א 9598/05 פלוני נ׳ חברת ביטוח ״המגן״ בע״מ | בית המשפט לא יסטה ממסקנותיו של המומחה הרפואי אלא בהתקיים נסיבות מיוחדות,,,דיני נזיקין,2991,2021-08-17,2026-05-16,3,0,26
4-negligible,6093,articles,https://jus-tice.co.il/how-contracts-can-protect-you-and-your-business/,"כיצד חוזים יכולים להגן עליך ועל העסק שלך | עו""ד חוזים",,,מסחרי-אזרחי,1005,2021-08-21,2026-05-16,3,0,43.7
4-negligible,6424,articles,https://jus-tice.co.il/common-law-spouses/,מהם הקריטריונים לקביעת מעמד בני זוג כידועים בציבור לפני החתונה?,,,דיני משפחה,11068,2021-09-19,2026-05-16,3,0,62.7
4-negligible,6608,articles,https://jus-tice.co.il/rabbinical-court-haifa-request-1254901-4/,נימוקים לדחיית בקשה למתן צו עיקול - 1254901-4 - ביה''ד חיפה‎‎,,,דיני משפחה,8643,2022-02-06,2026-05-16,3,0,8.7
4-negligible,6640,articles,https://jus-tice.co.il/verdict-lawsuit-loan-5122-10-19/,"פסק דין בתביעה להחזר הלוואה (ת""א 5122-10-19)",,,מסחרי-אזרחי,10150,2022-02-09,2026-05-16,3,0,6.7
4-negligible,6642,articles,https://jus-tice.co.il/purchase-tax-cancellation-real-estate-5561-01-20/,"האם קיימת זכאות להחזר מס רכישה בגין ביטול עסקה במקרקעין? (ו""ע 5561-01-20)",,,"מקרקעין | נדל""ן",7102,2022-02-09,2026-05-16,3,0,36.7
4-negligible,6925,articles,https://jus-tice.co.il/verdict-damages-law-31439-10-17/,"פיצויים לעובד שפוטר מעבודתו לאלתר וללא עריכת שימוע כדין | פסק דין סע""ש 31439-10-17",,,דיני עבודה,9716,2022-03-20,2026-05-16,3,0,6
4-negligible,7164,articles,https://jus-tice.co.il/rabbinical-court-haifa-verdict-ketubah-divorce-1236570-2/,"פס""ד - הפסד כתובה באישה שיזמה את הגירושין - 1236570-2 - ביה''ד חיפה‎‎",,,פסקי דין גירושין דיני משפחה 2022,3376,2022-05-19,2026-05-16,3,0,12
4-negligible,7181,articles,https://jus-tice.co.il/decision15094-01-18/,"סעיף 35 לחוק הירושה: התנגדות לקיום צוואה התקבלה הבן היורש היה מעורב בעריכת הצוואה (ת""ע 15094-01-18)",,,פסקי דין גירושין דיני משפחה 2022,9621,2022-05-19,2026-05-16,3,0,4.3
4-negligible,7262,articles,https://jus-tice.co.il/lawyer-rabbinical-court-law-ownership-fraud-house/,הנדון: חסיון עורך דין – לקוח לעומת חובת עורך דין כלפי בית הדין בעלות חשש לרמייה והונאה של הלקוח את בית הדין וחשד למעורבותו של עורך הדין,,,פסקי דין חשובים,1257,2022-05-26,2026-05-16,3,0,61.3
4-negligible,7453,articles,https://jus-tice.co.il/acquittal-56-03-20/,"תעבורה: זיכוי נהג משאית שהואשם בגרימת מוות ברשלנות (גמ""ר 56-03-20)",,,דיני תעבורה,11357,2022-06-13,2026-05-16,3,0,11.7
4-negligible,8100,articles,https://jus-tice.co.il/rabbinical-court-request/,בקשה לפסילת דיין בבית דין רבני,,,בית הדין הרבני,3053,2022-11-29,2026-05-16,3,0,7.3
4-negligible,8292,articles,https://jus-tice.co.il/medical-malpractice-costs/,העלויות הנסתרות של רשלנות רפואית: כיצד מטופלים ומשפחות מושפעים מרשלנות של תעשיית הבריאות,,,דיני נזיקין,477,2022-12-14,2026-05-16,3,0,94
4-negligible,8422,articles,https://jus-tice.co.il/defamation-verdict-lawsuit-12289-07-21/,"פס""ד בתובענות בגין לשון הרע, תביעה להשבה ותביעה כספית בין בני זוג לשעבר (תמ""ש 12289-07-21)",,,דיני משפחה,5194,2023-01-12,2026-05-16,3,0,7
4-negligible,8556,articles,https://jus-tice.co.il/rabbinical-court-pension-alimony-1156328-2/,תשלום פנסיה ומזונות אחרי הזמן הקובע - 1156328-2 - ביה''ד הגדול,,,פסקי דין חשובים,1656,2023-02-14,2026-05-16,3,0,73.7
4-negligible,8596,articles,https://jus-tice.co.il/54044-04-22cancel-criminal-proceedings/,"ביטול כתב אישום מחמת הגנה מן הצדק ( תק""ח 54044-04-22)",,,משפט פלילי,2104,2023-02-16,2026-05-18,3,0,15.3
4-negligible,8716,articles,https://jus-tice.co.il/rabbinical-court-divorce-32292-3/,פירוד ממושך כעילה לגירושין 32292-3 ביה''ד אשדוד,,,גירושין,29701,2023-03-06,2026-05-16,3,0,20
4-negligible,9321,articles,https://jus-tice.co.il/artificial-general-intelligence/,AGI בינה כללית מלאכותית | בינה מלאכותית חזקה,,,סייבר,43322,2023-04-09,2026-05-16,3,0,1.7
4-negligible,9677,articles,https://jus-tice.co.il/44688-10-22/,"השופט שאול שוחט: פס""ד בעניין ערעור צו ירושה (עמ""ש 44688-10-22)",,,צוואות,2909,2023-06-12,2026-05-16,3,0,69.3
4-negligible,10626,articles,https://jus-tice.co.il/qatar-lawyers/,עורך דין בקטאר Qatar | לווי משפטי וייצוג בדוחה קטר,,,עורך דין,9519,2024-01-27,2026-05-16,3,0,7
4-negligible,10820,articles,https://jus-tice.co.il/criminal-law-article-10820-defense-procedure-israel/,קרן הגנה משפטית | קרן מימון הגנה משפטית,,,,1023,2024-02-18,2026-05-22,3,0,7.7
4-negligible,11740,articles,https://jus-tice.co.il/house-israel-10-2025/,10 נושאים קריטיים שחייבים לבדוק לפני קניית בית בישראל בשנת 2025,,,"מקרקעין | נדל""ן",1601,2025-01-04,2026-05-17,3,0,56.3
4-negligible,11743,articles,https://jus-tice.co.il/property-guide-real-estate-israel-2025/,"איך לבחור את הנכס המושלם? מדריך מפורט לקניית נדל""ן חכם בישראל 2025",,,"מקרקעין | נדל""ן",1886,2025-01-04,2026-05-16,3,0,43.7
4-negligible,12650,articles,https://jus-tice.co.il/rabbinical-court-jurisdiction-alimony-1495176-4-2025/,תיק 1495176/4 יולי 2025 | שאלת סמכות בית הדין האזורי לדון בעניין מזונות הילדים,,,דיני משפחה,10121,2025-07-24,2026-07-02,3,0,36
4-negligible,12681,articles,https://jus-tice.co.il/1520884-1/,אישור הסכם גירושין בו נקבע חיוב מזונות שיוויוני - 1520884-1 - ביה''ד באר שבע,,,דיני משפחה,2410,2025-07-29,2026-07-02,3,0,19.3
4-negligible,20197,page,https://jus-tice.co.il/cart/,סל קניות,,,,911,2026-05-19,2026-05-19,3,0,2.7
4-negligible,20255,page,https://jus-tice.co.il/get-refusal-divorce/,"סרבן גט: זכויות האישה, מה עושים ואיך לפעול","סרבן גט | זכויות האישה, מה עושים ואיך לפעול | Jus-Tice",,,696,2026-05-23,2026-07-12,3,0,9.7
4-negligible,20288,page,https://jus-tice.co.il/criminal-sentencing-israel/,"גזר דין פלילי: ענישה, גורמים מקלים ומחמירים","גזר דין פלילי | ענישה, גורמים מקלים ומחמירים | Jus-Tice",,,572,2026-05-23,2026-07-12,3,0,8.3
4-negligible,20291,page,https://jus-tice.co.il/lawyers-rishon-lezion/,עורכי דין בראשון לציון: מדריך לשוק המשפטי,עורכי דין בראשון לציון | מדריך לשוק המשפטי | Jus-Tice,,,287,2026-05-23,2026-07-12,3,0,7.7
4-negligible,20296,page,https://jus-tice.co.il/family-law-rishon-lezion/,"עורך דין משפחה ראשון לציון: גירושין, מזונות","עורך דין משפחה ראשון לציון | גירושין, מזונות | Jus-Tice",,,160,2026-05-23,2026-07-12,3,0,6.7
4-negligible,20314,page,https://jus-tice.co.il/insurance-claim-dispute/,תביעת ביטוח שנדחתה: זכויות וכיצד מערערים,תביעת ביטוח שנדחתה | זכויות וכיצד מערערים | Jus-Tice,,,635,2026-05-23,2026-07-12,3,0,4.3
4-negligible,20315,page,https://jus-tice.co.il/criminal-lawyer-beer-sheva/,עורך דין פלילי באר שבע: מחירים 2025,עורך דין פלילי באר שבע | מחירים 2025 | Jus-Tice,,,160,2026-05-23,2026-07-12,3,0,35.3
4-negligible,20336,page,https://jus-tice.co.il/mediation-israel/,"גישור בישראל: מה זה, מתי עוזר ואיך עובד","גישור בישראל | מה זה, מתי עוזר ואיך עובד | Jus-Tice",,,462,2026-05-23,2026-07-12,3,0,13.7
4-negligible,20362,page,https://jus-tice.co.il/prenuptial-agreement-cost/,כמה עולה הסכם קדם נישואין: מחירים ומה כולל,כמה עולה הסכם קדם נישואין | מחירים ומה כולל | Jus-Tice,,,320,2026-05-23,2026-07-12,3,0,5.7
4-negligible,20363,page,https://jus-tice.co.il/writ-of-execution-israel/,הוצאה לפועל: מדריך מלא: חייב ונושה,הוצאה לפועל | מדריך מלא: חייב ונושה | Jus-Tice,,,326,2026-05-23,2026-07-12,3,0,8.7
4-negligible,20378,page,https://jus-tice.co.il/worker-rights-fired-immediately/,"פוטרתי על המקום: מה עושים, מה מגיע, מה כדאי","פוטרתי על המקום | מה עושים, מה מגיע, מה כדאי | Jus-Tice",,,397,2026-05-23,2026-07-12,3,0,7
4-negligible,20404,page,https://jus-tice.co.il/criminal-lawyer-kfar-saba/,עורך דין פלילי כפר סבא: מחירים 2025,עורך דין פלילי כפר סבא | מחירים 2025 | Jus-Tice,,,144,2026-05-23,2026-07-12,3,0,64.7
4-negligible,20413,page,https://jus-tice.co.il/lawyer-discipline-israel/,"תלונה על עורך דין: כיצד מגישים, לשכת עורכי הדין","תלונה על עורך דין | כיצד מגישים, לשכת עורכי הדין | Jus-Tice",,,333,2026-05-23,2026-07-12,3,0,13
4-negligible,20433,page,https://jus-tice.co.il/family-law-lod/,"עורך דין משפחה לוד: גירושין, מזונות 2025","עורך דין משפחה לוד | גירושין, מזונות 2025 | Jus-Tice",,,147,2026-05-23,2026-07-12,3,0,11.7
4-negligible,20440,page,https://jus-tice.co.il/criminal-lawyer-ashkelon/,עורך דין פלילי אשקלון: מחירים 2025,עורך דין פלילי אשקלון | מחירים 2025 | Jus-Tice,,,164,2026-05-23,2026-07-12,3,0,34.7
4-negligible,20445,page,https://jus-tice.co.il/family-law-ashkelon/,"עורך דין משפחה אשקלון: גירושין, מזונות 2025","עורך דין משפחה אשקלון | גירושין, מזונות 2025 | Jus-Tice",,,152,2026-05-23,2026-07-12,3,0,7.7
4-negligible,20454,page,https://jus-tice.co.il/family-law-rosh-haayin/,"עורך דין משפחה ראש העין: גירושין, מזונות 2025","עורך דין משפחה ראש העין | גירושין, מזונות 2025 | Jus-Tice",,,154,2026-05-23,2026-07-12,3,0,35.3
4-negligible,20457,page,https://jus-tice.co.il/real-estate-lawyer-bnei-brak/,עורך דין מקרקעין בני ברק: מחירים ושירותים,עורך דין מקרקעין בני ברק | מחירים ושירותים | Jus-Tice,,,159,2026-05-23,2026-07-12,3,0,14.7
4-negligible,20483,page,https://jus-tice.co.il/criminal-lawyer-beit-shemesh/,עורך דין פלילי בית שמש: מחירים 2025,עורך דין פלילי בית שמש | מחירים 2025 | Jus-Tice,,,152,2026-05-23,2026-07-12,3,0,15.3
4-negligible,867,articles,https://jus-tice.co.il/drug-trafficking-2/,סחר בסמים | עבירת סחר בסמים,,"סחר בסמים היא עבירה שדינה בחוק עד 20 שנות מאסר. על כן, אם הנך חשוד בגין עבירה זו, אתה זקוק להגנה המשפטית הטובה ביותר. פנה אל עו""ד פלילי בעל ניסיון בייצוג בעבירות סמים.",משפט פלילי,921,2019-03-24,2026-05-18,2,0,88
4-negligible,1590,articles,https://jus-tice.co.il/compensation-claim-request-lawsuit-israel/,תובענה נזיקית בבקשה לפיצויים בשל תלונה למשטרה,,,דיני נזיקין,3425,2020-02-17,2026-05-22,2,0,7
4-negligible,1629,articles,https://jus-tice.co.il/agreement-property-investigation-witness-proceedings/,הסכם לתפיסת רכוש בצו זמני הנכרת בשלב החקירה ומשתרע עד לתום ההליכים,,,,5192,2020-03-01,2026-05-16,2,0,7
4-negligible,1821,articles,https://jus-tice.co.il/18-03-2020/,הודעה על קביעת מקום לבידוד 18/03/2020,,,,192,2020-03-18,2026-05-16,2,0,70
4-negligible,1974,articles,https://jus-tice.co.il/review-cyber-23-3-2020/,קורונה - סקירה יומית - 23.3.2020 מערך הסייבר הלאומי,,,,1545,2020-03-23,2026-05-16,2,0,46
4-negligible,2015,articles,https://jus-tice.co.il/court-procedure-regulations-2015-israel/,קורונה: אושרו תקנות חירום להגבלת הפעילות,,,,1063,2020-03-25,2026-05-22,2,0,41.5
4-negligible,2119,articles,https://jus-tice.co.il/regulations-new-2020/,"תקנות שעת חירום (הגבלת מספר העובדים במקום עבודה לשם צמצום התפשטות נגיף הקורונה החדש) (תיקון), התש״ף–2020",,,,1605,2020-03-31,2026-05-16,2,0,55.5
4-negligible,2738,articles,https://jus-tice.co.il/labor-law-employee-rights-israel-employment/,טופס הודעה על התפטרות מעבודה,,,,335,2020-10-20,2026-05-22,2,0,38.5
4-negligible,3393,articles,https://jus-tice.co.il/contract-obligations-lawsuit-israel-civil/,תביעה לחייב גרושה להשתתף בחובות,,,,25395,2021-05-26,2026-05-22,2,0,1
4-negligible,3499,articles,https://jus-tice.co.il/divorce-with-consent/,גירושין בהסכמה,%%title%% %%page%% %%sep%% הדרך הקצרה להתגרש בשלום %%sep%% %%sitename%%,החלטתם להתגרש? אל תהפכו את הליך הגירושין שלכם למלחמה. תנו לעצמכם הזדמנות מלאה להגיע להסכמות ולגבש הסכם גירושין הוגן שיתאים לשני הצדדים.,גירושין,939,2021-05-29,2026-05-16,2,0,61.5
4-negligible,5499,articles,https://jus-tice.co.il/attorney-general/,יועץ משפטי לממשלה,,,משרד המשפטים,776,2021-07-01,2026-05-16,2,0,36
4-negligible,5955,articles,https://jus-tice.co.il/consent-decree-court-divorce-settlement/,הבעל מבקש להתגרש בהסכמה בהתאם להוראות הסכם יחסי ממון,,,בית הדין הרבני,15400,2021-08-12,2026-05-22,2,0,98
4-negligible,6764,articles,https://jus-tice.co.il/child-support-jerusalem-rabbinical-court-1284587-12/,חיוב אם במזונות ילדים – באלו תנאים - 1284587-12 - ביה''ד ירושלים‎‎,,,פסקי דין חשובים,6970,2022-02-24,2026-05-16,2,0,31.5
4-negligible,7057,articles,https://jus-tice.co.il/dissolution/,גירושין יחסי ממון: הבעל ישא בתשלום ההלואה ולא חייב לאישה מחצית מהמגרש,,,פסקי דין חשובים,14412,2022-05-11,2026-05-16,2,0,5.5
4-negligible,7063,articles,https://jus-tice.co.il/request-approval-procedure-proceedings-11879-05-22/,"בקשה לאישור הסדר חוב ובקשות למתן צו לפתיחת הליכים ואישור תכנית לשיקום כלכלי (חדל""ת 11879-05-22)",,,,3875,2022-05-11,2026-05-16,2,0,19
4-negligible,7073,articles,https://jus-tice.co.il/compensation-7837-01-19/,"האם יש לחייב את הבעל לשלם לאשה לשעבר פיצוי בגין הפרשי שכר בין הצדדים? (תלה""מ 7837-01-19)",,,פסקי דין חשובים,5351,2022-05-11,2026-05-16,2,0,14.5
4-negligible,7719,articles,https://jus-tice.co.il/criminal-law-advocate/,יתרונות העסקת עורך דין פלילי,,,משפט פלילי,775,2022-09-14,2026-05-18,2,0,8.5
4-negligible,8360,articles,https://jus-tice.co.il/verdict-lawsuit-rights-apartment-49005-04-22/,"פס""ד תביעה לסעד הצהרתי הקובע כי זכויות המשיבה הדירה המשותפת לצדדים הועברו לידי המערער (עמ""ש 49005-04-22)",,,פסקי דין חשובים,2920,2023-01-04,2026-05-16,2,0,11
4-negligible,8487,articles,https://jus-tice.co.il/indictment-petition-arrest/,כתב אישום בקשת מעצר דקירה מסוכנות גבוהה,,,פלילי פסקי דין חשובים,506,2023-02-07,2026-05-16,2,0,20.5
4-negligible,9412,articles,https://jus-tice.co.il/1338971-12/,חלוקת רכוש ע''פ חוק יחסי ממון במקרה שלא היה קניין 1338971-12 ביה''ד אשדוד,,,דיני משפחה,1168,2023-04-25,2026-05-16,2,0,4.5
4-negligible,10051,articles,https://jus-tice.co.il/outline-of-tort-law/,מתווה דיני הנזיקין,,,דיני נזיקין,2465,2023-09-25,2026-05-16,2,0,18
4-negligible,10218,articles,https://jus-tice.co.il/thailand-civil-code/,הקוד האזרחי והמסחרי של תאילנד,,,מסחרי-אזרחי,106970,2023-11-01,2026-05-16,2,0,47.5
4-negligible,10227,articles,https://jus-tice.co.il/21336-03-22/,"השופטת ירדנה סרוסי: זכאות לפטור מס שבח שניתן למוכר שבבעלותו דירה יחידה (ו""ע 21336-03-22)",,,"מקרקעין | נדל""ן",15646,2023-11-05,2026-05-16,2,0,7.5
4-negligible,11261,articles,https://jus-tice.co.il/buying-apartment/,השתתפות בקניית דירה בחלקים שאינם שווים כיצד חולקים את הרווח,,,דיני משפחה,25204,2024-07-03,2026-05-16,2,0,18.5
4-negligible,11285,articles,https://jus-tice.co.il/nolo/,Nolo | נולו (מוציא לאור),,,עורך דין,934,2024-07-11,2026-05-16,2,0,6
4-negligible,11297,articles,https://jus-tice.co.il/jurist/,Jurist,,,עורך דין,1067,2024-07-11,2024-07-11,2,0,4.5
4-negligible,11364,articles,https://jus-tice.co.il/farrer-co/,Farrer & Co | פארר ושות' | משרד עורכי דין,,,עורך דין,343,2024-07-22,2026-05-16,2,0,6.5
4-negligible,11406,articles,https://jus-tice.co.il/dechert-llp/,Dechert LLP | דכרט (משרד עורכי דין),,,"מקרקעין | נדל""ן",1328,2024-07-25,2026-05-16,2,0,3.5
4-negligible,11413,articles,https://jus-tice.co.il/morais-leitao/,"מוראיס לייטאו (עורכי דין) Morais Leitão, Galvão Teles, Soares da Silva & Associados",,,פורטוגל,224,2024-07-27,2026-05-16,2,0,31.5
4-negligible,11463,articles,https://jus-tice.co.il/house-selling-mistakes-to-avoid/,טעויות שיש להמנע מהן בעת מכירת הבית,,,"מקרקעין | נדל""ן",754,2024-08-12,2026-05-16,2,0,51.5
4-negligible,11738,articles,https://jus-tice.co.il/israelis-real-estate/,"איפה הכי משתלם לישראלים לקנות נדל""ן בעולם?",,,"מקרקעין | נדל""ן",2239,2025-01-04,2026-05-16,2,0,6.5
4-negligible,12348,articles,https://jus-tice.co.il/39040-09-22/,"ערעור על שומת מס בטענה שהדירה שנרכשה היא אינה דירת מגורים אלא ""דירת מעטפת"" (ו""ע 39040-09-22)",,,מיסים,9319,2025-03-24,2026-07-02,2,0,7
4-negligible,20209,page,https://jus-tice.co.il/real-estate-lawyer-guide/,מדריך עורך דין מקרקעין,,,,130,2026-05-22,2026-07-02,2,0,4
4-negligible,20268,page,https://jus-tice.co.il/divorce-mediation-guide/,"גישור גירושין: מה זה, כמה עולה ומתי זה עובד","גישור גירושין | מה זה, כמה עולה ומתי זה עובד | Jus-Tice",,,473,2026-05-23,2026-07-12,2,0,57.5
4-negligible,20271,page,https://jus-tice.co.il/criminal-lawyer-tel-aviv/,"עורך דין פלילי תל אביב: ייצוג, מחירים ואיך בוחרים","עורך דין פלילי תל אביב | ייצוג, מחירים ואיך בוחרים | Jus-Tice",,,490,2026-05-23,2026-07-12,2,0,76.5
4-negligible,20273,page,https://jus-tice.co.il/lawyers-jerusalem/,עורכי דין בירושלים: מדריך ומאפייני השוק,עורכי דין בירושלים | מדריך ומאפייני השוק | Jus-Tice,,,346,2026-05-23,2026-07-12,2,0,8
4-negligible,20274,page,https://jus-tice.co.il/wrongful-dismissal-guide/,"פיטורים שלא כדין: זכויות, תביעה ופיצויים","פיטורים שלא כדין | זכויות, תביעה ופיצויים | Jus-Tice",,,798,2026-05-23,2026-07-12,2,0,51
4-negligible,20278,page,https://jus-tice.co.il/traffic-offense-points/,"נקודות רישיון ועבירות תעבורה: כמה נקודות, מה השלכות","נקודות רישיון ועבירות תעבורה | כמה נקודות, מה השלכות | Jus-Tice",,,669,2026-05-23,2026-07-12,2,0,53.5
4-negligible,20279,page,https://jus-tice.co.il/employment-rights-pregnancy/,"זכויות עובדת בהריון: חוק, פיטורים ושמירת היריון","זכויות עובדת בהריון | חוק, פיטורים ושמירת היריון | Jus-Tice",,,556,2026-05-23,2026-07-12,2,0,60.5
4-negligible,20283,page,https://jus-tice.co.il/child-custody-guide/,"משמורת ילדים: מדריך כולל: סוגים, הליך ומה קובע","משמורת ילדים | מדריך כולל: סוגים, הליך ומה קובע | Jus-Tice",,,715,2026-05-23,2026-07-12,2,0,31
4-negligible,20309,page,https://jus-tice.co.il/criminal-lawyer-haifa/,"עורך דין פלילי חיפה: מחירים, בתי משפט, ייצוג","עורך דין פלילי חיפה | מחירים, בתי משפט, ייצוג | Jus-Tice",,,270,2026-05-23,2026-07-12,2,0,71
4-negligible,20310,page,https://jus-tice.co.il/medical-malpractice-tel-aviv/,"רשלנות רפואית תל אביב: עורך דין, בתי חולים","רשלנות רפואית תל אביב | עורך דין, בתי חולים | Jus-Tice",,,327,2026-05-23,2026-07-12,2,0,59
4-negligible,20320,page,https://jus-tice.co.il/will-dispute-grounds/,"התנגדות לצוואה: עילות, הליך וסיכויי הצלחה","התנגדות לצוואה | עילות, הליך וסיכויי הצלחה | Jus-Tice",,,488,2026-05-23,2026-07-12,2,0,81.5
4-negligible,20373,page,https://jus-tice.co.il/corporate-law-israel/,דיני חברות בישראל: מדריך עורך דין חברות,דיני חברות בישראל | מדריך עורך דין חברות | Jus-Tice,,,357,2026-05-23,2026-07-12,2,0,11
4-negligible,20402,page,https://jus-tice.co.il/real-estate-lawyer-kfar-saba/,עורך דין מקרקעין כפר סבא: מחירים ושירותים,עורך דין מקרקעין כפר סבא | מחירים ושירותים | Jus-Tice,,,164,2026-05-23,2026-07-12,2,0,53.5
4-negligible,20407,page,https://jus-tice.co.il/sexual-offense-defense/,"הגנה בעבירת מין: זכויות נאשם, אסטרטגיה, תהליך","הגנה בעבירת מין | זכויות נאשם, אסטרטגיה, תהליך | Jus-Tice",,,366,2026-05-23,2026-07-12,2,0,6.5
4-negligible,20408,page,https://jus-tice.co.il/real-estate-lawyer-petah-tikva/,עורך דין מקרקעין פתח תקווה: מחירים ושירותים,עורך דין מקרקעין פתח תקווה | מחירים ושירותים | Jus-Tice,,,138,2026-05-23,2026-07-12,2,0,29
4-negligible,20417,page,https://jus-tice.co.il/real-estate-lawyer-raanana/,עורך דין מקרקעין רעננה: מחירים ושירותים,עורך דין מקרקעין רעננה | מחירים ושירותים | Jus-Tice,,,136,2026-05-23,2026-07-12,2,0,17.5
4-negligible,20435,page,https://jus-tice.co.il/work-accident-guide/,"תאונת עבודה: מה עושים, פיצויים, ביטוח לאומי","תאונת עבודה | מה עושים, פיצויים, ביטוח לאומי | Jus-Tice",,,261,2026-05-23,2026-07-12,2,0,8.5
4-negligible,20456,page,https://jus-tice.co.il/criminal-lawyer-bnei-brak/,עורך דין פלילי בני ברק: מחירים 2025,עורך דין פלילי בני ברק | מחירים 2025 | Jus-Tice,,,150,2026-05-23,2026-07-12,2,0,13
4-negligible,20473,page,https://jus-tice.co.il/criminal-lawyer-ramle/,עורך דין פלילי רמלה: מחירים 2025,עורך דין פלילי רמלה | מחירים 2025 | Jus-Tice,,,145,2026-05-23,2026-07-12,2,0,46.5
4-negligible,20495,page,https://jus-tice.co.il/military-criminal-defense/,"עבירה צבאית: הגנה: בית דין צבאי, עונשים","עבירה צבאית: הגנה | בית דין צבאי, עונשים | Jus-Tice",,,264,2026-05-23,2026-07-12,2,0,62
4-negligible,20501,page,https://jus-tice.co.il/consumer-rights-statistics/,"נתוני הגנת צרכן ישראל 2025: תלונות, פיצויים","נתוני הגנת צרכן ישראל 2025 | תלונות, פיצויים | Jus-Tice",,,216,2026-05-23,2026-07-12,2,0,7
4-negligible,20510,page,https://jus-tice.co.il/family-law-givatayim/,"עורך דין משפחה גבעתיים: גירושין, מזונות","עורך דין משפחה גבעתיים | גירושין, מזונות | Jus-Tice",,,153,2026-05-23,2026-07-12,2,0,17.5
4-negligible,20517,page,https://jus-tice.co.il/criminal-lawyer-bat-yam/,עורך דין פלילי בת ים: מחירים 2025,עורך דין פלילי בת ים | מחירים 2025 | Jus-Tice,,,146,2026-05-23,2026-07-12,2,0,8.5
4-negligible,882,articles,https://jus-tice.co.il/expungement-of-criminal-records/,מחיקת רישום פלילי,,"מחיקת רישום פלילי - זה חשוב וזה אפשרי. אם הנכם בעלי רישום פלילי, פנו אל עו""ד פלילי אשר יבחן את נסיבות המקרה ויחווה דעתו בדבר הסיכוי לחנינה ומחיקת הרישום.",משפט פלילי,1073,2019-03-24,2026-05-18,1,0,49
4-negligible,1518,articles,https://jus-tice.co.il/continuous-power-of-attorney-israel/,עורך דין ייפוי כוח מתמשך ישראל,,"בוודאי שמעתם על ייפוי כוח מתמשך, ובכן זהו אחד המסמכים החשובים ביותר עבור כל אחד מאתנו. באמצעותו אנו קובעים היום מי ידאג לנו מחר כשלא נהיה כשירים לעשות כן.",,946,2020-02-10,2026-05-16,1,0,5
4-negligible,1655,articles,https://jus-tice.co.il/overview-israel-legal-system-courts-2025/,"הפרת חוק הכניסה לישראל- אזרחים שנכנסו בצוותא לשער נתב""ג",,,,4308,2020-03-05,2026-05-22,1,0,9
4-negligible,1809,articles,https://jus-tice.co.il/regulations-2020-1809/,"תקנות חירום קורונה 2020: היתר לשב""כ לאסוף מידע מטלפונים",,,,1235,2020-03-17,2026-05-16,1,0,1
4-negligible,1858,articles,https://jus-tice.co.il/real-estate-contract-buyer-seller-israel/,"היועמ""ש אישר תחליף גנרי לקלטרה תרופה אנטי ויראלית לטיפול אפשרי בנגיף הקורונה",,,,486,2020-03-19,2026-05-22,1,0,9
4-negligible,1861,articles,https://jus-tice.co.il/law-1861/,קורונה - מתן שירותים קיומיים: החלת פרק ד' לחוק שירות עבודה בשעת חירום,,,,276,2020-03-19,2026-05-16,1,0,24
4-negligible,1963,articles,https://jus-tice.co.il/emergency-regulations-covid-2020-israel/,"תקנות שעת חירום (שיקים ללא כיסוי), התש״ף-2020",,,,227,2020-03-22,2026-05-22,1,0,19
4-negligible,1978,articles,https://jus-tice.co.il/self-employed-and-freelancer/,עצמאים ופרילנסרים | זכויות בעקבות משבר הקורונה,,,,1459,2020-03-23,2026-05-16,1,0,75
4-negligible,2113,articles,https://jus-tice.co.il/police-officer-legal-status-rights-israel/,הנחיות הקורונה: בפגישה עם שוטר - יש להסביר לשוטר לאן אתה הולך,,,,569,2020-03-29,2026-05-22,1,0,10
4-negligible,2127,articles,https://jus-tice.co.il/tenancy-regulation-israel-landlord-tenant/,טופס הצהרת עובד על מדידת חום והיעדר התסמינים - תקנות חירום נגיף הקורונה,,,דיני עבודה,566,2020-03-31,2026-05-22,1,0,7
4-negligible,2149,articles,https://jus-tice.co.il/buying-apartment-israel-legal-checklist/,מסכה תוצרת בית נגד קורונה: לבישת מסכות פה-אף  בכדי להקטין את סיכון ההדבקה,,,,1558,2020-04-01,2026-05-22,1,0,9
4-negligible,2297,articles,https://jus-tice.co.il/company-insurance-5801-07-17/,"ת""א 5801-07-17 פלוני נגד הפול חברה לביטוח בע""מ",,"פיצוי בסך של 977,976 ₪. התובע יליד 4.5.79 מוזיקאי בוגר תלמה ילין במגמת מוסיקה ולימודי מוסיקה בחו""ל, נפגע בשתי תאונות דרכים בשנת 2015 עת נהג על אופנוע.הצדדים חלוקים בשאלת גובה הנזק ,כאשר לטענת הנתבעת תמונת חייו המוכחת של התובע בתיק זה שונה מאד מהתמונה המתוארת על ידו ובסיכומי בא כוחו .",,6759,2020-05-04,2026-05-17,1,0,10
4-negligible,2811,articles,https://jus-tice.co.il/1000-2000-4000/,כתב האישום נגד בנימין נתניהו | תיקים 1000 2000 4000,,,,51027,2020-10-29,2026-05-16,1,0,6
4-negligible,3069,articles,https://jus-tice.co.il/civil-lawsuit-procedure-israel-district-court/,לא מחוסן: האם מעסיק יכול למנוע את התייצבותו לעבודה של עובד המסרב להציג אחת לשבוע בדיקת קורונה שלילית,,,,9864,2021-03-21,2026-05-22,1,0,17
4-negligible,3211,articles,https://jus-tice.co.il/prenuptial-agreement-for-second-marriage/,הסכם ממון בפרק ב',%%title%% %%page%% %%sep%% עריכת הסכם ממון נישואים שניים%%sep%% %%sitename%%,"מנהלים זוגיות של פרק ב'? כדי להגן על רכושכם במקרה של פרידה, חשוב לערוך הסכם ממון אשר יסדיר את ההפרדה הרכושית ביניכם היה והקשר יסתיים.",דיני משפחה,783,2021-04-25,2026-05-16,1,0,25
4-negligible,3428,articles,https://jus-tice.co.il/what-to-avoid-when-hiring-a-web-design-company/,ממה להימנע בעת העסקת חברה לעיצוב אתרים,,,,1368,2021-05-26,2026-05-17,1,0,11
4-negligible,3430,articles,https://jus-tice.co.il/how-to-find-a-professional-web-development-agency/,כיצד למצוא חברה לפיתוח אתרים,,,,2298,2021-05-26,2026-05-16,1,0,14
4-negligible,5760,articles,https://jus-tice.co.il/the-race-for-jurisdiction-family-law/,מרוץ הסמכויות,%%title%% %%page%% %%sep%% בית משפט לענייני משפחה או בית דין רבני? לאיזו ערכאה עדיף לפנות %%sep%% %%sitename%%,,בית המשפט לענייני משפחה,983,2021-08-06,2026-05-16,1,0,9
4-negligible,5850,articles,https://jus-tice.co.il/rabbinical-court-1315248-1/,היתר נישואין מינקת גרושה - 1315248-1- ביה''ד אשדוד‎‎,,,בית הדין הרבני,12648,2021-08-10,2026-05-16,1,0,55
4-negligible,6477,articles,https://jus-tice.co.il/civil-appeal-court-ruling-compensation-israel/,מתן חיסון קורונה חרף התנגדות האב,,,דיני משפחה,1648,2021-10-04,2026-05-22,1,0,175
4-negligible,6546,articles,https://jus-tice.co.il/medical-malpractice-lawyer-recommended/,עורך דין רשלנות רפואית מומלץ,,,דיני נזיקין,8735,2022-01-06,2026-05-16,1,0,1
4-negligible,6657,articles,https://jus-tice.co.il/inheritance-estate-accounts-siblings-dispute/,האם יש מקום להוציא מאיזון המשאבים כספים המצויים בחשבונות בן זוג בחשד כי הוברחו,,,דיני משפחה,6086,2022-02-09,2026-05-22,1,0,5
4-negligible,6773,articles,https://jus-tice.co.il/judge-claim-business-agreement-lease-58579-07-20/,"השופט עדי הדר: דחית טענה של שוכר עסק כי המשכיר ביטל את הסכם השכירות ללא הסכמתו (ת""א 58579-07-20)",,,מסחרי-אזרחי,3292,2022-02-27,2026-05-16,1,0,6
4-negligible,6809,articles,https://jus-tice.co.il/sexual-offenses/,עבירות מין- מהי עבירת מין? סוגי העבירות ועונשן הפלילי,,,משפט פלילי,1704,2022-02-28,2026-05-18,1,0,11
4-negligible,6824,articles,https://jus-tice.co.il/rabbinical-court-alimony-1320290-1/,"חובת המזונות כנגזרת של צורכי הילדים ויכולות האב; משמעותה של יכולת השתכרות – הגדרות, עקרונות ויישום - 1320290-1- ביה''ד הגדול‎‎",,,פסקי דין חשובים,9198,2022-03-02,2026-05-16,1,0,4
4-negligible,6980,articles,https://jus-tice.co.il/child-custody-transfer-mother-father-israel/,השבת המשמורת לאם לאחר טיפול פסיכולוגי,,,פסקי דין חשובים,2305,2022-03-28,2026-05-22,1,0,76
4-negligible,7002,articles,https://jus-tice.co.il/beer-sheva-rabbinical-court-alimony-1161022-12/,"מזונות הילדים – תשלום פעוטון, צהרון ומחציות - 1161022-12 - ביה''ד באר שבע",,,פסקי דין חשובים,25042,2022-05-02,2026-05-16,1,0,11
4-negligible,7953,articles,https://jus-tice.co.il/7953-2/,בקשה לאיזון חובות בשל חשש לחובות פיקטיביים שיצר צד אחד לשם חיובו של הצד השני במחציתם - 1283952-9 - ביה''ד ירושלים,,,פסקי דין חשובים,5954,2022-11-02,2022-11-02,1,0,6
4-negligible,8109,articles,https://jus-tice.co.il/sex-offenses-rights/,מחקר - מימוש זכויות קטינים נפגעי עבירות מין חמורות בתיקי הסיוע המשפטי,,,משפט פלילי,619,2022-11-30,2026-05-18,1,0,7
4-negligible,8271,articles,https://jus-tice.co.il/medical-malpractice-8271/,רשלנות רפואית אבחון שגוי,,,דיני נזיקין,301,2022-12-13,2026-05-16,1,0,69
4-negligible,8334,articles,https://jus-tice.co.il/probate-order-request-cancellation-will-45543-11-21/,"ת""ע 45543-11-21 בקשה לביטול צו קיום צוואה לאחר גילוי צוואה קיימת",,,פסקי דין חשובים,2813,2022-12-19,2026-05-16,1,0,42
4-negligible,8367,articles,https://jus-tice.co.il/medical-malpractice-house/,רשלנות רפואית בבית חולים,,,דיני נזיקין,2265,2023-01-05,2026-05-16,1,0,79
4-negligible,8764,articles,https://jus-tice.co.il/rabbinical-court-haifa-ketubah-divorce-8216-1265026-5/,'חזקת חיוב' בכתובה כשהאישה שתבעה גירושין - 1265026-5 - ביה''ד חיפה,,,דיני משפחה,4661,2023-03-11,2026-05-16,1,0,11
4-negligible,8774,articles,https://jus-tice.co.il/74657-12-20/,"גזר דין לנאשם ברצח אימו (תפ""ח 74657-12-20)",,,משפט פלילי,1129,2023-03-13,2026-05-18,1,0,9
4-negligible,9422,articles,https://jus-tice.co.il/1027470-24/,ניכור הורי – לא תתקבל טענה שהילד לא רוצה לפגוש בהורה השני,,,משמורת ילדים,3031,2023-05-07,2026-05-16,1,0,9
4-negligible,9956,articles,https://jus-tice.co.il/civil-law-notary/,על עורכי דין: תפקידם של נוטריונים במשפט אזרחי,,,עורך דין,13033,2023-09-13,2026-05-16,1,0,3
4-negligible,10163,articles,https://jus-tice.co.il/contractor-house/,הקבלן רוצה שאחתום על הליקויים שנמצאו בבדק בית נפתרו/פתוחים. מה עלי לעשות?,,,"מקרקעין | נדל""ן",1597,2023-10-04,2026-05-16,1,0,1
4-negligible,11179,articles,https://jus-tice.co.il/segro/,"SEGRO plc חברת נדל""ן סגרו",,,"מקרקעין | נדל""ן",347,2024-05-09,2026-05-16,1,0,6
4-negligible,11287,articles,https://jus-tice.co.il/rocket-lawyer/,Rocket Lawyer | חברת טכנולוגיה משפטית מקוונת,,,עורך דין,1632,2024-07-11,2026-05-16,1,0,10
4-negligible,11325,articles,https://jus-tice.co.il/sofia-galvao/,סופיה גלואו (עורכת דין),,,פורטוגל,827,2024-07-18,2026-05-16,1,0,90
4-negligible,11338,articles,https://jus-tice.co.il/rita-judice/,ריטה יודיס (עורכת דין),,,פורטוגל,315,2024-07-18,2026-05-16,1,0,8
4-negligible,11548,articles,https://jus-tice.co.il/pogust-goodhead/,פוגוסט גודהד,,,,824,2024-09-12,2026-05-16,1,0,6
4-negligible,11617,articles,https://jus-tice.co.il/medical-malpractice-vs-negligence-differences-israel/,מה ההבדל בין רשלנות רפואית לבין הזנחה רפואית?,,,דיני נזיקין,3719,2024-11-13,2026-05-16,1,0,12
4-negligible,11628,articles,https://jus-tice.co.il/property-jurisdiction-divorce-claim-section-4a/,תנאי הסמכות לדון בענייני הרכוש כשתביעת הגירושין הייתה לפי סעיף 4א לחשבד''ר,,,דיני משפחה,27220,2024-11-18,2026-05-16,1,0,20
4-negligible,21300,articles,https://jus-tice.co.il/buying-apartment-from-contractor/,"עורך דין קניית דירה מקבלן: הבדיקות, החוזה והבטוחות",עורך דין קניית דירה מקבלן: בדיקות ובטוחות | Jus-Tice,"קניית דירה מקבלן: הבדיקות לפני חתימה, סעיפי חוזה מסוכנים, ערבות חוק מכר, מפרט טכני, פיצוי על איחור במסירה ותפקיד עורך הדין בעסקה. מדריך מלא.",,3806,2026-07-09,2026-07-08,1,0,56
4-negligible,20248,page,https://jus-tice.co.il/white-collar-crime-israel/,"עבירות צווארון לבן: מה הן, ענישה ואיך להתגונן","עבירות צווארון לבן | מה הן, ענישה ואיך להתגונן | Jus-Tice",,,1350,2026-05-23,2026-07-12,1,0,51
4-negligible,20258,page,https://jus-tice.co.il/birth-injury-compensation/,"פיצויים בנזקי לידה: מוח, CP, שיתוק מוחין","פיצויים בנזקי לידה | מוח, CP, שיתוק מוחין | Jus-Tice",,,763,2026-05-23,2026-07-12,1,0,185
4-negligible,20266,page,https://jus-tice.co.il/drug-offenses-israel/,"עבירות סמים בישראל: ענישה, הגנה וגישת הביקוש","עבירות סמים בישראל | ענישה, הגנה וגישת הביקוש | Jus-Tice",,,588,2026-05-23,2026-07-12,1,0,10
4-negligible,20311,page,https://jus-tice.co.il/family-law-beer-sheva/,"עורך דין משפחה באר שבע: גירושין, מזונות","עורך דין משפחה באר שבע | גירושין, מזונות | Jus-Tice",,,227,2026-05-23,2026-07-12,1,0,9
4-negligible,20337,page,https://jus-tice.co.il/criminal-record-israel/,"עבר פלילי: מה משמעותו, גישה, מחיקה ועיון","עבר פלילי | מה משמעותו, גישה, מחיקה ועיון | Jus-Tice",,,488,2026-05-23,2026-07-12,1,0,1
4-negligible,20355,page,https://jus-tice.co.il/internet-defamation-israel/,"לשון הרע ברשת: פיצויים, מחיקה, מה עושים","לשון הרע ברשת | פיצויים, מחיקה, מה עושים | Jus-Tice",,,428,2026-05-23,2026-07-12,1,0,32
4-negligible,20357,page,https://jus-tice.co.il/criminal-lawyer-holon/,עורך דין פלילי חולון: מחירים וייצוג 2025,עורך דין פלילי חולון | מחירים וייצוג 2025 | Jus-Tice,,,188,2026-05-23,2026-07-12,1,0,23
4-negligible,20361,page,https://jus-tice.co.il/workplace-safety-israel/,"בטיחות בעבודה וזכויות נפגע: תאונות, פיצויים, הליך","בטיחות בעבודה וזכויות נפגע | תאונות, פיצויים, הליך | Jus-Tice",,,395,2026-05-23,2026-07-12,1,0,8
4-negligible,20377,page,https://jus-tice.co.il/medical-negligence-pregnancy/,רשלנות רפואית בהריון ולידה: מה שצריך לדעת,רשלנות רפואית בהריון ולידה | מה שצריך לדעת | Jus-Tice,,,378,2026-05-23,2026-07-12,1,0,81
4-negligible,20381,page,https://jus-tice.co.il/criminal-lawyer-ramat-gan/,עורך דין פלילי רמת גן: מחירים וייצוג 2025,עורך דין פלילי רמת גן | מחירים וייצוג 2025 | Jus-Tice,,,172,2026-05-23,2026-07-12,1,0,78
4-negligible,20388,page,https://jus-tice.co.il/guardianship-adult-israel/,"אפוטרופסות על בגיר: נכות, קשיש, הליך","אפוטרופסות על בגיר | נכות, קשיש, הליך | Jus-Tice",,,264,2026-05-23,2026-07-12,1,0,5
4-negligible,20397,page,https://jus-tice.co.il/real-estate-lawyer-herzliya/,עורך דין מקרקעין הרצליה: מחירים ושירותים,עורך דין מקרקעין הרצליה | מחירים ושירותים | Jus-Tice,,,154,2026-05-23,2026-07-12,1,0,37
4-negligible,20410,page,https://jus-tice.co.il/legal-costs-who-pays/,"מי משלם הוצאות משפטיות: כללים, פסיקה, חריגים","מי משלם הוצאות משפטיות | כללים, פסיקה, חריגים | Jus-Tice",,,361,2026-05-23,2026-07-12,1,0,5
4-negligible,20411,page,https://jus-tice.co.il/business-visa-israel/,"ויזה עסקית לישראל: סוגים, עלות, הגשה","ויזה עסקית לישראל | סוגים, עלות, הגשה | Jus-Tice",,,218,2026-05-23,2026-07-12,1,0,8
4-negligible,20415,page,https://jus-tice.co.il/real-estate-market-statistics/,"שוק הנדל""ן בישראל: מחירים ונתונים 2025","שוק הנדל""ן בישראל: מחירים ונתונים 2025 | Jus-Tice",,,282,2026-05-23,2026-07-12,1,0,10
4-negligible,20422,page,https://jus-tice.co.il/real-estate-developer-defect/,"ליקויי בניה מקבלן: זכויות, תביעה, מה כולל","ליקויי בניה מקבלן | זכויות, תביעה, מה כולל | Jus-Tice",,,306,2026-05-23,2026-07-12,1,0,1
4-negligible,20449,page,https://jus-tice.co.il/real-estate-lawyer-rosh-haayin/,עורך דין מקרקעין ראש העין: מחירים ושירותים,עורך דין מקרקעין ראש העין | מחירים ושירותים | Jus-Tice,,,130,2026-05-23,2026-07-12,1,0,36
4-negligible,20450,page,https://jus-tice.co.il/trade-secret-law-israel/,"סוד מסחרי בישראל: הגנה, הפרה, תביעה","סוד מסחרי בישראל | הגנה, הפרה, תביעה | Jus-Tice",,,227,2026-05-23,2026-07-12,1,0,6
4-negligible,20475,page,https://jus-tice.co.il/criminal-record-expungement/,"מחיקת עבר פלילי: תנאים, הליך, הגשה","מחיקת עבר פלילי | תנאים, הליך, הגשה | Jus-Tice",,,277,2026-05-23,2026-07-12,1,0,3
4-negligible,20476,page,https://jus-tice.co.il/speeding-ticket-guide/,"דוח מהירות: ערעור, נקודות, עונשים","דוח מהירות | ערעור, נקודות, עונשים | Jus-Tice",,,186,2026-05-23,2026-07-12,1,0,19
4-negligible,20482,page,https://jus-tice.co.il/real-estate-lawyer-beit-shean/,עורך דין מקרקעין בית שאן: מחירים ושירותים,עורך דין מקרקעין בית שאן | מחירים ושירותים | Jus-Tice,,,133,2026-05-23,2026-07-12,1,0,7
4-negligible,20502,page,https://jus-tice.co.il/labor-law-statistics-2025/,"נתוני דיני עבודה ישראל 2025: תביעות, זכויות","נתוני דיני עבודה ישראל 2025 | תביעות, זכויות | Jus-Tice",,,217,2026-05-23,2026-07-12,1,0,34
5-invisible (0 impressions/90d),845,articles,https://jus-tice.co.il/drug-possession-2/,החזקת סמים,,"נתפסת על החזקת סמים? בין אם מדובר בשימוש עצמי ובין אם בסחר, הנך זקוק לייצוג משפטי מקצועי של עו""ד פלילי. עורך הדין יעשה כל שניתן כדי למנוע הגשת כתב אישום או לחתור לעסקת טיעון מקלה.",משפט פלילי,1038,2019-03-24,2026-05-18,0,0,0
5-invisible (0 impressions/90d),850,articles,https://jus-tice.co.il/how-to-choose-criminal-defense-attorney/,כיצד בוחרים עורך דין פלילי,,"בחירת עו""ד פלילי אינה עניין פשוט ועל מנת לקבל את הייצוג המשפטי הטוב ביותר, יש לבחור נכון. מומחיות, הגינות והמלצות על עורך הדין הם בין הפרמטרים שיש לשקול.",משפט פלילי,2133,2019-03-24,2026-05-18,0,0,0
5-invisible (0 impressions/90d),968,articles,https://jus-tice.co.il/what-is-a-contract/,מה זה חוזה? | עורך דין חוזים,,"חוזה – לפני שחותמים מתייעצים. התקשרות בחוזה יכולה להיראות כפעולה פשוטה, אך בפועל, היא מטילה עלינו התחייבויות כלכליות ומשפטיות. לכן, אל תמהרו לחתום לפני שתפנו לעורך דין. ",עורך דין,36701,2017-11-10,2026-05-22,0,0,0
5-invisible (0 impressions/90d),1125,articles,https://jus-tice.co.il/divorce-mediation-basics/,גישור גירושין - הבסיס | הליך גישור גירושין מומלץ,,,גירושין,1977,2020-01-09,2026-05-16,0,0,0
5-invisible (0 impressions/90d),1134,articles,https://jus-tice.co.il/tma-38-and-urban-renewal-lawyer/,"עורך דין תמ""א 38 והתחדשות עירונית",,,עורך דין,1049,2020-01-09,2026-05-16,0,0,0
5-invisible (0 impressions/90d),1572,articles,https://jus-tice.co.il/medical-malpractice-1572/,מאגר מידע רשלנות רפואית,,,דיני נזיקין,74,2020-02-15,2026-05-16,0,0,0
5-invisible (0 impressions/90d),1681,articles,https://jus-tice.co.il/tax-law-israel-guide-obligations-2025/,תשלום מס שכר בגין שכרם של עובדי העירייה,,,,9095,2020-03-09,2026-05-22,0,0,0
5-invisible (0 impressions/90d),1706,articles,https://jus-tice.co.il/medical-expert-testimony-malpractice-lawsuit/,חינוך הילדים: במוסד של איזה זרם דתי יתחנכו הקטינים?,,,,12612,2020-03-11,2026-05-22,0,0,0
5-invisible (0 impressions/90d),1783,articles,https://jus-tice.co.il/tax-validity-certifications/,הקלות מס - וירוס קורונה: הארכת תוקף אישורי ניכוי מס במקור,,,,340,2020-03-17,2026-05-16,0,0,0
5-invisible (0 impressions/90d),1804,articles,https://jus-tice.co.il/criminal-law-lawyer-arrest-courts/,הוראות חירום נגיף הקורונה: מניעת כניסת מבקרים ועורך דין פלילי למקומות מעצר ובתי סוהר,,,משפט פלילי,516,2020-03-17,2026-05-18,0,0,0
5-invisible (0 impressions/90d),1827,articles,https://jus-tice.co.il/criminal-appeal-sentencing-review-israel/,נגיף הקורונה: הודעה על מתן היתר כללי להעסקת עובדים בשעות נוספות,,,,511,2020-03-18,2026-05-22,0,0,0
5-invisible (0 impressions/90d),1852,articles,https://jus-tice.co.il/property-rights-dispute-israel-court/,"תגובת היועמ""ש: שימוש שב""כ באמצעים טכנולוגיים במסגרת המאבק בהתפשטות נגיף הקורונה",,,,2942,2020-03-19,2026-05-22,0,0,0
5-invisible (0 impressions/90d),1879,articles,https://jus-tice.co.il/civil-procedure-regulations-1879-ottoman-israel/,נגיף הקורונה: תקנות שעת חירום הגבלת פעילות,,,,1327,2020-03-19,2026-05-22,0,0,0
5-invisible (0 impressions/90d),1884,articles,https://jus-tice.co.il/ottoman-land-code-1884-israel-property/,"נגיף הקורונה: בג""צ קובע צו ביניים כנגד תקנות שעת חירום מעקב שב""כ ומשטרה על טלפונים",,,,991,2020-03-19,2026-05-22,0,0,0
5-invisible (0 impressions/90d),1903,articles,https://jus-tice.co.il/coronavirus-employers-guide/,"מדריך למעסיק חל""ת ופיטורי עובדים | עורך דין דיני עבודה לייצוג מעסיקים",,,,1681,2020-03-20,2026-05-16,0,0,0
5-invisible (0 impressions/90d),1966,articles,https://jus-tice.co.il/courts-administration-law-israel-jurisdiction/,קורונה: סוגי עניינים שיידונו בבתי הדין לעבודה,,,,609,2020-03-22,2026-05-22,0,0,0
5-invisible (0 impressions/90d),1980,articles,https://jus-tice.co.il/supreme-court-petition-israel-administrative/,"בג""ץ מורה ליו""ר הכנסת לכנס את מליאת הכנסת בהקדם האפשרי",,,,9584,2020-03-23,2026-05-22,0,0,0
5-invisible (0 impressions/90d),1991,articles,https://jus-tice.co.il/24-03-2020/,הנחיות להסעות של עובדים חיוניים עדכון 24/03/2020,,,,762,2020-03-24,2026-05-16,0,0,0
5-invisible (0 impressions/90d),2026,articles,https://jus-tice.co.il/new-25-03/,תיקון 25/03 נגיף הקורונה החדש – הגבלת פעילות,,,,2437,2020-03-25,2026-05-16,0,0,0
5-invisible (0 impressions/90d),2091,articles,https://jus-tice.co.il/regulations-new-67-2020/,"תקנות שעת חירום (נגיף הקורונה החדש) (מענק הסתגלות מיוחד לבני 67 ומעלה), התש״ף-2020",,,,1398,2020-03-28,2026-05-16,0,0,0
5-invisible (0 impressions/90d),2103,articles,https://jus-tice.co.il/criminal-law-sentencing-guidelines-israel/,בדיקות קורונה: מתן תשובות המעבדות מתעכבת עקב בעיית מחשוב,,,,509,2020-03-28,2026-05-22,0,0,0
5-invisible (0 impressions/90d),2160,articles,https://jus-tice.co.il/criminal-procedure-rights-israel-detention/,קורונה: הנחיות המשטרה לפסח,,,,2180,2020-04-07,2026-05-22,0,0,0
5-invisible (0 impressions/90d),2177,articles,https://jus-tice.co.il/class-action-lawsuit-israel-consumer-rights/,אסטרטגיית יציאה - קורונה: מתווה לחזרה מדורגת לעבודה,,,,6201,2020-04-11,2026-05-22,0,0,0
5-invisible (0 impressions/90d),2288,articles,https://jus-tice.co.il/legal-contracts-obligations-israel-guide/,קורונה: מתווה הקניונים,,,,670,2020-05-02,2026-05-22,0,0,0
5-invisible (0 impressions/90d),2692,articles,https://jus-tice.co.il/research-report-n156-persistent-symptoms/,תופעות לוואי קשות בקרב מחלימים מקורונה,,,,14472,2020-10-17,2026-05-16,0,0,0
5-invisible (0 impressions/90d),2698,articles,https://jus-tice.co.il/cancellation-of-closed-case-records-from-the-criminal-database/,נוהל טיפול בפניות לביטול רישומי תיקים סגורים ממאגר המידע הפלילי,,,משפט פלילי,4007,2020-10-17,2026-05-18,0,0,0
5-invisible (0 impressions/90d),2753,articles,https://jus-tice.co.il/characteristics-and-outcomes-of-children-with-coronavirus/,ניתוח מאפייני תחלואה בקורונה בקרב ילדים,,,,7616,2020-10-23,2026-05-16,0,0,0
5-invisible (0 impressions/90d),2833,articles,https://jus-tice.co.il/israel-framework-for-reopening-schools-coronavirus-2020/,מתווה חזרת בתי הספר היסודיים ללמידה משולבת - פיזית ומרחוק,,,,6596,2020-10-31,2026-05-16,0,0,0
5-invisible (0 impressions/90d),2913,articles,https://jus-tice.co.il/tort-law-new-rules-israel-damages-2025/,פקודת הנזיקין [נוסח חדש],,,דיני נזיקין,29445,2021-02-21,2026-05-22,0,0,0
5-invisible (0 impressions/90d),3017,articles,https://jus-tice.co.il/will-and-testament/,צוואה,,במסמך הצוואה קובע המצווה מי יהיו יורשיו ואיזה חלק ברכושו יקבל כל אחד מהם. כדאי לפנות לעורך דין מומחה לצורך עריכת צוואה כך שהיא תעמוד בכל כללי הדין ותנוסח בצורה ברורה ומפורשת.,דיני משפחה,1133,2021-03-16,2026-05-16,0,0,0
5-invisible (0 impressions/90d),3665,articles,https://jus-tice.co.il/attorneys-how-to/,עורכי דין: כיצד לנהל את רמת המתח ולהפסיק לדחות מטלות,,"עורכי דין למדו שישה צעדים קטנים שתוכלו ליישם בכדי להשלים משימות, לתעדף את זמנכם, והכי חשוב, להפסיק להרגיש את המתח המתמיד שמגיע עם דחיינות.",עורך דין,650,2021-06-04,2021-06-07,0,0,0
5-invisible (0 impressions/90d),5723,articles,https://jus-tice.co.il/roman-zadorov-detention-until-the-end-of-proceedings/,"החלטה בתיק מעצר עד תום ההליכים - רומן זדורוב  (מ""ת 48355-06-21)",,,משפט פלילי,11815,2021-08-03,2026-05-18,0,0,0
5-invisible (0 impressions/90d),5818,articles,https://jus-tice.co.il/petition-offense-defendant-house/,טופס בקשת נפגע עבירה לקבלת מידע על מהלך אשפוזו של נאשם בבית חולים,,,משפט פלילי,415,2021-08-08,2026-05-18,0,0,0
5-invisible (0 impressions/90d),6429,articles,https://jus-tice.co.il/must-have-traits-of-a-good-family-lawyer/,תכונות חובה של עורך דין משפחה טוב,,,דיני משפחה,1233,2021-09-28,2026-05-16,0,0,0
5-invisible (0 impressions/90d),6503,articles,https://jus-tice.co.il/home-insurance/,מה זה ביטוח דירה?,,,מסחרי-אזרחי,1102,2021-10-10,2026-05-16,0,0,0
5-invisible (0 impressions/90d),6610,articles,https://jus-tice.co.il/rabbinical-court-alimony/,שלילת מזונות קטין כשהאמא מסרבת להפגיש אותו עם אביו בניגוד להחלטות בית הדין הרבני,,,דיני משפחה,2012,2022-02-06,2026-05-16,0,0,0
5-invisible (0 impressions/90d),6704,articles,https://jus-tice.co.il/verdict-judge-request-will-property/,"שופט אלון גביזון: פס""ד בבקשה לקיום צוואה המעניקה כל הרכוש לחבר והתנגדות אחות המנוח",,,פסקי דין חשובים,6154,2022-02-17,2026-05-16,0,0,0
5-invisible (0 impressions/90d),6766,articles,https://jus-tice.co.il/apartment-ownership-residence-1241751-6/,חובת האב במדור ילדיו בדירה שבבעלות האם; דרך חישוב דמי מדור לפי נורמות המגורים בזמננו  1241751-6,,,פסקי דין חשובים,2546,2022-02-24,2026-05-16,0,0,0
5-invisible (0 impressions/90d),6819,articles,https://jus-tice.co.il/property-division-divorce-ownership/,גירושים: בעלות וחלוקת אתר אינטרנט | חלוקת רכוש בין בני זוג,,,פסקי דין חשובים,4822,2022-03-01,2026-05-16,0,0,0
5-invisible (0 impressions/90d),6830,articles,https://jus-tice.co.il/rabbinical-court-visitation-arrangements-authority-enforcement-agreement-law/,"סמכויות בית הדין הרבני ליישום ואכיפת הסכם שאישר בנוגע להסדרי שהות, אף שלא 'דן ופסק', ולמינוי אפוטרופוס לדין - 1289509-1 - ביה''ד הגדול‎‎",,,פסקי דין חשובים,6091,2022-03-02,2026-05-16,0,0,0
5-invisible (0 impressions/90d),6982,articles,https://jus-tice.co.il/tel-aviv-rabbinical-court-ketubah-divorce-1170551-5/,כתובה למי שתבעה גירושין לאחר אירוע אלימות - 1170551-5 - ביה''ד תל אביב יפו,,,פסקי דין חשובים,1882,2022-03-28,2026-05-16,0,0,0
5-invisible (0 impressions/90d),7160,articles,https://jus-tice.co.il/jerusalem-rabbinical-court-get-divorce-claim-1345115-4/,האם הבעל רשאי לעכב את הגט בטענה שערכאות בארה''ב היטו את דינו - 1345115-4 - ביה''ד ירושלים,,,פסקי דין גירושין דיני משפחה 2022,35410,2022-05-19,2026-05-16,0,0,0
5-invisible (0 impressions/90d),7279,articles,https://jus-tice.co.il/decision3127-04-22/,"השופט נפתלי שילה: הרחבת זמני שהות לאדם ללא מעמד הורי (תרומת זרע) (רמ""ש 3127-04-22)",,,פסקי דין גירושין דיני משפחה 2022,5096,2022-05-29,2026-05-16,0,0,0
5-invisible (0 impressions/90d),7480,articles,https://jus-tice.co.il/rabbinical-court-verdict-lawsuit-divorce-1268530-3/,"פס""ד - ניהול תביעת גירושין מחו''ל באמצעות מורשה וזום כאשר הנתבע מתנגד - 1268530-3 - ביה''ד אשקלון‎‎",,,גירושין,1302,2022-06-16,2026-05-16,0,0,0
5-invisible (0 impressions/90d),7601,articles,https://jus-tice.co.il/divorce/,"הטריקים המלוכלכים ביותר בגירושין | עו""ד גירושין",,,גירושין,1083,2022-07-22,2026-05-16,0,0,0
5-invisible (0 impressions/90d),7822,articles,https://jus-tice.co.il/court-law/,הצעת תיקון חוק: חיפוש במקום ללא צו בית משפט,,,משפט פלילי,584,2022-10-03,2026-05-18,0,0,0
5-invisible (0 impressions/90d),8263,articles,https://jus-tice.co.il/criminal-law-lawyer-prosecution-recommendations-criminal-lawsuits/,"עורך דין פלילי יוצא פרקליטות | המלצות עו""ד פלילי תביעות",,,משפט פלילי,860,2022-12-13,2026-05-18,0,0,0
5-invisible (0 impressions/90d),8295,articles,https://jus-tice.co.il/medical-malpractice-witnesses-experts-testimony/,רשלנות רפואית ותפקידם של עדים מומחים: כיצד עדות מומחים יכולה לעזור לקורבנות רשלנות לחפש צדק,,,דיני נזיקין,653,2022-12-14,2026-05-16,0,0,0
5-invisible (0 impressions/90d),8321,articles,https://jus-tice.co.il/medical-malpractice/,מה לעשות דבר ראשון אם נפגעת מרשלנות רפואית,,,דיני נזיקין,415,2022-12-15,2026-05-16,0,0,0
5-invisible (0 impressions/90d),8396,articles,https://jus-tice.co.il/medical-malpractice-tips-damages-lawsuit/,טיפים כיצד למקסם את הפיצויים בתביעת רשלנות רפואית,,,דיני נזיקין,550,2023-01-10,2026-05-16,0,0,0
5-invisible (0 impressions/90d),8402,articles,https://jus-tice.co.il/medical-malpractice-lawsuit/,מסמכים חשובים לתביעת רשלנות רפואית,,,דיני נזיקין,509,2023-01-10,2026-05-16,0,0,0
5-invisible (0 impressions/90d),8498,articles,https://jus-tice.co.il/medical-malpractice-tips-20/,20 טיפים למניעת רשלנות רפואית,,,דיני נזיקין,291,2023-02-09,2026-05-16,0,0,0
5-invisible (0 impressions/90d),8500,articles,https://jus-tice.co.il/medical-malpractice-tips-lawsuit-20/,20 טיפים לתביעת רשלנות רפואית,,,דיני נזיקין,1133,2023-02-09,2026-05-16,0,0,0
5-invisible (0 impressions/90d),8665,articles,https://jus-tice.co.il/1381090-1/,סמכויות ביה''ד בתביעת גירושין נגד אזרח ותושב חו''ל על בסיס סירובו להזמנות בתי דין בחו''ל או התעלמותו מהזמנותיהם - 1381090-1 - ביה''ד הגדול,,,גירושין,16718,2023-02-28,2026-05-16,0,0,0
5-invisible (0 impressions/90d),8698,articles,https://jus-tice.co.il/probate-order-verdict-judge-cancellation-55971-02-20/,"השופטת בכירה שושנה ברגר: פס""ד בתובענה לביטול צו קיום צוואה (ת""ע 55971-02-20)",,,ענייני ירושה,15872,2023-03-02,2026-05-16,0,0,0
5-invisible (0 impressions/90d),9427,articles,https://jus-tice.co.il/criminal-defense-attorney-roles-and-responsibilities/,עורך דין פלילי: תפקידים ואחריות,,,משפט פלילי,3477,2023-05-08,2026-05-18,0,0,0
5-invisible (0 impressions/90d),9517,articles,https://jus-tice.co.il/history-of-criminal-justice/,היסטוריה של משפט פלילי,,,משפט פלילי,7233,2023-05-21,2026-05-16,0,0,0
5-invisible (0 impressions/90d),9717,articles,https://jus-tice.co.il/protest-arrest-2023/,"שחרור בתנאים מגבילים למשתתפי הפגנה (עמ""י 67219-06-23 ואח') מחאה 2023",,,פלילי פסקי דין חשובים,1140,2023-07-10,2026-05-16,0,0,0
5-invisible (0 impressions/90d),9960,articles,https://jus-tice.co.il/notarial-act/,אישור נוטריוני | אימות מסמכים נוטריוני | מעשה נוטריוני,,,עורך דין,1627,2023-09-13,2026-05-16,0,0,0
5-invisible (0 impressions/90d),10146,articles,https://jus-tice.co.il/property-investment-calculator/,"מחשבון השקעות בנכסים | דירוג השקעות נדל""ן",,,"מקרקעין | נדל""ן",2170,2023-10-03,2026-05-16,0,0,0
5-invisible (0 impressions/90d),10886,articles,https://jus-tice.co.il/divorce-mediation-cons-pros/,הגדרת גישור גירושין: יתרונות וחסרונות (מדריך 2024),,,גירושין,915,2024-02-25,2026-05-16,0,0,0
5-invisible (0 impressions/90d),11252,articles,https://jus-tice.co.il/costa-rica-lawyers/,"עורך דין קוסטה ריקה | עו""ד ישראלי בקוסטה ריקה",,,עורך דין,10980,2024-06-28,2026-05-16,0,0,0
5-invisible (0 impressions/90d),11510,articles,https://jus-tice.co.il/birth-injury-causes/,הסברים על גורמי פגיעות לידה,,,,1854,2024-09-09,2026-05-16,0,0,0
5-invisible (0 impressions/90d),11539,articles,https://jus-tice.co.il/home-inspection/,"הערכת בית: מה זה, איך זה עובד, שאלות נפוצות על בדיקות לפני רכישה",,,"מקרקעין | נדל""ן",657,2024-09-12,2026-05-16,0,0,0
5-invisible (0 impressions/90d),11542,articles,https://jus-tice.co.il/sullivan-papain-block-mcmanus-coffinas-cannavo-pc/,סוליבן פאפיין בלוק מקמנוס קופינאס וקנבו P.C.,,,,734,2024-09-12,2026-05-16,0,0,0
5-invisible (0 impressions/90d),11545,articles,https://jus-tice.co.il/bostwick-peterson-llp/,בוסטוויק ופיטרסון LLP,,,,888,2024-09-12,2026-05-16,0,0,0
5-invisible (0 impressions/90d),11922,articles,https://jus-tice.co.il/lawyer-real-estate-costs-2025/,"שנת 2025 | מה עושה עורך דין נדל""ן ומהן העלויות הכרוכות בעבודתו",,,"מקרקעין | נדל""ן",11484,2025-02-01,2026-05-17,0,0,0
5-invisible (0 impressions/90d),12611,articles,https://jus-tice.co.il/1509592-1/,לא בנקל יבוטל הסכם גירושין - 1509592-1 - ביה''ד הגדול‎,,,דיני משפחה,20752,2025-07-07,2026-07-02,0,0,0
5-invisible (0 impressions/90d),12879,articles,https://jus-tice.co.il/996028-3/,"פס""ד רבני 2025 | תוקפו של הסכם גירושין כשהצדדים חזרו לשלום בית - 996028-3 - ביה''ד תל אביב יפו",,,דיני משפחה,52846,2025-09-04,2026-07-02,0,0,0
5-invisible (0 impressions/90d),21301,articles,https://jus-tice.co.il/threats-offense-lawyer/,"עבירת איומים: סעיף 192, מתי נסגר תיק ומה ההגנות","עבירת איומים: סעיף 192, הגנות וסגירת תיק | Jus-Tice","עבירת איומים לפי סעיף 192: מה נחשב איום פלילי, איומים ברשת, מתי התיק נסגר, אילו הגנות קיימות ומה לעשות אם זומנתם לחקירה. מדריך מעשי.",,3419,2026-07-10,2026-07-09,0,0,0
5-invisible (0 impressions/90d),21303,articles,https://jus-tice.co.il/company-formation-israel/,"פתיחת חברה בע""מ: שלבים, עלויות ומה בודקים לפני","פתיחת חברה בע""מ: שלבים, עלויות ובדיקות | Jus-Tice","פתיחת חברה בע""מ: ההבדל מעוסק מורשה, שלבי הרישום ברשם החברות, המסמכים, האגרות, פתיחת תיקי מס ומתי בעל מניות חשוף אישית. מדריך שלבים מלא.",,3332,2026-07-11,2026-07-10,0,0,0
5-invisible (0 impressions/90d),38,page,https://jus-tice.co.il/jus-tice-2/,עורך דין מומלץ: משרדי עורכי דין מובילים בכל תחום משפטי,"עורכי דין מומלצים אינדקס | חיפוש עורך דין ומשרדי עורכי דין | עו""ד מומלץ","חיפשת עורך דין? ספר עורכי דין לפי התמחות מגוון רחב של עורכי דין מומחים בסביבתך. המידע בג'אסטיס עורך דין מוגש בחינם ללא דמי מנוי או עלויות שימוש. המדריכים המשפטיים שלנו מספקים סקירה של תחומי משפט שונים בעברית פשוטה, כדי לעזור לך ללמוד ביתר פירוט על מגוון מושגים ותחומים משפטיים",,0,2018-09-05,2026-05-04,0,0,0
5-invisible (0 impressions/90d),20198,page,https://jus-tice.co.il/checkout/,תשלום,,,,702,2026-05-19,2026-05-19,0,0,0
5-invisible (0 impressions/90d),20222,page,https://jus-tice.co.il/about/,"אודות Jus-Tice | פורטל משפטי ישראלי: צוות, ייעוד ועקרונות",,,,736,2026-05-22,2026-07-02,0,0,0
5-invisible (0 impressions/90d),20223,page,https://jus-tice.co.il/editorial-policy/,מדיניות עריכה: כיצד אנו יוצרים ומבקרים תוכן משפטי,מדיניות עריכה | כיצד אנו יוצרים ומבקרים תוכן משפטי | Jus-Tice,,,868,2026-05-22,2026-07-12,0,0,0
5-invisible (0 impressions/90d),20237,page,https://jus-tice.co.il/%d7%a2%d7%9c%d7%95%d7%aa-%d7%a2%d7%95%d7%a8%d7%9a-%d7%93%d7%99%d7%9f-%d7%a4%d7%9c%d7%99%d7%9c%d7%99-%d7%9e%d7%97%d7%99%d7%a8%d7%99%d7%9d-%d7%a9%d7%9b%d7%a8-%d7%98%d7%a8%d7%97%d7%94-%d7%95%d7%9e/,"עלות עורך דין פלילי: מחירים, שכר טרחה ומה משפיע","עלות עורך דין פלילי | מחירים, שכר טרחה ומה משפיע | Jus-Tice",,,1324,2026-05-22,2026-07-12,0,0,0
5-invisible (0 impressions/90d),20238,page,https://jus-tice.co.il/%d7%a2%d7%a1%d7%a7%d7%aa-%d7%98%d7%99%d7%a2%d7%95%d7%9f-%d7%9e%d7%94-%d7%96%d7%94-%d7%9e%d7%aa%d7%99-%d7%9b%d7%93%d7%90%d7%99-%d7%95%d7%90%d7%99%d7%9a-%d7%a2%d7%95%d7%91%d7%93-%d7%94%d7%aa%d7%94/,"עסקת טיעון: מה זה, מתי כדאי ואיך עובד התהליך","עסקת טיעון | מה זה, מתי כדאי ואיך עובד התהליך | Jus-Tice",,,1085,2026-05-22,2026-07-12,0,0,0
5-invisible (0 impressions/90d),20239,page,https://jus-tice.co.il/%d7%a8%d7%a9%d7%9c%d7%a0%d7%95%d7%aa-%d7%a8%d7%a4%d7%95%d7%90%d7%99%d7%aa-%d7%91%d7%90%d7%91%d7%97%d7%95%d7%9f-%d7%90%d7%91%d7%97%d7%a0%d7%94-%d7%a9%d7%92%d7%95%d7%99%d7%94-%d7%95%d7%9e%d7%90%d7%95/,רשלנות רפואית באבחון: אבחנה שגויה ומאוחרת: פיצויים,רשלנות רפואית באבחון | אבחנה שגויה ומאוחרת | פיצויים | Jus-Tice,,,964,2026-05-22,2026-07-12,0,0,0
5-invisible (0 impressions/90d),20240,page,https://jus-tice.co.il/%d7%9e%d7%a9%d7%9e%d7%95%d7%a8%d7%aa-%d7%9e%d7%a9%d7%95%d7%aa%d7%a4%d7%aa-%d7%96%d7%9b%d7%95%d7%99%d7%95%d7%aa-%d7%aa%d7%a0%d7%90%d7%99%d7%9d-%d7%95%d7%9b%d7%99%d7%a6%d7%93-%d7%a7%d7%95%d7%91%d7%a2/,"משמורת משותפת: זכויות, תנאים וכיצד קובע בית המשפט","משמורת משותפת | זכויות, תנאים וכיצד קובע בית המשפט | Jus-Tice",,,914,2026-05-22,2026-07-12,0,0,0
5-invisible (0 impressions/90d),20241,page,https://jus-tice.co.il/%d7%a8%d7%a9%d7%9c%d7%a0%d7%95%d7%aa-%d7%a8%d7%a4%d7%95%d7%90%d7%99%d7%aa-%d7%91%d7%aa%d7%a8%d7%95%d7%a4%d7%95%d7%aa-%d7%9e%d7%99%d7%a0%d7%95%d7%9f-%d7%a9%d7%92%d7%95%d7%99-%d7%90%d7%9c%d7%a8%d7%92/,"רשלנות רפואית בתרופות: מינון שגוי, אלרגיה, תרופה לא נכונה","רשלנות רפואית בתרופות | מינון שגוי, אלרגיה, תרופה לא נכונה | Jus-Tice",,,669,2026-05-22,2026-07-12,0,0,0
5-invisible (0 impressions/90d),20242,page,https://jus-tice.co.il/%d7%a4%d7%a0%d7%a1%d7%99%d7%94-%d7%91%d7%92%d7%99%d7%a8%d7%95%d7%a9%d7%99%d7%9f-%d7%9b%d7%99%d7%a6%d7%93-%d7%9e%d7%97%d7%9c%d7%a7%d7%99%d7%9d-%d7%a7%d7%a8%d7%9f-%d7%a4%d7%a0%d7%a1%d7%99%d7%94-%d7%95/,פנסיה בגירושין: כיצד מחלקים קרן פנסיה וזכויות פרישה,פנסיה בגירושין | כיצד מחלקים קרן פנסיה וזכויות פרישה | Jus-Tice,,,1025,2026-05-22,2026-07-12,0,0,0
5-invisible (0 impressions/90d),20249,page,https://jus-tice.co.il/%d7%a6%d7%95%d7%95%d7%90%d7%94-%d7%91%d7%99%d7%a9%d7%a8%d7%90%d7%9c-%d7%9b%d7%99%d7%a6%d7%93-%d7%a2%d7%95%d7%a9%d7%99%d7%9d-%d7%a1%d7%95%d7%92%d7%99%d7%9d-%d7%aa%d7%95%d7%a7%d7%a3-%d7%95%d7%9e/,"צוואה בישראל: כיצד עושים, סוגים, תוקף ומה קורה בלי צוואה","צוואה בישראל | כיצד עושים, סוגים, תוקף ומה קורה בלי צוואה | Jus-Tice",,,1014,2026-05-23,2026-07-12,0,0,0
5-invisible (0 impressions/90d),20250,page,https://jus-tice.co.il/%d7%a8%d7%9b%d7%99%d7%a9%d7%aa-%d7%93%d7%99%d7%a8%d7%94-%d7%91%d7%99%d7%a9%d7%a8%d7%90%d7%9c-%d7%9e%d7%93%d7%a8%d7%99%d7%9a-%d7%9e%d7%9c%d7%90-%d7%9c%d7%aa%d7%94%d7%9c%d7%99%d7%9a-%d7%a2%d7%9c/,"רכישת דירה בישראל: מדריך מלא לתהליך, עלויות ומלכודות","רכישת דירה בישראל | מדריך מלא לתהליך, עלויות ומלכודות | Jus-Tice",,,1078,2026-05-23,2026-07-12,0,0,0
5-invisible (0 impressions/90d),20251,page,https://jus-tice.co.il/%d7%a1%d7%9b%d7%a1%d7%95%d7%9a-%d7%99%d7%a8%d7%95%d7%a9%d7%94-%d7%9b%d7%99%d7%a6%d7%93-%d7%9e%d7%aa%d7%9e%d7%95%d7%93%d7%93%d7%99%d7%9d-%d7%9e%d7%94-%d7%a0%d7%99%d7%aa%d7%9f-%d7%9c%d7%aa%d7%a7/,"סכסוך ירושה: כיצד מתמודדים, מה ניתן לתקוף ומה לא","סכסוך ירושה | כיצד מתמודדים, מה ניתן לתקוף ומה לא | Jus-Tice",,,938,2026-05-23,2026-07-12,0,0,0
5-invisible (0 impressions/90d),20256,page,https://jus-tice.co.il/real-estate-contract-review/,בדיקת חוזה מקרקעין: מה לבדוק לפני שחותמים,בדיקת חוזה מקרקעין | מה לבדוק לפני שחותמים | Jus-Tice,,,595,2026-05-23,2026-07-12,0,0,0
5-invisible (0 impressions/90d),20265,page,https://jus-tice.co.il/labor-law-employee-rights/,"זכויות עובדים בישראל: פיטורים, פיצויים, שכר ועבודה שחורה","זכויות עובדים בישראל | פיטורים, פיצויים, שכר ועבודה שחורה | Jus-Tice",,,924,2026-05-23,2026-07-12,0,0,0
5-invisible (0 impressions/90d),20290,page,https://jus-tice.co.il/inheritance-lawyer-guide/,"עורך דין ירושה: מה הוא עושה, מתי צריך ומחירים","עורך דין ירושה | מה הוא עושה, מתי צריך ומחירים | Jus-Tice",,,569,2026-05-23,2026-07-12,0,0,0
5-invisible (0 impressions/90d),20293,page,https://jus-tice.co.il/sexual-harassment-work/,"הטרדה מינית בעבודה: זכויות, תלונה ופיצויים","הטרדה מינית בעבודה | זכויות, תלונה ופיצויים | Jus-Tice",,,814,2026-05-23,2026-07-12,0,0,0
5-invisible (0 impressions/90d),20295,page,https://jus-tice.co.il/workplace-accident-guide/,"תאונת עבודה: זכויות, פיצויים ומה עושים מיד","תאונת עבודה | זכויות, פיצויים ומה עושים מיד | Jus-Tice",,,581,2026-05-23,2026-07-12,0,0,0
5-invisible (0 impressions/90d),20303,page,https://jus-tice.co.il/criminal-appeal-guide/,"ערעור פלילי: מתי כדאי, מה הסיכויים ואיך עושים","ערעור פלילי | מתי כדאי, מה הסיכויים ואיך עושים | Jus-Tice",,,459,2026-05-23,2026-07-12,0,0,0
5-invisible (0 impressions/90d),20313,page,https://jus-tice.co.il/landlord-rights-israel/,"זכויות בעל דירה להשכרה: שוכר לא משלם, פינוי",זכויות בעל דירה להשכרה: מה עושים כששוכר לא משלם?,"מידע חיוני על זכויות בעלי דירות להשכרה בישראל, כולל הליך פינוי שוכר שלא משלם שכר דירה. למד על זכויותיך וחובותיך כבעל דירה וכיצד לפעול באופן חוקי.",,246,2026-05-23,2026-07-12,0,0,0
5-invisible (0 impressions/90d),20316,page,https://jus-tice.co.il/guardianship-israel/,"אפוטרופסות בישראל: מינוי, תהליך ומה כולל","אפוטרופסות בישראל | מינוי, תהליך ומה כולל | Jus-Tice",,,593,2026-05-23,2026-07-12,0,0,0
5-invisible (0 impressions/90d),20317,page,https://jus-tice.co.il/domestic-violence-israel/,"אלימות במשפחה בישראל: זכויות, דיווח ועורך דין","אלימות במשפחה בישראל | זכויות, דיווח ועורך דין | Jus-Tice",,,580,2026-05-23,2026-07-12,0,0,0
5-invisible (0 impressions/90d),20321,page,https://jus-tice.co.il/non-compete-clause-israel/,סעיף אי-תחרות בחוזה עבודה: תוקף ומה עושים,סעיף אי-תחרות בחוזה עבודה | תוקף ומה עושים | Jus-Tice,,,579,2026-05-23,2026-07-12,0,0,0
5-invisible (0 impressions/90d),20323,page,https://jus-tice.co.il/arbitration-vs-court/,"בוררות לעומת בית משפט: יתרונות, חסרונות ומתי לבחור","בוררות לעומת בית משפט | יתרונות, חסרונות ומתי לבחור | Jus-Tice",,,537,2026-05-23,2026-07-12,0,0,0
5-invisible (0 impressions/90d),20327,page,https://jus-tice.co.il/real-estate-lawyer-jerusalem/,עורך דין מקרקעין ירושלים: מחירים ומה ייחודי,עורך דין מקרקעין ירושלים | מחירים ומה ייחודי | Jus-Tice,,,362,2026-05-23,2026-07-12,0,0,0
5-invisible (0 impressions/90d),20331,page,https://jus-tice.co.il/criminal-lawyer-rishon-lezion/,עורך דין פלילי ראשון לציון: מחירים 2025,עורך דין פלילי ראשון לציון | מחירים 2025 | Jus-Tice,,,152,2026-05-23,2026-07-12,0,0,0
5-invisible (0 impressions/90d),20339,page,https://jus-tice.co.il/disability-rights-israel/,"זכויות אנשים עם מוגבלות בישראל: עבודה, רווחה, נגישות","זכויות אנשים עם מוגבלות בישראל | עבודה, רווחה, נגישות | Jus-Tice",,,432,2026-05-23,2026-07-12,0,0,0
5-invisible (0 impressions/90d),20345,page,https://jus-tice.co.il/employment-contract-guide/,"מדריך חוזה עבודה: מה חייב להיות, סעיפים מסוכנים","מדריך חוזה עבודה | מה חייב להיות, סעיפים מסוכנים | Jus-Tice",,,512,2026-05-23,2026-07-12,0,0,0
5-invisible (0 impressions/90d),20346,page,https://jus-tice.co.il/real-estate-tax-israel/,"מס שבח ומס רכישה: כמה, מי משלם, פטורים","מס שבח ומס רכישה | כמה, מי משלם, פטורים | Jus-Tice",,,414,2026-05-23,2026-07-12,0,0,0
5-invisible (0 impressions/90d),20351,page,https://jus-tice.co.il/restraining-order-violation/,"הפרת צו הגנה: מה קורה, עונש, מה עושים","הפרת צו הגנה | מה קורה, עונש, מה עושים | Jus-Tice",,,383,2026-05-23,2026-07-12,0,0,0
5-invisible (0 impressions/90d),20352,page,https://jus-tice.co.il/criminal-lawyer-petah-tikva/,עורך דין פלילי פתח תקווה: מחירים וייצוג,עורך דין פלילי פתח תקווה | מחירים וייצוג | Jus-Tice,,,161,2026-05-23,2026-07-12,0,0,0
5-invisible (0 impressions/90d),20353,page,https://jus-tice.co.il/family-law-petah-tikva/,"עורך דין משפחה פתח תקווה: גירושין, מזונות","עורך דין משפחה פתח תקווה | גירושין, מזונות | Jus-Tice",,,170,2026-05-23,2026-07-12,0,0,0
5-invisible (0 impressions/90d),20360,page,https://jus-tice.co.il/labor-law-haifa/,עורך דין עבודה חיפה: מחירים ושירותים,עורך דין עבודה חיפה | מחירים ושירותים | Jus-Tice,,,188,2026-05-23,2026-07-12,0,0,0
5-invisible (0 impressions/90d),20365,page,https://jus-tice.co.il/mental-health-law-israel/,"חוק בריאות הנפש: אישפוז כפוי, זכויות, שחרור","חוק בריאות הנפש | אישפוז כפוי, זכויות, שחרור | Jus-Tice",,,356,2026-05-23,2026-07-12,0,0,0
5-invisible (0 impressions/90d),20366,page,https://jus-tice.co.il/personal-injury-car-accident/,"תאונת דרכים: פיצויים, ביטוח, מה עושים","תאונת דרכים | פיצויים, ביטוח, מה עושים | Jus-Tice",,,443,2026-05-23,2026-07-12,0,0,0
5-invisible (0 impressions/90d),20369,page,https://jus-tice.co.il/criminal-lawyer-ashdod/,עורך דין פלילי אשדוד: מחירים וייצוג 2025,עורך דין פלילי באשדוד: מחירים וייצוג מקצועי לשנת 2025,"מחפשים עורך דין פלילי באשדוד? קבלו מידע על מחירים וייצוג משפטי מקצועי בתיקים פליליים, כולל עבירות נמל, אלימות ותעבורה. אל תתפשרו על הייעוץ המשפטי שלכם!",,163,2026-05-23,2026-07-12,0,0,0
5-invisible (0 impressions/90d),20372,page,https://jus-tice.co.il/labor-law-netanya/,עורך דין עבודה נתניה: מחירים ושירותים 2025,עורך דין עבודה נתניה | מחירים ושירותים 2025 | Jus-Tice,,,153,2026-05-23,2026-07-12,0,0,0
5-invisible (0 impressions/90d),20374,page,https://jus-tice.co.il/contract-law-israel/,"דיני חוזים בישראל: מה תקף, ביטול, הפרה","דיני חוזים בישראל | מה תקף, ביטול, הפרה | Jus-Tice",,,407,2026-05-23,2026-07-12,0,0,0
5-invisible (0 impressions/90d),20379,page,https://jus-tice.co.il/real-estate-lawyer-bat-yam/,עורך דין מקרקעין בת ים: מחירים ושירותים,עורך דין מקרקעין בת ים | מחירים ושירותים | Jus-Tice,,,147,2026-05-23,2026-07-12,0,0,0
5-invisible (0 impressions/90d),20380,page,https://jus-tice.co.il/family-law-bat-yam/,"עורך דין משפחה בת ים: גירושין, מזונות 2025","עורך דין משפחה בת ים | גירושין, מזונות 2025 | Jus-Tice",,,147,2026-05-23,2026-07-12,0,0,0
5-invisible (0 impressions/90d),20383,page,https://jus-tice.co.il/divorce-custody-agreement/,"הסכם משמורת ילדים: מה כולל, כיצד כותבים","הסכם משמורת ילדים | מה כולל, כיצד כותבים | Jus-Tice",,,290,2026-05-23,2026-07-12,0,0,0
5-invisible (0 impressions/90d),20386,page,https://jus-tice.co.il/fraud-victim-guide/,"נפגעתי מהונאה: מה עושים, כיצד מגישים תביעה","נפגעתי מהונאה | מה עושים, כיצד מגישים תביעה | Jus-Tice",,,296,2026-05-23,2026-07-12,0,0,0
5-invisible (0 impressions/90d),20387,page,https://jus-tice.co.il/workplace-harassment-guide/,"הטרדה במקום עבודה: זכויות, הגשת תלונה, פיצוי","הטרדה במקום עבודה | זכויות, הגשת תלונה, פיצוי | Jus-Tice",,,331,2026-05-23,2026-07-12,0,0,0
5-invisible (0 impressions/90d),20389,page,https://jus-tice.co.il/criminal-appeal-process/,"ערעור פלילי: תהליך, עילות, סיכויים","ערעור פלילי | תהליך, עילות, סיכויים | Jus-Tice",,,334,2026-05-23,2026-07-12,0,0,0
5-invisible (0 impressions/90d),20395,page,https://jus-tice.co.il/partner-dispute-business/,"סכסוך שותפים עסקיים: פירוק, זכויות, הליך","סכסוך שותפים עסקיים | פירוק, זכויות, הליך | Jus-Tice",,,277,2026-05-23,2026-07-12,0,0,0
5-invisible (0 impressions/90d),20398,page,https://jus-tice.co.il/criminal-lawyer-herzliya/,עורך דין פלילי הרצליה: מחירים 2025,עורך דין פלילי הרצליה | מחירים 2025 | Jus-Tice,,,144,2026-05-23,2026-07-12,0,0,0
5-invisible (0 impressions/90d),20399,page,https://jus-tice.co.il/family-law-herzliya/,"עורך דין משפחה הרצליה: גירושין, מזונות 2025","עורך דין משפחה הרצליה | גירושין, מזונות 2025 | Jus-Tice",,,166,2026-05-23,2026-07-12,0,0,0
5-invisible (0 impressions/90d),20401,page,https://jus-tice.co.il/tenant-eviction-defense/,"הגנת שוכר מפני פינוי: זכויות, ועוד","הגנת שוכר מפני פינוי | זכויות, ועוד | Jus-Tice",,,266,2026-05-23,2026-07-12,0,0,0
5-invisible (0 impressions/90d),20403,page,https://jus-tice.co.il/family-law-kfar-saba/,"עורך דין משפחה כפר סבא: גירושין, מזונות 2025","עורך דין משפחה כפר סבא | גירושין, מזונות 2025 | Jus-Tice",,,157,2026-05-23,2026-07-12,0,0,0
5-invisible (0 impressions/90d),20405,page,https://jus-tice.co.il/immigration-asylum-israel/,"מקלט מדיני בישראל: הליך, זכויות, סיכויים","מקלט מדיני בישראל | הליך, זכויות, סיכויים | Jus-Tice",,,237,2026-05-23,2026-07-12,0,0,0
5-invisible (0 impressions/90d),20406,page,https://jus-tice.co.il/domestic-violence-legal-guide/,"אלימות במשפחה: עזרה משפטית, צו הגנה, מה עושים","אלימות במשפחה | עזרה משפטית, צו הגנה, מה עושים | Jus-Tice",,,364,2026-05-23,2026-07-12,0,0,0
5-invisible (0 impressions/90d),20409,page,https://jus-tice.co.il/divorce-process-steps/,שלבי הגירושין בישראל: מדריך שלב אחרי שלב,שלבי הגירושין בישראל | מדריך שלב אחרי שלב | Jus-Tice,,,352,2026-05-23,2026-07-12,0,0,0
5-invisible (0 impressions/90d),20427,page,https://jus-tice.co.il/insurance-claim-denial/,"ביטוח שלא משלם: מה עושים, ערעור, תביעה","ביטוח שלא משלם | מה עושים, ערעור, תביעה | Jus-Tice",,,342,2026-05-23,2026-07-12,0,0,0
5-invisible (0 impressions/90d),20428,page,https://jus-tice.co.il/labor-tribunal-process/,"בית הדין לעבודה: הליך, שלבים, עלויות","בית הדין לעבודה | הליך, שלבים, עלויות | Jus-Tice",,,233,2026-05-23,2026-07-12,0,0,0
5-invisible (0 impressions/90d),20437,page,https://jus-tice.co.il/non-compete-agreement-israel/,סעיף אי-תחרות בחוזה עבודה: תקף? מחייב?,סעיף אי-תחרות בחוזה עבודה | תקף? מחייב? | Jus-Tice,,,293,2026-05-23,2026-07-12,0,0,0
5-invisible (0 impressions/90d),20443,page,https://jus-tice.co.il/drug-offense-guide/,"עבירות סמים בישראל: הגנה, עונשים, שיקום","עבירות סמים בישראל | הגנה, עונשים, שיקום | Jus-Tice",,,292,2026-05-23,2026-07-12,0,0,0
5-invisible (0 impressions/90d),20444,page,https://jus-tice.co.il/property-division-divorce/,"חלוקת רכוש בגירושין: חוק, שיטות, מה מגיע","חלוקת רכוש בגירושין | חוק, שיטות, מה מגיע | Jus-Tice",,,230,2026-05-23,2026-07-12,0,0,0
5-invisible (0 impressions/90d),20446,page,https://jus-tice.co.il/real-estate-lawyer-rehovot/,עורך דין מקרקעין רחובות: מחירים ושירותים,עורך דין מקרקעין רחובות | מחירים ושירותים | Jus-Tice,,,143,2026-05-23,2026-07-12,0,0,0
5-invisible (0 impressions/90d),20447,page,https://jus-tice.co.il/bankruptcy-individual-israel/,"פשיטת רגל לפרטים: חדלות פירעון, הליך, פתיחה","פשיטת רגל לפרטים | חדלות פירעון, הליך, פתיחה | Jus-Tice",,,316,2026-05-23,2026-07-12,0,0,0
5-invisible (0 impressions/90d),20452,page,https://jus-tice.co.il/copyright-software-israel/,"זכויות יוצרים בתוכנה: קוד, API, הגנה","זכויות יוצרים בתוכנה | קוד, API, הגנה | Jus-Tice",,,265,2026-05-23,2026-07-12,0,0,0
5-invisible (0 impressions/90d),20455,page,https://jus-tice.co.il/tax-evasion-defense/,"הגנה בעבירת מס: חקירת מס הכנסה, עונשים","הגנה בעבירת מס | חקירת מס הכנסה, עונשים | Jus-Tice",,,288,2026-05-23,2026-07-12,0,0,0
5-invisible (0 impressions/90d),20460,page,https://jus-tice.co.il/money-laundering-defense/,"הגנה בעבירת הלבנת הון: חקירה, אסטרטגיה","הגנה בעבירת הלבנת הון | חקירה, אסטרטגיה | Jus-Tice",,,229,2026-05-23,2026-07-12,0,0,0
5-invisible (0 impressions/90d),20464,page,https://jus-tice.co.il/real-estate-lawyer-kfar-yona/,עורך דין מקרקעין כפר יונה: מחירים ושירותים,עורך דין מקרקעין כפר יונה | מחירים ושירותים | Jus-Tice,,,143,2026-05-23,2026-07-12,0,0,0
5-invisible (0 impressions/90d),20471,page,https://jus-tice.co.il/drunk-driving-defense/,"נהיגה בשכרות: עונשים, הגנה, רישיון","נהיגה בשכרות | עונשים, הגנה, רישיון | Jus-Tice",,,192,2026-05-23,2026-07-12,0,0,0
5-invisible (0 impressions/90d),20474,page,https://jus-tice.co.il/family-law-ramle/,"עורך דין משפחה רמלה: גירושין, מזונות 2025","עורך דין משפחה רמלה | גירושין, מזונות 2025 | Jus-Tice",,,146,2026-05-23,2026-07-12,0,0,0
5-invisible (0 impressions/90d),20478,page,https://jus-tice.co.il/real-estate-lawyer-migdal-haemek/,עורך דין מקרקעין מגדל העמק: מחירים ושירותים,עורך דין מקרקעין מגדל העמק | מחירים ושירותים | Jus-Tice,,,136,2026-05-23,2026-07-12,0,0,0
5-invisible (0 impressions/90d),20480,page,https://jus-tice.co.il/sexual-offense-victim/,"קורבן עבירת מין: זכויות, תמיכה, תלונה","קורבן עבירת מין | זכויות, תמיכה, תלונה | Jus-Tice",,,188,2026-05-23,2026-07-12,0,0,0
5-invisible (0 impressions/90d),20492,page,https://jus-tice.co.il/criminal-lawyer-tiberias/,עורך דין פלילי טבריה: מחירים 2025,עורך דין פלילי טבריה | מחירים 2025 | Jus-Tice,,,145,2026-05-23,2026-07-12,0,0,0
5-invisible (0 impressions/90d),20521,page,https://jus-tice.co.il/landlord-obligations-israel/,"חובות משכיר בישראל: תחזוקה, ביטוח, זכויות","חובות משכיר בישראל | תחזוקה, ביטוח, זכויות | Jus-Tice",,,282,2026-05-23,2026-07-12,0,0,0
5-invisible (0 impressions/90d),20580,page,https://jus-tice.co.il/adv-ben-betesh/,"עו""ד בן בטש",,,,0,2026-06-16,2026-06-16,0,0,0
5-invisible (0 impressions/90d),21322,page,https://jus-tice.co.il/advertise/,פרסום לעורכי דין: כרטיס מקודם ומיני אתר,,,,3,2026-07-07,2026-07-07,0,0,0
5-invisible (0 impressions/90d),21329,page,https://jus-tice.co.il/family-lawyer-tel-aviv/,עורך דין דיני משפחה וגירושין בתל אביב: ליווי מקומי ובחירה נכונה,,,,883,2026-07-07,2026-07-07,0,0,0
5-invisible (0 impressions/90d),21332,page,https://jus-tice.co.il/severance-pay-calculator/,מחשבון פיצויי פיטורים: חישוב לפי שכר וותק,,,,7,2026-07-07,2026-07-07,0,0,0
5-invisible (0 impressions/90d),21333,page,https://jus-tice.co.il/havraa-pay-calculator/,מחשבון דמי הבראה: כמה ימים ומה הסכום,,,,6,2026-07-07,2026-07-07,0,0,0
5-invisible (0 impressions/90d),21334,page,https://jus-tice.co.il/annual-leave-calculator/,מחשבון ימי חופשה שנתית לפי ותק,,,,7,2026-07-07,2026-07-07,0,0,0
5-invisible (0 impressions/90d),21335,page,https://jus-tice.co.il/small-claims-fee-calculator/,מחשבון אגרת תביעות קטנות,,,,7,2026-07-07,2026-07-07,0,0,0
5-invisible (0 impressions/90d),21336,page,https://jus-tice.co.il/legal-calculators/,מחשבונים משפטיים: זכויות עבודה ואגרות,,,,3,2026-07-07,2026-07-07,0,0,0
5-invisible (0 impressions/90d),21337,page,https://jus-tice.co.il/legal-help/,אבחון משפטי מהיר: לאיזה עורך דין אתם צריכים,,,,2,2026-07-07,2026-07-07,0,0,0
5-invisible (0 impressions/90d),21342,page,https://jus-tice.co.il/demand-letter-generator/,מכתב התראה לפני נקיטת הליכים: מחולל מכתב מוכן לשליחה,,,,7,2026-07-07,2026-07-07,0,0,0
5-invisible (0 impressions/90d),21343,page,https://jus-tice.co.il/parking-ticket-appeal-generator/,ערעור על דוח חניה: מחולל בקשה לביטול,,,,8,2026-07-07,2026-07-07,0,0,0
5-invisible (0 impressions/90d),21344,page,https://jus-tice.co.il/legal-documents/,מסמכים משפטיים מוכנים: מחוללים חינמיים,,,,3,2026-07-07,2026-07-07,0,0,0
5-invisible (0 impressions/90d),21345,page,https://jus-tice.co.il/ask-a-lawyer/,"שאל עורך דין: שאלה משפטית, תשובה בחינם",,,,2,2026-07-07,2026-07-07,0,0,0
5-invisible (0 impressions/90d),21387,page,https://jus-tice.co.il/legal-ai-desk/,עזרה משפטית מיידית: תיאור המצב או העלאת מסמך,,,,2,2026-07-12,2026-07-12,0,0,0
5-invisible (0 impressions/90d),21645,page,https://jus-tice.co.il/legal-simulation/,הדמיה משפטית: סימולציית בית משפט חיה עם AI,הדמיה משפטית: סימולציית בית משפט חיה עם AI | Jus-Tice,"הדמיה משפטית אינטראקטיבית: דיון חי עם דמויות AI, עדים וטיעונים, בעברית ובאנגלית. מתארים מקרה במשפט אחד וצופים בזירה נפתחת. בלי הרשמה.",,230,2026-07-12,2026-07-12,0,0,0
5-invisible (0 impressions/90d),21647,page,https://jus-tice.co.il/criminal-process-map/,"מפת ההליך הפלילי: זכויות, מועדים וצעדים לפי שלב",ההליך הפלילי שלב אחר שלב: זכויות ומועדים | Jus-Tice,"מפה אינטראקטיבית של ההליך הפלילי: זימון לחקירה, מעצר, שימוע 60א, כתב אישום וערעור. הזכויות, הטעויות והמועדים בכל שלב. חינם, בלי הרשמה.",,115,2026-07-12,2026-07-12,0,0,0
5-invisible (0 impressions/90d),21026,post,https://jus-tice.co.il/%d7%91%d7%92%d7%a5-%d7%a7%d7%99%d7%91%d7%9c-%d7%a2%d7%aa%d7%99%d7%a8%d7%95%d7%aa-%d7%a0%d7%92%d7%93-%d7%9e%d7%91%d7%a7%d7%a8-%d7%94%d7%9e%d7%93%d7%99%d7%a0%d7%94-%d7%97%d7%9c%d7%a7-%d7%9e%d7%91/,"בג""ץ קיבל עתירות נגד מבקר המדינה: חלק מביקורת אירועי 7.10 חורג מסמכותו",,,,123,2026-07-02,2026-07-02,0,0,0
5-invisible (0 impressions/90d),21027,post,https://jus-tice.co.il/%d7%94%d7%a8%d7%9b%d7%91-%d7%9e%d7%9c%d7%90-%d7%91%d7%91%d7%92%d7%a5-%d7%93%d7%9f-%d7%91%d7%a2%d7%aa%d7%99%d7%a8%d7%95%d7%aa-%d7%a0%d7%92%d7%93-%d7%a9%d7%99%d7%a0%d7%95%d7%99-%d7%94%d7%a8%d7%9b/,"הרכב מלא בבג""ץ דן בעתירות נגד שינוי הרכב הוועדה לבחירת שופטים",,,,111,2026-07-02,2026-07-02,0,0,0
5-invisible (0 impressions/90d),21028,post,https://jus-tice.co.il/%d7%94%d7%a8%d7%9b%d7%91-%d7%9e%d7%9c%d7%90-%d7%91%d7%91%d7%92%d7%a5-%d7%93%d7%9f-%d7%91%d7%a2%d7%aa%d7%99%d7%a8%d7%95%d7%aa-%d7%a0%d7%92%d7%93-%d7%a9%d7%99%d7%a0%d7%95%d7%99-%d7%94%d7%a8%d7%9b-2/,"הרכב מלא בבג""ץ דן בעתירות נגד שינוי הרכב הוועדה לבחירת שופטים",,,,111,2026-07-02,2026-07-02,0,0,0
5-invisible (0 impressions/90d),21029,post,https://jus-tice.co.il/%d7%a6%d7%95-%d7%91%d7%99%d7%a0%d7%99%d7%99%d7%9d-%d7%a9%d7%9c-%d7%91%d7%92%d7%a5-%d7%91%d7%94%d7%9c%d7%99%d7%9a-%d7%91%d7%97%d7%99%d7%a8%d7%aa-%d7%9e%d7%91%d7%a7%d7%a8-%d7%94%d7%9e%d7%93%d7%99/,"צו ביניים של בג""ץ בהליך בחירת מבקר המדינה הבא",,,,104,2026-07-02,2026-07-02,0,0,0
5-invisible (0 impressions/90d),21030,post,https://jus-tice.co.il/%d7%94%d7%a8%d7%9b%d7%91-%d7%9e%d7%9c%d7%90-%d7%91%d7%91%d7%92%d7%a5-%d7%93%d7%9f-%d7%91%d7%a2%d7%aa%d7%99%d7%a8%d7%95%d7%aa-%d7%a0%d7%92%d7%93-%d7%a9%d7%99%d7%a0%d7%95%d7%99-%d7%94%d7%a8%d7%9b%d7%91/,"הרכב מלא בבג""ץ דן בעתירות נגד שינוי הרכב הוועדה לבחירת שופטים",,,,111,2026-07-02,2026-07-02,0,0,0
5-invisible (0 impressions/90d),21031,post,https://jus-tice.co.il/%d7%94%d7%a8%d7%9b%d7%91-%d7%9e%d7%9c%d7%90-%d7%91%d7%91%d7%92%d7%a5-%d7%93%d7%9f-%d7%91%d7%a2%d7%aa%d7%99%d7%a8%d7%95%d7%aa-%d7%a0%d7%92%d7%93-%d7%a9%d7%99%d7%a0%d7%95%d7%99-%d7%94%d7%a8%d7%9b-3/,"הרכב מלא בבג""ץ דן בעתירות נגד שינוי הרכב הוועדה לבחירת שופטים",,,,111,2026-07-02,2026-07-02,0,0,0
5-invisible (0 impressions/90d),21032,post,https://jus-tice.co.il/%d7%a6%d7%95-%d7%91%d7%99%d7%a0%d7%99%d7%99%d7%9d-%d7%a9%d7%9c-%d7%91%d7%92%d7%a5-%d7%91%d7%94%d7%9c%d7%99%d7%9a-%d7%91%d7%97%d7%99%d7%a8%d7%aa-%d7%9e%d7%91%d7%a7%d7%a8-%d7%94%d7%9e%d7%93%d7%99-2/,"צו ביניים של בג""ץ בהליך בחירת מבקר המדינה הבא",,,,104,2026-07-02,2026-07-02,0,0,0
5-invisible (0 impressions/90d),21033,post,https://jus-tice.co.il/%d7%a6%d7%95-%d7%91%d7%99%d7%a0%d7%99%d7%99%d7%9d-%d7%a9%d7%9c-%d7%91%d7%92%d7%a5-%d7%91%d7%94%d7%9c%d7%99%d7%9a-%d7%91%d7%97%d7%99%d7%a8%d7%aa-%d7%9e%d7%91%d7%a7%d7%a8-%d7%94%d7%9e%d7%93%d7%99%d7%a0/,"צו ביניים של בג""ץ בהליך בחירת מבקר המדינה הבא",,,,104,2026-07-02,2026-07-02,0,0,0
5-invisible (0 impressions/90d),21034,post,https://jus-tice.co.il/%d7%a2%d7%aa%d7%99%d7%a8%d7%94-%d7%a2%d7%9d-%d7%a4%d7%a1%d7%a7%d7%99-%d7%93%d7%99%d7%9f-%d7%a9%d7%9c%d7%90-%d7%a7%d7%99%d7%99%d7%9e%d7%99%d7%9d-%d7%a9%d7%95%d7%a4%d7%98%d7%99-%d7%94%d7%a2%d7%9c%d7%99/,עתירה עם פסקי דין שלא קיימים: שופטי העליון מתחו ביקורת על שימוש רשלני ב-AI,,,,109,2026-07-02,2026-07-02,0,0,0
5-invisible (0 impressions/90d),21035,post,https://jus-tice.co.il/%d7%9e%d7%99%d7%a0%d7%95%d7%99-%d7%94%d7%a9%d7%95%d7%a4%d7%98-%d7%99%d7%a6%d7%97%d7%a7-%d7%a2%d7%9e%d7%99%d7%aa-%d7%9c%d7%a0%d7%a9%d7%99%d7%90-%d7%91%d7%99%d7%aa-%d7%94%d7%9e%d7%a9%d7%a4%d7%98-%d7%94/,מינוי השופט יצחק עמית לנשיא בית המשפט העליון פורסם ברשומות,,,,93,2026-07-02,2026-07-02,0,0,0
5-invisible (0 impressions/90d),21310,post,https://jus-tice.co.il/criminal-legal-news-2026-07-06-adana/,בית המשפט: להמיר בעבירה פחותה את הרשעת הנהגת שהפקירה למוות את רפאל אדנה,בית המשפט: להמיר בעבירה פחותה את הרשעת הנהגת שהפקירה למוות את רפאל אדנה | Jus-Tice,"בדיון במחוזי המליצו השופטים להמיר את הרשעתה של קרול פסלר בת ה-82, שדרסה למוות את רפאל בן ה-4, מעבירה של הפקרה במודעות להפקרה ברשלנות. המשמעות: במקום עונש מ",,614,2026-07-06,2026-07-06,0,0,0
5-invisible (0 impressions/90d),21331,post,https://jus-tice.co.il/supreme-legal-news-2026-07-07-0bc8b7/,שופטי בג&quot;ץ לממשלה: אתם מסכנים עובדי ציבור בתביעות; כולם חייבים לפעול לפי דין,שופטי בג&quot;ץ לממשלה: אתם מסכנים עובדי ציבור בתביעות; כולם חייבים לפעול לפי דין | Jus-Tice,"השופטים בבג""ץ הרשות השנייה הודיעו כי קיבלו את הודעת הממשלה, שאותה יזמו קרעי ולוין - והזהירו כי אי-כיבוד פסק דין עשוי לחשוף עובדי ציבור לתביעות. ""יש מקום לש",,616,2026-07-07,2026-07-07,0,0,0
5-invisible (0 impressions/90d),21350,post,https://jus-tice.co.il/supreme-legal-news-2026-07-07-4a3520/,בג&quot;ץ דחה את בקשת ביזיון בית המשפט שהוגשה נגד לוין: &quot;לא הפר באופן ברור וחד-משמעי פסק דין&quot;,בג&quot;ץ דחה את בקשת ביזיון בית המשפט שהוגשה נגד לוין: &quot;לא הפר באופן ברור וחד-משמעי פסק דין&quot; | Jus-Tice,"בג""ץ דחה את הבקשה שהוגשה לפי פקודת ביזיון בית המשפט נגד שר המשפטים יריב לוין &#8226; הבקשה הוגשה ע""י התנועה לאיכות השלטון בעקבות פסק הדין שהורה ללוין לפעול",,656,2026-07-07,2026-07-07,0,0,0
5-invisible (0 impressions/90d),21381,post,https://jus-tice.co.il/real-estate-legal-news-2026-07-08-5da0e0/,תמונה נדירה: נשיאת ונצואלה פגשה את משלחת ישראל - וקצינים במדי צה&quot;ל,תמונה נדירה: נשיאת ונצואלה פגשה את משלחת ישראל - וקצינים במדי צה&quot;ל | Jus-Tice,"דלסי רודריגז, הנשיאה בפועל של המדינה שניתקה את יחסיה עם ישראל ואף נחשבה די עוינת, פגשה את המשלחת שיצאה לסייע אחרי רעידת האדמה. היא ביקשה מחבריה להאריך את ש",,617,2026-07-08,2026-07-08,0,0,0
5-invisible (0 impressions/90d),21382,post,https://jus-tice.co.il/criminal-legal-news-2026-07-09-30425e/,חשד שרצח עד 91 מטופלים: מאסר עולם ל&quot;רופא המרעיל&quot; בגרמניה,חשד שרצח עד 91 מטופלים: מאסר עולם ל&quot;רופא המרעיל&quot; בגרמניה | Jus-Tice,"הזריק למטופליו שילוב קטלני של חומרי הרדמה והרפיית שרירים - ורצח לפחות 15 מהם, בני 25 עד 94: מאסר עולם נגזר בגרמניה על הרופא הפליאטיבי יוהאנס מ', שטען כי ""ש",,622,2026-07-09,2026-07-09,0,0,0
5-invisible (0 impressions/90d),21384,post,https://jus-tice.co.il/criminal-legal-news-2026-07-09-da6fdd/,"ואטורי אמר ש&quot;לזימי גרועה מחמאס&quot;, היא ענתה: &quot;מזמינים את הרצח הפוליטי הבא&quot;","ואטורי אמר ש&quot;לזימי גרועה מחמאס&quot;, היא ענתה: &quot;מזמינים את הרצח הפוליטי הבא&quot; | Jus-Tice","סגן יו""ר הכנסת מהליכוד תקף בחריפות את בכירת מפלגת הדמוקרטים: ""היא יכולה להתמודד לראשות חמאס, לא מסוגלת להתמודד בישראל"". לזימי לא נותרה חייבת: ""הליכוד הפך ל",,641,2026-07-09,2026-07-09,0,0,0
5-invisible (0 impressions/90d),21386,post,https://jus-tice.co.il/criminal-legal-news-2026-07-10-3e306e/,&quot;נדהמנו ממה שגילינו&quot;: הסטודנטית הצעירה שהבריחה את רכבי המוות לישראל,&quot;נדהמנו ממה שגילינו&quot;: הסטודנטית הצעירה שהבריחה את רכבי המוות לישראל | Jus-Tice,"בת 23, ללא עבר פלילי ודוברת עברית רהוטה: כך ניצלו ארגוני הפשע את חזותה התמימה של נ' כדי להבריח משטחי הרשות הפלסטינית מכוניות, שלפי המשטרה הפכו לחולייה הקרי",,702,2026-07-10,2026-07-10,0,0,0
5-invisible (0 impressions/90d),21388,post,https://jus-tice.co.il/criminal-legal-news-2026-07-12-ed1a26/,הרצח הפוליטי הבא כבר כאן,הרצח הפוליטי הבא כבר כאן | Jus-Tice,"זוהי קריאה להנהגה: אתם מנהיגי האומה, התעלו לגודל השעה. קיימו הצהרה היסטורית משותפת, סביב שולחן אחד, בפנינו, ותגידו שלקראת הבחירות ולמרות המחלוקות בינינו, י",,636,2026-07-12,2026-07-12,0,0,0
