page,device,clicks,impressions,ctr,position
https://jus-tice.co.il/,MOBILE,81,15664,0.52%,23.4
https://jus-tice.co.il/free-divorce-agreement-template/,DESKTOP,64,22326,0.29%,29.4
https://jus-tice.co.il/%D7%9E%D7%93%D7%A8%D7%99%D7%9A-%D7%A2%D7%93%D7%9B%D7%A0%D7%99-%D7%9C%D7%92%D7%99%D7%A8%D7%95%D7%A9%D7%99%D7%9F/,MOBILE,57,1929,2.95%,32.7
https://jus-tice.co.il/free-divorce-agreement-template/,MOBILE,52,11030,0.47%,18.7
https://jus-tice.co.il/,DESKTOP,51,55284,0.09%,39.3
https://jus-tice.co.il/%D7%AA%D7%97%D7%A0%D7%95%D7%AA-%D7%9E%D7%A9%D7%98%D7%A8%D7%94-%D7%9B%D7%AA%D7%95%D7%91%D7%AA-%D7%98%D7%9C%D7%A4%D7%95%D7%9F-%D7%A8%D7%A9%D7%99%D7%9E%D7%94-%D7%90%D7%A8%D7%A6%D7%99%D7%AA-%D7%9E%D7%A2%D7%95%D7%93%D7%9B%D7%9F/,MOBILE,49,13641,0.36%,16.4
https://jus-tice.co.il/free-affidavit-sample/,DESKTOP,47,4038,1.16%,23.3
https://jus-tice.co.il/53431-10-21/,MOBILE,37,6539,0.57%,12.1
https://jus-tice.co.il/lahav-433/,MOBILE,34,3186,1.07%,11.2
https://jus-tice.co.il/how-much-will-a-criminal-defense-lawyer-cost/,MOBILE,31,3380,0.92%,36.2
https://jus-tice.co.il/medical-fitness-tests-for-driving-marvad-info/,MOBILE,29,9019,0.32%,21.8
https://jus-tice.co.il/%D7%98%D7%95%D7%A4%D7%A1-%D7%9C%D7%A4%D7%99-%D7%97%D7%95%D7%A7-%D7%9C%D7%9E%D7%A0%D7%99%D7%A2%D7%AA-%D7%94%D7%A2%D7%A1%D7%A7%D7%94-%D7%A9%D7%9C-%D7%A2%D7%91%D7%A8%D7%99%D7%99%D7%A0%D7%99-%D7%9E%D7%99%D7%9F-%D7%91%D7%9E%D7%95%D7%A1%D7%93-%D7%94%D7%9E%D7%9B%D7%95%D7%95%D7%9F-%D7%9C%D7%9E%D7%AA%D7%9F-%D7%A9%D7%99%D7%A8%D7%95%D7%AA-%D7%9C%D7%A7%D7%98%D7%99%D7%A0%D7%99%D7%9D/,DESKTOP,27,5446,0.50%,16.0
https://jus-tice.co.il/apply-for-police-criminal-information-certificates/,DESKTOP,27,24829,0.11%,24.6
https://jus-tice.co.il/%D7%A2%D7%95%D7%A8%D7%9A-%D7%93%D7%99%D7%9F-%D7%A4%D7%9C%D7%99%D7%9C%D7%99-%D7%A9%D7%9B%D7%A8-%D7%9B%D7%9E%D7%94-%D7%9E%D7%A8%D7%95%D7%95%D7%99%D7%97-%D7%A2%D7%95%D7%93-%D7%A4%D7%9C%D7%99%D7%9C%D7%99-%D7%91%D7%99%D7%A9%D7%A8%D7%90%D7%9C/,MOBILE,25,784,3.19%,10.9
https://jus-tice.co.il/online-rent-agreement/,MOBILE,25,477,5.24%,12.4
https://jus-tice.co.il/wp-content/uploads/2022/06/06102016_1.pdf,MOBILE,22,401,5.49%,10.4
https://jus-tice.co.il/apply-for-police-criminal-information-certificates/,MOBILE,20,6065,0.33%,21.2
https://jus-tice.co.il/baker-mckenzie/,MOBILE,20,342,5.85%,9.7
https://jus-tice.co.il/free-affidavit-sample/,MOBILE,20,1625,1.23%,15.4
https://jus-tice.co.il/%D7%A2%D7%95%D7%A8%D7%9B%D7%99-%D7%93%D7%99%D7%9F/%D7%A2%D7%95%D7%A8%D7%9B%D7%99-%D7%94%D7%93%D7%99%D7%9F-%D7%94%D7%9E%D7%A4%D7%95%D7%A8%D7%A1%D7%9E%D7%99%D7%9D-%D7%91%D7%99%D7%95%D7%AA%D7%A8-%D7%9C%D7%94%D7%92%D7%A0%D7%94-%D7%A4%D7%9C%D7%99%D7%9C/,MOBILE,19,6073,0.31%,23.6
https://jus-tice.co.il/court-judge/,MOBILE,19,2310,0.82%,24.6
https://jus-tice.co.il/psakdin/%D7%94%D7%9C%D7%9B%D7%AA-%D7%90%D7%9C%D7%A7%D7%A6%D7%90%D7%A6%D7%99-%D7%9E%D7%A9%D7%9A-%D7%94%D7%94%D7%9E%D7%AA%D7%A0%D7%94-%D7%9E%D7%91%D7%99%D7%98%D7%95%D7%9C-%D7%94%D7%9C%D7%99%D7%9A-%D7%A4%D7%A9/,DESKTOP,19,1699,1.12%,62.1
https://jus-tice.co.il/online-rent-agreement/,DESKTOP,18,639,2.82%,42.0
https://jus-tice.co.il/%D7%A1%D7%95%D7%92%D7%99%D7%9D-%D7%A9%D7%95%D7%A0%D7%99%D7%9D-%D7%A9%D7%9C-%D7%A8%D7%95%D7%A4%D7%90%D7%99%D7%9D/,MOBILE,17,530,3.21%,29.4
https://jus-tice.co.il/30767-05-21/,MOBILE,17,339,5.01%,5.7
https://jus-tice.co.il/decision5987-10-16/,MOBILE,17,399,4.26%,5.2
https://jus-tice.co.il/%D7%9E%D7%97%D7%99%D7%A8%D7%95%D7%9F-%D7%9E%D7%95%D7%9E%D7%9C%D7%A5-%D7%A2%D7%95%D7%A8%D7%9A-%D7%93%D7%99%D7%9F-%D7%A4%D7%9C%D7%99%D7%9C%D7%99/,MOBILE,16,3250,0.49%,38.4
https://jus-tice.co.il/force-majeure/,DESKTOP,16,616,2.60%,31.0
https://jus-tice.co.il/thailand-real-estate/,MOBILE,16,1254,1.28%,10.4
https://jus-tice.co.il/wp-content/uploads/2022/06/06102016_1.pdf,DESKTOP,16,571,2.80%,28.7
https://jus-tice.co.il/%D7%A7%D7%98%D7%92%D7%95%D7%A8%D7%99%D7%95%D7%AA-%D7%9E%D7%90%D7%9E%D7%A8%D7%99%D7%9D/%D7%9E%D7%A9%D7%A4%D7%98-%D7%A4%D7%9C%D7%99%D7%9C%D7%99/%D7%A4%D7%9C%D7%99%D7%9C%D7%99-%D7%A4%D7%A1%D7%A7%D7%99-%D7%93%D7%99%D7%9F-%D7%97%D7%A9%D7%95%D7%91%D7%99%D7%9D/,MOBILE,15,450,3.33%,29.6
https://jus-tice.co.il/%D7%AA%D7%91%D7%99%D7%A2%D7%AA-%D7%A9%D7%9B%D7%A8-%D7%98%D7%A8%D7%97%D7%94-%D7%A2%D7%95%D7%A8%D7%9B%D7%AA-%D7%93%D7%99%D7%9F-%D7%9B%D7%A0%D7%92%D7%93-%D7%9C%D7%A7%D7%95%D7%97%D7%94/,MOBILE,15,1152,1.30%,4.7
https://jus-tice.co.il/force-majeure/,MOBILE,15,485,3.09%,14.2
https://jus-tice.co.il/notary-public-new-york/,MOBILE,15,142,10.56%,11.8
https://jus-tice.co.il/types-of-lawyers-small-business/,MOBILE,15,4178,0.36%,29.6
https://jus-tice.co.il/%D7%AA%D7%97%D7%A0%D7%95%D7%AA-%D7%9E%D7%A9%D7%98%D7%A8%D7%94-%D7%9B%D7%AA%D7%95%D7%91%D7%AA-%D7%98%D7%9C%D7%A4%D7%95%D7%9F-%D7%A8%D7%A9%D7%99%D7%9E%D7%94-%D7%90%D7%A8%D7%A6%D7%99%D7%AA-%D7%9E%D7%A2%D7%95%D7%93%D7%9B%D7%9F/,DESKTOP,14,35273,0.04%,27.5
https://jus-tice.co.il/psakdin/%D7%94%D7%9C%D7%9B%D7%AA-%D7%90%D7%9C%D7%A7%D7%A6%D7%90%D7%A6%D7%99-%D7%9E%D7%A9%D7%9A-%D7%94%D7%94%D7%9E%D7%AA%D7%A0%D7%94-%D7%9E%D7%91%D7%99%D7%98%D7%95%D7%9C-%D7%94%D7%9C%D7%99%D7%9A-%D7%A4%D7%A9/,MOBILE,14,440,3.18%,38.6
https://jus-tice.co.il/%D7%93%D7%A8%D7%9B%D7%95%D7%9F-%D7%99%D7%95%D7%95%D7%A0%D7%99-%D7%94%D7%92%D7%99%D7%A8%D7%94-%D7%A8%D7%99%D7%9C%D7%95%D7%A7%D7%99%D7%99%D7%A9%D7%9F-%D7%9E%D7%92%D7%95%D7%A8%D7%99%D7%9D-%D7%9E%D7%94-%D7%94%D7%93%D7%A8%D7%99%D7%A9%D7%95%D7%AA-%D7%95%D7%94%D7%A2%D7%9C%D7%95%D7%99%D7%95%D7%AA/,MOBILE,13,1671,0.78%,35.8
https://jus-tice.co.il/%D7%A6%D7%95-%D7%9E%D7%A0%D7%99%D7%A2%D7%94-%D7%96%D7%9E%D7%A0%D7%99-%D7%9C%D7%9E%D7%A0%D7%99%D7%A2%D7%AA-%D7%93%D7%99%D7%A1%D7%A4%D7%95%D7%96%D7%99%D7%A6%D7%99%D7%94-%D7%91%D7%9E%D7%A0%D7%99%D7%95%D7%AA/,MOBILE,13,136,9.56%,10.1
https://jus-tice.co.il/lahav-433/,DESKTOP,13,4113,0.32%,30.6
https://jus-tice.co.il/legal-writing/,DESKTOP,13,1144,1.14%,40.9
https://jus-tice.co.il/%D7%A8%D7%A9%D7%99%D7%9E%D7%AA-%D7%9E%D7%95%D7%9E%D7%97%D7%99%D7%9D-%D7%A8%D7%A4%D7%95%D7%90%D7%99%D7%99%D7%9D-%D7%9C%D7%91%D7%99%D7%AA-%D7%9E%D7%A9%D7%A4%D7%98-%D7%9E%D7%AA%D7%A2%D7%93%D7%9B%D7%9F/,DESKTOP,12,4365,0.27%,59.2
https://jus-tice.co.il/bank-account-in-portugal/,MOBILE,12,225,5.33%,37.1
https://jus-tice.co.il/famous-criminal-defense-lawyer/,MOBILE,12,1493,0.80%,20.6
https://jus-tice.co.il/%D7%92%D7%99%D7%9C%D7%95%D7%99-%D7%A0%D7%90%D7%95%D7%AA-%D7%97%D7%A1%D7%A8-%D7%A9%D7%A0%D7%A2%D7%A9%D7%94-%D7%91%D7%A2%D7%A1%D7%A7%D7%AA-%D7%9E%D7%9B%D7%A8-%D7%91%D7%A8%D7%A9%D7%AA-%D7%94%D7%90%D7%99%D7%A0%D7%98%D7%A8%D7%A0%D7%98/,DESKTOP,11,172,6.40%,6.1
https://jus-tice.co.il/%D7%97%D7%95%D7%A7-%D7%94%D7%97%D7%95%D7%96%D7%99%D7%9D-%D7%AA%D7%A8%D7%95%D7%A4%D7%95%D7%AA-%D7%91%D7%A9%D7%9C-%D7%94%D7%A4%D7%A8%D7%AA-%D7%97%D7%95%D7%96%D7%94-%D7%AA%D7%A9%D7%9C%D7%90-1970/,DESKTOP,11,9537,0.12%,13.1
https://jus-tice.co.il/%D7%98%D7%95%D7%A4%D7%A1-%D7%9C%D7%A4%D7%99-%D7%97%D7%95%D7%A7-%D7%9C%D7%9E%D7%A0%D7%99%D7%A2%D7%AA-%D7%94%D7%A2%D7%A1%D7%A7%D7%94-%D7%A9%D7%9C-%D7%A2%D7%91%D7%A8%D7%99%D7%99%D7%A0%D7%99-%D7%9E%D7%99%D7%9F-%D7%91%D7%9E%D7%95%D7%A1%D7%93-%D7%94%D7%9E%D7%9B%D7%95%D7%95%D7%9F-%D7%9C%D7%9E%D7%AA%D7%9F-%D7%A9%D7%99%D7%A8%D7%95%D7%AA-%D7%9C%D7%A7%D7%98%D7%99%D7%A0%D7%99%D7%9D/,MOBILE,11,1499,0.73%,10.3
https://jus-tice.co.il/%D7%A9%D7%95%D7%A4%D7%98%D7%AA-%D7%98%D7%9C%D7%99-%D7%97%D7%99%D7%99%D7%9E%D7%95%D7%91%D7%99%D7%A5-%D7%A4%D7%A1%D7%93-%D7%A7%D7%91%D7%9C%D7%AA-%D7%93%D7%91%D7%A8-%D7%91%D7%9E%D7%A8%D7%9E%D7%94-%D7%91%D7%A0%D7%A1%D7%99%D7%91%D7%95%D7%AA-%D7%9E%D7%97%D7%9E%D7%99%D7%A8%D7%95%D7%AA-%D7%94%D7%9C%D7%91%D7%A0%D7%AA-%D7%94%D7%95%D7%9F-%D7%A2%D7%91%D7%99%D7%A8%D7%95%D7%AA-%D7%9E%D7%A0%D7%94%D7%9C%D7%99%D7%9D-%D7%91%D7%AA%D7%90%D7%92%D7%99%D7%93/,MOBILE,11,156,7.05%,16.5
https://jus-tice.co.il/%D7%AA%D7%91%D7%99%D7%A2%D7%94-%D7%90%D7%96%D7%A8%D7%97%D7%99%D7%AA-%D7%A0%D7%92%D7%A8%D7%A8%D7%AA-%D7%9C%D7%94%D7%A8%D7%A9%D7%A2%D7%94-%D7%91%D7%A4%D7%9C%D7%99%D7%9C%D7%99%D7%9D-%D7%AA%D7%90-38003-03-19/,DESKTOP,11,1118,0.98%,21.3
https://jus-tice.co.il/notary-public-new-york/,DESKTOP,11,806,1.36%,54.9
https://jus-tice.co.il/psakdin/%D7%A2%D7%A8%D7%A2%D7%95%D7%A8-%D7%A2%D7%9C-%D7%94%D7%97%D7%9C%D7%98%D7%AA-%D7%A7%D7%A6%D7%99%D7%9F-%D7%91%D7%A0%D7%95%D7%A9%D7%90-%D7%9E%D7%A2%D7%A6%D7%A8-%D7%A1%D7%A2%D7%99%D7%A3-44-%D7%90-%D7%A9/,MOBILE,11,205,5.37%,52.5
https://jus-tice.co.il/%D7%94%D7%94%D7%9C%D7%99%D7%9A-%D7%94%D7%A4%D7%9C%D7%99%D7%9C%D7%99-%D7%A4%D7%A8%D7%A7%D7%9C%D7%99%D7%98%D7%95%D7%AA-%D7%94%D7%9E%D7%93%D7%99%D7%A0%D7%94-%D7%9E%D7%95%D7%9C-%D7%97%D7%98%D7%99%D7%91%D7%AA-%D7%AA%D7%91%D7%99%D7%A2%D7%95%D7%AA-%D7%94%D7%9E%D7%A9%D7%98%D7%A8%D7%94/,MOBILE,10,1101,0.91%,8.0
https://jus-tice.co.il/%D7%94%D7%A6%D7%94%D7%A8%D7%AA-%D7%90%D7%91%D7%94%D7%95%D7%AA-%D7%91%D7%91%D7%99%D7%AA-%D7%94%D7%93%D7%99%D7%9F-%D7%94%D7%A8%D7%91%D7%A0%D7%99/,MOBILE,10,175,5.71%,9.8
https://jus-tice.co.il/%D7%AA%D7%95%D7%91%D7%A2%D7%A0%D7%95%D7%AA-%D7%A2%D7%96%D7%91%D7%95%D7%9F-%D7%A9%D7%9E%D7%A0%D7%94%D7%9C%D7%99%D7%9D-%D7%A9%D7%A0%D7%99-%D7%90%D7%97%D7%99%D7%9D-%D7%91%D7%A9%D7%9C-%D7%A9%D7%AA%D7%99-%D7%A6%D7%95%D7%95%D7%90%D7%95%D7%AA-%D7%A9%D7%94%D7%95%D7%AA%D7%99%D7%A8%D7%94-%D7%90%D7%9E%D7%9D-%D7%AA%D7%A2-62835-08-19/,MOBILE,10,343,2.92%,10.2
https://jus-tice.co.il/30767-05-21/,DESKTOP,10,355,2.82%,26.5
https://jus-tice.co.il/articles/%D7%93%D7%99%D7%95%D7%95%D7%99%D7%93-%D7%A6%D7%A1%D7%A0%D7%95%D7%A3-%D7%A2%D7%95%D7%A8%D7%9A-%D7%93%D7%99%D7%9F-david-chesnoff/,DESKTOP,10,54,18.52%,15.1
https://jus-tice.co.il/form-6-request-urgent-relief-dispute-settlement/,DESKTOP,10,1891,0.53%,34.0
https://jus-tice.co.il/sample-terms-and-conditions-template/,DESKTOP,10,4468,0.22%,26.6
https://jus-tice.co.il/%D7%92%D7%99%D7%9C%D7%95%D7%99-%D7%A0%D7%90%D7%95%D7%AA-%D7%97%D7%A1%D7%A8-%D7%A9%D7%A0%D7%A2%D7%A9%D7%94-%D7%91%D7%A2%D7%A1%D7%A7%D7%AA-%D7%9E%D7%9B%D7%A8-%D7%91%D7%A8%D7%A9%D7%AA-%D7%94%D7%90%D7%99%D7%A0%D7%98%D7%A8%D7%A0%D7%98/,MOBILE,9,147,6.12%,5.4
https://jus-tice.co.il/%D7%9E%D7%97%D7%A9%D7%91%D7%95%D7%9F-%D7%93%D7%9E%D7%99-%D7%91%D7%99%D7%98%D7%95%D7%97-%D7%9C%D7%90%D7%95%D7%9E%D7%99-%D7%95%D7%91%D7%A8%D7%99%D7%90%D7%95%D7%AA/,MOBILE,9,2593,0.35%,31.2
https://jus-tice.co.il/%D7%9E%D7%97%D7%A9%D7%91%D7%95%D7%9F-%D7%9E%D7%96%D7%95%D7%A0%D7%95%D7%AA-%D7%99%D7%9C%D7%93%D7%99%D7%9D/,DESKTOP,9,15128,0.06%,50.6
https://jus-tice.co.il/baker-mckenzie/,DESKTOP,9,1072,0.84%,33.5
https://jus-tice.co.il/decision75385-12-20/,MOBILE,9,464,1.94%,8.8
https://jus-tice.co.il/low-value-invest-abroad/,MOBILE,9,6357,0.14%,58.2
https://jus-tice.co.il/shoplifting/,MOBILE,9,616,1.46%,50.0
https://jus-tice.co.il/%D7%94%D7%A0%D7%97%D7%99%D7%99%D7%AA-%D7%A4%D7%A8%D7%A7%D7%9C%D7%99%D7%98-%D7%94%D7%9E%D7%93%D7%99%D7%A0%D7%94-%D7%9E%D7%A1%D7%A4%D7%A8-25-%D7%9E%D7%93%D7%99%D7%A0%D7%99%D7%95%D7%AA-%D7%A4%D7%AA%D7%99%D7%97%D7%94-%D7%91%D7%97%D7%A7%D7%99%D7%A8%D7%94-%D7%95%D7%94%D7%A2%D7%9E%D7%93%D7%94-%D7%9C%D7%93%D7%99%D7%9F-%D7%91%D7%92%D7%99%D7%9F-%D7%97%D7%A9%D7%93-%D7%9C%D7%9E%D7%A1%D7%99%D7%A8%D7%AA-%D7%90%D7%9E%D7%A8%D7%94-%D7%90%D7%95-%D7%A2%D7%93%D7%95%D7%AA-%D7%9B%D7%95%D7%96%D7%91%D7%AA/,MOBILE,8,434,1.84%,26.5
https://jus-tice.co.il/%D7%94%D7%AA%D7%99%D7%99%D7%A9%D7%A0%D7%95%D7%AA-%D7%A8%D7%A9%D7%9C%D7%A0%D7%95%D7%AA-%D7%A8%D7%A4%D7%95%D7%90%D7%99%D7%AA-%D7%AA%D7%90-4392-03-23/,MOBILE,8,187,4.28%,12.2
https://jus-tice.co.il/%D7%99%D7%99%D7%A2%D7%95%D7%A5-%D7%9E%D7%A9%D7%A4%D7%98%D7%99-%D7%90%D7%90%D7%95%D7%98%D7%A1%D7%95%D7%A8%D7%A1%D7%99%D7%A0%D7%92-%D7%91%D7%99%D7%A0%D7%9C%D7%90%D7%95%D7%9E%D7%99-jus-tice-%D7%9E%D7%A9%D7%A8%D7%95%D7%AA-%D7%A2%D7%95%D7%A8%D7%9B%D7%99-%D7%93%D7%99%D7%9F/,MOBILE,8,310,2.58%,60.3
https://jus-tice.co.il/%D7%9E%D7%97%D7%A9%D7%91%D7%95%D7%9F-%D7%93%D7%9E%D7%99-%D7%91%D7%99%D7%98%D7%95%D7%97-%D7%9C%D7%90%D7%95%D7%9E%D7%99-%D7%95%D7%91%D7%A8%D7%99%D7%90%D7%95%D7%AA/,DESKTOP,8,7191,0.11%,38.0
https://jus-tice.co.il/%D7%9E%D7%A9%D7%A4%D7%98-%D7%94%D7%97%D7%95%D7%96%D7%A8-%D7%A9%D7%9C-%D7%A8%D7%95%D7%9E%D7%9F-%D7%96%D7%93%D7%95%D7%A8%D7%95%D7%91-%D7%AA%D7%A4%D7%97-502-07/,DESKTOP,8,442,1.81%,20.2
https://jus-tice.co.il/%D7%A7%D7%98%D7%92%D7%95%D7%A8%D7%99%D7%95%D7%AA-%D7%9E%D7%90%D7%9E%D7%A8%D7%99%D7%9D/%D7%9E%D7%A9%D7%A4%D7%98-%D7%A4%D7%9C%D7%99%D7%9C%D7%99/%D7%A4%D7%9C%D7%99%D7%9C%D7%99-%D7%A4%D7%A1%D7%A7%D7%99-%D7%93%D7%99%D7%9F-%D7%97%D7%A9%D7%95%D7%91%D7%99%D7%9D/,DESKTOP,8,2278,0.35%,42.3
https://jus-tice.co.il/%D7%A8%D7%AA%D7%A7-38215-11-21-%D7%A9%D7%95%D7%A1%D7%98%D7%A8%D7%9E%D7%9F-%D7%A0-%D7%90%D7%9C%D7%91%D7%A8-%D7%A6%D7%99%D7%99-%D7%A8%D7%9B%D7%91/,MOBILE,8,531,1.51%,25.3
https://jus-tice.co.il/55188-07-20/,MOBILE,8,647,1.24%,7.3
https://jus-tice.co.il/articles/%D7%93%D7%99%D7%95%D7%95%D7%99%D7%93-%D7%A6%D7%A1%D7%A0%D7%95%D7%A3-%D7%A2%D7%95%D7%A8%D7%9A-%D7%93%D7%99%D7%9F-david-chesnoff/,MOBILE,8,31,25.81%,7.4
https://jus-tice.co.il/decision48940-07-20/,MOBILE,8,349,2.29%,6.4
https://jus-tice.co.il/lawyer-fee-outlook/,MOBILE,8,1932,0.41%,45.9
https://jus-tice.co.il/medical-fitness-tests-for-driving-marvad-info/,DESKTOP,8,17906,0.04%,29.5
https://jus-tice.co.il/what-is-a-law-firm/,MOBILE,8,1213,0.66%,47.8
https://jus-tice.co.il/%D7%9B%D7%99%D7%A6%D7%93-%D7%9C%D7%9E%D7%A6%D7%95%D7%90-%D7%A2%D7%96%D7%A8%D7%94-%D7%9E%D7%A9%D7%A4%D7%98%D7%99%D7%AA-%D7%9B%D7%90%D7%A9%D7%A8-%D7%90%D7%99%D7%A0%D7%9A-%D7%99%D7%9B%D7%95%D7%9C-%D7%9C%D7%94%D7%A8%D7%A9%D7%95%D7%AA-%D7%9C%D7%A2%D7%A6%D7%9E%D7%9A-%D7%A2%D7%95%D7%A8%D7%9A-%D7%93%D7%99%D7%9F/,MOBILE,7,387,1.81%,13.7
https://jus-tice.co.il/%D7%9E%D7%A9%D7%A4%D7%98-%D7%94%D7%97%D7%95%D7%96%D7%A8-%D7%A9%D7%9C-%D7%A8%D7%95%D7%9E%D7%9F-%D7%96%D7%93%D7%95%D7%A8%D7%95%D7%91-%D7%AA%D7%A4%D7%97-502-07/,MOBILE,7,198,3.54%,10.6
https://jus-tice.co.il/%D7%A2%D7%95%D7%A8%D7%9A-%D7%93%D7%99%D7%9F-%D7%9E%D7%95%D7%9E%D7%9C%D7%A5-%D7%9E%D7%94%D7%99-%D7%A8%D7%A9%D7%9C%D7%A0%D7%95%D7%AA-%D7%A2%D7%95%D7%95%D7%9C%D7%AA-%D7%94%D7%A8%D7%A9%D7%9C%D7%A0%D7%95%D7%AA/,DESKTOP,7,3047,0.23%,25.5
https://jus-tice.co.il/%D7%A2%D7%95%D7%A8%D7%9B%D7%99-%D7%93%D7%99%D7%9F/%D7%A2%D7%95%D7%A8%D7%9B%D7%99-%D7%94%D7%93%D7%99%D7%9F-%D7%94%D7%9E%D7%A4%D7%95%D7%A8%D7%A1%D7%9E%D7%99%D7%9D-%D7%91%D7%99%D7%95%D7%AA%D7%A8-%D7%9C%D7%94%D7%92%D7%A0%D7%94-%D7%A4%D7%9C%D7%99%D7%9C/,DESKTOP,7,41066,0.02%,33.6
https://jus-tice.co.il/%D7%A2%D7%95%D7%A8%D7%9B%D7%99-%D7%93%D7%99%D7%9F/%D7%A2%D7%95%D7%A8%D7%9B%D7%AA-%D7%93%D7%99%D7%9F-%D7%9E%D7%90%D7%99%D7%94-%D7%A8%D7%95%D7%98%D7%A0%D7%91%D7%A8%D7%92/,MOBILE,7,14730,0.05%,44.0
https://jus-tice.co.il/%D7%AA%D7%91%D7%99%D7%A2%D7%AA-%D7%A9%D7%9B%D7%A8-%D7%98%D7%A8%D7%97%D7%94-%D7%A2%D7%95%D7%A8%D7%9B%D7%AA-%D7%93%D7%99%D7%9F-%D7%9B%D7%A0%D7%92%D7%93-%D7%9C%D7%A7%D7%95%D7%97%D7%94/,DESKTOP,7,663,1.06%,16.1
https://jus-tice.co.il/%D7%AA%D7%A47140-09-21%D7%9E%D7%93%D7%99%D7%A0%D7%AA-%D7%99%D7%A9%D7%A8%D7%90%D7%9C-%D7%A0-%D7%9B%D7%A8%D7%9E%D7%99/,MOBILE,7,377,1.86%,13.8
https://jus-tice.co.il/bank-account-in-portugal/,DESKTOP,7,1807,0.39%,49.7
https://jus-tice.co.il/ethiopia-lawyer/,MOBILE,7,98,7.14%,9.5
https://jus-tice.co.il/malta-citizenship-by-investment/,MOBILE,7,231,3.03%,28.1
https://jus-tice.co.il/murder-in-united-states-law/,MOBILE,7,1320,0.53%,25.2
https://jus-tice.co.il/notice-of-termination/,DESKTOP,7,14403,0.05%,47.0
https://jus-tice.co.il/prenuptial-agreement-sample/,DESKTOP,7,4955,0.14%,39.7
https://jus-tice.co.il/wp-content/uploads/2021/03/%D7%A0%D7%95%D7%A1%D7%97-%D7%94%D7%A1%D7%9B%D7%9D-%D7%92%D7%99%D7%A8%D7%95%D7%A9%D7%99%D7%9F-%D7%93%D7%95%D7%92%D7%9E%D7%90-2021.docx,MOBILE,7,1173,0.60%,40.5
https://jus-tice.co.il/%D7%91%D7%99%D7%98%D7%95%D7%9C-%D7%94%D7%A1%D7%9B%D7%9D-%D7%9E%D7%9E%D7%95%D7%9F-%D7%A9%D7%90%D7%95%D7%A9%D7%A8-%D7%95%D7%A7%D7%99%D7%91%D7%9C-%D7%AA%D7%95%D7%A7%D7%A3-%D7%A9%D7%9C-%D7%A4%D7%A1%D7%A7-%D7%93%D7%99%D7%9F-%D7%AA%D7%94%D7%A1-27071-11-19/,MOBILE,6,126,4.76%,22.3
https://jus-tice.co.il/%D7%94%D7%94%D7%9C%D7%99%D7%9A-%D7%94%D7%A4%D7%9C%D7%99%D7%9C%D7%99-%D7%A4%D7%A8%D7%A7%D7%9C%D7%99%D7%98%D7%95%D7%AA-%D7%94%D7%9E%D7%93%D7%99%D7%A0%D7%94-%D7%9E%D7%95%D7%9C-%D7%97%D7%98%D7%99%D7%91%D7%AA-%D7%AA%D7%91%D7%99%D7%A2%D7%95%D7%AA-%D7%94%D7%9E%D7%A9%D7%98%D7%A8%D7%94/,DESKTOP,6,2153,0.28%,26.7
https://jus-tice.co.il/%D7%94%D7%98%D7%A8%D7%99%D7%A7%D7%99%D7%9D-%D7%94%D7%9E%D7%9C%D7%95%D7%9B%D7%9C%D7%9B%D7%99%D7%9D-%D7%91%D7%99%D7%95%D7%AA%D7%A8-%D7%9C%D7%92%D7%99%D7%A8%D7%95%D7%A9%D7%99%D7%9F/,MOBILE,6,171,3.51%,44.6
https://jus-tice.co.il/%D7%94%D7%A0%D7%97%D7%99%D7%95%D7%AA-%D7%9C%D7%9E%D7%91%D7%A7%D7%A9%D7%99%D7%9D-%D7%9C%D7%94%D7%AA%D7%9E%D7%A0%D7%95%D7%AA-%D7%9C%D7%9E%D7%A9%D7%A8%D7%94-%D7%A9%D7%99%D7%A4%D7%95%D7%98%D7%99%D7%AA/,MOBILE,6,381,1.57%,19.4
https://jus-tice.co.il/%D7%94%D7%A6%D7%94%D7%A8%D7%AA-%D7%90%D7%91%D7%94%D7%95%D7%AA-%D7%91%D7%91%D7%99%D7%AA-%D7%94%D7%93%D7%99%D7%9F-%D7%94%D7%A8%D7%91%D7%A0%D7%99/,DESKTOP,6,1267,0.47%,40.5
https://jus-tice.co.il/%D7%A2%D7%95%D7%A8%D7%9A-%D7%93%D7%99%D7%9F-%D7%A6%D7%91%D7%90%D7%99/,MOBILE,6,2944,0.20%,35.7
https://jus-tice.co.il/%D7%A2%D7%95%D7%A8%D7%9A-%D7%93%D7%99%D7%9F-%D7%AA%D7%90%D7%99%D7%9C%D7%A0%D7%93/,MOBILE,6,56,10.71%,15.0
https://jus-tice.co.il/%D7%A8%D7%AA%D7%A7-38215-11-21-%D7%A9%D7%95%D7%A1%D7%98%D7%A8%D7%9E%D7%9F-%D7%A0-%D7%90%D7%9C%D7%91%D7%A8-%D7%A6%D7%99%D7%99-%D7%A8%D7%9B%D7%91/,DESKTOP,6,1088,0.55%,41.5
https://jus-tice.co.il/53431-10-21/,DESKTOP,6,574,1.05%,23.5
https://jus-tice.co.il/cyprus-lawyer/,MOBILE,6,118,5.08%,36.7
https://jus-tice.co.il/divorce-resource-balancing-case21019-01-21/,DESKTOP,6,138,4.35%,22.8
https://jus-tice.co.il/form-6-request-urgent-relief-dispute-settlement/,MOBILE,6,482,1.24%,36.5
https://jus-tice.co.il/legal_financing/,DESKTOP,6,1936,0.31%,50.7
https://jus-tice.co.il/legal_financing/,MOBILE,6,331,1.81%,44.0
https://jus-tice.co.il/portugal-relocation/,MOBILE,6,664,0.90%,35.2
https://jus-tice.co.il/psakdin/%D7%AA%D7%A4%D7%A7%D7%99%D7%93%D7%95-%D7%95%D7%93%D7%A8%D7%9B%D7%99-%D7%A2%D7%91%D7%95%D7%93%D7%AA%D7%95-%D7%A9%D7%9C-%D7%A2%D7%95%D7%91%D7%93-%D7%A1%D7%95%D7%A6%D7%99%D7%90%D7%9C%D7%99-%D7%9C%D7%A2/,MOBILE,6,335,1.79%,11.4
https://jus-tice.co.il/shoplifting/,DESKTOP,6,5443,0.11%,50.4
https://jus-tice.co.il/thailand-real-estate/,DESKTOP,6,1487,0.40%,34.0
https://jus-tice.co.il/ukraine-lawyers/,MOBILE,6,77,7.79%,36.4
https://jus-tice.co.il/%D7%91%D7%92%D7%A5-%D7%94%D7%91%D7%95%D7%92%D7%93%D7%AA/,MOBILE,5,698,0.72%,25.2
https://jus-tice.co.il/%D7%93%D7%A8%D7%9B%D7%95%D7%9F-%D7%99%D7%95%D7%95%D7%A0%D7%99-%D7%94%D7%92%D7%99%D7%A8%D7%94-%D7%A8%D7%99%D7%9C%D7%95%D7%A7%D7%99%D7%99%D7%A9%D7%9F-%D7%9E%D7%92%D7%95%D7%A8%D7%99%D7%9D-%D7%9E%D7%94-%D7%94%D7%93%D7%A8%D7%99%D7%A9%D7%95%D7%AA-%D7%95%D7%94%D7%A2%D7%9C%D7%95%D7%99%D7%95%D7%AA/,DESKTOP,5,3611,0.14%,55.7
https://jus-tice.co.il/%D7%9E%D7%97%D7%99%D7%A8%D7%95%D7%9F-%D7%9E%D7%95%D7%9E%D7%9C%D7%A5-%D7%A2%D7%95%D7%A8%D7%9A-%D7%93%D7%99%D7%9F-%D7%A4%D7%9C%D7%99%D7%9C%D7%99/,DESKTOP,5,27722,0.02%,51.6
https://jus-tice.co.il/%D7%A2%D7%95%D7%A0%D7%A9-%D7%A4%D7%9C%D7%99%D7%9C%D7%99-%D7%9C%D7%A0%D7%90%D7%A9%D7%9D-%D7%91%D7%90%D7%99%D7%A0%D7%95%D7%A1-%D7%95%D7%9E%D7%A2%D7%A9%D7%94-%D7%A1%D7%93%D7%95%D7%9D-%D7%91%D7%A7%D7%98%D7%99%D7%A0%D7%94/,DESKTOP,5,2213,0.23%,66.3
https://jus-tice.co.il/%D7%A8%D7%A9%D7%99%D7%9E%D7%AA-%D7%9E%D7%95%D7%9E%D7%97%D7%99%D7%9D-%D7%A8%D7%A4%D7%95%D7%90%D7%99%D7%99%D7%9D-%D7%9C%D7%91%D7%99%D7%AA-%D7%9E%D7%A9%D7%A4%D7%98-%D7%9E%D7%AA%D7%A2%D7%93%D7%9B%D7%9F/,MOBILE,5,548,0.91%,35.9
https://jus-tice.co.il/%D7%AA%D7%91%D7%99%D7%A2%D7%94-%D7%90%D7%96%D7%A8%D7%97%D7%99%D7%AA-%D7%A0%D7%92%D7%A8%D7%A8%D7%AA-%D7%9C%D7%94%D7%A8%D7%A9%D7%A2%D7%94-%D7%91%D7%A4%D7%9C%D7%99%D7%9C%D7%99%D7%9D-%D7%AA%D7%90-38003-03-19/,MOBILE,5,278,1.80%,25.9
https://jus-tice.co.il/40939-11-19/,MOBILE,5,186,2.69%,10.1
https://jus-tice.co.il/articles/%D7%AA%D7%A2-45543-11-21-%D7%91%D7%A7%D7%A9%D7%94-%D7%9C%D7%91%D7%99%D7%98%D7%95%D7%9C-%D7%A6%D7%95-%D7%A7%D7%99%D7%95%D7%9D-%D7%A6%D7%95%D7%95%D7%90%D7%94-%D7%9C%D7%90%D7%97%D7%A8-%D7%92%D7%99/,DESKTOP,5,4785,0.10%,37.4
https://jus-tice.co.il/avoiding-mistakes-when-buying-property-in-cyprus/,MOBILE,5,2013,0.25%,37.5
https://jus-tice.co.il/court-judge/,DESKTOP,5,10700,0.05%,43.2
https://jus-tice.co.il/decision75385-12-20/,DESKTOP,5,401,1.25%,12.7
https://jus-tice.co.il/department-of-justice/,MOBILE,5,1568,0.32%,34.1
https://jus-tice.co.il/golden-visa/,DESKTOP,5,7900,0.06%,43.2
https://jus-tice.co.il/immigration-lawyer/,MOBILE,5,4166,0.12%,46.5
https://jus-tice.co.il/legal-courses-for-lawyers/,MOBILE,5,258,1.94%,50.3
https://jus-tice.co.il/legal-writing/,MOBILE,5,201,2.49%,14.3
https://jus-tice.co.il/living-apart-together-legal-rights/,MOBILE,5,1593,0.31%,54.1
https://jus-tice.co.il/morgan-morgan/,MOBILE,5,84,5.95%,6.2
https://jus-tice.co.il/prenuptial-agreement-sample/,MOBILE,5,847,0.59%,28.0
https://jus-tice.co.il/psakdin/%D7%AA%D7%A4%D7%A7%D7%99%D7%93%D7%95-%D7%95%D7%93%D7%A8%D7%9B%D7%99-%D7%A2%D7%91%D7%95%D7%93%D7%AA%D7%95-%D7%A9%D7%9C-%D7%A2%D7%95%D7%91%D7%93-%D7%A1%D7%95%D7%A6%D7%99%D7%90%D7%9C%D7%99-%D7%9C%D7%A2/,DESKTOP,5,1446,0.35%,41.7
https://jus-tice.co.il/spouse-property-registration-guide/,MOBILE,5,442,1.13%,42.3
https://jus-tice.co.il/wp-content/uploads/2021/03/%D7%A0%D7%95%D7%A1%D7%97-%D7%94%D7%A1%D7%9B%D7%9D-%D7%92%D7%99%D7%A8%D7%95%D7%A9%D7%99%D7%9F-%D7%93%D7%95%D7%92%D7%9E%D7%90-2021.docx,DESKTOP,5,8696,0.06%,44.9
https://jus-tice.co.il/%D7%90%D7%99%D7%A4%D7%94-%D7%9B%D7%93%D7%90%D7%99-%D7%9C%D7%94%D7%A9%D7%A7%D7%99%D7%A2-%D7%A0%D7%93%D7%9C%D7%9F-%D7%91%D7%93%D7%95%D7%91%D7%90%D7%99/,DESKTOP,4,7241,0.06%,35.6
https://jus-tice.co.il/%D7%91%D7%92%D7%A5-%D7%94%D7%91%D7%95%D7%92%D7%93%D7%AA/,DESKTOP,4,1459,0.27%,44.2
https://jus-tice.co.il/%D7%94%D7%A0%D7%97%D7%99%D7%95%D7%AA-%D7%9C%D7%9E%D7%91%D7%A7%D7%A9%D7%99%D7%9D-%D7%9C%D7%94%D7%AA%D7%9E%D7%A0%D7%95%D7%AA-%D7%9C%D7%9E%D7%A9%D7%A8%D7%94-%D7%A9%D7%99%D7%A4%D7%95%D7%98%D7%99%D7%AA/,DESKTOP,4,1160,0.34%,28.6
https://jus-tice.co.il/%D7%9E%D7%A9%D7%9E%D7%95%D7%A8%D7%AA-%D7%91%D7%9C%D7%A2%D7%93%D7%99%D7%AA-%D7%9C%D7%90%D7%9D-%D7%95%D7%A9%D7%99%D7%AA%D7%95%D7%A4%D7%99%D7%95%D7%AA-%D7%99%D7%97%D7%A1%D7%99%D7%AA-%D7%91%D7%9E%D7%A1%D7%92%D7%A8%D7%AA-%D7%90%D7%99%D7%96%D7%95%D7%9F-%D7%9E%D7%A9%D7%90%D7%91%D7%99%D7%9D-%D7%AA%D7%9C%D7%94%D7%9E-37049-07-18/,MOBILE,4,362,1.10%,8.0
https://jus-tice.co.il/%D7%A1%D7%A2%D7%A934999-11-21-%D7%A1%D7%A2%D7%99%D7%A3-46-%D7%90-%D7%9C%D7%AA%D7%A7%D7%A0%D7%95%D7%AA-%D7%91%D7%99%D7%AA-%D7%94%D7%93%D7%99%D7%9F-%D7%9C%D7%A2%D7%91%D7%95%D7%93%D7%94/,DESKTOP,4,564,0.71%,39.2
https://jus-tice.co.il/%D7%A1%D7%A8%D7%91%D7%A0%D7%95%D7%AA-%D7%A7%D7%A9%D7%A8-%D7%95%D7%A0%D7%99%D7%9B%D7%95%D7%A8-%D7%94%D7%95%D7%A8%D7%99-%D7%A4%D7%A1%D7%93-%D7%A9%D7%9C-%D7%94%D7%A9%D7%95%D7%A4%D7%98-%D7%90%D7%A8%D7%96-%D7%A9%D7%A0%D7%99-%D7%A2%D7%9C-%D7%AA%D7%91%D7%99%D7%A2%D7%AA-%D7%90%D7%91-%D7%9C%D7%97%D7%99%D7%93%D7%95%D7%A9-%D7%A7%D7%A9%D7%A8-%D7%A2%D7%9D-%D7%91%D7%A0%D7%95-%D7%94%D7%A7%D7%98%D7%99%D7%9F/,MOBILE,4,266,1.50%,22.5
https://jus-tice.co.il/%D7%A2%D7%95%D7%A8%D7%9A-%D7%93%D7%99%D7%9F-%D7%99%D7%95%D7%A8%D7%95%D7%A4%D7%95%D7%9C/,MOBILE,4,306,1.31%,6.8
https://jus-tice.co.il/%D7%A4%D7%A1%D7%93-%D7%91%D7%A9%D7%AA%D7%99-%D7%AA%D7%95%D7%91%D7%A2%D7%A0%D7%95%D7%AA-%D7%91%D7%A0%D7%95%D7%A9%D7%90-%D7%92%D7%91%D7%99%D7%99%D7%AA-%D7%9E%D7%96%D7%95%D7%A0%D7%95%D7%AA-%D7%95%D7%91%D7%99%D7%98%D7%95%D7%9C-%D7%94%D7%A1%D7%9B%D7%9D-%D7%97%D7%9C%D7%95%D7%A7%D7%AA-%D7%A2%D7%99%D7%96%D7%91%D7%95%D7%9F/,MOBILE,4,69,5.80%,7.9
https://jus-tice.co.il/%D7%A6%D7%95-%D7%9E%D7%A0%D7%99%D7%A2%D7%94-%D7%96%D7%9E%D7%A0%D7%99-%D7%9C%D7%9E%D7%A0%D7%99%D7%A2%D7%AA-%D7%93%D7%99%D7%A1%D7%A4%D7%95%D7%96%D7%99%D7%A6%D7%99%D7%94-%D7%91%D7%9E%D7%A0%D7%99%D7%95%D7%AA/,DESKTOP,4,275,1.45%,29.2
https://jus-tice.co.il/%D7%AA%D7%A47140-09-21%D7%9E%D7%93%D7%99%D7%A0%D7%AA-%D7%99%D7%A9%D7%A8%D7%90%D7%9C-%D7%A0-%D7%9B%D7%A8%D7%9E%D7%99/,DESKTOP,4,382,1.05%,23.8
https://jus-tice.co.il/55188-07-20/,DESKTOP,4,639,0.63%,26.9
https://jus-tice.co.il/ai-lawyer-ranking/,MOBILE,4,240,1.67%,35.1
https://jus-tice.co.il/articles/%D7%90%D7%99%D7%AA%D7%95%D7%A8-%D7%A2%D7%95%D7%A8%D7%9A-%D7%93%D7%99%D7%9F-%D7%9E%D7%A6%D7%99%D7%90%D7%AA-%D7%A2%D7%95%D7%A8%D7%9A-%D7%93%D7%99%D7%9F-%D7%9E%D7%95%D7%A1%D7%9E%D7%9A-%D7%A7%D7%A8/,MOBILE,4,530,0.75%,21.3
https://jus-tice.co.il/articles/%D7%91%D7%A7%D7%A9%D7%94-%D7%9C%D7%94%D7%A2%D7%AA%D7%A7%D7%AA-%D7%97%D7%95%D7%9E%D7%A8%D7%99-%D7%97%D7%A7%D7%99%D7%A8%D7%94-%D7%95%D7%9E%D7%A1%D7%9E%D7%9B%D7%99%D7%9D-%D7%91%D7%94%D7%9C%D7%99%D7%9B/,DESKTOP,4,1286,0.31%,23.1
https://jus-tice.co.il/articles/%D7%94%D7%A6%D7%A2%D7%AA-%D7%97%D7%95%D7%A7-%D7%93%D7%99%D7%A0%D7%99-%D7%9E%D7%9E%D7%95%D7%A0%D7%95%D7%AA-%D7%94%D7%AA%D7%A9%D7%A2%D7%90-2011-%D7%A2%D7%9D-%D7%94%D7%A1%D7%91%D7%A8%D7%99%D7%9D/,DESKTOP,4,598,0.67%,28.3
https://jus-tice.co.il/articles/%D7%94%D7%A9%D7%95%D7%A4%D7%98-%D7%99%D7%97%D7%96%D7%A7%D7%90%D7%9C-%D7%90%D7%9C%D7%99%D7%94%D7%95-%D7%94%D7%97%D7%9C%D7%98%D7%94-%D7%91%D7%91%D7%A7%D7%A9%D7%94-%D7%9C%D7%A6%D7%A8%D7%A3-%D7%AA%D7%95/,DESKTOP,4,189,2.12%,31.8
https://jus-tice.co.il/divorce-resource-balancing-case21019-01-21/,MOBILE,4,174,2.30%,10.1
https://jus-tice.co.il/golden-visa/,MOBILE,4,2171,0.18%,20.6
https://jus-tice.co.il/how-much-will-a-criminal-defense-lawyer-cost/,DESKTOP,4,13771,0.03%,47.0
https://jus-tice.co.il/lawyer-ai-course/,MOBILE,4,272,1.47%,49.3
https://jus-tice.co.il/murder-in-united-states-law/,DESKTOP,4,7898,0.05%,45.1
https://jus-tice.co.il/portugal-lawyers/,MOBILE,4,495,0.81%,35.8
https://jus-tice.co.il/psakdin/%D7%AA%D7%91%D7%99%D7%A2%D7%94-%D7%94%D7%9E%D7%95%D7%92%D7%A9%D7%AA-%D7%A2%D7%9C-%D7%99%D7%93%D7%99-%D7%97%D7%91%D7%A8%D7%94-%D7%91%D7%A2%D7%9E-%D7%A2%D7%9C-%D7%97%D7%99%D7%95%D7%91-%D7%91%D7%A2/,MOBILE,4,75,5.33%,10.9
https://jus-tice.co.il/real-estate-attorney/,MOBILE,4,7781,0.05%,61.7
https://jus-tice.co.il/registration-of-real-estate-israel/,DESKTOP,4,12706,0.03%,18.0
https://jus-tice.co.il/registration-of-real-estate-israel/,MOBILE,4,1680,0.24%,22.4
https://jus-tice.co.il/,TABLET,3,133,2.26%,14.0
https://jus-tice.co.il/%D7%90%D7%99%D7%A4%D7%94-%D7%9B%D7%93%D7%90%D7%99-%D7%9C%D7%94%D7%A9%D7%A7%D7%99%D7%A2-%D7%A0%D7%93%D7%9C%D7%9F-%D7%91%D7%93%D7%95%D7%91%D7%90%D7%99/,MOBILE,3,2441,0.12%,35.4
https://jus-tice.co.il/%D7%94%D7%90%D7%9D-%D7%9B%D7%93%D7%90%D7%99-%D7%9C%D7%A2%D7%91%D7%95%D7%93-%D7%A2%D7%9D-%D7%99%D7%95%D7%A2%D7%A5-%D7%A0%D7%93%D7%9C%D7%9F/,MOBILE,3,792,0.38%,25.3
https://jus-tice.co.il/%D7%94%D7%A9%D7%95%D7%A4%D7%98-%D7%90%D7%A8%D7%96-%D7%A9%D7%A0%D7%99-%D7%A4%D7%A1%D7%93-%D7%91%D7%AA%D7%91%D7%99%D7%A2%D7%AA-%D7%90%D7%91-%D7%9C%D7%9E%D7%A9%D7%9E%D7%95%D7%A8%D7%AA-%D7%95%D7%97%D7%9C%D7%95%D7%A7%D7%AA-%D7%96%D7%9E%D7%A0%D7%99-%D7%A9%D7%94%D7%95%D7%AA-%D7%A9%D7%95%D7%95%D7%99%D7%9D-%D7%AA%D7%9C%D7%94%D7%9E-64033-06-21/,MOBILE,3,183,1.64%,32.4
https://jus-tice.co.il/%D7%94%D7%AA%D7%99%D7%99%D7%A9%D7%A0%D7%95%D7%AA-%D7%A8%D7%A9%D7%9C%D7%A0%D7%95%D7%AA-%D7%A8%D7%A4%D7%95%D7%90%D7%99%D7%AA-%D7%AA%D7%90-4392-03-23/,DESKTOP,3,141,2.13%,14.1
https://jus-tice.co.il/%D7%97%D7%95%D7%A7-%D7%94%D7%A2%D7%95%D7%A0%D7%A9%D7%99%D7%9F/,DESKTOP,3,5988,0.05%,41.2
https://jus-tice.co.il/%D7%97%D7%95%D7%A7-%D7%94%D7%A2%D7%95%D7%A0%D7%A9%D7%99%D7%9F/,MOBILE,3,822,0.36%,35.4
https://jus-tice.co.il/%D7%9E%D7%90%D7%A1%D7%A8-%D7%91%D7%92%D7%99%D7%9F-%D7%94%D7%98%D7%A8%D7%93%D7%94-%D7%9E%D7%99%D7%A0%D7%99%D7%AA-%D7%95%D7%94%D7%AA%D7%A0%D7%9B%D7%9C%D7%95%D7%AA-%D7%91%D7%90%D7%9E%D7%A6%D7%A2%D7%95%D7%AA-%D7%A8%D7%A9%D7%AA-%D7%94%D7%98%D7%9C%D7%92%D7%A8%D7%9D-%D7%AA%D7%A4-43967-07-20/,MOBILE,3,2104,0.14%,14.9
https://jus-tice.co.il/%D7%9E%D7%93%D7%A8%D7%99%D7%9A-%D7%94%D7%97%D7%96%D7%A8%D7%99-%D7%9E%D7%A1-%D7%A2%D7%9D-%D7%9E%D7%97%D7%A9%D7%91%D7%95%D7%9F/,MOBILE,3,3441,0.09%,48.7
https://jus-tice.co.il/%D7%9E%D7%93%D7%A8%D7%99%D7%9A-%D7%A2%D7%93%D7%9B%D7%A0%D7%99-%D7%9C%D7%92%D7%99%D7%A8%D7%95%D7%A9%D7%99%D7%9F/,DESKTOP,3,5082,0.06%,46.4
https://jus-tice.co.il/%D7%A1%D7%95%D7%92%D7%99%D7%9D-%D7%A9%D7%95%D7%A0%D7%99%D7%9D-%D7%A9%D7%9C-%D7%A8%D7%95%D7%A4%D7%90%D7%99%D7%9D/,DESKTOP,3,1011,0.30%,58.3
https://jus-tice.co.il/%D7%A1%D7%A8%D7%91%D7%A0%D7%95%D7%AA-%D7%A7%D7%A9%D7%A8-%D7%95%D7%A0%D7%99%D7%9B%D7%95%D7%A8-%D7%94%D7%95%D7%A8%D7%99-%D7%A4%D7%A1%D7%93-%D7%A9%D7%9C-%D7%94%D7%A9%D7%95%D7%A4%D7%98-%D7%90%D7%A8%D7%96-%D7%A9%D7%A0%D7%99-%D7%A2%D7%9C-%D7%AA%D7%91%D7%99%D7%A2%D7%AA-%D7%90%D7%91-%D7%9C%D7%97%D7%99%D7%93%D7%95%D7%A9-%D7%A7%D7%A9%D7%A8-%D7%A2%D7%9D-%D7%91%D7%A0%D7%95-%D7%94%D7%A7%D7%98%D7%99%D7%9F/,DESKTOP,3,1048,0.29%,47.9
https://jus-tice.co.il/%D7%A2%D7%95%D7%A8%D7%9A-%D7%93%D7%99%D7%9F-%D7%A4%D7%9C%D7%99%D7%9C%D7%99-%D7%A9%D7%9B%D7%A8-%D7%9B%D7%9E%D7%94-%D7%9E%D7%A8%D7%95%D7%95%D7%99%D7%97-%D7%A2%D7%95%D7%93-%D7%A4%D7%9C%D7%99%D7%9C%D7%99-%D7%91%D7%99%D7%A9%D7%A8%D7%90%D7%9C/,DESKTOP,3,1725,0.17%,28.9
https://jus-tice.co.il/%D7%A4%D7%A1%D7%93-%D7%91%D7%A2%D7%A0%D7%99%D7%99%D7%9F-%D7%9E%D7%96%D7%95%D7%A0%D7%95%D7%AA-%D7%AA%D7%9C%D7%94%D7%9E-21976-01-20/,MOBILE,3,188,1.60%,24.3
https://jus-tice.co.il/%D7%A9%D7%95%D7%A4%D7%98%D7%AA-%D7%99%D7%A4%D7%A2%D7%AA-%D7%A9%D7%A7%D7%93%D7%99-%D7%A9%D7%A5-%D7%A4%D7%A1%D7%93-%D7%91%D7%97%D7%9C%D7%95%D7%A7%D7%AA-%D7%96%D7%9B%D7%95%D7%99%D7%95%D7%AA-%D7%95%D7%A1%D7%99%D7%9C%D7%95%D7%A7-%D7%99%D7%93-%D7%91%D7%9E%D7%A9%D7%A7-%D7%A9%D7%9C-%D7%99%D7%93%D7%95%D7%A2%D7%99%D7%9D-%D7%91%D7%A6%D7%99%D7%91%D7%95%D7%A8-%D7%AA%D7%9C%D7%94%D7%9E-41769-11-19/,MOBILE,3,86,3.49%,7.8
https://jus-tice.co.il/%D7%AA%D7%95%D7%91%D7%A2%D7%A0%D7%95%D7%AA-%D7%A2%D7%96%D7%91%D7%95%D7%9F-%D7%A9%D7%9E%D7%A0%D7%94%D7%9C%D7%99%D7%9D-%D7%A9%D7%A0%D7%99-%D7%90%D7%97%D7%99%D7%9D-%D7%91%D7%A9%D7%9C-%D7%A9%D7%AA%D7%99-%D7%A6%D7%95%D7%95%D7%90%D7%95%D7%AA-%D7%A9%D7%94%D7%95%D7%AA%D7%99%D7%A8%D7%94-%D7%90%D7%9E%D7%9D-%D7%AA%D7%A2-62835-08-19/,DESKTOP,3,247,1.21%,18.8
https://jus-tice.co.il/%D7%AA%D7%9E%D7%A9-14076-10-16-%D7%A4%D7%9C%D7%95%D7%A0%D7%99%D7%AA-%D7%A0-%D7%A4%D7%9C%D7%95%D7%A0%D7%99/,DESKTOP,3,210,1.43%,36.1
https://jus-tice.co.il/%D7%AA%D7%9E%D7%A9-14076-10-16-%D7%A4%D7%9C%D7%95%D7%A0%D7%99%D7%AA-%D7%A0-%D7%A4%D7%9C%D7%95%D7%A0%D7%99/,MOBILE,3,200,1.50%,4.9
https://jus-tice.co.il/18744-11-18/,MOBILE,3,48,6.25%,15.5
https://jus-tice.co.il/abuse-of-process/,DESKTOP,3,516,0.58%,24.3
https://jus-tice.co.il/americas-best-law-schools/,MOBILE,3,151,1.99%,28.8
https://jus-tice.co.il/articles/%D7%90%D7%99%D7%AA%D7%95%D7%A8-%D7%A2%D7%95%D7%A8%D7%9A-%D7%93%D7%99%D7%9F-%D7%9E%D7%A6%D7%99%D7%90%D7%AA-%D7%A2%D7%95%D7%A8%D7%9A-%D7%93%D7%99%D7%9F-%D7%9E%D7%95%D7%A1%D7%9E%D7%9A-%D7%A7%D7%A8/,DESKTOP,3,3131,0.10%,28.9
https://jus-tice.co.il/articles/%D7%94%D7%A9%D7%95%D7%A4%D7%98%D7%AA-%D7%97%D7%99%D7%94-%D7%96%D7%A0%D7%93%D7%91%D7%A8%D7%92-%D7%A4%D7%A1%D7%93-%D7%91%D7%AA%D7%91%D7%99%D7%A2%D7%94-%D7%9C%D7%A4%D7%99%D7%A6%D7%95%D7%99%D7%99%D7%9D/,DESKTOP,3,301,1.00%,36.1
https://jus-tice.co.il/articles/%D7%94%D7%A9%D7%95%D7%A4%D7%98%D7%AA-%D7%97%D7%99%D7%94-%D7%96%D7%A0%D7%93%D7%91%D7%A8%D7%92-%D7%A4%D7%A1%D7%93-%D7%91%D7%AA%D7%91%D7%99%D7%A2%D7%94-%D7%9C%D7%A4%D7%99%D7%A6%D7%95%D7%99%D7%99%D7%9D/,MOBILE,3,198,1.52%,21.7
https://jus-tice.co.il/articles/%D7%96%D7%9B%D7%95%D7%AA-%D7%94%D7%95%D7%A8%D7%94-%D7%92%D7%A8%D7%95%D7%A9-%D7%9C%D7%94%D7%A2%D7%AA%D7%99%D7%A7-%D7%90%D7%AA-%D7%9E%D7%92%D7%95%D7%A8%D7%99%D7%95-%D7%95%D7%90%D7%A3-%D7%9C%D7%94%D7%92/,MOBILE,3,153,1.96%,29.7
https://jus-tice.co.il/benzur-korb-co/,MOBILE,3,217,1.38%,25.0
https://jus-tice.co.il/buying-property-in-portugal/,MOBILE,3,1294,0.23%,45.5
https://jus-tice.co.il/canada-lawyers/,MOBILE,3,74,4.05%,36.2
https://jus-tice.co.il/decision20043-03-23/,MOBILE,3,387,0.78%,9.4
https://jus-tice.co.il/decision55016-06-17a/,MOBILE,3,308,0.97%,68.0
https://jus-tice.co.il/department-of-justice/,DESKTOP,3,7639,0.04%,41.5
https://jus-tice.co.il/infidelity-statistics-reasons-suspicions/,DESKTOP,3,5353,0.06%,52.7
https://jus-tice.co.il/israel-notary-public/,MOBILE,3,4081,0.07%,25.4
https://jus-tice.co.il/israel-portugal-relations/,MOBILE,3,430,0.70%,10.5
https://jus-tice.co.il/kirkland-ellis/,MOBILE,3,267,1.12%,9.4
https://jus-tice.co.il/lawyer-ai-course/,DESKTOP,3,1742,0.17%,45.8
https://jus-tice.co.il/lawyer-fee-outlook/,DESKTOP,3,9114,0.03%,47.9
https://jus-tice.co.il/miranda-warning/,MOBILE,3,593,0.51%,15.3
https://jus-tice.co.il/most-famous-murder-acquittal-cases/,MOBILE,3,389,0.77%,6.6
https://jus-tice.co.il/portugal-economy/,MOBILE,3,295,1.02%,33.6
https://jus-tice.co.il/psakdin/%D7%90%D7%99%D7%9E%D7%95%D7%A5-%D7%99%D7%9C%D7%93-%D7%9E%D7%90%D7%95%D7%A7%D7%A8%D7%90%D7%99%D7%A0%D7%94-%D7%AA%D7%91%D7%99%D7%A2%D7%AA-%D7%A0%D7%96%D7%99%D7%A7%D7%99%D7%9F-%D7%91%D7%92%D7%99%D7%9F/,MOBILE,3,147,2.04%,29.7
https://jus-tice.co.il/psakdin/%D7%A4%D7%9C%D7%99%D7%9C%D7%99-%D7%94%D7%97%D7%96%D7%A7%D7%AA-%D7%9B%D7%9C%D7%91-%D7%9E%D7%A1%D7%95%D7%9B%D7%9F-%D7%A9%D7%AA%D7%A7%D7%A3-%D7%9C%D7%9C%D7%90-%D7%A8%D7%A9%D7%99%D7%95%D7%9F-%D7%94%D7%A8/,MOBILE,3,729,0.41%,8.3
https://jus-tice.co.il/psakdin/%D7%A4%D7%A1%D7%93-%D7%90%D7%9E%D7%99%D7%A8-%D7%91%D7%A8%D7%9E%D7%9C%D7%99-%D7%A8%D7%95%D7%91%D7%99%D7%A7%D7%95%D7%9F-%D7%94%D7%9B%D7%A8%D7%A2%D7%AA-%D7%93%D7%99%D7%9F-%D7%91%D7%A4%D7%A8%D7%A9/,DESKTOP,3,729,0.41%,49.4
https://jus-tice.co.il/real-estate-agent/,DESKTOP,3,11712,0.03%,49.8
https://jus-tice.co.il/real-estate-united-kingdom/,MOBILE,3,1078,0.28%,33.0
https://jus-tice.co.il/submitting-affidavit-israel-court/,DESKTOP,3,1241,0.24%,27.0
https://jus-tice.co.il/types-of-lawyers-small-business/,DESKTOP,3,14477,0.02%,32.5
https://jus-tice.co.il/what-is-money-laundering/,DESKTOP,3,9346,0.03%,42.9
https://jus-tice.co.il/%D7%91%D7%A7%D7%A9%D7%94-%D7%9C%D7%90%D7%99%D7%A9%D7%95%D7%A8-%D7%AA%D7%95%D7%91%D7%A2%D7%A0%D7%94-%D7%91%D7%92%D7%99%D7%9F-%D7%A9%D7%9C%D7%99%D7%97%D7%AA-%D7%93%D7%95%D7%90%D7%A8-%D7%96%D7%91%D7%9C-%D7%9B%D7%99%D7%99%D7%A6%D7%95%D7%92%D7%99%D7%AA/,DESKTOP,2,267,0.75%,48.4
https://jus-tice.co.il/%D7%91%D7%A7%D7%A9%D7%94-%D7%9C%D7%A7%D7%99%D7%95%D7%9D-%D7%A6%D7%95%D7%95%D7%90%D7%94-%D7%94%D7%9E%D7%A2%D7%A0%D7%99%D7%A7%D7%94-%D7%9B%D7%9C-%D7%94%D7%A8%D7%9B%D7%95%D7%A9-%D7%9C%D7%97%D7%91%D7%A8-%D7%95%D7%94%D7%AA%D7%A0%D7%92%D7%93%D7%95%D7%AA-%D7%90%D7%97%D7%95%D7%AA-%D7%94%D7%9E%D7%A0%D7%95%D7%97/,MOBILE,2,119,1.68%,10.6
https://jus-tice.co.il/%D7%94%D7%97%D7%96%D7%A7%D7%AA-%D7%99%D7%9C%D7%93%D7%99%D7%9D-%D7%9E%D7%A9%D7%9E%D7%95%D7%A8%D7%AA-%D7%9E%D7%A9%D7%95%D7%AA%D7%A4%D7%AA-%D7%91%D7%99%D7%AA-%D7%94%D7%93%D7%99%D7%9F-%D7%94%D7%A8%D7%91%D7%A0%D7%99/,MOBILE,2,89,2.25%,49.8
https://jus-tice.co.il/%D7%94%D7%98%D7%A8%D7%99%D7%A7%D7%99%D7%9D-%D7%94%D7%9E%D7%9C%D7%95%D7%9B%D7%9C%D7%9B%D7%99%D7%9D-%D7%91%D7%99%D7%95%D7%AA%D7%A8-%D7%9C%D7%92%D7%99%D7%A8%D7%95%D7%A9%D7%99%D7%9F/,DESKTOP,2,394,0.51%,63.2
https://jus-tice.co.il/%D7%94%D7%A9%D7%95%D7%A4%D7%98%D7%AA-%D7%90%D7%95%D7%A8%D7%99%D7%AA-%D7%91%D7%9F-%D7%93%D7%95%D7%A8-%D7%9C%D7%99%D7%91%D7%9C-%D7%94%D7%97%D7%9C%D7%98%D7%94-%D7%91%D7%91%D7%A7%D7%A9%D7%94-%D7%9C%D7%A1%D7%A2%D7%93-%D7%94%D7%A6%D7%94%D7%A8%D7%AA%D7%99-%D7%A2%D7%9C-%D7%96%D7%9B%D7%95%D7%99%D7%95%D7%AA-%D7%91%D7%93%D7%99%D7%A8%D7%94-%D7%AA%D7%9E%D7%A9-50682-04-17/,MOBILE,2,176,1.14%,31.8
https://jus-tice.co.il/%D7%97%D7%95%D7%A7-%D7%94%D7%97%D7%95%D7%96%D7%99%D7%9D-%D7%AA%D7%A8%D7%95%D7%A4%D7%95%D7%AA-%D7%91%D7%A9%D7%9C-%D7%94%D7%A4%D7%A8%D7%AA-%D7%97%D7%95%D7%96%D7%94-%D7%AA%D7%A9%D7%9C%D7%90-1970/,MOBILE,2,1034,0.19%,19.9
https://jus-tice.co.il/%D7%97%D7%AA%D7%99%D7%9E%D7%AA-%D7%A2%D7%95%D7%A8%D7%9A-%D7%93%D7%99%D7%9F-%D7%A0%D7%95%D7%98%D7%A8%D7%99%D7%95%D7%9F/,DESKTOP,2,10312,0.02%,51.2
https://jus-tice.co.il/%D7%9E%D7%93%D7%A8%D7%99%D7%9A-%D7%94%D7%97%D7%96%D7%A8%D7%99-%D7%9E%D7%A1-%D7%A2%D7%9D-%D7%9E%D7%97%D7%A9%D7%91%D7%95%D7%9F/,DESKTOP,2,28321,0.01%,50.4
https://jus-tice.co.il/%D7%9E%D7%94%D7%95-%D7%99%D7%95%D7%A2%D7%A5-%D7%A0%D7%93%D7%9C%D7%9F/,MOBILE,2,1103,0.18%,22.3
https://jus-tice.co.il/%D7%9E%D7%97%D7%A9%D7%91%D7%95%D7%9F-%D7%9E%D7%96%D7%95%D7%A0%D7%95%D7%AA-%D7%99%D7%9C%D7%93%D7%99%D7%9D/,MOBILE,2,1390,0.14%,47.6
https://jus-tice.co.il/%D7%A2%D7%95%D7%A8%D7%9A-%D7%93%D7%99%D7%9F-%D7%9E%D7%95%D7%9E%D7%9C%D7%A5-%D7%9E%D7%94%D7%99-%D7%A8%D7%A9%D7%9C%D7%A0%D7%95%D7%AA-%D7%A2%D7%95%D7%95%D7%9C%D7%AA-%D7%94%D7%A8%D7%A9%D7%9C%D7%A0%D7%95%D7%AA/,MOBILE,2,635,0.31%,22.9
https://jus-tice.co.il/%D7%A2%D7%95%D7%A8%D7%9A-%D7%93%D7%99%D7%9F-%D7%A4%D7%9C%D7%99%D7%9C%D7%99-%D7%9E%D7%A4%D7%95%D7%A8%D7%A1%D7%9D-%D7%A2%D7%95%D7%93-%D7%A4%D7%9C%D7%99%D7%9C%D7%99-%D7%9E%D7%A4%D7%95%D7%A8%D7%A1%D7%9D-%D7%91%D7%99%D7%A9%D7%A8%D7%90%D7%9C/,MOBILE,2,2197,0.09%,64.1
https://jus-tice.co.il/%D7%A2%D7%95%D7%A8%D7%9A-%D7%93%D7%99%D7%9F-%D7%A4%D7%9C%D7%99%D7%9C%D7%99-%D7%AA%D7%95%D7%AA%D7%97/,DESKTOP,2,3052,0.07%,36.3
https://jus-tice.co.il/%D7%A2%D7%95%D7%A8%D7%9A-%D7%93%D7%99%D7%9F-%D7%A4%D7%9C%D7%99%D7%9C%D7%99-%D7%AA%D7%95%D7%AA%D7%97/,MOBILE,2,491,0.41%,23.4
https://jus-tice.co.il/%D7%A2%D7%95%D7%A8%D7%9B%D7%99-%D7%93%D7%99%D7%9F/%D7%A2%D7%95%D7%A8%D7%9B%D7%AA-%D7%93%D7%99%D7%9F-%D7%9E%D7%90%D7%99%D7%94-%D7%A8%D7%95%D7%98%D7%A0%D7%91%D7%A8%D7%92/,DESKTOP,2,72938,0.00%,44.2
https://jus-tice.co.il/%D7%A2%D7%9E%D7%AA20794-07-22%D7%9E%D7%93%D7%99%D7%A0%D7%AA-%D7%99%D7%A9%D7%A8%D7%90%D7%9C-%D7%A0-%D7%AA%D7%9E%D7%9D%D7%A2%D7%A6%D7%99%D7%A8/,DESKTOP,2,84,2.38%,9.0
https://jus-tice.co.il/%D7%A2%D7%9E%D7%AA20794-07-22%D7%9E%D7%93%D7%99%D7%A0%D7%AA-%D7%99%D7%A9%D7%A8%D7%90%D7%9C-%D7%A0-%D7%AA%D7%9E%D7%9D%D7%A2%D7%A6%D7%99%D7%A8/,MOBILE,2,183,1.09%,7.3
https://jus-tice.co.il/%D7%A4%D7%A1%D7%93-%D7%A1%D7%99%D7%93%D7%95%D7%A8-%D7%92%D7%98-%D7%9C%D7%A4%D7%A0%D7%99-%D7%94%D7%9B%D7%A8%D7%A2%D7%94-%D7%91%D7%AA%D7%91%D7%99%D7%A2%D7%95%D7%AA-%D7%94%D7%A6%D7%93%D7%93%D7%99%D7%9D-37883-9-%D7%91%D7%99%D7%94%D7%93-%D7%90%D7%A9%D7%93%D7%95%D7%93/,MOBILE,2,76,2.63%,27.2
https://jus-tice.co.il/%D7%A4%D7%A1%D7%A7-%D7%93%D7%99%D7%9F-%D7%94%D7%A6%D7%94%D7%A8%D7%AA%D7%99-%D7%91%D7%A0%D7%95%D7%92%D7%A2-%D7%9C%D7%9E%D7%97%D7%A6%D7%99%D7%AA-%D7%9E%D7%94%D7%96%D7%9B%D7%95%D7%99%D7%95%D7%AA-%D7%91%D7%91%D7%99%D7%AA-%D7%95%D7%91%D7%A7%D7%A8%D7%A7%D7%A2-%D7%AA%D7%9E%D7%A9-35298-10-19/,DESKTOP,2,1434,0.14%,29.9
https://jus-tice.co.il/%D7%A6%D7%95-%D7%94%D7%92%D7%A0%D7%94-%D7%91%D7%99%D7%97%D7%A1-%D7%9C%D7%9E%D7%A9%D7%99%D7%91-%D7%A9%D7%A4%D7%A8%D7%A0%D7%A1%D7%AA%D7%95-%D7%93%D7%95%D7%A8%D7%A9%D7%AA-%D7%A0%D7%A9%D7%99%D7%90%D7%AA-%D7%A0%D7%A9%D7%A7/,MOBILE,2,146,1.37%,41.9
https://jus-tice.co.il/%D7%A7%D7%98%D7%92%D7%95%D7%A8%D7%99%D7%95%D7%AA-%D7%9E%D7%90%D7%9E%D7%A8%D7%99%D7%9D/%D7%93%D7%99%D7%A0%D7%99-%D7%A0%D7%96%D7%99%D7%A7%D7%99%D7%9F/,DESKTOP,2,3503,0.06%,56.8
https://jus-tice.co.il/%D7%A8%D7%99%D7%A9%D7%95%D7%9D-%D7%A7%D7%98%D7%99%D7%9F-%D7%9C%D7%9E%D7%95%D7%A1%D7%93-%D7%97%D7%99%D7%A0%D7%95%D7%9B%D7%99-%D7%9C%D7%A9%D7%A0%D7%AA-%D7%94%D7%9C%D7%99%D7%9E%D7%95%D7%93%D7%99%D7%9D-%D7%AA%D7%A9%D7%A4%D7%91/,MOBILE,2,11,18.18%,30.0
https://jus-tice.co.il/%D7%A9%D7%95%D7%A4%D7%98%D7%AA-%D7%98%D7%9C%D7%99-%D7%97%D7%99%D7%99%D7%9E%D7%95%D7%91%D7%99%D7%A5-%D7%A4%D7%A1%D7%93-%D7%A7%D7%91%D7%9C%D7%AA-%D7%93%D7%91%D7%A8-%D7%91%D7%9E%D7%A8%D7%9E%D7%94-%D7%91%D7%A0%D7%A1%D7%99%D7%91%D7%95%D7%AA-%D7%9E%D7%97%D7%9E%D7%99%D7%A8%D7%95%D7%AA-%D7%94%D7%9C%D7%91%D7%A0%D7%AA-%D7%94%D7%95%D7%9F-%D7%A2%D7%91%D7%99%D7%A8%D7%95%D7%AA-%D7%9E%D7%A0%D7%94%D7%9C%D7%99%D7%9D-%D7%91%D7%AA%D7%90%D7%92%D7%99%D7%93/,DESKTOP,2,538,0.37%,59.3
https://jus-tice.co.il/11314-01-23/,MOBILE,2,215,0.93%,12.6
https://jus-tice.co.il/33316-07-19/,DESKTOP,2,1298,0.15%,26.9
https://jus-tice.co.il/33316-07-19/,MOBILE,2,252,0.79%,37.7
https://jus-tice.co.il/53556-05-18/,MOBILE,2,56,3.57%,12.4
https://jus-tice.co.il/62758-11-22/,DESKTOP,2,217,0.92%,29.1
https://jus-tice.co.il/62758-11-22/,MOBILE,2,387,0.52%,10.5
https://jus-tice.co.il/articles/%D7%94%D7%99%D7%A7%D7%A3-%D7%97%D7%95%D7%9E%D7%A8-%D7%94%D7%97%D7%A7%D7%99%D7%A8%D7%94-%D7%A9%D7%99%D7%A9-%D7%9C%D7%9E%D7%A1%D7%95%D7%A8-%D7%9C%D7%A2%D7%99%D7%95%D7%9F-%D7%94%D7%AA%D7%95%D7%91%D7%A2/,DESKTOP,2,41,4.88%,26.9
https://jus-tice.co.il/articles/%D7%96%D7%9B%D7%95%D7%AA-%D7%94%D7%95%D7%A8%D7%94-%D7%92%D7%A8%D7%95%D7%A9-%D7%9C%D7%94%D7%A2%D7%AA%D7%99%D7%A7-%D7%90%D7%AA-%D7%9E%D7%92%D7%95%D7%A8%D7%99%D7%95-%D7%95%D7%90%D7%A3-%D7%9C%D7%94%D7%92/,DESKTOP,2,626,0.32%,54.2
https://jus-tice.co.il/articles/%D7%9E%D7%97%D7%99%D7%A7%D7%AA-%D7%9B%D7%AA%D7%91-%D7%90%D7%99%D7%A9%D7%95%D7%9D-%D7%97%D7%96%D7%A8%D7%94-%D7%9E%D7%9B%D7%AA%D7%91-%D7%90%D7%99%D7%A9%D7%95%D7%9D-%D7%91%D7%99%D7%98%D7%95%D7%9C/,DESKTOP,2,14714,0.01%,37.0
https://jus-tice.co.il/articles/%D7%9E%D7%97%D7%99%D7%A7%D7%AA-%D7%9B%D7%AA%D7%91-%D7%90%D7%99%D7%A9%D7%95%D7%9D-%D7%97%D7%96%D7%A8%D7%94-%D7%9E%D7%9B%D7%AA%D7%91-%D7%90%D7%99%D7%A9%D7%95%D7%9D-%D7%91%D7%99%D7%98%D7%95%D7%9C/,MOBILE,2,2908,0.07%,37.8
https://jus-tice.co.il/articles/%D7%AA%D7%A2-45543-11-21-%D7%91%D7%A7%D7%A9%D7%94-%D7%9C%D7%91%D7%99%D7%98%D7%95%D7%9C-%D7%A6%D7%95-%D7%A7%D7%99%D7%95%D7%9D-%D7%A6%D7%95%D7%95%D7%90%D7%94-%D7%9C%D7%90%D7%97%D7%A8-%D7%92%D7%99/,MOBILE,2,435,0.46%,38.4
https://jus-tice.co.il/avoiding-mistakes-when-buying-property-in-cyprus/,DESKTOP,2,12923,0.02%,43.3
https://jus-tice.co.il/cerebral-palsy/,DESKTOP,2,5000,0.04%,41.1
https://jus-tice.co.il/companyregistrationform2/,DESKTOP,2,3333,0.06%,39.1
https://jus-tice.co.il/consent/,MOBILE,2,761,0.26%,9.8
https://jus-tice.co.il/copyright/,MOBILE,2,2434,0.08%,49.2
https://jus-tice.co.il/custody-rights-for-fathers/,DESKTOP,2,6128,0.03%,49.5
https://jus-tice.co.il/cyber-lawyer/,MOBILE,2,1118,0.18%,32.4
https://jus-tice.co.il/decision48940-07-20/,DESKTOP,2,104,1.92%,17.0
https://jus-tice.co.il/decision54477-10-18/,MOBILE,2,81,2.47%,8.9
https://jus-tice.co.il/decision5987-10-16/,DESKTOP,2,220,0.91%,15.3
https://jus-tice.co.il/decision67437-12-18/,DESKTOP,2,251,0.80%,65.0
https://jus-tice.co.il/decision67437-12-18/,MOBILE,2,79,2.53%,35.0
https://jus-tice.co.il/digital-signature/,DESKTOP,2,12856,0.02%,49.7
https://jus-tice.co.il/extradition-guide/,MOBILE,2,388,0.52%,16.3
https://jus-tice.co.il/find-lawyer-how-to-find-good-attorney/,DESKTOP,2,4970,0.04%,36.7
https://jus-tice.co.il/greece-price-list/,MOBILE,2,1970,0.10%,45.6
https://jus-tice.co.il/how-to-run-a-successful-law-firm/,DESKTOP,2,1592,0.13%,64.2
https://jus-tice.co.il/india-lawyers/,MOBILE,2,55,3.64%,54.4
https://jus-tice.co.il/legal-courses-for-lawyers/,DESKTOP,2,860,0.23%,50.9
https://jus-tice.co.il/legality-of-cannabis/,MOBILE,2,279,0.72%,35.1
https://jus-tice.co.il/list-of-companies-of-portugal/,MOBILE,2,28,7.14%,6.4
https://jus-tice.co.il/living-apart-together-legal-rights/,DESKTOP,2,8036,0.02%,59.8
https://jus-tice.co.il/low-value-invest-abroad/,DESKTOP,2,26356,0.01%,56.2
https://jus-tice.co.il/malta-citizenship-by-investment/,DESKTOP,2,1284,0.16%,52.9
https://jus-tice.co.il/marital-property-agreement/,DESKTOP,2,6123,0.03%,40.7
https://jus-tice.co.il/miami-florida-lawyers/,MOBILE,2,209,0.96%,42.6
https://jus-tice.co.il/mom-full-custody/,MOBILE,2,358,0.56%,34.9
https://jus-tice.co.il/notice-of-termination/,MOBILE,2,3577,0.06%,46.9
https://jus-tice.co.il/parental-alienation-damages16820-11-19/,MOBILE,2,120,1.67%,12.3
https://jus-tice.co.il/philosophy-of-law/,DESKTOP,2,229,0.87%,30.5
https://jus-tice.co.il/police-records-data-deletion/,MOBILE,2,3234,0.06%,26.6
https://jus-tice.co.il/portugal-lawyers/,DESKTOP,2,3733,0.05%,27.3
https://jus-tice.co.il/portugal-relocation/,DESKTOP,2,2992,0.07%,42.3
https://jus-tice.co.il/portuguese-people/,MOBILE,2,1955,0.10%,19.7
https://jus-tice.co.il/psakdin/%D7%A2%D7%A8%D7%A2%D7%95%D7%A8-%D7%A2%D7%9C-%D7%94%D7%97%D7%9C%D7%98%D7%AA-%D7%A7%D7%A6%D7%99%D7%9F-%D7%91%D7%A0%D7%95%D7%A9%D7%90-%D7%9E%D7%A2%D7%A6%D7%A8-%D7%A1%D7%A2%D7%99%D7%A3-44-%D7%90-%D7%A9/,DESKTOP,2,518,0.39%,55.4
https://jus-tice.co.il/psakdin/%D7%A4%D7%A1%D7%93-%D7%90%D7%9E%D7%99%D7%A8-%D7%91%D7%A8%D7%9E%D7%9C%D7%99-%D7%A8%D7%95%D7%91%D7%99%D7%A7%D7%95%D7%9F-%D7%94%D7%9B%D7%A8%D7%A2%D7%AA-%D7%93%D7%99%D7%9F-%D7%91%D7%A4%D7%A8%D7%A9/,MOBILE,2,207,0.97%,31.1
https://jus-tice.co.il/psakdin/%D7%A4%D7%A1%D7%93-%D7%91%D7%91%D7%A7%D7%A9%D7%94-%D7%9C%D7%94%D7%A2%D7%91%D7%A8%D7%AA-%D7%94%D7%9E%D7%A9%D7%9E%D7%95%D7%A8%D7%AA-%D7%90%D7%9C-%D7%94%D7%90%D7%91-%D7%95%D7%A8%D7%99%D7%A9%D7%95%D7%9D/,MOBILE,2,83,2.41%,33.7
https://jus-tice.co.il/real-estate-lawyer-guide/,DESKTOP,2,22650,0.01%,70.1
https://jus-tice.co.il/request-for-family-dispute-settlements/,DESKTOP,2,6480,0.03%,46.6
https://jus-tice.co.il/sexual-offenses/,DESKTOP,2,9186,0.02%,49.8
https://jus-tice.co.il/spain-real-estate/,MOBILE,2,254,0.79%,40.9
https://jus-tice.co.il/spouse-property-registration-guide/,DESKTOP,2,3781,0.05%,53.7
https://jus-tice.co.il/submitting-affidavit-israel-court/,MOBILE,2,277,0.72%,28.9
https://jus-tice.co.il/tax-investigation-guide/,MOBILE,2,2587,0.08%,33.1
https://jus-tice.co.il/top-global-tax-cpa-firms/,MOBILE,2,375,0.53%,44.2
https://jus-tice.co.il/united-arab-emirates-lawyers/,MOBILE,2,291,0.69%,65.2
https://jus-tice.co.il/web-development-agreement/,MOBILE,2,111,1.80%,60.0
https://jus-tice.co.il/what-is-justice/,MOBILE,2,552,0.36%,21.3
https://jus-tice.co.il/wp-content/uploads/2022/06/54111-Law-Firms-in-the-US-Industry-Report.pdf,DESKTOP,2,405,0.49%,38.3
https://jus-tice.co.il/%D7%90%D7%99%D7%A4%D7%94-%D7%94%D7%9B%D7%99-%D7%9E%D7%A9%D7%AA%D7%9C%D7%9D-%D7%9C%D7%9E%D7%A9%D7%A7%D7%99%D7%A2-%D7%94%D7%99%D7%A9%D7%A8%D7%90%D7%9C%D7%99-%D7%9C%D7%A7%D7%A0%D7%95%D7%AA-%D7%93%D7%99%D7%A8%D7%94-%D7%91%D7%A2%D7%95%D7%9C%D7%9D/,DESKTOP,1,12264,0.01%,56.6
https://jus-tice.co.il/%D7%91%D7%99%D7%98%D7%95%D7%9C-%D7%94%D7%A1%D7%9B%D7%9D-%D7%9E%D7%9E%D7%95%D7%9F-%D7%A9%D7%90%D7%95%D7%A9%D7%A8-%D7%95%D7%A7%D7%99%D7%91%D7%9C-%D7%AA%D7%95%D7%A7%D7%A3-%D7%A9%D7%9C-%D7%A4%D7%A1%D7%A7-%D7%93%D7%99%D7%9F-%D7%AA%D7%94%D7%A1-27071-11-19/,DESKTOP,1,157,0.64%,28.0
https://jus-tice.co.il/%D7%91%D7%A2%D7%9C%D7%95%D7%AA-%D7%A2%D7%9C-%D7%96%D7%9B%D7%95%D7%99%D7%95%D7%AA-%D7%91%D7%A0%D7%99%D7%99%D7%94-%D7%91%D7%92%D7%92%D7%95%D7%AA-%D7%94%D7%9C%D7%9B%D7%AA-%D7%91%D7%99%D7%AA-%D7%94%D7%93%D7%A8/,DESKTOP,1,3442,0.03%,53.0
https://jus-tice.co.il/%D7%91%D7%A7%D7%A9%D7%94-%D7%9C%D7%90%D7%99%D7%A9%D7%95%D7%A8-%D7%AA%D7%95%D7%91%D7%A2%D7%A0%D7%94-%D7%91%D7%92%D7%99%D7%9F-%D7%A9%D7%9C%D7%99%D7%97%D7%AA-%D7%93%D7%95%D7%90%D7%A8-%D7%96%D7%91%D7%9C-%D7%9B%D7%99%D7%99%D7%A6%D7%95%D7%92%D7%99%D7%AA/,MOBILE,1,89,1.12%,27.3
https://jus-tice.co.il/%D7%91%D7%A7%D7%A9%D7%94-%D7%9C%D7%A7%D7%99%D7%95%D7%9D-%D7%A6%D7%95%D7%95%D7%90%D7%94-%D7%94%D7%9E%D7%A2%D7%A0%D7%99%D7%A7%D7%94-%D7%9B%D7%9C-%D7%94%D7%A8%D7%9B%D7%95%D7%A9-%D7%9C%D7%97%D7%91%D7%A8-%D7%95%D7%94%D7%AA%D7%A0%D7%92%D7%93%D7%95%D7%AA-%D7%90%D7%97%D7%95%D7%AA-%D7%94%D7%9E%D7%A0%D7%95%D7%97/,DESKTOP,1,173,0.58%,24.9
https://jus-tice.co.il/%D7%91%D7%A7%D7%A9%D7%94-%D7%9C%D7%A7%D7%99%D7%95%D7%9D-%D7%A6%D7%95%D7%95%D7%90%D7%94-%D7%9B%D7%A0%D7%92%D7%93-%D7%94%D7%AA%D7%A0%D7%92%D7%93%D7%95%D7%AA%D7%95-%D7%A9%D7%9C-%D7%91%D7%9F-%D7%94%D7%9E%D7%A0%D7%95%D7%97%D7%94-%D7%A9%D7%94%D7%95%D7%93%D7%A8-%D7%9E%D7%94%D7%A6%D7%95%D7%95%D7%90%D7%94-%D7%91%D7%98%D7%A2%D7%A0%D7%94-%D7%A9%D7%9C%D7%90-%D7%94%D7%99%D7%99%D7%AA%D7%94-%D7%9B%D7%A9%D7%99%D7%A8%D7%94/,DESKTOP,1,854,0.12%,31.4
https://jus-tice.co.il/%D7%91%D7%A7%D7%A9%D7%94-%D7%9C%D7%A7%D7%99%D7%95%D7%9D-%D7%A6%D7%95%D7%95%D7%90%D7%94-%D7%9B%D7%A0%D7%92%D7%93-%D7%94%D7%AA%D7%A0%D7%92%D7%93%D7%95%D7%AA%D7%95-%D7%A9%D7%9C-%D7%91%D7%9F-%D7%94%D7%9E%D7%A0%D7%95%D7%97%D7%94-%D7%A9%D7%94%D7%95%D7%93%D7%A8-%D7%9E%D7%94%D7%A6%D7%95%D7%95%D7%90%D7%94-%D7%91%D7%98%D7%A2%D7%A0%D7%94-%D7%A9%D7%9C%D7%90-%D7%94%D7%99%D7%99%D7%AA%D7%94-%D7%9B%D7%A9%D7%99%D7%A8%D7%94/,MOBILE,1,247,0.40%,21.2
https://jus-tice.co.il/%D7%91%D7%A7%D7%A9%D7%94-%D7%9C%D7%A8%D7%99%D7%A9%D7%95%D7%9D-%D7%9E%D7%9B%D7%A8/,DESKTOP,1,2882,0.03%,21.8
https://jus-tice.co.il/%D7%92%D7%96%D7%9C-%D7%A1%D7%95%D7%93-%D7%9E%D7%A1%D7%97%D7%A8%D7%99-%D7%A9%D7%99%D7%9E%D7%95%D7%A9-%D7%A9%D7%9C%D7%90-%D7%91%D7%A8%D7%A9%D7%99%D7%9E%D7%AA-%D7%9C%D7%A7%D7%95%D7%97%D7%95%D7%AA-%D7%90%D7%99-%D7%AA%D7%97%D7%A8%D7%95%D7%AA-%D7%95%D7%A9%D7%9E%D7%99%D7%A8%D7%AA-%D7%A1%D7%95%D7%93%D7%99%D7%95%D7%AA/,DESKTOP,1,945,0.11%,48.1
https://jus-tice.co.il/%D7%92%D7%99%D7%9C%D7%95%D7%99-%D7%A0%D7%90%D7%95%D7%AA-%D7%97%D7%A1%D7%A8-%D7%A9%D7%A0%D7%A2%D7%A9%D7%94-%D7%91%D7%A2%D7%A1%D7%A7%D7%AA-%D7%9E%D7%9B%D7%A8-%D7%91%D7%A8%D7%A9%D7%AA-%D7%94%D7%90%D7%99%D7%A0%D7%98%D7%A8%D7%A0%D7%98/,TABLET,1,4,25.00%,3.5
https://jus-tice.co.il/%D7%92%D7%99%D7%9C%D7%95%D7%99-%D7%A4%D7%A8%D7%98%D7%99-%D7%9E%D7%A9%D7%AA%D7%9E%D7%A9-%D7%A9%D7%9C-%D7%A4%D7%A8%D7%95%D7%A4%D7%99%D7%9C-%D7%A4%D7%99%D7%99%D7%A1%D7%91%D7%95%D7%A7-%D7%A4%D7%99%D7%A7%D7%98%D7%99%D7%91%D7%99-%D7%AA%D7%90-20419-03-21/,MOBILE,1,184,0.54%,46.3
https://jus-tice.co.il/%D7%92%D7%99%D7%A8%D7%95%D7%A9%D7%99%D7%9F-%D7%97%D7%9C%D7%95%D7%A7%D7%AA-%D7%A2%D7%A1%D7%A7-%D7%A0%D7%9B%D7%A1-%D7%90%D7%95-%D7%9E%D7%95%D7%A0%D7%99%D7%98%D7%99%D7%9F-%D7%9E%D7%A2%D7%9E%D7%93%D7%94-%D7%A9%D7%9C-%D7%97%D7%95%D7%93-%D7%9E%D7%95%D7%9E%D7%97%D7%94/,MOBILE,1,1289,0.08%,31.2
https://jus-tice.co.il/%D7%94%D7%90%D7%9D-%D7%9B%D7%93%D7%90%D7%99-%D7%9C%D7%A2%D7%91%D7%95%D7%93-%D7%A2%D7%9D-%D7%99%D7%95%D7%A2%D7%A5-%D7%A0%D7%93%D7%9C%D7%9F/,DESKTOP,1,3948,0.03%,27.9
https://jus-tice.co.il/%D7%94%D7%92%D7%99%D7%A8%D7%94-%D7%9E%D7%99%D7%A9%D7%A8%D7%90%D7%9C-%D7%A8%D7%A9%D7%99%D7%9E%D7%AA-%D7%94%D7%9C%D7%99%D7%9B%D7%99%D7%9D/,MOBILE,1,118,0.85%,24.0
https://jus-tice.co.il/%D7%94%D7%97%D7%96%D7%A7%D7%AA-%D7%99%D7%9C%D7%93%D7%99%D7%9D-%D7%9E%D7%A9%D7%9E%D7%95%D7%A8%D7%AA-%D7%9E%D7%A9%D7%95%D7%AA%D7%A4%D7%AA-%D7%91%D7%99%D7%AA-%D7%94%D7%93%D7%99%D7%9F-%D7%94%D7%A8%D7%91%D7%A0%D7%99/,DESKTOP,1,1993,0.05%,32.3
https://jus-tice.co.il/%D7%94%D7%97%D7%9C%D7%98%D7%94-%D7%91%D7%AA%D7%99%D7%A7-%D7%97%D7%93%D7%9C%D7%95%D7%AA-%D7%A4%D7%99%D7%A8%D7%A2%D7%95%D7%9F-%D7%A9%D7%9C-%D7%97%D7%91%D7%A8%D7%AA-%D7%A1%D7%98%D7%95%D7%93%D7%99%D7%95-c/,MOBILE,1,88,1.14%,9.0
https://jus-tice.co.il/%D7%94%D7%98%D7%A8%D7%93%D7%94-%D7%9E%D7%99%D7%A0%D7%99%D7%AA-%D7%91%D7%91%D7%A8-%D7%A9%D7%AA%D7%99%D7%99%D7%AA-%D7%90%D7%9C%D7%9B%D7%95%D7%94%D7%95%D7%9C-%D7%9E%D7%92%D7%95%D7%A4%D7%95-%D7%A9%D7%9C-%D7%90%D7%93%D7%9D-%D7%90%D7%97%D7%A8/,DESKTOP,1,1008,0.10%,60.0
https://jus-tice.co.il/%D7%94%D7%98%D7%A8%D7%93%D7%94-%D7%9E%D7%99%D7%A0%D7%99%D7%AA-%D7%91%D7%91%D7%A8-%D7%A9%D7%AA%D7%99%D7%99%D7%AA-%D7%90%D7%9C%D7%9B%D7%95%D7%94%D7%95%D7%9C-%D7%9E%D7%92%D7%95%D7%A4%D7%95-%D7%A9%D7%9C-%D7%90%D7%93%D7%9D-%D7%90%D7%97%D7%A8/,TABLET,1,1,100.00%,7.0
https://jus-tice.co.il/%D7%94%D7%9C%D7%99%D7%9A-%D7%94%D7%9E%D7%A2%D7%A6%D7%A8-%D7%9B%D7%9E%D7%94-%D7%A2%D7%95%D7%9C%D7%94-%D7%A2%D7%95%D7%A8%D7%9A-%D7%93%D7%99%D7%9F-%D7%9E%D7%A2%D7%A6%D7%A8%D7%99%D7%9D-%D7%9E%D7%97%D7%99%D7%A8%D7%95%D7%9F-%D7%A2%D7%95%D7%93-%D7%A4%D7%9C%D7%99%D7%9C%D7%99/,DESKTOP,1,6118,0.02%,52.8
https://jus-tice.co.il/%D7%94%D7%A0%D7%97%D7%99%D7%95%D7%AA-%D7%A4%D7%A8%D7%A7%D7%9C%D7%99%D7%98-%D7%94%D7%9E%D7%93%D7%99%D7%A0%D7%94-%D7%94%D7%A0%D7%97%D7%99%D7%94-%D7%9E%D7%A1%D7%A4%D7%A8-13/,MOBILE,1,822,0.12%,36.4
https://jus-tice.co.il/%D7%94%D7%A1%D7%9E%D7%9B%D7%95%D7%AA-%D7%9C%D7%A4%D7%A1%D7%95%D7%A7-%D7%91%D7%A2%D7%A0%D7%99%D7%99%D7%9F-%D7%94%D7%A8%D7%9B%D7%95%D7%A9-%D7%9C%D7%9E%D7%A8%D7%95%D7%AA-%D7%94%D7%A1%D7%9B%D7%9D-%D7%9E%D7%9E%D7%95%D7%9F-%D7%A9%D7%90%D7%95%D7%A9%D7%A8-%D7%91%D7%91%D7%99%D7%AA-%D7%94%D7%9E%D7%A9%D7%A4%D7%98/,MOBILE,1,100,1.00%,52.5
https://jus-tice.co.il/%D7%94%D7%A9%D7%95%D7%A4%D7%98%D7%AA-%D7%90%D7%95%D7%A8%D7%99%D7%AA-%D7%91%D7%9F-%D7%93%D7%95%D7%A8-%D7%9C%D7%99%D7%91%D7%9C-%D7%94%D7%97%D7%9C%D7%98%D7%94-%D7%91%D7%91%D7%A7%D7%A9%D7%94-%D7%9C%D7%A1%D7%A2%D7%93-%D7%94%D7%A6%D7%94%D7%A8%D7%AA%D7%99-%D7%A2%D7%9C-%D7%96%D7%9B%D7%95%D7%99%D7%95%D7%AA-%D7%91%D7%93%D7%99%D7%A8%D7%94-%D7%AA%D7%9E%D7%A9-50682-04-17/,DESKTOP,1,531,0.19%,50.9
https://jus-tice.co.il/%D7%94%D7%A9%D7%95%D7%A4%D7%98-%D7%90%D7%A8%D7%96-%D7%A9%D7%A0%D7%99-%D7%A4%D7%A1%D7%93-%D7%91%D7%AA%D7%91%D7%99%D7%A2%D7%AA-%D7%90%D7%91-%D7%9C%D7%9E%D7%A9%D7%9E%D7%95%D7%A8%D7%AA-%D7%95%D7%97%D7%9C%D7%95%D7%A7%D7%AA-%D7%96%D7%9E%D7%A0%D7%99-%D7%A9%D7%94%D7%95%D7%AA-%D7%A9%D7%95%D7%95%D7%99%D7%9D-%D7%AA%D7%9C%D7%94%D7%9E-64033-06-21/,DESKTOP,1,193,0.52%,33.8
https://jus-tice.co.il/%D7%94%D7%A9%D7%95%D7%A4%D7%98-%D7%90%D7%A8%D7%99%D7%90%D7%9C-%D7%9E%D7%9E%D7%9F-%D7%94%D7%97%D7%9C%D7%98%D7%94-%D7%9C%D7%9E%D7%AA%D7%9F-%D7%A6%D7%95-%D7%94%D7%92%D7%A0%D7%94-%D7%9C%D7%9E%D7%A0%D7%99%D7%A2%D7%AA-%D7%90%D7%9C%D7%99%D7%9E%D7%95%D7%AA-%D7%91%D7%9E%D7%A9%D7%A4%D7%97%D7%94-%D7%94%D7%98-40857-03-22/,DESKTOP,1,411,0.24%,71.2
https://jus-tice.co.il/%D7%94%D7%A9%D7%95%D7%A4%D7%98-%D7%90%D7%A8%D7%99%D7%90%D7%9C-%D7%9E%D7%9E%D7%9F-%D7%94%D7%97%D7%9C%D7%98%D7%94-%D7%9C%D7%9E%D7%AA%D7%9F-%D7%A6%D7%95-%D7%94%D7%92%D7%A0%D7%94-%D7%9C%D7%9E%D7%A0%D7%99%D7%A2%D7%AA-%D7%90%D7%9C%D7%99%D7%9E%D7%95%D7%AA-%D7%91%D7%9E%D7%A9%D7%A4%D7%97%D7%94-%D7%94%D7%98-40857-03-22/,MOBILE,1,98,1.02%,51.9
https://jus-tice.co.il/%D7%94%D7%A9%D7%A7%D7%A2%D7%95%D7%AA-%D7%A0%D7%93%D7%9C%D7%9F-%D7%91%D7%A0%D7%99%D7%95-%D7%99%D7%95%D7%A8%D7%A7-%D7%9E%D7%91%D7%98-%D7%9E%D7%95%D7%A8%D7%97%D7%91-%D7%9C%D7%9E%D7%A9%D7%A7%D7%99%D7%A2%D7%99%D7%9D-%D7%99%D7%A9%D7%A8%D7%90%D7%9C%D7%99%D7%9D/,DESKTOP,1,4371,0.02%,46.6
https://jus-tice.co.il/%D7%97%D7%93%D7%A9%D7%95%D7%AA-%D7%A4%D7%9C%D7%99%D7%9C%D7%99-%D7%9E%D7%AA%D7%A2%D7%93%D7%9B%D7%9F/,DESKTOP,1,1394,0.07%,50.3
https://jus-tice.co.il/%D7%97%D7%A9%D7%99%D7%A4%D7%AA-%D7%A4%D7%A8%D7%98%D7%99-%D7%9E%D7%A9%D7%AA%D7%9E%D7%A9-%D7%A8%D7%9E%D7%99-%D7%9E%D7%95%D7%A8-%D7%A0%D7%92%D7%93-%D7%91%D7%A8%D7%A7-%D7%90%D7%99-%D7%98%D7%99-%D7%A1%D7%99/,MOBILE,1,65,1.54%,12.6
https://jus-tice.co.il/%D7%9B%D7%99%D7%A6%D7%93-%D7%9C%D7%9E%D7%A6%D7%95%D7%90-%D7%A2%D7%96%D7%A8%D7%94-%D7%9E%D7%A9%D7%A4%D7%98%D7%99%D7%AA-%D7%9B%D7%90%D7%A9%D7%A8-%D7%90%D7%99%D7%A0%D7%9A-%D7%99%D7%9B%D7%95%D7%9C-%D7%9C%D7%94%D7%A8%D7%A9%D7%95%D7%AA-%D7%9C%D7%A2%D7%A6%D7%9E%D7%9A-%D7%A2%D7%95%D7%A8%D7%9A-%D7%93%D7%99%D7%9F/,DESKTOP,1,831,0.12%,32.6
https://jus-tice.co.il/%D7%9E%D7%90%D7%A1%D7%A8-%D7%91%D7%92%D7%99%D7%9F-%D7%94%D7%98%D7%A8%D7%93%D7%94-%D7%9E%D7%99%D7%A0%D7%99%D7%AA-%D7%95%D7%94%D7%AA%D7%A0%D7%9B%D7%9C%D7%95%D7%AA-%D7%91%D7%90%D7%9E%D7%A6%D7%A2%D7%95%D7%AA-%D7%A8%D7%A9%D7%AA-%D7%94%D7%98%D7%9C%D7%92%D7%A8%D7%9D-%D7%AA%D7%A4-43967-07-20/,DESKTOP,1,873,0.11%,48.1
https://jus-tice.co.il/%D7%9E%D7%93%D7%A8%D7%99%D7%9A-%D7%A2%D7%93%D7%9B%D7%A0%D7%99-%D7%9C%D7%94%D7%A1%D7%9B%D7%9D-%D7%9E%D7%9E%D7%95%D7%9F/,DESKTOP,1,3204,0.03%,60.1
https://jus-tice.co.il/%D7%9E%D7%94%D7%95-%D7%A8%D7%95%D7%A4%D7%90-%D7%9E%D7%94-%D7%AA%D7%A4%D7%A7%D7%99%D7%93%D7%95-%D7%95%D7%97%D7%95%D7%91%D7%95%D7%AA%D7%99%D7%95-%D7%94%D7%9E%D7%A7%D7%A6%D7%95%D7%A2%D7%99%D7%95%D7%AA/,MOBILE,1,114,0.88%,59.8
https://jus-tice.co.il/%D7%9E%D7%97%D7%99%D7%A8%D7%95%D7%9F-%D7%9E%D7%95%D7%9E%D7%9C%D7%A5-%D7%A2%D7%95%D7%A8%D7%9A-%D7%93%D7%99%D7%9F-%D7%A4%D7%9C%D7%99%D7%9C%D7%99/,TABLET,1,7,14.29%,30.9
https://jus-tice.co.il/%D7%9E%D7%99%D7%A0%D7%95%D7%99-%D7%9E%D7%A0%D7%94%D7%9C-%D7%A2%D7%99%D7%96%D7%91%D7%95%D7%9F-%D7%9B%D7%9E%D7%A4%D7%95%D7%A8%D7%98-%D7%91%D7%A6%D7%95%D7%95%D7%90%D7%94-%D7%95%D7%94%D7%AA%D7%A0%D7%92%D7%93%D7%95%D7%AA-%D7%9C%D7%91%D7%A7%D7%A9%D7%94/,DESKTOP,1,1885,0.05%,43.9
https://jus-tice.co.il/%D7%9E%D7%A9%D7%A8%D7%93-%D7%94%D7%9E%D7%A9%D7%A4%D7%98%D7%99%D7%9D-%D7%99%D7%A9%D7%A8%D7%90%D7%9C/%D7%A1%D7%A0%D7%99%D7%92%D7%95%D7%A8%D7%99%D7%94-%D7%A6%D7%99%D7%91%D7%95%D7%A8%D7%99%D7%AA/,MOBILE,1,643,0.16%,26.4
https://jus-tice.co.il/%D7%9E%D7%A9%D7%A8%D7%93-%D7%A2%D7%95%D7%A8%D7%9B%D7%99-%D7%93%D7%99%D7%9F-%D7%A4%D7%9C%D7%99%D7%9C%D7%99-%D7%94%D7%9B%D7%99-%D7%98%D7%95%D7%91-%D7%AA%D7%9C-%D7%90%D7%91%D7%99%D7%91/,DESKTOP,1,11473,0.01%,52.3
https://jus-tice.co.il/%D7%9E%D7%A9%D7%A8%D7%93-%D7%A2%D7%95%D7%A8%D7%9B%D7%99-%D7%93%D7%99%D7%9F-%D7%A4%D7%9C%D7%99%D7%9C%D7%99-%D7%94%D7%9B%D7%99-%D7%98%D7%95%D7%91-%D7%AA%D7%9C-%D7%90%D7%91%D7%99%D7%91/,MOBILE,1,957,0.10%,51.1
https://jus-tice.co.il/%D7%A0%D7%91%D7%97%D7%A8%D7%AA-%D7%94%D7%97%D7%9C%D7%95%D7%9E%D7%95%D7%AA-%D7%A9%D7%9C-%D7%A2%D7%95%D7%A8%D7%9B%D7%99-%D7%94%D7%93%D7%99%D7%9F/,DESKTOP,1,142,0.70%,29.6
https://jus-tice.co.il/%D7%A0%D7%95%D7%A1%D7%97-%D7%9B%D7%AA%D7%91-%D7%94%D7%90%D7%99%D7%A9%D7%95%D7%9D-%D7%A0%D7%92%D7%93-%D7%91%D7%A0%D7%99%D7%9E%D7%99%D7%9F-%D7%A0%D7%AA%D7%A0%D7%99%D7%94%D7%95-%D7%AA%D7%99%D7%A7%D7%99%D7%9D-1000-2000-4000,DESKTOP,1,91,1.10%,52.0
https://jus-tice.co.il/%D7%A0%D7%99%D7%94%D7%95%D7%9C-%D7%9E%D7%95%D7%A0%D7%99%D7%98%D7%99%D7%9F-%D7%9E%D7%A7%D7%95%D7%95%D7%9F-%D7%9C%D7%A2%D7%95%D7%A8%D7%9B%D7%99-%D7%93%D7%99%D7%9F-%D7%91%D7%A8%D7%A9%D7%AA-%D7%94%D7%90%D7%99%D7%A0%D7%98%D7%A8%D7%A0%D7%98/,DESKTOP,1,4925,0.02%,38.2
https://jus-tice.co.il/%D7%A1%D7%98%D7%98%D7%99%D7%A1%D7%98%D7%99%D7%A7%D7%94-%D7%A2%D7%9C-%D7%92%D7%99%D7%A8%D7%95%D7%A9%D7%99%D7%9F/,MOBILE,1,104,0.96%,40.5
https://jus-tice.co.il/%D7%A1%D7%99%D7%95%D7%A2-%D7%9E%D7%A9%D7%A4%D7%98%D7%99-%D7%9C%D7%A0%D7%A4%D7%92%D7%A2%D7%99-%D7%A2%D7%91%D7%99%D7%A8%D7%94/,DESKTOP,1,698,0.14%,60.5
https://jus-tice.co.il/%D7%A1%D7%99%D7%95%D7%A2-%D7%9E%D7%A9%D7%A4%D7%98%D7%99-%D7%9C%D7%A0%D7%A4%D7%92%D7%A2%D7%99-%D7%A2%D7%91%D7%99%D7%A8%D7%94/,MOBILE,1,216,0.46%,21.5
https://jus-tice.co.il/%D7%A1%D7%A2%D7%A934999-11-21-%D7%A1%D7%A2%D7%99%D7%A3-46-%D7%90-%D7%9C%D7%AA%D7%A7%D7%A0%D7%95%D7%AA-%D7%91%D7%99%D7%AA-%D7%94%D7%93%D7%99%D7%9F-%D7%9C%D7%A2%D7%91%D7%95%D7%93%D7%94/,MOBILE,1,165,0.61%,41.6
https://jus-tice.co.il/%D7%A2%D7%95%D7%A0%D7%A9-%D7%A4%D7%9C%D7%99%D7%9C%D7%99-%D7%9C%D7%A0%D7%90%D7%A9%D7%9D-%D7%91%D7%90%D7%99%D7%A0%D7%95%D7%A1-%D7%95%D7%9E%D7%A2%D7%A9%D7%94-%D7%A1%D7%93%D7%95%D7%9D-%D7%91%D7%A7%D7%98%D7%99%D7%A0%D7%94/,MOBILE,1,374,0.27%,68.9
https://jus-tice.co.il/%D7%A2%D7%95%D7%A8%D7%9A-%D7%93%D7%99%D7%9F-%D7%A4%D7%95%D7%A8%D7%A7%D7%A1-forex/,DESKTOP,1,9981,0.01%,34.3
https://jus-tice.co.il/%D7%A2%D7%95%D7%A8%D7%9A-%D7%93%D7%99%D7%9F-%D7%A4%D7%9C%D7%99%D7%9C%D7%99-%D7%94%D7%9B%D7%99-%D7%98%D7%95%D7%91-%D7%91%D7%90%D7%A8%D7%A5/,DESKTOP,1,9532,0.01%,48.4
https://jus-tice.co.il/%D7%A2%D7%95%D7%A8%D7%9A-%D7%93%D7%99%D7%9F-%D7%A4%D7%9C%D7%99%D7%9C%D7%99-%D7%99%D7%95%D7%A6%D7%90-%D7%A4%D7%A8%D7%A7%D7%9C%D7%99%D7%98%D7%95%D7%AA-%D7%94%D7%9E%D7%9C%D7%A6%D7%95%D7%AA-%D7%A2%D7%95%D7%93-%D7%A4%D7%9C%D7%99%D7%9C%D7%99-%D7%AA%D7%91%D7%99%D7%A2%D7%95%D7%AA/,DESKTOP,1,808,0.12%,42.0
https://jus-tice.co.il/%D7%A2%D7%95%D7%A8%D7%9A-%D7%93%D7%99%D7%9F-%D7%A4%D7%9C%D7%99%D7%9C%D7%99-%D7%9E%D7%A4%D7%95%D7%A8%D7%A1%D7%9D-%D7%A2%D7%95%D7%93-%D7%A4%D7%9C%D7%99%D7%9C%D7%99-%D7%9E%D7%A4%D7%95%D7%A8%D7%A1%D7%9D-%D7%91%D7%99%D7%A9%D7%A8%D7%90%D7%9C/,DESKTOP,1,11641,0.01%,61.4
https://jus-tice.co.il/%D7%A2%D7%95%D7%A8%D7%9A-%D7%93%D7%99%D7%9F-%D7%A6%D7%91%D7%90%D7%99/,DESKTOP,1,26350,0.00%,49.1
https://jus-tice.co.il/%D7%A2%D7%95%D7%A8%D7%9B%D7%AA-%D7%93%D7%99%D7%9F-%D7%92%D7%90%D7%A1%D7%98%D7%99%D7%A1-%D7%99%D7%A9%D7%A8%D7%90%D7%9C/,DESKTOP,1,16,6.25%,1.6
https://jus-tice.co.il/%D7%A2%D7%9E-49933-03-20/,MOBILE,1,95,1.05%,20.6
https://jus-tice.co.il/%D7%A4%D7%A1%D7%93-%D7%91%D7%A0%D7%95%D7%A9%D7%90-%D7%97%D7%95%D7%A4%D7%A9-%D7%94%D7%A2%D7%99%D7%A1%D7%95%D7%A7-%D7%A1%D7%A2%D7%A9-49088-11-18/,DESKTOP,1,1717,0.06%,30.4
https://jus-tice.co.il/%D7%A4%D7%A1%D7%93-%D7%91%D7%A0%D7%95%D7%A9%D7%90-%D7%97%D7%95%D7%A4%D7%A9-%D7%94%D7%A2%D7%99%D7%A1%D7%95%D7%A7-%D7%A1%D7%A2%D7%A9-49088-11-18/,MOBILE,1,353,0.28%,35.6
https://jus-tice.co.il/%D7%A4%D7%A1%D7%93-%D7%91%D7%A2%D7%A0%D7%99%D7%99%D7%9F-%D7%AA%D7%91%D7%99%D7%A2%D7%AA-%D7%A4%D7%99%D7%A6%D7%95%D7%99%D7%99%D7%9D-%D7%9B%D7%A0%D7%92%D7%93-%D7%A8%D7%95%D7%A4%D7%90-%D7%A9%D7%99%D7%A0%D7%99%D7%99%D7%9D-%D7%AA%D7%90-9109-12-19/,MOBILE,1,239,0.42%,63.0
https://jus-tice.co.il/%D7%A4%D7%A1%D7%93-%D7%91%D7%A9%D7%AA%D7%99-%D7%AA%D7%95%D7%91%D7%A2%D7%A0%D7%95%D7%AA-%D7%91%D7%A0%D7%95%D7%A9%D7%90-%D7%92%D7%91%D7%99%D7%99%D7%AA-%D7%9E%D7%96%D7%95%D7%A0%D7%95%D7%AA-%D7%95%D7%91%D7%99%D7%98%D7%95%D7%9C-%D7%94%D7%A1%D7%9B%D7%9D-%D7%97%D7%9C%D7%95%D7%A7%D7%AA-%D7%A2%D7%99%D7%96%D7%91%D7%95%D7%9F/,DESKTOP,1,193,0.52%,52.9
https://jus-tice.co.il/%D7%A4%D7%A1%D7%93-%D7%AA%D7%91%D7%99%D7%A2%D7%94-%D7%9C%D7%AA%D7%A9%D7%9C%D7%95%D7%9D-%D7%A4%D7%99%D7%A6%D7%95%D7%99%D7%99%D7%9D-%D7%91%D7%A9%D7%9C-%D7%A0%D7%96%D7%A7%D7%99-%D7%92%D7%95%D7%A3-%D7%A9%D7%A0%D7%92%D7%A8%D7%9E%D7%95-%D7%91%D7%A9%D7%9C-%D7%AA%D7%90%D7%95%D7%A0%D7%AA-%D7%93%D7%A8%D7%9B%D7%99%D7%9D/,DESKTOP,1,2915,0.03%,71.3
https://jus-tice.co.il/%D7%A4%D7%A1%D7%93-%D7%AA%D7%91%D7%99%D7%A2%D7%94-%D7%9C%D7%AA%D7%A9%D7%9C%D7%95%D7%9D-%D7%A4%D7%99%D7%A6%D7%95%D7%99%D7%99%D7%9D-%D7%91%D7%A9%D7%9C-%D7%A0%D7%96%D7%A7%D7%99-%D7%92%D7%95%D7%A3-%D7%A9%D7%A0%D7%92%D7%A8%D7%9E%D7%95-%D7%91%D7%A9%D7%9C-%D7%AA%D7%90%D7%95%D7%A0%D7%AA-%D7%93%D7%A8%D7%9B%D7%99%D7%9D/,MOBILE,1,229,0.44%,56.0
https://jus-tice.co.il/%D7%A4%D7%A1%D7%A7-%D7%93%D7%99%D7%9F-%D7%91%D7%A2%D7%A0%D7%99%D7%99%D7%9F-%D7%9E%D7%97%D7%9C%D7%95%D7%A7%D7%AA-%D7%A6%D7%A8%D7%9B%D7%A0%D7%99%D7%AA-%D7%91%D7%99%D7%9F-%D7%A6%D7%93%D7%93%D7%99%D7%9D-%D7%91%D7%A9%D7%9C-%D7%A8%D7%9B%D7%99%D7%A9%D7%AA-%D7%9E%D7%A9%D7%A7%D7%A4%D7%99-%D7%A8%D7%90%D7%99%D7%94/,MOBILE,1,9,11.11%,20.9
https://jus-tice.co.il/%D7%A4%D7%A1%D7%A7-%D7%93%D7%99%D7%9F-%D7%94%D7%A6%D7%94%D7%A8%D7%AA%D7%99-%D7%91%D7%A0%D7%95%D7%92%D7%A2-%D7%9C%D7%9E%D7%97%D7%A6%D7%99%D7%AA-%D7%9E%D7%94%D7%96%D7%9B%D7%95%D7%99%D7%95%D7%AA-%D7%91%D7%91%D7%99%D7%AA-%D7%95%D7%91%D7%A7%D7%A8%D7%A7%D7%A2-%D7%AA%D7%9E%D7%A9-35298-10-19/,MOBILE,1,266,0.38%,40.3
https://jus-tice.co.il/%D7%A6%D7%95-%D7%91%D7%99%D7%AA-%D7%9E%D7%A9%D7%A4%D7%98-%D7%9C%D7%94%D7%A9%D7%91%D7%AA-%D7%A0%D7%A9%D7%A7-%D7%90%D7%99%D7%A9%D7%99/,MOBILE,1,447,0.22%,68.9
https://jus-tice.co.il/%D7%A7%D7%91%D7%99%D7%A2%D7%AA-%D7%9E%D7%95%D7%A2%D7%93-%D7%94%D7%A7%D7%A8%D7%A2-%D7%9C%D7%A2%D7%A0%D7%99%D7%99%D7%9F-%D7%90%D7%99%D7%96%D7%95%D7%9F-%D7%94%D7%9E%D7%A9%D7%90%D7%91%D7%99%D7%9D-%D7%91%D7%99%D7%9F-%D7%91%D7%A0%D7%99-%D7%96%D7%95%D7%92-%D7%AA%D7%9C%D7%94%D7%9E-18194-04-22/,MOBILE,1,247,0.40%,21.0
https://jus-tice.co.il/%D7%AA%D7%97%D7%A0%D7%95%D7%AA-%D7%9E%D7%A9%D7%98%D7%A8%D7%94-%D7%9B%D7%AA%D7%95%D7%91%D7%AA-%D7%98%D7%9C%D7%A4%D7%95%D7%9F-%D7%A8%D7%A9%D7%99%D7%9E%D7%94-%D7%90%D7%A8%D7%A6%D7%99%D7%AA-%D7%9E%D7%A2%D7%95%D7%93%D7%9B%D7%9F/,TABLET,1,30,3.33%,11.7
https://jus-tice.co.il/%D7%AA%D7%A469728-06-20%D7%9E%D7%93%D7%99%D7%A0%D7%AA-%D7%99%D7%A9%D7%A8%D7%90%D7%9C-%D7%A0-%D7%A1%D7%95%D7%9C%D7%95%D7%9E%D7%95%D7%9F/,MOBILE,1,139,0.72%,68.9
https://jus-tice.co.il/%D7%AA%D7%A7%D7%A0%D7%95%D7%AA-%D7%94%D7%91%D7%99%D7%98%D7%95%D7%97-%D7%94%D7%9C%D7%90%D7%95%D7%9E%D7%99-%D7%A7%D7%91%D7%99%D7%A2%D7%AA-%D7%93%D7%A8%D7%92%D7%AA-%D7%A0%D7%9B%D7%95%D7%AA-%D7%9C%D7%A0%D7%A4%D7%92%D7%A2%D7%99-%D7%A2%D7%91%D7%95%D7%93%D7%94-%D7%AA%D7%A9%D7%98%D7%96-1956/,DESKTOP,1,4172,0.02%,27.1
https://jus-tice.co.il/11314-01-23/,DESKTOP,1,209,0.48%,30.0
https://jus-tice.co.il/1495176/4/,MOBILE,1,9,11.11%,55.7
https://jus-tice.co.il/17044-12-22/,MOBILE,1,23,4.35%,56.2
https://jus-tice.co.il/2015-2016-major-supreme-court-ruling/,MOBILE,1,45,2.22%,26.3
https://jus-tice.co.il/2019-2020-major-supreme-court-ruling,MOBILE,1,258,0.39%,30.7
https://jus-tice.co.il/21213-04-18/,MOBILE,1,90,1.11%,55.2
https://jus-tice.co.il/39514-09-19/,DESKTOP,1,821,0.12%,59.9
https://jus-tice.co.il/40939-11-19/,DESKTOP,1,159,0.63%,46.4
https://jus-tice.co.il/52923-11-20/,DESKTOP,1,257,0.39%,69.0
https://jus-tice.co.il/55188-07-20/,TABLET,1,10,10.00%,7.3
https://jus-tice.co.il/70703-09-24/,MOBILE,1,6,16.67%,26.0
https://jus-tice.co.il/9230-03-20/,MOBILE,1,1632,0.06%,63.2
https://jus-tice.co.il/about-usa/,DESKTOP,1,7086,0.01%,32.4
https://jus-tice.co.il/about-usa/,MOBILE,1,6023,0.02%,14.5
https://jus-tice.co.il/accountant/,DESKTOP,1,4295,0.02%,55.6
https://jus-tice.co.il/adoption-usa/,MOBILE,1,73,1.37%,38.1
https://jus-tice.co.il/american-bar-association/,MOBILE,1,203,0.49%,34.2
https://jus-tice.co.il/americas-best-law-schools/,DESKTOP,1,1127,0.09%,46.9
https://jus-tice.co.il/apply-for-police-criminal-information-certificates/,TABLET,1,25,4.00%,8.5
https://jus-tice.co.il/arbitration-dispute-between-partners-law-firm/,MOBILE,1,34,2.94%,2.8
https://jus-tice.co.il/arrested-abroad-il/,DESKTOP,1,846,0.12%,56.1
https://jus-tice.co.il/articles/%D7%90%D7%99%D7%9A-%D7%9C%D7%91%D7%97%D7%95%D7%A8-%D7%9E%D7%A9%D7%A8%D7%93-%D7%A2%D7%95%D7%A8%D7%9A-%D7%93%D7%99%D7%9F-%D7%92%D7%99%D7%A8%D7%95%D7%A9%D7%99%D7%9F-%D7%9B%D7%A9%D7%9E%D7%AA%D7%92%D7%A8/,MOBILE,1,289,0.35%,70.4
https://jus-tice.co.il/articles/%D7%90%D7%99%D7%AA%D7%9F-%D7%94%D7%90%D7%96%D7%A8%D7%97%D7%99-%D7%95%D7%A9%D7%95%D7%AA-%D7%9E%D7%A9%D7%A8%D7%93-%D7%A2%D7%95%D7%A8%D7%9B%D7%99-%D7%93%D7%99%D7%9F/,MOBILE,1,139,0.72%,10.5
https://jus-tice.co.il/articles/%D7%90%D7%A7%D7%98%D7%95%D7%90%D7%A8-%D7%9E%D7%94%D7%95-%D7%9E%D7%93%D7%A2-%D7%94%D7%90%D7%A7%D7%98%D7%95%D7%90%D7%A8%D7%99%D7%94/,DESKTOP,1,12009,0.01%,35.9
https://jus-tice.co.il/articles/%D7%90%D7%A7%D7%98%D7%95%D7%90%D7%A8-%D7%9E%D7%94%D7%95-%D7%9E%D7%93%D7%A2-%D7%94%D7%90%D7%A7%D7%98%D7%95%D7%90%D7%A8%D7%99%D7%94/,MOBILE,1,650,0.15%,30.3
https://jus-tice.co.il/articles/%D7%94%D7%A6%D7%A2%D7%AA-%D7%97%D7%95%D7%A7-%D7%93%D7%99%D7%A0%D7%99-%D7%9E%D7%9E%D7%95%D7%A0%D7%95%D7%AA-%D7%94%D7%AA%D7%A9%D7%A2%D7%90-2011-%D7%A2%D7%9D-%D7%94%D7%A1%D7%91%D7%A8%D7%99%D7%9D/,MOBILE,1,210,0.48%,13.3
https://jus-tice.co.il/articles/%D7%94%D7%A9%D7%95%D7%A4%D7%98%D7%AA-%D7%9E%D7%99%D7%9B%D7%9C-%D7%90%D7%92%D7%9E%D7%95%D7%9F-%D7%92%D7%95%D7%A0%D7%9F-%D7%A4%D7%A1%D7%93-%D7%91%D7%AA%D7%91%D7%99%D7%A2%D7%94-%D7%99%D7%99%D7%A6/,DESKTOP,1,61,1.64%,20.3
https://jus-tice.co.il/articles/%D7%94%D7%A9%D7%95%D7%A4%D7%98%D7%AA-%D7%9E%D7%99%D7%9B%D7%9C-%D7%90%D7%92%D7%9E%D7%95%D7%9F-%D7%92%D7%95%D7%A0%D7%9F-%D7%A4%D7%A1%D7%93-%D7%91%D7%AA%D7%91%D7%99%D7%A2%D7%94-%D7%99%D7%99%D7%A6/,MOBILE,1,66,1.52%,13.6
https://jus-tice.co.il/articles/%D7%94%D7%A9%D7%95%D7%A4%D7%98-%D7%99%D7%97%D7%96%D7%A7%D7%90%D7%9C-%D7%90%D7%9C%D7%99%D7%94%D7%95-%D7%94%D7%97%D7%9C%D7%98%D7%94-%D7%91%D7%91%D7%A7%D7%A9%D7%94-%D7%9C%D7%A6%D7%A8%D7%A3-%D7%AA%D7%95/,MOBILE,1,95,1.05%,15.6
https://jus-tice.co.il/articles/%D7%97%D7%9C%D7%95%D7%A7%D7%AA-%D7%96%D7%9E%D7%A0%D7%99-%D7%A9%D7%94%D7%95%D7%AA-%D7%9E%D7%99%D7%A0%D7%95%D7%99-%D7%9E%D7%AA%D7%90%D7%9D-%D7%94%D7%95%D7%A8%D7%99-%D7%A2%D7%9D-%D7%A1%D7%9E%D7%9B/,MOBILE,1,27,3.70%,21.9
https://jus-tice.co.il/articles/%D7%9E%D7%96%D7%95%D7%A0%D7%95%D7%AA-%D7%94%D7%99%D7%9C%D7%93%D7%99%D7%9D-%D7%AA%D7%A9%D7%9C%D7%95%D7%9D-%D7%A4%D7%A2%D7%95%D7%98%D7%95%D7%9F-%D7%A6%D7%94%D7%A8%D7%95%D7%9F-%D7%95%D7%9E/,MOBILE,1,10,10.00%,16.6
https://jus-tice.co.il/articles/%D7%9E%D7%97%D7%A7%D7%A8-%D7%A4%D7%9C%D7%99%D7%9C%D7%99-%D7%92%D7%95%D7%A4%D7%99%D7%9D-%D7%A1%D7%98%D7%98%D7%95%D7%98%D7%95%D7%A8%D7%99%D7%99%D7%9D-%D7%94%D7%A2%D7%95%D7%A1%D7%A7%D7%99%D7%9D-%D7%91/,DESKTOP,1,205,0.49%,29.9
https://jus-tice.co.il/articles/%D7%9E%D7%A7%D7%A8%D7%99-%D7%A8%D7%A9%D7%9C%D7%A0%D7%95%D7%AA-%D7%A8%D7%A4%D7%95%D7%90%D7%99%D7%AA-%D7%93%D7%95%D7%92%D7%9E%D7%90%D7%95%D7%AA/,MOBILE,1,519,0.19%,36.7
https://jus-tice.co.il/articles/%D7%A4%D7%92%D7%99%D7%A2%D7%94-%D7%91%D7%A4%D7%A8%D7%98%D7%99%D7%95%D7%AA-%D7%A1%D7%A7%D7%99%D7%A8%D7%AA-%D7%94%D7%9E%D7%A1%D7%92%D7%A8%D7%AA-%D7%94%D7%A0%D7%95%D7%A8%D7%9E%D7%98%D7%99%D7%91%D7%99/,DESKTOP,1,1217,0.08%,52.4
https://jus-tice.co.il/articles/%D7%A4%D7%92%D7%99%D7%A2%D7%94-%D7%91%D7%A4%D7%A8%D7%98%D7%99%D7%95%D7%AA-%D7%A1%D7%A7%D7%99%D7%A8%D7%AA-%D7%94%D7%9E%D7%A1%D7%92%D7%A8%D7%AA-%D7%94%D7%A0%D7%95%D7%A8%D7%9E%D7%98%D7%99%D7%91%D7%99/,MOBILE,1,369,0.27%,54.3
https://jus-tice.co.il/articles/%D7%AA%D7%90-40044-06-18-%D7%A4%D7%A8%D7%95%D7%99%D7%A7%D7%98-%D7%9E%D7%A8%D7%9B%D7%96-%D7%A0%D7%AA%D7%A0%D7%99%D7%94-%D7%9B%D7%97%D7%95%D7%9C-%D7%9C%D7%91%D7%9F-%D7%91%D7%A2%D7%9E-%D7%95%D7%90/,MOBILE,1,11,9.09%,23.2
https://jus-tice.co.il/articles/%D7%AA%D7%A4-26290-04-18-%D7%9E%D7%93%D7%99%D7%A0%D7%AA-%D7%99%D7%A9%D7%A8%D7%90%D7%9C-%D7%A0-%D7%99%D7%95%D7%A1%D7%A4%D7%94-%D7%91%D7%A8%D7%A7/,MOBILE,1,102,0.98%,41.8
https://jus-tice.co.il/baker-mckenzie/,TABLET,1,4,25.00%,3.8
https://jus-tice.co.il/belgian-lawyers/,DESKTOP,1,1595,0.06%,16.4
https://jus-tice.co.il/best-criminal-defence-lawyers-worldwide/,DESKTOP,1,3242,0.03%,36.2
https://jus-tice.co.il/best-criminal-defence-lawyers-worldwide/,MOBILE,1,371,0.27%,31.1
https://jus-tice.co.il/buying-property-in-greece/,DESKTOP,1,18845,0.01%,47.5
https://jus-tice.co.il/buying-property-in-portugal/,DESKTOP,1,16648,0.01%,35.3
https://jus-tice.co.il/cadastre/,MOBILE,1,171,0.58%,9.1
https://jus-tice.co.il/canada-lawyers/,DESKTOP,1,1228,0.08%,17.0
https://jus-tice.co.il/cancel-a-divorce-settlement-agreement/,MOBILE,1,2030,0.05%,49.0
https://jus-tice.co.il/cascais/,TABLET,1,1,100.00%,16.0
https://jus-tice.co.il/changing-or-canceling-a-prenuptial-agreement/,DESKTOP,1,6286,0.02%,42.5
https://jus-tice.co.il/child-pornography-laws-in-the-united-states/,MOBILE,1,92,1.09%,35.0
https://jus-tice.co.il/cohabitation-property-rights-for-unmarried-couples/,TABLET,1,2,50.00%,12.0
https://jus-tice.co.il/compensation-flight-delayed/,DESKTOP,1,3152,0.03%,63.0
https://jus-tice.co.il/consent/,DESKTOP,1,1017,0.10%,23.4
https://jus-tice.co.il/court-judge/,TABLET,1,13,7.69%,12.5
https://jus-tice.co.il/criminal-negligence/,MOBILE,1,306,0.33%,11.0
https://jus-tice.co.il/cyber-law/,DESKTOP,1,1646,0.06%,37.4
https://jus-tice.co.il/cyber-law/,MOBILE,1,159,0.63%,50.8
https://jus-tice.co.il/cyber-laws/,DESKTOP,1,1244,0.08%,45.8
https://jus-tice.co.il/cyber-lawyer/,DESKTOP,1,8895,0.01%,46.5
https://jus-tice.co.il/cybersex-trafficking/,MOBILE,1,126,0.79%,44.7
https://jus-tice.co.il/cyprus-lawyer/,DESKTOP,1,4080,0.02%,22.6
https://jus-tice.co.il/decision17331-01-17/,MOBILE,1,60,1.67%,10.4
https://jus-tice.co.il/decision20043-03-23/,DESKTOP,1,208,0.48%,9.0
https://jus-tice.co.il/decision22431-08-19/,MOBILE,1,70,1.43%,57.5
https://jus-tice.co.il/decision22695-02-20/,DESKTOP,1,1388,0.07%,58.0
https://jus-tice.co.il/decision22695-02-20/,MOBILE,1,63,1.59%,73.2
https://jus-tice.co.il/decision42377-09-22/,MOBILE,1,236,0.42%,23.7
https://jus-tice.co.il/decision50014-01-19/,DESKTOP,1,581,0.17%,45.3
https://jus-tice.co.il/decision56187-03-21/,DESKTOP,1,221,0.45%,63.4
https://jus-tice.co.il/decision60362-03-22/,MOBILE,1,61,1.64%,25.4
https://jus-tice.co.il/decision66529-11-19/,DESKTOP,1,34,2.94%,20.3
https://jus-tice.co.il/description-and-structure-of-the-ministry-of-justice/,DESKTOP,1,1858,0.05%,58.2
https://jus-tice.co.il/driving-under-the-influence-of-drugs/,DESKTOP,1,5618,0.02%,35.3
https://jus-tice.co.il/driving-under-the-influence-of-drugs/,MOBILE,1,1628,0.06%,34.8
https://jus-tice.co.il/drug-trafficking/,MOBILE,1,524,0.19%,24.0
https://jus-tice.co.il/dun-bradstreet/,MOBILE,1,120,0.83%,29.7
https://jus-tice.co.il/epa-guide-qa/,DESKTOP,1,519,0.19%,57.9
https://jus-tice.co.il/everything-you-need-to-know-about-becoming-a-criminal-lawyer/,DESKTOP,1,4828,0.02%,62.8
https://jus-tice.co.il/everything-you-need-to-know-about-becoming-a-criminal-lawyer/,MOBILE,1,752,0.13%,63.6
https://jus-tice.co.il/extradition-guide/,DESKTOP,1,2301,0.04%,19.8
https://jus-tice.co.il/family-law/,DESKTOP,1,6260,0.02%,62.2
https://jus-tice.co.il/family-law/,MOBILE,1,1270,0.08%,55.7
https://jus-tice.co.il/force-majeure,MOBILE,1,54,1.85%,21.8
https://jus-tice.co.il/foreign_legal_opinion/,MOBILE,1,107,0.93%,27.6
https://jus-tice.co.il/free-divorce-agreement-template/,TABLET,1,47,2.13%,14.9
https://jus-tice.co.il/germany-lawyers/,DESKTOP,1,3712,0.03%,46.9
https://jus-tice.co.il/germany-lawyers/,MOBILE,1,456,0.22%,66.0
https://jus-tice.co.il/government-of-portugal/,MOBILE,1,169,0.59%,9.7
https://jus-tice.co.il/greece-price-list/,DESKTOP,1,5651,0.02%,39.8
https://jus-tice.co.il/greece-price-list/,TABLET,1,9,11.11%,8.4
https://jus-tice.co.il/guide-buying-property-portugal-israelis/,MOBILE,1,828,0.12%,39.1
https://jus-tice.co.il/herzog-fox-neeman/,MOBILE,1,308,0.32%,16.8
https://jus-tice.co.il/how-much-does-a-lawyer-cost/,MOBILE,1,983,0.10%,70.0
https://jus-tice.co.il/how-much-does-prenup-cost/,DESKTOP,1,5799,0.02%,39.8
https://jus-tice.co.il/how-much-will-a-criminal-defense-lawyer-cost/,TABLET,1,5,20.00%,5.6
https://jus-tice.co.il/how-to-run-a-successful-law-firm/,MOBILE,1,721,0.14%,38.6
https://jus-tice.co.il/human-trafficking/,MOBILE,1,49,2.04%,35.5
https://jus-tice.co.il/immigration-lawyer/,DESKTOP,1,31516,0.00%,45.0
https://jus-tice.co.il/infidelity-statistics-reasons-suspicions/,MOBILE,1,283,0.35%,43.0
https://jus-tice.co.il/international-notaries/,MOBILE,1,24,4.17%,32.2
https://jus-tice.co.il/israel-police/,DESKTOP,1,2669,0.04%,45.2
https://jus-tice.co.il/israeli-labor-law/,DESKTOP,1,1724,0.06%,66.8
https://jus-tice.co.il/italy-lawyers/,MOBILE,1,456,0.22%,16.4
https://jus-tice.co.il/japan-attorneys/,MOBILE,1,59,1.69%,48.8
https://jus-tice.co.il/leading-criminal-law-firm/,MOBILE,1,735,0.14%,43.3
https://jus-tice.co.il/lease/,MOBILE,1,663,0.15%,26.3
https://jus-tice.co.il/legal-awareness/,DESKTOP,1,327,0.31%,36.4
https://jus-tice.co.il/legal-courses-for-lawyers/,TABLET,1,1,100.00%,11.0
https://jus-tice.co.il/legal-tax-saving-guide/,MOBILE,1,15,6.67%,44.0
https://jus-tice.co.il/legal_informaticsartificial_intelligence/,DESKTOP,1,898,0.11%,54.9
https://jus-tice.co.il/legal_informaticsartificial_intelligence/,MOBILE,1,54,1.85%,37.5
https://jus-tice.co.il/list-of-companies-of-portugal/,DESKTOP,1,133,0.75%,12.9
https://jus-tice.co.il/list-of-types-of-fraud/,MOBILE,1,342,0.29%,29.1
https://jus-tice.co.il/marital-property-agreement/,MOBILE,1,1170,0.09%,35.8
https://jus-tice.co.il/mexico-lawyers/,DESKTOP,1,916,0.11%,14.4
https://jus-tice.co.il/mexico-lawyers/,MOBILE,1,13,7.69%,66.5
https://jus-tice.co.il/miami-florida-lawyers/,DESKTOP,1,1479,0.07%,25.8
https://jus-tice.co.il/miranda-warning/,DESKTOP,1,792,0.13%,50.4
https://jus-tice.co.il/mom-full-custody/,DESKTOP,1,8355,0.01%,52.0
https://jus-tice.co.il/most-famous-murder-acquittal-cases/,DESKTOP,1,111,0.90%,25.1
https://jus-tice.co.il/online-rent-agreement/,TABLET,1,3,33.33%,5.0
https://jus-tice.co.il/police-records-data-deletion/,DESKTOP,1,29517,0.00%,32.9
https://jus-tice.co.il/portugal-economy/,DESKTOP,1,525,0.19%,48.8
https://jus-tice.co.il/portugal-noatary/,DESKTOP,1,407,0.25%,22.2
https://jus-tice.co.il/portuguese-people/,DESKTOP,1,2005,0.05%,35.3
https://jus-tice.co.il/psakdin/%D7%90%D7%99%D7%9E%D7%95%D7%A5-%D7%99%D7%9C%D7%93-%D7%9E%D7%90%D7%95%D7%A7%D7%A8%D7%90%D7%99%D7%A0%D7%94-%D7%AA%D7%91%D7%99%D7%A2%D7%AA-%D7%A0%D7%96%D7%99%D7%A7%D7%99%D7%9F-%D7%91%D7%92%D7%99%D7%9F/,DESKTOP,1,1212,0.08%,46.1
https://jus-tice.co.il/psakdin/%D7%93%D7%97%D7%99%D7%99%D7%AA-%D7%91%D7%A7%D7%A9%D7%94-%D7%9C%D7%AA%D7%99%D7%A7%D7%95%D7%9F-%D7%9B%D7%AA%D7%91-%D7%AA%D7%91%D7%99%D7%A2%D7%94-%D7%A9%D7%9B%D7%A0%D7%92%D7%93-%D7%9C%D7%A4%D7%99-%D7%AA/,DESKTOP,1,1042,0.10%,47.5
https://jus-tice.co.il/psakdin/%D7%93%D7%97%D7%99%D7%99%D7%AA-%D7%91%D7%A7%D7%A9%D7%94-%D7%9C%D7%AA%D7%99%D7%A7%D7%95%D7%9F-%D7%9B%D7%AA%D7%91-%D7%AA%D7%91%D7%99%D7%A2%D7%94-%D7%A9%D7%9B%D7%A0%D7%92%D7%93-%D7%9C%D7%A4%D7%99-%D7%AA/,MOBILE,1,321,0.31%,43.9
https://jus-tice.co.il/psakdin/%D7%97%D7%95%D7%A7-%D7%96%D7%9B%D7%95%D7%AA-%D7%99%D7%95%D7%A6%D7%A8%D7%99%D7%9D-%D7%94%D7%AA%D7%A9%D7%A1%D7%97-2007/,DESKTOP,1,1760,0.06%,37.3
https://jus-tice.co.il/psakdin/%D7%A0%D7%98%D7%9C-%D7%94%D7%94%D7%95%D7%9B%D7%97%D7%94-%D7%9C%D7%A7%D7%99%D7%95%D7%9E%D7%95-%D7%A9%D7%9C-%D7%A1%D7%99%D7%99%D7%92-%D7%9C%D7%90%D7%97%D7%A8%D7%99%D7%95%D7%AA-%D7%A4%D7%9C%D7%99%D7%9C/,DESKTOP,1,360,0.28%,29.4
https://jus-tice.co.il/psakdin/%D7%A0%D7%98%D7%9C-%D7%94%D7%94%D7%95%D7%9B%D7%97%D7%94-%D7%9C%D7%A7%D7%99%D7%95%D7%9E%D7%95-%D7%A9%D7%9C-%D7%A1%D7%99%D7%99%D7%92-%D7%9C%D7%90%D7%97%D7%A8%D7%99%D7%95%D7%AA-%D7%A4%D7%9C%D7%99%D7%9C/,MOBILE,1,149,0.67%,13.8
https://jus-tice.co.il/psakdin/%D7%A0%D7%AA%D7%A0%D7%99%D7%94%D7%95-%D7%9E%D7%9C%D7%99%D7%A7%D7%95%D7%91%D7%A1%D7%A7%D7%99-%D7%A2%D7%99%D7%A7%D7%A8%D7%99-%D7%A0%D7%99%D7%9E%D7%95%D7%A7%D7%99-%D7%94%D7%99%D7%95%D7%A2%D7%9E%D7%A9/,DESKTOP,1,74,1.35%,30.6
https://jus-tice.co.il/psakdin/%D7%A0%D7%AA%D7%A0%D7%99%D7%94%D7%95-%D7%9E%D7%9C%D7%99%D7%A7%D7%95%D7%91%D7%A1%D7%A7%D7%99-%D7%A2%D7%99%D7%A7%D7%A8%D7%99-%D7%A0%D7%99%D7%9E%D7%95%D7%A7%D7%99-%D7%94%D7%99%D7%95%D7%A2%D7%9E%D7%A9/,MOBILE,1,136,0.74%,12.8
https://jus-tice.co.il/psakdin/%D7%A4%D7%99%D7%A6%D7%95%D7%99-%D7%91%D7%92%D7%99%D7%9F-%D7%9E%D7%A2%D7%A6%D7%A8-%D7%A9%D7%95%D7%95%D7%90-%D7%A6%D7%90-24231-06-21/,MOBILE,1,26,3.85%,25.3
https://jus-tice.co.il/psakdin/%D7%A4%D7%99%D7%A8%D7%95%D7%A7-%D7%A9%D7%99%D7%AA%D7%95%D7%A3-%D7%91%D7%A0%D7%97%D7%9C%D7%94-%D7%9C%D7%A4%D7%99-%D7%94%D7%9C%D7%9B%D7%AA-%D7%94%D7%A9%D7%99%D7%AA%D7%95%D7%A3-%D7%AA%D7%9C%D7%94/,MOBILE,1,64,1.56%,53.1
https://jus-tice.co.il/psakdin/%D7%A4%D7%9C%D7%99%D7%9C%D7%99-%D7%94%D7%97%D7%96%D7%A7%D7%AA-%D7%9B%D7%9C%D7%91-%D7%9E%D7%A1%D7%95%D7%9B%D7%9F-%D7%A9%D7%AA%D7%A7%D7%A3-%D7%9C%D7%9C%D7%90-%D7%A8%D7%A9%D7%99%D7%95%D7%9F-%D7%94%D7%A8/,DESKTOP,1,669,0.15%,28.4
https://jus-tice.co.il/psakdin/%D7%A4%D7%A1%D7%93-%D7%91%D7%91%D7%A7%D7%A9%D7%94-%D7%9C%D7%94%D7%A2%D7%91%D7%A8%D7%AA-%D7%94%D7%9E%D7%A9%D7%9E%D7%95%D7%A8%D7%AA-%D7%90%D7%9C-%D7%94%D7%90%D7%91-%D7%95%D7%A8%D7%99%D7%A9%D7%95%D7%9D/,DESKTOP,1,196,0.51%,46.4
https://jus-tice.co.il/psakdin/%D7%A9%D7%97%D7%A8%D7%95%D7%A8-%D7%9E%D7%95%D7%A7%D7%93%D7%9D-%D7%A9%D7%9C-%D7%90%D7%A1%D7%99%D7%A8-%D7%9E%D7%A2%D7%A9%D7%94-%D7%9E%D7%92%D7%95%D7%A0%D7%94-%D7%91%D7%A7%D7%98%D7%99%D7%A0%D7%94/,MOBILE,1,72,1.39%,6.6
https://jus-tice.co.il/psakdin/%D7%AA%D7%91%D7%99%D7%A2%D7%94-%D7%94%D7%9E%D7%95%D7%92%D7%A9%D7%AA-%D7%A2%D7%9C-%D7%99%D7%93%D7%99-%D7%97%D7%91%D7%A8%D7%94-%D7%91%D7%A2%D7%9E-%D7%A2%D7%9C-%D7%97%D7%99%D7%95%D7%91-%D7%91%D7%A2/,DESKTOP,1,165,0.61%,27.0
https://jus-tice.co.il/punishment-for-offenses-of-causing-death-in-road-accidents/,DESKTOP,1,3003,0.03%,40.6
https://jus-tice.co.il/real-estate-attorney/,DESKTOP,1,77179,0.00%,59.4
https://jus-tice.co.il/real-estate-attorney/,TABLET,1,1,100.00%,6.0
https://jus-tice.co.il/real-estate-investing/,DESKTOP,1,16529,0.01%,68.7
https://jus-tice.co.il/real-estate-registration-procedure-israel/,MOBILE,1,1364,0.07%,45.7
https://jus-tice.co.il/real-estate-united-kingdom/,DESKTOP,1,7274,0.01%,34.0
https://jus-tice.co.il/rental-agreement/,DESKTOP,1,7387,0.01%,63.0
https://jus-tice.co.il/request-for-extension-of-detention-beyond-nine-months/,DESKTOP,1,700,0.14%,55.5
https://jus-tice.co.il/robert-stephan-cohen/,MOBILE,1,43,2.33%,11.5
https://jus-tice.co.il/romania-lawyers/,MOBILE,1,704,0.14%,28.6
https://jus-tice.co.il/sample-terms-and-conditions-template/,MOBILE,1,1109,0.09%,33.4
https://jus-tice.co.il/search-engine-optimization/,DESKTOP,1,21076,0.00%,52.5
https://jus-tice.co.il/sex-trafficking/,DESKTOP,1,413,0.24%,48.7
https://jus-tice.co.il/spain-lawyers/,DESKTOP,1,6491,0.02%,49.9
https://jus-tice.co.il/standards-of-medical-fitness-to-drive/,MOBILE,1,2371,0.04%,50.8
https://jus-tice.co.il/supreme-court-of-israel/,DESKTOP,1,1985,0.05%,32.4
https://jus-tice.co.il/supreme-court-of-israel/,MOBILE,1,750,0.13%,25.3
https://jus-tice.co.il/top-global-tax-cpa-firms/,DESKTOP,1,6661,0.02%,54.3
https://jus-tice.co.il/top-lawyers-for-israelis-china/,DESKTOP,1,4087,0.02%,46.3
https://jus-tice.co.il/top-lawyers-for-israelis-china/,MOBILE,1,111,0.90%,51.7
https://jus-tice.co.il/ukraine-lawyers/,DESKTOP,1,1325,0.08%,17.1
https://jus-tice.co.il/united-arab-emirates-lawyers/,DESKTOP,1,2021,0.05%,48.8
https://jus-tice.co.il/us-lawyer-license-requirements/,MOBILE,1,102,0.98%,48.7
https://jus-tice.co.il/usa-lawyers/,MOBILE,1,367,0.27%,25.4
https://jus-tice.co.il/wachtell-lipton-rosen-katz/,MOBILE,1,123,0.81%,36.3
https://jus-tice.co.il/what-is-a-contract/,MOBILE,1,1165,0.09%,54.1
https://jus-tice.co.il/what-is-a-law-firm/,DESKTOP,1,7706,0.01%,55.9
https://jus-tice.co.il/what-is-justice/,DESKTOP,1,859,0.12%,39.5
https://jus-tice.co.il/working-permit-for-foreign-workers/,MOBILE,1,2715,0.04%,48.2
https://jus-tice.co.il/wp-content/uploads/2020/01/hana_v9.32.88s.pdf,DESKTOP,1,4000,0.03%,62.9
https://jus-tice.co.il/wp-content/uploads/2020/02/%D7%94%D7%AA%D7%9C%D7%99%D7%99%D7%AA-%D7%A9%D7%9C%D7%99%D7%9C%D7%AA-%D7%A8%D7%A9%D7%99%D7%95%D7%A0%D7%95%D7%AA-%D7%9E%D7%A9%D7%A8%D7%93-%D7%94%D7%91%D7%A8%D7%99%D7%90%D7%95%D7%AA.pdf,DESKTOP,1,1560,0.06%,48.8
https://jus-tice.co.il/wp-content/uploads/2020/02/%D7%94%D7%AA%D7%9C%D7%99%D7%99%D7%AA-%D7%A9%D7%9C%D7%99%D7%9C%D7%AA-%D7%A8%D7%A9%D7%99%D7%95%D7%A0%D7%95%D7%AA-%D7%9E%D7%A9%D7%A8%D7%93-%D7%94%D7%91%D7%A8%D7%99%D7%90%D7%95%D7%AA.pdf,MOBILE,1,466,0.21%,43.6
https://jus-tice.co.il/wp-content/uploads/2020/11/%D7%A8%D7%95%D7%96%D7%95%D7%91-%D7%A0-%D7%9E%D7%93%D7%99%D7%A0%D7%AA-%D7%99%D7%A9%D7%A8%D7%90%D7%9C.pdf,MOBILE,1,26,3.85%,7.5
https://jus-tice.co.il/wp-content/uploads/2021/05/services_marvad_application-form.pdf,DESKTOP,1,18,5.56%,43.8
https://jus-tice.co.il/wp-content/uploads/2022/02/22963-11-19.pdf,MOBILE,1,2,50.00%,8.5
https://jus-tice.co.il/wp-content/uploads/2022/06/06102016_1.pdf,TABLET,1,1,100.00%,1.0
https://jus-tice.co.il/wp-content/uploads/2023/03/19_lsr_301572.pdf,DESKTOP,1,28,3.57%,58.8
https://jus-tice.co.il/wp-content/uploads/2023/05/%D7%A2%D7%95%D7%A8%D7%9A-%D7%93%D7%99%D7%9F-%D7%94%D7%A9%D7%91%D7%AA-%D7%A8%D7%9B%D7%95%D7%A9-%D7%99%D7%94%D7%95%D7%93%D7%99-%D7%A8%D7%95%D7%9E%D7%A0%D7%99%D7%94.pdf,MOBILE,1,23,4.35%,57.3
https://jus-tice.co.il/wp-content/uploads/2023/05/2_11454d6a-9832-e811-80de-00155d0a0235_11_6896.pdf,MOBILE,1,40,2.50%,8.3
https://jus-tice.co.il/wp-content/uploads/2023/11/%D7%AA%D7%A7%D7%A6%D7%99%D7%A8-22431-08-19.docx,MOBILE,1,8,12.50%,26.3
https://jus-tice.co.il/#chapter1,DESKTOP,0,287,0.00%,8.4
https://jus-tice.co.il/#chapter1,MOBILE,0,273,0.00%,9.2
https://jus-tice.co.il/#chapter2,MOBILE,0,275,0.00%,9.2
https://jus-tice.co.il/#chapter3,DESKTOP,0,287,0.00%,8.4
https://jus-tice.co.il/#chapter3,MOBILE,0,275,0.00%,9.2
https://jus-tice.co.il/#chapter4,MOBILE,0,273,0.00%,9.2
https://jus-tice.co.il/#chapter5,MOBILE,0,273,0.00%,9.2
https://jus-tice.co.il/#chapter6,MOBILE,0,273,0.00%,9.2
https://jus-tice.co.il/#chapter7,MOBILE,0,273,0.00%,9.2
https://jus-tice.co.il/%D7%90%D7%97%D7%A8%D7%99%D7%95%D7%AA-%D7%94%D7%91%D7%A2%D7%9C-%D7%9C%D7%97%D7%95%D7%91%D7%95%D7%AA-%D7%90%D7%A9%D7%AA%D7%95-%D7%A2%D7%9C-%D7%A4%D7%99-%D7%93%D7%99%D7%9F-%D7%AA%D7%95%D7%A8%D7%94-%D7%95%D7%A2%D7%9C-%D7%A4%D7%99-%D7%97%D7%95%D7%A7-%D7%99%D7%97%D7%A1%D7%99-%D7%9E%D7%9E%D7%95%D7%9F-%D7%96%D7%9B%D7%95%D7%99%D7%95%D7%AA-%D7%95%D7%97%D7%95%D7%91%D7%95%D7%AA-%D7%91%D7%9E%D7%A2%D7%A8%D7%9B%D7%AA-%D7%99%D7%97%D7%A1%D7%99%D7%9D-%D7%A9%D7%91%D7%94-%D7%94%D7%90%D7%99%D7%A9%D7%94-%D7%94%D7%99%D7%90-%D7%94%D7%9E%D7%A4%D7%A8%D7%A0%D7%A1%D7%AA/,DESKTOP,0,691,0.00%,65.5
https://jus-tice.co.il/%D7%90%D7%97%D7%A8%D7%99%D7%95%D7%AA-%D7%94%D7%91%D7%A2%D7%9C-%D7%9C%D7%97%D7%95%D7%91%D7%95%D7%AA-%D7%90%D7%A9%D7%AA%D7%95-%D7%A2%D7%9C-%D7%A4%D7%99-%D7%93%D7%99%D7%9F-%D7%AA%D7%95%D7%A8%D7%94-%D7%95%D7%A2%D7%9C-%D7%A4%D7%99-%D7%97%D7%95%D7%A7-%D7%99%D7%97%D7%A1%D7%99-%D7%9E%D7%9E%D7%95%D7%9F-%D7%96%D7%9B%D7%95%D7%99%D7%95%D7%AA-%D7%95%D7%97%D7%95%D7%91%D7%95%D7%AA-%D7%91%D7%9E%D7%A2%D7%A8%D7%9B%D7%AA-%D7%99%D7%97%D7%A1%D7%99%D7%9D-%D7%A9%D7%91%D7%94-%D7%94%D7%90%D7%99%D7%A9%D7%94-%D7%94%D7%99%D7%90-%D7%94%D7%9E%D7%A4%D7%A8%D7%A0%D7%A1%D7%AA/,MOBILE,0,33,0.00%,68.3
https://jus-tice.co.il/%D7%90%D7%99%D7%96%D7%95%D7%9F-%D7%9E%D7%A9%D7%90%D7%91%D7%99%D7%9D-%D7%9B%D7%A1%D7%A4%D7%99%D7%9D-%D7%94%D7%9E%D7%A6%D7%95%D7%99%D7%99%D7%9D-%D7%91%D7%97%D7%A9%D7%91%D7%95%D7%A0%D7%95%D7%AA-%D7%91%D7%9F-%D7%96%D7%95%D7%92-%D7%94%D7%91%D7%A8%D7%97%D7%AA-%D7%A0%D7%9B%D7%A1%D7%99%D7%9D/,DESKTOP,0,1490,0.00%,71.6
https://jus-tice.co.il/%D7%90%D7%99%D7%96%D7%95%D7%9F-%D7%9E%D7%A9%D7%90%D7%91%D7%99%D7%9D-%D7%9B%D7%A1%D7%A4%D7%99%D7%9D-%D7%94%D7%9E%D7%A6%D7%95%D7%99%D7%99%D7%9D-%D7%91%D7%97%D7%A9%D7%91%D7%95%D7%A0%D7%95%D7%AA-%D7%91%D7%9F-%D7%96%D7%95%D7%92-%D7%94%D7%91%D7%A8%D7%97%D7%AA-%D7%A0%D7%9B%D7%A1%D7%99%D7%9D/,MOBILE,0,177,0.00%,65.9
https://jus-tice.co.il/%D7%90%D7%99%D7%96%D7%95%D7%A8%D7%99%D7%9D/%D7%AA%D7%9C-%D7%90%D7%91%D7%99%D7%91-%D7%95%D7%94%D7%9E%D7%A8%D7%9B%D7%96/,DESKTOP,0,1,0.00%,93.0
https://jus-tice.co.il/%D7%90%D7%99%D7%9A-%D7%9C%D7%94%D7%AA%D7%92%D7%A8%D7%A9-%D7%A0%D7%9B%D7%95%D7%9F-%D7%95%D7%9E%D7%94%D7%A8/,DESKTOP,0,4,0.00%,54.8
https://jus-tice.co.il/%D7%90%D7%99%D7%9A-%D7%9C%D7%A7%D7%A0%D7%95%D7%AA-%D7%A0%D7%93%D7%9C%D7%9F-%D7%91%D7%96%D7%95%D7%9C-%D7%95%D7%9C%D7%94%D7%A8%D7%95%D7%95%D7%99%D7%97/,DESKTOP,0,2259,0.00%,55.3
https://jus-tice.co.il/%D7%90%D7%99%D7%9A-%D7%9C%D7%A7%D7%A0%D7%95%D7%AA-%D7%A0%D7%93%D7%9C%D7%9F-%D7%91%D7%96%D7%95%D7%9C-%D7%95%D7%9C%D7%94%D7%A8%D7%95%D7%95%D7%99%D7%97/,MOBILE,0,468,0.00%,57.8
https://jus-tice.co.il/%D7%90%D7%99%D7%9A-%D7%9C%D7%A7%D7%A0%D7%95%D7%AA-%D7%A0%D7%93%D7%9C%D7%9F-%D7%91%D7%96%D7%95%D7%9C-%D7%95%D7%9C%D7%94%D7%A8%D7%95%D7%95%D7%99%D7%97/,TABLET,0,1,0.00%,92.0
https://jus-tice.co.il/%D7%90%D7%99%D7%9E%D7%95%D7%AA-%D7%97%D7%AA%D7%99%D7%9E%D7%94-%D7%A0%D7%95%D7%98%D7%A8%D7%99%D7%95%D7%9F-%D7%9E%D7%A9%D7%95%D7%9C%D7%91-%D7%A2%D7%91%D7%A8%D7%99%D7%AA-%D7%90%D7%A0%D7%92%D7%9C%D7%99%D7%AA/,DESKTOP,0,664,0.00%,56.3
https://jus-tice.co.il/%D7%90%D7%99%D7%9E%D7%95%D7%AA-%D7%97%D7%AA%D7%99%D7%9E%D7%94-%D7%A0%D7%95%D7%98%D7%A8%D7%99%D7%95%D7%9F-%D7%9E%D7%A9%D7%95%D7%9C%D7%91-%D7%A2%D7%91%D7%A8%D7%99%D7%AA-%D7%90%D7%A0%D7%92%D7%9C%D7%99%D7%AA/,MOBILE,0,12,0.00%,47.8
https://jus-tice.co.il/%D7%90%D7%99%D7%A4%D7%94-%D7%94%D7%9B%D7%99-%D7%9E%D7%A9%D7%AA%D7%9C%D7%9D-%D7%9C%D7%9E%D7%A9%D7%A7%D7%99%D7%A2-%D7%94%D7%99%D7%A9%D7%A8%D7%90%D7%9C%D7%99-%D7%9C%D7%A7%D7%A0%D7%95%D7%AA-%D7%93%D7%99%D7%A8%D7%94-%D7%91%D7%A2%D7%95%D7%9C%D7%9D/,MOBILE,0,2342,0.00%,59.6
https://jus-tice.co.il/%D7%90%D7%99%D7%A4%D7%94-%D7%94%D7%9B%D7%99-%D7%9E%D7%A9%D7%AA%D7%9C%D7%9D-%D7%9C%D7%9E%D7%A9%D7%A7%D7%99%D7%A2-%D7%94%D7%99%D7%A9%D7%A8%D7%90%D7%9C%D7%99-%D7%9C%D7%A7%D7%A0%D7%95%D7%AA-%D7%93%D7%99%D7%A8%D7%94-%D7%91%D7%A2%D7%95%D7%9C%D7%9D/,TABLET,0,36,0.00%,71.2
https://jus-tice.co.il/%D7%90%D7%99%D7%A4%D7%94-%D7%9B%D7%93%D7%90%D7%99-%D7%9C%D7%94%D7%A9%D7%A7%D7%99%D7%A2-%D7%A0%D7%93%D7%9C%D7%9F-%D7%91%D7%93%D7%95%D7%91%D7%90%D7%99/,TABLET,0,3,0.00%,55.7
https://jus-tice.co.il/%D7%90%D7%99%D7%A9%D7%95%D7%9D-%D7%94%D7%98%D7%A8%D7%93%D7%95%D7%AA-%D7%A9%D7%9C-%D7%A2%D7%93-%D7%94%D7%9E%D7%93%D7%99%D7%A0%D7%94-%D7%A0%D7%99%D7%A8-%D7%97%D7%A4%D7%A5-%D7%95%D7%A2%D7%93%D7%AA-%D7%94/,DESKTOP,0,34,0.00%,39.5
https://jus-tice.co.il/%D7%90%D7%99%D7%A9%D7%95%D7%9D-%D7%94%D7%98%D7%A8%D7%93%D7%95%D7%AA-%D7%A9%D7%9C-%D7%A2%D7%93-%D7%94%D7%9E%D7%93%D7%99%D7%A0%D7%94-%D7%A0%D7%99%D7%A8-%D7%97%D7%A4%D7%A5-%D7%95%D7%A2%D7%93%D7%AA-%D7%94/,MOBILE,0,11,0.00%,21.4
https://jus-tice.co.il/%D7%90%D7%99%D7%A9%D7%95%D7%9D-%D7%94%D7%98%D7%A8%D7%93%D7%95%D7%AA-%D7%A9%D7%9C-%D7%A2%D7%93-%D7%94%D7%9E%D7%93%D7%99%D7%A0%D7%94-%D7%A0%D7%99%D7%A8-%D7%97%D7%A4%D7%A5-%D7%95%D7%A2%D7%93%D7%AA-%D7%94/,TABLET,0,2,0.00%,22.5
https://jus-tice.co.il/%D7%90%D7%9E%D7%A0%D7%AA-%D7%94%D7%90%D7%95%D7%9E%D7%95%D7%AA-%D7%94%D7%9E%D7%90%D7%95%D7%97%D7%93%D7%95%D7%AA-%D7%A0%D7%92%D7%93-%D7%A9%D7%97%D7%99%D7%AA%D7%95%D7%AA/,DESKTOP,0,85,0.00%,78.7
https://jus-tice.co.il/%D7%91%D7%92%D7%99%D7%93%D7%94/,DESKTOP,0,1,0.00%,62.0
https://jus-tice.co.il/%D7%91%D7%92%D7%A5-%D7%94%D7%91%D7%95%D7%92%D7%93%D7%AA/,TABLET,0,10,0.00%,6.2
https://jus-tice.co.il/%D7%91%D7%92%D7%A5-5988/21-%D7%A1%D7%9E%D7%9B%D7%95%D7%AA-%D7%91%D7%AA%D7%99-%D7%94%D7%93%D7%99%D7%9F-%D7%94%D7%A8%D7%91%D7%A0%D7%99%D7%99%D7%9D-%D7%91%D7%9E%D7%96%D7%95%D7%A0%D7%95%D7%AA-%D7%99%D7%9C%D7%93%D7%99%D7%9D/,DESKTOP,0,1520,0.00%,62.1
https://jus-tice.co.il/%D7%91%D7%92%D7%A5-5988/21-%D7%A1%D7%9E%D7%9B%D7%95%D7%AA-%D7%91%D7%AA%D7%99-%D7%94%D7%93%D7%99%D7%9F-%D7%94%D7%A8%D7%91%D7%A0%D7%99%D7%99%D7%9D-%D7%91%D7%9E%D7%96%D7%95%D7%A0%D7%95%D7%AA-%D7%99%D7%9C%D7%93%D7%99%D7%9D/,MOBILE,0,274,0.00%,58.8
https://jus-tice.co.il/%D7%91%D7%92%D7%A5-5988/21-%D7%A1%D7%9E%D7%9B%D7%95%D7%AA-%D7%91%D7%AA%D7%99-%D7%94%D7%93%D7%99%D7%9F-%D7%94%D7%A8%D7%91%D7%A0%D7%99%D7%99%D7%9D-%D7%91%D7%9E%D7%96%D7%95%D7%A0%D7%95%D7%AA-%D7%99%D7%9C%D7%93%D7%99%D7%9D/,TABLET,0,1,0.00%,36.0
https://jus-tice.co.il/%D7%91%D7%95%D7%92%D7%A8-%D7%9C%D7%99%D7%9E%D7%95%D7%93%D7%99-%D7%A0%D7%93%D7%9C%D7%9F-%D7%91%D7%90%D7%A8%D7%94%D7%91/,DESKTOP,0,108,0.00%,41.4
https://jus-tice.co.il/%D7%91%D7%95%D7%92%D7%A8-%D7%9C%D7%99%D7%9E%D7%95%D7%93%D7%99-%D7%A0%D7%93%D7%9C%D7%9F-%D7%91%D7%90%D7%A8%D7%94%D7%91/,MOBILE,0,2,0.00%,69.0
https://jus-tice.co.il/%D7%91%D7%99%D7%98%D7%95%D7%9C-%D7%90%D7%92%D7%A8%D7%94-%D7%91%D7%92%D7%99%D7%9F-%D7%94%D7%92%D7%A9%D7%AA-%D7%93%D7%99%D7%95%D7%95%D7%97-%D7%9C%D7%90%D7%A4%D7%95%D7%98%D7%A8%D7%95%D7%A4%D7%95%D7%A1-%D7%94%D7%9B%D7%9C%D7%9C%D7%99/,DESKTOP,0,1265,0.00%,48.5
https://jus-tice.co.il/%D7%91%D7%99%D7%98%D7%95%D7%9C-%D7%90%D7%92%D7%A8%D7%94-%D7%91%D7%92%D7%99%D7%9F-%D7%94%D7%92%D7%A9%D7%AA-%D7%93%D7%99%D7%95%D7%95%D7%97-%D7%9C%D7%90%D7%A4%D7%95%D7%98%D7%A8%D7%95%D7%A4%D7%95%D7%A1-%D7%94%D7%9B%D7%9C%D7%9C%D7%99/,MOBILE,0,251,0.00%,51.5
https://jus-tice.co.il/%D7%91%D7%99%D7%98%D7%95%D7%9C-%D7%90%D7%92%D7%A8%D7%94-%D7%91%D7%92%D7%99%D7%9F-%D7%94%D7%92%D7%A9%D7%AA-%D7%93%D7%99%D7%95%D7%95%D7%97-%D7%9C%D7%90%D7%A4%D7%95%D7%98%D7%A8%D7%95%D7%A4%D7%95%D7%A1-%D7%94%D7%9B%D7%9C%D7%9C%D7%99/,TABLET,0,5,0.00%,54.0
https://jus-tice.co.il/%D7%91%D7%99%D7%98%D7%95%D7%9C-%D7%94%D7%A1%D7%9B%D7%9D-%D7%9E%D7%99%D7%96%D7%95%D7%92-%D7%AA%D7%90-4528-01-16/,DESKTOP,0,93,0.00%,32.7
https://jus-tice.co.il/%D7%91%D7%99%D7%98%D7%95%D7%9C-%D7%94%D7%A1%D7%9B%D7%9D-%D7%9E%D7%99%D7%96%D7%95%D7%92-%D7%AA%D7%90-4528-01-16/,MOBILE,0,25,0.00%,26.2
https://jus-tice.co.il/%D7%91%D7%99%D7%98%D7%95%D7%9C-%D7%94%D7%A1%D7%9B%D7%9D-%D7%9E%D7%99%D7%96%D7%95%D7%92-%D7%AA%D7%90-4528-01-16/,TABLET,0,1,0.00%,36.0
https://jus-tice.co.il/%D7%91%D7%99%D7%98%D7%95%D7%9C-%D7%94%D7%A1%D7%9B%D7%9D-%D7%9E%D7%9E%D7%95%D7%9F-%D7%A9%D7%90%D7%95%D7%A9%D7%A8-%D7%95%D7%A7%D7%99%D7%91%D7%9C-%D7%AA%D7%95%D7%A7%D7%A3-%D7%A9%D7%9C-%D7%A4%D7%A1%D7%A7-%D7%93%D7%99%D7%9F-%D7%AA%D7%94%D7%A1-27071-11-19/,TABLET,0,2,0.00%,8.0
https://jus-tice.co.il/%D7%91%D7%99%D7%98%D7%95%D7%9C-%D7%94%D7%A8%D7%A9%D7%A2%D7%94-%D7%A2%D7%91%D7%99%D7%A8%D7%95%D7%AA-%D7%94%D7%95%D7%A0%D7%90%D7%94/,DESKTOP,0,863,0.00%,56.5
https://jus-tice.co.il/%D7%91%D7%99%D7%98%D7%95%D7%9C-%D7%94%D7%A8%D7%A9%D7%A2%D7%94-%D7%A2%D7%91%D7%99%D7%A8%D7%95%D7%AA-%D7%94%D7%95%D7%A0%D7%90%D7%94/,MOBILE,0,42,0.00%,61.7
https://jus-tice.co.il/%D7%91%D7%99%D7%AA-%D7%94%D7%93%D7%99%D7%9F-%D7%94%D7%A8%D7%91%D7%A0%D7%99-%D7%A7%D7%A0%D7%94-%D7%A1%D7%9E%D7%9B%D7%95%D7%AA-%D7%9C%D7%9E%D7%A8%D7%95%D7%AA-%D7%94%D7%92%D7%A9%D7%AA-%D7%AA%D7%95%D7%91%D7%A2%D7%A0%D7%94-%D7%91%D7%A2%D7%A0%D7%99%D7%99%D7%9F-%D7%94%D7%97%D7%96%D7%A7%D7%AA-%D7%99%D7%9C%D7%93%D7%99%D7%9D/,DESKTOP,0,288,0.00%,65.1
https://jus-tice.co.il/%D7%91%D7%99%D7%AA-%D7%94%D7%93%D7%99%D7%9F-%D7%94%D7%A8%D7%91%D7%A0%D7%99-%D7%A7%D7%A0%D7%94-%D7%A1%D7%9E%D7%9B%D7%95%D7%AA-%D7%9C%D7%9E%D7%A8%D7%95%D7%AA-%D7%94%D7%92%D7%A9%D7%AA-%D7%AA%D7%95%D7%91%D7%A2%D7%A0%D7%94-%D7%91%D7%A2%D7%A0%D7%99%D7%99%D7%9F-%D7%94%D7%97%D7%96%D7%A7%D7%AA-%D7%99%D7%9C%D7%93%D7%99%D7%9D/,MOBILE,0,274,0.00%,55.6
https://jus-tice.co.il/%D7%91%D7%99%D7%AA-%D7%94%D7%93%D7%99%D7%9F-%D7%94%D7%A8%D7%91%D7%A0%D7%99-%D7%A7%D7%A0%D7%94-%D7%A1%D7%9E%D7%9B%D7%95%D7%AA-%D7%9C%D7%9E%D7%A8%D7%95%D7%AA-%D7%94%D7%92%D7%A9%D7%AA-%D7%AA%D7%95%D7%91%D7%A2%D7%A0%D7%94-%D7%91%D7%A2%D7%A0%D7%99%D7%99%D7%9F-%D7%94%D7%97%D7%96%D7%A7%D7%AA-%D7%99%D7%9C%D7%93%D7%99%D7%9D/,TABLET,0,2,0.00%,48.0
https://jus-tice.co.il/%D7%91%D7%99%D7%AA-%D7%94%D7%9E%D7%A9%D7%A4%D7%98-%D7%94%D7%A4%D7%A8%D7%98%D7%99-justicecoil/,DESKTOP,0,27,0.00%,41.4
https://jus-tice.co.il/%D7%91%D7%99%D7%AA-%D7%94%D7%9E%D7%A9%D7%A4%D7%98-%D7%94%D7%A4%D7%A8%D7%98%D7%99-justicecoil/,MOBILE,0,13,0.00%,38.4
https://jus-tice.co.il/%D7%91%D7%99%D7%AA-%D7%94%D7%9E%D7%A9%D7%A4%D7%98-%D7%94%D7%A4%D7%A8%D7%98%D7%99-justicecoil/,TABLET,0,1,0.00%,1.0
https://jus-tice.co.il/%D7%91%D7%A0%D7%99%D7%99%D7%94-%D7%99%D7%A8%D7%95%D7%A7%D7%94-%D7%AA%D7%9B%D7%A0%D7%95%D7%9F-%D7%A2%D7%99%D7%A8%D7%95%D7%A0%D7%99-%D7%95%D7%A4%D7%A8%D7%95%D7%99%D7%A7%D7%98%D7%99%D7%9D-%D7%90%D7%A0%D7%A8%D7%92%D7%98%D7%99%D7%99%D7%9D-%D7%91%D7%99%D7%95%D7%95%D7%9F/,DESKTOP,0,34,0.00%,49.8
https://jus-tice.co.il/%D7%91%D7%A0%D7%99%D7%99%D7%94-%D7%99%D7%A8%D7%95%D7%A7%D7%94-%D7%AA%D7%9B%D7%A0%D7%95%D7%9F-%D7%A2%D7%99%D7%A8%D7%95%D7%A0%D7%99-%D7%95%D7%A4%D7%A8%D7%95%D7%99%D7%A7%D7%98%D7%99%D7%9D-%D7%90%D7%A0%D7%A8%D7%92%D7%98%D7%99%D7%99%D7%9D-%D7%91%D7%99%D7%95%D7%95%D7%9F/,MOBILE,0,2,0.00%,64.5
https://jus-tice.co.il/%D7%91%D7%A0%D7%99%D7%99%D7%AA-%D7%90%D7%AA%D7%A8%D7%99%D7%9D/,DESKTOP,0,849,0.00%,64.3
https://jus-tice.co.il/%D7%91%D7%A0%D7%99%D7%99%D7%AA-%D7%90%D7%AA%D7%A8%D7%99%D7%9D/,MOBILE,0,40,0.00%,62.4
https://jus-tice.co.il/%D7%91%D7%A0%D7%99-%D7%96%D7%95%D7%92-%D7%9C%D7%A9%D7%A2%D7%91%D7%A8-%D7%AA%D7%91%D7%99%D7%A2%D7%95%D7%AA-%D7%9E%D7%96%D7%95%D7%A0%D7%95%D7%AA-%D7%95%D7%9E%D7%A9%D7%9E%D7%95%D7%A8%D7%AA-%D7%A2%D7%9C-%D7%91%D7%AA-%D7%A7%D7%98%D7%99%D7%A0%D7%94/,DESKTOP,0,696,0.00%,82.2
https://jus-tice.co.il/%D7%91%D7%A0%D7%99-%D7%96%D7%95%D7%92-%D7%9C%D7%A9%D7%A2%D7%91%D7%A8-%D7%AA%D7%91%D7%99%D7%A2%D7%95%D7%AA-%D7%9E%D7%96%D7%95%D7%A0%D7%95%D7%AA-%D7%95%D7%9E%D7%A9%D7%9E%D7%95%D7%A8%D7%AA-%D7%A2%D7%9C-%D7%91%D7%AA-%D7%A7%D7%98%D7%99%D7%A0%D7%94/,MOBILE,0,146,0.00%,91.8
https://jus-tice.co.il/%D7%91%D7%A0%D7%99-%D7%96%D7%95%D7%92-%D7%9C%D7%A9%D7%A2%D7%91%D7%A8-%D7%AA%D7%91%D7%99%D7%A2%D7%95%D7%AA-%D7%9E%D7%96%D7%95%D7%A0%D7%95%D7%AA-%D7%95%D7%9E%D7%A9%D7%9E%D7%95%D7%A8%D7%AA-%D7%A2%D7%9C-%D7%91%D7%AA-%D7%A7%D7%98%D7%99%D7%A0%D7%94/,TABLET,0,2,0.00%,83.5
https://jus-tice.co.il/%D7%91%D7%A2%D7%9C%D7%95%D7%AA-%D7%A2%D7%9C-%D7%96%D7%9B%D7%95%D7%99%D7%95%D7%AA-%D7%91%D7%A0%D7%99%D7%99%D7%94-%D7%91%D7%92%D7%92%D7%95%D7%AA-%D7%94%D7%9C%D7%9B%D7%AA-%D7%91%D7%99%D7%AA-%D7%94%D7%93%D7%A8/,MOBILE,0,180,0.00%,50.3
https://jus-tice.co.il/%D7%91%D7%A2%D7%9C-%D7%9E%D7%91%D7%A7%D7%A9-%D7%9C%D7%94%D7%AA%D7%92%D7%A8%D7%A9-%D7%91%D7%94%D7%A1%D7%9B%D7%9E%D7%94-%D7%91%D7%94%D7%AA%D7%90%D7%9D-%D7%9C%D7%94%D7%95%D7%A8%D7%90%D7%95%D7%AA-%D7%94%D7%A1%D7%9B%D7%9D-%D7%99%D7%97%D7%A1%D7%99-%D7%9E%D7%9E%D7%95%D7%9F/,DESKTOP,0,347,0.00%,63.1
https://jus-tice.co.il/%D7%91%D7%A2%D7%9C-%D7%9E%D7%91%D7%A7%D7%A9-%D7%9C%D7%94%D7%AA%D7%92%D7%A8%D7%A9-%D7%91%D7%94%D7%A1%D7%9B%D7%9E%D7%94-%D7%91%D7%94%D7%AA%D7%90%D7%9D-%D7%9C%D7%94%D7%95%D7%A8%D7%90%D7%95%D7%AA-%D7%94%D7%A1%D7%9B%D7%9D-%D7%99%D7%97%D7%A1%D7%99-%D7%9E%D7%9E%D7%95%D7%9F/,MOBILE,0,62,0.00%,71.0
https://jus-tice.co.il/%D7%91%D7%A7%D7%A9%D7%94-%D7%9C%D7%A2%D7%99%D7%95%D7%9F-%D7%91%D7%97%D7%95%D7%9E%D7%A8-%D7%97%D7%A7%D7%99%D7%A8%D7%94-%D7%9C%D7%A4%D7%99-%D7%A1%D7%A2%D7%99%D7%A3-74-%D7%9C%D7%97%D7%A1%D7%93%D7%A4/,DESKTOP,0,509,0.00%,31.3
https://jus-tice.co.il/%D7%91%D7%A7%D7%A9%D7%94-%D7%9C%D7%A2%D7%99%D7%95%D7%9F-%D7%91%D7%97%D7%95%D7%9E%D7%A8-%D7%97%D7%A7%D7%99%D7%A8%D7%94-%D7%9C%D7%A4%D7%99-%D7%A1%D7%A2%D7%99%D7%A3-74-%D7%9C%D7%97%D7%A1%D7%93%D7%A4/,MOBILE,0,33,0.00%,35.8
https://jus-tice.co.il/%D7%91%D7%A7%D7%A9%D7%94-%D7%9C%D7%A7%D7%99%D7%95%D7%9D-%D7%A6%D7%95%D7%95%D7%90%D7%94-%D7%94%D7%9E%D7%A2%D7%A0%D7%99%D7%A7%D7%94-%D7%9B%D7%9C-%D7%94%D7%A8%D7%9B%D7%95%D7%A9-%D7%9C%D7%97%D7%91%D7%A8-%D7%95%D7%94%D7%AA%D7%A0%D7%92%D7%93%D7%95%D7%AA-%D7%90%D7%97%D7%95%D7%AA-%D7%94%D7%9E%D7%A0%D7%95%D7%97/,TABLET,0,1,0.00%,6.0
https://jus-tice.co.il/%D7%91%D7%A7%D7%A9%D7%94-%D7%9C%D7%A8%D7%99%D7%A9%D7%95%D7%9D-%D7%9E%D7%9B%D7%A8/,MOBILE,0,566,0.00%,24.4
https://jus-tice.co.il/%D7%91%D7%A7%D7%A9%D7%AA-%D7%A6%D7%95-%D7%94%D7%92%D7%A0%D7%94-%D7%9C%D7%9E%D7%A0%D7%99%D7%A2%D7%AA-%D7%90%D7%9C%D7%99%D7%9E%D7%95%D7%AA-%D7%91%D7%9E%D7%A9%D7%A4%D7%97%D7%94-%D7%94%D7%98-61185-11-22/,DESKTOP,0,3149,0.00%,41.5
https://jus-tice.co.il/%D7%91%D7%A7%D7%A9%D7%AA-%D7%A6%D7%95-%D7%94%D7%92%D7%A0%D7%94-%D7%9C%D7%9E%D7%A0%D7%99%D7%A2%D7%AA-%D7%90%D7%9C%D7%99%D7%9E%D7%95%D7%AA-%D7%91%D7%9E%D7%A9%D7%A4%D7%97%D7%94-%D7%94%D7%98-61185-11-22/,MOBILE,0,561,0.00%,51.0
https://jus-tice.co.il/%D7%91%D7%A7%D7%A9%D7%AA-%D7%A6%D7%95-%D7%94%D7%92%D7%A0%D7%94-%D7%9C%D7%9E%D7%A0%D7%99%D7%A2%D7%AA-%D7%90%D7%9C%D7%99%D7%9E%D7%95%D7%AA-%D7%91%D7%9E%D7%A9%D7%A4%D7%97%D7%94-%D7%94%D7%98-61185-11-22/,TABLET,0,3,0.00%,49.7
https://jus-tice.co.il/%D7%92%D7%95%D7%91%D7%94-%D7%93%D7%9E%D7%99-%D7%9E%D7%96%D7%95%D7%A0%D7%95%D7%AA-%D7%96%D7%9E%D7%A0%D7%99%D7%99%D7%9D-%D7%A8%D7%9E%D7%A9-57290-01-22/,DESKTOP,0,564,0.00%,63.0
https://jus-tice.co.il/%D7%92%D7%95%D7%91%D7%94-%D7%93%D7%9E%D7%99-%D7%9E%D7%96%D7%95%D7%A0%D7%95%D7%AA-%D7%96%D7%9E%D7%A0%D7%99%D7%99%D7%9D-%D7%A8%D7%9E%D7%A9-57290-01-22/,MOBILE,0,10,0.00%,11.8
https://jus-tice.co.il/%D7%92%D7%96%D7%93-%D7%A2%D7%95%D7%A0%D7%A9-%D7%A4%D7%9C%D7%99%D7%9C%D7%99-%D7%9C%D7%A7%D7%98%D7%99%D7%9F-%D7%9E%D7%AA%D7%97%D7%AA-%D7%9C16-%D7%A9%D7%91%D7%99%D7%A6%D7%A2-%D7%A2%D7%91%D7%99%D7%A8%D7%95%D7%AA-%D7%9E%D7%99%D7%9F-%D7%AA%D7%A4%D7%97-39000-05-21/,DESKTOP,0,618,0.00%,68.1
https://jus-tice.co.il/%D7%92%D7%96%D7%93-%D7%A2%D7%95%D7%A0%D7%A9-%D7%A4%D7%9C%D7%99%D7%9C%D7%99-%D7%9C%D7%A7%D7%98%D7%99%D7%9F-%D7%9E%D7%AA%D7%97%D7%AA-%D7%9C16-%D7%A9%D7%91%D7%99%D7%A6%D7%A2-%D7%A2%D7%91%D7%99%D7%A8%D7%95%D7%AA-%D7%9E%D7%99%D7%9F-%D7%AA%D7%A4%D7%97-39000-05-21/,MOBILE,0,14,0.00%,53.0
https://jus-tice.co.il/%D7%92%D7%96%D7%9C-%D7%A1%D7%95%D7%93-%D7%9E%D7%A1%D7%97%D7%A8%D7%99-%D7%A9%D7%99%D7%9E%D7%95%D7%A9-%D7%A9%D7%9C%D7%90-%D7%91%D7%A8%D7%A9%D7%99%D7%9E%D7%AA-%D7%9C%D7%A7%D7%95%D7%97%D7%95%D7%AA-%D7%90%D7%99-%D7%AA%D7%97%D7%A8%D7%95%D7%AA-%D7%95%D7%A9%D7%9E%D7%99%D7%A8%D7%AA-%D7%A1%D7%95%D7%93%D7%99%D7%95%D7%AA/,MOBILE,0,46,0.00%,47.1
https://jus-tice.co.il/%D7%92%D7%96%D7%A8-%D7%93%D7%99%D7%9F-%D7%A4%D7%9C%D7%99%D7%9C%D7%99-%D7%A0%D7%90%D7%A9%D7%9D-%D7%A2%D7%91%D7%99%D7%A8%D7%AA-%D7%AA%D7%A7%D7%99%D7%A4%D7%AA-%D7%90%D7%99%D7%A9%D7%94-%D7%95%D7%91%D7%AA/,DESKTOP,0,661,0.00%,76.7
https://jus-tice.co.il/%D7%92%D7%96%D7%A8-%D7%93%D7%99%D7%9F-%D7%A4%D7%9C%D7%99%D7%9C%D7%99-%D7%A0%D7%90%D7%A9%D7%9D-%D7%A2%D7%91%D7%99%D7%A8%D7%AA-%D7%AA%D7%A7%D7%99%D7%A4%D7%AA-%D7%90%D7%99%D7%A9%D7%94-%D7%95%D7%91%D7%AA/,MOBILE,0,40,0.00%,65.5
https://jus-tice.co.il/%D7%92%D7%99%D7%9C%D7%95%D7%99-%D7%A4%D7%A8%D7%98%D7%99-%D7%9E%D7%A9%D7%AA%D7%9E%D7%A9-%D7%A9%D7%9C-%D7%A4%D7%A8%D7%95%D7%A4%D7%99%D7%9C-%D7%A4%D7%99%D7%99%D7%A1%D7%91%D7%95%D7%A7-%D7%A4%D7%99%D7%A7%D7%98%D7%99%D7%91%D7%99-%D7%AA%D7%90-20419-03-21/,DESKTOP,0,1148,0.00%,60.1
https://jus-tice.co.il/%D7%92%D7%99%D7%A8%D7%95%D7%A9%D7%99%D7%9D-%D7%93%D7%97%D7%99%D7%99%D7%AA-%D7%91%D7%A7%D7%A9%D7%AA-%D7%94%D7%91%D7%A2%D7%9C-%D7%9C%D7%A9%D7%A2%D7%91%D7%A8-%D7%9C%D7%A7%D7%91%D7%95%D7%A2-%D7%9B%D7%99-%D7%94%D7%92%D7%98-%D7%91%D7%98%D7%9C/,DESKTOP,0,31,0.00%,79.9
https://jus-tice.co.il/%D7%92%D7%99%D7%A8%D7%95%D7%A9%D7%99%D7%9D-%D7%93%D7%97%D7%99%D7%99%D7%AA-%D7%91%D7%A7%D7%A9%D7%AA-%D7%94%D7%91%D7%A2%D7%9C-%D7%9C%D7%A9%D7%A2%D7%91%D7%A8-%D7%9C%D7%A7%D7%91%D7%95%D7%A2-%D7%9B%D7%99-%D7%94%D7%92%D7%98-%D7%91%D7%98%D7%9C/,MOBILE,0,2,0.00%,64.5
https://jus-tice.co.il/%D7%92%D7%99%D7%A8%D7%95%D7%A9%D7%99%D7%9F-%D7%91%D7%90%D7%A8%D7%A6%D7%95%D7%AA-%D7%94%D7%91%D7%A8%D7%99%D7%AA/,DESKTOP,0,1497,0.00%,68.2
https://jus-tice.co.il/%D7%92%D7%99%D7%A8%D7%95%D7%A9%D7%99%D7%9F-%D7%91%D7%90%D7%A8%D7%A6%D7%95%D7%AA-%D7%94%D7%91%D7%A8%D7%99%D7%AA/,MOBILE,0,370,0.00%,83.4
https://jus-tice.co.il/%D7%92%D7%99%D7%A8%D7%95%D7%A9%D7%99%D7%9F-%D7%91%D7%91%D7%9C%D7%92%D7%99%D7%94/,DESKTOP,0,222,0.00%,45.6
https://jus-tice.co.il/%D7%92%D7%99%D7%A8%D7%95%D7%A9%D7%99%D7%9F-%D7%91%D7%91%D7%9C%D7%92%D7%99%D7%94/,MOBILE,0,34,0.00%,57.6
https://jus-tice.co.il/%D7%92%D7%99%D7%A8%D7%95%D7%A9%D7%99%D7%9F-%D7%91%D7%92%D7%99%D7%93%D7%94-%D7%96%D7%9B%D7%95%D7%99%D7%95%D7%AA-%D7%91%D7%A2%D7%9C-%D7%91%D7%95%D7%92%D7%93-%D7%91%D7%94%D7%9C%D7%9B%D7%94/,DESKTOP,0,1682,0.00%,61.7
https://jus-tice.co.il/%D7%92%D7%99%D7%A8%D7%95%D7%A9%D7%99%D7%9F-%D7%91%D7%92%D7%99%D7%93%D7%94-%D7%96%D7%9B%D7%95%D7%99%D7%95%D7%AA-%D7%91%D7%A2%D7%9C-%D7%91%D7%95%D7%92%D7%93-%D7%91%D7%94%D7%9C%D7%9B%D7%94/,MOBILE,0,266,0.00%,55.9
https://jus-tice.co.il/%D7%92%D7%99%D7%A8%D7%95%D7%A9%D7%99%D7%9F-%D7%91%D7%92%D7%99%D7%A9%D7%95%D7%A8-%D7%A2%D7%9D-%D7%99%D7%9C%D7%93%D7%99%D7%9D-%D7%94%D7%93%D7%A8%D7%9A-%D7%94%D7%98%D7%95%D7%91%D7%94-%D7%9C%D7%94%D7%AA%D7%92%D7%A8%D7%A9-%D7%91%D7%92%D7%99%D7%A9%D7%95%D7%A8-%D7%91%D7%9C%D7%99-%D7%9C%D7%A4%D7%92%D7%95%D7%A2-%D7%91%D7%99%D7%9C%D7%93%D7%99%D7%9D/,DESKTOP,0,527,0.00%,41.3
https://jus-tice.co.il/%D7%92%D7%99%D7%A8%D7%95%D7%A9%D7%99%D7%9F-%D7%91%D7%92%D7%99%D7%A9%D7%95%D7%A8-%D7%A2%D7%9D-%D7%99%D7%9C%D7%93%D7%99%D7%9D-%D7%94%D7%93%D7%A8%D7%9A-%D7%94%D7%98%D7%95%D7%91%D7%94-%D7%9C%D7%94%D7%AA%D7%92%D7%A8%D7%A9-%D7%91%D7%92%D7%99%D7%A9%D7%95%D7%A8-%D7%91%D7%9C%D7%99-%D7%9C%D7%A4%D7%92%D7%95%D7%A2-%D7%91%D7%99%D7%9C%D7%93%D7%99%D7%9D/,MOBILE,0,17,0.00%,62.5
https://jus-tice.co.il/%D7%92%D7%99%D7%A8%D7%95%D7%A9%D7%99%D7%9F-%D7%91%D7%A2%D7%9C%D7%95%D7%AA-%D7%95%D7%97%D7%9C%D7%95%D7%A7%D7%AA-%D7%90%D7%AA%D7%A8-%D7%90%D7%99%D7%A0%D7%98%D7%A8%D7%A0%D7%98-%D7%97%D7%9C%D7%95%D7%A7%D7%AA-%D7%A8%D7%9B%D7%95%D7%A9-%D7%91%D7%99%D7%9F-%D7%91%D7%A0%D7%99-%D7%96%D7%95%D7%92/,DESKTOP,0,2,0.00%,51.0
https://jus-tice.co.il/%D7%92%D7%99%D7%A8%D7%95%D7%A9%D7%99%D7%9F-%D7%97%D7%99%D7%95%D7%91-%D7%94%D7%90%D7%91-%D7%91%D7%AA%D7%A9%D7%9C%D7%95%D7%9D-%D7%91%D7%92%D7%99%D7%9F-%D7%9E%D7%93%D7%95%D7%A8-%D7%94%D7%99%D7%9C%D7%93%D7%99%D7%9D-%D7%91%D7%91%D7%99%D7%AA-%D7%A9%D7%91%D7%91%D7%A2%D7%9C%D7%95%D7%AA-%D7%94%D7%90%D7%9D-%D7%95%D7%90%D7%99%D7%9F-%D7%94%D7%99%D7%90-%D7%9E%D7%A9%D7%9C%D7%9E%D7%AA-%D7%A9%D7%9B%D7%A8-%D7%93%D7%99%D7%A8%D7%94-%D7%91%D7%92%D7%99%D7%A0%D7%95/,DESKTOP,0,739,0.00%,58.7
https://jus-tice.co.il/%D7%92%D7%99%D7%A8%D7%95%D7%A9%D7%99%D7%9F-%D7%97%D7%99%D7%95%D7%91-%D7%94%D7%90%D7%91-%D7%91%D7%AA%D7%A9%D7%9C%D7%95%D7%9D-%D7%91%D7%92%D7%99%D7%9F-%D7%9E%D7%93%D7%95%D7%A8-%D7%94%D7%99%D7%9C%D7%93%D7%99%D7%9D-%D7%91%D7%91%D7%99%D7%AA-%D7%A9%D7%91%D7%91%D7%A2%D7%9C%D7%95%D7%AA-%D7%94%D7%90%D7%9D-%D7%95%D7%90%D7%99%D7%9F-%D7%94%D7%99%D7%90-%D7%9E%D7%A9%D7%9C%D7%9E%D7%AA-%D7%A9%D7%9B%D7%A8-%D7%93%D7%99%D7%A8%D7%94-%D7%91%D7%92%D7%99%D7%A0%D7%95/,MOBILE,0,484,0.00%,52.5
https://jus-tice.co.il/%D7%92%D7%99%D7%A8%D7%95%D7%A9%D7%99%D7%9F-%D7%97%D7%99%D7%95%D7%91-%D7%94%D7%90%D7%91-%D7%91%D7%AA%D7%A9%D7%9C%D7%95%D7%9D-%D7%91%D7%92%D7%99%D7%9F-%D7%9E%D7%93%D7%95%D7%A8-%D7%94%D7%99%D7%9C%D7%93%D7%99%D7%9D-%D7%91%D7%91%D7%99%D7%AA-%D7%A9%D7%91%D7%91%D7%A2%D7%9C%D7%95%D7%AA-%D7%94%D7%90%D7%9D-%D7%95%D7%90%D7%99%D7%9F-%D7%94%D7%99%D7%90-%D7%9E%D7%A9%D7%9C%D7%9E%D7%AA-%D7%A9%D7%9B%D7%A8-%D7%93%D7%99%D7%A8%D7%94-%D7%91%D7%92%D7%99%D7%A0%D7%95/,TABLET,0,2,0.00%,50.5
https://jus-tice.co.il/%D7%92%D7%99%D7%A8%D7%95%D7%A9%D7%99%D7%9F-%D7%97%D7%9C%D7%95%D7%A7%D7%AA-%D7%A2%D7%A1%D7%A7-%D7%A0%D7%9B%D7%A1-%D7%90%D7%95-%D7%9E%D7%95%D7%A0%D7%99%D7%98%D7%99%D7%9F-%D7%9E%D7%A2%D7%9E%D7%93%D7%94-%D7%A9%D7%9C-%D7%97%D7%95%D7%93-%D7%9E%D7%95%D7%9E%D7%97%D7%94/,DESKTOP,0,4519,0.00%,47.1
https://jus-tice.co.il/%D7%92%D7%99%D7%A8%D7%95%D7%A9%D7%99%D7%9F-%D7%97%D7%9C%D7%95%D7%A7%D7%AA-%D7%A2%D7%A1%D7%A7-%D7%A0%D7%9B%D7%A1-%D7%90%D7%95-%D7%9E%D7%95%D7%A0%D7%99%D7%98%D7%99%D7%9F-%D7%9E%D7%A2%D7%9E%D7%93%D7%94-%D7%A9%D7%9C-%D7%97%D7%95%D7%93-%D7%9E%D7%95%D7%9E%D7%97%D7%94/,TABLET,0,13,0.00%,33.1
https://jus-tice.co.il/%D7%92%D7%99%D7%A8%D7%95%D7%A9%D7%99%D7%9F-%D7%A7%D7%91%D7%9C%D7%AA-%D7%96%D7%9B%D7%95%D7%99%D7%95%D7%AA-%D7%A4%D7%A0%D7%A1%D7%99%D7%95%D7%A0%D7%99%D7%95%D7%AA-%D7%9E%D7%94%D7%95%D7%95%D7%A0%D7%95%D7%AA-%D7%91%D7%9E%D7%A7%D7%95%D7%9D-%D7%A8%D7%99%D7%A9%D7%95%D7%9E%D7%9F-%D7%A2%D7%9C-%D7%A9%D7%9D-%D7%94%D7%96%D7%9B%D7%90%D7%99-%D7%91%D7%94%D7%AA%D7%90%D7%9D-%D7%9C%D7%97%D7%95%D7%A7-%D7%9C%D7%97%D7%9C%D7%95%D7%A7%D7%AA-%D7%97%D7%99%D7%A1%D7%9B%D7%95%D7%9F-%D7%A4%D7%A0%D7%A1%D7%99%D7%95%D7%A0%D7%99/,DESKTOP,0,345,0.00%,68.0
https://jus-tice.co.il/%D7%92%D7%99%D7%A8%D7%95%D7%A9%D7%99%D7%9F-%D7%A7%D7%91%D7%9C%D7%AA-%D7%96%D7%9B%D7%95%D7%99%D7%95%D7%AA-%D7%A4%D7%A0%D7%A1%D7%99%D7%95%D7%A0%D7%99%D7%95%D7%AA-%D7%9E%D7%94%D7%95%D7%95%D7%A0%D7%95%D7%AA-%D7%91%D7%9E%D7%A7%D7%95%D7%9D-%D7%A8%D7%99%D7%A9%D7%95%D7%9E%D7%9F-%D7%A2%D7%9C-%D7%A9%D7%9D-%D7%94%D7%96%D7%9B%D7%90%D7%99-%D7%91%D7%94%D7%AA%D7%90%D7%9D-%D7%9C%D7%97%D7%95%D7%A7-%D7%9C%D7%97%D7%9C%D7%95%D7%A7%D7%AA-%D7%97%D7%99%D7%A1%D7%9B%D7%95%D7%9F-%D7%A4%D7%A0%D7%A1%D7%99%D7%95%D7%A0%D7%99/,MOBILE,0,2,0.00%,45.0
https://jus-tice.co.il/%D7%92%D7%99%D7%A9%D7%95%D7%A8-%D7%92%D7%99%D7%A8%D7%95%D7%A9%D7%99%D7%9F-%D7%9E%D7%94-%D7%96%D7%94-%D7%95%D7%90%D7%99%D7%9A-%D7%94%D7%AA%D7%94%D7%9C%D7%99%D7%9A-%D7%A2%D7%95%D7%91%D7%93/,DESKTOP,0,7468,0.00%,70.2
https://jus-tice.co.il/%D7%92%D7%99%D7%A9%D7%95%D7%A8-%D7%92%D7%99%D7%A8%D7%95%D7%A9%D7%99%D7%9F-%D7%9E%D7%94-%D7%96%D7%94-%D7%95%D7%90%D7%99%D7%9A-%D7%94%D7%AA%D7%94%D7%9C%D7%99%D7%9A-%D7%A2%D7%95%D7%91%D7%93/,MOBILE,0,1837,0.00%,72.4
https://jus-tice.co.il/%D7%92%D7%99%D7%A9%D7%95%D7%A8-%D7%92%D7%99%D7%A8%D7%95%D7%A9%D7%99%D7%9F-%D7%9E%D7%94-%D7%96%D7%94-%D7%95%D7%90%D7%99%D7%9A-%D7%94%D7%AA%D7%94%D7%9C%D7%99%D7%9A-%D7%A2%D7%95%D7%91%D7%93/,TABLET,0,6,0.00%,72.0
https://jus-tice.co.il/%D7%93%D7%95%D7%92%D7%9E%D7%90-%D7%9C%D7%94%D7%A1%D7%9B%D7%9D-%D7%A4%D7%99%D7%A0%D7%95%D7%99-%D7%91%D7%99%D7%A0%D7%95%D7%99,DESKTOP,0,192,0.00%,66.3
https://jus-tice.co.il/%D7%93%D7%95%D7%92%D7%9E%D7%90-%D7%9C%D7%94%D7%A1%D7%9B%D7%9D-%D7%A4%D7%99%D7%A0%D7%95%D7%99-%D7%91%D7%99%D7%A0%D7%95%D7%99,MOBILE,0,27,0.00%,76.1
https://jus-tice.co.il/%D7%93%D7%95%D7%92%D7%9E%D7%90-%D7%9C%D7%94%D7%A1%D7%9B%D7%9D-%D7%A4%D7%99%D7%A0%D7%95%D7%99-%D7%91%D7%99%D7%A0%D7%95%D7%99/,DESKTOP,0,1861,0.00%,68.8
https://jus-tice.co.il/%D7%93%D7%95%D7%92%D7%9E%D7%90-%D7%9C%D7%94%D7%A1%D7%9B%D7%9D-%D7%A4%D7%99%D7%A0%D7%95%D7%99-%D7%91%D7%99%D7%A0%D7%95%D7%99/,MOBILE,0,349,0.00%,68.4
https://jus-tice.co.il/%D7%93%D7%95%D7%97%D7%95%D7%AA-%D7%97%D7%A0%D7%99%D7%94-%D7%90%D7%9E%D7%A6%D7%A2%D7%95%D7%AA-%D7%9E%D7%A1%D7%A8%D7%95%D7%9F-%D7%9C%D7%98%D7%9C%D7%A4%D7%95%D7%9F-%D7%A0%D7%99%D7%99%D7%93-sms/,DESKTOP,0,224,0.00%,37.9
https://jus-tice.co.il/%D7%93%D7%95%D7%97%D7%95%D7%AA-%D7%97%D7%A0%D7%99%D7%94-%D7%90%D7%9E%D7%A6%D7%A2%D7%95%D7%AA-%D7%9E%D7%A1%D7%A8%D7%95%D7%9F-%D7%9C%D7%98%D7%9C%D7%A4%D7%95%D7%9F-%D7%A0%D7%99%D7%99%D7%93-sms/,MOBILE,0,105,0.00%,32.4
https://jus-tice.co.il/%D7%93%D7%97%D7%99%D7%99%D7%AA-%D7%91%D7%A7%D7%A9%D7%94-%D7%9C%D7%94%D7%AA%D7%A0%D7%92%D7%93%D7%95%D7%AA-%D7%9C%D7%A6%D7%95-%D7%99%D7%A8%D7%95%D7%A9%D7%94-%D7%A2%D7%9C-%D7%99%D7%93%D7%99-%D7%94%D7%A0%D7%AA%D7%91%D7%A2%D7%AA-%D7%94%D7%98%D7%95%D7%A2%D7%A0%D7%AA-%D7%9C%D7%94%D7%99%D7%95%D7%AA%D7%94-%D7%91%D7%AA-%D7%94%D7%96%D7%95%D7%92-%D7%A9%D7%9C-%D7%94%D7%9E%D7%A0%D7%95%D7%97-%D7%AA%D7%A2-57474-06-19/,DESKTOP,0,3457,0.00%,46.1
https://jus-tice.co.il/%D7%93%D7%97%D7%99%D7%99%D7%AA-%D7%91%D7%A7%D7%A9%D7%94-%D7%9C%D7%94%D7%AA%D7%A0%D7%92%D7%93%D7%95%D7%AA-%D7%9C%D7%A6%D7%95-%D7%99%D7%A8%D7%95%D7%A9%D7%94-%D7%A2%D7%9C-%D7%99%D7%93%D7%99-%D7%94%D7%A0%D7%AA%D7%91%D7%A2%D7%AA-%D7%94%D7%98%D7%95%D7%A2%D7%A0%D7%AA-%D7%9C%D7%94%D7%99%D7%95%D7%AA%D7%94-%D7%91%D7%AA-%D7%94%D7%96%D7%95%D7%92-%D7%A9%D7%9C-%D7%94%D7%9E%D7%A0%D7%95%D7%97-%D7%AA%D7%A2-57474-06-19/,MOBILE,0,451,0.00%,43.8
https://jus-tice.co.il/%D7%93%D7%97%D7%99%D7%99%D7%AA-%D7%91%D7%A7%D7%A9%D7%94-%D7%9C%D7%94%D7%AA%D7%A0%D7%92%D7%93%D7%95%D7%AA-%D7%9C%D7%A6%D7%95-%D7%99%D7%A8%D7%95%D7%A9%D7%94-%D7%A2%D7%9C-%D7%99%D7%93%D7%99-%D7%94%D7%A0%D7%AA%D7%91%D7%A2%D7%AA-%D7%94%D7%98%D7%95%D7%A2%D7%A0%D7%AA-%D7%9C%D7%94%D7%99%D7%95%D7%AA%D7%94-%D7%91%D7%AA-%D7%94%D7%96%D7%95%D7%92-%D7%A9%D7%9C-%D7%94%D7%9E%D7%A0%D7%95%D7%97-%D7%AA%D7%A2-57474-06-19/,TABLET,0,1,0.00%,33.0
https://jus-tice.co.il/%D7%93%D7%97%D7%99%D7%99%D7%AA-%D7%93%D7%A8%D7%99%D7%A9%D7%94-%D7%9C%D7%A2%D7%99%D7%9B%D7%95%D7%91-%D7%92%D7%99%D7%A8%D7%95%D7%A9%D7%99%D7%9F-%D7%9C%D7%A9%D7%9D-%D7%94%D7%96%D7%9E%D7%AA-%D7%98%D7%A2%D7%A0%D7%95%D7%AA-%D7%A9%D7%9C%D7%90-%D7%94%D7%97%D7%9C-%D7%91%D7%99%D7%A8%D7%95%D7%A8%D7%9F-%D7%A9%D7%A4%D7%A1%D7%99%D7%A7%D7%AA-%D7%94%D7%92%D7%99%D7%A8%D7%95%D7%A9%D7%99%D7%9F-%D7%90%D7%99%D7%A0%D7%94-%D7%9E%D7%95%D7%A9%D7%AA%D7%AA%D7%AA-%D7%A2%D7%9C%D7%99%D7%94%D7%9F-%D7%95%D7%A9%D7%94%D7%96%D7%9E%D7%AA%D7%9F-%D7%9E%D7%91%D7%95%D7%A7%D7%A9%D7%AA-%D7%9C%D7%A6%D7%95%D7%A8%D7%9A-%D7%94%D7%9C%D7%99%D7%9A-%D7%90%D7%97%D7%A8-1353339-1-%D7%91%D7%99%D7%94%D7%93-%D7%94%D7%92%D7%93%D7%95%D7%9C/,DESKTOP,0,30,0.00%,80.9
https://jus-tice.co.il/%D7%93%D7%97%D7%99%D7%99%D7%AA-%D7%98%D7%A2%D7%A0%D7%94-%D7%9C%D7%A4%D7%92%D7%99%D7%A2%D7%94-%D7%9E%D7%99%D7%A0%D7%99%D7%AA-%D7%95%D7%97%D7%99%D7%93%D7%95%D7%A9-%D7%A7%D7%A9%D7%A8-%D7%91%D7%99%D7%9F-%D7%90%D7%91-%D7%9C%D7%91%D7%AA%D7%95-%D7%90%D7%A3-%D7%A9%D7%9C%D7%90-%D7%91%D7%94%D7%AA%D7%90%D7%9D-%D7%9C%D7%94%D7%9E%D7%9C%D7%A6%D7%AA-%D7%A2%D7%95%D7%A1-%D7%94%D7%A8%D7%95%D7%95%D7%97%D7%94-1201062-4-%D7%91%D7%99%D7%94%D7%93-%D7%99%D7%A8%D7%95%D7%A9%D7%9C%D7%99%D7%9D/,DESKTOP,0,40,0.00%,79.6
https://jus-tice.co.il/%D7%93%D7%97%D7%99%D7%99%D7%AA-%D7%98%D7%A2%D7%A0%D7%94-%D7%9C%D7%A4%D7%92%D7%99%D7%A2%D7%94-%D7%9E%D7%99%D7%A0%D7%99%D7%AA-%D7%95%D7%97%D7%99%D7%93%D7%95%D7%A9-%D7%A7%D7%A9%D7%A8-%D7%91%D7%99%D7%9F-%D7%90%D7%91-%D7%9C%D7%91%D7%AA%D7%95-%D7%90%D7%A3-%D7%A9%D7%9C%D7%90-%D7%91%D7%94%D7%AA%D7%90%D7%9D-%D7%9C%D7%94%D7%9E%D7%9C%D7%A6%D7%AA-%D7%A2%D7%95%D7%A1-%D7%94%D7%A8%D7%95%D7%95%D7%97%D7%94-1201062-4-%D7%91%D7%99%D7%94%D7%93-%D7%99%D7%A8%D7%95%D7%A9%D7%9C%D7%99%D7%9D/,MOBILE,0,2,0.00%,62.0
https://jus-tice.co.il/%D7%93%D7%97%D7%99%D7%99%D7%AA-%D7%A2%D7%A8%D7%A2%D7%95%D7%A8-%D7%A2%D7%9C-%D7%91%D7%99%D7%98%D7%95%D7%9C-%D7%A2%D7%A1%D7%A7%D7%AA-%D7%9E%D7%AA%D7%A0%D7%94-%D7%91%D7%94-%D7%94%D7%A2%D7%91%D7%99%D7%A8%D7%94-%D7%90%D7%9D-%D7%9E%D7%A7%D7%A8%D7%A7%D7%A2%D7%99%D7%9F-%D7%9C%D7%9C%D7%90-%D7%AA%D7%9E%D7%95%D7%A8%D7%94-%D7%9C%D7%90%D7%97%D7%99%D7%9D-%D7%9C%D7%90%D7%97%D7%A8-%D7%9B%D7%AA%D7%99%D7%91%D7%AA-%D7%94%D7%A6%D7%95%D7%95%D7%90%D7%94/,DESKTOP,0,1422,0.00%,66.7
https://jus-tice.co.il/%D7%93%D7%97%D7%99%D7%99%D7%AA-%D7%A2%D7%A8%D7%A2%D7%95%D7%A8-%D7%A2%D7%9C-%D7%91%D7%99%D7%98%D7%95%D7%9C-%D7%A2%D7%A1%D7%A7%D7%AA-%D7%9E%D7%AA%D7%A0%D7%94-%D7%91%D7%94-%D7%94%D7%A2%D7%91%D7%99%D7%A8%D7%94-%D7%90%D7%9D-%D7%9E%D7%A7%D7%A8%D7%A7%D7%A2%D7%99%D7%9F-%D7%9C%D7%9C%D7%90-%D7%AA%D7%9E%D7%95%D7%A8%D7%94-%D7%9C%D7%90%D7%97%D7%99%D7%9D-%D7%9C%D7%90%D7%97%D7%A8-%D7%9B%D7%AA%D7%99%D7%91%D7%AA-%D7%94%D7%A6%D7%95%D7%95%D7%90%D7%94/,MOBILE,0,107,0.00%,73.4
https://jus-tice.co.il/%D7%93%D7%99%D7%9C%D7%9E%D7%AA-%D7%90%D7%A1%D7%99%D7%A8-%D7%97%D7%A3-%D7%9E%D7%A4%D7%A9%D7%A2/,DESKTOP,0,77,0.00%,49.2
https://jus-tice.co.il/%D7%93%D7%99%D7%9C%D7%9E%D7%AA-%D7%90%D7%A1%D7%99%D7%A8-%D7%97%D7%A3-%D7%9E%D7%A4%D7%A9%D7%A2/,MOBILE,0,34,0.00%,16.2
https://jus-tice.co.il/%D7%93%D7%99%D7%9F-%D7%95%D7%97%D7%A9%D7%91%D7%95%D7%9F-%D7%9C%D7%A2%D7%A0%D7%99%D7%99%D7%9F-%D7%AA%D7%A7%D7%A0%D7%95%D7%AA-%D7%91%D7%A0%D7%95%D7%A9%D7%90-%D7%91%D7%93%D7%99%D7%A7%D7%95%D7%AA-%D7%A9%D7%9B%D7%A8%D7%95%D7%AA-%D7%9C%D7%A0%D7%94%D7%92%D7%99%D7%9D/,DESKTOP,0,2806,0.00%,72.9
https://jus-tice.co.il/%D7%93%D7%99%D7%9F-%D7%95%D7%97%D7%A9%D7%91%D7%95%D7%9F-%D7%9C%D7%A2%D7%A0%D7%99%D7%99%D7%9F-%D7%AA%D7%A7%D7%A0%D7%95%D7%AA-%D7%91%D7%A0%D7%95%D7%A9%D7%90-%D7%91%D7%93%D7%99%D7%A7%D7%95%D7%AA-%D7%A9%D7%9B%D7%A8%D7%95%D7%AA-%D7%9C%D7%A0%D7%94%D7%92%D7%99%D7%9D/,MOBILE,0,743,0.00%,72.7
https://jus-tice.co.il/%D7%93%D7%99%D7%A0%D7%99-%D7%9E%D7%A9%D7%A4%D7%97%D7%94-%D7%90%D7%95%D7%A1%D7%98%D7%A8%D7%9C%D7%99%D7%94/,DESKTOP,0,1171,0.00%,45.8
https://jus-tice.co.il/%D7%93%D7%99%D7%A0%D7%99-%D7%9E%D7%A9%D7%A4%D7%97%D7%94-%D7%90%D7%95%D7%A1%D7%98%D7%A8%D7%9C%D7%99%D7%94/,MOBILE,0,9,0.00%,86.4
https://jus-tice.co.il/%D7%93%D7%A8%D7%9B%D7%95%D7%9F-%D7%99%D7%95%D7%95%D7%A0%D7%99-%D7%94%D7%92%D7%99%D7%A8%D7%94-%D7%A8%D7%99%D7%9C%D7%95%D7%A7%D7%99%D7%99%D7%A9%D7%9F-%D7%9E%D7%92%D7%95%D7%A8%D7%99%D7%9D-%D7%9E%D7%94-%D7%94%D7%93%D7%A8%D7%99%D7%A9%D7%95%D7%AA-%D7%95%D7%94%D7%A2%D7%9C%D7%95%D7%99%D7%95%D7%AA/,TABLET,0,6,0.00%,16.2
https://jus-tice.co.il/%D7%93%D7%A8%D7%A2%D7%99-%D7%92%D7%96%D7%A8-%D7%93%D7%99%D7%9F-%D7%A2%D7%91%D7%99%D7%A8%D7%95%D7%AA-%D7%9E%D7%A1-%D7%94%D7%A1%D7%93%D7%A8-%D7%98%D7%99%D7%A2%D7%95%D7%9F/,DESKTOP,0,117,0.00%,70.9
https://jus-tice.co.il/%D7%93%D7%A8%D7%A2%D7%99-%D7%92%D7%96%D7%A8-%D7%93%D7%99%D7%9F-%D7%A2%D7%91%D7%99%D7%A8%D7%95%D7%AA-%D7%9E%D7%A1-%D7%94%D7%A1%D7%93%D7%A8-%D7%98%D7%99%D7%A2%D7%95%D7%9F/,MOBILE,0,22,0.00%,71.1
https://jus-tice.co.il/%D7%94%D7%90%D7%9D-%D7%99%D7%A9-%D7%9E%D7%A7%D7%95%D7%9D-%D7%9C%D7%94%D7%9B%D7%99%D7%A8-%D7%91%D7%A9%D7%9C%D7%99%D7%97%D7%99%D7%9D-%D7%A9%D7%9C-%D7%95%D7%95%D7%9C%D7%98-%D7%9B%D7%A2%D7%95%D7%91%D7%93%D7%99-%D7%95%D7%95%D7%9C%D7%98/,DESKTOP,0,1139,0.00%,58.0
https://jus-tice.co.il/%D7%94%D7%90%D7%9D-%D7%99%D7%A9-%D7%9E%D7%A7%D7%95%D7%9D-%D7%9C%D7%94%D7%9B%D7%99%D7%A8-%D7%91%D7%A9%D7%9C%D7%99%D7%97%D7%99%D7%9D-%D7%A9%D7%9C-%D7%95%D7%95%D7%9C%D7%98-%D7%9B%D7%A2%D7%95%D7%91%D7%93%D7%99-%D7%95%D7%95%D7%9C%D7%98/,MOBILE,0,69,0.00%,44.2
https://jus-tice.co.il/%D7%94%D7%90%D7%9D-%D7%9B%D7%9C-%D7%94%D7%A1%D7%9B%D7%9D-%D7%91%D7%99%D7%9F-%D7%91%D7%A0%D7%99-%D7%96%D7%95%D7%92-%D7%94%D7%95%D7%90-%D7%94%D7%A1%D7%9B%D7%9D-%D7%9E%D7%9E%D7%95%D7%9F/,DESKTOP,0,255,0.00%,68.9
https://jus-tice.co.il/%D7%94%D7%90%D7%9D-%D7%9B%D7%9C-%D7%94%D7%A1%D7%9B%D7%9D-%D7%91%D7%99%D7%9F-%D7%91%D7%A0%D7%99-%D7%96%D7%95%D7%92-%D7%94%D7%95%D7%90-%D7%94%D7%A1%D7%9B%D7%9D-%D7%9E%D7%9E%D7%95%D7%9F/,MOBILE,0,93,0.00%,50.2
https://jus-tice.co.il/%D7%94%D7%90%D7%9D-%D7%9B%D7%9C-%D7%94%D7%A1%D7%9B%D7%9D-%D7%91%D7%99%D7%9F-%D7%91%D7%A0%D7%99-%D7%96%D7%95%D7%92-%D7%94%D7%95%D7%90-%D7%94%D7%A1%D7%9B%D7%9D-%D7%9E%D7%9E%D7%95%D7%9F/,TABLET,0,2,0.00%,33.0
https://jus-tice.co.il/%D7%94%D7%90%D7%9D-%D7%AA%D7%A9%D7%9C%D7%9D-%D7%9E%D7%96%D7%95%D7%A0%D7%95%D7%AA-%D7%99%D7%9C%D7%93%D7%99%D7%9D-%D7%91%D7%99%D7%AA-%D7%93%D7%99%D7%9F-%D7%A8%D7%91%D7%A0%D7%99-2022/,DESKTOP,0,747,0.00%,54.4
https://jus-tice.co.il/%D7%94%D7%90%D7%9D-%D7%AA%D7%A9%D7%9C%D7%9D-%D7%9E%D7%96%D7%95%D7%A0%D7%95%D7%AA-%D7%99%D7%9C%D7%93%D7%99%D7%9D-%D7%91%D7%99%D7%AA-%D7%93%D7%99%D7%9F-%D7%A8%D7%91%D7%A0%D7%99-2022/,MOBILE,0,8,0.00%,90.0
https://jus-tice.co.il/%D7%94%D7%90%D7%9D-%D7%AA%D7%A9%D7%9C%D7%9D-%D7%9E%D7%96%D7%95%D7%A0%D7%95%D7%AA-%D7%99%D7%9C%D7%93%D7%99%D7%9D-%D7%91%D7%99%D7%AA-%D7%93%D7%99%D7%9F-%D7%A8%D7%91%D7%A0%D7%99-2022/,TABLET,0,1,0.00%,91.0
https://jus-tice.co.il/%D7%94%D7%92%D7%99%D7%A8%D7%94-%D7%9E%D7%99%D7%A9%D7%A8%D7%90%D7%9C-%D7%A8%D7%A9%D7%99%D7%9E%D7%AA-%D7%94%D7%9C%D7%99%D7%9B%D7%99%D7%9D/,DESKTOP,0,938,0.00%,34.4
https://jus-tice.co.il/%D7%94%D7%92%D7%99%D7%A8%D7%94-%D7%9E%D7%99%D7%A9%D7%A8%D7%90%D7%9C-%D7%A8%D7%A9%D7%99%D7%9E%D7%AA-%D7%94%D7%9C%D7%99%D7%9B%D7%99%D7%9D/,TABLET,0,2,0.00%,33.5
https://jus-tice.co.il/%D7%94%D7%94%D7%9C%D7%99%D7%9A-%D7%94%D7%A4%D7%9C%D7%99%D7%9C%D7%99-%D7%A4%D7%A8%D7%A7%D7%9C%D7%99%D7%98%D7%95%D7%AA-%D7%94%D7%9E%D7%93%D7%99%D7%A0%D7%94-%D7%9E%D7%95%D7%9C-%D7%97%D7%98%D7%99%D7%91%D7%AA-%D7%AA%D7%91%D7%99%D7%A2%D7%95%D7%AA-%D7%94%D7%9E%D7%A9%D7%98%D7%A8%D7%94/,TABLET,0,5,0.00%,6.0
https://jus-tice.co.il/%D7%94%D7%97%D7%91%D7%A8%D7%95%D7%AA-%D7%94%D7%9E%D7%95%D7%91%D7%99%D7%9C%D7%95%D7%AA-%D7%AA%D7%9E%D7%90-38-%D7%AA%D7%90/,DESKTOP,0,1211,0.00%,38.4
https://jus-tice.co.il/%D7%94%D7%97%D7%91%D7%A8%D7%95%D7%AA-%D7%94%D7%9E%D7%95%D7%91%D7%99%D7%9C%D7%95%D7%AA-%D7%AA%D7%9E%D7%90-38-%D7%AA%D7%90/,MOBILE,0,122,0.00%,15.4
https://jus-tice.co.il/%D7%94%D7%97%D7%95%D7%91%D7%94-%D7%9C%D7%90%D7%A4%D7%A9%D7%A8-%D7%A1%D7%A0%D7%99%D7%92%D7%95%D7%A8-%D7%9C%D7%99%D7%99%D7%A2%D7%A5-%D7%9C%D7%90%D7%A1%D7%99%D7%A8-%D7%A2%D7%A6%D7%95%D7%A8-%D7%91%D7%91%D7%99%D7%AA-%D7%94%D7%9B%D7%9C%D7%90/,DESKTOP,0,242,0.00%,71.6
https://jus-tice.co.il/%D7%94%D7%97%D7%95%D7%91%D7%94-%D7%9C%D7%90%D7%A4%D7%A9%D7%A8-%D7%A1%D7%A0%D7%99%D7%92%D7%95%D7%A8-%D7%9C%D7%99%D7%99%D7%A2%D7%A5-%D7%9C%D7%90%D7%A1%D7%99%D7%A8-%D7%A2%D7%A6%D7%95%D7%A8-%D7%91%D7%91%D7%99%D7%AA-%D7%94%D7%9B%D7%9C%D7%90/,MOBILE,0,3,0.00%,65.7
https://jus-tice.co.il/%D7%94%D7%97%D7%96%D7%A7%D7%AA-%D7%99%D7%9C%D7%93%D7%99%D7%9D-%D7%9E%D7%A9%D7%9E%D7%95%D7%A8%D7%AA-%D7%9E%D7%A9%D7%95%D7%AA%D7%A4%D7%AA-%D7%91%D7%99%D7%AA-%D7%94%D7%93%D7%99%D7%9F-%D7%94%D7%A8%D7%91%D7%A0%D7%99/,TABLET,0,3,0.00%,7.3
https://jus-tice.co.il/%D7%94%D7%97%D7%9C%D7%98%D7%94-%D7%91%D7%99%D7%97%D7%A1-%D7%9C%D7%91%D7%A7%D7%A9%D7%94-%D7%9C%D7%9E%D7%99%D7%A0%D7%95%D7%99-%D7%90%D7%A4%D7%95%D7%98%D7%A8%D7%95%D7%A4%D7%95%D7%A1-%D7%A8%D7%9E%D7%A9-49897-12-21/,DESKTOP,0,555,0.00%,71.2
https://jus-tice.co.il/%D7%94%D7%97%D7%9C%D7%98%D7%94-%D7%91%D7%99%D7%97%D7%A1-%D7%9C%D7%91%D7%A7%D7%A9%D7%94-%D7%9C%D7%9E%D7%99%D7%A0%D7%95%D7%99-%D7%90%D7%A4%D7%95%D7%98%D7%A8%D7%95%D7%A4%D7%95%D7%A1-%D7%A8%D7%9E%D7%A9-49897-12-21/,MOBILE,0,28,0.00%,79.7
https://jus-tice.co.il/%D7%94%D7%97%D7%9C%D7%98%D7%94-%D7%91%D7%A0%D7%95%D7%A9%D7%90-%D7%A9%D7%91%D7%99%D7%AA%D7%AA-%D7%94%D7%A0%D7%9E%D7%9C%D7%99%D7%9D-%D7%A1%D7%A7%D7%9B-55221-01-22/,DESKTOP,0,29,0.00%,46.0
https://jus-tice.co.il/%D7%94%D7%97%D7%9C%D7%98%D7%94-%D7%91%D7%A0%D7%95%D7%A9%D7%90-%D7%A9%D7%91%D7%99%D7%AA%D7%AA-%D7%94%D7%A0%D7%9E%D7%9C%D7%99%D7%9D-%D7%A1%D7%A7%D7%9B-55221-01-22/,MOBILE,0,5,0.00%,62.0
https://jus-tice.co.il/%D7%94%D7%97%D7%9C%D7%98%D7%94-%D7%91%D7%A2%D7%A0%D7%99%D7%99%D7%9F-%D7%91%D7%A7%D7%A9%D7%94-%D7%9C%D7%94%D7%97%D7%96%D7%A8%D7%AA-%D7%A6%D7%99%D7%95%D7%93-%D7%A9%D7%94%D7%95%D7%97%D7%A8%D7%9D/,DESKTOP,0,156,0.00%,44.9
https://jus-tice.co.il/%D7%94%D7%97%D7%9C%D7%98%D7%94-%D7%91%D7%A2%D7%A0%D7%99%D7%99%D7%9F-%D7%91%D7%A7%D7%A9%D7%94-%D7%9C%D7%94%D7%97%D7%96%D7%A8%D7%AA-%D7%A6%D7%99%D7%95%D7%93-%D7%A9%D7%94%D7%95%D7%97%D7%A8%D7%9D/,MOBILE,0,8,0.00%,27.9
https://jus-tice.co.il/%D7%94%D7%97%D7%9C%D7%98%D7%94-%D7%91%D7%AA%D7%99%D7%A7-%D7%97%D7%93%D7%9C%D7%95%D7%AA-%D7%A4%D7%99%D7%A8%D7%A2%D7%95%D7%9F-%D7%A9%D7%9C-%D7%97%D7%91%D7%A8%D7%AA-%D7%A1%D7%98%D7%95%D7%93%D7%99%D7%95-c/,DESKTOP,0,551,0.00%,48.2
https://jus-tice.co.il/%D7%94%D7%97%D7%9C%D7%98%D7%94-%D7%91%D7%AA%D7%99%D7%A7-%D7%97%D7%93%D7%9C%D7%95%D7%AA-%D7%A4%D7%99%D7%A8%D7%A2%D7%95%D7%9F-%D7%A9%D7%9C-%D7%97%D7%91%D7%A8%D7%AA-%D7%A1%D7%98%D7%95%D7%93%D7%99%D7%95-c/,TABLET,0,2,0.00%,9.5
https://jus-tice.co.il/%D7%94%D7%97%D7%9E%D7%A8%D7%AA-%D7%A2%D7%95%D7%A0%D7%A9-%D7%A2%D7%91%D7%99%D7%A8%D7%95%D7%AA-%D7%91%D7%A0%D7%A9%D7%A7-%D7%9E%D7%9B%D7%99%D7%A8%D7%AA-%D7%9B%D7%9C%D7%99-%D7%A0%D7%A9%D7%A7-%D7%A9%D7%95%D7%A0%D7%99%D7%9D/,DESKTOP,0,72,0.00%,66.6
https://jus-tice.co.il/%D7%94%D7%97%D7%9E%D7%A8%D7%AA-%D7%A2%D7%95%D7%A0%D7%A9-%D7%A2%D7%91%D7%99%D7%A8%D7%95%D7%AA-%D7%91%D7%A0%D7%A9%D7%A7-%D7%9E%D7%9B%D7%99%D7%A8%D7%AA-%D7%9B%D7%9C%D7%99-%D7%A0%D7%A9%D7%A7-%D7%A9%D7%95%D7%A0%D7%99%D7%9D/,MOBILE,0,12,0.00%,71.8
https://jus-tice.co.il/%D7%94%D7%98%D7%A8%D7%93%D7%94-%D7%9E%D7%99%D7%A0%D7%99%D7%AA-%D7%91%D7%91%D7%A8-%D7%A9%D7%AA%D7%99%D7%99%D7%AA-%D7%90%D7%9C%D7%9B%D7%95%D7%94%D7%95%D7%9C-%D7%9E%D7%92%D7%95%D7%A4%D7%95-%D7%A9%D7%9C-%D7%90%D7%93%D7%9D-%D7%90%D7%97%D7%A8/,MOBILE,0,77,0.00%,46.8
https://jus-tice.co.il/%D7%94%D7%9B%D7%A0%D7%94-%D7%9C%D7%97%D7%A7%D7%99%D7%A8%D7%94-%D7%91%D7%9E%D7%A9%D7%98%D7%A8%D7%94/,DESKTOP,0,5055,0.00%,51.6
https://jus-tice.co.il/%D7%94%D7%9B%D7%A0%D7%94-%D7%9C%D7%97%D7%A7%D7%99%D7%A8%D7%94-%D7%91%D7%9E%D7%A9%D7%98%D7%A8%D7%94/,MOBILE,0,372,0.00%,68.3
https://jus-tice.co.il/%D7%94%D7%9B%D7%A0%D7%94-%D7%9C%D7%97%D7%A7%D7%99%D7%A8%D7%94-%D7%91%D7%9E%D7%A9%D7%98%D7%A8%D7%94/,TABLET,0,1,0.00%,66.0
https://jus-tice.co.il/%D7%94%D7%9C%D7%99%D7%9A-%D7%94%D7%9E%D7%A2%D7%A6%D7%A8-%D7%9B%D7%9E%D7%94-%D7%A2%D7%95%D7%9C%D7%94-%D7%A2%D7%95%D7%A8%D7%9A-%D7%93%D7%99%D7%9F-%D7%9E%D7%A2%D7%A6%D7%A8%D7%99%D7%9D-%D7%9E%D7%97%D7%99%D7%A8%D7%95%D7%9F-%D7%A2%D7%95%D7%93-%D7%A4%D7%9C%D7%99%D7%9C%D7%99/,MOBILE,0,931,0.00%,34.3
https://jus-tice.co.il/%D7%94%D7%9C%D7%99%D7%9A-%D7%94%D7%9E%D7%A2%D7%A6%D7%A8-%D7%9B%D7%9E%D7%94-%D7%A2%D7%95%D7%9C%D7%94-%D7%A2%D7%95%D7%A8%D7%9A-%D7%93%D7%99%D7%9F-%D7%9E%D7%A2%D7%A6%D7%A8%D7%99%D7%9D-%D7%9E%D7%97%D7%99%D7%A8%D7%95%D7%9F-%D7%A2%D7%95%D7%93-%D7%A4%D7%9C%D7%99%D7%9C%D7%99/,TABLET,0,5,0.00%,50.2
https://jus-tice.co.il/%D7%94%D7%9E%D7%93%D7%A8%D7%99%D7%9A-%D7%94%D7%9E%D7%9C%D7%90-%D7%9C%D7%A6%D7%95%D7%95%D7%90%D7%95%D7%AA/,DESKTOP,0,43,0.00%,81.3
https://jus-tice.co.il/%D7%94%D7%9E%D7%93%D7%A8%D7%99%D7%9A-%D7%94%D7%9E%D7%9C%D7%90-%D7%9C%D7%A7%D7%A0%D7%99%D7%99%D7%94-%D7%94%D7%A9%D7%9B%D7%A8%D7%94-%D7%95-airbnb-%D7%91%D7%97%D7%95%D7%9C/,DESKTOP,0,14712,0.00%,53.3
https://jus-tice.co.il/%D7%94%D7%9E%D7%93%D7%A8%D7%99%D7%9A-%D7%94%D7%9E%D7%9C%D7%90-%D7%9C%D7%A7%D7%A0%D7%99%D7%99%D7%94-%D7%94%D7%A9%D7%9B%D7%A8%D7%94-%D7%95-airbnb-%D7%91%D7%97%D7%95%D7%9C/,MOBILE,0,3517,0.00%,54.6
https://jus-tice.co.il/%D7%94%D7%9E%D7%93%D7%A8%D7%99%D7%9A-%D7%94%D7%9E%D7%9C%D7%90-%D7%9C%D7%A7%D7%A0%D7%99%D7%99%D7%94-%D7%94%D7%A9%D7%9B%D7%A8%D7%94-%D7%95-airbnb-%D7%91%D7%97%D7%95%D7%9C/,TABLET,0,3,0.00%,80.0
https://jus-tice.co.il/%D7%94%D7%A0%D7%97%D7%99%D7%94-81100-52001%D7%90-%D7%94%D7%99%D7%95%D7%A2%D7%A5-%D7%94%D7%9E%D7%A9%D7%A4%D7%98%D7%99-%D7%9C%D7%9E%D7%9E%D7%A9%D7%9C%D7%94/,DESKTOP,0,489,0.00%,46.6
https://jus-tice.co.il/%D7%94%D7%A0%D7%97%D7%99%D7%94-81100-52001%D7%90-%D7%94%D7%99%D7%95%D7%A2%D7%A5-%D7%94%D7%9E%D7%A9%D7%A4%D7%98%D7%99-%D7%9C%D7%9E%D7%9E%D7%A9%D7%9C%D7%94/,MOBILE,0,168,0.00%,47.8
https://jus-tice.co.il/%D7%94%D7%A0%D7%97%D7%99%D7%94-81100-52001%D7%90-%D7%94%D7%99%D7%95%D7%A2%D7%A5-%D7%94%D7%9E%D7%A9%D7%A4%D7%98%D7%99-%D7%9C%D7%9E%D7%9E%D7%A9%D7%9C%D7%94/,TABLET,0,1,0.00%,57.0
https://jus-tice.co.il/%D7%94%D7%A0%D7%97%D7%99%D7%95%D7%AA-%D7%A4%D7%A8%D7%A7%D7%9C%D7%99%D7%98-%D7%94%D7%9E%D7%93%D7%99%D7%A0%D7%94-%D7%94%D7%A0%D7%97%D7%99%D7%94-%D7%9E%D7%A1%D7%A4%D7%A8-13/,DESKTOP,0,11548,0.00%,42.9
https://jus-tice.co.il/%D7%94%D7%A0%D7%97%D7%99%D7%95%D7%AA-%D7%A4%D7%A8%D7%A7%D7%9C%D7%99%D7%98-%D7%94%D7%9E%D7%93%D7%99%D7%A0%D7%94-%D7%94%D7%A0%D7%97%D7%99%D7%94-%D7%9E%D7%A1%D7%A4%D7%A8-13/,TABLET,0,2,0.00%,39.5
https://jus-tice.co.il/%D7%94%D7%A0%D7%97%D7%99%D7%95%D7%AA-%D7%A4%D7%A8%D7%A7%D7%9C%D7%99%D7%98-%D7%94%D7%9E%D7%93%D7%99%D7%A0%D7%94-%D7%9E%D7%A2%D7%A6%D7%A8-%D7%A2%D7%93-%D7%AA%D7%95%D7%9D-%D7%94%D7%94%D7%9C%D7%99%D7%9B%D7%99%D7%9D-%D7%91%D7%A2%D7%91%D7%99%D7%A8%D7%95%D7%AA-%D7%9E%D7%99%D7%9F-%D7%95%D7%90%D7%9C%D7%99%D7%9E%D7%95%D7%AA-%D7%91%D7%AA%D7%95%D7%9A-%D7%94%D7%9E%D7%A9%D7%A4%D7%97%D7%94/,DESKTOP,0,1266,0.00%,53.9
https://jus-tice.co.il/%D7%94%D7%A0%D7%97%D7%99%D7%95%D7%AA-%D7%A4%D7%A8%D7%A7%D7%9C%D7%99%D7%98-%D7%94%D7%9E%D7%93%D7%99%D7%A0%D7%94-%D7%9E%D7%A2%D7%A6%D7%A8-%D7%A2%D7%93-%D7%AA%D7%95%D7%9D-%D7%94%D7%94%D7%9C%D7%99%D7%9B%D7%99%D7%9D-%D7%91%D7%A2%D7%91%D7%99%D7%A8%D7%95%D7%AA-%D7%9E%D7%99%D7%9F-%D7%95%D7%90%D7%9C%D7%99%D7%9E%D7%95%D7%AA-%D7%91%D7%AA%D7%95%D7%9A-%D7%94%D7%9E%D7%A9%D7%A4%D7%97%D7%94/,MOBILE,0,54,0.00%,53.5
https://jus-tice.co.il/%D7%94%D7%A0%D7%97%D7%99%D7%99%D7%AA-%D7%A4%D7%A8%D7%A7%D7%9C%D7%99%D7%98-%D7%94%D7%9E%D7%93%D7%99%D7%A0%D7%94-%D7%9E%D7%A1%D7%A4%D7%A8-25-%D7%9E%D7%93%D7%99%D7%A0%D7%99%D7%95%D7%AA-%D7%A4%D7%AA%D7%99%D7%97%D7%94-%D7%91%D7%97%D7%A7%D7%99%D7%A8%D7%94-%D7%95%D7%94%D7%A2%D7%9E%D7%93%D7%94-%D7%9C%D7%93%D7%99%D7%9F-%D7%91%D7%92%D7%99%D7%9F-%D7%97%D7%A9%D7%93-%D7%9C%D7%9E%D7%A1%D7%99%D7%A8%D7%AA-%D7%90%D7%9E%D7%A8%D7%94-%D7%90%D7%95-%D7%A2%D7%93%D7%95%D7%AA-%D7%9B%D7%95%D7%96%D7%91%D7%AA/,DESKTOP,0,1686,0.00%,50.1
https://jus-tice.co.il/%D7%94%D7%A1%D7%93%D7%A8-%D7%98%D7%99%D7%A2%D7%95%D7%9F-%D7%90%D7%A8%D7%A0%D7%95%D7%9F-%D7%92%D7%9C%D7%A2%D7%93%D7%99-%D7%A9%D7%A0%D7%90%D7%A9%D7%9D-%D7%91%D7%9E%D7%A1%D7%92%D7%A8%D7%AA-%D7%9B%D7%AA%D7%91-%D7%94%D7%90%D7%99%D7%A9%D7%95%D7%9D-%D7%97%D7%91%D7%A8-%D7%94%D7%9B%D7%A0%D7%A1%D7%AA-%D7%93%D7%95%D7%93-%D7%91%D7%99%D7%98%D7%9F-%D7%95%D7%90%D7%97%D7%A8%D7%99%D7%9D/,DESKTOP,0,19,0.00%,22.3
https://jus-tice.co.il/%D7%94%D7%A1%D7%93%D7%A8-%D7%98%D7%99%D7%A2%D7%95%D7%9F-%D7%90%D7%A8%D7%A0%D7%95%D7%9F-%D7%92%D7%9C%D7%A2%D7%93%D7%99-%D7%A9%D7%A0%D7%90%D7%A9%D7%9D-%D7%91%D7%9E%D7%A1%D7%92%D7%A8%D7%AA-%D7%9B%D7%AA%D7%91-%D7%94%D7%90%D7%99%D7%A9%D7%95%D7%9D-%D7%97%D7%91%D7%A8-%D7%94%D7%9B%D7%A0%D7%A1%D7%AA-%D7%93%D7%95%D7%93-%D7%91%D7%99%D7%98%D7%9F-%D7%95%D7%90%D7%97%D7%A8%D7%99%D7%9D/,MOBILE,0,12,0.00%,24.3
https://jus-tice.co.il/%D7%94%D7%A1%D7%93%D7%A8-%D7%9E%D7%95%D7%AA%D7%A0%D7%94/,DESKTOP,0,4986,0.00%,56.9
https://jus-tice.co.il/%D7%94%D7%A1%D7%93%D7%A8-%D7%9E%D7%95%D7%AA%D7%A0%D7%94/,MOBILE,0,452,0.00%,63.3
https://jus-tice.co.il/%D7%94%D7%A1%D7%93%D7%A8-%D7%9E%D7%95%D7%AA%D7%A0%D7%94/,TABLET,0,1,0.00%,71.0
https://jus-tice.co.il/%D7%94%D7%A1%D7%9B%D7%9D-%D7%9E%D7%AA%D7%A0%D7%94-%D7%91%D7%99%D7%9F-%D7%91%D7%A0%D7%99-%D7%96%D7%95%D7%92-%D7%9B%D7%9E%D7%91%D7%A1%D7%A1-%D7%A7%D7%A0%D7%99%D7%99%D7%9F-%D7%95%D7%9E%D7%95%D7%9B%D7%99%D7%97-%D7%9B%D7%95%D7%95%D7%A0%D7%AA-%D7%A9%D7%99%D7%AA%D7%95%D7%A3-%D7%90%D7%A3-%D7%9C%D7%9C%D7%90-%D7%A8%D7%99%D7%A9%D7%95%D7%9D-809633-3-%D7%91%D7%99%D7%94%D7%93-%D7%94%D7%92%D7%93%D7%95%D7%9C/,DESKTOP,0,645,0.00%,76.2
https://jus-tice.co.il/%D7%94%D7%A1%D7%9B%D7%9D-%D7%9E%D7%AA%D7%A0%D7%94-%D7%91%D7%99%D7%9F-%D7%91%D7%A0%D7%99-%D7%96%D7%95%D7%92-%D7%9B%D7%9E%D7%91%D7%A1%D7%A1-%D7%A7%D7%A0%D7%99%D7%99%D7%9F-%D7%95%D7%9E%D7%95%D7%9B%D7%99%D7%97-%D7%9B%D7%95%D7%95%D7%A0%D7%AA-%D7%A9%D7%99%D7%AA%D7%95%D7%A3-%D7%90%D7%A3-%D7%9C%D7%9C%D7%90-%D7%A8%D7%99%D7%A9%D7%95%D7%9D-809633-3-%D7%91%D7%99%D7%94%D7%93-%D7%94%D7%92%D7%93%D7%95%D7%9C/,MOBILE,0,24,0.00%,85.3
https://jus-tice.co.il/%D7%94%D7%A1%D7%9E%D7%9B%D7%95%D7%AA-%D7%9C%D7%A4%D7%A1%D7%95%D7%A7-%D7%91%D7%A2%D7%A0%D7%99%D7%99%D7%9F-%D7%94%D7%A8%D7%9B%D7%95%D7%A9-%D7%9C%D7%9E%D7%A8%D7%95%D7%AA-%D7%94%D7%A1%D7%9B%D7%9D-%D7%9E%D7%9E%D7%95%D7%9F-%D7%A9%D7%90%D7%95%D7%A9%D7%A8-%D7%91%D7%91%D7%99%D7%AA-%D7%94%D7%9E%D7%A9%D7%A4%D7%98/,DESKTOP,0,687,0.00%,69.6
https://jus-tice.co.il/%D7%94%D7%A2%D7%9C%D7%95%D7%99%D7%95%D7%AA-%D7%94%D7%A0%D7%A1%D7%AA%D7%A8%D7%95%D7%AA-%D7%A9%D7%9C-%D7%A8%D7%A9%D7%9C%D7%A0%D7%95%D7%AA-%D7%A8%D7%A4%D7%95%D7%90%D7%99%D7%AA-%D7%9B%D7%99%D7%A6%D7%93-%D7%9E%D7%98%D7%95%D7%A4%D7%9C%D7%99%D7%9D-%D7%95%D7%9E%D7%A9%D7%A4%D7%97%D7%95%D7%AA-%D7%9E%D7%95%D7%A9%D7%A4%D7%A2%D7%99%D7%9D-%D7%9E%D7%A8%D7%A9%D7%9C%D7%A0%D7%95%D7%AA-%D7%A9%D7%9C-%D7%AA%D7%A2%D7%A9%D7%99%D7%99%D7%AA-%D7%94%D7%91%D7%A8%D7%99%D7%90%D7%95%D7%AA/,DESKTOP,0,11,0.00%,91.5
https://jus-tice.co.il/%D7%94%D7%A6%D7%94%D7%A8%D7%AA-%D7%90%D7%91%D7%94%D7%95%D7%AA-%D7%91%D7%91%D7%99%D7%AA-%D7%94%D7%93%D7%99%D7%9F-%D7%94%D7%A8%D7%91%D7%A0%D7%99/,TABLET,0,2,0.00%,8.0
https://jus-tice.co.il/%D7%94%D7%A6%D7%94%D7%A8%D7%AA-%D7%A0%D7%A4%D7%92%D7%A2-%D7%A2%D7%91%D7%99%D7%A8%D7%94-%D7%9C%D7%A4%D7%99-%D7%A1%D7%A2%D7%99%D7%A3-18%D7%9C%D7%97%D7%95%D7%A7-%D7%96%D7%9B%D7%95%D7%99%D7%95%D7%AA-%D7%A0%D7%A4%D7%92%D7%A2%D7%99-%D7%A2%D7%91%D7%99%D7%A8%D7%94-%D7%94%D7%AA%D7%A9%D7%A1%D7%90-2001/,DESKTOP,0,213,0.00%,46.1
https://jus-tice.co.il/%D7%94%D7%A6%D7%94%D7%A8%D7%AA-%D7%A0%D7%A4%D7%92%D7%A2-%D7%A2%D7%91%D7%99%D7%A8%D7%94-%D7%9C%D7%A4%D7%99-%D7%A1%D7%A2%D7%99%D7%A3-18%D7%9C%D7%97%D7%95%D7%A7-%D7%96%D7%9B%D7%95%D7%99%D7%95%D7%AA-%D7%A0%D7%A4%D7%92%D7%A2%D7%99-%D7%A2%D7%91%D7%99%D7%A8%D7%94-%D7%94%D7%AA%D7%A9%D7%A1%D7%90-2001/,MOBILE,0,20,0.00%,30.6
https://jus-tice.co.il/%D7%94%D7%A6%D7%94%D7%A8%D7%AA-%D7%A0%D7%A4%D7%92%D7%A2-%D7%A2%D7%91%D7%99%D7%A8%D7%94-%D7%9C%D7%A4%D7%99-%D7%A1%D7%A2%D7%99%D7%A3-18%D7%9C%D7%97%D7%95%D7%A7-%D7%96%D7%9B%D7%95%D7%99%D7%95%D7%AA-%D7%A0%D7%A4%D7%92%D7%A2%D7%99-%D7%A2%D7%91%D7%99%D7%A8%D7%94-%D7%94%D7%AA%D7%A9%D7%A1%D7%90-2001/,TABLET,0,1,0.00%,36.0
https://jus-tice.co.il/%D7%94%D7%A7%D7%98%D7%A0%D7%AA-%D7%94%D7%95%D7%A6%D7%90%D7%95%D7%AA-%D7%AA%D7%91%D7%99%D7%A2%D7%95%D7%AA-%D7%A8%D7%A9%D7%9C%D7%A0%D7%95%D7%AA-%D7%A8%D7%A4%D7%95%D7%90%D7%99%D7%AA/,DESKTOP,0,4027,0.00%,66.1
https://jus-tice.co.il/%D7%94%D7%A7%D7%98%D7%A0%D7%AA-%D7%94%D7%95%D7%A6%D7%90%D7%95%D7%AA-%D7%AA%D7%91%D7%99%D7%A2%D7%95%D7%AA-%D7%A8%D7%A9%D7%9C%D7%A0%D7%95%D7%AA-%D7%A8%D7%A4%D7%95%D7%90%D7%99%D7%AA/,MOBILE,0,484,0.00%,60.0
https://jus-tice.co.il/%D7%94%D7%A8%D7%A9%D7%A2%D7%AA-%D7%A0%D7%90%D7%A9%D7%9D-%D7%91%D7%A2%D7%91%D7%99%D7%A8%D7%95%D7%AA-%D7%9E%D7%99%D7%9F-%D7%91%D7%91%D7%AA%D7%95-%D7%95%D7%90%D7%9C%D7%99%D7%9E%D7%95%D7%AA-%D7%9B%D7%9C%D7%A4%D7%99-%D7%99%D7%9C%D7%93%D7%99%D7%95/,DESKTOP,0,331,0.00%,82.1
https://jus-tice.co.il/%D7%94%D7%A8%D7%A9%D7%A2%D7%AA-%D7%A0%D7%90%D7%A9%D7%9D-%D7%91%D7%A2%D7%91%D7%99%D7%A8%D7%95%D7%AA-%D7%9E%D7%99%D7%9F-%D7%91%D7%91%D7%AA%D7%95-%D7%95%D7%90%D7%9C%D7%99%D7%9E%D7%95%D7%AA-%D7%9B%D7%9C%D7%A4%D7%99-%D7%99%D7%9C%D7%93%D7%99%D7%95/,MOBILE,0,28,0.00%,62.5
https://jus-tice.co.il/%D7%94%D7%A9%D7%95%D7%95%D7%90%D7%AA-%D7%A9%D7%95%D7%A7-%D7%94%D7%A0%D7%93%D7%9C%D7%9F-%D7%A7%D7%A4%D7%A8%D7%99%D7%A1%D7%99%D7%9F-%D7%9E%D7%95%D7%9C-%D7%99%D7%95%D7%95%D7%9F/,DESKTOP,0,2212,0.00%,67.6
https://jus-tice.co.il/%D7%94%D7%A9%D7%95%D7%95%D7%90%D7%AA-%D7%A9%D7%95%D7%A7-%D7%94%D7%A0%D7%93%D7%9C%D7%9F-%D7%A7%D7%A4%D7%A8%D7%99%D7%A1%D7%99%D7%9F-%D7%9E%D7%95%D7%9C-%D7%99%D7%95%D7%95%D7%9F/,MOBILE,0,322,0.00%,64.8
https://jus-tice.co.il/%D7%94%D7%A9%D7%95%D7%A4%D7%98%D7%AA-%D7%94%D7%99%D7%9C%D7%94-%D7%92%D7%95%D7%A8%D7%91%D7%99%D7%A5-%D7%A2%D7%95%D7%91%D7%93%D7%99%D7%94-%D7%A4%D7%A1%D7%A7-%D7%93%D7%99%D7%9F-%D7%91%D7%91%D7%A7%D7%A9%D7%94-%D7%9C%D7%AA%D7%99%D7%A7%D7%95%D7%9F-%D7%A6%D7%95-%D7%99%D7%A8%D7%95%D7%A9%D7%94-%D7%AA%D7%A2-60847-03-22/,DESKTOP,0,494,0.00%,34.8
https://jus-tice.co.il/%D7%94%D7%A9%D7%95%D7%A4%D7%98%D7%AA-%D7%94%D7%99%D7%9C%D7%94-%D7%92%D7%95%D7%A8%D7%91%D7%99%D7%A5-%D7%A2%D7%95%D7%91%D7%93%D7%99%D7%94-%D7%A4%D7%A1%D7%A7-%D7%93%D7%99%D7%9F-%D7%91%D7%91%D7%A7%D7%A9%D7%94-%D7%9C%D7%AA%D7%99%D7%A7%D7%95%D7%9F-%D7%A6%D7%95-%D7%99%D7%A8%D7%95%D7%A9%D7%94-%D7%AA%D7%A2-60847-03-22/,MOBILE,0,13,0.00%,24.5
https://jus-tice.co.il/%D7%94%D7%A9%D7%95%D7%A4%D7%98%D7%AA-%D7%A2%D7%A4%D7%A8%D7%94-%D7%92%D7%99%D7%90-%D7%99%D7%A1-33240-08-21-%D7%A2-%D7%A0-%D7%A2/,DESKTOP,0,52,0.00%,39.4
https://jus-tice.co.il/%D7%94%D7%A9%D7%95%D7%A4%D7%98%D7%AA-%D7%A2%D7%A4%D7%A8%D7%94-%D7%92%D7%99%D7%90-%D7%99%D7%A1-33240-08-21-%D7%A2-%D7%A0-%D7%A2/,MOBILE,0,2,0.00%,29.5
https://jus-tice.co.il/%D7%94%D7%A9%D7%95%D7%A4%D7%98-%D7%90%D7%A8%D7%96-%D7%A9%D7%A0%D7%99-%D7%A4%D7%A1%D7%93-%D7%91%D7%AA%D7%91%D7%99%D7%A2%D7%AA-%D7%90%D7%91-%D7%9C%D7%9E%D7%A9%D7%9E%D7%95%D7%A8%D7%AA-%D7%95%D7%97%D7%9C%D7%95%D7%A7%D7%AA-%D7%96%D7%9E%D7%A0%D7%99-%D7%A9%D7%94%D7%95%D7%AA-%D7%A9%D7%95%D7%95%D7%99%D7%9D-%D7%AA%D7%9C%D7%94%D7%9E-64033-06-21/,TABLET,0,4,0.00%,30.0
https://jus-tice.co.il/%D7%94%D7%A9%D7%A7%D7%A2%D7%95%D7%AA-%D7%A0%D7%93%D7%9C%D7%9F-%D7%91%D7%A0%D7%99%D7%95-%D7%99%D7%95%D7%A8%D7%A7-%D7%9E%D7%91%D7%98-%D7%9E%D7%95%D7%A8%D7%97%D7%91-%D7%9C%D7%9E%D7%A9%D7%A7%D7%99%D7%A2%D7%99%D7%9D-%D7%99%D7%A9%D7%A8%D7%90%D7%9C%D7%99%D7%9D/,MOBILE,0,867,0.00%,43.8
https://jus-tice.co.il/%D7%94%D7%A9%D7%A7%D7%A2%D7%95%D7%AA-%D7%A0%D7%93%D7%9C%D7%9F-%D7%91%D7%A0%D7%99%D7%95-%D7%99%D7%95%D7%A8%D7%A7-%D7%9E%D7%91%D7%98-%D7%9E%D7%95%D7%A8%D7%97%D7%91-%D7%9C%D7%9E%D7%A9%D7%A7%D7%99%D7%A2%D7%99%D7%9D-%D7%99%D7%A9%D7%A8%D7%90%D7%9C%D7%99%D7%9D/,TABLET,0,15,0.00%,81.9
https://jus-tice.co.il/%D7%94%D7%A9%D7%AA%D7%9E%D7%A9-%D7%91%D7%90%D7%A4%D7%9C%D7%99%D7%A7%D7%A6%D7%99%D7%95%D7%AA-%D7%95%D7%95%D7%90%D7%98%D7%A1%D7%90%D7%A4-%D7%95%D7%90%D7%99%D7%A0%D7%A1%D7%98%D7%92%D7%A8%D7%9D-%D7%9C%D7%99%D7%A6%D7%95%D7%A8-%D7%A7%D7%A9%D7%A8%D7%99%D7%9D-%D7%A2%D7%9D-%D7%A7%D7%98%D7%99%D7%A0%D7%95%D7%AA-%D7%95%D7%9C%D7%A7%D7%99%D7%99%D7%9D-%D7%A2%D7%9E%D7%9F-%D7%A9%D7%99%D7%97%D7%95%D7%AA-%D7%91%D7%A2%D7%9C%D7%95%D7%AA-%D7%90%D7%95%D7%A4%D7%99-%D7%9E%D7%99%D7%A0%D7%99/,DESKTOP,0,143,0.00%,52.9
https://jus-tice.co.il/%D7%94%D7%A9%D7%AA%D7%9E%D7%A9-%D7%91%D7%90%D7%A4%D7%9C%D7%99%D7%A7%D7%A6%D7%99%D7%95%D7%AA-%D7%95%D7%95%D7%90%D7%98%D7%A1%D7%90%D7%A4-%D7%95%D7%90%D7%99%D7%A0%D7%A1%D7%98%D7%92%D7%A8%D7%9D-%D7%9C%D7%99%D7%A6%D7%95%D7%A8-%D7%A7%D7%A9%D7%A8%D7%99%D7%9D-%D7%A2%D7%9D-%D7%A7%D7%98%D7%99%D7%A0%D7%95%D7%AA-%D7%95%D7%9C%D7%A7%D7%99%D7%99%D7%9D-%D7%A2%D7%9E%D7%9F-%D7%A9%D7%99%D7%97%D7%95%D7%AA-%D7%91%D7%A2%D7%9C%D7%95%D7%AA-%D7%90%D7%95%D7%A4%D7%99-%D7%9E%D7%99%D7%A0%D7%99/,MOBILE,0,41,0.00%,45.9
https://jus-tice.co.il/%D7%94%D7%AA%D7%99%D7%99%D7%A9%D7%A0%D7%95%D7%AA-%D7%A8%D7%A9%D7%9C%D7%A0%D7%95%D7%AA-%D7%A8%D7%A4%D7%95%D7%90%D7%99%D7%AA-%D7%AA%D7%90-4392-03-23/,TABLET,0,1,0.00%,5.0
https://jus-tice.co.il/%D7%94%D7%AA%D7%A0%D7%92%D7%93%D7%95%D7%AA-%D7%9C%D7%A7%D7%99%D7%95%D7%9D-%D7%A6%D7%95%D7%95%D7%90%D7%AA-%D7%94%D7%9E%D7%A0%D7%95%D7%97%D7%94-%D7%9E%D7%A6%D7%93-%D7%A9%D7%A0%D7%99%D7%99%D7%9D-%D7%9E%D7%90%D7%97%D7%99%D7%94-%D7%9B%D7%A0%D7%92%D7%93-%D7%90%D7%97%D7%99%D7%94-%D7%94%D7%A0%D7%95%D7%A1%D7%A4%D7%99%D7%9D-%D7%95%D7%90%D7%97%D7%99%D7%99%D7%A0%D7%94/,DESKTOP,0,90,0.00%,76.0
https://jus-tice.co.il/%D7%94%D7%AA%D7%A0%D7%92%D7%93%D7%95%D7%AA-%D7%9C%D7%A7%D7%99%D7%95%D7%9D-%D7%A6%D7%95%D7%95%D7%90%D7%AA-%D7%94%D7%9E%D7%A0%D7%95%D7%97%D7%94-%D7%9E%D7%A6%D7%93-%D7%A9%D7%A0%D7%99%D7%99%D7%9D-%D7%9E%D7%90%D7%97%D7%99%D7%94-%D7%9B%D7%A0%D7%92%D7%93-%D7%90%D7%97%D7%99%D7%94-%D7%94%D7%A0%D7%95%D7%A1%D7%A4%D7%99%D7%9D-%D7%95%D7%90%D7%97%D7%99%D7%99%D7%A0%D7%94/,MOBILE,0,6,0.00%,41.8
https://jus-tice.co.il/%D7%96%D7%99%D7%9B%D7%95%D7%99-%D7%9E%D7%97%D7%9E%D7%AA-%D7%94%D7%AA%D7%A7%D7%99%D7%99%D7%9E%D7%95%D7%AA%D7%94-%D7%A9%D7%9C-%D7%94%D7%92%D7%A0%D7%AA-%D7%96%D7%95%D7%98%D7%99-%D7%93%D7%91%D7%A8%D7%99%D7%9D-%D7%AA%D7%A4-4122-08-21/,DESKTOP,0,283,0.00%,56.2
https://jus-tice.co.il/%D7%96%D7%99%D7%9B%D7%95%D7%99-%D7%9E%D7%97%D7%9E%D7%AA-%D7%94%D7%AA%D7%A7%D7%99%D7%99%D7%9E%D7%95%D7%AA%D7%94-%D7%A9%D7%9C-%D7%94%D7%92%D7%A0%D7%AA-%D7%96%D7%95%D7%98%D7%99-%D7%93%D7%91%D7%A8%D7%99%D7%9D-%D7%AA%D7%A4-4122-08-21/,MOBILE,0,16,0.00%,58.3
https://jus-tice.co.il/%D7%96%D7%99%D7%9B%D7%95%D7%99-%D7%A0%D7%90%D7%A9%D7%9D-%D7%91%D7%A2%D7%91%D7%99%D7%A8%D7%95%D7%AA-%D7%A9%D7%9C-%D7%9E%D7%A2%D7%A9%D7%94-%D7%9E%D7%92%D7%95%D7%A0%D7%94-%D7%A9%D7%9C-%D7%A7%D7%98%D7%99%D7%9F-73759-12-20/,DESKTOP,0,54,0.00%,59.1
https://jus-tice.co.il/%D7%96%D7%99%D7%9B%D7%95%D7%99-%D7%A0%D7%90%D7%A9%D7%9D-%D7%91%D7%A2%D7%91%D7%99%D7%A8%D7%95%D7%AA-%D7%A9%D7%9C-%D7%9E%D7%A2%D7%A9%D7%94-%D7%9E%D7%92%D7%95%D7%A0%D7%94-%D7%A9%D7%9C-%D7%A7%D7%98%D7%99%D7%9F-73759-12-20/,MOBILE,0,76,0.00%,56.0
https://jus-tice.co.il/%D7%96%D7%99%D7%9B%D7%95%D7%99-%D7%A0%D7%90%D7%A9%D7%9D-%D7%91%D7%A9%D7%9C-%D7%A4%D7%A1%D7%99%D7%9C%D7%AA-%D7%A8%D7%90%D7%99%D7%94-%D7%A2%D7%A7%D7%91-%D7%97%D7%99%D7%A4%D7%95%D7%A9-%D7%91%D7%9C%D7%AA%D7%99-%D7%97%D7%95%D7%A7%D7%99/,DESKTOP,0,400,0.00%,53.2
https://jus-tice.co.il/%D7%96%D7%99%D7%9B%D7%95%D7%99-%D7%A0%D7%90%D7%A9%D7%9D-%D7%91%D7%A9%D7%9C-%D7%A4%D7%A1%D7%99%D7%9C%D7%AA-%D7%A8%D7%90%D7%99%D7%94-%D7%A2%D7%A7%D7%91-%D7%97%D7%99%D7%A4%D7%95%D7%A9-%D7%91%D7%9C%D7%AA%D7%99-%D7%97%D7%95%D7%A7%D7%99/,MOBILE,0,24,0.00%,65.0
https://jus-tice.co.il/%D7%96%D7%99%D7%9B%D7%95%D7%99-%D7%A0%D7%90%D7%A9%D7%9D-%D7%A7%D7%A9%D7%99%D7%A8%D7%AA-%D7%A7%D7%A9%D7%A8-%D7%9C%D7%91%D7%99%D7%A6%D7%95%D7%A2-%D7%A2%D7%95%D7%95%D7%9F-%D7%AA%D7%A4-14763-04-15-%D7%9E%D7%93%D7%99%D7%A0%D7%AA-%D7%99%D7%A9%D7%A8%D7%90%D7%9C-%D7%A0%D7%99-%D7%90%D7%91%D7%A8%D7%94%D7%9D-%D7%9E%D7%90%D7%99%D7%A8-%D7%98%D7%A8%D7%99%D7%92%D7%A8/,DESKTOP,0,77,0.00%,53.1
https://jus-tice.co.il/%D7%96%D7%99%D7%9B%D7%95%D7%99-%D7%A0%D7%90%D7%A9%D7%9D-%D7%A7%D7%A9%D7%99%D7%A8%D7%AA-%D7%A7%D7%A9%D7%A8-%D7%9C%D7%91%D7%99%D7%A6%D7%95%D7%A2-%D7%A2%D7%95%D7%95%D7%9F-%D7%AA%D7%A4-14763-04-15-%D7%9E%D7%93%D7%99%D7%A0%D7%AA-%D7%99%D7%A9%D7%A8%D7%90%D7%9C-%D7%A0%D7%99-%D7%90%D7%91%D7%A8%D7%94%D7%9D-%D7%9E%D7%90%D7%99%D7%A8-%D7%98%D7%A8%D7%99%D7%92%D7%A8/,MOBILE,0,8,0.00%,31.3
https://jus-tice.co.il/%D7%96%D7%99%D7%9B%D7%95%D7%99-%D7%A0%D7%94%D7%92-%D7%9E%D7%A9%D7%90%D7%99%D7%AA-%D7%A9%D7%94%D7%95%D7%90%D7%A9%D7%9D-%D7%91%D7%92%D7%A8%D7%99%D7%9E%D7%AA-%D7%9E%D7%95%D7%95%D7%AA-%D7%91%D7%A8%D7%A9%D7%9C%D7%A0%D7%95%D7%AA-%D7%AA%D7%99%D7%A7-56-03-20/,DESKTOP,0,146,0.00%,57.7
https://jus-tice.co.il/%D7%96%D7%99%D7%9B%D7%95%D7%99-%D7%A0%D7%94%D7%92-%D7%9E%D7%A9%D7%90%D7%99%D7%AA-%D7%A9%D7%94%D7%95%D7%90%D7%A9%D7%9D-%D7%91%D7%92%D7%A8%D7%99%D7%9E%D7%AA-%D7%9E%D7%95%D7%95%D7%AA-%D7%91%D7%A8%D7%A9%D7%9C%D7%A0%D7%95%D7%AA-%D7%AA%D7%99%D7%A7-56-03-20/,MOBILE,0,12,0.00%,51.3
https://jus-tice.co.il/%D7%96%D7%99%D7%9B%D7%95%D7%99-%D7%AA%D7%A7%D7%99%D7%A4%D7%94-%D7%98%D7%A2%D7%A0%D7%AA-%D7%94%D7%92%D7%A0%D7%94-%D7%A2%D7%A6%D7%9E%D7%99%D7%AA-%D7%AA%D7%A4-5455-11-20/,DESKTOP,0,973,0.00%,57.4
https://jus-tice.co.il/%D7%96%D7%99%D7%9B%D7%95%D7%99-%D7%AA%D7%A7%D7%99%D7%A4%D7%94-%D7%98%D7%A2%D7%A0%D7%AA-%D7%94%D7%92%D7%A0%D7%94-%D7%A2%D7%A6%D7%9E%D7%99%D7%AA-%D7%AA%D7%A4-5455-11-20/,MOBILE,0,143,0.00%,48.2
https://jus-tice.co.il/%D7%96%D7%9B%D7%90%D7%95%D7%AA-%D7%9C%D7%94%D7%97%D7%96%D7%A8-%D7%9E%D7%A1-%D7%A8%D7%9B%D7%99%D7%A9%D7%94-%D7%91%D7%92%D7%99%D7%9F-%D7%91%D7%99%D7%98%D7%95%D7%9C-%D7%A2%D7%A1%D7%A7%D7%94-%D7%91%D7%9E%D7%A7%D7%A8%D7%A7%D7%A2%D7%99%D7%9F/,DESKTOP,0,447,0.00%,59.9
https://jus-tice.co.il/%D7%96%D7%9B%D7%90%D7%95%D7%AA-%D7%9C%D7%94%D7%97%D7%96%D7%A8-%D7%9E%D7%A1-%D7%A8%D7%9B%D7%99%D7%A9%D7%94-%D7%91%D7%92%D7%99%D7%9F-%D7%91%D7%99%D7%98%D7%95%D7%9C-%D7%A2%D7%A1%D7%A7%D7%94-%D7%91%D7%9E%D7%A7%D7%A8%D7%A7%D7%A2%D7%99%D7%9F/,MOBILE,0,7,0.00%,62.7
https://jus-tice.co.il/%D7%96%D7%9B%D7%95%D7%AA-%D7%A0%D7%A4%D7%92%D7%A2-%D7%A2%D7%91%D7%99%D7%A8%D7%94-%D7%9C%D7%A2%D7%A8%D7%A2%D7%A8-%D7%A2%D7%9C-%D7%A1%D7%92%D7%99%D7%A8%D7%AA-%D7%94%D7%AA%D7%99%D7%A7-%D7%91%D7%A2%D7%A0%D7%99%D7%99%D7%A0%D7%95-%D7%A9%D7%9C-%D7%97%D7%A9%D7%95%D7%93-%D7%91%D7%92%D7%A5-47421/,DESKTOP,0,1368,0.00%,50.0
https://jus-tice.co.il/%D7%96%D7%9B%D7%95%D7%AA-%D7%A0%D7%A4%D7%92%D7%A2-%D7%A2%D7%91%D7%99%D7%A8%D7%94-%D7%9C%D7%A2%D7%A8%D7%A2%D7%A8-%D7%A2%D7%9C-%D7%A1%D7%92%D7%99%D7%A8%D7%AA-%D7%94%D7%AA%D7%99%D7%A7-%D7%91%D7%A2%D7%A0%D7%99%D7%99%D7%A0%D7%95-%D7%A9%D7%9C-%D7%97%D7%A9%D7%95%D7%93-%D7%91%D7%92%D7%A5-47421/,MOBILE,0,40,0.00%,44.3
https://jus-tice.co.il/%D7%96%D7%9C%D7%99%D7%92%D7%9E%D7%9F-%D7%94%D7%A4%D7%A0%D7%99%D7%A7%D7%A1-%D7%96%D7%95%D7%98%D7%99-%D7%93%D7%91%D7%A8%D7%99%D7%9D-%D7%AA%D7%95%D7%91%D7%A2%D7%A0%D7%95%D7%AA-%D7%99%D7%99%D7%A6%D7%95%D7%92%D7%99%D7%95%D7%AA-%D7%A4%D7%A8%D7%A9%D7%A0%D7%95%D7%AA-%D7%9E%D7%90%D7%A1%D7%93%D7%A8/,DESKTOP,0,385,0.00%,52.8
https://jus-tice.co.il/%D7%96%D7%9C%D7%99%D7%92%D7%9E%D7%9F-%D7%94%D7%A4%D7%A0%D7%99%D7%A7%D7%A1-%D7%96%D7%95%D7%98%D7%99-%D7%93%D7%91%D7%A8%D7%99%D7%9D-%D7%AA%D7%95%D7%91%D7%A2%D7%A0%D7%95%D7%AA-%D7%99%D7%99%D7%A6%D7%95%D7%92%D7%99%D7%95%D7%AA-%D7%A4%D7%A8%D7%A9%D7%A0%D7%95%D7%AA-%D7%9E%D7%90%D7%A1%D7%93%D7%A8/,MOBILE,0,16,0.00%,41.3
https://jus-tice.co.il/%D7%97%D7%93%D7%A9%D7%95%D7%AA-%D7%A4%D7%9C%D7%99%D7%9C%D7%99-%D7%9E%D7%AA%D7%A2%D7%93%D7%9B%D7%9F/,MOBILE,0,191,0.00%,41.7
https://jus-tice.co.il/%D7%97%D7%95%D7%A7%D7%99-%D7%94%D7%A0%D7%93%D7%9C%D7%9F-%D7%91%D7%99%D7%A9%D7%A8%D7%90%D7%9C-%D7%9E%D7%95%D7%9C-%D7%A6%D7%A8%D7%A4%D7%AA/,DESKTOP,0,1405,0.00%,52.9
https://jus-tice.co.il/%D7%97%D7%95%D7%A7%D7%99-%D7%94%D7%A0%D7%93%D7%9C%D7%9F-%D7%91%D7%99%D7%A9%D7%A8%D7%90%D7%9C-%D7%9E%D7%95%D7%9C-%D7%A6%D7%A8%D7%A4%D7%AA/,MOBILE,0,277,0.00%,34.3
https://jus-tice.co.il/%D7%97%D7%95%D7%A7-%D7%94%D7%97%D7%95%D7%96%D7%99%D7%9D-%D7%AA%D7%A8%D7%95%D7%A4%D7%95%D7%AA-%D7%91%D7%A9%D7%9C-%D7%94%D7%A4%D7%A8%D7%AA-%D7%97%D7%95%D7%96%D7%94-%D7%AA%D7%A9%D7%9C%D7%90-1970/,TABLET,0,11,0.00%,8.4
https://jus-tice.co.il/%D7%97%D7%95%D7%A7-%D7%94%D7%A2%D7%95%D7%A0%D7%A9%D7%99%D7%9F/,TABLET,0,7,0.00%,27.1
https://jus-tice.co.il/%D7%97%D7%95%D7%A7-%D7%A4%D7%99%D7%A6%D7%95%D7%99%D7%99%D7%9D-%D7%9C%D7%A0%D7%A4%D7%92%D7%A2%D7%99-%D7%AA%D7%90%D7%95%D7%A0%D7%95%D7%AA-%D7%93%D7%A8%D7%9B%D7%99%D7%9D-%D7%A0%D7%95%D7%A1%D7%97-%D7%A2%D7%93%D7%9B%D7%A0%D7%99/,DESKTOP,0,940,0.00%,73.4
https://jus-tice.co.il/%D7%97%D7%95%D7%A7-%D7%A4%D7%99%D7%A6%D7%95%D7%99%D7%99%D7%9D-%D7%9C%D7%A0%D7%A4%D7%92%D7%A2%D7%99-%D7%AA%D7%90%D7%95%D7%A0%D7%95%D7%AA-%D7%93%D7%A8%D7%9B%D7%99%D7%9D-%D7%A0%D7%95%D7%A1%D7%97-%D7%A2%D7%93%D7%9B%D7%A0%D7%99/,MOBILE,0,127,0.00%,69.1
https://jus-tice.co.il/%D7%97%D7%95%D7%A7-%D7%A8%D7%A9%D7%9C%D7%A0%D7%95%D7%AA-%D7%A8%D7%A4%D7%95%D7%90%D7%99%D7%AA/,DESKTOP,0,1072,0.00%,39.3
https://jus-tice.co.il/%D7%97%D7%95%D7%A7-%D7%A8%D7%A9%D7%9C%D7%A0%D7%95%D7%AA-%D7%A8%D7%A4%D7%95%D7%90%D7%99%D7%AA/,MOBILE,0,58,0.00%,43.4
https://jus-tice.co.il/%D7%97%D7%95%D7%A7-%D7%A9%D7%99%D7%A8%D7%95%D7%AA%D7%99-%D7%AA%D7%A2%D7%95%D7%A4%D7%94-%D7%A4%D7%99%D7%A6%D7%95%D7%99-%D7%95%D7%A1%D7%99%D7%95%D7%A2-%D7%91%D7%A9%D7%9C-%D7%91%D7%99%D7%98%D7%95%D7%9C-%D7%98%D7%99%D7%A1%D7%94-%D7%90%D7%95-%D7%A9%D7%99%D7%A0%D7%95%D7%99-%D7%91%D7%AA%D7%A0%D7%90%D7%99%D7%94-%D7%94%D7%AA%D7%A9%D7%A2%D7%91-2012/,DESKTOP,0,9393,0.00%,49.2
https://jus-tice.co.il/%D7%97%D7%95%D7%A7-%D7%A9%D7%99%D7%A8%D7%95%D7%AA%D7%99-%D7%AA%D7%A2%D7%95%D7%A4%D7%94-%D7%A4%D7%99%D7%A6%D7%95%D7%99-%D7%95%D7%A1%D7%99%D7%95%D7%A2-%D7%91%D7%A9%D7%9C-%D7%91%D7%99%D7%98%D7%95%D7%9C-%D7%98%D7%99%D7%A1%D7%94-%D7%90%D7%95-%D7%A9%D7%99%D7%A0%D7%95%D7%99-%D7%91%D7%AA%D7%A0%D7%90%D7%99%D7%94-%D7%94%D7%AA%D7%A9%D7%A2%D7%91-2012/,MOBILE,0,1483,0.00%,49.9
https://jus-tice.co.il/%D7%97%D7%95%D7%A7-%D7%A9%D7%99%D7%A8%D7%95%D7%AA%D7%99-%D7%AA%D7%A2%D7%95%D7%A4%D7%94-%D7%A4%D7%99%D7%A6%D7%95%D7%99-%D7%95%D7%A1%D7%99%D7%95%D7%A2-%D7%91%D7%A9%D7%9C-%D7%91%D7%99%D7%98%D7%95%D7%9C-%D7%98%D7%99%D7%A1%D7%94-%D7%90%D7%95-%D7%A9%D7%99%D7%A0%D7%95%D7%99-%D7%91%D7%AA%D7%A0%D7%90%D7%99%D7%94-%D7%94%D7%AA%D7%A9%D7%A2%D7%91-2012/,TABLET,0,1,0.00%,54.0
https://jus-tice.co.il/%D7%97%D7%96%D7%A7%D7%AA-%D7%91%D7%A0%D7%99-%D7%96%D7%95%D7%92-%D7%9B%D7%A0%D7%A9%D7%95%D7%90%D7%99%D7%9D-%D7%AA%D7%95%D7%A7%D7%A4%D7%9D-%D7%A9%D7%9C-%D7%A0%D7%99%D7%A9%D7%95%D7%90%D7%99%D7%9F-%D7%A4%D7%A8%D7%98%D7%99%D7%99%D7%9D-%D7%91%D7%A7%D7%A9%D7%94-%D7%9C%D7%A7%D7%91%D7%99%D7%A2%D7%AA-%D7%9E%D7%A2%D7%9E%D7%93-%D7%9C%D7%96%D7%95%D7%92/,DESKTOP,0,50,0.00%,65.1
https://jus-tice.co.il/%D7%97%D7%96%D7%A7%D7%AA-%D7%91%D7%A0%D7%99-%D7%96%D7%95%D7%92-%D7%9B%D7%A0%D7%A9%D7%95%D7%90%D7%99%D7%9D-%D7%AA%D7%95%D7%A7%D7%A4%D7%9D-%D7%A9%D7%9C-%D7%A0%D7%99%D7%A9%D7%95%D7%90%D7%99%D7%9F-%D7%A4%D7%A8%D7%98%D7%99%D7%99%D7%9D-%D7%91%D7%A7%D7%A9%D7%94-%D7%9C%D7%A7%D7%91%D7%99%D7%A2%D7%AA-%D7%9E%D7%A2%D7%9E%D7%93-%D7%9C%D7%96%D7%95%D7%92/,MOBILE,0,3,0.00%,67.7
https://jus-tice.co.il/%D7%97%D7%9C%D7%95%D7%A7%D7%AA-%D7%93%D7%99%D7%A8%D7%94-%D7%94%D7%A8%D7%A9%D7%95%D7%9E%D7%94-%D7%A2%D7%9C-%D7%A9%D7%9D-%D7%94%D7%90%D7%99%D7%A9%D7%94-%D7%9E%D7%A9%D7%99%D7%A7%D7%95%D7%9C%D7%99-%D7%9E%D7%A1-%D7%90%D7%A9%D7%A8-%D7%A0%D7%A8%D7%9B%D7%A9%D7%94-%D7%9E%D7%9B%D7%A1%D7%A4%D7%99%D7%9D-%D7%9E%D7%A9%D7%95%D7%AA%D7%A4%D7%99%D7%9D/,DESKTOP,0,162,0.00%,56.3
https://jus-tice.co.il/%D7%97%D7%9C%D7%95%D7%A7%D7%AA-%D7%93%D7%99%D7%A8%D7%94-%D7%94%D7%A8%D7%A9%D7%95%D7%9E%D7%94-%D7%A2%D7%9C-%D7%A9%D7%9D-%D7%94%D7%90%D7%99%D7%A9%D7%94-%D7%9E%D7%A9%D7%99%D7%A7%D7%95%D7%9C%D7%99-%D7%9E%D7%A1-%D7%90%D7%A9%D7%A8-%D7%A0%D7%A8%D7%9B%D7%A9%D7%94-%D7%9E%D7%9B%D7%A1%D7%A4%D7%99%D7%9D-%D7%9E%D7%A9%D7%95%D7%AA%D7%A4%D7%99%D7%9D/,MOBILE,0,25,0.00%,35.0
https://jus-tice.co.il/%D7%97%D7%A9%D7%99%D7%A4%D7%AA-%D7%A4%D7%A8%D7%98%D7%99-%D7%9E%D7%A9%D7%AA%D7%9E%D7%A9-%D7%A8%D7%9E%D7%99-%D7%9E%D7%95%D7%A8-%D7%A0%D7%92%D7%93-%D7%91%D7%A8%D7%A7-%D7%90%D7%99-%D7%98%D7%99-%D7%A1%D7%99/,DESKTOP,0,187,0.00%,31.6
https://jus-tice.co.il/%D7%97%D7%A9%D7%99%D7%A4%D7%AA-%D7%A4%D7%A8%D7%98%D7%99-%D7%9E%D7%A9%D7%AA%D7%9E%D7%A9-%D7%A8%D7%9E%D7%99-%D7%9E%D7%95%D7%A8-%D7%A0%D7%92%D7%93-%D7%91%D7%A8%D7%A7-%D7%90%D7%99-%D7%98%D7%99-%D7%A1%D7%99/,TABLET,0,1,0.00%,11.0
https://jus-tice.co.il/%D7%97%D7%A9%D7%A9-%D7%9C%D7%9E%D7%A9%D7%95%D7%90-%D7%A4%D7%A0%D7%99%D7%9D-%D7%A9%D7%9C-%D7%91%D7%99%D7%AA-%D7%94%D7%93%D7%99%D7%9F-%D7%95%D7%9C%D7%94%D7%98%D7%99%D7%99%D7%AA-%D7%94%D7%93%D7%99%D7%9F/,DESKTOP,0,62,0.00%,56.8
https://jus-tice.co.il/%D7%97%D7%A9%D7%A9-%D7%9C%D7%9E%D7%A9%D7%95%D7%90-%D7%A4%D7%A0%D7%99%D7%9D-%D7%A9%D7%9C-%D7%91%D7%99%D7%AA-%D7%94%D7%93%D7%99%D7%9F-%D7%95%D7%9C%D7%94%D7%98%D7%99%D7%99%D7%AA-%D7%94%D7%93%D7%99%D7%9F/,MOBILE,0,7,0.00%,42.4
https://jus-tice.co.il/%D7%97%D7%A9%D7%A9-%D7%9C%D7%9E%D7%A9%D7%95%D7%90-%D7%A4%D7%A0%D7%99%D7%9D-%D7%A9%D7%9C-%D7%91%D7%99%D7%AA-%D7%94%D7%93%D7%99%D7%9F-%D7%95%D7%9C%D7%94%D7%98%D7%99%D7%99%D7%AA-%D7%94%D7%93%D7%99%D7%9F/,TABLET,0,1,0.00%,88.0
https://jus-tice.co.il/%D7%97%D7%AA%D7%99%D7%9E%D7%94-%D7%A2%D7%9C-%D7%A8%D7%A9%D7%99%D7%9E%D7%AA-%D7%9C%D7%99%D7%A7%D7%95%D7%99%D7%99%D7%9D/,DESKTOP,0,57,0.00%,48.9
https://jus-tice.co.il/%D7%97%D7%AA%D7%99%D7%9E%D7%AA-%D7%A2%D7%95%D7%A8%D7%9A-%D7%93%D7%99%D7%9F-%D7%A0%D7%95%D7%98%D7%A8%D7%99%D7%95%D7%9F/,MOBILE,0,2103,0.00%,50.1
https://jus-tice.co.il/%D7%97%D7%AA%D7%99%D7%9E%D7%AA-%D7%A2%D7%95%D7%A8%D7%9A-%D7%93%D7%99%D7%9F-%D7%A0%D7%95%D7%98%D7%A8%D7%99%D7%95%D7%9F/,TABLET,0,3,0.00%,22.7
https://jus-tice.co.il/%D7%98%D7%95%D7%91%D7%AA-%D7%94%D7%99%D7%9C%D7%93%D7%99%D7%9D-%D7%9B%D7%91%D7%A1%D7%99%D7%A1-%D7%9C%D7%97%D7%99%D7%95%D7%91-%D7%94%D7%90%D7%9D-%D7%9C%D7%97%D7%96%D7%95%D7%A8-%D7%9C%D7%A2%D7%99%D7%A8-%D7%94%D7%9E%D7%A7%D7%95%D7%A8-%D7%A8%D7%99%D7%A9%D7%95%D7%9D-%D7%94%D7%99%D7%9C%D7%93%D7%99%D7%9D-%D7%9C%D7%9E%D7%95%D7%A1%D7%93%D7%95%D7%AA-%D7%94%D7%97%D7%99%D7%A0%D7%95%D7%9A/,DESKTOP,0,59,0.00%,51.5
https://jus-tice.co.il/%D7%98%D7%95%D7%91%D7%AA-%D7%94%D7%99%D7%9C%D7%93%D7%99%D7%9D-%D7%9B%D7%91%D7%A1%D7%99%D7%A1-%D7%9C%D7%97%D7%99%D7%95%D7%91-%D7%94%D7%90%D7%9D-%D7%9C%D7%97%D7%96%D7%95%D7%A8-%D7%9C%D7%A2%D7%99%D7%A8-%D7%94%D7%9E%D7%A7%D7%95%D7%A8-%D7%A8%D7%99%D7%A9%D7%95%D7%9D-%D7%94%D7%99%D7%9C%D7%93%D7%99%D7%9D-%D7%9C%D7%9E%D7%95%D7%A1%D7%93%D7%95%D7%AA-%D7%94%D7%97%D7%99%D7%A0%D7%95%D7%9A/,MOBILE,0,8,0.00%,85.8
https://jus-tice.co.il/%D7%98%D7%95%D7%A4%D7%A1-%D7%91%D7%A7%D7%A9%D7%94-%D7%9C%D7%A7%D7%91%D7%9C%D7%AA-%D7%9E%D7%99%D7%93%D7%A2-%D7%A0%D7%A4%D7%92%D7%A2%D7%99-%D7%A2%D7%91%D7%99%D7%A8%D7%94-%D7%9C%D7%A4%D7%99-%D7%9C%D7%97%D7%95%D7%A7-%D7%96%D7%9B%D7%95%D7%99%D7%95%D7%AA-%D7%A0%D7%A4%D7%92%D7%A2%D7%99-%D7%A2%D7%91%D7%99%D7%A8%D7%94/,DESKTOP,0,428,0.00%,38.8
https://jus-tice.co.il/%D7%98%D7%95%D7%A4%D7%A1-%D7%91%D7%A7%D7%A9%D7%94-%D7%9C%D7%A7%D7%91%D7%9C%D7%AA-%D7%9E%D7%99%D7%93%D7%A2-%D7%A0%D7%A4%D7%92%D7%A2%D7%99-%D7%A2%D7%91%D7%99%D7%A8%D7%94-%D7%9C%D7%A4%D7%99-%D7%9C%D7%97%D7%95%D7%A7-%D7%96%D7%9B%D7%95%D7%99%D7%95%D7%AA-%D7%A0%D7%A4%D7%92%D7%A2%D7%99-%D7%A2%D7%91%D7%99%D7%A8%D7%94/,MOBILE,0,4,0.00%,31.3
https://jus-tice.co.il/%D7%98%D7%95%D7%A4%D7%A1-%D7%94%D7%A6%D7%94%D7%A8%D7%94-%D7%91%D7%A2%D7%A7%D7%91%D7%95%D7%AA-%D7%A9%D7%99%D7%A0%D7%95%D7%99-%D7%91%D7%A2%D7%9C%D7%95%D7%AA-%D7%91%D7%A2%D7%A1%D7%A7/,DESKTOP,0,2,0.00%,37.0
https://jus-tice.co.il/%D7%98%D7%95%D7%A4%D7%A1-%D7%9C%D7%A4%D7%99-%D7%97%D7%95%D7%A7-%D7%9C%D7%9E%D7%A0%D7%99%D7%A2%D7%AA-%D7%94%D7%A2%D7%A1%D7%A7%D7%94-%D7%A9%D7%9C-%D7%A2%D7%91%D7%A8%D7%99%D7%99%D7%A0%D7%99-%D7%9E%D7%99%D7%9F-%D7%91%D7%9E%D7%95%D7%A1%D7%93-%D7%94%D7%9E%D7%9B%D7%95%D7%95%D7%9F-%D7%9C%D7%9E%D7%AA%D7%9F-%D7%A9%D7%99%D7%A8%D7%95%D7%AA-%D7%9C%D7%A7%D7%98%D7%99%D7%A0%D7%99%D7%9D/,TABLET,0,9,0.00%,9.3
https://jus-tice.co.il/%D7%98%D7%95%D7%A4%D7%A1-%D7%A2%D7%9E%D7%93%D7%AA-%D7%A0%D7%A4%D7%92%D7%A2%D7%99-%D7%A2%D7%91%D7%99%D7%A8%D7%94-%D7%9C%D7%A2%D7%A0%D7%99%D7%99%D7%9F-%D7%97%D7%A0%D7%99%D7%A0%D7%94/,DESKTOP,0,21,0.00%,59.7
https://jus-tice.co.il/%D7%98%D7%99%D7%A4%D7%95%D7%9C-%D7%91%D7%94%D7%9C%D7%99%D7%9B%D7%99%D7%9D-%D7%9C%D7%A4%D7%99-%D7%97%D7%95%D7%A7-%D7%94%D7%A0%D7%95%D7%A2%D7%A8-%D7%98%D7%99%D7%A4%D7%95%D7%9C-%D7%95%D7%94%D7%A9%D7%92%D7%97%D7%94/,DESKTOP,0,1159,0.00%,64.3
https://jus-tice.co.il/%D7%98%D7%99%D7%A4%D7%95%D7%9C-%D7%91%D7%94%D7%9C%D7%99%D7%9B%D7%99%D7%9D-%D7%9C%D7%A4%D7%99-%D7%97%D7%95%D7%A7-%D7%94%D7%A0%D7%95%D7%A2%D7%A8-%D7%98%D7%99%D7%A4%D7%95%D7%9C-%D7%95%D7%94%D7%A9%D7%92%D7%97%D7%94/,MOBILE,0,170,0.00%,49.0
https://jus-tice.co.il/%D7%98%D7%99%D7%A4%D7%99%D7%9D-%D7%9B%D7%99%D7%A6%D7%93-%D7%9C%D7%9E%D7%A7%D7%A1%D7%9D-%D7%90%D7%AA-%D7%94%D7%A4%D7%99%D7%A6%D7%95%D7%99%D7%99%D7%9D-%D7%91%D7%AA%D7%91%D7%99%D7%A2%D7%AA-%D7%A8%D7%A9%D7%9C%D7%A0%D7%95%D7%AA-%D7%A8%D7%A4%D7%95%D7%90%D7%99%D7%AA/,DESKTOP,0,104,0.00%,82.8
https://jus-tice.co.il/%D7%98%D7%99%D7%A4%D7%99%D7%9D-%D7%9B%D7%99%D7%A6%D7%93-%D7%9C%D7%9E%D7%A7%D7%A1%D7%9D-%D7%90%D7%AA-%D7%94%D7%A4%D7%99%D7%A6%D7%95%D7%99%D7%99%D7%9D-%D7%91%D7%AA%D7%91%D7%99%D7%A2%D7%AA-%D7%A8%D7%A9%D7%9C%D7%A0%D7%95%D7%AA-%D7%A8%D7%A4%D7%95%D7%90%D7%99%D7%AA/,MOBILE,0,27,0.00%,91.2
https://jus-tice.co.il/%D7%98%D7%99%D7%A4%D7%99%D7%9D-%D7%9C%D7%A2%D7%95%D7%93-%D7%9B%D7%99%D7%A6%D7%93-%D7%9C%D7%94%D7%9B%D7%A0%D7%A1-%D7%9C%D7%9E%D7%93%D7%A8%D7%99%D7%9B%D7%99%D7%9D-%D7%93%D7%99%D7%A8%D7%95%D7%92-%D7%A2%D7%95%D7%A8%D7%9B%D7%99-%D7%94%D7%93%D7%99%D7%9F-%D7%94%D7%9E%D7%95%D7%91%D7%99%D7%9C%D7%99%D7%9D-%D7%91%D7%A2%D7%A2%D7%95%D7%9C%D7%9D/,DESKTOP,0,457,0.00%,56.0
https://jus-tice.co.il/%D7%98%D7%99%D7%A4%D7%99%D7%9D-%D7%9C%D7%A2%D7%95%D7%93-%D7%9B%D7%99%D7%A6%D7%93-%D7%9C%D7%94%D7%9B%D7%A0%D7%A1-%D7%9C%D7%9E%D7%93%D7%A8%D7%99%D7%9B%D7%99%D7%9D-%D7%93%D7%99%D7%A8%D7%95%D7%92-%D7%A2%D7%95%D7%A8%D7%9B%D7%99-%D7%94%D7%93%D7%99%D7%9F-%D7%94%D7%9E%D7%95%D7%91%D7%99%D7%9C%D7%99%D7%9D-%D7%91%D7%A2%D7%A2%D7%95%D7%9C%D7%9D/,MOBILE,0,38,0.00%,52.9
https://jus-tice.co.il/%D7%98%D7%A2%D7%A0%D7%95%D7%AA-%D7%9E%D7%A7%D7%93%D7%9E%D7%99%D7%95%D7%AA-%D7%91%D7%A7%D7%95%D7%91%D7%9C%D7%A0%D7%94-%D7%A4%D7%9C%D7%99%D7%9C%D7%99%D7%AA-%D7%91%D7%90%D7%99%D7%A9%D7%95%D7%9D-%D7%9C%D7%9C%D7%A9%D7%95%D7%9F-%D7%94%D7%A8%D7%A2/,DESKTOP,0,309,0.00%,71.8
https://jus-tice.co.il/%D7%98%D7%A2%D7%A0%D7%95%D7%AA-%D7%9E%D7%A7%D7%93%D7%9E%D7%99%D7%95%D7%AA-%D7%91%D7%A7%D7%95%D7%91%D7%9C%D7%A0%D7%94-%D7%A4%D7%9C%D7%99%D7%9C%D7%99%D7%AA-%D7%91%D7%90%D7%99%D7%A9%D7%95%D7%9D-%D7%9C%D7%9C%D7%A9%D7%95%D7%9F-%D7%94%D7%A8%D7%A2/,MOBILE,0,65,0.00%,73.2
https://jus-tice.co.il/%D7%99%D7%99%D7%A2%D7%95%D7%A5-%D7%9E%D7%A9%D7%A4%D7%98%D7%99-%D7%90%D7%90%D7%95%D7%98%D7%A1%D7%95%D7%A8%D7%A1%D7%99%D7%A0%D7%92-%D7%91%D7%99%D7%A0%D7%9C%D7%90%D7%95%D7%9E%D7%99-jus-tice-%D7%9E%D7%A9%D7%A8%D7%95%D7%AA-%D7%A2%D7%95%D7%A8%D7%9B%D7%99-%D7%93%D7%99%D7%9F/,DESKTOP,0,3437,0.00%,51.6
https://jus-tice.co.il/%D7%99%D7%99%D7%A2%D7%95%D7%A5-%D7%A2%D7%95%D7%A8%D7%9A-%D7%93%D7%99%D7%9F-%D7%A4%D7%9C%D7%99%D7%9C%D7%99-%D7%A8%D7%90%D7%A9%D7%95%D7%A0%D7%99-%D7%9C%D7%A2%D7%A6%D7%95%D7%A8-%D7%91%D7%A4%D7%9C%D7%99%D7%9C%D7%99%D7%9D/,DESKTOP,0,40,0.00%,29.0
https://jus-tice.co.il/%D7%99%D7%99%D7%A2%D7%95%D7%A5-%D7%A2%D7%95%D7%A8%D7%9A-%D7%93%D7%99%D7%9F-%D7%A4%D7%9C%D7%99%D7%9C%D7%99-%D7%A8%D7%90%D7%A9%D7%95%D7%A0%D7%99-%D7%9C%D7%A2%D7%A6%D7%95%D7%A8-%D7%91%D7%A4%D7%9C%D7%99%D7%9C%D7%99%D7%9D/,MOBILE,0,2,0.00%,34.5
https://jus-tice.co.il/%D7%99%D7%A6%D7%97%D7%A7-%D7%A4%D7%95%D7%92%D7%A8%D7%A9%D7%99%D7%99-%D7%AA%D7%91%D7%99%D7%A2%D7%AA-%D7%A2%D7%91%D7%95%D7%93%D7%94-%D7%90%D7%99%D7%A0%D7%98%D7%9C-%D7%A8%D7%99%D7%9C%D7%95%D7%A7%D7%99%D7%99%D7%A9%D7%9F/,DESKTOP,0,481,0.00%,38.9
https://jus-tice.co.il/%D7%99%D7%A6%D7%97%D7%A7-%D7%A4%D7%95%D7%92%D7%A8%D7%A9%D7%99%D7%99-%D7%AA%D7%91%D7%99%D7%A2%D7%AA-%D7%A2%D7%91%D7%95%D7%93%D7%94-%D7%90%D7%99%D7%A0%D7%98%D7%9C-%D7%A8%D7%99%D7%9C%D7%95%D7%A7%D7%99%D7%99%D7%A9%D7%9F/,MOBILE,0,57,0.00%,32.5
https://jus-tice.co.il/%D7%9B%D7%99%D7%A6%D7%93-%D7%9C%D7%9E%D7%A6%D7%95%D7%90-%D7%A2%D7%96%D7%A8%D7%94-%D7%9E%D7%A9%D7%A4%D7%98%D7%99%D7%AA-%D7%9B%D7%90%D7%A9%D7%A8-%D7%90%D7%99%D7%A0%D7%9A-%D7%99%D7%9B%D7%95%D7%9C-%D7%9C%D7%94%D7%A8%D7%A9%D7%95%D7%AA-%D7%9C%D7%A2%D7%A6%D7%9E%D7%9A-%D7%A2%D7%95%D7%A8%D7%9A-%D7%93%D7%99%D7%9F/,TABLET,0,4,0.00%,7.8
https://jus-tice.co.il/%D7%9B%D7%A1%D7%A4%D7%99%D7%9D-%D7%9E%D7%A9%D7%95%D7%AA%D7%A4%D7%99%D7%9D-%D7%A9%D7%94%D7%95%D7%A2%D7%91%D7%A8%D7%95-%D7%91%D7%93%D7%A8%D7%9B%D7%99-%D7%9E%D7%A8%D7%9E%D7%94-%D7%9C%D7%A6%D7%93%D7%93%D7%99%D7%9D-%D7%A9%D7%9C%D7%99%D7%A9%D7%99%D7%99%D7%9D/,DESKTOP,0,589,0.00%,69.2
https://jus-tice.co.il/%D7%9B%D7%A1%D7%A4%D7%99%D7%9D-%D7%9E%D7%A9%D7%95%D7%AA%D7%A4%D7%99%D7%9D-%D7%A9%D7%94%D7%95%D7%A2%D7%91%D7%A8%D7%95-%D7%91%D7%93%D7%A8%D7%9B%D7%99-%D7%9E%D7%A8%D7%9E%D7%94-%D7%9C%D7%A6%D7%93%D7%93%D7%99%D7%9D-%D7%A9%D7%9C%D7%99%D7%A9%D7%99%D7%99%D7%9D/,MOBILE,0,116,0.00%,68.1
https://jus-tice.co.il/%D7%9B%D7%A1%D7%A4%D7%99%D7%9D-%D7%9E%D7%A9%D7%95%D7%AA%D7%A4%D7%99%D7%9D-%D7%A9%D7%94%D7%95%D7%A2%D7%91%D7%A8%D7%95-%D7%91%D7%93%D7%A8%D7%9B%D7%99-%D7%9E%D7%A8%D7%9E%D7%94-%D7%9C%D7%A6%D7%93%D7%93%D7%99%D7%9D-%D7%A9%D7%9C%D7%99%D7%A9%D7%99%D7%99%D7%9D/,TABLET,0,1,0.00%,8.0
https://jus-tice.co.il/%D7%9B%D7%AA%D7%91-%D7%90%D7%99%D7%A9%D7%95%D7%9D-%D7%A0%D7%92%D7%93-%D7%91%D7%9F-70-%D7%9E%D7%94%D7%A8%D7%A6%D7%9C%D7%99%D7%94-%D7%91%D7%92%D7%99%D7%9F-%D7%A8%D7%A6%D7%97-%D7%91%D7%A0%D7%A1%D7%99%D7%91%D7%95%D7%AA-%D7%9E%D7%97%D7%9E%D7%99%D7%A8%D7%95%D7%AA/,DESKTOP,0,182,0.00%,39.0
https://jus-tice.co.il/%D7%9B%D7%AA%D7%91-%D7%90%D7%99%D7%A9%D7%95%D7%9D-%D7%A0%D7%92%D7%93-%D7%91%D7%9F-70-%D7%9E%D7%94%D7%A8%D7%A6%D7%9C%D7%99%D7%94-%D7%91%D7%92%D7%99%D7%9F-%D7%A8%D7%A6%D7%97-%D7%91%D7%A0%D7%A1%D7%99%D7%91%D7%95%D7%AA-%D7%9E%D7%97%D7%9E%D7%99%D7%A8%D7%95%D7%AA/,MOBILE,0,19,0.00%,57.3
https://jus-tice.co.il/%D7%9C%D7%90-%D7%9E%D7%97%D7%95%D7%A1%D7%9F-%D7%94%D7%90%D7%9D-%D7%9E%D7%A2%D7%A1%D7%99%D7%A7-%D7%99%D7%9B%D7%95%D7%9C-%D7%9C%D7%9E%D7%A0%D7%95%D7%A2-%D7%A2%D7%95%D7%91%D7%93-%D7%9C%D7%9C%D7%90-%D7%91%D7%93%D7%99%D7%A7%D7%AA-%D7%A7%D7%95%D7%A8%D7%95%D7%A0%D7%94/,DESKTOP,0,92,0.00%,67.9
https://jus-tice.co.il/%D7%9C%D7%90-%D7%9E%D7%97%D7%95%D7%A1%D7%9F-%D7%94%D7%90%D7%9D-%D7%9E%D7%A2%D7%A1%D7%99%D7%A7-%D7%99%D7%9B%D7%95%D7%9C-%D7%9C%D7%9E%D7%A0%D7%95%D7%A2-%D7%A2%D7%95%D7%91%D7%93-%D7%9C%D7%9C%D7%90-%D7%91%D7%93%D7%99%D7%A7%D7%AA-%D7%A7%D7%95%D7%A8%D7%95%D7%A0%D7%94/,MOBILE,0,3,0.00%,88.3
https://jus-tice.co.il/%D7%9E%D7%90%D7%A1%D7%A8-%D7%91%D7%92%D7%99%D7%9F-%D7%94%D7%98%D7%A8%D7%93%D7%94-%D7%9E%D7%99%D7%A0%D7%99%D7%AA-%D7%95%D7%94%D7%AA%D7%A0%D7%9B%D7%9C%D7%95%D7%AA-%D7%91%D7%90%D7%9E%D7%A6%D7%A2%D7%95%D7%AA-%D7%A8%D7%A9%D7%AA-%D7%94%D7%98%D7%9C%D7%92%D7%A8%D7%9D-%D7%AA%D7%A4-43967-07-20/,TABLET,0,20,0.00%,14.2
https://jus-tice.co.il/%D7%9E%D7%93%D7%99%D7%A0%D7%AA-%D7%99%D7%A9%D7%A8%D7%90%D7%9C-%D7%A0-%D7%A7%D7%A8%D7%A4%D7%9C/,DESKTOP,0,62,0.00%,73.1
https://jus-tice.co.il/%D7%9E%D7%93%D7%99%D7%A0%D7%AA-%D7%99%D7%A9%D7%A8%D7%90%D7%9C-%D7%A0-%D7%A7%D7%A8%D7%A4%D7%9C/,MOBILE,0,16,0.00%,56.0
https://jus-tice.co.il/%D7%9E%D7%93%D7%A8%D7%99%D7%9A-%D7%94%D7%97%D7%96%D7%A8%D7%99-%D7%9E%D7%A1-%D7%A2%D7%9D-%D7%9E%D7%97%D7%A9%D7%91%D7%95%D7%9F/,TABLET,0,2,0.00%,45.5
https://jus-tice.co.il/%D7%9E%D7%93%D7%A8%D7%99%D7%9A-%D7%9E%D7%A2%D7%A9%D7%99-%D7%9C%D7%91%D7%97%D7%99%D7%A8%D7%AA-%D7%97%D7%91%D7%A8%D7%94-%D7%90%D7%95-%D7%99%D7%96%D7%9D-%D7%9C%D7%94%D7%AA%D7%97%D7%93%D7%A9%D7%95%D7%AA-%D7%A2%D7%99%D7%A8%D7%95%D7%A0%D7%99%D7%AA/,DESKTOP,0,87,0.00%,57.0
https://jus-tice.co.il/%D7%9E%D7%93%D7%A8%D7%99%D7%9A-%D7%9E%D7%A2%D7%A9%D7%99-%D7%9C%D7%91%D7%97%D7%99%D7%A8%D7%AA-%D7%97%D7%91%D7%A8%D7%94-%D7%90%D7%95-%D7%99%D7%96%D7%9D-%D7%9C%D7%94%D7%AA%D7%97%D7%93%D7%A9%D7%95%D7%AA-%D7%A2%D7%99%D7%A8%D7%95%D7%A0%D7%99%D7%AA/,MOBILE,0,6,0.00%,36.3
https://jus-tice.co.il/%D7%9E%D7%93%D7%A8%D7%99%D7%9A-%D7%9E%D7%A7%D7%99%D7%A3-%D7%9C%D7%AA%D7%94%D7%9C%D7%99%D7%9A-%D7%A8%D7%9B%D7%99%D7%A9%D7%AA-%D7%93%D7%99%D7%A8%D7%94/,DESKTOP,0,1152,0.00%,62.0
https://jus-tice.co.il/%D7%9E%D7%93%D7%A8%D7%99%D7%9A-%D7%9E%D7%A7%D7%99%D7%A3-%D7%9C%D7%AA%D7%94%D7%9C%D7%99%D7%9A-%D7%A8%D7%9B%D7%99%D7%A9%D7%AA-%D7%93%D7%99%D7%A8%D7%94/,MOBILE,0,83,0.00%,70.4
https://jus-tice.co.il/%D7%9E%D7%93%D7%A8%D7%99%D7%9A-%D7%A2%D7%93%D7%9B%D7%A0%D7%99-%D7%9C%D7%92%D7%99%D7%A8%D7%95%D7%A9%D7%99%D7%9F/,TABLET,0,7,0.00%,21.1
https://jus-tice.co.il/%D7%9E%D7%93%D7%A8%D7%99%D7%9A-%D7%A2%D7%93%D7%9B%D7%A0%D7%99-%D7%9C%D7%94%D7%A1%D7%9B%D7%9D-%D7%9E%D7%9E%D7%95%D7%9F/,MOBILE,0,701,0.00%,63.8
https://jus-tice.co.il/%D7%9E%D7%93%D7%A8%D7%99%D7%9A-%D7%A2%D7%93%D7%9B%D7%A0%D7%99-%D7%9C%D7%94%D7%A1%D7%9B%D7%9D-%D7%9E%D7%9E%D7%95%D7%9F/,TABLET,0,1,0.00%,71.0
https://jus-tice.co.il/%D7%9E%D7%93%D7%A8%D7%99%D7%9B%D7%99-%D7%93%D7%99%D7%A8%D7%95%D7%92-%D7%A2%D7%95%D7%A8%D7%9B%D7%99-%D7%93%D7%99%D7%9F-%D7%9E%D7%95%D7%91%D7%99%D7%9C%D7%99%D7%9D-%D7%95%D7%A9%D7%99%D7%98%D7%95%D7%AA-%D7%93%D7%99%D7%A8%D7%95%D7%92/,DESKTOP,0,1694,0.00%,27.6
https://jus-tice.co.il/%D7%9E%D7%93%D7%A8%D7%99%D7%9B%D7%99-%D7%93%D7%99%D7%A8%D7%95%D7%92-%D7%A2%D7%95%D7%A8%D7%9B%D7%99-%D7%93%D7%99%D7%9F-%D7%9E%D7%95%D7%91%D7%99%D7%9C%D7%99%D7%9D-%D7%95%D7%A9%D7%99%D7%98%D7%95%D7%AA-%D7%93%D7%99%D7%A8%D7%95%D7%92/,MOBILE,0,151,0.00%,31.9
https://jus-tice.co.il/%D7%9E%D7%94%D7%95-%D7%99%D7%95%D7%A2%D7%A5-%D7%A0%D7%93%D7%9C%D7%9F/,DESKTOP,0,5328,0.00%,38.9
https://jus-tice.co.il/%D7%9E%D7%94%D7%95-%D7%99%D7%95%D7%A2%D7%A5-%D7%A0%D7%93%D7%9C%D7%9F/,TABLET,0,1,0.00%,58.0
https://jus-tice.co.il/%D7%9E%D7%94%D7%95-%D7%A8%D7%95%D7%A4%D7%90-%D7%9E%D7%94-%D7%AA%D7%A4%D7%A7%D7%99%D7%93%D7%95-%D7%95%D7%97%D7%95%D7%91%D7%95%D7%AA%D7%99%D7%95-%D7%94%D7%9E%D7%A7%D7%A6%D7%95%D7%A2%D7%99%D7%95%D7%AA/,DESKTOP,0,278,0.00%,73.6
https://jus-tice.co.il/%D7%9E%D7%94-%D7%96%D7%94-%D7%A2%D7%95%D7%A8%D7%9A-%D7%93%D7%99%D7%9F-%D7%92%D7%99%D7%A8%D7%95%D7%A9%D7%99%D7%9F/,DESKTOP,0,114,0.00%,72.7
https://jus-tice.co.il/%D7%9E%D7%94-%D7%96%D7%94-%D7%A2%D7%95%D7%A8%D7%9A-%D7%93%D7%99%D7%9F-%D7%92%D7%99%D7%A8%D7%95%D7%A9%D7%99%D7%9F/,MOBILE,0,16,0.00%,73.2
https://jus-tice.co.il/%D7%9E%D7%94-%D7%96%D7%94-%D7%A2%D7%95%D7%A8%D7%9A-%D7%93%D7%99%D7%9F-%D7%92%D7%99%D7%A8%D7%95%D7%A9%D7%99%D7%9F/,TABLET,0,1,0.00%,65.0
https://jus-tice.co.il/%D7%9E%D7%94-%D7%AA%D7%A4%D7%A7%D7%99%D7%93%D7%95-%D7%A9%D7%9C-%D7%A2%D7%95%D7%A8%D7%9A-%D7%93%D7%99%D7%9F-%D7%A0%D7%93%D7%9C%D7%9F-%D7%95%D7%A2%D7%9C%D7%95%D7%99%D7%95%D7%AA%D7%99%D7%95/,DESKTOP,0,33,0.00%,27.8
https://jus-tice.co.il/%D7%9E%D7%95%D7%A2%D7%93-%D7%94%D7%A7%D7%A8%D7%A2-%D7%91%D7%92%D7%99%D7%A8%D7%95%D7%A9%D7%99%D7%9F-%D7%9C%D7%A6%D7%95%D7%A8%D7%9A-%D7%90%D7%99%D7%96%D7%95%D7%9F-%D7%9E%D7%A9%D7%90%D7%91%D7%99%D7%9D-%D7%91%D7%99%D7%9F-%D7%91%D7%A0%D7%99-%D7%96%D7%95%D7%92-%D7%9C%D7%A9%D7%A2%D7%91%D7%A8-%D7%AA%D7%9C%D7%94%D7%9E-23952-08-19/,DESKTOP,0,1568,0.00%,34.6
https://jus-tice.co.il/%D7%9E%D7%95%D7%A2%D7%93-%D7%94%D7%A7%D7%A8%D7%A2-%D7%91%D7%92%D7%99%D7%A8%D7%95%D7%A9%D7%99%D7%9F-%D7%9C%D7%A6%D7%95%D7%A8%D7%9A-%D7%90%D7%99%D7%96%D7%95%D7%9F-%D7%9E%D7%A9%D7%90%D7%91%D7%99%D7%9D-%D7%91%D7%99%D7%9F-%D7%91%D7%A0%D7%99-%D7%96%D7%95%D7%92-%D7%9C%D7%A9%D7%A2%D7%91%D7%A8-%D7%AA%D7%9C%D7%94%D7%9E-23952-08-19/,MOBILE,0,243,0.00%,36.1
https://jus-tice.co.il/%D7%9E%D7%96%D7%95%D7%A0%D7%95%D7%AA-%D7%94%D7%99%D7%9C%D7%93%D7%99%D7%9D-%D7%94%D7%90%D7%9D-%D7%9C%D7%A4%D7%99-%D7%A6%D7%A8%D7%99%D7%9B%D7%94-%D7%91%D7%A4%D7%95%D7%A2%D7%9C-%D7%90%D7%95-%D7%A2%D7%A8%D7%9A-%D7%A9%D7%95%D7%9C%D7%99/,DESKTOP,0,1066,0.00%,67.1
https://jus-tice.co.il/%D7%9E%D7%96%D7%95%D7%A0%D7%95%D7%AA-%D7%94%D7%99%D7%9C%D7%93%D7%99%D7%9D-%D7%94%D7%90%D7%9D-%D7%9C%D7%A4%D7%99-%D7%A6%D7%A8%D7%99%D7%9B%D7%94-%D7%91%D7%A4%D7%95%D7%A2%D7%9C-%D7%90%D7%95-%D7%A2%D7%A8%D7%9A-%D7%A9%D7%95%D7%9C%D7%99/,MOBILE,0,21,0.00%,83.4
https://jus-tice.co.il/%D7%9E%D7%96%D7%95%D7%A0%D7%95%D7%AA-%D7%95%D7%94%D7%95%D7%A6%D7%90%D7%95%D7%AA-%D7%94%D7%97%D7%99%D7%A0%D7%95%D7%9A-%D7%95%D7%94%D7%91%D7%A8%D7%99%D7%90%D7%95%D7%AA-%D7%A9%D7%9C-3-%D7%A7%D7%98%D7%99%D7%A0%D7%99%D7%9D-%D7%A2%D7%A8%D7%A2%D7%95%D7%A8-%D7%A4%D7%A1%D7%93-%D7%A2%D7%9E%D7%A9-49763-12-21/,DESKTOP,0,1778,0.00%,58.9
https://jus-tice.co.il/%D7%9E%D7%96%D7%95%D7%A0%D7%95%D7%AA-%D7%95%D7%94%D7%95%D7%A6%D7%90%D7%95%D7%AA-%D7%94%D7%97%D7%99%D7%A0%D7%95%D7%9A-%D7%95%D7%94%D7%91%D7%A8%D7%99%D7%90%D7%95%D7%AA-%D7%A9%D7%9C-3-%D7%A7%D7%98%D7%99%D7%A0%D7%99%D7%9D-%D7%A2%D7%A8%D7%A2%D7%95%D7%A8-%D7%A4%D7%A1%D7%93-%D7%A2%D7%9E%D7%A9-49763-12-21/,MOBILE,0,554,0.00%,36.7
https://jus-tice.co.il/%D7%9E%D7%96%D7%95%D7%A0%D7%95%D7%AA-%D7%95%D7%94%D7%95%D7%A6%D7%90%D7%95%D7%AA-%D7%94%D7%97%D7%99%D7%A0%D7%95%D7%9A-%D7%95%D7%94%D7%91%D7%A8%D7%99%D7%90%D7%95%D7%AA-%D7%A9%D7%9C-3-%D7%A7%D7%98%D7%99%D7%A0%D7%99%D7%9D-%D7%A2%D7%A8%D7%A2%D7%95%D7%A8-%D7%A4%D7%A1%D7%93-%D7%A2%D7%9E%D7%A9-49763-12-21/,TABLET,0,7,0.00%,36.7
https://jus-tice.co.il/%D7%9E%D7%96%D7%95%D7%A0%D7%95%D7%AA-%D7%A9%D7%91%D7%94%D7%A1%D7%9B%D7%9D-%D7%95%D7%94%D7%A2%D7%99%D7%9C%D7%95%D7%AA-%D7%9C%D7%91%D7%99%D7%98%D7%95%D7%9C%D7%9F-%D7%90%D7%95-%D7%A9%D7%99%D7%A0%D7%95%D7%99%D7%99%D7%9F-%D7%9E%D7%9B%D7%95%D7%97-%D7%A9%D7%99%D7%A0%D7%95%D7%99-%D7%A0%D7%A1%D7%99%D7%91%D7%95%D7%AA/,DESKTOP,0,2537,0.00%,62.1
https://jus-tice.co.il/%D7%9E%D7%96%D7%95%D7%A0%D7%95%D7%AA-%D7%A9%D7%91%D7%94%D7%A1%D7%9B%D7%9D-%D7%95%D7%94%D7%A2%D7%99%D7%9C%D7%95%D7%AA-%D7%9C%D7%91%D7%99%D7%98%D7%95%D7%9C%D7%9F-%D7%90%D7%95-%D7%A9%D7%99%D7%A0%D7%95%D7%99%D7%99%D7%9F-%D7%9E%D7%9B%D7%95%D7%97-%D7%A9%D7%99%D7%A0%D7%95%D7%99-%D7%A0%D7%A1%D7%99%D7%91%D7%95%D7%AA/,MOBILE,0,354,0.00%,58.9
https://jus-tice.co.il/%D7%9E%D7%96%D7%95%D7%A0%D7%95%D7%AA-%D7%A9%D7%91%D7%94%D7%A1%D7%9B%D7%9D-%D7%95%D7%94%D7%A2%D7%99%D7%9C%D7%95%D7%AA-%D7%9C%D7%91%D7%99%D7%98%D7%95%D7%9C%D7%9F-%D7%90%D7%95-%D7%A9%D7%99%D7%A0%D7%95%D7%99%D7%99%D7%9F-%D7%9E%D7%9B%D7%95%D7%97-%D7%A9%D7%99%D7%A0%D7%95%D7%99-%D7%A0%D7%A1%D7%99%D7%91%D7%95%D7%AA/,TABLET,0,2,0.00%,69.0
https://jus-tice.co.il/%D7%9E%D7%97%D7%A7%D7%A8-%D7%9E%D7%99%D7%9E%D7%95%D7%A9-%D7%96%D7%9B%D7%95%D7%99%D7%95%D7%AA-%D7%A7%D7%98%D7%99%D7%A0%D7%99%D7%9D-%D7%A0%D7%A4%D7%92%D7%A2%D7%99-%D7%A2%D7%91%D7%99%D7%A8%D7%95%D7%AA-%D7%9E%D7%99%D7%9F-%D7%97%D7%9E%D7%95%D7%A8%D7%95%D7%AA-%D7%91%D7%AA%D7%99%D7%A7%D7%99-%D7%94%D7%A1%D7%99%D7%95%D7%A2-%D7%94%D7%9E%D7%A9%D7%A4%D7%98%D7%99/,DESKTOP,0,116,0.00%,32.7
https://jus-tice.co.il/%D7%9E%D7%97%D7%A7%D7%A8-%D7%9E%D7%99%D7%9E%D7%95%D7%A9-%D7%96%D7%9B%D7%95%D7%99%D7%95%D7%AA-%D7%A7%D7%98%D7%99%D7%A0%D7%99%D7%9D-%D7%A0%D7%A4%D7%92%D7%A2%D7%99-%D7%A2%D7%91%D7%99%D7%A8%D7%95%D7%AA-%D7%9E%D7%99%D7%9F-%D7%97%D7%9E%D7%95%D7%A8%D7%95%D7%AA-%D7%91%D7%AA%D7%99%D7%A7%D7%99-%D7%94%D7%A1%D7%99%D7%95%D7%A2-%D7%94%D7%9E%D7%A9%D7%A4%D7%98%D7%99/,MOBILE,0,3,0.00%,76.0
https://jus-tice.co.il/%D7%9E%D7%97%D7%A9%D7%91%D7%95%D7%9F-%D7%93%D7%9E%D7%99-%D7%91%D7%99%D7%98%D7%95%D7%97-%D7%9C%D7%90%D7%95%D7%9E%D7%99-%D7%95%D7%91%D7%A8%D7%99%D7%90%D7%95%D7%AA/,TABLET,0,2,0.00%,14.5
https://jus-tice.co.il/%D7%9E%D7%97%D7%A9%D7%91%D7%95%D7%9F-%D7%9E%D7%96%D7%95%D7%A0%D7%95%D7%AA-%D7%99%D7%9C%D7%93%D7%99%D7%9D/,TABLET,0,5,0.00%,44.4
https://jus-tice.co.il/%D7%9E%D7%99%D7%A0%D7%95%D7%99-%D7%9E%D7%A0%D7%94%D7%9C-%D7%A2%D7%99%D7%96%D7%91%D7%95%D7%9F-%D7%9B%D7%9E%D7%A4%D7%95%D7%A8%D7%98-%D7%91%D7%A6%D7%95%D7%95%D7%90%D7%94-%D7%95%D7%94%D7%AA%D7%A0%D7%92%D7%93%D7%95%D7%AA-%D7%9C%D7%91%D7%A7%D7%A9%D7%94/,MOBILE,0,91,0.00%,33.9
https://jus-tice.co.il/%D7%9E%D7%99%D7%A0%D7%95%D7%99-%D7%A9%D7%9E%D7%90%D7%99-%D7%9E%D7%A7%D7%A8%D7%A7%D7%A2%D7%99%D7%9F-%D7%A2%D7%96%D7%91%D7%95%D7%9F-%D7%A6%D7%95-%D7%99%D7%A8%D7%95%D7%A9%D7%94/,DESKTOP,0,917,0.00%,42.1
https://jus-tice.co.il/%D7%9E%D7%99%D7%A0%D7%95%D7%99-%D7%A9%D7%9E%D7%90%D7%99-%D7%9E%D7%A7%D7%A8%D7%A7%D7%A2%D7%99%D7%9F-%D7%A2%D7%96%D7%91%D7%95%D7%9F-%D7%A6%D7%95-%D7%99%D7%A8%D7%95%D7%A9%D7%94/,MOBILE,0,2,0.00%,59.0
https://jus-tice.co.il/%D7%9E%D7%A0%D7%AA%D7%97-%D7%A4%D7%9C%D7%A1%D7%98%D7%99-%D7%A4%D7%A0%D7%99%D7%9D/,DESKTOP,0,2806,0.00%,65.5
https://jus-tice.co.il/%D7%9E%D7%A0%D7%AA%D7%97-%D7%A4%D7%9C%D7%A1%D7%98%D7%99-%D7%A4%D7%A0%D7%99%D7%9D/,MOBILE,0,361,0.00%,66.8
https://jus-tice.co.il/%D7%9E%D7%A1%D7%9E%D7%9B%D7%99%D7%9D-%D7%97%D7%A9%D7%95%D7%91%D7%99%D7%9D-%D7%9C%D7%AA%D7%91%D7%99%D7%A2%D7%AA-%D7%A8%D7%A9%D7%9C%D7%A0%D7%95%D7%AA-%D7%A8%D7%A4%D7%95%D7%90%D7%99%D7%AA/,DESKTOP,0,179,0.00%,82.7
https://jus-tice.co.il/%D7%9E%D7%A1%D7%9E%D7%9B%D7%99%D7%9D-%D7%97%D7%A9%D7%95%D7%91%D7%99%D7%9D-%D7%9C%D7%AA%D7%91%D7%99%D7%A2%D7%AA-%D7%A8%D7%A9%D7%9C%D7%A0%D7%95%D7%AA-%D7%A8%D7%A4%D7%95%D7%90%D7%99%D7%AA/,MOBILE,0,18,0.00%,89.0
https://jus-tice.co.il/%D7%9E%D7%A2%D7%9E%D7%93%D7%9F-%D7%A9%D7%9C-%D7%90%D7%9C%D7%9E%D7%A0%D7%95%D7%AA-%D7%96%D7%9B%D7%90%D7%99-%D7%97%D7%95%D7%A7-%D7%94%D7%A9%D7%91%D7%95%D7%AA-%D7%91%D7%92%D7%A5-177519-%D7%91%D7%92%D7%A5-230919/,DESKTOP,0,48,0.00%,63.1
https://jus-tice.co.il/%D7%9E%D7%A2%D7%9E%D7%93%D7%9F-%D7%A9%D7%9C-%D7%90%D7%9C%D7%9E%D7%A0%D7%95%D7%AA-%D7%96%D7%9B%D7%90%D7%99-%D7%97%D7%95%D7%A7-%D7%94%D7%A9%D7%91%D7%95%D7%AA-%D7%91%D7%92%D7%A5-177519-%D7%91%D7%92%D7%A5-230919/,MOBILE,0,9,0.00%,60.4
https://jus-tice.co.il/%D7%9E%D7%A2%D7%A6%D7%A8-%D7%A0%D7%A9%D7%A7-%D7%95%D7%AA%D7%97%D7%9E%D7%95%D7%A9%D7%AA-%D7%94%D7%AA%D7%9B%D7%AA%D7%91%D7%95%D7%AA-%D7%91%D7%9E%D7%A1%D7%A0%D7%92%D7%A8-%D7%9E%D7%91%D7%9C%D7%99-%D7%A9%D7%A0%D7%AA%D7%A4%D7%A1-%D7%A0%D7%A9%D7%A7/,DESKTOP,0,42,0.00%,80.2
https://jus-tice.co.il/%D7%9E%D7%A2%D7%A6%D7%A8-%D7%A0%D7%A9%D7%A7-%D7%95%D7%AA%D7%97%D7%9E%D7%95%D7%A9%D7%AA-%D7%94%D7%AA%D7%9B%D7%AA%D7%91%D7%95%D7%AA-%D7%91%D7%9E%D7%A1%D7%A0%D7%92%D7%A8-%D7%9E%D7%91%D7%9C%D7%99-%D7%A9%D7%A0%D7%AA%D7%A4%D7%A1-%D7%A0%D7%A9%D7%A7/,MOBILE,0,2,0.00%,80.5
https://jus-tice.co.il/%D7%9E%D7%A2%D7%A9%D7%94-%D7%9E%D7%92%D7%95%D7%A0%D7%94-%D7%91%D7%A0%D7%95%D7%A1%D7%A2%D7%AA-%D7%AA%D7%95%D7%9A-%D7%9B%D7%93%D7%99-%D7%A0%D7%A1%D7%99%D7%A2%D7%94/,DESKTOP,0,487,0.00%,55.4
https://jus-tice.co.il/%D7%9E%D7%A2%D7%A9%D7%94-%D7%9E%D7%92%D7%95%D7%A0%D7%94-%D7%91%D7%A0%D7%95%D7%A1%D7%A2%D7%AA-%D7%AA%D7%95%D7%9A-%D7%9B%D7%93%D7%99-%D7%A0%D7%A1%D7%99%D7%A2%D7%94/,MOBILE,0,36,0.00%,57.6
https://jus-tice.co.il/%D7%9E%D7%A6%D7%90-%D7%A2%D7%95%D7%A8%D7%9A-%D7%93%D7%99%D7%9F-%D7%91%D7%A7%D7%A8%D7%91%D7%AA%D7%9A/,DESKTOP,0,47,0.00%,66.0
https://jus-tice.co.il/%D7%9E%D7%A6%D7%90-%D7%A2%D7%95%D7%A8%D7%9A-%D7%93%D7%99%D7%9F-%D7%91%D7%A7%D7%A8%D7%91%D7%AA%D7%9A/,MOBILE,0,9,0.00%,39.8
https://jus-tice.co.il/%D7%9E%D7%A7%D7%A8%D7%99-%D7%A8%D7%A9%D7%9C%D7%A0%D7%95%D7%AA-%D7%A8%D7%A4%D7%95%D7%90%D7%99%D7%AA-%D7%91%D7%99%D7%A9%D7%A8%D7%90%D7%9C-%D7%93%D7%95%D7%92%D7%9E%D7%90%D7%95%D7%AA-%D7%9C%D7%A8%D7%A9%D7%9C%D7%A0%D7%95%D7%AA-%D7%A8%D7%A4%D7%95%D7%90%D7%99%D7%AA/,DESKTOP,0,619,0.00%,61.4
https://jus-tice.co.il/%D7%9E%D7%A7%D7%A8%D7%99-%D7%A8%D7%A9%D7%9C%D7%A0%D7%95%D7%AA-%D7%A8%D7%A4%D7%95%D7%90%D7%99%D7%AA-%D7%91%D7%99%D7%A9%D7%A8%D7%90%D7%9C-%D7%93%D7%95%D7%92%D7%9E%D7%90%D7%95%D7%AA-%D7%9C%D7%A8%D7%A9%D7%9C%D7%A0%D7%95%D7%AA-%D7%A8%D7%A4%D7%95%D7%90%D7%99%D7%AA/,MOBILE,0,60,0.00%,72.2
https://jus-tice.co.il/%D7%9E%D7%A7%D7%A8%D7%99-%D7%A8%D7%A9%D7%9C%D7%A0%D7%95%D7%AA-%D7%A8%D7%A4%D7%95%D7%90%D7%99%D7%AA-%D7%91%D7%9C%D7%99%D7%93%D7%94-%D7%95%D7%98%D7%99%D7%A4%D7%95%D7%9C-%D7%9E%D7%A9%D7%A4%D7%98%D7%99/,DESKTOP,0,3528,0.00%,76.6
https://jus-tice.co.il/%D7%9E%D7%A7%D7%A8%D7%99-%D7%A8%D7%A9%D7%9C%D7%A0%D7%95%D7%AA-%D7%A8%D7%A4%D7%95%D7%90%D7%99%D7%AA-%D7%91%D7%9C%D7%99%D7%93%D7%94-%D7%95%D7%98%D7%99%D7%A4%D7%95%D7%9C-%D7%9E%D7%A9%D7%A4%D7%98%D7%99/,MOBILE,0,1140,0.00%,75.6
https://jus-tice.co.il/%D7%9E%D7%A9%D7%9E%D7%95%D7%A8%D7%AA-%D7%91%D7%9C%D7%A2%D7%93%D7%99%D7%AA-%D7%9C%D7%90%D7%9D-%D7%95%D7%A9%D7%99%D7%AA%D7%95%D7%A4%D7%99%D7%95%D7%AA-%D7%99%D7%97%D7%A1%D7%99%D7%AA-%D7%91%D7%9E%D7%A1%D7%92%D7%A8%D7%AA-%D7%90%D7%99%D7%96%D7%95%D7%9F-%D7%9E%D7%A9%D7%90%D7%91%D7%99%D7%9D-%D7%AA%D7%9C%D7%94%D7%9E-37049-07-18/,DESKTOP,0,1157,0.00%,25.3
https://jus-tice.co.il/%D7%9E%D7%A9%D7%9E%D7%95%D7%A8%D7%AA-%D7%91%D7%9C%D7%A2%D7%93%D7%99%D7%AA-%D7%9C%D7%90%D7%9D-%D7%95%D7%A9%D7%99%D7%AA%D7%95%D7%A4%D7%99%D7%95%D7%AA-%D7%99%D7%97%D7%A1%D7%99%D7%AA-%D7%91%D7%9E%D7%A1%D7%92%D7%A8%D7%AA-%D7%90%D7%99%D7%96%D7%95%D7%9F-%D7%9E%D7%A9%D7%90%D7%91%D7%99%D7%9D-%D7%AA%D7%9C%D7%94%D7%9E-37049-07-18/,TABLET,0,1,0.00%,7.0
https://jus-tice.co.il/%D7%9E%D7%A9%D7%A4%D7%98-%D7%94%D7%97%D7%95%D7%96%D7%A8-%D7%A9%D7%9C-%D7%A8%D7%95%D7%9E%D7%9F-%D7%96%D7%93%D7%95%D7%A8%D7%95%D7%91-%D7%AA%D7%A4%D7%97-502-07/,TABLET,0,1,0.00%,6.0
https://jus-tice.co.il/%D7%9E%D7%A9%D7%A8%D7%93-%D7%94%D7%9E%D7%A9%D7%A4%D7%98%D7%99%D7%9D-%D7%99%D7%A9%D7%A8%D7%90%D7%9C/%D7%A1%D7%A0%D7%99%D7%92%D7%95%D7%A8%D7%99%D7%94-%D7%A6%D7%99%D7%91%D7%95%D7%A8%D7%99%D7%AA/,DESKTOP,0,3433,0.00%,29.6
https://jus-tice.co.il/%D7%9E%D7%A9%D7%A8%D7%93-%D7%A2%D7%95%D7%A8%D7%9B%D7%99-%D7%93%D7%99%D7%9F-%D7%A4%D7%9C%D7%99%D7%9C%D7%99-%D7%94%D7%9B%D7%99-%D7%98%D7%95%D7%91-%D7%AA%D7%9C-%D7%90%D7%91%D7%99%D7%91/,TABLET,0,10,0.00%,68.0
https://jus-tice.co.il/%D7%A0%D7%91%D7%97%D7%A8%D7%AA-%D7%94%D7%97%D7%9C%D7%95%D7%9E%D7%95%D7%AA-%D7%A9%D7%9C-%D7%A2%D7%95%D7%A8%D7%9B%D7%99-%D7%94%D7%93%D7%99%D7%9F/,MOBILE,0,331,0.00%,13.7
https://jus-tice.co.il/%D7%A0%D7%91%D7%97%D7%A8%D7%AA-%D7%94%D7%97%D7%9C%D7%95%D7%9E%D7%95%D7%AA-%D7%A9%D7%9C-%D7%A2%D7%95%D7%A8%D7%9B%D7%99-%D7%94%D7%93%D7%99%D7%9F/,TABLET,0,1,0.00%,6.0
https://jus-tice.co.il/%D7%A0%D7%95%D7%A1%D7%97-%D7%9B%D7%AA%D7%91-%D7%94%D7%90%D7%99%D7%A9%D7%95%D7%9D-%D7%A0%D7%92%D7%93-%D7%91%D7%A0%D7%99%D7%9E%D7%99%D7%9F-%D7%A0%D7%AA%D7%A0%D7%99%D7%94%D7%95-%D7%AA%D7%99%D7%A7%D7%99%D7%9D-1000-2000-4000,MOBILE,0,11,0.00%,13.6
https://jus-tice.co.il/%D7%A0%D7%95%D7%A1%D7%97-%D7%9B%D7%AA%D7%91-%D7%94%D7%90%D7%99%D7%A9%D7%95%D7%9D-%D7%A0%D7%92%D7%93-%D7%91%D7%A0%D7%99%D7%9E%D7%99%D7%9F-%D7%A0%D7%AA%D7%A0%D7%99%D7%94%D7%95-%D7%AA%D7%99%D7%A7%D7%99%D7%9D-1000-2000-4000/,DESKTOP,0,5,0.00%,72.2
https://jus-tice.co.il/%D7%A0%D7%95%D7%A1%D7%97-%D7%9B%D7%AA%D7%91-%D7%94%D7%90%D7%99%D7%A9%D7%95%D7%9D-%D7%A0%D7%92%D7%93-%D7%91%D7%A0%D7%99%D7%9E%D7%99%D7%9F-%D7%A0%D7%AA%D7%A0%D7%99%D7%94%D7%95-%D7%AA%D7%99%D7%A7%D7%99%D7%9D-1000-2000-4000/,MOBILE,0,1,0.00%,59.0
https://jus-tice.co.il/%D7%A0%D7%99%D7%94%D7%95%D7%9C-%D7%9E%D7%90%D7%92%D7%A8-%D7%A0%D7%AA%D7%95%D7%A0%D7%99-%D7%96%D7%99%D7%94%D7%95%D7%99-%D7%A4%D7%9C%D7%99%D7%9C%D7%99/,DESKTOP,0,139,0.00%,65.2
https://jus-tice.co.il/%D7%A0%D7%99%D7%94%D7%95%D7%9C-%D7%9E%D7%90%D7%92%D7%A8-%D7%A0%D7%AA%D7%95%D7%A0%D7%99-%D7%96%D7%99%D7%94%D7%95%D7%99-%D7%A4%D7%9C%D7%99%D7%9C%D7%99/,MOBILE,0,20,0.00%,83.3
https://jus-tice.co.il/%D7%A0%D7%99%D7%94%D7%95%D7%9C-%D7%9E%D7%95%D7%A0%D7%99%D7%98%D7%99%D7%9F-%D7%9E%D7%A7%D7%95%D7%95%D7%9F-%D7%9C%D7%A2%D7%95%D7%A8%D7%9B%D7%99-%D7%93%D7%99%D7%9F-%D7%91%D7%A8%D7%A9%D7%AA-%D7%94%D7%90%D7%99%D7%A0%D7%98%D7%A8%D7%A0%D7%98/,MOBILE,0,1495,0.00%,35.6
https://jus-tice.co.il/%D7%A0%D7%99%D7%94%D7%95%D7%9C-%D7%9E%D7%95%D7%A0%D7%99%D7%98%D7%99%D7%9F-%D7%9E%D7%A7%D7%95%D7%95%D7%9F-%D7%9C%D7%A2%D7%95%D7%A8%D7%9B%D7%99-%D7%93%D7%99%D7%9F-%D7%91%D7%A8%D7%A9%D7%AA-%D7%94%D7%90%D7%99%D7%A0%D7%98%D7%A8%D7%A0%D7%98/,TABLET,0,8,0.00%,17.3
https://jus-tice.co.il/%D7%A0%D7%99%D7%9E%D7%95%D7%A7%D7%99%D7%9D-%D7%9C%D7%93%D7%97%D7%99%D7%99%D7%AA-%D7%91%D7%A7%D7%A9%D7%94-%D7%9C%D7%9E%D7%AA%D7%9F-%D7%A6%D7%95-%D7%A2%D7%99%D7%A7%D7%95%D7%9C/,DESKTOP,0,165,0.00%,74.6
https://jus-tice.co.il/%D7%A0%D7%99%D7%9E%D7%95%D7%A7%D7%99%D7%9D-%D7%9C%D7%93%D7%97%D7%99%D7%99%D7%AA-%D7%91%D7%A7%D7%A9%D7%94-%D7%9C%D7%9E%D7%AA%D7%9F-%D7%A6%D7%95-%D7%A2%D7%99%D7%A7%D7%95%D7%9C/,MOBILE,0,2,0.00%,87.5
https://jus-tice.co.il/%D7%A0%D7%A4%D7%92%D7%A2%D7%99-%D7%A2%D7%91%D7%99%D7%A8%D7%95%D7%AA-%D7%9E%D7%99%D7%9F-%D7%91%D7%94%D7%9C%D7%99%D7%9A-%D7%94%D7%A4%D7%9C%D7%99%D7%9C%D7%99-%D7%93%D7%99%D7%9F-%D7%95%D7%97%D7%A9%D7%91%D7%95%D7%9F/,DESKTOP,0,866,0.00%,61.6
https://jus-tice.co.il/%D7%A0%D7%A4%D7%92%D7%A2%D7%99-%D7%A2%D7%91%D7%99%D7%A8%D7%95%D7%AA-%D7%9E%D7%99%D7%9F-%D7%91%D7%94%D7%9C%D7%99%D7%9A-%D7%94%D7%A4%D7%9C%D7%99%D7%9C%D7%99-%D7%93%D7%99%D7%9F-%D7%95%D7%97%D7%A9%D7%91%D7%95%D7%9F/,MOBILE,0,29,0.00%,55.3
https://jus-tice.co.il/%D7%A1%D7%93%D7%A8-%D7%93%D7%99%D7%9F-%D7%A4%D7%9C%D7%99%D7%9C%D7%99-%D7%97%D7%95%D7%A7-%D7%94%D7%9E%D7%A2%D7%A6%D7%A8%D7%99%D7%9D/,DESKTOP,0,2354,0.00%,51.7
https://jus-tice.co.il/%D7%A1%D7%93%D7%A8-%D7%93%D7%99%D7%9F-%D7%A4%D7%9C%D7%99%D7%9C%D7%99-%D7%97%D7%95%D7%A7-%D7%94%D7%9E%D7%A2%D7%A6%D7%A8%D7%99%D7%9D/,MOBILE,0,219,0.00%,43.3
https://jus-tice.co.il/%D7%A1%D7%93%D7%A8-%D7%93%D7%99%D7%9F-%D7%A4%D7%9C%D7%99%D7%9C%D7%99-%D7%97%D7%95%D7%A7-%D7%94%D7%9E%D7%A2%D7%A6%D7%A8%D7%99%D7%9D/,TABLET,0,2,0.00%,86.0
https://jus-tice.co.il/%D7%A1%D7%93%D7%A8-%D7%94%D7%A2%D7%93%D7%99%D7%A4%D7%95%D7%99%D7%95%D7%AA-%D7%A9%D7%9C-%D7%9E%D7%A9%D7%98%D7%A8%D7%AA-%D7%99%D7%A9%D7%A8%D7%90%D7%9C/,DESKTOP,0,310,0.00%,58.5
https://jus-tice.co.il/%D7%A1%D7%93%D7%A8-%D7%94%D7%A2%D7%93%D7%99%D7%A4%D7%95%D7%99%D7%95%D7%AA-%D7%A9%D7%9C-%D7%9E%D7%A9%D7%98%D7%A8%D7%AA-%D7%99%D7%A9%D7%A8%D7%90%D7%9C/,MOBILE,0,13,0.00%,28.1
https://jus-tice.co.il/%D7%A1%D7%95%D7%92%D7%99%D7%9D-%D7%A9%D7%95%D7%A0%D7%99%D7%9D-%D7%A9%D7%9C-%D7%A8%D7%95%D7%A4%D7%90%D7%99%D7%9D/,TABLET,0,4,0.00%,5.8
https://jus-tice.co.il/%D7%A1%D7%95%D7%92%D7%99-%D7%A8%D7%A9%D7%9C%D7%A0%D7%95%D7%AA-%D7%A8%D7%A4%D7%95%D7%90%D7%99%D7%AA/,DESKTOP,0,1058,0.00%,53.4
https://jus-tice.co.il/%D7%A1%D7%95%D7%92%D7%99-%D7%A8%D7%A9%D7%9C%D7%A0%D7%95%D7%AA-%D7%A8%D7%A4%D7%95%D7%90%D7%99%D7%AA/,MOBILE,0,113,0.00%,39.0
https://jus-tice.co.il/%D7%A1%D7%98%D7%98%D7%99%D7%A1%D7%98%D7%99%D7%A7%D7%94-%D7%A2%D7%9C-%D7%92%D7%99%D7%A8%D7%95%D7%A9%D7%99%D7%9F/,DESKTOP,0,566,0.00%,38.1
https://jus-tice.co.il/%D7%A1%D7%99%D7%95%D7%A2-%D7%A2%D7%95%D7%93-%D7%A4%D7%9C%D7%99%D7%9C%D7%99-%D7%9C%D7%A4%D7%99-%D7%9E%D7%93%D7%99%D7%A0%D7%94/,DESKTOP,0,5098,0.00%,56.4
https://jus-tice.co.il/%D7%A1%D7%99%D7%95%D7%A2-%D7%A2%D7%95%D7%93-%D7%A4%D7%9C%D7%99%D7%9C%D7%99-%D7%9C%D7%A4%D7%99-%D7%9E%D7%93%D7%99%D7%A0%D7%94/,MOBILE,0,215,0.00%,54.0
https://jus-tice.co.il/%D7%A1%D7%99%D7%95%D7%A2-%D7%A2%D7%95%D7%93-%D7%A4%D7%9C%D7%99%D7%9C%D7%99-%D7%9C%D7%A4%D7%99-%D7%9E%D7%93%D7%99%D7%A0%D7%94/,TABLET,0,1,0.00%,60.0
https://jus-tice.co.il/%D7%A1%D7%9B%D7%A1%D7%95%D7%9A-%D7%91%D7%99%D7%9F-%D7%90%D7%9C%D7%9E%D7%A0%D7%94-%D7%95%D7%99%D7%9C%D7%93%D7%99%D7%94-%D7%95%D7%90%D7%9E%D7%95-%D7%A9%D7%9C-%D7%94%D7%A0%D7%A4%D7%98%D7%A8-%D7%94%D7%A0%D7%95%D7%92%D7%A2%D7%95%D7%AA-%D7%9C%D7%96%D7%9B%D7%95%D7%99%D7%95%D7%AA-%D7%A2%D7%9C-%D7%93%D7%99%D7%A8%D7%94-%D7%AA%D7%9E%D7%A9-7662-07-18/,DESKTOP,0,284,0.00%,76.6
https://jus-tice.co.il/%D7%A1%D7%9B%D7%A1%D7%95%D7%9A-%D7%91%D7%99%D7%9F-%D7%90%D7%9C%D7%9E%D7%A0%D7%94-%D7%95%D7%99%D7%9C%D7%93%D7%99%D7%94-%D7%95%D7%90%D7%9E%D7%95-%D7%A9%D7%9C-%D7%94%D7%A0%D7%A4%D7%98%D7%A8-%D7%94%D7%A0%D7%95%D7%92%D7%A2%D7%95%D7%AA-%D7%9C%D7%96%D7%9B%D7%95%D7%99%D7%95%D7%AA-%D7%A2%D7%9C-%D7%93%D7%99%D7%A8%D7%94-%D7%AA%D7%9E%D7%A9-7662-07-18/,MOBILE,0,68,0.00%,79.9
https://jus-tice.co.il/%D7%A1%D7%9E%D7%9B%D7%95%D7%99%D7%95%D7%AA-%D7%91%D7%99%D7%AA-%D7%94%D7%93%D7%99%D7%9F-%D7%94%D7%A8%D7%91%D7%A0%D7%99-%D7%9C%D7%99%D7%99%D7%A9%D7%95%D7%9D-%D7%95%D7%90%D7%9B%D7%99%D7%A4%D7%AA-%D7%94%D7%A1%D7%9B%D7%9D-%D7%A9%D7%90%D7%99%D7%A9%D7%A8-%D7%91%D7%A0%D7%95%D7%92%D7%A2-%D7%9C%D7%94%D7%A1%D7%93%D7%A8%D7%99-%D7%A9%D7%94%D7%95%D7%AA/,DESKTOP,0,1885,0.00%,49.5
https://jus-tice.co.il/%D7%A1%D7%9E%D7%9B%D7%95%D7%99%D7%95%D7%AA-%D7%91%D7%99%D7%AA-%D7%94%D7%93%D7%99%D7%9F-%D7%94%D7%A8%D7%91%D7%A0%D7%99-%D7%9C%D7%99%D7%99%D7%A9%D7%95%D7%9D-%D7%95%D7%90%D7%9B%D7%99%D7%A4%D7%AA-%D7%94%D7%A1%D7%9B%D7%9D-%D7%A9%D7%90%D7%99%D7%A9%D7%A8-%D7%91%D7%A0%D7%95%D7%92%D7%A2-%D7%9C%D7%94%D7%A1%D7%93%D7%A8%D7%99-%D7%A9%D7%94%D7%95%D7%AA/,MOBILE,0,25,0.00%,52.6
https://jus-tice.co.il/%D7%A1%D7%9E%D7%9B%D7%95%D7%AA-%D7%91%D7%99%D7%AA-%D7%94%D7%93%D7%99%D7%9F-%D7%91%D7%AA%D7%91%D7%99%D7%A2%D7%AA-%D7%92%D7%99%D7%A8%D7%95%D7%A9%D7%99%D7%9F-%D7%9B%D7%A8%D7%95%D7%9B%D7%94-%D7%A9%D7%9C-%D7%90%D7%96%D7%A8%D7%97-%D7%92%D7%9D-%D7%90%D7%9D-%D7%90%D7%99%D7%A0%D7%95-%D7%AA%D7%95%D7%A9%D7%91/,DESKTOP,0,39,0.00%,64.5
https://jus-tice.co.il/%D7%A1%D7%9E%D7%9B%D7%95%D7%AA-%D7%91%D7%99%D7%AA-%D7%94%D7%93%D7%99%D7%9F-%D7%91%D7%AA%D7%91%D7%99%D7%A2%D7%AA-%D7%92%D7%99%D7%A8%D7%95%D7%A9%D7%99%D7%9F-%D7%9B%D7%A8%D7%95%D7%9B%D7%94-%D7%A9%D7%9C-%D7%90%D7%96%D7%A8%D7%97-%D7%92%D7%9D-%D7%90%D7%9D-%D7%90%D7%99%D7%A0%D7%95-%D7%AA%D7%95%D7%A9%D7%91/,MOBILE,0,4,0.00%,96.5
https://jus-tice.co.il/%D7%A1%D7%9E%D7%9B%D7%95%D7%AA-%D7%94%D7%A2%D7%91%D7%A8%D7%AA-%D7%A7%D7%98%D7%99%D7%A0%D7%95%D7%AA-%D7%9C%D7%9E%D7%A9%D7%9E%D7%95%D7%A8%D7%AA-%D7%90%D7%91-%D7%91%D7%91%D7%99%D7%AA-%D7%93%D7%99%D7%9F-%D7%A8%D7%91%D7%A0%D7%99/,DESKTOP,0,431,0.00%,67.6
https://jus-tice.co.il/%D7%A1%D7%9E%D7%9B%D7%95%D7%AA-%D7%94%D7%A2%D7%91%D7%A8%D7%AA-%D7%A7%D7%98%D7%99%D7%A0%D7%95%D7%AA-%D7%9C%D7%9E%D7%A9%D7%9E%D7%95%D7%A8%D7%AA-%D7%90%D7%91-%D7%91%D7%91%D7%99%D7%AA-%D7%93%D7%99%D7%9F-%D7%A8%D7%91%D7%A0%D7%99/,MOBILE,0,5,0.00%,30.8
https://jus-tice.co.il/%D7%A1%D7%A2%D7%A963705-06-19-%D7%AA%D7%91%D7%99%D7%A2%D7%94-%D7%91%D7%92%D7%99%D7%9F-%D7%A4%D7%99%D7%A6%D7%95%D7%99%D7%99-%D7%A4%D7%99%D7%98%D7%95%D7%A8%D7%99%D7%9D/,DESKTOP,0,921,0.00%,42.2
https://jus-tice.co.il/%D7%A1%D7%A2%D7%A963705-06-19-%D7%AA%D7%91%D7%99%D7%A2%D7%94-%D7%91%D7%92%D7%99%D7%9F-%D7%A4%D7%99%D7%A6%D7%95%D7%99%D7%99-%D7%A4%D7%99%D7%98%D7%95%D7%A8%D7%99%D7%9D/,MOBILE,0,135,0.00%,40.9
https://jus-tice.co.il/%D7%A1%D7%A8%D7%91%D7%A0%D7%95%D7%AA-%D7%A7%D7%A9%D7%A8-%D7%95%D7%A0%D7%99%D7%9B%D7%95%D7%A8-%D7%94%D7%95%D7%A8%D7%99-%D7%A4%D7%A1%D7%93-%D7%A9%D7%9C-%D7%94%D7%A9%D7%95%D7%A4%D7%98-%D7%90%D7%A8%D7%96-%D7%A9%D7%A0%D7%99-%D7%A2%D7%9C-%D7%AA%D7%91%D7%99%D7%A2%D7%AA-%D7%90%D7%91-%D7%9C%D7%97%D7%99%D7%93%D7%95%D7%A9-%D7%A7%D7%A9%D7%A8-%D7%A2%D7%9D-%D7%91%D7%A0%D7%95-%D7%94%D7%A7%D7%98%D7%99%D7%9F/,TABLET,0,8,0.00%,10.5
https://jus-tice.co.il/%D7%A2%D7%90-10403-04-21-%D7%A4%D7%A8%D7%95%D7%99%D7%A7%D7%98-51-%D7%91%D7%A2%D7%9E-%D7%A0-%D7%9E%D7%99%D7%A8%D7%91%D7%95-%D7%A4%D7%A8%D7%95%D7%99%D7%99%D7%A7%D7%98%D7%99%D7%9D-%D7%91%D7%A2%D7%9E/,DESKTOP,0,1843,0.00%,45.0
https://jus-tice.co.il/%D7%A2%D7%90-10403-04-21-%D7%A4%D7%A8%D7%95%D7%99%D7%A7%D7%98-51-%D7%91%D7%A2%D7%9E-%D7%A0-%D7%9E%D7%99%D7%A8%D7%91%D7%95-%D7%A4%D7%A8%D7%95%D7%99%D7%99%D7%A7%D7%98%D7%99%D7%9D-%D7%91%D7%A2%D7%9E/,MOBILE,0,29,0.00%,70.6
https://jus-tice.co.il/%D7%A2%D7%90-52301-10-20%D7%93%D7%A8%D7%95%D7%A7%D7%A8-%D7%A0-%D7%90%D7%9C%D7%99%D7%90%D7%A1%D7%99-%D7%95%D7%90%D7%97/,DESKTOP,0,857,0.00%,50.1
https://jus-tice.co.il/%D7%A2%D7%90-52301-10-20%D7%93%D7%A8%D7%95%D7%A7%D7%A8-%D7%A0-%D7%90%D7%9C%D7%99%D7%90%D7%A1%D7%99-%D7%95%D7%90%D7%97/,MOBILE,0,90,0.00%,78.1
https://jus-tice.co.il/%D7%A2%D7%90-9598/05-%D7%A4%D7%9C%D7%95%D7%A0%D7%99-%D7%A0-%D7%97%D7%91%D7%A8%D7%AA-%D7%91%D7%99%D7%98%D7%95%D7%97-%D7%94%D7%9E%D7%92%D7%9F-%D7%91%D7%A2%D7%9E/,DESKTOP,0,9,0.00%,81.8
https://jus-tice.co.il/%D7%A2%D7%90-9598/05-%D7%A4%D7%9C%D7%95%D7%A0%D7%99-%D7%A0-%D7%97%D7%91%D7%A8%D7%AA-%D7%91%D7%99%D7%98%D7%95%D7%97-%D7%94%D7%9E%D7%92%D7%9F-%D7%91%D7%A2%D7%9E/,MOBILE,0,3,0.00%,68.0
https://jus-tice.co.il/%D7%A2%D7%91%D7%99%D7%A8%D7%95%D7%AA-%D7%9E%D7%99%D7%9F-%D7%91%D7%A7%D7%98%D7%99%D7%A0%D7%94-%D7%91%D7%9E%D7%A8%D7%97%D7%91-%D7%94%D7%95%D7%95%D7%99%D7%A8%D7%98%D7%95%D7%90%D7%9C%D7%99/,DESKTOP,0,100,0.00%,56.7
https://jus-tice.co.il/%D7%A2%D7%91%D7%99%D7%A8%D7%95%D7%AA-%D7%9E%D7%99%D7%9F-%D7%91%D7%A7%D7%98%D7%99%D7%A0%D7%94-%D7%91%D7%9E%D7%A8%D7%97%D7%91-%D7%94%D7%95%D7%95%D7%99%D7%A8%D7%98%D7%95%D7%90%D7%9C%D7%99/,MOBILE,0,6,0.00%,50.0
https://jus-tice.co.il/%D7%A2%D7%95%D7%93-%D7%92%D7%99%D7%A8%D7%95%D7%A9%D7%99%D7%9F-%D7%9E%D7%95%D7%9E%D7%9C%D7%A5-%D7%9B%D7%99%D7%A6%D7%93-%D7%9C%D7%9E%D7%A6%D7%95%D7%90-%D7%A2%D7%95%D7%A8%D7%9A-%D7%93%D7%99%D7%9F-%D7%92%D7%99%D7%A8%D7%95%D7%A9%D7%99%D7%9F-%D7%95%D7%9B%D7%9E%D7%94-%D7%A2%D7%95%D7%9C%D7%94-%D7%9C%D7%94%D7%AA%D7%92%D7%A8%D7%A9/,DESKTOP,0,8393,0.00%,80.6
https://jus-tice.co.il/%D7%A2%D7%95%D7%93-%D7%92%D7%99%D7%A8%D7%95%D7%A9%D7%99%D7%9F-%D7%9E%D7%95%D7%9E%D7%9C%D7%A5-%D7%9B%D7%99%D7%A6%D7%93-%D7%9C%D7%9E%D7%A6%D7%95%D7%90-%D7%A2%D7%95%D7%A8%D7%9A-%D7%93%D7%99%D7%9F-%D7%92%D7%99%D7%A8%D7%95%D7%A9%D7%99%D7%9F-%D7%95%D7%9B%D7%9E%D7%94-%D7%A2%D7%95%D7%9C%D7%94-%D7%9C%D7%94%D7%AA%D7%92%D7%A8%D7%A9/,MOBILE,0,4499,0.00%,77.1
https://jus-tice.co.il/%D7%A2%D7%95%D7%93-%D7%92%D7%99%D7%A8%D7%95%D7%A9%D7%99%D7%9F-%D7%9E%D7%95%D7%9E%D7%9C%D7%A5-%D7%9B%D7%99%D7%A6%D7%93-%D7%9C%D7%9E%D7%A6%D7%95%D7%90-%D7%A2%D7%95%D7%A8%D7%9A-%D7%93%D7%99%D7%9F-%D7%92%D7%99%D7%A8%D7%95%D7%A9%D7%99%D7%9F-%D7%95%D7%9B%D7%9E%D7%94-%D7%A2%D7%95%D7%9C%D7%94-%D7%9C%D7%94%D7%AA%D7%92%D7%A8%D7%A9/,TABLET,0,48,0.00%,71.1
https://jus-tice.co.il/%D7%A2%D7%95%D7%93-%D7%9C%D7%99%D7%99%D7%A6%D7%95%D7%92-%D7%9E%D7%A2%D7%A1%D7%99%D7%A7%D7%99%D7%9D/%D7%98%D7%95%D7%A4%D7%A1-%D7%94%D7%A6%D7%94%D7%A8%D7%94-%D7%9C%D7%A4%D7%99-%D7%A1%D7%A2%D7%99%D7%A3-3%D7%901-%D7%9C%D7%AA%D7%A7%D7%A0%D7%95%D7%AA-%D7%A9%D7%A2%D7%AA-%D7%97%D7%99%D7%A8%D7%95%D7%9D/,DESKTOP,0,180,0.00%,68.5
https://jus-tice.co.il/%D7%A2%D7%95%D7%93-%D7%9C%D7%99%D7%99%D7%A6%D7%95%D7%92-%D7%9E%D7%A2%D7%A1%D7%99%D7%A7%D7%99%D7%9D/%D7%98%D7%95%D7%A4%D7%A1-%D7%94%D7%A6%D7%94%D7%A8%D7%94-%D7%9C%D7%A4%D7%99-%D7%A1%D7%A2%D7%99%D7%A3-3%D7%901-%D7%9C%D7%AA%D7%A7%D7%A0%D7%95%D7%AA-%D7%A9%D7%A2%D7%AA-%D7%97%D7%99%D7%A8%D7%95%D7%9D/,MOBILE,0,2,0.00%,60.5
https://jus-tice.co.il/%D7%A2%D7%95%D7%A0%D7%A9-%D7%A4%D7%9C%D7%99%D7%9C%D7%99-%D7%9C%D7%A0%D7%90%D7%A9%D7%9D-%D7%91%D7%90%D7%99%D7%A0%D7%95%D7%A1-%D7%95%D7%9E%D7%A2%D7%A9%D7%94-%D7%A1%D7%93%D7%95%D7%9D-%D7%91%D7%A7%D7%98%D7%99%D7%A0%D7%94/,TABLET,0,3,0.00%,38.0
https://jus-tice.co.il/%D7%A2%D7%95%D7%A0%D7%A9-%D7%A4%D7%9C%D7%99%D7%9C%D7%99-%D7%A0%D7%90%D7%A9%D7%9D-%D7%91%D7%A8%D7%A6%D7%97-%D7%90%D7%99%D7%A9%D7%94-%D7%91%D7%A0%D7%AA%D7%A0%D7%99%D7%94-%D7%AA%D7%A4%D7%97-4710-11-18/,DESKTOP,0,363,0.00%,57.8
https://jus-tice.co.il/%D7%A2%D7%95%D7%A0%D7%A9-%D7%A4%D7%9C%D7%99%D7%9C%D7%99-%D7%A0%D7%90%D7%A9%D7%9D-%D7%91%D7%A8%D7%A6%D7%97-%D7%90%D7%99%D7%A9%D7%94-%D7%91%D7%A0%D7%AA%D7%A0%D7%99%D7%94-%D7%AA%D7%A4%D7%97-4710-11-18/,MOBILE,0,5,0.00%,60.6
https://jus-tice.co.il/%D7%A2%D7%95%D7%A0%D7%A9-%D7%A4%D7%9C%D7%99%D7%9C%D7%99-%D7%A2%D7%9C-%D7%94%D7%A4%D7%A6%D7%AA-%D7%AA%D7%9B%D7%A0%D7%99%D7%9D-%D7%9E%D7%99%D7%A0%D7%99%D7%99%D7%9D-%D7%91%D7%98%D7%9C%D7%92%D7%A8%D7%9D-%D7%92%D7%96%D7%A8-%D7%93%D7%99%D7%9F/,DESKTOP,0,617,0.00%,62.3
https://jus-tice.co.il/%D7%A2%D7%95%D7%A0%D7%A9-%D7%A4%D7%9C%D7%99%D7%9C%D7%99-%D7%A2%D7%9C-%D7%94%D7%A4%D7%A6%D7%AA-%D7%AA%D7%9B%D7%A0%D7%99%D7%9D-%D7%9E%D7%99%D7%A0%D7%99%D7%99%D7%9D-%D7%91%D7%98%D7%9C%D7%92%D7%A8%D7%9D-%D7%92%D7%96%D7%A8-%D7%93%D7%99%D7%9F/,MOBILE,0,479,0.00%,32.6
https://jus-tice.co.il/%D7%A2%D7%95%D7%A0%D7%A9-%D7%A4%D7%9C%D7%99%D7%9C%D7%99-%D7%A2%D7%9C-%D7%94%D7%A4%D7%A6%D7%AA-%D7%AA%D7%9B%D7%A0%D7%99%D7%9D-%D7%9E%D7%99%D7%A0%D7%99%D7%99%D7%9D-%D7%91%D7%98%D7%9C%D7%92%D7%A8%D7%9D-%D7%92%D7%96%D7%A8-%D7%93%D7%99%D7%9F/,TABLET,0,6,0.00%,29.5
https://jus-tice.co.il/%D7%A2%D7%95%D7%A0%D7%A9-%D7%A4%D7%9C%D7%99%D7%9C%D7%99-%D7%AA%D7%A7%D7%99%D7%A4%D7%AA-%D7%91%D7%AA-%D7%96%D7%95%D7%92-%D7%95%D7%A2%D7%91%D7%99%D7%A8%D7%95%D7%AA-%D7%90%D7%99%D7%95%D7%9E%D7%99%D7%9D/,DESKTOP,0,3258,0.00%,51.1
https://jus-tice.co.il/%D7%A2%D7%95%D7%A0%D7%A9-%D7%A4%D7%9C%D7%99%D7%9C%D7%99-%D7%AA%D7%A7%D7%99%D7%A4%D7%AA-%D7%91%D7%AA-%D7%96%D7%95%D7%92-%D7%95%D7%A2%D7%91%D7%99%D7%A8%D7%95%D7%AA-%D7%90%D7%99%D7%95%D7%9E%D7%99%D7%9D/,MOBILE,0,145,0.00%,61.9
https://jus-tice.co.il/%D7%A2%D7%95%D7%A8%D7%9A-%D7%93%D7%99%D7%9F-%D7%90%D7%99%D7%A0%D7%98%D7%A8%D7%A4%D7%95%D7%9C/,DESKTOP,0,873,0.00%,29.8
https://jus-tice.co.il/%D7%A2%D7%95%D7%A8%D7%9A-%D7%93%D7%99%D7%9F-%D7%90%D7%99%D7%A0%D7%98%D7%A8%D7%A4%D7%95%D7%9C/,MOBILE,0,57,0.00%,21.5
https://jus-tice.co.il/%D7%A2%D7%95%D7%A8%D7%9A-%D7%93%D7%99%D7%9F-%D7%93%D7%95%D7%91%D7%A8-%D7%A6%D7%A8%D7%A4%D7%AA%D7%99%D7%AA-%D7%A0%D7%93%D7%9C%D7%9F-%D7%91%D7%99%D7%A9%D7%A8%D7%90%D7%9C/,DESKTOP,0,13,0.00%,70.2
https://jus-tice.co.il/%D7%A2%D7%95%D7%A8%D7%9A-%D7%93%D7%99%D7%9F-%D7%99%D7%95%D7%A8%D7%95%D7%A4%D7%95%D7%9C/,DESKTOP,0,549,0.00%,13.0
https://jus-tice.co.il/%D7%A2%D7%95%D7%A8%D7%9A-%D7%93%D7%99%D7%9F-%D7%99%D7%95%D7%A8%D7%95%D7%A4%D7%95%D7%9C/,TABLET,0,1,0.00%,9.0
https://jus-tice.co.il/%D7%A2%D7%95%D7%A8%D7%9A-%D7%93%D7%99%D7%9F-%D7%9C%D7%A2%D7%A0%D7%99%D7%99%D7%A0%D7%99-%D7%92%D7%99%D7%A8%D7%95%D7%A9%D7%99%D7%9F/,DESKTOP,0,10,0.00%,69.4
https://jus-tice.co.il/%D7%A2%D7%95%D7%A8%D7%9A-%D7%93%D7%99%D7%9F-%D7%9C%D7%A2%D7%A0%D7%99%D7%99%D7%A0%D7%99-%D7%92%D7%99%D7%A8%D7%95%D7%A9%D7%99%D7%9F/,MOBILE,0,4,0.00%,72.3
https://jus-tice.co.il/%D7%A2%D7%95%D7%A8%D7%9A-%D7%93%D7%99%D7%9F-%D7%9E%D7%95%D7%9E%D7%9C%D7%A5-%D7%9E%D7%94%D7%99-%D7%A8%D7%A9%D7%9C%D7%A0%D7%95%D7%AA-%D7%A2%D7%95%D7%95%D7%9C%D7%AA-%D7%94%D7%A8%D7%A9%D7%9C%D7%A0%D7%95%D7%AA/,TABLET,0,2,0.00%,7.5
https://jus-tice.co.il/%D7%A2%D7%95%D7%A8%D7%9A-%D7%93%D7%99%D7%9F-%D7%9E%D7%A9%D7%A4%D7%98-%D7%91%D7%99%D7%A0%D7%9C%D7%90%D7%95%D7%9E%D7%99/,DESKTOP,0,6361,0.00%,26.6
https://jus-tice.co.il/%D7%A2%D7%95%D7%A8%D7%9A-%D7%93%D7%99%D7%9F-%D7%9E%D7%A9%D7%A4%D7%98-%D7%91%D7%99%D7%A0%D7%9C%D7%90%D7%95%D7%9E%D7%99/,MOBILE,0,291,0.00%,27.9
https://jus-tice.co.il/%D7%A2%D7%95%D7%A8%D7%9A-%D7%93%D7%99%D7%9F-%D7%9E%D7%A9%D7%A4%D7%98-%D7%91%D7%99%D7%A0%D7%9C%D7%90%D7%95%D7%9E%D7%99/,TABLET,0,6,0.00%,26.0
https://jus-tice.co.il/%D7%A2%D7%95%D7%A8%D7%9A-%D7%93%D7%99%D7%9F-%D7%A4%D7%95%D7%A8%D7%A7%D7%A1-forex/,MOBILE,0,980,0.00%,34.7
https://jus-tice.co.il/%D7%A2%D7%95%D7%A8%D7%9A-%D7%93%D7%99%D7%9F-%D7%A4%D7%95%D7%A8%D7%A7%D7%A1-forex/,TABLET,0,1,0.00%,95.0
https://jus-tice.co.il/%D7%A2%D7%95%D7%A8%D7%9A-%D7%93%D7%99%D7%9F-%D7%A4%D7%9C%D7%99%D7%9C%D7%99-%D7%90%D7%99%D7%A8%D7%95%D7%A4%D7%94-%D7%94%D7%92%D7%A0%D7%94-%D7%A4%D7%9C%D7%99%D7%9C%D7%99%D7%AA-%D7%99%D7%A2%D7%99%D7%9C%D7%94-%D7%9E%D7%96%D7%A8%D7%97-%D7%90%D7%99%D7%A8%D7%95%D7%A4%D7%94/,DESKTOP,0,850,0.00%,57.2
https://jus-tice.co.il/%D7%A2%D7%95%D7%A8%D7%9A-%D7%93%D7%99%D7%9F-%D7%A4%D7%9C%D7%99%D7%9C%D7%99-%D7%90%D7%99%D7%A8%D7%95%D7%A4%D7%94-%D7%94%D7%92%D7%A0%D7%94-%D7%A4%D7%9C%D7%99%D7%9C%D7%99%D7%AA-%D7%99%D7%A2%D7%99%D7%9C%D7%94-%D7%9E%D7%96%D7%A8%D7%97-%D7%90%D7%99%D7%A8%D7%95%D7%A4%D7%94/,MOBILE,0,29,0.00%,51.2
https://jus-tice.co.il/%D7%A2%D7%95%D7%A8%D7%9A-%D7%93%D7%99%D7%9F-%D7%A4%D7%9C%D7%99%D7%9C%D7%99-%D7%91%D7%AA%D7%9C-%D7%90%D7%91%D7%99%D7%91-%D7%A2%D7%95%D7%93-%D7%A4%D7%9C%D7%99%D7%9C%D7%99-%D7%9E%D7%95%D7%9E%D7%9C%D7%A5-%D7%91%D7%AA%D7%90-%D7%95%D7%94%D7%9E%D7%A8%D7%9B%D7%96/,DESKTOP,0,6045,0.00%,71.8
https://jus-tice.co.il/%D7%A2%D7%95%D7%A8%D7%9A-%D7%93%D7%99%D7%9F-%D7%A4%D7%9C%D7%99%D7%9C%D7%99-%D7%91%D7%AA%D7%9C-%D7%90%D7%91%D7%99%D7%91-%D7%A2%D7%95%D7%93-%D7%A4%D7%9C%D7%99%D7%9C%D7%99-%D7%9E%D7%95%D7%9E%D7%9C%D7%A5-%D7%91%D7%AA%D7%90-%D7%95%D7%94%D7%9E%D7%A8%D7%9B%D7%96/,MOBILE,0,500,0.00%,71.5
https://jus-tice.co.il/%D7%A2%D7%95%D7%A8%D7%9A-%D7%93%D7%99%D7%9F-%D7%A4%D7%9C%D7%99%D7%9C%D7%99-%D7%91%D7%AA%D7%9C-%D7%90%D7%91%D7%99%D7%91-%D7%A2%D7%95%D7%93-%D7%A4%D7%9C%D7%99%D7%9C%D7%99-%D7%9E%D7%95%D7%9E%D7%9C%D7%A5-%D7%91%D7%AA%D7%90-%D7%95%D7%94%D7%9E%D7%A8%D7%9B%D7%96/,TABLET,0,3,0.00%,37.0
https://jus-tice.co.il/%D7%A2%D7%95%D7%A8%D7%9A-%D7%93%D7%99%D7%9F-%D7%A4%D7%9C%D7%99%D7%9C%D7%99-%D7%94%D7%9B%D7%99-%D7%98%D7%95%D7%91-%D7%91%D7%90%D7%A8%D7%A5/,MOBILE,0,1137,0.00%,43.5
https://jus-tice.co.il/%D7%A2%D7%95%D7%A8%D7%9A-%D7%93%D7%99%D7%9F-%D7%A4%D7%9C%D7%99%D7%9C%D7%99-%D7%94%D7%9B%D7%99-%D7%98%D7%95%D7%91-%D7%91%D7%90%D7%A8%D7%A5/,TABLET,0,2,0.00%,66.0
https://jus-tice.co.il/%D7%A2%D7%95%D7%A8%D7%9A-%D7%93%D7%99%D7%9F-%D7%A4%D7%9C%D7%99%D7%9C%D7%99-%D7%99%D7%95%D7%A6%D7%90-%D7%A4%D7%A8%D7%A7%D7%9C%D7%99%D7%98%D7%95%D7%AA-%D7%94%D7%9E%D7%9C%D7%A6%D7%95%D7%AA-%D7%A2%D7%95%D7%93-%D7%A4%D7%9C%D7%99%D7%9C%D7%99-%D7%AA%D7%91%D7%99%D7%A2%D7%95%D7%AA/,MOBILE,0,84,0.00%,27.6
https://jus-tice.co.il/%D7%A2%D7%95%D7%A8%D7%9A-%D7%93%D7%99%D7%9F-%D7%A4%D7%9C%D7%99%D7%9C%D7%99-%D7%9E%D7%A4%D7%95%D7%A8%D7%A1%D7%9D-%D7%A2%D7%95%D7%93-%D7%A4%D7%9C%D7%99%D7%9C%D7%99-%D7%9E%D7%A4%D7%95%D7%A8%D7%A1%D7%9D-%D7%91%D7%99%D7%A9%D7%A8%D7%90%D7%9C/,TABLET,0,8,0.00%,72.8
https://jus-tice.co.il/%D7%A2%D7%95%D7%A8%D7%9A-%D7%93%D7%99%D7%9F-%D7%A4%D7%9C%D7%99%D7%9C%D7%99-%D7%A1%D7%9E%D7%99%D7%9D-%D7%94%D7%9E%D7%9C%D7%A6%D7%95%D7%AA-%D7%A2%D7%95%D7%93-%D7%A4%D7%9C%D7%99%D7%9C%D7%99-%D7%9C%D7%A2%D7%91%D7%99%D7%A8%D7%95%D7%AA-%D7%A1%D7%9E%D7%99%D7%9D/,DESKTOP,0,6463,0.00%,51.0
https://jus-tice.co.il/%D7%A2%D7%95%D7%A8%D7%9A-%D7%93%D7%99%D7%9F-%D7%A4%D7%9C%D7%99%D7%9C%D7%99-%D7%A1%D7%9E%D7%99%D7%9D-%D7%94%D7%9E%D7%9C%D7%A6%D7%95%D7%AA-%D7%A2%D7%95%D7%93-%D7%A4%D7%9C%D7%99%D7%9C%D7%99-%D7%9C%D7%A2%D7%91%D7%99%D7%A8%D7%95%D7%AA-%D7%A1%D7%9E%D7%99%D7%9D/,MOBILE,0,311,0.00%,59.5
https://jus-tice.co.il/%D7%A2%D7%95%D7%A8%D7%9A-%D7%93%D7%99%D7%9F-%D7%A4%D7%9C%D7%99%D7%9C%D7%99-%D7%A1%D7%9E%D7%99%D7%9D-%D7%94%D7%9E%D7%9C%D7%A6%D7%95%D7%AA-%D7%A2%D7%95%D7%93-%D7%A4%D7%9C%D7%99%D7%9C%D7%99-%D7%9C%D7%A2%D7%91%D7%99%D7%A8%D7%95%D7%AA-%D7%A1%D7%9E%D7%99%D7%9D/,TABLET,0,3,0.00%,79.0
https://jus-tice.co.il/%D7%A2%D7%95%D7%A8%D7%9A-%D7%93%D7%99%D7%9F-%D7%A4%D7%9C%D7%99%D7%9C%D7%99-%D7%A1%D7%A8%D7%99-%D7%9C%D7%A0%D7%A7%D7%94-%D7%99%D7%99%D7%A6%D7%95%D7%92-%D7%A2%D7%95%D7%A8%D7%9A-%D7%93%D7%99%D7%9F-%D7%91%D7%A1%D7%A8%D7%99-%D7%9C%D7%A0%D7%A7%D7%94/,DESKTOP,0,84,0.00%,56.8
https://jus-tice.co.il/%D7%A2%D7%95%D7%A8%D7%9A-%D7%93%D7%99%D7%9F-%D7%A4%D7%9C%D7%99%D7%9C%D7%99-%D7%A1%D7%A8%D7%99-%D7%9C%D7%A0%D7%A7%D7%94-%D7%99%D7%99%D7%A6%D7%95%D7%92-%D7%A2%D7%95%D7%A8%D7%9A-%D7%93%D7%99%D7%9F-%D7%91%D7%A1%D7%A8%D7%99-%D7%9C%D7%A0%D7%A7%D7%94/,MOBILE,0,3,0.00%,29.3
https://jus-tice.co.il/%D7%A2%D7%95%D7%A8%D7%9A-%D7%93%D7%99%D7%9F-%D7%A4%D7%9C%D7%99%D7%9C%D7%99-%D7%A9%D7%9B%D7%A8-%D7%9B%D7%9E%D7%94-%D7%9E%D7%A8%D7%95%D7%95%D7%99%D7%97-%D7%A2%D7%95%D7%93-%D7%A4%D7%9C%D7%99%D7%9C%D7%99-%D7%91%D7%99%D7%A9%D7%A8%D7%90%D7%9C/,TABLET,0,5,0.00%,8.8
https://jus-tice.co.il/%D7%A2%D7%95%D7%A8%D7%9A-%D7%93%D7%99%D7%9F-%D7%A4%D7%9C%D7%99%D7%9C%D7%99-%D7%AA%D7%95%D7%AA%D7%97/,TABLET,0,3,0.00%,61.0
https://jus-tice.co.il/%D7%A2%D7%95%D7%A8%D7%9A-%D7%93%D7%99%D7%9F-%D7%A6%D7%91%D7%90%D7%99/,TABLET,0,1,0.00%,21.0
https://jus-tice.co.il/%D7%A2%D7%95%D7%A8%D7%9A-%D7%93%D7%99%D7%9F-%D7%A6%D7%95%D7%95%D7%90%D7%95%D7%AA-%D7%95%D7%99%D7%A8%D7%95%D7%A9%D7%95%D7%AA/,DESKTOP,0,313,0.00%,50.6
https://jus-tice.co.il/%D7%A2%D7%95%D7%A8%D7%9A-%D7%93%D7%99%D7%9F-%D7%A6%D7%95%D7%95%D7%90%D7%95%D7%AA-%D7%95%D7%99%D7%A8%D7%95%D7%A9%D7%95%D7%AA/,MOBILE,0,7,0.00%,31.1
https://jus-tice.co.il/%D7%A2%D7%95%D7%A8%D7%9A-%D7%93%D7%99%D7%9F-%D7%A8%D7%99%D7%A9%D7%95%D7%99-%D7%A2%D7%A1%D7%A7%D7%99%D7%9D/,DESKTOP,0,2085,0.00%,48.6
https://jus-tice.co.il/%D7%A2%D7%95%D7%A8%D7%9A-%D7%93%D7%99%D7%9F-%D7%A8%D7%99%D7%A9%D7%95%D7%99-%D7%A2%D7%A1%D7%A7%D7%99%D7%9D/,MOBILE,0,182,0.00%,49.3
https://jus-tice.co.il/%D7%A2%D7%95%D7%A8%D7%9A-%D7%93%D7%99%D7%9F-%D7%A8%D7%99%D7%A9%D7%95%D7%99-%D7%A2%D7%A1%D7%A7%D7%99%D7%9D/,TABLET,0,6,0.00%,93.7
https://jus-tice.co.il/%D7%A2%D7%95%D7%A8%D7%9A-%D7%93%D7%99%D7%9F-%D7%A8%D7%A9%D7%9C%D7%A0%D7%95%D7%AA-%D7%91%D7%A0%D7%99%D7%AA%D7%95%D7%97-%D7%A4%D7%9C%D7%A1%D7%98%D7%99-%D7%94%D7%9E%D7%9C%D7%A6%D7%95%D7%AA-%D7%A2%D7%95%D7%93-%D7%A8%D7%A9%D7%9C%D7%A0%D7%95%D7%AA-%D7%A0%D7%99%D7%AA%D7%95%D7%97-%D7%A4%D7%9C%D7%A1%D7%98%D7%99/,DESKTOP,0,2062,0.00%,72.1
https://jus-tice.co.il/%D7%A2%D7%95%D7%A8%D7%9A-%D7%93%D7%99%D7%9F-%D7%A8%D7%A9%D7%9C%D7%A0%D7%95%D7%AA-%D7%91%D7%A0%D7%99%D7%AA%D7%95%D7%97-%D7%A4%D7%9C%D7%A1%D7%98%D7%99-%D7%94%D7%9E%D7%9C%D7%A6%D7%95%D7%AA-%D7%A2%D7%95%D7%93-%D7%A8%D7%A9%D7%9C%D7%A0%D7%95%D7%AA-%D7%A0%D7%99%D7%AA%D7%95%D7%97-%D7%A4%D7%9C%D7%A1%D7%98%D7%99/,MOBILE,0,225,0.00%,84.9
https://jus-tice.co.il/%D7%A2%D7%95%D7%A8%D7%9A-%D7%93%D7%99%D7%9F-%D7%A8%D7%A9%D7%9C%D7%A0%D7%95%D7%AA-%D7%91%D7%A0%D7%99%D7%AA%D7%95%D7%97-%D7%A4%D7%9C%D7%A1%D7%98%D7%99-%D7%94%D7%9E%D7%9C%D7%A6%D7%95%D7%AA-%D7%A2%D7%95%D7%93-%D7%A8%D7%A9%D7%9C%D7%A0%D7%95%D7%AA-%D7%A0%D7%99%D7%AA%D7%95%D7%97-%D7%A4%D7%9C%D7%A1%D7%98%D7%99/,TABLET,0,1,0.00%,96.0
https://jus-tice.co.il/%D7%A2%D7%95%D7%A8%D7%9A-%D7%93%D7%99%D7%9F-%D7%A8%D7%A9%D7%9C%D7%A0%D7%95%D7%AA-%D7%A8%D7%A4%D7%95%D7%90%D7%99%D7%AA-%D7%91%D7%9C%D7%99%D7%93%D7%94-%D7%9E%D7%95%D7%9E%D7%9C%D7%A5/,DESKTOP,0,22051,0.00%,61.0
https://jus-tice.co.il/%D7%A2%D7%95%D7%A8%D7%9A-%D7%93%D7%99%D7%9F-%D7%A8%D7%A9%D7%9C%D7%A0%D7%95%D7%AA-%D7%A8%D7%A4%D7%95%D7%90%D7%99%D7%AA-%D7%91%D7%9C%D7%99%D7%93%D7%94-%D7%9E%D7%95%D7%9E%D7%9C%D7%A5/,MOBILE,0,4387,0.00%,63.4
https://jus-tice.co.il/%D7%A2%D7%95%D7%A8%D7%9A-%D7%93%D7%99%D7%9F-%D7%A8%D7%A9%D7%9C%D7%A0%D7%95%D7%AA-%D7%A8%D7%A4%D7%95%D7%90%D7%99%D7%AA-%D7%91%D7%9C%D7%99%D7%93%D7%94-%D7%9E%D7%95%D7%9E%D7%9C%D7%A5/,TABLET,0,3,0.00%,72.7
https://jus-tice.co.il/%D7%A2%D7%95%D7%A8%D7%9A-%D7%93%D7%99%D7%9F-%D7%AA%D7%90%D7%99%D7%9C%D7%93/,DESKTOP,0,1,0.00%,3.0
https://jus-tice.co.il/%D7%A2%D7%95%D7%A8%D7%9A-%D7%93%D7%99%D7%9F-%D7%AA%D7%90%D7%99%D7%9C%D7%A0%D7%93/,DESKTOP,0,864,0.00%,12.1
https://jus-tice.co.il/%D7%A2%D7%95%D7%A8%D7%9A-%D7%93%D7%99%D7%9F-%D7%AA%D7%90%D7%99%D7%9C%D7%A0%D7%93/,TABLET,0,2,0.00%,5.0
https://jus-tice.co.il/%D7%A2%D7%95%D7%A8%D7%9B%D7%99-%D7%93%D7%99%D7%9F-%D7%9E%D7%95%D7%91%D7%99%D7%9C%D7%99%D7%9D-%D7%91%D7%AA%D7%97%D7%95%D7%9D-%D7%A8%D7%A9%D7%9C%D7%A0%D7%95%D7%AA-%D7%A8%D7%A4%D7%95%D7%90%D7%99%D7%AA-%D7%91%D7%A2%D7%95%D7%9C%D7%9D/,DESKTOP,0,14638,0.00%,65.7
https://jus-tice.co.il/%D7%A2%D7%95%D7%A8%D7%9B%D7%99-%D7%93%D7%99%D7%9F-%D7%9E%D7%95%D7%91%D7%99%D7%9C%D7%99%D7%9D-%D7%91%D7%AA%D7%97%D7%95%D7%9D-%D7%A8%D7%A9%D7%9C%D7%A0%D7%95%D7%AA-%D7%A8%D7%A4%D7%95%D7%90%D7%99%D7%AA-%D7%91%D7%A2%D7%95%D7%9C%D7%9D/,MOBILE,0,1328,0.00%,65.9
https://jus-tice.co.il/%D7%A2%D7%95%D7%A8%D7%9B%D7%99-%D7%93%D7%99%D7%9F-%D7%9E%D7%95%D7%91%D7%99%D7%9C%D7%99%D7%9D-%D7%91%D7%AA%D7%97%D7%95%D7%9D-%D7%A8%D7%A9%D7%9C%D7%A0%D7%95%D7%AA-%D7%A8%D7%A4%D7%95%D7%90%D7%99%D7%AA-%D7%91%D7%A2%D7%95%D7%9C%D7%9D/,TABLET,0,2,0.00%,73.5
https://jus-tice.co.il/%D7%A2%D7%95%D7%A8%D7%9B%D7%99-%D7%93%D7%99%D7%9F-%D7%A4%D7%9C%D7%99%D7%9C%D7%99%D7%99%D7%9D-%D7%9E%D7%A4%D7%95%D7%A8%D7%A1%D7%9E%D7%99%D7%9D-%D7%91%D7%9E%D7%93%D7%99%D7%94-%D7%A1%D7%A8%D7%98%D7%99%D7%9D-%D7%95%D7%98%D7%9C%D7%95%D7%95%D7%99%D7%96%D7%99%D7%94/,DESKTOP,0,1588,0.00%,66.4
https://jus-tice.co.il/%D7%A2%D7%95%D7%A8%D7%9B%D7%99-%D7%93%D7%99%D7%9F-%D7%A4%D7%9C%D7%99%D7%9C%D7%99%D7%99%D7%9D-%D7%9E%D7%A4%D7%95%D7%A8%D7%A1%D7%9E%D7%99%D7%9D-%D7%91%D7%9E%D7%93%D7%99%D7%94-%D7%A1%D7%A8%D7%98%D7%99%D7%9D-%D7%95%D7%98%D7%9C%D7%95%D7%95%D7%99%D7%96%D7%99%D7%94/,MOBILE,0,63,0.00%,63.3
https://jus-tice.co.il/%D7%A2%D7%95%D7%A8%D7%9B%D7%99-%D7%93%D7%99%D7%9F/,DESKTOP,0,14,0.00%,23.0
https://jus-tice.co.il/%D7%A2%D7%95%D7%A8%D7%9B%D7%99-%D7%93%D7%99%D7%9F/,MOBILE,0,4,0.00%,1.3
https://jus-tice.co.il/%D7%A2%D7%95%D7%A8%D7%9B%D7%99-%D7%93%D7%99%D7%9F/%D7%A2%D7%95%D7%93-%D7%92%D7%99%D7%90-%D7%A4%D7%A8%D7%A5/,DESKTOP,0,88,0.00%,42.1
https://jus-tice.co.il/%D7%A2%D7%95%D7%A8%D7%9B%D7%99-%D7%93%D7%99%D7%9F/%D7%A2%D7%95%D7%93-%D7%93%D7%A0%D7%99%D7%90%D7%9C-%D7%90%D7%A9%D7%9B%D7%A0%D7%96%D7%99/,DESKTOP,0,5,0.00%,13.4
https://jus-tice.co.il/%D7%A2%D7%95%D7%A8%D7%9B%D7%99-%D7%93%D7%99%D7%9F/%D7%A2%D7%95%D7%93-%D7%93%D7%A0%D7%99%D7%90%D7%9C-%D7%90%D7%A9%D7%9B%D7%A0%D7%96%D7%99/,MOBILE,0,21,0.00%,8.6
https://jus-tice.co.il/%D7%A2%D7%95%D7%A8%D7%9B%D7%99-%D7%93%D7%99%D7%9F/%D7%A2%D7%95%D7%93-%D7%99%D7%95%D7%A1%D7%99-%D7%9C%D7%95%D7%99/,DESKTOP,0,45,0.00%,9.6
https://jus-tice.co.il/%D7%A2%D7%95%D7%A8%D7%9B%D7%99-%D7%93%D7%99%D7%9F/%D7%A2%D7%95%D7%93-%D7%99%D7%95%D7%A1%D7%99-%D7%9C%D7%95%D7%99/,MOBILE,0,7,0.00%,20.6
https://jus-tice.co.il/%D7%A2%D7%95%D7%A8%D7%9B%D7%99-%D7%93%D7%99%D7%9F/%D7%A2%D7%95%D7%93-%D7%9E%D7%A8%D7%99%D7%9D-%D7%9B%D7%94%D7%9F/,DESKTOP,0,5,0.00%,55.4
https://jus-tice.co.il/%D7%A2%D7%95%D7%A8%D7%9B%D7%99-%D7%93%D7%99%D7%9F/%D7%A2%D7%95%D7%93-%D7%9E%D7%A8%D7%99%D7%9D-%D7%9B%D7%94%D7%9F/,MOBILE,0,2,0.00%,52.5
https://jus-tice.co.il/%D7%A2%D7%95%D7%A8%D7%9B%D7%99-%D7%93%D7%99%D7%9F/%D7%A2%D7%95%D7%A8%D7%9B%D7%99-%D7%93%D7%99%D7%9F-%D7%91%D7%AA%D7%97%D7%95%D7%9D-%D7%94%D7%A0%D7%96%D7%99%D7%A7%D7%99%D7%9F/,DESKTOP,0,899,0.00%,76.6
https://jus-tice.co.il/%D7%A2%D7%95%D7%A8%D7%9B%D7%99-%D7%93%D7%99%D7%9F/%D7%A2%D7%95%D7%A8%D7%9B%D7%99-%D7%93%D7%99%D7%9F-%D7%91%D7%AA%D7%97%D7%95%D7%9D-%D7%94%D7%A0%D7%96%D7%99%D7%A7%D7%99%D7%9F/,MOBILE,0,142,0.00%,82.5
https://jus-tice.co.il/%D7%A2%D7%95%D7%A8%D7%9B%D7%99-%D7%93%D7%99%D7%9F/%D7%A2%D7%95%D7%A8%D7%9B%D7%99-%D7%94%D7%93%D7%99%D7%9F-%D7%94%D7%9E%D7%A4%D7%95%D7%A8%D7%A1%D7%9E%D7%99%D7%9D-%D7%91%D7%99%D7%95%D7%AA%D7%A8-%D7%9C%D7%94%D7%92%D7%A0%D7%94-%D7%A4%D7%9C%D7%99%D7%9C/,TABLET,0,10,0.00%,19.2
https://jus-tice.co.il/%D7%A2%D7%95%D7%A8%D7%9B%D7%99-%D7%93%D7%99%D7%9F/%D7%A2%D7%95%D7%A8%D7%9B%D7%AA-%D7%93%D7%99%D7%9F-%D7%9E%D7%90%D7%99%D7%94-%D7%A8%D7%95%D7%98%D7%A0%D7%91%D7%A8%D7%92,DESKTOP,0,4033,0.00%,36.1
https://jus-tice.co.il/%D7%A2%D7%95%D7%A8%D7%9B%D7%99-%D7%93%D7%99%D7%9F/%D7%A2%D7%95%D7%A8%D7%9B%D7%AA-%D7%93%D7%99%D7%9F-%D7%9E%D7%90%D7%99%D7%94-%D7%A8%D7%95%D7%98%D7%A0%D7%91%D7%A8%D7%92,MOBILE,0,1019,0.00%,46.3
https://jus-tice.co.il/%D7%A2%D7%95%D7%A8%D7%9B%D7%99-%D7%93%D7%99%D7%9F/%D7%A2%D7%95%D7%A8%D7%9B%D7%AA-%D7%93%D7%99%D7%9F-%D7%9E%D7%90%D7%99%D7%94-%D7%A8%D7%95%D7%98%D7%A0%D7%91%D7%A8%D7%92/,TABLET,0,107,0.00%,51.3
https://jus-tice.co.il/%D7%A2%D7%95%D7%A8%D7%9B%D7%99-%D7%93%D7%99%D7%9F/10-%D7%94%D7%98%D7%99%D7%A4%D7%99%D7%9D-%D7%94%D7%98%D7%95%D7%91%D7%99%D7%9D-%D7%91%D7%99%D7%95%D7%AA%D7%A8-%D7%9C%D7%A9%D7%9B%D7%99%D7%A8%D7%AA-%D7%A2%D7%95%D7%A8%D7%9A-%D7%93%D7%99%D7%9F/,DESKTOP,0,218,0.00%,70.3
https://jus-tice.co.il/%D7%A2%D7%95%D7%A8%D7%9B%D7%99-%D7%93%D7%99%D7%9F/10-%D7%94%D7%98%D7%99%D7%A4%D7%99%D7%9D-%D7%94%D7%98%D7%95%D7%91%D7%99%D7%9D-%D7%91%D7%99%D7%95%D7%AA%D7%A8-%D7%9C%D7%A9%D7%9B%D7%99%D7%A8%D7%AA-%D7%A2%D7%95%D7%A8%D7%9A-%D7%93%D7%99%D7%9F/,MOBILE,0,22,0.00%,69.5
https://jus-tice.co.il/%D7%A2%D7%95%D7%A8%D7%9B%D7%AA-%D7%93%D7%99%D7%9F-%D7%92%D7%90%D7%A1%D7%98%D7%99%D7%A1-%D7%99%D7%A9%D7%A8%D7%90%D7%9C/,MOBILE,0,5,0.00%,1.4
https://jus-tice.co.il/%D7%A2%D7%95%D7%A8%D7%9B%D7%AA-%D7%93%D7%99%D7%9F-%D7%92%D7%90%D7%A1%D7%98%D7%99%D7%A1-%D7%99%D7%A9%D7%A8%D7%90%D7%9C/,TABLET,0,1,0.00%,1.0
https://jus-tice.co.il/%D7%A2%D7%9E%D7%93%D7%AA-%D7%A0%D7%A4%D7%92%D7%A2-%D7%A2%D7%91%D7%99%D7%A8%D7%94-%D7%9C%D7%95%D7%A2%D7%93%D7%AA-%D7%A9%D7%97%D7%A8%D7%95%D7%A8%D7%99%D7%9D-%D7%9C%D7%A4%D7%99-%D7%97%D7%95%D7%A7-%D7%96%D7%9B%D7%95%D7%99%D7%95%D7%AA-%D7%A0%D7%A4%D7%92%D7%A2%D7%99-%D7%A2%D7%91%D7%99%D7%A8%D7%94/,DESKTOP,0,449,0.00%,64.1
https://jus-tice.co.il/%D7%A2%D7%9E%D7%93%D7%AA-%D7%A0%D7%A4%D7%92%D7%A2-%D7%A2%D7%91%D7%99%D7%A8%D7%94-%D7%9C%D7%95%D7%A2%D7%93%D7%AA-%D7%A9%D7%97%D7%A8%D7%95%D7%A8%D7%99%D7%9D-%D7%9C%D7%A4%D7%99-%D7%97%D7%95%D7%A7-%D7%96%D7%9B%D7%95%D7%99%D7%95%D7%AA-%D7%A0%D7%A4%D7%92%D7%A2%D7%99-%D7%A2%D7%91%D7%99%D7%A8%D7%94/,MOBILE,0,5,0.00%,54.6
https://jus-tice.co.il/%D7%A2%D7%9E%D7%A9-61566-03-22/,DESKTOP,0,69,0.00%,41.6
https://jus-tice.co.il/%D7%A2%D7%9E%D7%A9-61566-03-22/,MOBILE,0,5,0.00%,29.4
https://jus-tice.co.il/%D7%A2%D7%9E%D7%AA20794-07-22%D7%9E%D7%93%D7%99%D7%A0%D7%AA-%D7%99%D7%A9%D7%A8%D7%90%D7%9C-%D7%A0-%D7%AA%D7%9E%D7%9D%D7%A2%D7%A6%D7%99%D7%A8/,TABLET,0,2,0.00%,6.0
https://jus-tice.co.il/%D7%A2%D7%9E-2007929-%D7%92%D7%90%D7%A0%D7%9D-%D7%A0-%D7%9E%D7%9E%D7%95%D7%A0%D7%94-%D7%90%D7%96%D7%95%D7%A8%D7%99-%D7%9E%D7%A2%D7%9E-%D7%98%D7%91%D7%A8%D7%99%D7%94/,DESKTOP,0,41,0.00%,12.2
https://jus-tice.co.il/%D7%A2%D7%9E-2007929-%D7%92%D7%90%D7%A0%D7%9D-%D7%A0-%D7%9E%D7%9E%D7%95%D7%A0%D7%94-%D7%90%D7%96%D7%95%D7%A8%D7%99-%D7%9E%D7%A2%D7%9E-%D7%98%D7%91%D7%A8%D7%99%D7%94/,MOBILE,0,4,0.00%,33.0
https://jus-tice.co.il/%D7%A2%D7%9E-24711-05-20-%D7%91%D7%A8%D7%95%D7%9F-%D7%9B%D7%90-%D7%91%D7%A2%D7%9E-%D7%A0-%D7%A8%D7%A9%D7%95%D7%AA-%D7%94%D7%9E%D7%99%D7%A1%D7%99%D7%9D-%D7%91%D7%99%D7%A9%D7%A8%D7%90%D7%9C-%D7%9E%D7%A1-%D7%A2%D7%A8%D7%9A-%D7%9E%D7%95%D7%A1%D7%A3/,DESKTOP,0,623,0.00%,61.2
https://jus-tice.co.il/%D7%A2%D7%9E-24711-05-20-%D7%91%D7%A8%D7%95%D7%9F-%D7%9B%D7%90-%D7%91%D7%A2%D7%9E-%D7%A0-%D7%A8%D7%A9%D7%95%D7%AA-%D7%94%D7%9E%D7%99%D7%A1%D7%99%D7%9D-%D7%91%D7%99%D7%A9%D7%A8%D7%90%D7%9C-%D7%9E%D7%A1-%D7%A2%D7%A8%D7%9A-%D7%9E%D7%95%D7%A1%D7%A3/,MOBILE,0,3,0.00%,58.7
https://jus-tice.co.il/%D7%A2%D7%9E-38294-02-19-%D7%A1%D7%99%D7%99%D7%93%D7%94-%D7%A0-%D7%A4%D7%A7%D7%99%D7%93-%D7%A9%D7%95%D7%9E%D7%94-%D7%91%D7%90%D7%A8-%D7%A9%D7%91%D7%A2/,DESKTOP,0,782,0.00%,59.2
https://jus-tice.co.il/%D7%A2%D7%9E-38294-02-19-%D7%A1%D7%99%D7%99%D7%93%D7%94-%D7%A0-%D7%A4%D7%A7%D7%99%D7%93-%D7%A9%D7%95%D7%9E%D7%94-%D7%91%D7%90%D7%A8-%D7%A9%D7%91%D7%A2/,MOBILE,0,167,0.00%,61.3
https://jus-tice.co.il/%D7%A2%D7%9E-49933-03-20/,DESKTOP,0,145,0.00%,19.5
https://jus-tice.co.il/%D7%A2%D7%A0%D7%94-%D7%A9%D7%9C-%D7%A9%D7%95%D7%9B%D7%A8-%D7%A2%D7%A1%D7%A7-%D7%9B%D7%99-%D7%94%D7%9E%D7%A9%D7%9B%D7%99%D7%A8-%D7%91%D7%99%D7%98%D7%9C-%D7%90%D7%AA-%D7%94%D7%A1%D7%9B%D7%9D-%D7%94%D7%A9%D7%9B%D7%99%D7%A8%D7%95%D7%AA-%D7%9C%D7%9C%D7%90-%D7%94%D7%A1%D7%9B%D7%9E%D7%AA%D7%95/,DESKTOP,0,48,0.00%,63.5
https://jus-tice.co.il/%D7%A2%D7%A0%D7%94-%D7%A9%D7%9C-%D7%A9%D7%95%D7%9B%D7%A8-%D7%A2%D7%A1%D7%A7-%D7%9B%D7%99-%D7%94%D7%9E%D7%A9%D7%9B%D7%99%D7%A8-%D7%91%D7%99%D7%98%D7%9C-%D7%90%D7%AA-%D7%94%D7%A1%D7%9B%D7%9D-%D7%94%D7%A9%D7%9B%D7%99%D7%A8%D7%95%D7%AA-%D7%9C%D7%9C%D7%90-%D7%94%D7%A1%D7%9B%D7%9E%D7%AA%D7%95/,MOBILE,0,2,0.00%,85.0
https://jus-tice.co.il/%D7%A2%D7%A1%D7%A7%D7%90%D7%95%D7%AA-%D7%A0%D7%93%D7%9C%D7%9F-%D7%9E%D7%95%D7%A8%D7%9B%D7%91%D7%95%D7%AA/,DESKTOP,0,38,0.00%,41.3
https://jus-tice.co.il/%D7%A2%D7%A6%D7%9E%D7%90%D7%99%D7%9D/,DESKTOP,0,1,0.00%,1.0
https://jus-tice.co.il/%D7%A2%D7%A6%D7%9E%D7%90%D7%99%D7%9D/,MOBILE,0,1,0.00%,1.0
https://jus-tice.co.il/%D7%A2%D7%A6%D7%9E%D7%90%D7%99%D7%9D/,TABLET,0,1,0.00%,1.0
https://jus-tice.co.il/%D7%A2%D7%A8%D7%A2%D7%95%D7%A8-%D7%A2%D7%9C-%D7%94%D7%97%D7%9C%D7%98%D7%94-%D7%A9%D7%A7%D7%95%D7%91%D7%A2%D7%AA-%D7%A9%D7%90%D7%91-%D7%99%D7%A4%D7%92%D7%A9-%D7%A2%D7%9D-%D7%91%D7%A0%D7%95-%D7%94%D7%A7%D7%98%D7%99%D7%9F-%D7%91%D7%9E%D7%A8%D7%9B%D7%96-%D7%A7%D7%A9%D7%A8-%D7%9C%D7%90%D7%97%D7%A8-%D7%A9%D7%94%D7%95%D7%A7%D7%A4%D7%90%D7%95-%D7%96%D7%9E%D7%A0%D7%99-%D7%94%D7%A9%D7%94%D7%95%D7%AA/,DESKTOP,0,92,0.00%,68.6
https://jus-tice.co.il/%D7%A2%D7%A8%D7%A2%D7%95%D7%A8-%D7%A2%D7%9C-%D7%94%D7%97%D7%9C%D7%98%D7%94-%D7%A9%D7%A7%D7%95%D7%91%D7%A2%D7%AA-%D7%A9%D7%90%D7%91-%D7%99%D7%A4%D7%92%D7%A9-%D7%A2%D7%9D-%D7%91%D7%A0%D7%95-%D7%94%D7%A7%D7%98%D7%99%D7%9F-%D7%91%D7%9E%D7%A8%D7%9B%D7%96-%D7%A7%D7%A9%D7%A8-%D7%9C%D7%90%D7%97%D7%A8-%D7%A9%D7%94%D7%95%D7%A7%D7%A4%D7%90%D7%95-%D7%96%D7%9E%D7%A0%D7%99-%D7%94%D7%A9%D7%94%D7%95%D7%AA/,MOBILE,0,41,0.00%,79.4
https://jus-tice.co.il/%D7%A2%D7%A8%D7%A2%D7%95%D7%A8-%D7%A2%D7%9C-%D7%A4%D7%A1%D7%99%D7%A7%D7%AA-%D7%9E%D7%93%D7%95%D7%A8-%D7%A1%D7%A4%D7%A6%D7%99%D7%A4%D7%99-%D7%95%D7%91%D7%A7%D7%A9%D7%94-%D7%9C%D7%A4%D7%99%D7%A8%D7%95%D7%A7-%D7%A9%D7%99%D7%AA%D7%95%D7%A3-1156328-6-%D7%91%D7%99%D7%94%D7%93-%D7%94%D7%92%D7%93%D7%95%D7%9C/,DESKTOP,0,1140,0.00%,26.2
https://jus-tice.co.il/%D7%A2%D7%A8%D7%A2%D7%95%D7%A8-%D7%A2%D7%9C-%D7%A4%D7%A1%D7%99%D7%A7%D7%AA-%D7%9E%D7%93%D7%95%D7%A8-%D7%A1%D7%A4%D7%A6%D7%99%D7%A4%D7%99-%D7%95%D7%91%D7%A7%D7%A9%D7%94-%D7%9C%D7%A4%D7%99%D7%A8%D7%95%D7%A7-%D7%A9%D7%99%D7%AA%D7%95%D7%A3-1156328-6-%D7%91%D7%99%D7%94%D7%93-%D7%94%D7%92%D7%93%D7%95%D7%9C/,MOBILE,0,188,0.00%,22.1
https://jus-tice.co.il/%D7%A2%D7%AA%D7%99%D7%A8%D7%94-%D7%A9%D7%9C-%D7%90%D7%99%D7%A9%D7%94-%D7%A0%D7%92%D7%93-%D7%91%D7%A2%D7%9C%D7%94-%D7%9C%D7%9E%D7%AA%D7%9F-%D7%A6%D7%95-%D7%9C%D7%A4%D7%99-%D7%94%D7%97%D7%95%D7%A7-%D7%9C%D7%9E%D7%A0%D7%99%D7%A2%D7%AA-%D7%90%D7%9C%D7%99%D7%9E%D7%95%D7%AA-%D7%91%D7%9E%D7%A9%D7%A4%D7%97%D7%94-%D7%94%D7%98-58854-11-22/,DESKTOP,0,330,0.00%,50.1
https://jus-tice.co.il/%D7%A2%D7%AA%D7%99%D7%A8%D7%94-%D7%A9%D7%9C-%D7%90%D7%99%D7%A9%D7%94-%D7%A0%D7%92%D7%93-%D7%91%D7%A2%D7%9C%D7%94-%D7%9C%D7%9E%D7%AA%D7%9F-%D7%A6%D7%95-%D7%9C%D7%A4%D7%99-%D7%94%D7%97%D7%95%D7%A7-%D7%9C%D7%9E%D7%A0%D7%99%D7%A2%D7%AA-%D7%90%D7%9C%D7%99%D7%9E%D7%95%D7%AA-%D7%91%D7%9E%D7%A9%D7%A4%D7%97%D7%94-%D7%94%D7%98-58854-11-22/,MOBILE,0,4,0.00%,28.5
https://jus-tice.co.il/%D7%A4%D7%99%D7%A6%D7%95%D7%99-%D7%91%D7%92%D7%99%D7%9F-%D7%90%D7%99%D7%97%D7%95%D7%A8-%D7%91%D7%9E%D7%A1%D7%99%D7%A8%D7%AA-%D7%93%D7%99%D7%A8%D7%94-%D7%9E%D7%A7%D7%91%D7%9C%D7%9F-%D7%AA%D7%90-10300-02-21/,DESKTOP,0,6123,0.00%,69.8
https://jus-tice.co.il/%D7%A4%D7%99%D7%A6%D7%95%D7%99-%D7%91%D7%92%D7%99%D7%9F-%D7%90%D7%99%D7%97%D7%95%D7%A8-%D7%91%D7%9E%D7%A1%D7%99%D7%A8%D7%AA-%D7%93%D7%99%D7%A8%D7%94-%D7%9E%D7%A7%D7%91%D7%9C%D7%9F-%D7%AA%D7%90-10300-02-21/,MOBILE,0,363,0.00%,72.1
https://jus-tice.co.il/%D7%A4%D7%99%D7%A6%D7%95%D7%99-%D7%92%D7%91%D7%95%D7%94%D7%94-%D7%AA%D7%90%D7%95%D7%A0%D7%AA-%D7%93%D7%A8%D7%9B%D7%99%D7%9D-%D7%97%D7%91%D7%A8%D7%AA-%D7%91%D7%99%D7%98%D7%95%D7%97/,DESKTOP,0,2215,0.00%,71.1
https://jus-tice.co.il/%D7%A4%D7%99%D7%A6%D7%95%D7%99-%D7%92%D7%91%D7%95%D7%94%D7%94-%D7%AA%D7%90%D7%95%D7%A0%D7%AA-%D7%93%D7%A8%D7%9B%D7%99%D7%9D-%D7%97%D7%91%D7%A8%D7%AA-%D7%91%D7%99%D7%98%D7%95%D7%97/,MOBILE,0,199,0.00%,63.7
https://jus-tice.co.il/%D7%A4%D7%99%D7%A6%D7%95%D7%99-%D7%9B%D7%A1%D7%A4%D7%99-%D7%91%D7%92%D7%99%D7%9F-%D7%A4%D7%92%D7%99%D7%A2%D7%94-%D7%91%D7%A4%D7%A8%D7%98%D7%99%D7%95%D7%AA-%D7%A6%D7%A4%D7%99%D7%99%D7%94-%D7%95%D7%9E%D7%97%D7%99%D7%A7%D7%94-%D7%A9%D7%9C-%D7%A4%D7%A8%D7%99%D7%98%D7%99%D7%9D-%D7%9E%D7%94%D7%98%D7%9C%D7%A4%D7%95%D7%9F-%D7%9C%D7%9C%D7%90-%D7%A8%D7%A9%D7%95%D7%AA/,DESKTOP,0,605,0.00%,76.6
https://jus-tice.co.il/%D7%A4%D7%99%D7%A6%D7%95%D7%99-%D7%9B%D7%A1%D7%A4%D7%99-%D7%91%D7%92%D7%99%D7%9F-%D7%A4%D7%92%D7%99%D7%A2%D7%94-%D7%91%D7%A4%D7%A8%D7%98%D7%99%D7%95%D7%AA-%D7%A6%D7%A4%D7%99%D7%99%D7%94-%D7%95%D7%9E%D7%97%D7%99%D7%A7%D7%94-%D7%A9%D7%9C-%D7%A4%D7%A8%D7%99%D7%98%D7%99%D7%9D-%D7%9E%D7%94%D7%98%D7%9C%D7%A4%D7%95%D7%9F-%D7%9C%D7%9C%D7%90-%D7%A8%D7%A9%D7%95%D7%AA/,MOBILE,0,201,0.00%,68.3
https://jus-tice.co.il/%D7%A4%D7%99%D7%A8%D7%95%D7%A7-%D7%97%D7%91%D7%A8%D7%94-%D7%A8%D7%A9%D7%9D-%D7%94%D7%97%D7%91%D7%A8%D7%95%D7%AA-%D7%9C%D7%9C%D7%90-%D7%A2%D7%95%D7%A8%D7%9A-%D7%93%D7%99%D7%9F-%D7%A4%D7%98%D7%95%D7%A8-%D7%9E%D7%AA%D7%A9%D7%9C%D7%95%D7%9D/,DESKTOP,0,148,0.00%,79.0
https://jus-tice.co.il/%D7%A4%D7%99%D7%A8%D7%95%D7%A7-%D7%97%D7%91%D7%A8%D7%94-%D7%A8%D7%A9%D7%9D-%D7%94%D7%97%D7%91%D7%A8%D7%95%D7%AA-%D7%9C%D7%9C%D7%90-%D7%A2%D7%95%D7%A8%D7%9A-%D7%93%D7%99%D7%9F-%D7%A4%D7%98%D7%95%D7%A8-%D7%9E%D7%AA%D7%A9%D7%9C%D7%95%D7%9D/,MOBILE,0,2,0.00%,98.5
https://jus-tice.co.il/%D7%A4%D7%99%D7%A8%D7%95%D7%A7-%D7%A9%D7%95%D7%AA%D7%A4%D7%95%D7%AA-%D7%91%D7%91%D7%99%D7%AA-%D7%9E%D7%92%D7%95%D7%A8%D7%99%D7%9D-%D7%A2%D7%9C-%D7%99%D7%93%D7%99-%D7%91%D7%A0%D7%99-%D7%96%D7%95%D7%92-%D7%9C%D7%A9%D7%A2%D7%91%D7%A8-%D7%91%D7%A0%D7%99%D7%92%D7%95%D7%93-%D7%9C%D7%94%D7%A1%D7%9B%D7%9D-%D7%92%D7%99%D7%A8%D7%95%D7%A9%D7%99%D7%9F-%D7%A9%D7%90%D7%95%D7%A9%D7%A8-%D7%AA%D7%9C%D7%94%D7%9E-15293-03-20/,DESKTOP,0,1917,0.00%,69.0
https://jus-tice.co.il/%D7%A4%D7%99%D7%A8%D7%95%D7%A7-%D7%A9%D7%95%D7%AA%D7%A4%D7%95%D7%AA-%D7%91%D7%91%D7%99%D7%AA-%D7%9E%D7%92%D7%95%D7%A8%D7%99%D7%9D-%D7%A2%D7%9C-%D7%99%D7%93%D7%99-%D7%91%D7%A0%D7%99-%D7%96%D7%95%D7%92-%D7%9C%D7%A9%D7%A2%D7%91%D7%A8-%D7%91%D7%A0%D7%99%D7%92%D7%95%D7%93-%D7%9C%D7%94%D7%A1%D7%9B%D7%9D-%D7%92%D7%99%D7%A8%D7%95%D7%A9%D7%99%D7%9F-%D7%A9%D7%90%D7%95%D7%A9%D7%A8-%D7%AA%D7%9C%D7%94%D7%9E-15293-03-20/,MOBILE,0,804,0.00%,61.0
https://jus-tice.co.il/%D7%A4%D7%99%D7%A8%D7%95%D7%A7-%D7%A9%D7%95%D7%AA%D7%A4%D7%95%D7%AA-%D7%91%D7%91%D7%99%D7%AA-%D7%9E%D7%92%D7%95%D7%A8%D7%99%D7%9D-%D7%A2%D7%9C-%D7%99%D7%93%D7%99-%D7%91%D7%A0%D7%99-%D7%96%D7%95%D7%92-%D7%9C%D7%A9%D7%A2%D7%91%D7%A8-%D7%91%D7%A0%D7%99%D7%92%D7%95%D7%93-%D7%9C%D7%94%D7%A1%D7%9B%D7%9D-%D7%92%D7%99%D7%A8%D7%95%D7%A9%D7%99%D7%9F-%D7%A9%D7%90%D7%95%D7%A9%D7%A8-%D7%AA%D7%9C%D7%94%D7%9E-15293-03-20/,TABLET,0,4,0.00%,59.0
https://jus-tice.co.il/%D7%A4%D7%9C%D7%99%D7%9C%D7%99-%D7%A4%D7%95%D7%A8%D7%A0%D7%95%D7%92%D7%A8%D7%A4%D7%99%D7%99%D7%AA-%D7%99%D7%9C%D7%93%D7%99%D7%9D/,DESKTOP,0,762,0.00%,65.6
https://jus-tice.co.il/%D7%A4%D7%9C%D7%99%D7%9C%D7%99-%D7%A4%D7%95%D7%A8%D7%A0%D7%95%D7%92%D7%A8%D7%A4%D7%99%D7%99%D7%AA-%D7%99%D7%9C%D7%93%D7%99%D7%9D/,MOBILE,0,69,0.00%,37.9
https://jus-tice.co.il/%D7%A4%D7%9C%D7%99%D7%9C%D7%99-%D7%A4%D7%95%D7%A8%D7%A0%D7%95%D7%92%D7%A8%D7%A4%D7%99%D7%99%D7%AA-%D7%99%D7%9C%D7%93%D7%99%D7%9D/,TABLET,0,1,0.00%,7.0
https://jus-tice.co.il/%D7%A4%D7%A1%D7%93-%D7%91%D7%91%D7%A7%D7%A9%D7%AA-%D7%90%D7%91-%D7%9C%D7%94%D7%A4%D7%97%D7%AA%D7%AA-%D7%9E%D7%96%D7%95%D7%A0%D7%95%D7%AA-%D7%91%D7%98%D7%A2%D7%A0%D7%94-%D7%A9%D7%9C-%D7%A9%D7%99%D7%A0%D7%95%D7%99-%D7%A0%D7%A1%D7%99%D7%91%D7%95%D7%AA-%D7%AA%D7%9C%D7%94%D7%9E-35493-10-19/,DESKTOP,0,324,0.00%,65.8
https://jus-tice.co.il/%D7%A4%D7%A1%D7%93-%D7%91%D7%91%D7%A7%D7%A9%D7%AA-%D7%90%D7%91-%D7%9C%D7%94%D7%A4%D7%97%D7%AA%D7%AA-%D7%9E%D7%96%D7%95%D7%A0%D7%95%D7%AA-%D7%91%D7%98%D7%A2%D7%A0%D7%94-%D7%A9%D7%9C-%D7%A9%D7%99%D7%A0%D7%95%D7%99-%D7%A0%D7%A1%D7%99%D7%91%D7%95%D7%AA-%D7%AA%D7%9C%D7%94%D7%9E-35493-10-19/,MOBILE,0,91,0.00%,72.2
https://jus-tice.co.il/%D7%A4%D7%A1%D7%93-%D7%91%D7%A0%D7%95%D7%A9%D7%90-%D7%97%D7%95%D7%A4%D7%A9-%D7%94%D7%A2%D7%99%D7%A1%D7%95%D7%A7-%D7%A1%D7%A2%D7%A9-49088-11-18/,TABLET,0,2,0.00%,9.0
https://jus-tice.co.il/%D7%A4%D7%A1%D7%93-%D7%91%D7%A2%D7%A0%D7%99%D7%99%D7%9F-%D7%9E%D7%96%D7%95%D7%A0%D7%95%D7%AA-%D7%AA%D7%9C%D7%94%D7%9E-21976-01-20/,DESKTOP,0,531,0.00%,56.8
https://jus-tice.co.il/%D7%A4%D7%A1%D7%93-%D7%91%D7%A2%D7%A0%D7%99%D7%99%D7%9F-%D7%AA%D7%91%D7%99%D7%A2%D7%AA-%D7%A4%D7%99%D7%A6%D7%95%D7%99%D7%99%D7%9D-%D7%9B%D7%A0%D7%92%D7%93-%D7%A8%D7%95%D7%A4%D7%90-%D7%A9%D7%99%D7%A0%D7%99%D7%99%D7%9D-%D7%AA%D7%90-9109-12-19/,DESKTOP,0,2013,0.00%,50.8
https://jus-tice.co.il/%D7%A4%D7%A1%D7%93-%D7%91%D7%AA%D7%91%D7%99%D7%A2%D7%94-%D7%91%D7%99%D7%9F-%D7%90%D7%97%D7%99%D7%9D-%D7%A2%D7%9C-%D7%A8%D7%A7%D7%A2-%D7%A2%D7%96%D7%91%D7%95%D7%9F-%D7%90%D7%9E%D7%9D-%D7%AA%D7%9E%D7%A9-12532-05-20/,DESKTOP,0,1610,0.00%,71.7
https://jus-tice.co.il/%D7%A4%D7%A1%D7%93-%D7%91%D7%AA%D7%91%D7%99%D7%A2%D7%94-%D7%91%D7%99%D7%9F-%D7%90%D7%97%D7%99%D7%9D-%D7%A2%D7%9C-%D7%A8%D7%A7%D7%A2-%D7%A2%D7%96%D7%91%D7%95%D7%9F-%D7%90%D7%9E%D7%9D-%D7%AA%D7%9E%D7%A9-12532-05-20/,MOBILE,0,749,0.00%,78.3
https://jus-tice.co.il/%D7%A4%D7%A1%D7%93-%D7%91%D7%AA%D7%91%D7%99%D7%A2%D7%94-%D7%91%D7%99%D7%9F-%D7%90%D7%97%D7%99%D7%9D-%D7%A2%D7%9C-%D7%A8%D7%A7%D7%A2-%D7%A2%D7%96%D7%91%D7%95%D7%9F-%D7%90%D7%9E%D7%9D-%D7%AA%D7%9E%D7%A9-12532-05-20/,TABLET,0,4,0.00%,85.3
https://jus-tice.co.il/%D7%A4%D7%A1%D7%93-%D7%91%D7%AA%D7%91%D7%99%D7%A2%D7%94-%D7%A0%D7%92%D7%93-%D7%98%D7%A8%D7%9D-%D7%A8%D7%A9%D7%AA-%D7%9E%D7%A8%D7%9B%D7%96%D7%99%D7%9D-%D7%9C%D7%A8%D7%A4%D7%95%D7%90%D7%94-%D7%93%D7%97%D7%95%D7%A4%D7%94-%D7%A2%D7%9C-%D7%A8%D7%A9%D7%9C%D7%A0%D7%95%D7%AA-%D7%A8%D7%A4%D7%95%D7%90%D7%99%D7%AA-%D7%A9%D7%94%D7%95%D7%91%D7%99%D7%9C%D7%94-%D7%9C%D7%A4%D7%98%D7%99%D7%A8%D7%AA%D7%94-%D7%A9%D7%9C-%D7%90%D7%9D-%D7%95%D7%94%D7%A2%D7%95%D7%91%D7%A8-%D7%A9%D7%A0%D7%A9%D7%90%D7%94-%D7%91%D7%A8%D7%97%D7%9E/,DESKTOP,0,31,0.00%,60.1
https://jus-tice.co.il/%D7%A4%D7%A1%D7%93-%D7%91%D7%AA%D7%91%D7%99%D7%A2%D7%94-%D7%A0%D7%92%D7%93-%D7%98%D7%A8%D7%9D-%D7%A8%D7%A9%D7%AA-%D7%9E%D7%A8%D7%9B%D7%96%D7%99%D7%9D-%D7%9C%D7%A8%D7%A4%D7%95%D7%90%D7%94-%D7%93%D7%97%D7%95%D7%A4%D7%94-%D7%A2%D7%9C-%D7%A8%D7%A9%D7%9C%D7%A0%D7%95%D7%AA-%D7%A8%D7%A4%D7%95%D7%90%D7%99%D7%AA-%D7%A9%D7%94%D7%95%D7%91%D7%99%D7%9C%D7%94-%D7%9C%D7%A4%D7%98%D7%99%D7%A8%D7%AA%D7%94-%D7%A9%D7%9C-%D7%90%D7%9D-%D7%95%D7%94%D7%A2%D7%95%D7%91%D7%A8-%D7%A9%D7%A0%D7%A9%D7%90%D7%94-%D7%91%D7%A8%D7%97%D7%9E/,MOBILE,0,12,0.00%,52.4
https://jus-tice.co.il/%D7%A4%D7%A1%D7%93-%D7%91%D7%AA%D7%91%D7%99%D7%A2%D7%AA-%D7%94%D7%93%D7%99%D7%91%D7%94-%D7%A9%D7%9C-%D7%9E%D7%A0%D7%99-%D7%A0%D7%A4%D7%AA%D7%9C%D7%99-%D7%AA%D7%90-56442-02-15/,DESKTOP,0,74,0.00%,57.2
https://jus-tice.co.il/%D7%A4%D7%A1%D7%93-%D7%91%D7%AA%D7%91%D7%99%D7%A2%D7%AA-%D7%94%D7%93%D7%99%D7%91%D7%94-%D7%A9%D7%9C-%D7%9E%D7%A0%D7%99-%D7%A0%D7%A4%D7%AA%D7%9C%D7%99-%D7%AA%D7%90-56442-02-15/,MOBILE,0,5,0.00%,21.4
https://jus-tice.co.il/%D7%A4%D7%A1%D7%93-%D7%91%D7%AA%D7%91%D7%99%D7%A2%D7%AA-%D7%A4%D7%99%D7%A6%D7%95%D7%99%D7%99%D7%9D-%D7%91%D7%92%D7%99%D7%9F-%D7%A0%D7%96%D7%A7%D7%99-%D7%92%D7%95%D7%A3-%D7%AA%D7%90-30014-02-17/,DESKTOP,0,27,0.00%,35.2
https://jus-tice.co.il/%D7%A4%D7%A1%D7%93-%D7%91%D7%AA%D7%91%D7%99%D7%A2%D7%AA-%D7%A4%D7%99%D7%A6%D7%95%D7%99%D7%99%D7%9D-%D7%91%D7%92%D7%99%D7%9F-%D7%A0%D7%96%D7%A7%D7%99-%D7%92%D7%95%D7%A3-%D7%AA%D7%90-30014-02-17/,MOBILE,0,3,0.00%,20.7
https://jus-tice.co.il/%D7%A4%D7%A1%D7%93-%D7%91%D7%AA%D7%95%D7%91%D7%A2%D7%A0%D7%95%D7%AA-%D7%91%D7%92%D7%99%D7%9F-%D7%9C%D7%A9%D7%95%D7%9F-%D7%94%D7%A8%D7%A2-%D7%AA%D7%91%D7%99%D7%A2%D7%94-%D7%9C%D7%94%D7%A9%D7%91%D7%94-%D7%95%D7%AA%D7%91%D7%99%D7%A2%D7%94-%D7%9B%D7%A1%D7%A4%D7%99%D7%AA-%D7%91%D7%99%D7%9F-%D7%91%D7%A0%D7%99-%D7%96%D7%95%D7%92-%D7%9C%D7%A9%D7%A2%D7%91%D7%A8-%D7%AA%D7%9E%D7%A9-12289-07-21/,DESKTOP,0,1501,0.00%,52.7
https://jus-tice.co.il/%D7%A4%D7%A1%D7%93-%D7%91%D7%AA%D7%95%D7%91%D7%A2%D7%A0%D7%95%D7%AA-%D7%91%D7%92%D7%99%D7%9F-%D7%9C%D7%A9%D7%95%D7%9F-%D7%94%D7%A8%D7%A2-%D7%AA%D7%91%D7%99%D7%A2%D7%94-%D7%9C%D7%94%D7%A9%D7%91%D7%94-%D7%95%D7%AA%D7%91%D7%99%D7%A2%D7%94-%D7%9B%D7%A1%D7%A4%D7%99%D7%AA-%D7%91%D7%99%D7%9F-%D7%91%D7%A0%D7%99-%D7%96%D7%95%D7%92-%D7%9C%D7%A9%D7%A2%D7%91%D7%A8-%D7%AA%D7%9E%D7%A9-12289-07-21/,MOBILE,0,293,0.00%,58.0
https://jus-tice.co.il/%D7%A4%D7%A1%D7%93-%D7%91%D7%AA%D7%95%D7%91%D7%A2%D7%A0%D7%95%D7%AA-%D7%91%D7%92%D7%99%D7%9F-%D7%9C%D7%A9%D7%95%D7%9F-%D7%94%D7%A8%D7%A2-%D7%AA%D7%91%D7%99%D7%A2%D7%94-%D7%9C%D7%94%D7%A9%D7%91%D7%94-%D7%95%D7%AA%D7%91%D7%99%D7%A2%D7%94-%D7%9B%D7%A1%D7%A4%D7%99%D7%AA-%D7%91%D7%99%D7%9F-%D7%91%D7%A0%D7%99-%D7%96%D7%95%D7%92-%D7%9C%D7%A9%D7%A2%D7%91%D7%A8-%D7%AA%D7%9E%D7%A9-12289-07-21/,TABLET,0,1,0.00%,52.0
https://jus-tice.co.il/%D7%A4%D7%A1%D7%93-%D7%93%D7%97%D7%99%D7%99%D7%AA-%D7%91%D7%A7%D7%A9%D7%94-%D7%9C%D7%91%D7%99%D7%98%D7%95%D7%9C-%D7%A6%D7%95-%D7%99%D7%A8%D7%95%D7%A9%D7%94-%D7%91%D7%92%D7%9C%D7%9C-%D7%A6%D7%95%D7%95%D7%90%D7%94-%D7%A9%D7%A0%D7%9E%D7%A6%D7%90%D7%94-%D7%9C%D7%90%D7%97%D7%A8-%D7%A9%D7%A0%D7%99%D7%9D-%D7%A8%D7%91%D7%95%D7%AA-491180-3-%D7%91%D7%99%D7%94%D7%93-%D7%97%D7%99%D7%A4%D7%94/,DESKTOP,0,882,0.00%,64.2
https://jus-tice.co.il/%D7%A4%D7%A1%D7%93-%D7%93%D7%97%D7%99%D7%99%D7%AA-%D7%91%D7%A7%D7%A9%D7%94-%D7%9C%D7%91%D7%99%D7%98%D7%95%D7%9C-%D7%A6%D7%95-%D7%99%D7%A8%D7%95%D7%A9%D7%94-%D7%91%D7%92%D7%9C%D7%9C-%D7%A6%D7%95%D7%95%D7%90%D7%94-%D7%A9%D7%A0%D7%9E%D7%A6%D7%90%D7%94-%D7%9C%D7%90%D7%97%D7%A8-%D7%A9%D7%A0%D7%99%D7%9D-%D7%A8%D7%91%D7%95%D7%AA-491180-3-%D7%91%D7%99%D7%94%D7%93-%D7%97%D7%99%D7%A4%D7%94/,MOBILE,0,87,0.00%,62.4
https://jus-tice.co.il/%D7%A4%D7%A1%D7%93-%D7%94%D7%A1%D7%93%D7%A8-%D7%A8%D7%99%D7%A9%D7%95%D7%9D-%D7%9E%D7%A7%D7%A8%D7%A7%D7%A2%D7%99%D7%9F-%D7%91%D7%A1%D7%9B%D7%A1%D7%95%D7%9A-%D7%9E%D7%A9%D7%A4%D7%97%D7%94-%D7%AA%D7%9E%D7%A9-28997-05-16/,DESKTOP,0,317,0.00%,53.1
https://jus-tice.co.il/%D7%A4%D7%A1%D7%93-%D7%94%D7%A1%D7%93%D7%A8-%D7%A8%D7%99%D7%A9%D7%95%D7%9D-%D7%9E%D7%A7%D7%A8%D7%A7%D7%A2%D7%99%D7%9F-%D7%91%D7%A1%D7%9B%D7%A1%D7%95%D7%9A-%D7%9E%D7%A9%D7%A4%D7%97%D7%94-%D7%AA%D7%9E%D7%A9-28997-05-16/,MOBILE,0,2,0.00%,34.5
https://jus-tice.co.il/%D7%A4%D7%A1%D7%93-%D7%94%D7%A4%D7%A1%D7%93-%D7%9B%D7%AA%D7%95%D7%91%D7%94-%D7%91%D7%90%D7%99%D7%A9%D7%94-%D7%A9%D7%99%D7%96%D7%9E%D7%94-%D7%90%D7%AA-%D7%94%D7%92%D7%99%D7%A8%D7%95%D7%A9%D7%99%D7%9F-1236570-2-%D7%91%D7%99%D7%94%D7%93-%D7%97%D7%99%D7%A4%D7%94/,DESKTOP,0,115,0.00%,71.8
https://jus-tice.co.il/%D7%A4%D7%A1%D7%93-%D7%97%D7%99%D7%95%D7%91-%D7%92%D7%98-%D7%91%D7%92%D7%99%D7%9F-%D7%9E%D7%90%D7%99%D7%A1%D7%95%D7%AA-%D7%90%D7%99%D7%A9%D7%94-%D7%91%D7%91%D7%A2%D7%9C-%D7%A4%D7%99%D7%A8%D7%95%D7%93-%D7%9E%D7%9E%D7%95%D7%A9%D7%9A-%D7%95%D7%9E%D7%A9%D7%A0%D7%99%D7%9B%D7%A8-%D7%9B%D7%99-%D7%A4%D7%A0%D7%99-%D7%94%D7%A6%D7%93%D7%93%D7%99%D7%9D-%D7%9C%D7%92%D7%99%D7%A8%D7%95%D7%A9%D7%99%D7%9F-1343730-1-%D7%91%D7%99%D7%94%D7%93-%D7%94%D7%92%D7%93%D7%95%D7%9C/,DESKTOP,0,453,0.00%,43.6
https://jus-tice.co.il/%D7%A4%D7%A1%D7%93-%D7%97%D7%99%D7%95%D7%91-%D7%92%D7%98-%D7%91%D7%92%D7%99%D7%9F-%D7%9E%D7%90%D7%99%D7%A1%D7%95%D7%AA-%D7%90%D7%99%D7%A9%D7%94-%D7%91%D7%91%D7%A2%D7%9C-%D7%A4%D7%99%D7%A8%D7%95%D7%93-%D7%9E%D7%9E%D7%95%D7%A9%D7%9A-%D7%95%D7%9E%D7%A9%D7%A0%D7%99%D7%9B%D7%A8-%D7%9B%D7%99-%D7%A4%D7%A0%D7%99-%D7%94%D7%A6%D7%93%D7%93%D7%99%D7%9D-%D7%9C%D7%92%D7%99%D7%A8%D7%95%D7%A9%D7%99%D7%9F-1343730-1-%D7%91%D7%99%D7%94%D7%93-%D7%94%D7%92%D7%93%D7%95%D7%9C/,MOBILE,0,24,0.00%,34.6
https://jus-tice.co.il/%D7%A4%D7%A1%D7%93-%D7%9E%D7%A9%D7%9E%D7%95%D7%A8%D7%AA-%D7%9E%D7%A9%D7%95%D7%AA%D7%A4%D7%AA-%D7%94%D7%A8%D7%97%D7%91%D7%AA-%D7%94%D7%A1%D7%93%D7%A8%D7%99-%D7%A9%D7%94%D7%95%D7%AA-%D7%9C%D7%90%D7%91-1244887-2/,DESKTOP,0,2211,0.00%,64.9
https://jus-tice.co.il/%D7%A4%D7%A1%D7%93-%D7%9E%D7%A9%D7%9E%D7%95%D7%A8%D7%AA-%D7%9E%D7%A9%D7%95%D7%AA%D7%A4%D7%AA-%D7%94%D7%A8%D7%97%D7%91%D7%AA-%D7%94%D7%A1%D7%93%D7%A8%D7%99-%D7%A9%D7%94%D7%95%D7%AA-%D7%9C%D7%90%D7%91-1244887-2/,MOBILE,0,115,0.00%,69.2
https://jus-tice.co.il/%D7%A4%D7%A1%D7%93-%D7%A1%D7%99%D7%93%D7%95%D7%A8-%D7%92%D7%98-%D7%9C%D7%A4%D7%A0%D7%99-%D7%94%D7%9B%D7%A8%D7%A2%D7%94-%D7%91%D7%AA%D7%91%D7%99%D7%A2%D7%95%D7%AA-%D7%94%D7%A6%D7%93%D7%93%D7%99%D7%9D-37883-9-%D7%91%D7%99%D7%94%D7%93-%D7%90%D7%A9%D7%93%D7%95%D7%93/,DESKTOP,0,72,0.00%,41.7
https://jus-tice.co.il/%D7%A4%D7%A1%D7%93-%D7%A7%D7%91%D7%9C%D7%AA-%D7%98%D7%A2%D7%A0%D7%AA-%D7%90%D7%99%D7%A9%D7%94-%D7%91%D7%A2%D7%A0%D7%99%D7%99%D7%9F-%D7%9B%D7%95%D7%95%D7%A0%D7%AA-%D7%A9%D7%99%D7%AA%D7%95%D7%A3-%D7%A1%D7%A4%D7%A6%D7%99%D7%A4%D7%99-%D7%91%D7%A8%D7%91%D7%A2-%D7%93%D7%99%D7%A8%D7%94-%D7%A2%D7%9E%D7%A9-65410-11-21/,DESKTOP,0,9,0.00%,42.1
https://jus-tice.co.il/%D7%A4%D7%A1%D7%93-%D7%A9%D7%A2%D7%A0%D7%99%D7%99%D7%A0%D7%95-%D7%9E%D7%99%D7%A0%D7%95%D7%99-%D7%9E%D7%A0%D7%94%D7%9C-%D7%A2%D7%99%D7%96%D7%91%D7%95%D7%9F-%D7%96%D7%9E%D7%A0%D7%99-%D7%91%D7%9E%D7%A7%D7%95%D7%9D-%D7%A7%D7%91%D7%95%D7%A2-%D7%A2%D7%9E%D7%A9-48305-12-21/,DESKTOP,0,901,0.00%,53.5
https://jus-tice.co.il/%D7%A4%D7%A1%D7%93-%D7%A9%D7%A2%D7%A0%D7%99%D7%99%D7%A0%D7%95-%D7%9E%D7%99%D7%A0%D7%95%D7%99-%D7%9E%D7%A0%D7%94%D7%9C-%D7%A2%D7%99%D7%96%D7%91%D7%95%D7%9F-%D7%96%D7%9E%D7%A0%D7%99-%D7%91%D7%9E%D7%A7%D7%95%D7%9D-%D7%A7%D7%91%D7%95%D7%A2-%D7%A2%D7%9E%D7%A9-48305-12-21/,MOBILE,0,72,0.00%,53.5
https://jus-tice.co.il/%D7%A4%D7%A1%D7%93-%D7%AA%D7%91%D7%99%D7%A2%D7%AA-%D7%92%D7%99%D7%A8%D7%95%D7%A9%D7%99%D7%9F-%D7%95%D7%9B%D7%AA%D7%95%D7%91%D7%94-%D7%91%D7%90%D7%99%D7%A9%D7%94-%D7%A9%D7%A7%D7%99%D7%99%D7%9E%D7%94-%D7%99%D7%97%D7%A1%D7%99-%D7%90%D7%99%D7%A9%D7%95%D7%AA-%D7%A2%D7%9D-%D7%92%D7%91%D7%A8%D7%99%D7%9D-%D7%96%D7%A8%D7%99%D7%9D-%D7%91%D7%A0%D7%95%D7%9B%D7%97%D7%95%D7%AA-%D7%91%D7%A2%D7%9C%D7%94-1242579-2-%D7%91%D7%99%D7%94%D7%93-%D7%A8%D7%97%D7%95%D7%91%D7%95%D7%AA/,DESKTOP,0,129,0.00%,42.0
https://jus-tice.co.il/%D7%A4%D7%A1%D7%99%D7%9C%D7%AA-%D7%93%D7%99%D7%99%D7%9F-%D7%91%D7%91%D7%99%D7%AA-%D7%93%D7%99%D7%9F-%D7%A8%D7%91%D7%A0%D7%99/,DESKTOP,0,6,0.00%,48.0
https://jus-tice.co.il/%D7%A4%D7%A1%D7%99%D7%9C%D7%AA-%D7%93%D7%99%D7%99%D7%9F-%D7%91%D7%91%D7%99%D7%AA-%D7%93%D7%99%D7%9F-%D7%A8%D7%91%D7%A0%D7%99/,MOBILE,0,2,0.00%,31.0
https://jus-tice.co.il/%D7%A4%D7%A1%D7%99%D7%A7%D7%94-%D7%AA%D7%91%D7%99%D7%A2%D7%95%D7%AA-%D7%A8%D7%9B%D7%95%D7%A9-%D7%9E%D7%A9%D7%9E%D7%95%D7%A8%D7%AA-%D7%95%D7%9E%D7%96%D7%95%D7%A0%D7%95%D7%AA-%D7%9C%D7%99%D7%93%D7%95%D7%A2%D7%99%D7%9D-%D7%91%D7%A6%D7%99%D7%91%D7%95%D7%A8/,DESKTOP,0,136,0.00%,73.8
https://jus-tice.co.il/%D7%A4%D7%A1%D7%99%D7%A7%D7%94-%D7%AA%D7%91%D7%99%D7%A2%D7%95%D7%AA-%D7%A8%D7%9B%D7%95%D7%A9-%D7%9E%D7%A9%D7%9E%D7%95%D7%A8%D7%AA-%D7%95%D7%9E%D7%96%D7%95%D7%A0%D7%95%D7%AA-%D7%9C%D7%99%D7%93%D7%95%D7%A2%D7%99%D7%9D-%D7%91%D7%A6%D7%99%D7%91%D7%95%D7%A8/,MOBILE,0,10,0.00%,90.7
https://jus-tice.co.il/%D7%A4%D7%A1%D7%99%D7%A7%D7%AA-%D7%A4%D7%99%D7%A6%D7%95%D7%99-%D7%9B%D7%A1%D7%A4%D7%99-%D7%9C%D7%A2%D7%96%D7%91%D7%95%D7%9F-%D7%9E%D7%A0%D7%95%D7%97-%D7%A9%D7%98%D7%91%D7%A2-%D7%91%D7%97%D7%95%D7%A3-%D7%94%D7%99%D7%9D-%D7%91%D7%90%D7%A9%D7%93%D7%95%D7%93/,DESKTOP,0,11,0.00%,16.3
https://jus-tice.co.il/%D7%A4%D7%A1%D7%A7-%D7%93%D7%99%D7%9F-%D7%91%D7%A0%D7%95%D7%A9%D7%90-%D7%94%D7%A8%D7%9E%D7%AA-%D7%9E%D7%A1%D7%9A-%D7%A1%D7%A2%D7%A9-12385-08-16/,DESKTOP,0,292,0.00%,40.0
https://jus-tice.co.il/%D7%A4%D7%A1%D7%A7-%D7%93%D7%99%D7%9F-%D7%91%D7%A0%D7%95%D7%A9%D7%90-%D7%94%D7%A8%D7%9E%D7%AA-%D7%9E%D7%A1%D7%9A-%D7%A1%D7%A2%D7%A9-12385-08-16/,MOBILE,0,93,0.00%,42.0
https://jus-tice.co.il/%D7%A4%D7%A1%D7%A7-%D7%93%D7%99%D7%9F-%D7%91%D7%A2%D7%A0%D7%99%D7%99%D7%9F-%D7%9E%D7%97%D7%9C%D7%95%D7%A7%D7%AA-%D7%A6%D7%A8%D7%9B%D7%A0%D7%99%D7%AA-%D7%91%D7%99%D7%9F-%D7%A6%D7%93%D7%93%D7%99%D7%9D-%D7%91%D7%A9%D7%9C-%D7%A8%D7%9B%D7%99%D7%A9%D7%AA-%D7%9E%D7%A9%D7%A7%D7%A4%D7%99-%D7%A8%D7%90%D7%99%D7%94/,DESKTOP,0,135,0.00%,81.5
https://jus-tice.co.il/%D7%A4%D7%A1%D7%A7-%D7%93%D7%99%D7%9F-%D7%91%D7%AA%D7%91%D7%99%D7%A2%D7%94-%D7%9C%D7%94%D7%97%D7%96%D7%A8-%D7%94%D7%9C%D7%95%D7%95%D7%90%D7%94-%D7%AA%D7%90-5122-10-19/,DESKTOP,0,35,0.00%,67.7
https://jus-tice.co.il/%D7%A4%D7%A1%D7%A7-%D7%93%D7%99%D7%9F-%D7%91%D7%AA%D7%91%D7%99%D7%A2%D7%95%D7%AA-%D7%A8%D7%9B%D7%95%D7%A9%D7%99%D7%95%D7%AA-%D7%91%D7%99%D7%9F-%D7%91%D7%A0%D7%99-%D7%96%D7%95%D7%92-%D7%AA%D7%9C%D7%94%D7%9E-32773-02-17-%D7%AA%D7%9C%D7%94%D7%9E-548840-04-18/,DESKTOP,0,142,0.00%,72.0
https://jus-tice.co.il/%D7%A4%D7%A1%D7%A7-%D7%93%D7%99%D7%9F-%D7%91%D7%AA%D7%91%D7%99%D7%A2%D7%95%D7%AA-%D7%A8%D7%9B%D7%95%D7%A9%D7%99%D7%95%D7%AA-%D7%91%D7%99%D7%9F-%D7%91%D7%A0%D7%99-%D7%96%D7%95%D7%92-%D7%AA%D7%9C%D7%94%D7%9E-32773-02-17-%D7%AA%D7%9C%D7%94%D7%9E-548840-04-18/,MOBILE,0,2,0.00%,73.5
https://jus-tice.co.il/%D7%A4%D7%A1%D7%A7-%D7%93%D7%99%D7%9F-%D7%AA%D7%A2%D7%91%D7%95%D7%A8%D7%94-%D7%A2%D7%99%D7%9F-%D7%94%D7%A0%D7%A5-%D7%A7%D7%91%D7%99%D7%9C%D7%95%D7%AA-%D7%95%D7%97%D7%95%D7%A7%D7%99%D7%95%D7%AA-%D7%A8%D7%90%D7%99%D7%95%D7%AA-%D7%A9%D7%94%D7%95%D7%A0%D7%A4%D7%A7%D7%95-%D7%9E%D7%94%D7%9E%D7%A2%D7%A8%D7%9B%D7%AA/,DESKTOP,0,205,0.00%,63.8
https://jus-tice.co.il/%D7%A4%D7%A1%D7%A7-%D7%93%D7%99%D7%9F-%D7%AA%D7%A2%D7%91%D7%95%D7%A8%D7%94-%D7%A2%D7%99%D7%9F-%D7%94%D7%A0%D7%A5-%D7%A7%D7%91%D7%99%D7%9C%D7%95%D7%AA-%D7%95%D7%97%D7%95%D7%A7%D7%99%D7%95%D7%AA-%D7%A8%D7%90%D7%99%D7%95%D7%AA-%D7%A9%D7%94%D7%95%D7%A0%D7%A4%D7%A7%D7%95-%D7%9E%D7%94%D7%9E%D7%A2%D7%A8%D7%9B%D7%AA/,MOBILE,0,48,0.00%,50.0
https://jus-tice.co.il/%D7%A6%D7%91%D7%99%D7%90%D7%9C%D7%99-%D7%A0-%D7%A2%D7%99%D7%A8%D7%99%D7%99%D7%AA-%D7%AA%D7%9C-%D7%90%D7%91%D7%99%D7%91-%D7%9E%D7%A1%D7%9E%D7%9A-%D7%94%D7%A0%D7%97%D7%99%D7%95%D7%AA-%D7%9B%D7%99%D7%9B%D7%A8-%D7%90%D7%AA%D7%A8%D7%99%D7%9D-%D7%A4%D7%A1%D7%A7-%D7%93%D7%99%D7%9F/,DESKTOP,0,158,0.00%,59.7
https://jus-tice.co.il/%D7%A6%D7%91%D7%99%D7%90%D7%9C%D7%99-%D7%A0-%D7%A2%D7%99%D7%A8%D7%99%D7%99%D7%AA-%D7%AA%D7%9C-%D7%90%D7%91%D7%99%D7%91-%D7%9E%D7%A1%D7%9E%D7%9A-%D7%94%D7%A0%D7%97%D7%99%D7%95%D7%AA-%D7%9B%D7%99%D7%9B%D7%A8-%D7%90%D7%AA%D7%A8%D7%99%D7%9D-%D7%A4%D7%A1%D7%A7-%D7%93%D7%99%D7%9F/,MOBILE,0,13,0.00%,49.0
https://jus-tice.co.il/%D7%A6%D7%95-%D7%91%D7%99%D7%AA-%D7%9E%D7%A9%D7%A4%D7%98-%D7%9C%D7%94%D7%A9%D7%91%D7%AA-%D7%A0%D7%A9%D7%A7-%D7%90%D7%99%D7%A9%D7%99/,DESKTOP,0,1276,0.00%,62.4
https://jus-tice.co.il/%D7%A6%D7%95-%D7%94%D7%92%D7%A0%D7%94-%D7%91%D7%99%D7%97%D7%A1-%D7%9C%D7%9E%D7%A9%D7%99%D7%91-%D7%A9%D7%A4%D7%A8%D7%A0%D7%A1%D7%AA%D7%95-%D7%93%D7%95%D7%A8%D7%A9%D7%AA-%D7%A0%D7%A9%D7%99%D7%90%D7%AA-%D7%A0%D7%A9%D7%A7/,DESKTOP,0,361,0.00%,58.1
https://jus-tice.co.il/%D7%A6%D7%95-%D7%99%D7%A8%D7%95%D7%A9%D7%94-%D7%90%D7%95%D7%A0%D7%9C%D7%99%D7%99%D7%9F-%D7%A2%D7%9D-%D7%97%D7%95%D7%AA%D7%9E%D7%AA-%D7%90%D7%A4%D7%95%D7%A1%D7%98%D7%99%D7%9C/,DESKTOP,0,468,0.00%,50.0
https://jus-tice.co.il/%D7%A6%D7%95-%D7%99%D7%A8%D7%95%D7%A9%D7%94-%D7%90%D7%95%D7%A0%D7%9C%D7%99%D7%99%D7%9F-%D7%A2%D7%9D-%D7%97%D7%95%D7%AA%D7%9E%D7%AA-%D7%90%D7%A4%D7%95%D7%A1%D7%98%D7%99%D7%9C/,MOBILE,0,52,0.00%,63.7
https://jus-tice.co.il/%D7%A6%D7%95-%D7%9E%D7%A2%D7%A6%D7%A8-%D7%90%D7%99%D7%A8%D7%95%D7%A4%D7%99/,DESKTOP,0,684,0.00%,46.1
https://jus-tice.co.il/%D7%A6%D7%95-%D7%9E%D7%A2%D7%A6%D7%A8-%D7%90%D7%99%D7%A8%D7%95%D7%A4%D7%99/,MOBILE,0,19,0.00%,52.0
https://jus-tice.co.il/%D7%A7%D7%91%D7%99%D7%A2%D7%AA-%D7%92%D7%95%D7%91%D7%94-%D7%94%D7%9E%D7%96%D7%95%D7%A0%D7%95%D7%AA-%D7%91%D7%94%D7%AA%D7%90%D7%9D-%D7%9C%D7%9B%D7%95%D7%A9%D7%A8-%D7%94%D7%94%D7%A9%D7%AA%D7%9B%D7%A8%D7%95%D7%AA-%D7%95%D7%9C%D7%90-%D7%A8%D7%A7-%D7%9C%D7%92%D7%95%D7%91%D7%94-%D7%94%D7%94%D7%A9%D7%AA%D7%9B%D7%A8%D7%95%D7%AA-%D7%91%D7%A4%D7%95%D7%A2%D7%9C/,DESKTOP,0,320,0.00%,60.8
https://jus-tice.co.il/%D7%A7%D7%91%D7%99%D7%A2%D7%AA-%D7%92%D7%95%D7%91%D7%94-%D7%94%D7%9E%D7%96%D7%95%D7%A0%D7%95%D7%AA-%D7%91%D7%94%D7%AA%D7%90%D7%9D-%D7%9C%D7%9B%D7%95%D7%A9%D7%A8-%D7%94%D7%94%D7%A9%D7%AA%D7%9B%D7%A8%D7%95%D7%AA-%D7%95%D7%9C%D7%90-%D7%A8%D7%A7-%D7%9C%D7%92%D7%95%D7%91%D7%94-%D7%94%D7%94%D7%A9%D7%AA%D7%9B%D7%A8%D7%95%D7%AA-%D7%91%D7%A4%D7%95%D7%A2%D7%9C/,MOBILE,0,1,0.00%,76.0
https://jus-tice.co.il/%D7%A7%D7%91%D7%99%D7%A2%D7%AA-%D7%9E%D7%95%D7%A2%D7%93-%D7%94%D7%A7%D7%A8%D7%A2-%D7%9C%D7%A2%D7%A0%D7%99%D7%99%D7%9F-%D7%90%D7%99%D7%96%D7%95%D7%9F-%D7%94%D7%9E%D7%A9%D7%90%D7%91%D7%99%D7%9D-%D7%91%D7%99%D7%9F-%D7%91%D7%A0%D7%99-%D7%96%D7%95%D7%92-%D7%AA%D7%9C%D7%94%D7%9E-18194-04-22/,DESKTOP,0,1634,0.00%,28.9
https://jus-tice.co.il/%D7%A7%D7%91%D7%99%D7%A2%D7%AA-%D7%9E%D7%95%D7%A2%D7%93-%D7%94%D7%A7%D7%A8%D7%A2-%D7%9C%D7%A2%D7%A0%D7%99%D7%99%D7%9F-%D7%90%D7%99%D7%96%D7%95%D7%9F-%D7%94%D7%9E%D7%A9%D7%90%D7%91%D7%99%D7%9D-%D7%91%D7%99%D7%9F-%D7%91%D7%A0%D7%99-%D7%96%D7%95%D7%92-%D7%AA%D7%9C%D7%94%D7%9E-18194-04-22/,TABLET,0,1,0.00%,21.0
https://jus-tice.co.il/%D7%A7%D7%98%D7%92%D7%95%D7%A8%D7%99%D7%95%D7%AA-%D7%9E%D7%90%D7%9E%D7%A8%D7%99%D7%9D/%D7%90%D7%99%D7%9B%D7%95%D7%AA-%D7%A1%D7%91%D7%99%D7%91%D7%94/,DESKTOP,0,66,0.00%,90.0
https://jus-tice.co.il/%D7%A7%D7%98%D7%92%D7%95%D7%A8%D7%99%D7%95%D7%AA-%D7%9E%D7%90%D7%9E%D7%A8%D7%99%D7%9D/%D7%90%D7%99%D7%9B%D7%95%D7%AA-%D7%A1%D7%91%D7%99%D7%91%D7%94/,MOBILE,0,25,0.00%,90.0
https://jus-tice.co.il/%D7%A7%D7%98%D7%92%D7%95%D7%A8%D7%99%D7%95%D7%AA-%D7%9E%D7%90%D7%9E%D7%A8%D7%99%D7%9D/%D7%91%D7%99%D7%98%D7%95%D7%97/,DESKTOP,0,325,0.00%,76.6
https://jus-tice.co.il/%D7%A7%D7%98%D7%92%D7%95%D7%A8%D7%99%D7%95%D7%AA-%D7%9E%D7%90%D7%9E%D7%A8%D7%99%D7%9D/%D7%91%D7%99%D7%98%D7%95%D7%97/,MOBILE,0,1,0.00%,70.0
https://jus-tice.co.il/%D7%A7%D7%98%D7%92%D7%95%D7%A8%D7%99%D7%95%D7%AA-%D7%9E%D7%90%D7%9E%D7%A8%D7%99%D7%9D/%D7%91%D7%9C%D7%95%D7%A7%D7%A6%D7%99%D7%99%D7%9F-%D7%95%D7%9E%D7%98%D7%91%D7%A2%D7%95%D7%AA-%D7%A7%D7%A8%D7%99%D7%A4%D7%98%D7%95%D7%92%D7%A8%D7%A4%D7%99%D7%9D/,DESKTOP,0,701,0.00%,47.5
https://jus-tice.co.il/%D7%A7%D7%98%D7%92%D7%95%D7%A8%D7%99%D7%95%D7%AA-%D7%9E%D7%90%D7%9E%D7%A8%D7%99%D7%9D/%D7%91%D7%9C%D7%95%D7%A7%D7%A6%D7%99%D7%99%D7%9F-%D7%95%D7%9E%D7%98%D7%91%D7%A2%D7%95%D7%AA-%D7%A7%D7%A8%D7%99%D7%A4%D7%98%D7%95%D7%92%D7%A8%D7%A4%D7%99%D7%9D/,MOBILE,0,17,0.00%,63.8
https://jus-tice.co.il/%D7%A7%D7%98%D7%92%D7%95%D7%A8%D7%99%D7%95%D7%AA-%D7%9E%D7%90%D7%9E%D7%A8%D7%99%D7%9D/%D7%93%D7%99%D7%A0%D7%99-%D7%9E%D7%A9%D7%A4%D7%97%D7%94/%D7%92%D7%99%D7%A8%D7%95%D7%A9%D7%99%D7%9F/%D7%9E%D7%96%D7%95%D7%A0%D7%95%D7%AA-%D7%99%D7%9C%D7%93%D7%99%D7%9D/,DESKTOP,0,56,0.00%,77.1
https://jus-tice.co.il/%D7%A7%D7%98%D7%92%D7%95%D7%A8%D7%99%D7%95%D7%AA-%D7%9E%D7%90%D7%9E%D7%A8%D7%99%D7%9D/%D7%93%D7%99%D7%A0%D7%99-%D7%9E%D7%A9%D7%A4%D7%97%D7%94/%D7%92%D7%99%D7%A8%D7%95%D7%A9%D7%99%D7%9F/%D7%9E%D7%96%D7%95%D7%A0%D7%95%D7%AA-%D7%99%D7%9C%D7%93%D7%99%D7%9D/,MOBILE,0,17,0.00%,70.1
https://jus-tice.co.il/%D7%A7%D7%98%D7%92%D7%95%D7%A8%D7%99%D7%95%D7%AA-%D7%9E%D7%90%D7%9E%D7%A8%D7%99%D7%9D/%D7%93%D7%99%D7%A0%D7%99-%D7%9E%D7%A9%D7%A4%D7%97%D7%94/%D7%A4%D7%A1%D7%A7%D7%99-%D7%93%D7%99%D7%9F-%D7%92%D7%99%D7%A8%D7%95%D7%A9%D7%99%D7%95-%D7%93%D7%99%D7%A0%D7%99-%D7%9E%D7%A9%D7%A4%D7%97%D7%94-2022/,DESKTOP,0,863,0.00%,65.2
https://jus-tice.co.il/%D7%A7%D7%98%D7%92%D7%95%D7%A8%D7%99%D7%95%D7%AA-%D7%9E%D7%90%D7%9E%D7%A8%D7%99%D7%9D/%D7%93%D7%99%D7%A0%D7%99-%D7%9E%D7%A9%D7%A4%D7%97%D7%94/%D7%A4%D7%A1%D7%A7%D7%99-%D7%93%D7%99%D7%9F-%D7%92%D7%99%D7%A8%D7%95%D7%A9%D7%99%D7%95-%D7%93%D7%99%D7%A0%D7%99-%D7%9E%D7%A9%D7%A4%D7%97%D7%94-2022/,MOBILE,0,425,0.00%,49.5
https://jus-tice.co.il/%D7%A7%D7%98%D7%92%D7%95%D7%A8%D7%99%D7%95%D7%AA-%D7%9E%D7%90%D7%9E%D7%A8%D7%99%D7%9D/%D7%93%D7%99%D7%A0%D7%99-%D7%9E%D7%A9%D7%A4%D7%97%D7%94/%D7%A4%D7%A1%D7%A7%D7%99-%D7%93%D7%99%D7%9F-%D7%97%D7%A9%D7%95%D7%91%D7%99%D7%9D/,DESKTOP,0,1725,0.00%,29.3
https://jus-tice.co.il/%D7%A7%D7%98%D7%92%D7%95%D7%A8%D7%99%D7%95%D7%AA-%D7%9E%D7%90%D7%9E%D7%A8%D7%99%D7%9D/%D7%93%D7%99%D7%A0%D7%99-%D7%9E%D7%A9%D7%A4%D7%97%D7%94/%D7%A4%D7%A1%D7%A7%D7%99-%D7%93%D7%99%D7%9F-%D7%97%D7%A9%D7%95%D7%91%D7%99%D7%9D/,MOBILE,0,376,0.00%,38.3
https://jus-tice.co.il/%D7%A7%D7%98%D7%92%D7%95%D7%A8%D7%99%D7%95%D7%AA-%D7%9E%D7%90%D7%9E%D7%A8%D7%99%D7%9D/%D7%93%D7%99%D7%A0%D7%99-%D7%9E%D7%A9%D7%A4%D7%97%D7%94/%D7%A4%D7%A1%D7%A7%D7%99-%D7%93%D7%99%D7%9F-%D7%97%D7%A9%D7%95%D7%91%D7%99%D7%9D/,TABLET,0,4,0.00%,53.8
https://jus-tice.co.il/%D7%A7%D7%98%D7%92%D7%95%D7%A8%D7%99%D7%95%D7%AA-%D7%9E%D7%90%D7%9E%D7%A8%D7%99%D7%9D/%D7%93%D7%99%D7%A0%D7%99-%D7%A0%D7%96%D7%99%D7%A7%D7%99%D7%9F/,MOBILE,0,367,0.00%,47.9
https://jus-tice.co.il/%D7%A7%D7%98%D7%92%D7%95%D7%A8%D7%99%D7%95%D7%AA-%D7%9E%D7%90%D7%9E%D7%A8%D7%99%D7%9D/%D7%93%D7%99%D7%A0%D7%99-%D7%A0%D7%96%D7%99%D7%A7%D7%99%D7%9F/%D7%A2%D7%95%D7%93-%D7%A0%D7%96%D7%99%D7%A7%D7%99%D7%9F-%D7%A4%D7%A1%D7%A7%D7%99-%D7%93%D7%99%D7%9F/,DESKTOP,0,1,0.00%,72.0
https://jus-tice.co.il/%D7%A7%D7%98%D7%92%D7%95%D7%A8%D7%99%D7%95%D7%AA-%D7%9E%D7%90%D7%9E%D7%A8%D7%99%D7%9D/%D7%93%D7%99%D7%A0%D7%99-%D7%AA%D7%A2%D7%91%D7%95%D7%A8%D7%94/,DESKTOP,0,753,0.00%,44.2
https://jus-tice.co.il/%D7%A7%D7%98%D7%92%D7%95%D7%A8%D7%99%D7%95%D7%AA-%D7%9E%D7%90%D7%9E%D7%A8%D7%99%D7%9D/%D7%93%D7%99%D7%A0%D7%99-%D7%AA%D7%A2%D7%91%D7%95%D7%A8%D7%94/,MOBILE,0,315,0.00%,46.4
https://jus-tice.co.il/%D7%A7%D7%98%D7%92%D7%95%D7%A8%D7%99%D7%95%D7%AA-%D7%9E%D7%90%D7%9E%D7%A8%D7%99%D7%9D/%D7%93%D7%99%D7%A0%D7%99-%D7%AA%D7%A7%D7%A9%D7%95%D7%A8%D7%AA,DESKTOP,0,1,0.00%,81.0
https://jus-tice.co.il/%D7%A7%D7%98%D7%92%D7%95%D7%A8%D7%99%D7%95%D7%AA-%D7%9E%D7%90%D7%9E%D7%A8%D7%99%D7%9D/%D7%93%D7%99%D7%A0%D7%99-%D7%AA%D7%A7%D7%A9%D7%95%D7%A8%D7%AA/,DESKTOP,0,3,0.00%,74.0
https://jus-tice.co.il/%D7%A7%D7%98%D7%92%D7%95%D7%A8%D7%99%D7%95%D7%AA-%D7%9E%D7%90%D7%9E%D7%A8%D7%99%D7%9D/%D7%93%D7%99%D7%A0%D7%99-%D7%AA%D7%A7%D7%A9%D7%95%D7%A8%D7%AA/,TABLET,0,1,0.00%,1.0
https://jus-tice.co.il/%D7%A7%D7%98%D7%92%D7%95%D7%A8%D7%99%D7%95%D7%AA-%D7%9E%D7%90%D7%9E%D7%A8%D7%99%D7%9D/%D7%99%D7%A8%D7%95%D7%A9%D7%95%D7%AA-%D7%95%D7%A6%D7%95%D7%95%D7%90%D7%95%D7%AA/,DESKTOP,0,501,0.00%,76.8
https://jus-tice.co.il/%D7%A7%D7%98%D7%92%D7%95%D7%A8%D7%99%D7%95%D7%AA-%D7%9E%D7%90%D7%9E%D7%A8%D7%99%D7%9D/%D7%99%D7%A8%D7%95%D7%A9%D7%95%D7%AA-%D7%95%D7%A6%D7%95%D7%95%D7%90%D7%95%D7%AA/,MOBILE,0,127,0.00%,77.7
https://jus-tice.co.il/%D7%A7%D7%98%D7%92%D7%95%D7%A8%D7%99%D7%95%D7%AA-%D7%9E%D7%90%D7%9E%D7%A8%D7%99%D7%9D/%D7%99%D7%A8%D7%95%D7%A9%D7%95%D7%AA-%D7%95%D7%A6%D7%95%D7%95%D7%90%D7%95%D7%AA/,TABLET,0,6,0.00%,64.3
https://jus-tice.co.il/%D7%A7%D7%98%D7%92%D7%95%D7%A8%D7%99%D7%95%D7%AA-%D7%9E%D7%90%D7%9E%D7%A8%D7%99%D7%9D/%D7%9B%D7%A0%D7%A1%D7%AA-%D7%99%D7%A9%D7%A8%D7%90%D7%9C/,DESKTOP,0,2,0.00%,11.5
https://jus-tice.co.il/%D7%A7%D7%98%D7%92%D7%95%D7%A8%D7%99%D7%95%D7%AA-%D7%9E%D7%90%D7%9E%D7%A8%D7%99%D7%9D/%D7%9B%D7%A0%D7%A1%D7%AA-%D7%99%D7%A9%D7%A8%D7%90%D7%9C/,MOBILE,0,1,0.00%,6.0
https://jus-tice.co.il/%D7%A7%D7%98%D7%92%D7%95%D7%A8%D7%99%D7%95%D7%AA-%D7%9E%D7%90%D7%9E%D7%A8%D7%99%D7%9D/%D7%9C%D7%A9%D7%95%D7%9F-%D7%94%D7%A8%D7%A2/,DESKTOP,0,20,0.00%,63.8
https://jus-tice.co.il/%D7%A7%D7%98%D7%92%D7%95%D7%A8%D7%99%D7%95%D7%AA-%D7%9E%D7%90%D7%9E%D7%A8%D7%99%D7%9D/%D7%9E%D7%99%D7%A1%D7%99%D7%9D/,DESKTOP,0,227,0.00%,77.1
https://jus-tice.co.il/%D7%A7%D7%98%D7%92%D7%95%D7%A8%D7%99%D7%95%D7%AA-%D7%9E%D7%90%D7%9E%D7%A8%D7%99%D7%9D/%D7%9E%D7%99%D7%A1%D7%99%D7%9D/,MOBILE,0,75,0.00%,78.2
https://jus-tice.co.il/%D7%A7%D7%98%D7%92%D7%95%D7%A8%D7%99%D7%95%D7%AA-%D7%9E%D7%90%D7%9E%D7%A8%D7%99%D7%9D/%D7%9E%D7%A9%D7%A4%D7%98-%D7%99%D7%9E%D7%99,DESKTOP,0,10,0.00%,44.8
https://jus-tice.co.il/%D7%A7%D7%98%D7%92%D7%95%D7%A8%D7%99%D7%95%D7%AA-%D7%9E%D7%90%D7%9E%D7%A8%D7%99%D7%9D/%D7%9E%D7%A9%D7%A4%D7%98-%D7%99%D7%9E%D7%99/,DESKTOP,0,73,0.00%,37.5
https://jus-tice.co.il/%D7%A7%D7%98%D7%92%D7%95%D7%A8%D7%99%D7%95%D7%AA-%D7%9E%D7%90%D7%9E%D7%A8%D7%99%D7%9D/%D7%9E%D7%A9%D7%A4%D7%98-%D7%99%D7%9E%D7%99/,TABLET,0,1,0.00%,1.0
https://jus-tice.co.il/%D7%A7%D7%98%D7%92%D7%95%D7%A8%D7%99%D7%95%D7%AA-%D7%9E%D7%90%D7%9E%D7%A8%D7%99%D7%9D/%D7%9E%D7%A9%D7%A4%D7%98-%D7%9E%D7%A0%D7%94%D7%9C%D7%99/,DESKTOP,0,62,0.00%,68.9
https://jus-tice.co.il/%D7%A7%D7%98%D7%92%D7%95%D7%A8%D7%99%D7%95%D7%AA-%D7%9E%D7%90%D7%9E%D7%A8%D7%99%D7%9D/%D7%9E%D7%A9%D7%A4%D7%98-%D7%9E%D7%A0%D7%94%D7%9C%D7%99/,MOBILE,0,2,0.00%,27.0
https://jus-tice.co.il/%D7%A7%D7%98%D7%92%D7%95%D7%A8%D7%99%D7%95%D7%AA-%D7%9E%D7%90%D7%9E%D7%A8%D7%99%D7%9D/%D7%9E%D7%A9%D7%A4%D7%98-%D7%A4%D7%9C%D7%99%D7%9C%D7%99/%D7%A2%D7%95%D7%A8%D7%9A-%D7%93%D7%99%D7%9F-%D7%A4%D7%9C%D7%99%D7%9C%D7%99-%D7%A4%D7%A1%D7%A7%D7%99-%D7%93%D7%99%D7%9F-2022/,DESKTOP,0,309,0.00%,32.0
https://jus-tice.co.il/%D7%A7%D7%98%D7%92%D7%95%D7%A8%D7%99%D7%95%D7%AA-%D7%9E%D7%90%D7%9E%D7%A8%D7%99%D7%9D/%D7%9E%D7%A9%D7%A4%D7%98-%D7%A4%D7%9C%D7%99%D7%9C%D7%99/%D7%A2%D7%95%D7%A8%D7%9A-%D7%93%D7%99%D7%9F-%D7%A4%D7%9C%D7%99%D7%9C%D7%99-%D7%A4%D7%A1%D7%A7%D7%99-%D7%93%D7%99%D7%9F-2022/,MOBILE,0,18,0.00%,32.8
https://jus-tice.co.il/%D7%A7%D7%98%D7%92%D7%95%D7%A8%D7%99%D7%95%D7%AA-%D7%9E%D7%90%D7%9E%D7%A8%D7%99%D7%9D/%D7%9E%D7%A9%D7%A4%D7%98-%D7%A4%D7%9C%D7%99%D7%9C%D7%99/%D7%A4%D7%9C%D7%99%D7%9C%D7%99-%D7%A4%D7%A1%D7%A7%D7%99-%D7%93%D7%99%D7%9F-%D7%97%D7%A9%D7%95%D7%91%D7%99%D7%9D/,TABLET,0,4,0.00%,18.0
https://jus-tice.co.il/%D7%A7%D7%98%D7%92%D7%95%D7%A8%D7%99%D7%95%D7%AA-%D7%9E%D7%90%D7%9E%D7%A8%D7%99%D7%9D/%D7%A2%D7%A0%D7%99%D7%99%D7%A0%D7%99-%D7%99%D7%A8%D7%95%D7%A9%D7%94/,DESKTOP,0,102,0.00%,29.2
https://jus-tice.co.il/%D7%A7%D7%98%D7%92%D7%95%D7%A8%D7%99%D7%95%D7%AA-%D7%9E%D7%90%D7%9E%D7%A8%D7%99%D7%9D/%D7%A4%D7%95%D7%A8%D7%98%D7%95%D7%92%D7%9C/,DESKTOP,0,4,0.00%,74.8
https://jus-tice.co.il/%D7%A7%D7%98%D7%92%D7%95%D7%A8%D7%99%D7%95%D7%AA-%D7%9E%D7%90%D7%9E%D7%A8%D7%99%D7%9D/%D7%A4%D7%95%D7%A8%D7%98%D7%95%D7%92%D7%9C/,MOBILE,0,1,0.00%,63.0
https://jus-tice.co.il/%D7%A7%D7%98%D7%92%D7%95%D7%A8%D7%99%D7%95%D7%AA-%D7%9E%D7%90%D7%9E%D7%A8%D7%99%D7%9D/%D7%A4%D7%99%D7%A6%D7%95%D7%99%D7%99%D7%9D/,DESKTOP,0,5,0.00%,54.0
https://jus-tice.co.il/%D7%A7%D7%98%D7%92%D7%95%D7%A8%D7%99%D7%95%D7%AA-%D7%9E%D7%90%D7%9E%D7%A8%D7%99%D7%9D/%D7%A4%D7%9C%D7%AA%D7%93/,DESKTOP,0,4,0.00%,62.3
https://jus-tice.co.il/%D7%A7%D7%98%D7%92%D7%95%D7%A8%D7%99%D7%95%D7%AA-%D7%9E%D7%90%D7%9E%D7%A8%D7%99%D7%9D/%D7%A6%D7%95%D7%95%D7%90%D7%95%D7%AA/,DESKTOP,0,22,0.00%,62.0
https://jus-tice.co.il/%D7%A7%D7%98%D7%92%D7%95%D7%A8%D7%99%D7%95%D7%AA-%D7%9E%D7%90%D7%9E%D7%A8%D7%99%D7%9D/%D7%A6%D7%95%D7%95%D7%90%D7%95%D7%AA/,MOBILE,0,3,0.00%,44.7
https://jus-tice.co.il/%D7%A7%D7%98%D7%92%D7%95%D7%A8%D7%99%D7%95%D7%AA-%D7%9E%D7%90%D7%9E%D7%A8%D7%99%D7%9D/%D7%A7%D7%A0%D7%99%D7%99%D7%9F-%D7%A8%D7%95%D7%97%D7%A0%D7%99/,DESKTOP,0,15,0.00%,70.4
https://jus-tice.co.il/%D7%A7%D7%98%D7%92%D7%95%D7%A8%D7%99%D7%95%D7%AA-%D7%9E%D7%90%D7%9E%D7%A8%D7%99%D7%9D/%D7%AA%D7%95%D7%91%D7%A2%D7%A0%D7%95%D7%AA-%D7%99%D7%99%D7%A6%D7%95%D7%92%D7%99%D7%95%D7%AA/,DESKTOP,0,5,0.00%,77.2
https://jus-tice.co.il/%D7%A7%D7%98%D7%92%D7%95%D7%A8%D7%99%D7%95%D7%AA-%D7%9E%D7%90%D7%9E%D7%A8%D7%99%D7%9D/%D7%AA%D7%95%D7%91%D7%A2%D7%A0%D7%95%D7%AA-%D7%99%D7%99%D7%A6%D7%95%D7%92%D7%99%D7%95%D7%AA/,MOBILE,0,1,0.00%,85.0
https://jus-tice.co.il/%D7%A7%D7%99%D7%95%D7%9D-%D7%93%D7%99%D7%95%D7%A0%D7%99%D7%9D-%D7%91%D7%94%D7%9D-%D7%9E%D7%A9%D7%AA%D7%AA%D7%A3-%D7%A2%D7%A6%D7%99%D7%A8-%D7%90%D7%95-%D7%90%D7%A1%D7%99%D7%A8-%D7%91%D7%94%D7%99%D7%95%D7%95%D7%A2%D7%93%D7%95%D7%AA-%D7%97%D7%96%D7%95%D7%AA%D7%99%D7%AA/,DESKTOP,0,133,0.00%,69.3
https://jus-tice.co.il/%D7%A7%D7%A8%D7%99%D7%98%D7%A8%D7%99%D7%95%D7%A0%D7%99%D7%9D-%D7%9C%D7%A7%D7%91%D7%99%D7%A2%D7%AA-%D7%9E%D7%A2%D7%9E%D7%93-%D7%91%D7%A0%D7%99-%D7%94%D7%96%D7%95%D7%92-%D7%9C%D7%A4%D7%A0%D7%99-%D7%94%D7%97%D7%AA%D7%95%D7%A0%D7%94-%D7%9B%D7%99%D7%93%D7%95%D7%A2%D7%99%D7%9D-%D7%91%D7%A6%D7%99%D7%91%D7%95%D7%A8/,DESKTOP,0,905,0.00%,56.5
https://jus-tice.co.il/%D7%A7%D7%A8%D7%99%D7%98%D7%A8%D7%99%D7%95%D7%A0%D7%99%D7%9D-%D7%9C%D7%A7%D7%91%D7%99%D7%A2%D7%AA-%D7%9E%D7%A2%D7%9E%D7%93-%D7%91%D7%A0%D7%99-%D7%94%D7%96%D7%95%D7%92-%D7%9C%D7%A4%D7%A0%D7%99-%D7%94%D7%97%D7%AA%D7%95%D7%A0%D7%94-%D7%9B%D7%99%D7%93%D7%95%D7%A2%D7%99%D7%9D-%D7%91%D7%A6%D7%99%D7%91%D7%95%D7%A8/,MOBILE,0,148,0.00%,59.0
https://jus-tice.co.il/%D7%A8%D7%99%D7%A9%D7%95%D7%9D-%D7%A7%D7%98%D7%99%D7%9F-%D7%9C%D7%9E%D7%95%D7%A1%D7%93-%D7%97%D7%99%D7%A0%D7%95%D7%9B%D7%99-%D7%9C%D7%A9%D7%A0%D7%AA-%D7%94%D7%9C%D7%99%D7%9E%D7%95%D7%93%D7%99%D7%9D-%D7%AA%D7%A9%D7%A4%D7%91/,DESKTOP,0,105,0.00%,58.6
https://jus-tice.co.il/%D7%A8%D7%9B%D7%99%D7%A9%D7%AA-%D7%A0%D7%93%D7%9C%D7%9F-%D7%91%D7%9E%D7%A0%D7%94%D7%98%D7%9F-%D7%9E%D7%94-%D7%97%D7%95%D7%91%D7%94-%D7%9C%D7%91%D7%93%D7%95%D7%A7-%D7%9C%D7%A4%D7%A0%D7%99-%D7%91%D7%99%D7%A6%D7%95%D7%A2-%D7%A2%D7%A1%D7%A7%D7%94/,DESKTOP,0,2160,0.00%,41.3
https://jus-tice.co.il/%D7%A8%D7%9B%D7%99%D7%A9%D7%AA-%D7%A0%D7%93%D7%9C%D7%9F-%D7%91%D7%9E%D7%A0%D7%94%D7%98%D7%9F-%D7%9E%D7%94-%D7%97%D7%95%D7%91%D7%94-%D7%9C%D7%91%D7%93%D7%95%D7%A7-%D7%9C%D7%A4%D7%A0%D7%99-%D7%91%D7%99%D7%A6%D7%95%D7%A2-%D7%A2%D7%A1%D7%A7%D7%94/,MOBILE,0,476,0.00%,50.4
https://jus-tice.co.il/%D7%A8%D7%9E%D7%A929980-04-22%D7%A2-%D7%90-%D7%95-%D7%A0-%D7%A4-%D7%95/,DESKTOP,0,271,0.00%,61.3
https://jus-tice.co.il/%D7%A8%D7%9E%D7%A929980-04-22%D7%A2-%D7%90-%D7%95-%D7%A0-%D7%A4-%D7%95/,MOBILE,0,8,0.00%,71.8
https://jus-tice.co.il/%D7%A8%D7%A9%D7%99%D7%9E%D7%AA-%D7%9E%D7%95%D7%9E%D7%97%D7%99%D7%9D-%D7%A8%D7%A4%D7%95%D7%90%D7%99%D7%99%D7%9D-%D7%9C%D7%91%D7%99%D7%AA-%D7%9E%D7%A9%D7%A4%D7%98-%D7%9E%D7%AA%D7%A2%D7%93%D7%9B%D7%9F/,TABLET,0,1,0.00%,10.0
https://jus-tice.co.il/%D7%A8%D7%A9%D7%9C%D7%A0%D7%95%D7%AA-%D7%A8%D7%A4%D7%95%D7%90%D7%99%D7%AA-%D7%90%D7%91%D7%97%D7%95%D7%9F-%D7%A9%D7%92%D7%95%D7%99/,DESKTOP,0,590,0.00%,61.9
https://jus-tice.co.il/%D7%A8%D7%A9%D7%9C%D7%A0%D7%95%D7%AA-%D7%A8%D7%A4%D7%95%D7%90%D7%99%D7%AA-%D7%90%D7%91%D7%97%D7%95%D7%9F-%D7%A9%D7%92%D7%95%D7%99/,MOBILE,0,25,0.00%,74.3
https://jus-tice.co.il/%D7%A8%D7%A9%D7%9C%D7%A0%D7%95%D7%AA-%D7%A8%D7%A4%D7%95%D7%90%D7%99%D7%AA-%D7%91%D7%94%D7%99%D7%AA-%D7%97%D7%95%D7%9C%D7%99%D7%9D/,DESKTOP,0,1265,0.00%,59.4
https://jus-tice.co.il/%D7%A8%D7%A9%D7%9C%D7%A0%D7%95%D7%AA-%D7%A8%D7%A4%D7%95%D7%90%D7%99%D7%AA-%D7%91%D7%94%D7%99%D7%AA-%D7%97%D7%95%D7%9C%D7%99%D7%9D/,MOBILE,0,114,0.00%,61.8
https://jus-tice.co.il/%D7%A8%D7%A9%D7%9C%D7%A0%D7%95%D7%AA-%D7%A8%D7%A4%D7%95%D7%90%D7%99%D7%AA-%D7%95%D7%AA%D7%A4%D7%A7%D7%99%D7%93%D7%9D-%D7%A9%D7%9C-%D7%A2%D7%93%D7%99%D7%9D-%D7%9E%D7%95%D7%9E%D7%97%D7%99%D7%9D-%D7%9B%D7%99%D7%A6%D7%93-%D7%A2%D7%93%D7%95%D7%AA-%D7%9E%D7%95%D7%9E%D7%97%D7%99%D7%9D-%D7%99%D7%9B%D7%95%D7%9C%D7%94-%D7%9C%D7%A2%D7%96%D7%95%D7%A8-%D7%9C%D7%A7%D7%95%D7%A8%D7%91%D7%A0%D7%95%D7%AA-%D7%A8%D7%A9%D7%9C%D7%A0%D7%95%D7%AA-%D7%9C%D7%97%D7%A4%D7%A9-%D7%A6%D7%93%D7%A7/,DESKTOP,0,9,0.00%,87.4
https://jus-tice.co.il/%D7%A8%D7%AA%D7%A7-38215-11-21-%D7%A9%D7%95%D7%A1%D7%98%D7%A8%D7%9E%D7%9F-%D7%A0-%D7%90%D7%9C%D7%91%D7%A8-%D7%A6%D7%99%D7%99-%D7%A8%D7%9B%D7%91/,TABLET,0,2,0.00%,50.5
https://jus-tice.co.il/%D7%A9%D7%95%D7%A4%D7%98%D7%AA-%D7%99%D7%A4%D7%A2%D7%AA-%D7%A9%D7%A7%D7%93%D7%99-%D7%A9%D7%A5-%D7%A4%D7%A1%D7%93-%D7%91%D7%97%D7%9C%D7%95%D7%A7%D7%AA-%D7%96%D7%9B%D7%95%D7%99%D7%95%D7%AA-%D7%95%D7%A1%D7%99%D7%9C%D7%95%D7%A7-%D7%99%D7%93-%D7%91%D7%9E%D7%A9%D7%A7-%D7%A9%D7%9C-%D7%99%D7%93%D7%95%D7%A2%D7%99%D7%9D-%D7%91%D7%A6%D7%99%D7%91%D7%95%D7%A8-%D7%AA%D7%9C%D7%94%D7%9E-41769-11-19/,DESKTOP,0,366,0.00%,45.3
https://jus-tice.co.il/%D7%A9%D7%95%D7%A4%D7%98%D7%AA-%D7%99%D7%A4%D7%A2%D7%AA-%D7%A9%D7%A7%D7%93%D7%99-%D7%A9%D7%A5-%D7%A4%D7%A1%D7%93-%D7%91%D7%97%D7%9C%D7%95%D7%A7%D7%AA-%D7%96%D7%9B%D7%95%D7%99%D7%95%D7%AA-%D7%95%D7%A1%D7%99%D7%9C%D7%95%D7%A7-%D7%99%D7%93-%D7%91%D7%9E%D7%A9%D7%A7-%D7%A9%D7%9C-%D7%99%D7%93%D7%95%D7%A2%D7%99%D7%9D-%D7%91%D7%A6%D7%99%D7%91%D7%95%D7%A8-%D7%AA%D7%9C%D7%94%D7%9E-41769-11-19/,TABLET,0,4,0.00%,6.8
https://jus-tice.co.il/%D7%A9%D7%95%D7%A7-%D7%94%D7%A0%D7%93%D7%9C%D7%9F-%D7%91%D7%A7%D7%A4%D7%A8%D7%99%D7%A1%D7%99%D7%9F/,DESKTOP,0,7278,0.00%,59.3
https://jus-tice.co.il/%D7%A9%D7%95%D7%A7-%D7%94%D7%A0%D7%93%D7%9C%D7%9F-%D7%91%D7%A7%D7%A4%D7%A8%D7%99%D7%A1%D7%99%D7%9F/,MOBILE,0,510,0.00%,59.4
https://jus-tice.co.il/%D7%AA%D7%90-16763-09-21%D7%9E%D7%95%D7%98%D7%99%D7%A2%D7%99-%D7%A0-%D7%A1%D7%A4%D7%A6%D7%99%D7%A7-%D7%A8%D7%99%D7%91%D7%A7-%D7%95%D7%90%D7%97/,DESKTOP,0,110,0.00%,59.2
https://jus-tice.co.il/%D7%AA%D7%90-16763-09-21%D7%9E%D7%95%D7%98%D7%99%D7%A2%D7%99-%D7%A0-%D7%A1%D7%A4%D7%A6%D7%99%D7%A7-%D7%A8%D7%99%D7%91%D7%A7-%D7%95%D7%90%D7%97/,MOBILE,0,8,0.00%,59.1
https://jus-tice.co.il/%D7%AA%D7%90-19141-07-18-%D7%94%D7%9C%D7%95%D7%99-%D7%A0-%D7%A4%D7%98-%D7%91%D7%99%D7%99-%D7%99%D7%A9%D7%A8%D7%90%D7%9C-%D7%91%D7%A2%D7%9E-%D7%95%D7%90%D7%97/,DESKTOP,0,1356,0.00%,57.9
https://jus-tice.co.il/%D7%AA%D7%90-19141-07-18-%D7%94%D7%9C%D7%95%D7%99-%D7%A0-%D7%A4%D7%98-%D7%91%D7%99%D7%99-%D7%99%D7%A9%D7%A8%D7%90%D7%9C-%D7%91%D7%A2%D7%9E-%D7%95%D7%90%D7%97/,MOBILE,0,14,0.00%,62.1
https://jus-tice.co.il/%D7%AA%D7%90-28120-03-18-%D7%A4%D7%9C%D7%95%D7%A0%D7%99-%D7%A0-googel-llc-%D7%95%D7%90%D7%97/,DESKTOP,0,1856,0.00%,57.8
https://jus-tice.co.il/%D7%AA%D7%90-28120-03-18-%D7%A4%D7%9C%D7%95%D7%A0%D7%99-%D7%A0-googel-llc-%D7%95%D7%90%D7%97/,MOBILE,0,129,0.00%,43.1
https://jus-tice.co.il/%D7%AA%D7%90-28120-03-18-%D7%A4%D7%9C%D7%95%D7%A0%D7%99-%D7%A0-googel-llc-%D7%95%D7%90%D7%97/,TABLET,0,1,0.00%,68.0
https://jus-tice.co.il/%D7%AA%D7%90-42164-01-19-%D7%A7%D7%95%D7%A8%D7%9E%D7%9F-%D7%95%D7%90%D7%97-%D7%A0-%D7%98%D7%91%D7%9C/,DESKTOP,0,959,0.00%,53.7
https://jus-tice.co.il/%D7%AA%D7%90-42164-01-19-%D7%A7%D7%95%D7%A8%D7%9E%D7%9F-%D7%95%D7%90%D7%97-%D7%A0-%D7%98%D7%91%D7%9C/,MOBILE,0,210,0.00%,45.5
https://jus-tice.co.il/%D7%AA%D7%90-48125-05-18-%D7%92%D7%91%D7%90%D7%99-%D7%95%D7%90%D7%97-%D7%A0-%D7%A7%D7%91%D7%95%D7%A6%D7%AA-%D7%97%D7%92%D7%92-%D7%99%D7%99%D7%96%D7%95%D7%9D-%D7%A0%D7%93%D7%9C%D7%9F/,DESKTOP,0,207,0.00%,79.7
https://jus-tice.co.il/%D7%AA%D7%90-48125-05-18-%D7%92%D7%91%D7%90%D7%99-%D7%95%D7%90%D7%97-%D7%A0-%D7%A7%D7%91%D7%95%D7%A6%D7%AA-%D7%97%D7%92%D7%92-%D7%99%D7%99%D7%96%D7%95%D7%9D-%D7%A0%D7%93%D7%9C%D7%9F/,MOBILE,0,13,0.00%,34.5
https://jus-tice.co.il/%D7%AA%D7%90-48441-01-15-%D7%A4%D7%9C%D7%95%D7%A0%D7%99-%D7%A0%D7%92%D7%93-%D7%9E%D7%92%D7%93%D7%9C-%D7%97%D7%91%D7%A8%D7%94-%D7%9C%D7%91%D7%99%D7%98%D7%95%D7%97/,DESKTOP,0,609,0.00%,78.9
https://jus-tice.co.il/%D7%AA%D7%90-48441-01-15-%D7%A4%D7%9C%D7%95%D7%A0%D7%99-%D7%A0%D7%92%D7%93-%D7%9E%D7%92%D7%93%D7%9C-%D7%97%D7%91%D7%A8%D7%94-%D7%9C%D7%91%D7%99%D7%98%D7%95%D7%97/,MOBILE,0,23,0.00%,74.4
https://jus-tice.co.il/%D7%AA%D7%90-55450-03-20-%D7%9E%D7%A0%D7%98%D7%99%D7%9F-%D7%90%D7%99%D7%A0%D7%95%D7%95%D7%A1%D7%98%D7%9E%D7%A0%D7%98%D7%A1-%D7%91%D7%A2%D7%9E-%D7%95%D7%90%D7%97-%D7%A0-%D7%A1%D7%A8%D7%92%D7%A0%D7%99/,DESKTOP,0,2007,0.00%,70.1
https://jus-tice.co.il/%D7%AA%D7%90-55450-03-20-%D7%9E%D7%A0%D7%98%D7%99%D7%9F-%D7%90%D7%99%D7%A0%D7%95%D7%95%D7%A1%D7%98%D7%9E%D7%A0%D7%98%D7%A1-%D7%91%D7%A2%D7%9E-%D7%95%D7%90%D7%97-%D7%A0-%D7%A1%D7%A8%D7%92%D7%A0%D7%99/,MOBILE,0,126,0.00%,73.6
https://jus-tice.co.il/%D7%AA%D7%90-63470-05-19-%D7%96%D7%95%D7%94%D7%A8-%D7%95%D7%90%D7%97-%D7%A0-facebook-inc-%D7%95%D7%90%D7%97-23-%D7%9C%D7%90%D7%95%D7%92%D7%95%D7%A1%D7%98-2021/,DESKTOP,0,752,0.00%,52.0
https://jus-tice.co.il/%D7%AA%D7%90-63470-05-19-%D7%96%D7%95%D7%94%D7%A8-%D7%95%D7%90%D7%97-%D7%A0-facebook-inc-%D7%95%D7%90%D7%97-23-%D7%9C%D7%90%D7%95%D7%92%D7%95%D7%A1%D7%98-2021/,MOBILE,0,215,0.00%,40.0
https://jus-tice.co.il/%D7%AA%D7%90-63470-05-19-%D7%96%D7%95%D7%94%D7%A8-%D7%95%D7%90%D7%97-%D7%A0-facebook-inc-%D7%95%D7%90%D7%97-23-%D7%9C%D7%90%D7%95%D7%92%D7%95%D7%A1%D7%98-2021/,TABLET,0,1,0.00%,22.0
https://jus-tice.co.il/%D7%AA%D7%90-63521-05-19-%D7%A4%D7%99%D7%A7%D7%9C-%D7%A0-%D7%90%D7%A2-%D7%90%D7%9C%D7%99%D7%9E%D7%9C%D7%9A-%D7%97%D7%91%D7%A8%D7%94-%D7%9C%D7%91%D7%A0%D7%99%D7%9F-%D7%95%D7%9C%D7%A4%D7%99%D7%AA%D7%95%D7%97-%D7%A8%D7%97%D7%95%D7%91%D7%95%D7%AA-%D7%91%D7%A2%D7%9E/,DESKTOP,0,590,0.00%,59.9
https://jus-tice.co.il/%D7%AA%D7%90-79092-12-20-%D7%A8%D7%A9%D7%9C%D7%A0%D7%95%D7%AA-%D7%A8%D7%A4%D7%95%D7%90%D7%99%D7%AA/,DESKTOP,0,203,0.00%,78.9
https://jus-tice.co.il/%D7%AA%D7%9013429-05-21-%D7%A0%D7%AA%D7%A0%D7%99%D7%94%D7%95-%D7%95%D7%90%D7%97-%D7%A0-%D7%90%D7%95%D7%9C%D7%9E%D7%A8%D7%98/,DESKTOP,0,65,0.00%,51.0
https://jus-tice.co.il/%D7%AA%D7%9013429-05-21-%D7%A0%D7%AA%D7%A0%D7%99%D7%94%D7%95-%D7%95%D7%90%D7%97-%D7%A0-%D7%90%D7%95%D7%9C%D7%9E%D7%A8%D7%98/,MOBILE,0,5,0.00%,26.4
https://jus-tice.co.il/%D7%AA%D7%903634-10-16%D7%A4%D7%9C%D7%95%D7%A0%D7%99-%D7%A0-%D7%90%D7%92%D7%93-%D7%AA%D7%A2%D7%91%D7%95%D7%A8%D7%94-%D7%91%D7%A2%D7%9E/,DESKTOP,0,168,0.00%,53.3
https://jus-tice.co.il/%D7%AA%D7%903634-10-16%D7%A4%D7%9C%D7%95%D7%A0%D7%99-%D7%A0-%D7%90%D7%92%D7%93-%D7%AA%D7%A2%D7%91%D7%95%D7%A8%D7%94-%D7%91%D7%A2%D7%9E/,MOBILE,0,44,0.00%,46.7
https://jus-tice.co.il/%D7%AA%D7%91%D7%99%D7%A2%D7%94-%D7%90%D7%96%D7%A8%D7%97%D7%99%D7%AA-%D7%A0%D7%92%D7%A8%D7%A8%D7%AA-%D7%9C%D7%94%D7%A8%D7%A9%D7%A2%D7%94-%D7%91%D7%A4%D7%9C%D7%99%D7%9C%D7%99%D7%9D-%D7%AA%D7%90-38003-03-19/,TABLET,0,4,0.00%,8.8
https://jus-tice.co.il/%D7%AA%D7%91%D7%99%D7%A2%D7%94-%D7%91%D7%99%D7%97%D7%A1-%D7%9C%D7%96%D7%9B%D7%95%D7%99%D7%95%D7%AA-%D7%99%D7%95%D7%A6%D7%A8%D7%99%D7%9D-%D7%91%D7%9E%D7%A9%D7%97%D7%A7-%D7%A9%D7%9D-%D7%A7%D7%95%D7%93/,DESKTOP,0,91,0.00%,54.8
https://jus-tice.co.il/%D7%AA%D7%91%D7%99%D7%A2%D7%94-%D7%91%D7%99%D7%97%D7%A1-%D7%9C%D7%96%D7%9B%D7%95%D7%99%D7%95%D7%AA-%D7%99%D7%95%D7%A6%D7%A8%D7%99%D7%9D-%D7%91%D7%9E%D7%A9%D7%97%D7%A7-%D7%A9%D7%9D-%D7%A7%D7%95%D7%93/,MOBILE,0,1,0.00%,95.0
https://jus-tice.co.il/%D7%AA%D7%91%D7%99%D7%A2%D7%94-%D7%A9%D7%9C-%D7%90%D7%99%D7%A9%D7%94-%D7%9C%D7%A7%D7%91%D7%9C-%D7%A4%D7%99%D7%A6%D7%95%D7%99%D7%99%D7%9D-%D7%9E%D7%91%D7%9F-%D7%96%D7%95%D7%92%D7%94-%D7%9C%D7%A9%D7%A2%D7%91%D7%A8-%D7%91%D7%A9%D7%9C-%D7%AA%D7%99%D7%A2%D7%95%D7%93-%D7%90%D7%99%D7%A0%D7%98%D7%99%D7%9E%D7%99-%D7%91%D7%90%D7%9E%D7%A6%D7%A2%D7%95%D7%AA-%D7%9E%D7%A6%D7%9C%D7%9E%D7%95%D7%AA-%D7%A9%D7%94%D7%AA%D7%A7%D7%99%D7%9F-%D7%91%D7%93%D7%99%D7%A8%D7%AA%D7%94-%D7%AA%D7%9C%D7%94%D7%9E-47127-07-21/,DESKTOP,0,167,0.00%,76.8
https://jus-tice.co.il/%D7%AA%D7%91%D7%99%D7%A2%D7%94-%D7%A9%D7%9C-%D7%90%D7%99%D7%A9%D7%94-%D7%9C%D7%A7%D7%91%D7%9C-%D7%A4%D7%99%D7%A6%D7%95%D7%99%D7%99%D7%9D-%D7%9E%D7%91%D7%9F-%D7%96%D7%95%D7%92%D7%94-%D7%9C%D7%A9%D7%A2%D7%91%D7%A8-%D7%91%D7%A9%D7%9C-%D7%AA%D7%99%D7%A2%D7%95%D7%93-%D7%90%D7%99%D7%A0%D7%98%D7%99%D7%9E%D7%99-%D7%91%D7%90%D7%9E%D7%A6%D7%A2%D7%95%D7%AA-%D7%9E%D7%A6%D7%9C%D7%9E%D7%95%D7%AA-%D7%A9%D7%94%D7%AA%D7%A7%D7%99%D7%9F-%D7%91%D7%93%D7%99%D7%A8%D7%AA%D7%94-%D7%AA%D7%9C%D7%94%D7%9E-47127-07-21/,MOBILE,0,5,0.00%,75.6
https://jus-tice.co.il/%D7%AA%D7%91%D7%99%D7%A2%D7%94-%D7%A9%D7%9C-%D7%A9%D7%95%D7%9B%D7%A8%D7%99%D7%9D-%D7%A0%D7%92%D7%93-%D7%94%D7%9E%D7%A9%D7%9B%D7%99%D7%A8%D7%94-%D7%95%D7%AA%D7%91%D7%99%D7%A2%D7%94-%D7%A9%D7%9B%D7%A0%D7%92%D7%93/,DESKTOP,0,494,0.00%,73.4
https://jus-tice.co.il/%D7%AA%D7%91%D7%99%D7%A2%D7%94-%D7%A9%D7%9C-%D7%A9%D7%95%D7%9B%D7%A8%D7%99%D7%9D-%D7%A0%D7%92%D7%93-%D7%94%D7%9E%D7%A9%D7%9B%D7%99%D7%A8%D7%94-%D7%95%D7%AA%D7%91%D7%99%D7%A2%D7%94-%D7%A9%D7%9B%D7%A0%D7%92%D7%93/,MOBILE,0,24,0.00%,86.4
https://jus-tice.co.il/%D7%AA%D7%91%D7%99%D7%A2%D7%95%D7%AA-%D7%A9%D7%9C-%D7%90%D7%99%D7%A9%D7%94-%D7%9C%D7%9E%D7%AA%D7%9F-%D7%97%D7%A9%D7%91%D7%95%D7%A0%D7%95%D7%AA-%D7%9B%D7%A0%D7%92%D7%93-%D7%90%D7%97%D7%99%D7%95-%D7%A9%D7%9C-%D7%91%D7%9F-%D7%96%D7%95%D7%92%D7%94-%D7%9C%D7%A9%D7%A2%D7%91%D7%A8-%D7%94%D7%9E%D7%A0%D7%95%D7%97/,DESKTOP,0,178,0.00%,25.6
https://jus-tice.co.il/%D7%AA%D7%91%D7%99%D7%A2%D7%95%D7%AA-%D7%A9%D7%9C-%D7%90%D7%99%D7%A9%D7%94-%D7%9C%D7%9E%D7%AA%D7%9F-%D7%97%D7%A9%D7%91%D7%95%D7%A0%D7%95%D7%AA-%D7%9B%D7%A0%D7%92%D7%93-%D7%90%D7%97%D7%99%D7%95-%D7%A9%D7%9C-%D7%91%D7%9F-%D7%96%D7%95%D7%92%D7%94-%D7%9C%D7%A9%D7%A2%D7%91%D7%A8-%D7%94%D7%9E%D7%A0%D7%95%D7%97/,MOBILE,0,14,0.00%,29.1
https://jus-tice.co.il/%D7%AA%D7%91%D7%99%D7%A2%D7%AA-%D7%94%D7%90%D7%A9%D7%94-%D7%9C%D7%94%D7%A9%D7%91%D7%AA-%D7%94%D7%95%D7%A6%D7%90%D7%95%D7%AA-%D7%A9%D7%9C-%D7%9E%D7%96%D7%95%D7%A0%D7%95%D7%AA-%D7%A7%D7%98%D7%99%D7%A0%D7%99%D7%9D/,DESKTOP,0,3410,0.00%,61.8
https://jus-tice.co.il/%D7%AA%D7%91%D7%99%D7%A2%D7%AA-%D7%94%D7%90%D7%A9%D7%94-%D7%9C%D7%94%D7%A9%D7%91%D7%AA-%D7%94%D7%95%D7%A6%D7%90%D7%95%D7%AA-%D7%A9%D7%9C-%D7%9E%D7%96%D7%95%D7%A0%D7%95%D7%AA-%D7%A7%D7%98%D7%99%D7%A0%D7%99%D7%9D/,MOBILE,0,656,0.00%,63.4
https://jus-tice.co.il/%D7%AA%D7%91%D7%99%D7%A2%D7%AA-%D7%9B%D7%AA%D7%95%D7%91%D7%94-%D7%A9%D7%9C-%D7%94%D7%AA%D7%95%D7%91%D7%A2%D7%AA-%D7%94%D7%90%D7%99%D7%A9%D7%94-%D7%A2%D7%9C-%D7%A1%D7%9A-1000000-%D7%A9%D7%97/,DESKTOP,0,3189,0.00%,65.7
https://jus-tice.co.il/%D7%AA%D7%91%D7%99%D7%A2%D7%AA-%D7%9B%D7%AA%D7%95%D7%91%D7%94-%D7%A9%D7%9C-%D7%94%D7%AA%D7%95%D7%91%D7%A2%D7%AA-%D7%94%D7%90%D7%99%D7%A9%D7%94-%D7%A2%D7%9C-%D7%A1%D7%9A-1000000-%D7%A9%D7%97/,MOBILE,0,361,0.00%,67.2
https://jus-tice.co.il/%D7%AA%D7%91%D7%99%D7%A2%D7%AA-%D7%9B%D7%AA%D7%95%D7%91%D7%94-%D7%A9%D7%9C-%D7%94%D7%AA%D7%95%D7%91%D7%A2%D7%AA-%D7%94%D7%90%D7%99%D7%A9%D7%94-%D7%A2%D7%9C-%D7%A1%D7%9A-1000000-%D7%A9%D7%97/,TABLET,0,1,0.00%,6.0
https://jus-tice.co.il/%D7%AA%D7%91%D7%99%D7%A2%D7%AA-%D7%A0%D7%96%D7%A7%D7%99-%D7%92%D7%95%D7%A3-%D7%A0%D7%A4%D7%99%D7%9C%D7%94-%D7%91%D7%96%D7%9E%D7%9F-%D7%A8%D7%9B%D7%99%D7%91%D7%94-%D7%A2%D7%9C-%D7%90%D7%95%D7%A4%D7%A0%D7%99%D7%9D-%D7%97%D7%A9%D7%9E%D7%9C%D7%99%D7%99%D7%9D-%D7%91%D7%A9%D7%9C-%D7%9B%D7%91%D7%99%D7%A9-%D7%9E%D7%A9%D7%95%D7%91%D7%A9/,DESKTOP,0,1428,0.00%,71.2
https://jus-tice.co.il/%D7%AA%D7%91%D7%99%D7%A2%D7%AA-%D7%A0%D7%96%D7%A7%D7%99-%D7%92%D7%95%D7%A3-%D7%A0%D7%A4%D7%99%D7%9C%D7%94-%D7%91%D7%96%D7%9E%D7%9F-%D7%A8%D7%9B%D7%99%D7%91%D7%94-%D7%A2%D7%9C-%D7%90%D7%95%D7%A4%D7%A0%D7%99%D7%9D-%D7%97%D7%A9%D7%9E%D7%9C%D7%99%D7%99%D7%9D-%D7%91%D7%A9%D7%9C-%D7%9B%D7%91%D7%99%D7%A9-%D7%9E%D7%A9%D7%95%D7%91%D7%A9/,MOBILE,0,48,0.00%,72.1
https://jus-tice.co.il/%D7%AA%D7%91%D7%99%D7%A2%D7%AA-%D7%A7%D7%98%D7%99%D7%9F-%D7%91%D7%92%D7%99%D7%9F-%D7%A0%D7%96%D7%A7%D7%99-%D7%92%D7%95%D7%A3-%D7%A9%D7%A0%D7%92%D7%A8%D7%9E%D7%95-%D7%9C%D7%95-%D7%91%D7%A2%D7%AA-%D7%A9%D7%A9%D7%99%D7%97%D7%A7-%D7%91%D7%92%D7%9F-%D7%9E%D7%A9%D7%97%D7%A7%D7%99%D7%9D-%D7%A9%D7%9C-%D7%94%D7%A2%D7%99%D7%A8%D7%99%D7%94-%D7%AA%D7%90-71866-07-18/,DESKTOP,0,1074,0.00%,50.6
https://jus-tice.co.il/%D7%AA%D7%91%D7%99%D7%A2%D7%AA-%D7%A7%D7%98%D7%99%D7%9F-%D7%91%D7%92%D7%99%D7%9F-%D7%A0%D7%96%D7%A7%D7%99-%D7%92%D7%95%D7%A3-%D7%A9%D7%A0%D7%92%D7%A8%D7%9E%D7%95-%D7%9C%D7%95-%D7%91%D7%A2%D7%AA-%D7%A9%D7%A9%D7%99%D7%97%D7%A7-%D7%91%D7%92%D7%9F-%D7%9E%D7%A9%D7%97%D7%A7%D7%99%D7%9D-%D7%A9%D7%9C-%D7%94%D7%A2%D7%99%D7%A8%D7%99%D7%94-%D7%AA%D7%90-71866-07-18/,MOBILE,0,4,0.00%,47.0
https://jus-tice.co.il/%D7%AA%D7%97%D7%95%D7%9E%D7%99-%D7%94%D7%AA%D7%9E%D7%97%D7%95%D7%AA/%D7%93%D7%99%D7%A0%D7%99-%D7%9E%D7%A9%D7%A4%D7%97%D7%94/%D7%92%D7%99%D7%A8%D7%95%D7%A9%D7%99%D7%9F/,DESKTOP,0,8,0.00%,52.8
https://jus-tice.co.il/%D7%AA%D7%97%D7%95%D7%9E%D7%99-%D7%94%D7%AA%D7%9E%D7%97%D7%95%D7%AA/%D7%93%D7%99%D7%A0%D7%99-%D7%9E%D7%A9%D7%A4%D7%97%D7%94/%D7%92%D7%99%D7%A8%D7%95%D7%A9%D7%99%D7%9F/,MOBILE,0,2,0.00%,46.0
https://jus-tice.co.il/%D7%AA%D7%97%D7%95%D7%9E%D7%99-%D7%94%D7%AA%D7%9E%D7%97%D7%95%D7%AA/%D7%93%D7%99%D7%A0%D7%99-%D7%9E%D7%A9%D7%A4%D7%97%D7%94/%D7%9E%D7%96%D7%95%D7%A0%D7%95%D7%AA-%D7%99%D7%9C%D7%93%D7%99%D7%9D/,DESKTOP,0,55,0.00%,73.2
https://jus-tice.co.il/%D7%AA%D7%97%D7%95%D7%9E%D7%99-%D7%94%D7%AA%D7%9E%D7%97%D7%95%D7%AA/%D7%93%D7%99%D7%A0%D7%99-%D7%9E%D7%A9%D7%A4%D7%97%D7%94/%D7%9E%D7%96%D7%95%D7%A0%D7%95%D7%AA-%D7%99%D7%9C%D7%93%D7%99%D7%9D/,MOBILE,0,20,0.00%,71.3
https://jus-tice.co.il/%D7%AA%D7%97%D7%95%D7%9E%D7%99-%D7%94%D7%AA%D7%9E%D7%97%D7%95%D7%AA/%D7%93%D7%99%D7%A0%D7%99-%D7%9E%D7%A9%D7%A4%D7%97%D7%94/%D7%9E%D7%A9%D7%9E%D7%95%D7%A8%D7%AA-%D7%99%D7%9C%D7%93%D7%99%D7%9D/,DESKTOP,0,11,0.00%,62.6
https://jus-tice.co.il/%D7%AA%D7%97%D7%95%D7%9E%D7%99-%D7%94%D7%AA%D7%9E%D7%97%D7%95%D7%AA/%D7%93%D7%99%D7%A0%D7%99-%D7%9E%D7%A9%D7%A4%D7%97%D7%94/%D7%9E%D7%A9%D7%9E%D7%95%D7%A8%D7%AA-%D7%99%D7%9C%D7%93%D7%99%D7%9D/,MOBILE,0,1,0.00%,26.0
https://jus-tice.co.il/%D7%AA%D7%97%D7%95%D7%9E%D7%99-%D7%94%D7%AA%D7%9E%D7%97%D7%95%D7%AA/%D7%93%D7%99%D7%A0%D7%99-%D7%9E%D7%A9%D7%A4%D7%97%D7%94/%D7%A4%D7%A1%D7%A7%D7%99-%D7%93%D7%99%D7%9F-%D7%92%D7%99%D7%A8%D7%95%D7%A9%D7%99%D7%9F-%D7%93%D7%99%D7%A0%D7%99-%D7%9E%D7%A9%D7%A4%D7%97%D7%94-2022/,DESKTOP,0,517,0.00%,57.8
https://jus-tice.co.il/%D7%AA%D7%97%D7%95%D7%9E%D7%99-%D7%94%D7%AA%D7%9E%D7%97%D7%95%D7%AA/%D7%93%D7%99%D7%A0%D7%99-%D7%9E%D7%A9%D7%A4%D7%97%D7%94/%D7%A4%D7%A1%D7%A7%D7%99-%D7%93%D7%99%D7%9F-%D7%92%D7%99%D7%A8%D7%95%D7%A9%D7%99%D7%9F-%D7%93%D7%99%D7%A0%D7%99-%D7%9E%D7%A9%D7%A4%D7%97%D7%94-2022/,MOBILE,0,414,0.00%,39.7
https://jus-tice.co.il/%D7%AA%D7%97%D7%95%D7%9E%D7%99-%D7%94%D7%AA%D7%9E%D7%97%D7%95%D7%AA/%D7%93%D7%99%D7%A0%D7%99-%D7%9E%D7%A9%D7%A4%D7%97%D7%94/%D7%A4%D7%A1%D7%A7%D7%99-%D7%93%D7%99%D7%9F-%D7%92%D7%99%D7%A8%D7%95%D7%A9%D7%99%D7%9F-%D7%93%D7%99%D7%A0%D7%99-%D7%9E%D7%A9%D7%A4%D7%97%D7%94-2022/,TABLET,0,2,0.00%,33.0
https://jus-tice.co.il/%D7%AA%D7%97%D7%95%D7%9E%D7%99-%D7%94%D7%AA%D7%9E%D7%97%D7%95%D7%AA/%D7%93%D7%99%D7%A0%D7%99-%D7%9E%D7%A9%D7%A4%D7%97%D7%94/%D7%A4%D7%A1%D7%A7%D7%99-%D7%93%D7%99%D7%9F-%D7%97%D7%A9%D7%95%D7%91%D7%99%D7%9D/,DESKTOP,0,1,0.00%,95.0
https://jus-tice.co.il/%D7%AA%D7%97%D7%95%D7%9E%D7%99-%D7%94%D7%AA%D7%9E%D7%97%D7%95%D7%AA/%D7%93%D7%99%D7%A0%D7%99-%D7%9E%D7%A9%D7%A4%D7%97%D7%94/%D7%A4%D7%A1%D7%A7%D7%99-%D7%93%D7%99%D7%9F-%D7%97%D7%A9%D7%95%D7%91%D7%99%D7%9D/,MOBILE,0,5,0.00%,99.0
https://jus-tice.co.il/%D7%AA%D7%97%D7%95%D7%9E%D7%99-%D7%94%D7%AA%D7%9E%D7%97%D7%95%D7%AA/%D7%9E%D7%A9%D7%A4%D7%98-%D7%A4%D7%9C%D7%99%D7%9C%D7%99/,DESKTOP,0,713,0.00%,70.4
https://jus-tice.co.il/%D7%AA%D7%97%D7%95%D7%9E%D7%99-%D7%94%D7%AA%D7%9E%D7%97%D7%95%D7%AA/%D7%9E%D7%A9%D7%A4%D7%98-%D7%A4%D7%9C%D7%99%D7%9C%D7%99/,MOBILE,0,58,0.00%,72.0
https://jus-tice.co.il/%D7%AA%D7%97%D7%95%D7%9E%D7%99-%D7%94%D7%AA%D7%9E%D7%97%D7%95%D7%AA/%D7%9E%D7%A9%D7%A4%D7%98-%D7%A4%D7%9C%D7%99%D7%9C%D7%99/%D7%A2%D7%95%D7%A8%D7%9A-%D7%93%D7%99%D7%9F-%D7%A4%D7%9C%D7%99%D7%9C%D7%99-%D7%A4%D7%A1%D7%A7%D7%99-%D7%93%D7%99%D7%9F-2022/,DESKTOP,0,86,0.00%,45.7
https://jus-tice.co.il/%D7%AA%D7%97%D7%95%D7%9E%D7%99-%D7%94%D7%AA%D7%9E%D7%97%D7%95%D7%AA/%D7%9E%D7%A9%D7%A4%D7%98-%D7%A4%D7%9C%D7%99%D7%9C%D7%99/%D7%A2%D7%95%D7%A8%D7%9A-%D7%93%D7%99%D7%9F-%D7%A4%D7%9C%D7%99%D7%9C%D7%99-%D7%A4%D7%A1%D7%A7%D7%99-%D7%93%D7%99%D7%9F-2022/,MOBILE,0,18,0.00%,53.1
https://jus-tice.co.il/%D7%AA%D7%97%D7%95%D7%9E%D7%99-%D7%94%D7%AA%D7%9E%D7%97%D7%95%D7%AA/%D7%A2%D7%95%D7%93-%D7%A0%D7%96%D7%99%D7%A7%D7%99%D7%9F-%D7%A4%D7%A1%D7%A7%D7%99-%D7%93%D7%99%D7%9F/,DESKTOP,0,95,0.00%,62.5
https://jus-tice.co.il/%D7%AA%D7%97%D7%95%D7%9E%D7%99-%D7%94%D7%AA%D7%9E%D7%97%D7%95%D7%AA/%D7%A2%D7%95%D7%93-%D7%A0%D7%96%D7%99%D7%A7%D7%99%D7%9F-%D7%A4%D7%A1%D7%A7%D7%99-%D7%93%D7%99%D7%9F/,MOBILE,0,1,0.00%,100.0
https://jus-tice.co.il/%D7%AA%D7%97%D7%95%D7%9E%D7%99-%D7%94%D7%AA%D7%9E%D7%97%D7%95%D7%AA/family-law/,DESKTOP,0,32,0.00%,29.1
https://jus-tice.co.il/%D7%AA%D7%97%D7%95%D7%9E%D7%99-%D7%94%D7%AA%D7%9E%D7%97%D7%95%D7%AA/family-law/,MOBILE,0,2,0.00%,30.0
https://jus-tice.co.il/%D7%AA%D7%97%D7%A0%D7%95%D7%AA-%D7%9E%D7%A9%D7%98%D7%A8%D7%94-%D7%9B%D7%AA%D7%95%D7%91%D7%AA-%D7%9E%D7%A2%D7%95%D7%93%D7%9B%D7%9F/,MOBILE,0,1,0.00%,2.0
https://jus-tice.co.il/%D7%AA%D7%99%D7%A7-104334/3-%D7%91%D7%91%D7%99%D7%AA-%D7%94%D7%93%D7%99%D7%9F-%D7%94%D7%A8%D7%91%D7%A0%D7%99-%D7%94%D7%90%D7%96%D7%95%D7%A8%D7%99-%D7%91%D7%90%D7%A8-%D7%A9%D7%91%D7%A2/,DESKTOP,0,191,0.00%,68.3
https://jus-tice.co.il/%D7%AA%D7%99%D7%A7-104334/3-%D7%91%D7%91%D7%99%D7%AA-%D7%94%D7%93%D7%99%D7%9F-%D7%94%D7%A8%D7%91%D7%A0%D7%99-%D7%94%D7%90%D7%96%D7%95%D7%A8%D7%99-%D7%91%D7%90%D7%A8-%D7%A9%D7%91%D7%A2/,MOBILE,0,1,0.00%,53.0
https://jus-tice.co.il/%D7%AA%D7%99%D7%A7-1237405/8%D7%94%D7%91%D7%A2%D7%9C-%D7%9C%D7%90-%D7%97%D7%99%D7%99%D7%91-%D7%9C%D7%90%D7%99%D7%A9%D7%94-%D7%9E%D7%97%D7%A6%D7%99%D7%AA-%D7%9E%D7%94%D7%9E%D7%92%D7%A8%D7%A9/,DESKTOP,0,108,0.00%,90.3
https://jus-tice.co.il/%D7%AA%D7%99%D7%A7-1237405/8%D7%94%D7%91%D7%A2%D7%9C-%D7%9C%D7%90-%D7%97%D7%99%D7%99%D7%91-%D7%9C%D7%90%D7%99%D7%A9%D7%94-%D7%9E%D7%97%D7%A6%D7%99%D7%AA-%D7%9E%D7%94%D7%9E%D7%92%D7%A8%D7%A9/,MOBILE,0,78,0.00%,94.4
https://jus-tice.co.il/%D7%AA%D7%99%D7%A7-1268522/4-%D7%91%D7%91%D7%99%D7%AA-%D7%94%D7%93%D7%99%D7%9F-%D7%94%D7%A8%D7%91%D7%A0%D7%99-%D7%94%D7%90%D7%96%D7%95%D7%A8%D7%99-%D7%A4%D7%AA%D7%97-%D7%AA%D7%A7%D7%95%D7%95%D7%94/,DESKTOP,0,1197,0.00%,37.1
https://jus-tice.co.il/%D7%AA%D7%99%D7%A7-1268522/4-%D7%91%D7%91%D7%99%D7%AA-%D7%94%D7%93%D7%99%D7%9F-%D7%94%D7%A8%D7%91%D7%A0%D7%99-%D7%94%D7%90%D7%96%D7%95%D7%A8%D7%99-%D7%A4%D7%AA%D7%97-%D7%AA%D7%A7%D7%95%D7%95%D7%94/,MOBILE,0,438,0.00%,42.4
https://jus-tice.co.il/%D7%AA%D7%99%D7%A7-1268522/4-%D7%91%D7%91%D7%99%D7%AA-%D7%94%D7%93%D7%99%D7%9F-%D7%94%D7%A8%D7%91%D7%A0%D7%99-%D7%94%D7%90%D7%96%D7%95%D7%A8%D7%99-%D7%A4%D7%AA%D7%97-%D7%AA%D7%A7%D7%95%D7%95%D7%94/,TABLET,0,5,0.00%,35.8
https://jus-tice.co.il/%D7%AA%D7%99%D7%A7-1301763/3-%D7%91%D7%91%D7%99%D7%AA-%D7%94%D7%93%D7%99%D7%9F-%D7%94%D7%A8%D7%91%D7%A0%D7%99-%D7%94%D7%92%D7%93%D7%95%D7%9C-%D7%99%D7%A8%D7%95%D7%A9%D7%9C%D7%99%D7%9D/,DESKTOP,0,554,0.00%,58.0
https://jus-tice.co.il/%D7%AA%D7%99%D7%A7-1301763/3-%D7%91%D7%91%D7%99%D7%AA-%D7%94%D7%93%D7%99%D7%9F-%D7%94%D7%A8%D7%91%D7%A0%D7%99-%D7%94%D7%92%D7%93%D7%95%D7%9C-%D7%99%D7%A8%D7%95%D7%A9%D7%9C%D7%99%D7%9D/,MOBILE,0,1,0.00%,33.0
https://jus-tice.co.il/%D7%AA%D7%99%D7%A7-916847/5-%D7%91%D7%91%D7%99%D7%AA-%D7%94%D7%93%D7%99%D7%9F-%D7%94%D7%A8%D7%91%D7%A0%D7%99-%D7%94%D7%90%D7%96%D7%95%D7%A8%D7%99-%D7%90%D7%A9%D7%93%D7%95%D7%93/,DESKTOP,0,3251,0.00%,41.8
https://jus-tice.co.il/%D7%AA%D7%99%D7%A7-916847/5-%D7%91%D7%91%D7%99%D7%AA-%D7%94%D7%93%D7%99%D7%9F-%D7%94%D7%A8%D7%91%D7%A0%D7%99-%D7%94%D7%90%D7%96%D7%95%D7%A8%D7%99-%D7%90%D7%A9%D7%93%D7%95%D7%93/,MOBILE,0,324,0.00%,56.6
https://jus-tice.co.il/%D7%AA%D7%9E%D7%A9-14076-10-16-%D7%A4%D7%9C%D7%95%D7%A0%D7%99%D7%AA-%D7%A0-%D7%A4%D7%9C%D7%95%D7%A0%D7%99/,TABLET,0,1,0.00%,3.0
https://jus-tice.co.il/%D7%AA%D7%A0%D7%90%D7%99-%D7%94%D7%94%D7%A1%D7%92%D7%A8%D7%94-%D7%95%D7%A1%D7%99%D7%99%D7%92%D7%99%D7%94/,DESKTOP,0,988,0.00%,59.0
https://jus-tice.co.il/%D7%AA%D7%A0%D7%90%D7%99-%D7%94%D7%94%D7%A1%D7%92%D7%A8%D7%94-%D7%95%D7%A1%D7%99%D7%99%D7%92%D7%99%D7%94/,MOBILE,0,33,0.00%,46.7
https://jus-tice.co.il/%D7%AA%D7%A2%D7%95%D7%93%D7%AA-%D7%9E%D7%97%D7%9C%D7%94-%D7%9C%D7%A2%D7%95%D7%91%D7%93-%D7%94%D7%A9%D7%95%D7%94%D7%94-%D7%91%D7%91%D7%99%D7%93%D7%95%D7%93-%D7%A0%D7%92%D7%99%D7%A3-%D7%94%D7%A7%D7%95%D7%A8%D7%95%D7%A0%D7%94/,DESKTOP,0,1369,0.00%,50.3
https://jus-tice.co.il/%D7%AA%D7%A2%D7%95%D7%93%D7%AA-%D7%9E%D7%97%D7%9C%D7%94-%D7%9C%D7%A2%D7%95%D7%91%D7%93-%D7%94%D7%A9%D7%95%D7%94%D7%94-%D7%91%D7%91%D7%99%D7%93%D7%95%D7%93-%D7%A0%D7%92%D7%99%D7%A3-%D7%94%D7%A7%D7%95%D7%A8%D7%95%D7%A0%D7%94/,MOBILE,0,49,0.00%,45.4
https://jus-tice.co.il/%D7%AA%D7%A2%D7%95%D7%93%D7%AA-%D7%A8%D7%95%D7%A4%D7%90-%D7%90%D7%99%D7%A9%D7%95%D7%A8-%D7%A0%D7%95%D7%98%D7%A8%D7%99%D7%95%D7%A0%D7%99/,DESKTOP,0,223,0.00%,19.2
https://jus-tice.co.il/%D7%AA%D7%A2%D7%95%D7%93%D7%AA-%D7%A8%D7%95%D7%A4%D7%90-%D7%90%D7%99%D7%A9%D7%95%D7%A8-%D7%A0%D7%95%D7%98%D7%A8%D7%99%D7%95%D7%A0%D7%99/,MOBILE,0,29,0.00%,16.6
https://jus-tice.co.il/%D7%AA%D7%A4%D7%97%D7%A226551-01-21%D7%9E%D7%93%D7%99%D7%A0%D7%AA-%D7%99%D7%A9%D7%A8%D7%90%D7%9C-%D7%A0-%D7%99%D7%95%D7%A1%D7%A3%D7%A2%D7%A6%D7%99%D7%A8/,DESKTOP,0,829,0.00%,77.1
https://jus-tice.co.il/%D7%AA%D7%A4%D7%97%D7%A226551-01-21%D7%9E%D7%93%D7%99%D7%A0%D7%AA-%D7%99%D7%A9%D7%A8%D7%90%D7%9C-%D7%A0-%D7%99%D7%95%D7%A1%D7%A3%D7%A2%D7%A6%D7%99%D7%A8/,MOBILE,0,34,0.00%,84.7
https://jus-tice.co.il/%D7%AA%D7%A4%D7%A7%D7%99%D7%93%D7%9D-%D7%A9%D7%9C-%D7%A2%D7%95%D7%A8%D7%9B%D7%99-%D7%93%D7%99%D7%9F-%D7%91%D7%AA%D7%97%D7%95%D7%9D-%D7%94%D7%A1%D7%99%D7%99%D7%91%D7%A8/,DESKTOP,0,39,0.00%,38.2
https://jus-tice.co.il/%D7%AA%D7%A469728-06-20%D7%9E%D7%93%D7%99%D7%A0%D7%AA-%D7%99%D7%A9%D7%A8%D7%90%D7%9C-%D7%A0-%D7%A1%D7%95%D7%9C%D7%95%D7%9E%D7%95%D7%9F/,DESKTOP,0,1075,0.00%,64.2
https://jus-tice.co.il/%D7%AA%D7%A47140-09-21%D7%9E%D7%93%D7%99%D7%A0%D7%AA-%D7%99%D7%A9%D7%A8%D7%90%D7%9C-%D7%A0-%D7%9B%D7%A8%D7%9E%D7%99/,TABLET,0,2,0.00%,6.0
https://jus-tice.co.il/%D7%AA%D7%A7%D7%A0%D7%95%D7%AA-%D7%94%D7%91%D7%99%D7%98%D7%95%D7%97-%D7%94%D7%9C%D7%90%D7%95%D7%9E%D7%99-%D7%A7%D7%91%D7%99%D7%A2%D7%AA-%D7%93%D7%A8%D7%92%D7%AA-%D7%A0%D7%9B%D7%95%D7%AA-%D7%9C%D7%A0%D7%A4%D7%92%D7%A2%D7%99-%D7%A2%D7%91%D7%95%D7%93%D7%94-%D7%AA%D7%A9%D7%98%D7%96-1956/,MOBILE,0,694,0.00%,25.4
https://jus-tice.co.il/%D7%AA%D7%A7%D7%A0%D7%95%D7%AA-%D7%94%D7%91%D7%99%D7%98%D7%95%D7%97-%D7%94%D7%9C%D7%90%D7%95%D7%9E%D7%99-%D7%A7%D7%91%D7%99%D7%A2%D7%AA-%D7%93%D7%A8%D7%92%D7%AA-%D7%A0%D7%9B%D7%95%D7%AA-%D7%9C%D7%A0%D7%A4%D7%92%D7%A2%D7%99-%D7%A2%D7%91%D7%95%D7%93%D7%94-%D7%AA%D7%A9%D7%98%D7%96-1956/,TABLET,0,2,0.00%,7.5
https://jus-tice.co.il/%D7%AA%D7%A7%D7%A0%D7%95%D7%AA-%D7%96%D7%9B%D7%95%D7%99%D7%95%D7%AA-%D7%A0%D7%A4%D7%92%D7%A2%D7%99-%D7%A2%D7%91%D7%99%D7%A8%D7%94-%D7%94%D7%AA%D7%A9%D7%A1%D7%91-2002/,DESKTOP,0,224,0.00%,53.8
https://jus-tice.co.il/%D7%AA%D7%A7%D7%A0%D7%95%D7%AA-%D7%96%D7%9B%D7%95%D7%99%D7%95%D7%AA-%D7%A0%D7%A4%D7%92%D7%A2%D7%99-%D7%A2%D7%91%D7%99%D7%A8%D7%94-%D7%94%D7%AA%D7%A9%D7%A1%D7%91-2002/,MOBILE,0,15,0.00%,39.4
https://jus-tice.co.il/%D7%AA%D7%A7-25449-12-20-%D7%A4%D7%9C%D7%95%D7%A0%D7%99%D7%AA-%D7%95%D7%90%D7%97-%D7%A0-%D7%99%D7%95%D7%A0%D7%99%D7%99%D7%98%D7%93-%D7%90%D7%99%D7%A8%D7%9C%D7%99%D7%99%D7%A0%D7%A1-%D7%90%D7%99%D7%A0%D7%A7/,DESKTOP,0,2269,0.00%,53.1
https://jus-tice.co.il/%D7%AA%D7%A7-25449-12-20-%D7%A4%D7%9C%D7%95%D7%A0%D7%99%D7%AA-%D7%95%D7%90%D7%97-%D7%A0-%D7%99%D7%95%D7%A0%D7%99%D7%99%D7%98%D7%93-%D7%90%D7%99%D7%A8%D7%9C%D7%99%D7%99%D7%A0%D7%A1-%D7%90%D7%99%D7%A0%D7%A7/,MOBILE,0,409,0.00%,53.3
https://jus-tice.co.il/%D7%AA%D7%A9%D7%9C%D7%95%D7%9D-%D7%A4%D7%A0%D7%A1%D7%99%D7%94-%D7%95%D7%9E%D7%96%D7%95%D7%A0%D7%95%D7%AA-%D7%90%D7%97%D7%A8%D7%99-%D7%94%D7%96%D7%9E%D7%9F-%D7%94%D7%A7%D7%95%D7%91%D7%A2-1156328-2-%D7%91%D7%99%D7%94%D7%93-%D7%94%D7%92%D7%93%D7%95%D7%9C/,DESKTOP,0,19,0.00%,67.3
https://jus-tice.co.il/1027470-24/,DESKTOP,0,373,0.00%,78.2
https://jus-tice.co.il/1027470-24/,MOBILE,0,40,0.00%,78.7
https://jus-tice.co.il/10918-10-19/,DESKTOP,0,19,0.00%,43.0
https://jus-tice.co.il/10918-10-19/,MOBILE,0,1,0.00%,91.0
https://jus-tice.co.il/1170551-5-%D7%91%D7%99%D7%94%D7%93-%D7%AA%D7%9C-%D7%90%D7%91%D7%99%D7%91-%D7%99%D7%A4%D7%95/,DESKTOP,0,244,0.00%,75.3
https://jus-tice.co.il/1170551-5-%D7%91%D7%99%D7%94%D7%93-%D7%AA%D7%9C-%D7%90%D7%91%D7%99%D7%91-%D7%99%D7%A4%D7%95/,MOBILE,0,19,0.00%,80.4
https://jus-tice.co.il/1265026-5-%D7%A8%D7%91%D7%A0%D7%99-%D7%97%D7%99%D7%A4%D7%94/,DESKTOP,0,6,0.00%,64.8
https://jus-tice.co.il/1265026-5-%D7%A8%D7%91%D7%A0%D7%99-%D7%97%D7%99%D7%A4%D7%94/,MOBILE,0,3,0.00%,36.3
https://jus-tice.co.il/1303799/4/,DESKTOP,0,292,0.00%,58.9
https://jus-tice.co.il/1303799/4/,MOBILE,0,6,0.00%,84.7
https://jus-tice.co.il/1312042-4-%D7%91%D7%99%D7%94%D7%93-%D7%94%D7%92%D7%93%D7%95%D7%9C/,DESKTOP,0,791,0.00%,65.5
https://jus-tice.co.il/1312042-4-%D7%91%D7%99%D7%94%D7%93-%D7%94%D7%92%D7%93%D7%95%D7%9C/,MOBILE,0,244,0.00%,60.1
https://jus-tice.co.il/1331339-1/,DESKTOP,0,147,0.00%,68.8
https://jus-tice.co.il/1331339-1/,MOBILE,0,2,0.00%,60.0
https://jus-tice.co.il/1331339-3/,DESKTOP,0,11,0.00%,73.5
https://jus-tice.co.il/1331339-3/,MOBILE,0,3,0.00%,59.0
https://jus-tice.co.il/1355956-3/,DESKTOP,0,293,0.00%,61.0
https://jus-tice.co.il/1355956-3/,MOBILE,0,33,0.00%,63.6
https://jus-tice.co.il/1355956-3/,TABLET,0,1,0.00%,59.0
https://jus-tice.co.il/1360470/5/,DESKTOP,0,230,0.00%,62.5
https://jus-tice.co.il/1360470/5/,MOBILE,0,19,0.00%,58.3
https://jus-tice.co.il/1386569-6/,DESKTOP,0,101,0.00%,67.9
https://jus-tice.co.il/1386569-6/,MOBILE,0,1,0.00%,36.0
https://jus-tice.co.il/1394399-1/,DESKTOP,0,43,0.00%,54.8
https://jus-tice.co.il/1394399-1/,MOBILE,0,31,0.00%,49.8
https://jus-tice.co.il/14434-07-22/,DESKTOP,0,1298,0.00%,61.7
https://jus-tice.co.il/14434-07-22/,MOBILE,0,104,0.00%,72.3
https://jus-tice.co.il/1495176/4/,DESKTOP,0,247,0.00%,64.9
https://jus-tice.co.il/1509592-1/,DESKTOP,0,5,0.00%,39.6
https://jus-tice.co.il/1520884-1/,DESKTOP,0,423,0.00%,63.9
https://jus-tice.co.il/1520884-1/,MOBILE,0,26,0.00%,73.5
https://jus-tice.co.il/1520884-1/,TABLET,0,1,0.00%,34.0
https://jus-tice.co.il/15443-09-20/,DESKTOP,0,386,0.00%,53.5
https://jus-tice.co.il/15443-09-20/,MOBILE,0,79,0.00%,43.3
https://jus-tice.co.il/17044-12-22/,DESKTOP,0,102,0.00%,62.8
https://jus-tice.co.il/18744-11-18/,DESKTOP,0,208,0.00%,45.5
https://jus-tice.co.il/18744-11-18/,TABLET,0,1,0.00%,23.0
https://jus-tice.co.il/18834-05-20/,DESKTOP,0,119,0.00%,72.5
https://jus-tice.co.il/18834-05-20/,MOBILE,0,2,0.00%,27.5
https://jus-tice.co.il/20-%D7%98%D7%99%D7%A4%D7%99%D7%9D-%D7%9C%D7%AA%D7%91%D7%99%D7%A2%D7%AA-%D7%A8%D7%A9%D7%9C%D7%A0%D7%95%D7%AA-%D7%A8%D7%A4%D7%95%D7%90%D7%99%D7%AA/,DESKTOP,0,265,0.00%,64.7
https://jus-tice.co.il/2015-2016-major-supreme-court-ruling/,DESKTOP,0,465,0.00%,33.0
https://jus-tice.co.il/2015-2016-major-supreme-court-ruling/,TABLET,0,1,0.00%,21.0
https://jus-tice.co.il/2017-2018-major-supreme-court-ruling/,DESKTOP,0,589,0.00%,26.2
https://jus-tice.co.il/2017-2018-major-supreme-court-ruling/,MOBILE,0,178,0.00%,22.5
https://jus-tice.co.il/2018-2019-major-supreme-court-ruling/,DESKTOP,0,135,0.00%,55.7
https://jus-tice.co.il/2018-2019-major-supreme-court-ruling/,MOBILE,0,26,0.00%,50.9
https://jus-tice.co.il/2019-2020-major-supreme-court-ruling,DESKTOP,0,1129,0.00%,42.1
https://jus-tice.co.il/2019-2020-major-supreme-court-ruling/,DESKTOP,0,144,0.00%,31.6
https://jus-tice.co.il/2019-2020-major-supreme-court-ruling/,MOBILE,0,17,0.00%,35.4
https://jus-tice.co.il/20847-10-23/,DESKTOP,0,592,0.00%,64.1
https://jus-tice.co.il/20847-10-23/,MOBILE,0,4,0.00%,54.3
https://jus-tice.co.il/209051/11/,DESKTOP,0,15,0.00%,89.9
https://jus-tice.co.il/209051/11/,MOBILE,0,1,0.00%,32.0
https://jus-tice.co.il/21213-04-18/,DESKTOP,0,575,0.00%,64.2
https://jus-tice.co.il/21213-04-18/,TABLET,0,1,0.00%,51.0
https://jus-tice.co.il/21336-03-22/,DESKTOP,0,79,0.00%,66.9
https://jus-tice.co.il/21336-03-22/,MOBILE,0,16,0.00%,68.2
https://jus-tice.co.il/2542-10-22/,DESKTOP,0,20,0.00%,65.8
https://jus-tice.co.il/2542-10-22/,MOBILE,0,1,0.00%,42.0
https://jus-tice.co.il/26082021-%D7%A9%D7%97%D7%A8%D7%95%D7%A8-%D7%96%D7%93%D7%95%D7%A8%D7%95%D7%91-%D7%9C%D7%9E%D7%A2%D7%A6%D7%A8-%D7%91%D7%99%D7%AA-%D7%A4%D7%A1%D7%A7-%D7%93%D7%99%D7%9F-%D7%9E%D7%9C%D7%90-%D7%91%D7%A9%D7%A4-5743-%D7%9E%D7%93%D7%99%D7%A0%D7%AA-%D7%99%D7%A9%D7%A8%D7%90%D7%9C-%D7%A0-%D7%A8%D7%95%D7%9E%D7%9F-%D7%96%D7%93%D7%95%D7%A8%D7%95%D7%91/,DESKTOP,0,222,0.00%,45.1
https://jus-tice.co.il/26082021-%D7%A9%D7%97%D7%A8%D7%95%D7%A8-%D7%96%D7%93%D7%95%D7%A8%D7%95%D7%91-%D7%9C%D7%9E%D7%A2%D7%A6%D7%A8-%D7%91%D7%99%D7%AA-%D7%A4%D7%A1%D7%A7-%D7%93%D7%99%D7%9F-%D7%9E%D7%9C%D7%90-%D7%91%D7%A9%D7%A4-5743-%D7%9E%D7%93%D7%99%D7%A0%D7%AA-%D7%99%D7%A9%D7%A8%D7%90%D7%9C-%D7%A0-%D7%A8%D7%95%D7%9E%D7%9F-%D7%96%D7%93%D7%95%D7%A8%D7%95%D7%91/,MOBILE,0,13,0.00%,47.6
https://jus-tice.co.il/27404-01-23/,DESKTOP,0,233,0.00%,66.5
https://jus-tice.co.il/27404-01-23/,MOBILE,0,54,0.00%,64.5
https://jus-tice.co.il/30767-05-21/,TABLET,0,7,0.00%,5.4
https://jus-tice.co.il/32292-3-%D7%A8%D7%91%D7%A0%D7%99-%D7%90%D7%A9%D7%93%D7%95%D7%93/,DESKTOP,0,631,0.00%,52.3
https://jus-tice.co.il/32292-3-%D7%A8%D7%91%D7%A0%D7%99-%D7%90%D7%A9%D7%93%D7%95%D7%93/,MOBILE,0,36,0.00%,31.2
https://jus-tice.co.il/33316-07-19/,TABLET,0,1,0.00%,5.0
https://jus-tice.co.il/35557-01-22/,DESKTOP,0,1413,0.00%,34.6
https://jus-tice.co.il/35557-01-22/,MOBILE,0,165,0.00%,25.9
https://jus-tice.co.il/3695-02-19-labour-court-decision/,DESKTOP,0,127,0.00%,68.4
https://jus-tice.co.il/3695-02-19-labour-court-decision/,MOBILE,0,9,0.00%,60.1
https://jus-tice.co.il/3859-11-20/,DESKTOP,0,972,0.00%,38.8
https://jus-tice.co.il/3859-11-20/,MOBILE,0,222,0.00%,34.5
https://jus-tice.co.il/39040-09-22/,DESKTOP,0,94,0.00%,79.8
https://jus-tice.co.il/39040-09-22/,MOBILE,0,55,0.00%,76.7
https://jus-tice.co.il/3922-01-24/,DESKTOP,0,23,0.00%,58.6
https://jus-tice.co.il/39514-09-19/,MOBILE,0,28,0.00%,81.0
https://jus-tice.co.il/42908-08-24/,DESKTOP,0,278,0.00%,65.9
https://jus-tice.co.il/42908-08-24/,MOBILE,0,19,0.00%,63.0
https://jus-tice.co.il/44688-10-22/,DESKTOP,0,93,0.00%,46.2
https://jus-tice.co.il/44688-10-22/,MOBILE,0,10,0.00%,57.3
https://jus-tice.co.il/45983-03-22/,DESKTOP,0,11,0.00%,9.9
https://jus-tice.co.il/47795-09-20/,DESKTOP,0,347,0.00%,73.6
https://jus-tice.co.il/47795-09-20/,MOBILE,0,47,0.00%,81.2
https://jus-tice.co.il/52705-01-20/,DESKTOP,0,394,0.00%,75.2
https://jus-tice.co.il/52705-01-20/,MOBILE,0,51,0.00%,85.0
https://jus-tice.co.il/52923-11-20/,MOBILE,0,61,0.00%,66.4
https://jus-tice.co.il/53431-10-21/,TABLET,0,31,0.00%,11.0
https://jus-tice.co.il/53556-05-18/,DESKTOP,0,469,0.00%,58.5
https://jus-tice.co.il/53556-05-18/,TABLET,0,3,0.00%,8.7
https://jus-tice.co.il/54044-04-22cancel-criminal-proceedings/,DESKTOP,0,1124,0.00%,59.3
https://jus-tice.co.il/54044-04-22cancel-criminal-proceedings/,MOBILE,0,193,0.00%,44.3
https://jus-tice.co.il/54044-04-22cancel-criminal-proceedings/,TABLET,0,2,0.00%,86.0
https://jus-tice.co.il/54220-09-20/,DESKTOP,0,2,0.00%,13.0
https://jus-tice.co.il/5585-04-22estate-trust-legal-judgment/,DESKTOP,0,57,0.00%,52.2
https://jus-tice.co.il/5585-04-22estate-trust-legal-judgment/,MOBILE,0,5,0.00%,80.6
https://jus-tice.co.il/5988-21/,DESKTOP,0,1543,0.00%,60.2
https://jus-tice.co.il/5988-21/,MOBILE,0,155,0.00%,56.8
https://jus-tice.co.il/60877-12-24/,DESKTOP,0,17,0.00%,9.6
https://jus-tice.co.il/62758-11-22/,TABLET,0,2,0.00%,9.0
https://jus-tice.co.il/69430-06-20/,DESKTOP,0,1029,0.00%,45.3
https://jus-tice.co.il/69430-06-20/,MOBILE,0,130,0.00%,32.7
https://jus-tice.co.il/7-reasons-why-you-need-a-prenup/,DESKTOP,0,649,0.00%,69.9
https://jus-tice.co.il/7-reasons-why-you-need-a-prenup/,MOBILE,0,207,0.00%,66.9
https://jus-tice.co.il/70703-09-24/,DESKTOP,0,28,0.00%,39.5
https://jus-tice.co.il/74657-12-20/,DESKTOP,0,248,0.00%,54.5
https://jus-tice.co.il/74657-12-20/,MOBILE,0,27,0.00%,68.5
https://jus-tice.co.il/75054-07-19/,DESKTOP,0,2603,0.00%,45.8
https://jus-tice.co.il/75054-07-19/,MOBILE,0,652,0.00%,36.4
https://jus-tice.co.il/7808/21/,DESKTOP,0,279,0.00%,57.0
https://jus-tice.co.il/7808/21/,MOBILE,0,25,0.00%,40.8
https://jus-tice.co.il/8773-11-22/,DESKTOP,0,28,0.00%,78.5
https://jus-tice.co.il/879928-4/,DESKTOP,0,51,0.00%,70.6
https://jus-tice.co.il/879928-4/,MOBILE,0,1,0.00%,47.0
https://jus-tice.co.il/8935-09-22/,DESKTOP,0,191,0.00%,64.8
https://jus-tice.co.il/8935-09-22/,MOBILE,0,1,0.00%,6.0
https://jus-tice.co.il/9230-03-20/,DESKTOP,0,3274,0.00%,62.6
https://jus-tice.co.il/9230-03-20/,TABLET,0,10,0.00%,75.5
https://jus-tice.co.il/about-cyprus/,DESKTOP,0,2018,0.00%,40.9
https://jus-tice.co.il/about-cyprus/,MOBILE,0,848,0.00%,23.9
https://jus-tice.co.il/about-cyprus/,TABLET,0,5,0.00%,11.4
https://jus-tice.co.il/about-usa/,TABLET,0,69,0.00%,7.3
https://jus-tice.co.il/abuse-of-process/,MOBILE,0,134,0.00%,15.0
https://jus-tice.co.il/abuse-of-process/,TABLET,0,2,0.00%,8.5
https://jus-tice.co.il/access_to_healthcare_for_migrants_in_portugal/,DESKTOP,0,1,0.00%,26.0
https://jus-tice.co.il/accountant/,MOBILE,0,754,0.00%,46.1
https://jus-tice.co.il/admission-to-practice-law/,DESKTOP,0,2824,0.00%,52.4
https://jus-tice.co.il/admission-to-practice-law/,MOBILE,0,515,0.00%,47.6
https://jus-tice.co.il/adoption-usa/,DESKTOP,0,1841,0.00%,45.6
https://jus-tice.co.il/ai-lawyer-ranking/,DESKTOP,0,2493,0.00%,43.2
https://jus-tice.co.il/ai-lawyer-ranking/,TABLET,0,2,0.00%,8.0
https://jus-tice.co.il/american-bar-association/,DESKTOP,0,2466,0.00%,28.3
https://jus-tice.co.il/anesthesia-medical-malpractice/,DESKTOP,0,2733,0.00%,35.2
https://jus-tice.co.il/anesthesia-medical-malpractice/,MOBILE,0,299,0.00%,36.1
https://jus-tice.co.il/anthony-julius/,DESKTOP,0,4,0.00%,11.0
https://jus-tice.co.il/anthony-julius/,MOBILE,0,9,0.00%,10.1
https://jus-tice.co.il/antigua-and-barbuda-lawyers/,DESKTOP,0,306,0.00%,51.3
https://jus-tice.co.il/antigua-and-barbuda-lawyers/,MOBILE,0,35,0.00%,75.4
https://jus-tice.co.il/apartment/,DESKTOP,0,10287,0.00%,41.0
https://jus-tice.co.il/apartment/,MOBILE,0,1050,0.00%,49.6
https://jus-tice.co.il/apostille/,DESKTOP,0,4785,0.00%,53.9
https://jus-tice.co.il/apostille/,MOBILE,0,1192,0.00%,56.7
https://jus-tice.co.il/apostille/,TABLET,0,1,0.00%,59.0
https://jus-tice.co.il/application-for-extension-of-detention-form/,DESKTOP,0,841,0.00%,50.9
https://jus-tice.co.il/application-for-extension-of-detention-form/,MOBILE,0,215,0.00%,48.5
https://jus-tice.co.il/arbitration-dispute-between-partners-law-firm/,DESKTOP,0,150,0.00%,50.8
https://jus-tice.co.il/argentina-lawyers/,DESKTOP,0,284,0.00%,34.2
https://jus-tice.co.il/argentina-lawyers/,MOBILE,0,61,0.00%,14.5
https://jus-tice.co.il/arrested-abroad-il/,MOBILE,0,229,0.00%,34.6
https://jus-tice.co.il/articles/%25d7%2598%25d7%2595%25d7%25a4%25d7%25a1-161-%25d7%2594%25d7%2595%25d7%2593%25d7%25a2%25d7%25aa-%25d7%259e%25d7%25a2%25d7%2591%25d7%2599%25d7%2593-%25d7%25a2%25d7%259c-%25d7%25a4%25d7%25a8%25d7%2599%25d7%25a9%25d7%25aa-%25d7%25a2%25d7%2595%25d7%2591%25d7%2593-%25d7%259e%25d7%259e%25d7%25a7%25d7%2595%25d7%259d-%25d7%25a2/,DESKTOP,0,28,0.00%,56.3
https://jus-tice.co.il/articles/%25d7%2598%25d7%2595%25d7%25a4%25d7%25a1-161-%25d7%2594%25d7%2595%25d7%2593%25d7%25a2%25d7%25aa-%25d7%259e%25d7%25a2%25d7%2591%25d7%2599%25d7%2593-%25d7%25a2%25d7%259c-%25d7%25a4%25d7%25a8%25d7%2599%25d7%25a9%25d7%25aa-%25d7%25a2%25d7%2595%25d7%2591%25d7%2593-%25d7%259e%25d7%259e%25d7%25a7%25d7%2595%25d7%259d-%25d7%25a2/,MOBILE,0,1,0.00%,82.0
https://jus-tice.co.il/articles/%D7%90%D7%99%D7%9A-%D7%9C%D7%91%D7%97%D7%95%D7%A8-%D7%9E%D7%A9%D7%A8%D7%93-%D7%A2%D7%95%D7%A8%D7%9A-%D7%93%D7%99%D7%9F-%D7%92%D7%99%D7%A8%D7%95%D7%A9%D7%99%D7%9F-%D7%9B%D7%A9%D7%9E%D7%AA%D7%92%D7%A8/,DESKTOP,0,1058,0.00%,65.0
https://jus-tice.co.il/articles/%D7%90%D7%99%D7%9A-%D7%9C%D7%91%D7%97%D7%95%D7%A8-%D7%9E%D7%A9%D7%A8%D7%93-%D7%A2%D7%95%D7%A8%D7%9A-%D7%93%D7%99%D7%9F-%D7%92%D7%99%D7%A8%D7%95%D7%A9%D7%99%D7%9F-%D7%9B%D7%A9%D7%9E%D7%AA%D7%92%D7%A8/,TABLET,0,2,0.00%,57.0
https://jus-tice.co.il/articles/%D7%90%D7%99%D7%A1%D7%95%D7%A8-%D7%A4%D7%A8%D7%A1%D7%95%D7%9D-%D7%A9%D7%9C-%D7%97%D7%95%D7%95%D7%AA-%D7%93%D7%A2%D7%AA-%D7%9C%D7%A2%D7%A0%D7%99%D7%99%D7%9F-%D7%94%D7%9E%D7%A1%D7%95%D7%92%D7%9C%D7%95/,DESKTOP,0,122,0.00%,62.7
https://jus-tice.co.il/articles/%D7%90%D7%99%D7%A1%D7%95%D7%A8-%D7%A4%D7%A8%D7%A1%D7%95%D7%9D-%D7%A9%D7%9C-%D7%97%D7%95%D7%95%D7%AA-%D7%93%D7%A2%D7%AA-%D7%9C%D7%A2%D7%A0%D7%99%D7%99%D7%9F-%D7%94%D7%9E%D7%A1%D7%95%D7%92%D7%9C%D7%95/,MOBILE,0,3,0.00%,64.3
https://jus-tice.co.il/articles/%D7%90%D7%99%D7%A4%D7%94-%D7%94%D7%9B%D7%99-%D7%9E%D7%A9%D7%AA%D7%9C%D7%9D-%D7%9C%D7%99%D7%A9%D7%A8%D7%90%D7%9C%D7%99%D7%9D-%D7%9C%D7%A7%D7%A0%D7%95%D7%AA-%D7%A0%D7%93%D7%9C%D7%9F-%D7%91%D7%A2%D7%95/,DESKTOP,0,2356,0.00%,67.2
https://jus-tice.co.il/articles/%D7%90%D7%99%D7%A4%D7%94-%D7%94%D7%9B%D7%99-%D7%9E%D7%A9%D7%AA%D7%9C%D7%9D-%D7%9C%D7%99%D7%A9%D7%A8%D7%90%D7%9C%D7%99%D7%9D-%D7%9C%D7%A7%D7%A0%D7%95%D7%AA-%D7%A0%D7%93%D7%9C%D7%9F-%D7%91%D7%A2%D7%95/,MOBILE,0,779,0.00%,61.7
https://jus-tice.co.il/articles/%D7%90%D7%99%D7%AA%D7%9F-%D7%94%D7%90%D7%96%D7%A8%D7%97%D7%99-%D7%95%D7%A9%D7%95%D7%AA-%D7%9E%D7%A9%D7%A8%D7%93-%D7%A2%D7%95%D7%A8%D7%9B%D7%99-%D7%93%D7%99%D7%9F/,DESKTOP,0,231,0.00%,44.0
https://jus-tice.co.il/articles/%D7%90%D7%99%D7%AA%D7%9F-%D7%94%D7%90%D7%96%D7%A8%D7%97%D7%99-%D7%95%D7%A9%D7%95%D7%AA-%D7%9E%D7%A9%D7%A8%D7%93-%D7%A2%D7%95%D7%A8%D7%9B%D7%99-%D7%93%D7%99%D7%9F/,TABLET,0,2,0.00%,7.5
https://jus-tice.co.il/articles/%D7%90%D7%9C%D7%99%D7%9E%D7%95%D7%AA-%D7%9B%D7%9C%D7%A4%D7%99-%D7%A0%D7%A9%D7%99%D7%9D-%D7%94%D7%96%D7%9B%D7%95%D7%AA-%D7%A9%D7%9C-%D7%94%D7%90%D7%99%D7%A9%D7%94-%D7%A9%D7%94%D7%90%D7%99/,DESKTOP,0,118,0.00%,68.8
https://jus-tice.co.il/articles/%D7%90%D7%9C%D7%99%D7%9E%D7%95%D7%AA-%D7%9B%D7%9C%D7%A4%D7%99-%D7%A0%D7%A9%D7%99%D7%9D-%D7%94%D7%96%D7%9B%D7%95%D7%AA-%D7%A9%D7%9C-%D7%94%D7%90%D7%99%D7%A9%D7%94-%D7%A9%D7%94%D7%90%D7%99/,MOBILE,0,3,0.00%,95.0
https://jus-tice.co.il/articles/%D7%90%D7%9C%D7%9E%D7%95%D7%92-%D7%A9%D7%A4%D7%99%D7%A8%D7%90-%D7%97%D7%91%D7%A8%D7%AA-%D7%A2%D7%95%D7%A8%D7%9B%D7%99-%D7%93%D7%99%D7%9F/,DESKTOP,0,63,0.00%,14.4
https://jus-tice.co.il/articles/%D7%90%D7%9C%D7%9E%D7%95%D7%92-%D7%A9%D7%A4%D7%99%D7%A8%D7%90-%D7%97%D7%91%D7%A8%D7%AA-%D7%A2%D7%95%D7%A8%D7%9B%D7%99-%D7%93%D7%99%D7%9F/,MOBILE,0,51,0.00%,13.7
https://jus-tice.co.il/articles/%D7%90%D7%A7%D7%98%D7%95%D7%90%D7%A8-%D7%9E%D7%94%D7%95-%D7%9E%D7%93%D7%A2-%D7%94%D7%90%D7%A7%D7%98%D7%95%D7%90%D7%A8%D7%99%D7%94/,TABLET,0,2,0.00%,12.0
https://jus-tice.co.il/articles/%D7%91%D7%92%D7%A6-%D7%93%D7%A8%D7%A2%D7%99-2023-%D7%AA%D7%99%D7%A7%D7%95%D7%9F-%D7%97%D7%95%D7%A7-%D7%99%D7%A1%D7%95%D7%93-%D7%94%D7%9E%D7%9E%D7%A9%D7%9C%D7%94-%D7%95%D7%9E%D7%99%D7%A0%D7%95%D7%99%D7%95-%D7%A9%D7%9C-%D7%94%D7%97%D7%9B-%D7%90%D7%A8%D7%99%D7%94-%D7%93%D7%A8%D7%A2%D7%99-%D7%9C%D7%A9%D7%A8-%D7%91%D7%9E%D7%9E%D7%A9%D7%9C%D7%94-%D7%94-37-%D7%91%D7%92%D7%A5-8948-322/,DESKTOP,0,15,0.00%,69.8
https://jus-tice.co.il/articles/%D7%91%D7%92%D7%A6-%D7%93%D7%A8%D7%A2%D7%99-2023-%D7%AA%D7%99%D7%A7%D7%95%D7%9F-%D7%97%D7%95%D7%A7-%D7%99%D7%A1%D7%95%D7%93-%D7%94%D7%9E%D7%9E%D7%A9%D7%9C%D7%94-%D7%95%D7%9E%D7%99%D7%A0%D7%95%D7%99%D7%95-%D7%A9%D7%9C-%D7%94%D7%97%D7%9B-%D7%90%D7%A8%D7%99%D7%94-%D7%93%D7%A8%D7%A2%D7%99-%D7%9C%D7%A9%D7%A8-%D7%91%D7%9E%D7%9E%D7%A9%D7%9C%D7%94-%D7%94-37-%D7%91%D7%92%D7%A5-8948-322/,MOBILE,0,4,0.00%,75.8
https://jus-tice.co.il/articles/%D7%91%D7%99%D7%98%D7%95%D7%9C-%D7%99%D7%99%D7%A4%D7%95%D7%99-%D7%9B%D7%95%D7%97-%D7%9E%D7%AA%D7%9E%D7%A9%D7%9A-%D7%94%D7%97%D7%9C%D7%98%D7%94-%D7%91%D7%91%D7%A7%D7%A9%D7%94-%D7%9C%D7%A0%D7%A7/,DESKTOP,0,1433,0.00%,58.6
https://jus-tice.co.il/articles/%D7%91%D7%99%D7%98%D7%95%D7%9C-%D7%99%D7%99%D7%A4%D7%95%D7%99-%D7%9B%D7%95%D7%97-%D7%9E%D7%AA%D7%9E%D7%A9%D7%9A-%D7%94%D7%97%D7%9C%D7%98%D7%94-%D7%91%D7%91%D7%A7%D7%A9%D7%94-%D7%9C%D7%A0%D7%A7/,MOBILE,0,81,0.00%,54.4
https://jus-tice.co.il/articles/%D7%91%D7%99%D7%A8%D7%95%D7%A8-%D7%96%D7%9B%D7%95%D7%99%D7%95%D7%AA-%D7%91%D7%AA-%D7%96%D7%95%D7%92-%D7%9E%D7%9B%D7%95%D7%97-%D7%97%D7%95%D7%A7-%D7%99%D7%97%D7%A1%D7%99-%D7%9E%D7%9E%D7%95%D7%9F-%D7%9C/,DESKTOP,0,21,0.00%,56.6
https://jus-tice.co.il/articles/%D7%91%D7%99%D7%A8%D7%95%D7%A8-%D7%96%D7%9B%D7%95%D7%99%D7%95%D7%AA-%D7%91%D7%AA-%D7%96%D7%95%D7%92-%D7%9E%D7%9B%D7%95%D7%97-%D7%97%D7%95%D7%A7-%D7%99%D7%97%D7%A1%D7%99-%D7%9E%D7%9E%D7%95%D7%9F-%D7%9C/,MOBILE,0,6,0.00%,11.8
https://jus-tice.co.il/articles/%D7%91%D7%A0%D7%A7%D7%95-%D7%93%D7%94-%D7%A4%D7%95%D7%A8%D7%98%D7%95%D7%92%D7%9C-%D7%91%D7%A0%D7%A7-%D7%A8%D7%90%D7%A9%D7%99-%D7%A4%D7%95%D7%A8%D7%98%D7%95%D7%92%D7%9C/,DESKTOP,0,154,0.00%,33.0
https://jus-tice.co.il/articles/%D7%91%D7%A0%D7%A7%D7%95-%D7%93%D7%94-%D7%A4%D7%95%D7%A8%D7%98%D7%95%D7%92%D7%9C-%D7%91%D7%A0%D7%A7-%D7%A8%D7%90%D7%A9%D7%99-%D7%A4%D7%95%D7%A8%D7%98%D7%95%D7%92%D7%9C/,MOBILE,0,19,0.00%,28.2
https://jus-tice.co.il/articles/%D7%91%D7%A7%D7%A9%D7%94-%D7%9C%D7%94%D7%A2%D7%AA%D7%A7%D7%AA-%D7%97%D7%95%D7%9E%D7%A8%D7%99-%D7%97%D7%A7%D7%99%D7%A8%D7%94-%D7%95%D7%9E%D7%A1%D7%9E%D7%9B%D7%99%D7%9D-%D7%91%D7%94%D7%9C%D7%99%D7%9B/,MOBILE,0,119,0.00%,16.4
https://jus-tice.co.il/articles/%D7%91%D7%A7%D7%A9%D7%94-%D7%9C%D7%94%D7%A2%D7%AA%D7%A7%D7%AA-%D7%97%D7%95%D7%9E%D7%A8%D7%99-%D7%97%D7%A7%D7%99%D7%A8%D7%94-%D7%95%D7%9E%D7%A1%D7%9E%D7%9B%D7%99%D7%9D-%D7%91%D7%94%D7%9C%D7%99%D7%9B/,TABLET,0,1,0.00%,11.0
https://jus-tice.co.il/articles/%D7%92%D7%96%D7%A8-%D7%93%D7%99%D7%9F-%D7%9C%D7%9E%D7%95%D7%A8%D7%A9%D7%A2-%D7%91%D7%A2%D7%91%D7%99%D7%A8%D7%95%D7%AA-%D7%90%D7%99%D7%95%D7%9E%D7%99%D7%9D-%D7%9B%D7%9C%D7%A4%D7%99-%D7%92%D7%A8%D7%95/,DESKTOP,0,2391,0.00%,74.6
https://jus-tice.co.il/articles/%D7%92%D7%96%D7%A8-%D7%93%D7%99%D7%9F-%D7%9C%D7%9E%D7%95%D7%A8%D7%A9%D7%A2-%D7%91%D7%A2%D7%91%D7%99%D7%A8%D7%95%D7%AA-%D7%90%D7%99%D7%95%D7%9E%D7%99%D7%9D-%D7%9B%D7%9C%D7%A4%D7%99-%D7%92%D7%A8%D7%95/,MOBILE,0,177,0.00%,89.3
https://jus-tice.co.il/articles/%D7%92%D7%96%D7%A8-%D7%93%D7%99%D7%9F-%D7%9C%D7%9E%D7%95%D7%A8%D7%A9%D7%A2-%D7%91%D7%A2%D7%91%D7%99%D7%A8%D7%95%D7%AA-%D7%90%D7%99%D7%95%D7%9E%D7%99%D7%9D-%D7%9B%D7%9C%D7%A4%D7%99-%D7%92%D7%A8%D7%95/,TABLET,0,1,0.00%,35.0
https://jus-tice.co.il/articles/%D7%92%D7%99%D7%A8%D7%95%D7%A9%D7%99%D7%9F-%D7%90%D7%99%D7%96%D7%95%D7%9F-%D7%94%D7%9E%D7%A9%D7%90%D7%91%D7%99%D7%9D-%D7%91%D7%99%D7%9F-%D7%91%D7%A0%D7%99-%D7%96%D7%95%D7%92-%D7%9E%D7%AA%D7%92%D7%A8%D7%A9%D7%99%D7%9D-%D7%97%D7%9C%D7%95%D7%A7%D7%AA-%D7%A2%D7%A8%D7%9A-%D7%94%D7%97%D7%91%D7%A8%D7%94-%D7%A9%D7%91%D7%91%D7%A2%D7%9C%D7%95%D7%AA-%D7%94%D7%91%D7%A2%D7%9C/,DESKTOP,0,82,0.00%,58.3
https://jus-tice.co.il/articles/%D7%92%D7%99%D7%A8%D7%95%D7%A9%D7%99%D7%9F-%D7%90%D7%99%D7%96%D7%95%D7%9F-%D7%94%D7%9E%D7%A9%D7%90%D7%91%D7%99%D7%9D-%D7%91%D7%99%D7%9F-%D7%91%D7%A0%D7%99-%D7%96%D7%95%D7%92-%D7%9E%D7%AA%D7%92%D7%A8%D7%A9%D7%99%D7%9D-%D7%97%D7%9C%D7%95%D7%A7%D7%AA-%D7%A2%D7%A8%D7%9A-%D7%94%D7%97%D7%91%D7%A8%D7%94-%D7%A9%D7%91%D7%91%D7%A2%D7%9C%D7%95%D7%AA-%D7%94%D7%91%D7%A2%D7%9C/,MOBILE,0,267,0.00%,61.9
https://jus-tice.co.il/articles/%D7%92%D7%99%D7%A8%D7%95%D7%A9%D7%99%D7%9F-%D7%90%D7%99%D7%96%D7%95%D7%9F-%D7%94%D7%9E%D7%A9%D7%90%D7%91%D7%99%D7%9D-%D7%91%D7%99%D7%9F-%D7%91%D7%A0%D7%99-%D7%96%D7%95%D7%92-%D7%9E%D7%AA%D7%92%D7%A8%D7%A9%D7%99%D7%9D-%D7%97%D7%9C%D7%95%D7%A7%D7%AA-%D7%A2%D7%A8%D7%9A-%D7%94%D7%97%D7%91%D7%A8%D7%94-%D7%A9%D7%91%D7%91%D7%A2%D7%9C%D7%95%D7%AA-%D7%94%D7%91%D7%A2%D7%9C/,TABLET,0,2,0.00%,66.0
https://jus-tice.co.il/articles/%D7%92%D7%99%D7%A8%D7%95%D7%A9%D7%99%D7%9F-%D7%94%D7%90%D7%9D-%D7%97%D7%9C-%D7%97%D7%A8%D7%9D-%D7%93%D7%A8%D7%91%D7%A0%D7%95-%D7%92%D7%A8%D7%A9%D7%95%D7%9D-%D7%9B%D7%90%D7%A9%D7%A8-%D7%A0%D7%9E%D7%A6/,DESKTOP,0,321,0.00%,55.4
https://jus-tice.co.il/articles/%D7%92%D7%99%D7%A8%D7%95%D7%A9%D7%99%D7%9F-%D7%94%D7%90%D7%9D-%D7%97%D7%9C-%D7%97%D7%A8%D7%9D-%D7%93%D7%A8%D7%91%D7%A0%D7%95-%D7%92%D7%A8%D7%A9%D7%95%D7%9D-%D7%9B%D7%90%D7%A9%D7%A8-%D7%A0%D7%9E%D7%A6/,MOBILE,0,7,0.00%,29.4
https://jus-tice.co.il/articles/%D7%92%D7%99%D7%A8%D7%95%D7%A9%D7%99%D7%9F-%D7%A8%D7%91%D7%A0%D7%99-%D7%A7%D7%91%D7%99%D7%A2%D7%AA-%D7%91%D7%A2%D7%9C%D7%95%D7%AA-%D7%93%D7%99%D7%A8%D7%94-%D7%A9%D7%A0%D7%A7%D7%A0%D7%AA%D7%94-%D7%A2/,DESKTOP,0,654,0.00%,59.6
https://jus-tice.co.il/articles/%D7%92%D7%99%D7%A8%D7%95%D7%A9%D7%99%D7%9F-%D7%A8%D7%91%D7%A0%D7%99-%D7%A7%D7%91%D7%99%D7%A2%D7%AA-%D7%91%D7%A2%D7%9C%D7%95%D7%AA-%D7%93%D7%99%D7%A8%D7%94-%D7%A9%D7%A0%D7%A7%D7%A0%D7%AA%D7%94-%D7%A2/,MOBILE,0,264,0.00%,59.5
https://jus-tice.co.il/articles/%D7%92%D7%99%D7%A8%D7%95%D7%A9%D7%99%D7%9F-%D7%A8%D7%91%D7%A0%D7%99-%D7%A7%D7%91%D7%99%D7%A2%D7%AA-%D7%91%D7%A2%D7%9C%D7%95%D7%AA-%D7%93%D7%99%D7%A8%D7%94-%D7%A9%D7%A0%D7%A7%D7%A0%D7%AA%D7%94-%D7%A2/,TABLET,0,3,0.00%,66.0
https://jus-tice.co.il/articles/%D7%93%D7%97%D7%99%D7%99%D7%AA-%D7%98%D7%A2%D7%A0%D7%94-%D7%9C%D7%91%D7%99%D7%98%D7%95%D7%9C-%D7%94%D7%A1%D7%9B%D7%9D-%D7%92%D7%99%D7%A8%D7%95%D7%A9%D7%99%D7%9F-%D7%A9%D7%90%D7%95%D7%A9%D7%A8-%D7%91/,DESKTOP,0,229,0.00%,65.3
https://jus-tice.co.il/articles/%D7%93%D7%97%D7%99%D7%99%D7%AA-%D7%98%D7%A2%D7%A0%D7%94-%D7%9C%D7%91%D7%99%D7%98%D7%95%D7%9C-%D7%94%D7%A1%D7%9B%D7%9D-%D7%92%D7%99%D7%A8%D7%95%D7%A9%D7%99%D7%9F-%D7%A9%D7%90%D7%95%D7%A9%D7%A8-%D7%91/,MOBILE,0,96,0.00%,71.7
https://jus-tice.co.il/articles/%D7%93%D7%99%D7%9F-%D7%95%D7%97%D7%A9%D7%91%D7%95%D7%9F-%D7%9B%D7%A0%D7%A1%D7%AA-%D7%99%D7%A9%D7%A8%D7%90%D7%9C-2020/,DESKTOP,0,366,0.00%,67.0
https://jus-tice.co.il/articles/%D7%93%D7%99%D7%9F-%D7%95%D7%97%D7%A9%D7%91%D7%95%D7%9F-%D7%9B%D7%A0%D7%A1%D7%AA-%D7%99%D7%A9%D7%A8%D7%90%D7%9C-2020/,MOBILE,0,178,0.00%,74.7
https://jus-tice.co.il/articles/%D7%93%D7%A0%D7%A4-5387-20-%D7%A8%D7%A4%D7%99-%D7%A8%D7%95%D7%AA%D7%9D-%D7%A0-%D7%9E%D7%93%D7%99%D7%A0%D7%AA-%D7%99%D7%A9%D7%A8%D7%90%D7%9C/,DESKTOP,0,165,0.00%,52.6
https://jus-tice.co.il/articles/%D7%93%D7%A0%D7%A4-5387-20-%D7%A8%D7%A4%D7%99-%D7%A8%D7%95%D7%AA%D7%9D-%D7%A0-%D7%9E%D7%93%D7%99%D7%A0%D7%AA-%D7%99%D7%A9%D7%A8%D7%90%D7%9C/,MOBILE,0,26,0.00%,22.9
https://jus-tice.co.il/articles/%D7%93%D7%A8-%D7%92%D7%93%D7%A2%D7%95%D7%9F-%D7%A4%D7%99%D7%A9%D7%A8-%D7%95%D7%A9%D7%95%D7%AA-%D7%9E%D7%A9%D7%A8%D7%93-%D7%A2%D7%95%D7%A8%D7%9B%D7%99-%D7%93%D7%99%D7%9F/,DESKTOP,0,104,0.00%,29.8
https://jus-tice.co.il/articles/%D7%93%D7%A8-%D7%92%D7%93%D7%A2%D7%95%D7%9F-%D7%A4%D7%99%D7%A9%D7%A8-%D7%95%D7%A9%D7%95%D7%AA-%D7%9E%D7%A9%D7%A8%D7%93-%D7%A2%D7%95%D7%A8%D7%9B%D7%99-%D7%93%D7%99%D7%9F/,MOBILE,0,26,0.00%,38.6
https://jus-tice.co.il/articles/%D7%94%D7%90%D7%9D-%D7%99%D7%A9-%D7%9C%D7%97%D7%99%D7%99%D7%91-%D7%90%D7%AA-%D7%94%D7%91%D7%A2%D7%9C-%D7%9C%D7%A9%D7%9C%D7%9D-%D7%9C%D7%AA%D7%95%D7%91%D7%A2%D7%AA-%D7%A4%D7%99%D7%A6%D7%95%D7%99/,DESKTOP,0,243,0.00%,60.9
https://jus-tice.co.il/articles/%D7%94%D7%90%D7%9D-%D7%99%D7%A9-%D7%9C%D7%97%D7%99%D7%99%D7%91-%D7%90%D7%AA-%D7%94%D7%91%D7%A2%D7%9C-%D7%9C%D7%A9%D7%9C%D7%9D-%D7%9C%D7%AA%D7%95%D7%91%D7%A2%D7%AA-%D7%A4%D7%99%D7%A6%D7%95%D7%99/,MOBILE,0,29,0.00%,38.4
https://jus-tice.co.il/articles/%D7%94%D7%90%D7%9D-%D7%9C%D7%A0%D7%A6%D7%99%D7%91-%D7%A9%D7%99%D7%A8%D7%95%D7%AA-%D7%94%D7%9E%D7%93%D7%99%D7%A0%D7%94-%D7%99%D7%A9-%D7%A1%D7%9E%D7%9B%D7%95%D7%AA-%D7%9C%D7%97%D7%AA%D7%95%D7%9D-%D7%A2/,DESKTOP,0,540,0.00%,41.1
https://jus-tice.co.il/articles/%D7%94%D7%90%D7%9D-%D7%9C%D7%A0%D7%A6%D7%99%D7%91-%D7%A9%D7%99%D7%A8%D7%95%D7%AA-%D7%94%D7%9E%D7%93%D7%99%D7%A0%D7%94-%D7%99%D7%A9-%D7%A1%D7%9E%D7%9B%D7%95%D7%AA-%D7%9C%D7%97%D7%AA%D7%95%D7%9D-%D7%A2/,MOBILE,0,53,0.00%,31.4
https://jus-tice.co.il/articles/%D7%94%D7%90%D7%9D-%D7%A0%D7%99%D7%AA%D7%9F-%D7%9C%D7%94%D7%A6%D7%99%D7%92-%D7%97%D7%95%D7%95%D7%AA-%D7%93%D7%A2%D7%AA-%D7%A4%D7%A8%D7%98%D7%99%D7%AA-%D7%9C%D7%9E%D7%95%D7%9E%D7%97%D7%94-%D7%A9%D7%9E/,DESKTOP,0,1419,0.00%,73.0
https://jus-tice.co.il/articles/%D7%94%D7%90%D7%9D-%D7%A0%D7%99%D7%AA%D7%9F-%D7%9C%D7%94%D7%A6%D7%99%D7%92-%D7%97%D7%95%D7%95%D7%AA-%D7%93%D7%A2%D7%AA-%D7%A4%D7%A8%D7%98%D7%99%D7%AA-%D7%9C%D7%9E%D7%95%D7%9E%D7%97%D7%94-%D7%A9%D7%9E/,MOBILE,0,125,0.00%,81.3
https://jus-tice.co.il/articles/%D7%94%D7%90%D7%9D-%D7%AA%D7%A0%D7%99%D7%99%D7%AA-%D7%91%D7%95%D7%A8%D7%A8%D7%95%D7%AA-%D7%96%D7%A8%D7%94-%D7%91%D7%94%D7%A1%D7%9B%D7%9D-%D7%9E%D7%A7%D7%95%D7%95%D7%9F-%D7%A9%D7%91%D7%99%D7%9F-%D7%99/,DESKTOP,0,860,0.00%,62.1
https://jus-tice.co.il/articles/%D7%94%D7%90%D7%9D-%D7%AA%D7%A0%D7%99%D7%99%D7%AA-%D7%91%D7%95%D7%A8%D7%A8%D7%95%D7%AA-%D7%96%D7%A8%D7%94-%D7%91%D7%94%D7%A1%D7%9B%D7%9D-%D7%9E%D7%A7%D7%95%D7%95%D7%9F-%D7%A9%D7%91%D7%99%D7%9F-%D7%99/,MOBILE,0,17,0.00%,53.6
https://jus-tice.co.il/articles/%D7%94%D7%95%D7%93%D7%A2%D7%94-%D7%9C%D7%A4%D7%99-%D7%94%D7%97%D7%95%D7%A7-%D7%9C%D7%A7%D7%99%D7%93%D7%95%D7%9D-%D7%94%D7%91%D7%A0%D7%99%D7%99%D7%94-%D7%91%D7%9E%D7%AA%D7%97%D7%9E%D7%99%D7%9D-%D7%9E/,DESKTOP,0,10,0.00%,44.3
https://jus-tice.co.il/articles/%D7%94%D7%95%D7%93%D7%A2%D7%94-%D7%9C%D7%A4%D7%99-%D7%94%D7%97%D7%95%D7%A7-%D7%9C%D7%A7%D7%99%D7%93%D7%95%D7%9D-%D7%94%D7%91%D7%A0%D7%99%D7%99%D7%94-%D7%91%D7%9E%D7%AA%D7%97%D7%9E%D7%99%D7%9D-%D7%9E/,MOBILE,0,2,0.00%,44.5
https://jus-tice.co.il/articles/%D7%94%D7%97%D7%9C%D7%98%D7%94-%D7%91%D7%91%D7%A7%D7%A9%D7%AA-%D7%90%D7%9D-%D7%9C%D7%9E%D7%A9%D7%9E%D7%95%D7%A8%D7%AA-%D7%96%D7%9E%D7%A0%D7%99%D7%AA-%D7%A9%D7%9C-%D7%A7%D7%98%D7%99%D7%9F-%D7%95%D7%9C/,DESKTOP,0,431,0.00%,56.9
https://jus-tice.co.il/articles/%D7%94%D7%97%D7%9C%D7%98%D7%94-%D7%91%D7%91%D7%A7%D7%A9%D7%AA-%D7%90%D7%9D-%D7%9C%D7%9E%D7%A9%D7%9E%D7%95%D7%A8%D7%AA-%D7%96%D7%9E%D7%A0%D7%99%D7%AA-%D7%A9%D7%9C-%D7%A7%D7%98%D7%99%D7%9F-%D7%95%D7%9C/,MOBILE,0,4,0.00%,78.3
https://jus-tice.co.il/articles/%D7%94%D7%99%D7%A7%D7%A3-%D7%97%D7%95%D7%9E%D7%A8-%D7%94%D7%97%D7%A7%D7%99%D7%A8%D7%94-%D7%A9%D7%99%D7%A9-%D7%9C%D7%9E%D7%A1%D7%95%D7%A8-%D7%9C%D7%A2%D7%99%D7%95%D7%9F-%D7%94%D7%AA%D7%95%D7%91%D7%A2/,MOBILE,0,13,0.00%,14.8
https://jus-tice.co.il/articles/%D7%94%D7%99%D7%AA%D7%A8-%D7%A0%D7%99%D7%A9%D7%95%D7%90%D7%99%D7%9F-%D7%9E%D7%99%D7%A0%D7%A7%D7%AA-%D7%92%D7%A8%D7%95%D7%A9%D7%94-1315248-1-%D7%91%D7%99%D7%94%D7%93-%D7%90%D7%A9%D7%93%D7%95/,DESKTOP,0,23,0.00%,53.3
https://jus-tice.co.il/articles/%D7%94%D7%9C%D7%99%D7%9B%D7%99-%D7%92%D7%99%D7%A8%D7%95%D7%A9%D7%99%D7%9F-%D7%99%D7%95%D7%A6%D7%A8%D7%99%D7%9D-%D7%93%D7%99%D7%A0%D7%99%D7%9D-%D7%9E%D7%99%D7%95%D7%97%D7%93%D7%99%D7%9D-%D7%91%D7%99/,DESKTOP,0,173,0.00%,65.9
https://jus-tice.co.il/articles/%D7%94%D7%9C%D7%99%D7%9B%D7%99-%D7%92%D7%99%D7%A8%D7%95%D7%A9%D7%99%D7%9F-%D7%99%D7%95%D7%A6%D7%A8%D7%99%D7%9D-%D7%93%D7%99%D7%A0%D7%99%D7%9D-%D7%9E%D7%99%D7%95%D7%97%D7%93%D7%99%D7%9D-%D7%91%D7%99/,MOBILE,0,44,0.00%,67.5
https://jus-tice.co.il/articles/%D7%94%D7%9C%D7%9B%D7%AA-%D7%A9%D7%99%D7%AA%D7%95%D7%A3-%D7%A1%D7%A4%D7%A6%D7%99%D7%A4%D7%99-%D7%91%D7%93%D7%99%D7%A8%D7%AA-%D7%9E%D7%92%D7%95%D7%A8%D7%99%D7%9D/,DESKTOP,0,309,0.00%,65.0
https://jus-tice.co.il/articles/%D7%94%D7%9C%D7%9B%D7%AA-%D7%A9%D7%99%D7%AA%D7%95%D7%A3-%D7%A1%D7%A4%D7%A6%D7%99%D7%A4%D7%99-%D7%91%D7%93%D7%99%D7%A8%D7%AA-%D7%9E%D7%92%D7%95%D7%A8%D7%99%D7%9D/,MOBILE,0,52,0.00%,65.3
https://jus-tice.co.il/articles/%D7%94%D7%9E%D7%9C%D7%A6%D7%95%D7%AA-%D7%A6%D7%95%D7%95%D7%AA-%D7%94%D7%92%D7%99%D7%A9%D7%95%D7%A8-%D7%94%D7%A4%D7%9C%D7%99%D7%9C%D7%99-%D7%93%D7%95%D7%97-%D7%9E%D7%A1%D7%9B%D7%9D/,DESKTOP,0,414,0.00%,52.0
https://jus-tice.co.il/articles/%D7%94%D7%9E%D7%9C%D7%A6%D7%95%D7%AA-%D7%A6%D7%95%D7%95%D7%AA-%D7%94%D7%92%D7%99%D7%A9%D7%95%D7%A8-%D7%94%D7%A4%D7%9C%D7%99%D7%9C%D7%99-%D7%93%D7%95%D7%97-%D7%9E%D7%A1%D7%9B%D7%9D/,MOBILE,0,74,0.00%,31.2
https://jus-tice.co.il/articles/%D7%94%D7%A0%D7%93%D7%95%D7%9F-%D7%97%D7%A1%D7%99%D7%95%D7%9F-%D7%A2%D7%95%D7%A8%D7%9A-%D7%93%D7%99%D7%9F-%D7%9C%D7%A7%D7%95%D7%97-%D7%9C%D7%A2%D7%95%D7%9E%D7%AA-%D7%97%D7%95%D7%91%D7%AA/,DESKTOP,0,223,0.00%,47.1
https://jus-tice.co.il/articles/%D7%94%D7%A0%D7%93%D7%95%D7%9F-%D7%97%D7%A1%D7%99%D7%95%D7%9F-%D7%A2%D7%95%D7%A8%D7%9A-%D7%93%D7%99%D7%9F-%D7%9C%D7%A7%D7%95%D7%97-%D7%9C%D7%A2%D7%95%D7%9E%D7%AA-%D7%97%D7%95%D7%91%D7%AA/,MOBILE,0,15,0.00%,52.1
https://jus-tice.co.il/articles/%D7%94%D7%A2%D7%91%D7%A8%D7%AA-%D7%9E%D7%A1%D7%9E%D7%9B%D7%99%D7%9D-%D7%9E%D7%AA%D7%99%D7%A7-%D7%9E%D7%A9%D7%A4%D7%97%D7%94-%D7%9C%D7%A6%D7%95%D7%A8%D7%9A-%D7%94%D7%9C%D7%99%D7%9A-%D7%A4%D7%9C%D7%99/,DESKTOP,0,159,0.00%,68.3
https://jus-tice.co.il/articles/%D7%94%D7%A2%D7%93%D7%A8-%D7%A9%D7%99%D7%AA%D7%95%D7%A3-%D7%A1%D7%A4%D7%A6%D7%99%D7%A4%D7%99-%D7%91%D7%A0%D7%9B%D7%A1-%D7%A9%D7%A0%D7%A8%D7%A9%D7%9D-%D7%A2%D7%9C-%D7%A9%D7%9D-%D7%94%D7%91%D7%A2%D7%9C/,DESKTOP,0,98,0.00%,80.1
https://jus-tice.co.il/articles/%D7%94%D7%A2%D7%A8%D7%95%D7%AA-%D7%94%D7%A1%D7%A0%D7%99%D7%92%D7%95%D7%A8%D7%99%D7%94-%D7%94%D7%A6%D7%99%D7%91%D7%95%D7%A8%D7%99%D7%AA-%D7%9C%D7%AA%D7%96%D7%9B%D7%99%D7%A8-%D7%97%D7%95%D7%A7-%D7%99/,DESKTOP,0,332,0.00%,53.2
https://jus-tice.co.il/articles/%D7%94%D7%A2%D7%A8%D7%95%D7%AA-%D7%94%D7%A1%D7%A0%D7%99%D7%92%D7%95%D7%A8%D7%99%D7%94-%D7%94%D7%A6%D7%99%D7%91%D7%95%D7%A8%D7%99%D7%AA-%D7%9C%D7%AA%D7%96%D7%9B%D7%99%D7%A8-%D7%97%D7%95%D7%A7-%D7%99/,MOBILE,0,15,0.00%,44.7
https://jus-tice.co.il/articles/%D7%94%D7%A6%D7%A2%D7%AA-%D7%97%D7%95%D7%A7-%D7%93%D7%99%D7%A0%D7%99-%D7%9E%D7%9E%D7%95%D7%A0%D7%95%D7%AA-%D7%94%D7%AA%D7%A9%D7%A2%D7%90-2011-%D7%A2%D7%9D-%D7%94%D7%A1%D7%91%D7%A8%D7%99%D7%9D/,TABLET,0,1,0.00%,12.0
https://jus-tice.co.il/articles/%D7%94%D7%A6%D7%A2%D7%AA-%D7%AA%D7%99%D7%A7%D7%95%D7%9F-%D7%97%D7%95%D7%A7-%D7%97%D7%99%D7%A4%D7%95%D7%A9-%D7%91%D7%9E%D7%A7%D7%95%D7%9D-%D7%9C%D7%9C%D7%90-%D7%A6%D7%95-%D7%91%D7%99%D7%AA-%D7%9E/,DESKTOP,0,625,0.00%,60.4
https://jus-tice.co.il/articles/%D7%94%D7%A6%D7%A2%D7%AA-%D7%AA%D7%99%D7%A7%D7%95%D7%9F-%D7%97%D7%95%D7%A7-%D7%97%D7%99%D7%A4%D7%95%D7%A9-%D7%91%D7%9E%D7%A7%D7%95%D7%9D-%D7%9C%D7%9C%D7%90-%D7%A6%D7%95-%D7%91%D7%99%D7%AA-%D7%9E/,MOBILE,0,92,0.00%,70.3
https://jus-tice.co.il/articles/%D7%94%D7%A9%D7%95%D7%A4%D7%98%D7%AA-%D7%9E%D7%99%D7%9B%D7%9C-%D7%90%D7%92%D7%9E%D7%95%D7%9F-%D7%92%D7%95%D7%A0%D7%9F-%D7%A4%D7%A1%D7%93-%D7%91%D7%AA%D7%91%D7%99%D7%A2%D7%94-%D7%99%D7%99%D7%A6/,TABLET,0,2,0.00%,20.0
https://jus-tice.co.il/articles/%D7%96%D7%99%D7%9B%D7%95%D7%99-%D7%A0%D7%90%D7%A9%D7%9D-%D7%91%D7%AA%D7%A7%D7%99%D7%A4%D7%AA-%D7%91%D7%AA-%D7%96%D7%95%D7%92-%D7%9E%D7%97%D7%9E%D7%AA-%D7%94%D7%A1%D7%A4%D7%A7-%D7%A9%D7%95%D7%A4/,DESKTOP,0,17,0.00%,30.6
https://jus-tice.co.il/articles/%D7%96%D7%99%D7%9B%D7%95%D7%99-%D7%A0%D7%90%D7%A9%D7%9D-%D7%91%D7%AA%D7%A7%D7%99%D7%A4%D7%AA-%D7%91%D7%AA-%D7%96%D7%95%D7%92-%D7%9E%D7%97%D7%9E%D7%AA-%D7%94%D7%A1%D7%A4%D7%A7-%D7%A9%D7%95%D7%A4/,MOBILE,0,21,0.00%,11.5
https://jus-tice.co.il/articles/%D7%96%D7%9B%D7%95%D7%AA-%D7%94%D7%95%D7%A8%D7%94-%D7%92%D7%A8%D7%95%D7%A9-%D7%9C%D7%94%D7%A2%D7%AA%D7%99%D7%A7-%D7%90%D7%AA-%D7%9E%D7%92%D7%95%D7%A8%D7%99%D7%95-%D7%95%D7%90%D7%A3-%D7%9C%D7%94%D7%92/,TABLET,0,1,0.00%,10.0
https://jus-tice.co.il/articles/%D7%97%D7%95%D7%91%D7%AA-%D7%90%D7%99%D7%A9%D7%95%D7%A8-%D7%94%D7%A1%D7%9B%D7%9D-%D7%94%D7%9E%D7%94%D7%95%D7%95%D7%94-%D7%94%D7%A9%D7%9C%D7%9E%D7%94-%D7%9C%D7%94%D7%A1%D7%9B%D7%9D-%D7%9E%D7%9E%D7%95%D7%9F-%D7%90%D7%95-%D7%92%D7%99%D7%A8%D7%95%D7%A9%D7%99%D7%9F-%D7%90%D7%A3-%D7%90%D7%9D-%D7%94%D7%95%D7%92%D7%93%D7%A8-%D7%94%D7%A1%D7%9B%D7%9D-%D7%9E%D7%9B%D7%A8-%D7%95%D7%91%D7%98%D7%9C%D7%95%D7%AA%D7%95-%D7%9E%D7%A9%D7%90%D7%95%D7%A9%D7%A8-%D7%A9%D7%9C%D7%90-%D7%9B%D7%93%D7%99%D7%9F-1333563-1-%D7%91%D7%99%D7%94%D7%93-%D7%94%D7%92%D7%93%D7%95%D7%9C/,DESKTOP,0,111,0.00%,75.7
https://jus-tice.co.il/articles/%D7%97%D7%95%D7%91%D7%AA-%D7%90%D7%99%D7%A9%D7%95%D7%A8-%D7%94%D7%A1%D7%9B%D7%9D-%D7%94%D7%9E%D7%94%D7%95%D7%95%D7%94-%D7%94%D7%A9%D7%9C%D7%9E%D7%94-%D7%9C%D7%94%D7%A1%D7%9B%D7%9D-%D7%9E%D7%9E%D7%95%D7%9F-%D7%90%D7%95-%D7%92%D7%99%D7%A8%D7%95%D7%A9%D7%99%D7%9F-%D7%90%D7%A3-%D7%90%D7%9D-%D7%94%D7%95%D7%92%D7%93%D7%A8-%D7%94%D7%A1%D7%9B%D7%9D-%D7%9E%D7%9B%D7%A8-%D7%95%D7%91%D7%98%D7%9C%D7%95%D7%AA%D7%95-%D7%9E%D7%A9%D7%90%D7%95%D7%A9%D7%A8-%D7%A9%D7%9C%D7%90-%D7%9B%D7%93%D7%99%D7%9F-1333563-1-%D7%91%D7%99%D7%94%D7%93-%D7%94%D7%92%D7%93%D7%95%D7%9C/,MOBILE,0,35,0.00%,79.1
https://jus-tice.co.il/articles/%D7%97%D7%95%D7%91%D7%AA-%D7%94%D7%90%D7%91-%D7%91%D7%9E%D7%93%D7%95%D7%A8-%D7%99%D7%9C%D7%93%D7%99%D7%95-%D7%91%D7%93%D7%99%D7%A8%D7%94-%D7%A9%D7%91%D7%91%D7%A2%D7%9C%D7%95%D7%AA-%D7%94%D7%90%D7%9D/,DESKTOP,0,1992,0.00%,60.1
https://jus-tice.co.il/articles/%D7%97%D7%95%D7%91%D7%AA-%D7%94%D7%90%D7%91-%D7%91%D7%9E%D7%93%D7%95%D7%A8-%D7%99%D7%9C%D7%93%D7%99%D7%95-%D7%91%D7%93%D7%99%D7%A8%D7%94-%D7%A9%D7%91%D7%91%D7%A2%D7%9C%D7%95%D7%AA-%D7%94%D7%90%D7%9D/,MOBILE,0,174,0.00%,58.8
https://jus-tice.co.il/articles/%D7%97%D7%96%D7%A7%D7%AA-%D7%97%D7%95%D7%91-%D7%9C%D7%A6%D7%93-%D7%92-%D7%A9%D7%90%D7%9B%D7%9F-%D7%97%D7%95%D7%91-%D7%94%D7%95%D7%90-%D7%95%D7%91%D7%A8%D7%90%D7%99%D7%96%D7%95%D7%9F-%D7%95/,DESKTOP,0,370,0.00%,42.8
https://jus-tice.co.il/articles/%D7%97%D7%96%D7%A7%D7%AA-%D7%97%D7%95%D7%91-%D7%9C%D7%A6%D7%93-%D7%92-%D7%A9%D7%90%D7%9B%D7%9F-%D7%97%D7%95%D7%91-%D7%94%D7%95%D7%90-%D7%95%D7%91%D7%A8%D7%90%D7%99%D7%96%D7%95%D7%9F-%D7%95/,MOBILE,0,8,0.00%,50.0
https://jus-tice.co.il/articles/%D7%97%D7%99%D7%95%D7%91-%D7%90%D7%9D-%D7%91%D7%9E%D7%96%D7%95%D7%A0%D7%95%D7%AA-%D7%99%D7%9C%D7%93%D7%99%D7%9D-%D7%91%D7%90%D7%9C%D7%95-%D7%AA%D7%A0%D7%90%D7%99%D7%9D-1284587-12-%D7%91/,DESKTOP,0,2659,0.00%,38.0
https://jus-tice.co.il/articles/%D7%97%D7%99%D7%95%D7%91-%D7%90%D7%9D-%D7%91%D7%9E%D7%96%D7%95%D7%A0%D7%95%D7%AA-%D7%99%D7%9C%D7%93%D7%99%D7%9D-%D7%91%D7%90%D7%9C%D7%95-%D7%AA%D7%A0%D7%90%D7%99%D7%9D-1284587-12-%D7%91/,MOBILE,0,14,0.00%,60.2
https://jus-tice.co.il/articles/%D7%97%D7%99%D7%95%D7%91-%D7%92%D7%98-%D7%92%D7%99%D7%A8%D7%95%D7%A9%D7%99%D7%9F-%D7%95%D7%93%D7%97%D7%99%D7%99%D7%AA-%D7%91%D7%A7%D7%A9%D7%AA-%D7%94%D7%90%D7%99%D7%A9-%D7%9C%D7%93%D7%95%D7%9F-%D7%91/,DESKTOP,0,744,0.00%,54.5
https://jus-tice.co.il/articles/%D7%97%D7%99%D7%95%D7%91-%D7%92%D7%98-%D7%92%D7%99%D7%A8%D7%95%D7%A9%D7%99%D7%9F-%D7%95%D7%93%D7%97%D7%99%D7%99%D7%AA-%D7%91%D7%A7%D7%A9%D7%AA-%D7%94%D7%90%D7%99%D7%A9-%D7%9C%D7%93%D7%95%D7%9F-%D7%91/,MOBILE,0,86,0.00%,62.2
https://jus-tice.co.il/articles/%D7%97%D7%99%D7%95%D7%91-%D7%92%D7%98-%D7%95%D7%9B%D7%AA%D7%95%D7%91%D7%94-%D7%91%D7%9E%D7%A7%D7%A8%D7%94-%D7%A9%D7%A9%D7%A0%D7%99-%D7%94%D7%A6%D7%93%D7%93%D7%99%D7%9D-%D7%90%D7%99%D7%A0%D7%9D-%D7%A8%D7%95%D7%A6%D7%99%D7%9D-%D7%96%D7%94/,DESKTOP,0,311,0.00%,57.5
https://jus-tice.co.il/articles/%D7%97%D7%99%D7%95%D7%91-%D7%92%D7%98-%D7%95%D7%9B%D7%AA%D7%95%D7%91%D7%94-%D7%91%D7%9E%D7%A7%D7%A8%D7%94-%D7%A9%D7%A9%D7%A0%D7%99-%D7%94%D7%A6%D7%93%D7%93%D7%99%D7%9D-%D7%90%D7%99%D7%A0%D7%9D-%D7%A8%D7%95%D7%A6%D7%99%D7%9D-%D7%96%D7%94/,MOBILE,0,6,0.00%,60.7
https://jus-tice.co.il/articles/%D7%97%D7%99%D7%A4%D7%95%D7%A9-%D7%A2%D7%9C-%D7%90%D7%93%D7%9D-%D7%94%D7%A9%D7%95%D7%94%D7%94-%D7%91%D7%A9%D7%93%D7%94-%D7%91%D7%AA%D7%A2%D7%95%D7%A4%D7%94/,DESKTOP,0,379,0.00%,74.2
https://jus-tice.co.il/articles/%D7%97%D7%99%D7%A4%D7%95%D7%A9-%D7%A2%D7%9C-%D7%90%D7%93%D7%9D-%D7%94%D7%A9%D7%95%D7%94%D7%94-%D7%91%D7%A9%D7%93%D7%94-%D7%91%D7%AA%D7%A2%D7%95%D7%A4%D7%94/,MOBILE,0,3,0.00%,45.7
https://jus-tice.co.il/articles/%D7%97%D7%99%D7%A9%D7%95%D7%91-%D7%A9%D7%99%D7%A2%D7%95%D7%A8-%D7%97%D7%99%D7%95%D7%91%D7%95-%D7%A9%D7%9C-%D7%90%D7%91-%D7%A9%D7%90%D7%99%D7%A0%D7%95-%D7%9E%D7%A0%D7%A6%D7%9C-%D7%90%D7%AA-%D7%9E%D7%9C/,DESKTOP,0,258,0.00%,72.6
https://jus-tice.co.il/articles/%D7%97%D7%9C%D7%95%D7%A7%D7%AA-%D7%96%D7%9E%D7%A0%D7%99-%D7%A9%D7%94%D7%95%D7%AA-%D7%9E%D7%99%D7%A0%D7%95%D7%99-%D7%9E%D7%AA%D7%90%D7%9D-%D7%94%D7%95%D7%A8%D7%99-%D7%A2%D7%9D-%D7%A1%D7%9E%D7%9B/,DESKTOP,0,419,0.00%,43.7
https://jus-tice.co.il/articles/%D7%99%D7%AA%D7%A8%D7%95%D7%A0%D7%95%D7%AA-%D7%94%D7%A2%D7%A1%D7%A7%D7%AA-%D7%A2%D7%95%D7%A8%D7%9A-%D7%93%D7%99%D7%9F-%D7%A4%D7%9C%D7%99%D7%9C%D7%99/,DESKTOP,0,130,0.00%,64.0
https://jus-tice.co.il/articles/%D7%99%D7%AA%D7%A8%D7%95%D7%A0%D7%95%D7%AA-%D7%94%D7%A2%D7%A1%D7%A7%D7%AA-%D7%A2%D7%95%D7%A8%D7%9A-%D7%93%D7%99%D7%9F-%D7%A4%D7%9C%D7%99%D7%9C%D7%99/,MOBILE,0,3,0.00%,75.3
https://jus-tice.co.il/articles/%D7%9B%D7%99%D7%A6%D7%93-%D7%9C%D7%A9%D7%9B%D7%95%D7%A8-%D7%9E%D7%A4%D7%AA%D7%97-%D7%90%D7%AA%D7%A8%D7%99%D7%9D/,DESKTOP,0,698,0.00%,59.5
https://jus-tice.co.il/articles/%D7%9B%D7%99%D7%A6%D7%93-%D7%9C%D7%A9%D7%9B%D7%95%D7%A8-%D7%9E%D7%A4%D7%AA%D7%97-%D7%90%D7%AA%D7%A8%D7%99%D7%9D/,MOBILE,0,80,0.00%,50.4
https://jus-tice.co.il/articles/%D7%9C%D7%A9%D7%95%D7%9F-%D7%94%D7%A8%D7%A2-%D7%AA%D7%9C%D7%95%D7%A0%D7%94-%D7%91%D7%9E%D7%A9%D7%98%D7%A8%D7%94/,DESKTOP,0,64,0.00%,37.3
https://jus-tice.co.il/articles/%D7%9C%D7%A9%D7%95%D7%9F-%D7%94%D7%A8%D7%A2-%D7%AA%D7%9C%D7%95%D7%A0%D7%94-%D7%91%D7%9E%D7%A9%D7%98%D7%A8%D7%94/,MOBILE,0,5,0.00%,32.4
https://jus-tice.co.il/articles/%D7%9E%D7%93%D7%A8%D7%99%D7%9A-%D7%9E%D7%A7%D7%99%D7%A3-%D7%9C%D7%A7%D7%A0%D7%99%D7%99%D7%AA-%D7%93%D7%99%D7%A8%D7%94-%D7%A8%D7%90%D7%A9%D7%95%D7%A0%D7%94/,DESKTOP,0,1409,0.00%,59.1
https://jus-tice.co.il/articles/%D7%9E%D7%93%D7%A8%D7%99%D7%9A-%D7%9E%D7%A7%D7%99%D7%A3-%D7%9C%D7%A7%D7%A0%D7%99%D7%99%D7%AA-%D7%93%D7%99%D7%A8%D7%94-%D7%A8%D7%90%D7%A9%D7%95%D7%A0%D7%94/,MOBILE,0,269,0.00%,57.3
https://jus-tice.co.il/articles/%D7%9E%D7%93%D7%A8%D7%99%D7%9A-2025-%D7%9E%D7%94-%D7%97%D7%A9%D7%95%D7%91-%D7%9C%D7%9B%D7%9C%D7%95%D7%9C-%D7%91%D7%97%D7%95%D7%96%D7%94-%D7%9E%D7%95%D7%9C-%D7%A7%D7%91%D7%9C%D7%9F-%D7%91%D7%A8%D7%9B/,DESKTOP,0,776,0.00%,48.3
https://jus-tice.co.il/articles/%D7%9E%D7%93%D7%A8%D7%99%D7%9A-2025-%D7%9E%D7%94-%D7%97%D7%A9%D7%95%D7%91-%D7%9C%D7%9B%D7%9C%D7%95%D7%9C-%D7%91%D7%97%D7%95%D7%96%D7%94-%D7%9E%D7%95%D7%9C-%D7%A7%D7%91%D7%9C%D7%9F-%D7%91%D7%A8%D7%9B/,MOBILE,0,43,0.00%,28.7
https://jus-tice.co.il/articles/%D7%9E%D7%94%D7%95-%D7%91%D7%99%D7%AA-%D7%9E%D7%A9%D7%A4%D7%98/,DESKTOP,0,1844,0.00%,37.3
https://jus-tice.co.il/articles/%D7%9E%D7%94%D7%95-%D7%91%D7%99%D7%AA-%D7%9E%D7%A9%D7%A4%D7%98/,MOBILE,0,332,0.00%,22.8
https://jus-tice.co.il/articles/%D7%9E%D7%94%D7%95-%D7%91%D7%99%D7%AA-%D7%9E%D7%A9%D7%A4%D7%98/,TABLET,0,2,0.00%,5.0
https://jus-tice.co.il/articles/%D7%9E%D7%96%D7%95%D7%A0%D7%95%D7%AA-%D7%94%D7%99%D7%9C%D7%93%D7%99%D7%9D-%D7%AA%D7%A9%D7%9C%D7%95%D7%9D-%D7%A4%D7%A2%D7%95%D7%98%D7%95%D7%9F-%D7%A6%D7%94%D7%A8%D7%95%D7%9F-%D7%95%D7%9E/,DESKTOP,0,591,0.00%,38.5
https://jus-tice.co.il/articles/%D7%9E%D7%97%D7%99%D7%A7%D7%AA-%D7%9B%D7%AA%D7%91-%D7%90%D7%99%D7%A9%D7%95%D7%9D-%D7%97%D7%96%D7%A8%D7%94-%D7%9E%D7%9B%D7%AA%D7%91-%D7%90%D7%99%D7%A9%D7%95%D7%9D-%D7%91%D7%99%D7%98%D7%95%D7%9C/,TABLET,0,36,0.00%,39.3
https://jus-tice.co.il/articles/%D7%9E%D7%97%D7%A7%D7%A8-%D7%A4%D7%9C%D7%99%D7%9C%D7%99-%D7%92%D7%95%D7%A4%D7%99%D7%9D-%D7%A1%D7%98%D7%98%D7%95%D7%98%D7%95%D7%A8%D7%99%D7%99%D7%9D-%D7%94%D7%A2%D7%95%D7%A1%D7%A7%D7%99%D7%9D-%D7%91/,MOBILE,0,9,0.00%,9.0
https://jus-tice.co.il/articles/%D7%9E%D7%A1%D7%92%D7%A8%D7%AA-%D7%A0%D7%95%D7%A8%D7%9E%D7%98%D7%99%D7%91%D7%99%D7%AA-%D7%A4%D7%A8%D7%A1%D7%95%D7%9D-%D7%9C%D7%A9%D7%95%D7%9F-%D7%94%D7%A8%D7%A2/,DESKTOP,0,73,0.00%,51.8
https://jus-tice.co.il/articles/%D7%9E%D7%A1%D7%92%D7%A8%D7%AA-%D7%A0%D7%95%D7%A8%D7%9E%D7%98%D7%99%D7%91%D7%99%D7%AA-%D7%A4%D7%A8%D7%A1%D7%95%D7%9D-%D7%9C%D7%A9%D7%95%D7%9F-%D7%94%D7%A8%D7%A2/,MOBILE,0,14,0.00%,18.4
https://jus-tice.co.il/articles/%D7%9E%D7%A7%D7%A8%D7%99-%D7%A8%D7%A9%D7%9C%D7%A0%D7%95%D7%AA-%D7%A8%D7%A4%D7%95%D7%90%D7%99%D7%AA-%D7%93%D7%95%D7%92%D7%9E%D7%90%D7%95%D7%AA/,DESKTOP,0,3941,0.00%,49.5
https://jus-tice.co.il/articles/%D7%9E%D7%A7%D7%A8%D7%99-%D7%A8%D7%A9%D7%9C%D7%A0%D7%95%D7%AA-%D7%A8%D7%A4%D7%95%D7%90%D7%99%D7%AA-%D7%93%D7%95%D7%92%D7%9E%D7%90%D7%95%D7%AA/,TABLET,0,1,0.00%,7.0
https://jus-tice.co.il/articles/%D7%9E%D7%A9%D7%98%D7%A8%D7%AA-%D7%99%D7%A9%D7%A8%D7%90%D7%9C-%D7%A9%D7%99%D7%9E%D7%95%D7%A9-%D7%91%D7%9E%D7%A2%D7%A8%D7%9B%D7%AA-%D7%A4%D7%92%D7%A1%D7%95%D7%A1-%D7%9C%D7%9C%D7%90-%D7%A6%D7%95-%D7%A9/,DESKTOP,0,57,0.00%,63.2
https://jus-tice.co.il/articles/%D7%9E%D7%A9%D7%98%D7%A8%D7%AA-%D7%99%D7%A9%D7%A8%D7%90%D7%9C-%D7%A9%D7%99%D7%9E%D7%95%D7%A9-%D7%91%D7%9E%D7%A2%D7%A8%D7%9B%D7%AA-%D7%A4%D7%92%D7%A1%D7%95%D7%A1-%D7%9C%D7%9C%D7%90-%D7%A6%D7%95-%D7%A9/,MOBILE,0,36,0.00%,59.6
https://jus-tice.co.il/articles/%D7%9E%D7%A9%D7%A8%D7%93-%D7%A2%D7%95%D7%A8%D7%9B%D7%99-%D7%93%D7%99%D7%9F-%D7%93%D7%A8-%D7%90%D7%A1%D7%A3-%D7%A4%D7%95%D7%96%D7%A0%D7%A8/,DESKTOP,0,23,0.00%,16.8
https://jus-tice.co.il/articles/%D7%9E%D7%A9%D7%A8%D7%93-%D7%A2%D7%95%D7%A8%D7%9B%D7%99-%D7%93%D7%99%D7%9F-%D7%93%D7%A8-%D7%90%D7%A1%D7%A3-%D7%A4%D7%95%D7%96%D7%A0%D7%A8/,MOBILE,0,16,0.00%,17.3
https://jus-tice.co.il/articles/%D7%A0%D7%99%D7%A9%D7%95%D7%90%D7%99%D7%9D-%D7%90%D7%96%D7%A8%D7%97%D7%99%D7%99%D7%9D/,DESKTOP,0,5509,0.00%,61.7
https://jus-tice.co.il/articles/%D7%A0%D7%99%D7%A9%D7%95%D7%90%D7%99%D7%9D-%D7%90%D7%96%D7%A8%D7%97%D7%99%D7%99%D7%9D/,MOBILE,0,1186,0.00%,55.6
https://jus-tice.co.il/articles/%D7%A0%D7%99%D7%A9%D7%95%D7%90%D7%99%D7%9D-%D7%90%D7%96%D7%A8%D7%97%D7%99%D7%99%D7%9D/,TABLET,0,2,0.00%,61.0
https://jus-tice.co.il/articles/%D7%A1%D7%9E%D7%9B%D7%95%D7%AA-%D7%91%D7%99%D7%AA-%D7%94%D7%93%D7%99%D7%9F-%D7%91%D7%A2%D7%A0%D7%99%D7%99%D7%9F-%D7%9E%D7%96%D7%95%D7%A0%D7%95%D7%AA-%D7%94%D7%99%D7%9C%D7%93%D7%99%D7%9D-%D7%9C%D7%90/,DESKTOP,0,660,0.00%,65.3
https://jus-tice.co.il/articles/%D7%A1%D7%9E%D7%9B%D7%95%D7%AA-%D7%91%D7%99%D7%AA-%D7%94%D7%93%D7%99%D7%9F-%D7%91%D7%A2%D7%A0%D7%99%D7%99%D7%9F-%D7%9E%D7%96%D7%95%D7%A0%D7%95%D7%AA-%D7%94%D7%99%D7%9C%D7%93%D7%99%D7%9D-%D7%9C%D7%90/,MOBILE,0,4,0.00%,47.5
https://jus-tice.co.il/articles/%D7%A2%D7%95%D7%93-%D7%9C%D7%99%D7%99%D7%A6%D7%95%D7%92-%D7%9E%D7%A2%D7%A1%D7%99%D7%A7%D7%99%D7%9D/,DESKTOP,0,975,0.00%,76.4
https://jus-tice.co.il/articles/%D7%A2%D7%95%D7%93-%D7%9C%D7%99%D7%99%D7%A6%D7%95%D7%92-%D7%9E%D7%A2%D7%A1%D7%99%D7%A7%D7%99%D7%9D/,MOBILE,0,165,0.00%,82.3
https://jus-tice.co.il/articles/%D7%A2%D7%95%D7%93-%D7%A4%D7%9C%D7%99%D7%9C%D7%99/,DESKTOP,0,520,0.00%,71.3
https://jus-tice.co.il/articles/%D7%A2%D7%95%D7%93-%D7%A4%D7%9C%D7%99%D7%9C%D7%99/,MOBILE,0,117,0.00%,61.6
https://jus-tice.co.il/articles/%D7%A2%D7%95%D7%95%D7%9C%D7%94-%D7%A0%D7%96%D7%A7-%D7%95%D7%A4%D7%99%D7%A6%D7%95%D7%99-%D7%93%D7%99%D7%A0%D7%99-%D7%94%D7%A0%D7%96%D7%99%D7%A7%D7%99%D7%9F-%D7%95%D7%A8%D7%A9%D7%9C%D7%A0%D7%95/,DESKTOP,0,119,0.00%,76.3
https://jus-tice.co.il/articles/%D7%A2%D7%95%D7%95%D7%9C%D7%94-%D7%A0%D7%96%D7%A7-%D7%95%D7%A4%D7%99%D7%A6%D7%95%D7%99-%D7%93%D7%99%D7%A0%D7%99-%D7%94%D7%A0%D7%96%D7%99%D7%A7%D7%99%D7%9F-%D7%95%D7%A8%D7%A9%D7%9C%D7%A0%D7%95/,MOBILE,0,5,0.00%,61.2
https://jus-tice.co.il/articles/%D7%A2%D7%95%D7%A0%D7%A9-%D7%A4%D7%9C%D7%99%D7%9C%D7%99-%D7%9C%D7%A0%D7%90%D7%A9%D7%9D-%D7%91%D7%9E%D7%A2%D7%A9%D7%94-%D7%9E%D7%92%D7%95%D7%A0%D7%94-%D7%91%D7%A0%D7%A1%D7%99%D7%91%D7%95%D7%AA-%D7%9E/,DESKTOP,0,2035,0.00%,67.8
https://jus-tice.co.il/articles/%D7%A2%D7%95%D7%A0%D7%A9-%D7%A4%D7%9C%D7%99%D7%9C%D7%99-%D7%9C%D7%A0%D7%90%D7%A9%D7%9D-%D7%91%D7%9E%D7%A2%D7%A9%D7%94-%D7%9E%D7%92%D7%95%D7%A0%D7%94-%D7%91%D7%A0%D7%A1%D7%99%D7%91%D7%95%D7%AA-%D7%9E/,MOBILE,0,186,0.00%,74.8
https://jus-tice.co.il/articles/%D7%A2%D7%95%D7%A8%D7%9A-%D7%93%D7%99%D7%9F-%D7%9C%D7%A2%D7%91%D7%99%D7%A8%D7%95%D7%AA-%D7%A9%D7%95%D7%A7-%D7%94%D7%94%D7%95%D7%9F/,DESKTOP,0,1,0.00%,22.0
https://jus-tice.co.il/articles/%D7%A2%D7%95%D7%A8%D7%9A-%D7%93%D7%99%D7%9F-%D7%9E%D7%95%D7%9E%D7%9C%D7%A5-%D7%93%D7%99%D7%A0%D7%99-%D7%9E%D7%A9%D7%A4%D7%97%D7%94-%D7%95%D7%92%D7%99%D7%A8%D7%95%D7%A9%D7%99%D7%9F-%D7%A4%D7%99%D7%A8/,DESKTOP,0,108,0.00%,73.4
https://jus-tice.co.il/articles/%D7%A2%D7%95%D7%A8%D7%9A-%D7%93%D7%99%D7%9F-%D7%9E%D7%95%D7%9E%D7%9C%D7%A5-%D7%93%D7%99%D7%A0%D7%99-%D7%9E%D7%A9%D7%A4%D7%97%D7%94-%D7%95%D7%92%D7%99%D7%A8%D7%95%D7%A9%D7%99%D7%9F-%D7%A4%D7%99%D7%A8/,MOBILE,0,4,0.00%,59.8
https://jus-tice.co.il/articles/%D7%A2%D7%95%D7%A8%D7%9A-%D7%93%D7%99%D7%9F-%D7%9E%D7%A9%D7%A4%D7%98-%D7%A4%D7%9C%D7%99%D7%9C%D7%99-%D7%91%D7%99%D7%A0%D7%9C%D7%90%D7%95%D7%9E%D7%99/,DESKTOP,0,3258,0.00%,50.7
https://jus-tice.co.il/articles/%D7%A2%D7%95%D7%A8%D7%9A-%D7%93%D7%99%D7%9F-%D7%9E%D7%A9%D7%A4%D7%98-%D7%A4%D7%9C%D7%99%D7%9C%D7%99-%D7%91%D7%99%D7%A0%D7%9C%D7%90%D7%95%D7%9E%D7%99/,MOBILE,0,239,0.00%,43.6
https://jus-tice.co.il/articles/%D7%A2%D7%95%D7%A8%D7%9A-%D7%93%D7%99%D7%9F-%D7%9E%D7%A9%D7%A4%D7%98-%D7%A4%D7%9C%D7%99%D7%9C%D7%99-%D7%91%D7%99%D7%A0%D7%9C%D7%90%D7%95%D7%9E%D7%99/,TABLET,0,5,0.00%,58.8
https://jus-tice.co.il/articles/%D7%A2%D7%A8%D7%A2%D7%95%D7%A8-%D7%A4%D7%9C%D7%99%D7%9C%D7%99-%D7%9E%D7%A1-50-31-%D7%91%D7%91%D7%99%D7%AA-%D7%94%D7%9E%D7%A9%D7%A4%D7%98-%D7%94%D7%A2%D7%9C%D7%99%D7%95%D7%9F-%D7%91%D7%A9%D7%91/,DESKTOP,0,171,0.00%,71.8
https://jus-tice.co.il/articles/%D7%A2%D7%A8%D7%A2%D7%95%D7%A8-%D7%A4%D7%9C%D7%99%D7%9C%D7%99-%D7%9E%D7%A1-50-31-%D7%91%D7%91%D7%99%D7%AA-%D7%94%D7%9E%D7%A9%D7%A4%D7%98-%D7%94%D7%A2%D7%9C%D7%99%D7%95%D7%9F-%D7%91%D7%A9%D7%91/,MOBILE,0,11,0.00%,83.9
https://jus-tice.co.il/articles/%D7%A4%D7%92%D7%99%D7%A2%D7%94-%D7%91%D7%A4%D7%A8%D7%98%D7%99%D7%95%D7%AA-%D7%A1%D7%A7%D7%99%D7%A8%D7%AA-%D7%94%D7%9E%D7%A1%D7%92%D7%A8%D7%AA-%D7%94%D7%A0%D7%95%D7%A8%D7%9E%D7%98%D7%99%D7%91%D7%99/,TABLET,0,1,0.00%,93.0
https://jus-tice.co.il/articles/%D7%A4%D7%92%D7%A1%D7%95%D7%A1-nso-%D7%9E%D7%A1%D7%A7%D7%A0%D7%95%D7%AA-%D7%A6%D7%95%D7%95%D7%AA-%D7%9E%D7%A8%D7%A8%D7%99-%D7%9E%D7%9E%D7%A6%D7%90%D7%99-%D7%A6%D7%95%D7%95%D7%AA-%D7%94%D7%91%D7%93/,DESKTOP,0,70,0.00%,60.9
https://jus-tice.co.il/articles/%D7%A4%D7%92%D7%A1%D7%95%D7%A1-nso-%D7%9E%D7%A1%D7%A7%D7%A0%D7%95%D7%AA-%D7%A6%D7%95%D7%95%D7%AA-%D7%9E%D7%A8%D7%A8%D7%99-%D7%9E%D7%9E%D7%A6%D7%90%D7%99-%D7%A6%D7%95%D7%95%D7%AA-%D7%94%D7%91%D7%93/,MOBILE,0,23,0.00%,58.7
https://jus-tice.co.il/articles/%D7%A4%D7%99%D7%A6%D7%95%D7%99%D7%99%D7%9D-%D7%9C%D7%A2%D7%95%D7%91%D7%93-%D7%A9%D7%A4%D7%95%D7%98%D7%A8-%D7%9E%D7%A2%D7%91%D7%95%D7%93%D7%AA%D7%95-%D7%9C%D7%90%D7%9C%D7%AA%D7%A8-%D7%95%D7%9C%D7%9C/,DESKTOP,0,51,0.00%,72.8
https://jus-tice.co.il/articles/%D7%A4%D7%99%D7%A6%D7%95%D7%99%D7%99%D7%9D-%D7%9C%D7%A2%D7%95%D7%91%D7%93-%D7%A9%D7%A4%D7%95%D7%98%D7%A8-%D7%9E%D7%A2%D7%91%D7%95%D7%93%D7%AA%D7%95-%D7%9C%D7%90%D7%9C%D7%AA%D7%A8-%D7%95%D7%9C%D7%9C/,MOBILE,0,3,0.00%,94.3
https://jus-tice.co.il/articles/%D7%A4%D7%99%D7%A8%D7%95%D7%A7-%D7%A9%D7%99%D7%AA%D7%95%D7%A3-%D7%91%D7%99%D7%9F-%D7%91%D7%A0%D7%99-%D7%96%D7%95%D7%92-%D7%97%D7%9C%D7%95%D7%A7%D7%AA-%D7%93%D7%99%D7%A8%D7%94-%D7%9C%D7%A4%D7%99/,DESKTOP,0,11516,0.00%,60.2
https://jus-tice.co.il/articles/%D7%A4%D7%99%D7%A8%D7%95%D7%A7-%D7%A9%D7%99%D7%AA%D7%95%D7%A3-%D7%91%D7%99%D7%9F-%D7%91%D7%A0%D7%99-%D7%96%D7%95%D7%92-%D7%97%D7%9C%D7%95%D7%A7%D7%AA-%D7%93%D7%99%D7%A8%D7%94-%D7%9C%D7%A4%D7%99/,MOBILE,0,4008,0.00%,65.6
https://jus-tice.co.il/articles/%D7%A4%D7%99%D7%A8%D7%95%D7%A7-%D7%A9%D7%99%D7%AA%D7%95%D7%A3-%D7%91%D7%99%D7%9F-%D7%91%D7%A0%D7%99-%D7%96%D7%95%D7%92-%D7%97%D7%9C%D7%95%D7%A7%D7%AA-%D7%93%D7%99%D7%A8%D7%94-%D7%9C%D7%A4%D7%99/,TABLET,0,21,0.00%,61.2
https://jus-tice.co.il/articles/%D7%A4%D7%A1%D7%93-%D7%91%D7%AA%D7%91%D7%99%D7%A2%D7%94-%D7%9C%D7%A9%D7%95%D7%9F-%D7%94%D7%A8%D7%A2-%D7%91%D7%92%D7%99%D7%9F-%D7%A4%D7%A8%D7%A1%D7%95%D7%9D-%D7%91%D7%A7%D7%91%D7%95%D7%A6%D7%AA/,DESKTOP,0,9568,0.00%,51.3
https://jus-tice.co.il/articles/%D7%A4%D7%A1%D7%93-%D7%91%D7%AA%D7%91%D7%99%D7%A2%D7%94-%D7%9C%D7%A9%D7%95%D7%9F-%D7%94%D7%A8%D7%A2-%D7%91%D7%92%D7%99%D7%9F-%D7%A4%D7%A8%D7%A1%D7%95%D7%9D-%D7%91%D7%A7%D7%91%D7%95%D7%A6%D7%AA/,MOBILE,0,2051,0.00%,50.7
https://jus-tice.co.il/articles/%D7%A4%D7%A1%D7%93-%D7%91%D7%AA%D7%91%D7%99%D7%A2%D7%94-%D7%9C%D7%A9%D7%95%D7%9F-%D7%94%D7%A8%D7%A2-%D7%91%D7%92%D7%99%D7%9F-%D7%A4%D7%A8%D7%A1%D7%95%D7%9D-%D7%91%D7%A7%D7%91%D7%95%D7%A6%D7%AA/,TABLET,0,93,0.00%,41.9
https://jus-tice.co.il/articles/%D7%A4%D7%A1%D7%93-%D7%91%D7%AA%D7%95%D7%91%D7%A2%D7%A0%D7%94-%D7%A9%D7%9C-%D7%90%D7%99%D7%A9%D7%94-%D7%9C%D7%91%D7%99%D7%A6%D7%95%D7%A2-%D7%A4%D7%A1%D7%93-%D7%91%D7%A0%D7%95%D7%92%D7%A2-%D7%9C/,DESKTOP,0,295,0.00%,70.8
https://jus-tice.co.il/articles/%D7%A4%D7%A1%D7%93-%D7%91%D7%AA%D7%95%D7%91%D7%A2%D7%A0%D7%94-%D7%A9%D7%9C-%D7%90%D7%99%D7%A9%D7%94-%D7%9C%D7%91%D7%99%D7%A6%D7%95%D7%A2-%D7%A4%D7%A1%D7%93-%D7%91%D7%A0%D7%95%D7%92%D7%A2-%D7%9C/,MOBILE,0,35,0.00%,73.0
https://jus-tice.co.il/articles/%D7%A4%D7%A1%D7%93-%D7%94%D7%A1%D7%9B%D7%9D-%D7%9E%D7%9E%D7%95%D7%9F-%D7%A9%D7%A0%D7%97%D7%AA%D7%9D-%D7%95%D7%91%D7%95%D7%98%D7%9C-%D7%91%D7%A4%D7%A0%D7%99-%D7%A0%D7%95%D7%98%D7%A8%D7%99%D7%95/,DESKTOP,0,1058,0.00%,66.7
https://jus-tice.co.il/articles/%D7%A4%D7%A1%D7%93-%D7%94%D7%A1%D7%9B%D7%9D-%D7%9E%D7%9E%D7%95%D7%9F-%D7%A9%D7%A0%D7%97%D7%AA%D7%9D-%D7%95%D7%91%D7%95%D7%98%D7%9C-%D7%91%D7%A4%D7%A0%D7%99-%D7%A0%D7%95%D7%98%D7%A8%D7%99%D7%95/,MOBILE,0,90,0.00%,67.2
https://jus-tice.co.il/articles/%D7%A4%D7%A1%D7%93-%D7%A0%D7%99%D7%94%D7%95%D7%9C-%D7%AA%D7%91%D7%99%D7%A2%D7%AA-%D7%92%D7%99%D7%A8%D7%95%D7%A9%D7%99%D7%9F-%D7%9E%D7%97%D7%95%D7%9C-%D7%91%D7%90%D7%9E%D7%A6%D7%A2%D7%95%D7%AA/,DESKTOP,0,17,0.00%,70.5
https://jus-tice.co.il/articles/%D7%A4%D7%A1%D7%93-%D7%A0%D7%99%D7%94%D7%95%D7%9C-%D7%AA%D7%91%D7%99%D7%A2%D7%AA-%D7%92%D7%99%D7%A8%D7%95%D7%A9%D7%99%D7%9F-%D7%9E%D7%97%D7%95%D7%9C-%D7%91%D7%90%D7%9E%D7%A6%D7%A2%D7%95%D7%AA/,MOBILE,0,2,0.00%,27.0
https://jus-tice.co.il/articles/%D7%A4%D7%A1%D7%93-%D7%AA%D7%91%D7%99%D7%A2%D7%94-%D7%9C%D7%A1%D7%A2%D7%93-%D7%94%D7%A6%D7%94%D7%A8%D7%AA%D7%99-%D7%94%D7%A7%D7%95%D7%91%D7%A2-%D7%9B%D7%99-%D7%96%D7%9B%D7%95%D7%99%D7%95%D7%AA/,DESKTOP,0,125,0.00%,47.0
https://jus-tice.co.il/articles/%D7%A4%D7%A1%D7%93-%D7%AA%D7%91%D7%99%D7%A2%D7%94-%D7%9C%D7%A1%D7%A2%D7%93-%D7%94%D7%A6%D7%94%D7%A8%D7%AA%D7%99-%D7%94%D7%A7%D7%95%D7%91%D7%A2-%D7%9B%D7%99-%D7%96%D7%9B%D7%95%D7%99%D7%95%D7%AA/,MOBILE,0,31,0.00%,43.4
https://jus-tice.co.il/articles/%D7%A4%D7%A1%D7%93-%D7%AA%D7%91%D7%99%D7%A2%D7%AA-%D7%9B%D7%AA%D7%95%D7%91%D7%94-%D7%A9%D7%94%D7%92%D7%99%D7%A9%D7%95-%D7%99%D7%95%D7%A8%D7%A9%D7%99-%D7%94%D7%90%D7%99%D7%A9%D7%94-%D7%A0%D7%92/,DESKTOP,0,1814,0.00%,49.2
https://jus-tice.co.il/articles/%D7%A4%D7%A1%D7%93-%D7%AA%D7%91%D7%99%D7%A2%D7%AA-%D7%9B%D7%AA%D7%95%D7%91%D7%94-%D7%A9%D7%94%D7%92%D7%99%D7%A9%D7%95-%D7%99%D7%95%D7%A8%D7%A9%D7%99-%D7%94%D7%90%D7%99%D7%A9%D7%94-%D7%A0%D7%92/,MOBILE,0,322,0.00%,40.3
https://jus-tice.co.il/articles/%D7%A4%D7%A8%D7%A9%D7%A0%D7%95%D7%AA-%D7%94%D7%A1%D7%9B%D7%9D-%D7%92%D7%99%D7%A8%D7%95%D7%A9%D7%99%D7%9F-%D7%A9%D7%99%D7%A9-%D7%91%D7%95-%D7%A1%D7%A4%D7%A7-%D7%91%D7%A1%D7%A2%D7%99%D7%A3-%D7%94%D7%95/,DESKTOP,0,303,0.00%,60.4
https://jus-tice.co.il/articles/%D7%A4%D7%A8%D7%A9%D7%A0%D7%95%D7%AA-%D7%94%D7%A1%D7%9B%D7%9D-%D7%92%D7%99%D7%A8%D7%95%D7%A9%D7%99%D7%9F-%D7%A9%D7%99%D7%A9-%D7%91%D7%95-%D7%A1%D7%A4%D7%A7-%D7%91%D7%A1%D7%A2%D7%99%D7%A3-%D7%94%D7%95/,MOBILE,0,17,0.00%,55.5
https://jus-tice.co.il/articles/%D7%A7%D7%91%D7%99%D7%A2%D7%AA-%D7%92%D7%93%D7%A8-%D7%97%D7%99%D7%95%D7%91-%D7%94%D7%90%D7%91-%D7%91%D7%9E%D7%96%D7%95%D7%A0%D7%95%D7%AA-%D7%A7%D7%98%D7%A0%D7%99%D7%9D-%D7%9E%D7%A2%D7%9C-%D7%92%D7%99/,DESKTOP,0,434,0.00%,70.2
https://jus-tice.co.il/articles/%D7%A7%D7%91%D7%99%D7%A2%D7%AA-%D7%92%D7%93%D7%A8-%D7%97%D7%99%D7%95%D7%91-%D7%94%D7%90%D7%91-%D7%91%D7%9E%D7%96%D7%95%D7%A0%D7%95%D7%AA-%D7%A7%D7%98%D7%A0%D7%99%D7%9D-%D7%9E%D7%A2%D7%9C-%D7%92%D7%99/,MOBILE,0,18,0.00%,68.1
https://jus-tice.co.il/articles/%D7%A7%D7%95%D7%A8%D7%95%D7%A0%D7%94-%D7%94%D7%90%D7%A8%D7%9B%D7%AA-%D7%AA%D7%A7%D7%95%D7%A4%D7%AA-%D7%AA%D7%95%D7%A7%D7%A3-%D7%A8%D7%99%D7%A9%D7%99%D7%95%D7%9F-%D7%A8%D7%9B%D7%91-16-03-2020/,DESKTOP,0,71,0.00%,64.5
https://jus-tice.co.il/articles/%D7%A7%D7%95%D7%A8%D7%95%D7%A0%D7%94-%D7%94%D7%90%D7%A8%D7%9B%D7%AA-%D7%AA%D7%A7%D7%95%D7%A4%D7%AA-%D7%AA%D7%95%D7%A7%D7%A3-%D7%A8%D7%99%D7%A9%D7%99%D7%95%D7%9F-%D7%A8%D7%9B%D7%91-16-03-2020/,MOBILE,0,30,0.00%,13.7
https://jus-tice.co.il/articles/%D7%A8%D7%91%D7%A0%D7%99-%D7%9E%D7%96%D7%95%D7%A0%D7%95%D7%AA-%D7%99%D7%9C%D7%93%D7%99%D7%9D-%D7%99%D7%A1%D7%95%D7%93%D7%95%D7%AA-%D7%97%D7%99%D7%95%D7%91-%D7%91%D7%93%D7%9E%D7%99-%D7%98%D7%99%D7%A4/,DESKTOP,0,667,0.00%,74.9
https://jus-tice.co.il/articles/%D7%A8%D7%91%D7%A0%D7%99-%D7%9E%D7%96%D7%95%D7%A0%D7%95%D7%AA-%D7%99%D7%9C%D7%93%D7%99%D7%9D-%D7%99%D7%A1%D7%95%D7%93%D7%95%D7%AA-%D7%97%D7%99%D7%95%D7%91-%D7%91%D7%93%D7%9E%D7%99-%D7%98%D7%99%D7%A4/,MOBILE,0,14,0.00%,74.4
https://jus-tice.co.il/articles/%D7%A8%D7%9B%D7%99%D7%A9%D7%AA-%D7%A0%D7%93%D7%9C%D7%9F-2025-%D7%9B%D7%9C-%D7%9E%D7%94-%D7%A9%D7%A6%D7%A8%D7%99%D7%9A-%D7%9C%D7%93%D7%A2%D7%AA/,DESKTOP,0,794,0.00%,58.6
https://jus-tice.co.il/articles/%D7%A8%D7%9B%D7%99%D7%A9%D7%AA-%D7%A0%D7%93%D7%9C%D7%9F-2025-%D7%9B%D7%9C-%D7%9E%D7%94-%D7%A9%D7%A6%D7%A8%D7%99%D7%9A-%D7%9C%D7%93%D7%A2%D7%AA/,MOBILE,0,106,0.00%,58.1
https://jus-tice.co.il/articles/%D7%A9%D7%93%D7%94-%D7%93%D7%91-%D7%A4%D7%A1%D7%A7-%D7%93%D7%99%D7%9F-%D7%93%D7%99%D7%95%D7%A8-%D7%91%D7%A8-%D7%94%D7%A9%D7%92%D7%94-%D7%93%D7%99%D7%95%D7%A8-%D7%91%D7%94%D7%99%D7%A9%D7%92-%D7%99/,DESKTOP,0,91,0.00%,51.4
https://jus-tice.co.il/articles/%D7%A9%D7%93%D7%94-%D7%93%D7%91-%D7%A4%D7%A1%D7%A7-%D7%93%D7%99%D7%9F-%D7%93%D7%99%D7%95%D7%A8-%D7%91%D7%A8-%D7%94%D7%A9%D7%92%D7%94-%D7%93%D7%99%D7%95%D7%A8-%D7%91%D7%94%D7%99%D7%A9%D7%92-%D7%99/,MOBILE,0,14,0.00%,34.1
https://jus-tice.co.il/articles/%D7%A9%D7%93%D7%94-%D7%93%D7%91-%D7%A4%D7%A1%D7%A7-%D7%93%D7%99%D7%9F-%D7%93%D7%99%D7%95%D7%A8-%D7%91%D7%A8-%D7%94%D7%A9%D7%92%D7%94-%D7%93%D7%99%D7%95%D7%A8-%D7%91%D7%94%D7%99%D7%A9%D7%92-%D7%99/,TABLET,0,1,0.00%,11.0
https://jus-tice.co.il/articles/%D7%A9%D7%99%D7%9E%D7%95%D7%A9-%D7%91%D7%9E%D7%95%D7%9E%D7%97%D7%99%D7%9D-%D7%91%D7%AA%D7%99%D7%A7%D7%99%D7%9D-%D7%A4%D7%9C%D7%99%D7%9C%D7%99%D7%99%D7%9D/,DESKTOP,0,486,0.00%,51.1
https://jus-tice.co.il/articles/%D7%A9%D7%99%D7%9E%D7%95%D7%A9-%D7%91%D7%9E%D7%95%D7%9E%D7%97%D7%99%D7%9D-%D7%91%D7%AA%D7%99%D7%A7%D7%99%D7%9D-%D7%A4%D7%9C%D7%99%D7%9C%D7%99%D7%99%D7%9D/,MOBILE,0,280,0.00%,52.7
https://jus-tice.co.il/articles/%D7%A9%D7%9B%D7%A8-%D7%98%D7%A8%D7%97%D7%94-%D7%A2%D7%95%D7%A8%D7%9A-%D7%93%D7%99%D7%9F-%D7%A8%D7%A9%D7%9C%D7%A0%D7%95%D7%AA-%D7%A8%D7%A4%D7%95%D7%90%D7%99%D7%AA/,DESKTOP,0,2270,0.00%,29.8
https://jus-tice.co.il/articles/%D7%A9%D7%9B%D7%A8-%D7%98%D7%A8%D7%97%D7%94-%D7%A2%D7%95%D7%A8%D7%9A-%D7%93%D7%99%D7%9F-%D7%A8%D7%A9%D7%9C%D7%A0%D7%95%D7%AA-%D7%A8%D7%A4%D7%95%D7%90%D7%99%D7%AA/,MOBILE,0,381,0.00%,24.7
https://jus-tice.co.il/articles/%D7%A9%D7%9B%D7%A8-%D7%9B%D7%95%D7%A0%D7%A1-%D7%A0%D7%9B%D7%A1%D7%99%D7%9D-%D7%A9%D7%9C%D7%90-%D7%94%D7%A9%D7%9C%D7%99%D7%9D-%D7%90%D7%AA-%D7%9E%D7%9C%D7%90%D7%9B%D7%AA%D7%95/,DESKTOP,0,357,0.00%,59.7
https://jus-tice.co.il/articles/%D7%A9%D7%9B%D7%A8-%D7%9B%D7%95%D7%A0%D7%A1-%D7%A0%D7%9B%D7%A1%D7%99%D7%9D-%D7%A9%D7%9C%D7%90-%D7%94%D7%A9%D7%9C%D7%99%D7%9D-%D7%90%D7%AA-%D7%9E%D7%9C%D7%90%D7%9B%D7%AA%D7%95/,MOBILE,0,4,0.00%,45.8
https://jus-tice.co.il/articles/%D7%A9%D7%A8%D7%95%D7%AA%D7%99-%D7%97%D7%A9%D7%91%D7%95%D7%AA-%D7%94%D7%99%D7%AA%D7%A8%D7%95%D7%A0%D7%95%D7%AA-%D7%95%D7%94%D7%97%D7%A1%D7%A8%D7%95%D7%A0%D7%95%D7%AA-%D7%A9%D7%9C-%D7%A9%D7%99%D7%A8/,DESKTOP,0,9,0.00%,49.2
https://jus-tice.co.il/articles/%D7%AA%D7%90-39115-08-19-%D7%A4%D7%9C%D7%95%D7%A0%D7%99-%D7%A0-%D7%90%D7%9C%D7%99%D7%9E%D7%9C%D7%9A-%D7%95%D7%90%D7%97/,DESKTOP,0,3466,0.00%,57.7
https://jus-tice.co.il/articles/%D7%AA%D7%90-39115-08-19-%D7%A4%D7%9C%D7%95%D7%A0%D7%99-%D7%A0-%D7%90%D7%9C%D7%99%D7%9E%D7%9C%D7%9A-%D7%95%D7%90%D7%97/,MOBILE,0,14,0.00%,69.6
https://jus-tice.co.il/articles/%D7%AA%D7%90-40044-06-18-%D7%A4%D7%A8%D7%95%D7%99%D7%A7%D7%98-%D7%9E%D7%A8%D7%9B%D7%96-%D7%A0%D7%AA%D7%A0%D7%99%D7%94-%D7%9B%D7%97%D7%95%D7%9C-%D7%9C%D7%91%D7%9F-%D7%91%D7%A2%D7%9E-%D7%95%D7%90/,DESKTOP,0,9,0.00%,41.9
https://jus-tice.co.il/articles/%D7%AA%D7%91%D7%99%D7%A2%D7%94-%D7%A2%D7%A1-90031-%D7%91%D7%A2%D7%99%D7%9C%D7%95%D7%AA-%D7%A9%D7%9C-%D7%94%D7%98%D7%A8%D7%93%D7%94-%D7%9E%D7%99%D7%A0%D7%99%D7%AA-%D7%AA%D7%A7%D7%99/,DESKTOP,0,933,0.00%,65.6
https://jus-tice.co.il/articles/%D7%AA%D7%91%D7%99%D7%A2%D7%94-%D7%A2%D7%A1-90031-%D7%91%D7%A2%D7%99%D7%9C%D7%95%D7%AA-%D7%A9%D7%9C-%D7%94%D7%98%D7%A8%D7%93%D7%94-%D7%9E%D7%99%D7%A0%D7%99%D7%AA-%D7%AA%D7%A7%D7%99/,MOBILE,0,32,0.00%,80.8
https://jus-tice.co.il/articles/%D7%AA%D7%9C%D7%94%D7%9E7679-12-21%D7%A4%D7%9C%D7%95%D7%A0%D7%99-%D7%A0-%D7%A4%D7%9C%D7%95%D7%A0%D7%99%D7%AA/,DESKTOP,0,161,0.00%,40.0
https://jus-tice.co.il/articles/%D7%AA%D7%A4-26290-04-18-%D7%9E%D7%93%D7%99%D7%A0%D7%AA-%D7%99%D7%A9%D7%A8%D7%90%D7%9C-%D7%A0-%D7%99%D7%95%D7%A1%D7%A4%D7%94-%D7%91%D7%A8%D7%A7/,DESKTOP,0,216,0.00%,52.5
https://jus-tice.co.il/articles/%D7%AA%D7%A7%D7%A6%D7%99%D7%A8-%D7%94%D7%93%D7%95%D7%97-%D7%A2%D7%9C-%D7%99%D7%99%D7%A9%D7%95%D7%9D-%D7%94%D7%97%D7%95%D7%A7-%D7%9C%D7%9E%D7%A0%D7%99%D7%A2%D7%AA-%D7%94%D7%98%D7%A8%D7%93%D7%94-%D7%9E/,DESKTOP,0,2164,0.00%,66.9
https://jus-tice.co.il/articles/%D7%AA%D7%A7%D7%A6%D7%99%D7%A8-%D7%94%D7%93%D7%95%D7%97-%D7%A2%D7%9C-%D7%99%D7%99%D7%A9%D7%95%D7%9D-%D7%94%D7%97%D7%95%D7%A7-%D7%9C%D7%9E%D7%A0%D7%99%D7%A2%D7%AA-%D7%94%D7%98%D7%A8%D7%93%D7%94-%D7%9E/,MOBILE,0,222,0.00%,61.8
https://jus-tice.co.il/articles/10-%D7%A0%D7%95%D7%A9%D7%90%D7%99%D7%9D-%D7%A7%D7%A8%D7%99%D7%98%D7%99%D7%99%D7%9D-%D7%A9%D7%97%D7%99%D7%99%D7%91%D7%99%D7%9D-%D7%9C%D7%91%D7%93%D7%95%D7%A7-%D7%9C%D7%A4%D7%A0%D7%99-%D7%A7%D7%A0%D7%99/,DESKTOP,0,149,0.00%,47.2
https://jus-tice.co.il/articles/10-%D7%A0%D7%95%D7%A9%D7%90%D7%99%D7%9D-%D7%A7%D7%A8%D7%99%D7%98%D7%99%D7%99%D7%9D-%D7%A9%D7%97%D7%99%D7%99%D7%91%D7%99%D7%9D-%D7%9C%D7%91%D7%93%D7%95%D7%A7-%D7%9C%D7%A4%D7%A0%D7%99-%D7%A7%D7%A0%D7%99/,MOBILE,0,2,0.00%,71.5
https://jus-tice.co.il/articles/7953-2/,DESKTOP,0,7,0.00%,73.0
https://jus-tice.co.il/artificial-general-intelligence/,DESKTOP,0,940,0.00%,55.1
https://jus-tice.co.il/artificial-general-intelligence/,MOBILE,0,385,0.00%,31.5
https://jus-tice.co.il/artificial-general-intelligence/,TABLET,0,1,0.00%,10.0
https://jus-tice.co.il/attorney-general/,DESKTOP,0,36,0.00%,44.9
https://jus-tice.co.il/attorney-general/,MOBILE,0,14,0.00%,16.2
https://jus-tice.co.il/attorneys-how-to-manage-your-stress-and-stop-procrastinating/,DESKTOP,0,13,0.00%,74.2
https://jus-tice.co.il/australia-lawyers/,DESKTOP,0,3486,0.00%,32.6
https://jus-tice.co.il/australia-lawyers/,MOBILE,0,39,0.00%,27.5
https://jus-tice.co.il/austria-lawyers/,DESKTOP,0,1127,0.00%,61.2
https://jus-tice.co.il/austria-lawyers/,MOBILE,0,41,0.00%,65.7
https://jus-tice.co.il/austria-lawyers/,TABLET,0,1,0.00%,46.0
https://jus-tice.co.il/avoiding-mistakes-when-buying-property-in-cyprus/,TABLET,0,6,0.00%,7.8
https://jus-tice.co.il/avvo/,DESKTOP,0,109,0.00%,64.1
https://jus-tice.co.il/balloon-payment-mortgage/,DESKTOP,0,4973,0.00%,50.6
https://jus-tice.co.il/balloon-payment-mortgage/,MOBILE,0,911,0.00%,61.9
https://jus-tice.co.il/balloon-payment-mortgage/,TABLET,0,22,0.00%,55.6
https://jus-tice.co.il/bank-account-in-portugal/,TABLET,0,1,0.00%,2.0
https://jus-tice.co.il/banking-financ-portugal/,DESKTOP,0,608,0.00%,47.7
https://jus-tice.co.il/banking-financ-portugal/,MOBILE,0,8,0.00%,69.8
https://jus-tice.co.il/bar-exam-worldwide/,DESKTOP,0,915,0.00%,52.2
https://jus-tice.co.il/bar-exam-worldwide/,MOBILE,0,111,0.00%,39.7
https://jus-tice.co.il/bdi-coface/,DESKTOP,0,487,0.00%,29.7
https://jus-tice.co.il/bdi-coface/,MOBILE,0,43,0.00%,30.8
https://jus-tice.co.il/beginners-guide-how-to-choose-the-best-website-builder/,DESKTOP,0,38451,0.00%,54.7
https://jus-tice.co.il/beginners-guide-how-to-choose-the-best-website-builder/,MOBILE,0,6111,0.00%,56.0
https://jus-tice.co.il/beginners-guide-how-to-choose-the-best-website-builder/,TABLET,0,3,0.00%,56.3
https://jus-tice.co.il/belgian-lawyers/,MOBILE,0,12,0.00%,48.7
https://jus-tice.co.il/belgian-lawyers/,TABLET,0,1,0.00%,7.0
https://jus-tice.co.il/benjamin-brafman/,DESKTOP,0,167,0.00%,56.8
https://jus-tice.co.il/benjamin-brafman/,MOBILE,0,216,0.00%,7.9
https://jus-tice.co.il/benjamin-brafman/,TABLET,0,1,0.00%,11.0
https://jus-tice.co.il/benzur-korb-co/,DESKTOP,0,429,0.00%,37.1
https://jus-tice.co.il/benzur-korb-co/,TABLET,0,1,0.00%,10.0
https://jus-tice.co.il/birth-injury-lawyer/,DESKTOP,0,221,0.00%,72.5
https://jus-tice.co.il/birth-injury-lawyer/,MOBILE,0,43,0.00%,86.8
https://jus-tice.co.il/birth-injury/,DESKTOP,0,80,0.00%,58.8
https://jus-tice.co.il/birth-injury/,MOBILE,0,12,0.00%,33.8
https://jus-tice.co.il/blood-alcohol-content-breathalyzer/,DESKTOP,0,6250,0.00%,57.2
https://jus-tice.co.il/blood-alcohol-content-breathalyzer/,MOBILE,0,2894,0.00%,57.1
https://jus-tice.co.il/brazil-lawyers/,DESKTOP,0,928,0.00%,15.4
https://jus-tice.co.il/brazil-lawyers/,MOBILE,0,19,0.00%,60.2
https://jus-tice.co.il/building-science/,DESKTOP,0,9,0.00%,58.7
https://jus-tice.co.il/building-science/,MOBILE,0,3,0.00%,80.0
https://jus-tice.co.il/business-license/,DESKTOP,0,2146,0.00%,50.7
https://jus-tice.co.il/business-license/,MOBILE,0,229,0.00%,43.4
https://jus-tice.co.il/buy-real-estate-cyprus/,DESKTOP,0,15244,0.00%,58.4
https://jus-tice.co.il/buy-real-estate-cyprus/,MOBILE,0,2844,0.00%,58.7
https://jus-tice.co.il/buying-property-in-greece/,MOBILE,0,5878,0.00%,53.3
https://jus-tice.co.il/buying-property-in-portugal/,TABLET,0,3,0.00%,20.3
https://jus-tice.co.il/cadastre/,DESKTOP,0,199,0.00%,10.0
https://jus-tice.co.il/california-lawyers/,DESKTOP,0,199,0.00%,54.9
https://jus-tice.co.il/california-lawyers/,MOBILE,0,178,0.00%,51.5
https://jus-tice.co.il/cancel-a-divorce-settlement-agreement/,DESKTOP,0,3539,0.00%,47.4
https://jus-tice.co.il/cancel-a-divorce-settlement-agreement/,TABLET,0,13,0.00%,51.7
https://jus-tice.co.il/cancellation-of-closed-case-records-from-the-criminal-database/,DESKTOP,0,9,0.00%,81.8
https://jus-tice.co.il/car-accident-auto-injury-lawyer/,DESKTOP,0,7483,0.00%,58.2
https://jus-tice.co.il/car-accident-auto-injury-lawyer/,MOBILE,0,770,0.00%,64.3
https://jus-tice.co.il/cascais/,DESKTOP,0,585,0.00%,24.8
https://jus-tice.co.il/cascais/,MOBILE,0,201,0.00%,18.0
https://jus-tice.co.il/cerebral-palsy-rights/,DESKTOP,0,1049,0.00%,67.3
https://jus-tice.co.il/cerebral-palsy-rights/,MOBILE,0,137,0.00%,55.0
https://jus-tice.co.il/cerebral-palsy/,MOBILE,0,826,0.00%,31.2
https://jus-tice.co.il/chambers-and-partners/,DESKTOP,0,480,0.00%,55.8
https://jus-tice.co.il/chambers-and-partners/,MOBILE,0,37,0.00%,38.1
https://jus-tice.co.il/changing-or-canceling-a-prenuptial-agreement,DESKTOP,0,9,0.00%,68.0
https://jus-tice.co.il/changing-or-canceling-a-prenuptial-agreement/,MOBILE,0,1086,0.00%,40.4
https://jus-tice.co.il/changing-or-canceling-a-prenuptial-agreement/,TABLET,0,3,0.00%,33.7
https://jus-tice.co.il/child-custody-modification/,DESKTOP,0,11942,0.00%,56.8
https://jus-tice.co.il/child-custody-modification/,MOBILE,0,1030,0.00%,63.8
https://jus-tice.co.il/child-custody-modification/,TABLET,0,4,0.00%,51.0
https://jus-tice.co.il/child-pornography-laws-in-the-united-states/,DESKTOP,0,660,0.00%,55.4
https://jus-tice.co.il/child-pornography-laws-in-the-united-states/,TABLET,0,1,0.00%,17.0
https://jus-tice.co.il/child-support-divorced-parents61641-09-19/,DESKTOP,0,468,0.00%,42.4
https://jus-tice.co.il/child-support-divorced-parents61641-09-19/,MOBILE,0,783,0.00%,42.9
https://jus-tice.co.il/child-support-divorced-parents61641-09-19/,TABLET,0,6,0.00%,45.8
https://jus-tice.co.il/china-business-legal-guide/,DESKTOP,0,10356,0.00%,33.1
https://jus-tice.co.il/china-business-legal-guide/,MOBILE,0,662,0.00%,16.4
https://jus-tice.co.il/china-lawyers/,DESKTOP,0,1545,0.00%,28.7
https://jus-tice.co.il/china-lawyers/,MOBILE,0,39,0.00%,47.7
https://jus-tice.co.il/choose-usa-attorney/,DESKTOP,0,4763,0.00%,37.9
https://jus-tice.co.il/choose-usa-attorney/,MOBILE,0,363,0.00%,49.2
https://jus-tice.co.il/cms-law-firm/,DESKTOP,0,2444,0.00%,47.0
https://jus-tice.co.il/cms-law-firm/,MOBILE,0,47,0.00%,29.9
https://jus-tice.co.il/co-op-legal-services/,MOBILE,0,1,0.00%,1.0
https://jus-tice.co.il/cohabitation-agreement/,DESKTOP,0,516,0.00%,65.3
https://jus-tice.co.il/cohabitation-agreement/,MOBILE,0,113,0.00%,79.5
https://jus-tice.co.il/cohabitation-agreement/,TABLET,0,1,0.00%,5.0
https://jus-tice.co.il/cohabitation-property-rights-for-unmarried-couples/,DESKTOP,0,6257,0.00%,44.8
https://jus-tice.co.il/cohabitation-property-rights-for-unmarried-couples/,MOBILE,0,777,0.00%,41.5
https://jus-tice.co.il/common-construction-defects-and-how-to-manage-them/,DESKTOP,0,2168,0.00%,52.8
https://jus-tice.co.il/common-construction-defects-and-how-to-manage-them/,MOBILE,0,66,0.00%,41.7
https://jus-tice.co.il/common-law-marriage/,DESKTOP,0,1315,0.00%,68.1
https://jus-tice.co.il/common-law-marriage/,MOBILE,0,243,0.00%,64.2
https://jus-tice.co.il/companyregistrationform2/,MOBILE,0,586,0.00%,42.5
https://jus-tice.co.il/comparative-criminal-justice/,DESKTOP,0,108,0.00%,51.4
https://jus-tice.co.il/comparative-criminal-justice/,MOBILE,0,28,0.00%,31.9
https://jus-tice.co.il/compensation-flight-delayed/,MOBILE,0,973,0.00%,67.0
https://jus-tice.co.il/compulsory-motor-vehicle-insurance/,DESKTOP,0,663,0.00%,66.4
https://jus-tice.co.il/compulsory-motor-vehicle-insurance/,MOBILE,0,20,0.00%,61.4
https://jus-tice.co.il/consent/,TABLET,0,14,0.00%,8.4
https://jus-tice.co.il/construction-law/,DESKTOP,0,3498,0.00%,54.2
https://jus-tice.co.il/construction-law/,MOBILE,0,529,0.00%,57.6
https://jus-tice.co.il/construction-law/,TABLET,0,2,0.00%,49.0
https://jus-tice.co.il/continuous-power-of-attorney-israel/,DESKTOP,0,3610,0.00%,70.3
https://jus-tice.co.il/continuous-power-of-attorney-israel/,MOBILE,0,804,0.00%,69.4
https://jus-tice.co.il/copyright/,DESKTOP,0,8136,0.00%,52.6
https://jus-tice.co.il/copyright/,TABLET,0,8,0.00%,32.0
https://jus-tice.co.il/cordell-cordell/,DESKTOP,0,124,0.00%,67.1
https://jus-tice.co.il/cordell-cordell/,MOBILE,0,8,0.00%,56.4
https://jus-tice.co.il/corona_virus/%D7%90%D7%96%D7%95%D7%A8-%D7%9E%D7%95%D7%92%D7%91%D7%9C-%D7%94%D7%A8%D7%95%D7%91%D7%A2%D7%99%D7%9D-%D7%91%D7%A2%D7%99%D7%A8-%D7%99%D7%A8%D7%95%D7%A9%D7%9C%D7%9D/,DESKTOP,0,101,0.00%,59.7
https://jus-tice.co.il/corona_virus/%D7%90%D7%96%D7%95%D7%A8-%D7%9E%D7%95%D7%92%D7%91%D7%9C-%D7%94%D7%A8%D7%95%D7%91%D7%A2%D7%99%D7%9D-%D7%91%D7%A2%D7%99%D7%A8-%D7%99%D7%A8%D7%95%D7%A9%D7%9C%D7%9D/,MOBILE,0,20,0.00%,86.2
https://jus-tice.co.il/corona_virus/%D7%90%D7%96%D7%95%D7%A8-%D7%9E%D7%95%D7%92%D7%91%D7%9C-%D7%94%D7%A8%D7%95%D7%91%D7%A2%D7%99%D7%9D-%D7%91%D7%A2%D7%99%D7%A8-%D7%99%D7%A8%D7%95%D7%A9%D7%9C%D7%9D/amp/,DESKTOP,0,1,0.00%,24.0
https://jus-tice.co.il/corona_virus/%D7%90%D7%A1%D7%98%D7%A8%D7%98%D7%92%D7%99%D7%99%D7%AA-%D7%99%D7%A6%D7%99%D7%90%D7%94-%D7%A7%D7%95%D7%A8%D7%95%D7%A0%D7%94-%D7%97%D7%96%D7%A8%D7%94-%D7%9C%D7%A2%D7%91%D7%95%D7%93%D7%94/,DESKTOP,0,14,0.00%,38.5
https://jus-tice.co.il/corona_virus/%D7%90%D7%A1%D7%98%D7%A8%D7%98%D7%92%D7%99%D7%99%D7%AA-%D7%99%D7%A6%D7%99%D7%90%D7%94-%D7%A7%D7%95%D7%A8%D7%95%D7%A0%D7%94-%D7%97%D7%96%D7%A8%D7%94-%D7%9C%D7%A2%D7%91%D7%95%D7%93%D7%94/,MOBILE,0,1,0.00%,93.0
https://jus-tice.co.il/corona_virus/%D7%94%D7%95%D7%A8%D7%90%D7%95%D7%AA-%D7%9E%D7%99%D7%95%D7%97%D7%93%D7%95%D7%AA-%D7%9C%D7%A2%D7%A0%D7%99%D7%99%D7%9F-%D7%91%D7%99%D7%98%D7%95%D7%97-%D7%90%D7%91%D7%98%D7%9C%D7%94-%D7%AA%D7%A7%D7%A0/,DESKTOP,0,3,0.00%,79.0
https://jus-tice.co.il/corona_virus/%D7%94%D7%A0%D7%97%D7%99%D7%95%D7%AA-%D7%97%D7%99%D7%A8%D7%95%D7%9D-%D7%9C%D7%94%D7%92%D7%91%D7%9C%D7%AA-%D7%A4%D7%A2%D7%99%D7%9C%D7%95%D7%AA-%D7%91%D7%90%D7%A0%D7%92%D7%9C%D7%99%D7%AA/,DESKTOP,0,8,0.00%,40.4
https://jus-tice.co.il/corona_virus/%D7%94%D7%A0%D7%97%D7%99%D7%95%D7%AA-%D7%9C%D7%94%D7%AA%D7%9E%D7%95%D7%93%D7%93%D7%95%D7%AA-%D7%A2%D7%9D-%D7%A0%D7%92%D7%99%D7%A3-%D7%94%D7%A7%D7%95%D7%A8%D7%95%D7%A0%D7%94-19-covid/,DESKTOP,0,3257,0.00%,67.3
https://jus-tice.co.il/corona_virus/%D7%94%D7%A0%D7%97%D7%99%D7%95%D7%AA-%D7%9C%D7%94%D7%AA%D7%9E%D7%95%D7%93%D7%93%D7%95%D7%AA-%D7%A2%D7%9D-%D7%A0%D7%92%D7%99%D7%A3-%D7%94%D7%A7%D7%95%D7%A8%D7%95%D7%A0%D7%94-19-covid/,MOBILE,0,219,0.00%,57.0
https://jus-tice.co.il/corona_virus/%D7%94%D7%A1%D7%A2%D7%95%D7%AA-%D7%A9%D7%9C-%D7%A2%D7%95%D7%91%D7%93%D7%99%D7%9D-%D7%97%D7%99%D7%95%D7%A0%D7%99%D7%99%D7%9D-%D7%A2%D7%93%D7%9B%D7%95%D7%9F-24-03-2020/,DESKTOP,0,38,0.00%,49.4
https://jus-tice.co.il/corona_virus/%D7%97%D7%A9%D7%91%D7%95%D7%A0%D7%95%D7%AA-%D7%A9%D7%9C-%D7%9C%D7%A7%D7%95%D7%97%D7%95%D7%AA-%D7%A9%D7%94%D7%A9%D7%99%D7%A7%D7%99%D7%9D-%D7%A9%D7%9C%D7%94%D7%9D-%D7%97%D7%96%D7%A8%D7%95-%D7%9C%D7%90/,DESKTOP,0,3,0.00%,38.0
https://jus-tice.co.il/corona_virus/%D7%9E%D7%A1%D7%9B%D7%94-%D7%AA%D7%95%D7%A6%D7%A8%D7%AA-%D7%91%D7%99%D7%AA-%D7%9C%D7%91%D7%99%D7%A9%D7%AA-%D7%9E%D7%A1%D7%9B%D7%95%D7%AA-%D7%A4%D7%94-%D7%90%D7%A3-%D7%91%D7%9E%D7%A8%D7%97%D7%91,DESKTOP,0,1,0.00%,84.0
https://jus-tice.co.il/corona_virus/%D7%9E%D7%A1%D7%9B%D7%94-%D7%AA%D7%95%D7%A6%D7%A8%D7%AA-%D7%91%D7%99%D7%AA-%D7%9C%D7%91%D7%99%D7%A9%D7%AA-%D7%9E%D7%A1%D7%9B%D7%95%D7%AA-%D7%A4%D7%94-%D7%90%D7%A3-%D7%91%D7%9E%D7%A8%D7%97%D7%91/,DESKTOP,0,2,0.00%,79.0
https://jus-tice.co.il/corona_virus/%D7%9E%D7%AA%D7%95%D7%95%D7%94-%D7%94%D7%A7%D7%A0%D7%99%D7%95%D7%A0%D7%99%D7%9D/,DESKTOP,0,64,0.00%,74.9
https://jus-tice.co.il/corona_virus/%D7%9E%D7%AA%D7%95%D7%95%D7%94-%D7%94%D7%A7%D7%A0%D7%99%D7%95%D7%A0%D7%99%D7%9D/,MOBILE,0,13,0.00%,34.3
https://jus-tice.co.il/corona_virus/%D7%9E%D7%AA%D7%95%D7%95%D7%94-%D7%94%D7%A7%D7%A0%D7%99%D7%95%D7%A0%D7%99%D7%9D/amp/,DESKTOP,0,1,0.00%,98.0
https://jus-tice.co.il/corona_virus/%D7%A6%D7%95-%D7%91%D7%A8%D7%99%D7%90%D7%95%D7%AA-%D7%94%D7%A2%D7%9D-%D7%A0%D7%92%D7%99%D7%A3-%D7%94%D7%A7%D7%95%D7%A8%D7%95%D7%A0%D7%94-%D7%94%D7%97%D7%93%D7%A9/,DESKTOP,0,3,0.00%,35.3
https://jus-tice.co.il/coronavirus-employers-guide/,DESKTOP,0,1084,0.00%,68.6
https://jus-tice.co.il/coronavirus-employers-guide/,MOBILE,0,203,0.00%,67.1
https://jus-tice.co.il/corporate-immigration-portugal/,DESKTOP,0,2372,0.00%,48.5
https://jus-tice.co.il/corporate-immigration-portugal/,MOBILE,0,336,0.00%,48.8
https://jus-tice.co.il/costa-rica-lawyers/,DESKTOP,0,2,0.00%,8.5
https://jus-tice.co.il/crime/,DESKTOP,0,1908,0.00%,50.3
https://jus-tice.co.il/crime/,MOBILE,0,275,0.00%,40.6
https://jus-tice.co.il/crime/,TABLET,0,3,0.00%,20.7
https://jus-tice.co.il/criminal-defense-attorney-roles-and-responsibilities/,DESKTOP,0,48,0.00%,63.5
https://jus-tice.co.il/criminal-defense-attorney-roles-and-responsibilities/,MOBILE,0,11,0.00%,64.1
https://jus-tice.co.il/criminal-defense-attorney/,DESKTOP,0,57049,0.00%,56.9
https://jus-tice.co.il/criminal-defense-attorney/,MOBILE,0,3707,0.00%,59.1
https://jus-tice.co.il/criminal-defense-attorney/,TABLET,0,6,0.00%,71.5
https://jus-tice.co.il/criminal-defenses/,DESKTOP,0,1445,0.00%,38.8
https://jus-tice.co.il/criminal-defenses/,MOBILE,0,84,0.00%,39.7
https://jus-tice.co.il/criminal-law/,DESKTOP,0,6522,0.00%,66.4
https://jus-tice.co.il/criminal-law/,MOBILE,0,742,0.00%,67.2
https://jus-tice.co.il/criminal-law/,TABLET,0,3,0.00%,71.0
https://jus-tice.co.il/criminal-negligence/,DESKTOP,0,1324,0.00%,32.8
https://jus-tice.co.il/criminal-negligence/,TABLET,0,2,0.00%,13.5
https://jus-tice.co.il/cryptocurrency-legislation-2021/,DESKTOP,0,1570,0.00%,64.0
https://jus-tice.co.il/cryptocurrency-legislation-2021/,MOBILE,0,281,0.00%,61.6
https://jus-tice.co.il/cuatrecasas/,DESKTOP,0,308,0.00%,38.0
https://jus-tice.co.il/cuatrecasas/,MOBILE,0,12,0.00%,27.1
https://jus-tice.co.il/custody-rights-for-fathers/,MOBILE,0,449,0.00%,52.3
https://jus-tice.co.il/cyber-insurance/,DESKTOP,0,3791,0.00%,57.4
https://jus-tice.co.il/cyber-insurance/,MOBILE,0,1295,0.00%,56.6
https://jus-tice.co.il/cyber-insurance/,TABLET,0,3,0.00%,51.0
https://jus-tice.co.il/cyber-laws/,MOBILE,0,91,0.00%,39.7
https://jus-tice.co.il/cyber-lawyer/,TABLET,0,6,0.00%,21.2
https://jus-tice.co.il/cybercrime-lawyer-roll/,DESKTOP,0,2208,0.00%,49.6
https://jus-tice.co.il/cybercrime-lawyer-roll/,MOBILE,0,172,0.00%,54.8
https://jus-tice.co.il/cybersex-trafficking/,DESKTOP,0,1664,0.00%,58.3
https://jus-tice.co.il/cyprus-corporate-tax/,DESKTOP,0,4424,0.00%,44.1
https://jus-tice.co.il/cyprus-corporate-tax/,MOBILE,0,478,0.00%,35.0
https://jus-tice.co.il/cyprus-corporate-tax/,TABLET,0,1,0.00%,9.0
https://jus-tice.co.il/cyprus-prices/,DESKTOP,0,1006,0.00%,38.4
https://jus-tice.co.il/cyprus-prices/,MOBILE,0,82,0.00%,47.5
https://jus-tice.co.il/czech-lawyers/,DESKTOP,0,845,0.00%,44.5
https://jus-tice.co.il/czech-lawyers/,MOBILE,0,25,0.00%,53.8
https://jus-tice.co.il/damages-claim-husband-ketubah-obligation/,DESKTOP,0,69,0.00%,65.0
https://jus-tice.co.il/damages-claim-husband-ketubah-obligation/,MOBILE,0,12,0.00%,31.2
https://jus-tice.co.il/decision10297-09-21/,DESKTOP,0,506,0.00%,64.3
https://jus-tice.co.il/decision10297-09-21/,MOBILE,0,7,0.00%,14.4
https://jus-tice.co.il/decision13759-08-21/,DESKTOP,0,47,0.00%,51.0
https://jus-tice.co.il/decision13759-08-21/,MOBILE,0,16,0.00%,31.2
https://jus-tice.co.il/decision13846-03-18/,DESKTOP,0,75,0.00%,64.7
https://jus-tice.co.il/decision13846-03-18/,MOBILE,0,15,0.00%,24.7
https://jus-tice.co.il/decision15094-01-18/,DESKTOP,0,245,0.00%,58.5
https://jus-tice.co.il/decision15094-01-18/,MOBILE,0,30,0.00%,41.5
https://jus-tice.co.il/decision17331-01-17/,DESKTOP,0,1512,0.00%,69.4
https://jus-tice.co.il/decision1838-03-21/,DESKTOP,0,141,0.00%,58.7
https://jus-tice.co.il/decision20043-03-23/,TABLET,0,3,0.00%,10.0
https://jus-tice.co.il/decision21029-12-21/,DESKTOP,0,1005,0.00%,48.0
https://jus-tice.co.il/decision21029-12-21/,MOBILE,0,498,0.00%,28.2
https://jus-tice.co.il/decision21029-12-21/,TABLET,0,4,0.00%,31.8
https://jus-tice.co.il/decision22328-09-20/,DESKTOP,0,40,0.00%,30.6
https://jus-tice.co.il/decision22328-09-20/,MOBILE,0,13,0.00%,8.9
https://jus-tice.co.il/decision22431-08-19/,DESKTOP,0,492,0.00%,52.3
https://jus-tice.co.il/decision23472-02-20/,DESKTOP,0,93,0.00%,55.0
https://jus-tice.co.il/decision23472-02-20/,MOBILE,0,19,0.00%,19.2
https://jus-tice.co.il/decision24104-03-19/,DESKTOP,0,2,0.00%,25.5
https://jus-tice.co.il/decision26671-07-21/,DESKTOP,0,44,0.00%,79.6
https://jus-tice.co.il/decision26671-07-21/,MOBILE,0,11,0.00%,89.1
https://jus-tice.co.il/decision28925-09-17/,DESKTOP,0,755,0.00%,67.5
https://jus-tice.co.il/decision28925-09-17/,MOBILE,0,11,0.00%,60.5
https://jus-tice.co.il/decision30452-07-20/,DESKTOP,0,614,0.00%,73.7
https://jus-tice.co.il/decision30452-07-20/,MOBILE,0,8,0.00%,42.8
https://jus-tice.co.il/decision3127-04-22/,DESKTOP,0,127,0.00%,42.5
https://jus-tice.co.il/decision3127-04-22/,MOBILE,0,15,0.00%,35.0
https://jus-tice.co.il/decision31783-04-21/,DESKTOP,0,95,0.00%,74.3
https://jus-tice.co.il/decision31783-04-21/,MOBILE,0,12,0.00%,43.9
https://jus-tice.co.il/decision32910-02-19/,DESKTOP,0,48,0.00%,75.9
https://jus-tice.co.il/decision32910-02-19/,MOBILE,0,8,0.00%,89.8
https://jus-tice.co.il/decision33954-04-20/,DESKTOP,0,130,0.00%,58.6
https://jus-tice.co.il/decision33954-04-20/,MOBILE,0,4,0.00%,85.5
https://jus-tice.co.il/decision37975-11-17/,DESKTOP,0,689,0.00%,48.8
https://jus-tice.co.il/decision37975-11-17/,MOBILE,0,26,0.00%,49.9
https://jus-tice.co.il/decision39696-06-16/,DESKTOP,0,198,0.00%,52.7
https://jus-tice.co.il/decision39696-06-16/,MOBILE,0,187,0.00%,48.6
https://jus-tice.co.il/decision42377-09-22/,DESKTOP,0,3730,0.00%,21.1
https://jus-tice.co.il/decision47098-04-21/,DESKTOP,0,209,0.00%,62.5
https://jus-tice.co.il/decision47098-04-21/,MOBILE,0,22,0.00%,57.7
https://jus-tice.co.il/decision48240-04-17/,DESKTOP,0,943,0.00%,63.3
https://jus-tice.co.il/decision48240-04-17/,MOBILE,0,91,0.00%,70.6
https://jus-tice.co.il/decision48940-07-20/,TABLET,0,4,0.00%,5.8
https://jus-tice.co.il/decision49576-05-20/,DESKTOP,0,100,0.00%,29.0
https://jus-tice.co.il/decision49576-05-20/,MOBILE,0,7,0.00%,25.9
https://jus-tice.co.il/decision50014-01-19/,MOBILE,0,170,0.00%,24.8
https://jus-tice.co.il/decision53041-12-20a/,DESKTOP,0,178,0.00%,55.2
https://jus-tice.co.il/decision53041-12-20a/,MOBILE,0,13,0.00%,32.3
https://jus-tice.co.il/decision54477-10-18/,DESKTOP,0,117,0.00%,14.9
https://jus-tice.co.il/decision55016-06-17a/,DESKTOP,0,565,0.00%,74.3
https://jus-tice.co.il/decision56187-03-21/,MOBILE,0,7,0.00%,50.6
https://jus-tice.co.il/decision56258-02-22/,DESKTOP,0,67,0.00%,61.6
https://jus-tice.co.il/decision58450-02-22/,DESKTOP,0,531,0.00%,74.6
https://jus-tice.co.il/decision58450-02-22/,MOBILE,0,2,0.00%,26.0
https://jus-tice.co.il/decision58589-11-21/,DESKTOP,0,428,0.00%,65.7
https://jus-tice.co.il/decision58589-11-21/,MOBILE,0,6,0.00%,49.2
https://jus-tice.co.il/decision60362-03-22/,DESKTOP,0,173,0.00%,37.6
https://jus-tice.co.il/decision60567-12-21/,DESKTOP,0,856,0.00%,39.4
https://jus-tice.co.il/decision60567-12-21/,MOBILE,0,5,0.00%,41.8
https://jus-tice.co.il/decision6077-20/,DESKTOP,0,786,0.00%,58.8
https://jus-tice.co.il/decision6077-20/,MOBILE,0,38,0.00%,67.5
https://jus-tice.co.il/decision6199-03-18/,DESKTOP,0,2555,0.00%,64.5
https://jus-tice.co.il/decision6199-03-18/,MOBILE,0,467,0.00%,60.0
https://jus-tice.co.il/decision6199-03-18/,TABLET,0,1,0.00%,71.0
https://jus-tice.co.il/decision66529-11-19/,MOBILE,0,35,0.00%,15.0
https://jus-tice.co.il/decision66529-11-19/,TABLET,0,1,0.00%,15.0
https://jus-tice.co.il/decision71869-11-21/,DESKTOP,0,717,0.00%,65.4
https://jus-tice.co.il/decision71869-11-21/,MOBILE,0,149,0.00%,15.7
https://jus-tice.co.il/decision75385-12-20/,TABLET,0,3,0.00%,8.0
https://jus-tice.co.il/deep-pocket/,DESKTOP,0,32,0.00%,25.8
https://jus-tice.co.il/deep-pocket/,MOBILE,0,10,0.00%,8.4
https://jus-tice.co.il/dentons/,DESKTOP,0,80,0.00%,9.3
https://jus-tice.co.il/dentons/,MOBILE,0,18,0.00%,14.1
https://jus-tice.co.il/department-of-justice-general-manager/,DESKTOP,0,102,0.00%,61.1
https://jus-tice.co.il/department-of-justice-general-manager/,MOBILE,0,46,0.00%,47.4
https://jus-tice.co.il/department-of-justice/,TABLET,0,8,0.00%,7.9
https://jus-tice.co.il/description-and-structure-of-the-ministry-of-justice/,MOBILE,0,237,0.00%,62.0
https://jus-tice.co.il/detention-before-charge-or-trial/,DESKTOP,0,6240,0.00%,40.8
https://jus-tice.co.il/detention-before-charge-or-trial/,MOBILE,0,650,0.00%,31.9
https://jus-tice.co.il/detention-before-charge-or-trial/,TABLET,0,5,0.00%,1.4
https://jus-tice.co.il/detention-days/,DESKTOP,0,4175,0.00%,42.3
https://jus-tice.co.il/detention-days/,MOBILE,0,295,0.00%,37.4
https://jus-tice.co.il/digital-marketing-agency/,DESKTOP,0,828,0.00%,60.6
https://jus-tice.co.il/digital-marketing-agency/,MOBILE,0,210,0.00%,50.5
https://jus-tice.co.il/digital-signature/,MOBILE,0,3362,0.00%,44.4
https://jus-tice.co.il/digital-signature/,TABLET,0,3,0.00%,43.7
https://jus-tice.co.il/division-of-a-couples-apartment-and-its-implications-for-charging-the-ketubah/,DESKTOP,0,79,0.00%,61.5
https://jus-tice.co.il/divorce-claim-error-during-stay/,DESKTOP,0,6,0.00%,53.2
https://jus-tice.co.il/divorce-claim-error-during-stay/,MOBILE,0,4,0.00%,79.5
https://jus-tice.co.il/divorce-claim-error-during-stay/,TABLET,0,1,0.00%,77.0
https://jus-tice.co.il/divorce-costs-2025/,DESKTOP,0,5648,0.00%,46.2
https://jus-tice.co.il/divorce-costs-2025/,MOBILE,0,2523,0.00%,40.0
https://jus-tice.co.il/divorce-costs-2025/,TABLET,0,25,0.00%,43.5
https://jus-tice.co.il/divorce-everything-you-need-to-know/,DESKTOP,0,6204,0.00%,60.6
https://jus-tice.co.il/divorce-everything-you-need-to-know/,MOBILE,0,1662,0.00%,58.2
https://jus-tice.co.il/divorce-everything-you-need-to-know/,TABLET,0,5,0.00%,68.2
https://jus-tice.co.il/divorce-law-in-sweden/,DESKTOP,0,869,0.00%,47.1
https://jus-tice.co.il/divorce-law-in-sweden/,MOBILE,0,193,0.00%,36.0
https://jus-tice.co.il/divorce-mediation-basics/,DESKTOP,0,6702,0.00%,69.2
https://jus-tice.co.il/divorce-mediation-basics/,MOBILE,0,1724,0.00%,68.8
https://jus-tice.co.il/divorce-mediation-basics/,TABLET,0,6,0.00%,77.2
https://jus-tice.co.il/divorce-mediation-cons-pros/,DESKTOP,0,2807,0.00%,65.6
https://jus-tice.co.il/divorce-mediation-cons-pros/,MOBILE,0,605,0.00%,65.9
https://jus-tice.co.il/divorce-mediation-cons-pros/,TABLET,0,3,0.00%,73.0
https://jus-tice.co.il/divorce-resource-balancing-case21019-01-21/,TABLET,0,1,0.00%,9.0
https://jus-tice.co.il/divorce-with-consent/,DESKTOP,0,4148,0.00%,57.5
https://jus-tice.co.il/divorce-with-consent/,MOBILE,0,1295,0.00%,57.4
https://jus-tice.co.il/divorce-with-consent/,TABLET,0,2,0.00%,56.0
https://jus-tice.co.il/dla-piper/,DESKTOP,0,2182,0.00%,25.7
https://jus-tice.co.il/dla-piper/,MOBILE,0,34,0.00%,33.8
https://jus-tice.co.il/driver-with-36-valid-points-or-more-will-be-disqualified-from-holding-a-drivers-license/,DESKTOP,0,208,0.00%,56.7
https://jus-tice.co.il/driver-with-36-valid-points-or-more-will-be-disqualified-from-holding-a-drivers-license/,MOBILE,0,35,0.00%,69.5
https://jus-tice.co.il/driving-under-the-influence/,DESKTOP,0,11448,0.00%,68.2
https://jus-tice.co.il/driving-under-the-influence/,MOBILE,0,3205,0.00%,68.6
https://jus-tice.co.il/driving-under-the-influence/,TABLET,0,1,0.00%,97.0
https://jus-tice.co.il/drug-offenses-criminal-lawyer/,DESKTOP,0,540,0.00%,51.2
https://jus-tice.co.il/drug-offenses-criminal-lawyer/,MOBILE,0,75,0.00%,38.6
https://jus-tice.co.il/drug-offenses-criminal-lawyer/,TABLET,0,4,0.00%,43.8
https://jus-tice.co.il/drug-possession/,DESKTOP,0,4580,0.00%,45.9
https://jus-tice.co.il/drug-possession/,MOBILE,0,313,0.00%,40.8
https://jus-tice.co.il/drug-related-crime/,DESKTOP,0,21941,0.00%,34.9
https://jus-tice.co.il/drug-related-crime/,MOBILE,0,1439,0.00%,38.2
https://jus-tice.co.il/drug-related-crime/,TABLET,0,1,0.00%,66.0
https://jus-tice.co.il/drug-trafficking/,DESKTOP,0,6240,0.00%,28.3
https://jus-tice.co.il/dui-refusal-blood-breath-urine-test/,DESKTOP,0,5142,0.00%,28.1
https://jus-tice.co.il/dui-refusal-blood-breath-urine-test/,MOBILE,0,1191,0.00%,34.7
https://jus-tice.co.il/dun-bradstreet/,DESKTOP,0,702,0.00%,47.2
https://jus-tice.co.il/durable-power-of-attorney-cost/,DESKTOP,0,20,0.00%,35.6
https://jus-tice.co.il/economic-crimes-white-collar-lawyer/,DESKTOP,0,4668,0.00%,53.3
https://jus-tice.co.il/economic-crimes-white-collar-lawyer/,MOBILE,0,504,0.00%,60.2
https://jus-tice.co.il/economic-crimes-white-collar-lawyer/,TABLET,0,1,0.00%,39.0
https://jus-tice.co.il/edp/,DESKTOP,0,1,0.00%,49.0
https://jus-tice.co.il/electronic-signature/,DESKTOP,0,8079,0.00%,52.4
https://jus-tice.co.il/electronic-signature/,MOBILE,0,2204,0.00%,54.3
https://jus-tice.co.il/electronic-signature/,TABLET,0,1,0.00%,45.0
https://jus-tice.co.il/employer-worker-relationship/,DESKTOP,0,2745,0.00%,56.2
https://jus-tice.co.il/employer-worker-relationship/,MOBILE,0,504,0.00%,54.3
https://jus-tice.co.il/employers/,DESKTOP,0,7,0.00%,1.0
https://jus-tice.co.il/employers/,MOBILE,0,4,0.00%,1.5
https://jus-tice.co.il/employers/,TABLET,0,1,0.00%,1.0
https://jus-tice.co.il/employment-contract/,DESKTOP,0,4355,0.00%,52.9
https://jus-tice.co.il/employment-contract/,MOBILE,0,769,0.00%,51.0
https://jus-tice.co.il/epa-guide-qa/,MOBILE,0,38,0.00%,54.4
https://jus-tice.co.il/ethiopia-lawyer/,DESKTOP,0,2480,0.00%,25.7
https://jus-tice.co.il/everything-you-need-to-know-about-becoming-a-criminal-lawyer/,TABLET,0,4,0.00%,24.3
https://jus-tice.co.il/expungement-of-criminal-records/,DESKTOP,0,5050,0.00%,64.8
https://jus-tice.co.il/expungement-of-criminal-records/,MOBILE,0,318,0.00%,60.7
https://jus-tice.co.il/extension-of-detention-for-more-than-thirty-days/,DESKTOP,0,3314,0.00%,60.9
https://jus-tice.co.il/extension-of-detention-for-more-than-thirty-days/,MOBILE,0,348,0.00%,52.0
https://jus-tice.co.il/extradition-guide/,TABLET,0,2,0.00%,9.5
https://jus-tice.co.il/family-court/,DESKTOP,0,4761,0.00%,51.3
https://jus-tice.co.il/family-court/,MOBILE,0,859,0.00%,50.5
https://jus-tice.co.il/family-court/,TABLET,0,3,0.00%,37.3
https://jus-tice.co.il/family-judgment-31661-07-16/,DESKTOP,0,66,0.00%,44.2
https://jus-tice.co.il/family-judgment-31661-07-16/,MOBILE,0,3,0.00%,55.0
https://jus-tice.co.il/family-law-italy/,DESKTOP,0,1560,0.00%,57.3
https://jus-tice.co.il/family-law-italy/,MOBILE,0,445,0.00%,42.8
https://jus-tice.co.il/family-law/,TABLET,0,26,0.00%,62.2
https://jus-tice.co.il/family-law/page/2,DESKTOP,0,407,0.00%,53.3
https://jus-tice.co.il/family-law/page/2,MOBILE,0,26,0.00%,71.0
https://jus-tice.co.il/famous-criminal-defense-lawyer/,DESKTOP,0,9078,0.00%,39.3
https://jus-tice.co.il/famous-criminal-defense-lawyer/,TABLET,0,4,0.00%,28.0
https://jus-tice.co.il/fbi-cyber-division/,DESKTOP,0,2583,0.00%,48.4
https://jus-tice.co.il/fbi-cyber-division/,MOBILE,0,326,0.00%,45.3
https://jus-tice.co.il/fbi-cyber-division/,TABLET,0,3,0.00%,64.3
https://jus-tice.co.il/federal-bureau-of-investigation/,DESKTOP,0,599,0.00%,58.6
https://jus-tice.co.il/federal-bureau-of-investigation/,MOBILE,0,377,0.00%,23.8
https://jus-tice.co.il/federal-bureau-of-investigation/,TABLET,0,60,0.00%,62.7
https://jus-tice.co.il/filing-a-lawsuit-how-to-sue/,DESKTOP,0,3617,0.00%,46.4
https://jus-tice.co.il/filing-a-lawsuit-how-to-sue/,MOBILE,0,776,0.00%,41.9
https://jus-tice.co.il/filing-a-lawsuit-how-to-sue/,TABLET,0,1,0.00%,31.0
https://jus-tice.co.il/financial-strategies-after-divorce/,DESKTOP,0,295,0.00%,25.2
https://jus-tice.co.il/financial-strategies-after-divorce/,MOBILE,0,132,0.00%,25.5
https://jus-tice.co.il/find-lawyer-how-to-find-good-attorney/,MOBILE,0,730,0.00%,24.7
https://jus-tice.co.il/find-lawyer-how-to-find-good-attorney/,TABLET,0,1,0.00%,7.0
https://jus-tice.co.il/find-lawyer/,DESKTOP,0,5904,0.00%,65.7
https://jus-tice.co.il/find-lawyer/,MOBILE,0,443,0.00%,77.2
https://jus-tice.co.il/find-lawyer/,TABLET,0,4,0.00%,60.5
https://jus-tice.co.il/findlaw/,DESKTOP,0,116,0.00%,55.3
https://jus-tice.co.il/findlaw/,MOBILE,0,16,0.00%,70.4
https://jus-tice.co.il/fintech/,DESKTOP,0,286,0.00%,35.9
https://jus-tice.co.il/fintech/,MOBILE,0,45,0.00%,29.4
https://jus-tice.co.il/force-majeure,DESKTOP,0,106,0.00%,45.2
https://jus-tice.co.il/foreign-legal-opinion/,DESKTOP,0,607,0.00%,53.3
https://jus-tice.co.il/foreign-legal-opinion/,MOBILE,0,55,0.00%,51.1
https://jus-tice.co.il/foreign_legal_opinion/,DESKTOP,0,481,0.00%,22.9
https://jus-tice.co.il/form-6-request-urgent-relief-dispute-settlement/,TABLET,0,4,0.00%,52.5
https://jus-tice.co.il/france-lawyers/,DESKTOP,0,3420,0.00%,27.6
https://jus-tice.co.il/france-lawyers/,MOBILE,0,68,0.00%,52.2
https://jus-tice.co.il/free-affidavit-sample/,TABLET,0,8,0.00%,9.1
https://jus-tice.co.il/garrigues_law_firm/,DESKTOP,0,43,0.00%,65.0
https://jus-tice.co.il/georgia-lawyers/,DESKTOP,0,2238,0.00%,54.4
https://jus-tice.co.il/georgia-lawyers/,MOBILE,0,148,0.00%,44.8
https://jus-tice.co.il/german-passport/,DESKTOP,0,40612,0.00%,45.1
https://jus-tice.co.il/german-passport/,MOBILE,0,2393,0.00%,46.6
https://jus-tice.co.il/german-passport/,TABLET,0,1,0.00%,60.0
https://jus-tice.co.il/golden-visa/,TABLET,0,10,0.00%,8.7
https://jus-tice.co.il/government-of-portugal/,DESKTOP,0,67,0.00%,18.4
https://jus-tice.co.il/greece-financing/,DESKTOP,0,602,0.00%,66.4
https://jus-tice.co.il/greece-financing/,MOBILE,0,239,0.00%,58.6
https://jus-tice.co.il/greece-financing/,TABLET,0,5,0.00%,34.2
https://jus-tice.co.il/greece-lawyers/,DESKTOP,0,885,0.00%,51.0
https://jus-tice.co.il/greece-lawyers/,MOBILE,0,473,0.00%,30.7
https://jus-tice.co.il/greece-lawyers/,TABLET,0,5,0.00%,7.4
https://jus-tice.co.il/grounds-for-divorce-united-states/,DESKTOP,0,25,0.00%,60.2
https://jus-tice.co.il/grounds-for-divorce-united-states/,MOBILE,0,3,0.00%,74.3
https://jus-tice.co.il/guide-buying-property-portugal-israelis/,DESKTOP,0,11095,0.00%,46.4
https://jus-tice.co.il/guide-buying-property-portugal-israelis/,TABLET,0,1,0.00%,62.0
https://jus-tice.co.il/handwritten-property-agreement-cancellation/,DESKTOP,0,43,0.00%,67.5
https://jus-tice.co.il/handwritten-property-agreement-cancellation/,MOBILE,0,9,0.00%,54.9
https://jus-tice.co.il/handwritten-property-agreement-cancellation/,TABLET,0,1,0.00%,9.0
https://jus-tice.co.il/healthcare_in_portugal/,DESKTOP,0,40,0.00%,25.1
https://jus-tice.co.il/healthcare_in_portugal/,MOBILE,0,2,0.00%,60.5
https://jus-tice.co.il/herzog-fox-neeman/,DESKTOP,0,1045,0.00%,41.8
https://jus-tice.co.il/history-of-criminal-justice/,DESKTOP,0,180,0.00%,53.1
https://jus-tice.co.il/history-of-criminal-justice/,MOBILE,0,6,0.00%,36.7
https://jus-tice.co.il/history-of-medicine/,DESKTOP,0,311,0.00%,60.1
https://jus-tice.co.il/history-of-medicine/,MOBILE,0,34,0.00%,73.3
https://jus-tice.co.il/home-inspection/,DESKTOP,0,274,0.00%,77.4
https://jus-tice.co.il/home-insurance/,DESKTOP,0,7466,0.00%,56.0
https://jus-tice.co.il/home-insurance/,MOBILE,0,4819,0.00%,55.3
https://jus-tice.co.il/hong-kong-lawyer/,DESKTOP,0,1201,0.00%,50.3
https://jus-tice.co.il/hong-kong-lawyer/,MOBILE,0,133,0.00%,42.8
https://jus-tice.co.il/housing-portugal/,DESKTOP,0,988,0.00%,50.4
https://jus-tice.co.il/housing-portugal/,MOBILE,0,46,0.00%,54.8
https://jus-tice.co.il/how-contracts-can-protect-you-and-your-business/,DESKTOP,0,135,0.00%,75.9
https://jus-tice.co.il/how-contracts-can-protect-you-and-your-business/,MOBILE,0,14,0.00%,82.9
https://jus-tice.co.il/how-much-does-a-divorce-agreement-cost/,DESKTOP,0,5142,0.00%,54.0
https://jus-tice.co.il/how-much-does-a-divorce-agreement-cost/,MOBILE,0,2877,0.00%,52.9
https://jus-tice.co.il/how-much-does-a-divorce-agreement-cost/,TABLET,0,16,0.00%,68.0
https://jus-tice.co.il/how-much-does-a-lawyer-cost/,DESKTOP,0,5880,0.00%,67.0
https://jus-tice.co.il/how-much-does-a-lawyer-cost/,TABLET,0,1,0.00%,61.0
https://jus-tice.co.il/how-much-does-prenup-cost/,MOBILE,0,507,0.00%,37.9
https://jus-tice.co.il/how-to-choose-criminal-defense-attorney/,DESKTOP,0,829,0.00%,41.6
https://jus-tice.co.il/how-to-choose-criminal-defense-attorney/,MOBILE,0,67,0.00%,33.7
https://jus-tice.co.il/how-to-deal-with-problematic-employees-aside-from-termination/,DESKTOP,0,538,0.00%,22.6
https://jus-tice.co.il/how-to-deal-with-problematic-employees-aside-from-termination/,MOBILE,0,22,0.00%,22.1
https://jus-tice.co.il/how-to-find-a-professional-web-development-agency/,DESKTOP,0,334,0.00%,66.7
https://jus-tice.co.il/how-to-find-a-professional-web-development-agency/,MOBILE,0,77,0.00%,70.5
https://jus-tice.co.il/how-to-find-a-professional-web-development-agency/,TABLET,0,1,0.00%,100.0
https://jus-tice.co.il/how-to-run-a-successful-law-firm/,TABLET,0,3,0.00%,23.7
https://jus-tice.co.il/human-trafficking/,DESKTOP,0,266,0.00%,37.5
https://jus-tice.co.il/hungary-lawyer/,DESKTOP,0,596,0.00%,43.1
https://jus-tice.co.il/hungary-lawyer/,MOBILE,0,46,0.00%,75.8
https://jus-tice.co.il/iflr1000/,DESKTOP,0,264,0.00%,46.9
https://jus-tice.co.il/iflr1000/,MOBILE,0,9,0.00%,43.0
https://jus-tice.co.il/immigration-lawyer/,TABLET,0,1,0.00%,8.0
https://jus-tice.co.il/immigration-to-portugal/,DESKTOP,0,4041,0.00%,46.3
https://jus-tice.co.il/immigration-to-portugal/,MOBILE,0,1199,0.00%,43.7
https://jus-tice.co.il/immigration-to-portugal/,TABLET,0,1,0.00%,26.0
https://jus-tice.co.il/immigration/,TABLET,0,1,0.00%,1.0
https://jus-tice.co.il/income-protection-insurance/,DESKTOP,0,5133,0.00%,68.7
https://jus-tice.co.il/income-protection-insurance/,MOBILE,0,763,0.00%,75.9
https://jus-tice.co.il/income-protection-insurance/,TABLET,0,2,0.00%,78.0
https://jus-tice.co.il/india-lawyers/,DESKTOP,0,2577,0.00%,17.9
https://jus-tice.co.il/india-lawyers/,TABLET,0,1,0.00%,15.0
https://jus-tice.co.il/infidelity-adultery-marital-betrayal-family-law/,DESKTOP,0,946,0.00%,62.2
https://jus-tice.co.il/infidelity-adultery-marital-betrayal-family-law/,MOBILE,0,109,0.00%,54.8
https://jus-tice.co.il/infidelity-adultery-marital-betrayal-family-law/,TABLET,0,2,0.00%,60.5
https://jus-tice.co.il/infidelity-statistics-reasons-suspicions/,TABLET,0,2,0.00%,18.0
https://jus-tice.co.il/inheritance-order/,DESKTOP,0,8872,0.00%,49.4
https://jus-tice.co.il/inheritance-order/,MOBILE,0,993,0.00%,40.1
https://jus-tice.co.il/inheritance-order/,TABLET,0,11,0.00%,42.9
https://jus-tice.co.il/inheritance/,DESKTOP,0,12426,0.00%,49.8
https://jus-tice.co.il/inheritance/,MOBILE,0,2362,0.00%,56.2
https://jus-tice.co.il/inheritance/,TABLET,0,26,0.00%,64.0
https://jus-tice.co.il/insolvency/,DESKTOP,0,1875,0.00%,67.4
https://jus-tice.co.il/insolvency/,MOBILE,0,309,0.00%,68.3
https://jus-tice.co.il/intellectual-property-lawyer/,DESKTOP,0,13195,0.00%,55.1
https://jus-tice.co.il/intellectual-property-lawyer/,MOBILE,0,3289,0.00%,62.7
https://jus-tice.co.il/intellectual-property-lawyer/,TABLET,0,83,0.00%,76.7
https://jus-tice.co.il/international-agreement-greece-dtpa/,DESKTOP,0,907,0.00%,38.1
https://jus-tice.co.il/international-agreement-greece-dtpa/,MOBILE,0,394,0.00%,42.9
https://jus-tice.co.il/international-association-of-jewish-lawyers-and-jurists/,DESKTOP,0,2,0.00%,52.5
https://jus-tice.co.il/international-association-of-jewish-lawyers-and-jurists/,MOBILE,0,2,0.00%,57.0
https://jus-tice.co.il/international-contract-lawyer/,DESKTOP,0,142,0.00%,51.7
https://jus-tice.co.il/international-contract-lawyer/,MOBILE,0,8,0.00%,58.9
https://jus-tice.co.il/international-inheritance-wills-lawyer/,DESKTOP,0,9060,0.00%,60.3
https://jus-tice.co.il/international-inheritance-wills-lawyer/,MOBILE,0,1263,0.00%,59.1
https://jus-tice.co.il/international-inheritance-wills-lawyer/,TABLET,0,11,0.00%,71.0
https://jus-tice.co.il/international-litigation/,DESKTOP,0,6200,0.00%,46.7
https://jus-tice.co.il/international-litigation/,MOBILE,0,197,0.00%,75.8
https://jus-tice.co.il/international-litigation/,TABLET,0,11,0.00%,92.5
https://jus-tice.co.il/international-notaries/,DESKTOP,0,943,0.00%,61.7
https://jus-tice.co.il/international-regulation/,DESKTOP,0,538,0.00%,53.0
https://jus-tice.co.il/international-regulation/,MOBILE,0,102,0.00%,57.4
https://jus-tice.co.il/invest-in-portugal-for-citizenship/,DESKTOP,0,1048,0.00%,52.3
https://jus-tice.co.il/invest-in-portugal-for-citizenship/,MOBILE,0,121,0.00%,70.5
https://jus-tice.co.il/investing-in-argentina/,DESKTOP,0,64,0.00%,49.3
https://jus-tice.co.il/investing-in-argentina/,MOBILE,0,4,0.00%,19.8
https://jus-tice.co.il/investing-in-greece-real-estate/,DESKTOP,0,17592,0.00%,52.2
https://jus-tice.co.il/investing-in-greece-real-estate/,MOBILE,0,6193,0.00%,46.2
https://jus-tice.co.il/investing-in-greece/,DESKTOP,0,982,0.00%,61.4
https://jus-tice.co.il/investing-in-greece/,MOBILE,0,418,0.00%,50.4
https://jus-tice.co.il/investment-loss-compensation/,DESKTOP,0,447,0.00%,54.5
https://jus-tice.co.il/investment-loss-compensation/,MOBILE,0,157,0.00%,39.7
https://jus-tice.co.il/is-a-law-for-the-settlement-of-family-disputes-successful/,DESKTOP,0,393,0.00%,45.3
https://jus-tice.co.il/is-a-law-for-the-settlement-of-family-disputes-successful/,MOBILE,0,215,0.00%,37.4
https://jus-tice.co.il/is-portugal-a-good-place-to-retire/,DESKTOP,0,65,0.00%,35.7
https://jus-tice.co.il/is-portugal-a-good-place-to-retire/,MOBILE,0,2,0.00%,36.0
https://jus-tice.co.il/israel-crime-statistics/,DESKTOP,0,594,0.00%,67.1
https://jus-tice.co.il/israel-crime-statistics/,MOBILE,0,97,0.00%,68.1
https://jus-tice.co.il/israel-framework-for-reopening-schools-coronavirus-2020/,DESKTOP,0,133,0.00%,72.3
https://jus-tice.co.il/israel-framework-for-reopening-schools-coronavirus-2020/,MOBILE,0,2,0.00%,42.0
https://jus-tice.co.il/israel-notary-public/,DESKTOP,0,5039,0.00%,41.3
https://jus-tice.co.il/israel-notary-public/,TABLET,0,5,0.00%,9.6
https://jus-tice.co.il/israel-police/,MOBILE,0,782,0.00%,34.8
https://jus-tice.co.il/israel-police/,TABLET,0,2,0.00%,38.0
https://jus-tice.co.il/israel-portugal-relations/,DESKTOP,0,321,0.00%,23.0
https://jus-tice.co.il/israel-portugal-relations/,TABLET,0,5,0.00%,8.4
https://jus-tice.co.il/israel-real-estate-price-forecast/,DESKTOP,0,676,0.00%,53.3
https://jus-tice.co.il/israel-real-estate-price-forecast/,MOBILE,0,235,0.00%,61.7
https://jus-tice.co.il/israel-real-estate-price-forecast/,TABLET,0,2,0.00%,62.5
https://jus-tice.co.il/israel-road-accident-compensation-law/,DESKTOP,0,10290,0.00%,63.7
https://jus-tice.co.il/israel-road-accident-compensation-law/,MOBILE,0,1518,0.00%,68.0
https://jus-tice.co.il/israel-tax-authority/,DESKTOP,0,2825,0.00%,58.9
https://jus-tice.co.il/israel-tax-authority/,MOBILE,0,420,0.00%,54.3
https://jus-tice.co.il/israeli-labor-law/,MOBILE,0,291,0.00%,66.4
https://jus-tice.co.il/israeli-lawyer-explains-real-estate/,DESKTOP,0,1394,0.00%,45.3
https://jus-tice.co.il/israeli-lawyer-explains-real-estate/,MOBILE,0,281,0.00%,30.6
https://jus-tice.co.il/israeli_land_and_property_laws/,DESKTOP,0,3665,0.00%,52.5
https://jus-tice.co.il/israeli_land_and_property_laws/,MOBILE,0,227,0.00%,54.1
https://jus-tice.co.il/italy-lawyers/,DESKTOP,0,1323,0.00%,24.4
https://jus-tice.co.il/italy-lawyers/,TABLET,0,18,0.00%,80.9
https://jus-tice.co.il/james-sexton-attorney/,DESKTOP,0,361,0.00%,58.6
https://jus-tice.co.il/james-sexton-attorney/,MOBILE,0,29,0.00%,66.1
https://jus-tice.co.il/japan-attorneys/,DESKTOP,0,5776,0.00%,34.7
https://jus-tice.co.il/joint-custody-shared-parenting/,DESKTOP,0,14578,0.00%,64.1
https://jus-tice.co.il/joint-custody-shared-parenting/,MOBILE,0,1535,0.00%,58.0
https://jus-tice.co.il/joint-custody-shared-parenting/,TABLET,0,7,0.00%,46.3
https://jus-tice.co.il/joint-venture-agreement/,DESKTOP,0,393,0.00%,50.7
https://jus-tice.co.il/joint-venture-agreement/,MOBILE,0,155,0.00%,53.3
https://jus-tice.co.il/jurisprudence/,DESKTOP,0,447,0.00%,42.1
https://jus-tice.co.il/jurisprudence/,MOBILE,0,60,0.00%,35.1
https://jus-tice.co.il/jurist/,DESKTOP,0,3,0.00%,53.0
https://jus-tice.co.il/kirkland-ellis/,DESKTOP,0,296,0.00%,51.2
https://jus-tice.co.il/kl-gates/,DESKTOP,0,72,0.00%,59.1
https://jus-tice.co.il/kl-gates/,MOBILE,0,19,0.00%,50.3
https://jus-tice.co.il/klumpke-paralysis/,DESKTOP,0,116,0.00%,43.6
https://jus-tice.co.il/klumpke-paralysis/,MOBILE,0,131,0.00%,56.6
https://jus-tice.co.il/labor-law/%D7%97%D7%95%D7%A7-%D7%94%D7%95%D7%93%D7%A2%D7%94-%D7%9E%D7%95%D7%A7%D7%93%D7%9E%D7%AA-%D7%9C%D7%A4%D7%99%D7%98%D7%95%D7%A8%D7%99%D7%9D-%D7%95%D7%9C%D7%94%D7%AA%D7%A4%D7%98%D7%A8%D7%95%D7%AA/,DESKTOP,0,3080,0.00%,55.8
https://jus-tice.co.il/labor-law/%D7%97%D7%95%D7%A7-%D7%94%D7%95%D7%93%D7%A2%D7%94-%D7%9E%D7%95%D7%A7%D7%93%D7%9E%D7%AA-%D7%9C%D7%A4%D7%99%D7%98%D7%95%D7%A8%D7%99%D7%9D-%D7%95%D7%9C%D7%94%D7%AA%D7%A4%D7%98%D7%A8%D7%95%D7%AA/,MOBILE,0,907,0.00%,60.6
https://jus-tice.co.il/labor-law/%D7%97%D7%95%D7%A7-%D7%94%D7%95%D7%93%D7%A2%D7%94-%D7%9E%D7%95%D7%A7%D7%93%D7%9E%D7%AA-%D7%9C%D7%A4%D7%99%D7%98%D7%95%D7%A8%D7%99%D7%9D-%D7%95%D7%9C%D7%94%D7%AA%D7%A4%D7%98%D7%A8%D7%95%D7%AA/,TABLET,0,1,0.00%,9.0
https://jus-tice.co.il/labor-law/%D7%98%D7%95%D7%A4%D7%A1-%D7%94%D7%95%D7%93%D7%A2%D7%94-%D7%A2%D7%9C-%D7%94%D7%AA%D7%A4%D7%98%D7%A8%D7%95%D7%AA-%D7%9E%D7%A2%D7%91%D7%95%D7%93%D7%94/,DESKTOP,0,516,0.00%,27.9
https://jus-tice.co.il/labor-law/%D7%98%D7%95%D7%A4%D7%A1-%D7%94%D7%95%D7%93%D7%A2%D7%94-%D7%A2%D7%9C-%D7%94%D7%AA%D7%A4%D7%98%D7%A8%D7%95%D7%AA-%D7%9E%D7%A2%D7%91%D7%95%D7%93%D7%94/,MOBILE,0,129,0.00%,23.6
https://jus-tice.co.il/labor-law/%D7%AA%D7%91%D7%99%D7%A2%D7%95%D7%AA-%D7%A2%D7%95%D7%91%D7%93%D7%99%D7%9D-%D7%9E%D7%95%D7%9C-%D7%94%D7%9E%D7%9C%D7%9C-%D7%91%D7%97%D7%91%D7%A8%D7%95%D7%AA-%D7%9E%D7%A9%D7%A4%D7%97%D7%AA%D7%99/,DESKTOP,0,18,0.00%,80.9
https://jus-tice.co.il/labor-law/%D7%AA%D7%91%D7%99%D7%A2%D7%95%D7%AA-%D7%A2%D7%95%D7%91%D7%93%D7%99%D7%9D-%D7%9E%D7%95%D7%9C-%D7%94%D7%9E%D7%9C%D7%9C-%D7%91%D7%97%D7%91%D7%A8%D7%95%D7%AA-%D7%9E%D7%A9%D7%A4%D7%97%D7%AA%D7%99/,MOBILE,0,5,0.00%,80.8
https://jus-tice.co.il/labor-lawyer/,DESKTOP,0,24583,0.00%,67.8
https://jus-tice.co.il/labor-lawyer/,MOBILE,0,3792,0.00%,67.8
https://jus-tice.co.il/labor-lawyer/,TABLET,0,6,0.00%,64.0
https://jus-tice.co.il/labor_law/%D7%92%D7%99%D7%95%D7%A1-%D7%A2%D7%95%D7%91%D7%93%D7%99%D7%9D/,DESKTOP,0,5,0.00%,68.2
https://jus-tice.co.il/labor_law/%D7%A7%D7%95%D7%A8%D7%95%D7%A0%D7%94-%D7%94%D7%92%D7%91%D7%9C%D7%AA-%D7%9E%D7%A1%D7%A4%D7%A8-%D7%94%D7%A2%D7%95%D7%91%D7%93%D7%99%D7%9D-%D7%91%D7%9E%D7%A7%D7%95%D7%9D-%D7%A2%D7%91%D7%95%D7%93%D7%94/,DESKTOP,0,35,0.00%,67.5
https://jus-tice.co.il/labor_law/%D7%A7%D7%95%D7%A8%D7%95%D7%A0%D7%94-%D7%A4%D7%A2%D7%99%D7%9C%D7%95%D7%AA-%D7%91%D7%99%D7%AA-%D7%94%D7%93%D7%99%D7%9F-%D7%9C%D7%A2%D7%91%D7%95%D7%93%D7%94/,DESKTOP,0,441,0.00%,62.7
https://jus-tice.co.il/labor_law/%D7%A7%D7%95%D7%A8%D7%95%D7%A0%D7%94-%D7%A4%D7%A2%D7%99%D7%9C%D7%95%D7%AA-%D7%91%D7%99%D7%AA-%D7%94%D7%93%D7%99%D7%9F-%D7%9C%D7%A2%D7%91%D7%95%D7%93%D7%94/,MOBILE,0,139,0.00%,60.9
https://jus-tice.co.il/labor_law/%D7%AA%D7%A7%D7%A0%D7%95%D7%AA-%D7%A7%D7%95%D7%A8%D7%95%D7%A0%D7%94-%D7%94%D7%92%D7%91%D7%9C%D7%AA-%D7%9E%D7%A1%D7%A4%D7%A8-%D7%94%D7%A2%D7%95%D7%91%D7%93%D7%99%D7%9D-%D7%91%D7%9E%D7%A7%D7%95%D7%9D/,DESKTOP,0,977,0.00%,57.0
https://jus-tice.co.il/labor_law/%D7%AA%D7%A7%D7%A0%D7%95%D7%AA-%D7%A7%D7%95%D7%A8%D7%95%D7%A0%D7%94-%D7%94%D7%92%D7%91%D7%9C%D7%AA-%D7%9E%D7%A1%D7%A4%D7%A8-%D7%94%D7%A2%D7%95%D7%91%D7%93%D7%99%D7%9D-%D7%91%D7%9E%D7%A7%D7%95%D7%9D/,MOBILE,0,28,0.00%,79.2
https://jus-tice.co.il/lahav-433/,TABLET,0,10,0.00%,18.8
https://jus-tice.co.il/land-appreciation-tax/,DESKTOP,0,8640,0.00%,44.9
https://jus-tice.co.il/land-appreciation-tax/,MOBILE,0,1188,0.00%,45.4
https://jus-tice.co.il/land-appreciation-tax/,TABLET,0,3,0.00%,34.3
https://jus-tice.co.il/land-registration/,DESKTOP,0,1290,0.00%,45.5
https://jus-tice.co.il/land-registration/,MOBILE,0,132,0.00%,33.7
https://jus-tice.co.il/latham-watkins/,DESKTOP,0,4,0.00%,7.0
https://jus-tice.co.il/latham-watkins/,MOBILE,0,1,0.00%,6.0
https://jus-tice.co.il/laura-wasser/,DESKTOP,0,93,0.00%,49.0
https://jus-tice.co.il/laura-wasser/,MOBILE,0,21,0.00%,31.5
https://jus-tice.co.il/law-firms-in-fiction/,DESKTOP,0,276,0.00%,51.6
https://jus-tice.co.il/law-firms-in-fiction/,MOBILE,0,44,0.00%,30.8
https://jus-tice.co.il/lawyer-fee-outlook/,TABLET,0,3,0.00%,27.3
https://jus-tice.co.il/lawyer-for-buying-or-selling-a-house/,DESKTOP,0,29358,0.00%,62.8
https://jus-tice.co.il/lawyer-for-buying-or-selling-a-house/,MOBILE,0,4379,0.00%,61.3
https://jus-tice.co.il/lawyer-for-buying-or-selling-a-house/,TABLET,0,1,0.00%,73.0
https://jus-tice.co.il/lawyer-near-me-criminal-law/,DESKTOP,0,10590,0.00%,71.6
https://jus-tice.co.il/lawyer-near-me-criminal-law/,MOBILE,0,611,0.00%,75.4
https://jus-tice.co.il/lawyer-near-me-criminal-law/,TABLET,0,2,0.00%,54.5
https://jus-tice.co.il/lawyer-netherlands/,DESKTOP,0,157,0.00%,56.7
https://jus-tice.co.il/lawyer-netherlands/,MOBILE,0,6,0.00%,60.5
https://jus-tice.co.il/lawyer-referral-service/,DESKTOP,0,569,0.00%,56.5
https://jus-tice.co.il/lawyers/%D7%90-%D7%91-%D7%A2%D7%95%D7%A8%D7%9A-%D7%93%D7%99%D7%9F-%D7%91%D7%94%D7%A7%D7%9E%D7%94/,DESKTOP,0,20,0.00%,42.9
https://jus-tice.co.il/lawyers/%D7%90-%D7%91-%D7%A2%D7%95%D7%A8%D7%9A-%D7%93%D7%99%D7%9F-%D7%91%D7%94%D7%A7%D7%9E%D7%94/,MOBILE,0,1,0.00%,37.0
https://jus-tice.co.il/lawyers/firm_name_he/,DESKTOP,0,1,0.00%,1.0
https://jus-tice.co.il/leading-criminal-law-firm/,DESKTOP,0,8801,0.00%,58.0
https://jus-tice.co.il/leading-criminal-law-firm/,TABLET,0,3,0.00%,59.3
https://jus-tice.co.il/leading-divorce-lawyers-worldwide/,DESKTOP,0,152,0.00%,72.5
https://jus-tice.co.il/leading-divorce-lawyers-worldwide/,MOBILE,0,38,0.00%,71.3
https://jus-tice.co.il/lease/,DESKTOP,0,2342,0.00%,49.1
https://jus-tice.co.il/lease/,TABLET,0,2,0.00%,8.5
https://jus-tice.co.il/legal-awareness/,MOBILE,0,16,0.00%,34.8
https://jus-tice.co.il/legal-clinic/,DESKTOP,0,936,0.00%,47.1
https://jus-tice.co.il/legal-clinic/,MOBILE,0,59,0.00%,70.3
https://jus-tice.co.il/legal-education/,DESKTOP,0,1030,0.00%,43.6
https://jus-tice.co.il/legal-education/,MOBILE,0,270,0.00%,53.5
https://jus-tice.co.il/legal-services-in-portugal/,DESKTOP,0,570,0.00%,28.0
https://jus-tice.co.il/legal-services-in-portugal/,MOBILE,0,14,0.00%,43.1
https://jus-tice.co.il/legal-tax-saving-guide/,DESKTOP,0,166,0.00%,54.8
https://jus-tice.co.il/legal-writing/,TABLET,0,1,0.00%,6.0
https://jus-tice.co.il/legal_defense_fund/,DESKTOP,0,1003,0.00%,56.9
https://jus-tice.co.il/legal_defense_fund/,MOBILE,0,321,0.00%,59.8
https://jus-tice.co.il/legality-of-cannabis/,DESKTOP,0,5466,0.00%,59.0
https://jus-tice.co.il/legality-of-cannabis/,TABLET,0,1,0.00%,7.0
https://jus-tice.co.il/legalzoom/,DESKTOP,0,427,0.00%,69.8
https://jus-tice.co.il/legalzoom/,MOBILE,0,7,0.00%,65.7
https://jus-tice.co.il/liechtenstein/,DESKTOP,0,882,0.00%,32.4
https://jus-tice.co.il/liechtenstein/,MOBILE,0,53,0.00%,81.6
https://jus-tice.co.il/lisbon-portugal/,DESKTOP,0,147,0.00%,43.1
https://jus-tice.co.il/lisbon-portugal/,MOBILE,0,9,0.00%,46.6
https://jus-tice.co.il/list-of-taxes-portugal/,DESKTOP,0,793,0.00%,31.1
https://jus-tice.co.il/list-of-taxes-portugal/,MOBILE,0,10,0.00%,32.8
https://jus-tice.co.il/list-of-types-of-fraud/,DESKTOP,0,3127,0.00%,44.5
https://jus-tice.co.il/list-of-types-of-fraud/,TABLET,0,1,0.00%,26.0
https://jus-tice.co.il/litigation-strategy/,DESKTOP,0,817,0.00%,72.5
https://jus-tice.co.il/litigation-strategy/,MOBILE,0,7,0.00%,73.9
https://jus-tice.co.il/living-apart-together-legal-rights/,TABLET,0,2,0.00%,6.5
https://jus-tice.co.il/low-value-invest-abroad/,TABLET,0,70,0.00%,77.0
https://jus-tice.co.il/malpractice-cerebral-palsy/,DESKTOP,0,3823,0.00%,67.1
https://jus-tice.co.il/malpractice-cerebral-palsy/,MOBILE,0,915,0.00%,74.8
https://jus-tice.co.il/malta-lawyers/,DESKTOP,0,289,0.00%,53.6
https://jus-tice.co.il/malta-lawyers/,MOBILE,0,28,0.00%,63.0
https://jus-tice.co.il/marijuana-possession-us-law/,DESKTOP,0,1430,0.00%,63.8
https://jus-tice.co.il/marijuana-possession-us-law/,MOBILE,0,36,0.00%,75.2
https://jus-tice.co.il/marital-property-agreement/,TABLET,0,6,0.00%,35.5
https://jus-tice.co.il/maximize-an-inheritance/,DESKTOP,0,176,0.00%,73.5
https://jus-tice.co.il/maximize-an-inheritance/,MOBILE,0,1,0.00%,99.0
https://jus-tice.co.il/medical-fitness-tests-for-driving-marvad-info/,TABLET,0,26,0.00%,9.6
https://jus-tice.co.il/medical-institute-for-road-safety,DESKTOP,0,56,0.00%,72.1
https://jus-tice.co.il/medical-institute-for-road-safety,MOBILE,0,20,0.00%,72.0
https://jus-tice.co.il/medical-institute-for-road-safety/,DESKTOP,0,17934,0.00%,47.7
https://jus-tice.co.il/medical-institute-for-road-safety/,MOBILE,0,6579,0.00%,43.5
https://jus-tice.co.il/medical-institute-for-road-safety/,TABLET,0,12,0.00%,10.3
https://jus-tice.co.il/medical-malpractice-common-errors-doctors-hospitals/,DESKTOP,0,3708,0.00%,76.9
https://jus-tice.co.il/medical-malpractice-common-errors-doctors-hospitals/,MOBILE,0,269,0.00%,71.3
https://jus-tice.co.il/medical-malpractice-in-the-united-states/,DESKTOP,0,8905,0.00%,59.5
https://jus-tice.co.il/medical-malpractice-in-the-united-states/,MOBILE,0,654,0.00%,70.7
https://jus-tice.co.il/medical-malpractice-lawyer/,DESKTOP,0,19396,0.00%,70.4
https://jus-tice.co.il/medical-malpractice-lawyer/,MOBILE,0,1982,0.00%,72.6
https://jus-tice.co.il/medical-malpractice-lawyer/,TABLET,0,1,0.00%,32.0
https://jus-tice.co.il/ministry_of_finance_portugal/,DESKTOP,0,10,0.00%,43.2
https://jus-tice.co.il/ministry_of_finance_portugal/,MOBILE,0,5,0.00%,20.2
https://jus-tice.co.il/miranda-warning/,TABLET,0,2,0.00%,5.5
https://jus-tice.co.il/monaco-lawyer/,DESKTOP,0,624,0.00%,58.9
https://jus-tice.co.il/monaco-lawyer/,MOBILE,0,21,0.00%,72.7
https://jus-tice.co.il/monaco-lawyer/,TABLET,0,6,0.00%,89.0
https://jus-tice.co.il/morais-leitao/,DESKTOP,0,34,0.00%,65.7
https://jus-tice.co.il/morgan-morgan/,DESKTOP,0,61,0.00%,10.9
https://jus-tice.co.il/morocco-lawyers/,DESKTOP,0,449,0.00%,40.3
https://jus-tice.co.il/morocco-lawyers/,MOBILE,0,278,0.00%,25.9
https://jus-tice.co.il/murder-in-united-states-law/,TABLET,0,2,0.00%,6.0
https://jus-tice.co.il/music-recording-contract/,DESKTOP,0,581,0.00%,59.8
https://jus-tice.co.il/music-recording-contract/,MOBILE,0,91,0.00%,64.0
https://jus-tice.co.il/must-have-traits-of-a-good-family-lawyer/,DESKTOP,0,1135,0.00%,78.3
https://jus-tice.co.il/must-have-traits-of-a-good-family-lawyer/,MOBILE,0,35,0.00%,83.6
https://jus-tice.co.il/mutual-divorce-agreement-2025/,DESKTOP,0,11,0.00%,83.5
https://jus-tice.co.il/new-jersey-lawyers/,DESKTOP,0,602,0.00%,42.8
https://jus-tice.co.il/new-jersey-lawyers/,MOBILE,0,76,0.00%,43.1
https://jus-tice.co.il/news/,DESKTOP,0,2,0.00%,55.5
https://jus-tice.co.il/news/%D7%97%D7%A7%D7%99%D7%A7%D7%AA-%D7%97%D7%99%D7%A8%D7%95%D7%9D-%D7%A7%D7%95%D7%A8%D7%95%D7%A0%D7%94/,DESKTOP,0,9,0.00%,40.0
https://jus-tice.co.il/news/%D7%97%D7%A7%D7%99%D7%A7%D7%AA-%D7%97%D7%99%D7%A8%D7%95%D7%9D-%D7%A7%D7%95%D7%A8%D7%95%D7%A0%D7%94/,MOBILE,0,4,0.00%,43.8
https://jus-tice.co.il/nolo/,DESKTOP,0,74,0.00%,57.0
https://jus-tice.co.il/nolo/,MOBILE,0,1,0.00%,95.0
https://jus-tice.co.il/notarial-act/,DESKTOP,0,1111,0.00%,47.4
https://jus-tice.co.il/notarial-act/,MOBILE,0,147,0.00%,48.2
https://jus-tice.co.il/notary-public-florida/,DESKTOP,0,259,0.00%,19.2
https://jus-tice.co.il/notary-public-florida/,MOBILE,0,3,0.00%,35.7
https://jus-tice.co.il/notary-public-new-york/,TABLET,0,1,0.00%,12.0
https://jus-tice.co.il/online-family-law-services/,DESKTOP,0,3806,0.00%,61.6
https://jus-tice.co.il/online-family-law-services/,MOBILE,0,634,0.00%,65.1
https://jus-tice.co.il/online-family-law-services/,TABLET,0,4,0.00%,74.8
https://jus-tice.co.il/outline-of-tort-law/,DESKTOP,0,86,0.00%,69.2
https://jus-tice.co.il/outline-of-tort-law/,MOBILE,0,2,0.00%,34.5
https://jus-tice.co.il/panama-lawyers/,DESKTOP,0,488,0.00%,17.1
https://jus-tice.co.il/panama-lawyers/,MOBILE,0,250,0.00%,8.0
https://jus-tice.co.il/parental-alienation-damages16820-11-19/,DESKTOP,0,545,0.00%,32.9
https://jus-tice.co.il/paternity-fraud/,DESKTOP,0,147,0.00%,41.9
https://jus-tice.co.il/paternity-fraud/,MOBILE,0,26,0.00%,48.2
https://jus-tice.co.il/paul-hastings/,DESKTOP,0,6,0.00%,37.5
https://jus-tice.co.il/pension-insurance-complete-guide/,DESKTOP,0,17,0.00%,68.3
https://jus-tice.co.il/perez-llorca/,DESKTOP,0,195,0.00%,52.9
https://jus-tice.co.il/perez-llorca/,MOBILE,0,6,0.00%,23.2
https://jus-tice.co.il/perinatal-asphyxia/,DESKTOP,0,6913,0.00%,24.2
https://jus-tice.co.il/perinatal-asphyxia/,MOBILE,0,1517,0.00%,21.1
https://jus-tice.co.il/perinatal-asphyxia/,TABLET,0,4,0.00%,9.3
https://jus-tice.co.il/personal-injury-law/,DESKTOP,0,14549,0.00%,60.0
https://jus-tice.co.il/personal-injury-law/,MOBILE,0,616,0.00%,81.9
https://jus-tice.co.il/personal-injury-law/,TABLET,0,1,0.00%,89.0
https://jus-tice.co.il/philosophy-of-law/,MOBILE,0,73,0.00%,17.3
https://jus-tice.co.il/pogust-goodhead/,DESKTOP,0,74,0.00%,46.1
https://jus-tice.co.il/poland-lawyers/,DESKTOP,0,3921,0.00%,28.1
https://jus-tice.co.il/poland-lawyers/,MOBILE,0,48,0.00%,34.6
https://jus-tice.co.il/police-records-data-deletion/,TABLET,0,4,0.00%,38.3
https://jus-tice.co.il/porto-portugal-real-estate/,DESKTOP,0,10238,0.00%,40.3
https://jus-tice.co.il/porto-portugal-real-estate/,MOBILE,0,760,0.00%,48.7
https://jus-tice.co.il/portugal-citizenship/,DESKTOP,0,6826,0.00%,59.7
https://jus-tice.co.il/portugal-citizenship/,MOBILE,0,1085,0.00%,59.6
https://jus-tice.co.il/portugal-economy/,TABLET,0,1,0.00%,31.0
https://jus-tice.co.il/portugal-golden-visa/,DESKTOP,0,4784,0.00%,38.1
https://jus-tice.co.il/portugal-golden-visa/,MOBILE,0,571,0.00%,47.9
https://jus-tice.co.il/portugal-homes/,DESKTOP,0,153,0.00%,40.0
https://jus-tice.co.il/portugal-homes/,MOBILE,0,3,0.00%,40.3
https://jus-tice.co.il/portugal-noatary/,MOBILE,0,15,0.00%,13.1
https://jus-tice.co.il/portugal-overview-real-estate/,DESKTOP,0,2473,0.00%,64.2
https://jus-tice.co.il/portugal-overview-real-estate/,MOBILE,0,301,0.00%,66.1
https://jus-tice.co.il/portugal-real-estate/,DESKTOP,0,6067,0.00%,63.4
https://jus-tice.co.il/portugal-real-estate/,MOBILE,0,393,0.00%,66.8
https://jus-tice.co.il/portugal-relocation/,TABLET,0,4,0.00%,8.8
https://jus-tice.co.il/portugal/,DESKTOP,0,957,0.00%,44.7
https://jus-tice.co.il/portugal/,MOBILE,0,684,0.00%,49.0
https://jus-tice.co.il/portugal/,TABLET,0,7,0.00%,22.4
https://jus-tice.co.il/portuguese-bar-association/,DESKTOP,0,812,0.00%,34.3
https://jus-tice.co.il/portuguese-bar-association/,MOBILE,0,5,0.00%,19.8
https://jus-tice.co.il/portuguese-nationality-law-jewish-return/,DESKTOP,0,342,0.00%,46.3
https://jus-tice.co.il/portuguese-nationality-law-jewish-return/,MOBILE,0,38,0.00%,32.0
https://jus-tice.co.il/portuguese-people/,TABLET,0,19,0.00%,9.5
https://jus-tice.co.il/powerful-seo-tools-for-your-law-firm/,DESKTOP,0,2628,0.00%,59.7
https://jus-tice.co.il/powerful-seo-tools-for-your-law-firm/,MOBILE,0,549,0.00%,67.9
https://jus-tice.co.il/powerful-seo-tools-for-your-law-firm/,TABLET,0,3,0.00%,73.3
https://jus-tice.co.il/practice-areas/%D7%91%D7%99%D7%98%D7%95%D7%97/,DESKTOP,0,65,0.00%,79.7
https://jus-tice.co.il/practice-areas/%D7%91%D7%9C%D7%95%D7%A7%D7%A6%D7%99%D7%99%D7%9F-%D7%95%D7%9E%D7%98%D7%91%D7%A2%D7%95%D7%AA-%D7%A7%D7%A8%D7%99%D7%A4%D7%98%D7%95%D7%92%D7%A8%D7%A4%D7%99%D7%9D/,DESKTOP,0,14,0.00%,84.8
https://jus-tice.co.il/practice-areas/%D7%9C%D7%A9%D7%95%D7%9F-%D7%94%D7%A8%D7%A2/,DESKTOP,0,8,0.00%,78.8
https://jus-tice.co.il/practice-areas/%D7%9E%D7%99%D7%A1%D7%99%D7%9D/,DESKTOP,0,10,0.00%,77.2
https://jus-tice.co.il/practice-areas/%D7%9E%D7%A9%D7%A4%D7%98-%D7%9E%D7%A0%D7%94%D7%9C%D7%99/,DESKTOP,0,13,0.00%,37.0
https://jus-tice.co.il/practice-areas/%D7%A2%D7%A0%D7%99%D7%99%D7%A0%D7%99-%D7%99%D7%A8%D7%95%D7%A9%D7%94/,DESKTOP,0,31,0.00%,54.5
https://jus-tice.co.il/practice-areas/%D7%A7%D7%A0%D7%99%D7%99%D7%9F-%D7%A8%D7%95%D7%97%D7%A0%D7%99/,DESKTOP,0,10,0.00%,46.8
https://jus-tice.co.il/practice-areas/%D7%AA%D7%95%D7%91%D7%A2%D7%A0%D7%95%D7%AA-%D7%99%D7%99%D7%A6%D7%95%D7%92%D7%99%D7%95%D7%AA/,DESKTOP,0,2,0.00%,12.5
https://jus-tice.co.il/prenup-attorney/,DESKTOP,0,18205,0.00%,56.0
https://jus-tice.co.il/prenup-attorney/,MOBILE,0,1798,0.00%,57.7
https://jus-tice.co.il/prenup-attorney/,TABLET,0,4,0.00%,69.3
https://jus-tice.co.il/prenup-not-valid/,DESKTOP,0,32,0.00%,68.9
https://jus-tice.co.il/prenup-not-valid/,MOBILE,0,3,0.00%,78.0
https://jus-tice.co.il/prenuptial-agreement-for-second-marriage/,DESKTOP,0,645,0.00%,48.0
https://jus-tice.co.il/prenuptial-agreement-for-second-marriage/,MOBILE,0,34,0.00%,48.2
https://jus-tice.co.il/prenuptial-agreement-sample/,TABLET,0,2,0.00%,17.5
https://jus-tice.co.il/prenuptial-agreements-overview/,DESKTOP,0,15483,0.00%,60.0
https://jus-tice.co.il/prenuptial-agreements-overview/,MOBILE,0,3734,0.00%,64.1
https://jus-tice.co.il/prenuptial-agreements-overview/,TABLET,0,32,0.00%,66.0
https://jus-tice.co.il/preparing-for-law-school/,DESKTOP,0,1062,0.00%,52.4
https://jus-tice.co.il/preparing-for-law-school/,MOBILE,0,251,0.00%,51.6
https://jus-tice.co.il/property-investment-calculator/,DESKTOP,0,1146,0.00%,66.6
https://jus-tice.co.il/property-investment-calculator/,MOBILE,0,103,0.00%,70.0
https://jus-tice.co.il/property-management/,DESKTOP,0,88,0.00%,26.2
https://jus-tice.co.il/prosecutor/,DESKTOP,0,1059,0.00%,60.3
https://jus-tice.co.il/prosecutor/,MOBILE,0,697,0.00%,17.3
https://jus-tice.co.il/prosecutor/,TABLET,0,2,0.00%,9.0
https://jus-tice.co.il/psakdin/,DESKTOP,0,175,0.00%,59.1
https://jus-tice.co.il/psakdin/,MOBILE,0,28,0.00%,59.8
https://jus-tice.co.il/psakdin/,TABLET,0,1,0.00%,40.0
https://jus-tice.co.il/psakdin/%D7%90%D7%95%D7%9E%D7%93%D7%9F-%D7%A4%D7%99%D7%A6%D7%95%D7%99%D7%99%D7%9D-%D7%9C%D7%A0%D7%A4%D7%92%D7%A2-%D7%AA%D7%90%D7%95%D7%A0%D7%AA-%D7%93%D7%A8%D7%9B%D7%99%D7%9D-%D7%9E%D7%AA%D7%99-%D7%AA%D7%A9/,DESKTOP,0,256,0.00%,61.0
https://jus-tice.co.il/psakdin/%D7%90%D7%95%D7%9E%D7%93%D7%9F-%D7%A4%D7%99%D7%A6%D7%95%D7%99%D7%99%D7%9D-%D7%9C%D7%A0%D7%A4%D7%92%D7%A2-%D7%AA%D7%90%D7%95%D7%A0%D7%AA-%D7%93%D7%A8%D7%9B%D7%99%D7%9D-%D7%9E%D7%AA%D7%99-%D7%AA%D7%A9/,MOBILE,0,73,0.00%,74.5
https://jus-tice.co.il/psakdin/%D7%90%D7%99-%D7%94%D7%A8%D7%A9%D7%A2%D7%94-%D7%94%D7%91%D7%A8%D7%97%D7%AA-%D7%98%D7%9C%D7%A4%D7%95%D7%A0%D7%99%D7%9D-%D7%9E%D7%90%D7%99%D7%9C%D7%AA-%D7%9C%D7%9C%D7%90-%D7%9E%D7%A2%D7%9E/,DESKTOP,0,623,0.00%,68.1
https://jus-tice.co.il/psakdin/%D7%90%D7%99-%D7%94%D7%A8%D7%A9%D7%A2%D7%94-%D7%94%D7%91%D7%A8%D7%97%D7%AA-%D7%98%D7%9C%D7%A4%D7%95%D7%A0%D7%99%D7%9D-%D7%9E%D7%90%D7%99%D7%9C%D7%AA-%D7%9C%D7%9C%D7%90-%D7%9E%D7%A2%D7%9E/,MOBILE,0,41,0.00%,57.1
https://jus-tice.co.il/psakdin/%D7%91%D7%99%D7%98%D7%95%D7%9C-%D7%A6%D7%95%D7%95%D7%90%D7%94-%D7%9E%D7%90%D7%95%D7%97%D7%A8%D7%AA-%D7%91%D7%A9%D7%9C-%D7%94%D7%A9%D7%A4%D7%A2%D7%94-%D7%91%D7%9C%D7%AA%D7%99-%D7%94%D7%95%D7%92%D7%A0/,DESKTOP,0,839,0.00%,59.0
https://jus-tice.co.il/psakdin/%D7%91%D7%99%D7%98%D7%95%D7%9C-%D7%A6%D7%95%D7%95%D7%90%D7%94-%D7%9E%D7%90%D7%95%D7%97%D7%A8%D7%AA-%D7%91%D7%A9%D7%9C-%D7%94%D7%A9%D7%A4%D7%A2%D7%94-%D7%91%D7%9C%D7%AA%D7%99-%D7%94%D7%95%D7%92%D7%A0/,MOBILE,0,122,0.00%,75.1
https://jus-tice.co.il/psakdin/%D7%91%D7%99%D7%98%D7%95%D7%9C-%D7%A6%D7%95-%D7%A1%D7%92%D7%99%D7%A8%D7%94-%D7%9C%D7%A2%D7%A1%D7%A7-%D7%9C%D7%A4%D7%99-%D7%A1%D7%A2%D7%99%D7%A3-22%D7%91-%D7%9C%D7%97%D7%95%D7%A7-%D7%A8%D7%99%D7%A9/,DESKTOP,0,439,0.00%,70.1
https://jus-tice.co.il/psakdin/%D7%91%D7%99%D7%98%D7%95%D7%9C-%D7%A6%D7%95-%D7%A1%D7%92%D7%99%D7%A8%D7%94-%D7%9C%D7%A2%D7%A1%D7%A7-%D7%9C%D7%A4%D7%99-%D7%A1%D7%A2%D7%99%D7%A3-22%D7%91-%D7%9C%D7%97%D7%95%D7%A7-%D7%A8%D7%99%D7%A9/,MOBILE,0,28,0.00%,43.7
https://jus-tice.co.il/psakdin/%D7%91%D7%A2%D7%9D-919-15-%D7%94%D7%9C%D7%9B%D7%AA-%D7%94%D7%9E%D7%96%D7%95%D7%A0%D7%95%D7%AA-%D7%94%D7%97%D7%93%D7%A9%D7%94/,DESKTOP,0,2187,0.00%,73.9
https://jus-tice.co.il/psakdin/%D7%91%D7%A2%D7%9D-919-15-%D7%94%D7%9C%D7%9B%D7%AA-%D7%94%D7%9E%D7%96%D7%95%D7%A0%D7%95%D7%AA-%D7%94%D7%97%D7%93%D7%A9%D7%94/,MOBILE,0,99,0.00%,80.7
https://jus-tice.co.il/psakdin/%D7%91%D7%A7%D7%A9%D7%94-%D7%9C%D7%90%D7%99%D7%A9%D7%95%D7%A8-%D7%94%D7%A1%D7%93%D7%A8-%D7%97%D7%95%D7%91-%D7%95%D7%91%D7%A7%D7%A9%D7%95%D7%AA-%D7%9C%D7%9E%D7%AA%D7%9F-%D7%A6%D7%95-%D7%9C%D7%A4%D7%AA/,DESKTOP,0,616,0.00%,46.6
https://jus-tice.co.il/psakdin/%D7%91%D7%A7%D7%A9%D7%94-%D7%9C%D7%90%D7%99%D7%A9%D7%95%D7%A8-%D7%94%D7%A1%D7%93%D7%A8-%D7%97%D7%95%D7%91-%D7%95%D7%91%D7%A7%D7%A9%D7%95%D7%AA-%D7%9C%D7%9E%D7%AA%D7%9F-%D7%A6%D7%95-%D7%9C%D7%A4%D7%AA/,MOBILE,0,10,0.00%,54.4
https://jus-tice.co.il/psakdin/%D7%91%D7%AA%D7%99-%D7%9E%D7%A9%D7%A4%D7%98-%D7%A0%D7%95%D7%94%D7%9C-%D7%97%D7%99%D7%A1%D7%99%D7%95%D7%9F-%D7%AA%D7%99%D7%A7%D7%99%D7%9D/,DESKTOP,0,614,0.00%,56.5
https://jus-tice.co.il/psakdin/%D7%91%D7%AA%D7%99-%D7%9E%D7%A9%D7%A4%D7%98-%D7%A0%D7%95%D7%94%D7%9C-%D7%97%D7%99%D7%A1%D7%99%D7%95%D7%9F-%D7%AA%D7%99%D7%A7%D7%99%D7%9D/,MOBILE,0,231,0.00%,49.3
https://jus-tice.co.il/psakdin/%D7%92%D7%99%D7%93%D7%95%D7%9C-%D7%94%D7%95%D7%9F-%D7%91%D7%9C%D7%AA%D7%99-%D7%9E%D7%95%D7%A1%D7%91%D7%A8-%D7%9E%D7%A1-%D7%94%D7%9B%D7%A0%D7%A1%D7%94/,DESKTOP,0,37,0.00%,66.9
https://jus-tice.co.il/psakdin/%D7%92%D7%99%D7%93%D7%95%D7%9C-%D7%94%D7%95%D7%9F-%D7%91%D7%9C%D7%AA%D7%99-%D7%9E%D7%95%D7%A1%D7%91%D7%A8-%D7%9E%D7%A1-%D7%94%D7%9B%D7%A0%D7%A1%D7%94/,MOBILE,0,2,0.00%,43.0
https://jus-tice.co.il/psakdin/%D7%93%D7%99%D7%95%D7%9F-%D7%A0%D7%95%D7%A1%D7%A3-%D7%A4%D7%A1%D7%93-%D7%94%D7%91%D7%95%D7%92%D7%93%D7%AA-%D7%93%D7%A0%D7%92%D7%A5-8537-18-%D7%A4%D7%9C%D7%95%D7%A0%D7%99-%D7%A0-%D7%91%D7%99/,DESKTOP,0,213,0.00%,63.9
https://jus-tice.co.il/psakdin/%D7%93%D7%99%D7%95%D7%9F-%D7%A0%D7%95%D7%A1%D7%A3-%D7%A4%D7%A1%D7%93-%D7%94%D7%91%D7%95%D7%92%D7%93%D7%AA-%D7%93%D7%A0%D7%92%D7%A5-8537-18-%D7%A4%D7%9C%D7%95%D7%A0%D7%99-%D7%A0-%D7%91%D7%99/,MOBILE,0,46,0.00%,70.2
https://jus-tice.co.il/psakdin/%D7%94%D7%92%D7%91%D7%9C%D7%94-%D7%A2%D7%9C-%D7%9E%D7%A1%D7%99%D7%A8%D7%AA-%D7%9E%D7%99%D7%93%D7%A2-%D7%9E%D7%94%D7%9E%D7%A8%D7%A9%D7%9D-%D7%94%D7%A4%D7%9C%D7%99%D7%9C%D7%99-%D7%95%D7%A7%D7%99%D7%A6%D7%95%D7%A8-%D7%AA%D7%A7%D7%95%D7%A4%D7%AA-%D7%94%D7%A8%D7%99%D7%A9%D7%95%D7%9D/,DESKTOP,0,628,0.00%,42.1
https://jus-tice.co.il/psakdin/%D7%94%D7%92%D7%91%D7%9C%D7%94-%D7%A2%D7%9C-%D7%9E%D7%A1%D7%99%D7%A8%D7%AA-%D7%9E%D7%99%D7%93%D7%A2-%D7%9E%D7%94%D7%9E%D7%A8%D7%A9%D7%9D-%D7%94%D7%A4%D7%9C%D7%99%D7%9C%D7%99-%D7%95%D7%A7%D7%99%D7%A6%D7%95%D7%A8-%D7%AA%D7%A7%D7%95%D7%A4%D7%AA-%D7%94%D7%A8%D7%99%D7%A9%D7%95%D7%9D/,MOBILE,0,25,0.00%,54.2
https://jus-tice.co.il/psakdin/%D7%94%D7%95%D7%A8%D7%90%D7%95%D7%AA-%D7%97%D7%99%D7%A8%D7%95%D7%9D-%D7%A0%D7%92%D7%99%D7%A3-%D7%94%D7%A7%D7%95%D7%A8%D7%95%D7%A0%D7%94-%D7%9E%D7%A0%D7%99%D7%A2%D7%AA-%D7%9B%D7%A0%D7%99%D7%A1%D7%AA/,DESKTOP,0,7,0.00%,68.7
https://jus-tice.co.il/psakdin/%D7%94%D7%95%D7%A8%D7%90%D7%95%D7%AA-%D7%97%D7%99%D7%A8%D7%95%D7%9D-%D7%A0%D7%92%D7%99%D7%A3-%D7%94%D7%A7%D7%95%D7%A8%D7%95%D7%A0%D7%94-%D7%9E%D7%A0%D7%99%D7%A2%D7%AA-%D7%9B%D7%A0%D7%99%D7%A1%D7%AA/,MOBILE,0,6,0.00%,75.7
https://jus-tice.co.il/psakdin/%D7%94%D7%97%D7%9C%D7%98%D7%94-%D7%91%D7%91%D7%A7%D7%A9%D7%AA-%D7%94%D7%A1%D7%92%D7%A8%D7%94-%D7%91%D7%92%D7%99%D7%9F-%D7%A2%D7%91%D7%99%D7%A8%D7%95%D7%AA-%D7%A9%D7%9C-%D7%A7%D7%91%D7%9C%D7%AA-%D7%93/,DESKTOP,0,2451,0.00%,58.5
https://jus-tice.co.il/psakdin/%D7%94%D7%97%D7%9C%D7%98%D7%94-%D7%91%D7%91%D7%A7%D7%A9%D7%AA-%D7%94%D7%A1%D7%92%D7%A8%D7%94-%D7%91%D7%92%D7%99%D7%9F-%D7%A2%D7%91%D7%99%D7%A8%D7%95%D7%AA-%D7%A9%D7%9C-%D7%A7%D7%91%D7%9C%D7%AA-%D7%93/,MOBILE,0,199,0.00%,49.8
https://jus-tice.co.il/psakdin/%D7%94%D7%97%D7%9C%D7%AA-%D7%A4%D7%A8%D7%A7-%D7%93-%D7%9C%D7%97%D7%95%D7%A7-%D7%A9%D7%99%D7%A8%D7%95%D7%AA-%D7%A2%D7%91%D7%95%D7%93%D7%94-%D7%91%D7%A9%D7%A2%D7%AA-%D7%97%D7%99%D7%A8%D7%95%D7%9D/,DESKTOP,0,221,0.00%,69.1
https://jus-tice.co.il/psakdin/%D7%94%D7%97%D7%9C%D7%AA-%D7%A4%D7%A8%D7%A7-%D7%93-%D7%9C%D7%97%D7%95%D7%A7-%D7%A9%D7%99%D7%A8%D7%95%D7%AA-%D7%A2%D7%91%D7%95%D7%93%D7%94-%D7%91%D7%A9%D7%A2%D7%AA-%D7%97%D7%99%D7%A8%D7%95%D7%9D/,MOBILE,0,44,0.00%,62.8
https://jus-tice.co.il/psakdin/%D7%94%D7%98%D7%99%D7%A4%D7%95%D7%9C-%D7%91%D7%A0%D7%A4%D7%92%D7%A2%D7%99-%D7%A2%D7%91%D7%99%D7%A8%D7%95%D7%AA-%D7%9E%D7%99%D7%9F-%D7%91%D7%94%D7%9C%D7%99%D7%9A-%D7%94%D7%A4%D7%9C%D7%99%D7%9C%D7%99/,DESKTOP,0,2088,0.00%,69.0
https://jus-tice.co.il/psakdin/%D7%94%D7%98%D7%99%D7%A4%D7%95%D7%9C-%D7%91%D7%A0%D7%A4%D7%92%D7%A2%D7%99-%D7%A2%D7%91%D7%99%D7%A8%D7%95%D7%AA-%D7%9E%D7%99%D7%9F-%D7%91%D7%94%D7%9C%D7%99%D7%9A-%D7%94%D7%A4%D7%9C%D7%99%D7%9C%D7%99/,MOBILE,0,123,0.00%,63.5
https://jus-tice.co.il/psakdin/%D7%94%D7%99%D7%95%D7%A2%D7%9E%D7%A9-%D7%90%D7%99%D7%A9%D7%A8-%D7%AA%D7%97%D7%9C%D7%99%D7%A3-%D7%92%D7%A0%D7%A8%D7%99-%D7%9C%D7%A7%D7%9C%D7%98%D7%A8%D7%94-%D7%AA%D7%A8%D7%95%D7%A4%D7%94-%D7%90%D7%A0/,DESKTOP,0,200,0.00%,36.5
https://jus-tice.co.il/psakdin/%D7%94%D7%99%D7%95%D7%A2%D7%9E%D7%A9-%D7%90%D7%99%D7%A9%D7%A8-%D7%AA%D7%97%D7%9C%D7%99%D7%A3-%D7%92%D7%A0%D7%A8%D7%99-%D7%9C%D7%A7%D7%9C%D7%98%D7%A8%D7%94-%D7%AA%D7%A8%D7%95%D7%A4%D7%94-%D7%90%D7%A0/,MOBILE,0,23,0.00%,41.4
https://jus-tice.co.il/psakdin/%D7%94%D7%9C%D7%99%D7%9B%D7%99-%D7%92%D7%99%D7%A8%D7%95%D7%A9%D7%99%D7%9F-%D7%9E%D7%91%D7%97%D7%9F-%D7%94%D7%96%D7%99%D7%A7%D7%95%D7%AA-%D7%98%D7%A2%D7%A0%D7%94-%D7%9B%D7%99-%D7%91%D7%99%D7%9E/,DESKTOP,0,410,0.00%,60.0
https://jus-tice.co.il/psakdin/%D7%94%D7%9C%D7%99%D7%9B%D7%99-%D7%92%D7%99%D7%A8%D7%95%D7%A9%D7%99%D7%9F-%D7%9E%D7%91%D7%97%D7%9F-%D7%94%D7%96%D7%99%D7%A7%D7%95%D7%AA-%D7%98%D7%A2%D7%A0%D7%94-%D7%9B%D7%99-%D7%91%D7%99%D7%9E/,MOBILE,0,50,0.00%,58.0
https://jus-tice.co.il/psakdin/%D7%94%D7%A0%D7%93%D7%95%D7%9F-%D7%94%D7%9E%D7%9C%D7%A6%D7%94-%D7%9C%D7%92%D7%99%D7%A8%D7%95%D7%A9%D7%99%D7%9F/,DESKTOP,0,415,0.00%,67.3
https://jus-tice.co.il/psakdin/%D7%94%D7%A0%D7%93%D7%95%D7%9F-%D7%94%D7%9E%D7%9C%D7%A6%D7%94-%D7%9C%D7%92%D7%99%D7%A8%D7%95%D7%A9%D7%99%D7%9F/,MOBILE,0,115,0.00%,63.9
https://jus-tice.co.il/psakdin/%D7%94%D7%A0%D7%93%D7%95%D7%9F-%D7%94%D7%9E%D7%9C%D7%A6%D7%94-%D7%9C%D7%92%D7%99%D7%A8%D7%95%D7%A9%D7%99%D7%9F/,TABLET,0,1,0.00%,54.0
https://jus-tice.co.il/psakdin/%D7%94%D7%A1%D7%9B%D7%9D-%D7%9C%D7%AA%D7%A4%D7%99%D7%A1%D7%AA-%D7%A8%D7%9B%D7%95%D7%A9-%D7%91%D7%A6%D7%95-%D7%96%D7%9E%D7%A0%D7%99-%D7%94%D7%A0%D7%9B%D7%A8%D7%AA-%D7%91%D7%A9%D7%9C%D7%91-%D7%94%D7%97/,DESKTOP,0,82,0.00%,86.4
https://jus-tice.co.il/psakdin/%D7%94%D7%A1%D7%9B%D7%9D-%D7%9C%D7%AA%D7%A4%D7%99%D7%A1%D7%AA-%D7%A8%D7%9B%D7%95%D7%A9-%D7%91%D7%A6%D7%95-%D7%96%D7%9E%D7%A0%D7%99-%D7%94%D7%A0%D7%9B%D7%A8%D7%AA-%D7%91%D7%A9%D7%9C%D7%91-%D7%94%D7%97/,MOBILE,0,2,0.00%,100.0
https://jus-tice.co.il/psakdin/%D7%94%D7%A4%D7%A8%D7%AA-%D7%97%D7%95%D7%A7-%D7%94%D7%9B%D7%A0%D7%99%D7%A1%D7%94-%D7%9C%D7%99%D7%A9%D7%A8%D7%90%D7%9C-%D7%93%D7%A8%D7%9A-%D7%A0%D7%AA%D7%91%D7%92/,DESKTOP,0,110,0.00%,83.6
https://jus-tice.co.il/psakdin/%D7%94%D7%A4%D7%A8%D7%AA-%D7%97%D7%95%D7%A7-%D7%94%D7%9B%D7%A0%D7%99%D7%A1%D7%94-%D7%9C%D7%99%D7%A9%D7%A8%D7%90%D7%9C-%D7%93%D7%A8%D7%9A-%D7%A0%D7%AA%D7%91%D7%92/,MOBILE,0,28,0.00%,91.5
https://jus-tice.co.il/psakdin/%D7%94%D7%A7%D7%9C%D7%95%D7%AA-%D7%9E%D7%A1-%D7%95%D7%99%D7%A8%D7%95%D7%A1-%D7%A7%D7%95%D7%A8%D7%95%D7%A0%D7%94-%D7%94%D7%90%D7%A8%D7%9B%D7%AA-%D7%AA%D7%95%D7%A7%D7%A3-%D7%90%D7%99%D7%A9%D7%95/,DESKTOP,0,19,0.00%,63.7
https://jus-tice.co.il/psakdin/%D7%94%D7%A7%D7%9C%D7%95%D7%AA-%D7%9E%D7%A1-%D7%95%D7%99%D7%A8%D7%95%D7%A1-%D7%A7%D7%95%D7%A8%D7%95%D7%A0%D7%94-%D7%94%D7%90%D7%A8%D7%9B%D7%AA-%D7%AA%D7%95%D7%A7%D7%A3-%D7%90%D7%99%D7%A9%D7%95/,MOBILE,0,1,0.00%,81.0
https://jus-tice.co.il/psakdin/%D7%94%D7%AA%D7%A0%D7%92%D7%93%D7%95%D7%AA-%D7%9C%D7%A6%D7%95%D7%95%D7%90%D7%94-%D7%91%D7%A9%D7%9C-%D7%94%D7%A9%D7%A4%D7%A2%D7%94-%D7%91%D7%9C%D7%AA%D7%99-%D7%94%D7%95%D7%92%D7%A0%D7%AA/,DESKTOP,0,3539,0.00%,69.2
https://jus-tice.co.il/psakdin/%D7%94%D7%AA%D7%A0%D7%92%D7%93%D7%95%D7%AA-%D7%9C%D7%A6%D7%95%D7%95%D7%90%D7%94-%D7%91%D7%A9%D7%9C-%D7%94%D7%A9%D7%A4%D7%A2%D7%94-%D7%91%D7%9C%D7%AA%D7%99-%D7%94%D7%95%D7%92%D7%A0%D7%AA/,MOBILE,0,443,0.00%,56.9
https://jus-tice.co.il/psakdin/%D7%97%D7%95%D7%A7-%D7%94%D7%9B%D7%A9%D7%A8%D7%95%D7%AA-%D7%94%D7%9E%D7%A9%D7%A4%D7%98%D7%99%D7%AA-%D7%95%D7%94%D7%90%D7%A4%D7%95%D7%98%D7%A8%D7%95%D7%A4%D7%A1%D7%95%D7%AA-%D7%AA%D7%A9%D7%9B%D7%91-1962/,DESKTOP,0,332,0.00%,70.2
https://jus-tice.co.il/psakdin/%D7%97%D7%95%D7%A7-%D7%94%D7%9B%D7%A9%D7%A8%D7%95%D7%AA-%D7%94%D7%9E%D7%A9%D7%A4%D7%98%D7%99%D7%AA-%D7%95%D7%94%D7%90%D7%A4%D7%95%D7%98%D7%A8%D7%95%D7%A4%D7%A1%D7%95%D7%AA-%D7%AA%D7%A9%D7%9B%D7%91-1962/,MOBILE,0,15,0.00%,61.5
https://jus-tice.co.il/psakdin/%D7%97%D7%95%D7%A7-%D7%94%D7%9B%D7%A9%D7%A8%D7%95%D7%AA-%D7%94%D7%9E%D7%A9%D7%A4%D7%98%D7%99%D7%AA-%D7%95%D7%94%D7%90%D7%A4%D7%95%D7%98%D7%A8%D7%95%D7%A4%D7%A1%D7%95%D7%AA-%D7%AA%D7%A9%D7%9B%D7%91-1962/feed/,DESKTOP,0,84,0.00%,59.8
https://jus-tice.co.il/psakdin/%D7%97%D7%95%D7%A7-%D7%94%D7%9B%D7%A9%D7%A8%D7%95%D7%AA-%D7%94%D7%9E%D7%A9%D7%A4%D7%98%D7%99%D7%AA-%D7%95%D7%94%D7%90%D7%A4%D7%95%D7%98%D7%A8%D7%95%D7%A4%D7%A1%D7%95%D7%AA-%D7%AA%D7%A9%D7%9B%D7%91-1962/feed/,MOBILE,0,14,0.00%,40.5
https://jus-tice.co.il/psakdin/%D7%97%D7%95%D7%A7-%D7%96%D7%9B%D7%95%D7%AA-%D7%99%D7%95%D7%A6%D7%A8%D7%99%D7%9D-%D7%94%D7%AA%D7%A9%D7%A1%D7%97-2007/,MOBILE,0,190,0.00%,37.9
https://jus-tice.co.il/psakdin/%D7%97%D7%95%D7%A7-%D7%96%D7%9B%D7%95%D7%AA-%D7%99%D7%95%D7%A6%D7%A8%D7%99%D7%9D-%D7%94%D7%AA%D7%A9%D7%A1%D7%97-2007/,TABLET,0,2,0.00%,2.5
https://jus-tice.co.il/psakdin/%D7%97%D7%95%D7%A7-%D7%A9%D7%99%D7%A8%D7%95%D7%AA-%D7%94%D7%91%D7%99%D7%98%D7%97%D7%95%D7%9F-%D7%94%D7%9B%D7%9C%D7%9C%D7%99-%D7%94%D7%AA%D7%A9%D7%A1%D7%B4%D7%91-2002/,DESKTOP,0,325,0.00%,58.8
https://jus-tice.co.il/psakdin/%D7%97%D7%95%D7%A7-%D7%A9%D7%99%D7%A8%D7%95%D7%AA-%D7%94%D7%91%D7%99%D7%98%D7%97%D7%95%D7%9F-%D7%94%D7%9B%D7%9C%D7%9C%D7%99-%D7%94%D7%AA%D7%A9%D7%A1%D7%B4%D7%91-2002/,MOBILE,0,8,0.00%,26.5
https://jus-tice.co.il/psakdin/%D7%97%D7%99%D7%95%D7%91-%D7%90%D7%9D-%D7%91%D7%9E%D7%96%D7%95%D7%A0%D7%95%D7%AA-%D7%AA%D7%91%D7%99%D7%A2%D7%94-%D7%9C%D7%9E%D7%96%D7%95%D7%A0%D7%95%D7%AA-%D7%95%D7%94%D7%97%D7%96%D7%A8-%D7%9B%D7%A1/,DESKTOP,0,3513,0.00%,58.2
https://jus-tice.co.il/psakdin/%D7%97%D7%99%D7%95%D7%91-%D7%90%D7%9D-%D7%91%D7%9E%D7%96%D7%95%D7%A0%D7%95%D7%AA-%D7%AA%D7%91%D7%99%D7%A2%D7%94-%D7%9C%D7%9E%D7%96%D7%95%D7%A0%D7%95%D7%AA-%D7%95%D7%94%D7%97%D7%96%D7%A8-%D7%9B%D7%A1/,MOBILE,0,952,0.00%,51.8
https://jus-tice.co.il/psakdin/%D7%97%D7%99%D7%95%D7%91-%D7%90%D7%9D-%D7%91%D7%9E%D7%96%D7%95%D7%A0%D7%95%D7%AA-%D7%AA%D7%91%D7%99%D7%A2%D7%94-%D7%9C%D7%9E%D7%96%D7%95%D7%A0%D7%95%D7%AA-%D7%95%D7%94%D7%97%D7%96%D7%A8-%D7%9B%D7%A1/,TABLET,0,9,0.00%,63.9
https://jus-tice.co.il/psakdin/%D7%97%D7%99%D7%95%D7%91-%D7%A2%D7%95%D7%A8%D7%9B%D7%AA-%D7%93%D7%99%D7%9F-%D7%91%D7%A4%D7%99%D7%A6%D7%95%D7%99-%D7%9C%D7%A7%D7%95%D7%97%D7%95%D7%AA-%D7%91%D7%92%D7%99%D7%9F-%D7%90%D7%99-%D7%99%D7%99/,DESKTOP,0,573,0.00%,66.0
https://jus-tice.co.il/psakdin/%D7%97%D7%99%D7%95%D7%91-%D7%A2%D7%95%D7%A8%D7%9B%D7%AA-%D7%93%D7%99%D7%9F-%D7%91%D7%A4%D7%99%D7%A6%D7%95%D7%99-%D7%9C%D7%A7%D7%95%D7%97%D7%95%D7%AA-%D7%91%D7%92%D7%99%D7%9F-%D7%90%D7%99-%D7%99%D7%99/,MOBILE,0,13,0.00%,77.3
https://jus-tice.co.il/psakdin/%D7%97%D7%99%D7%9C%D7%95%D7%98-%D7%A8%D7%9B%D7%91-%D7%9E%D7%96%D7%A8%D7%90%D7%98%D7%99-%D7%A2%D7%91%D7%99%D7%A8%D7%94-%D7%A9%D7%9C-%D7%A0%D7%94%D7%99%D7%92%D7%94-%D7%91%D7%96%D7%9E%D7%9F-%D7%A4/,DESKTOP,0,621,0.00%,67.5
https://jus-tice.co.il/psakdin/%D7%97%D7%99%D7%9C%D7%95%D7%98-%D7%A8%D7%9B%D7%91-%D7%9E%D7%96%D7%A8%D7%90%D7%98%D7%99-%D7%A2%D7%91%D7%99%D7%A8%D7%94-%D7%A9%D7%9C-%D7%A0%D7%94%D7%99%D7%92%D7%94-%D7%91%D7%96%D7%9E%D7%9F-%D7%A4/,MOBILE,0,219,0.00%,61.5
https://jus-tice.co.il/psakdin/%D7%97%D7%99%D7%A0%D7%95%D7%9A-%D7%94%D7%99%D7%9C%D7%93%D7%99%D7%9D-%D7%91%D7%9E%D7%95%D7%A1%D7%93-%D7%A9%D7%9C-%D7%90%D7%99%D7%96%D7%94-%D7%96%D7%A8%D7%9D-%D7%93%D7%AA%D7%99-%D7%99%D7%AA%D7%97%D7%A0/,DESKTOP,0,153,0.00%,67.0
https://jus-tice.co.il/psakdin/%D7%97%D7%99%D7%A0%D7%95%D7%9A-%D7%94%D7%99%D7%9C%D7%93%D7%99%D7%9D-%D7%91%D7%9E%D7%95%D7%A1%D7%93-%D7%A9%D7%9C-%D7%90%D7%99%D7%96%D7%94-%D7%96%D7%A8%D7%9D-%D7%93%D7%AA%D7%99-%D7%99%D7%AA%D7%97%D7%A0/,MOBILE,0,3,0.00%,34.0
https://jus-tice.co.il/psakdin/%D7%97%D7%9C%D7%95%D7%A7%D7%AA-%D7%93%D7%99%D7%A8%D7%94-%D7%9C%D7%A4%D7%99-%D7%A8%D7%99%D7%A9%D7%95%D7%9D-%D7%9C%D7%90-%D7%A9%D7%95%D7%95%D7%99%D7%95%D7%A0%D7%99-%D7%A2%D7%9C-%D7%A4%D7%99-%D7%94%D7%A1/,DESKTOP,0,120,0.00%,78.2
https://jus-tice.co.il/psakdin/%D7%97%D7%9C%D7%95%D7%A7%D7%AA-%D7%93%D7%99%D7%A8%D7%94-%D7%9C%D7%A4%D7%99-%D7%A8%D7%99%D7%A9%D7%95%D7%9D-%D7%9C%D7%90-%D7%A9%D7%95%D7%95%D7%99%D7%95%D7%A0%D7%99-%D7%A2%D7%9C-%D7%A4%D7%99-%D7%94%D7%A1/,MOBILE,0,24,0.00%,79.7
https://jus-tice.co.il/psakdin/%D7%9E%D7%90%D7%92%D7%A8-%D7%9E%D7%99%D7%93%D7%A2-%D7%A8%D7%A9%D7%9C%D7%A0%D7%95%D7%AA-%D7%A8%D7%A4%D7%95%D7%90%D7%99%D7%AA/,DESKTOP,0,28,0.00%,66.2
https://jus-tice.co.il/psakdin/%D7%9E%D7%90%D7%92%D7%A8-%D7%9E%D7%99%D7%93%D7%A2-%D7%A8%D7%A9%D7%9C%D7%A0%D7%95%D7%AA-%D7%A8%D7%A4%D7%95%D7%90%D7%99%D7%AA/,MOBILE,0,17,0.00%,72.0
https://jus-tice.co.il/psakdin/%D7%9E%D7%94-%D7%A2%D7%95%D7%A9%D7%99%D7%9D-%D7%A2%D7%95%D7%A8%D7%9B%D7%99-%D7%93%D7%99%D7%9F-%D7%91%D7%91%D7%99%D7%AA-%D7%94%D7%9E%D7%A9%D7%A4%D7%98-%D7%95%D7%9E%D7%94%D7%9D-%D7%AA%D7%97%D7%95%D7%9E/,DESKTOP,0,1671,0.00%,44.2
https://jus-tice.co.il/psakdin/%D7%9E%D7%94-%D7%A2%D7%95%D7%A9%D7%99%D7%9D-%D7%A2%D7%95%D7%A8%D7%9B%D7%99-%D7%93%D7%99%D7%9F-%D7%91%D7%91%D7%99%D7%AA-%D7%94%D7%9E%D7%A9%D7%A4%D7%98-%D7%95%D7%9E%D7%94%D7%9D-%D7%AA%D7%97%D7%95%D7%9E/,MOBILE,0,141,0.00%,41.0
https://jus-tice.co.il/psakdin/%D7%9E%D7%A9%D7%9E%D7%95%D7%A8%D7%AA-%D7%9E%D7%96%D7%95%D7%A0%D7%95%D7%AA-%D7%94%D7%94%D7%9C%D7%9B%D7%94-%D7%94%D7%97%D7%93%D7%A9%D7%94-%D7%91%D7%9E%D7%96%D7%95%D7%A0%D7%95%D7%AA-919-15/,DESKTOP,0,757,0.00%,63.5
https://jus-tice.co.il/psakdin/%D7%9E%D7%A9%D7%9E%D7%95%D7%A8%D7%AA-%D7%9E%D7%96%D7%95%D7%A0%D7%95%D7%AA-%D7%94%D7%94%D7%9C%D7%9B%D7%94-%D7%94%D7%97%D7%93%D7%A9%D7%94-%D7%91%D7%9E%D7%96%D7%95%D7%A0%D7%95%D7%AA-919-15/,MOBILE,0,2,0.00%,76.5
https://jus-tice.co.il/psakdin/%D7%A0%D7%92%D7%99%D7%A3-%D7%94%D7%A7%D7%95%D7%A8%D7%95%D7%A0%D7%94-%D7%91%D7%92%D7%A6-%D7%A7%D7%95%D7%91%D7%A2-%D7%A6%D7%95-%D7%91%D7%99%D7%A0%D7%99%D7%99%D7%9D-%D7%9B%D7%A0%D7%92%D7%93-%D7%AA/,DESKTOP,0,354,0.00%,59.8
https://jus-tice.co.il/psakdin/%D7%A0%D7%92%D7%99%D7%A3-%D7%94%D7%A7%D7%95%D7%A8%D7%95%D7%A0%D7%94-%D7%91%D7%92%D7%A6-%D7%A7%D7%95%D7%91%D7%A2-%D7%A6%D7%95-%D7%91%D7%99%D7%A0%D7%99%D7%99%D7%9D-%D7%9B%D7%A0%D7%92%D7%93-%D7%AA/,MOBILE,0,21,0.00%,83.5
https://jus-tice.co.il/psakdin/%D7%A0%D7%92%D7%99%D7%A3-%D7%94%D7%A7%D7%95%D7%A8%D7%95%D7%A0%D7%94-%D7%94%D7%A2%D7%A1%D7%A7%D7%AA-%D7%A2%D7%95%D7%91%D7%93%D7%99%D7%9D-%D7%91%D7%A9%D7%A2%D7%95%D7%AA-%D7%A0%D7%95%D7%A1%D7%A4%D7%95/,DESKTOP,0,35,0.00%,68.7
https://jus-tice.co.il/psakdin/%D7%A0%D7%92%D7%99%D7%A3-%D7%94%D7%A7%D7%95%D7%A8%D7%95%D7%A0%D7%94-%D7%94%D7%A2%D7%A1%D7%A7%D7%AA-%D7%A2%D7%95%D7%91%D7%93%D7%99%D7%9D-%D7%91%D7%A9%D7%A2%D7%95%D7%AA-%D7%A0%D7%95%D7%A1%D7%A4%D7%95/,MOBILE,0,3,0.00%,62.0
https://jus-tice.co.il/psakdin/%D7%A0%D7%99%D7%A8-%D7%97%D7%A4%D7%A5-%D7%A0%D7%92%D7%93-%D7%90%D7%9E%D7%99%D7%A8-%D7%90%D7%95%D7%97%D7%A0%D7%94-%D7%AA%D7%91%D7%99%D7%A2%D7%AA-%D7%9C%D7%A9%D7%95%D7%9F-%D7%94%D7%A8%D7%A2-%D7%94%D7%92%D7%A0%D7%AA-%D7%A4%D7%A8%D7%98%D7%99%D7%95%D7%AA-%D7%94%D7%A1%D7%A8%D7%AA-%D7%97%D7%A1%D7%99%D7%A0%D7%95%D7%AA/,DESKTOP,0,133,0.00%,61.0
https://jus-tice.co.il/psakdin/%D7%A0%D7%99%D7%A8-%D7%97%D7%A4%D7%A5-%D7%A0%D7%92%D7%93-%D7%90%D7%9E%D7%99%D7%A8-%D7%90%D7%95%D7%97%D7%A0%D7%94-%D7%AA%D7%91%D7%99%D7%A2%D7%AA-%D7%9C%D7%A9%D7%95%D7%9F-%D7%94%D7%A8%D7%A2-%D7%94%D7%92%D7%A0%D7%AA-%D7%A4%D7%A8%D7%98%D7%99%D7%95%D7%AA-%D7%94%D7%A1%D7%A8%D7%AA-%D7%97%D7%A1%D7%99%D7%A0%D7%95%D7%AA/,MOBILE,0,6,0.00%,67.8
https://jus-tice.co.il/psakdin/%D7%A0%D7%AA%D7%A0%D7%99%D7%94%D7%95-%D7%9E%D7%9C%D7%99%D7%A7%D7%95%D7%91%D7%A1%D7%A7%D7%99-%D7%A2%D7%99%D7%A7%D7%A8%D7%99-%D7%A0%D7%99%D7%9E%D7%95%D7%A7%D7%99-%D7%94%D7%99%D7%95%D7%A2%D7%9E%D7%A9/,TABLET,0,1,0.00%,6.0
https://jus-tice.co.il/psakdin/%D7%A2%D7%95%D7%A0%D7%A9-%D7%94%D7%97%D7%96%D7%A7%D7%AA-%D7%A7%D7%A0%D7%90%D7%91%D7%99%D7%A1-%D7%99%D7%99%D7%A6%D7%95%D7%A8-%D7%94%D7%9B%D7%A0%D7%94-%D7%95%D7%94%D7%A4%D7%A7%D7%94-%D7%A9%D7%9C-%D7%A1%D7%9D-%D7%95%D7%A2%D7%95%D7%93/,DESKTOP,0,2094,0.00%,62.2
https://jus-tice.co.il/psakdin/%D7%A2%D7%95%D7%A0%D7%A9-%D7%94%D7%97%D7%96%D7%A7%D7%AA-%D7%A7%D7%A0%D7%90%D7%91%D7%99%D7%A1-%D7%99%D7%99%D7%A6%D7%95%D7%A8-%D7%94%D7%9B%D7%A0%D7%94-%D7%95%D7%94%D7%A4%D7%A7%D7%94-%D7%A9%D7%9C-%D7%A1%D7%9D-%D7%95%D7%A2%D7%95%D7%93/,MOBILE,0,99,0.00%,77.3
https://jus-tice.co.il/psakdin/%D7%A2%D7%95%D7%A0%D7%A9-%D7%9E%D7%90%D7%A1%D7%A8-%D7%A4%D7%92%D7%A2-%D7%95%D7%91%D7%A8%D7%97-%D7%92%D7%A8%D7%99%D7%9E%D7%AA-%D7%9E%D7%95%D7%95%D7%AA-%D7%91%D7%A8%D7%A9%D7%9C%D7%A0%D7%95%D7%AA/,DESKTOP,0,3544,0.00%,59.9
https://jus-tice.co.il/psakdin/%D7%A2%D7%95%D7%A0%D7%A9-%D7%9E%D7%90%D7%A1%D7%A8-%D7%A4%D7%92%D7%A2-%D7%95%D7%91%D7%A8%D7%97-%D7%92%D7%A8%D7%99%D7%9E%D7%AA-%D7%9E%D7%95%D7%95%D7%AA-%D7%91%D7%A8%D7%A9%D7%9C%D7%A0%D7%95%D7%AA/,MOBILE,0,1029,0.00%,58.3
https://jus-tice.co.il/psakdin/%D7%A2%D7%95%D7%A0%D7%A9-%D7%9E%D7%95%D7%A8%D7%A9%D7%A2-%D7%91%D7%A2%D7%91%D7%99%D7%A8%D7%95%D7%AA-%D7%A9%D7%9C-%D7%92%D7%A8%D7%9D-%D7%9E%D7%95%D7%95%D7%AA-%D7%91%D7%A8%D7%A9%D7%9C%D7%A0%D7%95%D7%AA/,DESKTOP,0,2650,0.00%,66.6
https://jus-tice.co.il/psakdin/%D7%A2%D7%95%D7%A0%D7%A9-%D7%9E%D7%95%D7%A8%D7%A9%D7%A2-%D7%91%D7%A2%D7%91%D7%99%D7%A8%D7%95%D7%AA-%D7%A9%D7%9C-%D7%92%D7%A8%D7%9D-%D7%9E%D7%95%D7%95%D7%AA-%D7%91%D7%A8%D7%A9%D7%9C%D7%A0%D7%95%D7%AA/,MOBILE,0,654,0.00%,69.8
https://jus-tice.co.il/psakdin/%D7%A2%D7%A4-8360-19-%D7%93%D7%A0%D7%99%D7%90%D7%9C-%D7%96%D7%99%D7%A1%D7%9E%D7%9F-%D7%A0%D7%92%D7%93-%D7%9E%D7%93%D7%99%D7%A0%D7%AA-%D7%99%D7%A9%D7%A8%D7%90%D7%9C-%D7%92%D7%99/,DESKTOP,0,355,0.00%,53.4
https://jus-tice.co.il/psakdin/%D7%A2%D7%A4-8360-19-%D7%93%D7%A0%D7%99%D7%90%D7%9C-%D7%96%D7%99%D7%A1%D7%9E%D7%9F-%D7%A0%D7%92%D7%93-%D7%9E%D7%93%D7%99%D7%A0%D7%AA-%D7%99%D7%A9%D7%A8%D7%90%D7%9C-%D7%92%D7%99/,MOBILE,0,31,0.00%,42.0
https://jus-tice.co.il/psakdin/%D7%A2%D7%A8%D7%9B%D7%95-%D7%A9%D7%9C-%D7%A6%D7%A7-%D7%9E%D7%96%D7%95%D7%99%D7%99%D7%A3-%D7%A9%D7%99%D7%A7-%D7%90%D7%A9%D7%A8-%D7%97%D7%AA%D7%99%D7%9E%D7%AA-%D7%A2%D7%95%D7%A9%D7%94%D7%95-%D7%96/,DESKTOP,0,1363,0.00%,53.8
https://jus-tice.co.il/psakdin/%D7%A2%D7%A8%D7%9B%D7%95-%D7%A9%D7%9C-%D7%A6%D7%A7-%D7%9E%D7%96%D7%95%D7%99%D7%99%D7%A3-%D7%A9%D7%99%D7%A7-%D7%90%D7%A9%D7%A8-%D7%97%D7%AA%D7%99%D7%9E%D7%AA-%D7%A2%D7%95%D7%A9%D7%94%D7%95-%D7%96/,MOBILE,0,146,0.00%,70.7
https://jus-tice.co.il/psakdin/%D7%A2%D7%A8%D7%A2%D7%95%D7%A8-%D7%A2%D7%9C-%D7%94%D7%97%D7%9C%D7%98%D7%AA-%D7%95%D7%95%D7%A2%D7%93%D7%AA-%D7%94%D7%A2%D7%A8%D7%A2%D7%95%D7%A8-%D7%9C%D7%A4%D7%99-%D7%97%D7%95%D7%A7-%D7%94%D7%A0%D7%9B/,DESKTOP,0,37,0.00%,59.6
https://jus-tice.co.il/psakdin/%D7%A2%D7%A8%D7%A2%D7%95%D7%A8-%D7%A2%D7%9C-%D7%94%D7%97%D7%9C%D7%98%D7%AA-%D7%95%D7%95%D7%A2%D7%93%D7%AA-%D7%94%D7%A2%D7%A8%D7%A2%D7%95%D7%A8-%D7%9C%D7%A4%D7%99-%D7%97%D7%95%D7%A7-%D7%94%D7%A0%D7%9B/,MOBILE,0,8,0.00%,13.0
https://jus-tice.co.il/psakdin/%D7%A4%D7%99%D7%A6%D7%95%D7%99-%D7%91%D7%92%D7%99%D7%9F-%D7%9E%D7%A2%D7%A6%D7%A8-%D7%A9%D7%95%D7%95%D7%90-%D7%A6%D7%90-24231-06-21/,DESKTOP,0,479,0.00%,52.4
https://jus-tice.co.il/psakdin/%D7%A4%D7%99%D7%A8%D7%95%D7%A7-%D7%A9%D7%99%D7%AA%D7%95%D7%A3-%D7%91%D7%A0%D7%97%D7%9C%D7%94-%D7%9C%D7%A4%D7%99-%D7%94%D7%9C%D7%9B%D7%AA-%D7%94%D7%A9%D7%99%D7%AA%D7%95%D7%A3-%D7%AA%D7%9C%D7%94/,DESKTOP,0,822,0.00%,50.4
https://jus-tice.co.il/psakdin/%D7%A4%D7%9C%D7%99%D7%9C%D7%99-%D7%94%D7%97%D7%96%D7%A7%D7%AA-%D7%9B%D7%9C%D7%91-%D7%9E%D7%A1%D7%95%D7%9B%D7%9F-%D7%A9%D7%AA%D7%A7%D7%A3-%D7%9C%D7%9C%D7%90-%D7%A8%D7%A9%D7%99%D7%95%D7%9F-%D7%94%D7%A8/,TABLET,0,7,0.00%,3.6
https://jus-tice.co.il/psakdin/%D7%A4%D7%A1%D7%93-%D7%90%D7%9E%D7%99%D7%A8-%D7%91%D7%A8%D7%9E%D7%9C%D7%99-%D7%A8%D7%95%D7%91%D7%99%D7%A7%D7%95%D7%9F-%D7%94%D7%9B%D7%A8%D7%A2%D7%AA-%D7%93%D7%99%D7%9F-%D7%91%D7%A4%D7%A8%D7%A9/,TABLET,0,2,0.00%,23.5
https://jus-tice.co.il/psakdin/%D7%A4%D7%A1%D7%93-%D7%91%D7%91%D7%A7%D7%A9%D7%94-%D7%9C%D7%94%D7%A2%D7%91%D7%A8%D7%AA-%D7%94%D7%9E%D7%A9%D7%9E%D7%95%D7%A8%D7%AA-%D7%90%D7%9C-%D7%94%D7%90%D7%91-%D7%95%D7%A8%D7%99%D7%A9%D7%95%D7%9D/,TABLET,0,1,0.00%,10.0
https://jus-tice.co.il/psakdin/%D7%A4%D7%A1%D7%93-%D7%91%D7%A2%D7%A8%D7%A2%D7%95%D7%A8-%D7%91%D7%95%D7%A7%D7%99%D7%A0%D7%92-%D7%A7%D7%95%D7%9D-%D7%A0-%D7%94%D7%97%D7%9C%D7%98%D7%AA-%D7%94%D7%A8%D7%A9%D7%95%D7%AA-%D7%9C%D7%94/,DESKTOP,0,836,0.00%,64.0
https://jus-tice.co.il/psakdin/%D7%A4%D7%A1%D7%93-%D7%91%D7%A2%D7%A8%D7%A2%D7%95%D7%A8-%D7%91%D7%95%D7%A7%D7%99%D7%A0%D7%92-%D7%A7%D7%95%D7%9D-%D7%A0-%D7%94%D7%97%D7%9C%D7%98%D7%AA-%D7%94%D7%A8%D7%A9%D7%95%D7%AA-%D7%9C%D7%94/,MOBILE,0,115,0.00%,65.1
https://jus-tice.co.il/psakdin/%D7%A4%D7%A1%D7%93-%D7%91%D7%AA%D7%91%D7%99%D7%A2%D7%94-%D7%9C%D7%94%D7%A4%D7%97%D7%AA%D7%AA-%D7%9E%D7%96%D7%95%D7%A0%D7%95%D7%AA-%D7%99%D7%9C%D7%93%D7%99%D7%9D-%D7%A9%D7%A0%D7%A7%D7%91%D7%A2%D7%95/,DESKTOP,0,5217,0.00%,63.3
https://jus-tice.co.il/psakdin/%D7%A4%D7%A1%D7%93-%D7%91%D7%AA%D7%91%D7%99%D7%A2%D7%94-%D7%9C%D7%94%D7%A4%D7%97%D7%AA%D7%AA-%D7%9E%D7%96%D7%95%D7%A0%D7%95%D7%AA-%D7%99%D7%9C%D7%93%D7%99%D7%9D-%D7%A9%D7%A0%D7%A7%D7%91%D7%A2%D7%95/,MOBILE,0,536,0.00%,65.4
https://jus-tice.co.il/psakdin/%D7%A4%D7%A1%D7%93-%D7%91%D7%AA%D7%91%D7%99%D7%A2%D7%94-%D7%9C%D7%94%D7%A4%D7%97%D7%AA%D7%AA-%D7%9E%D7%96%D7%95%D7%A0%D7%95%D7%AA-%D7%99%D7%9C%D7%93%D7%99%D7%9D-%D7%A9%D7%A0%D7%A7%D7%91%D7%A2%D7%95/,TABLET,0,1,0.00%,49.0
https://jus-tice.co.il/psakdin/%D7%A4%D7%A1%D7%93-%D7%91%D7%AA%D7%95%D7%91%D7%A2%D7%A0%D7%94-%D7%A0%D7%96%D7%99%D7%A7%D7%99%D7%AA-%D7%A0%D7%92%D7%93-%D7%99%D7%A6%D7%97%D7%A7-%D7%94%D7%A8%D7%A6%D7%95%D7%92-%D7%95%D7%90%D7%97/,DESKTOP,0,109,0.00%,62.5
https://jus-tice.co.il/psakdin/%D7%A4%D7%A1%D7%93-%D7%91%D7%AA%D7%95%D7%91%D7%A2%D7%A0%D7%94-%D7%A0%D7%96%D7%99%D7%A7%D7%99%D7%AA-%D7%A0%D7%92%D7%93-%D7%99%D7%A6%D7%97%D7%A7-%D7%94%D7%A8%D7%A6%D7%95%D7%92-%D7%95%D7%90%D7%97/,MOBILE,0,36,0.00%,65.3
https://jus-tice.co.il/psakdin/%D7%A4%D7%A1%D7%93-%D7%A1%D7%9C%D7%A7%D7%95%D7%9D-%D7%9E%D7%9B%D7%A8%D7%94-%D7%9E%D7%99%D7%93%D7%A2-%D7%95%D7%A0%D7%AA%D7%95%D7%A0%D7%99-%D7%90%D7%99%D7%9B%D7%95%D7%9F-%D7%A2%D7%9C-%D7%9C%D7%A7/,DESKTOP,0,822,0.00%,39.5
https://jus-tice.co.il/psakdin/%D7%A4%D7%A1%D7%93-%D7%A1%D7%9C%D7%A7%D7%95%D7%9D-%D7%9E%D7%9B%D7%A8%D7%94-%D7%9E%D7%99%D7%93%D7%A2-%D7%95%D7%A0%D7%AA%D7%95%D7%A0%D7%99-%D7%90%D7%99%D7%9B%D7%95%D7%9F-%D7%A2%D7%9C-%D7%9C%D7%A7/,MOBILE,0,43,0.00%,67.1
https://jus-tice.co.il/psakdin/%D7%A4%D7%A1%D7%A7-%D7%93%D7%99%D7%9F-%D7%91%D7%AA%D7%91%D7%99%D7%A2%D7%94-%D7%9C%D7%97%D7%99%D7%95%D7%91-%D7%99%D7%95%D7%A2%D7%A5-%D7%94%D7%A9%D7%A7%D7%A2%D7%95%D7%AA-%D7%91%D7%92%D7%99%D7%9F-%D7%A0%D7%96%D7%A7/,DESKTOP,0,165,0.00%,71.7
https://jus-tice.co.il/psakdin/%D7%A4%D7%A1%D7%A7-%D7%93%D7%99%D7%9F-%D7%91%D7%AA%D7%91%D7%99%D7%A2%D7%94-%D7%9C%D7%97%D7%99%D7%95%D7%91-%D7%99%D7%95%D7%A2%D7%A5-%D7%94%D7%A9%D7%A7%D7%A2%D7%95%D7%AA-%D7%91%D7%92%D7%99%D7%9F-%D7%A0%D7%96%D7%A7/,MOBILE,0,1,0.00%,66.0
https://jus-tice.co.il/psakdin/%D7%A4%D7%A1%D7%A7-%D7%93%D7%99%D7%9F-%D7%A4%D7%99%D7%A6%D7%95%D7%99%D7%99-%D7%A4%D7%99%D7%98%D7%95%D7%A8%D7%99%D7%9F-%D7%AA%D7%91%D7%99%D7%A2%D7%94-%D7%9C%D7%94%D7%A8%D7%9E%D7%AA-%D7%9E%D7%A1%D7%9A/,DESKTOP,0,426,0.00%,56.0
https://jus-tice.co.il/psakdin/%D7%A4%D7%A1%D7%A7-%D7%93%D7%99%D7%9F-%D7%A4%D7%99%D7%A6%D7%95%D7%99%D7%99-%D7%A4%D7%99%D7%98%D7%95%D7%A8%D7%99%D7%9F-%D7%AA%D7%91%D7%99%D7%A2%D7%94-%D7%9C%D7%94%D7%A8%D7%9E%D7%AA-%D7%9E%D7%A1%D7%9A/,MOBILE,0,50,0.00%,73.6
https://jus-tice.co.il/psakdin/%D7%A4%D7%A8%D7%A1%D7%9D-%D7%94%D7%A7%D7%9C%D7%98%D7%95%D7%AA-%D7%9E%D7%9E%D7%A1%D7%9E%D7%9A-%D7%94%D7%A8%D7%A4%D7%96-%D7%A4%D7%A1%D7%93-%D7%94%D7%A2%D7%A8%D7%A2%D7%95%D7%A8/,DESKTOP,0,107,0.00%,70.1
https://jus-tice.co.il/psakdin/%D7%A4%D7%A8%D7%A1%D7%9D-%D7%94%D7%A7%D7%9C%D7%98%D7%95%D7%AA-%D7%9E%D7%9E%D7%A1%D7%9E%D7%9A-%D7%94%D7%A8%D7%A4%D7%96-%D7%A4%D7%A1%D7%93-%D7%94%D7%A2%D7%A8%D7%A2%D7%95%D7%A8/,MOBILE,0,9,0.00%,66.7
https://jus-tice.co.il/psakdin/%D7%A6%D7%95-%D7%94%D7%95%D7%A8%D7%95%D7%AA-%D7%9E%D7%9B%D7%95%D7%97-%D7%96%D7%99%D7%A7%D7%94-%D7%9C%D7%96%D7%99%D7%A7%D7%94-%D7%9C%D7%90%D7%96%D7%A8%D7%97%D7%99%D7%AA-%D7%96%D7%A8%D7%94/,DESKTOP,0,759,0.00%,63.9
https://jus-tice.co.il/psakdin/%D7%A6%D7%95-%D7%94%D7%95%D7%A8%D7%95%D7%AA-%D7%9E%D7%9B%D7%95%D7%97-%D7%96%D7%99%D7%A7%D7%94-%D7%9C%D7%96%D7%99%D7%A7%D7%94-%D7%9C%D7%90%D7%96%D7%A8%D7%97%D7%99%D7%AA-%D7%96%D7%A8%D7%94/,MOBILE,0,77,0.00%,59.8
https://jus-tice.co.il/psakdin/%D7%A7%D7%95%D7%A8%D7%95%D7%A0%D7%94-%D7%A1%D7%A7%D7%99%D7%A8%D7%94-%D7%99%D7%95%D7%9E%D7%99%D7%AA-23-3-2020-%D7%9E%D7%A2%D7%A8%D7%9A-%D7%94%D7%A1%D7%99%D7%99%D7%91%D7%A8-%D7%94%D7%9C%D7%90%D7%95/,DESKTOP,0,12,0.00%,70.8
https://jus-tice.co.il/psakdin/%D7%A7%D7%95%D7%A8%D7%95%D7%A0%D7%94-%D7%A1%D7%A7%D7%99%D7%A8%D7%94-%D7%99%D7%95%D7%9E%D7%99%D7%AA-23-3-2020-%D7%9E%D7%A2%D7%A8%D7%9A-%D7%94%D7%A1%D7%99%D7%99%D7%91%D7%A8-%D7%94%D7%9C%D7%90%D7%95/,MOBILE,0,1,0.00%,101.0
https://jus-tice.co.il/psakdin/%D7%A8%D7%90%D7%A9-%D7%A2%D7%A8%D7%99%D7%99%D7%AA-%D7%98%D7%91%D7%A8%D7%99%D7%94-%D7%A8%D7%95%D7%9F-%D7%A7%D7%95%D7%91%D7%99-%D7%A4%D7%A1%D7%93-%D7%91%D7%AA%D7%91%D7%99%D7%A2%D7%94-%D7%9C%D7%A4/,DESKTOP,0,91,0.00%,79.3
https://jus-tice.co.il/psakdin/%D7%A8%D7%90%D7%A9-%D7%A2%D7%A8%D7%99%D7%99%D7%AA-%D7%98%D7%91%D7%A8%D7%99%D7%94-%D7%A8%D7%95%D7%9F-%D7%A7%D7%95%D7%91%D7%99-%D7%A4%D7%A1%D7%93-%D7%91%D7%AA%D7%91%D7%99%D7%A2%D7%94-%D7%9C%D7%A4/,MOBILE,0,4,0.00%,68.0
https://jus-tice.co.il/psakdin/%D7%A8%D7%90%D7%A9-%D7%A2%D7%A8%D7%99%D7%99%D7%AA-%D7%98%D7%91%D7%A8%D7%99%D7%94-%D7%A8%D7%95%D7%9F-%D7%A7%D7%95%D7%91%D7%99-%D7%A4%D7%A1%D7%93-%D7%91%D7%AA%D7%91%D7%99%D7%A2%D7%94-%D7%9C%D7%A4/,TABLET,0,1,0.00%,85.0
https://jus-tice.co.il/psakdin/%D7%A9%D7%97%D7%A8%D7%95%D7%A8-%D7%9E%D7%95%D7%A7%D7%93%D7%9D-%D7%A9%D7%9C-%D7%90%D7%A1%D7%99%D7%A8-%D7%9E%D7%A2%D7%A9%D7%94-%D7%9E%D7%92%D7%95%D7%A0%D7%94-%D7%91%D7%A7%D7%98%D7%99%D7%A0%D7%94/,DESKTOP,0,85,0.00%,65.2
https://jus-tice.co.il/psakdin/%D7%A9%D7%97%D7%A8%D7%95%D7%A8-%D7%9E%D7%95%D7%A7%D7%93%D7%9D-%D7%A9%D7%9C-%D7%90%D7%A1%D7%99%D7%A8-%D7%9E%D7%A2%D7%A9%D7%94-%D7%9E%D7%92%D7%95%D7%A0%D7%94-%D7%91%D7%A7%D7%98%D7%99%D7%A0%D7%94/,TABLET,0,2,0.00%,4.0
https://jus-tice.co.il/psakdin/%D7%A9%D7%99%D7%A2%D7%95%D7%A8%D7%99-%D7%94%D7%A8%D7%A9%D7%A2%D7%94-%D7%95%D7%96%D7%99%D7%9B%D7%95%D7%99-%D7%91%D7%94%D7%9C%D7%99%D7%9B%D7%99%D7%9D-%D7%A4%D7%9C%D7%99%D7%9C%D7%99%D7%99%D7%9D/,DESKTOP,0,1500,0.00%,73.1
https://jus-tice.co.il/psakdin/%D7%A9%D7%99%D7%A2%D7%95%D7%A8%D7%99-%D7%94%D7%A8%D7%A9%D7%A2%D7%94-%D7%95%D7%96%D7%99%D7%9B%D7%95%D7%99-%D7%91%D7%94%D7%9C%D7%99%D7%9B%D7%99%D7%9D-%D7%A4%D7%9C%D7%99%D7%9C%D7%99%D7%99%D7%9D/,MOBILE,0,233,0.00%,78.2
https://jus-tice.co.il/psakdin/%D7%A9%D7%99%D7%A2%D7%95%D7%A8%D7%99-%D7%94%D7%A8%D7%A9%D7%A2%D7%94-%D7%95%D7%96%D7%99%D7%9B%D7%95%D7%99-%D7%91%D7%94%D7%9C%D7%99%D7%9B%D7%99%D7%9D-%D7%A4%D7%9C%D7%99%D7%9C%D7%99%D7%99%D7%9D/,TABLET,0,1,0.00%,98.0
https://jus-tice.co.il/psakdin/%D7%AA%D7%9048152-03-22%D7%A9%D7%9C%D7%99%D7%A1%D7%9C-%D7%A0-%D7%A1%D7%98%D7%99%D7%A7%D7%A1%D7%A4%D7%99%D7%99-%D7%A7%D7%95%D7%9E%D7%99%D7%95%D7%A0%D7%99%D7%A7%D7%99%D7%99%D7%A9%D7%A0%D7%A1-%D7%91%D7%A2%D7%9E-%D7%95%D7%90%D7%97/,DESKTOP,0,236,0.00%,52.3
https://jus-tice.co.il/psakdin/%D7%AA%D7%9048152-03-22%D7%A9%D7%9C%D7%99%D7%A1%D7%9C-%D7%A0-%D7%A1%D7%98%D7%99%D7%A7%D7%A1%D7%A4%D7%99%D7%99-%D7%A7%D7%95%D7%9E%D7%99%D7%95%D7%A0%D7%99%D7%A7%D7%99%D7%99%D7%A9%D7%A0%D7%A1-%D7%91%D7%A2%D7%9E-%D7%95%D7%90%D7%97/,MOBILE,0,32,0.00%,60.7
https://jus-tice.co.il/psakdin/%D7%AA%D7%91%D7%99%D7%A2%D7%94-%D7%9C%D7%97%D7%99%D7%99%D7%91-%D7%92%D7%A8%D7%95%D7%A9%D7%94-%D7%9C%D7%94%D7%A9%D7%AA%D7%AA%D7%A3-%D7%91%D7%97%D7%95%D7%91%D7%95%D7%AA/,DESKTOP,0,238,0.00%,65.8
https://jus-tice.co.il/psakdin/%D7%AA%D7%91%D7%99%D7%A2%D7%94-%D7%9C%D7%97%D7%99%D7%99%D7%91-%D7%92%D7%A8%D7%95%D7%A9%D7%94-%D7%9C%D7%94%D7%A9%D7%AA%D7%AA%D7%A3-%D7%91%D7%97%D7%95%D7%91%D7%95%D7%AA/,MOBILE,0,25,0.00%,43.2
https://jus-tice.co.il/psakdin/%D7%AA%D7%91%D7%99%D7%A2%D7%94-%D7%9C%D7%9E%D7%96%D7%95%D7%A0%D7%95%D7%AA-%D7%90%D7%99%D7%A9%D7%94-%D7%95%D7%A7%D7%98%D7%99%D7%A0%D7%95%D7%AA/,DESKTOP,0,271,0.00%,60.8
https://jus-tice.co.il/psakdin/%D7%AA%D7%91%D7%99%D7%A2%D7%94-%D7%9C%D7%9E%D7%96%D7%95%D7%A0%D7%95%D7%AA-%D7%90%D7%99%D7%A9%D7%94-%D7%95%D7%A7%D7%98%D7%99%D7%A0%D7%95%D7%AA/,MOBILE,0,263,0.00%,50.5
https://jus-tice.co.il/psakdin/%D7%AA%D7%91%D7%99%D7%A2%D7%94-%D7%9C%D7%9E%D7%96%D7%95%D7%A0%D7%95%D7%AA-%D7%90%D7%99%D7%A9%D7%94-%D7%95%D7%A7%D7%98%D7%99%D7%A0%D7%95%D7%AA/,TABLET,0,8,0.00%,35.8
https://jus-tice.co.il/psakdin/%D7%AA%D7%91%D7%99%D7%A2%D7%94-%D7%A9%D7%9C-%D7%9E%D7%9C%D7%A6%D7%A8%D7%99%D7%AA-%D7%94%D7%98%D7%A8%D7%93%D7%94-%D7%9E%D7%99%D7%A0%D7%99%D7%AA-300000-%D7%A9%D7%97-%D7%A4%D7%99%D7%A6%D7%95%D7%99/,DESKTOP,0,1080,0.00%,71.2
https://jus-tice.co.il/psakdin/%D7%AA%D7%91%D7%99%D7%A2%D7%94-%D7%A9%D7%9C-%D7%9E%D7%9C%D7%A6%D7%A8%D7%99%D7%AA-%D7%94%D7%98%D7%A8%D7%93%D7%94-%D7%9E%D7%99%D7%A0%D7%99%D7%AA-300000-%D7%A9%D7%97-%D7%A4%D7%99%D7%A6%D7%95%D7%99/,MOBILE,0,148,0.00%,81.6
https://jus-tice.co.il/psakdin/%D7%AA%D7%91%D7%99%D7%A2%D7%94-%D7%A9%D7%9C-%D7%9E%D7%9C%D7%A6%D7%A8%D7%99%D7%AA-%D7%94%D7%98%D7%A8%D7%93%D7%94-%D7%9E%D7%99%D7%A0%D7%99%D7%AA-300000-%D7%A9%D7%97-%D7%A4%D7%99%D7%A6%D7%95%D7%99/,TABLET,0,1,0.00%,86.0
https://jus-tice.co.il/psakdin/%D7%AA%D7%91%D7%99%D7%A2%D7%95%D7%AA-%D7%A8%D7%9B%D7%95%D7%A9%D7%99%D7%95%D7%AA-%D7%94%D7%93%D7%93%D7%99%D7%95%D7%AA-%D7%A9%D7%9C-%D7%91%D7%A0%D7%99-%D7%96%D7%95%D7%92-%D7%9C%D7%A9%D7%A2%D7%91%D7%A8/,DESKTOP,0,351,0.00%,47.1
https://jus-tice.co.il/psakdin/%D7%AA%D7%91%D7%99%D7%A2%D7%95%D7%AA-%D7%A8%D7%9B%D7%95%D7%A9%D7%99%D7%95%D7%AA-%D7%94%D7%93%D7%93%D7%99%D7%95%D7%AA-%D7%A9%D7%9C-%D7%91%D7%A0%D7%99-%D7%96%D7%95%D7%92-%D7%9C%D7%A9%D7%A2%D7%91%D7%A8/,MOBILE,0,26,0.00%,46.6
https://jus-tice.co.il/psakdin/%D7%AA%D7%99%D7%A7%D7%95%D7%9F-101-%D7%9C%D7%A4%D7%A7%D7%95%D7%93%D7%AA-%D7%94%D7%AA%D7%A2%D7%91%D7%95%D7%A8%D7%94-%D7%A1%D7%99%D7%9B%D7%95%D7%9F-%D7%97%D7%99%D7%99-%D7%90%D7%93%D7%9D-%D7%94%D7%A4/,DESKTOP,0,932,0.00%,62.7
https://jus-tice.co.il/psakdin/%D7%AA%D7%99%D7%A7%D7%95%D7%9F-101-%D7%9C%D7%A4%D7%A7%D7%95%D7%93%D7%AA-%D7%94%D7%AA%D7%A2%D7%91%D7%95%D7%A8%D7%94-%D7%A1%D7%99%D7%9B%D7%95%D7%9F-%D7%97%D7%99%D7%99-%D7%90%D7%93%D7%9D-%D7%94%D7%A4/,MOBILE,0,402,0.00%,62.7
https://jus-tice.co.il/psakdin/%D7%AA%D7%A4%D7%A7%D7%99%D7%93%D7%95-%D7%95%D7%93%D7%A8%D7%9B%D7%99-%D7%A2%D7%91%D7%95%D7%93%D7%AA%D7%95-%D7%A9%D7%9C-%D7%A2%D7%95%D7%91%D7%93-%D7%A1%D7%95%D7%A6%D7%99%D7%90%D7%9C%D7%99-%D7%9C%D7%A2/,TABLET,0,2,0.00%,8.5
https://jus-tice.co.il/psakdin/%D7%AA%D7%A669551-01-18%D7%92%D7%A8%D7%95%D7%A4%D7%A8-%D7%A0-%D7%90%D7%9C%D7%95%D7%A0%D7%99%D7%90%D7%9C-%D7%91%D7%A2%D7%9E/,DESKTOP,0,195,0.00%,47.0
https://jus-tice.co.il/psakdin/%D7%AA%D7%A669551-01-18%D7%92%D7%A8%D7%95%D7%A4%D7%A8-%D7%A0-%D7%90%D7%9C%D7%95%D7%A0%D7%99%D7%90%D7%9C-%D7%91%D7%A2%D7%9E/,MOBILE,0,74,0.00%,42.6
https://jus-tice.co.il/psakdin/%D7%AA%D7%A7%D7%A0%D7%95%D7%AA-%D7%A1%D7%93%D7%A8-%D7%94%D7%93%D7%99%D7%9F-%D7%94%D7%90%D7%96%D7%A8%D7%97%D7%99-%D7%94%D7%AA%D7%A9%D7%A2%D7%97-2018/,DESKTOP,0,1108,0.00%,72.0
https://jus-tice.co.il/psakdin/%D7%AA%D7%A7%D7%A0%D7%95%D7%AA-%D7%A1%D7%93%D7%A8-%D7%94%D7%93%D7%99%D7%9F-%D7%94%D7%90%D7%96%D7%A8%D7%97%D7%99-%D7%94%D7%AA%D7%A9%D7%A2%D7%97-2018/,MOBILE,0,51,0.00%,80.9
https://jus-tice.co.il/psakdin/%D7%AA%D7%A7%D7%A0%D7%95%D7%AA-%D7%A9%D7%99%D7%A8%D7%95%D7%AA-%D7%94%D7%91%D7%99%D7%98%D7%97%D7%95%D7%9F-%D7%94%D7%9B%D7%9C%D7%9C%D7%99-%D7%90%D7%99%D7%A1%D7%95%D7%A3-%D7%9E%D7%99%D7%93%D7%A2-%D7%9E/,DESKTOP,0,6,0.00%,42.5
https://jus-tice.co.il/psakdin/%D7%AA%D7%A7%D7%A0%D7%95%D7%AA-%D7%A9%D7%A2%D7%AA-%D7%97%D7%99%D7%A8%D7%95%D7%9D-%D7%A0%D7%92%D7%99%D7%A3-%D7%94%D7%A7%D7%95%D7%A8%D7%95%D7%A0%D7%94-%D7%94%D7%97%D7%93%D7%A9-%D7%94%D7%92%D7%91/,DESKTOP,0,874,0.00%,57.1
https://jus-tice.co.il/psakdin/%D7%AA%D7%A7%D7%A0%D7%95%D7%AA-%D7%A9%D7%A2%D7%AA-%D7%97%D7%99%D7%A8%D7%95%D7%9D-%D7%A0%D7%92%D7%99%D7%A3-%D7%94%D7%A7%D7%95%D7%A8%D7%95%D7%A0%D7%94-%D7%94%D7%97%D7%93%D7%A9-%D7%94%D7%92%D7%91/,MOBILE,0,11,0.00%,57.5
https://jus-tice.co.il/psakdin/%D7%AA%D7%A9%D7%9C%D7%95%D7%9D-%D7%9E%D7%A1-%D7%A9%D7%9B%D7%A8-%D7%91%D7%92%D7%99%D7%9F-%D7%A9%D7%9B%D7%A8%D7%9D-%D7%A9%D7%9C-%D7%A2%D7%95%D7%91%D7%93%D7%99-%D7%94%D7%A2%D7%99%D7%A8%D7%99%D7%99%D7%94/,DESKTOP,0,37,0.00%,74.1
https://jus-tice.co.il/psakdin/%D7%AA%D7%A9%D7%9C%D7%95%D7%9D-%D7%9E%D7%A1-%D7%A9%D7%9B%D7%A8-%D7%91%D7%92%D7%99%D7%9F-%D7%A9%D7%9B%D7%A8%D7%9D-%D7%A9%D7%9C-%D7%A2%D7%95%D7%91%D7%93%D7%99-%D7%94%D7%A2%D7%99%D7%A8%D7%99%D7%99%D7%94/,MOBILE,0,3,0.00%,33.3
https://jus-tice.co.il/psakdin/20-%D7%98%D7%99%D7%A4%D7%99%D7%9D-%D7%9C%D7%9E%D7%A0%D7%99%D7%A2%D7%AA-%D7%A8%D7%A9%D7%9C%D7%A0%D7%95%D7%AA-%D7%A8%D7%A4%D7%95%D7%90%D7%99%D7%AA/,DESKTOP,0,98,0.00%,57.3
https://jus-tice.co.il/psakdin/20-%D7%98%D7%99%D7%A4%D7%99%D7%9D-%D7%9C%D7%9E%D7%A0%D7%99%D7%A2%D7%AA-%D7%A8%D7%A9%D7%9C%D7%A0%D7%95%D7%AA-%D7%A8%D7%A4%D7%95%D7%90%D7%99%D7%AA/,MOBILE,0,103,0.00%,57.7
https://jus-tice.co.il/psakdin/20-%D7%98%D7%99%D7%A4%D7%99%D7%9D-%D7%9C%D7%9E%D7%A0%D7%99%D7%A2%D7%AA-%D7%A8%D7%A9%D7%9C%D7%A0%D7%95%D7%AA-%D7%A8%D7%A4%D7%95%D7%90%D7%99%D7%AA/,TABLET,0,1,0.00%,68.0
https://jus-tice.co.il/psakdin/page/3/,DESKTOP,0,89,0.00%,52.3
https://jus-tice.co.il/psakdin/page/4/,DESKTOP,0,3,0.00%,65.3
https://jus-tice.co.il/public-defender-annual-report-2019/,DESKTOP,0,937,0.00%,56.4
https://jus-tice.co.il/public-defender-annual-report-2019/,MOBILE,0,126,0.00%,37.1
https://jus-tice.co.il/publications_batap_olami_police-crime-data-transparency/,DESKTOP,0,143,0.00%,43.7
https://jus-tice.co.il/publications_batap_olami_police-crime-data-transparency/,MOBILE,0,8,0.00%,39.5
https://jus-tice.co.il/punishment-for-offenses-of-causing-death-in-road-accidents/,MOBILE,0,830,0.00%,32.0
https://jus-tice.co.il/punishment-of-parents-and-relatives-for-negligently-causing-death/,DESKTOP,0,6523,0.00%,51.9
https://jus-tice.co.il/punishment-of-parents-and-relatives-for-negligently-causing-death/,MOBILE,0,1649,0.00%,52.8
https://jus-tice.co.il/punishment-of-parents-and-relatives-for-negligently-causing-death/,TABLET,0,5,0.00%,64.0
https://jus-tice.co.il/punitive-damage/,DESKTOP,0,136,0.00%,63.4
https://jus-tice.co.il/punitive-damage/,MOBILE,0,17,0.00%,70.6
https://jus-tice.co.il/qatar-lawyers/,DESKTOP,0,54,0.00%,46.3
https://jus-tice.co.il/qatar-lawyers/,MOBILE,0,5,0.00%,27.6
https://jus-tice.co.il/qualities-best-divorce-attorneys/,DESKTOP,0,46,0.00%,82.7
https://jus-tice.co.il/rabbinical-court/,DESKTOP,0,1744,0.00%,73.2
https://jus-tice.co.il/rabbinical-court/,MOBILE,0,183,0.00%,45.5
https://jus-tice.co.il/rabbinical-court/,TABLET,0,1,0.00%,96.0
https://jus-tice.co.il/rape-us-law/,DESKTOP,0,3904,0.00%,52.2
https://jus-tice.co.il/rape-us-law/,MOBILE,0,153,0.00%,57.3
https://jus-tice.co.il/rape-us-law/,TABLET,0,2,0.00%,57.0
https://jus-tice.co.il/real-estate-agent/,MOBILE,0,1813,0.00%,48.3
https://jus-tice.co.il/real-estate-agent/,TABLET,0,2,0.00%,34.5
https://jus-tice.co.il/real-estate-appraiser/,DESKTOP,0,8041,0.00%,67.6
https://jus-tice.co.il/real-estate-appraiser/,MOBILE,0,241,0.00%,66.3
https://jus-tice.co.il/real-estate-appraiser/,TABLET,0,2,0.00%,51.5
https://jus-tice.co.il/real-estate-comparative-guide/,DESKTOP,0,378,0.00%,50.6
https://jus-tice.co.il/real-estate-comparative-guide/,MOBILE,0,21,0.00%,70.3
https://jus-tice.co.il/real-estate-development/,DESKTOP,0,432,0.00%,58.3
https://jus-tice.co.il/real-estate-development/,MOBILE,0,196,0.00%,19.6
https://jus-tice.co.il/real-estate-development/,TABLET,0,1,0.00%,11.0
https://jus-tice.co.il/real-estate-investing/,MOBILE,0,4301,0.00%,66.6
https://jus-tice.co.il/real-estate-investing/,TABLET,0,4,0.00%,74.8
https://jus-tice.co.il/real-estate-investment-strategies-for-2023/,DESKTOP,0,669,0.00%,26.8
https://jus-tice.co.il/real-estate-investment-strategies-for-2023/,MOBILE,0,300,0.00%,20.7
https://jus-tice.co.il/real-estate-italy/,DESKTOP,0,5711,0.00%,53.1
https://jus-tice.co.il/real-estate-italy/,MOBILE,0,1318,0.00%,52.1
https://jus-tice.co.il/real-estate-italy/,TABLET,0,363,0.00%,52.4
https://jus-tice.co.il/real-estate-lawyer-cost-2025/,DESKTOP,0,5171,0.00%,63.8
https://jus-tice.co.il/real-estate-lawyer-cost-2025/,MOBILE,0,323,0.00%,59.3
https://jus-tice.co.il/real-estate-lawyer-guide/,MOBILE,0,2513,0.00%,74.3
https://jus-tice.co.il/real-estate-lawyer-guide/,TABLET,0,1,0.00%,54.0
https://jus-tice.co.il/real-estate-malta/,DESKTOP,0,137,0.00%,76.0
https://jus-tice.co.il/real-estate-registration-procedure-israel/,DESKTOP,0,4296,0.00%,45.6
https://jus-tice.co.il/real-estate-romania/,DESKTOP,0,1430,0.00%,48.1
https://jus-tice.co.il/real-estate-romania/,MOBILE,0,360,0.00%,57.4
https://jus-tice.co.il/real-estate-usa/,DESKTOP,0,1166,0.00%,53.9
https://jus-tice.co.il/real-estate-usa/,MOBILE,0,222,0.00%,53.9
https://jus-tice.co.il/recommended-jus-tice-team-lawyer/,DESKTOP,0,3,0.00%,24.0
https://jus-tice.co.il/recommended-jus-tice-team-lawyer/,MOBILE,0,3,0.00%,1.3
https://jus-tice.co.il/registration-of-real-estate-israel/,TABLET,0,7,0.00%,10.1
https://jus-tice.co.il/rental-agreement/,MOBILE,0,1449,0.00%,60.5
https://jus-tice.co.il/rental-agreement/,TABLET,0,1,0.00%,10.0
https://jus-tice.co.il/report-crime/,DESKTOP,0,1075,0.00%,55.7
https://jus-tice.co.il/report-crime/,MOBILE,0,154,0.00%,56.6
https://jus-tice.co.il/report-crime/,TABLET,0,1,0.00%,60.0
https://jus-tice.co.il/request-for-extension-of-detention-beyond-nine-months/,MOBILE,0,130,0.00%,61.5
https://jus-tice.co.il/request-for-family-dispute-settlements/,MOBILE,0,1569,0.00%,23.6
https://jus-tice.co.il/request-for-family-dispute-settlements/,TABLET,0,8,0.00%,13.3
https://jus-tice.co.il/research-report-n156-persistent-symptoms/,DESKTOP,0,427,0.00%,73.1
https://jus-tice.co.il/research-report-n156-persistent-symptoms/,MOBILE,0,71,0.00%,43.2
https://jus-tice.co.il/returning-resident-rights-determining-tax-rate/,DESKTOP,0,8357,0.00%,46.2
https://jus-tice.co.il/returning-resident-rights-determining-tax-rate/,MOBILE,0,108,0.00%,43.1
https://jus-tice.co.il/returning-resident-rights-determining-tax-rate/,TABLET,0,5,0.00%,13.6
https://jus-tice.co.il/review-of-divorce-by-divorce-lawyer-israel/,DESKTOP,0,3363,0.00%,57.6
https://jus-tice.co.il/review-of-divorce-by-divorce-lawyer-israel/,MOBILE,0,1112,0.00%,55.6
https://jus-tice.co.il/review-of-divorce-by-divorce-lawyer-israel/,TABLET,0,3,0.00%,31.0
https://jus-tice.co.il/revocation-of-a-will-and-reviving-previous-will/,DESKTOP,0,2192,0.00%,70.7
https://jus-tice.co.il/revocation-of-a-will-and-reviving-previous-will/,MOBILE,0,196,0.00%,81.2
https://jus-tice.co.il/robert-stephan-cohen/,DESKTOP,0,58,0.00%,48.7
https://jus-tice.co.il/robert-stephan-cohen/,TABLET,0,1,0.00%,9.0
https://jus-tice.co.il/rocket-lawyer/,DESKTOP,0,28,0.00%,50.7
https://jus-tice.co.il/roman-zadorov-detention-until-the-end-of-proceedings/,DESKTOP,0,7,0.00%,81.4
https://jus-tice.co.il/romania-lawyers/,DESKTOP,0,3045,0.00%,34.7
https://jus-tice.co.il/romania-lawyers/,TABLET,0,6,0.00%,9.7
https://jus-tice.co.il/romanian-passport/,DESKTOP,0,16905,0.00%,49.8
https://jus-tice.co.il/romanian-passport/,MOBILE,0,1644,0.00%,46.4
https://jus-tice.co.il/romanian-passport/,TABLET,0,4,0.00%,6.5
https://jus-tice.co.il/rotenberg-law-top-ranked-family-divorce-mediation/,DESKTOP,0,1429,0.00%,48.0
https://jus-tice.co.il/rotenberg-law-top-ranked-family-divorce-mediation/,MOBILE,0,254,0.00%,48.5
https://jus-tice.co.il/rotenberg-law-top-ranked-family-divorce-mediation/,TABLET,0,3,0.00%,60.7
https://jus-tice.co.il/rules-for-being-a-successful-lawyer/,DESKTOP,0,1151,0.00%,49.8
https://jus-tice.co.il/rules-for-being-a-successful-lawyer/,MOBILE,0,101,0.00%,49.2
https://jus-tice.co.il/rules-for-being-a-successful-lawyer/,TABLET,0,1,0.00%,10.0
https://jus-tice.co.il/ruling-on-conflicting-real-estate-transactions/,DESKTOP,0,94,0.00%,49.2
https://jus-tice.co.il/sample-terms-and-conditions-template/,TABLET,0,5,0.00%,7.8
https://jus-tice.co.il/saudi-arabia-lawyers/,DESKTOP,0,185,0.00%,44.4
https://jus-tice.co.il/saudi-arabia-lawyers/,MOBILE,0,8,0.00%,33.3
https://jus-tice.co.il/search-engine-optimization/,MOBILE,0,4366,0.00%,55.2
https://jus-tice.co.il/search-engine-optimization/,TABLET,0,14,0.00%,69.6
https://jus-tice.co.il/self-employed-and-freelancer/,DESKTOP,0,138,0.00%,71.2
https://jus-tice.co.il/self-employed-and-freelancer/,MOBILE,0,3,0.00%,50.3
https://jus-tice.co.il/sex-crime-lawyer/,DESKTOP,0,21313,0.00%,62.4
https://jus-tice.co.il/sex-crime-lawyer/,MOBILE,0,2107,0.00%,66.7
https://jus-tice.co.il/sex-crime-lawyer/,TABLET,0,17,0.00%,65.6
https://jus-tice.co.il/sex-trafficking/,MOBILE,0,15,0.00%,38.1
https://jus-tice.co.il/sex-trafficking/,TABLET,0,2,0.00%,17.5
https://jus-tice.co.il/sexual-battery-us-law/,DESKTOP,0,367,0.00%,68.4
https://jus-tice.co.il/sexual-battery-us-law/,MOBILE,0,22,0.00%,69.2
https://jus-tice.co.il/sexual-offenses/,MOBILE,0,1038,0.00%,46.8
https://jus-tice.co.il/sexual-offenses/,TABLET,0,7,0.00%,47.4
https://jus-tice.co.il/shearman-sterling/,DESKTOP,0,80,0.00%,58.8
https://jus-tice.co.il/shearman-sterling/,MOBILE,0,1,0.00%,30.0
https://jus-tice.co.il/shoplifting/,TABLET,0,2,0.00%,10.5
https://jus-tice.co.il/should-i-admit-guilt-to-my-criminal-defense-attorney/,DESKTOP,0,1055,0.00%,54.1
https://jus-tice.co.il/should-i-admit-guilt-to-my-criminal-defense-attorney/,MOBILE,0,182,0.00%,20.5
https://jus-tice.co.il/sitemap-jus-tice/,DESKTOP,0,8,0.00%,58.8
https://jus-tice.co.il/skadden-arps-slate-meagher-flom/,DESKTOP,0,260,0.00%,26.6
https://jus-tice.co.il/skadden-arps-slate-meagher-flom/,MOBILE,0,1,0.00%,4.0
https://jus-tice.co.il/small-business-startup-costs/,DESKTOP,0,1312,0.00%,48.1
https://jus-tice.co.il/small-business-startup-costs/,MOBILE,0,21,0.00%,69.1
https://jus-tice.co.il/small_claims/%D7%9B%D7%A8%D7%98%D7%99%D7%A1%D7%99-%D7%98%D7%99%D7%A1%D7%94-%D7%97%D7%91%D7%A8%D7%AA-%D7%AA%D7%A2%D7%95%D7%A4%D7%94-%D7%A4%D7%A9%D7%98%D7%94-%D7%90%D7%AA-%D7%94%D7%A8%D7%92%D7%9C-%D7%A1%D7%95%D7%9B/,DESKTOP,0,356,0.00%,52.9
https://jus-tice.co.il/small_claims/%D7%9B%D7%A8%D7%98%D7%99%D7%A1%D7%99-%D7%98%D7%99%D7%A1%D7%94-%D7%97%D7%91%D7%A8%D7%AA-%D7%AA%D7%A2%D7%95%D7%A4%D7%94-%D7%A4%D7%A9%D7%98%D7%94-%D7%90%D7%AA-%D7%94%D7%A8%D7%92%D7%9C-%D7%A1%D7%95%D7%9B/,MOBILE,0,204,0.00%,61.4
https://jus-tice.co.il/sofia-galvao/,DESKTOP,0,238,0.00%,65.1
https://jus-tice.co.il/south-african-property-law/,DESKTOP,0,1022,0.00%,14.8
https://jus-tice.co.il/south-african-property-law/,MOBILE,0,15,0.00%,17.9
https://jus-tice.co.il/south-korea-lawyers/,DESKTOP,0,9360,0.00%,40.1
https://jus-tice.co.il/south-korea-lawyers/,MOBILE,0,160,0.00%,58.1
https://jus-tice.co.il/south-korea-lawyers/,TABLET,0,1,0.00%,12.0
https://jus-tice.co.il/spain-lawyers/,MOBILE,0,337,0.00%,70.6
https://jus-tice.co.il/spain-real-estate/,DESKTOP,0,2433,0.00%,41.3
https://jus-tice.co.il/speeding/,DESKTOP,0,15832,0.00%,66.5
https://jus-tice.co.il/speeding/,MOBILE,0,7131,0.00%,64.6
https://jus-tice.co.il/speeding/,TABLET,0,2,0.00%,85.5
https://jus-tice.co.il/spouse-property-registration-guide/,TABLET,0,1,0.00%,7.0
https://jus-tice.co.il/standard-minimum-rules-for-treatment-of-prisoners/,DESKTOP,0,392,0.00%,40.2
https://jus-tice.co.il/standard-minimum-rules-for-treatment-of-prisoners/,MOBILE,0,213,0.00%,28.8
https://jus-tice.co.il/standards-of-medical-fitness-to-drive/,DESKTOP,0,6467,0.00%,55.7
https://jus-tice.co.il/startup-company/,DESKTOP,0,7779,0.00%,46.3
https://jus-tice.co.il/startup-company/,MOBILE,0,506,0.00%,53.5
https://jus-tice.co.il/startup-company/,TABLET,0,1,0.00%,44.0
https://jus-tice.co.il/strategic-divorce-cost-planning/,DESKTOP,0,4112,0.00%,62.9
https://jus-tice.co.il/strategic-divorce-cost-planning/,MOBILE,0,955,0.00%,60.2
https://jus-tice.co.il/strategic-divorce-cost-planning/,TABLET,0,13,0.00%,43.4
https://jus-tice.co.il/submitting-affidavit-israel-court/,TABLET,0,1,0.00%,9.0
https://jus-tice.co.il/supreme-court-of-israel/,TABLET,0,1,0.00%,2.0
https://jus-tice.co.il/supreme-court/%D7%96%D7%9B%D7%95%D7%AA-%D7%94%D7%99%D7%A1%D7%95%D7%93-%D7%9C%D7%94%D7%99%D7%A4%D7%92%D7%A9-%D7%A2%D7%9D-%D7%A2%D7%95%D7%A8%D7%9A-%D7%93%D7%99%D7%9F/,DESKTOP,0,297,0.00%,48.0
https://jus-tice.co.il/supreme-court/%D7%96%D7%9B%D7%95%D7%AA-%D7%94%D7%99%D7%A1%D7%95%D7%93-%D7%9C%D7%94%D7%99%D7%A4%D7%92%D7%A9-%D7%A2%D7%9D-%D7%A2%D7%95%D7%A8%D7%9A-%D7%93%D7%99%D7%9F/,MOBILE,0,34,0.00%,38.7
https://jus-tice.co.il/supreme-court/%D7%A2%D7%90-7023-19-%D7%A4%D7%9C%D7%95%D7%A0%D7%99-%D7%A0-%D7%A4%D7%9C%D7%95%D7%A0%D7%99/,DESKTOP,0,241,0.00%,63.5
https://jus-tice.co.il/supreme-court/%D7%A2%D7%90-7023-19-%D7%A4%D7%9C%D7%95%D7%A0%D7%99-%D7%A0-%D7%A4%D7%9C%D7%95%D7%A0%D7%99/,MOBILE,0,31,0.00%,57.2
https://jus-tice.co.il/supreme_court/%D7%91%D7%92%D7%A5-2144-20-%D7%99%D7%95%D7%A8-%D7%94%D7%9B%D7%A0%D7%A1%D7%AA-%D7%91%D7%A4%D7%95%D7%A2%D7%9C-%D7%99%D7%95%D7%9C%D7%99-%D7%90%D7%93%D7%9C%D7%A9%D7%98%D7%99/,DESKTOP,0,6,0.00%,64.3
https://jus-tice.co.il/supreme_court/%D7%91%D7%92%D7%A5-2144-20-%D7%99%D7%95%D7%A8-%D7%94%D7%9B%D7%A0%D7%A1%D7%AA-%D7%91%D7%A4%D7%95%D7%A2%D7%9C-%D7%99%D7%95%D7%9C%D7%99-%D7%90%D7%93%D7%9C%D7%A9%D7%98%D7%99/,MOBILE,0,1,0.00%,101.0
https://jus-tice.co.il/supreme_court/%D7%91%D7%92%D7%A5-2144-20-25-03-%D7%9E%D7%97%D7%99%D7%99%D7%91-%D7%91%D7%97%D7%99%D7%A8%D7%AA-%D7%99%D7%95%D7%A8-%D7%A7%D7%91%D7%95%D7%A2-%D7%9C%D7%9B%D7%A0%D7%A1%D7%AA/,DESKTOP,0,141,0.00%,49.3
https://jus-tice.co.il/supreme_court/%D7%91%D7%92%D7%A5-2144-20-25-03-%D7%9E%D7%97%D7%99%D7%99%D7%91-%D7%91%D7%97%D7%99%D7%A8%D7%AA-%D7%99%D7%95%D7%A8-%D7%A7%D7%91%D7%95%D7%A2-%D7%9C%D7%9B%D7%A0%D7%A1%D7%AA/,MOBILE,0,3,0.00%,59.7
https://jus-tice.co.il/surgical-errors-medical-malpractice/,DESKTOP,0,661,0.00%,60.4
https://jus-tice.co.il/surgical-errors-medical-malpractice/,MOBILE,0,22,0.00%,37.7
https://jus-tice.co.il/tag/%D7%AA%D7%91%D7%99%D7%A2%D7%95%D7%AA-%D7%A7%D7%98%D7%A0%D7%95%D7%AA/,DESKTOP,0,1,0.00%,7.0
https://jus-tice.co.il/taiwan-lawyers/,DESKTOP,0,846,0.00%,42.7
https://jus-tice.co.il/taiwan-lawyers/,MOBILE,0,59,0.00%,47.3
https://jus-tice.co.il/tax-guide-portugal/,DESKTOP,0,604,0.00%,47.4
https://jus-tice.co.il/tax-guide-portugal/,MOBILE,0,55,0.00%,47.5
https://jus-tice.co.il/tax-investigation-guide/,DESKTOP,0,13056,0.00%,44.6
https://jus-tice.co.il/tax-investigation-guide/,TABLET,0,8,0.00%,27.1
https://jus-tice.co.il/tax-lawyer/,DESKTOP,0,28,0.00%,53.4
https://jus-tice.co.il/tax-lawyer/,MOBILE,0,9,0.00%,40.8
https://jus-tice.co.il/tax-offenses-criminal-lawyer/,DESKTOP,0,1690,0.00%,58.6
https://jus-tice.co.il/tax-offenses-criminal-lawyer/,MOBILE,0,323,0.00%,54.5
https://jus-tice.co.il/tax-offenses-criminal-lawyer/,TABLET,0,5,0.00%,61.0
https://jus-tice.co.il/taxation-in-portugal/,DESKTOP,0,832,0.00%,14.8
https://jus-tice.co.il/taxation-in-portugal/,MOBILE,0,43,0.00%,18.2
https://jus-tice.co.il/tel-aviv-city-best-lawyers/,DESKTOP,0,5338,0.00%,60.5
https://jus-tice.co.il/tel-aviv-city-best-lawyers/,MOBILE,0,436,0.00%,54.1
https://jus-tice.co.il/tel-aviv-city-best-lawyers/,TABLET,0,2,0.00%,60.5
https://jus-tice.co.il/tender-years-mother-custody-child-age-under-6/,DESKTOP,0,3740,0.00%,43.5
https://jus-tice.co.il/tender-years-mother-custody-child-age-under-6/,MOBILE,0,105,0.00%,38.6
https://jus-tice.co.il/tender-years-mother-custody-child-age-under-6/,TABLET,0,1,0.00%,51.0
https://jus-tice.co.il/thailand-civil-code/,DESKTOP,0,532,0.00%,35.8
https://jus-tice.co.il/thailand-civil-code/,MOBILE,0,9,0.00%,75.0
https://jus-tice.co.il/thailand-land-purchase-and-ownership-law/,DESKTOP,0,1862,0.00%,46.5
https://jus-tice.co.il/thailand-land-purchase-and-ownership-law/,MOBILE,0,397,0.00%,49.5
https://jus-tice.co.il/thailand-land-purchase-and-ownership-law/,TABLET,0,1,0.00%,44.0
https://jus-tice.co.il/thailand-real-estate/,TABLET,0,9,0.00%,10.2
https://jus-tice.co.il/the-legal-500/,DESKTOP,0,323,0.00%,51.7
https://jus-tice.co.il/the-legal-500/,MOBILE,0,22,0.00%,35.8
https://jus-tice.co.il/the-race-for-jurisdiction-family-law/,DESKTOP,0,418,0.00%,47.7
https://jus-tice.co.il/the-race-for-jurisdiction-family-law/,MOBILE,0,39,0.00%,42.7
https://jus-tice.co.il/tma-38-and-urban-renewal-lawyer/,DESKTOP,0,5439,0.00%,62.0
https://jus-tice.co.il/tma-38-and-urban-renewal-lawyer/,MOBILE,0,311,0.00%,66.8
https://jus-tice.co.il/tma-38-and-urban-renewal-lawyer/,TABLET,0,1,0.00%,64.0
https://jus-tice.co.il/top-criminal-lawyer-tel-aviv/,DESKTOP,0,66,0.00%,54.1
https://jus-tice.co.il/top-criminal-lawyer-tel-aviv/,MOBILE,0,18,0.00%,35.2
https://jus-tice.co.il/top-criminal-lawyer-tel-aviv/,TABLET,0,1,0.00%,9.0
https://jus-tice.co.il/top-global-tax-cpa-firms/,TABLET,0,3,0.00%,27.0
https://jus-tice.co.il/top-international-tax-law-firms/,DESKTOP,0,5,0.00%,78.4
https://jus-tice.co.il/top-international-tax-law-firms/,MOBILE,0,7,0.00%,76.3
https://jus-tice.co.il/tort-lawyer/,DESKTOP,0,2017,0.00%,76.3
https://jus-tice.co.il/tort-lawyer/,MOBILE,0,160,0.00%,71.3
https://jus-tice.co.il/tort-reform/,DESKTOP,0,301,0.00%,68.1
https://jus-tice.co.il/tort-reform/,MOBILE,0,6,0.00%,57.3
https://jus-tice.co.il/tort/,DESKTOP,0,866,0.00%,69.2
https://jus-tice.co.il/tort/,MOBILE,0,113,0.00%,66.7
https://jus-tice.co.il/tort/%D7%A4%D7%99%D7%A6%D7%95%D7%99-%D7%AA%D7%90%D7%95%D7%A0%D7%AA-%D7%90%D7%95%D7%A4%D7%A0%D7%95%D7%A2/,DESKTOP,0,55,0.00%,73.2
https://jus-tice.co.il/tort/%D7%A4%D7%A7%D7%95%D7%93%D7%AA-%D7%94%D7%A0%D7%96%D7%99%D7%A7%D7%99%D7%9F-%D7%A0%D7%95%D7%A1%D7%97-%D7%97%D7%93%D7%A9/,DESKTOP,0,156,0.00%,67.9
https://jus-tice.co.il/tort/%D7%A4%D7%A7%D7%95%D7%93%D7%AA-%D7%94%D7%A0%D7%96%D7%99%D7%A7%D7%99%D7%9F-%D7%A0%D7%95%D7%A1%D7%97-%D7%97%D7%93%D7%A9/,MOBILE,0,8,0.00%,21.3
https://jus-tice.co.il/traffic-lawyer/,DESKTOP,0,15505,0.00%,68.3
https://jus-tice.co.il/traffic-lawyer/,MOBILE,0,4415,0.00%,67.1
https://jus-tice.co.il/traffic-lawyer/,TABLET,0,8,0.00%,19.1
https://jus-tice.co.il/trusted-divorce-attorney-guide/,DESKTOP,0,4840,0.00%,74.0
https://jus-tice.co.il/trusted-divorce-attorney-guide/,MOBILE,0,931,0.00%,75.6
https://jus-tice.co.il/trusted-divorce-attorney-guide/,TABLET,0,1,0.00%,61.0
https://jus-tice.co.il/types-of-lawyers-small-business/,TABLET,0,250,0.00%,38.2
https://jus-tice.co.il/uk-lawyer/,DESKTOP,0,2125,0.00%,45.6
https://jus-tice.co.il/uk-lawyer/,MOBILE,0,43,0.00%,50.2
https://jus-tice.co.il/uk-lawyer/,TABLET,0,1,0.00%,8.0
https://jus-tice.co.il/ukraine-lawyers/,TABLET,0,2,0.00%,2.5
https://jus-tice.co.il/unbundled-legal-services/,DESKTOP,0,11,0.00%,52.4
https://jus-tice.co.il/unbundled-legal-services/,MOBILE,0,2,0.00%,39.0
https://jus-tice.co.il/unequal-pension-split-verdict-against-husband/,DESKTOP,0,924,0.00%,62.7
https://jus-tice.co.il/unequal-pension-split-verdict-against-husband/,MOBILE,0,72,0.00%,52.3
https://jus-tice.co.il/united-arab-emirates-lawyers/,TABLET,0,9,0.00%,20.2
https://jus-tice.co.il/united-arab-emirates-market-overview/,DESKTOP,0,123,0.00%,25.3
https://jus-tice.co.il/united-arab-emirates-market-overview/,MOBILE,0,4,0.00%,10.5
https://jus-tice.co.il/us-law-aggravating-factors-in-criminal-sentences/,DESKTOP,0,574,0.00%,65.4
https://jus-tice.co.il/us-law-aggravating-factors-in-criminal-sentences/,MOBILE,0,119,0.00%,57.6
https://jus-tice.co.il/us-lawyer-license-requirements/,DESKTOP,0,2331,0.00%,40.9
https://jus-tice.co.il/us-securities-and-exchange-commission/,DESKTOP,0,1394,0.00%,63.2
https://jus-tice.co.il/us-securities-and-exchange-commission/,MOBILE,0,167,0.00%,38.2
https://jus-tice.co.il/us-securities-and-exchange-commission/,TABLET,0,2,0.00%,38.0
https://jus-tice.co.il/usa-arraignment-formal-reading-of-criminal-charging/,DESKTOP,0,229,0.00%,60.2
https://jus-tice.co.il/usa-arraignment-formal-reading-of-criminal-charging/,MOBILE,0,41,0.00%,61.6
https://jus-tice.co.il/usa-lawyers/,DESKTOP,0,8207,0.00%,18.5
https://jus-tice.co.il/usa-lawyers/,TABLET,0,2,0.00%,11.0
https://jus-tice.co.il/vietnam-lawyer/,DESKTOP,0,85,0.00%,81.7
https://jus-tice.co.il/vietnam-lawyer/,MOBILE,0,13,0.00%,94.0
https://jus-tice.co.il/virtual-law-firm/,DESKTOP,0,1788,0.00%,65.5
https://jus-tice.co.il/virtual-law-firm/,MOBILE,0,309,0.00%,83.1
https://jus-tice.co.il/virtual-law-firm/,TABLET,0,2,0.00%,88.5
https://jus-tice.co.il/vonovia/,DESKTOP,0,1389,0.00%,58.8
https://jus-tice.co.il/vonovia/,MOBILE,0,86,0.00%,62.9
https://jus-tice.co.il/wachtell-lipton-rosen-katz/,DESKTOP,0,1869,0.00%,39.2
https://jus-tice.co.il/web-development-agreement/,DESKTOP,0,858,0.00%,51.5
https://jus-tice.co.il/weil-gotshal-manges/,DESKTOP,0,410,0.00%,30.4
https://jus-tice.co.il/weil-gotshal-manges/,MOBILE,0,67,0.00%,14.7
https://jus-tice.co.il/what-is-a-contract,DESKTOP,0,171,0.00%,58.5
https://jus-tice.co.il/what-is-a-contract,MOBILE,0,125,0.00%,15.3
https://jus-tice.co.il/what-is-a-contract/,DESKTOP,0,5215,0.00%,66.9
https://jus-tice.co.il/what-is-a-contract/,TABLET,0,4,0.00%,15.5
https://jus-tice.co.il/what-is-a-divorce-settlement-agreement/,DESKTOP,0,2740,0.00%,67.5
https://jus-tice.co.il/what-is-a-divorce-settlement-agreement/,MOBILE,0,535,0.00%,64.4
https://jus-tice.co.il/what-is-a-divorce-settlement-agreement/,TABLET,0,1,0.00%,64.0
https://jus-tice.co.il/what-is-a-law-firm/,TABLET,0,1,0.00%,75.0
https://jus-tice.co.il/what-is-a-probate-order/,DESKTOP,0,12137,0.00%,53.5
https://jus-tice.co.il/what-is-a-probate-order/,MOBILE,0,2265,0.00%,46.4
https://jus-tice.co.il/what-is-a-probate-order/,TABLET,0,24,0.00%,51.3
https://jus-tice.co.il/what-is-bitcoin-and-how-does-it-work,DESKTOP,0,17017,0.00%,55.5
https://jus-tice.co.il/what-is-bitcoin-and-how-does-it-work,MOBILE,0,2154,0.00%,51.1
https://jus-tice.co.il/what-is-bitcoin-and-how-does-it-work/,DESKTOP,0,2469,0.00%,54.4
https://jus-tice.co.il/what-is-bitcoin-and-how-does-it-work/,MOBILE,0,363,0.00%,49.6
https://jus-tice.co.il/what-is-bitcoin/,DESKTOP,0,7109,0.00%,65.8
https://jus-tice.co.il/what-is-bitcoin/,MOBILE,0,1513,0.00%,63.0
https://jus-tice.co.il/what-is-bitcoin/,TABLET,0,1,0.00%,53.0
https://jus-tice.co.il/what-is-child-custody/,DESKTOP,0,5861,0.00%,69.2
https://jus-tice.co.il/what-is-child-custody/,MOBILE,0,668,0.00%,75.1
https://jus-tice.co.il/what-is-child-custody/,TABLET,0,1,0.00%,78.0
https://jus-tice.co.il/what-is-cyberattack/,DESKTOP,0,2182,0.00%,54.9
https://jus-tice.co.il/what-is-cyberattack/,MOBILE,0,439,0.00%,51.7
https://jus-tice.co.il/what-is-intellectual-property/,DESKTOP,0,3416,0.00%,55.1
https://jus-tice.co.il/what-is-intellectual-property/,MOBILE,0,744,0.00%,51.0
https://jus-tice.co.il/what-is-justice/,TABLET,0,1,0.00%,10.0
https://jus-tice.co.il/what-is-medical-malpractice-definition-examples/,DESKTOP,0,4257,0.00%,42.7
https://jus-tice.co.il/what-is-medical-malpractice-definition-examples/,MOBILE,0,664,0.00%,52.9
https://jus-tice.co.il/what-is-money-laundering/,MOBILE,0,1343,0.00%,35.1
https://jus-tice.co.il/what-is-money-laundering/,TABLET,0,5,0.00%,31.8
https://jus-tice.co.il/what-should-a-divorce-settlement-agreement-include/,DESKTOP,0,5072,0.00%,60.1
https://jus-tice.co.il/what-should-a-divorce-settlement-agreement-include/,MOBILE,0,1011,0.00%,65.6
https://jus-tice.co.il/what-should-a-divorce-settlement-agreement-include/,TABLET,0,1,0.00%,83.0
https://jus-tice.co.il/what-to-avoid-when-hiring-a-web-design-company/,DESKTOP,0,1340,0.00%,62.5
https://jus-tice.co.il/what-to-avoid-when-hiring-a-web-design-company/,MOBILE,0,255,0.00%,61.4
https://jus-tice.co.il/what-to-avoid-when-hiring-a-web-design-company/,TABLET,0,2,0.00%,61.0
https://jus-tice.co.il/what-to-consider-when-hiring-a-criminal-lawyer/,DESKTOP,0,23,0.00%,74.4
https://jus-tice.co.il/what-to-consider-when-hiring-a-criminal-lawyer/,MOBILE,0,2,0.00%,98.5
https://jus-tice.co.il/what-to-do-now-if-you-are-considering-a-divorce/,DESKTOP,0,1175,0.00%,40.8
https://jus-tice.co.il/what-to-do-now-if-you-are-considering-a-divorce/,MOBILE,0,209,0.00%,23.4
https://jus-tice.co.il/what-to-do-now-if-you-are-considering-a-divorce/,TABLET,0,2,0.00%,89.5
https://jus-tice.co.il/will-and-testament/,DESKTOP,0,1195,0.00%,69.3
https://jus-tice.co.il/will-and-testament/,MOBILE,0,85,0.00%,81.0
https://jus-tice.co.il/will-probate-objection/,DESKTOP,0,12307,0.00%,60.2
https://jus-tice.co.il/will-probate-objection/,MOBILE,0,1440,0.00%,65.4
https://jus-tice.co.il/will-probate-objection/,TABLET,0,18,0.00%,64.2
https://jus-tice.co.il/women-lawyer-vs-men-divorce-lawyer/,DESKTOP,0,52,0.00%,57.7
https://jus-tice.co.il/women-lawyer-vs-men-divorce-lawyer/,MOBILE,0,5,0.00%,46.2
https://jus-tice.co.il/working-permit-for-foreign-workers/,DESKTOP,0,9986,0.00%,52.6
https://jus-tice.co.il/wp-content/uploads/2019/03/%D7%91%D7%99%D7%94%D7%93-%D7%94%D7%90%D7%96%D7%95%D7%A8%D7%99-%D7%9C%D7%A2%D7%91%D7%95%D7%93%D7%94-%D7%91%D7%AA%D7%90-%D7%94%D7%A0%D7%A9%D7%99%D7%90%D7%94-%D7%90%D7%A4%D7%A8%D7%AA-%D7%9C%D7%A7%D7%A1%D7%A8-%D7%94%D7%97%D7%9C%D7%98%D7%94-%D7%91%D7%A0%D7%95%D7%A9%D7%90-%D7%9E%D7%A2%D7%91%D7%A8%D7%99-%D7%94%D7%92%D7%91%D7%95%D7%9C.pdf,DESKTOP,0,10,0.00%,18.3
https://jus-tice.co.il/wp-content/uploads/2019/03/%D7%91%D7%99%D7%94%D7%93-%D7%94%D7%90%D7%96%D7%95%D7%A8%D7%99-%D7%9C%D7%A2%D7%91%D7%95%D7%93%D7%94-%D7%91%D7%AA%D7%90-%D7%94%D7%A0%D7%A9%D7%99%D7%90%D7%94-%D7%90%D7%A4%D7%A8%D7%AA-%D7%9C%D7%A7%D7%A1%D7%A8-%D7%94%D7%97%D7%9C%D7%98%D7%94-%D7%91%D7%A0%D7%95%D7%A9%D7%90-%D7%9E%D7%A2%D7%91%D7%A8%D7%99-%D7%94%D7%92%D7%91%D7%95%D7%9C.pdf,MOBILE,0,6,0.00%,18.5
https://jus-tice.co.il/wp-content/uploads/2019/03/%D7%91%D7%99%D7%94%D7%93-%D7%94%D7%90%D7%96%D7%95%D7%A8%D7%99-%D7%9C%D7%A2%D7%91%D7%95%D7%93%D7%94-%D7%91%D7%AA%D7%90-%D7%A9-%D7%93%D7%95%D7%A8%D7%99-%D7%A1%D7%A4%D7%99%D7%91%D7%A7-%D7%90%D7%99%D7%A9%D7%95%D7%A8-%D7%AA%D7%95%D7%91%D7%A2%D7%A0%D7%94-%D7%99%D7%99%D7%A6%D7%95%D7%92%D7%99%D7%AA-%D7%A2%D7%95%D7%91%D7%93%D7%99-%D7%9E%D7%95%D7%A7%D7%93-%D7%98%D7%9C%D7%A4%D7%95%D7%A0%D7%99-%D7%AA%D7%A9%D7%9C%D7%95%D7%9D-%D7%A9%D7%9B%D7%A8-%D7%A2%D7%91%D7%95%D7%93%D7%94-%D7%A2%D7%91%D7%95%D7%A8-%D7%94%D7%A4%D7%A1%D7%A7%D7%95%D7%AA-%D7%A7%D7%A6%D7%A8%D7%95%D7%AA.pdf,DESKTOP,0,1,0.00%,28.0
https://jus-tice.co.il/wp-content/uploads/2019/03/%D7%91%D7%99%D7%94%D7%93-%D7%94%D7%90%D7%96%D7%95%D7%A8%D7%99-%D7%9C%D7%A2%D7%91%D7%95%D7%93%D7%94-%D7%91%D7%AA%D7%90-%D7%A9-%D7%93%D7%A8-%D7%90%D7%A8%D7%99%D7%90%D7%9C%D7%94-%D7%92%D7%99%D7%9C%D7%A6%D7%A8-%D7%9B%D7%A5-%D7%94%D7%97%D7%9C%D7%98%D7%94-%D7%91%D7%A0%D7%95%D7%A9%D7%90-%D7%A7%D7%A4%D7%94-%D7%A0%D7%95%D7%90%D7%A8-%D7%AA%D7%99%D7%A7-%D7%A1%D7%A7-25618-09-17.pdf,DESKTOP,0,21,0.00%,57.2
https://jus-tice.co.il/wp-content/uploads/2019/03/%D7%91%D7%99%D7%94%D7%93-%D7%94%D7%90%D7%96%D7%95%D7%A8%D7%99-%D7%9C%D7%A2%D7%91%D7%95%D7%93%D7%94-%D7%91%D7%AA%D7%90-%D7%A9-%D7%AA%D7%95%D7%9E%D7%A8-%D7%A1%D7%99%D7%9C%D7%95%D7%A8%D7%94-%D7%A4%D7%A1%D7%93-%D7%91%D7%A0%D7%95%D7%A9%D7%90-%D7%94%D7%A9%D7%95%D7%95%D7%90%D7%AA-%D7%AA%D7%A0%D7%90%D7%99%D7%9D-%D7%91%D7%9E%D7%A2%D7%95%D7%A0%D7%95%D7%AA-%D7%99%D7%95%D7%9D-%D7%95%D7%92%D7%A0%D7%99%D7%9D-%D7%91%D7%97%D7%99%D7%A0%D7%95%D7%9A-%D7%94%D7%97%D7%A8%D7%93%D7%99-1.pdf,DESKTOP,0,1,0.00%,35.0
https://jus-tice.co.il/wp-content/uploads/2019/03/%D7%91%D7%99%D7%94%D7%93-%D7%94%D7%90%D7%96%D7%95%D7%A8%D7%99-%D7%9C%D7%A2%D7%91%D7%95%D7%93%D7%94-%D7%99%D7%A8%D7%95%D7%A9%D7%9C%D7%99%D7%9D-%D7%A9-%D7%A9%D7%A8%D7%94-%D7%A9%D7%93%D7%99%D7%90%D7%95%D7%A8-%D7%94%D7%97%D7%9C%D7%98%D7%94-%D7%91%D7%A0%D7%95%D7%A9%D7%90-%D7%A2%D7%99%D7%9B%D7%95%D7%91-%D7%99%D7%A6%D7%99%D7%90%D7%94-%D7%9E%D7%94%D7%90%D7%A8%D7%A5.pdf,DESKTOP,0,1,0.00%,49.0
https://jus-tice.co.il/wp-content/uploads/2019/03/%D7%91%D7%99%D7%94%D7%93-%D7%94%D7%90%D7%96%D7%95%D7%A8%D7%99-%D7%9C%D7%A2%D7%91%D7%95%D7%93%D7%94-%D7%A9-%D7%A2%D7%99%D7%93%D7%99%D7%AA-%D7%90%D7%99%D7%A6%D7%A7%D7%95%D7%91%D7%99%D7%A5-%D7%90%D7%95%D7%A9%D7%A8%D7%94-%D7%AA%D7%95%D7%91%D7%A2%D7%A0%D7%94-%D7%99%D7%99%D7%A6%D7%95%D7%92%D7%99%D7%AA-%D7%A0%D7%99%D7%9B%D7%95%D7%99-%D7%A9%D7%9C%D7%90-%D7%9B%D7%93%D7%99%D7%9F-%D7%9E%D7%A9%D7%9B%D7%A8%D7%9D-%D7%A9%D7%9C-%D7%9E%D7%98%D7%A4%D7%9C%D7%99%D7%9D-%D7%A1%D7%99%D7%A2%D7%95%D7%93%D7%99%D7%99%D7%9D.pdf,DESKTOP,0,20,0.00%,63.4
https://jus-tice.co.il/wp-content/uploads/2019/03/%D7%91%D7%99%D7%94%D7%93-%D7%94%D7%90%D7%96%D7%95%D7%A8%D7%99-%D7%9C%D7%A2%D7%91%D7%95%D7%93%D7%94-%D7%AA%D7%90-%D7%A9-%D7%90%D7%95%D7%A8%D7%9F-%D7%A9%D7%92%D7%91-%D7%A4%D7%A1%D7%93-%D7%91%D7%A2%D7%A0%D7%99%D7%99%D7%9F-%D7%90%D7%97%D7%A8%D7%99%D7%95%D7%AA-%D7%91%D7%99%D7%98%D7%95%D7%97-%D7%9C%D7%90%D7%95%D7%9E%D7%99-%D7%9C%D7%98%D7%99%D7%A4%D7%95%D7%9C-%D7%91%D7%97%D7%95%D7%9C%D7%94-%D7%A1%D7%A8%D7%98%D7%9F.pdf,DESKTOP,0,4,0.00%,38.3
https://jus-tice.co.il/wp-content/uploads/2019/03/%D7%91%D7%99%D7%94%D7%93-%D7%94%D7%90%D7%96%D7%95%D7%A8%D7%99-%D7%9C%D7%A2%D7%91%D7%95%D7%93%D7%94-%D7%AA%D7%90-%D7%A9-%D7%93%D7%95%D7%A8%D7%99-%D7%A1%D7%A4%D7%99%D7%91%D7%A7-%D7%A4%D7%A1%D7%A7-%D7%93%D7%99%D7%9F-%D7%91%D7%A0%D7%95%D7%A9%D7%90-%D7%96%D7%9B%D7%95%D7%99%D7%95%D7%AA-%D7%A2%D7%95%D7%91%D7%93%D7%99-%D7%91%D7%98%D7%97%D7%95%D7%9F-%D7%90%D7%9C-%D7%A2%D7%9C.pdf,DESKTOP,0,165,0.00%,28.6
https://jus-tice.co.il/wp-content/uploads/2019/03/%D7%91%D7%99%D7%94%D7%93-%D7%94%D7%90%D7%96%D7%95%D7%A8%D7%99-%D7%9C%D7%A2%D7%91%D7%95%D7%93%D7%94-%D7%AA%D7%90-%D7%A9-%D7%93%D7%95%D7%A8%D7%99-%D7%A1%D7%A4%D7%99%D7%91%D7%A7-%D7%A4%D7%A1%D7%A7-%D7%93%D7%99%D7%9F-%D7%91%D7%A0%D7%95%D7%A9%D7%90-%D7%96%D7%9B%D7%95%D7%99%D7%95%D7%AA-%D7%A2%D7%95%D7%91%D7%93%D7%99-%D7%91%D7%98%D7%97%D7%95%D7%9F-%D7%90%D7%9C-%D7%A2%D7%9C.pdf,MOBILE,0,2,0.00%,8.0
https://jus-tice.co.il/wp-content/uploads/2019/03/%D7%91%D7%99%D7%94%D7%93-%D7%94%D7%90%D7%96%D7%95%D7%A8%D7%99-%D7%9C%D7%A2%D7%91%D7%95%D7%93%D7%94-%D7%AA%D7%90-%D7%A9-%D7%A8%D7%95%D7%99%D7%AA-%D7%A6%D7%93%D7%99%D7%A7-%D7%A4%D7%A1%D7%A7-%D7%93%D7%99%D7%9F-%D7%91%D7%A2%D7%A0%D7%99%D7%99%D7%9F-%D7%96%D7%9B%D7%95%D7%99%D7%95%D7%AA-%D7%A2%D7%95%D7%91%D7%93%D7%99%D7%9D-%D7%91%D7%A2%D7%A0%D7%A3-%D7%94%D7%A9%D7%9E%D7%99%D7%A8%D7%94.pdf,DESKTOP,0,54,0.00%,56.2
https://jus-tice.co.il/wp-content/uploads/2019/03/%D7%91%D7%99%D7%94%D7%93-%D7%94%D7%90%D7%96%D7%95%D7%A8%D7%99-%D7%9C%D7%A2%D7%91%D7%95%D7%93%D7%94-%D7%AA%D7%90-%D7%A9-%D7%A8%D7%95%D7%99%D7%AA-%D7%A6%D7%93%D7%99%D7%A7-%D7%A4%D7%A1%D7%A7-%D7%93%D7%99%D7%9F-%D7%91%D7%A2%D7%A0%D7%99%D7%99%D7%9F-%D7%96%D7%9B%D7%95%D7%99%D7%95%D7%AA-%D7%A2%D7%95%D7%91%D7%93%D7%99%D7%9D-%D7%91%D7%A2%D7%A0%D7%A3-%D7%94%D7%A9%D7%9E%D7%99%D7%A8%D7%94.pdf,MOBILE,0,1,0.00%,75.0
https://jus-tice.co.il/wp-content/uploads/2019/03/%D7%91%D7%99%D7%94%D7%93-%D7%94%D7%90%D7%99%D7%96%D7%95%D7%A8%D7%99-%D7%9C%D7%A2%D7%91%D7%95%D7%93%D7%94-%D7%91%D7%91%D7%90%D7%A8-%D7%A9%D7%91%D7%A2-%D7%94%D7%A9%D7%95%D7%A4%D7%98-%D7%A6%D7%91%D7%99-%D7%A4%D7%A8%D7%A0%D7%A7%D7%9C-%D7%A4%D7%A1%D7%93-%D7%91%D7%A0%D7%95%D7%A9%D7%90-%D7%AA%D7%91%D7%99%D7%A2%D7%94-%D7%90%D7%99%D7%A9%D7%99%D7%AA-%D7%A0%D7%92%D7%93-%D7%9E%D7%A0%D7%9B%D7%9C-%D7%91%D7%A0%D7%A7-%D7%94%D7%A4%D7%95%D7%A2%D7%9C%D7%99%D7%9D-%D7%91%D7%92%D7%99%D7%9F-%D7%94%D7%AA%D7%A2%D7%9E%D7%A8%D7%95%D7%AA-%D7%91%D7%A2%D7%91%D7%95%D7%93%D7%94.pdf,DESKTOP,0,2,0.00%,61.0
https://jus-tice.co.il/wp-content/uploads/2019/03/%D7%91%D7%99%D7%94%D7%93-%D7%94%D7%90%D7%99%D7%96%D7%95%D7%A8%D7%99-%D7%9C%D7%A2%D7%91%D7%95%D7%93%D7%94-%D7%91%D7%A0%D7%A6%D7%A8%D7%AA-%D7%A9-%D7%98%D7%9C-%D7%92%D7%95%D7%9C%D7%9F-%D7%A4%D7%A1%D7%93-%D7%91%D7%AA%D7%91%D7%99%D7%A2%D7%95%D7%AA-%D7%94%D7%93%D7%93%D7%99%D7%95%D7%AA-%D7%A9%D7%9C-%D7%97%D7%91%D7%A8%D7%94-%D7%9C%D7%99%D7%99%D7%A6%D7%95%D7%A8-%D7%99%D7%A8%D7%99%D7%A2%D7%95%D7%AA-%D7%A4%D7%9C%D7%A1%D7%98%D7%99%D7%A7-%D7%9C%D7%97%D7%A7%D7%9C%D7%90%D7%95%D7%AA-%D7%95%D7%9E%D7%A0%D7%9B%D7%9C-%D7%94%D7%97%D7%91%D7%A8%D7%94-%D7%9C%D7%A9%D7%A2%D7%91%D7%A8.pdf,DESKTOP,0,1,0.00%,25.0
https://jus-tice.co.il/wp-content/uploads/2019/03/%D7%91%D7%99%D7%94%D7%93-%D7%94%D7%90%D7%99%D7%96%D7%95%D7%A8%D7%99-%D7%9C%D7%A2%D7%91%D7%95%D7%93%D7%94-%D7%91%D7%A0%D7%A6%D7%A8%D7%AA-%D7%A9-%D7%98%D7%9C-%D7%92%D7%95%D7%9C%D7%9F-%D7%A4%D7%A1%D7%93-%D7%91%D7%AA%D7%91%D7%99%D7%A2%D7%95%D7%AA-%D7%94%D7%93%D7%93%D7%99%D7%95%D7%AA-%D7%A9%D7%9C-%D7%97%D7%91%D7%A8%D7%94-%D7%9C%D7%99%D7%99%D7%A6%D7%95%D7%A8-%D7%99%D7%A8%D7%99%D7%A2%D7%95%D7%AA-%D7%A4%D7%9C%D7%A1%D7%98%D7%99%D7%A7-%D7%9C%D7%97%D7%A7%D7%9C%D7%90%D7%95%D7%AA-%D7%95%D7%9E%D7%A0%D7%9B%D7%9C-%D7%94%D7%97%D7%91%D7%A8%D7%94-%D7%9C%D7%A9%D7%A2%D7%91%D7%A8.pdf,MOBILE,0,1,0.00%,18.0
https://jus-tice.co.il/wp-content/uploads/2019/03/%D7%91%D7%99%D7%94%D7%93-%D7%94%D7%90%D7%99%D7%96%D7%95%D7%A8%D7%99-%D7%9C%D7%A2%D7%91%D7%95%D7%93%D7%94-%D7%91%D7%A9-%D7%A9-%D7%A6%D7%91%D7%99-%D7%A4%D7%A8%D7%A0%D7%A7%D7%9C-%D7%A4%D7%A1%D7%93-%D7%91%D7%A0%D7%95%D7%A9%D7%90-%D7%9E%D7%99%D7%A7%D7%A8%D7%95%D7%98%D7%A8%D7%90%D7%95%D7%9E%D7%94-%D7%91%D7%A2%D7%91%D7%95%D7%93%D7%94-%D7%A9%D7%94%D7%AA%D7%A0%D7%94%D7%9C%D7%94-%D7%A2%D7%9C-%D7%A4%D7%A0%D7%99-%D7%97%D7%93%D7%A9%D7%99%D7%9D-%D7%A1%D7%A4%D7%95%D7%A8%D7%99%D7%9D-%D7%91%D7%9C%D7%91%D7%93.pdf,DESKTOP,0,63,0.00%,39.8
https://jus-tice.co.il/wp-content/uploads/2019/03/%D7%91%D7%99%D7%94%D7%93-%D7%94%D7%90%D7%99%D7%96%D7%95%D7%A8%D7%99-%D7%9C%D7%A2%D7%91%D7%95%D7%93%D7%94-%D7%91%D7%A9-%D7%A9-%D7%A6%D7%91%D7%99-%D7%A4%D7%A8%D7%A0%D7%A7%D7%9C-%D7%A4%D7%A1%D7%93-%D7%91%D7%A0%D7%95%D7%A9%D7%90-%D7%9E%D7%99%D7%A7%D7%A8%D7%95%D7%98%D7%A8%D7%90%D7%95%D7%9E%D7%94-%D7%91%D7%A2%D7%91%D7%95%D7%93%D7%94-%D7%A9%D7%94%D7%AA%D7%A0%D7%94%D7%9C%D7%94-%D7%A2%D7%9C-%D7%A4%D7%A0%D7%99-%D7%97%D7%93%D7%A9%D7%99%D7%9D-%D7%A1%D7%A4%D7%95%D7%A8%D7%99%D7%9D-%D7%91%D7%9C%D7%91%D7%93.pdf,MOBILE,0,34,0.00%,30.3
https://jus-tice.co.il/wp-content/uploads/2019/03/%D7%91%D7%99%D7%94%D7%93-%D7%94%D7%90%D7%99%D7%96%D7%95%D7%A8%D7%99-%D7%9C%D7%A2%D7%91%D7%95%D7%93%D7%94-%D7%A0%D7%A6%D7%A8%D7%AA-%D7%A9-%D7%93%D7%A8-%D7%98%D7%9C-%D7%92%D7%95%D7%9C%D7%9F-%D7%A4%D7%A1%D7%93-%D7%91%D7%AA%D7%91%D7%99%D7%A2%D7%AA-%D7%94%D7%98%D7%A8%D7%93%D7%94-%D7%9E%D7%99%D7%A0%D7%99%D7%AA-%D7%91%D7%90%D7%A7%D7%93%D7%9E%D7%99%D7%94.pdf,DESKTOP,0,58,0.00%,50.2
https://jus-tice.co.il/wp-content/uploads/2019/03/%D7%91%D7%99%D7%94%D7%93-%D7%94%D7%90%D7%99%D7%96%D7%95%D7%A8%D7%99-%D7%9C%D7%A2%D7%91%D7%95%D7%93%D7%94-%D7%A0%D7%A6%D7%A8%D7%AA-%D7%A9-%D7%93%D7%A8-%D7%98%D7%9C-%D7%92%D7%95%D7%9C%D7%9F-%D7%A4%D7%A1%D7%93-%D7%91%D7%AA%D7%91%D7%99%D7%A2%D7%AA-%D7%94%D7%98%D7%A8%D7%93%D7%94-%D7%9E%D7%99%D7%A0%D7%99%D7%AA-%D7%91%D7%90%D7%A7%D7%93%D7%9E%D7%99%D7%94.pdf,MOBILE,0,1,0.00%,49.0
https://jus-tice.co.il/wp-content/uploads/2019/03/%D7%91%D7%99%D7%94%D7%93-%D7%94%D7%90%D7%A8%D7%A6%D7%99-%D7%9C%D7%A2%D7%91%D7%95%D7%93%D7%94-%D7%94%D7%A0%D7%A9%D7%99%D7%90%D7%94-%D7%95%D7%99%D7%A8%D7%98-%D7%9C%D7%99%D7%91%D7%A0%D7%94-%D7%A4%D7%A1%D7%93-%D7%91%D7%A0%D7%95%D7%A9%D7%90-%D7%A7%D7%95%D7%A8%D7%A1-%D7%9E%D7%A9%D7%A4%D7%99%D7%A2%D7%99%D7%9D-%D7%A9%D7%9C-%D7%A0%D7%A6%D7%99%D7%91%D7%95%D7%AA-%D7%A9%D7%99%D7%A8%D7%95%D7%AA-%D7%94%D7%9E%D7%93%D7%99%D7%A0%D7%94.pdf,DESKTOP,0,7,0.00%,63.6
https://jus-tice.co.il/wp-content/uploads/2019/03/%D7%91%D7%99%D7%94%D7%93-%D7%94%D7%90%D7%A8%D7%A6%D7%99-%D7%9C%D7%A2%D7%91%D7%95%D7%93%D7%94-%D7%94%D7%A0%D7%A9%D7%99%D7%90%D7%94-%D7%95%D7%99%D7%A8%D7%98-%D7%9C%D7%99%D7%91%D7%A0%D7%94-%D7%A4%D7%A1%D7%93-%D7%91%D7%A0%D7%95%D7%A9%D7%90-%D7%A7%D7%95%D7%A8%D7%A1-%D7%9E%D7%A9%D7%A4%D7%99%D7%A2%D7%99%D7%9D-%D7%A9%D7%9C-%D7%A0%D7%A6%D7%99%D7%91%D7%95%D7%AA-%D7%A9%D7%99%D7%A8%D7%95%D7%AA-%D7%94%D7%9E%D7%93%D7%99%D7%A0%D7%94.pdf,MOBILE,0,1,0.00%,72.0
https://jus-tice.co.il/wp-content/uploads/2019/03/%D7%91%D7%99%D7%94%D7%93-%D7%94%D7%90%D7%A8%D7%A6%D7%99-%D7%9C%D7%A2%D7%91%D7%95%D7%93%D7%94-%D7%94%D7%A8%D7%9B%D7%91-%D7%94%D7%A0%D7%A9%D7%99%D7%90-%D7%99%D7%92%D7%90%D7%9C-%D7%A4%D7%9C%D7%99%D7%98%D7%9E%D7%9F-%D7%A4%D7%A1%D7%93-%D7%91%D7%A2%D7%A0%D7%99%D7%99%D7%9F-%D7%94%D7%90%D7%A8%D7%9B%D7%AA-%D7%9E%D7%95%D7%A2%D7%93-%D7%9C%D7%A2%D7%A8%D7%A2%D7%95%D7%A8-%D7%A2%D7%9C-%D7%94%D7%97%D7%9C%D7%98%D7%95%D7%AA-%D7%95%D7%A2%D7%93%D7%95%D7%AA-%D7%A2%D7%A8%D7%A8-%D7%95%D7%92%D7%95%D7%A4%D7%99%D7%9D-%D7%90%D7%97%D7%A8%D7%99%D7%9D.pdf,DESKTOP,0,24,0.00%,81.3
https://jus-tice.co.il/wp-content/uploads/2019/03/%D7%91%D7%99%D7%94%D7%93-%D7%94%D7%90%D7%A8%D7%A6%D7%99-%D7%9C%D7%A2%D7%91%D7%95%D7%93%D7%94-%D7%94%D7%A8%D7%9B%D7%91-%D7%94%D7%A0%D7%A9%D7%99%D7%90-%D7%99%D7%92%D7%90%D7%9C-%D7%A4%D7%9C%D7%99%D7%98%D7%9E%D7%9F-%D7%A4%D7%A1%D7%93-%D7%91%D7%A2%D7%A0%D7%99%D7%99%D7%9F-%D7%94%D7%90%D7%A8%D7%9B%D7%AA-%D7%9E%D7%95%D7%A2%D7%93-%D7%9C%D7%A2%D7%A8%D7%A2%D7%95%D7%A8-%D7%A2%D7%9C-%D7%94%D7%97%D7%9C%D7%98%D7%95%D7%AA-%D7%95%D7%A2%D7%93%D7%95%D7%AA-%D7%A2%D7%A8%D7%A8-%D7%95%D7%92%D7%95%D7%A4%D7%99%D7%9D-%D7%90%D7%97%D7%A8%D7%99%D7%9D.pdf,MOBILE,0,2,0.00%,49.5
https://jus-tice.co.il/wp-content/uploads/2019/03/%D7%91%D7%99%D7%94%D7%93-%D7%94%D7%90%D7%A8%D7%A6%D7%99-%D7%9C%D7%A2%D7%91%D7%95%D7%93%D7%94-%D7%A9-%D7%92%D7%9C%D7%99%D7%A7%D7%A1%D7%9E%D7%9F-%D7%94%D7%9E%D7%A6%D7%90%D7%AA-%D7%9B%D7%AA%D7%91%D7%99-%D7%91%D7%99-%D7%93%D7%99%D7%9F-%D7%91%D7%90%D7%9E%D7%A6%D7%A2%D7%95%D7%AA-%D7%A0%D7%98-%D7%94%D7%9E%D7%A9%D7%A4%D7%98.pdf,DESKTOP,0,161,0.00%,64.8
https://jus-tice.co.il/wp-content/uploads/2019/03/%D7%91%D7%99%D7%94%D7%93-%D7%94%D7%90%D7%A8%D7%A6%D7%99-%D7%9C%D7%A2%D7%91%D7%95%D7%93%D7%94-%D7%A9-%D7%93%D7%95%D7%99%D7%93%D7%95%D7%91-%D7%9E%D7%95%D7%98%D7%95%D7%9C%D7%94-%D7%A4%D7%A1%D7%93-%D7%A2%D7%91%D7%9C-33292-04-15-%D7%94%D7%9E%D7%95%D7%A1%D7%93-%D7%9C%D7%91%D7%99%D7%98%D7%95%D7%97-%D7%9C%D7%90%D7%95%D7%9E%D7%99-%D7%A4%D7%9C%D7%95%D7%A0%D7%99%D7%AA-%D7%A2%D7%9C-%D7%A2%D7%A7%D7%A8%D7%AA-%D7%91%D7%99%D7%AA-%D7%95%D7%A2%D7%A7%D7%A8%D7%AA-%D7%91%D7%99%D7%AA-%D7%A0%D7%9B%D7%94.pdf,DESKTOP,0,3,0.00%,75.0
https://jus-tice.co.il/wp-content/uploads/2019/03/%D7%91%D7%99%D7%94%D7%93-%D7%94%D7%90%D7%A8%D7%A6%D7%99-%D7%9C%D7%A2%D7%91%D7%95%D7%93%D7%94-%D7%A9-%D7%93%D7%95%D7%99%D7%93%D7%95%D7%91-%D7%9E%D7%95%D7%98%D7%95%D7%9C%D7%94-%D7%A4%D7%A1%D7%93-%D7%A2%D7%91%D7%9C-33292-04-15-%D7%94%D7%9E%D7%95%D7%A1%D7%93-%D7%9C%D7%91%D7%99%D7%98%D7%95%D7%97-%D7%9C%D7%90%D7%95%D7%9E%D7%99-%D7%A4%D7%9C%D7%95%D7%A0%D7%99%D7%AA-%D7%A2%D7%9C-%D7%A2%D7%A7%D7%A8%D7%AA-%D7%91%D7%99%D7%AA-%D7%95%D7%A2%D7%A7%D7%A8%D7%AA-%D7%91%D7%99%D7%AA-%D7%A0%D7%9B%D7%94.pdf,MOBILE,0,2,0.00%,72.0
https://jus-tice.co.il/wp-content/uploads/2019/03/%D7%91%D7%99%D7%94%D7%93-%D7%94%D7%90%D7%A8%D7%A6%D7%99-%D7%9C%D7%A2%D7%91%D7%95%D7%93%D7%94-%D7%A9-%D7%9C%D7%90%D7%94-%D7%92%D7%9C%D7%99%D7%A7%D7%A1%D7%9E%D7%9F-%D7%A2%D7%95%D7%91%D7%93%D7%99%D7%9D-%D7%A4%D7%9C%D7%A1%D7%98%D7%99%D7%A0%D7%99%D7%9D-%D7%94%D7%9E%D7%95%D7%A2%D7%A1%D7%A7%D7%99%D7%9D-%D7%91%D7%9E%D7%99%D7%A0%D7%94%D7%9C-%D7%94%D7%90%D7%96%D7%A8%D7%97%D7%99-%D7%96%D7%9B%D7%90%D7%99%D7%9D-%D7%9C%D7%A9%D7%9B%D7%A8-%D7%9E%D7%99%D7%A0%D7%99%D7%9E%D7%95%D7%9D.pdf,DESKTOP,0,153,0.00%,47.6
https://jus-tice.co.il/wp-content/uploads/2019/03/%D7%91%D7%99%D7%94%D7%93-%D7%94%D7%90%D7%A8%D7%A6%D7%99-%D7%9C%D7%A2%D7%91%D7%95%D7%93%D7%94-%D7%A9-%D7%9C%D7%90%D7%94-%D7%92%D7%9C%D7%99%D7%A7%D7%A1%D7%9E%D7%9F-%D7%A2%D7%95%D7%91%D7%93%D7%99%D7%9D-%D7%A4%D7%9C%D7%A1%D7%98%D7%99%D7%A0%D7%99%D7%9D-%D7%94%D7%9E%D7%95%D7%A2%D7%A1%D7%A7%D7%99%D7%9D-%D7%91%D7%9E%D7%99%D7%A0%D7%94%D7%9C-%D7%94%D7%90%D7%96%D7%A8%D7%97%D7%99-%D7%96%D7%9B%D7%90%D7%99%D7%9D-%D7%9C%D7%A9%D7%9B%D7%A8-%D7%9E%D7%99%D7%A0%D7%99%D7%9E%D7%95%D7%9D.pdf,MOBILE,0,42,0.00%,18.0
https://jus-tice.co.il/wp-content/uploads/2019/03/%D7%91%D7%99%D7%94%D7%93-%D7%94%D7%90%D7%A8%D7%A6%D7%99-%D7%9C%D7%A2%D7%91%D7%95%D7%93%D7%94-%D7%A9-%D7%9C%D7%90%D7%94-%D7%92%D7%9C%D7%99%D7%A7%D7%A1%D7%9E%D7%9F-%D7%A4%D7%A1%D7%93-%D7%91%D7%A2%D7%A0%D7%99%D7%99%D7%9F-%D7%A4%D7%99%D7%98%D7%95%D7%A8%D7%99-%D7%A2%D7%95%D7%91%D7%93%D7%99%D7%9D-%D7%A9%D7%94%D7%95%D7%A2%D7%A1%D7%A7%D7%95-%D7%91%D7%A0%D7%99%D7%92%D7%A8%D7%99%D7%94-%D7%95%D7%A4%D7%95%D7%A8%D7%95%D7%9D-%D7%9C%D7%90-%D7%A0%D7%90%D7%95%D7%AA.pdf,DESKTOP,0,7,0.00%,79.4
https://jus-tice.co.il/wp-content/uploads/2019/03/%D7%91%D7%99%D7%94%D7%93-%D7%94%D7%90%D7%A8%D7%A6%D7%99-%D7%9C%D7%A2%D7%91%D7%95%D7%93%D7%94-%D7%A9-%D7%A8%D7%95%D7%A0%D7%99%D7%AA-%D7%A8%D7%95%D7%96%D7%A0%D7%A4%D7%9C%D7%93-%D7%A4%D7%A1%D7%93-%D7%91%D7%A0%D7%95%D7%A9%D7%90-%D7%94%D7%A4%D7%9C%D7%99%D7%99%D7%AA-%D7%90%D7%99%D7%A9%D7%94-%D7%91%D7%A7%D7%91%D7%9C%D7%94-%D7%9C%D7%A2%D7%91%D7%95%D7%93%D7%94.pdf,DESKTOP,0,3,0.00%,63.3
https://jus-tice.co.il/wp-content/uploads/2019/03/%D7%91%D7%99%D7%94%D7%93-%D7%94%D7%90%D7%A8%D7%A6%D7%99-%D7%9C%D7%A2%D7%91%D7%95%D7%93%D7%94-%D7%A9-%D7%A8%D7%95%D7%A0%D7%99%D7%AA-%D7%A8%D7%95%D7%96%D7%A0%D7%A4%D7%9C%D7%93-%D7%A4%D7%A1%D7%93-%D7%91%D7%A2%D7%A0%D7%99%D7%99%D7%9F-%D7%96%D7%9B%D7%90%D7%95%D7%AA-%D7%92%D7%A8%D7%95%D7%A9%D7%94-%D7%91%D7%9E%D7%A9%D7%A4%D7%97%D7%94-%D7%A4%D7%95%D7%9C%D7%99%D7%92%D7%9E%D7%99%D7%AA-%D7%9C%D7%94%D7%91%D7%98%D7%97%D7%AA-%D7%94%D7%9B%D7%A0%D7%A1%D7%94-%D7%A0%D7%A4%D7%A8%D7%93%D7%AA.pdf,DESKTOP,0,12,0.00%,19.8
https://jus-tice.co.il/wp-content/uploads/2019/03/%D7%91%D7%99%D7%94%D7%93-%D7%94%D7%90%D7%A8%D7%A6%D7%99-%D7%9C%D7%A2%D7%91%D7%95%D7%93%D7%94-%D7%A9-%D7%A8%D7%95%D7%A0%D7%99%D7%AA-%D7%A8%D7%95%D7%96%D7%A0%D7%A4%D7%9C%D7%93-%D7%A4%D7%A1%D7%93-%D7%91%D7%A2%D7%A0%D7%99%D7%99%D7%9F-%D7%96%D7%9B%D7%90%D7%95%D7%AA-%D7%92%D7%A8%D7%95%D7%A9%D7%94-%D7%91%D7%9E%D7%A9%D7%A4%D7%97%D7%94-%D7%A4%D7%95%D7%9C%D7%99%D7%92%D7%9E%D7%99%D7%AA-%D7%9C%D7%94%D7%91%D7%98%D7%97%D7%AA-%D7%94%D7%9B%D7%A0%D7%A1%D7%94-%D7%A0%D7%A4%D7%A8%D7%93%D7%AA.pdf,MOBILE,0,1,0.00%,14.0
https://jus-tice.co.il/wp-content/uploads/2019/03/%D7%91%D7%99%D7%94%D7%93-%D7%94%D7%90%D7%A8%D7%A6%D7%99-%D7%9C%D7%A2%D7%91%D7%95%D7%93%D7%94-%D7%A9-%D7%A8%D7%95%D7%A2%D7%99-%D7%A4%D7%95%D7%9C%D7%99%D7%90%D7%A7-%D7%93%D7%97%D7%99%D7%99%D7%AA-%D7%A2%D7%A8%D7%A2%D7%95%D7%A8-%D7%91%D7%AA%D7%91%D7%99%D7%A2%D7%94-%D7%A2%D7%9C-%D7%A1%D7%99%D7%95%D7%9D-%D7%94%D7%A2%D7%A1%D7%A7%D7%94-%D7%91%D7%90%D7%AA%D7%A8-%D7%90%D7%99%D7%A0%D7%98%D7%A8%D7%A0%D7%98-%D7%90%D7%99%D7%A8%D7%95%D7%98%D7%99.pdf,DESKTOP,0,3,0.00%,65.3
https://jus-tice.co.il/wp-content/uploads/2019/03/%D7%91%D7%99%D7%94%D7%93-%D7%94%D7%90%D7%A8%D7%A6%D7%99-%D7%9C%D7%A2%D7%91%D7%95%D7%93%D7%94-%D7%A9-%D7%A8%D7%95%D7%A2%D7%99-%D7%A4%D7%95%D7%9C%D7%99%D7%90%D7%A7-%D7%93%D7%97%D7%99%D7%99%D7%AA-%D7%A2%D7%A8%D7%A2%D7%95%D7%A8-%D7%91%D7%AA%D7%91%D7%99%D7%A2%D7%94-%D7%A2%D7%9C-%D7%A1%D7%99%D7%95%D7%9D-%D7%94%D7%A2%D7%A1%D7%A7%D7%94-%D7%91%D7%90%D7%AA%D7%A8-%D7%90%D7%99%D7%A0%D7%98%D7%A8%D7%A0%D7%98-%D7%90%D7%99%D7%A8%D7%95%D7%98%D7%99.pdf,MOBILE,0,1,0.00%,23.0
https://jus-tice.co.il/wp-content/uploads/2019/03/%D7%91%D7%99%D7%AA-%D7%94%D7%93%D7%99%D7%9F-%D7%94%D7%90%D7%96%D7%95%D7%A8%D7%99-%D7%9C%D7%A2%D7%91%D7%95%D7%93%D7%94-%D7%AA%D7%90-%D7%A9-%D7%90%D7%95%D7%A8%D7%9F-%D7%A9%D7%92%D7%91-%D7%A4%D7%A1%D7%93-%D7%91%D7%A0%D7%95%D7%A9%D7%90-%D7%90%D7%99%D7%A9%D7%95%D7%A8-%D7%AA%D7%A8%D7%95%D7%A4%D7%94-%D7%9C%D7%9E%D7%97%D7%9C%D7%AA-%D7%94%D7%93%D7%95%D7%A9%D7%9F-%D7%9C%D7%99%D7%9C%D7%93-%D7%91%D7%9F-11.pdf,DESKTOP,0,3,0.00%,40.3
https://jus-tice.co.il/wp-content/uploads/2019/03/hoksangeoriatsiburit.pdf,DESKTOP,0,57,0.00%,53.9
https://jus-tice.co.il/wp-content/uploads/2019/03/hoksangeoriatsiburit.pdf,MOBILE,0,17,0.00%,27.6
https://jus-tice.co.il/wp-content/uploads/2020/01/%D7%9B%D7%AA%D7%91-%D7%AA%D7%91%D7%99%D7%A2%D7%94-%D7%AA.%D7%A2-18.09.2023-%D7%A7%D7%95%D7%93-%D7%94%D7%98%D7%95%D7%A4%D7%A1-305-016-05.pdf,DESKTOP,0,17,0.00%,35.6
https://jus-tice.co.il/wp-content/uploads/2020/01/%D7%9B%D7%AA%D7%91-%D7%AA%D7%91%D7%99%D7%A2%D7%94-%D7%AA.%D7%A2-18.09.2023-%D7%A7%D7%95%D7%93-%D7%94%D7%98%D7%95%D7%A4%D7%A1-305-016-05.pdf,MOBILE,0,5,0.00%,35.0
https://jus-tice.co.il/wp-content/uploads/2020/01/%D7%9E%D7%93%D7%99%D7%A0%D7%99%D7%95%D7%AA-%D7%AA%D7%9E%D7%90-38-%D7%AA%D7%90-9086.pdf,DESKTOP,0,1440,0.00%,68.6
https://jus-tice.co.il/wp-content/uploads/2020/01/%D7%9E%D7%93%D7%99%D7%A0%D7%99%D7%95%D7%AA-%D7%AA%D7%9E%D7%90-38-%D7%AA%D7%90-9086.pdf,MOBILE,0,237,0.00%,73.7
https://jus-tice.co.il/wp-content/uploads/2020/01/%D7%9E%D7%93%D7%99%D7%A0%D7%99%D7%95%D7%AA-%D7%AA%D7%9E%D7%90-38-%D7%AA%D7%90-9086.pdf,TABLET,0,1,0.00%,37.0
https://jus-tice.co.il/wp-content/uploads/2020/01/UK-Physical-Activity-Guidelines-2019-Hebrew.pdf,DESKTOP,0,13,0.00%,57.3
https://jus-tice.co.il/wp-content/uploads/2020/01/UK-Physical-Activity-Guidelines-2019-Hebrew.pdf,MOBILE,0,2,0.00%,42.0
https://jus-tice.co.il/wp-content/uploads/2020/01/hana_v9.32.88s.pdf,MOBILE,0,1360,0.00%,58.8
https://jus-tice.co.il/wp-content/uploads/2020/01/hana_v9.32.88s.pdf,TABLET,0,1,0.00%,46.0
https://jus-tice.co.il/wp-content/uploads/2020/02/%D7%94%D7%AA%D7%9C%D7%99%D7%99%D7%AA-%D7%A9%D7%9C%D7%99%D7%9C%D7%AA-%D7%A8%D7%A9%D7%99%D7%95%D7%A0%D7%95%D7%AA-%D7%9E%D7%A9%D7%A8%D7%93-%D7%94%D7%91%D7%A8%D7%99%D7%90%D7%95%D7%AA.pdf,TABLET,0,2,0.00%,11.0
https://jus-tice.co.il/wp-content/uploads/2020/02/%D7%98%D7%95%D7%A4%D7%A1-%D7%94%D7%A6%D7%94%D7%A8%D7%94-%D7%91%D7%99%D7%93%D7%95%D7%93-%D7%A2%D7%95%D7%91%D7%93-%D7%A7%D7%95%D7%A8%D7%95%D7%A0%D7%94-2020.docx,DESKTOP,0,216,0.00%,27.6
https://jus-tice.co.il/wp-content/uploads/2020/02/%D7%98%D7%95%D7%A4%D7%A1-%D7%94%D7%A6%D7%94%D7%A8%D7%94-%D7%91%D7%99%D7%93%D7%95%D7%93-%D7%A2%D7%95%D7%91%D7%93-%D7%A7%D7%95%D7%A8%D7%95%D7%A0%D7%94-2020.docx,MOBILE,0,5,0.00%,45.4
https://jus-tice.co.il/wp-content/uploads/2020/03/%D7%91%D7%92%D7%A5-214520..pdf,DESKTOP,0,2,0.00%,91.0
https://jus-tice.co.il/wp-content/uploads/2020/03/%D7%91%D7%92%D7%A5-214520..pdf,MOBILE,0,1,0.00%,98.0
https://jus-tice.co.il/wp-content/uploads/2020/03/%D7%99%D7%9C%D7%A7%D7%95%D7%98-%D7%94%D7%A4%D7%A8%D7%A1%D7%95%D7%9E%D7%99%D7%9D-8755.pdf,DESKTOP,0,6,0.00%,66.7
https://jus-tice.co.il/wp-content/uploads/2020/03/%D7%99%D7%9C%D7%A7%D7%95%D7%98-%D7%94%D7%A4%D7%A8%D7%A1%D7%95%D7%9E%D7%99%D7%9D-8755.pdf,MOBILE,0,2,0.00%,21.0
https://jus-tice.co.il/wp-content/uploads/2020/03/4_6033055889705928071.pdf,DESKTOP,0,5,0.00%,64.2
https://jus-tice.co.il/wp-content/uploads/2020/03/57594-05-18.pdf,DESKTOP,0,13,0.00%,129.2
https://jus-tice.co.il/wp-content/uploads/2020/03/IMhealthy.pdf,DESKTOP,0,20,0.00%,20.6
https://jus-tice.co.il/wp-content/uploads/2020/04/%D7%9E%D7%99%D7%93%D7%A2-%D7%AA%D7%A8%D7%95%D7%A4%D7%AA%D7%99-%D7%A2%D7%9C-%D7%AA%D7%A8%D7%95%D7%A4%D7%95%D7%AA-%D7%94%D7%A0%D7%9E%D7%A6%D7%90%D7%95%D7%AA-%D7%91%D7%A9%D7%99%D7%9E%D7%95%D7%A9-%D7%9C%D7%98%D7%99%D7%A4%D7%95%D7%9C-%D7%91-%E2%80%93-COVID-19-%D7%91%D7%9E%D7%91%D7%95%D7%92%D7%A8%D7%99%D7%9D.pdf,DESKTOP,0,15,0.00%,44.1
https://jus-tice.co.il/wp-content/uploads/2020/04/%D7%A0%D7%95%D7%94%D7%9C-%D7%A8%D7%A9%D7%95%D7%AA-%D7%94%D7%97%D7%99%D7%A8%D7%95%D7%9D-%D7%94%D7%9C%D7%90%D7%95%D7%9E%D7%99%D7%AA-%D7%90%D7%96%D7%95%D7%A8-%D7%9E%D7%95%D7%92%D7%91%D7%9C-%D7%A0%D7%92%D7%99%D7%A3-%D7%94%D7%A7%D7%95%D7%A8%D7%95%D7%A0%D7%94-%D7%94%D7%97%D7%93%D7%A9.pdf,DESKTOP,0,1,0.00%,8.0
https://jus-tice.co.il/wp-content/uploads/2020/06/giusovdimravgoni.pdf,DESKTOP,0,11,0.00%,49.4
https://jus-tice.co.il/wp-content/uploads/2020/09/%D7%A6%D7%95%D7%95%D7%90%D7%94.docx,DESKTOP,0,61,0.00%,73.4
https://jus-tice.co.il/wp-content/uploads/2020/09/%D7%A6%D7%95%D7%95%D7%90%D7%94.docx,MOBILE,0,1,0.00%,81.0
https://jus-tice.co.il/wp-content/uploads/2020/10/%D7%AA%D7%A7%D7%A6%D7%99%D7%A8-7023-19.pdf,DESKTOP,0,262,0.00%,83.6
https://jus-tice.co.il/wp-content/uploads/2020/10/%D7%AA%D7%A7%D7%A6%D7%99%D7%A8-7023-19.pdf,MOBILE,0,110,0.00%,88.2
https://jus-tice.co.il/wp-content/uploads/2020/11/%D7%A8%D7%95%D7%96%D7%95%D7%91-%D7%A0-%D7%9E%D7%93%D7%99%D7%A0%D7%AA-%D7%99%D7%A9%D7%A8%D7%90%D7%9C.pdf,DESKTOP,0,30,0.00%,39.9
https://jus-tice.co.il/wp-content/uploads/2020/11/%D7%A8%D7%95%D7%96%D7%95%D7%91-%D7%A0-%D7%9E%D7%93%D7%99%D7%A0%D7%AA-%D7%99%D7%A9%D7%A8%D7%90%D7%9C.pdf,TABLET,0,1,0.00%,5.0
https://jus-tice.co.il/wp-content/uploads/2021/02/%D7%A9%D7%9B%D7%A8-%D7%98%D7%A8%D7%97%D7%AA-%D7%A1%D7%A0%D7%99%D7%92%D7%95%D7%A8-%D7%A4%D7%9C%D7%99%D7%9C%D7%99-2023.pdf,DESKTOP,0,3,0.00%,46.7
https://jus-tice.co.il/wp-content/uploads/2021/02/inheritance_he-1.doc,DESKTOP,0,1616,0.00%,61.0
https://jus-tice.co.il/wp-content/uploads/2021/02/inheritance_he-1.doc,MOBILE,0,111,0.00%,64.1
https://jus-tice.co.il/wp-content/uploads/2021/02/inheritence-order-form-300x186.jpg,MOBILE,0,1,0.00%,10.0
https://jus-tice.co.il/wp-content/uploads/2021/02/tashirhistalkut-1-300x220.jpg,MOBILE,0,2,0.00%,12.0
https://jus-tice.co.il/wp-content/uploads/2021/03/%D7%A0%D7%95%D7%A1%D7%97-%D7%94%D7%A1%D7%9B%D7%9D-%D7%92%D7%99%D7%A8%D7%95%D7%A9%D7%99%D7%9F-%D7%93%D7%95%D7%92%D7%9E%D7%90-2021.docx,TABLET,0,11,0.00%,37.4
https://jus-tice.co.il/wp-content/uploads/2021/05/services_marvad_application-form.pdf,MOBILE,0,16,0.00%,57.8
https://jus-tice.co.il/wp-content/uploads/2021/05/services_marvad_traffic-offenses-consent-form.pdf,DESKTOP,0,9,0.00%,45.3
https://jus-tice.co.il/wp-content/uploads/2021/06/%D7%97%D7%A7%D7%99%D7%A7%D7%94-25.08.19.pdf,DESKTOP,0,47,0.00%,38.3
https://jus-tice.co.il/wp-content/uploads/2021/06/%D7%97%D7%A7%D7%99%D7%A7%D7%94-25.08.19.pdf,MOBILE,0,17,0.00%,34.4
https://jus-tice.co.il/wp-content/uploads/2021/07/ChildCustody.pdf,DESKTOP,0,4529,0.00%,35.3
https://jus-tice.co.il/wp-content/uploads/2021/07/ChildCustody.pdf,MOBILE,0,575,0.00%,33.4
https://jus-tice.co.il/wp-content/uploads/2022/02/22963-11-19.pdf,DESKTOP,0,2,0.00%,55.5
https://jus-tice.co.il/wp-content/uploads/2022/02/PG-0039.pdf,DESKTOP,0,261,0.00%,32.1
https://jus-tice.co.il/wp-content/uploads/2022/02/PG-0039.pdf,MOBILE,0,108,0.00%,33.1
https://jus-tice.co.il/wp-content/uploads/2022/02/israel-police-300x270.jpg,MOBILE,0,2,0.00%,26.0
https://jus-tice.co.il/wp-content/uploads/2022/03/%D7%A7%D7%98%D7%92%D7%95%D7%A8%D7%99%D7%94_%D7%A4%D7%A1%D7%A7%D7%99_%D7%93%D7%99%D7%9F_%D7%A4%D7%9C%D7%99%D7%9C%D7%99%D7%99%D7%9D_%D7%91%D7%99%D7%A9%D7%A8%D7%90%D7%9C.pdf,DESKTOP,0,35,0.00%,40.3
https://jus-tice.co.il/wp-content/uploads/2022/03/%D7%A7%D7%98%D7%92%D7%95%D7%A8%D7%99%D7%94_%D7%A4%D7%A1%D7%A7%D7%99_%D7%93%D7%99%D7%9F_%D7%A4%D7%9C%D7%99%D7%9C%D7%99%D7%99%D7%9D_%D7%91%D7%99%D7%A9%D7%A8%D7%90%D7%9C.pdf,MOBILE,0,4,0.00%,10.0
https://jus-tice.co.il/wp-content/uploads/2022/06/%D7%9E%D7%98%D7%91%D7%A2%D7%95%D7%AA-%D7%93%D7%99%D7%92%D7%99%D7%98%D7%9C%D7%99%D7%99%D7%9D-9.pdf,DESKTOP,0,1754,0.00%,73.9
https://jus-tice.co.il/wp-content/uploads/2022/06/%D7%9E%D7%98%D7%91%D7%A2%D7%95%D7%AA-%D7%93%D7%99%D7%92%D7%99%D7%98%D7%9C%D7%99%D7%99%D7%9D-9.pdf,MOBILE,0,347,0.00%,66.4
https://jus-tice.co.il/wp-content/uploads/2022/06/41004.pdf,DESKTOP,0,665,0.00%,42.4
https://jus-tice.co.il/wp-content/uploads/2022/06/41004.pdf,MOBILE,0,93,0.00%,46.3
https://jus-tice.co.il/wp-content/uploads/2022/06/4_lsr_209049.pdf,DESKTOP,0,184,0.00%,24.9
https://jus-tice.co.il/wp-content/uploads/2022/06/4_lsr_209049.pdf,MOBILE,0,70,0.00%,25.2
https://jus-tice.co.il/wp-content/uploads/2022/06/54111-Law-Firms-in-the-US-Industry-Report.pdf,MOBILE,0,116,0.00%,39.0
https://jus-tice.co.il/wp-content/uploads/2022/06/54111-Law-Firms-in-the-US-Industry-Report.pdf,TABLET,0,2,0.00%,31.0
https://jus-tice.co.il/wp-content/uploads/2022/06/CRYPTOCURRENCY-CERT-IL-W-403.pdf,DESKTOP,0,48,0.00%,32.8
https://jus-tice.co.il/wp-content/uploads/2022/06/CRYPTOCURRENCY-CERT-IL-W-403.pdf,MOBILE,0,1,0.00%,22.0
https://jus-tice.co.il/wp-content/uploads/2022/06/misradhamishpatim-women.pdf,DESKTOP,0,748,0.00%,47.6
https://jus-tice.co.il/wp-content/uploads/2022/06/misradhamishpatim-women.pdf,MOBILE,0,119,0.00%,30.4
https://jus-tice.co.il/wp-content/uploads/2022/06/yesod10.pdf,DESKTOP,0,79,0.00%,50.8
https://jus-tice.co.il/wp-content/uploads/2022/06/yesod10.pdf,MOBILE,0,11,0.00%,52.3
https://jus-tice.co.il/wp-content/uploads/2022/10/%D7%AA%D7%96%D7%9B%D7%99%D7%A8-%D7%97%D7%95%D7%A7-%D7%9C%D7%AA%D7%99%D7%A7%D7%95%D7%9F-%D7%A4%D7%A7%D7%95%D7%93%D7%AA-%D7%A1%D7%93%D7%A8-%D7%94%D7%93%D7%99%D7%9F-%D7%94%D7%A4%D7%9C%D7%99%D7%9C%D7%99-%D7%9E%D7%A2%D7%A6%D7%A8-%D7%95%D7%97%D7%99%D7%A4%D7%95%D7%A9-%D7%AA%D7%99%D7%A7%D7%95%D7%9F-%D7%9E%D7%A1...-%D7%A2%D7%99%D7%9C%D7%95%D7%AA-%D7%97%D7%99%D7%A4%D7%95%D7%A9-%D7%91%D7%9E%D7%A7%D7%95%D7%9D-%D7%9C%D7%9C%D7%90-%D7%A6%D7%95-%D7%91%D7%99%D7%AA-%D7%9E%D7%A9%D7%A4%D7%98-%D7%94%D7%AA%D7%A9%D7%A4-%D7%91-2021.docx,DESKTOP,0,241,0.00%,23.9
https://jus-tice.co.il/wp-content/uploads/2022/10/%D7%AA%D7%96%D7%9B%D7%99%D7%A8-%D7%97%D7%95%D7%A7-%D7%9C%D7%AA%D7%99%D7%A7%D7%95%D7%9F-%D7%A4%D7%A7%D7%95%D7%93%D7%AA-%D7%A1%D7%93%D7%A8-%D7%94%D7%93%D7%99%D7%9F-%D7%94%D7%A4%D7%9C%D7%99%D7%9C%D7%99-%D7%9E%D7%A2%D7%A6%D7%A8-%D7%95%D7%97%D7%99%D7%A4%D7%95%D7%A9-%D7%AA%D7%99%D7%A7%D7%95%D7%9F-%D7%9E%D7%A1...-%D7%A2%D7%99%D7%9C%D7%95%D7%AA-%D7%97%D7%99%D7%A4%D7%95%D7%A9-%D7%91%D7%9E%D7%A7%D7%95%D7%9D-%D7%9C%D7%9C%D7%90-%D7%A6%D7%95-%D7%91%D7%99%D7%AA-%D7%9E%D7%A9%D7%A4%D7%98-%D7%94%D7%AA%D7%A9%D7%A4-%D7%91-2021.docx,MOBILE,0,61,0.00%,51.4
https://jus-tice.co.il/wp-content/uploads/2022/10/companyregistrationform2-2.doc,DESKTOP,0,12,0.00%,35.1
https://jus-tice.co.il/wp-content/uploads/2023/01/Zchuyot_01.pdf,DESKTOP,0,295,0.00%,66.9
https://jus-tice.co.il/wp-content/uploads/2023/01/Zchuyot_01.pdf,MOBILE,0,55,0.00%,77.0
https://jus-tice.co.il/wp-content/uploads/2023/02/%D7%91%D7%A7%D7%A9%D7%AA-%D7%9E%D7%A2%D7%A6%D7%A8-%D7%93%D7%A7%D7%99%D7%A8%D7%94-%D7%97%D7%95%D7%9C%D7%95%D7%9F-.pdf,DESKTOP,0,1,0.00%,39.0
https://jus-tice.co.il/wp-content/uploads/2023/02/%D7%91%D7%A7%D7%A9%D7%AA-%D7%9E%D7%A2%D7%A6%D7%A8-%D7%93%D7%A7%D7%99%D7%A8%D7%94-%D7%97%D7%95%D7%9C%D7%95%D7%9F-.pdf,MOBILE,0,1,0.00%,1.0
https://jus-tice.co.il/wp-content/uploads/2023/02/%D7%9B%D7%AA%D7%91-%D7%90%D7%99%D7%A9%D7%95%D7%9D-%D7%97%D7%95%D7%9C%D7%95%D7%9F-.pdf,DESKTOP,0,2,0.00%,31.0
https://jus-tice.co.il/wp-content/uploads/2023/02/%D7%9B%D7%AA%D7%91-%D7%90%D7%99%D7%A9%D7%95%D7%9D-%D7%97%D7%95%D7%9C%D7%95%D7%9F-.pdf,MOBILE,0,1,0.00%,2.0
https://jus-tice.co.il/wp-content/uploads/2023/03/%D7%A1%D7%A4%D7%A8-%D7%94%D7%97%D7%95%D7%A7%D7%99%D7%9D-2998.pdf,DESKTOP,0,311,0.00%,59.6
https://jus-tice.co.il/wp-content/uploads/2023/03/%D7%A1%D7%A4%D7%A8-%D7%94%D7%97%D7%95%D7%A7%D7%99%D7%9D-2998.pdf,MOBILE,0,21,0.00%,58.0
https://jus-tice.co.il/wp-content/uploads/2023/03/%D7%A4%D7%A8%D7%98%D7%99-%D7%A7%D7%A9%D7%A8-%D7%9E%D7%A2%D7%A8%D7%9B%D7%AA-%D7%94%D7%9E%D7%A9%D7%A4%D7%98-%D7%A7%D7%A4%D7%A8%D7%99%D7%A1%D7%99%D7%9F.pdf,DESKTOP,0,31,0.00%,73.7
https://jus-tice.co.il/wp-content/uploads/2023/03/%D7%A7%D7%A4%D7%A8%D7%99%D7%A1%D7%99%D7%9F-%D7%9E%D7%A9%D7%A8%D7%93%D7%99-%D7%A2%D7%95%D7%A8%D7%9B%D7%99-%D7%93%D7%99%D7%9F-%D7%A8%D7%A9%D7%99%D7%9E%D7%94.pdf,DESKTOP,0,20,0.00%,50.8
https://jus-tice.co.il/wp-content/uploads/2023/03/%D7%AA%D7%9E%D7%A6%D7%99%D7%AA-%D7%A9%D7%94%D7%95%D7%A7%D7%A8%D7%90%D7%94-%D7%91%D7%90%D7%95%D7%9C%D7%9D-%D7%94%D7%9B%D7%93-%D7%96%D7%93%D7%95%D7%A8%D7%95%D7%91502-07.doc,DESKTOP,0,2,0.00%,53.0
https://jus-tice.co.il/wp-content/uploads/2023/03/%D7%AA%D7%9E%D7%A6%D7%99%D7%AA-%D7%A9%D7%94%D7%95%D7%A7%D7%A8%D7%90%D7%94-%D7%91%D7%90%D7%95%D7%9C%D7%9D-%D7%94%D7%9B%D7%93-%D7%96%D7%93%D7%95%D7%A8%D7%95%D7%91502-07.doc,MOBILE,0,2,0.00%,49.5
https://jus-tice.co.il/wp-content/uploads/2023/03/15_lsr_300273.pdf,DESKTOP,0,453,0.00%,36.3
https://jus-tice.co.il/wp-content/uploads/2023/03/15_lsr_300273.pdf,MOBILE,0,36,0.00%,36.0
https://jus-tice.co.il/wp-content/uploads/2023/03/15_lsr_300371.pdf,DESKTOP,0,146,0.00%,18.1
https://jus-tice.co.il/wp-content/uploads/2023/03/15_lsr_300371.pdf,MOBILE,0,11,0.00%,14.5
https://jus-tice.co.il/wp-content/uploads/2023/03/15_lsr_300385.pdf,DESKTOP,0,67,0.00%,46.4
https://jus-tice.co.il/wp-content/uploads/2023/03/16_lsr_299627.pdf,DESKTOP,0,425,0.00%,47.7
https://jus-tice.co.il/wp-content/uploads/2023/03/16_lsr_299627.pdf,MOBILE,0,30,0.00%,44.0
https://jus-tice.co.il/wp-content/uploads/2023/03/16_lsr_299743.pdf,DESKTOP,0,1,0.00%,65.0
https://jus-tice.co.il/wp-content/uploads/2023/03/16_lsr_299774.pdf,DESKTOP,0,2,0.00%,48.0
https://jus-tice.co.il/wp-content/uploads/2023/03/16_lsr_299779.pdf,DESKTOP,0,79,0.00%,12.7
https://jus-tice.co.il/wp-content/uploads/2023/03/16_lsr_299779.pdf,MOBILE,0,15,0.00%,10.8
https://jus-tice.co.il/wp-content/uploads/2023/03/16_lsr_299846.pdf,DESKTOP,0,234,0.00%,68.7
https://jus-tice.co.il/wp-content/uploads/2023/03/16_lsr_299846.pdf,MOBILE,0,7,0.00%,25.7
https://jus-tice.co.il/wp-content/uploads/2023/03/16_lsr_299997.pdf,DESKTOP,0,47,0.00%,66.8
https://jus-tice.co.il/wp-content/uploads/2023/03/16_lsr_300991.pdf,DESKTOP,0,6,0.00%,61.7
https://jus-tice.co.il/wp-content/uploads/2023/03/17_lsr_300035.pdf,DESKTOP,0,2,0.00%,86.5
https://jus-tice.co.il/wp-content/uploads/2023/03/17_lsr_300060.pdf,DESKTOP,0,28,0.00%,27.9
https://jus-tice.co.il/wp-content/uploads/2023/03/17_lsr_300060.pdf,MOBILE,0,18,0.00%,27.6
https://jus-tice.co.il/wp-content/uploads/2023/03/17_lsr_300136.pdf,DESKTOP,0,158,0.00%,52.4
https://jus-tice.co.il/wp-content/uploads/2023/03/17_lsr_300136.pdf,MOBILE,0,4,0.00%,39.3
https://jus-tice.co.il/wp-content/uploads/2023/03/18_lsr_300790.pdf,DESKTOP,0,20,0.00%,33.3
https://jus-tice.co.il/wp-content/uploads/2023/03/18_lsr_300790.pdf,MOBILE,0,2,0.00%,34.5
https://jus-tice.co.il/wp-content/uploads/2023/03/18_lsr_300973.pdf,DESKTOP,0,1,0.00%,60.0
https://jus-tice.co.il/wp-content/uploads/2023/03/18_lsr_301127.pdf,DESKTOP,0,30,0.00%,56.2
https://jus-tice.co.il/wp-content/uploads/2023/03/18_lsr_301156.pdf,DESKTOP,0,1,0.00%,56.0
https://jus-tice.co.il/wp-content/uploads/2023/03/18_lsr_301220.pdf,DESKTOP,0,59,0.00%,21.5
https://jus-tice.co.il/wp-content/uploads/2023/03/18_lsr_301220.pdf,MOBILE,0,12,0.00%,29.1
https://jus-tice.co.il/wp-content/uploads/2023/03/19_lsr_301572.pdf,MOBILE,0,13,0.00%,51.5
https://jus-tice.co.il/wp-content/uploads/2023/03/9_lsr_311018.pdf,DESKTOP,0,113,0.00%,73.0
https://jus-tice.co.il/wp-content/uploads/2023/03/9_lsr_311018.pdf,MOBILE,0,26,0.00%,60.2
https://jus-tice.co.il/wp-content/uploads/2023/03/ATTORNEY-LIST-December-2017-1.pdf,DESKTOP,0,61,0.00%,39.7
https://jus-tice.co.il/wp-content/uploads/2023/03/Attorney-List-July-updated-Nov-2020-1.pdf,DESKTOP,0,33,0.00%,52.9
https://jus-tice.co.il/wp-content/uploads/2023/03/Attorney-List-July-updated-Nov-2020-1.pdf,MOBILE,0,37,0.00%,11.0
https://jus-tice.co.il/wp-content/uploads/2023/03/Attorney-List-July-updated-Nov-2020-1.pdf,TABLET,0,3,0.00%,57.0
https://jus-tice.co.il/wp-content/uploads/2023/03/Complaint-Form.docx,DESKTOP,0,2,0.00%,91.0
https://jus-tice.co.il/wp-content/uploads/2023/03/Find-a-professional-service-abroad-Results-for-Lawyers-in-Greece.pdf,DESKTOP,0,6,0.00%,29.7
https://jus-tice.co.il/wp-content/uploads/2023/03/Find-a-professional-service-abroad-Results-for-Lawyers-in-Greece.pdf,MOBILE,0,1,0.00%,96.0
https://jus-tice.co.il/wp-content/uploads/2023/03/greece-list-of-lawyers-november-2021.pdf,DESKTOP,0,344,0.00%,66.3
https://jus-tice.co.il/wp-content/uploads/2023/03/greece-list-of-lawyers-november-2021.pdf,MOBILE,0,128,0.00%,66.7
https://jus-tice.co.il/wp-content/uploads/2023/05/%D7%A2%D7%95%D7%A8%D7%9A-%D7%93%D7%99%D7%9F-%D7%94%D7%A9%D7%91%D7%AA-%D7%A8%D7%9B%D7%95%D7%A9-%D7%99%D7%94%D7%95%D7%93%D7%99-%D7%A8%D7%95%D7%9E%D7%A0%D7%99%D7%94.pdf,DESKTOP,0,576,0.00%,30.2
https://jus-tice.co.il/wp-content/uploads/2023/05/2_11454d6a-9832-e811-80de-00155d0a0235_11_6896.pdf,DESKTOP,0,40,0.00%,17.1
https://jus-tice.co.il/wp-content/uploads/2023/05/Italy_List_of_English-speaking_lawyers.pdf,DESKTOP,0,149,0.00%,70.8
https://jus-tice.co.il/wp-content/uploads/2023/05/Italy_List_of_English-speaking_lawyers.pdf,MOBILE,0,3,0.00%,59.0
https://jus-tice.co.il/wp-content/uploads/2023/05/List-of-UK-solicitors-in-Italy-GOV.pdf,DESKTOP,0,1,0.00%,11.0
https://jus-tice.co.il/wp-content/uploads/2023/05/b870a048-e7f5-46f4-9a1e-e87c1a86adc6-%D7%A0%D7%95%D7%98%D7%A8%D7%99%D7%95%D7%9F.pdf,DESKTOP,0,62,0.00%,66.3
https://jus-tice.co.il/wp-content/uploads/2023/05/b870a048-e7f5-46f4-9a1e-e87c1a86adc6-%D7%A0%D7%95%D7%98%D7%A8%D7%99%D7%95%D7%9F.pdf,MOBILE,0,3,0.00%,89.7
https://jus-tice.co.il/wp-content/uploads/2023/05/romanian-notary-israel.pdf,DESKTOP,0,5,0.00%,84.8
https://jus-tice.co.il/wp-content/uploads/2023/05/romanian-notary-israel.pdf,MOBILE,0,3,0.00%,89.0
https://jus-tice.co.il/wp-content/uploads/2023/08/antragsformular-pass-personalausweis-minderjaehrige-data.pdf,DESKTOP,0,1,0.00%,30.0
https://jus-tice.co.il/wp-content/uploads/2023/08/antragsformular-pass-personalausweis-minderjaehrige-data.pdf,MOBILE,0,1,0.00%,1.0
https://jus-tice.co.il/wp-content/uploads/2023/08/formular_abc_v._cnv_final_05.10.2022.pdf,DESKTOP,0,21,0.00%,59.6
https://jus-tice.co.il/wp-content/uploads/2023/08/formular_abc_v._cnv_final_05.10.2022.pdf,MOBILE,0,1,0.00%,8.0
https://jus-tice.co.il/wp-content/uploads/2023/11/%D7%AA%D7%A7%D7%A6%D7%99%D7%A8-22431-08-19.docx,DESKTOP,0,15,0.00%,22.6
https://jus-tice.co.il/wp-content/uploads/2023/12/42377-09-22.pdf,DESKTOP,0,4,0.00%,41.5
https://jus-tice.co.il/wp-content/uploads/2023/12/42377-09-22.pdf,MOBILE,0,1,0.00%,51.0
https://jus-tice.co.il/wp-content/uploads/2025/03/word-image-12123-1.png,MOBILE,0,2,0.00%,17.0
https://jus-tice.co.il/wp-content/uploads/2025/05/%D7%9C%D7%94%D7%91-433-2025-300x200.png,MOBILE,0,1,0.00%,11.0
https://jus-tice.co.il/yanshuf-breathalyzer-test/,DESKTOP,0,3567,0.00%,80.0
https://jus-tice.co.il/yanshuf-breathalyzer-test/,MOBILE,0,1974,0.00%,76.4
