page,device,clicks,impressions,ctr,position
https://jus-tice.co.il/,MOBILE,81,15664,0.005171092951991829,23.408835546475995
https://jus-tice.co.il/free-divorce-agreement-template/,DESKTOP,64,22326,0.0028666129176744604,29.351742363164025
https://jus-tice.co.il/%D7%9E%D7%93%D7%A8%D7%99%D7%9A-%D7%A2%D7%93%D7%9B%D7%A0%D7%99-%D7%9C%D7%92%D7%99%D7%A8%D7%95%D7%A9%D7%99%D7%9F/,MOBILE,57,1929,0.029548989113530325,32.7319854847071
https://jus-tice.co.il/free-divorce-agreement-template/,MOBILE,52,11030,0.00471441523118767,18.74252039891206
https://jus-tice.co.il/,DESKTOP,51,55284,0.0009225092250922509,39.32349323493235
https://jus-tice.co.il/%D7%AA%D7%97%D7%A0%D7%95%D7%AA-%D7%9E%D7%A9%D7%98%D7%A8%D7%94-%D7%9B%D7%AA%D7%95%D7%91%D7%AA-%D7%98%D7%9C%D7%A4%D7%95%D7%9F-%D7%A8%D7%A9%D7%99%D7%9E%D7%94-%D7%90%D7%A8%D7%A6%D7%99%D7%AA-%D7%9E%D7%A2%D7%95%D7%93%D7%9B%D7%9F/,MOBILE,49,13641,0.003592112015248149,16.421376731911153
https://jus-tice.co.il/free-affidavit-sample/,DESKTOP,47,4038,0.011639425458147598,23.321693907875186
https://jus-tice.co.il/53431-10-21/,MOBILE,37,6539,0.005658357547025539,12.068206147729011
https://jus-tice.co.il/lahav-433/,MOBILE,34,3186,0.010671688637790333,11.203389830508474
https://jus-tice.co.il/how-much-will-a-criminal-defense-lawyer-cost/,MOBILE,31,3380,0.009171597633136094,36.20502958579882
https://jus-tice.co.il/medical-fitness-tests-for-driving-marvad-info/,MOBILE,29,9019,0.003215434083601286,21.816831134272093
https://jus-tice.co.il/%D7%98%D7%95%D7%A4%D7%A1-%D7%9C%D7%A4%D7%99-%D7%97%D7%95%D7%A7-%D7%9C%D7%9E%D7%A0%D7%99%D7%A2%D7%AA-%D7%94%D7%A2%D7%A1%D7%A7%D7%94-%D7%A9%D7%9C-%D7%A2%D7%91%D7%A8%D7%99%D7%99%D7%A0%D7%99-%D7%9E%D7%99%D7%9F-%D7%91%D7%9E%D7%95%D7%A1%D7%93-%D7%94%D7%9E%D7%9B%D7%95%D7%95%D7%9F-%D7%9C%D7%9E%D7%AA%D7%9F-%D7%A9%D7%99%D7%A8%D7%95%D7%AA-%D7%9C%D7%A7%D7%98%D7%99%D7%A0%D7%99%D7%9D/,DESKTOP,27,5446,0.004957767168564084,16.00954829232464
https://jus-tice.co.il/apply-for-police-criminal-information-certificates/,DESKTOP,27,24829,0.0010874380764428692,24.561158322928833
https://jus-tice.co.il/%D7%A2%D7%95%D7%A8%D7%9A-%D7%93%D7%99%D7%9F-%D7%A4%D7%9C%D7%99%D7%9C%D7%99-%D7%A9%D7%9B%D7%A8-%D7%9B%D7%9E%D7%94-%D7%9E%D7%A8%D7%95%D7%95%D7%99%D7%97-%D7%A2%D7%95%D7%93-%D7%A4%D7%9C%D7%99%D7%9C%D7%99-%D7%91%D7%99%D7%A9%D7%A8%D7%90%D7%9C/,MOBILE,25,784,0.03188775510204082,10.863520408163266
https://jus-tice.co.il/online-rent-agreement/,MOBILE,25,477,0.05241090146750524,12.381551362683439
https://jus-tice.co.il/wp-content/uploads/2022/06/06102016_1.pdf,MOBILE,22,401,0.05486284289276808,10.351620947630924
https://jus-tice.co.il/apply-for-police-criminal-information-certificates/,MOBILE,20,6065,0.0032976092333058533,21.21154163231657
https://jus-tice.co.il/baker-mckenzie/,MOBILE,20,342,0.05847953216374269,9.739766081871345
https://jus-tice.co.il/free-affidavit-sample/,MOBILE,20,1625,0.012307692307692308,15.361846153846153
https://jus-tice.co.il/%D7%A2%D7%95%D7%A8%D7%9B%D7%99-%D7%93%D7%99%D7%9F/%D7%A2%D7%95%D7%A8%D7%9B%D7%99-%D7%94%D7%93%D7%99%D7%9F-%D7%94%D7%9E%D7%A4%D7%95%D7%A8%D7%A1%D7%9E%D7%99%D7%9D-%D7%91%D7%99%D7%95%D7%AA%D7%A8-%D7%9C%D7%94%D7%92%D7%A0%D7%94-%D7%A4%D7%9C%D7%99%D7%9C/,MOBILE,19,6073,0.0031286020088918164,23.559525769800757
https://jus-tice.co.il/court-judge/,MOBILE,19,2310,0.008225108225108226,24.616017316017317
https://jus-tice.co.il/psakdin/%D7%94%D7%9C%D7%9B%D7%AA-%D7%90%D7%9C%D7%A7%D7%A6%D7%90%D7%A6%D7%99-%D7%9E%D7%A9%D7%9A-%D7%94%D7%94%D7%9E%D7%AA%D7%A0%D7%94-%D7%9E%D7%91%D7%99%D7%98%D7%95%D7%9C-%D7%94%D7%9C%D7%99%D7%9A-%D7%A4%D7%A9/,DESKTOP,19,1699,0.011183048852266038,62.06768687463214
https://jus-tice.co.il/online-rent-agreement/,DESKTOP,18,639,0.028169014084507043,41.97496087636933
https://jus-tice.co.il/%D7%A1%D7%95%D7%92%D7%99%D7%9D-%D7%A9%D7%95%D7%A0%D7%99%D7%9D-%D7%A9%D7%9C-%D7%A8%D7%95%D7%A4%D7%90%D7%99%D7%9D/,MOBILE,17,530,0.03207547169811321,29.38490566037736
https://jus-tice.co.il/30767-05-21/,MOBILE,17,339,0.05014749262536873,5.684365781710914
https://jus-tice.co.il/decision5987-10-16/,MOBILE,17,399,0.042606516290726815,5.197994987468672
https://jus-tice.co.il/%D7%9E%D7%97%D7%99%D7%A8%D7%95%D7%9F-%D7%9E%D7%95%D7%9E%D7%9C%D7%A5-%D7%A2%D7%95%D7%A8%D7%9A-%D7%93%D7%99%D7%9F-%D7%A4%D7%9C%D7%99%D7%9C%D7%99/,MOBILE,16,3250,0.004923076923076923,38.43630769230769
https://jus-tice.co.il/force-majeure/,DESKTOP,16,616,0.025974025974025976,31.0487012987013
https://jus-tice.co.il/thailand-real-estate/,MOBILE,16,1254,0.012759170653907496,10.409888357256778
https://jus-tice.co.il/wp-content/uploads/2022/06/06102016_1.pdf,DESKTOP,16,571,0.028021015761821366,28.746059544658493
https://jus-tice.co.il/%D7%A7%D7%98%D7%92%D7%95%D7%A8%D7%99%D7%95%D7%AA-%D7%9E%D7%90%D7%9E%D7%A8%D7%99%D7%9D/%D7%9E%D7%A9%D7%A4%D7%98-%D7%A4%D7%9C%D7%99%D7%9C%D7%99/%D7%A4%D7%9C%D7%99%D7%9C%D7%99-%D7%A4%D7%A1%D7%A7%D7%99-%D7%93%D7%99%D7%9F-%D7%97%D7%A9%D7%95%D7%91%D7%99%D7%9D/,MOBILE,15,450,0.03333333333333333,29.622222222222224
https://jus-tice.co.il/%D7%AA%D7%91%D7%99%D7%A2%D7%AA-%D7%A9%D7%9B%D7%A8-%D7%98%D7%A8%D7%97%D7%94-%D7%A2%D7%95%D7%A8%D7%9B%D7%AA-%D7%93%D7%99%D7%9F-%D7%9B%D7%A0%D7%92%D7%93-%D7%9C%D7%A7%D7%95%D7%97%D7%94/,MOBILE,15,1152,0.013020833333333334,4.6875
https://jus-tice.co.il/force-majeure/,MOBILE,15,485,0.030927835051546393,14.210309278350515
https://jus-tice.co.il/notary-public-new-york/,MOBILE,15,142,0.1056338028169014,11.80281690140845
https://jus-tice.co.il/types-of-lawyers-small-business/,MOBILE,15,4178,0.0035902345619913834,29.602680708472953
https://jus-tice.co.il/%D7%AA%D7%97%D7%A0%D7%95%D7%AA-%D7%9E%D7%A9%D7%98%D7%A8%D7%94-%D7%9B%D7%AA%D7%95%D7%91%D7%AA-%D7%98%D7%9C%D7%A4%D7%95%D7%9F-%D7%A8%D7%A9%D7%99%D7%9E%D7%94-%D7%90%D7%A8%D7%A6%D7%99%D7%AA-%D7%9E%D7%A2%D7%95%D7%93%D7%9B%D7%9F/,DESKTOP,14,35273,0.00039690414764834294,27.536444305842995
https://jus-tice.co.il/psakdin/%D7%94%D7%9C%D7%9B%D7%AA-%D7%90%D7%9C%D7%A7%D7%A6%D7%90%D7%A6%D7%99-%D7%9E%D7%A9%D7%9A-%D7%94%D7%94%D7%9E%D7%AA%D7%A0%D7%94-%D7%9E%D7%91%D7%99%D7%98%D7%95%D7%9C-%D7%94%D7%9C%D7%99%D7%9A-%D7%A4%D7%A9/,MOBILE,14,440,0.031818181818181815,38.63636363636363
https://jus-tice.co.il/%D7%93%D7%A8%D7%9B%D7%95%D7%9F-%D7%99%D7%95%D7%95%D7%A0%D7%99-%D7%94%D7%92%D7%99%D7%A8%D7%94-%D7%A8%D7%99%D7%9C%D7%95%D7%A7%D7%99%D7%99%D7%A9%D7%9F-%D7%9E%D7%92%D7%95%D7%A8%D7%99%D7%9D-%D7%9E%D7%94-%D7%94%D7%93%D7%A8%D7%99%D7%A9%D7%95%D7%AA-%D7%95%D7%94%D7%A2%D7%9C%D7%95%D7%99%D7%95%D7%AA/,MOBILE,13,1671,0.007779772591262717,35.78575703171754
https://jus-tice.co.il/%D7%A6%D7%95-%D7%9E%D7%A0%D7%99%D7%A2%D7%94-%D7%96%D7%9E%D7%A0%D7%99-%D7%9C%D7%9E%D7%A0%D7%99%D7%A2%D7%AA-%D7%93%D7%99%D7%A1%D7%A4%D7%95%D7%96%D7%99%D7%A6%D7%99%D7%94-%D7%91%D7%9E%D7%A0%D7%99%D7%95%D7%AA/,MOBILE,13,136,0.09558823529411764,10.095588235294118
https://jus-tice.co.il/lahav-433/,DESKTOP,13,4113,0.003160709944079747,30.64600048626307
https://jus-tice.co.il/legal-writing/,DESKTOP,13,1144,0.011363636363636364,40.89073426573427
https://jus-tice.co.il/%D7%A8%D7%A9%D7%99%D7%9E%D7%AA-%D7%9E%D7%95%D7%9E%D7%97%D7%99%D7%9D-%D7%A8%D7%A4%D7%95%D7%90%D7%99%D7%99%D7%9D-%D7%9C%D7%91%D7%99%D7%AA-%D7%9E%D7%A9%D7%A4%D7%98-%D7%9E%D7%AA%D7%A2%D7%93%D7%9B%D7%9F/,DESKTOP,12,4365,0.0027491408934707906,59.15051546391753
https://jus-tice.co.il/bank-account-in-portugal/,MOBILE,12,225,0.05333333333333334,37.102222222222224
https://jus-tice.co.il/famous-criminal-defense-lawyer/,MOBILE,12,1493,0.008037508372404554,20.649698593436035
https://jus-tice.co.il/%D7%92%D7%99%D7%9C%D7%95%D7%99-%D7%A0%D7%90%D7%95%D7%AA-%D7%97%D7%A1%D7%A8-%D7%A9%D7%A0%D7%A2%D7%A9%D7%94-%D7%91%D7%A2%D7%A1%D7%A7%D7%AA-%D7%9E%D7%9B%D7%A8-%D7%91%D7%A8%D7%A9%D7%AA-%D7%94%D7%90%D7%99%D7%A0%D7%98%D7%A8%D7%A0%D7%98/,DESKTOP,11,172,0.06395348837209303,6.075581395348837
https://jus-tice.co.il/%D7%97%D7%95%D7%A7-%D7%94%D7%97%D7%95%D7%96%D7%99%D7%9D-%D7%AA%D7%A8%D7%95%D7%A4%D7%95%D7%AA-%D7%91%D7%A9%D7%9C-%D7%94%D7%A4%D7%A8%D7%AA-%D7%97%D7%95%D7%96%D7%94-%D7%AA%D7%A9%D7%9C%D7%90-1970/,DESKTOP,11,9537,0.0011534025374855825,13.120163573450771
https://jus-tice.co.il/%D7%98%D7%95%D7%A4%D7%A1-%D7%9C%D7%A4%D7%99-%D7%97%D7%95%D7%A7-%D7%9C%D7%9E%D7%A0%D7%99%D7%A2%D7%AA-%D7%94%D7%A2%D7%A1%D7%A7%D7%94-%D7%A9%D7%9C-%D7%A2%D7%91%D7%A8%D7%99%D7%99%D7%A0%D7%99-%D7%9E%D7%99%D7%9F-%D7%91%D7%9E%D7%95%D7%A1%D7%93-%D7%94%D7%9E%D7%9B%D7%95%D7%95%D7%9F-%D7%9C%D7%9E%D7%AA%D7%9F-%D7%A9%D7%99%D7%A8%D7%95%D7%AA-%D7%9C%D7%A7%D7%98%D7%99%D7%A0%D7%99%D7%9D/,MOBILE,11,1499,0.00733822548365577,10.304869913275517
https://jus-tice.co.il/%D7%A9%D7%95%D7%A4%D7%98%D7%AA-%D7%98%D7%9C%D7%99-%D7%97%D7%99%D7%99%D7%9E%D7%95%D7%91%D7%99%D7%A5-%D7%A4%D7%A1%D7%93-%D7%A7%D7%91%D7%9C%D7%AA-%D7%93%D7%91%D7%A8-%D7%91%D7%9E%D7%A8%D7%9E%D7%94-%D7%91%D7%A0%D7%A1%D7%99%D7%91%D7%95%D7%AA-%D7%9E%D7%97%D7%9E%D7%99%D7%A8%D7%95%D7%AA-%D7%94%D7%9C%D7%91%D7%A0%D7%AA-%D7%94%D7%95%D7%9F-%D7%A2%D7%91%D7%99%D7%A8%D7%95%D7%AA-%D7%9E%D7%A0%D7%94%D7%9C%D7%99%D7%9D-%D7%91%D7%AA%D7%90%D7%92%D7%99%D7%93/,MOBILE,11,156,0.07051282051282051,16.53846153846154
https://jus-tice.co.il/%D7%AA%D7%91%D7%99%D7%A2%D7%94-%D7%90%D7%96%D7%A8%D7%97%D7%99%D7%AA-%D7%A0%D7%92%D7%A8%D7%A8%D7%AA-%D7%9C%D7%94%D7%A8%D7%A9%D7%A2%D7%94-%D7%91%D7%A4%D7%9C%D7%99%D7%9C%D7%99%D7%9D-%D7%AA%D7%90-38003-03-19/,DESKTOP,11,1118,0.009838998211091235,21.316636851520574
https://jus-tice.co.il/notary-public-new-york/,DESKTOP,11,806,0.013647642679900745,54.93920595533499
https://jus-tice.co.il/psakdin/%D7%A2%D7%A8%D7%A2%D7%95%D7%A8-%D7%A2%D7%9C-%D7%94%D7%97%D7%9C%D7%98%D7%AA-%D7%A7%D7%A6%D7%99%D7%9F-%D7%91%D7%A0%D7%95%D7%A9%D7%90-%D7%9E%D7%A2%D7%A6%D7%A8-%D7%A1%D7%A2%D7%99%D7%A3-44-%D7%90-%D7%A9/,MOBILE,11,205,0.05365853658536585,52.52682926829268
https://jus-tice.co.il/%D7%94%D7%94%D7%9C%D7%99%D7%9A-%D7%94%D7%A4%D7%9C%D7%99%D7%9C%D7%99-%D7%A4%D7%A8%D7%A7%D7%9C%D7%99%D7%98%D7%95%D7%AA-%D7%94%D7%9E%D7%93%D7%99%D7%A0%D7%94-%D7%9E%D7%95%D7%9C-%D7%97%D7%98%D7%99%D7%91%D7%AA-%D7%AA%D7%91%D7%99%D7%A2%D7%95%D7%AA-%D7%94%D7%9E%D7%A9%D7%98%D7%A8%D7%94/,MOBILE,10,1101,0.009082652134423252,8.012715712988193
https://jus-tice.co.il/%D7%94%D7%A6%D7%94%D7%A8%D7%AA-%D7%90%D7%91%D7%94%D7%95%D7%AA-%D7%91%D7%91%D7%99%D7%AA-%D7%94%D7%93%D7%99%D7%9F-%D7%94%D7%A8%D7%91%D7%A0%D7%99/,MOBILE,10,175,0.05714285714285714,9.834285714285715
https://jus-tice.co.il/%D7%AA%D7%95%D7%91%D7%A2%D7%A0%D7%95%D7%AA-%D7%A2%D7%96%D7%91%D7%95%D7%9F-%D7%A9%D7%9E%D7%A0%D7%94%D7%9C%D7%99%D7%9D-%D7%A9%D7%A0%D7%99-%D7%90%D7%97%D7%99%D7%9D-%D7%91%D7%A9%D7%9C-%D7%A9%D7%AA%D7%99-%D7%A6%D7%95%D7%95%D7%90%D7%95%D7%AA-%D7%A9%D7%94%D7%95%D7%AA%D7%99%D7%A8%D7%94-%D7%90%D7%9E%D7%9D-%D7%AA%D7%A2-62835-08-19/,MOBILE,10,343,0.029154518950437316,10.154518950437318
https://jus-tice.co.il/30767-05-21/,DESKTOP,10,355,0.028169014084507043,26.47887323943662
https://jus-tice.co.il/articles/%D7%93%D7%99%D7%95%D7%95%D7%99%D7%93-%D7%A6%D7%A1%D7%A0%D7%95%D7%A3-%D7%A2%D7%95%D7%A8%D7%9A-%D7%93%D7%99%D7%9F-david-chesnoff/,DESKTOP,10,54,0.18518518518518517,15.148148148148149
https://jus-tice.co.il/form-6-request-urgent-relief-dispute-settlement/,DESKTOP,10,1891,0.005288207297726071,33.9846641988366
https://jus-tice.co.il/sample-terms-and-conditions-template/,DESKTOP,10,4468,0.0022381378692927483,26.560205908683976
https://jus-tice.co.il/%D7%92%D7%99%D7%9C%D7%95%D7%99-%D7%A0%D7%90%D7%95%D7%AA-%D7%97%D7%A1%D7%A8-%D7%A9%D7%A0%D7%A2%D7%A9%D7%94-%D7%91%D7%A2%D7%A1%D7%A7%D7%AA-%D7%9E%D7%9B%D7%A8-%D7%91%D7%A8%D7%A9%D7%AA-%D7%94%D7%90%D7%99%D7%A0%D7%98%D7%A8%D7%A0%D7%98/,MOBILE,9,147,0.061224489795918366,5.36734693877551
https://jus-tice.co.il/%D7%9E%D7%97%D7%A9%D7%91%D7%95%D7%9F-%D7%93%D7%9E%D7%99-%D7%91%D7%99%D7%98%D7%95%D7%97-%D7%9C%D7%90%D7%95%D7%9E%D7%99-%D7%95%D7%91%D7%A8%D7%99%D7%90%D7%95%D7%AA/,MOBILE,9,2593,0.003470883146934053,31.16197454685692
https://jus-tice.co.il/%D7%9E%D7%97%D7%A9%D7%91%D7%95%D7%9F-%D7%9E%D7%96%D7%95%D7%A0%D7%95%D7%AA-%D7%99%D7%9C%D7%93%D7%99%D7%9D/,DESKTOP,9,15128,0.000594923320994183,50.629759386567954
https://jus-tice.co.il/baker-mckenzie/,DESKTOP,9,1072,0.008395522388059701,33.45522388059702
https://jus-tice.co.il/decision75385-12-20/,MOBILE,9,464,0.01939655172413793,8.838362068965516
https://jus-tice.co.il/low-value-invest-abroad/,MOBILE,9,6357,0.001415762151958471,58.18200408997955
https://jus-tice.co.il/shoplifting/,MOBILE,9,616,0.01461038961038961,50.01136363636363
https://jus-tice.co.il/%D7%94%D7%A0%D7%97%D7%99%D7%99%D7%AA-%D7%A4%D7%A8%D7%A7%D7%9C%D7%99%D7%98-%D7%94%D7%9E%D7%93%D7%99%D7%A0%D7%94-%D7%9E%D7%A1%D7%A4%D7%A8-25-%D7%9E%D7%93%D7%99%D7%A0%D7%99%D7%95%D7%AA-%D7%A4%D7%AA%D7%99%D7%97%D7%94-%D7%91%D7%97%D7%A7%D7%99%D7%A8%D7%94-%D7%95%D7%94%D7%A2%D7%9E%D7%93%D7%94-%D7%9C%D7%93%D7%99%D7%9F-%D7%91%D7%92%D7%99%D7%9F-%D7%97%D7%A9%D7%93-%D7%9C%D7%9E%D7%A1%D7%99%D7%A8%D7%AA-%D7%90%D7%9E%D7%A8%D7%94-%D7%90%D7%95-%D7%A2%D7%93%D7%95%D7%AA-%D7%9B%D7%95%D7%96%D7%91%D7%AA/,MOBILE,8,434,0.018433179723502304,26.46082949308756
https://jus-tice.co.il/%D7%94%D7%AA%D7%99%D7%99%D7%A9%D7%A0%D7%95%D7%AA-%D7%A8%D7%A9%D7%9C%D7%A0%D7%95%D7%AA-%D7%A8%D7%A4%D7%95%D7%90%D7%99%D7%AA-%D7%AA%D7%90-4392-03-23/,MOBILE,8,187,0.0427807486631016,12.197860962566844
https://jus-tice.co.il/%D7%99%D7%99%D7%A2%D7%95%D7%A5-%D7%9E%D7%A9%D7%A4%D7%98%D7%99-%D7%90%D7%90%D7%95%D7%98%D7%A1%D7%95%D7%A8%D7%A1%D7%99%D7%A0%D7%92-%D7%91%D7%99%D7%A0%D7%9C%D7%90%D7%95%D7%9E%D7%99-jus-tice-%D7%9E%D7%A9%D7%A8%D7%95%D7%AA-%D7%A2%D7%95%D7%A8%D7%9B%D7%99-%D7%93%D7%99%D7%9F/,MOBILE,8,310,0.025806451612903226,60.28709677419355
https://jus-tice.co.il/%D7%9E%D7%97%D7%A9%D7%91%D7%95%D7%9F-%D7%93%D7%9E%D7%99-%D7%91%D7%99%D7%98%D7%95%D7%97-%D7%9C%D7%90%D7%95%D7%9E%D7%99-%D7%95%D7%91%D7%A8%D7%99%D7%90%D7%95%D7%AA/,DESKTOP,8,7191,0.001112501738283966,37.98206090947017
https://jus-tice.co.il/%D7%9E%D7%A9%D7%A4%D7%98-%D7%94%D7%97%D7%95%D7%96%D7%A8-%D7%A9%D7%9C-%D7%A8%D7%95%D7%9E%D7%9F-%D7%96%D7%93%D7%95%D7%A8%D7%95%D7%91-%D7%AA%D7%A4%D7%97-502-07/,DESKTOP,8,442,0.01809954751131222,20.194570135746606
https://jus-tice.co.il/%D7%A7%D7%98%D7%92%D7%95%D7%A8%D7%99%D7%95%D7%AA-%D7%9E%D7%90%D7%9E%D7%A8%D7%99%D7%9D/%D7%9E%D7%A9%D7%A4%D7%98-%D7%A4%D7%9C%D7%99%D7%9C%D7%99/%D7%A4%D7%9C%D7%99%D7%9C%D7%99-%D7%A4%D7%A1%D7%A7%D7%99-%D7%93%D7%99%D7%9F-%D7%97%D7%A9%D7%95%D7%91%D7%99%D7%9D/,DESKTOP,8,2278,0.003511852502194908,42.25812115891132
https://jus-tice.co.il/%D7%A8%D7%AA%D7%A7-38215-11-21-%D7%A9%D7%95%D7%A1%D7%98%D7%A8%D7%9E%D7%9F-%D7%A0-%D7%90%D7%9C%D7%91%D7%A8-%D7%A6%D7%99%D7%99-%D7%A8%D7%9B%D7%91/,MOBILE,8,531,0.015065913370998116,25.278719397363464
https://jus-tice.co.il/55188-07-20/,MOBILE,8,647,0.012364760432766615,7.344667697063369
https://jus-tice.co.il/articles/%D7%93%D7%99%D7%95%D7%95%D7%99%D7%93-%D7%A6%D7%A1%D7%A0%D7%95%D7%A3-%D7%A2%D7%95%D7%A8%D7%9A-%D7%93%D7%99%D7%9F-david-chesnoff/,MOBILE,8,31,0.25806451612903225,7.354838709677419
https://jus-tice.co.il/decision48940-07-20/,MOBILE,8,349,0.022922636103151862,6.392550143266476
https://jus-tice.co.il/lawyer-fee-outlook/,MOBILE,8,1932,0.004140786749482402,45.91873706004141
https://jus-tice.co.il/medical-fitness-tests-for-driving-marvad-info/,DESKTOP,8,17906,0.0004467776164414163,29.512174690048028
https://jus-tice.co.il/what-is-a-law-firm/,MOBILE,8,1213,0.006595218466611707,47.79225061830173
https://jus-tice.co.il/%D7%9B%D7%99%D7%A6%D7%93-%D7%9C%D7%9E%D7%A6%D7%95%D7%90-%D7%A2%D7%96%D7%A8%D7%94-%D7%9E%D7%A9%D7%A4%D7%98%D7%99%D7%AA-%D7%9B%D7%90%D7%A9%D7%A8-%D7%90%D7%99%D7%A0%D7%9A-%D7%99%D7%9B%D7%95%D7%9C-%D7%9C%D7%94%D7%A8%D7%A9%D7%95%D7%AA-%D7%9C%D7%A2%D7%A6%D7%9E%D7%9A-%D7%A2%D7%95%D7%A8%D7%9A-%D7%93%D7%99%D7%9F/,MOBILE,7,387,0.01808785529715762,13.692506459948321
https://jus-tice.co.il/%D7%9E%D7%A9%D7%A4%D7%98-%D7%94%D7%97%D7%95%D7%96%D7%A8-%D7%A9%D7%9C-%D7%A8%D7%95%D7%9E%D7%9F-%D7%96%D7%93%D7%95%D7%A8%D7%95%D7%91-%D7%AA%D7%A4%D7%97-502-07/,MOBILE,7,198,0.03535353535353535,10.56060606060606
https://jus-tice.co.il/%D7%A2%D7%95%D7%A8%D7%9A-%D7%93%D7%99%D7%9F-%D7%9E%D7%95%D7%9E%D7%9C%D7%A5-%D7%9E%D7%94%D7%99-%D7%A8%D7%A9%D7%9C%D7%A0%D7%95%D7%AA-%D7%A2%D7%95%D7%95%D7%9C%D7%AA-%D7%94%D7%A8%D7%A9%D7%9C%D7%A0%D7%95%D7%AA/,DESKTOP,7,3047,0.002297341647522153,25.465703971119133
https://jus-tice.co.il/%D7%A2%D7%95%D7%A8%D7%9B%D7%99-%D7%93%D7%99%D7%9F/%D7%A2%D7%95%D7%A8%D7%9B%D7%99-%D7%94%D7%93%D7%99%D7%9F-%D7%94%D7%9E%D7%A4%D7%95%D7%A8%D7%A1%D7%9E%D7%99%D7%9D-%D7%91%D7%99%D7%95%D7%AA%D7%A8-%D7%9C%D7%94%D7%92%D7%A0%D7%94-%D7%A4%D7%9C%D7%99%D7%9C/,DESKTOP,7,41066,0.00017045731261871135,33.58437636974626
https://jus-tice.co.il/%D7%A2%D7%95%D7%A8%D7%9B%D7%99-%D7%93%D7%99%D7%9F/%D7%A2%D7%95%D7%A8%D7%9B%D7%AA-%D7%93%D7%99%D7%9F-%D7%9E%D7%90%D7%99%D7%94-%D7%A8%D7%95%D7%98%D7%A0%D7%91%D7%A8%D7%92/,MOBILE,7,14730,0.00047522063815342837,43.96259334691106
https://jus-tice.co.il/%D7%AA%D7%91%D7%99%D7%A2%D7%AA-%D7%A9%D7%9B%D7%A8-%D7%98%D7%A8%D7%97%D7%94-%D7%A2%D7%95%D7%A8%D7%9B%D7%AA-%D7%93%D7%99%D7%9F-%D7%9B%D7%A0%D7%92%D7%93-%D7%9C%D7%A7%D7%95%D7%97%D7%94/,DESKTOP,7,663,0.010558069381598794,16.076923076923077
https://jus-tice.co.il/%D7%AA%D7%A47140-09-21%D7%9E%D7%93%D7%99%D7%A0%D7%AA-%D7%99%D7%A9%D7%A8%D7%90%D7%9C-%D7%A0-%D7%9B%D7%A8%D7%9E%D7%99/,MOBILE,7,377,0.01856763925729443,13.793103448275861
https://jus-tice.co.il/bank-account-in-portugal/,DESKTOP,7,1807,0.00387382401770891,49.72717210846707
https://jus-tice.co.il/ethiopia-lawyer/,MOBILE,7,98,0.07142857142857142,9.459183673469388
https://jus-tice.co.il/malta-citizenship-by-investment/,MOBILE,7,231,0.030303030303030304,28.11255411255411
https://jus-tice.co.il/murder-in-united-states-law/,MOBILE,7,1320,0.005303030303030303,25.24621212121212
https://jus-tice.co.il/notice-of-termination/,DESKTOP,7,14403,0.0004860098590571409,47.01548288550996
https://jus-tice.co.il/prenuptial-agreement-sample/,DESKTOP,7,4955,0.0014127144298688194,39.654086781029264
https://jus-tice.co.il/wp-content/uploads/2021/03/%D7%A0%D7%95%D7%A1%D7%97-%D7%94%D7%A1%D7%9B%D7%9D-%D7%92%D7%99%D7%A8%D7%95%D7%A9%D7%99%D7%9F-%D7%93%D7%95%D7%92%D7%9E%D7%90-2021.docx,MOBILE,7,1173,0.005967604433077579,40.50554134697357
https://jus-tice.co.il/%D7%91%D7%99%D7%98%D7%95%D7%9C-%D7%94%D7%A1%D7%9B%D7%9D-%D7%9E%D7%9E%D7%95%D7%9F-%D7%A9%D7%90%D7%95%D7%A9%D7%A8-%D7%95%D7%A7%D7%99%D7%91%D7%9C-%D7%AA%D7%95%D7%A7%D7%A3-%D7%A9%D7%9C-%D7%A4%D7%A1%D7%A7-%D7%93%D7%99%D7%9F-%D7%AA%D7%94%D7%A1-27071-11-19/,MOBILE,6,126,0.047619047619047616,22.253968253968253
https://jus-tice.co.il/%D7%94%D7%94%D7%9C%D7%99%D7%9A-%D7%94%D7%A4%D7%9C%D7%99%D7%9C%D7%99-%D7%A4%D7%A8%D7%A7%D7%9C%D7%99%D7%98%D7%95%D7%AA-%D7%94%D7%9E%D7%93%D7%99%D7%A0%D7%94-%D7%9E%D7%95%D7%9C-%D7%97%D7%98%D7%99%D7%91%D7%AA-%D7%AA%D7%91%D7%99%D7%A2%D7%95%D7%AA-%D7%94%D7%9E%D7%A9%D7%98%D7%A8%D7%94/,DESKTOP,6,2153,0.002786809103576405,26.723176962378076
https://jus-tice.co.il/%D7%94%D7%98%D7%A8%D7%99%D7%A7%D7%99%D7%9D-%D7%94%D7%9E%D7%9C%D7%95%D7%9B%D7%9C%D7%9B%D7%99%D7%9D-%D7%91%D7%99%D7%95%D7%AA%D7%A8-%D7%9C%D7%92%D7%99%D7%A8%D7%95%D7%A9%D7%99%D7%9F/,MOBILE,6,171,0.03508771929824561,44.60818713450293
https://jus-tice.co.il/%D7%94%D7%A0%D7%97%D7%99%D7%95%D7%AA-%D7%9C%D7%9E%D7%91%D7%A7%D7%A9%D7%99%D7%9D-%D7%9C%D7%94%D7%AA%D7%9E%D7%A0%D7%95%D7%AA-%D7%9C%D7%9E%D7%A9%D7%A8%D7%94-%D7%A9%D7%99%D7%A4%D7%95%D7%98%D7%99%D7%AA/,MOBILE,6,381,0.015748031496062992,19.443569553805773
https://jus-tice.co.il/%D7%94%D7%A6%D7%94%D7%A8%D7%AA-%D7%90%D7%91%D7%94%D7%95%D7%AA-%D7%91%D7%91%D7%99%D7%AA-%D7%94%D7%93%D7%99%D7%9F-%D7%94%D7%A8%D7%91%D7%A0%D7%99/,DESKTOP,6,1267,0.004735595895816891,40.469613259668506
https://jus-tice.co.il/%D7%A2%D7%95%D7%A8%D7%9A-%D7%93%D7%99%D7%9F-%D7%A6%D7%91%D7%90%D7%99/,MOBILE,6,2944,0.0020380434782608695,35.67595108695652
https://jus-tice.co.il/%D7%A2%D7%95%D7%A8%D7%9A-%D7%93%D7%99%D7%9F-%D7%AA%D7%90%D7%99%D7%9C%D7%A0%D7%93/,MOBILE,6,56,0.10714285714285714,15.035714285714286
https://jus-tice.co.il/%D7%A8%D7%AA%D7%A7-38215-11-21-%D7%A9%D7%95%D7%A1%D7%98%D7%A8%D7%9E%D7%9F-%D7%A0-%D7%90%D7%9C%D7%91%D7%A8-%D7%A6%D7%99%D7%99-%D7%A8%D7%9B%D7%91/,DESKTOP,6,1088,0.0055147058823529415,41.47794117647059
https://jus-tice.co.il/53431-10-21/,DESKTOP,6,574,0.010452961672473868,23.493031358885016
https://jus-tice.co.il/cyprus-lawyer/,MOBILE,6,118,0.05084745762711865,36.66101694915254
https://jus-tice.co.il/divorce-resource-balancing-case21019-01-21/,DESKTOP,6,138,0.043478260869565216,22.818840579710145
https://jus-tice.co.il/form-6-request-urgent-relief-dispute-settlement/,MOBILE,6,482,0.012448132780082987,36.52904564315353
https://jus-tice.co.il/legal_financing/,DESKTOP,6,1936,0.0030991735537190084,50.710743801652896
https://jus-tice.co.il/legal_financing/,MOBILE,6,331,0.01812688821752266,44.027190332326285
https://jus-tice.co.il/portugal-relocation/,MOBILE,6,664,0.009036144578313253,35.16566265060241
https://jus-tice.co.il/psakdin/%D7%AA%D7%A4%D7%A7%D7%99%D7%93%D7%95-%D7%95%D7%93%D7%A8%D7%9B%D7%99-%D7%A2%D7%91%D7%95%D7%93%D7%AA%D7%95-%D7%A9%D7%9C-%D7%A2%D7%95%D7%91%D7%93-%D7%A1%D7%95%D7%A6%D7%99%D7%90%D7%9C%D7%99-%D7%9C%D7%A2/,MOBILE,6,335,0.01791044776119403,11.447761194029852
https://jus-tice.co.il/shoplifting/,DESKTOP,6,5443,0.001102333272092596,50.39904464449752
https://jus-tice.co.il/thailand-real-estate/,DESKTOP,6,1487,0.004034969737726967,34.02017484868863
https://jus-tice.co.il/ukraine-lawyers/,MOBILE,6,77,0.07792207792207792,36.37662337662338
https://jus-tice.co.il/%D7%91%D7%92%D7%A5-%D7%94%D7%91%D7%95%D7%92%D7%93%D7%AA/,MOBILE,5,698,0.0071633237822349575,25.181948424068768
https://jus-tice.co.il/%D7%93%D7%A8%D7%9B%D7%95%D7%9F-%D7%99%D7%95%D7%95%D7%A0%D7%99-%D7%94%D7%92%D7%99%D7%A8%D7%94-%D7%A8%D7%99%D7%9C%D7%95%D7%A7%D7%99%D7%99%D7%A9%D7%9F-%D7%9E%D7%92%D7%95%D7%A8%D7%99%D7%9D-%D7%9E%D7%94-%D7%94%D7%93%D7%A8%D7%99%D7%A9%D7%95%D7%AA-%D7%95%D7%94%D7%A2%D7%9C%D7%95%D7%99%D7%95%D7%AA/,DESKTOP,5,3611,0.0013846579894765993,55.72556078648574
https://jus-tice.co.il/%D7%9E%D7%97%D7%99%D7%A8%D7%95%D7%9F-%D7%9E%D7%95%D7%9E%D7%9C%D7%A5-%D7%A2%D7%95%D7%A8%D7%9A-%D7%93%D7%99%D7%9F-%D7%A4%D7%9C%D7%99%D7%9C%D7%99/,DESKTOP,5,27722,0.00018036216723180145,51.6164057427314
https://jus-tice.co.il/%D7%A2%D7%95%D7%A0%D7%A9-%D7%A4%D7%9C%D7%99%D7%9C%D7%99-%D7%9C%D7%A0%D7%90%D7%A9%D7%9D-%D7%91%D7%90%D7%99%D7%A0%D7%95%D7%A1-%D7%95%D7%9E%D7%A2%D7%A9%D7%94-%D7%A1%D7%93%D7%95%D7%9D-%D7%91%D7%A7%D7%98%D7%99%D7%A0%D7%94/,DESKTOP,5,2213,0.0022593764121102574,66.29643018526886
https://jus-tice.co.il/%D7%A8%D7%A9%D7%99%D7%9E%D7%AA-%D7%9E%D7%95%D7%9E%D7%97%D7%99%D7%9D-%D7%A8%D7%A4%D7%95%D7%90%D7%99%D7%99%D7%9D-%D7%9C%D7%91%D7%99%D7%AA-%D7%9E%D7%A9%D7%A4%D7%98-%D7%9E%D7%AA%D7%A2%D7%93%D7%9B%D7%9F/,MOBILE,5,548,0.009124087591240875,35.93065693430657
https://jus-tice.co.il/%D7%AA%D7%91%D7%99%D7%A2%D7%94-%D7%90%D7%96%D7%A8%D7%97%D7%99%D7%AA-%D7%A0%D7%92%D7%A8%D7%A8%D7%AA-%D7%9C%D7%94%D7%A8%D7%A9%D7%A2%D7%94-%D7%91%D7%A4%D7%9C%D7%99%D7%9C%D7%99%D7%9D-%D7%AA%D7%90-38003-03-19/,MOBILE,5,278,0.017985611510791366,25.888489208633093
https://jus-tice.co.il/40939-11-19/,MOBILE,5,186,0.026881720430107527,10.059139784946236
https://jus-tice.co.il/articles/%D7%AA%D7%A2-45543-11-21-%D7%91%D7%A7%D7%A9%D7%94-%D7%9C%D7%91%D7%99%D7%98%D7%95%D7%9C-%D7%A6%D7%95-%D7%A7%D7%99%D7%95%D7%9D-%D7%A6%D7%95%D7%95%D7%90%D7%94-%D7%9C%D7%90%D7%97%D7%A8-%D7%92%D7%99/,DESKTOP,5,4785,0.0010449320794148381,37.4405433646813
https://jus-tice.co.il/avoiding-mistakes-when-buying-property-in-cyprus/,MOBILE,5,2013,0.0024838549428713363,37.45851962245405
https://jus-tice.co.il/court-judge/,DESKTOP,5,10700,0.00046728971962616824,43.180654205607475
https://jus-tice.co.il/decision75385-12-20/,DESKTOP,5,401,0.012468827930174564,12.693266832917706
https://jus-tice.co.il/department-of-justice/,MOBILE,5,1568,0.0031887755102040817,34.05038265306123
https://jus-tice.co.il/golden-visa/,DESKTOP,5,7900,0.0006329113924050633,43.165569620253166
https://jus-tice.co.il/immigration-lawyer/,MOBILE,5,4166,0.001200192030724916,46.527364378300526
https://jus-tice.co.il/legal-courses-for-lawyers/,MOBILE,5,258,0.01937984496124031,50.34496124031008
https://jus-tice.co.il/legal-writing/,MOBILE,5,201,0.024875621890547265,14.253731343283581
https://jus-tice.co.il/living-apart-together-legal-rights/,MOBILE,5,1593,0.003138731952291274,54.116133082234775
https://jus-tice.co.il/morgan-morgan/,MOBILE,5,84,0.05952380952380952,6.178571428571429
https://jus-tice.co.il/prenuptial-agreement-sample/,MOBILE,5,847,0.0059031877213695395,27.979929161747343
https://jus-tice.co.il/psakdin/%D7%AA%D7%A4%D7%A7%D7%99%D7%93%D7%95-%D7%95%D7%93%D7%A8%D7%9B%D7%99-%D7%A2%D7%91%D7%95%D7%93%D7%AA%D7%95-%D7%A9%D7%9C-%D7%A2%D7%95%D7%91%D7%93-%D7%A1%D7%95%D7%A6%D7%99%D7%90%D7%9C%D7%99-%D7%9C%D7%A2/,DESKTOP,5,1446,0.003457814661134163,41.73167358229599
https://jus-tice.co.il/spouse-property-registration-guide/,MOBILE,5,442,0.011312217194570135,42.30995475113122
https://jus-tice.co.il/wp-content/uploads/2021/03/%D7%A0%D7%95%D7%A1%D7%97-%D7%94%D7%A1%D7%9B%D7%9D-%D7%92%D7%99%D7%A8%D7%95%D7%A9%D7%99%D7%9F-%D7%93%D7%95%D7%92%D7%9E%D7%90-2021.docx,DESKTOP,5,8696,0.0005749770009199632,44.866260349586014
https://jus-tice.co.il/%D7%90%D7%99%D7%A4%D7%94-%D7%9B%D7%93%D7%90%D7%99-%D7%9C%D7%94%D7%A9%D7%A7%D7%99%D7%A2-%D7%A0%D7%93%D7%9C%D7%9F-%D7%91%D7%93%D7%95%D7%91%D7%90%D7%99/,DESKTOP,4,7241,0.0005524098881369977,35.61842286976937
https://jus-tice.co.il/%D7%91%D7%92%D7%A5-%D7%94%D7%91%D7%95%D7%92%D7%93%D7%AA/,DESKTOP,4,1459,0.0027416038382453737,44.20767649074709
https://jus-tice.co.il/%D7%94%D7%A0%D7%97%D7%99%D7%95%D7%AA-%D7%9C%D7%9E%D7%91%D7%A7%D7%A9%D7%99%D7%9D-%D7%9C%D7%94%D7%AA%D7%9E%D7%A0%D7%95%D7%AA-%D7%9C%D7%9E%D7%A9%D7%A8%D7%94-%D7%A9%D7%99%D7%A4%D7%95%D7%98%D7%99%D7%AA/,DESKTOP,4,1160,0.0034482758620689655,28.612068965517242
https://jus-tice.co.il/%D7%9E%D7%A9%D7%9E%D7%95%D7%A8%D7%AA-%D7%91%D7%9C%D7%A2%D7%93%D7%99%D7%AA-%D7%9C%D7%90%D7%9D-%D7%95%D7%A9%D7%99%D7%AA%D7%95%D7%A4%D7%99%D7%95%D7%AA-%D7%99%D7%97%D7%A1%D7%99%D7%AA-%D7%91%D7%9E%D7%A1%D7%92%D7%A8%D7%AA-%D7%90%D7%99%D7%96%D7%95%D7%9F-%D7%9E%D7%A9%D7%90%D7%91%D7%99%D7%9D-%D7%AA%D7%9C%D7%94%D7%9E-37049-07-18/,MOBILE,4,362,0.011049723756906077,7.980662983425415
https://jus-tice.co.il/%D7%A1%D7%A2%D7%A934999-11-21-%D7%A1%D7%A2%D7%99%D7%A3-46-%D7%90-%D7%9C%D7%AA%D7%A7%D7%A0%D7%95%D7%AA-%D7%91%D7%99%D7%AA-%D7%94%D7%93%D7%99%D7%9F-%D7%9C%D7%A2%D7%91%D7%95%D7%93%D7%94/,DESKTOP,4,564,0.0070921985815602835,39.18262411347518
https://jus-tice.co.il/%D7%A1%D7%A8%D7%91%D7%A0%D7%95%D7%AA-%D7%A7%D7%A9%D7%A8-%D7%95%D7%A0%D7%99%D7%9B%D7%95%D7%A8-%D7%94%D7%95%D7%A8%D7%99-%D7%A4%D7%A1%D7%93-%D7%A9%D7%9C-%D7%94%D7%A9%D7%95%D7%A4%D7%98-%D7%90%D7%A8%D7%96-%D7%A9%D7%A0%D7%99-%D7%A2%D7%9C-%D7%AA%D7%91%D7%99%D7%A2%D7%AA-%D7%90%D7%91-%D7%9C%D7%97%D7%99%D7%93%D7%95%D7%A9-%D7%A7%D7%A9%D7%A8-%D7%A2%D7%9D-%D7%91%D7%A0%D7%95-%D7%94%D7%A7%D7%98%D7%99%D7%9F/,MOBILE,4,266,0.015037593984962405,22.481203007518797
https://jus-tice.co.il/%D7%A2%D7%95%D7%A8%D7%9A-%D7%93%D7%99%D7%9F-%D7%99%D7%95%D7%A8%D7%95%D7%A4%D7%95%D7%9C/,MOBILE,4,306,0.013071895424836602,6.754901960784314
https://jus-tice.co.il/%D7%A4%D7%A1%D7%93-%D7%91%D7%A9%D7%AA%D7%99-%D7%AA%D7%95%D7%91%D7%A2%D7%A0%D7%95%D7%AA-%D7%91%D7%A0%D7%95%D7%A9%D7%90-%D7%92%D7%91%D7%99%D7%99%D7%AA-%D7%9E%D7%96%D7%95%D7%A0%D7%95%D7%AA-%D7%95%D7%91%D7%99%D7%98%D7%95%D7%9C-%D7%94%D7%A1%D7%9B%D7%9D-%D7%97%D7%9C%D7%95%D7%A7%D7%AA-%D7%A2%D7%99%D7%96%D7%91%D7%95%D7%9F/,MOBILE,4,69,0.057971014492753624,7.898550724637682
https://jus-tice.co.il/%D7%A6%D7%95-%D7%9E%D7%A0%D7%99%D7%A2%D7%94-%D7%96%D7%9E%D7%A0%D7%99-%D7%9C%D7%9E%D7%A0%D7%99%D7%A2%D7%AA-%D7%93%D7%99%D7%A1%D7%A4%D7%95%D7%96%D7%99%D7%A6%D7%99%D7%94-%D7%91%D7%9E%D7%A0%D7%99%D7%95%D7%AA/,DESKTOP,4,275,0.014545454545454545,29.152727272727272
https://jus-tice.co.il/%D7%AA%D7%A47140-09-21%D7%9E%D7%93%D7%99%D7%A0%D7%AA-%D7%99%D7%A9%D7%A8%D7%90%D7%9C-%D7%A0-%D7%9B%D7%A8%D7%9E%D7%99/,DESKTOP,4,382,0.010471204188481676,23.801047120418847
https://jus-tice.co.il/55188-07-20/,DESKTOP,4,639,0.006259780907668232,26.907668231611893
https://jus-tice.co.il/ai-lawyer-ranking/,MOBILE,4,240,0.016666666666666666,35.079166666666666
https://jus-tice.co.il/articles/%D7%90%D7%99%D7%AA%D7%95%D7%A8-%D7%A2%D7%95%D7%A8%D7%9A-%D7%93%D7%99%D7%9F-%D7%9E%D7%A6%D7%99%D7%90%D7%AA-%D7%A2%D7%95%D7%A8%D7%9A-%D7%93%D7%99%D7%9F-%D7%9E%D7%95%D7%A1%D7%9E%D7%9A-%D7%A7%D7%A8/,MOBILE,4,530,0.007547169811320755,21.349056603773583
https://jus-tice.co.il/articles/%D7%91%D7%A7%D7%A9%D7%94-%D7%9C%D7%94%D7%A2%D7%AA%D7%A7%D7%AA-%D7%97%D7%95%D7%9E%D7%A8%D7%99-%D7%97%D7%A7%D7%99%D7%A8%D7%94-%D7%95%D7%9E%D7%A1%D7%9E%D7%9B%D7%99%D7%9D-%D7%91%D7%94%D7%9C%D7%99%D7%9B/,DESKTOP,4,1286,0.003110419906687403,23.07620528771384
https://jus-tice.co.il/articles/%D7%94%D7%A6%D7%A2%D7%AA-%D7%97%D7%95%D7%A7-%D7%93%D7%99%D7%A0%D7%99-%D7%9E%D7%9E%D7%95%D7%A0%D7%95%D7%AA-%D7%94%D7%AA%D7%A9%D7%A2%D7%90-2011-%D7%A2%D7%9D-%D7%94%D7%A1%D7%91%D7%A8%D7%99%D7%9D/,DESKTOP,4,598,0.006688963210702341,28.301003344481604
https://jus-tice.co.il/articles/%D7%94%D7%A9%D7%95%D7%A4%D7%98-%D7%99%D7%97%D7%96%D7%A7%D7%90%D7%9C-%D7%90%D7%9C%D7%99%D7%94%D7%95-%D7%94%D7%97%D7%9C%D7%98%D7%94-%D7%91%D7%91%D7%A7%D7%A9%D7%94-%D7%9C%D7%A6%D7%A8%D7%A3-%D7%AA%D7%95/,DESKTOP,4,189,0.021164021164021163,31.78306878306878
https://jus-tice.co.il/divorce-resource-balancing-case21019-01-21/,MOBILE,4,174,0.022988505747126436,10.137931034482758
https://jus-tice.co.il/golden-visa/,MOBILE,4,2171,0.0018424689083371719,20.649930907415936
https://jus-tice.co.il/how-much-will-a-criminal-defense-lawyer-cost/,DESKTOP,4,13771,0.00029046547091714475,47.02134921211241
https://jus-tice.co.il/lawyer-ai-course/,MOBILE,4,272,0.014705882352941176,49.33455882352941
https://jus-tice.co.il/murder-in-united-states-law/,DESKTOP,4,7898,0.0005064573309698658,45.11775132945049
https://jus-tice.co.il/portugal-lawyers/,MOBILE,4,495,0.00808080808080808,35.75959595959596
https://jus-tice.co.il/psakdin/%D7%AA%D7%91%D7%99%D7%A2%D7%94-%D7%94%D7%9E%D7%95%D7%92%D7%A9%D7%AA-%D7%A2%D7%9C-%D7%99%D7%93%D7%99-%D7%97%D7%91%D7%A8%D7%94-%D7%91%D7%A2%D7%9E-%D7%A2%D7%9C-%D7%97%D7%99%D7%95%D7%91-%D7%91%D7%A2/,MOBILE,4,75,0.05333333333333334,10.88
https://jus-tice.co.il/real-estate-attorney/,MOBILE,4,7781,0.0005140727412928929,61.715974810435675
https://jus-tice.co.il/registration-of-real-estate-israel/,DESKTOP,4,12706,0.00031481189988981584,17.987092712104516
https://jus-tice.co.il/registration-of-real-estate-israel/,MOBILE,4,1680,0.002380952380952381,22.41488095238095
https://jus-tice.co.il/,TABLET,3,133,0.022556390977443608,13.962406015037594
https://jus-tice.co.il/%D7%90%D7%99%D7%A4%D7%94-%D7%9B%D7%93%D7%90%D7%99-%D7%9C%D7%94%D7%A9%D7%A7%D7%99%D7%A2-%D7%A0%D7%93%D7%9C%D7%9F-%D7%91%D7%93%D7%95%D7%91%D7%90%D7%99/,MOBILE,3,2441,0.0012290045063498567,35.37689471528062
https://jus-tice.co.il/%D7%94%D7%90%D7%9D-%D7%9B%D7%93%D7%90%D7%99-%D7%9C%D7%A2%D7%91%D7%95%D7%93-%D7%A2%D7%9D-%D7%99%D7%95%D7%A2%D7%A5-%D7%A0%D7%93%D7%9C%D7%9F/,MOBILE,3,792,0.003787878787878788,25.27777777777778
https://jus-tice.co.il/%D7%94%D7%A9%D7%95%D7%A4%D7%98-%D7%90%D7%A8%D7%96-%D7%A9%D7%A0%D7%99-%D7%A4%D7%A1%D7%93-%D7%91%D7%AA%D7%91%D7%99%D7%A2%D7%AA-%D7%90%D7%91-%D7%9C%D7%9E%D7%A9%D7%9E%D7%95%D7%A8%D7%AA-%D7%95%D7%97%D7%9C%D7%95%D7%A7%D7%AA-%D7%96%D7%9E%D7%A0%D7%99-%D7%A9%D7%94%D7%95%D7%AA-%D7%A9%D7%95%D7%95%D7%99%D7%9D-%D7%AA%D7%9C%D7%94%D7%9E-64033-06-21/,MOBILE,3,183,0.01639344262295082,32.387978142076506
https://jus-tice.co.il/%D7%94%D7%AA%D7%99%D7%99%D7%A9%D7%A0%D7%95%D7%AA-%D7%A8%D7%A9%D7%9C%D7%A0%D7%95%D7%AA-%D7%A8%D7%A4%D7%95%D7%90%D7%99%D7%AA-%D7%AA%D7%90-4392-03-23/,DESKTOP,3,141,0.02127659574468085,14.120567375886525
https://jus-tice.co.il/%D7%97%D7%95%D7%A7-%D7%94%D7%A2%D7%95%D7%A0%D7%A9%D7%99%D7%9F/,DESKTOP,3,5988,0.000501002004008016,41.20056780227121
https://jus-tice.co.il/%D7%97%D7%95%D7%A7-%D7%94%D7%A2%D7%95%D7%A0%D7%A9%D7%99%D7%9F/,MOBILE,3,822,0.0036496350364963502,35.373479318734795
https://jus-tice.co.il/%D7%9E%D7%90%D7%A1%D7%A8-%D7%91%D7%92%D7%99%D7%9F-%D7%94%D7%98%D7%A8%D7%93%D7%94-%D7%9E%D7%99%D7%A0%D7%99%D7%AA-%D7%95%D7%94%D7%AA%D7%A0%D7%9B%D7%9C%D7%95%D7%AA-%D7%91%D7%90%D7%9E%D7%A6%D7%A2%D7%95%D7%AA-%D7%A8%D7%A9%D7%AA-%D7%94%D7%98%D7%9C%D7%92%D7%A8%D7%9D-%D7%AA%D7%A4-43967-07-20/,MOBILE,3,2104,0.0014258555133079848,14.894011406844106
https://jus-tice.co.il/%D7%9E%D7%93%D7%A8%D7%99%D7%9A-%D7%94%D7%97%D7%96%D7%A8%D7%99-%D7%9E%D7%A1-%D7%A2%D7%9D-%D7%9E%D7%97%D7%A9%D7%91%D7%95%D7%9F/,MOBILE,3,3441,0.0008718395815170009,48.73525138041267
https://jus-tice.co.il/%D7%9E%D7%93%D7%A8%D7%99%D7%9A-%D7%A2%D7%93%D7%9B%D7%A0%D7%99-%D7%9C%D7%92%D7%99%D7%A8%D7%95%D7%A9%D7%99%D7%9F/,DESKTOP,3,5082,0.0005903187721369539,46.426406926406926
https://jus-tice.co.il/%D7%A1%D7%95%D7%92%D7%99%D7%9D-%D7%A9%D7%95%D7%A0%D7%99%D7%9D-%D7%A9%D7%9C-%D7%A8%D7%95%D7%A4%D7%90%D7%99%D7%9D/,DESKTOP,3,1011,0.002967359050445104,58.27101879327399
https://jus-tice.co.il/%D7%A1%D7%A8%D7%91%D7%A0%D7%95%D7%AA-%D7%A7%D7%A9%D7%A8-%D7%95%D7%A0%D7%99%D7%9B%D7%95%D7%A8-%D7%94%D7%95%D7%A8%D7%99-%D7%A4%D7%A1%D7%93-%D7%A9%D7%9C-%D7%94%D7%A9%D7%95%D7%A4%D7%98-%D7%90%D7%A8%D7%96-%D7%A9%D7%A0%D7%99-%D7%A2%D7%9C-%D7%AA%D7%91%D7%99%D7%A2%D7%AA-%D7%90%D7%91-%D7%9C%D7%97%D7%99%D7%93%D7%95%D7%A9-%D7%A7%D7%A9%D7%A8-%D7%A2%D7%9D-%D7%91%D7%A0%D7%95-%D7%94%D7%A7%D7%98%D7%99%D7%9F/,DESKTOP,3,1048,0.0028625954198473282,47.875
https://jus-tice.co.il/%D7%A2%D7%95%D7%A8%D7%9A-%D7%93%D7%99%D7%9F-%D7%A4%D7%9C%D7%99%D7%9C%D7%99-%D7%A9%D7%9B%D7%A8-%D7%9B%D7%9E%D7%94-%D7%9E%D7%A8%D7%95%D7%95%D7%99%D7%97-%D7%A2%D7%95%D7%93-%D7%A4%D7%9C%D7%99%D7%9C%D7%99-%D7%91%D7%99%D7%A9%D7%A8%D7%90%D7%9C/,DESKTOP,3,1725,0.0017391304347826088,28.943188405797102
https://jus-tice.co.il/%D7%A4%D7%A1%D7%93-%D7%91%D7%A2%D7%A0%D7%99%D7%99%D7%9F-%D7%9E%D7%96%D7%95%D7%A0%D7%95%D7%AA-%D7%AA%D7%9C%D7%94%D7%9E-21976-01-20/,MOBILE,3,188,0.015957446808510637,24.26063829787234
https://jus-tice.co.il/%D7%A9%D7%95%D7%A4%D7%98%D7%AA-%D7%99%D7%A4%D7%A2%D7%AA-%D7%A9%D7%A7%D7%93%D7%99-%D7%A9%D7%A5-%D7%A4%D7%A1%D7%93-%D7%91%D7%97%D7%9C%D7%95%D7%A7%D7%AA-%D7%96%D7%9B%D7%95%D7%99%D7%95%D7%AA-%D7%95%D7%A1%D7%99%D7%9C%D7%95%D7%A7-%D7%99%D7%93-%D7%91%D7%9E%D7%A9%D7%A7-%D7%A9%D7%9C-%D7%99%D7%93%D7%95%D7%A2%D7%99%D7%9D-%D7%91%D7%A6%D7%99%D7%91%D7%95%D7%A8-%D7%AA%D7%9C%D7%94%D7%9E-41769-11-19/,MOBILE,3,86,0.03488372093023256,7.813953488372093
https://jus-tice.co.il/%D7%AA%D7%95%D7%91%D7%A2%D7%A0%D7%95%D7%AA-%D7%A2%D7%96%D7%91%D7%95%D7%9F-%D7%A9%D7%9E%D7%A0%D7%94%D7%9C%D7%99%D7%9D-%D7%A9%D7%A0%D7%99-%D7%90%D7%97%D7%99%D7%9D-%D7%91%D7%A9%D7%9C-%D7%A9%D7%AA%D7%99-%D7%A6%D7%95%D7%95%D7%90%D7%95%D7%AA-%D7%A9%D7%94%D7%95%D7%AA%D7%99%D7%A8%D7%94-%D7%90%D7%9E%D7%9D-%D7%AA%D7%A2-62835-08-19/,DESKTOP,3,247,0.012145748987854251,18.842105263157894
https://jus-tice.co.il/%D7%AA%D7%9E%D7%A9-14076-10-16-%D7%A4%D7%9C%D7%95%D7%A0%D7%99%D7%AA-%D7%A0-%D7%A4%D7%9C%D7%95%D7%A0%D7%99/,DESKTOP,3,210,0.014285714285714285,36.09047619047619
https://jus-tice.co.il/%D7%AA%D7%9E%D7%A9-14076-10-16-%D7%A4%D7%9C%D7%95%D7%A0%D7%99%D7%AA-%D7%A0-%D7%A4%D7%9C%D7%95%D7%A0%D7%99/,MOBILE,3,200,0.015,4.945
https://jus-tice.co.il/18744-11-18/,MOBILE,3,48,0.0625,15.520833333333334
https://jus-tice.co.il/abuse-of-process/,DESKTOP,3,516,0.005813953488372093,24.29263565891473
https://jus-tice.co.il/americas-best-law-schools/,MOBILE,3,151,0.019867549668874173,28.8476821192053
https://jus-tice.co.il/articles/%D7%90%D7%99%D7%AA%D7%95%D7%A8-%D7%A2%D7%95%D7%A8%D7%9A-%D7%93%D7%99%D7%9F-%D7%9E%D7%A6%D7%99%D7%90%D7%AA-%D7%A2%D7%95%D7%A8%D7%9A-%D7%93%D7%99%D7%9F-%D7%9E%D7%95%D7%A1%D7%9E%D7%9A-%D7%A7%D7%A8/,DESKTOP,3,3131,0.0009581603321622484,28.94698179495369
https://jus-tice.co.il/articles/%D7%94%D7%A9%D7%95%D7%A4%D7%98%D7%AA-%D7%97%D7%99%D7%94-%D7%96%D7%A0%D7%93%D7%91%D7%A8%D7%92-%D7%A4%D7%A1%D7%93-%D7%91%D7%AA%D7%91%D7%99%D7%A2%D7%94-%D7%9C%D7%A4%D7%99%D7%A6%D7%95%D7%99%D7%99%D7%9D/,DESKTOP,3,301,0.009966777408637873,36.096345514950166
https://jus-tice.co.il/articles/%D7%94%D7%A9%D7%95%D7%A4%D7%98%D7%AA-%D7%97%D7%99%D7%94-%D7%96%D7%A0%D7%93%D7%91%D7%A8%D7%92-%D7%A4%D7%A1%D7%93-%D7%91%D7%AA%D7%91%D7%99%D7%A2%D7%94-%D7%9C%D7%A4%D7%99%D7%A6%D7%95%D7%99%D7%99%D7%9D/,MOBILE,3,198,0.015151515151515152,21.747474747474747
https://jus-tice.co.il/articles/%D7%96%D7%9B%D7%95%D7%AA-%D7%94%D7%95%D7%A8%D7%94-%D7%92%D7%A8%D7%95%D7%A9-%D7%9C%D7%94%D7%A2%D7%AA%D7%99%D7%A7-%D7%90%D7%AA-%D7%9E%D7%92%D7%95%D7%A8%D7%99%D7%95-%D7%95%D7%90%D7%A3-%D7%9C%D7%94%D7%92/,MOBILE,3,153,0.0196078431372549,29.66013071895425
https://jus-tice.co.il/benzur-korb-co/,MOBILE,3,217,0.013824884792626729,25.04147465437788
https://jus-tice.co.il/buying-property-in-portugal/,MOBILE,3,1294,0.00231839258114374,45.469088098918085
https://jus-tice.co.il/canada-lawyers/,MOBILE,3,74,0.04054054054054054,36.24324324324324
https://jus-tice.co.il/decision20043-03-23/,MOBILE,3,387,0.007751937984496124,9.405684754521964
https://jus-tice.co.il/decision55016-06-17a/,MOBILE,3,308,0.00974025974025974,68.04545454545455
https://jus-tice.co.il/department-of-justice/,DESKTOP,3,7639,0.0003927215604136667,41.487760178033774
https://jus-tice.co.il/infidelity-statistics-reasons-suspicions/,DESKTOP,3,5353,0.0005604334018307491,52.661685036428175
https://jus-tice.co.il/israel-notary-public/,MOBILE,3,4081,0.0007351139426611125,25.423670668953687
https://jus-tice.co.il/israel-portugal-relations/,MOBILE,3,430,0.0069767441860465115,10.46046511627907
https://jus-tice.co.il/kirkland-ellis/,MOBILE,3,267,0.011235955056179775,9.434456928838951
https://jus-tice.co.il/lawyer-ai-course/,DESKTOP,3,1742,0.001722158438576349,45.79334098737084
https://jus-tice.co.il/lawyer-fee-outlook/,DESKTOP,3,9114,0.0003291639236339697,47.9476629361422
https://jus-tice.co.il/miranda-warning/,MOBILE,3,593,0.00505902192242833,15.33389544688027
https://jus-tice.co.il/most-famous-murder-acquittal-cases/,MOBILE,3,389,0.007712082262210797,6.57840616966581
https://jus-tice.co.il/portugal-economy/,MOBILE,3,295,0.010169491525423728,33.566101694915254
https://jus-tice.co.il/psakdin/%D7%90%D7%99%D7%9E%D7%95%D7%A5-%D7%99%D7%9C%D7%93-%D7%9E%D7%90%D7%95%D7%A7%D7%A8%D7%90%D7%99%D7%A0%D7%94-%D7%AA%D7%91%D7%99%D7%A2%D7%AA-%D7%A0%D7%96%D7%99%D7%A7%D7%99%D7%9F-%D7%91%D7%92%D7%99%D7%9F/,MOBILE,3,147,0.02040816326530612,29.73469387755102
https://jus-tice.co.il/psakdin/%D7%A4%D7%9C%D7%99%D7%9C%D7%99-%D7%94%D7%97%D7%96%D7%A7%D7%AA-%D7%9B%D7%9C%D7%91-%D7%9E%D7%A1%D7%95%D7%9B%D7%9F-%D7%A9%D7%AA%D7%A7%D7%A3-%D7%9C%D7%9C%D7%90-%D7%A8%D7%A9%D7%99%D7%95%D7%9F-%D7%94%D7%A8/,MOBILE,3,729,0.00411522633744856,8.279835390946502
https://jus-tice.co.il/psakdin/%D7%A4%D7%A1%D7%93-%D7%90%D7%9E%D7%99%D7%A8-%D7%91%D7%A8%D7%9E%D7%9C%D7%99-%D7%A8%D7%95%D7%91%D7%99%D7%A7%D7%95%D7%9F-%D7%94%D7%9B%D7%A8%D7%A2%D7%AA-%D7%93%D7%99%D7%9F-%D7%91%D7%A4%D7%A8%D7%A9/,DESKTOP,3,729,0.00411522633744856,49.44444444444444
https://jus-tice.co.il/real-estate-agent/,DESKTOP,3,11712,0.00025614754098360657,49.80507172131148
https://jus-tice.co.il/real-estate-united-kingdom/,MOBILE,3,1078,0.0027829313543599257,32.996289424860855
https://jus-tice.co.il/submitting-affidavit-israel-court/,DESKTOP,3,1241,0.0024174053182917004,26.950040290088637
https://jus-tice.co.il/types-of-lawyers-small-business/,DESKTOP,3,14477,0.00020722525385093597,32.52662844511984
https://jus-tice.co.il/what-is-money-laundering/,DESKTOP,3,9346,0.00032099293815536056,42.92082174192168
https://jus-tice.co.il/%D7%91%D7%A7%D7%A9%D7%94-%D7%9C%D7%90%D7%99%D7%A9%D7%95%D7%A8-%D7%AA%D7%95%D7%91%D7%A2%D7%A0%D7%94-%D7%91%D7%92%D7%99%D7%9F-%D7%A9%D7%9C%D7%99%D7%97%D7%AA-%D7%93%D7%95%D7%90%D7%A8-%D7%96%D7%91%D7%9C-%D7%9B%D7%99%D7%99%D7%A6%D7%95%D7%92%D7%99%D7%AA/,DESKTOP,2,267,0.00749063670411985,48.38576779026217
https://jus-tice.co.il/%D7%91%D7%A7%D7%A9%D7%94-%D7%9C%D7%A7%D7%99%D7%95%D7%9D-%D7%A6%D7%95%D7%95%D7%90%D7%94-%D7%94%D7%9E%D7%A2%D7%A0%D7%99%D7%A7%D7%94-%D7%9B%D7%9C-%D7%94%D7%A8%D7%9B%D7%95%D7%A9-%D7%9C%D7%97%D7%91%D7%A8-%D7%95%D7%94%D7%AA%D7%A0%D7%92%D7%93%D7%95%D7%AA-%D7%90%D7%97%D7%95%D7%AA-%D7%94%D7%9E%D7%A0%D7%95%D7%97/,MOBILE,2,119,0.01680672268907563,10.554621848739496
https://jus-tice.co.il/%D7%94%D7%97%D7%96%D7%A7%D7%AA-%D7%99%D7%9C%D7%93%D7%99%D7%9D-%D7%9E%D7%A9%D7%9E%D7%95%D7%A8%D7%AA-%D7%9E%D7%A9%D7%95%D7%AA%D7%A4%D7%AA-%D7%91%D7%99%D7%AA-%D7%94%D7%93%D7%99%D7%9F-%D7%94%D7%A8%D7%91%D7%A0%D7%99/,MOBILE,2,89,0.02247191011235955,49.752808988764045
https://jus-tice.co.il/%D7%94%D7%98%D7%A8%D7%99%D7%A7%D7%99%D7%9D-%D7%94%D7%9E%D7%9C%D7%95%D7%9B%D7%9C%D7%9B%D7%99%D7%9D-%D7%91%D7%99%D7%95%D7%AA%D7%A8-%D7%9C%D7%92%D7%99%D7%A8%D7%95%D7%A9%D7%99%D7%9F/,DESKTOP,2,394,0.005076142131979695,63.192893401015226
https://jus-tice.co.il/%D7%94%D7%A9%D7%95%D7%A4%D7%98%D7%AA-%D7%90%D7%95%D7%A8%D7%99%D7%AA-%D7%91%D7%9F-%D7%93%D7%95%D7%A8-%D7%9C%D7%99%D7%91%D7%9C-%D7%94%D7%97%D7%9C%D7%98%D7%94-%D7%91%D7%91%D7%A7%D7%A9%D7%94-%D7%9C%D7%A1%D7%A2%D7%93-%D7%94%D7%A6%D7%94%D7%A8%D7%AA%D7%99-%D7%A2%D7%9C-%D7%96%D7%9B%D7%95%D7%99%D7%95%D7%AA-%D7%91%D7%93%D7%99%D7%A8%D7%94-%D7%AA%D7%9E%D7%A9-50682-04-17/,MOBILE,2,176,0.011363636363636364,31.75
https://jus-tice.co.il/%D7%97%D7%95%D7%A7-%D7%94%D7%97%D7%95%D7%96%D7%99%D7%9D-%D7%AA%D7%A8%D7%95%D7%A4%D7%95%D7%AA-%D7%91%D7%A9%D7%9C-%D7%94%D7%A4%D7%A8%D7%AA-%D7%97%D7%95%D7%96%D7%94-%D7%AA%D7%A9%D7%9C%D7%90-1970/,MOBILE,2,1034,0.0019342359767891683,19.93036750483559
https://jus-tice.co.il/%D7%97%D7%AA%D7%99%D7%9E%D7%AA-%D7%A2%D7%95%D7%A8%D7%9A-%D7%93%D7%99%D7%9F-%D7%A0%D7%95%D7%98%D7%A8%D7%99%D7%95%D7%9F/,DESKTOP,2,10312,0.0001939487975174554,51.215574088440654
https://jus-tice.co.il/%D7%9E%D7%93%D7%A8%D7%99%D7%9A-%D7%94%D7%97%D7%96%D7%A8%D7%99-%D7%9E%D7%A1-%D7%A2%D7%9D-%D7%9E%D7%97%D7%A9%D7%91%D7%95%D7%9F/,DESKTOP,2,28321,0.00007061897531866812,50.42611489707284
https://jus-tice.co.il/%D7%9E%D7%94%D7%95-%D7%99%D7%95%D7%A2%D7%A5-%D7%A0%D7%93%D7%9C%D7%9F/,MOBILE,2,1103,0.001813236627379873,22.31278331822303
https://jus-tice.co.il/%D7%9E%D7%97%D7%A9%D7%91%D7%95%D7%9F-%D7%9E%D7%96%D7%95%D7%A0%D7%95%D7%AA-%D7%99%D7%9C%D7%93%D7%99%D7%9D/,MOBILE,2,1390,0.0014388489208633094,47.59064748201439
https://jus-tice.co.il/%D7%A2%D7%95%D7%A8%D7%9A-%D7%93%D7%99%D7%9F-%D7%9E%D7%95%D7%9E%D7%9C%D7%A5-%D7%9E%D7%94%D7%99-%D7%A8%D7%A9%D7%9C%D7%A0%D7%95%D7%AA-%D7%A2%D7%95%D7%95%D7%9C%D7%AA-%D7%94%D7%A8%D7%A9%D7%9C%D7%A0%D7%95%D7%AA/,MOBILE,2,635,0.0031496062992125984,22.902362204724408
https://jus-tice.co.il/%D7%A2%D7%95%D7%A8%D7%9A-%D7%93%D7%99%D7%9F-%D7%A4%D7%9C%D7%99%D7%9C%D7%99-%D7%9E%D7%A4%D7%95%D7%A8%D7%A1%D7%9D-%D7%A2%D7%95%D7%93-%D7%A4%D7%9C%D7%99%D7%9C%D7%99-%D7%9E%D7%A4%D7%95%D7%A8%D7%A1%D7%9D-%D7%91%D7%99%D7%A9%D7%A8%D7%90%D7%9C/,MOBILE,2,2197,0.0009103322712790169,64.12653618570778
https://jus-tice.co.il/%D7%A2%D7%95%D7%A8%D7%9A-%D7%93%D7%99%D7%9F-%D7%A4%D7%9C%D7%99%D7%9C%D7%99-%D7%AA%D7%95%D7%AA%D7%97/,DESKTOP,2,3052,0.000655307994757536,36.25655307994757
https://jus-tice.co.il/%D7%A2%D7%95%D7%A8%D7%9A-%D7%93%D7%99%D7%9F-%D7%A4%D7%9C%D7%99%D7%9C%D7%99-%D7%AA%D7%95%D7%AA%D7%97/,MOBILE,2,491,0.004073319755600814,23.403258655804482
https://jus-tice.co.il/%D7%A2%D7%95%D7%A8%D7%9B%D7%99-%D7%93%D7%99%D7%9F/%D7%A2%D7%95%D7%A8%D7%9B%D7%AA-%D7%93%D7%99%D7%9F-%D7%9E%D7%90%D7%99%D7%94-%D7%A8%D7%95%D7%98%D7%A0%D7%91%D7%A8%D7%92/,DESKTOP,2,72938,0.000027420548959390168,44.180386081329345
https://jus-tice.co.il/%D7%A2%D7%9E%D7%AA20794-07-22%D7%9E%D7%93%D7%99%D7%A0%D7%AA-%D7%99%D7%A9%D7%A8%D7%90%D7%9C-%D7%A0-%D7%AA%D7%9E%D7%9D%D7%A2%D7%A6%D7%99%D7%A8/,DESKTOP,2,84,0.023809523809523808,8.988095238095237
https://jus-tice.co.il/%D7%A2%D7%9E%D7%AA20794-07-22%D7%9E%D7%93%D7%99%D7%A0%D7%AA-%D7%99%D7%A9%D7%A8%D7%90%D7%9C-%D7%A0-%D7%AA%D7%9E%D7%9D%D7%A2%D7%A6%D7%99%D7%A8/,MOBILE,2,183,0.01092896174863388,7.273224043715847
https://jus-tice.co.il/%D7%A4%D7%A1%D7%93-%D7%A1%D7%99%D7%93%D7%95%D7%A8-%D7%92%D7%98-%D7%9C%D7%A4%D7%A0%D7%99-%D7%94%D7%9B%D7%A8%D7%A2%D7%94-%D7%91%D7%AA%D7%91%D7%99%D7%A2%D7%95%D7%AA-%D7%94%D7%A6%D7%93%D7%93%D7%99%D7%9D-37883-9-%D7%91%D7%99%D7%94%D7%93-%D7%90%D7%A9%D7%93%D7%95%D7%93/,MOBILE,2,76,0.02631578947368421,27.223684210526315
https://jus-tice.co.il/%D7%A4%D7%A1%D7%A7-%D7%93%D7%99%D7%9F-%D7%94%D7%A6%D7%94%D7%A8%D7%AA%D7%99-%D7%91%D7%A0%D7%95%D7%92%D7%A2-%D7%9C%D7%9E%D7%97%D7%A6%D7%99%D7%AA-%D7%9E%D7%94%D7%96%D7%9B%D7%95%D7%99%D7%95%D7%AA-%D7%91%D7%91%D7%99%D7%AA-%D7%95%D7%91%D7%A7%D7%A8%D7%A7%D7%A2-%D7%AA%D7%9E%D7%A9-35298-10-19/,DESKTOP,2,1434,0.001394700139470014,29.857043235704325
https://jus-tice.co.il/%D7%A6%D7%95-%D7%94%D7%92%D7%A0%D7%94-%D7%91%D7%99%D7%97%D7%A1-%D7%9C%D7%9E%D7%A9%D7%99%D7%91-%D7%A9%D7%A4%D7%A8%D7%A0%D7%A1%D7%AA%D7%95-%D7%93%D7%95%D7%A8%D7%A9%D7%AA-%D7%A0%D7%A9%D7%99%D7%90%D7%AA-%D7%A0%D7%A9%D7%A7/,MOBILE,2,146,0.0136986301369863,41.88356164383562
https://jus-tice.co.il/%D7%A7%D7%98%D7%92%D7%95%D7%A8%D7%99%D7%95%D7%AA-%D7%9E%D7%90%D7%9E%D7%A8%D7%99%D7%9D/%D7%93%D7%99%D7%A0%D7%99-%D7%A0%D7%96%D7%99%D7%A7%D7%99%D7%9F/,DESKTOP,2,3503,0.0005709391949757351,56.8024550385384
https://jus-tice.co.il/%D7%A8%D7%99%D7%A9%D7%95%D7%9D-%D7%A7%D7%98%D7%99%D7%9F-%D7%9C%D7%9E%D7%95%D7%A1%D7%93-%D7%97%D7%99%D7%A0%D7%95%D7%9B%D7%99-%D7%9C%D7%A9%D7%A0%D7%AA-%D7%94%D7%9C%D7%99%D7%9E%D7%95%D7%93%D7%99%D7%9D-%D7%AA%D7%A9%D7%A4%D7%91/,MOBILE,2,11,0.18181818181818182,30
https://jus-tice.co.il/%D7%A9%D7%95%D7%A4%D7%98%D7%AA-%D7%98%D7%9C%D7%99-%D7%97%D7%99%D7%99%D7%9E%D7%95%D7%91%D7%99%D7%A5-%D7%A4%D7%A1%D7%93-%D7%A7%D7%91%D7%9C%D7%AA-%D7%93%D7%91%D7%A8-%D7%91%D7%9E%D7%A8%D7%9E%D7%94-%D7%91%D7%A0%D7%A1%D7%99%D7%91%D7%95%D7%AA-%D7%9E%D7%97%D7%9E%D7%99%D7%A8%D7%95%D7%AA-%D7%94%D7%9C%D7%91%D7%A0%D7%AA-%D7%94%D7%95%D7%9F-%D7%A2%D7%91%D7%99%D7%A8%D7%95%D7%AA-%D7%9E%D7%A0%D7%94%D7%9C%D7%99%D7%9D-%D7%91%D7%AA%D7%90%D7%92%D7%99%D7%93/,DESKTOP,2,538,0.0037174721189591076,59.29739776951673
https://jus-tice.co.il/11314-01-23/,MOBILE,2,215,0.009302325581395349,12.627906976744185
https://jus-tice.co.il/33316-07-19/,DESKTOP,2,1298,0.0015408320493066256,26.89984591679507
https://jus-tice.co.il/33316-07-19/,MOBILE,2,252,0.007936507936507936,37.654761904761905
https://jus-tice.co.il/53556-05-18/,MOBILE,2,56,0.03571428571428571,12.392857142857142
https://jus-tice.co.il/62758-11-22/,DESKTOP,2,217,0.009216589861751152,29.12442396313364
https://jus-tice.co.il/62758-11-22/,MOBILE,2,387,0.00516795865633075,10.472868217054264
https://jus-tice.co.il/articles/%D7%94%D7%99%D7%A7%D7%A3-%D7%97%D7%95%D7%9E%D7%A8-%D7%94%D7%97%D7%A7%D7%99%D7%A8%D7%94-%D7%A9%D7%99%D7%A9-%D7%9C%D7%9E%D7%A1%D7%95%D7%A8-%D7%9C%D7%A2%D7%99%D7%95%D7%9F-%D7%94%D7%AA%D7%95%D7%91%D7%A2/,DESKTOP,2,41,0.04878048780487805,26.902439024390244
https://jus-tice.co.il/articles/%D7%96%D7%9B%D7%95%D7%AA-%D7%94%D7%95%D7%A8%D7%94-%D7%92%D7%A8%D7%95%D7%A9-%D7%9C%D7%94%D7%A2%D7%AA%D7%99%D7%A7-%D7%90%D7%AA-%D7%9E%D7%92%D7%95%D7%A8%D7%99%D7%95-%D7%95%D7%90%D7%A3-%D7%9C%D7%94%D7%92/,DESKTOP,2,626,0.003194888178913738,54.153354632587856
https://jus-tice.co.il/articles/%D7%9E%D7%97%D7%99%D7%A7%D7%AA-%D7%9B%D7%AA%D7%91-%D7%90%D7%99%D7%A9%D7%95%D7%9D-%D7%97%D7%96%D7%A8%D7%94-%D7%9E%D7%9B%D7%AA%D7%91-%D7%90%D7%99%D7%A9%D7%95%D7%9D-%D7%91%D7%99%D7%98%D7%95%D7%9C/,DESKTOP,2,14714,0.0001359249694168819,36.95079516107109
https://jus-tice.co.il/articles/%D7%9E%D7%97%D7%99%D7%A7%D7%AA-%D7%9B%D7%AA%D7%91-%D7%90%D7%99%D7%A9%D7%95%D7%9D-%D7%97%D7%96%D7%A8%D7%94-%D7%9E%D7%9B%D7%AA%D7%91-%D7%90%D7%99%D7%A9%D7%95%D7%9D-%D7%91%D7%99%D7%98%D7%95%D7%9C/,MOBILE,2,2908,0.000687757909215956,37.79229711141678
https://jus-tice.co.il/articles/%D7%AA%D7%A2-45543-11-21-%D7%91%D7%A7%D7%A9%D7%94-%D7%9C%D7%91%D7%99%D7%98%D7%95%D7%9C-%D7%A6%D7%95-%D7%A7%D7%99%D7%95%D7%9D-%D7%A6%D7%95%D7%95%D7%90%D7%94-%D7%9C%D7%90%D7%97%D7%A8-%D7%92%D7%99/,MOBILE,2,435,0.004597701149425287,38.367816091954026
https://jus-tice.co.il/avoiding-mistakes-when-buying-property-in-cyprus/,DESKTOP,2,12923,0.0001547628259692022,43.27478139750832
https://jus-tice.co.il/cerebral-palsy/,DESKTOP,2,5000,0.0004,41.0692
https://jus-tice.co.il/companyregistrationform2/,DESKTOP,2,3333,0.0006000600060006001,39.05910591059106
https://jus-tice.co.il/consent/,MOBILE,2,761,0.002628120893561104,9.843626806833115
https://jus-tice.co.il/copyright/,MOBILE,2,2434,0.0008216926869350862,49.18364831552999
https://jus-tice.co.il/custody-rights-for-fathers/,DESKTOP,2,6128,0.00032637075718015666,49.47731723237598
https://jus-tice.co.il/cyber-lawyer/,MOBILE,2,1118,0.0017889087656529517,32.406976744186046
https://jus-tice.co.il/decision48940-07-20/,DESKTOP,2,104,0.019230769230769232,16.98076923076923
https://jus-tice.co.il/decision54477-10-18/,MOBILE,2,81,0.024691358024691357,8.88888888888889
https://jus-tice.co.il/decision5987-10-16/,DESKTOP,2,220,0.00909090909090909,15.327272727272728
https://jus-tice.co.il/decision67437-12-18/,DESKTOP,2,251,0.00796812749003984,64.98804780876495
https://jus-tice.co.il/decision67437-12-18/,MOBILE,2,79,0.02531645569620253,35.037974683544306
https://jus-tice.co.il/digital-signature/,DESKTOP,2,12856,0.00015556938394523958,49.73452084629745
https://jus-tice.co.il/extradition-guide/,MOBILE,2,388,0.005154639175257732,16.301546391752577
https://jus-tice.co.il/find-lawyer-how-to-find-good-attorney/,DESKTOP,2,4970,0.00040241448692152917,36.66659959758551
https://jus-tice.co.il/greece-price-list/,MOBILE,2,1970,0.0010152284263959391,45.63502538071066
https://jus-tice.co.il/how-to-run-a-successful-law-firm/,DESKTOP,2,1592,0.001256281407035176,64.178391959799
https://jus-tice.co.il/india-lawyers/,MOBILE,2,55,0.03636363636363636,54.36363636363637
https://jus-tice.co.il/legal-courses-for-lawyers/,DESKTOP,2,860,0.002325581395348837,50.9
https://jus-tice.co.il/legality-of-cannabis/,MOBILE,2,279,0.007168458781362007,35.08243727598566
https://jus-tice.co.il/list-of-companies-of-portugal/,MOBILE,2,28,0.07142857142857142,6.428571428571429
https://jus-tice.co.il/living-apart-together-legal-rights/,DESKTOP,2,8036,0.00024888003982080636,59.79405176704828
https://jus-tice.co.il/low-value-invest-abroad/,DESKTOP,2,26356,0.00007588404917286387,56.23967976931249
https://jus-tice.co.il/malta-citizenship-by-investment/,DESKTOP,2,1284,0.001557632398753894,52.90264797507788
https://jus-tice.co.il/marital-property-agreement/,DESKTOP,2,6123,0.00032663726931242854,40.69459415319288
https://jus-tice.co.il/miami-florida-lawyers/,MOBILE,2,209,0.009569377990430622,42.59808612440192
https://jus-tice.co.il/mom-full-custody/,MOBILE,2,358,0.00558659217877095,34.86033519553072
https://jus-tice.co.il/notice-of-termination/,MOBILE,2,3577,0.0005591277606933184,46.89656136427173
https://jus-tice.co.il/parental-alienation-damages16820-11-19/,MOBILE,2,120,0.016666666666666666,12.291666666666666
https://jus-tice.co.il/philosophy-of-law/,DESKTOP,2,229,0.008733624454148471,30.475982532751093
https://jus-tice.co.il/police-records-data-deletion/,MOBILE,2,3234,0.0006184291898577613,26.5717377860235
https://jus-tice.co.il/portugal-lawyers/,DESKTOP,2,3733,0.0005357621216180017,27.34851326011251
https://jus-tice.co.il/portugal-relocation/,DESKTOP,2,2992,0.0006684491978609625,42.2653743315508
https://jus-tice.co.il/portuguese-people/,MOBILE,2,1955,0.0010230179028132991,19.743734015345268
https://jus-tice.co.il/psakdin/%D7%A2%D7%A8%D7%A2%D7%95%D7%A8-%D7%A2%D7%9C-%D7%94%D7%97%D7%9C%D7%98%D7%AA-%D7%A7%D7%A6%D7%99%D7%9F-%D7%91%D7%A0%D7%95%D7%A9%D7%90-%D7%9E%D7%A2%D7%A6%D7%A8-%D7%A1%D7%A2%D7%99%D7%A3-44-%D7%90-%D7%A9/,DESKTOP,2,518,0.003861003861003861,55.35328185328186
https://jus-tice.co.il/psakdin/%D7%A4%D7%A1%D7%93-%D7%90%D7%9E%D7%99%D7%A8-%D7%91%D7%A8%D7%9E%D7%9C%D7%99-%D7%A8%D7%95%D7%91%D7%99%D7%A7%D7%95%D7%9F-%D7%94%D7%9B%D7%A8%D7%A2%D7%AA-%D7%93%D7%99%D7%9F-%D7%91%D7%A4%D7%A8%D7%A9/,MOBILE,2,207,0.00966183574879227,31.08695652173913
https://jus-tice.co.il/psakdin/%D7%A4%D7%A1%D7%93-%D7%91%D7%91%D7%A7%D7%A9%D7%94-%D7%9C%D7%94%D7%A2%D7%91%D7%A8%D7%AA-%D7%94%D7%9E%D7%A9%D7%9E%D7%95%D7%A8%D7%AA-%D7%90%D7%9C-%D7%94%D7%90%D7%91-%D7%95%D7%A8%D7%99%D7%A9%D7%95%D7%9D/,MOBILE,2,83,0.024096385542168676,33.69879518072289
https://jus-tice.co.il/real-estate-lawyer-guide/,DESKTOP,2,22650,0.00008830022075055188,70.08799116997793
https://jus-tice.co.il/request-for-family-dispute-settlements/,DESKTOP,2,6480,0.00030864197530864197,46.63333333333333
https://jus-tice.co.il/sexual-offenses/,DESKTOP,2,9186,0.00021772262138036142,49.82190289571086
https://jus-tice.co.il/spain-real-estate/,MOBILE,2,254,0.007874015748031496,40.89370078740158
https://jus-tice.co.il/spouse-property-registration-guide/,DESKTOP,2,3781,0.0005289605924358636,53.6799788415763
https://jus-tice.co.il/submitting-affidavit-israel-court/,MOBILE,2,277,0.007220216606498195,28.935018050541515
https://jus-tice.co.il/tax-investigation-guide/,MOBILE,2,2587,0.0007730962504831851,33.130653266331656
https://jus-tice.co.il/top-global-tax-cpa-firms/,MOBILE,2,375,0.005333333333333333,44.16
https://jus-tice.co.il/united-arab-emirates-lawyers/,MOBILE,2,291,0.006872852233676976,65.20618556701031
https://jus-tice.co.il/web-development-agreement/,MOBILE,2,111,0.018018018018018018,60.04504504504504
https://jus-tice.co.il/what-is-justice/,MOBILE,2,552,0.0036231884057971015,21.307971014492754
https://jus-tice.co.il/wp-content/uploads/2022/06/54111-Law-Firms-in-the-US-Industry-Report.pdf,DESKTOP,2,405,0.0049382716049382715,38.2962962962963
https://jus-tice.co.il/%D7%90%D7%99%D7%A4%D7%94-%D7%94%D7%9B%D7%99-%D7%9E%D7%A9%D7%AA%D7%9C%D7%9D-%D7%9C%D7%9E%D7%A9%D7%A7%D7%99%D7%A2-%D7%94%D7%99%D7%A9%D7%A8%D7%90%D7%9C%D7%99-%D7%9C%D7%A7%D7%A0%D7%95%D7%AA-%D7%93%D7%99%D7%A8%D7%94-%D7%91%D7%A2%D7%95%D7%9C%D7%9D/,DESKTOP,1,12264,0.00008153946510110893,56.55389758643183
https://jus-tice.co.il/%D7%91%D7%99%D7%98%D7%95%D7%9C-%D7%94%D7%A1%D7%9B%D7%9D-%D7%9E%D7%9E%D7%95%D7%9F-%D7%A9%D7%90%D7%95%D7%A9%D7%A8-%D7%95%D7%A7%D7%99%D7%91%D7%9C-%D7%AA%D7%95%D7%A7%D7%A3-%D7%A9%D7%9C-%D7%A4%D7%A1%D7%A7-%D7%93%D7%99%D7%9F-%D7%AA%D7%94%D7%A1-27071-11-19/,DESKTOP,1,157,0.006369426751592357,28
https://jus-tice.co.il/%D7%91%D7%A2%D7%9C%D7%95%D7%AA-%D7%A2%D7%9C-%D7%96%D7%9B%D7%95%D7%99%D7%95%D7%AA-%D7%91%D7%A0%D7%99%D7%99%D7%94-%D7%91%D7%92%D7%92%D7%95%D7%AA-%D7%94%D7%9C%D7%9B%D7%AA-%D7%91%D7%99%D7%AA-%D7%94%D7%93%D7%A8/,DESKTOP,1,3442,0.0002905287623474724,52.95496804183614
https://jus-tice.co.il/%D7%91%D7%A7%D7%A9%D7%94-%D7%9C%D7%90%D7%99%D7%A9%D7%95%D7%A8-%D7%AA%D7%95%D7%91%D7%A2%D7%A0%D7%94-%D7%91%D7%92%D7%99%D7%9F-%D7%A9%D7%9C%D7%99%D7%97%D7%AA-%D7%93%D7%95%D7%90%D7%A8-%D7%96%D7%91%D7%9C-%D7%9B%D7%99%D7%99%D7%A6%D7%95%D7%92%D7%99%D7%AA/,MOBILE,1,89,0.011235955056179775,27.292134831460675
https://jus-tice.co.il/%D7%91%D7%A7%D7%A9%D7%94-%D7%9C%D7%A7%D7%99%D7%95%D7%9D-%D7%A6%D7%95%D7%95%D7%90%D7%94-%D7%94%D7%9E%D7%A2%D7%A0%D7%99%D7%A7%D7%94-%D7%9B%D7%9C-%D7%94%D7%A8%D7%9B%D7%95%D7%A9-%D7%9C%D7%97%D7%91%D7%A8-%D7%95%D7%94%D7%AA%D7%A0%D7%92%D7%93%D7%95%D7%AA-%D7%90%D7%97%D7%95%D7%AA-%D7%94%D7%9E%D7%A0%D7%95%D7%97/,DESKTOP,1,173,0.005780346820809248,24.936416184971097
https://jus-tice.co.il/%D7%91%D7%A7%D7%A9%D7%94-%D7%9C%D7%A7%D7%99%D7%95%D7%9D-%D7%A6%D7%95%D7%95%D7%90%D7%94-%D7%9B%D7%A0%D7%92%D7%93-%D7%94%D7%AA%D7%A0%D7%92%D7%93%D7%95%D7%AA%D7%95-%D7%A9%D7%9C-%D7%91%D7%9F-%D7%94%D7%9E%D7%A0%D7%95%D7%97%D7%94-%D7%A9%D7%94%D7%95%D7%93%D7%A8-%D7%9E%D7%94%D7%A6%D7%95%D7%95%D7%90%D7%94-%D7%91%D7%98%D7%A2%D7%A0%D7%94-%D7%A9%D7%9C%D7%90-%D7%94%D7%99%D7%99%D7%AA%D7%94-%D7%9B%D7%A9%D7%99%D7%A8%D7%94/,DESKTOP,1,854,0.00117096018735363,31.429742388758783
https://jus-tice.co.il/%D7%91%D7%A7%D7%A9%D7%94-%D7%9C%D7%A7%D7%99%D7%95%D7%9D-%D7%A6%D7%95%D7%95%D7%90%D7%94-%D7%9B%D7%A0%D7%92%D7%93-%D7%94%D7%AA%D7%A0%D7%92%D7%93%D7%95%D7%AA%D7%95-%D7%A9%D7%9C-%D7%91%D7%9F-%D7%94%D7%9E%D7%A0%D7%95%D7%97%D7%94-%D7%A9%D7%94%D7%95%D7%93%D7%A8-%D7%9E%D7%94%D7%A6%D7%95%D7%95%D7%90%D7%94-%D7%91%D7%98%D7%A2%D7%A0%D7%94-%D7%A9%D7%9C%D7%90-%D7%94%D7%99%D7%99%D7%AA%D7%94-%D7%9B%D7%A9%D7%99%D7%A8%D7%94/,MOBILE,1,247,0.004048582995951417,21.214574898785425
https://jus-tice.co.il/%D7%91%D7%A7%D7%A9%D7%94-%D7%9C%D7%A8%D7%99%D7%A9%D7%95%D7%9D-%D7%9E%D7%9B%D7%A8/,DESKTOP,1,2882,0.00034698126301179735,21.831020124913255
https://jus-tice.co.il/%D7%92%D7%96%D7%9C-%D7%A1%D7%95%D7%93-%D7%9E%D7%A1%D7%97%D7%A8%D7%99-%D7%A9%D7%99%D7%9E%D7%95%D7%A9-%D7%A9%D7%9C%D7%90-%D7%91%D7%A8%D7%A9%D7%99%D7%9E%D7%AA-%D7%9C%D7%A7%D7%95%D7%97%D7%95%D7%AA-%D7%90%D7%99-%D7%AA%D7%97%D7%A8%D7%95%D7%AA-%D7%95%D7%A9%D7%9E%D7%99%D7%A8%D7%AA-%D7%A1%D7%95%D7%93%D7%99%D7%95%D7%AA/,DESKTOP,1,945,0.0010582010582010583,48.08994708994709
https://jus-tice.co.il/%D7%92%D7%99%D7%9C%D7%95%D7%99-%D7%A0%D7%90%D7%95%D7%AA-%D7%97%D7%A1%D7%A8-%D7%A9%D7%A0%D7%A2%D7%A9%D7%94-%D7%91%D7%A2%D7%A1%D7%A7%D7%AA-%D7%9E%D7%9B%D7%A8-%D7%91%D7%A8%D7%A9%D7%AA-%D7%94%D7%90%D7%99%D7%A0%D7%98%D7%A8%D7%A0%D7%98/,TABLET,1,4,0.25,3.5
https://jus-tice.co.il/%D7%92%D7%99%D7%9C%D7%95%D7%99-%D7%A4%D7%A8%D7%98%D7%99-%D7%9E%D7%A9%D7%AA%D7%9E%D7%A9-%D7%A9%D7%9C-%D7%A4%D7%A8%D7%95%D7%A4%D7%99%D7%9C-%D7%A4%D7%99%D7%99%D7%A1%D7%91%D7%95%D7%A7-%D7%A4%D7%99%D7%A7%D7%98%D7%99%D7%91%D7%99-%D7%AA%D7%90-20419-03-21/,MOBILE,1,184,0.005434782608695652,46.34239130434783
https://jus-tice.co.il/%D7%92%D7%99%D7%A8%D7%95%D7%A9%D7%99%D7%9F-%D7%97%D7%9C%D7%95%D7%A7%D7%AA-%D7%A2%D7%A1%D7%A7-%D7%A0%D7%9B%D7%A1-%D7%90%D7%95-%D7%9E%D7%95%D7%A0%D7%99%D7%98%D7%99%D7%9F-%D7%9E%D7%A2%D7%9E%D7%93%D7%94-%D7%A9%D7%9C-%D7%97%D7%95%D7%93-%D7%9E%D7%95%D7%9E%D7%97%D7%94/,MOBILE,1,1289,0.0007757951900698216,31.22265321955004
https://jus-tice.co.il/%D7%94%D7%90%D7%9D-%D7%9B%D7%93%D7%90%D7%99-%D7%9C%D7%A2%D7%91%D7%95%D7%93-%D7%A2%D7%9D-%D7%99%D7%95%D7%A2%D7%A5-%D7%A0%D7%93%D7%9C%D7%9F/,DESKTOP,1,3948,0.00025329280648429586,27.917679837892603
https://jus-tice.co.il/%D7%94%D7%92%D7%99%D7%A8%D7%94-%D7%9E%D7%99%D7%A9%D7%A8%D7%90%D7%9C-%D7%A8%D7%A9%D7%99%D7%9E%D7%AA-%D7%94%D7%9C%D7%99%D7%9B%D7%99%D7%9D/,MOBILE,1,118,0.00847457627118644,24.04237288135593
https://jus-tice.co.il/%D7%94%D7%97%D7%96%D7%A7%D7%AA-%D7%99%D7%9C%D7%93%D7%99%D7%9D-%D7%9E%D7%A9%D7%9E%D7%95%D7%A8%D7%AA-%D7%9E%D7%A9%D7%95%D7%AA%D7%A4%D7%AA-%D7%91%D7%99%D7%AA-%D7%94%D7%93%D7%99%D7%9F-%D7%94%D7%A8%D7%91%D7%A0%D7%99/,DESKTOP,1,1993,0.0005017561465127947,32.32313095835424
https://jus-tice.co.il/%D7%94%D7%97%D7%9C%D7%98%D7%94-%D7%91%D7%AA%D7%99%D7%A7-%D7%97%D7%93%D7%9C%D7%95%D7%AA-%D7%A4%D7%99%D7%A8%D7%A2%D7%95%D7%9F-%D7%A9%D7%9C-%D7%97%D7%91%D7%A8%D7%AA-%D7%A1%D7%98%D7%95%D7%93%D7%99%D7%95-c/,MOBILE,1,88,0.011363636363636364,9.022727272727273
https://jus-tice.co.il/%D7%94%D7%98%D7%A8%D7%93%D7%94-%D7%9E%D7%99%D7%A0%D7%99%D7%AA-%D7%91%D7%91%D7%A8-%D7%A9%D7%AA%D7%99%D7%99%D7%AA-%D7%90%D7%9C%D7%9B%D7%95%D7%94%D7%95%D7%9C-%D7%9E%D7%92%D7%95%D7%A4%D7%95-%D7%A9%D7%9C-%D7%90%D7%93%D7%9D-%D7%90%D7%97%D7%A8/,DESKTOP,1,1008,0.000992063492063492,60
https://jus-tice.co.il/%D7%94%D7%98%D7%A8%D7%93%D7%94-%D7%9E%D7%99%D7%A0%D7%99%D7%AA-%D7%91%D7%91%D7%A8-%D7%A9%D7%AA%D7%99%D7%99%D7%AA-%D7%90%D7%9C%D7%9B%D7%95%D7%94%D7%95%D7%9C-%D7%9E%D7%92%D7%95%D7%A4%D7%95-%D7%A9%D7%9C-%D7%90%D7%93%D7%9D-%D7%90%D7%97%D7%A8/,TABLET,1,1,1,7
https://jus-tice.co.il/%D7%94%D7%9C%D7%99%D7%9A-%D7%94%D7%9E%D7%A2%D7%A6%D7%A8-%D7%9B%D7%9E%D7%94-%D7%A2%D7%95%D7%9C%D7%94-%D7%A2%D7%95%D7%A8%D7%9A-%D7%93%D7%99%D7%9F-%D7%9E%D7%A2%D7%A6%D7%A8%D7%99%D7%9D-%D7%9E%D7%97%D7%99%D7%A8%D7%95%D7%9F-%D7%A2%D7%95%D7%93-%D7%A4%D7%9C%D7%99%D7%9C%D7%99/,DESKTOP,1,6118,0.00016345210853220007,52.75187969924812
https://jus-tice.co.il/%D7%94%D7%A0%D7%97%D7%99%D7%95%D7%AA-%D7%A4%D7%A8%D7%A7%D7%9C%D7%99%D7%98-%D7%94%D7%9E%D7%93%D7%99%D7%A0%D7%94-%D7%94%D7%A0%D7%97%D7%99%D7%94-%D7%9E%D7%A1%D7%A4%D7%A8-13/,MOBILE,1,822,0.0012165450121654502,36.386861313868614
https://jus-tice.co.il/%D7%94%D7%A1%D7%9E%D7%9B%D7%95%D7%AA-%D7%9C%D7%A4%D7%A1%D7%95%D7%A7-%D7%91%D7%A2%D7%A0%D7%99%D7%99%D7%9F-%D7%94%D7%A8%D7%9B%D7%95%D7%A9-%D7%9C%D7%9E%D7%A8%D7%95%D7%AA-%D7%94%D7%A1%D7%9B%D7%9D-%D7%9E%D7%9E%D7%95%D7%9F-%D7%A9%D7%90%D7%95%D7%A9%D7%A8-%D7%91%D7%91%D7%99%D7%AA-%D7%94%D7%9E%D7%A9%D7%A4%D7%98/,MOBILE,1,100,0.01,52.45
https://jus-tice.co.il/%D7%94%D7%A9%D7%95%D7%A4%D7%98%D7%AA-%D7%90%D7%95%D7%A8%D7%99%D7%AA-%D7%91%D7%9F-%D7%93%D7%95%D7%A8-%D7%9C%D7%99%D7%91%D7%9C-%D7%94%D7%97%D7%9C%D7%98%D7%94-%D7%91%D7%91%D7%A7%D7%A9%D7%94-%D7%9C%D7%A1%D7%A2%D7%93-%D7%94%D7%A6%D7%94%D7%A8%D7%AA%D7%99-%D7%A2%D7%9C-%D7%96%D7%9B%D7%95%D7%99%D7%95%D7%AA-%D7%91%D7%93%D7%99%D7%A8%D7%94-%D7%AA%D7%9E%D7%A9-50682-04-17/,DESKTOP,1,531,0.0018832391713747645,50.94726930320151
https://jus-tice.co.il/%D7%94%D7%A9%D7%95%D7%A4%D7%98-%D7%90%D7%A8%D7%96-%D7%A9%D7%A0%D7%99-%D7%A4%D7%A1%D7%93-%D7%91%D7%AA%D7%91%D7%99%D7%A2%D7%AA-%D7%90%D7%91-%D7%9C%D7%9E%D7%A9%D7%9E%D7%95%D7%A8%D7%AA-%D7%95%D7%97%D7%9C%D7%95%D7%A7%D7%AA-%D7%96%D7%9E%D7%A0%D7%99-%D7%A9%D7%94%D7%95%D7%AA-%D7%A9%D7%95%D7%95%D7%99%D7%9D-%D7%AA%D7%9C%D7%94%D7%9E-64033-06-21/,DESKTOP,1,193,0.0051813471502590676,33.803108808290155
https://jus-tice.co.il/%D7%94%D7%A9%D7%95%D7%A4%D7%98-%D7%90%D7%A8%D7%99%D7%90%D7%9C-%D7%9E%D7%9E%D7%9F-%D7%94%D7%97%D7%9C%D7%98%D7%94-%D7%9C%D7%9E%D7%AA%D7%9F-%D7%A6%D7%95-%D7%94%D7%92%D7%A0%D7%94-%D7%9C%D7%9E%D7%A0%D7%99%D7%A2%D7%AA-%D7%90%D7%9C%D7%99%D7%9E%D7%95%D7%AA-%D7%91%D7%9E%D7%A9%D7%A4%D7%97%D7%94-%D7%94%D7%98-40857-03-22/,DESKTOP,1,411,0.0024330900243309003,71.16301703163018
https://jus-tice.co.il/%D7%94%D7%A9%D7%95%D7%A4%D7%98-%D7%90%D7%A8%D7%99%D7%90%D7%9C-%D7%9E%D7%9E%D7%9F-%D7%94%D7%97%D7%9C%D7%98%D7%94-%D7%9C%D7%9E%D7%AA%D7%9F-%D7%A6%D7%95-%D7%94%D7%92%D7%A0%D7%94-%D7%9C%D7%9E%D7%A0%D7%99%D7%A2%D7%AA-%D7%90%D7%9C%D7%99%D7%9E%D7%95%D7%AA-%D7%91%D7%9E%D7%A9%D7%A4%D7%97%D7%94-%D7%94%D7%98-40857-03-22/,MOBILE,1,98,0.01020408163265306,51.89795918367347
https://jus-tice.co.il/%D7%94%D7%A9%D7%A7%D7%A2%D7%95%D7%AA-%D7%A0%D7%93%D7%9C%D7%9F-%D7%91%D7%A0%D7%99%D7%95-%D7%99%D7%95%D7%A8%D7%A7-%D7%9E%D7%91%D7%98-%D7%9E%D7%95%D7%A8%D7%97%D7%91-%D7%9C%D7%9E%D7%A9%D7%A7%D7%99%D7%A2%D7%99%D7%9D-%D7%99%D7%A9%D7%A8%D7%90%D7%9C%D7%99%D7%9D/,DESKTOP,1,4371,0.00022878059940517045,46.56760466712423
https://jus-tice.co.il/%D7%97%D7%93%D7%A9%D7%95%D7%AA-%D7%A4%D7%9C%D7%99%D7%9C%D7%99-%D7%9E%D7%AA%D7%A2%D7%93%D7%9B%D7%9F/,DESKTOP,1,1394,0.0007173601147776184,50.29124820659971
https://jus-tice.co.il/%D7%97%D7%A9%D7%99%D7%A4%D7%AA-%D7%A4%D7%A8%D7%98%D7%99-%D7%9E%D7%A9%D7%AA%D7%9E%D7%A9-%D7%A8%D7%9E%D7%99-%D7%9E%D7%95%D7%A8-%D7%A0%D7%92%D7%93-%D7%91%D7%A8%D7%A7-%D7%90%D7%99-%D7%98%D7%99-%D7%A1%D7%99/,MOBILE,1,65,0.015384615384615385,12.553846153846154
https://jus-tice.co.il/%D7%9B%D7%99%D7%A6%D7%93-%D7%9C%D7%9E%D7%A6%D7%95%D7%90-%D7%A2%D7%96%D7%A8%D7%94-%D7%9E%D7%A9%D7%A4%D7%98%D7%99%D7%AA-%D7%9B%D7%90%D7%A9%D7%A8-%D7%90%D7%99%D7%A0%D7%9A-%D7%99%D7%9B%D7%95%D7%9C-%D7%9C%D7%94%D7%A8%D7%A9%D7%95%D7%AA-%D7%9C%D7%A2%D7%A6%D7%9E%D7%9A-%D7%A2%D7%95%D7%A8%D7%9A-%D7%93%D7%99%D7%9F/,DESKTOP,1,831,0.0012033694344163659,32.61131167268351
https://jus-tice.co.il/%D7%9E%D7%90%D7%A1%D7%A8-%D7%91%D7%92%D7%99%D7%9F-%D7%94%D7%98%D7%A8%D7%93%D7%94-%D7%9E%D7%99%D7%A0%D7%99%D7%AA-%D7%95%D7%94%D7%AA%D7%A0%D7%9B%D7%9C%D7%95%D7%AA-%D7%91%D7%90%D7%9E%D7%A6%D7%A2%D7%95%D7%AA-%D7%A8%D7%A9%D7%AA-%D7%94%D7%98%D7%9C%D7%92%D7%A8%D7%9D-%D7%AA%D7%A4-43967-07-20/,DESKTOP,1,873,0.001145475372279496,48.111111111111114
https://jus-tice.co.il/%D7%9E%D7%93%D7%A8%D7%99%D7%9A-%D7%A2%D7%93%D7%9B%D7%A0%D7%99-%D7%9C%D7%94%D7%A1%D7%9B%D7%9D-%D7%9E%D7%9E%D7%95%D7%9F/,DESKTOP,1,3204,0.00031210986267166043,60.13171036204744
https://jus-tice.co.il/%D7%9E%D7%94%D7%95-%D7%A8%D7%95%D7%A4%D7%90-%D7%9E%D7%94-%D7%AA%D7%A4%D7%A7%D7%99%D7%93%D7%95-%D7%95%D7%97%D7%95%D7%91%D7%95%D7%AA%D7%99%D7%95-%D7%94%D7%9E%D7%A7%D7%A6%D7%95%D7%A2%D7%99%D7%95%D7%AA/,MOBILE,1,114,0.008771929824561403,59.81578947368421
https://jus-tice.co.il/%D7%9E%D7%97%D7%99%D7%A8%D7%95%D7%9F-%D7%9E%D7%95%D7%9E%D7%9C%D7%A5-%D7%A2%D7%95%D7%A8%D7%9A-%D7%93%D7%99%D7%9F-%D7%A4%D7%9C%D7%99%D7%9C%D7%99/,TABLET,1,7,0.14285714285714285,30.857142857142858
https://jus-tice.co.il/%D7%9E%D7%99%D7%A0%D7%95%D7%99-%D7%9E%D7%A0%D7%94%D7%9C-%D7%A2%D7%99%D7%96%D7%91%D7%95%D7%9F-%D7%9B%D7%9E%D7%A4%D7%95%D7%A8%D7%98-%D7%91%D7%A6%D7%95%D7%95%D7%90%D7%94-%D7%95%D7%94%D7%AA%D7%A0%D7%92%D7%93%D7%95%D7%AA-%D7%9C%D7%91%D7%A7%D7%A9%D7%94/,DESKTOP,1,1885,0.0005305039787798408,43.90450928381963
https://jus-tice.co.il/%D7%9E%D7%A9%D7%A8%D7%93-%D7%94%D7%9E%D7%A9%D7%A4%D7%98%D7%99%D7%9D-%D7%99%D7%A9%D7%A8%D7%90%D7%9C/%D7%A1%D7%A0%D7%99%D7%92%D7%95%D7%A8%D7%99%D7%94-%D7%A6%D7%99%D7%91%D7%95%D7%A8%D7%99%D7%AA/,MOBILE,1,643,0.0015552099533437014,26.354587869362366
https://jus-tice.co.il/%D7%9E%D7%A9%D7%A8%D7%93-%D7%A2%D7%95%D7%A8%D7%9B%D7%99-%D7%93%D7%99%D7%9F-%D7%A4%D7%9C%D7%99%D7%9C%D7%99-%D7%94%D7%9B%D7%99-%D7%98%D7%95%D7%91-%D7%AA%D7%9C-%D7%90%D7%91%D7%99%D7%91/,DESKTOP,1,11473,0.00008716116098666435,52.26374967314565
https://jus-tice.co.il/%D7%9E%D7%A9%D7%A8%D7%93-%D7%A2%D7%95%D7%A8%D7%9B%D7%99-%D7%93%D7%99%D7%9F-%D7%A4%D7%9C%D7%99%D7%9C%D7%99-%D7%94%D7%9B%D7%99-%D7%98%D7%95%D7%91-%D7%AA%D7%9C-%D7%90%D7%91%D7%99%D7%91/,MOBILE,1,957,0.0010449320794148381,51.122257053291534
https://jus-tice.co.il/%D7%A0%D7%91%D7%97%D7%A8%D7%AA-%D7%94%D7%97%D7%9C%D7%95%D7%9E%D7%95%D7%AA-%D7%A9%D7%9C-%D7%A2%D7%95%D7%A8%D7%9B%D7%99-%D7%94%D7%93%D7%99%D7%9F/,DESKTOP,1,142,0.007042253521126761,29.58450704225352
https://jus-tice.co.il/%D7%A0%D7%95%D7%A1%D7%97-%D7%9B%D7%AA%D7%91-%D7%94%D7%90%D7%99%D7%A9%D7%95%D7%9D-%D7%A0%D7%92%D7%93-%D7%91%D7%A0%D7%99%D7%9E%D7%99%D7%9F-%D7%A0%D7%AA%D7%A0%D7%99%D7%94%D7%95-%D7%AA%D7%99%D7%A7%D7%99%D7%9D-1000-2000-4000,DESKTOP,1,91,0.01098901098901099,52.032967032967036
https://jus-tice.co.il/%D7%A0%D7%99%D7%94%D7%95%D7%9C-%D7%9E%D7%95%D7%A0%D7%99%D7%98%D7%99%D7%9F-%D7%9E%D7%A7%D7%95%D7%95%D7%9F-%D7%9C%D7%A2%D7%95%D7%A8%D7%9B%D7%99-%D7%93%D7%99%D7%9F-%D7%91%D7%A8%D7%A9%D7%AA-%D7%94%D7%90%D7%99%D7%A0%D7%98%D7%A8%D7%A0%D7%98/,DESKTOP,1,4925,0.0002030456852791878,38.24954314720812
https://jus-tice.co.il/%D7%A1%D7%98%D7%98%D7%99%D7%A1%D7%98%D7%99%D7%A7%D7%94-%D7%A2%D7%9C-%D7%92%D7%99%D7%A8%D7%95%D7%A9%D7%99%D7%9F/,MOBILE,1,104,0.009615384615384616,40.51923076923077
https://jus-tice.co.il/%D7%A1%D7%99%D7%95%D7%A2-%D7%9E%D7%A9%D7%A4%D7%98%D7%99-%D7%9C%D7%A0%D7%A4%D7%92%D7%A2%D7%99-%D7%A2%D7%91%D7%99%D7%A8%D7%94/,DESKTOP,1,698,0.0014326647564469914,60.53008595988538
https://jus-tice.co.il/%D7%A1%D7%99%D7%95%D7%A2-%D7%9E%D7%A9%D7%A4%D7%98%D7%99-%D7%9C%D7%A0%D7%A4%D7%92%D7%A2%D7%99-%D7%A2%D7%91%D7%99%D7%A8%D7%94/,MOBILE,1,216,0.004629629629629629,21.51388888888889
https://jus-tice.co.il/%D7%A1%D7%A2%D7%A934999-11-21-%D7%A1%D7%A2%D7%99%D7%A3-46-%D7%90-%D7%9C%D7%AA%D7%A7%D7%A0%D7%95%D7%AA-%D7%91%D7%99%D7%AA-%D7%94%D7%93%D7%99%D7%9F-%D7%9C%D7%A2%D7%91%D7%95%D7%93%D7%94/,MOBILE,1,165,0.006060606060606061,41.60606060606061
https://jus-tice.co.il/%D7%A2%D7%95%D7%A0%D7%A9-%D7%A4%D7%9C%D7%99%D7%9C%D7%99-%D7%9C%D7%A0%D7%90%D7%A9%D7%9D-%D7%91%D7%90%D7%99%D7%A0%D7%95%D7%A1-%D7%95%D7%9E%D7%A2%D7%A9%D7%94-%D7%A1%D7%93%D7%95%D7%9D-%D7%91%D7%A7%D7%98%D7%99%D7%A0%D7%94/,MOBILE,1,374,0.00267379679144385,68.94919786096257
https://jus-tice.co.il/%D7%A2%D7%95%D7%A8%D7%9A-%D7%93%D7%99%D7%9F-%D7%A4%D7%95%D7%A8%D7%A7%D7%A1-forex/,DESKTOP,1,9981,0.00010019036168720569,34.26961226330027
https://jus-tice.co.il/%D7%A2%D7%95%D7%A8%D7%9A-%D7%93%D7%99%D7%9F-%D7%A4%D7%9C%D7%99%D7%9C%D7%99-%D7%94%D7%9B%D7%99-%D7%98%D7%95%D7%91-%D7%91%D7%90%D7%A8%D7%A5/,DESKTOP,1,9532,0.0001049097775912715,48.354909777591274
https://jus-tice.co.il/%D7%A2%D7%95%D7%A8%D7%9A-%D7%93%D7%99%D7%9F-%D7%A4%D7%9C%D7%99%D7%9C%D7%99-%D7%99%D7%95%D7%A6%D7%90-%D7%A4%D7%A8%D7%A7%D7%9C%D7%99%D7%98%D7%95%D7%AA-%D7%94%D7%9E%D7%9C%D7%A6%D7%95%D7%AA-%D7%A2%D7%95%D7%93-%D7%A4%D7%9C%D7%99%D7%9C%D7%99-%D7%AA%D7%91%D7%99%D7%A2%D7%95%D7%AA/,DESKTOP,1,808,0.0012376237623762376,42.01980198019802
https://jus-tice.co.il/%D7%A2%D7%95%D7%A8%D7%9A-%D7%93%D7%99%D7%9F-%D7%A4%D7%9C%D7%99%D7%9C%D7%99-%D7%9E%D7%A4%D7%95%D7%A8%D7%A1%D7%9D-%D7%A2%D7%95%D7%93-%D7%A4%D7%9C%D7%99%D7%9C%D7%99-%D7%9E%D7%A4%D7%95%D7%A8%D7%A1%D7%9D-%D7%91%D7%99%D7%A9%D7%A8%D7%90%D7%9C/,DESKTOP,1,11641,0.00008590327291469805,61.366205652435355
https://jus-tice.co.il/%D7%A2%D7%95%D7%A8%D7%9A-%D7%93%D7%99%D7%9F-%D7%A6%D7%91%D7%90%D7%99/,DESKTOP,1,26350,0.00003795066413662239,49.11810246679317
https://jus-tice.co.il/%D7%A2%D7%95%D7%A8%D7%9B%D7%AA-%D7%93%D7%99%D7%9F-%D7%92%D7%90%D7%A1%D7%98%D7%99%D7%A1-%D7%99%D7%A9%D7%A8%D7%90%D7%9C/,DESKTOP,1,16,0.0625,1.5625
https://jus-tice.co.il/%D7%A2%D7%9E-49933-03-20/,MOBILE,1,95,0.010526315789473684,20.642105263157895
https://jus-tice.co.il/%D7%A4%D7%A1%D7%93-%D7%91%D7%A0%D7%95%D7%A9%D7%90-%D7%97%D7%95%D7%A4%D7%A9-%D7%94%D7%A2%D7%99%D7%A1%D7%95%D7%A7-%D7%A1%D7%A2%D7%A9-49088-11-18/,DESKTOP,1,1717,0.0005824111822947001,30.405358182877112
https://jus-tice.co.il/%D7%A4%D7%A1%D7%93-%D7%91%D7%A0%D7%95%D7%A9%D7%90-%D7%97%D7%95%D7%A4%D7%A9-%D7%94%D7%A2%D7%99%D7%A1%D7%95%D7%A7-%D7%A1%D7%A2%D7%A9-49088-11-18/,MOBILE,1,353,0.0028328611898017,35.56940509915014
https://jus-tice.co.il/%D7%A4%D7%A1%D7%93-%D7%91%D7%A2%D7%A0%D7%99%D7%99%D7%9F-%D7%AA%D7%91%D7%99%D7%A2%D7%AA-%D7%A4%D7%99%D7%A6%D7%95%D7%99%D7%99%D7%9D-%D7%9B%D7%A0%D7%92%D7%93-%D7%A8%D7%95%D7%A4%D7%90-%D7%A9%D7%99%D7%A0%D7%99%D7%99%D7%9D-%D7%AA%D7%90-9109-12-19/,MOBILE,1,239,0.0041841004184100415,63.03765690376569
https://jus-tice.co.il/%D7%A4%D7%A1%D7%93-%D7%91%D7%A9%D7%AA%D7%99-%D7%AA%D7%95%D7%91%D7%A2%D7%A0%D7%95%D7%AA-%D7%91%D7%A0%D7%95%D7%A9%D7%90-%D7%92%D7%91%D7%99%D7%99%D7%AA-%D7%9E%D7%96%D7%95%D7%A0%D7%95%D7%AA-%D7%95%D7%91%D7%99%D7%98%D7%95%D7%9C-%D7%94%D7%A1%D7%9B%D7%9D-%D7%97%D7%9C%D7%95%D7%A7%D7%AA-%D7%A2%D7%99%D7%96%D7%91%D7%95%D7%9F/,DESKTOP,1,193,0.0051813471502590676,52.854922279792746
https://jus-tice.co.il/%D7%A4%D7%A1%D7%93-%D7%AA%D7%91%D7%99%D7%A2%D7%94-%D7%9C%D7%AA%D7%A9%D7%9C%D7%95%D7%9D-%D7%A4%D7%99%D7%A6%D7%95%D7%99%D7%99%D7%9D-%D7%91%D7%A9%D7%9C-%D7%A0%D7%96%D7%A7%D7%99-%D7%92%D7%95%D7%A3-%D7%A9%D7%A0%D7%92%D7%A8%D7%9E%D7%95-%D7%91%D7%A9%D7%9C-%D7%AA%D7%90%D7%95%D7%A0%D7%AA-%D7%93%D7%A8%D7%9B%D7%99%D7%9D/,DESKTOP,1,2915,0.00034305317324185246,71.27204116638079
https://jus-tice.co.il/%D7%A4%D7%A1%D7%93-%D7%AA%D7%91%D7%99%D7%A2%D7%94-%D7%9C%D7%AA%D7%A9%D7%9C%D7%95%D7%9D-%D7%A4%D7%99%D7%A6%D7%95%D7%99%D7%99%D7%9D-%D7%91%D7%A9%D7%9C-%D7%A0%D7%96%D7%A7%D7%99-%D7%92%D7%95%D7%A3-%D7%A9%D7%A0%D7%92%D7%A8%D7%9E%D7%95-%D7%91%D7%A9%D7%9C-%D7%AA%D7%90%D7%95%D7%A0%D7%AA-%D7%93%D7%A8%D7%9B%D7%99%D7%9D/,MOBILE,1,229,0.004366812227074236,55.97816593886463
https://jus-tice.co.il/%D7%A4%D7%A1%D7%A7-%D7%93%D7%99%D7%9F-%D7%91%D7%A2%D7%A0%D7%99%D7%99%D7%9F-%D7%9E%D7%97%D7%9C%D7%95%D7%A7%D7%AA-%D7%A6%D7%A8%D7%9B%D7%A0%D7%99%D7%AA-%D7%91%D7%99%D7%9F-%D7%A6%D7%93%D7%93%D7%99%D7%9D-%D7%91%D7%A9%D7%9C-%D7%A8%D7%9B%D7%99%D7%A9%D7%AA-%D7%9E%D7%A9%D7%A7%D7%A4%D7%99-%D7%A8%D7%90%D7%99%D7%94/,MOBILE,1,9,0.1111111111111111,20.88888888888889
https://jus-tice.co.il/%D7%A4%D7%A1%D7%A7-%D7%93%D7%99%D7%9F-%D7%94%D7%A6%D7%94%D7%A8%D7%AA%D7%99-%D7%91%D7%A0%D7%95%D7%92%D7%A2-%D7%9C%D7%9E%D7%97%D7%A6%D7%99%D7%AA-%D7%9E%D7%94%D7%96%D7%9B%D7%95%D7%99%D7%95%D7%AA-%D7%91%D7%91%D7%99%D7%AA-%D7%95%D7%91%D7%A7%D7%A8%D7%A7%D7%A2-%D7%AA%D7%9E%D7%A9-35298-10-19/,MOBILE,1,266,0.0037593984962406013,40.30075187969925
https://jus-tice.co.il/%D7%A6%D7%95-%D7%91%D7%99%D7%AA-%D7%9E%D7%A9%D7%A4%D7%98-%D7%9C%D7%94%D7%A9%D7%91%D7%AA-%D7%A0%D7%A9%D7%A7-%D7%90%D7%99%D7%A9%D7%99/,MOBILE,1,447,0.0022371364653243847,68.85011185682326
https://jus-tice.co.il/%D7%A7%D7%91%D7%99%D7%A2%D7%AA-%D7%9E%D7%95%D7%A2%D7%93-%D7%94%D7%A7%D7%A8%D7%A2-%D7%9C%D7%A2%D7%A0%D7%99%D7%99%D7%9F-%D7%90%D7%99%D7%96%D7%95%D7%9F-%D7%94%D7%9E%D7%A9%D7%90%D7%91%D7%99%D7%9D-%D7%91%D7%99%D7%9F-%D7%91%D7%A0%D7%99-%D7%96%D7%95%D7%92-%D7%AA%D7%9C%D7%94%D7%9E-18194-04-22/,MOBILE,1,247,0.004048582995951417,21.020242914979757
https://jus-tice.co.il/%D7%AA%D7%97%D7%A0%D7%95%D7%AA-%D7%9E%D7%A9%D7%98%D7%A8%D7%94-%D7%9B%D7%AA%D7%95%D7%91%D7%AA-%D7%98%D7%9C%D7%A4%D7%95%D7%9F-%D7%A8%D7%A9%D7%99%D7%9E%D7%94-%D7%90%D7%A8%D7%A6%D7%99%D7%AA-%D7%9E%D7%A2%D7%95%D7%93%D7%9B%D7%9F/,TABLET,1,30,0.03333333333333333,11.7
https://jus-tice.co.il/%D7%AA%D7%A469728-06-20%D7%9E%D7%93%D7%99%D7%A0%D7%AA-%D7%99%D7%A9%D7%A8%D7%90%D7%9C-%D7%A0-%D7%A1%D7%95%D7%9C%D7%95%D7%9E%D7%95%D7%9F/,MOBILE,1,139,0.007194244604316547,68.87769784172662
https://jus-tice.co.il/%D7%AA%D7%A7%D7%A0%D7%95%D7%AA-%D7%94%D7%91%D7%99%D7%98%D7%95%D7%97-%D7%94%D7%9C%D7%90%D7%95%D7%9E%D7%99-%D7%A7%D7%91%D7%99%D7%A2%D7%AA-%D7%93%D7%A8%D7%92%D7%AA-%D7%A0%D7%9B%D7%95%D7%AA-%D7%9C%D7%A0%D7%A4%D7%92%D7%A2%D7%99-%D7%A2%D7%91%D7%95%D7%93%D7%94-%D7%AA%D7%A9%D7%98%D7%96-1956/,DESKTOP,1,4172,0.00023969319271332693,27.05560882070949
https://jus-tice.co.il/11314-01-23/,DESKTOP,1,209,0.004784688995215311,29.95693779904306
https://jus-tice.co.il/1495176/4/,MOBILE,1,9,0.1111111111111111,55.666666666666664
https://jus-tice.co.il/17044-12-22/,MOBILE,1,23,0.043478260869565216,56.21739130434783
https://jus-tice.co.il/2015-2016-major-supreme-court-ruling/,MOBILE,1,45,0.022222222222222223,26.31111111111111
https://jus-tice.co.il/2019-2020-major-supreme-court-ruling,MOBILE,1,258,0.003875968992248062,30.6937984496124
https://jus-tice.co.il/21213-04-18/,MOBILE,1,90,0.011111111111111112,55.2
https://jus-tice.co.il/39514-09-19/,DESKTOP,1,821,0.001218026796589525,59.9415347137637
https://jus-tice.co.il/40939-11-19/,DESKTOP,1,159,0.006289308176100629,46.38993710691824
https://jus-tice.co.il/52923-11-20/,DESKTOP,1,257,0.0038910505836575876,68.96498054474708
https://jus-tice.co.il/55188-07-20/,TABLET,1,10,0.1,7.3
https://jus-tice.co.il/70703-09-24/,MOBILE,1,6,0.16666666666666666,26
https://jus-tice.co.il/9230-03-20/,MOBILE,1,1632,0.0006127450980392157,63.16299019607843
https://jus-tice.co.il/about-usa/,DESKTOP,1,7086,0.00014112334180073385,32.43226079593565
https://jus-tice.co.il/about-usa/,MOBILE,1,6023,0.00016603021749958492,14.489457081188776
https://jus-tice.co.il/accountant/,DESKTOP,1,4295,0.00023282887077997672,55.630267753201394
https://jus-tice.co.il/adoption-usa/,MOBILE,1,73,0.0136986301369863,38.0958904109589
https://jus-tice.co.il/american-bar-association/,MOBILE,1,203,0.0049261083743842365,34.19704433497537
https://jus-tice.co.il/americas-best-law-schools/,DESKTOP,1,1127,0.0008873114463176575,46.88908606921029
https://jus-tice.co.il/apply-for-police-criminal-information-certificates/,TABLET,1,25,0.04,8.48
https://jus-tice.co.il/arbitration-dispute-between-partners-law-firm/,MOBILE,1,34,0.029411764705882353,2.7941176470588234
https://jus-tice.co.il/arrested-abroad-il/,DESKTOP,1,846,0.001182033096926714,56.118203309692674
https://jus-tice.co.il/articles/%D7%90%D7%99%D7%9A-%D7%9C%D7%91%D7%97%D7%95%D7%A8-%D7%9E%D7%A9%D7%A8%D7%93-%D7%A2%D7%95%D7%A8%D7%9A-%D7%93%D7%99%D7%9F-%D7%92%D7%99%D7%A8%D7%95%D7%A9%D7%99%D7%9F-%D7%9B%D7%A9%D7%9E%D7%AA%D7%92%D7%A8/,MOBILE,1,289,0.0034602076124567475,70.41522491349481
https://jus-tice.co.il/articles/%D7%90%D7%99%D7%AA%D7%9F-%D7%94%D7%90%D7%96%D7%A8%D7%97%D7%99-%D7%95%D7%A9%D7%95%D7%AA-%D7%9E%D7%A9%D7%A8%D7%93-%D7%A2%D7%95%D7%A8%D7%9B%D7%99-%D7%93%D7%99%D7%9F/,MOBILE,1,139,0.007194244604316547,10.496402877697841
https://jus-tice.co.il/articles/%D7%90%D7%A7%D7%98%D7%95%D7%90%D7%A8-%D7%9E%D7%94%D7%95-%D7%9E%D7%93%D7%A2-%D7%94%D7%90%D7%A7%D7%98%D7%95%D7%90%D7%A8%D7%99%D7%94/,DESKTOP,1,12009,0.00008327088017320343,35.945957198767594
https://jus-tice.co.il/articles/%D7%90%D7%A7%D7%98%D7%95%D7%90%D7%A8-%D7%9E%D7%94%D7%95-%D7%9E%D7%93%D7%A2-%D7%94%D7%90%D7%A7%D7%98%D7%95%D7%90%D7%A8%D7%99%D7%94/,MOBILE,1,650,0.0015384615384615385,30.26153846153846
https://jus-tice.co.il/articles/%D7%94%D7%A6%D7%A2%D7%AA-%D7%97%D7%95%D7%A7-%D7%93%D7%99%D7%A0%D7%99-%D7%9E%D7%9E%D7%95%D7%A0%D7%95%D7%AA-%D7%94%D7%AA%D7%A9%D7%A2%D7%90-2011-%D7%A2%D7%9D-%D7%94%D7%A1%D7%91%D7%A8%D7%99%D7%9D/,MOBILE,1,210,0.004761904761904762,13.347619047619048
https://jus-tice.co.il/articles/%D7%94%D7%A9%D7%95%D7%A4%D7%98%D7%AA-%D7%9E%D7%99%D7%9B%D7%9C-%D7%90%D7%92%D7%9E%D7%95%D7%9F-%D7%92%D7%95%D7%A0%D7%9F-%D7%A4%D7%A1%D7%93-%D7%91%D7%AA%D7%91%D7%99%D7%A2%D7%94-%D7%99%D7%99%D7%A6/,DESKTOP,1,61,0.01639344262295082,20.327868852459016
https://jus-tice.co.il/articles/%D7%94%D7%A9%D7%95%D7%A4%D7%98%D7%AA-%D7%9E%D7%99%D7%9B%D7%9C-%D7%90%D7%92%D7%9E%D7%95%D7%9F-%D7%92%D7%95%D7%A0%D7%9F-%D7%A4%D7%A1%D7%93-%D7%91%D7%AA%D7%91%D7%99%D7%A2%D7%94-%D7%99%D7%99%D7%A6/,MOBILE,1,66,0.015151515151515152,13.606060606060606
https://jus-tice.co.il/articles/%D7%94%D7%A9%D7%95%D7%A4%D7%98-%D7%99%D7%97%D7%96%D7%A7%D7%90%D7%9C-%D7%90%D7%9C%D7%99%D7%94%D7%95-%D7%94%D7%97%D7%9C%D7%98%D7%94-%D7%91%D7%91%D7%A7%D7%A9%D7%94-%D7%9C%D7%A6%D7%A8%D7%A3-%D7%AA%D7%95/,MOBILE,1,95,0.010526315789473684,15.589473684210526
https://jus-tice.co.il/articles/%D7%97%D7%9C%D7%95%D7%A7%D7%AA-%D7%96%D7%9E%D7%A0%D7%99-%D7%A9%D7%94%D7%95%D7%AA-%D7%9E%D7%99%D7%A0%D7%95%D7%99-%D7%9E%D7%AA%D7%90%D7%9D-%D7%94%D7%95%D7%A8%D7%99-%D7%A2%D7%9D-%D7%A1%D7%9E%D7%9B/,MOBILE,1,27,0.037037037037037035,21.925925925925927
https://jus-tice.co.il/articles/%D7%9E%D7%96%D7%95%D7%A0%D7%95%D7%AA-%D7%94%D7%99%D7%9C%D7%93%D7%99%D7%9D-%D7%AA%D7%A9%D7%9C%D7%95%D7%9D-%D7%A4%D7%A2%D7%95%D7%98%D7%95%D7%9F-%D7%A6%D7%94%D7%A8%D7%95%D7%9F-%D7%95%D7%9E/,MOBILE,1,10,0.1,16.6
https://jus-tice.co.il/articles/%D7%9E%D7%97%D7%A7%D7%A8-%D7%A4%D7%9C%D7%99%D7%9C%D7%99-%D7%92%D7%95%D7%A4%D7%99%D7%9D-%D7%A1%D7%98%D7%98%D7%95%D7%98%D7%95%D7%A8%D7%99%D7%99%D7%9D-%D7%94%D7%A2%D7%95%D7%A1%D7%A7%D7%99%D7%9D-%D7%91/,DESKTOP,1,205,0.004878048780487805,29.87317073170732
https://jus-tice.co.il/articles/%D7%9E%D7%A7%D7%A8%D7%99-%D7%A8%D7%A9%D7%9C%D7%A0%D7%95%D7%AA-%D7%A8%D7%A4%D7%95%D7%90%D7%99%D7%AA-%D7%93%D7%95%D7%92%D7%9E%D7%90%D7%95%D7%AA/,MOBILE,1,519,0.0019267822736030828,36.714836223506744
https://jus-tice.co.il/articles/%D7%A4%D7%92%D7%99%D7%A2%D7%94-%D7%91%D7%A4%D7%A8%D7%98%D7%99%D7%95%D7%AA-%D7%A1%D7%A7%D7%99%D7%A8%D7%AA-%D7%94%D7%9E%D7%A1%D7%92%D7%A8%D7%AA-%D7%94%D7%A0%D7%95%D7%A8%D7%9E%D7%98%D7%99%D7%91%D7%99/,DESKTOP,1,1217,0.0008216926869350862,52.35497124075596
https://jus-tice.co.il/articles/%D7%A4%D7%92%D7%99%D7%A2%D7%94-%D7%91%D7%A4%D7%A8%D7%98%D7%99%D7%95%D7%AA-%D7%A1%D7%A7%D7%99%D7%A8%D7%AA-%D7%94%D7%9E%D7%A1%D7%92%D7%A8%D7%AA-%D7%94%D7%A0%D7%95%D7%A8%D7%9E%D7%98%D7%99%D7%91%D7%99/,MOBILE,1,369,0.0027100271002710027,54.2520325203252
https://jus-tice.co.il/articles/%D7%AA%D7%90-40044-06-18-%D7%A4%D7%A8%D7%95%D7%99%D7%A7%D7%98-%D7%9E%D7%A8%D7%9B%D7%96-%D7%A0%D7%AA%D7%A0%D7%99%D7%94-%D7%9B%D7%97%D7%95%D7%9C-%D7%9C%D7%91%D7%9F-%D7%91%D7%A2%D7%9E-%D7%95%D7%90/,MOBILE,1,11,0.09090909090909091,23.181818181818183
https://jus-tice.co.il/articles/%D7%AA%D7%A4-26290-04-18-%D7%9E%D7%93%D7%99%D7%A0%D7%AA-%D7%99%D7%A9%D7%A8%D7%90%D7%9C-%D7%A0-%D7%99%D7%95%D7%A1%D7%A4%D7%94-%D7%91%D7%A8%D7%A7/,MOBILE,1,102,0.00980392156862745,41.84313725490196
https://jus-tice.co.il/baker-mckenzie/,TABLET,1,4,0.25,3.75
https://jus-tice.co.il/belgian-lawyers/,DESKTOP,1,1595,0.0006269592476489029,16.369905956112852
https://jus-tice.co.il/best-criminal-defence-lawyers-worldwide/,DESKTOP,1,3242,0.00030845157310302283,36.23689080814312
https://jus-tice.co.il/best-criminal-defence-lawyers-worldwide/,MOBILE,1,371,0.0026954177897574125,31.10512129380054
https://jus-tice.co.il/buying-property-in-greece/,DESKTOP,1,18845,0.00005306447333510215,47.47779251790926
https://jus-tice.co.il/buying-property-in-portugal/,DESKTOP,1,16648,0.0000600672753483902,35.250780874579526
https://jus-tice.co.il/cadastre/,MOBILE,1,171,0.005847953216374269,9.070175438596491
https://jus-tice.co.il/canada-lawyers/,DESKTOP,1,1228,0.0008143322475570033,17.01302931596091
https://jus-tice.co.il/cancel-a-divorce-settlement-agreement/,MOBILE,1,2030,0.0004926108374384236,48.98374384236453
https://jus-tice.co.il/cascais/,TABLET,1,1,1,16
https://jus-tice.co.il/changing-or-canceling-a-prenuptial-agreement/,DESKTOP,1,6286,0.0001590836780146357,42.48345529748648
https://jus-tice.co.il/child-pornography-laws-in-the-united-states/,MOBILE,1,92,0.010869565217391304,34.98913043478261
https://jus-tice.co.il/cohabitation-property-rights-for-unmarried-couples/,TABLET,1,2,0.5,12
https://jus-tice.co.il/compensation-flight-delayed/,DESKTOP,1,3152,0.00031725888324873094,62.963832487309645
https://jus-tice.co.il/consent/,DESKTOP,1,1017,0.0009832841691248771,23.40511307767945
https://jus-tice.co.il/court-judge/,TABLET,1,13,0.07692307692307693,12.538461538461538
https://jus-tice.co.il/criminal-negligence/,MOBILE,1,306,0.0032679738562091504,10.973856209150327
https://jus-tice.co.il/cyber-law/,DESKTOP,1,1646,0.0006075334143377885,37.38639125151883
https://jus-tice.co.il/cyber-law/,MOBILE,1,159,0.006289308176100629,50.83018867924528
https://jus-tice.co.il/cyber-laws/,DESKTOP,1,1244,0.0008038585209003215,45.80546623794212
https://jus-tice.co.il/cyber-lawyer/,DESKTOP,1,8895,0.00011242270938729624,46.45913434513772
https://jus-tice.co.il/cybersex-trafficking/,MOBILE,1,126,0.007936507936507936,44.67460317460318
https://jus-tice.co.il/cyprus-lawyer/,DESKTOP,1,4080,0.00024509803921568627,22.640686274509804
https://jus-tice.co.il/decision17331-01-17/,MOBILE,1,60,0.016666666666666666,10.416666666666666
https://jus-tice.co.il/decision20043-03-23/,DESKTOP,1,208,0.004807692307692308,9.014423076923077
https://jus-tice.co.il/decision22431-08-19/,MOBILE,1,70,0.014285714285714285,57.47142857142857
https://jus-tice.co.il/decision22695-02-20/,DESKTOP,1,1388,0.0007204610951008645,58.038184438040346
https://jus-tice.co.il/decision22695-02-20/,MOBILE,1,63,0.015873015873015872,73.2063492063492
https://jus-tice.co.il/decision42377-09-22/,MOBILE,1,236,0.00423728813559322,23.70762711864407
https://jus-tice.co.il/decision50014-01-19/,DESKTOP,1,581,0.0017211703958691911,45.28227194492255
https://jus-tice.co.il/decision56187-03-21/,DESKTOP,1,221,0.004524886877828055,63.4027149321267
https://jus-tice.co.il/decision60362-03-22/,MOBILE,1,61,0.01639344262295082,25.39344262295082
https://jus-tice.co.il/decision66529-11-19/,DESKTOP,1,34,0.029411764705882353,20.294117647058822
https://jus-tice.co.il/description-and-structure-of-the-ministry-of-justice/,DESKTOP,1,1858,0.0005382131324004305,58.192680301399356
https://jus-tice.co.il/driving-under-the-influence-of-drugs/,DESKTOP,1,5618,0.000177999288002848,35.27073691705233
https://jus-tice.co.il/driving-under-the-influence-of-drugs/,MOBILE,1,1628,0.0006142506142506142,34.81388206388206
https://jus-tice.co.il/drug-trafficking/,MOBILE,1,524,0.0019083969465648854,24.03053435114504
https://jus-tice.co.il/dun-bradstreet/,MOBILE,1,120,0.008333333333333333,29.691666666666666
https://jus-tice.co.il/epa-guide-qa/,DESKTOP,1,519,0.0019267822736030828,57.9364161849711
https://jus-tice.co.il/everything-you-need-to-know-about-becoming-a-criminal-lawyer/,DESKTOP,1,4828,0.00020712510356255177,62.80136702568351
https://jus-tice.co.il/everything-you-need-to-know-about-becoming-a-criminal-lawyer/,MOBILE,1,752,0.0013297872340425532,63.61303191489362
https://jus-tice.co.il/extradition-guide/,DESKTOP,1,2301,0.000434593654932638,19.79530638852673
https://jus-tice.co.il/family-law/,DESKTOP,1,6260,0.0001597444089456869,62.2202875399361
https://jus-tice.co.il/family-law/,MOBILE,1,1270,0.0007874015748031496,55.725984251968505
https://jus-tice.co.il/force-majeure,MOBILE,1,54,0.018518518518518517,21.833333333333332
https://jus-tice.co.il/foreign_legal_opinion/,MOBILE,1,107,0.009345794392523364,27.560747663551403
https://jus-tice.co.il/free-divorce-agreement-template/,TABLET,1,47,0.02127659574468085,14.936170212765957
https://jus-tice.co.il/germany-lawyers/,DESKTOP,1,3712,0.00026939655172413793,46.93776939655172
https://jus-tice.co.il/germany-lawyers/,MOBILE,1,456,0.0021929824561403508,66.0109649122807
https://jus-tice.co.il/government-of-portugal/,MOBILE,1,169,0.005917159763313609,9.68639053254438
https://jus-tice.co.il/greece-price-list/,DESKTOP,1,5651,0.00017695983011856308,39.75862679171828
https://jus-tice.co.il/greece-price-list/,TABLET,1,9,0.1111111111111111,8.444444444444445
https://jus-tice.co.il/guide-buying-property-portugal-israelis/,MOBILE,1,828,0.0012077294685990338,39.10024154589372
https://jus-tice.co.il/herzog-fox-neeman/,MOBILE,1,308,0.003246753246753247,16.7987012987013
https://jus-tice.co.il/how-much-does-a-lawyer-cost/,MOBILE,1,983,0.001017293997965412,70.04883011190233
https://jus-tice.co.il/how-much-does-prenup-cost/,DESKTOP,1,5799,0.0001724435247456458,39.80427659941369
https://jus-tice.co.il/how-much-will-a-criminal-defense-lawyer-cost/,TABLET,1,5,0.2,5.6
https://jus-tice.co.il/how-to-run-a-successful-law-firm/,MOBILE,1,721,0.0013869625520110957,38.64493758668516
https://jus-tice.co.il/human-trafficking/,MOBILE,1,49,0.02040816326530612,35.53061224489796
https://jus-tice.co.il/immigration-lawyer/,DESKTOP,1,31516,0.000031729914963827895,45.00009518974489
https://jus-tice.co.il/infidelity-statistics-reasons-suspicions/,MOBILE,1,283,0.0035335689045936395,43.04946996466431
https://jus-tice.co.il/international-notaries/,MOBILE,1,24,0.041666666666666664,32.16666666666667
https://jus-tice.co.il/israel-police/,DESKTOP,1,2669,0.0003746721618583739,45.20981641064069
https://jus-tice.co.il/israeli-labor-law/,DESKTOP,1,1724,0.000580046403712297,66.77958236658932
https://jus-tice.co.il/italy-lawyers/,MOBILE,1,456,0.0021929824561403508,16.445175438596493
https://jus-tice.co.il/japan-attorneys/,MOBILE,1,59,0.01694915254237288,48.813559322033896
https://jus-tice.co.il/leading-criminal-law-firm/,MOBILE,1,735,0.0013605442176870747,43.345578231292514
https://jus-tice.co.il/lease/,MOBILE,1,663,0.0015082956259426848,26.271493212669682
https://jus-tice.co.il/legal-awareness/,DESKTOP,1,327,0.0030581039755351682,36.400611620795104
https://jus-tice.co.il/legal-courses-for-lawyers/,TABLET,1,1,1,11
https://jus-tice.co.il/legal-tax-saving-guide/,MOBILE,1,15,0.06666666666666667,44
https://jus-tice.co.il/legal_informaticsartificial_intelligence/,DESKTOP,1,898,0.0011135857461024498,54.92761692650334
https://jus-tice.co.il/legal_informaticsartificial_intelligence/,MOBILE,1,54,0.018518518518518517,37.46296296296296
https://jus-tice.co.il/list-of-companies-of-portugal/,DESKTOP,1,133,0.007518796992481203,12.902255639097744
https://jus-tice.co.il/list-of-types-of-fraud/,MOBILE,1,342,0.0029239766081871343,29.067251461988302
https://jus-tice.co.il/marital-property-agreement/,MOBILE,1,1170,0.0008547008547008547,35.78803418803419
https://jus-tice.co.il/mexico-lawyers/,DESKTOP,1,916,0.001091703056768559,14.449781659388647
https://jus-tice.co.il/mexico-lawyers/,MOBILE,1,13,0.07692307692307693,66.53846153846153
https://jus-tice.co.il/miami-florida-lawyers/,DESKTOP,1,1479,0.000676132521974307,25.76132521974307
https://jus-tice.co.il/miranda-warning/,DESKTOP,1,792,0.0012626262626262627,50.38257575757576
https://jus-tice.co.il/mom-full-custody/,DESKTOP,1,8355,0.00011968880909634949,52.04177139437463
https://jus-tice.co.il/most-famous-murder-acquittal-cases/,DESKTOP,1,111,0.009009009009009009,25.09009009009009
https://jus-tice.co.il/online-rent-agreement/,TABLET,1,3,0.3333333333333333,5
https://jus-tice.co.il/police-records-data-deletion/,DESKTOP,1,29517,0.000033878781719009385,32.925737710471935
https://jus-tice.co.il/portugal-economy/,DESKTOP,1,525,0.0019047619047619048,48.798095238095236
https://jus-tice.co.il/portugal-noatary/,DESKTOP,1,407,0.002457002457002457,22.159705159705158
https://jus-tice.co.il/portuguese-people/,DESKTOP,1,2005,0.0004987531172069825,35.27281795511222
https://jus-tice.co.il/psakdin/%D7%90%D7%99%D7%9E%D7%95%D7%A5-%D7%99%D7%9C%D7%93-%D7%9E%D7%90%D7%95%D7%A7%D7%A8%D7%90%D7%99%D7%A0%D7%94-%D7%AA%D7%91%D7%99%D7%A2%D7%AA-%D7%A0%D7%96%D7%99%D7%A7%D7%99%D7%9F-%D7%91%D7%92%D7%99%D7%9F/,DESKTOP,1,1212,0.0008250825082508251,46.07343234323432
https://jus-tice.co.il/psakdin/%D7%93%D7%97%D7%99%D7%99%D7%AA-%D7%91%D7%A7%D7%A9%D7%94-%D7%9C%D7%AA%D7%99%D7%A7%D7%95%D7%9F-%D7%9B%D7%AA%D7%91-%D7%AA%D7%91%D7%99%D7%A2%D7%94-%D7%A9%D7%9B%D7%A0%D7%92%D7%93-%D7%9C%D7%A4%D7%99-%D7%AA/,DESKTOP,1,1042,0.0009596928982725527,47.49136276391555
https://jus-tice.co.il/psakdin/%D7%93%D7%97%D7%99%D7%99%D7%AA-%D7%91%D7%A7%D7%A9%D7%94-%D7%9C%D7%AA%D7%99%D7%A7%D7%95%D7%9F-%D7%9B%D7%AA%D7%91-%D7%AA%D7%91%D7%99%D7%A2%D7%94-%D7%A9%D7%9B%D7%A0%D7%92%D7%93-%D7%9C%D7%A4%D7%99-%D7%AA/,MOBILE,1,321,0.003115264797507788,43.85358255451713
https://jus-tice.co.il/psakdin/%D7%97%D7%95%D7%A7-%D7%96%D7%9B%D7%95%D7%AA-%D7%99%D7%95%D7%A6%D7%A8%D7%99%D7%9D-%D7%94%D7%AA%D7%A9%D7%A1%D7%97-2007/,DESKTOP,1,1760,0.0005681818181818182,37.25852272727273
https://jus-tice.co.il/psakdin/%D7%A0%D7%98%D7%9C-%D7%94%D7%94%D7%95%D7%9B%D7%97%D7%94-%D7%9C%D7%A7%D7%99%D7%95%D7%9E%D7%95-%D7%A9%D7%9C-%D7%A1%D7%99%D7%99%D7%92-%D7%9C%D7%90%D7%97%D7%A8%D7%99%D7%95%D7%AA-%D7%A4%D7%9C%D7%99%D7%9C/,DESKTOP,1,360,0.002777777777777778,29.375
https://jus-tice.co.il/psakdin/%D7%A0%D7%98%D7%9C-%D7%94%D7%94%D7%95%D7%9B%D7%97%D7%94-%D7%9C%D7%A7%D7%99%D7%95%D7%9E%D7%95-%D7%A9%D7%9C-%D7%A1%D7%99%D7%99%D7%92-%D7%9C%D7%90%D7%97%D7%A8%D7%99%D7%95%D7%AA-%D7%A4%D7%9C%D7%99%D7%9C/,MOBILE,1,149,0.006711409395973154,13.805369127516778
https://jus-tice.co.il/psakdin/%D7%A0%D7%AA%D7%A0%D7%99%D7%94%D7%95-%D7%9E%D7%9C%D7%99%D7%A7%D7%95%D7%91%D7%A1%D7%A7%D7%99-%D7%A2%D7%99%D7%A7%D7%A8%D7%99-%D7%A0%D7%99%D7%9E%D7%95%D7%A7%D7%99-%D7%94%D7%99%D7%95%D7%A2%D7%9E%D7%A9/,DESKTOP,1,74,0.013513513513513514,30.594594594594593
https://jus-tice.co.il/psakdin/%D7%A0%D7%AA%D7%A0%D7%99%D7%94%D7%95-%D7%9E%D7%9C%D7%99%D7%A7%D7%95%D7%91%D7%A1%D7%A7%D7%99-%D7%A2%D7%99%D7%A7%D7%A8%D7%99-%D7%A0%D7%99%D7%9E%D7%95%D7%A7%D7%99-%D7%94%D7%99%D7%95%D7%A2%D7%9E%D7%A9/,MOBILE,1,136,0.007352941176470588,12.764705882352942
https://jus-tice.co.il/psakdin/%D7%A4%D7%99%D7%A6%D7%95%D7%99-%D7%91%D7%92%D7%99%D7%9F-%D7%9E%D7%A2%D7%A6%D7%A8-%D7%A9%D7%95%D7%95%D7%90-%D7%A6%D7%90-24231-06-21/,MOBILE,1,26,0.038461538461538464,25.307692307692307
https://jus-tice.co.il/psakdin/%D7%A4%D7%99%D7%A8%D7%95%D7%A7-%D7%A9%D7%99%D7%AA%D7%95%D7%A3-%D7%91%D7%A0%D7%97%D7%9C%D7%94-%D7%9C%D7%A4%D7%99-%D7%94%D7%9C%D7%9B%D7%AA-%D7%94%D7%A9%D7%99%D7%AA%D7%95%D7%A3-%D7%AA%D7%9C%D7%94/,MOBILE,1,64,0.015625,53.109375
https://jus-tice.co.il/psakdin/%D7%A4%D7%9C%D7%99%D7%9C%D7%99-%D7%94%D7%97%D7%96%D7%A7%D7%AA-%D7%9B%D7%9C%D7%91-%D7%9E%D7%A1%D7%95%D7%9B%D7%9F-%D7%A9%D7%AA%D7%A7%D7%A3-%D7%9C%D7%9C%D7%90-%D7%A8%D7%A9%D7%99%D7%95%D7%9F-%D7%94%D7%A8/,DESKTOP,1,669,0.0014947683109118087,28.44544095665172
https://jus-tice.co.il/psakdin/%D7%A4%D7%A1%D7%93-%D7%91%D7%91%D7%A7%D7%A9%D7%94-%D7%9C%D7%94%D7%A2%D7%91%D7%A8%D7%AA-%D7%94%D7%9E%D7%A9%D7%9E%D7%95%D7%A8%D7%AA-%D7%90%D7%9C-%D7%94%D7%90%D7%91-%D7%95%D7%A8%D7%99%D7%A9%D7%95%D7%9D/,DESKTOP,1,196,0.00510204081632653,46.39795918367347
https://jus-tice.co.il/psakdin/%D7%A9%D7%97%D7%A8%D7%95%D7%A8-%D7%9E%D7%95%D7%A7%D7%93%D7%9D-%D7%A9%D7%9C-%D7%90%D7%A1%D7%99%D7%A8-%D7%9E%D7%A2%D7%A9%D7%94-%D7%9E%D7%92%D7%95%D7%A0%D7%94-%D7%91%D7%A7%D7%98%D7%99%D7%A0%D7%94/,MOBILE,1,72,0.013888888888888888,6.638888888888889
https://jus-tice.co.il/psakdin/%D7%AA%D7%91%D7%99%D7%A2%D7%94-%D7%94%D7%9E%D7%95%D7%92%D7%A9%D7%AA-%D7%A2%D7%9C-%D7%99%D7%93%D7%99-%D7%97%D7%91%D7%A8%D7%94-%D7%91%D7%A2%D7%9E-%D7%A2%D7%9C-%D7%97%D7%99%D7%95%D7%91-%D7%91%D7%A2/,DESKTOP,1,165,0.006060606060606061,27.024242424242424
https://jus-tice.co.il/punishment-for-offenses-of-causing-death-in-road-accidents/,DESKTOP,1,3003,0.000333000333000333,40.55844155844156
https://jus-tice.co.il/real-estate-attorney/,DESKTOP,1,77179,0.000012956892418922246,59.37385817385558
https://jus-tice.co.il/real-estate-attorney/,TABLET,1,1,1,6
https://jus-tice.co.il/real-estate-investing/,DESKTOP,1,16529,0.00006049972775122512,68.65121906951418
https://jus-tice.co.il/real-estate-registration-procedure-israel/,MOBILE,1,1364,0.0007331378299120235,45.6766862170088
https://jus-tice.co.il/real-estate-united-kingdom/,DESKTOP,1,7274,0.00013747594171020073,33.96453120703877
https://jus-tice.co.il/rental-agreement/,DESKTOP,1,7387,0.0001353729524840937,63.020982807635036
https://jus-tice.co.il/request-for-extension-of-detention-beyond-nine-months/,DESKTOP,1,700,0.0014285714285714286,55.48571428571429
https://jus-tice.co.il/robert-stephan-cohen/,MOBILE,1,43,0.023255813953488372,11.488372093023257
https://jus-tice.co.il/romania-lawyers/,MOBILE,1,704,0.0014204545454545455,28.573863636363637
https://jus-tice.co.il/sample-terms-and-conditions-template/,MOBILE,1,1109,0.0009017132551848512,33.38863841298467
https://jus-tice.co.il/search-engine-optimization/,DESKTOP,1,21076,0.00004744733345985955,52.532121844752325
https://jus-tice.co.il/sex-trafficking/,DESKTOP,1,413,0.002421307506053269,48.723970944309926
https://jus-tice.co.il/spain-lawyers/,DESKTOP,1,6491,0.00015405946695424435,49.89385302726853
https://jus-tice.co.il/standards-of-medical-fitness-to-drive/,MOBILE,1,2371,0.00042176296921130323,50.76001687051877
https://jus-tice.co.il/supreme-court-of-israel/,DESKTOP,1,1985,0.0005037783375314861,32.3632241813602
https://jus-tice.co.il/supreme-court-of-israel/,MOBILE,1,750,0.0013333333333333333,25.3
https://jus-tice.co.il/top-global-tax-cpa-firms/,DESKTOP,1,6661,0.00015012760846719713,54.271881098934095
https://jus-tice.co.il/top-lawyers-for-israelis-china/,DESKTOP,1,4087,0.00024467824810374357,46.31074137509175
https://jus-tice.co.il/top-lawyers-for-israelis-china/,MOBILE,1,111,0.009009009009009009,51.73873873873874
https://jus-tice.co.il/ukraine-lawyers/,DESKTOP,1,1325,0.0007547169811320754,17.11622641509434
https://jus-tice.co.il/united-arab-emirates-lawyers/,DESKTOP,1,2021,0.0004948045522018803,48.760019792182085
https://jus-tice.co.il/us-lawyer-license-requirements/,MOBILE,1,102,0.00980392156862745,48.6764705882353
https://jus-tice.co.il/usa-lawyers/,MOBILE,1,367,0.0027247956403269754,25.422343324250683
https://jus-tice.co.il/wachtell-lipton-rosen-katz/,MOBILE,1,123,0.008130081300813009,36.27642276422764
https://jus-tice.co.il/what-is-a-contract/,MOBILE,1,1165,0.0008583690987124463,54.13218884120172
https://jus-tice.co.il/what-is-a-law-firm/,DESKTOP,1,7706,0.00012976901116013495,55.93446664936413
https://jus-tice.co.il/what-is-justice/,DESKTOP,1,859,0.0011641443538998836,39.48079161816065
https://jus-tice.co.il/working-permit-for-foreign-workers/,MOBILE,1,2715,0.00036832412523020257,48.20478821362799
https://jus-tice.co.il/wp-content/uploads/2020/01/hana_v9.32.88s.pdf,DESKTOP,1,4000,0.00025,62.87225
https://jus-tice.co.il/wp-content/uploads/2020/02/%D7%94%D7%AA%D7%9C%D7%99%D7%99%D7%AA-%D7%A9%D7%9C%D7%99%D7%9C%D7%AA-%D7%A8%D7%A9%D7%99%D7%95%D7%A0%D7%95%D7%AA-%D7%9E%D7%A9%D7%A8%D7%93-%D7%94%D7%91%D7%A8%D7%99%D7%90%D7%95%D7%AA.pdf,DESKTOP,1,1560,0.000641025641025641,48.80384615384615
https://jus-tice.co.il/wp-content/uploads/2020/02/%D7%94%D7%AA%D7%9C%D7%99%D7%99%D7%AA-%D7%A9%D7%9C%D7%99%D7%9C%D7%AA-%D7%A8%D7%A9%D7%99%D7%95%D7%A0%D7%95%D7%AA-%D7%9E%D7%A9%D7%A8%D7%93-%D7%94%D7%91%D7%A8%D7%99%D7%90%D7%95%D7%AA.pdf,MOBILE,1,466,0.002145922746781116,43.61587982832618
https://jus-tice.co.il/wp-content/uploads/2020/11/%D7%A8%D7%95%D7%96%D7%95%D7%91-%D7%A0-%D7%9E%D7%93%D7%99%D7%A0%D7%AA-%D7%99%D7%A9%D7%A8%D7%90%D7%9C.pdf,MOBILE,1,26,0.038461538461538464,7.461538461538462
https://jus-tice.co.il/wp-content/uploads/2021/05/services_marvad_application-form.pdf,DESKTOP,1,18,0.05555555555555555,43.77777777777778
https://jus-tice.co.il/wp-content/uploads/2022/02/22963-11-19.pdf,MOBILE,1,2,0.5,8.5
https://jus-tice.co.il/wp-content/uploads/2022/06/06102016_1.pdf,TABLET,1,1,1,1
https://jus-tice.co.il/wp-content/uploads/2023/03/19_lsr_301572.pdf,DESKTOP,1,28,0.03571428571428571,58.785714285714285
https://jus-tice.co.il/wp-content/uploads/2023/05/%D7%A2%D7%95%D7%A8%D7%9A-%D7%93%D7%99%D7%9F-%D7%94%D7%A9%D7%91%D7%AA-%D7%A8%D7%9B%D7%95%D7%A9-%D7%99%D7%94%D7%95%D7%93%D7%99-%D7%A8%D7%95%D7%9E%D7%A0%D7%99%D7%94.pdf,MOBILE,1,23,0.043478260869565216,57.30434782608695
https://jus-tice.co.il/wp-content/uploads/2023/05/2_11454d6a-9832-e811-80de-00155d0a0235_11_6896.pdf,MOBILE,1,40,0.025,8.35
https://jus-tice.co.il/wp-content/uploads/2023/11/%D7%AA%D7%A7%D7%A6%D7%99%D7%A8-22431-08-19.docx,MOBILE,1,8,0.125,26.25
https://jus-tice.co.il/#chapter1,DESKTOP,0,287,0,8.386759581881533
https://jus-tice.co.il/#chapter1,MOBILE,0,273,0,9.15018315018315
https://jus-tice.co.il/#chapter2,MOBILE,0,275,0,9.152727272727272
https://jus-tice.co.il/#chapter3,DESKTOP,0,287,0,8.386759581881533
https://jus-tice.co.il/#chapter3,MOBILE,0,275,0,9.152727272727272
https://jus-tice.co.il/#chapter4,MOBILE,0,273,0,9.15018315018315
https://jus-tice.co.il/#chapter5,MOBILE,0,273,0,9.15018315018315
https://jus-tice.co.il/#chapter6,MOBILE,0,273,0,9.15018315018315
https://jus-tice.co.il/#chapter7,MOBILE,0,273,0,9.15018315018315
https://jus-tice.co.il/%D7%90%D7%97%D7%A8%D7%99%D7%95%D7%AA-%D7%94%D7%91%D7%A2%D7%9C-%D7%9C%D7%97%D7%95%D7%91%D7%95%D7%AA-%D7%90%D7%A9%D7%AA%D7%95-%D7%A2%D7%9C-%D7%A4%D7%99-%D7%93%D7%99%D7%9F-%D7%AA%D7%95%D7%A8%D7%94-%D7%95%D7%A2%D7%9C-%D7%A4%D7%99-%D7%97%D7%95%D7%A7-%D7%99%D7%97%D7%A1%D7%99-%D7%9E%D7%9E%D7%95%D7%9F-%D7%96%D7%9B%D7%95%D7%99%D7%95%D7%AA-%D7%95%D7%97%D7%95%D7%91%D7%95%D7%AA-%D7%91%D7%9E%D7%A2%D7%A8%D7%9B%D7%AA-%D7%99%D7%97%D7%A1%D7%99%D7%9D-%D7%A9%D7%91%D7%94-%D7%94%D7%90%D7%99%D7%A9%D7%94-%D7%94%D7%99%D7%90-%D7%94%D7%9E%D7%A4%D7%A8%D7%A0%D7%A1%D7%AA/,DESKTOP,0,691,0,65.49638205499276
https://jus-tice.co.il/%D7%90%D7%97%D7%A8%D7%99%D7%95%D7%AA-%D7%94%D7%91%D7%A2%D7%9C-%D7%9C%D7%97%D7%95%D7%91%D7%95%D7%AA-%D7%90%D7%A9%D7%AA%D7%95-%D7%A2%D7%9C-%D7%A4%D7%99-%D7%93%D7%99%D7%9F-%D7%AA%D7%95%D7%A8%D7%94-%D7%95%D7%A2%D7%9C-%D7%A4%D7%99-%D7%97%D7%95%D7%A7-%D7%99%D7%97%D7%A1%D7%99-%D7%9E%D7%9E%D7%95%D7%9F-%D7%96%D7%9B%D7%95%D7%99%D7%95%D7%AA-%D7%95%D7%97%D7%95%D7%91%D7%95%D7%AA-%D7%91%D7%9E%D7%A2%D7%A8%D7%9B%D7%AA-%D7%99%D7%97%D7%A1%D7%99%D7%9D-%D7%A9%D7%91%D7%94-%D7%94%D7%90%D7%99%D7%A9%D7%94-%D7%94%D7%99%D7%90-%D7%94%D7%9E%D7%A4%D7%A8%D7%A0%D7%A1%D7%AA/,MOBILE,0,33,0,68.33333333333333
https://jus-tice.co.il/%D7%90%D7%99%D7%96%D7%95%D7%9F-%D7%9E%D7%A9%D7%90%D7%91%D7%99%D7%9D-%D7%9B%D7%A1%D7%A4%D7%99%D7%9D-%D7%94%D7%9E%D7%A6%D7%95%D7%99%D7%99%D7%9D-%D7%91%D7%97%D7%A9%D7%91%D7%95%D7%A0%D7%95%D7%AA-%D7%91%D7%9F-%D7%96%D7%95%D7%92-%D7%94%D7%91%D7%A8%D7%97%D7%AA-%D7%A0%D7%9B%D7%A1%D7%99%D7%9D/,DESKTOP,0,1490,0,71.62013422818792
https://jus-tice.co.il/%D7%90%D7%99%D7%96%D7%95%D7%9F-%D7%9E%D7%A9%D7%90%D7%91%D7%99%D7%9D-%D7%9B%D7%A1%D7%A4%D7%99%D7%9D-%D7%94%D7%9E%D7%A6%D7%95%D7%99%D7%99%D7%9D-%D7%91%D7%97%D7%A9%D7%91%D7%95%D7%A0%D7%95%D7%AA-%D7%91%D7%9F-%D7%96%D7%95%D7%92-%D7%94%D7%91%D7%A8%D7%97%D7%AA-%D7%A0%D7%9B%D7%A1%D7%99%D7%9D/,MOBILE,0,177,0,65.94915254237289
https://jus-tice.co.il/%D7%90%D7%99%D7%96%D7%95%D7%A8%D7%99%D7%9D/%D7%AA%D7%9C-%D7%90%D7%91%D7%99%D7%91-%D7%95%D7%94%D7%9E%D7%A8%D7%9B%D7%96/,DESKTOP,0,1,0,93
https://jus-tice.co.il/%D7%90%D7%99%D7%9A-%D7%9C%D7%94%D7%AA%D7%92%D7%A8%D7%A9-%D7%A0%D7%9B%D7%95%D7%9F-%D7%95%D7%9E%D7%94%D7%A8/,DESKTOP,0,4,0,54.75
https://jus-tice.co.il/%D7%90%D7%99%D7%9A-%D7%9C%D7%A7%D7%A0%D7%95%D7%AA-%D7%A0%D7%93%D7%9C%D7%9F-%D7%91%D7%96%D7%95%D7%9C-%D7%95%D7%9C%D7%94%D7%A8%D7%95%D7%95%D7%99%D7%97/,DESKTOP,0,2259,0,55.336874723328904
https://jus-tice.co.il/%D7%90%D7%99%D7%9A-%D7%9C%D7%A7%D7%A0%D7%95%D7%AA-%D7%A0%D7%93%D7%9C%D7%9F-%D7%91%D7%96%D7%95%D7%9C-%D7%95%D7%9C%D7%94%D7%A8%D7%95%D7%95%D7%99%D7%97/,MOBILE,0,468,0,57.75213675213675
https://jus-tice.co.il/%D7%90%D7%99%D7%9A-%D7%9C%D7%A7%D7%A0%D7%95%D7%AA-%D7%A0%D7%93%D7%9C%D7%9F-%D7%91%D7%96%D7%95%D7%9C-%D7%95%D7%9C%D7%94%D7%A8%D7%95%D7%95%D7%99%D7%97/,TABLET,0,1,0,92
https://jus-tice.co.il/%D7%90%D7%99%D7%9E%D7%95%D7%AA-%D7%97%D7%AA%D7%99%D7%9E%D7%94-%D7%A0%D7%95%D7%98%D7%A8%D7%99%D7%95%D7%9F-%D7%9E%D7%A9%D7%95%D7%9C%D7%91-%D7%A2%D7%91%D7%A8%D7%99%D7%AA-%D7%90%D7%A0%D7%92%D7%9C%D7%99%D7%AA/,DESKTOP,0,664,0,56.31325301204819
https://jus-tice.co.il/%D7%90%D7%99%D7%9E%D7%95%D7%AA-%D7%97%D7%AA%D7%99%D7%9E%D7%94-%D7%A0%D7%95%D7%98%D7%A8%D7%99%D7%95%D7%9F-%D7%9E%D7%A9%D7%95%D7%9C%D7%91-%D7%A2%D7%91%D7%A8%D7%99%D7%AA-%D7%90%D7%A0%D7%92%D7%9C%D7%99%D7%AA/,MOBILE,0,12,0,47.833333333333336
https://jus-tice.co.il/%D7%90%D7%99%D7%A4%D7%94-%D7%94%D7%9B%D7%99-%D7%9E%D7%A9%D7%AA%D7%9C%D7%9D-%D7%9C%D7%9E%D7%A9%D7%A7%D7%99%D7%A2-%D7%94%D7%99%D7%A9%D7%A8%D7%90%D7%9C%D7%99-%D7%9C%D7%A7%D7%A0%D7%95%D7%AA-%D7%93%D7%99%D7%A8%D7%94-%D7%91%D7%A2%D7%95%D7%9C%D7%9D/,MOBILE,0,2342,0,59.584970111016226
https://jus-tice.co.il/%D7%90%D7%99%D7%A4%D7%94-%D7%94%D7%9B%D7%99-%D7%9E%D7%A9%D7%AA%D7%9C%D7%9D-%D7%9C%D7%9E%D7%A9%D7%A7%D7%99%D7%A2-%D7%94%D7%99%D7%A9%D7%A8%D7%90%D7%9C%D7%99-%D7%9C%D7%A7%D7%A0%D7%95%D7%AA-%D7%93%D7%99%D7%A8%D7%94-%D7%91%D7%A2%D7%95%D7%9C%D7%9D/,TABLET,0,36,0,71.19444444444444
https://jus-tice.co.il/%D7%90%D7%99%D7%A4%D7%94-%D7%9B%D7%93%D7%90%D7%99-%D7%9C%D7%94%D7%A9%D7%A7%D7%99%D7%A2-%D7%A0%D7%93%D7%9C%D7%9F-%D7%91%D7%93%D7%95%D7%91%D7%90%D7%99/,TABLET,0,3,0,55.666666666666664
https://jus-tice.co.il/%D7%90%D7%99%D7%A9%D7%95%D7%9D-%D7%94%D7%98%D7%A8%D7%93%D7%95%D7%AA-%D7%A9%D7%9C-%D7%A2%D7%93-%D7%94%D7%9E%D7%93%D7%99%D7%A0%D7%94-%D7%A0%D7%99%D7%A8-%D7%97%D7%A4%D7%A5-%D7%95%D7%A2%D7%93%D7%AA-%D7%94/,DESKTOP,0,34,0,39.529411764705884
https://jus-tice.co.il/%D7%90%D7%99%D7%A9%D7%95%D7%9D-%D7%94%D7%98%D7%A8%D7%93%D7%95%D7%AA-%D7%A9%D7%9C-%D7%A2%D7%93-%D7%94%D7%9E%D7%93%D7%99%D7%A0%D7%94-%D7%A0%D7%99%D7%A8-%D7%97%D7%A4%D7%A5-%D7%95%D7%A2%D7%93%D7%AA-%D7%94/,MOBILE,0,11,0,21.363636363636363
https://jus-tice.co.il/%D7%90%D7%99%D7%A9%D7%95%D7%9D-%D7%94%D7%98%D7%A8%D7%93%D7%95%D7%AA-%D7%A9%D7%9C-%D7%A2%D7%93-%D7%94%D7%9E%D7%93%D7%99%D7%A0%D7%94-%D7%A0%D7%99%D7%A8-%D7%97%D7%A4%D7%A5-%D7%95%D7%A2%D7%93%D7%AA-%D7%94/,TABLET,0,2,0,22.5
https://jus-tice.co.il/%D7%90%D7%9E%D7%A0%D7%AA-%D7%94%D7%90%D7%95%D7%9E%D7%95%D7%AA-%D7%94%D7%9E%D7%90%D7%95%D7%97%D7%93%D7%95%D7%AA-%D7%A0%D7%92%D7%93-%D7%A9%D7%97%D7%99%D7%AA%D7%95%D7%AA/,DESKTOP,0,85,0,78.69411764705882
https://jus-tice.co.il/%D7%91%D7%92%D7%99%D7%93%D7%94/,DESKTOP,0,1,0,62
https://jus-tice.co.il/%D7%91%D7%92%D7%A5-%D7%94%D7%91%D7%95%D7%92%D7%93%D7%AA/,TABLET,0,10,0,6.2
https://jus-tice.co.il/%D7%91%D7%92%D7%A5-5988/21-%D7%A1%D7%9E%D7%9B%D7%95%D7%AA-%D7%91%D7%AA%D7%99-%D7%94%D7%93%D7%99%D7%9F-%D7%94%D7%A8%D7%91%D7%A0%D7%99%D7%99%D7%9D-%D7%91%D7%9E%D7%96%D7%95%D7%A0%D7%95%D7%AA-%D7%99%D7%9C%D7%93%D7%99%D7%9D/,DESKTOP,0,1520,0,62.09671052631579
https://jus-tice.co.il/%D7%91%D7%92%D7%A5-5988/21-%D7%A1%D7%9E%D7%9B%D7%95%D7%AA-%D7%91%D7%AA%D7%99-%D7%94%D7%93%D7%99%D7%9F-%D7%94%D7%A8%D7%91%D7%A0%D7%99%D7%99%D7%9D-%D7%91%D7%9E%D7%96%D7%95%D7%A0%D7%95%D7%AA-%D7%99%D7%9C%D7%93%D7%99%D7%9D/,MOBILE,0,274,0,58.7992700729927
https://jus-tice.co.il/%D7%91%D7%92%D7%A5-5988/21-%D7%A1%D7%9E%D7%9B%D7%95%D7%AA-%D7%91%D7%AA%D7%99-%D7%94%D7%93%D7%99%D7%9F-%D7%94%D7%A8%D7%91%D7%A0%D7%99%D7%99%D7%9D-%D7%91%D7%9E%D7%96%D7%95%D7%A0%D7%95%D7%AA-%D7%99%D7%9C%D7%93%D7%99%D7%9D/,TABLET,0,1,0,36
https://jus-tice.co.il/%D7%91%D7%95%D7%92%D7%A8-%D7%9C%D7%99%D7%9E%D7%95%D7%93%D7%99-%D7%A0%D7%93%D7%9C%D7%9F-%D7%91%D7%90%D7%A8%D7%94%D7%91/,DESKTOP,0,108,0,41.407407407407405
https://jus-tice.co.il/%D7%91%D7%95%D7%92%D7%A8-%D7%9C%D7%99%D7%9E%D7%95%D7%93%D7%99-%D7%A0%D7%93%D7%9C%D7%9F-%D7%91%D7%90%D7%A8%D7%94%D7%91/,MOBILE,0,2,0,69
https://jus-tice.co.il/%D7%91%D7%99%D7%98%D7%95%D7%9C-%D7%90%D7%92%D7%A8%D7%94-%D7%91%D7%92%D7%99%D7%9F-%D7%94%D7%92%D7%A9%D7%AA-%D7%93%D7%99%D7%95%D7%95%D7%97-%D7%9C%D7%90%D7%A4%D7%95%D7%98%D7%A8%D7%95%D7%A4%D7%95%D7%A1-%D7%94%D7%9B%D7%9C%D7%9C%D7%99/,DESKTOP,0,1265,0,48.52648221343873
https://jus-tice.co.il/%D7%91%D7%99%D7%98%D7%95%D7%9C-%D7%90%D7%92%D7%A8%D7%94-%D7%91%D7%92%D7%99%D7%9F-%D7%94%D7%92%D7%A9%D7%AA-%D7%93%D7%99%D7%95%D7%95%D7%97-%D7%9C%D7%90%D7%A4%D7%95%D7%98%D7%A8%D7%95%D7%A4%D7%95%D7%A1-%D7%94%D7%9B%D7%9C%D7%9C%D7%99/,MOBILE,0,251,0,51.53386454183267
https://jus-tice.co.il/%D7%91%D7%99%D7%98%D7%95%D7%9C-%D7%90%D7%92%D7%A8%D7%94-%D7%91%D7%92%D7%99%D7%9F-%D7%94%D7%92%D7%A9%D7%AA-%D7%93%D7%99%D7%95%D7%95%D7%97-%D7%9C%D7%90%D7%A4%D7%95%D7%98%D7%A8%D7%95%D7%A4%D7%95%D7%A1-%D7%94%D7%9B%D7%9C%D7%9C%D7%99/,TABLET,0,5,0,54
https://jus-tice.co.il/%D7%91%D7%99%D7%98%D7%95%D7%9C-%D7%94%D7%A1%D7%9B%D7%9D-%D7%9E%D7%99%D7%96%D7%95%D7%92-%D7%AA%D7%90-4528-01-16/,DESKTOP,0,93,0,32.655913978494624
https://jus-tice.co.il/%D7%91%D7%99%D7%98%D7%95%D7%9C-%D7%94%D7%A1%D7%9B%D7%9D-%D7%9E%D7%99%D7%96%D7%95%D7%92-%D7%AA%D7%90-4528-01-16/,MOBILE,0,25,0,26.2
https://jus-tice.co.il/%D7%91%D7%99%D7%98%D7%95%D7%9C-%D7%94%D7%A1%D7%9B%D7%9D-%D7%9E%D7%99%D7%96%D7%95%D7%92-%D7%AA%D7%90-4528-01-16/,TABLET,0,1,0,36
https://jus-tice.co.il/%D7%91%D7%99%D7%98%D7%95%D7%9C-%D7%94%D7%A1%D7%9B%D7%9D-%D7%9E%D7%9E%D7%95%D7%9F-%D7%A9%D7%90%D7%95%D7%A9%D7%A8-%D7%95%D7%A7%D7%99%D7%91%D7%9C-%D7%AA%D7%95%D7%A7%D7%A3-%D7%A9%D7%9C-%D7%A4%D7%A1%D7%A7-%D7%93%D7%99%D7%9F-%D7%AA%D7%94%D7%A1-27071-11-19/,TABLET,0,2,0,8
https://jus-tice.co.il/%D7%91%D7%99%D7%98%D7%95%D7%9C-%D7%94%D7%A8%D7%A9%D7%A2%D7%94-%D7%A2%D7%91%D7%99%D7%A8%D7%95%D7%AA-%D7%94%D7%95%D7%A0%D7%90%D7%94/,DESKTOP,0,863,0,56.51100811123986
https://jus-tice.co.il/%D7%91%D7%99%D7%98%D7%95%D7%9C-%D7%94%D7%A8%D7%A9%D7%A2%D7%94-%D7%A2%D7%91%D7%99%D7%A8%D7%95%D7%AA-%D7%94%D7%95%D7%A0%D7%90%D7%94/,MOBILE,0,42,0,61.73809523809524
https://jus-tice.co.il/%D7%91%D7%99%D7%AA-%D7%94%D7%93%D7%99%D7%9F-%D7%94%D7%A8%D7%91%D7%A0%D7%99-%D7%A7%D7%A0%D7%94-%D7%A1%D7%9E%D7%9B%D7%95%D7%AA-%D7%9C%D7%9E%D7%A8%D7%95%D7%AA-%D7%94%D7%92%D7%A9%D7%AA-%D7%AA%D7%95%D7%91%D7%A2%D7%A0%D7%94-%D7%91%D7%A2%D7%A0%D7%99%D7%99%D7%9F-%D7%94%D7%97%D7%96%D7%A7%D7%AA-%D7%99%D7%9C%D7%93%D7%99%D7%9D/,DESKTOP,0,288,0,65.11458333333333
https://jus-tice.co.il/%D7%91%D7%99%D7%AA-%D7%94%D7%93%D7%99%D7%9F-%D7%94%D7%A8%D7%91%D7%A0%D7%99-%D7%A7%D7%A0%D7%94-%D7%A1%D7%9E%D7%9B%D7%95%D7%AA-%D7%9C%D7%9E%D7%A8%D7%95%D7%AA-%D7%94%D7%92%D7%A9%D7%AA-%D7%AA%D7%95%D7%91%D7%A2%D7%A0%D7%94-%D7%91%D7%A2%D7%A0%D7%99%D7%99%D7%9F-%D7%94%D7%97%D7%96%D7%A7%D7%AA-%D7%99%D7%9C%D7%93%D7%99%D7%9D/,MOBILE,0,274,0,55.6021897810219
https://jus-tice.co.il/%D7%91%D7%99%D7%AA-%D7%94%D7%93%D7%99%D7%9F-%D7%94%D7%A8%D7%91%D7%A0%D7%99-%D7%A7%D7%A0%D7%94-%D7%A1%D7%9E%D7%9B%D7%95%D7%AA-%D7%9C%D7%9E%D7%A8%D7%95%D7%AA-%D7%94%D7%92%D7%A9%D7%AA-%D7%AA%D7%95%D7%91%D7%A2%D7%A0%D7%94-%D7%91%D7%A2%D7%A0%D7%99%D7%99%D7%9F-%D7%94%D7%97%D7%96%D7%A7%D7%AA-%D7%99%D7%9C%D7%93%D7%99%D7%9D/,TABLET,0,2,0,48
https://jus-tice.co.il/%D7%91%D7%99%D7%AA-%D7%94%D7%9E%D7%A9%D7%A4%D7%98-%D7%94%D7%A4%D7%A8%D7%98%D7%99-justicecoil/,DESKTOP,0,27,0,41.407407407407405
https://jus-tice.co.il/%D7%91%D7%99%D7%AA-%D7%94%D7%9E%D7%A9%D7%A4%D7%98-%D7%94%D7%A4%D7%A8%D7%98%D7%99-justicecoil/,MOBILE,0,13,0,38.38461538461539
https://jus-tice.co.il/%D7%91%D7%99%D7%AA-%D7%94%D7%9E%D7%A9%D7%A4%D7%98-%D7%94%D7%A4%D7%A8%D7%98%D7%99-justicecoil/,TABLET,0,1,0,1
https://jus-tice.co.il/%D7%91%D7%A0%D7%99%D7%99%D7%94-%D7%99%D7%A8%D7%95%D7%A7%D7%94-%D7%AA%D7%9B%D7%A0%D7%95%D7%9F-%D7%A2%D7%99%D7%A8%D7%95%D7%A0%D7%99-%D7%95%D7%A4%D7%A8%D7%95%D7%99%D7%A7%D7%98%D7%99%D7%9D-%D7%90%D7%A0%D7%A8%D7%92%D7%98%D7%99%D7%99%D7%9D-%D7%91%D7%99%D7%95%D7%95%D7%9F/,DESKTOP,0,34,0,49.8235294117647
https://jus-tice.co.il/%D7%91%D7%A0%D7%99%D7%99%D7%94-%D7%99%D7%A8%D7%95%D7%A7%D7%94-%D7%AA%D7%9B%D7%A0%D7%95%D7%9F-%D7%A2%D7%99%D7%A8%D7%95%D7%A0%D7%99-%D7%95%D7%A4%D7%A8%D7%95%D7%99%D7%A7%D7%98%D7%99%D7%9D-%D7%90%D7%A0%D7%A8%D7%92%D7%98%D7%99%D7%99%D7%9D-%D7%91%D7%99%D7%95%D7%95%D7%9F/,MOBILE,0,2,0,64.5
https://jus-tice.co.il/%D7%91%D7%A0%D7%99%D7%99%D7%AA-%D7%90%D7%AA%D7%A8%D7%99%D7%9D/,DESKTOP,0,849,0,64.25912838633687
https://jus-tice.co.il/%D7%91%D7%A0%D7%99%D7%99%D7%AA-%D7%90%D7%AA%D7%A8%D7%99%D7%9D/,MOBILE,0,40,0,62.425
https://jus-tice.co.il/%D7%91%D7%A0%D7%99-%D7%96%D7%95%D7%92-%D7%9C%D7%A9%D7%A2%D7%91%D7%A8-%D7%AA%D7%91%D7%99%D7%A2%D7%95%D7%AA-%D7%9E%D7%96%D7%95%D7%A0%D7%95%D7%AA-%D7%95%D7%9E%D7%A9%D7%9E%D7%95%D7%A8%D7%AA-%D7%A2%D7%9C-%D7%91%D7%AA-%D7%A7%D7%98%D7%99%D7%A0%D7%94/,DESKTOP,0,696,0,82.2485632183908
https://jus-tice.co.il/%D7%91%D7%A0%D7%99-%D7%96%D7%95%D7%92-%D7%9C%D7%A9%D7%A2%D7%91%D7%A8-%D7%AA%D7%91%D7%99%D7%A2%D7%95%D7%AA-%D7%9E%D7%96%D7%95%D7%A0%D7%95%D7%AA-%D7%95%D7%9E%D7%A9%D7%9E%D7%95%D7%A8%D7%AA-%D7%A2%D7%9C-%D7%91%D7%AA-%D7%A7%D7%98%D7%99%D7%A0%D7%94/,MOBILE,0,146,0,91.8013698630137
https://jus-tice.co.il/%D7%91%D7%A0%D7%99-%D7%96%D7%95%D7%92-%D7%9C%D7%A9%D7%A2%D7%91%D7%A8-%D7%AA%D7%91%D7%99%D7%A2%D7%95%D7%AA-%D7%9E%D7%96%D7%95%D7%A0%D7%95%D7%AA-%D7%95%D7%9E%D7%A9%D7%9E%D7%95%D7%A8%D7%AA-%D7%A2%D7%9C-%D7%91%D7%AA-%D7%A7%D7%98%D7%99%D7%A0%D7%94/,TABLET,0,2,0,83.5
https://jus-tice.co.il/%D7%91%D7%A2%D7%9C%D7%95%D7%AA-%D7%A2%D7%9C-%D7%96%D7%9B%D7%95%D7%99%D7%95%D7%AA-%D7%91%D7%A0%D7%99%D7%99%D7%94-%D7%91%D7%92%D7%92%D7%95%D7%AA-%D7%94%D7%9C%D7%9B%D7%AA-%D7%91%D7%99%D7%AA-%D7%94%D7%93%D7%A8/,MOBILE,0,180,0,50.26111111111111
https://jus-tice.co.il/%D7%91%D7%A2%D7%9C-%D7%9E%D7%91%D7%A7%D7%A9-%D7%9C%D7%94%D7%AA%D7%92%D7%A8%D7%A9-%D7%91%D7%94%D7%A1%D7%9B%D7%9E%D7%94-%D7%91%D7%94%D7%AA%D7%90%D7%9D-%D7%9C%D7%94%D7%95%D7%A8%D7%90%D7%95%D7%AA-%D7%94%D7%A1%D7%9B%D7%9D-%D7%99%D7%97%D7%A1%D7%99-%D7%9E%D7%9E%D7%95%D7%9F/,DESKTOP,0,347,0,63.07492795389049
https://jus-tice.co.il/%D7%91%D7%A2%D7%9C-%D7%9E%D7%91%D7%A7%D7%A9-%D7%9C%D7%94%D7%AA%D7%92%D7%A8%D7%A9-%D7%91%D7%94%D7%A1%D7%9B%D7%9E%D7%94-%D7%91%D7%94%D7%AA%D7%90%D7%9D-%D7%9C%D7%94%D7%95%D7%A8%D7%90%D7%95%D7%AA-%D7%94%D7%A1%D7%9B%D7%9D-%D7%99%D7%97%D7%A1%D7%99-%D7%9E%D7%9E%D7%95%D7%9F/,MOBILE,0,62,0,70.95161290322581
https://jus-tice.co.il/%D7%91%D7%A7%D7%A9%D7%94-%D7%9C%D7%A2%D7%99%D7%95%D7%9F-%D7%91%D7%97%D7%95%D7%9E%D7%A8-%D7%97%D7%A7%D7%99%D7%A8%D7%94-%D7%9C%D7%A4%D7%99-%D7%A1%D7%A2%D7%99%D7%A3-74-%D7%9C%D7%97%D7%A1%D7%93%D7%A4/,DESKTOP,0,509,0,31.341846758349707
https://jus-tice.co.il/%D7%91%D7%A7%D7%A9%D7%94-%D7%9C%D7%A2%D7%99%D7%95%D7%9F-%D7%91%D7%97%D7%95%D7%9E%D7%A8-%D7%97%D7%A7%D7%99%D7%A8%D7%94-%D7%9C%D7%A4%D7%99-%D7%A1%D7%A2%D7%99%D7%A3-74-%D7%9C%D7%97%D7%A1%D7%93%D7%A4/,MOBILE,0,33,0,35.75757575757576
https://jus-tice.co.il/%D7%91%D7%A7%D7%A9%D7%94-%D7%9C%D7%A7%D7%99%D7%95%D7%9D-%D7%A6%D7%95%D7%95%D7%90%D7%94-%D7%94%D7%9E%D7%A2%D7%A0%D7%99%D7%A7%D7%94-%D7%9B%D7%9C-%D7%94%D7%A8%D7%9B%D7%95%D7%A9-%D7%9C%D7%97%D7%91%D7%A8-%D7%95%D7%94%D7%AA%D7%A0%D7%92%D7%93%D7%95%D7%AA-%D7%90%D7%97%D7%95%D7%AA-%D7%94%D7%9E%D7%A0%D7%95%D7%97/,TABLET,0,1,0,6
https://jus-tice.co.il/%D7%91%D7%A7%D7%A9%D7%94-%D7%9C%D7%A8%D7%99%D7%A9%D7%95%D7%9D-%D7%9E%D7%9B%D7%A8/,MOBILE,0,566,0,24.434628975265017
https://jus-tice.co.il/%D7%91%D7%A7%D7%A9%D7%AA-%D7%A6%D7%95-%D7%94%D7%92%D7%A0%D7%94-%D7%9C%D7%9E%D7%A0%D7%99%D7%A2%D7%AA-%D7%90%D7%9C%D7%99%D7%9E%D7%95%D7%AA-%D7%91%D7%9E%D7%A9%D7%A4%D7%97%D7%94-%D7%94%D7%98-61185-11-22/,DESKTOP,0,3149,0,41.47919974595109
https://jus-tice.co.il/%D7%91%D7%A7%D7%A9%D7%AA-%D7%A6%D7%95-%D7%94%D7%92%D7%A0%D7%94-%D7%9C%D7%9E%D7%A0%D7%99%D7%A2%D7%AA-%D7%90%D7%9C%D7%99%D7%9E%D7%95%D7%AA-%D7%91%D7%9E%D7%A9%D7%A4%D7%97%D7%94-%D7%94%D7%98-61185-11-22/,MOBILE,0,561,0,51.012477718360074
https://jus-tice.co.il/%D7%91%D7%A7%D7%A9%D7%AA-%D7%A6%D7%95-%D7%94%D7%92%D7%A0%D7%94-%D7%9C%D7%9E%D7%A0%D7%99%D7%A2%D7%AA-%D7%90%D7%9C%D7%99%D7%9E%D7%95%D7%AA-%D7%91%D7%9E%D7%A9%D7%A4%D7%97%D7%94-%D7%94%D7%98-61185-11-22/,TABLET,0,3,0,49.666666666666664
https://jus-tice.co.il/%D7%92%D7%95%D7%91%D7%94-%D7%93%D7%9E%D7%99-%D7%9E%D7%96%D7%95%D7%A0%D7%95%D7%AA-%D7%96%D7%9E%D7%A0%D7%99%D7%99%D7%9D-%D7%A8%D7%9E%D7%A9-57290-01-22/,DESKTOP,0,564,0,62.97163120567376
https://jus-tice.co.il/%D7%92%D7%95%D7%91%D7%94-%D7%93%D7%9E%D7%99-%D7%9E%D7%96%D7%95%D7%A0%D7%95%D7%AA-%D7%96%D7%9E%D7%A0%D7%99%D7%99%D7%9D-%D7%A8%D7%9E%D7%A9-57290-01-22/,MOBILE,0,10,0,11.8
https://jus-tice.co.il/%D7%92%D7%96%D7%93-%D7%A2%D7%95%D7%A0%D7%A9-%D7%A4%D7%9C%D7%99%D7%9C%D7%99-%D7%9C%D7%A7%D7%98%D7%99%D7%9F-%D7%9E%D7%AA%D7%97%D7%AA-%D7%9C16-%D7%A9%D7%91%D7%99%D7%A6%D7%A2-%D7%A2%D7%91%D7%99%D7%A8%D7%95%D7%AA-%D7%9E%D7%99%D7%9F-%D7%AA%D7%A4%D7%97-39000-05-21/,DESKTOP,0,618,0,68.1051779935275
https://jus-tice.co.il/%D7%92%D7%96%D7%93-%D7%A2%D7%95%D7%A0%D7%A9-%D7%A4%D7%9C%D7%99%D7%9C%D7%99-%D7%9C%D7%A7%D7%98%D7%99%D7%9F-%D7%9E%D7%AA%D7%97%D7%AA-%D7%9C16-%D7%A9%D7%91%D7%99%D7%A6%D7%A2-%D7%A2%D7%91%D7%99%D7%A8%D7%95%D7%AA-%D7%9E%D7%99%D7%9F-%D7%AA%D7%A4%D7%97-39000-05-21/,MOBILE,0,14,0,53
https://jus-tice.co.il/%D7%92%D7%96%D7%9C-%D7%A1%D7%95%D7%93-%D7%9E%D7%A1%D7%97%D7%A8%D7%99-%D7%A9%D7%99%D7%9E%D7%95%D7%A9-%D7%A9%D7%9C%D7%90-%D7%91%D7%A8%D7%A9%D7%99%D7%9E%D7%AA-%D7%9C%D7%A7%D7%95%D7%97%D7%95%D7%AA-%D7%90%D7%99-%D7%AA%D7%97%D7%A8%D7%95%D7%AA-%D7%95%D7%A9%D7%9E%D7%99%D7%A8%D7%AA-%D7%A1%D7%95%D7%93%D7%99%D7%95%D7%AA/,MOBILE,0,46,0,47.08695652173913
https://jus-tice.co.il/%D7%92%D7%96%D7%A8-%D7%93%D7%99%D7%9F-%D7%A4%D7%9C%D7%99%D7%9C%D7%99-%D7%A0%D7%90%D7%A9%D7%9D-%D7%A2%D7%91%D7%99%D7%A8%D7%AA-%D7%AA%D7%A7%D7%99%D7%A4%D7%AA-%D7%90%D7%99%D7%A9%D7%94-%D7%95%D7%91%D7%AA/,DESKTOP,0,661,0,76.69742813918306
https://jus-tice.co.il/%D7%92%D7%96%D7%A8-%D7%93%D7%99%D7%9F-%D7%A4%D7%9C%D7%99%D7%9C%D7%99-%D7%A0%D7%90%D7%A9%D7%9D-%D7%A2%D7%91%D7%99%D7%A8%D7%AA-%D7%AA%D7%A7%D7%99%D7%A4%D7%AA-%D7%90%D7%99%D7%A9%D7%94-%D7%95%D7%91%D7%AA/,MOBILE,0,40,0,65.475
https://jus-tice.co.il/%D7%92%D7%99%D7%9C%D7%95%D7%99-%D7%A4%D7%A8%D7%98%D7%99-%D7%9E%D7%A9%D7%AA%D7%9E%D7%A9-%D7%A9%D7%9C-%D7%A4%D7%A8%D7%95%D7%A4%D7%99%D7%9C-%D7%A4%D7%99%D7%99%D7%A1%D7%91%D7%95%D7%A7-%D7%A4%D7%99%D7%A7%D7%98%D7%99%D7%91%D7%99-%D7%AA%D7%90-20419-03-21/,DESKTOP,0,1148,0,60.10452961672474
https://jus-tice.co.il/%D7%92%D7%99%D7%A8%D7%95%D7%A9%D7%99%D7%9D-%D7%93%D7%97%D7%99%D7%99%D7%AA-%D7%91%D7%A7%D7%A9%D7%AA-%D7%94%D7%91%D7%A2%D7%9C-%D7%9C%D7%A9%D7%A2%D7%91%D7%A8-%D7%9C%D7%A7%D7%91%D7%95%D7%A2-%D7%9B%D7%99-%D7%94%D7%92%D7%98-%D7%91%D7%98%D7%9C/,DESKTOP,0,31,0,79.90322580645162
https://jus-tice.co.il/%D7%92%D7%99%D7%A8%D7%95%D7%A9%D7%99%D7%9D-%D7%93%D7%97%D7%99%D7%99%D7%AA-%D7%91%D7%A7%D7%A9%D7%AA-%D7%94%D7%91%D7%A2%D7%9C-%D7%9C%D7%A9%D7%A2%D7%91%D7%A8-%D7%9C%D7%A7%D7%91%D7%95%D7%A2-%D7%9B%D7%99-%D7%94%D7%92%D7%98-%D7%91%D7%98%D7%9C/,MOBILE,0,2,0,64.5
https://jus-tice.co.il/%D7%92%D7%99%D7%A8%D7%95%D7%A9%D7%99%D7%9F-%D7%91%D7%90%D7%A8%D7%A6%D7%95%D7%AA-%D7%94%D7%91%D7%A8%D7%99%D7%AA/,DESKTOP,0,1497,0,68.22378089512358
https://jus-tice.co.il/%D7%92%D7%99%D7%A8%D7%95%D7%A9%D7%99%D7%9F-%D7%91%D7%90%D7%A8%D7%A6%D7%95%D7%AA-%D7%94%D7%91%D7%A8%D7%99%D7%AA/,MOBILE,0,370,0,83.3945945945946
https://jus-tice.co.il/%D7%92%D7%99%D7%A8%D7%95%D7%A9%D7%99%D7%9F-%D7%91%D7%91%D7%9C%D7%92%D7%99%D7%94/,DESKTOP,0,222,0,45.612612612612615
https://jus-tice.co.il/%D7%92%D7%99%D7%A8%D7%95%D7%A9%D7%99%D7%9F-%D7%91%D7%91%D7%9C%D7%92%D7%99%D7%94/,MOBILE,0,34,0,57.61764705882353
https://jus-tice.co.il/%D7%92%D7%99%D7%A8%D7%95%D7%A9%D7%99%D7%9F-%D7%91%D7%92%D7%99%D7%93%D7%94-%D7%96%D7%9B%D7%95%D7%99%D7%95%D7%AA-%D7%91%D7%A2%D7%9C-%D7%91%D7%95%D7%92%D7%93-%D7%91%D7%94%D7%9C%D7%9B%D7%94/,DESKTOP,0,1682,0,61.70392390011891
https://jus-tice.co.il/%D7%92%D7%99%D7%A8%D7%95%D7%A9%D7%99%D7%9F-%D7%91%D7%92%D7%99%D7%93%D7%94-%D7%96%D7%9B%D7%95%D7%99%D7%95%D7%AA-%D7%91%D7%A2%D7%9C-%D7%91%D7%95%D7%92%D7%93-%D7%91%D7%94%D7%9C%D7%9B%D7%94/,MOBILE,0,266,0,55.87218045112782
https://jus-tice.co.il/%D7%92%D7%99%D7%A8%D7%95%D7%A9%D7%99%D7%9F-%D7%91%D7%92%D7%99%D7%A9%D7%95%D7%A8-%D7%A2%D7%9D-%D7%99%D7%9C%D7%93%D7%99%D7%9D-%D7%94%D7%93%D7%A8%D7%9A-%D7%94%D7%98%D7%95%D7%91%D7%94-%D7%9C%D7%94%D7%AA%D7%92%D7%A8%D7%A9-%D7%91%D7%92%D7%99%D7%A9%D7%95%D7%A8-%D7%91%D7%9C%D7%99-%D7%9C%D7%A4%D7%92%D7%95%D7%A2-%D7%91%D7%99%D7%9C%D7%93%D7%99%D7%9D/,DESKTOP,0,527,0,41.280834914611006
https://jus-tice.co.il/%D7%92%D7%99%D7%A8%D7%95%D7%A9%D7%99%D7%9F-%D7%91%D7%92%D7%99%D7%A9%D7%95%D7%A8-%D7%A2%D7%9D-%D7%99%D7%9C%D7%93%D7%99%D7%9D-%D7%94%D7%93%D7%A8%D7%9A-%D7%94%D7%98%D7%95%D7%91%D7%94-%D7%9C%D7%94%D7%AA%D7%92%D7%A8%D7%A9-%D7%91%D7%92%D7%99%D7%A9%D7%95%D7%A8-%D7%91%D7%9C%D7%99-%D7%9C%D7%A4%D7%92%D7%95%D7%A2-%D7%91%D7%99%D7%9C%D7%93%D7%99%D7%9D/,MOBILE,0,17,0,62.529411764705884
https://jus-tice.co.il/%D7%92%D7%99%D7%A8%D7%95%D7%A9%D7%99%D7%9F-%D7%91%D7%A2%D7%9C%D7%95%D7%AA-%D7%95%D7%97%D7%9C%D7%95%D7%A7%D7%AA-%D7%90%D7%AA%D7%A8-%D7%90%D7%99%D7%A0%D7%98%D7%A8%D7%A0%D7%98-%D7%97%D7%9C%D7%95%D7%A7%D7%AA-%D7%A8%D7%9B%D7%95%D7%A9-%D7%91%D7%99%D7%9F-%D7%91%D7%A0%D7%99-%D7%96%D7%95%D7%92/,DESKTOP,0,2,0,51
https://jus-tice.co.il/%D7%92%D7%99%D7%A8%D7%95%D7%A9%D7%99%D7%9F-%D7%97%D7%99%D7%95%D7%91-%D7%94%D7%90%D7%91-%D7%91%D7%AA%D7%A9%D7%9C%D7%95%D7%9D-%D7%91%D7%92%D7%99%D7%9F-%D7%9E%D7%93%D7%95%D7%A8-%D7%94%D7%99%D7%9C%D7%93%D7%99%D7%9D-%D7%91%D7%91%D7%99%D7%AA-%D7%A9%D7%91%D7%91%D7%A2%D7%9C%D7%95%D7%AA-%D7%94%D7%90%D7%9D-%D7%95%D7%90%D7%99%D7%9F-%D7%94%D7%99%D7%90-%D7%9E%D7%A9%D7%9C%D7%9E%D7%AA-%D7%A9%D7%9B%D7%A8-%D7%93%D7%99%D7%A8%D7%94-%D7%91%D7%92%D7%99%D7%A0%D7%95/,DESKTOP,0,739,0,58.68335588633288
https://jus-tice.co.il/%D7%92%D7%99%D7%A8%D7%95%D7%A9%D7%99%D7%9F-%D7%97%D7%99%D7%95%D7%91-%D7%94%D7%90%D7%91-%D7%91%D7%AA%D7%A9%D7%9C%D7%95%D7%9D-%D7%91%D7%92%D7%99%D7%9F-%D7%9E%D7%93%D7%95%D7%A8-%D7%94%D7%99%D7%9C%D7%93%D7%99%D7%9D-%D7%91%D7%91%D7%99%D7%AA-%D7%A9%D7%91%D7%91%D7%A2%D7%9C%D7%95%D7%AA-%D7%94%D7%90%D7%9D-%D7%95%D7%90%D7%99%D7%9F-%D7%94%D7%99%D7%90-%D7%9E%D7%A9%D7%9C%D7%9E%D7%AA-%D7%A9%D7%9B%D7%A8-%D7%93%D7%99%D7%A8%D7%94-%D7%91%D7%92%D7%99%D7%A0%D7%95/,MOBILE,0,484,0,52.48760330578512
https://jus-tice.co.il/%D7%92%D7%99%D7%A8%D7%95%D7%A9%D7%99%D7%9F-%D7%97%D7%99%D7%95%D7%91-%D7%94%D7%90%D7%91-%D7%91%D7%AA%D7%A9%D7%9C%D7%95%D7%9D-%D7%91%D7%92%D7%99%D7%9F-%D7%9E%D7%93%D7%95%D7%A8-%D7%94%D7%99%D7%9C%D7%93%D7%99%D7%9D-%D7%91%D7%91%D7%99%D7%AA-%D7%A9%D7%91%D7%91%D7%A2%D7%9C%D7%95%D7%AA-%D7%94%D7%90%D7%9D-%D7%95%D7%90%D7%99%D7%9F-%D7%94%D7%99%D7%90-%D7%9E%D7%A9%D7%9C%D7%9E%D7%AA-%D7%A9%D7%9B%D7%A8-%D7%93%D7%99%D7%A8%D7%94-%D7%91%D7%92%D7%99%D7%A0%D7%95/,TABLET,0,2,0,50.5
https://jus-tice.co.il/%D7%92%D7%99%D7%A8%D7%95%D7%A9%D7%99%D7%9F-%D7%97%D7%9C%D7%95%D7%A7%D7%AA-%D7%A2%D7%A1%D7%A7-%D7%A0%D7%9B%D7%A1-%D7%90%D7%95-%D7%9E%D7%95%D7%A0%D7%99%D7%98%D7%99%D7%9F-%D7%9E%D7%A2%D7%9E%D7%93%D7%94-%D7%A9%D7%9C-%D7%97%D7%95%D7%93-%D7%9E%D7%95%D7%9E%D7%97%D7%94/,DESKTOP,0,4519,0,47.08010621818986
https://jus-tice.co.il/%D7%92%D7%99%D7%A8%D7%95%D7%A9%D7%99%D7%9F-%D7%97%D7%9C%D7%95%D7%A7%D7%AA-%D7%A2%D7%A1%D7%A7-%D7%A0%D7%9B%D7%A1-%D7%90%D7%95-%D7%9E%D7%95%D7%A0%D7%99%D7%98%D7%99%D7%9F-%D7%9E%D7%A2%D7%9E%D7%93%D7%94-%D7%A9%D7%9C-%D7%97%D7%95%D7%93-%D7%9E%D7%95%D7%9E%D7%97%D7%94/,TABLET,0,13,0,33.07692307692308
https://jus-tice.co.il/%D7%92%D7%99%D7%A8%D7%95%D7%A9%D7%99%D7%9F-%D7%A7%D7%91%D7%9C%D7%AA-%D7%96%D7%9B%D7%95%D7%99%D7%95%D7%AA-%D7%A4%D7%A0%D7%A1%D7%99%D7%95%D7%A0%D7%99%D7%95%D7%AA-%D7%9E%D7%94%D7%95%D7%95%D7%A0%D7%95%D7%AA-%D7%91%D7%9E%D7%A7%D7%95%D7%9D-%D7%A8%D7%99%D7%A9%D7%95%D7%9E%D7%9F-%D7%A2%D7%9C-%D7%A9%D7%9D-%D7%94%D7%96%D7%9B%D7%90%D7%99-%D7%91%D7%94%D7%AA%D7%90%D7%9D-%D7%9C%D7%97%D7%95%D7%A7-%D7%9C%D7%97%D7%9C%D7%95%D7%A7%D7%AA-%D7%97%D7%99%D7%A1%D7%9B%D7%95%D7%9F-%D7%A4%D7%A0%D7%A1%D7%99%D7%95%D7%A0%D7%99/,DESKTOP,0,345,0,68.03478260869565
https://jus-tice.co.il/%D7%92%D7%99%D7%A8%D7%95%D7%A9%D7%99%D7%9F-%D7%A7%D7%91%D7%9C%D7%AA-%D7%96%D7%9B%D7%95%D7%99%D7%95%D7%AA-%D7%A4%D7%A0%D7%A1%D7%99%D7%95%D7%A0%D7%99%D7%95%D7%AA-%D7%9E%D7%94%D7%95%D7%95%D7%A0%D7%95%D7%AA-%D7%91%D7%9E%D7%A7%D7%95%D7%9D-%D7%A8%D7%99%D7%A9%D7%95%D7%9E%D7%9F-%D7%A2%D7%9C-%D7%A9%D7%9D-%D7%94%D7%96%D7%9B%D7%90%D7%99-%D7%91%D7%94%D7%AA%D7%90%D7%9D-%D7%9C%D7%97%D7%95%D7%A7-%D7%9C%D7%97%D7%9C%D7%95%D7%A7%D7%AA-%D7%97%D7%99%D7%A1%D7%9B%D7%95%D7%9F-%D7%A4%D7%A0%D7%A1%D7%99%D7%95%D7%A0%D7%99/,MOBILE,0,2,0,45
https://jus-tice.co.il/%D7%92%D7%99%D7%A9%D7%95%D7%A8-%D7%92%D7%99%D7%A8%D7%95%D7%A9%D7%99%D7%9F-%D7%9E%D7%94-%D7%96%D7%94-%D7%95%D7%90%D7%99%D7%9A-%D7%94%D7%AA%D7%94%D7%9C%D7%99%D7%9A-%D7%A2%D7%95%D7%91%D7%93/,DESKTOP,0,7468,0,70.19898232458489
https://jus-tice.co.il/%D7%92%D7%99%D7%A9%D7%95%D7%A8-%D7%92%D7%99%D7%A8%D7%95%D7%A9%D7%99%D7%9F-%D7%9E%D7%94-%D7%96%D7%94-%D7%95%D7%90%D7%99%D7%9A-%D7%94%D7%AA%D7%94%D7%9C%D7%99%D7%9A-%D7%A2%D7%95%D7%91%D7%93/,MOBILE,0,1837,0,72.35002721829069
https://jus-tice.co.il/%D7%92%D7%99%D7%A9%D7%95%D7%A8-%D7%92%D7%99%D7%A8%D7%95%D7%A9%D7%99%D7%9F-%D7%9E%D7%94-%D7%96%D7%94-%D7%95%D7%90%D7%99%D7%9A-%D7%94%D7%AA%D7%94%D7%9C%D7%99%D7%9A-%D7%A2%D7%95%D7%91%D7%93/,TABLET,0,6,0,72
https://jus-tice.co.il/%D7%93%D7%95%D7%92%D7%9E%D7%90-%D7%9C%D7%94%D7%A1%D7%9B%D7%9D-%D7%A4%D7%99%D7%A0%D7%95%D7%99-%D7%91%D7%99%D7%A0%D7%95%D7%99,DESKTOP,0,192,0,66.26041666666667
https://jus-tice.co.il/%D7%93%D7%95%D7%92%D7%9E%D7%90-%D7%9C%D7%94%D7%A1%D7%9B%D7%9D-%D7%A4%D7%99%D7%A0%D7%95%D7%99-%D7%91%D7%99%D7%A0%D7%95%D7%99,MOBILE,0,27,0,76.07407407407408
https://jus-tice.co.il/%D7%93%D7%95%D7%92%D7%9E%D7%90-%D7%9C%D7%94%D7%A1%D7%9B%D7%9D-%D7%A4%D7%99%D7%A0%D7%95%D7%99-%D7%91%D7%99%D7%A0%D7%95%D7%99/,DESKTOP,0,1861,0,68.79634605051048
https://jus-tice.co.il/%D7%93%D7%95%D7%92%D7%9E%D7%90-%D7%9C%D7%94%D7%A1%D7%9B%D7%9D-%D7%A4%D7%99%D7%A0%D7%95%D7%99-%D7%91%D7%99%D7%A0%D7%95%D7%99/,MOBILE,0,349,0,68.44126074498567
https://jus-tice.co.il/%D7%93%D7%95%D7%97%D7%95%D7%AA-%D7%97%D7%A0%D7%99%D7%94-%D7%90%D7%9E%D7%A6%D7%A2%D7%95%D7%AA-%D7%9E%D7%A1%D7%A8%D7%95%D7%9F-%D7%9C%D7%98%D7%9C%D7%A4%D7%95%D7%9F-%D7%A0%D7%99%D7%99%D7%93-sms/,DESKTOP,0,224,0,37.90625
https://jus-tice.co.il/%D7%93%D7%95%D7%97%D7%95%D7%AA-%D7%97%D7%A0%D7%99%D7%94-%D7%90%D7%9E%D7%A6%D7%A2%D7%95%D7%AA-%D7%9E%D7%A1%D7%A8%D7%95%D7%9F-%D7%9C%D7%98%D7%9C%D7%A4%D7%95%D7%9F-%D7%A0%D7%99%D7%99%D7%93-sms/,MOBILE,0,105,0,32.41904761904762
https://jus-tice.co.il/%D7%93%D7%97%D7%99%D7%99%D7%AA-%D7%91%D7%A7%D7%A9%D7%94-%D7%9C%D7%94%D7%AA%D7%A0%D7%92%D7%93%D7%95%D7%AA-%D7%9C%D7%A6%D7%95-%D7%99%D7%A8%D7%95%D7%A9%D7%94-%D7%A2%D7%9C-%D7%99%D7%93%D7%99-%D7%94%D7%A0%D7%AA%D7%91%D7%A2%D7%AA-%D7%94%D7%98%D7%95%D7%A2%D7%A0%D7%AA-%D7%9C%D7%94%D7%99%D7%95%D7%AA%D7%94-%D7%91%D7%AA-%D7%94%D7%96%D7%95%D7%92-%D7%A9%D7%9C-%D7%94%D7%9E%D7%A0%D7%95%D7%97-%D7%AA%D7%A2-57474-06-19/,DESKTOP,0,3457,0,46.06479606595314
https://jus-tice.co.il/%D7%93%D7%97%D7%99%D7%99%D7%AA-%D7%91%D7%A7%D7%A9%D7%94-%D7%9C%D7%94%D7%AA%D7%A0%D7%92%D7%93%D7%95%D7%AA-%D7%9C%D7%A6%D7%95-%D7%99%D7%A8%D7%95%D7%A9%D7%94-%D7%A2%D7%9C-%D7%99%D7%93%D7%99-%D7%94%D7%A0%D7%AA%D7%91%D7%A2%D7%AA-%D7%94%D7%98%D7%95%D7%A2%D7%A0%D7%AA-%D7%9C%D7%94%D7%99%D7%95%D7%AA%D7%94-%D7%91%D7%AA-%D7%94%D7%96%D7%95%D7%92-%D7%A9%D7%9C-%D7%94%D7%9E%D7%A0%D7%95%D7%97-%D7%AA%D7%A2-57474-06-19/,MOBILE,0,451,0,43.787139689578716
https://jus-tice.co.il/%D7%93%D7%97%D7%99%D7%99%D7%AA-%D7%91%D7%A7%D7%A9%D7%94-%D7%9C%D7%94%D7%AA%D7%A0%D7%92%D7%93%D7%95%D7%AA-%D7%9C%D7%A6%D7%95-%D7%99%D7%A8%D7%95%D7%A9%D7%94-%D7%A2%D7%9C-%D7%99%D7%93%D7%99-%D7%94%D7%A0%D7%AA%D7%91%D7%A2%D7%AA-%D7%94%D7%98%D7%95%D7%A2%D7%A0%D7%AA-%D7%9C%D7%94%D7%99%D7%95%D7%AA%D7%94-%D7%91%D7%AA-%D7%94%D7%96%D7%95%D7%92-%D7%A9%D7%9C-%D7%94%D7%9E%D7%A0%D7%95%D7%97-%D7%AA%D7%A2-57474-06-19/,TABLET,0,1,0,33
https://jus-tice.co.il/%D7%93%D7%97%D7%99%D7%99%D7%AA-%D7%93%D7%A8%D7%99%D7%A9%D7%94-%D7%9C%D7%A2%D7%99%D7%9B%D7%95%D7%91-%D7%92%D7%99%D7%A8%D7%95%D7%A9%D7%99%D7%9F-%D7%9C%D7%A9%D7%9D-%D7%94%D7%96%D7%9E%D7%AA-%D7%98%D7%A2%D7%A0%D7%95%D7%AA-%D7%A9%D7%9C%D7%90-%D7%94%D7%97%D7%9C-%D7%91%D7%99%D7%A8%D7%95%D7%A8%D7%9F-%D7%A9%D7%A4%D7%A1%D7%99%D7%A7%D7%AA-%D7%94%D7%92%D7%99%D7%A8%D7%95%D7%A9%D7%99%D7%9F-%D7%90%D7%99%D7%A0%D7%94-%D7%9E%D7%95%D7%A9%D7%AA%D7%AA%D7%AA-%D7%A2%D7%9C%D7%99%D7%94%D7%9F-%D7%95%D7%A9%D7%94%D7%96%D7%9E%D7%AA%D7%9F-%D7%9E%D7%91%D7%95%D7%A7%D7%A9%D7%AA-%D7%9C%D7%A6%D7%95%D7%A8%D7%9A-%D7%94%D7%9C%D7%99%D7%9A-%D7%90%D7%97%D7%A8-1353339-1-%D7%91%D7%99%D7%94%D7%93-%D7%94%D7%92%D7%93%D7%95%D7%9C/,DESKTOP,0,30,0,80.86666666666666
https://jus-tice.co.il/%D7%93%D7%97%D7%99%D7%99%D7%AA-%D7%98%D7%A2%D7%A0%D7%94-%D7%9C%D7%A4%D7%92%D7%99%D7%A2%D7%94-%D7%9E%D7%99%D7%A0%D7%99%D7%AA-%D7%95%D7%97%D7%99%D7%93%D7%95%D7%A9-%D7%A7%D7%A9%D7%A8-%D7%91%D7%99%D7%9F-%D7%90%D7%91-%D7%9C%D7%91%D7%AA%D7%95-%D7%90%D7%A3-%D7%A9%D7%9C%D7%90-%D7%91%D7%94%D7%AA%D7%90%D7%9D-%D7%9C%D7%94%D7%9E%D7%9C%D7%A6%D7%AA-%D7%A2%D7%95%D7%A1-%D7%94%D7%A8%D7%95%D7%95%D7%97%D7%94-1201062-4-%D7%91%D7%99%D7%94%D7%93-%D7%99%D7%A8%D7%95%D7%A9%D7%9C%D7%99%D7%9D/,DESKTOP,0,40,0,79.625
https://jus-tice.co.il/%D7%93%D7%97%D7%99%D7%99%D7%AA-%D7%98%D7%A2%D7%A0%D7%94-%D7%9C%D7%A4%D7%92%D7%99%D7%A2%D7%94-%D7%9E%D7%99%D7%A0%D7%99%D7%AA-%D7%95%D7%97%D7%99%D7%93%D7%95%D7%A9-%D7%A7%D7%A9%D7%A8-%D7%91%D7%99%D7%9F-%D7%90%D7%91-%D7%9C%D7%91%D7%AA%D7%95-%D7%90%D7%A3-%D7%A9%D7%9C%D7%90-%D7%91%D7%94%D7%AA%D7%90%D7%9D-%D7%9C%D7%94%D7%9E%D7%9C%D7%A6%D7%AA-%D7%A2%D7%95%D7%A1-%D7%94%D7%A8%D7%95%D7%95%D7%97%D7%94-1201062-4-%D7%91%D7%99%D7%94%D7%93-%D7%99%D7%A8%D7%95%D7%A9%D7%9C%D7%99%D7%9D/,MOBILE,0,2,0,62
https://jus-tice.co.il/%D7%93%D7%97%D7%99%D7%99%D7%AA-%D7%A2%D7%A8%D7%A2%D7%95%D7%A8-%D7%A2%D7%9C-%D7%91%D7%99%D7%98%D7%95%D7%9C-%D7%A2%D7%A1%D7%A7%D7%AA-%D7%9E%D7%AA%D7%A0%D7%94-%D7%91%D7%94-%D7%94%D7%A2%D7%91%D7%99%D7%A8%D7%94-%D7%90%D7%9D-%D7%9E%D7%A7%D7%A8%D7%A7%D7%A2%D7%99%D7%9F-%D7%9C%D7%9C%D7%90-%D7%AA%D7%9E%D7%95%D7%A8%D7%94-%D7%9C%D7%90%D7%97%D7%99%D7%9D-%D7%9C%D7%90%D7%97%D7%A8-%D7%9B%D7%AA%D7%99%D7%91%D7%AA-%D7%94%D7%A6%D7%95%D7%95%D7%90%D7%94/,DESKTOP,0,1422,0,66.74191279887482
https://jus-tice.co.il/%D7%93%D7%97%D7%99%D7%99%D7%AA-%D7%A2%D7%A8%D7%A2%D7%95%D7%A8-%D7%A2%D7%9C-%D7%91%D7%99%D7%98%D7%95%D7%9C-%D7%A2%D7%A1%D7%A7%D7%AA-%D7%9E%D7%AA%D7%A0%D7%94-%D7%91%D7%94-%D7%94%D7%A2%D7%91%D7%99%D7%A8%D7%94-%D7%90%D7%9D-%D7%9E%D7%A7%D7%A8%D7%A7%D7%A2%D7%99%D7%9F-%D7%9C%D7%9C%D7%90-%D7%AA%D7%9E%D7%95%D7%A8%D7%94-%D7%9C%D7%90%D7%97%D7%99%D7%9D-%D7%9C%D7%90%D7%97%D7%A8-%D7%9B%D7%AA%D7%99%D7%91%D7%AA-%D7%94%D7%A6%D7%95%D7%95%D7%90%D7%94/,MOBILE,0,107,0,73.44859813084112
https://jus-tice.co.il/%D7%93%D7%99%D7%9C%D7%9E%D7%AA-%D7%90%D7%A1%D7%99%D7%A8-%D7%97%D7%A3-%D7%9E%D7%A4%D7%A9%D7%A2/,DESKTOP,0,77,0,49.15584415584416
https://jus-tice.co.il/%D7%93%D7%99%D7%9C%D7%9E%D7%AA-%D7%90%D7%A1%D7%99%D7%A8-%D7%97%D7%A3-%D7%9E%D7%A4%D7%A9%D7%A2/,MOBILE,0,34,0,16.235294117647058
https://jus-tice.co.il/%D7%93%D7%99%D7%9F-%D7%95%D7%97%D7%A9%D7%91%D7%95%D7%9F-%D7%9C%D7%A2%D7%A0%D7%99%D7%99%D7%9F-%D7%AA%D7%A7%D7%A0%D7%95%D7%AA-%D7%91%D7%A0%D7%95%D7%A9%D7%90-%D7%91%D7%93%D7%99%D7%A7%D7%95%D7%AA-%D7%A9%D7%9B%D7%A8%D7%95%D7%AA-%D7%9C%D7%A0%D7%94%D7%92%D7%99%D7%9D/,DESKTOP,0,2806,0,72.94119743406985
https://jus-tice.co.il/%D7%93%D7%99%D7%9F-%D7%95%D7%97%D7%A9%D7%91%D7%95%D7%9F-%D7%9C%D7%A2%D7%A0%D7%99%D7%99%D7%9F-%D7%AA%D7%A7%D7%A0%D7%95%D7%AA-%D7%91%D7%A0%D7%95%D7%A9%D7%90-%D7%91%D7%93%D7%99%D7%A7%D7%95%D7%AA-%D7%A9%D7%9B%D7%A8%D7%95%D7%AA-%D7%9C%D7%A0%D7%94%D7%92%D7%99%D7%9D/,MOBILE,0,743,0,72.71197846567968
https://jus-tice.co.il/%D7%93%D7%99%D7%A0%D7%99-%D7%9E%D7%A9%D7%A4%D7%97%D7%94-%D7%90%D7%95%D7%A1%D7%98%D7%A8%D7%9C%D7%99%D7%94/,DESKTOP,0,1171,0,45.788215200683176
https://jus-tice.co.il/%D7%93%D7%99%D7%A0%D7%99-%D7%9E%D7%A9%D7%A4%D7%97%D7%94-%D7%90%D7%95%D7%A1%D7%98%D7%A8%D7%9C%D7%99%D7%94/,MOBILE,0,9,0,86.44444444444444
https://jus-tice.co.il/%D7%93%D7%A8%D7%9B%D7%95%D7%9F-%D7%99%D7%95%D7%95%D7%A0%D7%99-%D7%94%D7%92%D7%99%D7%A8%D7%94-%D7%A8%D7%99%D7%9C%D7%95%D7%A7%D7%99%D7%99%D7%A9%D7%9F-%D7%9E%D7%92%D7%95%D7%A8%D7%99%D7%9D-%D7%9E%D7%94-%D7%94%D7%93%D7%A8%D7%99%D7%A9%D7%95%D7%AA-%D7%95%D7%94%D7%A2%D7%9C%D7%95%D7%99%D7%95%D7%AA/,TABLET,0,6,0,16.166666666666664
https://jus-tice.co.il/%D7%93%D7%A8%D7%A2%D7%99-%D7%92%D7%96%D7%A8-%D7%93%D7%99%D7%9F-%D7%A2%D7%91%D7%99%D7%A8%D7%95%D7%AA-%D7%9E%D7%A1-%D7%94%D7%A1%D7%93%D7%A8-%D7%98%D7%99%D7%A2%D7%95%D7%9F/,DESKTOP,0,117,0,70.93162393162393
https://jus-tice.co.il/%D7%93%D7%A8%D7%A2%D7%99-%D7%92%D7%96%D7%A8-%D7%93%D7%99%D7%9F-%D7%A2%D7%91%D7%99%D7%A8%D7%95%D7%AA-%D7%9E%D7%A1-%D7%94%D7%A1%D7%93%D7%A8-%D7%98%D7%99%D7%A2%D7%95%D7%9F/,MOBILE,0,22,0,71.13636363636364
https://jus-tice.co.il/%D7%94%D7%90%D7%9D-%D7%99%D7%A9-%D7%9E%D7%A7%D7%95%D7%9D-%D7%9C%D7%94%D7%9B%D7%99%D7%A8-%D7%91%D7%A9%D7%9C%D7%99%D7%97%D7%99%D7%9D-%D7%A9%D7%9C-%D7%95%D7%95%D7%9C%D7%98-%D7%9B%D7%A2%D7%95%D7%91%D7%93%D7%99-%D7%95%D7%95%D7%9C%D7%98/,DESKTOP,0,1139,0,58.01404741000878
https://jus-tice.co.il/%D7%94%D7%90%D7%9D-%D7%99%D7%A9-%D7%9E%D7%A7%D7%95%D7%9D-%D7%9C%D7%94%D7%9B%D7%99%D7%A8-%D7%91%D7%A9%D7%9C%D7%99%D7%97%D7%99%D7%9D-%D7%A9%D7%9C-%D7%95%D7%95%D7%9C%D7%98-%D7%9B%D7%A2%D7%95%D7%91%D7%93%D7%99-%D7%95%D7%95%D7%9C%D7%98/,MOBILE,0,69,0,44.20289855072464
https://jus-tice.co.il/%D7%94%D7%90%D7%9D-%D7%9B%D7%9C-%D7%94%D7%A1%D7%9B%D7%9D-%D7%91%D7%99%D7%9F-%D7%91%D7%A0%D7%99-%D7%96%D7%95%D7%92-%D7%94%D7%95%D7%90-%D7%94%D7%A1%D7%9B%D7%9D-%D7%9E%D7%9E%D7%95%D7%9F/,DESKTOP,0,255,0,68.88235294117646
https://jus-tice.co.il/%D7%94%D7%90%D7%9D-%D7%9B%D7%9C-%D7%94%D7%A1%D7%9B%D7%9D-%D7%91%D7%99%D7%9F-%D7%91%D7%A0%D7%99-%D7%96%D7%95%D7%92-%D7%94%D7%95%D7%90-%D7%94%D7%A1%D7%9B%D7%9D-%D7%9E%D7%9E%D7%95%D7%9F/,MOBILE,0,93,0,50.24731182795699
https://jus-tice.co.il/%D7%94%D7%90%D7%9D-%D7%9B%D7%9C-%D7%94%D7%A1%D7%9B%D7%9D-%D7%91%D7%99%D7%9F-%D7%91%D7%A0%D7%99-%D7%96%D7%95%D7%92-%D7%94%D7%95%D7%90-%D7%94%D7%A1%D7%9B%D7%9D-%D7%9E%D7%9E%D7%95%D7%9F/,TABLET,0,2,0,33
https://jus-tice.co.il/%D7%94%D7%90%D7%9D-%D7%AA%D7%A9%D7%9C%D7%9D-%D7%9E%D7%96%D7%95%D7%A0%D7%95%D7%AA-%D7%99%D7%9C%D7%93%D7%99%D7%9D-%D7%91%D7%99%D7%AA-%D7%93%D7%99%D7%9F-%D7%A8%D7%91%D7%A0%D7%99-2022/,DESKTOP,0,747,0,54.39223560910308
https://jus-tice.co.il/%D7%94%D7%90%D7%9D-%D7%AA%D7%A9%D7%9C%D7%9D-%D7%9E%D7%96%D7%95%D7%A0%D7%95%D7%AA-%D7%99%D7%9C%D7%93%D7%99%D7%9D-%D7%91%D7%99%D7%AA-%D7%93%D7%99%D7%9F-%D7%A8%D7%91%D7%A0%D7%99-2022/,MOBILE,0,8,0,90
https://jus-tice.co.il/%D7%94%D7%90%D7%9D-%D7%AA%D7%A9%D7%9C%D7%9D-%D7%9E%D7%96%D7%95%D7%A0%D7%95%D7%AA-%D7%99%D7%9C%D7%93%D7%99%D7%9D-%D7%91%D7%99%D7%AA-%D7%93%D7%99%D7%9F-%D7%A8%D7%91%D7%A0%D7%99-2022/,TABLET,0,1,0,91
https://jus-tice.co.il/%D7%94%D7%92%D7%99%D7%A8%D7%94-%D7%9E%D7%99%D7%A9%D7%A8%D7%90%D7%9C-%D7%A8%D7%A9%D7%99%D7%9E%D7%AA-%D7%94%D7%9C%D7%99%D7%9B%D7%99%D7%9D/,DESKTOP,0,938,0,34.41897654584222
https://jus-tice.co.il/%D7%94%D7%92%D7%99%D7%A8%D7%94-%D7%9E%D7%99%D7%A9%D7%A8%D7%90%D7%9C-%D7%A8%D7%A9%D7%99%D7%9E%D7%AA-%D7%94%D7%9C%D7%99%D7%9B%D7%99%D7%9D/,TABLET,0,2,0,33.5
https://jus-tice.co.il/%D7%94%D7%94%D7%9C%D7%99%D7%9A-%D7%94%D7%A4%D7%9C%D7%99%D7%9C%D7%99-%D7%A4%D7%A8%D7%A7%D7%9C%D7%99%D7%98%D7%95%D7%AA-%D7%94%D7%9E%D7%93%D7%99%D7%A0%D7%94-%D7%9E%D7%95%D7%9C-%D7%97%D7%98%D7%99%D7%91%D7%AA-%D7%AA%D7%91%D7%99%D7%A2%D7%95%D7%AA-%D7%94%D7%9E%D7%A9%D7%98%D7%A8%D7%94/,TABLET,0,5,0,6
https://jus-tice.co.il/%D7%94%D7%97%D7%91%D7%A8%D7%95%D7%AA-%D7%94%D7%9E%D7%95%D7%91%D7%99%D7%9C%D7%95%D7%AA-%D7%AA%D7%9E%D7%90-38-%D7%AA%D7%90/,DESKTOP,0,1211,0,38.421965317919074
https://jus-tice.co.il/%D7%94%D7%97%D7%91%D7%A8%D7%95%D7%AA-%D7%94%D7%9E%D7%95%D7%91%D7%99%D7%9C%D7%95%D7%AA-%D7%AA%D7%9E%D7%90-38-%D7%AA%D7%90/,MOBILE,0,122,0,15.401639344262295
https://jus-tice.co.il/%D7%94%D7%97%D7%95%D7%91%D7%94-%D7%9C%D7%90%D7%A4%D7%A9%D7%A8-%D7%A1%D7%A0%D7%99%D7%92%D7%95%D7%A8-%D7%9C%D7%99%D7%99%D7%A2%D7%A5-%D7%9C%D7%90%D7%A1%D7%99%D7%A8-%D7%A2%D7%A6%D7%95%D7%A8-%D7%91%D7%91%D7%99%D7%AA-%D7%94%D7%9B%D7%9C%D7%90/,DESKTOP,0,242,0,71.5909090909091
https://jus-tice.co.il/%D7%94%D7%97%D7%95%D7%91%D7%94-%D7%9C%D7%90%D7%A4%D7%A9%D7%A8-%D7%A1%D7%A0%D7%99%D7%92%D7%95%D7%A8-%D7%9C%D7%99%D7%99%D7%A2%D7%A5-%D7%9C%D7%90%D7%A1%D7%99%D7%A8-%D7%A2%D7%A6%D7%95%D7%A8-%D7%91%D7%91%D7%99%D7%AA-%D7%94%D7%9B%D7%9C%D7%90/,MOBILE,0,3,0,65.66666666666667
https://jus-tice.co.il/%D7%94%D7%97%D7%96%D7%A7%D7%AA-%D7%99%D7%9C%D7%93%D7%99%D7%9D-%D7%9E%D7%A9%D7%9E%D7%95%D7%A8%D7%AA-%D7%9E%D7%A9%D7%95%D7%AA%D7%A4%D7%AA-%D7%91%D7%99%D7%AA-%D7%94%D7%93%D7%99%D7%9F-%D7%94%D7%A8%D7%91%D7%A0%D7%99/,TABLET,0,3,0,7.333333333333333
https://jus-tice.co.il/%D7%94%D7%97%D7%9C%D7%98%D7%94-%D7%91%D7%99%D7%97%D7%A1-%D7%9C%D7%91%D7%A7%D7%A9%D7%94-%D7%9C%D7%9E%D7%99%D7%A0%D7%95%D7%99-%D7%90%D7%A4%D7%95%D7%98%D7%A8%D7%95%D7%A4%D7%95%D7%A1-%D7%A8%D7%9E%D7%A9-49897-12-21/,DESKTOP,0,555,0,71.15675675675676
https://jus-tice.co.il/%D7%94%D7%97%D7%9C%D7%98%D7%94-%D7%91%D7%99%D7%97%D7%A1-%D7%9C%D7%91%D7%A7%D7%A9%D7%94-%D7%9C%D7%9E%D7%99%D7%A0%D7%95%D7%99-%D7%90%D7%A4%D7%95%D7%98%D7%A8%D7%95%D7%A4%D7%95%D7%A1-%D7%A8%D7%9E%D7%A9-49897-12-21/,MOBILE,0,28,0,79.71428571428571
https://jus-tice.co.il/%D7%94%D7%97%D7%9C%D7%98%D7%94-%D7%91%D7%A0%D7%95%D7%A9%D7%90-%D7%A9%D7%91%D7%99%D7%AA%D7%AA-%D7%94%D7%A0%D7%9E%D7%9C%D7%99%D7%9D-%D7%A1%D7%A7%D7%9B-55221-01-22/,DESKTOP,0,29,0,46
https://jus-tice.co.il/%D7%94%D7%97%D7%9C%D7%98%D7%94-%D7%91%D7%A0%D7%95%D7%A9%D7%90-%D7%A9%D7%91%D7%99%D7%AA%D7%AA-%D7%94%D7%A0%D7%9E%D7%9C%D7%99%D7%9D-%D7%A1%D7%A7%D7%9B-55221-01-22/,MOBILE,0,5,0,62
https://jus-tice.co.il/%D7%94%D7%97%D7%9C%D7%98%D7%94-%D7%91%D7%A2%D7%A0%D7%99%D7%99%D7%9F-%D7%91%D7%A7%D7%A9%D7%94-%D7%9C%D7%94%D7%97%D7%96%D7%A8%D7%AA-%D7%A6%D7%99%D7%95%D7%93-%D7%A9%D7%94%D7%95%D7%97%D7%A8%D7%9D/,DESKTOP,0,156,0,44.87179487179487
https://jus-tice.co.il/%D7%94%D7%97%D7%9C%D7%98%D7%94-%D7%91%D7%A2%D7%A0%D7%99%D7%99%D7%9F-%D7%91%D7%A7%D7%A9%D7%94-%D7%9C%D7%94%D7%97%D7%96%D7%A8%D7%AA-%D7%A6%D7%99%D7%95%D7%93-%D7%A9%D7%94%D7%95%D7%97%D7%A8%D7%9D/,MOBILE,0,8,0,27.875
https://jus-tice.co.il/%D7%94%D7%97%D7%9C%D7%98%D7%94-%D7%91%D7%AA%D7%99%D7%A7-%D7%97%D7%93%D7%9C%D7%95%D7%AA-%D7%A4%D7%99%D7%A8%D7%A2%D7%95%D7%9F-%D7%A9%D7%9C-%D7%97%D7%91%D7%A8%D7%AA-%D7%A1%D7%98%D7%95%D7%93%D7%99%D7%95-c/,DESKTOP,0,551,0,48.19600725952813
https://jus-tice.co.il/%D7%94%D7%97%D7%9C%D7%98%D7%94-%D7%91%D7%AA%D7%99%D7%A7-%D7%97%D7%93%D7%9C%D7%95%D7%AA-%D7%A4%D7%99%D7%A8%D7%A2%D7%95%D7%9F-%D7%A9%D7%9C-%D7%97%D7%91%D7%A8%D7%AA-%D7%A1%D7%98%D7%95%D7%93%D7%99%D7%95-c/,TABLET,0,2,0,9.5
https://jus-tice.co.il/%D7%94%D7%97%D7%9E%D7%A8%D7%AA-%D7%A2%D7%95%D7%A0%D7%A9-%D7%A2%D7%91%D7%99%D7%A8%D7%95%D7%AA-%D7%91%D7%A0%D7%A9%D7%A7-%D7%9E%D7%9B%D7%99%D7%A8%D7%AA-%D7%9B%D7%9C%D7%99-%D7%A0%D7%A9%D7%A7-%D7%A9%D7%95%D7%A0%D7%99%D7%9D/,DESKTOP,0,72,0,66.58333333333333
https://jus-tice.co.il/%D7%94%D7%97%D7%9E%D7%A8%D7%AA-%D7%A2%D7%95%D7%A0%D7%A9-%D7%A2%D7%91%D7%99%D7%A8%D7%95%D7%AA-%D7%91%D7%A0%D7%A9%D7%A7-%D7%9E%D7%9B%D7%99%D7%A8%D7%AA-%D7%9B%D7%9C%D7%99-%D7%A0%D7%A9%D7%A7-%D7%A9%D7%95%D7%A0%D7%99%D7%9D/,MOBILE,0,12,0,71.75
https://jus-tice.co.il/%D7%94%D7%98%D7%A8%D7%93%D7%94-%D7%9E%D7%99%D7%A0%D7%99%D7%AA-%D7%91%D7%91%D7%A8-%D7%A9%D7%AA%D7%99%D7%99%D7%AA-%D7%90%D7%9C%D7%9B%D7%95%D7%94%D7%95%D7%9C-%D7%9E%D7%92%D7%95%D7%A4%D7%95-%D7%A9%D7%9C-%D7%90%D7%93%D7%9D-%D7%90%D7%97%D7%A8/,MOBILE,0,77,0,46.79220779220779
https://jus-tice.co.il/%D7%94%D7%9B%D7%A0%D7%94-%D7%9C%D7%97%D7%A7%D7%99%D7%A8%D7%94-%D7%91%D7%9E%D7%A9%D7%98%D7%A8%D7%94/,DESKTOP,0,5055,0,51.570524233432245
https://jus-tice.co.il/%D7%94%D7%9B%D7%A0%D7%94-%D7%9C%D7%97%D7%A7%D7%99%D7%A8%D7%94-%D7%91%D7%9E%D7%A9%D7%98%D7%A8%D7%94/,MOBILE,0,372,0,68.26881720430107
https://jus-tice.co.il/%D7%94%D7%9B%D7%A0%D7%94-%D7%9C%D7%97%D7%A7%D7%99%D7%A8%D7%94-%D7%91%D7%9E%D7%A9%D7%98%D7%A8%D7%94/,TABLET,0,1,0,66
https://jus-tice.co.il/%D7%94%D7%9C%D7%99%D7%9A-%D7%94%D7%9E%D7%A2%D7%A6%D7%A8-%D7%9B%D7%9E%D7%94-%D7%A2%D7%95%D7%9C%D7%94-%D7%A2%D7%95%D7%A8%D7%9A-%D7%93%D7%99%D7%9F-%D7%9E%D7%A2%D7%A6%D7%A8%D7%99%D7%9D-%D7%9E%D7%97%D7%99%D7%A8%D7%95%D7%9F-%D7%A2%D7%95%D7%93-%D7%A4%D7%9C%D7%99%D7%9C%D7%99/,MOBILE,0,931,0,34.326530612244895
https://jus-tice.co.il/%D7%94%D7%9C%D7%99%D7%9A-%D7%94%D7%9E%D7%A2%D7%A6%D7%A8-%D7%9B%D7%9E%D7%94-%D7%A2%D7%95%D7%9C%D7%94-%D7%A2%D7%95%D7%A8%D7%9A-%D7%93%D7%99%D7%9F-%D7%9E%D7%A2%D7%A6%D7%A8%D7%99%D7%9D-%D7%9E%D7%97%D7%99%D7%A8%D7%95%D7%9F-%D7%A2%D7%95%D7%93-%D7%A4%D7%9C%D7%99%D7%9C%D7%99/,TABLET,0,5,0,50.2
https://jus-tice.co.il/%D7%94%D7%9E%D7%93%D7%A8%D7%99%D7%9A-%D7%94%D7%9E%D7%9C%D7%90-%D7%9C%D7%A6%D7%95%D7%95%D7%90%D7%95%D7%AA/,DESKTOP,0,43,0,81.27906976744185
https://jus-tice.co.il/%D7%94%D7%9E%D7%93%D7%A8%D7%99%D7%9A-%D7%94%D7%9E%D7%9C%D7%90-%D7%9C%D7%A7%D7%A0%D7%99%D7%99%D7%94-%D7%94%D7%A9%D7%9B%D7%A8%D7%94-%D7%95-airbnb-%D7%91%D7%97%D7%95%D7%9C/,DESKTOP,0,14712,0,53.31294181620446
https://jus-tice.co.il/%D7%94%D7%9E%D7%93%D7%A8%D7%99%D7%9A-%D7%94%D7%9E%D7%9C%D7%90-%D7%9C%D7%A7%D7%A0%D7%99%D7%99%D7%94-%D7%94%D7%A9%D7%9B%D7%A8%D7%94-%D7%95-airbnb-%D7%91%D7%97%D7%95%D7%9C/,MOBILE,0,3517,0,54.57776514074495
https://jus-tice.co.il/%D7%94%D7%9E%D7%93%D7%A8%D7%99%D7%9A-%D7%94%D7%9E%D7%9C%D7%90-%D7%9C%D7%A7%D7%A0%D7%99%D7%99%D7%94-%D7%94%D7%A9%D7%9B%D7%A8%D7%94-%D7%95-airbnb-%D7%91%D7%97%D7%95%D7%9C/,TABLET,0,3,0,80
https://jus-tice.co.il/%D7%94%D7%A0%D7%97%D7%99%D7%94-81100-52001%D7%90-%D7%94%D7%99%D7%95%D7%A2%D7%A5-%D7%94%D7%9E%D7%A9%D7%A4%D7%98%D7%99-%D7%9C%D7%9E%D7%9E%D7%A9%D7%9C%D7%94/,DESKTOP,0,489,0,46.56032719836401
https://jus-tice.co.il/%D7%94%D7%A0%D7%97%D7%99%D7%94-81100-52001%D7%90-%D7%94%D7%99%D7%95%D7%A2%D7%A5-%D7%94%D7%9E%D7%A9%D7%A4%D7%98%D7%99-%D7%9C%D7%9E%D7%9E%D7%A9%D7%9C%D7%94/,MOBILE,0,168,0,47.79761904761905
https://jus-tice.co.il/%D7%94%D7%A0%D7%97%D7%99%D7%94-81100-52001%D7%90-%D7%94%D7%99%D7%95%D7%A2%D7%A5-%D7%94%D7%9E%D7%A9%D7%A4%D7%98%D7%99-%D7%9C%D7%9E%D7%9E%D7%A9%D7%9C%D7%94/,TABLET,0,1,0,57
https://jus-tice.co.il/%D7%94%D7%A0%D7%97%D7%99%D7%95%D7%AA-%D7%A4%D7%A8%D7%A7%D7%9C%D7%99%D7%98-%D7%94%D7%9E%D7%93%D7%99%D7%A0%D7%94-%D7%94%D7%A0%D7%97%D7%99%D7%94-%D7%9E%D7%A1%D7%A4%D7%A8-13/,DESKTOP,0,11548,0,42.93470730862487
https://jus-tice.co.il/%D7%94%D7%A0%D7%97%D7%99%D7%95%D7%AA-%D7%A4%D7%A8%D7%A7%D7%9C%D7%99%D7%98-%D7%94%D7%9E%D7%93%D7%99%D7%A0%D7%94-%D7%94%D7%A0%D7%97%D7%99%D7%94-%D7%9E%D7%A1%D7%A4%D7%A8-13/,TABLET,0,2,0,39.5
https://jus-tice.co.il/%D7%94%D7%A0%D7%97%D7%99%D7%95%D7%AA-%D7%A4%D7%A8%D7%A7%D7%9C%D7%99%D7%98-%D7%94%D7%9E%D7%93%D7%99%D7%A0%D7%94-%D7%9E%D7%A2%D7%A6%D7%A8-%D7%A2%D7%93-%D7%AA%D7%95%D7%9D-%D7%94%D7%94%D7%9C%D7%99%D7%9B%D7%99%D7%9D-%D7%91%D7%A2%D7%91%D7%99%D7%A8%D7%95%D7%AA-%D7%9E%D7%99%D7%9F-%D7%95%D7%90%D7%9C%D7%99%D7%9E%D7%95%D7%AA-%D7%91%D7%AA%D7%95%D7%9A-%D7%94%D7%9E%D7%A9%D7%A4%D7%97%D7%94/,DESKTOP,0,1266,0,53.94549763033175
https://jus-tice.co.il/%D7%94%D7%A0%D7%97%D7%99%D7%95%D7%AA-%D7%A4%D7%A8%D7%A7%D7%9C%D7%99%D7%98-%D7%94%D7%9E%D7%93%D7%99%D7%A0%D7%94-%D7%9E%D7%A2%D7%A6%D7%A8-%D7%A2%D7%93-%D7%AA%D7%95%D7%9D-%D7%94%D7%94%D7%9C%D7%99%D7%9B%D7%99%D7%9D-%D7%91%D7%A2%D7%91%D7%99%D7%A8%D7%95%D7%AA-%D7%9E%D7%99%D7%9F-%D7%95%D7%90%D7%9C%D7%99%D7%9E%D7%95%D7%AA-%D7%91%D7%AA%D7%95%D7%9A-%D7%94%D7%9E%D7%A9%D7%A4%D7%97%D7%94/,MOBILE,0,54,0,53.53703703703704
https://jus-tice.co.il/%D7%94%D7%A0%D7%97%D7%99%D7%99%D7%AA-%D7%A4%D7%A8%D7%A7%D7%9C%D7%99%D7%98-%D7%94%D7%9E%D7%93%D7%99%D7%A0%D7%94-%D7%9E%D7%A1%D7%A4%D7%A8-25-%D7%9E%D7%93%D7%99%D7%A0%D7%99%D7%95%D7%AA-%D7%A4%D7%AA%D7%99%D7%97%D7%94-%D7%91%D7%97%D7%A7%D7%99%D7%A8%D7%94-%D7%95%D7%94%D7%A2%D7%9E%D7%93%D7%94-%D7%9C%D7%93%D7%99%D7%9F-%D7%91%D7%92%D7%99%D7%9F-%D7%97%D7%A9%D7%93-%D7%9C%D7%9E%D7%A1%D7%99%D7%A8%D7%AA-%D7%90%D7%9E%D7%A8%D7%94-%D7%90%D7%95-%D7%A2%D7%93%D7%95%D7%AA-%D7%9B%D7%95%D7%96%D7%91%D7%AA/,DESKTOP,0,1686,0,50.14946619217082
https://jus-tice.co.il/%D7%94%D7%A1%D7%93%D7%A8-%D7%98%D7%99%D7%A2%D7%95%D7%9F-%D7%90%D7%A8%D7%A0%D7%95%D7%9F-%D7%92%D7%9C%D7%A2%D7%93%D7%99-%D7%A9%D7%A0%D7%90%D7%A9%D7%9D-%D7%91%D7%9E%D7%A1%D7%92%D7%A8%D7%AA-%D7%9B%D7%AA%D7%91-%D7%94%D7%90%D7%99%D7%A9%D7%95%D7%9D-%D7%97%D7%91%D7%A8-%D7%94%D7%9B%D7%A0%D7%A1%D7%AA-%D7%93%D7%95%D7%93-%D7%91%D7%99%D7%98%D7%9F-%D7%95%D7%90%D7%97%D7%A8%D7%99%D7%9D/,DESKTOP,0,19,0,22.263157894736842
https://jus-tice.co.il/%D7%94%D7%A1%D7%93%D7%A8-%D7%98%D7%99%D7%A2%D7%95%D7%9F-%D7%90%D7%A8%D7%A0%D7%95%D7%9F-%D7%92%D7%9C%D7%A2%D7%93%D7%99-%D7%A9%D7%A0%D7%90%D7%A9%D7%9D-%D7%91%D7%9E%D7%A1%D7%92%D7%A8%D7%AA-%D7%9B%D7%AA%D7%91-%D7%94%D7%90%D7%99%D7%A9%D7%95%D7%9D-%D7%97%D7%91%D7%A8-%D7%94%D7%9B%D7%A0%D7%A1%D7%AA-%D7%93%D7%95%D7%93-%D7%91%D7%99%D7%98%D7%9F-%D7%95%D7%90%D7%97%D7%A8%D7%99%D7%9D/,MOBILE,0,12,0,24.25
https://jus-tice.co.il/%D7%94%D7%A1%D7%93%D7%A8-%D7%9E%D7%95%D7%AA%D7%A0%D7%94/,DESKTOP,0,4986,0,56.856999598876854
https://jus-tice.co.il/%D7%94%D7%A1%D7%93%D7%A8-%D7%9E%D7%95%D7%AA%D7%A0%D7%94/,MOBILE,0,452,0,63.34070796460177
https://jus-tice.co.il/%D7%94%D7%A1%D7%93%D7%A8-%D7%9E%D7%95%D7%AA%D7%A0%D7%94/,TABLET,0,1,0,71
https://jus-tice.co.il/%D7%94%D7%A1%D7%9B%D7%9D-%D7%9E%D7%AA%D7%A0%D7%94-%D7%91%D7%99%D7%9F-%D7%91%D7%A0%D7%99-%D7%96%D7%95%D7%92-%D7%9B%D7%9E%D7%91%D7%A1%D7%A1-%D7%A7%D7%A0%D7%99%D7%99%D7%9F-%D7%95%D7%9E%D7%95%D7%9B%D7%99%D7%97-%D7%9B%D7%95%D7%95%D7%A0%D7%AA-%D7%A9%D7%99%D7%AA%D7%95%D7%A3-%D7%90%D7%A3-%D7%9C%D7%9C%D7%90-%D7%A8%D7%99%D7%A9%D7%95%D7%9D-809633-3-%D7%91%D7%99%D7%94%D7%93-%D7%94%D7%92%D7%93%D7%95%D7%9C/,DESKTOP,0,645,0,76.17829457364341
https://jus-tice.co.il/%D7%94%D7%A1%D7%9B%D7%9D-%D7%9E%D7%AA%D7%A0%D7%94-%D7%91%D7%99%D7%9F-%D7%91%D7%A0%D7%99-%D7%96%D7%95%D7%92-%D7%9B%D7%9E%D7%91%D7%A1%D7%A1-%D7%A7%D7%A0%D7%99%D7%99%D7%9F-%D7%95%D7%9E%D7%95%D7%9B%D7%99%D7%97-%D7%9B%D7%95%D7%95%D7%A0%D7%AA-%D7%A9%D7%99%D7%AA%D7%95%D7%A3-%D7%90%D7%A3-%D7%9C%D7%9C%D7%90-%D7%A8%D7%99%D7%A9%D7%95%D7%9D-809633-3-%D7%91%D7%99%D7%94%D7%93-%D7%94%D7%92%D7%93%D7%95%D7%9C/,MOBILE,0,24,0,85.25
https://jus-tice.co.il/%D7%94%D7%A1%D7%9E%D7%9B%D7%95%D7%AA-%D7%9C%D7%A4%D7%A1%D7%95%D7%A7-%D7%91%D7%A2%D7%A0%D7%99%D7%99%D7%9F-%D7%94%D7%A8%D7%9B%D7%95%D7%A9-%D7%9C%D7%9E%D7%A8%D7%95%D7%AA-%D7%94%D7%A1%D7%9B%D7%9D-%D7%9E%D7%9E%D7%95%D7%9F-%D7%A9%D7%90%D7%95%D7%A9%D7%A8-%D7%91%D7%91%D7%99%D7%AA-%D7%94%D7%9E%D7%A9%D7%A4%D7%98/,DESKTOP,0,687,0,69.64919941775837
https://jus-tice.co.il/%D7%94%D7%A2%D7%9C%D7%95%D7%99%D7%95%D7%AA-%D7%94%D7%A0%D7%A1%D7%AA%D7%A8%D7%95%D7%AA-%D7%A9%D7%9C-%D7%A8%D7%A9%D7%9C%D7%A0%D7%95%D7%AA-%D7%A8%D7%A4%D7%95%D7%90%D7%99%D7%AA-%D7%9B%D7%99%D7%A6%D7%93-%D7%9E%D7%98%D7%95%D7%A4%D7%9C%D7%99%D7%9D-%D7%95%D7%9E%D7%A9%D7%A4%D7%97%D7%95%D7%AA-%D7%9E%D7%95%D7%A9%D7%A4%D7%A2%D7%99%D7%9D-%D7%9E%D7%A8%D7%A9%D7%9C%D7%A0%D7%95%D7%AA-%D7%A9%D7%9C-%D7%AA%D7%A2%D7%A9%D7%99%D7%99%D7%AA-%D7%94%D7%91%D7%A8%D7%99%D7%90%D7%95%D7%AA/,DESKTOP,0,11,0,91.54545454545455
https://jus-tice.co.il/%D7%94%D7%A6%D7%94%D7%A8%D7%AA-%D7%90%D7%91%D7%94%D7%95%D7%AA-%D7%91%D7%91%D7%99%D7%AA-%D7%94%D7%93%D7%99%D7%9F-%D7%94%D7%A8%D7%91%D7%A0%D7%99/,TABLET,0,2,0,8
https://jus-tice.co.il/%D7%94%D7%A6%D7%94%D7%A8%D7%AA-%D7%A0%D7%A4%D7%92%D7%A2-%D7%A2%D7%91%D7%99%D7%A8%D7%94-%D7%9C%D7%A4%D7%99-%D7%A1%D7%A2%D7%99%D7%A3-18%D7%9C%D7%97%D7%95%D7%A7-%D7%96%D7%9B%D7%95%D7%99%D7%95%D7%AA-%D7%A0%D7%A4%D7%92%D7%A2%D7%99-%D7%A2%D7%91%D7%99%D7%A8%D7%94-%D7%94%D7%AA%D7%A9%D7%A1%D7%90-2001/,DESKTOP,0,213,0,46.07981220657277
https://jus-tice.co.il/%D7%94%D7%A6%D7%94%D7%A8%D7%AA-%D7%A0%D7%A4%D7%92%D7%A2-%D7%A2%D7%91%D7%99%D7%A8%D7%94-%D7%9C%D7%A4%D7%99-%D7%A1%D7%A2%D7%99%D7%A3-18%D7%9C%D7%97%D7%95%D7%A7-%D7%96%D7%9B%D7%95%D7%99%D7%95%D7%AA-%D7%A0%D7%A4%D7%92%D7%A2%D7%99-%D7%A2%D7%91%D7%99%D7%A8%D7%94-%D7%94%D7%AA%D7%A9%D7%A1%D7%90-2001/,MOBILE,0,20,0,30.65
https://jus-tice.co.il/%D7%94%D7%A6%D7%94%D7%A8%D7%AA-%D7%A0%D7%A4%D7%92%D7%A2-%D7%A2%D7%91%D7%99%D7%A8%D7%94-%D7%9C%D7%A4%D7%99-%D7%A1%D7%A2%D7%99%D7%A3-18%D7%9C%D7%97%D7%95%D7%A7-%D7%96%D7%9B%D7%95%D7%99%D7%95%D7%AA-%D7%A0%D7%A4%D7%92%D7%A2%D7%99-%D7%A2%D7%91%D7%99%D7%A8%D7%94-%D7%94%D7%AA%D7%A9%D7%A1%D7%90-2001/,TABLET,0,1,0,36
https://jus-tice.co.il/%D7%94%D7%A7%D7%98%D7%A0%D7%AA-%D7%94%D7%95%D7%A6%D7%90%D7%95%D7%AA-%D7%AA%D7%91%D7%99%D7%A2%D7%95%D7%AA-%D7%A8%D7%A9%D7%9C%D7%A0%D7%95%D7%AA-%D7%A8%D7%A4%D7%95%D7%90%D7%99%D7%AA/,DESKTOP,0,4027,0,66.11472560218525
https://jus-tice.co.il/%D7%94%D7%A7%D7%98%D7%A0%D7%AA-%D7%94%D7%95%D7%A6%D7%90%D7%95%D7%AA-%D7%AA%D7%91%D7%99%D7%A2%D7%95%D7%AA-%D7%A8%D7%A9%D7%9C%D7%A0%D7%95%D7%AA-%D7%A8%D7%A4%D7%95%D7%90%D7%99%D7%AA/,MOBILE,0,484,0,60.006198347107436
https://jus-tice.co.il/%D7%94%D7%A8%D7%A9%D7%A2%D7%AA-%D7%A0%D7%90%D7%A9%D7%9D-%D7%91%D7%A2%D7%91%D7%99%D7%A8%D7%95%D7%AA-%D7%9E%D7%99%D7%9F-%D7%91%D7%91%D7%AA%D7%95-%D7%95%D7%90%D7%9C%D7%99%D7%9E%D7%95%D7%AA-%D7%9B%D7%9C%D7%A4%D7%99-%D7%99%D7%9C%D7%93%D7%99%D7%95/,DESKTOP,0,331,0,82.14199395770393
https://jus-tice.co.il/%D7%94%D7%A8%D7%A9%D7%A2%D7%AA-%D7%A0%D7%90%D7%A9%D7%9D-%D7%91%D7%A2%D7%91%D7%99%D7%A8%D7%95%D7%AA-%D7%9E%D7%99%D7%9F-%D7%91%D7%91%D7%AA%D7%95-%D7%95%D7%90%D7%9C%D7%99%D7%9E%D7%95%D7%AA-%D7%9B%D7%9C%D7%A4%D7%99-%D7%99%D7%9C%D7%93%D7%99%D7%95/,MOBILE,0,28,0,62.5
https://jus-tice.co.il/%D7%94%D7%A9%D7%95%D7%95%D7%90%D7%AA-%D7%A9%D7%95%D7%A7-%D7%94%D7%A0%D7%93%D7%9C%D7%9F-%D7%A7%D7%A4%D7%A8%D7%99%D7%A1%D7%99%D7%9F-%D7%9E%D7%95%D7%9C-%D7%99%D7%95%D7%95%D7%9F/,DESKTOP,0,2212,0,67.61663652802893
https://jus-tice.co.il/%D7%94%D7%A9%D7%95%D7%95%D7%90%D7%AA-%D7%A9%D7%95%D7%A7-%D7%94%D7%A0%D7%93%D7%9C%D7%9F-%D7%A7%D7%A4%D7%A8%D7%99%D7%A1%D7%99%D7%9F-%D7%9E%D7%95%D7%9C-%D7%99%D7%95%D7%95%D7%9F/,MOBILE,0,322,0,64.84472049689441
https://jus-tice.co.il/%D7%94%D7%A9%D7%95%D7%A4%D7%98%D7%AA-%D7%94%D7%99%D7%9C%D7%94-%D7%92%D7%95%D7%A8%D7%91%D7%99%D7%A5-%D7%A2%D7%95%D7%91%D7%93%D7%99%D7%94-%D7%A4%D7%A1%D7%A7-%D7%93%D7%99%D7%9F-%D7%91%D7%91%D7%A7%D7%A9%D7%94-%D7%9C%D7%AA%D7%99%D7%A7%D7%95%D7%9F-%D7%A6%D7%95-%D7%99%D7%A8%D7%95%D7%A9%D7%94-%D7%AA%D7%A2-60847-03-22/,DESKTOP,0,494,0,34.84615384615385
https://jus-tice.co.il/%D7%94%D7%A9%D7%95%D7%A4%D7%98%D7%AA-%D7%94%D7%99%D7%9C%D7%94-%D7%92%D7%95%D7%A8%D7%91%D7%99%D7%A5-%D7%A2%D7%95%D7%91%D7%93%D7%99%D7%94-%D7%A4%D7%A1%D7%A7-%D7%93%D7%99%D7%9F-%D7%91%D7%91%D7%A7%D7%A9%D7%94-%D7%9C%D7%AA%D7%99%D7%A7%D7%95%D7%9F-%D7%A6%D7%95-%D7%99%D7%A8%D7%95%D7%A9%D7%94-%D7%AA%D7%A2-60847-03-22/,MOBILE,0,13,0,24.53846153846154
https://jus-tice.co.il/%D7%94%D7%A9%D7%95%D7%A4%D7%98%D7%AA-%D7%A2%D7%A4%D7%A8%D7%94-%D7%92%D7%99%D7%90-%D7%99%D7%A1-33240-08-21-%D7%A2-%D7%A0-%D7%A2/,DESKTOP,0,52,0,39.44230769230769
https://jus-tice.co.il/%D7%94%D7%A9%D7%95%D7%A4%D7%98%D7%AA-%D7%A2%D7%A4%D7%A8%D7%94-%D7%92%D7%99%D7%90-%D7%99%D7%A1-33240-08-21-%D7%A2-%D7%A0-%D7%A2/,MOBILE,0,2,0,29.5
https://jus-tice.co.il/%D7%94%D7%A9%D7%95%D7%A4%D7%98-%D7%90%D7%A8%D7%96-%D7%A9%D7%A0%D7%99-%D7%A4%D7%A1%D7%93-%D7%91%D7%AA%D7%91%D7%99%D7%A2%D7%AA-%D7%90%D7%91-%D7%9C%D7%9E%D7%A9%D7%9E%D7%95%D7%A8%D7%AA-%D7%95%D7%97%D7%9C%D7%95%D7%A7%D7%AA-%D7%96%D7%9E%D7%A0%D7%99-%D7%A9%D7%94%D7%95%D7%AA-%D7%A9%D7%95%D7%95%D7%99%D7%9D-%D7%AA%D7%9C%D7%94%D7%9E-64033-06-21/,TABLET,0,4,0,30
https://jus-tice.co.il/%D7%94%D7%A9%D7%A7%D7%A2%D7%95%D7%AA-%D7%A0%D7%93%D7%9C%D7%9F-%D7%91%D7%A0%D7%99%D7%95-%D7%99%D7%95%D7%A8%D7%A7-%D7%9E%D7%91%D7%98-%D7%9E%D7%95%D7%A8%D7%97%D7%91-%D7%9C%D7%9E%D7%A9%D7%A7%D7%99%D7%A2%D7%99%D7%9D-%D7%99%D7%A9%D7%A8%D7%90%D7%9C%D7%99%D7%9D/,MOBILE,0,867,0,43.84659746251442
https://jus-tice.co.il/%D7%94%D7%A9%D7%A7%D7%A2%D7%95%D7%AA-%D7%A0%D7%93%D7%9C%D7%9F-%D7%91%D7%A0%D7%99%D7%95-%D7%99%D7%95%D7%A8%D7%A7-%D7%9E%D7%91%D7%98-%D7%9E%D7%95%D7%A8%D7%97%D7%91-%D7%9C%D7%9E%D7%A9%D7%A7%D7%99%D7%A2%D7%99%D7%9D-%D7%99%D7%A9%D7%A8%D7%90%D7%9C%D7%99%D7%9D/,TABLET,0,15,0,81.86666666666666
https://jus-tice.co.il/%D7%94%D7%A9%D7%AA%D7%9E%D7%A9-%D7%91%D7%90%D7%A4%D7%9C%D7%99%D7%A7%D7%A6%D7%99%D7%95%D7%AA-%D7%95%D7%95%D7%90%D7%98%D7%A1%D7%90%D7%A4-%D7%95%D7%90%D7%99%D7%A0%D7%A1%D7%98%D7%92%D7%A8%D7%9D-%D7%9C%D7%99%D7%A6%D7%95%D7%A8-%D7%A7%D7%A9%D7%A8%D7%99%D7%9D-%D7%A2%D7%9D-%D7%A7%D7%98%D7%99%D7%A0%D7%95%D7%AA-%D7%95%D7%9C%D7%A7%D7%99%D7%99%D7%9D-%D7%A2%D7%9E%D7%9F-%D7%A9%D7%99%D7%97%D7%95%D7%AA-%D7%91%D7%A2%D7%9C%D7%95%D7%AA-%D7%90%D7%95%D7%A4%D7%99-%D7%9E%D7%99%D7%A0%D7%99/,DESKTOP,0,143,0,52.91608391608391
https://jus-tice.co.il/%D7%94%D7%A9%D7%AA%D7%9E%D7%A9-%D7%91%D7%90%D7%A4%D7%9C%D7%99%D7%A7%D7%A6%D7%99%D7%95%D7%AA-%D7%95%D7%95%D7%90%D7%98%D7%A1%D7%90%D7%A4-%D7%95%D7%90%D7%99%D7%A0%D7%A1%D7%98%D7%92%D7%A8%D7%9D-%D7%9C%D7%99%D7%A6%D7%95%D7%A8-%D7%A7%D7%A9%D7%A8%D7%99%D7%9D-%D7%A2%D7%9D-%D7%A7%D7%98%D7%99%D7%A0%D7%95%D7%AA-%D7%95%D7%9C%D7%A7%D7%99%D7%99%D7%9D-%D7%A2%D7%9E%D7%9F-%D7%A9%D7%99%D7%97%D7%95%D7%AA-%D7%91%D7%A2%D7%9C%D7%95%D7%AA-%D7%90%D7%95%D7%A4%D7%99-%D7%9E%D7%99%D7%A0%D7%99/,MOBILE,0,41,0,45.8780487804878
https://jus-tice.co.il/%D7%94%D7%AA%D7%99%D7%99%D7%A9%D7%A0%D7%95%D7%AA-%D7%A8%D7%A9%D7%9C%D7%A0%D7%95%D7%AA-%D7%A8%D7%A4%D7%95%D7%90%D7%99%D7%AA-%D7%AA%D7%90-4392-03-23/,TABLET,0,1,0,5
https://jus-tice.co.il/%D7%94%D7%AA%D7%A0%D7%92%D7%93%D7%95%D7%AA-%D7%9C%D7%A7%D7%99%D7%95%D7%9D-%D7%A6%D7%95%D7%95%D7%90%D7%AA-%D7%94%D7%9E%D7%A0%D7%95%D7%97%D7%94-%D7%9E%D7%A6%D7%93-%D7%A9%D7%A0%D7%99%D7%99%D7%9D-%D7%9E%D7%90%D7%97%D7%99%D7%94-%D7%9B%D7%A0%D7%92%D7%93-%D7%90%D7%97%D7%99%D7%94-%D7%94%D7%A0%D7%95%D7%A1%D7%A4%D7%99%D7%9D-%D7%95%D7%90%D7%97%D7%99%D7%99%D7%A0%D7%94/,DESKTOP,0,90,0,75.97777777777777
https://jus-tice.co.il/%D7%94%D7%AA%D7%A0%D7%92%D7%93%D7%95%D7%AA-%D7%9C%D7%A7%D7%99%D7%95%D7%9D-%D7%A6%D7%95%D7%95%D7%90%D7%AA-%D7%94%D7%9E%D7%A0%D7%95%D7%97%D7%94-%D7%9E%D7%A6%D7%93-%D7%A9%D7%A0%D7%99%D7%99%D7%9D-%D7%9E%D7%90%D7%97%D7%99%D7%94-%D7%9B%D7%A0%D7%92%D7%93-%D7%90%D7%97%D7%99%D7%94-%D7%94%D7%A0%D7%95%D7%A1%D7%A4%D7%99%D7%9D-%D7%95%D7%90%D7%97%D7%99%D7%99%D7%A0%D7%94/,MOBILE,0,6,0,41.833333333333336
https://jus-tice.co.il/%D7%96%D7%99%D7%9B%D7%95%D7%99-%D7%9E%D7%97%D7%9E%D7%AA-%D7%94%D7%AA%D7%A7%D7%99%D7%99%D7%9E%D7%95%D7%AA%D7%94-%D7%A9%D7%9C-%D7%94%D7%92%D7%A0%D7%AA-%D7%96%D7%95%D7%98%D7%99-%D7%93%D7%91%D7%A8%D7%99%D7%9D-%D7%AA%D7%A4-4122-08-21/,DESKTOP,0,283,0,56.21201413427562
https://jus-tice.co.il/%D7%96%D7%99%D7%9B%D7%95%D7%99-%D7%9E%D7%97%D7%9E%D7%AA-%D7%94%D7%AA%D7%A7%D7%99%D7%99%D7%9E%D7%95%D7%AA%D7%94-%D7%A9%D7%9C-%D7%94%D7%92%D7%A0%D7%AA-%D7%96%D7%95%D7%98%D7%99-%D7%93%D7%91%D7%A8%D7%99%D7%9D-%D7%AA%D7%A4-4122-08-21/,MOBILE,0,16,0,58.25
https://jus-tice.co.il/%D7%96%D7%99%D7%9B%D7%95%D7%99-%D7%A0%D7%90%D7%A9%D7%9D-%D7%91%D7%A2%D7%91%D7%99%D7%A8%D7%95%D7%AA-%D7%A9%D7%9C-%D7%9E%D7%A2%D7%A9%D7%94-%D7%9E%D7%92%D7%95%D7%A0%D7%94-%D7%A9%D7%9C-%D7%A7%D7%98%D7%99%D7%9F-73759-12-20/,DESKTOP,0,54,0,59.074074074074076
https://jus-tice.co.il/%D7%96%D7%99%D7%9B%D7%95%D7%99-%D7%A0%D7%90%D7%A9%D7%9D-%D7%91%D7%A2%D7%91%D7%99%D7%A8%D7%95%D7%AA-%D7%A9%D7%9C-%D7%9E%D7%A2%D7%A9%D7%94-%D7%9E%D7%92%D7%95%D7%A0%D7%94-%D7%A9%D7%9C-%D7%A7%D7%98%D7%99%D7%9F-73759-12-20/,MOBILE,0,76,0,55.98684210526316
https://jus-tice.co.il/%D7%96%D7%99%D7%9B%D7%95%D7%99-%D7%A0%D7%90%D7%A9%D7%9D-%D7%91%D7%A9%D7%9C-%D7%A4%D7%A1%D7%99%D7%9C%D7%AA-%D7%A8%D7%90%D7%99%D7%94-%D7%A2%D7%A7%D7%91-%D7%97%D7%99%D7%A4%D7%95%D7%A9-%D7%91%D7%9C%D7%AA%D7%99-%D7%97%D7%95%D7%A7%D7%99/,DESKTOP,0,400,0,53.17
https://jus-tice.co.il/%D7%96%D7%99%D7%9B%D7%95%D7%99-%D7%A0%D7%90%D7%A9%D7%9D-%D7%91%D7%A9%D7%9C-%D7%A4%D7%A1%D7%99%D7%9C%D7%AA-%D7%A8%D7%90%D7%99%D7%94-%D7%A2%D7%A7%D7%91-%D7%97%D7%99%D7%A4%D7%95%D7%A9-%D7%91%D7%9C%D7%AA%D7%99-%D7%97%D7%95%D7%A7%D7%99/,MOBILE,0,24,0,65
https://jus-tice.co.il/%D7%96%D7%99%D7%9B%D7%95%D7%99-%D7%A0%D7%90%D7%A9%D7%9D-%D7%A7%D7%A9%D7%99%D7%A8%D7%AA-%D7%A7%D7%A9%D7%A8-%D7%9C%D7%91%D7%99%D7%A6%D7%95%D7%A2-%D7%A2%D7%95%D7%95%D7%9F-%D7%AA%D7%A4-14763-04-15-%D7%9E%D7%93%D7%99%D7%A0%D7%AA-%D7%99%D7%A9%D7%A8%D7%90%D7%9C-%D7%A0%D7%99-%D7%90%D7%91%D7%A8%D7%94%D7%9D-%D7%9E%D7%90%D7%99%D7%A8-%D7%98%D7%A8%D7%99%D7%92%D7%A8/,DESKTOP,0,77,0,53.064935064935064
https://jus-tice.co.il/%D7%96%D7%99%D7%9B%D7%95%D7%99-%D7%A0%D7%90%D7%A9%D7%9D-%D7%A7%D7%A9%D7%99%D7%A8%D7%AA-%D7%A7%D7%A9%D7%A8-%D7%9C%D7%91%D7%99%D7%A6%D7%95%D7%A2-%D7%A2%D7%95%D7%95%D7%9F-%D7%AA%D7%A4-14763-04-15-%D7%9E%D7%93%D7%99%D7%A0%D7%AA-%D7%99%D7%A9%D7%A8%D7%90%D7%9C-%D7%A0%D7%99-%D7%90%D7%91%D7%A8%D7%94%D7%9D-%D7%9E%D7%90%D7%99%D7%A8-%D7%98%D7%A8%D7%99%D7%92%D7%A8/,MOBILE,0,8,0,31.25
https://jus-tice.co.il/%D7%96%D7%99%D7%9B%D7%95%D7%99-%D7%A0%D7%94%D7%92-%D7%9E%D7%A9%D7%90%D7%99%D7%AA-%D7%A9%D7%94%D7%95%D7%90%D7%A9%D7%9D-%D7%91%D7%92%D7%A8%D7%99%D7%9E%D7%AA-%D7%9E%D7%95%D7%95%D7%AA-%D7%91%D7%A8%D7%A9%D7%9C%D7%A0%D7%95%D7%AA-%D7%AA%D7%99%D7%A7-56-03-20/,DESKTOP,0,146,0,57.678082191780824
https://jus-tice.co.il/%D7%96%D7%99%D7%9B%D7%95%D7%99-%D7%A0%D7%94%D7%92-%D7%9E%D7%A9%D7%90%D7%99%D7%AA-%D7%A9%D7%94%D7%95%D7%90%D7%A9%D7%9D-%D7%91%D7%92%D7%A8%D7%99%D7%9E%D7%AA-%D7%9E%D7%95%D7%95%D7%AA-%D7%91%D7%A8%D7%A9%D7%9C%D7%A0%D7%95%D7%AA-%D7%AA%D7%99%D7%A7-56-03-20/,MOBILE,0,12,0,51.25
https://jus-tice.co.il/%D7%96%D7%99%D7%9B%D7%95%D7%99-%D7%AA%D7%A7%D7%99%D7%A4%D7%94-%D7%98%D7%A2%D7%A0%D7%AA-%D7%94%D7%92%D7%A0%D7%94-%D7%A2%D7%A6%D7%9E%D7%99%D7%AA-%D7%AA%D7%A4-5455-11-20/,DESKTOP,0,973,0,57.41623843782117
https://jus-tice.co.il/%D7%96%D7%99%D7%9B%D7%95%D7%99-%D7%AA%D7%A7%D7%99%D7%A4%D7%94-%D7%98%D7%A2%D7%A0%D7%AA-%D7%94%D7%92%D7%A0%D7%94-%D7%A2%D7%A6%D7%9E%D7%99%D7%AA-%D7%AA%D7%A4-5455-11-20/,MOBILE,0,143,0,48.22377622377623
https://jus-tice.co.il/%D7%96%D7%9B%D7%90%D7%95%D7%AA-%D7%9C%D7%94%D7%97%D7%96%D7%A8-%D7%9E%D7%A1-%D7%A8%D7%9B%D7%99%D7%A9%D7%94-%D7%91%D7%92%D7%99%D7%9F-%D7%91%D7%99%D7%98%D7%95%D7%9C-%D7%A2%D7%A1%D7%A7%D7%94-%D7%91%D7%9E%D7%A7%D7%A8%D7%A7%D7%A2%D7%99%D7%9F/,DESKTOP,0,447,0,59.89709172259508
https://jus-tice.co.il/%D7%96%D7%9B%D7%90%D7%95%D7%AA-%D7%9C%D7%94%D7%97%D7%96%D7%A8-%D7%9E%D7%A1-%D7%A8%D7%9B%D7%99%D7%A9%D7%94-%D7%91%D7%92%D7%99%D7%9F-%D7%91%D7%99%D7%98%D7%95%D7%9C-%D7%A2%D7%A1%D7%A7%D7%94-%D7%91%D7%9E%D7%A7%D7%A8%D7%A7%D7%A2%D7%99%D7%9F/,MOBILE,0,7,0,62.714285714285715
https://jus-tice.co.il/%D7%96%D7%9B%D7%95%D7%AA-%D7%A0%D7%A4%D7%92%D7%A2-%D7%A2%D7%91%D7%99%D7%A8%D7%94-%D7%9C%D7%A2%D7%A8%D7%A2%D7%A8-%D7%A2%D7%9C-%D7%A1%D7%92%D7%99%D7%A8%D7%AA-%D7%94%D7%AA%D7%99%D7%A7-%D7%91%D7%A2%D7%A0%D7%99%D7%99%D7%A0%D7%95-%D7%A9%D7%9C-%D7%97%D7%A9%D7%95%D7%93-%D7%91%D7%92%D7%A5-47421/,DESKTOP,0,1368,0,49.99195906432749
https://jus-tice.co.il/%D7%96%D7%9B%D7%95%D7%AA-%D7%A0%D7%A4%D7%92%D7%A2-%D7%A2%D7%91%D7%99%D7%A8%D7%94-%D7%9C%D7%A2%D7%A8%D7%A2%D7%A8-%D7%A2%D7%9C-%D7%A1%D7%92%D7%99%D7%A8%D7%AA-%D7%94%D7%AA%D7%99%D7%A7-%D7%91%D7%A2%D7%A0%D7%99%D7%99%D7%A0%D7%95-%D7%A9%D7%9C-%D7%97%D7%A9%D7%95%D7%93-%D7%91%D7%92%D7%A5-47421/,MOBILE,0,40,0,44.25
https://jus-tice.co.il/%D7%96%D7%9C%D7%99%D7%92%D7%9E%D7%9F-%D7%94%D7%A4%D7%A0%D7%99%D7%A7%D7%A1-%D7%96%D7%95%D7%98%D7%99-%D7%93%D7%91%D7%A8%D7%99%D7%9D-%D7%AA%D7%95%D7%91%D7%A2%D7%A0%D7%95%D7%AA-%D7%99%D7%99%D7%A6%D7%95%D7%92%D7%99%D7%95%D7%AA-%D7%A4%D7%A8%D7%A9%D7%A0%D7%95%D7%AA-%D7%9E%D7%90%D7%A1%D7%93%D7%A8/,DESKTOP,0,385,0,52.750649350649354
https://jus-tice.co.il/%D7%96%D7%9C%D7%99%D7%92%D7%9E%D7%9F-%D7%94%D7%A4%D7%A0%D7%99%D7%A7%D7%A1-%D7%96%D7%95%D7%98%D7%99-%D7%93%D7%91%D7%A8%D7%99%D7%9D-%D7%AA%D7%95%D7%91%D7%A2%D7%A0%D7%95%D7%AA-%D7%99%D7%99%D7%A6%D7%95%D7%92%D7%99%D7%95%D7%AA-%D7%A4%D7%A8%D7%A9%D7%A0%D7%95%D7%AA-%D7%9E%D7%90%D7%A1%D7%93%D7%A8/,MOBILE,0,16,0,41.3125
https://jus-tice.co.il/%D7%97%D7%93%D7%A9%D7%95%D7%AA-%D7%A4%D7%9C%D7%99%D7%9C%D7%99-%D7%9E%D7%AA%D7%A2%D7%93%D7%9B%D7%9F/,MOBILE,0,191,0,41.659685863874344
https://jus-tice.co.il/%D7%97%D7%95%D7%A7%D7%99-%D7%94%D7%A0%D7%93%D7%9C%D7%9F-%D7%91%D7%99%D7%A9%D7%A8%D7%90%D7%9C-%D7%9E%D7%95%D7%9C-%D7%A6%D7%A8%D7%A4%D7%AA/,DESKTOP,0,1405,0,52.91814946619217
https://jus-tice.co.il/%D7%97%D7%95%D7%A7%D7%99-%D7%94%D7%A0%D7%93%D7%9C%D7%9F-%D7%91%D7%99%D7%A9%D7%A8%D7%90%D7%9C-%D7%9E%D7%95%D7%9C-%D7%A6%D7%A8%D7%A4%D7%AA/,MOBILE,0,277,0,34.31407942238267
https://jus-tice.co.il/%D7%97%D7%95%D7%A7-%D7%94%D7%97%D7%95%D7%96%D7%99%D7%9D-%D7%AA%D7%A8%D7%95%D7%A4%D7%95%D7%AA-%D7%91%D7%A9%D7%9C-%D7%94%D7%A4%D7%A8%D7%AA-%D7%97%D7%95%D7%96%D7%94-%D7%AA%D7%A9%D7%9C%D7%90-1970/,TABLET,0,11,0,8.363636363636363
https://jus-tice.co.il/%D7%97%D7%95%D7%A7-%D7%94%D7%A2%D7%95%D7%A0%D7%A9%D7%99%D7%9F/,TABLET,0,7,0,27.142857142857142
https://jus-tice.co.il/%D7%97%D7%95%D7%A7-%D7%A4%D7%99%D7%A6%D7%95%D7%99%D7%99%D7%9D-%D7%9C%D7%A0%D7%A4%D7%92%D7%A2%D7%99-%D7%AA%D7%90%D7%95%D7%A0%D7%95%D7%AA-%D7%93%D7%A8%D7%9B%D7%99%D7%9D-%D7%A0%D7%95%D7%A1%D7%97-%D7%A2%D7%93%D7%9B%D7%A0%D7%99/,DESKTOP,0,940,0,73.37234042553192
https://jus-tice.co.il/%D7%97%D7%95%D7%A7-%D7%A4%D7%99%D7%A6%D7%95%D7%99%D7%99%D7%9D-%D7%9C%D7%A0%D7%A4%D7%92%D7%A2%D7%99-%D7%AA%D7%90%D7%95%D7%A0%D7%95%D7%AA-%D7%93%D7%A8%D7%9B%D7%99%D7%9D-%D7%A0%D7%95%D7%A1%D7%97-%D7%A2%D7%93%D7%9B%D7%A0%D7%99/,MOBILE,0,127,0,69.07086614173228
https://jus-tice.co.il/%D7%97%D7%95%D7%A7-%D7%A8%D7%A9%D7%9C%D7%A0%D7%95%D7%AA-%D7%A8%D7%A4%D7%95%D7%90%D7%99%D7%AA/,DESKTOP,0,1072,0,39.32369402985075
https://jus-tice.co.il/%D7%97%D7%95%D7%A7-%D7%A8%D7%A9%D7%9C%D7%A0%D7%95%D7%AA-%D7%A8%D7%A4%D7%95%D7%90%D7%99%D7%AA/,MOBILE,0,58,0,43.39655172413793
https://jus-tice.co.il/%D7%97%D7%95%D7%A7-%D7%A9%D7%99%D7%A8%D7%95%D7%AA%D7%99-%D7%AA%D7%A2%D7%95%D7%A4%D7%94-%D7%A4%D7%99%D7%A6%D7%95%D7%99-%D7%95%D7%A1%D7%99%D7%95%D7%A2-%D7%91%D7%A9%D7%9C-%D7%91%D7%99%D7%98%D7%95%D7%9C-%D7%98%D7%99%D7%A1%D7%94-%D7%90%D7%95-%D7%A9%D7%99%D7%A0%D7%95%D7%99-%D7%91%D7%AA%D7%A0%D7%90%D7%99%D7%94-%D7%94%D7%AA%D7%A9%D7%A2%D7%91-2012/,DESKTOP,0,9393,0,49.20249121686362
https://jus-tice.co.il/%D7%97%D7%95%D7%A7-%D7%A9%D7%99%D7%A8%D7%95%D7%AA%D7%99-%D7%AA%D7%A2%D7%95%D7%A4%D7%94-%D7%A4%D7%99%D7%A6%D7%95%D7%99-%D7%95%D7%A1%D7%99%D7%95%D7%A2-%D7%91%D7%A9%D7%9C-%D7%91%D7%99%D7%98%D7%95%D7%9C-%D7%98%D7%99%D7%A1%D7%94-%D7%90%D7%95-%D7%A9%D7%99%D7%A0%D7%95%D7%99-%D7%91%D7%AA%D7%A0%D7%90%D7%99%D7%94-%D7%94%D7%AA%D7%A9%D7%A2%D7%91-2012/,MOBILE,0,1483,0,49.926500337154415
https://jus-tice.co.il/%D7%97%D7%95%D7%A7-%D7%A9%D7%99%D7%A8%D7%95%D7%AA%D7%99-%D7%AA%D7%A2%D7%95%D7%A4%D7%94-%D7%A4%D7%99%D7%A6%D7%95%D7%99-%D7%95%D7%A1%D7%99%D7%95%D7%A2-%D7%91%D7%A9%D7%9C-%D7%91%D7%99%D7%98%D7%95%D7%9C-%D7%98%D7%99%D7%A1%D7%94-%D7%90%D7%95-%D7%A9%D7%99%D7%A0%D7%95%D7%99-%D7%91%D7%AA%D7%A0%D7%90%D7%99%D7%94-%D7%94%D7%AA%D7%A9%D7%A2%D7%91-2012/,TABLET,0,1,0,54
https://jus-tice.co.il/%D7%97%D7%96%D7%A7%D7%AA-%D7%91%D7%A0%D7%99-%D7%96%D7%95%D7%92-%D7%9B%D7%A0%D7%A9%D7%95%D7%90%D7%99%D7%9D-%D7%AA%D7%95%D7%A7%D7%A4%D7%9D-%D7%A9%D7%9C-%D7%A0%D7%99%D7%A9%D7%95%D7%90%D7%99%D7%9F-%D7%A4%D7%A8%D7%98%D7%99%D7%99%D7%9D-%D7%91%D7%A7%D7%A9%D7%94-%D7%9C%D7%A7%D7%91%D7%99%D7%A2%D7%AA-%D7%9E%D7%A2%D7%9E%D7%93-%D7%9C%D7%96%D7%95%D7%92/,DESKTOP,0,50,0,65.1
https://jus-tice.co.il/%D7%97%D7%96%D7%A7%D7%AA-%D7%91%D7%A0%D7%99-%D7%96%D7%95%D7%92-%D7%9B%D7%A0%D7%A9%D7%95%D7%90%D7%99%D7%9D-%D7%AA%D7%95%D7%A7%D7%A4%D7%9D-%D7%A9%D7%9C-%D7%A0%D7%99%D7%A9%D7%95%D7%90%D7%99%D7%9F-%D7%A4%D7%A8%D7%98%D7%99%D7%99%D7%9D-%D7%91%D7%A7%D7%A9%D7%94-%D7%9C%D7%A7%D7%91%D7%99%D7%A2%D7%AA-%D7%9E%D7%A2%D7%9E%D7%93-%D7%9C%D7%96%D7%95%D7%92/,MOBILE,0,3,0,67.66666666666667
https://jus-tice.co.il/%D7%97%D7%9C%D7%95%D7%A7%D7%AA-%D7%93%D7%99%D7%A8%D7%94-%D7%94%D7%A8%D7%A9%D7%95%D7%9E%D7%94-%D7%A2%D7%9C-%D7%A9%D7%9D-%D7%94%D7%90%D7%99%D7%A9%D7%94-%D7%9E%D7%A9%D7%99%D7%A7%D7%95%D7%9C%D7%99-%D7%9E%D7%A1-%D7%90%D7%A9%D7%A8-%D7%A0%D7%A8%D7%9B%D7%A9%D7%94-%D7%9E%D7%9B%D7%A1%D7%A4%D7%99%D7%9D-%D7%9E%D7%A9%D7%95%D7%AA%D7%A4%D7%99%D7%9D/,DESKTOP,0,162,0,56.27160493827161
https://jus-tice.co.il/%D7%97%D7%9C%D7%95%D7%A7%D7%AA-%D7%93%D7%99%D7%A8%D7%94-%D7%94%D7%A8%D7%A9%D7%95%D7%9E%D7%94-%D7%A2%D7%9C-%D7%A9%D7%9D-%D7%94%D7%90%D7%99%D7%A9%D7%94-%D7%9E%D7%A9%D7%99%D7%A7%D7%95%D7%9C%D7%99-%D7%9E%D7%A1-%D7%90%D7%A9%D7%A8-%D7%A0%D7%A8%D7%9B%D7%A9%D7%94-%D7%9E%D7%9B%D7%A1%D7%A4%D7%99%D7%9D-%D7%9E%D7%A9%D7%95%D7%AA%D7%A4%D7%99%D7%9D/,MOBILE,0,25,0,35
https://jus-tice.co.il/%D7%97%D7%A9%D7%99%D7%A4%D7%AA-%D7%A4%D7%A8%D7%98%D7%99-%D7%9E%D7%A9%D7%AA%D7%9E%D7%A9-%D7%A8%D7%9E%D7%99-%D7%9E%D7%95%D7%A8-%D7%A0%D7%92%D7%93-%D7%91%D7%A8%D7%A7-%D7%90%D7%99-%D7%98%D7%99-%D7%A1%D7%99/,DESKTOP,0,187,0,31.62566844919786
https://jus-tice.co.il/%D7%97%D7%A9%D7%99%D7%A4%D7%AA-%D7%A4%D7%A8%D7%98%D7%99-%D7%9E%D7%A9%D7%AA%D7%9E%D7%A9-%D7%A8%D7%9E%D7%99-%D7%9E%D7%95%D7%A8-%D7%A0%D7%92%D7%93-%D7%91%D7%A8%D7%A7-%D7%90%D7%99-%D7%98%D7%99-%D7%A1%D7%99/,TABLET,0,1,0,11
https://jus-tice.co.il/%D7%97%D7%A9%D7%A9-%D7%9C%D7%9E%D7%A9%D7%95%D7%90-%D7%A4%D7%A0%D7%99%D7%9D-%D7%A9%D7%9C-%D7%91%D7%99%D7%AA-%D7%94%D7%93%D7%99%D7%9F-%D7%95%D7%9C%D7%94%D7%98%D7%99%D7%99%D7%AA-%D7%94%D7%93%D7%99%D7%9F/,DESKTOP,0,62,0,56.774193548387096
https://jus-tice.co.il/%D7%97%D7%A9%D7%A9-%D7%9C%D7%9E%D7%A9%D7%95%D7%90-%D7%A4%D7%A0%D7%99%D7%9D-%D7%A9%D7%9C-%D7%91%D7%99%D7%AA-%D7%94%D7%93%D7%99%D7%9F-%D7%95%D7%9C%D7%94%D7%98%D7%99%D7%99%D7%AA-%D7%94%D7%93%D7%99%D7%9F/,MOBILE,0,7,0,42.42857142857143
https://jus-tice.co.il/%D7%97%D7%A9%D7%A9-%D7%9C%D7%9E%D7%A9%D7%95%D7%90-%D7%A4%D7%A0%D7%99%D7%9D-%D7%A9%D7%9C-%D7%91%D7%99%D7%AA-%D7%94%D7%93%D7%99%D7%9F-%D7%95%D7%9C%D7%94%D7%98%D7%99%D7%99%D7%AA-%D7%94%D7%93%D7%99%D7%9F/,TABLET,0,1,0,88
https://jus-tice.co.il/%D7%97%D7%AA%D7%99%D7%9E%D7%94-%D7%A2%D7%9C-%D7%A8%D7%A9%D7%99%D7%9E%D7%AA-%D7%9C%D7%99%D7%A7%D7%95%D7%99%D7%99%D7%9D/,DESKTOP,0,57,0,48.94736842105263
https://jus-tice.co.il/%D7%97%D7%AA%D7%99%D7%9E%D7%AA-%D7%A2%D7%95%D7%A8%D7%9A-%D7%93%D7%99%D7%9F-%D7%A0%D7%95%D7%98%D7%A8%D7%99%D7%95%D7%9F/,MOBILE,0,2103,0,50.1321921065145
https://jus-tice.co.il/%D7%97%D7%AA%D7%99%D7%9E%D7%AA-%D7%A2%D7%95%D7%A8%D7%9A-%D7%93%D7%99%D7%9F-%D7%A0%D7%95%D7%98%D7%A8%D7%99%D7%95%D7%9F/,TABLET,0,3,0,22.666666666666668
https://jus-tice.co.il/%D7%98%D7%95%D7%91%D7%AA-%D7%94%D7%99%D7%9C%D7%93%D7%99%D7%9D-%D7%9B%D7%91%D7%A1%D7%99%D7%A1-%D7%9C%D7%97%D7%99%D7%95%D7%91-%D7%94%D7%90%D7%9D-%D7%9C%D7%97%D7%96%D7%95%D7%A8-%D7%9C%D7%A2%D7%99%D7%A8-%D7%94%D7%9E%D7%A7%D7%95%D7%A8-%D7%A8%D7%99%D7%A9%D7%95%D7%9D-%D7%94%D7%99%D7%9C%D7%93%D7%99%D7%9D-%D7%9C%D7%9E%D7%95%D7%A1%D7%93%D7%95%D7%AA-%D7%94%D7%97%D7%99%D7%A0%D7%95%D7%9A/,DESKTOP,0,59,0,51.47457627118644
https://jus-tice.co.il/%D7%98%D7%95%D7%91%D7%AA-%D7%94%D7%99%D7%9C%D7%93%D7%99%D7%9D-%D7%9B%D7%91%D7%A1%D7%99%D7%A1-%D7%9C%D7%97%D7%99%D7%95%D7%91-%D7%94%D7%90%D7%9D-%D7%9C%D7%97%D7%96%D7%95%D7%A8-%D7%9C%D7%A2%D7%99%D7%A8-%D7%94%D7%9E%D7%A7%D7%95%D7%A8-%D7%A8%D7%99%D7%A9%D7%95%D7%9D-%D7%94%D7%99%D7%9C%D7%93%D7%99%D7%9D-%D7%9C%D7%9E%D7%95%D7%A1%D7%93%D7%95%D7%AA-%D7%94%D7%97%D7%99%D7%A0%D7%95%D7%9A/,MOBILE,0,8,0,85.75
https://jus-tice.co.il/%D7%98%D7%95%D7%A4%D7%A1-%D7%91%D7%A7%D7%A9%D7%94-%D7%9C%D7%A7%D7%91%D7%9C%D7%AA-%D7%9E%D7%99%D7%93%D7%A2-%D7%A0%D7%A4%D7%92%D7%A2%D7%99-%D7%A2%D7%91%D7%99%D7%A8%D7%94-%D7%9C%D7%A4%D7%99-%D7%9C%D7%97%D7%95%D7%A7-%D7%96%D7%9B%D7%95%D7%99%D7%95%D7%AA-%D7%A0%D7%A4%D7%92%D7%A2%D7%99-%D7%A2%D7%91%D7%99%D7%A8%D7%94/,DESKTOP,0,428,0,38.8411214953271
https://jus-tice.co.il/%D7%98%D7%95%D7%A4%D7%A1-%D7%91%D7%A7%D7%A9%D7%94-%D7%9C%D7%A7%D7%91%D7%9C%D7%AA-%D7%9E%D7%99%D7%93%D7%A2-%D7%A0%D7%A4%D7%92%D7%A2%D7%99-%D7%A2%D7%91%D7%99%D7%A8%D7%94-%D7%9C%D7%A4%D7%99-%D7%9C%D7%97%D7%95%D7%A7-%D7%96%D7%9B%D7%95%D7%99%D7%95%D7%AA-%D7%A0%D7%A4%D7%92%D7%A2%D7%99-%D7%A2%D7%91%D7%99%D7%A8%D7%94/,MOBILE,0,4,0,31.25
https://jus-tice.co.il/%D7%98%D7%95%D7%A4%D7%A1-%D7%94%D7%A6%D7%94%D7%A8%D7%94-%D7%91%D7%A2%D7%A7%D7%91%D7%95%D7%AA-%D7%A9%D7%99%D7%A0%D7%95%D7%99-%D7%91%D7%A2%D7%9C%D7%95%D7%AA-%D7%91%D7%A2%D7%A1%D7%A7/,DESKTOP,0,2,0,37
https://jus-tice.co.il/%D7%98%D7%95%D7%A4%D7%A1-%D7%9C%D7%A4%D7%99-%D7%97%D7%95%D7%A7-%D7%9C%D7%9E%D7%A0%D7%99%D7%A2%D7%AA-%D7%94%D7%A2%D7%A1%D7%A7%D7%94-%D7%A9%D7%9C-%D7%A2%D7%91%D7%A8%D7%99%D7%99%D7%A0%D7%99-%D7%9E%D7%99%D7%9F-%D7%91%D7%9E%D7%95%D7%A1%D7%93-%D7%94%D7%9E%D7%9B%D7%95%D7%95%D7%9F-%D7%9C%D7%9E%D7%AA%D7%9F-%D7%A9%D7%99%D7%A8%D7%95%D7%AA-%D7%9C%D7%A7%D7%98%D7%99%D7%A0%D7%99%D7%9D/,TABLET,0,9,0,9.333333333333334
https://jus-tice.co.il/%D7%98%D7%95%D7%A4%D7%A1-%D7%A2%D7%9E%D7%93%D7%AA-%D7%A0%D7%A4%D7%92%D7%A2%D7%99-%D7%A2%D7%91%D7%99%D7%A8%D7%94-%D7%9C%D7%A2%D7%A0%D7%99%D7%99%D7%9F-%D7%97%D7%A0%D7%99%D7%A0%D7%94/,DESKTOP,0,21,0,59.714285714285715
https://jus-tice.co.il/%D7%98%D7%99%D7%A4%D7%95%D7%9C-%D7%91%D7%94%D7%9C%D7%99%D7%9B%D7%99%D7%9D-%D7%9C%D7%A4%D7%99-%D7%97%D7%95%D7%A7-%D7%94%D7%A0%D7%95%D7%A2%D7%A8-%D7%98%D7%99%D7%A4%D7%95%D7%9C-%D7%95%D7%94%D7%A9%D7%92%D7%97%D7%94/,DESKTOP,0,1159,0,64.27006039689388
https://jus-tice.co.il/%D7%98%D7%99%D7%A4%D7%95%D7%9C-%D7%91%D7%94%D7%9C%D7%99%D7%9B%D7%99%D7%9D-%D7%9C%D7%A4%D7%99-%D7%97%D7%95%D7%A7-%D7%94%D7%A0%D7%95%D7%A2%D7%A8-%D7%98%D7%99%D7%A4%D7%95%D7%9C-%D7%95%D7%94%D7%A9%D7%92%D7%97%D7%94/,MOBILE,0,170,0,48.95882352941177
https://jus-tice.co.il/%D7%98%D7%99%D7%A4%D7%99%D7%9D-%D7%9B%D7%99%D7%A6%D7%93-%D7%9C%D7%9E%D7%A7%D7%A1%D7%9D-%D7%90%D7%AA-%D7%94%D7%A4%D7%99%D7%A6%D7%95%D7%99%D7%99%D7%9D-%D7%91%D7%AA%D7%91%D7%99%D7%A2%D7%AA-%D7%A8%D7%A9%D7%9C%D7%A0%D7%95%D7%AA-%D7%A8%D7%A4%D7%95%D7%90%D7%99%D7%AA/,DESKTOP,0,104,0,82.8173076923077
https://jus-tice.co.il/%D7%98%D7%99%D7%A4%D7%99%D7%9D-%D7%9B%D7%99%D7%A6%D7%93-%D7%9C%D7%9E%D7%A7%D7%A1%D7%9D-%D7%90%D7%AA-%D7%94%D7%A4%D7%99%D7%A6%D7%95%D7%99%D7%99%D7%9D-%D7%91%D7%AA%D7%91%D7%99%D7%A2%D7%AA-%D7%A8%D7%A9%D7%9C%D7%A0%D7%95%D7%AA-%D7%A8%D7%A4%D7%95%D7%90%D7%99%D7%AA/,MOBILE,0,27,0,91.22222222222223
https://jus-tice.co.il/%D7%98%D7%99%D7%A4%D7%99%D7%9D-%D7%9C%D7%A2%D7%95%D7%93-%D7%9B%D7%99%D7%A6%D7%93-%D7%9C%D7%94%D7%9B%D7%A0%D7%A1-%D7%9C%D7%9E%D7%93%D7%A8%D7%99%D7%9B%D7%99%D7%9D-%D7%93%D7%99%D7%A8%D7%95%D7%92-%D7%A2%D7%95%D7%A8%D7%9B%D7%99-%D7%94%D7%93%D7%99%D7%9F-%D7%94%D7%9E%D7%95%D7%91%D7%99%D7%9C%D7%99%D7%9D-%D7%91%D7%A2%D7%A2%D7%95%D7%9C%D7%9D/,DESKTOP,0,457,0,55.96061269146608
https://jus-tice.co.il/%D7%98%D7%99%D7%A4%D7%99%D7%9D-%D7%9C%D7%A2%D7%95%D7%93-%D7%9B%D7%99%D7%A6%D7%93-%D7%9C%D7%94%D7%9B%D7%A0%D7%A1-%D7%9C%D7%9E%D7%93%D7%A8%D7%99%D7%9B%D7%99%D7%9D-%D7%93%D7%99%D7%A8%D7%95%D7%92-%D7%A2%D7%95%D7%A8%D7%9B%D7%99-%D7%94%D7%93%D7%99%D7%9F-%D7%94%D7%9E%D7%95%D7%91%D7%99%D7%9C%D7%99%D7%9D-%D7%91%D7%A2%D7%A2%D7%95%D7%9C%D7%9D/,MOBILE,0,38,0,52.921052631578945
https://jus-tice.co.il/%D7%98%D7%A2%D7%A0%D7%95%D7%AA-%D7%9E%D7%A7%D7%93%D7%9E%D7%99%D7%95%D7%AA-%D7%91%D7%A7%D7%95%D7%91%D7%9C%D7%A0%D7%94-%D7%A4%D7%9C%D7%99%D7%9C%D7%99%D7%AA-%D7%91%D7%90%D7%99%D7%A9%D7%95%D7%9D-%D7%9C%D7%9C%D7%A9%D7%95%D7%9F-%D7%94%D7%A8%D7%A2/,DESKTOP,0,309,0,71.83171521035598
https://jus-tice.co.il/%D7%98%D7%A2%D7%A0%D7%95%D7%AA-%D7%9E%D7%A7%D7%93%D7%9E%D7%99%D7%95%D7%AA-%D7%91%D7%A7%D7%95%D7%91%D7%9C%D7%A0%D7%94-%D7%A4%D7%9C%D7%99%D7%9C%D7%99%D7%AA-%D7%91%D7%90%D7%99%D7%A9%D7%95%D7%9D-%D7%9C%D7%9C%D7%A9%D7%95%D7%9F-%D7%94%D7%A8%D7%A2/,MOBILE,0,65,0,73.24615384615385
https://jus-tice.co.il/%D7%99%D7%99%D7%A2%D7%95%D7%A5-%D7%9E%D7%A9%D7%A4%D7%98%D7%99-%D7%90%D7%90%D7%95%D7%98%D7%A1%D7%95%D7%A8%D7%A1%D7%99%D7%A0%D7%92-%D7%91%D7%99%D7%A0%D7%9C%D7%90%D7%95%D7%9E%D7%99-jus-tice-%D7%9E%D7%A9%D7%A8%D7%95%D7%AA-%D7%A2%D7%95%D7%A8%D7%9B%D7%99-%D7%93%D7%99%D7%9F/,DESKTOP,0,3437,0,51.59092231597323
https://jus-tice.co.il/%D7%99%D7%99%D7%A2%D7%95%D7%A5-%D7%A2%D7%95%D7%A8%D7%9A-%D7%93%D7%99%D7%9F-%D7%A4%D7%9C%D7%99%D7%9C%D7%99-%D7%A8%D7%90%D7%A9%D7%95%D7%A0%D7%99-%D7%9C%D7%A2%D7%A6%D7%95%D7%A8-%D7%91%D7%A4%D7%9C%D7%99%D7%9C%D7%99%D7%9D/,DESKTOP,0,40,0,29
https://jus-tice.co.il/%D7%99%D7%99%D7%A2%D7%95%D7%A5-%D7%A2%D7%95%D7%A8%D7%9A-%D7%93%D7%99%D7%9F-%D7%A4%D7%9C%D7%99%D7%9C%D7%99-%D7%A8%D7%90%D7%A9%D7%95%D7%A0%D7%99-%D7%9C%D7%A2%D7%A6%D7%95%D7%A8-%D7%91%D7%A4%D7%9C%D7%99%D7%9C%D7%99%D7%9D/,MOBILE,0,2,0,34.5
https://jus-tice.co.il/%D7%99%D7%A6%D7%97%D7%A7-%D7%A4%D7%95%D7%92%D7%A8%D7%A9%D7%99%D7%99-%D7%AA%D7%91%D7%99%D7%A2%D7%AA-%D7%A2%D7%91%D7%95%D7%93%D7%94-%D7%90%D7%99%D7%A0%D7%98%D7%9C-%D7%A8%D7%99%D7%9C%D7%95%D7%A7%D7%99%D7%99%D7%A9%D7%9F/,DESKTOP,0,481,0,38.88981288981289
https://jus-tice.co.il/%D7%99%D7%A6%D7%97%D7%A7-%D7%A4%D7%95%D7%92%D7%A8%D7%A9%D7%99%D7%99-%D7%AA%D7%91%D7%99%D7%A2%D7%AA-%D7%A2%D7%91%D7%95%D7%93%D7%94-%D7%90%D7%99%D7%A0%D7%98%D7%9C-%D7%A8%D7%99%D7%9C%D7%95%D7%A7%D7%99%D7%99%D7%A9%D7%9F/,MOBILE,0,57,0,32.49122807017544
https://jus-tice.co.il/%D7%9B%D7%99%D7%A6%D7%93-%D7%9C%D7%9E%D7%A6%D7%95%D7%90-%D7%A2%D7%96%D7%A8%D7%94-%D7%9E%D7%A9%D7%A4%D7%98%D7%99%D7%AA-%D7%9B%D7%90%D7%A9%D7%A8-%D7%90%D7%99%D7%A0%D7%9A-%D7%99%D7%9B%D7%95%D7%9C-%D7%9C%D7%94%D7%A8%D7%A9%D7%95%D7%AA-%D7%9C%D7%A2%D7%A6%D7%9E%D7%9A-%D7%A2%D7%95%D7%A8%D7%9A-%D7%93%D7%99%D7%9F/,TABLET,0,4,0,7.75
https://jus-tice.co.il/%D7%9B%D7%A1%D7%A4%D7%99%D7%9D-%D7%9E%D7%A9%D7%95%D7%AA%D7%A4%D7%99%D7%9D-%D7%A9%D7%94%D7%95%D7%A2%D7%91%D7%A8%D7%95-%D7%91%D7%93%D7%A8%D7%9B%D7%99-%D7%9E%D7%A8%D7%9E%D7%94-%D7%9C%D7%A6%D7%93%D7%93%D7%99%D7%9D-%D7%A9%D7%9C%D7%99%D7%A9%D7%99%D7%99%D7%9D/,DESKTOP,0,589,0,69.16468590831919
https://jus-tice.co.il/%D7%9B%D7%A1%D7%A4%D7%99%D7%9D-%D7%9E%D7%A9%D7%95%D7%AA%D7%A4%D7%99%D7%9D-%D7%A9%D7%94%D7%95%D7%A2%D7%91%D7%A8%D7%95-%D7%91%D7%93%D7%A8%D7%9B%D7%99-%D7%9E%D7%A8%D7%9E%D7%94-%D7%9C%D7%A6%D7%93%D7%93%D7%99%D7%9D-%D7%A9%D7%9C%D7%99%D7%A9%D7%99%D7%99%D7%9D/,MOBILE,0,116,0,68.13793103448276
https://jus-tice.co.il/%D7%9B%D7%A1%D7%A4%D7%99%D7%9D-%D7%9E%D7%A9%D7%95%D7%AA%D7%A4%D7%99%D7%9D-%D7%A9%D7%94%D7%95%D7%A2%D7%91%D7%A8%D7%95-%D7%91%D7%93%D7%A8%D7%9B%D7%99-%D7%9E%D7%A8%D7%9E%D7%94-%D7%9C%D7%A6%D7%93%D7%93%D7%99%D7%9D-%D7%A9%D7%9C%D7%99%D7%A9%D7%99%D7%99%D7%9D/,TABLET,0,1,0,8
https://jus-tice.co.il/%D7%9B%D7%AA%D7%91-%D7%90%D7%99%D7%A9%D7%95%D7%9D-%D7%A0%D7%92%D7%93-%D7%91%D7%9F-70-%D7%9E%D7%94%D7%A8%D7%A6%D7%9C%D7%99%D7%94-%D7%91%D7%92%D7%99%D7%9F-%D7%A8%D7%A6%D7%97-%D7%91%D7%A0%D7%A1%D7%99%D7%91%D7%95%D7%AA-%D7%9E%D7%97%D7%9E%D7%99%D7%A8%D7%95%D7%AA/,DESKTOP,0,182,0,39.02197802197802
https://jus-tice.co.il/%D7%9B%D7%AA%D7%91-%D7%90%D7%99%D7%A9%D7%95%D7%9D-%D7%A0%D7%92%D7%93-%D7%91%D7%9F-70-%D7%9E%D7%94%D7%A8%D7%A6%D7%9C%D7%99%D7%94-%D7%91%D7%92%D7%99%D7%9F-%D7%A8%D7%A6%D7%97-%D7%91%D7%A0%D7%A1%D7%99%D7%91%D7%95%D7%AA-%D7%9E%D7%97%D7%9E%D7%99%D7%A8%D7%95%D7%AA/,MOBILE,0,19,0,57.26315789473684
https://jus-tice.co.il/%D7%9C%D7%90-%D7%9E%D7%97%D7%95%D7%A1%D7%9F-%D7%94%D7%90%D7%9D-%D7%9E%D7%A2%D7%A1%D7%99%D7%A7-%D7%99%D7%9B%D7%95%D7%9C-%D7%9C%D7%9E%D7%A0%D7%95%D7%A2-%D7%A2%D7%95%D7%91%D7%93-%D7%9C%D7%9C%D7%90-%D7%91%D7%93%D7%99%D7%A7%D7%AA-%D7%A7%D7%95%D7%A8%D7%95%D7%A0%D7%94/,DESKTOP,0,92,0,67.8913043478261
https://jus-tice.co.il/%D7%9C%D7%90-%D7%9E%D7%97%D7%95%D7%A1%D7%9F-%D7%94%D7%90%D7%9D-%D7%9E%D7%A2%D7%A1%D7%99%D7%A7-%D7%99%D7%9B%D7%95%D7%9C-%D7%9C%D7%9E%D7%A0%D7%95%D7%A2-%D7%A2%D7%95%D7%91%D7%93-%D7%9C%D7%9C%D7%90-%D7%91%D7%93%D7%99%D7%A7%D7%AA-%D7%A7%D7%95%D7%A8%D7%95%D7%A0%D7%94/,MOBILE,0,3,0,88.33333333333333
https://jus-tice.co.il/%D7%9E%D7%90%D7%A1%D7%A8-%D7%91%D7%92%D7%99%D7%9F-%D7%94%D7%98%D7%A8%D7%93%D7%94-%D7%9E%D7%99%D7%A0%D7%99%D7%AA-%D7%95%D7%94%D7%AA%D7%A0%D7%9B%D7%9C%D7%95%D7%AA-%D7%91%D7%90%D7%9E%D7%A6%D7%A2%D7%95%D7%AA-%D7%A8%D7%A9%D7%AA-%D7%94%D7%98%D7%9C%D7%92%D7%A8%D7%9D-%D7%AA%D7%A4-43967-07-20/,TABLET,0,20,0,14.15
https://jus-tice.co.il/%D7%9E%D7%93%D7%99%D7%A0%D7%AA-%D7%99%D7%A9%D7%A8%D7%90%D7%9C-%D7%A0-%D7%A7%D7%A8%D7%A4%D7%9C/,DESKTOP,0,62,0,73.14516129032258
https://jus-tice.co.il/%D7%9E%D7%93%D7%99%D7%A0%D7%AA-%D7%99%D7%A9%D7%A8%D7%90%D7%9C-%D7%A0-%D7%A7%D7%A8%D7%A4%D7%9C/,MOBILE,0,16,0,56
https://jus-tice.co.il/%D7%9E%D7%93%D7%A8%D7%99%D7%9A-%D7%94%D7%97%D7%96%D7%A8%D7%99-%D7%9E%D7%A1-%D7%A2%D7%9D-%D7%9E%D7%97%D7%A9%D7%91%D7%95%D7%9F/,TABLET,0,2,0,45.5
https://jus-tice.co.il/%D7%9E%D7%93%D7%A8%D7%99%D7%9A-%D7%9E%D7%A2%D7%A9%D7%99-%D7%9C%D7%91%D7%97%D7%99%D7%A8%D7%AA-%D7%97%D7%91%D7%A8%D7%94-%D7%90%D7%95-%D7%99%D7%96%D7%9D-%D7%9C%D7%94%D7%AA%D7%97%D7%93%D7%A9%D7%95%D7%AA-%D7%A2%D7%99%D7%A8%D7%95%D7%A0%D7%99%D7%AA/,DESKTOP,0,87,0,56.95402298850575
https://jus-tice.co.il/%D7%9E%D7%93%D7%A8%D7%99%D7%9A-%D7%9E%D7%A2%D7%A9%D7%99-%D7%9C%D7%91%D7%97%D7%99%D7%A8%D7%AA-%D7%97%D7%91%D7%A8%D7%94-%D7%90%D7%95-%D7%99%D7%96%D7%9D-%D7%9C%D7%94%D7%AA%D7%97%D7%93%D7%A9%D7%95%D7%AA-%D7%A2%D7%99%D7%A8%D7%95%D7%A0%D7%99%D7%AA/,MOBILE,0,6,0,36.333333333333336
https://jus-tice.co.il/%D7%9E%D7%93%D7%A8%D7%99%D7%9A-%D7%9E%D7%A7%D7%99%D7%A3-%D7%9C%D7%AA%D7%94%D7%9C%D7%99%D7%9A-%D7%A8%D7%9B%D7%99%D7%A9%D7%AA-%D7%93%D7%99%D7%A8%D7%94/,DESKTOP,0,1152,0,61.98003472222222
https://jus-tice.co.il/%D7%9E%D7%93%D7%A8%D7%99%D7%9A-%D7%9E%D7%A7%D7%99%D7%A3-%D7%9C%D7%AA%D7%94%D7%9C%D7%99%D7%9A-%D7%A8%D7%9B%D7%99%D7%A9%D7%AA-%D7%93%D7%99%D7%A8%D7%94/,MOBILE,0,83,0,70.40963855421687
https://jus-tice.co.il/%D7%9E%D7%93%D7%A8%D7%99%D7%9A-%D7%A2%D7%93%D7%9B%D7%A0%D7%99-%D7%9C%D7%92%D7%99%D7%A8%D7%95%D7%A9%D7%99%D7%9F/,TABLET,0,7,0,21.142857142857142
https://jus-tice.co.il/%D7%9E%D7%93%D7%A8%D7%99%D7%9A-%D7%A2%D7%93%D7%9B%D7%A0%D7%99-%D7%9C%D7%94%D7%A1%D7%9B%D7%9D-%D7%9E%D7%9E%D7%95%D7%9F/,MOBILE,0,701,0,63.75035663338088
https://jus-tice.co.il/%D7%9E%D7%93%D7%A8%D7%99%D7%9A-%D7%A2%D7%93%D7%9B%D7%A0%D7%99-%D7%9C%D7%94%D7%A1%D7%9B%D7%9D-%D7%9E%D7%9E%D7%95%D7%9F/,TABLET,0,1,0,71
https://jus-tice.co.il/%D7%9E%D7%93%D7%A8%D7%99%D7%9B%D7%99-%D7%93%D7%99%D7%A8%D7%95%D7%92-%D7%A2%D7%95%D7%A8%D7%9B%D7%99-%D7%93%D7%99%D7%9F-%D7%9E%D7%95%D7%91%D7%99%D7%9C%D7%99%D7%9D-%D7%95%D7%A9%D7%99%D7%98%D7%95%D7%AA-%D7%93%D7%99%D7%A8%D7%95%D7%92/,DESKTOP,0,1694,0,27.561393152302244
https://jus-tice.co.il/%D7%9E%D7%93%D7%A8%D7%99%D7%9B%D7%99-%D7%93%D7%99%D7%A8%D7%95%D7%92-%D7%A2%D7%95%D7%A8%D7%9B%D7%99-%D7%93%D7%99%D7%9F-%D7%9E%D7%95%D7%91%D7%99%D7%9C%D7%99%D7%9D-%D7%95%D7%A9%D7%99%D7%98%D7%95%D7%AA-%D7%93%D7%99%D7%A8%D7%95%D7%92/,MOBILE,0,151,0,31.867549668874172
https://jus-tice.co.il/%D7%9E%D7%94%D7%95-%D7%99%D7%95%D7%A2%D7%A5-%D7%A0%D7%93%D7%9C%D7%9F/,DESKTOP,0,5328,0,38.928490990990994
https://jus-tice.co.il/%D7%9E%D7%94%D7%95-%D7%99%D7%95%D7%A2%D7%A5-%D7%A0%D7%93%D7%9C%D7%9F/,TABLET,0,1,0,58
https://jus-tice.co.il/%D7%9E%D7%94%D7%95-%D7%A8%D7%95%D7%A4%D7%90-%D7%9E%D7%94-%D7%AA%D7%A4%D7%A7%D7%99%D7%93%D7%95-%D7%95%D7%97%D7%95%D7%91%D7%95%D7%AA%D7%99%D7%95-%D7%94%D7%9E%D7%A7%D7%A6%D7%95%D7%A2%D7%99%D7%95%D7%AA/,DESKTOP,0,278,0,73.56474820143885
https://jus-tice.co.il/%D7%9E%D7%94-%D7%96%D7%94-%D7%A2%D7%95%D7%A8%D7%9A-%D7%93%D7%99%D7%9F-%D7%92%D7%99%D7%A8%D7%95%D7%A9%D7%99%D7%9F/,DESKTOP,0,114,0,72.71052631578948
https://jus-tice.co.il/%D7%9E%D7%94-%D7%96%D7%94-%D7%A2%D7%95%D7%A8%D7%9A-%D7%93%D7%99%D7%9F-%D7%92%D7%99%D7%A8%D7%95%D7%A9%D7%99%D7%9F/,MOBILE,0,16,0,73.1875
https://jus-tice.co.il/%D7%9E%D7%94-%D7%96%D7%94-%D7%A2%D7%95%D7%A8%D7%9A-%D7%93%D7%99%D7%9F-%D7%92%D7%99%D7%A8%D7%95%D7%A9%D7%99%D7%9F/,TABLET,0,1,0,65
https://jus-tice.co.il/%D7%9E%D7%94-%D7%AA%D7%A4%D7%A7%D7%99%D7%93%D7%95-%D7%A9%D7%9C-%D7%A2%D7%95%D7%A8%D7%9A-%D7%93%D7%99%D7%9F-%D7%A0%D7%93%D7%9C%D7%9F-%D7%95%D7%A2%D7%9C%D7%95%D7%99%D7%95%D7%AA%D7%99%D7%95/,DESKTOP,0,33,0,27.78787878787879
https://jus-tice.co.il/%D7%9E%D7%95%D7%A2%D7%93-%D7%94%D7%A7%D7%A8%D7%A2-%D7%91%D7%92%D7%99%D7%A8%D7%95%D7%A9%D7%99%D7%9F-%D7%9C%D7%A6%D7%95%D7%A8%D7%9A-%D7%90%D7%99%D7%96%D7%95%D7%9F-%D7%9E%D7%A9%D7%90%D7%91%D7%99%D7%9D-%D7%91%D7%99%D7%9F-%D7%91%D7%A0%D7%99-%D7%96%D7%95%D7%92-%D7%9C%D7%A9%D7%A2%D7%91%D7%A8-%D7%AA%D7%9C%D7%94%D7%9E-23952-08-19/,DESKTOP,0,1568,0,34.56058673469388
https://jus-tice.co.il/%D7%9E%D7%95%D7%A2%D7%93-%D7%94%D7%A7%D7%A8%D7%A2-%D7%91%D7%92%D7%99%D7%A8%D7%95%D7%A9%D7%99%D7%9F-%D7%9C%D7%A6%D7%95%D7%A8%D7%9A-%D7%90%D7%99%D7%96%D7%95%D7%9F-%D7%9E%D7%A9%D7%90%D7%91%D7%99%D7%9D-%D7%91%D7%99%D7%9F-%D7%91%D7%A0%D7%99-%D7%96%D7%95%D7%92-%D7%9C%D7%A9%D7%A2%D7%91%D7%A8-%D7%AA%D7%9C%D7%94%D7%9E-23952-08-19/,MOBILE,0,243,0,36.07818930041152
https://jus-tice.co.il/%D7%9E%D7%96%D7%95%D7%A0%D7%95%D7%AA-%D7%94%D7%99%D7%9C%D7%93%D7%99%D7%9D-%D7%94%D7%90%D7%9D-%D7%9C%D7%A4%D7%99-%D7%A6%D7%A8%D7%99%D7%9B%D7%94-%D7%91%D7%A4%D7%95%D7%A2%D7%9C-%D7%90%D7%95-%D7%A2%D7%A8%D7%9A-%D7%A9%D7%95%D7%9C%D7%99/,DESKTOP,0,1066,0,67.05722326454034
https://jus-tice.co.il/%D7%9E%D7%96%D7%95%D7%A0%D7%95%D7%AA-%D7%94%D7%99%D7%9C%D7%93%D7%99%D7%9D-%D7%94%D7%90%D7%9D-%D7%9C%D7%A4%D7%99-%D7%A6%D7%A8%D7%99%D7%9B%D7%94-%D7%91%D7%A4%D7%95%D7%A2%D7%9C-%D7%90%D7%95-%D7%A2%D7%A8%D7%9A-%D7%A9%D7%95%D7%9C%D7%99/,MOBILE,0,21,0,83.38095238095238
https://jus-tice.co.il/%D7%9E%D7%96%D7%95%D7%A0%D7%95%D7%AA-%D7%95%D7%94%D7%95%D7%A6%D7%90%D7%95%D7%AA-%D7%94%D7%97%D7%99%D7%A0%D7%95%D7%9A-%D7%95%D7%94%D7%91%D7%A8%D7%99%D7%90%D7%95%D7%AA-%D7%A9%D7%9C-3-%D7%A7%D7%98%D7%99%D7%A0%D7%99%D7%9D-%D7%A2%D7%A8%D7%A2%D7%95%D7%A8-%D7%A4%D7%A1%D7%93-%D7%A2%D7%9E%D7%A9-49763-12-21/,DESKTOP,0,1778,0,58.894263217097865
https://jus-tice.co.il/%D7%9E%D7%96%D7%95%D7%A0%D7%95%D7%AA-%D7%95%D7%94%D7%95%D7%A6%D7%90%D7%95%D7%AA-%D7%94%D7%97%D7%99%D7%A0%D7%95%D7%9A-%D7%95%D7%94%D7%91%D7%A8%D7%99%D7%90%D7%95%D7%AA-%D7%A9%D7%9C-3-%D7%A7%D7%98%D7%99%D7%A0%D7%99%D7%9D-%D7%A2%D7%A8%D7%A2%D7%95%D7%A8-%D7%A4%D7%A1%D7%93-%D7%A2%D7%9E%D7%A9-49763-12-21/,MOBILE,0,554,0,36.74548736462094
https://jus-tice.co.il/%D7%9E%D7%96%D7%95%D7%A0%D7%95%D7%AA-%D7%95%D7%94%D7%95%D7%A6%D7%90%D7%95%D7%AA-%D7%94%D7%97%D7%99%D7%A0%D7%95%D7%9A-%D7%95%D7%94%D7%91%D7%A8%D7%99%D7%90%D7%95%D7%AA-%D7%A9%D7%9C-3-%D7%A7%D7%98%D7%99%D7%A0%D7%99%D7%9D-%D7%A2%D7%A8%D7%A2%D7%95%D7%A8-%D7%A4%D7%A1%D7%93-%D7%A2%D7%9E%D7%A9-49763-12-21/,TABLET,0,7,0,36.714285714285715
https://jus-tice.co.il/%D7%9E%D7%96%D7%95%D7%A0%D7%95%D7%AA-%D7%A9%D7%91%D7%94%D7%A1%D7%9B%D7%9D-%D7%95%D7%94%D7%A2%D7%99%D7%9C%D7%95%D7%AA-%D7%9C%D7%91%D7%99%D7%98%D7%95%D7%9C%D7%9F-%D7%90%D7%95-%D7%A9%D7%99%D7%A0%D7%95%D7%99%D7%99%D7%9F-%D7%9E%D7%9B%D7%95%D7%97-%D7%A9%D7%99%D7%A0%D7%95%D7%99-%D7%A0%D7%A1%D7%99%D7%91%D7%95%D7%AA/,DESKTOP,0,2537,0,62.0819865983445
https://jus-tice.co.il/%D7%9E%D7%96%D7%95%D7%A0%D7%95%D7%AA-%D7%A9%D7%91%D7%94%D7%A1%D7%9B%D7%9D-%D7%95%D7%94%D7%A2%D7%99%D7%9C%D7%95%D7%AA-%D7%9C%D7%91%D7%99%D7%98%D7%95%D7%9C%D7%9F-%D7%90%D7%95-%D7%A9%D7%99%D7%A0%D7%95%D7%99%D7%99%D7%9F-%D7%9E%D7%9B%D7%95%D7%97-%D7%A9%D7%99%D7%A0%D7%95%D7%99-%D7%A0%D7%A1%D7%99%D7%91%D7%95%D7%AA/,MOBILE,0,354,0,58.929378531073446
https://jus-tice.co.il/%D7%9E%D7%96%D7%95%D7%A0%D7%95%D7%AA-%D7%A9%D7%91%D7%94%D7%A1%D7%9B%D7%9D-%D7%95%D7%94%D7%A2%D7%99%D7%9C%D7%95%D7%AA-%D7%9C%D7%91%D7%99%D7%98%D7%95%D7%9C%D7%9F-%D7%90%D7%95-%D7%A9%D7%99%D7%A0%D7%95%D7%99%D7%99%D7%9F-%D7%9E%D7%9B%D7%95%D7%97-%D7%A9%D7%99%D7%A0%D7%95%D7%99-%D7%A0%D7%A1%D7%99%D7%91%D7%95%D7%AA/,TABLET,0,2,0,69
https://jus-tice.co.il/%D7%9E%D7%97%D7%A7%D7%A8-%D7%9E%D7%99%D7%9E%D7%95%D7%A9-%D7%96%D7%9B%D7%95%D7%99%D7%95%D7%AA-%D7%A7%D7%98%D7%99%D7%A0%D7%99%D7%9D-%D7%A0%D7%A4%D7%92%D7%A2%D7%99-%D7%A2%D7%91%D7%99%D7%A8%D7%95%D7%AA-%D7%9E%D7%99%D7%9F-%D7%97%D7%9E%D7%95%D7%A8%D7%95%D7%AA-%D7%91%D7%AA%D7%99%D7%A7%D7%99-%D7%94%D7%A1%D7%99%D7%95%D7%A2-%D7%94%D7%9E%D7%A9%D7%A4%D7%98%D7%99/,DESKTOP,0,116,0,32.73275862068965
https://jus-tice.co.il/%D7%9E%D7%97%D7%A7%D7%A8-%D7%9E%D7%99%D7%9E%D7%95%D7%A9-%D7%96%D7%9B%D7%95%D7%99%D7%95%D7%AA-%D7%A7%D7%98%D7%99%D7%A0%D7%99%D7%9D-%D7%A0%D7%A4%D7%92%D7%A2%D7%99-%D7%A2%D7%91%D7%99%D7%A8%D7%95%D7%AA-%D7%9E%D7%99%D7%9F-%D7%97%D7%9E%D7%95%D7%A8%D7%95%D7%AA-%D7%91%D7%AA%D7%99%D7%A7%D7%99-%D7%94%D7%A1%D7%99%D7%95%D7%A2-%D7%94%D7%9E%D7%A9%D7%A4%D7%98%D7%99/,MOBILE,0,3,0,76
https://jus-tice.co.il/%D7%9E%D7%97%D7%A9%D7%91%D7%95%D7%9F-%D7%93%D7%9E%D7%99-%D7%91%D7%99%D7%98%D7%95%D7%97-%D7%9C%D7%90%D7%95%D7%9E%D7%99-%D7%95%D7%91%D7%A8%D7%99%D7%90%D7%95%D7%AA/,TABLET,0,2,0,14.5
https://jus-tice.co.il/%D7%9E%D7%97%D7%A9%D7%91%D7%95%D7%9F-%D7%9E%D7%96%D7%95%D7%A0%D7%95%D7%AA-%D7%99%D7%9C%D7%93%D7%99%D7%9D/,TABLET,0,5,0,44.4
https://jus-tice.co.il/%D7%9E%D7%99%D7%A0%D7%95%D7%99-%D7%9E%D7%A0%D7%94%D7%9C-%D7%A2%D7%99%D7%96%D7%91%D7%95%D7%9F-%D7%9B%D7%9E%D7%A4%D7%95%D7%A8%D7%98-%D7%91%D7%A6%D7%95%D7%95%D7%90%D7%94-%D7%95%D7%94%D7%AA%D7%A0%D7%92%D7%93%D7%95%D7%AA-%D7%9C%D7%91%D7%A7%D7%A9%D7%94/,MOBILE,0,91,0,33.94505494505494
https://jus-tice.co.il/%D7%9E%D7%99%D7%A0%D7%95%D7%99-%D7%A9%D7%9E%D7%90%D7%99-%D7%9E%D7%A7%D7%A8%D7%A7%D7%A2%D7%99%D7%9F-%D7%A2%D7%96%D7%91%D7%95%D7%9F-%D7%A6%D7%95-%D7%99%D7%A8%D7%95%D7%A9%D7%94/,DESKTOP,0,917,0,42.14940021810251
https://jus-tice.co.il/%D7%9E%D7%99%D7%A0%D7%95%D7%99-%D7%A9%D7%9E%D7%90%D7%99-%D7%9E%D7%A7%D7%A8%D7%A7%D7%A2%D7%99%D7%9F-%D7%A2%D7%96%D7%91%D7%95%D7%9F-%D7%A6%D7%95-%D7%99%D7%A8%D7%95%D7%A9%D7%94/,MOBILE,0,2,0,59
https://jus-tice.co.il/%D7%9E%D7%A0%D7%AA%D7%97-%D7%A4%D7%9C%D7%A1%D7%98%D7%99-%D7%A4%D7%A0%D7%99%D7%9D/,DESKTOP,0,2806,0,65.48289379900214
https://jus-tice.co.il/%D7%9E%D7%A0%D7%AA%D7%97-%D7%A4%D7%9C%D7%A1%D7%98%D7%99-%D7%A4%D7%A0%D7%99%D7%9D/,MOBILE,0,361,0,66.83102493074792
https://jus-tice.co.il/%D7%9E%D7%A1%D7%9E%D7%9B%D7%99%D7%9D-%D7%97%D7%A9%D7%95%D7%91%D7%99%D7%9D-%D7%9C%D7%AA%D7%91%D7%99%D7%A2%D7%AA-%D7%A8%D7%A9%D7%9C%D7%A0%D7%95%D7%AA-%D7%A8%D7%A4%D7%95%D7%90%D7%99%D7%AA/,DESKTOP,0,179,0,82.65921787709497
https://jus-tice.co.il/%D7%9E%D7%A1%D7%9E%D7%9B%D7%99%D7%9D-%D7%97%D7%A9%D7%95%D7%91%D7%99%D7%9D-%D7%9C%D7%AA%D7%91%D7%99%D7%A2%D7%AA-%D7%A8%D7%A9%D7%9C%D7%A0%D7%95%D7%AA-%D7%A8%D7%A4%D7%95%D7%90%D7%99%D7%AA/,MOBILE,0,18,0,89
https://jus-tice.co.il/%D7%9E%D7%A2%D7%9E%D7%93%D7%9F-%D7%A9%D7%9C-%D7%90%D7%9C%D7%9E%D7%A0%D7%95%D7%AA-%D7%96%D7%9B%D7%90%D7%99-%D7%97%D7%95%D7%A7-%D7%94%D7%A9%D7%91%D7%95%D7%AA-%D7%91%D7%92%D7%A5-177519-%D7%91%D7%92%D7%A5-230919/,DESKTOP,0,48,0,63.104166666666664
https://jus-tice.co.il/%D7%9E%D7%A2%D7%9E%D7%93%D7%9F-%D7%A9%D7%9C-%D7%90%D7%9C%D7%9E%D7%A0%D7%95%D7%AA-%D7%96%D7%9B%D7%90%D7%99-%D7%97%D7%95%D7%A7-%D7%94%D7%A9%D7%91%D7%95%D7%AA-%D7%91%D7%92%D7%A5-177519-%D7%91%D7%92%D7%A5-230919/,MOBILE,0,9,0,60.44444444444444
https://jus-tice.co.il/%D7%9E%D7%A2%D7%A6%D7%A8-%D7%A0%D7%A9%D7%A7-%D7%95%D7%AA%D7%97%D7%9E%D7%95%D7%A9%D7%AA-%D7%94%D7%AA%D7%9B%D7%AA%D7%91%D7%95%D7%AA-%D7%91%D7%9E%D7%A1%D7%A0%D7%92%D7%A8-%D7%9E%D7%91%D7%9C%D7%99-%D7%A9%D7%A0%D7%AA%D7%A4%D7%A1-%D7%A0%D7%A9%D7%A7/,DESKTOP,0,42,0,80.21428571428571
https://jus-tice.co.il/%D7%9E%D7%A2%D7%A6%D7%A8-%D7%A0%D7%A9%D7%A7-%D7%95%D7%AA%D7%97%D7%9E%D7%95%D7%A9%D7%AA-%D7%94%D7%AA%D7%9B%D7%AA%D7%91%D7%95%D7%AA-%D7%91%D7%9E%D7%A1%D7%A0%D7%92%D7%A8-%D7%9E%D7%91%D7%9C%D7%99-%D7%A9%D7%A0%D7%AA%D7%A4%D7%A1-%D7%A0%D7%A9%D7%A7/,MOBILE,0,2,0,80.5
https://jus-tice.co.il/%D7%9E%D7%A2%D7%A9%D7%94-%D7%9E%D7%92%D7%95%D7%A0%D7%94-%D7%91%D7%A0%D7%95%D7%A1%D7%A2%D7%AA-%D7%AA%D7%95%D7%9A-%D7%9B%D7%93%D7%99-%D7%A0%D7%A1%D7%99%D7%A2%D7%94/,DESKTOP,0,487,0,55.39835728952772
https://jus-tice.co.il/%D7%9E%D7%A2%D7%A9%D7%94-%D7%9E%D7%92%D7%95%D7%A0%D7%94-%D7%91%D7%A0%D7%95%D7%A1%D7%A2%D7%AA-%D7%AA%D7%95%D7%9A-%D7%9B%D7%93%D7%99-%D7%A0%D7%A1%D7%99%D7%A2%D7%94/,MOBILE,0,36,0,57.638888888888886
https://jus-tice.co.il/%D7%9E%D7%A6%D7%90-%D7%A2%D7%95%D7%A8%D7%9A-%D7%93%D7%99%D7%9F-%D7%91%D7%A7%D7%A8%D7%91%D7%AA%D7%9A/,DESKTOP,0,47,0,65.97872340425532
https://jus-tice.co.il/%D7%9E%D7%A6%D7%90-%D7%A2%D7%95%D7%A8%D7%9A-%D7%93%D7%99%D7%9F-%D7%91%D7%A7%D7%A8%D7%91%D7%AA%D7%9A/,MOBILE,0,9,0,39.77777777777778
https://jus-tice.co.il/%D7%9E%D7%A7%D7%A8%D7%99-%D7%A8%D7%A9%D7%9C%D7%A0%D7%95%D7%AA-%D7%A8%D7%A4%D7%95%D7%90%D7%99%D7%AA-%D7%91%D7%99%D7%A9%D7%A8%D7%90%D7%9C-%D7%93%D7%95%D7%92%D7%9E%D7%90%D7%95%D7%AA-%D7%9C%D7%A8%D7%A9%D7%9C%D7%A0%D7%95%D7%AA-%D7%A8%D7%A4%D7%95%D7%90%D7%99%D7%AA/,DESKTOP,0,619,0,61.36510500807754
https://jus-tice.co.il/%D7%9E%D7%A7%D7%A8%D7%99-%D7%A8%D7%A9%D7%9C%D7%A0%D7%95%D7%AA-%D7%A8%D7%A4%D7%95%D7%90%D7%99%D7%AA-%D7%91%D7%99%D7%A9%D7%A8%D7%90%D7%9C-%D7%93%D7%95%D7%92%D7%9E%D7%90%D7%95%D7%AA-%D7%9C%D7%A8%D7%A9%D7%9C%D7%A0%D7%95%D7%AA-%D7%A8%D7%A4%D7%95%D7%90%D7%99%D7%AA/,MOBILE,0,60,0,72.23333333333333
https://jus-tice.co.il/%D7%9E%D7%A7%D7%A8%D7%99-%D7%A8%D7%A9%D7%9C%D7%A0%D7%95%D7%AA-%D7%A8%D7%A4%D7%95%D7%90%D7%99%D7%AA-%D7%91%D7%9C%D7%99%D7%93%D7%94-%D7%95%D7%98%D7%99%D7%A4%D7%95%D7%9C-%D7%9E%D7%A9%D7%A4%D7%98%D7%99/,DESKTOP,0,3528,0,76.64880952380952
https://jus-tice.co.il/%D7%9E%D7%A7%D7%A8%D7%99-%D7%A8%D7%A9%D7%9C%D7%A0%D7%95%D7%AA-%D7%A8%D7%A4%D7%95%D7%90%D7%99%D7%AA-%D7%91%D7%9C%D7%99%D7%93%D7%94-%D7%95%D7%98%D7%99%D7%A4%D7%95%D7%9C-%D7%9E%D7%A9%D7%A4%D7%98%D7%99/,MOBILE,0,1140,0,75.64561403508772
https://jus-tice.co.il/%D7%9E%D7%A9%D7%9E%D7%95%D7%A8%D7%AA-%D7%91%D7%9C%D7%A2%D7%93%D7%99%D7%AA-%D7%9C%D7%90%D7%9D-%D7%95%D7%A9%D7%99%D7%AA%D7%95%D7%A4%D7%99%D7%95%D7%AA-%D7%99%D7%97%D7%A1%D7%99%D7%AA-%D7%91%D7%9E%D7%A1%D7%92%D7%A8%D7%AA-%D7%90%D7%99%D7%96%D7%95%D7%9F-%D7%9E%D7%A9%D7%90%D7%91%D7%99%D7%9D-%D7%AA%D7%9C%D7%94%D7%9E-37049-07-18/,DESKTOP,0,1157,0,25.250648228176317
https://jus-tice.co.il/%D7%9E%D7%A9%D7%9E%D7%95%D7%A8%D7%AA-%D7%91%D7%9C%D7%A2%D7%93%D7%99%D7%AA-%D7%9C%D7%90%D7%9D-%D7%95%D7%A9%D7%99%D7%AA%D7%95%D7%A4%D7%99%D7%95%D7%AA-%D7%99%D7%97%D7%A1%D7%99%D7%AA-%D7%91%D7%9E%D7%A1%D7%92%D7%A8%D7%AA-%D7%90%D7%99%D7%96%D7%95%D7%9F-%D7%9E%D7%A9%D7%90%D7%91%D7%99%D7%9D-%D7%AA%D7%9C%D7%94%D7%9E-37049-07-18/,TABLET,0,1,0,7
https://jus-tice.co.il/%D7%9E%D7%A9%D7%A4%D7%98-%D7%94%D7%97%D7%95%D7%96%D7%A8-%D7%A9%D7%9C-%D7%A8%D7%95%D7%9E%D7%9F-%D7%96%D7%93%D7%95%D7%A8%D7%95%D7%91-%D7%AA%D7%A4%D7%97-502-07/,TABLET,0,1,0,6
https://jus-tice.co.il/%D7%9E%D7%A9%D7%A8%D7%93-%D7%94%D7%9E%D7%A9%D7%A4%D7%98%D7%99%D7%9D-%D7%99%D7%A9%D7%A8%D7%90%D7%9C/%D7%A1%D7%A0%D7%99%D7%92%D7%95%D7%A8%D7%99%D7%94-%D7%A6%D7%99%D7%91%D7%95%D7%A8%D7%99%D7%AA/,DESKTOP,0,3433,0,29.616953102242935
https://jus-tice.co.il/%D7%9E%D7%A9%D7%A8%D7%93-%D7%A2%D7%95%D7%A8%D7%9B%D7%99-%D7%93%D7%99%D7%9F-%D7%A4%D7%9C%D7%99%D7%9C%D7%99-%D7%94%D7%9B%D7%99-%D7%98%D7%95%D7%91-%D7%AA%D7%9C-%D7%90%D7%91%D7%99%D7%91/,TABLET,0,10,0,68
https://jus-tice.co.il/%D7%A0%D7%91%D7%97%D7%A8%D7%AA-%D7%94%D7%97%D7%9C%D7%95%D7%9E%D7%95%D7%AA-%D7%A9%D7%9C-%D7%A2%D7%95%D7%A8%D7%9B%D7%99-%D7%94%D7%93%D7%99%D7%9F/,MOBILE,0,331,0,13.694864048338369
https://jus-tice.co.il/%D7%A0%D7%91%D7%97%D7%A8%D7%AA-%D7%94%D7%97%D7%9C%D7%95%D7%9E%D7%95%D7%AA-%D7%A9%D7%9C-%D7%A2%D7%95%D7%A8%D7%9B%D7%99-%D7%94%D7%93%D7%99%D7%9F/,TABLET,0,1,0,6
https://jus-tice.co.il/%D7%A0%D7%95%D7%A1%D7%97-%D7%9B%D7%AA%D7%91-%D7%94%D7%90%D7%99%D7%A9%D7%95%D7%9D-%D7%A0%D7%92%D7%93-%D7%91%D7%A0%D7%99%D7%9E%D7%99%D7%9F-%D7%A0%D7%AA%D7%A0%D7%99%D7%94%D7%95-%D7%AA%D7%99%D7%A7%D7%99%D7%9D-1000-2000-4000,MOBILE,0,11,0,13.636363636363637
https://jus-tice.co.il/%D7%A0%D7%95%D7%A1%D7%97-%D7%9B%D7%AA%D7%91-%D7%94%D7%90%D7%99%D7%A9%D7%95%D7%9D-%D7%A0%D7%92%D7%93-%D7%91%D7%A0%D7%99%D7%9E%D7%99%D7%9F-%D7%A0%D7%AA%D7%A0%D7%99%D7%94%D7%95-%D7%AA%D7%99%D7%A7%D7%99%D7%9D-1000-2000-4000/,DESKTOP,0,5,0,72.2
https://jus-tice.co.il/%D7%A0%D7%95%D7%A1%D7%97-%D7%9B%D7%AA%D7%91-%D7%94%D7%90%D7%99%D7%A9%D7%95%D7%9D-%D7%A0%D7%92%D7%93-%D7%91%D7%A0%D7%99%D7%9E%D7%99%D7%9F-%D7%A0%D7%AA%D7%A0%D7%99%D7%94%D7%95-%D7%AA%D7%99%D7%A7%D7%99%D7%9D-1000-2000-4000/,MOBILE,0,1,0,59
https://jus-tice.co.il/%D7%A0%D7%99%D7%94%D7%95%D7%9C-%D7%9E%D7%90%D7%92%D7%A8-%D7%A0%D7%AA%D7%95%D7%A0%D7%99-%D7%96%D7%99%D7%94%D7%95%D7%99-%D7%A4%D7%9C%D7%99%D7%9C%D7%99/,DESKTOP,0,139,0,65.22302158273381
https://jus-tice.co.il/%D7%A0%D7%99%D7%94%D7%95%D7%9C-%D7%9E%D7%90%D7%92%D7%A8-%D7%A0%D7%AA%D7%95%D7%A0%D7%99-%D7%96%D7%99%D7%94%D7%95%D7%99-%D7%A4%D7%9C%D7%99%D7%9C%D7%99/,MOBILE,0,20,0,83.25
https://jus-tice.co.il/%D7%A0%D7%99%D7%94%D7%95%D7%9C-%D7%9E%D7%95%D7%A0%D7%99%D7%98%D7%99%D7%9F-%D7%9E%D7%A7%D7%95%D7%95%D7%9F-%D7%9C%D7%A2%D7%95%D7%A8%D7%9B%D7%99-%D7%93%D7%99%D7%9F-%D7%91%D7%A8%D7%A9%D7%AA-%D7%94%D7%90%D7%99%D7%A0%D7%98%D7%A8%D7%A0%D7%98/,MOBILE,0,1495,0,35.59264214046823
https://jus-tice.co.il/%D7%A0%D7%99%D7%94%D7%95%D7%9C-%D7%9E%D7%95%D7%A0%D7%99%D7%98%D7%99%D7%9F-%D7%9E%D7%A7%D7%95%D7%95%D7%9F-%D7%9C%D7%A2%D7%95%D7%A8%D7%9B%D7%99-%D7%93%D7%99%D7%9F-%D7%91%D7%A8%D7%A9%D7%AA-%D7%94%D7%90%D7%99%D7%A0%D7%98%D7%A8%D7%A0%D7%98/,TABLET,0,8,0,17.25
https://jus-tice.co.il/%D7%A0%D7%99%D7%9E%D7%95%D7%A7%D7%99%D7%9D-%D7%9C%D7%93%D7%97%D7%99%D7%99%D7%AA-%D7%91%D7%A7%D7%A9%D7%94-%D7%9C%D7%9E%D7%AA%D7%9F-%D7%A6%D7%95-%D7%A2%D7%99%D7%A7%D7%95%D7%9C/,DESKTOP,0,165,0,74.56969696969696
https://jus-tice.co.il/%D7%A0%D7%99%D7%9E%D7%95%D7%A7%D7%99%D7%9D-%D7%9C%D7%93%D7%97%D7%99%D7%99%D7%AA-%D7%91%D7%A7%D7%A9%D7%94-%D7%9C%D7%9E%D7%AA%D7%9F-%D7%A6%D7%95-%D7%A2%D7%99%D7%A7%D7%95%D7%9C/,MOBILE,0,2,0,87.5
https://jus-tice.co.il/%D7%A0%D7%A4%D7%92%D7%A2%D7%99-%D7%A2%D7%91%D7%99%D7%A8%D7%95%D7%AA-%D7%9E%D7%99%D7%9F-%D7%91%D7%94%D7%9C%D7%99%D7%9A-%D7%94%D7%A4%D7%9C%D7%99%D7%9C%D7%99-%D7%93%D7%99%D7%9F-%D7%95%D7%97%D7%A9%D7%91%D7%95%D7%9F/,DESKTOP,0,866,0,61.57505773672055
https://jus-tice.co.il/%D7%A0%D7%A4%D7%92%D7%A2%D7%99-%D7%A2%D7%91%D7%99%D7%A8%D7%95%D7%AA-%D7%9E%D7%99%D7%9F-%D7%91%D7%94%D7%9C%D7%99%D7%9A-%D7%94%D7%A4%D7%9C%D7%99%D7%9C%D7%99-%D7%93%D7%99%D7%9F-%D7%95%D7%97%D7%A9%D7%91%D7%95%D7%9F/,MOBILE,0,29,0,55.310344827586206
https://jus-tice.co.il/%D7%A1%D7%93%D7%A8-%D7%93%D7%99%D7%9F-%D7%A4%D7%9C%D7%99%D7%9C%D7%99-%D7%97%D7%95%D7%A7-%D7%94%D7%9E%D7%A2%D7%A6%D7%A8%D7%99%D7%9D/,DESKTOP,0,2354,0,51.68181818181818
https://jus-tice.co.il/%D7%A1%D7%93%D7%A8-%D7%93%D7%99%D7%9F-%D7%A4%D7%9C%D7%99%D7%9C%D7%99-%D7%97%D7%95%D7%A7-%D7%94%D7%9E%D7%A2%D7%A6%D7%A8%D7%99%D7%9D/,MOBILE,0,219,0,43.28310502283105
https://jus-tice.co.il/%D7%A1%D7%93%D7%A8-%D7%93%D7%99%D7%9F-%D7%A4%D7%9C%D7%99%D7%9C%D7%99-%D7%97%D7%95%D7%A7-%D7%94%D7%9E%D7%A2%D7%A6%D7%A8%D7%99%D7%9D/,TABLET,0,2,0,86
https://jus-tice.co.il/%D7%A1%D7%93%D7%A8-%D7%94%D7%A2%D7%93%D7%99%D7%A4%D7%95%D7%99%D7%95%D7%AA-%D7%A9%D7%9C-%D7%9E%D7%A9%D7%98%D7%A8%D7%AA-%D7%99%D7%A9%D7%A8%D7%90%D7%9C/,DESKTOP,0,310,0,58.50645161290323
https://jus-tice.co.il/%D7%A1%D7%93%D7%A8-%D7%94%D7%A2%D7%93%D7%99%D7%A4%D7%95%D7%99%D7%95%D7%AA-%D7%A9%D7%9C-%D7%9E%D7%A9%D7%98%D7%A8%D7%AA-%D7%99%D7%A9%D7%A8%D7%90%D7%9C/,MOBILE,0,13,0,28.076923076923077
https://jus-tice.co.il/%D7%A1%D7%95%D7%92%D7%99%D7%9D-%D7%A9%D7%95%D7%A0%D7%99%D7%9D-%D7%A9%D7%9C-%D7%A8%D7%95%D7%A4%D7%90%D7%99%D7%9D/,TABLET,0,4,0,5.75
https://jus-tice.co.il/%D7%A1%D7%95%D7%92%D7%99-%D7%A8%D7%A9%D7%9C%D7%A0%D7%95%D7%AA-%D7%A8%D7%A4%D7%95%D7%90%D7%99%D7%AA/,DESKTOP,0,1058,0,53.41398865784499
https://jus-tice.co.il/%D7%A1%D7%95%D7%92%D7%99-%D7%A8%D7%A9%D7%9C%D7%A0%D7%95%D7%AA-%D7%A8%D7%A4%D7%95%D7%90%D7%99%D7%AA/,MOBILE,0,113,0,39.02654867256637
https://jus-tice.co.il/%D7%A1%D7%98%D7%98%D7%99%D7%A1%D7%98%D7%99%D7%A7%D7%94-%D7%A2%D7%9C-%D7%92%D7%99%D7%A8%D7%95%D7%A9%D7%99%D7%9F/,DESKTOP,0,566,0,38.12190812720848
https://jus-tice.co.il/%D7%A1%D7%99%D7%95%D7%A2-%D7%A2%D7%95%D7%93-%D7%A4%D7%9C%D7%99%D7%9C%D7%99-%D7%9C%D7%A4%D7%99-%D7%9E%D7%93%D7%99%D7%A0%D7%94/,DESKTOP,0,5098,0,56.351902706943896
https://jus-tice.co.il/%D7%A1%D7%99%D7%95%D7%A2-%D7%A2%D7%95%D7%93-%D7%A4%D7%9C%D7%99%D7%9C%D7%99-%D7%9C%D7%A4%D7%99-%D7%9E%D7%93%D7%99%D7%A0%D7%94/,MOBILE,0,215,0,54.04651162790697
https://jus-tice.co.il/%D7%A1%D7%99%D7%95%D7%A2-%D7%A2%D7%95%D7%93-%D7%A4%D7%9C%D7%99%D7%9C%D7%99-%D7%9C%D7%A4%D7%99-%D7%9E%D7%93%D7%99%D7%A0%D7%94/,TABLET,0,1,0,60
https://jus-tice.co.il/%D7%A1%D7%9B%D7%A1%D7%95%D7%9A-%D7%91%D7%99%D7%9F-%D7%90%D7%9C%D7%9E%D7%A0%D7%94-%D7%95%D7%99%D7%9C%D7%93%D7%99%D7%94-%D7%95%D7%90%D7%9E%D7%95-%D7%A9%D7%9C-%D7%94%D7%A0%D7%A4%D7%98%D7%A8-%D7%94%D7%A0%D7%95%D7%92%D7%A2%D7%95%D7%AA-%D7%9C%D7%96%D7%9B%D7%95%D7%99%D7%95%D7%AA-%D7%A2%D7%9C-%D7%93%D7%99%D7%A8%D7%94-%D7%AA%D7%9E%D7%A9-7662-07-18/,DESKTOP,0,284,0,76.55633802816901
https://jus-tice.co.il/%D7%A1%D7%9B%D7%A1%D7%95%D7%9A-%D7%91%D7%99%D7%9F-%D7%90%D7%9C%D7%9E%D7%A0%D7%94-%D7%95%D7%99%D7%9C%D7%93%D7%99%D7%94-%D7%95%D7%90%D7%9E%D7%95-%D7%A9%D7%9C-%D7%94%D7%A0%D7%A4%D7%98%D7%A8-%D7%94%D7%A0%D7%95%D7%92%D7%A2%D7%95%D7%AA-%D7%9C%D7%96%D7%9B%D7%95%D7%99%D7%95%D7%AA-%D7%A2%D7%9C-%D7%93%D7%99%D7%A8%D7%94-%D7%AA%D7%9E%D7%A9-7662-07-18/,MOBILE,0,68,0,79.92647058823529
https://jus-tice.co.il/%D7%A1%D7%9E%D7%9B%D7%95%D7%99%D7%95%D7%AA-%D7%91%D7%99%D7%AA-%D7%94%D7%93%D7%99%D7%9F-%D7%94%D7%A8%D7%91%D7%A0%D7%99-%D7%9C%D7%99%D7%99%D7%A9%D7%95%D7%9D-%D7%95%D7%90%D7%9B%D7%99%D7%A4%D7%AA-%D7%94%D7%A1%D7%9B%D7%9D-%D7%A9%D7%90%D7%99%D7%A9%D7%A8-%D7%91%D7%A0%D7%95%D7%92%D7%A2-%D7%9C%D7%94%D7%A1%D7%93%D7%A8%D7%99-%D7%A9%D7%94%D7%95%D7%AA/,DESKTOP,0,1885,0,49.47267904509284
https://jus-tice.co.il/%D7%A1%D7%9E%D7%9B%D7%95%D7%99%D7%95%D7%AA-%D7%91%D7%99%D7%AA-%D7%94%D7%93%D7%99%D7%9F-%D7%94%D7%A8%D7%91%D7%A0%D7%99-%D7%9C%D7%99%D7%99%D7%A9%D7%95%D7%9D-%D7%95%D7%90%D7%9B%D7%99%D7%A4%D7%AA-%D7%94%D7%A1%D7%9B%D7%9D-%D7%A9%D7%90%D7%99%D7%A9%D7%A8-%D7%91%D7%A0%D7%95%D7%92%D7%A2-%D7%9C%D7%94%D7%A1%D7%93%D7%A8%D7%99-%D7%A9%D7%94%D7%95%D7%AA/,MOBILE,0,25,0,52.6
https://jus-tice.co.il/%D7%A1%D7%9E%D7%9B%D7%95%D7%AA-%D7%91%D7%99%D7%AA-%D7%94%D7%93%D7%99%D7%9F-%D7%91%D7%AA%D7%91%D7%99%D7%A2%D7%AA-%D7%92%D7%99%D7%A8%D7%95%D7%A9%D7%99%D7%9F-%D7%9B%D7%A8%D7%95%D7%9B%D7%94-%D7%A9%D7%9C-%D7%90%D7%96%D7%A8%D7%97-%D7%92%D7%9D-%D7%90%D7%9D-%D7%90%D7%99%D7%A0%D7%95-%D7%AA%D7%95%D7%A9%D7%91/,DESKTOP,0,39,0,64.48717948717949
https://jus-tice.co.il/%D7%A1%D7%9E%D7%9B%D7%95%D7%AA-%D7%91%D7%99%D7%AA-%D7%94%D7%93%D7%99%D7%9F-%D7%91%D7%AA%D7%91%D7%99%D7%A2%D7%AA-%D7%92%D7%99%D7%A8%D7%95%D7%A9%D7%99%D7%9F-%D7%9B%D7%A8%D7%95%D7%9B%D7%94-%D7%A9%D7%9C-%D7%90%D7%96%D7%A8%D7%97-%D7%92%D7%9D-%D7%90%D7%9D-%D7%90%D7%99%D7%A0%D7%95-%D7%AA%D7%95%D7%A9%D7%91/,MOBILE,0,4,0,96.5
https://jus-tice.co.il/%D7%A1%D7%9E%D7%9B%D7%95%D7%AA-%D7%94%D7%A2%D7%91%D7%A8%D7%AA-%D7%A7%D7%98%D7%99%D7%A0%D7%95%D7%AA-%D7%9C%D7%9E%D7%A9%D7%9E%D7%95%D7%A8%D7%AA-%D7%90%D7%91-%D7%91%D7%91%D7%99%D7%AA-%D7%93%D7%99%D7%9F-%D7%A8%D7%91%D7%A0%D7%99/,DESKTOP,0,431,0,67.62645011600928
https://jus-tice.co.il/%D7%A1%D7%9E%D7%9B%D7%95%D7%AA-%D7%94%D7%A2%D7%91%D7%A8%D7%AA-%D7%A7%D7%98%D7%99%D7%A0%D7%95%D7%AA-%D7%9C%D7%9E%D7%A9%D7%9E%D7%95%D7%A8%D7%AA-%D7%90%D7%91-%D7%91%D7%91%D7%99%D7%AA-%D7%93%D7%99%D7%9F-%D7%A8%D7%91%D7%A0%D7%99/,MOBILE,0,5,0,30.8
https://jus-tice.co.il/%D7%A1%D7%A2%D7%A963705-06-19-%D7%AA%D7%91%D7%99%D7%A2%D7%94-%D7%91%D7%92%D7%99%D7%9F-%D7%A4%D7%99%D7%A6%D7%95%D7%99%D7%99-%D7%A4%D7%99%D7%98%D7%95%D7%A8%D7%99%D7%9D/,DESKTOP,0,921,0,42.219326818675356
https://jus-tice.co.il/%D7%A1%D7%A2%D7%A963705-06-19-%D7%AA%D7%91%D7%99%D7%A2%D7%94-%D7%91%D7%92%D7%99%D7%9F-%D7%A4%D7%99%D7%A6%D7%95%D7%99%D7%99-%D7%A4%D7%99%D7%98%D7%95%D7%A8%D7%99%D7%9D/,MOBILE,0,135,0,40.87407407407407
https://jus-tice.co.il/%D7%A1%D7%A8%D7%91%D7%A0%D7%95%D7%AA-%D7%A7%D7%A9%D7%A8-%D7%95%D7%A0%D7%99%D7%9B%D7%95%D7%A8-%D7%94%D7%95%D7%A8%D7%99-%D7%A4%D7%A1%D7%93-%D7%A9%D7%9C-%D7%94%D7%A9%D7%95%D7%A4%D7%98-%D7%90%D7%A8%D7%96-%D7%A9%D7%A0%D7%99-%D7%A2%D7%9C-%D7%AA%D7%91%D7%99%D7%A2%D7%AA-%D7%90%D7%91-%D7%9C%D7%97%D7%99%D7%93%D7%95%D7%A9-%D7%A7%D7%A9%D7%A8-%D7%A2%D7%9D-%D7%91%D7%A0%D7%95-%D7%94%D7%A7%D7%98%D7%99%D7%9F/,TABLET,0,8,0,10.5
https://jus-tice.co.il/%D7%A2%D7%90-10403-04-21-%D7%A4%D7%A8%D7%95%D7%99%D7%A7%D7%98-51-%D7%91%D7%A2%D7%9E-%D7%A0-%D7%9E%D7%99%D7%A8%D7%91%D7%95-%D7%A4%D7%A8%D7%95%D7%99%D7%99%D7%A7%D7%98%D7%99%D7%9D-%D7%91%D7%A2%D7%9E/,DESKTOP,0,1843,0,44.96798697775366
https://jus-tice.co.il/%D7%A2%D7%90-10403-04-21-%D7%A4%D7%A8%D7%95%D7%99%D7%A7%D7%98-51-%D7%91%D7%A2%D7%9E-%D7%A0-%D7%9E%D7%99%D7%A8%D7%91%D7%95-%D7%A4%D7%A8%D7%95%D7%99%D7%99%D7%A7%D7%98%D7%99%D7%9D-%D7%91%D7%A2%D7%9E/,MOBILE,0,29,0,70.55172413793103
https://jus-tice.co.il/%D7%A2%D7%90-52301-10-20%D7%93%D7%A8%D7%95%D7%A7%D7%A8-%D7%A0-%D7%90%D7%9C%D7%99%D7%90%D7%A1%D7%99-%D7%95%D7%90%D7%97/,DESKTOP,0,857,0,50.11435239206534
https://jus-tice.co.il/%D7%A2%D7%90-52301-10-20%D7%93%D7%A8%D7%95%D7%A7%D7%A8-%D7%A0-%D7%90%D7%9C%D7%99%D7%90%D7%A1%D7%99-%D7%95%D7%90%D7%97/,MOBILE,0,90,0,78.12222222222222
https://jus-tice.co.il/%D7%A2%D7%90-9598/05-%D7%A4%D7%9C%D7%95%D7%A0%D7%99-%D7%A0-%D7%97%D7%91%D7%A8%D7%AA-%D7%91%D7%99%D7%98%D7%95%D7%97-%D7%94%D7%9E%D7%92%D7%9F-%D7%91%D7%A2%D7%9E/,DESKTOP,0,9,0,81.77777777777777
https://jus-tice.co.il/%D7%A2%D7%90-9598/05-%D7%A4%D7%9C%D7%95%D7%A0%D7%99-%D7%A0-%D7%97%D7%91%D7%A8%D7%AA-%D7%91%D7%99%D7%98%D7%95%D7%97-%D7%94%D7%9E%D7%92%D7%9F-%D7%91%D7%A2%D7%9E/,MOBILE,0,3,0,68
https://jus-tice.co.il/%D7%A2%D7%91%D7%99%D7%A8%D7%95%D7%AA-%D7%9E%D7%99%D7%9F-%D7%91%D7%A7%D7%98%D7%99%D7%A0%D7%94-%D7%91%D7%9E%D7%A8%D7%97%D7%91-%D7%94%D7%95%D7%95%D7%99%D7%A8%D7%98%D7%95%D7%90%D7%9C%D7%99/,DESKTOP,0,100,0,56.71
https://jus-tice.co.il/%D7%A2%D7%91%D7%99%D7%A8%D7%95%D7%AA-%D7%9E%D7%99%D7%9F-%D7%91%D7%A7%D7%98%D7%99%D7%A0%D7%94-%D7%91%D7%9E%D7%A8%D7%97%D7%91-%D7%94%D7%95%D7%95%D7%99%D7%A8%D7%98%D7%95%D7%90%D7%9C%D7%99/,MOBILE,0,6,0,50
https://jus-tice.co.il/%D7%A2%D7%95%D7%93-%D7%92%D7%99%D7%A8%D7%95%D7%A9%D7%99%D7%9F-%D7%9E%D7%95%D7%9E%D7%9C%D7%A5-%D7%9B%D7%99%D7%A6%D7%93-%D7%9C%D7%9E%D7%A6%D7%95%D7%90-%D7%A2%D7%95%D7%A8%D7%9A-%D7%93%D7%99%D7%9F-%D7%92%D7%99%D7%A8%D7%95%D7%A9%D7%99%D7%9F-%D7%95%D7%9B%D7%9E%D7%94-%D7%A2%D7%95%D7%9C%D7%94-%D7%9C%D7%94%D7%AA%D7%92%D7%A8%D7%A9/,DESKTOP,0,8393,0,80.57393065649947
https://jus-tice.co.il/%D7%A2%D7%95%D7%93-%D7%92%D7%99%D7%A8%D7%95%D7%A9%D7%99%D7%9F-%D7%9E%D7%95%D7%9E%D7%9C%D7%A5-%D7%9B%D7%99%D7%A6%D7%93-%D7%9C%D7%9E%D7%A6%D7%95%D7%90-%D7%A2%D7%95%D7%A8%D7%9A-%D7%93%D7%99%D7%9F-%D7%92%D7%99%D7%A8%D7%95%D7%A9%D7%99%D7%9F-%D7%95%D7%9B%D7%9E%D7%94-%D7%A2%D7%95%D7%9C%D7%94-%D7%9C%D7%94%D7%AA%D7%92%D7%A8%D7%A9/,MOBILE,0,4499,0,77.11758168481884
https://jus-tice.co.il/%D7%A2%D7%95%D7%93-%D7%92%D7%99%D7%A8%D7%95%D7%A9%D7%99%D7%9F-%D7%9E%D7%95%D7%9E%D7%9C%D7%A5-%D7%9B%D7%99%D7%A6%D7%93-%D7%9C%D7%9E%D7%A6%D7%95%D7%90-%D7%A2%D7%95%D7%A8%D7%9A-%D7%93%D7%99%D7%9F-%D7%92%D7%99%D7%A8%D7%95%D7%A9%D7%99%D7%9F-%D7%95%D7%9B%D7%9E%D7%94-%D7%A2%D7%95%D7%9C%D7%94-%D7%9C%D7%94%D7%AA%D7%92%D7%A8%D7%A9/,TABLET,0,48,0,71.125
https://jus-tice.co.il/%D7%A2%D7%95%D7%93-%D7%9C%D7%99%D7%99%D7%A6%D7%95%D7%92-%D7%9E%D7%A2%D7%A1%D7%99%D7%A7%D7%99%D7%9D/%D7%98%D7%95%D7%A4%D7%A1-%D7%94%D7%A6%D7%94%D7%A8%D7%94-%D7%9C%D7%A4%D7%99-%D7%A1%D7%A2%D7%99%D7%A3-3%D7%901-%D7%9C%D7%AA%D7%A7%D7%A0%D7%95%D7%AA-%D7%A9%D7%A2%D7%AA-%D7%97%D7%99%D7%A8%D7%95%D7%9D/,DESKTOP,0,180,0,68.52222222222223
https://jus-tice.co.il/%D7%A2%D7%95%D7%93-%D7%9C%D7%99%D7%99%D7%A6%D7%95%D7%92-%D7%9E%D7%A2%D7%A1%D7%99%D7%A7%D7%99%D7%9D/%D7%98%D7%95%D7%A4%D7%A1-%D7%94%D7%A6%D7%94%D7%A8%D7%94-%D7%9C%D7%A4%D7%99-%D7%A1%D7%A2%D7%99%D7%A3-3%D7%901-%D7%9C%D7%AA%D7%A7%D7%A0%D7%95%D7%AA-%D7%A9%D7%A2%D7%AA-%D7%97%D7%99%D7%A8%D7%95%D7%9D/,MOBILE,0,2,0,60.5
https://jus-tice.co.il/%D7%A2%D7%95%D7%A0%D7%A9-%D7%A4%D7%9C%D7%99%D7%9C%D7%99-%D7%9C%D7%A0%D7%90%D7%A9%D7%9D-%D7%91%D7%90%D7%99%D7%A0%D7%95%D7%A1-%D7%95%D7%9E%D7%A2%D7%A9%D7%94-%D7%A1%D7%93%D7%95%D7%9D-%D7%91%D7%A7%D7%98%D7%99%D7%A0%D7%94/,TABLET,0,3,0,38
https://jus-tice.co.il/%D7%A2%D7%95%D7%A0%D7%A9-%D7%A4%D7%9C%D7%99%D7%9C%D7%99-%D7%A0%D7%90%D7%A9%D7%9D-%D7%91%D7%A8%D7%A6%D7%97-%D7%90%D7%99%D7%A9%D7%94-%D7%91%D7%A0%D7%AA%D7%A0%D7%99%D7%94-%D7%AA%D7%A4%D7%97-4710-11-18/,DESKTOP,0,363,0,57.82093663911846
https://jus-tice.co.il/%D7%A2%D7%95%D7%A0%D7%A9-%D7%A4%D7%9C%D7%99%D7%9C%D7%99-%D7%A0%D7%90%D7%A9%D7%9D-%D7%91%D7%A8%D7%A6%D7%97-%D7%90%D7%99%D7%A9%D7%94-%D7%91%D7%A0%D7%AA%D7%A0%D7%99%D7%94-%D7%AA%D7%A4%D7%97-4710-11-18/,MOBILE,0,5,0,60.6
https://jus-tice.co.il/%D7%A2%D7%95%D7%A0%D7%A9-%D7%A4%D7%9C%D7%99%D7%9C%D7%99-%D7%A2%D7%9C-%D7%94%D7%A4%D7%A6%D7%AA-%D7%AA%D7%9B%D7%A0%D7%99%D7%9D-%D7%9E%D7%99%D7%A0%D7%99%D7%99%D7%9D-%D7%91%D7%98%D7%9C%D7%92%D7%A8%D7%9D-%D7%92%D7%96%D7%A8-%D7%93%D7%99%D7%9F/,DESKTOP,0,617,0,62.25607779578606
https://jus-tice.co.il/%D7%A2%D7%95%D7%A0%D7%A9-%D7%A4%D7%9C%D7%99%D7%9C%D7%99-%D7%A2%D7%9C-%D7%94%D7%A4%D7%A6%D7%AA-%D7%AA%D7%9B%D7%A0%D7%99%D7%9D-%D7%9E%D7%99%D7%A0%D7%99%D7%99%D7%9D-%D7%91%D7%98%D7%9C%D7%92%D7%A8%D7%9D-%D7%92%D7%96%D7%A8-%D7%93%D7%99%D7%9F/,MOBILE,0,479,0,32.59707724425887
https://jus-tice.co.il/%D7%A2%D7%95%D7%A0%D7%A9-%D7%A4%D7%9C%D7%99%D7%9C%D7%99-%D7%A2%D7%9C-%D7%94%D7%A4%D7%A6%D7%AA-%D7%AA%D7%9B%D7%A0%D7%99%D7%9D-%D7%9E%D7%99%D7%A0%D7%99%D7%99%D7%9D-%D7%91%D7%98%D7%9C%D7%92%D7%A8%D7%9D-%D7%92%D7%96%D7%A8-%D7%93%D7%99%D7%9F/,TABLET,0,6,0,29.5
https://jus-tice.co.il/%D7%A2%D7%95%D7%A0%D7%A9-%D7%A4%D7%9C%D7%99%D7%9C%D7%99-%D7%AA%D7%A7%D7%99%D7%A4%D7%AA-%D7%91%D7%AA-%D7%96%D7%95%D7%92-%D7%95%D7%A2%D7%91%D7%99%D7%A8%D7%95%D7%AA-%D7%90%D7%99%D7%95%D7%9E%D7%99%D7%9D/,DESKTOP,0,3258,0,51.07335788827501
https://jus-tice.co.il/%D7%A2%D7%95%D7%A0%D7%A9-%D7%A4%D7%9C%D7%99%D7%9C%D7%99-%D7%AA%D7%A7%D7%99%D7%A4%D7%AA-%D7%91%D7%AA-%D7%96%D7%95%D7%92-%D7%95%D7%A2%D7%91%D7%99%D7%A8%D7%95%D7%AA-%D7%90%D7%99%D7%95%D7%9E%D7%99%D7%9D/,MOBILE,0,145,0,61.89655172413793
https://jus-tice.co.il/%D7%A2%D7%95%D7%A8%D7%9A-%D7%93%D7%99%D7%9F-%D7%90%D7%99%D7%A0%D7%98%D7%A8%D7%A4%D7%95%D7%9C/,DESKTOP,0,873,0,29.79954180985109
https://jus-tice.co.il/%D7%A2%D7%95%D7%A8%D7%9A-%D7%93%D7%99%D7%9F-%D7%90%D7%99%D7%A0%D7%98%D7%A8%D7%A4%D7%95%D7%9C/,MOBILE,0,57,0,21.54385964912281
https://jus-tice.co.il/%D7%A2%D7%95%D7%A8%D7%9A-%D7%93%D7%99%D7%9F-%D7%93%D7%95%D7%91%D7%A8-%D7%A6%D7%A8%D7%A4%D7%AA%D7%99%D7%AA-%D7%A0%D7%93%D7%9C%D7%9F-%D7%91%D7%99%D7%A9%D7%A8%D7%90%D7%9C/,DESKTOP,0,13,0,70.23076923076923
https://jus-tice.co.il/%D7%A2%D7%95%D7%A8%D7%9A-%D7%93%D7%99%D7%9F-%D7%99%D7%95%D7%A8%D7%95%D7%A4%D7%95%D7%9C/,DESKTOP,0,549,0,12.967213114754099
https://jus-tice.co.il/%D7%A2%D7%95%D7%A8%D7%9A-%D7%93%D7%99%D7%9F-%D7%99%D7%95%D7%A8%D7%95%D7%A4%D7%95%D7%9C/,TABLET,0,1,0,9
https://jus-tice.co.il/%D7%A2%D7%95%D7%A8%D7%9A-%D7%93%D7%99%D7%9F-%D7%9C%D7%A2%D7%A0%D7%99%D7%99%D7%A0%D7%99-%D7%92%D7%99%D7%A8%D7%95%D7%A9%D7%99%D7%9F/,DESKTOP,0,10,0,69.4
https://jus-tice.co.il/%D7%A2%D7%95%D7%A8%D7%9A-%D7%93%D7%99%D7%9F-%D7%9C%D7%A2%D7%A0%D7%99%D7%99%D7%A0%D7%99-%D7%92%D7%99%D7%A8%D7%95%D7%A9%D7%99%D7%9F/,MOBILE,0,4,0,72.25
https://jus-tice.co.il/%D7%A2%D7%95%D7%A8%D7%9A-%D7%93%D7%99%D7%9F-%D7%9E%D7%95%D7%9E%D7%9C%D7%A5-%D7%9E%D7%94%D7%99-%D7%A8%D7%A9%D7%9C%D7%A0%D7%95%D7%AA-%D7%A2%D7%95%D7%95%D7%9C%D7%AA-%D7%94%D7%A8%D7%A9%D7%9C%D7%A0%D7%95%D7%AA/,TABLET,0,2,0,7.5
https://jus-tice.co.il/%D7%A2%D7%95%D7%A8%D7%9A-%D7%93%D7%99%D7%9F-%D7%9E%D7%A9%D7%A4%D7%98-%D7%91%D7%99%D7%A0%D7%9C%D7%90%D7%95%D7%9E%D7%99/,DESKTOP,0,6361,0,26.600377299166798
https://jus-tice.co.il/%D7%A2%D7%95%D7%A8%D7%9A-%D7%93%D7%99%D7%9F-%D7%9E%D7%A9%D7%A4%D7%98-%D7%91%D7%99%D7%A0%D7%9C%D7%90%D7%95%D7%9E%D7%99/,MOBILE,0,291,0,27.945017182130584
https://jus-tice.co.il/%D7%A2%D7%95%D7%A8%D7%9A-%D7%93%D7%99%D7%9F-%D7%9E%D7%A9%D7%A4%D7%98-%D7%91%D7%99%D7%A0%D7%9C%D7%90%D7%95%D7%9E%D7%99/,TABLET,0,6,0,26
https://jus-tice.co.il/%D7%A2%D7%95%D7%A8%D7%9A-%D7%93%D7%99%D7%9F-%D7%A4%D7%95%D7%A8%D7%A7%D7%A1-forex/,MOBILE,0,980,0,34.71632653061224
https://jus-tice.co.il/%D7%A2%D7%95%D7%A8%D7%9A-%D7%93%D7%99%D7%9F-%D7%A4%D7%95%D7%A8%D7%A7%D7%A1-forex/,TABLET,0,1,0,95
https://jus-tice.co.il/%D7%A2%D7%95%D7%A8%D7%9A-%D7%93%D7%99%D7%9F-%D7%A4%D7%9C%D7%99%D7%9C%D7%99-%D7%90%D7%99%D7%A8%D7%95%D7%A4%D7%94-%D7%94%D7%92%D7%A0%D7%94-%D7%A4%D7%9C%D7%99%D7%9C%D7%99%D7%AA-%D7%99%D7%A2%D7%99%D7%9C%D7%94-%D7%9E%D7%96%D7%A8%D7%97-%D7%90%D7%99%D7%A8%D7%95%D7%A4%D7%94/,DESKTOP,0,850,0,57.19294117647059
https://jus-tice.co.il/%D7%A2%D7%95%D7%A8%D7%9A-%D7%93%D7%99%D7%9F-%D7%A4%D7%9C%D7%99%D7%9C%D7%99-%D7%90%D7%99%D7%A8%D7%95%D7%A4%D7%94-%D7%94%D7%92%D7%A0%D7%94-%D7%A4%D7%9C%D7%99%D7%9C%D7%99%D7%AA-%D7%99%D7%A2%D7%99%D7%9C%D7%94-%D7%9E%D7%96%D7%A8%D7%97-%D7%90%D7%99%D7%A8%D7%95%D7%A4%D7%94/,MOBILE,0,29,0,51.206896551724135
https://jus-tice.co.il/%D7%A2%D7%95%D7%A8%D7%9A-%D7%93%D7%99%D7%9F-%D7%A4%D7%9C%D7%99%D7%9C%D7%99-%D7%91%D7%AA%D7%9C-%D7%90%D7%91%D7%99%D7%91-%D7%A2%D7%95%D7%93-%D7%A4%D7%9C%D7%99%D7%9C%D7%99-%D7%9E%D7%95%D7%9E%D7%9C%D7%A5-%D7%91%D7%AA%D7%90-%D7%95%D7%94%D7%9E%D7%A8%D7%9B%D7%96/,DESKTOP,0,6045,0,71.80347394540942
https://jus-tice.co.il/%D7%A2%D7%95%D7%A8%D7%9A-%D7%93%D7%99%D7%9F-%D7%A4%D7%9C%D7%99%D7%9C%D7%99-%D7%91%D7%AA%D7%9C-%D7%90%D7%91%D7%99%D7%91-%D7%A2%D7%95%D7%93-%D7%A4%D7%9C%D7%99%D7%9C%D7%99-%D7%9E%D7%95%D7%9E%D7%9C%D7%A5-%D7%91%D7%AA%D7%90-%D7%95%D7%94%D7%9E%D7%A8%D7%9B%D7%96/,MOBILE,0,500,0,71.498
https://jus-tice.co.il/%D7%A2%D7%95%D7%A8%D7%9A-%D7%93%D7%99%D7%9F-%D7%A4%D7%9C%D7%99%D7%9C%D7%99-%D7%91%D7%AA%D7%9C-%D7%90%D7%91%D7%99%D7%91-%D7%A2%D7%95%D7%93-%D7%A4%D7%9C%D7%99%D7%9C%D7%99-%D7%9E%D7%95%D7%9E%D7%9C%D7%A5-%D7%91%D7%AA%D7%90-%D7%95%D7%94%D7%9E%D7%A8%D7%9B%D7%96/,TABLET,0,3,0,37
https://jus-tice.co.il/%D7%A2%D7%95%D7%A8%D7%9A-%D7%93%D7%99%D7%9F-%D7%A4%D7%9C%D7%99%D7%9C%D7%99-%D7%94%D7%9B%D7%99-%D7%98%D7%95%D7%91-%D7%91%D7%90%D7%A8%D7%A5/,MOBILE,0,1137,0,43.48372911169745
https://jus-tice.co.il/%D7%A2%D7%95%D7%A8%D7%9A-%D7%93%D7%99%D7%9F-%D7%A4%D7%9C%D7%99%D7%9C%D7%99-%D7%94%D7%9B%D7%99-%D7%98%D7%95%D7%91-%D7%91%D7%90%D7%A8%D7%A5/,TABLET,0,2,0,66
https://jus-tice.co.il/%D7%A2%D7%95%D7%A8%D7%9A-%D7%93%D7%99%D7%9F-%D7%A4%D7%9C%D7%99%D7%9C%D7%99-%D7%99%D7%95%D7%A6%D7%90-%D7%A4%D7%A8%D7%A7%D7%9C%D7%99%D7%98%D7%95%D7%AA-%D7%94%D7%9E%D7%9C%D7%A6%D7%95%D7%AA-%D7%A2%D7%95%D7%93-%D7%A4%D7%9C%D7%99%D7%9C%D7%99-%D7%AA%D7%91%D7%99%D7%A2%D7%95%D7%AA/,MOBILE,0,84,0,27.571428571428573
https://jus-tice.co.il/%D7%A2%D7%95%D7%A8%D7%9A-%D7%93%D7%99%D7%9F-%D7%A4%D7%9C%D7%99%D7%9C%D7%99-%D7%9E%D7%A4%D7%95%D7%A8%D7%A1%D7%9D-%D7%A2%D7%95%D7%93-%D7%A4%D7%9C%D7%99%D7%9C%D7%99-%D7%9E%D7%A4%D7%95%D7%A8%D7%A1%D7%9D-%D7%91%D7%99%D7%A9%D7%A8%D7%90%D7%9C/,TABLET,0,8,0,72.75
https://jus-tice.co.il/%D7%A2%D7%95%D7%A8%D7%9A-%D7%93%D7%99%D7%9F-%D7%A4%D7%9C%D7%99%D7%9C%D7%99-%D7%A1%D7%9E%D7%99%D7%9D-%D7%94%D7%9E%D7%9C%D7%A6%D7%95%D7%AA-%D7%A2%D7%95%D7%93-%D7%A4%D7%9C%D7%99%D7%9C%D7%99-%D7%9C%D7%A2%D7%91%D7%99%D7%A8%D7%95%D7%AA-%D7%A1%D7%9E%D7%99%D7%9D/,DESKTOP,0,6463,0,50.990406931765435
https://jus-tice.co.il/%D7%A2%D7%95%D7%A8%D7%9A-%D7%93%D7%99%D7%9F-%D7%A4%D7%9C%D7%99%D7%9C%D7%99-%D7%A1%D7%9E%D7%99%D7%9D-%D7%94%D7%9E%D7%9C%D7%A6%D7%95%D7%AA-%D7%A2%D7%95%D7%93-%D7%A4%D7%9C%D7%99%D7%9C%D7%99-%D7%9C%D7%A2%D7%91%D7%99%D7%A8%D7%95%D7%AA-%D7%A1%D7%9E%D7%99%D7%9D/,MOBILE,0,311,0,59.47266881028939
https://jus-tice.co.il/%D7%A2%D7%95%D7%A8%D7%9A-%D7%93%D7%99%D7%9F-%D7%A4%D7%9C%D7%99%D7%9C%D7%99-%D7%A1%D7%9E%D7%99%D7%9D-%D7%94%D7%9E%D7%9C%D7%A6%D7%95%D7%AA-%D7%A2%D7%95%D7%93-%D7%A4%D7%9C%D7%99%D7%9C%D7%99-%D7%9C%D7%A2%D7%91%D7%99%D7%A8%D7%95%D7%AA-%D7%A1%D7%9E%D7%99%D7%9D/,TABLET,0,3,0,79
https://jus-tice.co.il/%D7%A2%D7%95%D7%A8%D7%9A-%D7%93%D7%99%D7%9F-%D7%A4%D7%9C%D7%99%D7%9C%D7%99-%D7%A1%D7%A8%D7%99-%D7%9C%D7%A0%D7%A7%D7%94-%D7%99%D7%99%D7%A6%D7%95%D7%92-%D7%A2%D7%95%D7%A8%D7%9A-%D7%93%D7%99%D7%9F-%D7%91%D7%A1%D7%A8%D7%99-%D7%9C%D7%A0%D7%A7%D7%94/,DESKTOP,0,84,0,56.773809523809526
https://jus-tice.co.il/%D7%A2%D7%95%D7%A8%D7%9A-%D7%93%D7%99%D7%9F-%D7%A4%D7%9C%D7%99%D7%9C%D7%99-%D7%A1%D7%A8%D7%99-%D7%9C%D7%A0%D7%A7%D7%94-%D7%99%D7%99%D7%A6%D7%95%D7%92-%D7%A2%D7%95%D7%A8%D7%9A-%D7%93%D7%99%D7%9F-%D7%91%D7%A1%D7%A8%D7%99-%D7%9C%D7%A0%D7%A7%D7%94/,MOBILE,0,3,0,29.333333333333332
https://jus-tice.co.il/%D7%A2%D7%95%D7%A8%D7%9A-%D7%93%D7%99%D7%9F-%D7%A4%D7%9C%D7%99%D7%9C%D7%99-%D7%A9%D7%9B%D7%A8-%D7%9B%D7%9E%D7%94-%D7%9E%D7%A8%D7%95%D7%95%D7%99%D7%97-%D7%A2%D7%95%D7%93-%D7%A4%D7%9C%D7%99%D7%9C%D7%99-%D7%91%D7%99%D7%A9%D7%A8%D7%90%D7%9C/,TABLET,0,5,0,8.8
https://jus-tice.co.il/%D7%A2%D7%95%D7%A8%D7%9A-%D7%93%D7%99%D7%9F-%D7%A4%D7%9C%D7%99%D7%9C%D7%99-%D7%AA%D7%95%D7%AA%D7%97/,TABLET,0,3,0,61
https://jus-tice.co.il/%D7%A2%D7%95%D7%A8%D7%9A-%D7%93%D7%99%D7%9F-%D7%A6%D7%91%D7%90%D7%99/,TABLET,0,1,0,21
https://jus-tice.co.il/%D7%A2%D7%95%D7%A8%D7%9A-%D7%93%D7%99%D7%9F-%D7%A6%D7%95%D7%95%D7%90%D7%95%D7%AA-%D7%95%D7%99%D7%A8%D7%95%D7%A9%D7%95%D7%AA/,DESKTOP,0,313,0,50.60702875399361
https://jus-tice.co.il/%D7%A2%D7%95%D7%A8%D7%9A-%D7%93%D7%99%D7%9F-%D7%A6%D7%95%D7%95%D7%90%D7%95%D7%AA-%D7%95%D7%99%D7%A8%D7%95%D7%A9%D7%95%D7%AA/,MOBILE,0,7,0,31.142857142857142
https://jus-tice.co.il/%D7%A2%D7%95%D7%A8%D7%9A-%D7%93%D7%99%D7%9F-%D7%A8%D7%99%D7%A9%D7%95%D7%99-%D7%A2%D7%A1%D7%A7%D7%99%D7%9D/,DESKTOP,0,2085,0,48.562589928057555
https://jus-tice.co.il/%D7%A2%D7%95%D7%A8%D7%9A-%D7%93%D7%99%D7%9F-%D7%A8%D7%99%D7%A9%D7%95%D7%99-%D7%A2%D7%A1%D7%A7%D7%99%D7%9D/,MOBILE,0,182,0,49.29120879120879
https://jus-tice.co.il/%D7%A2%D7%95%D7%A8%D7%9A-%D7%93%D7%99%D7%9F-%D7%A8%D7%99%D7%A9%D7%95%D7%99-%D7%A2%D7%A1%D7%A7%D7%99%D7%9D/,TABLET,0,6,0,93.66666666666667
https://jus-tice.co.il/%D7%A2%D7%95%D7%A8%D7%9A-%D7%93%D7%99%D7%9F-%D7%A8%D7%A9%D7%9C%D7%A0%D7%95%D7%AA-%D7%91%D7%A0%D7%99%D7%AA%D7%95%D7%97-%D7%A4%D7%9C%D7%A1%D7%98%D7%99-%D7%94%D7%9E%D7%9C%D7%A6%D7%95%D7%AA-%D7%A2%D7%95%D7%93-%D7%A8%D7%A9%D7%9C%D7%A0%D7%95%D7%AA-%D7%A0%D7%99%D7%AA%D7%95%D7%97-%D7%A4%D7%9C%D7%A1%D7%98%D7%99/,DESKTOP,0,2062,0,72.11154219204656
https://jus-tice.co.il/%D7%A2%D7%95%D7%A8%D7%9A-%D7%93%D7%99%D7%9F-%D7%A8%D7%A9%D7%9C%D7%A0%D7%95%D7%AA-%D7%91%D7%A0%D7%99%D7%AA%D7%95%D7%97-%D7%A4%D7%9C%D7%A1%D7%98%D7%99-%D7%94%D7%9E%D7%9C%D7%A6%D7%95%D7%AA-%D7%A2%D7%95%D7%93-%D7%A8%D7%A9%D7%9C%D7%A0%D7%95%D7%AA-%D7%A0%D7%99%D7%AA%D7%95%D7%97-%D7%A4%D7%9C%D7%A1%D7%98%D7%99/,MOBILE,0,225,0,84.85333333333334
https://jus-tice.co.il/%D7%A2%D7%95%D7%A8%D7%9A-%D7%93%D7%99%D7%9F-%D7%A8%D7%A9%D7%9C%D7%A0%D7%95%D7%AA-%D7%91%D7%A0%D7%99%D7%AA%D7%95%D7%97-%D7%A4%D7%9C%D7%A1%D7%98%D7%99-%D7%94%D7%9E%D7%9C%D7%A6%D7%95%D7%AA-%D7%A2%D7%95%D7%93-%D7%A8%D7%A9%D7%9C%D7%A0%D7%95%D7%AA-%D7%A0%D7%99%D7%AA%D7%95%D7%97-%D7%A4%D7%9C%D7%A1%D7%98%D7%99/,TABLET,0,1,0,96
https://jus-tice.co.il/%D7%A2%D7%95%D7%A8%D7%9A-%D7%93%D7%99%D7%9F-%D7%A8%D7%A9%D7%9C%D7%A0%D7%95%D7%AA-%D7%A8%D7%A4%D7%95%D7%90%D7%99%D7%AA-%D7%91%D7%9C%D7%99%D7%93%D7%94-%D7%9E%D7%95%D7%9E%D7%9C%D7%A5/,DESKTOP,0,22051,0,60.97201940955059
https://jus-tice.co.il/%D7%A2%D7%95%D7%A8%D7%9A-%D7%93%D7%99%D7%9F-%D7%A8%D7%A9%D7%9C%D7%A0%D7%95%D7%AA-%D7%A8%D7%A4%D7%95%D7%90%D7%99%D7%AA-%D7%91%D7%9C%D7%99%D7%93%D7%94-%D7%9E%D7%95%D7%9E%D7%9C%D7%A5/,MOBILE,0,4387,0,63.38522908593572
https://jus-tice.co.il/%D7%A2%D7%95%D7%A8%D7%9A-%D7%93%D7%99%D7%9F-%D7%A8%D7%A9%D7%9C%D7%A0%D7%95%D7%AA-%D7%A8%D7%A4%D7%95%D7%90%D7%99%D7%AA-%D7%91%D7%9C%D7%99%D7%93%D7%94-%D7%9E%D7%95%D7%9E%D7%9C%D7%A5/,TABLET,0,3,0,72.66666666666667
https://jus-tice.co.il/%D7%A2%D7%95%D7%A8%D7%9A-%D7%93%D7%99%D7%9F-%D7%AA%D7%90%D7%99%D7%9C%D7%93/,DESKTOP,0,1,0,3
https://jus-tice.co.il/%D7%A2%D7%95%D7%A8%D7%9A-%D7%93%D7%99%D7%9F-%D7%AA%D7%90%D7%99%D7%9C%D7%A0%D7%93/,DESKTOP,0,864,0,12.104166666666666
https://jus-tice.co.il/%D7%A2%D7%95%D7%A8%D7%9A-%D7%93%D7%99%D7%9F-%D7%AA%D7%90%D7%99%D7%9C%D7%A0%D7%93/,TABLET,0,2,0,5
https://jus-tice.co.il/%D7%A2%D7%95%D7%A8%D7%9B%D7%99-%D7%93%D7%99%D7%9F-%D7%9E%D7%95%D7%91%D7%99%D7%9C%D7%99%D7%9D-%D7%91%D7%AA%D7%97%D7%95%D7%9D-%D7%A8%D7%A9%D7%9C%D7%A0%D7%95%D7%AA-%D7%A8%D7%A4%D7%95%D7%90%D7%99%D7%AA-%D7%91%D7%A2%D7%95%D7%9C%D7%9D/,DESKTOP,0,14638,0,65.70583413034568
https://jus-tice.co.il/%D7%A2%D7%95%D7%A8%D7%9B%D7%99-%D7%93%D7%99%D7%9F-%D7%9E%D7%95%D7%91%D7%99%D7%9C%D7%99%D7%9D-%D7%91%D7%AA%D7%97%D7%95%D7%9D-%D7%A8%D7%A9%D7%9C%D7%A0%D7%95%D7%AA-%D7%A8%D7%A4%D7%95%D7%90%D7%99%D7%AA-%D7%91%D7%A2%D7%95%D7%9C%D7%9D/,MOBILE,0,1328,0,65.86746987951807
https://jus-tice.co.il/%D7%A2%D7%95%D7%A8%D7%9B%D7%99-%D7%93%D7%99%D7%9F-%D7%9E%D7%95%D7%91%D7%99%D7%9C%D7%99%D7%9D-%D7%91%D7%AA%D7%97%D7%95%D7%9D-%D7%A8%D7%A9%D7%9C%D7%A0%D7%95%D7%AA-%D7%A8%D7%A4%D7%95%D7%90%D7%99%D7%AA-%D7%91%D7%A2%D7%95%D7%9C%D7%9D/,TABLET,0,2,0,73.5
https://jus-tice.co.il/%D7%A2%D7%95%D7%A8%D7%9B%D7%99-%D7%93%D7%99%D7%9F-%D7%A4%D7%9C%D7%99%D7%9C%D7%99%D7%99%D7%9D-%D7%9E%D7%A4%D7%95%D7%A8%D7%A1%D7%9E%D7%99%D7%9D-%D7%91%D7%9E%D7%93%D7%99%D7%94-%D7%A1%D7%A8%D7%98%D7%99%D7%9D-%D7%95%D7%98%D7%9C%D7%95%D7%95%D7%99%D7%96%D7%99%D7%94/,DESKTOP,0,1588,0,66.36964735516372
https://jus-tice.co.il/%D7%A2%D7%95%D7%A8%D7%9B%D7%99-%D7%93%D7%99%D7%9F-%D7%A4%D7%9C%D7%99%D7%9C%D7%99%D7%99%D7%9D-%D7%9E%D7%A4%D7%95%D7%A8%D7%A1%D7%9E%D7%99%D7%9D-%D7%91%D7%9E%D7%93%D7%99%D7%94-%D7%A1%D7%A8%D7%98%D7%99%D7%9D-%D7%95%D7%98%D7%9C%D7%95%D7%95%D7%99%D7%96%D7%99%D7%94/,MOBILE,0,63,0,63.333333333333336
https://jus-tice.co.il/%D7%A2%D7%95%D7%A8%D7%9B%D7%99-%D7%93%D7%99%D7%9F/,DESKTOP,0,14,0,23
https://jus-tice.co.il/%D7%A2%D7%95%D7%A8%D7%9B%D7%99-%D7%93%D7%99%D7%9F/,MOBILE,0,4,0,1.25
https://jus-tice.co.il/%D7%A2%D7%95%D7%A8%D7%9B%D7%99-%D7%93%D7%99%D7%9F/%D7%A2%D7%95%D7%93-%D7%92%D7%99%D7%90-%D7%A4%D7%A8%D7%A5/,DESKTOP,0,88,0,42.13636363636363
https://jus-tice.co.il/%D7%A2%D7%95%D7%A8%D7%9B%D7%99-%D7%93%D7%99%D7%9F/%D7%A2%D7%95%D7%93-%D7%93%D7%A0%D7%99%D7%90%D7%9C-%D7%90%D7%A9%D7%9B%D7%A0%D7%96%D7%99/,DESKTOP,0,5,0,13.4
https://jus-tice.co.il/%D7%A2%D7%95%D7%A8%D7%9B%D7%99-%D7%93%D7%99%D7%9F/%D7%A2%D7%95%D7%93-%D7%93%D7%A0%D7%99%D7%90%D7%9C-%D7%90%D7%A9%D7%9B%D7%A0%D7%96%D7%99/,MOBILE,0,21,0,8.619047619047619
https://jus-tice.co.il/%D7%A2%D7%95%D7%A8%D7%9B%D7%99-%D7%93%D7%99%D7%9F/%D7%A2%D7%95%D7%93-%D7%99%D7%95%D7%A1%D7%99-%D7%9C%D7%95%D7%99/,DESKTOP,0,45,0,9.6
https://jus-tice.co.il/%D7%A2%D7%95%D7%A8%D7%9B%D7%99-%D7%93%D7%99%D7%9F/%D7%A2%D7%95%D7%93-%D7%99%D7%95%D7%A1%D7%99-%D7%9C%D7%95%D7%99/,MOBILE,0,7,0,20.571428571428573
https://jus-tice.co.il/%D7%A2%D7%95%D7%A8%D7%9B%D7%99-%D7%93%D7%99%D7%9F/%D7%A2%D7%95%D7%93-%D7%9E%D7%A8%D7%99%D7%9D-%D7%9B%D7%94%D7%9F/,DESKTOP,0,5,0,55.4
https://jus-tice.co.il/%D7%A2%D7%95%D7%A8%D7%9B%D7%99-%D7%93%D7%99%D7%9F/%D7%A2%D7%95%D7%93-%D7%9E%D7%A8%D7%99%D7%9D-%D7%9B%D7%94%D7%9F/,MOBILE,0,2,0,52.5
https://jus-tice.co.il/%D7%A2%D7%95%D7%A8%D7%9B%D7%99-%D7%93%D7%99%D7%9F/%D7%A2%D7%95%D7%A8%D7%9B%D7%99-%D7%93%D7%99%D7%9F-%D7%91%D7%AA%D7%97%D7%95%D7%9D-%D7%94%D7%A0%D7%96%D7%99%D7%A7%D7%99%D7%9F/,DESKTOP,0,899,0,76.6384872080089
https://jus-tice.co.il/%D7%A2%D7%95%D7%A8%D7%9B%D7%99-%D7%93%D7%99%D7%9F/%D7%A2%D7%95%D7%A8%D7%9B%D7%99-%D7%93%D7%99%D7%9F-%D7%91%D7%AA%D7%97%D7%95%D7%9D-%D7%94%D7%A0%D7%96%D7%99%D7%A7%D7%99%D7%9F/,MOBILE,0,142,0,82.45070422535211
https://jus-tice.co.il/%D7%A2%D7%95%D7%A8%D7%9B%D7%99-%D7%93%D7%99%D7%9F/%D7%A2%D7%95%D7%A8%D7%9B%D7%99-%D7%94%D7%93%D7%99%D7%9F-%D7%94%D7%9E%D7%A4%D7%95%D7%A8%D7%A1%D7%9E%D7%99%D7%9D-%D7%91%D7%99%D7%95%D7%AA%D7%A8-%D7%9C%D7%94%D7%92%D7%A0%D7%94-%D7%A4%D7%9C%D7%99%D7%9C/,TABLET,0,10,0,19.2
https://jus-tice.co.il/%D7%A2%D7%95%D7%A8%D7%9B%D7%99-%D7%93%D7%99%D7%9F/%D7%A2%D7%95%D7%A8%D7%9B%D7%AA-%D7%93%D7%99%D7%9F-%D7%9E%D7%90%D7%99%D7%94-%D7%A8%D7%95%D7%98%D7%A0%D7%91%D7%A8%D7%92,DESKTOP,0,4033,0,36.12348127944458
https://jus-tice.co.il/%D7%A2%D7%95%D7%A8%D7%9B%D7%99-%D7%93%D7%99%D7%9F/%D7%A2%D7%95%D7%A8%D7%9B%D7%AA-%D7%93%D7%99%D7%9F-%D7%9E%D7%90%D7%99%D7%94-%D7%A8%D7%95%D7%98%D7%A0%D7%91%D7%A8%D7%92,MOBILE,0,1019,0,46.25711481844946
https://jus-tice.co.il/%D7%A2%D7%95%D7%A8%D7%9B%D7%99-%D7%93%D7%99%D7%9F/%D7%A2%D7%95%D7%A8%D7%9B%D7%AA-%D7%93%D7%99%D7%9F-%D7%9E%D7%90%D7%99%D7%94-%D7%A8%D7%95%D7%98%D7%A0%D7%91%D7%A8%D7%92/,TABLET,0,107,0,51.271028037383175
https://jus-tice.co.il/%D7%A2%D7%95%D7%A8%D7%9B%D7%99-%D7%93%D7%99%D7%9F/10-%D7%94%D7%98%D7%99%D7%A4%D7%99%D7%9D-%D7%94%D7%98%D7%95%D7%91%D7%99%D7%9D-%D7%91%D7%99%D7%95%D7%AA%D7%A8-%D7%9C%D7%A9%D7%9B%D7%99%D7%A8%D7%AA-%D7%A2%D7%95%D7%A8%D7%9A-%D7%93%D7%99%D7%9F/,DESKTOP,0,218,0,70.29816513761467
https://jus-tice.co.il/%D7%A2%D7%95%D7%A8%D7%9B%D7%99-%D7%93%D7%99%D7%9F/10-%D7%94%D7%98%D7%99%D7%A4%D7%99%D7%9D-%D7%94%D7%98%D7%95%D7%91%D7%99%D7%9D-%D7%91%D7%99%D7%95%D7%AA%D7%A8-%D7%9C%D7%A9%D7%9B%D7%99%D7%A8%D7%AA-%D7%A2%D7%95%D7%A8%D7%9A-%D7%93%D7%99%D7%9F/,MOBILE,0,22,0,69.5
https://jus-tice.co.il/%D7%A2%D7%95%D7%A8%D7%9B%D7%AA-%D7%93%D7%99%D7%9F-%D7%92%D7%90%D7%A1%D7%98%D7%99%D7%A1-%D7%99%D7%A9%D7%A8%D7%90%D7%9C/,MOBILE,0,5,0,1.4
https://jus-tice.co.il/%D7%A2%D7%95%D7%A8%D7%9B%D7%AA-%D7%93%D7%99%D7%9F-%D7%92%D7%90%D7%A1%D7%98%D7%99%D7%A1-%D7%99%D7%A9%D7%A8%D7%90%D7%9C/,TABLET,0,1,0,1
https://jus-tice.co.il/%D7%A2%D7%9E%D7%93%D7%AA-%D7%A0%D7%A4%D7%92%D7%A2-%D7%A2%D7%91%D7%99%D7%A8%D7%94-%D7%9C%D7%95%D7%A2%D7%93%D7%AA-%D7%A9%D7%97%D7%A8%D7%95%D7%A8%D7%99%D7%9D-%D7%9C%D7%A4%D7%99-%D7%97%D7%95%D7%A7-%D7%96%D7%9B%D7%95%D7%99%D7%95%D7%AA-%D7%A0%D7%A4%D7%92%D7%A2%D7%99-%D7%A2%D7%91%D7%99%D7%A8%D7%94/,DESKTOP,0,449,0,64.07349665924276
https://jus-tice.co.il/%D7%A2%D7%9E%D7%93%D7%AA-%D7%A0%D7%A4%D7%92%D7%A2-%D7%A2%D7%91%D7%99%D7%A8%D7%94-%D7%9C%D7%95%D7%A2%D7%93%D7%AA-%D7%A9%D7%97%D7%A8%D7%95%D7%A8%D7%99%D7%9D-%D7%9C%D7%A4%D7%99-%D7%97%D7%95%D7%A7-%D7%96%D7%9B%D7%95%D7%99%D7%95%D7%AA-%D7%A0%D7%A4%D7%92%D7%A2%D7%99-%D7%A2%D7%91%D7%99%D7%A8%D7%94/,MOBILE,0,5,0,54.6
https://jus-tice.co.il/%D7%A2%D7%9E%D7%A9-61566-03-22/,DESKTOP,0,69,0,41.608695652173914
https://jus-tice.co.il/%D7%A2%D7%9E%D7%A9-61566-03-22/,MOBILE,0,5,0,29.4
https://jus-tice.co.il/%D7%A2%D7%9E%D7%AA20794-07-22%D7%9E%D7%93%D7%99%D7%A0%D7%AA-%D7%99%D7%A9%D7%A8%D7%90%D7%9C-%D7%A0-%D7%AA%D7%9E%D7%9D%D7%A2%D7%A6%D7%99%D7%A8/,TABLET,0,2,0,6
https://jus-tice.co.il/%D7%A2%D7%9E-2007929-%D7%92%D7%90%D7%A0%D7%9D-%D7%A0-%D7%9E%D7%9E%D7%95%D7%A0%D7%94-%D7%90%D7%96%D7%95%D7%A8%D7%99-%D7%9E%D7%A2%D7%9E-%D7%98%D7%91%D7%A8%D7%99%D7%94/,DESKTOP,0,41,0,12.21951219512195
https://jus-tice.co.il/%D7%A2%D7%9E-2007929-%D7%92%D7%90%D7%A0%D7%9D-%D7%A0-%D7%9E%D7%9E%D7%95%D7%A0%D7%94-%D7%90%D7%96%D7%95%D7%A8%D7%99-%D7%9E%D7%A2%D7%9E-%D7%98%D7%91%D7%A8%D7%99%D7%94/,MOBILE,0,4,0,33
https://jus-tice.co.il/%D7%A2%D7%9E-24711-05-20-%D7%91%D7%A8%D7%95%D7%9F-%D7%9B%D7%90-%D7%91%D7%A2%D7%9E-%D7%A0-%D7%A8%D7%A9%D7%95%D7%AA-%D7%94%D7%9E%D7%99%D7%A1%D7%99%D7%9D-%D7%91%D7%99%D7%A9%D7%A8%D7%90%D7%9C-%D7%9E%D7%A1-%D7%A2%D7%A8%D7%9A-%D7%9E%D7%95%D7%A1%D7%A3/,DESKTOP,0,623,0,61.18780096308186
https://jus-tice.co.il/%D7%A2%D7%9E-24711-05-20-%D7%91%D7%A8%D7%95%D7%9F-%D7%9B%D7%90-%D7%91%D7%A2%D7%9E-%D7%A0-%D7%A8%D7%A9%D7%95%D7%AA-%D7%94%D7%9E%D7%99%D7%A1%D7%99%D7%9D-%D7%91%D7%99%D7%A9%D7%A8%D7%90%D7%9C-%D7%9E%D7%A1-%D7%A2%D7%A8%D7%9A-%D7%9E%D7%95%D7%A1%D7%A3/,MOBILE,0,3,0,58.666666666666664
https://jus-tice.co.il/%D7%A2%D7%9E-38294-02-19-%D7%A1%D7%99%D7%99%D7%93%D7%94-%D7%A0-%D7%A4%D7%A7%D7%99%D7%93-%D7%A9%D7%95%D7%9E%D7%94-%D7%91%D7%90%D7%A8-%D7%A9%D7%91%D7%A2/,DESKTOP,0,782,0,59.16240409207161
https://jus-tice.co.il/%D7%A2%D7%9E-38294-02-19-%D7%A1%D7%99%D7%99%D7%93%D7%94-%D7%A0-%D7%A4%D7%A7%D7%99%D7%93-%D7%A9%D7%95%D7%9E%D7%94-%D7%91%D7%90%D7%A8-%D7%A9%D7%91%D7%A2/,MOBILE,0,167,0,61.25748502994012
https://jus-tice.co.il/%D7%A2%D7%9E-49933-03-20/,DESKTOP,0,145,0,19.49655172413793
https://jus-tice.co.il/%D7%A2%D7%A0%D7%94-%D7%A9%D7%9C-%D7%A9%D7%95%D7%9B%D7%A8-%D7%A2%D7%A1%D7%A7-%D7%9B%D7%99-%D7%94%D7%9E%D7%A9%D7%9B%D7%99%D7%A8-%D7%91%D7%99%D7%98%D7%9C-%D7%90%D7%AA-%D7%94%D7%A1%D7%9B%D7%9D-%D7%94%D7%A9%D7%9B%D7%99%D7%A8%D7%95%D7%AA-%D7%9C%D7%9C%D7%90-%D7%94%D7%A1%D7%9B%D7%9E%D7%AA%D7%95/,DESKTOP,0,48,0,63.520833333333336
https://jus-tice.co.il/%D7%A2%D7%A0%D7%94-%D7%A9%D7%9C-%D7%A9%D7%95%D7%9B%D7%A8-%D7%A2%D7%A1%D7%A7-%D7%9B%D7%99-%D7%94%D7%9E%D7%A9%D7%9B%D7%99%D7%A8-%D7%91%D7%99%D7%98%D7%9C-%D7%90%D7%AA-%D7%94%D7%A1%D7%9B%D7%9D-%D7%94%D7%A9%D7%9B%D7%99%D7%A8%D7%95%D7%AA-%D7%9C%D7%9C%D7%90-%D7%94%D7%A1%D7%9B%D7%9E%D7%AA%D7%95/,MOBILE,0,2,0,85
https://jus-tice.co.il/%D7%A2%D7%A1%D7%A7%D7%90%D7%95%D7%AA-%D7%A0%D7%93%D7%9C%D7%9F-%D7%9E%D7%95%D7%A8%D7%9B%D7%91%D7%95%D7%AA/,DESKTOP,0,38,0,41.26315789473684
https://jus-tice.co.il/%D7%A2%D7%A6%D7%9E%D7%90%D7%99%D7%9D/,DESKTOP,0,1,0,1
https://jus-tice.co.il/%D7%A2%D7%A6%D7%9E%D7%90%D7%99%D7%9D/,MOBILE,0,1,0,1
https://jus-tice.co.il/%D7%A2%D7%A6%D7%9E%D7%90%D7%99%D7%9D/,TABLET,0,1,0,1
https://jus-tice.co.il/%D7%A2%D7%A8%D7%A2%D7%95%D7%A8-%D7%A2%D7%9C-%D7%94%D7%97%D7%9C%D7%98%D7%94-%D7%A9%D7%A7%D7%95%D7%91%D7%A2%D7%AA-%D7%A9%D7%90%D7%91-%D7%99%D7%A4%D7%92%D7%A9-%D7%A2%D7%9D-%D7%91%D7%A0%D7%95-%D7%94%D7%A7%D7%98%D7%99%D7%9F-%D7%91%D7%9E%D7%A8%D7%9B%D7%96-%D7%A7%D7%A9%D7%A8-%D7%9C%D7%90%D7%97%D7%A8-%D7%A9%D7%94%D7%95%D7%A7%D7%A4%D7%90%D7%95-%D7%96%D7%9E%D7%A0%D7%99-%D7%94%D7%A9%D7%94%D7%95%D7%AA/,DESKTOP,0,92,0,68.6304347826087
https://jus-tice.co.il/%D7%A2%D7%A8%D7%A2%D7%95%D7%A8-%D7%A2%D7%9C-%D7%94%D7%97%D7%9C%D7%98%D7%94-%D7%A9%D7%A7%D7%95%D7%91%D7%A2%D7%AA-%D7%A9%D7%90%D7%91-%D7%99%D7%A4%D7%92%D7%A9-%D7%A2%D7%9D-%D7%91%D7%A0%D7%95-%D7%94%D7%A7%D7%98%D7%99%D7%9F-%D7%91%D7%9E%D7%A8%D7%9B%D7%96-%D7%A7%D7%A9%D7%A8-%D7%9C%D7%90%D7%97%D7%A8-%D7%A9%D7%94%D7%95%D7%A7%D7%A4%D7%90%D7%95-%D7%96%D7%9E%D7%A0%D7%99-%D7%94%D7%A9%D7%94%D7%95%D7%AA/,MOBILE,0,41,0,79.41463414634147
https://jus-tice.co.il/%D7%A2%D7%A8%D7%A2%D7%95%D7%A8-%D7%A2%D7%9C-%D7%A4%D7%A1%D7%99%D7%A7%D7%AA-%D7%9E%D7%93%D7%95%D7%A8-%D7%A1%D7%A4%D7%A6%D7%99%D7%A4%D7%99-%D7%95%D7%91%D7%A7%D7%A9%D7%94-%D7%9C%D7%A4%D7%99%D7%A8%D7%95%D7%A7-%D7%A9%D7%99%D7%AA%D7%95%D7%A3-1156328-6-%D7%91%D7%99%D7%94%D7%93-%D7%94%D7%92%D7%93%D7%95%D7%9C/,DESKTOP,0,1140,0,26.19298245614035
https://jus-tice.co.il/%D7%A2%D7%A8%D7%A2%D7%95%D7%A8-%D7%A2%D7%9C-%D7%A4%D7%A1%D7%99%D7%A7%D7%AA-%D7%9E%D7%93%D7%95%D7%A8-%D7%A1%D7%A4%D7%A6%D7%99%D7%A4%D7%99-%D7%95%D7%91%D7%A7%D7%A9%D7%94-%D7%9C%D7%A4%D7%99%D7%A8%D7%95%D7%A7-%D7%A9%D7%99%D7%AA%D7%95%D7%A3-1156328-6-%D7%91%D7%99%D7%94%D7%93-%D7%94%D7%92%D7%93%D7%95%D7%9C/,MOBILE,0,188,0,22.090425531914892
https://jus-tice.co.il/%D7%A2%D7%AA%D7%99%D7%A8%D7%94-%D7%A9%D7%9C-%D7%90%D7%99%D7%A9%D7%94-%D7%A0%D7%92%D7%93-%D7%91%D7%A2%D7%9C%D7%94-%D7%9C%D7%9E%D7%AA%D7%9F-%D7%A6%D7%95-%D7%9C%D7%A4%D7%99-%D7%94%D7%97%D7%95%D7%A7-%D7%9C%D7%9E%D7%A0%D7%99%D7%A2%D7%AA-%D7%90%D7%9C%D7%99%D7%9E%D7%95%D7%AA-%D7%91%D7%9E%D7%A9%D7%A4%D7%97%D7%94-%D7%94%D7%98-58854-11-22/,DESKTOP,0,330,0,50.06060606060606
https://jus-tice.co.il/%D7%A2%D7%AA%D7%99%D7%A8%D7%94-%D7%A9%D7%9C-%D7%90%D7%99%D7%A9%D7%94-%D7%A0%D7%92%D7%93-%D7%91%D7%A2%D7%9C%D7%94-%D7%9C%D7%9E%D7%AA%D7%9F-%D7%A6%D7%95-%D7%9C%D7%A4%D7%99-%D7%94%D7%97%D7%95%D7%A7-%D7%9C%D7%9E%D7%A0%D7%99%D7%A2%D7%AA-%D7%90%D7%9C%D7%99%D7%9E%D7%95%D7%AA-%D7%91%D7%9E%D7%A9%D7%A4%D7%97%D7%94-%D7%94%D7%98-58854-11-22/,MOBILE,0,4,0,28.5
https://jus-tice.co.il/%D7%A4%D7%99%D7%A6%D7%95%D7%99-%D7%91%D7%92%D7%99%D7%9F-%D7%90%D7%99%D7%97%D7%95%D7%A8-%D7%91%D7%9E%D7%A1%D7%99%D7%A8%D7%AA-%D7%93%D7%99%D7%A8%D7%94-%D7%9E%D7%A7%D7%91%D7%9C%D7%9F-%D7%AA%D7%90-10300-02-21/,DESKTOP,0,6123,0,69.7515923566879
https://jus-tice.co.il/%D7%A4%D7%99%D7%A6%D7%95%D7%99-%D7%91%D7%92%D7%99%D7%9F-%D7%90%D7%99%D7%97%D7%95%D7%A8-%D7%91%D7%9E%D7%A1%D7%99%D7%A8%D7%AA-%D7%93%D7%99%D7%A8%D7%94-%D7%9E%D7%A7%D7%91%D7%9C%D7%9F-%D7%AA%D7%90-10300-02-21/,MOBILE,0,363,0,72.12121212121212
https://jus-tice.co.il/%D7%A4%D7%99%D7%A6%D7%95%D7%99-%D7%92%D7%91%D7%95%D7%94%D7%94-%D7%AA%D7%90%D7%95%D7%A0%D7%AA-%D7%93%D7%A8%D7%9B%D7%99%D7%9D-%D7%97%D7%91%D7%A8%D7%AA-%D7%91%D7%99%D7%98%D7%95%D7%97/,DESKTOP,0,2215,0,71.10112866817155
https://jus-tice.co.il/%D7%A4%D7%99%D7%A6%D7%95%D7%99-%D7%92%D7%91%D7%95%D7%94%D7%94-%D7%AA%D7%90%D7%95%D7%A0%D7%AA-%D7%93%D7%A8%D7%9B%D7%99%D7%9D-%D7%97%D7%91%D7%A8%D7%AA-%D7%91%D7%99%D7%98%D7%95%D7%97/,MOBILE,0,199,0,63.66834170854271
https://jus-tice.co.il/%D7%A4%D7%99%D7%A6%D7%95%D7%99-%D7%9B%D7%A1%D7%A4%D7%99-%D7%91%D7%92%D7%99%D7%9F-%D7%A4%D7%92%D7%99%D7%A2%D7%94-%D7%91%D7%A4%D7%A8%D7%98%D7%99%D7%95%D7%AA-%D7%A6%D7%A4%D7%99%D7%99%D7%94-%D7%95%D7%9E%D7%97%D7%99%D7%A7%D7%94-%D7%A9%D7%9C-%D7%A4%D7%A8%D7%99%D7%98%D7%99%D7%9D-%D7%9E%D7%94%D7%98%D7%9C%D7%A4%D7%95%D7%9F-%D7%9C%D7%9C%D7%90-%D7%A8%D7%A9%D7%95%D7%AA/,DESKTOP,0,605,0,76.56363636363636
https://jus-tice.co.il/%D7%A4%D7%99%D7%A6%D7%95%D7%99-%D7%9B%D7%A1%D7%A4%D7%99-%D7%91%D7%92%D7%99%D7%9F-%D7%A4%D7%92%D7%99%D7%A2%D7%94-%D7%91%D7%A4%D7%A8%D7%98%D7%99%D7%95%D7%AA-%D7%A6%D7%A4%D7%99%D7%99%D7%94-%D7%95%D7%9E%D7%97%D7%99%D7%A7%D7%94-%D7%A9%D7%9C-%D7%A4%D7%A8%D7%99%D7%98%D7%99%D7%9D-%D7%9E%D7%94%D7%98%D7%9C%D7%A4%D7%95%D7%9F-%D7%9C%D7%9C%D7%90-%D7%A8%D7%A9%D7%95%D7%AA/,MOBILE,0,201,0,68.27860696517413
https://jus-tice.co.il/%D7%A4%D7%99%D7%A8%D7%95%D7%A7-%D7%97%D7%91%D7%A8%D7%94-%D7%A8%D7%A9%D7%9D-%D7%94%D7%97%D7%91%D7%A8%D7%95%D7%AA-%D7%9C%D7%9C%D7%90-%D7%A2%D7%95%D7%A8%D7%9A-%D7%93%D7%99%D7%9F-%D7%A4%D7%98%D7%95%D7%A8-%D7%9E%D7%AA%D7%A9%D7%9C%D7%95%D7%9D/,DESKTOP,0,148,0,78.99324324324324
https://jus-tice.co.il/%D7%A4%D7%99%D7%A8%D7%95%D7%A7-%D7%97%D7%91%D7%A8%D7%94-%D7%A8%D7%A9%D7%9D-%D7%94%D7%97%D7%91%D7%A8%D7%95%D7%AA-%D7%9C%D7%9C%D7%90-%D7%A2%D7%95%D7%A8%D7%9A-%D7%93%D7%99%D7%9F-%D7%A4%D7%98%D7%95%D7%A8-%D7%9E%D7%AA%D7%A9%D7%9C%D7%95%D7%9D/,MOBILE,0,2,0,98.5
https://jus-tice.co.il/%D7%A4%D7%99%D7%A8%D7%95%D7%A7-%D7%A9%D7%95%D7%AA%D7%A4%D7%95%D7%AA-%D7%91%D7%91%D7%99%D7%AA-%D7%9E%D7%92%D7%95%D7%A8%D7%99%D7%9D-%D7%A2%D7%9C-%D7%99%D7%93%D7%99-%D7%91%D7%A0%D7%99-%D7%96%D7%95%D7%92-%D7%9C%D7%A9%D7%A2%D7%91%D7%A8-%D7%91%D7%A0%D7%99%D7%92%D7%95%D7%93-%D7%9C%D7%94%D7%A1%D7%9B%D7%9D-%D7%92%D7%99%D7%A8%D7%95%D7%A9%D7%99%D7%9F-%D7%A9%D7%90%D7%95%D7%A9%D7%A8-%D7%AA%D7%9C%D7%94%D7%9E-15293-03-20/,DESKTOP,0,1917,0,68.97391757955138
https://jus-tice.co.il/%D7%A4%D7%99%D7%A8%D7%95%D7%A7-%D7%A9%D7%95%D7%AA%D7%A4%D7%95%D7%AA-%D7%91%D7%91%D7%99%D7%AA-%D7%9E%D7%92%D7%95%D7%A8%D7%99%D7%9D-%D7%A2%D7%9C-%D7%99%D7%93%D7%99-%D7%91%D7%A0%D7%99-%D7%96%D7%95%D7%92-%D7%9C%D7%A9%D7%A2%D7%91%D7%A8-%D7%91%D7%A0%D7%99%D7%92%D7%95%D7%93-%D7%9C%D7%94%D7%A1%D7%9B%D7%9D-%D7%92%D7%99%D7%A8%D7%95%D7%A9%D7%99%D7%9F-%D7%A9%D7%90%D7%95%D7%A9%D7%A8-%D7%AA%D7%9C%D7%94%D7%9E-15293-03-20/,MOBILE,0,804,0,60.995024875621894
https://jus-tice.co.il/%D7%A4%D7%99%D7%A8%D7%95%D7%A7-%D7%A9%D7%95%D7%AA%D7%A4%D7%95%D7%AA-%D7%91%D7%91%D7%99%D7%AA-%D7%9E%D7%92%D7%95%D7%A8%D7%99%D7%9D-%D7%A2%D7%9C-%D7%99%D7%93%D7%99-%D7%91%D7%A0%D7%99-%D7%96%D7%95%D7%92-%D7%9C%D7%A9%D7%A2%D7%91%D7%A8-%D7%91%D7%A0%D7%99%D7%92%D7%95%D7%93-%D7%9C%D7%94%D7%A1%D7%9B%D7%9D-%D7%92%D7%99%D7%A8%D7%95%D7%A9%D7%99%D7%9F-%D7%A9%D7%90%D7%95%D7%A9%D7%A8-%D7%AA%D7%9C%D7%94%D7%9E-15293-03-20/,TABLET,0,4,0,59
https://jus-tice.co.il/%D7%A4%D7%9C%D7%99%D7%9C%D7%99-%D7%A4%D7%95%D7%A8%D7%A0%D7%95%D7%92%D7%A8%D7%A4%D7%99%D7%99%D7%AA-%D7%99%D7%9C%D7%93%D7%99%D7%9D/,DESKTOP,0,762,0,65.62992125984252
https://jus-tice.co.il/%D7%A4%D7%9C%D7%99%D7%9C%D7%99-%D7%A4%D7%95%D7%A8%D7%A0%D7%95%D7%92%D7%A8%D7%A4%D7%99%D7%99%D7%AA-%D7%99%D7%9C%D7%93%D7%99%D7%9D/,MOBILE,0,69,0,37.85507246376812
https://jus-tice.co.il/%D7%A4%D7%9C%D7%99%D7%9C%D7%99-%D7%A4%D7%95%D7%A8%D7%A0%D7%95%D7%92%D7%A8%D7%A4%D7%99%D7%99%D7%AA-%D7%99%D7%9C%D7%93%D7%99%D7%9D/,TABLET,0,1,0,7
https://jus-tice.co.il/%D7%A4%D7%A1%D7%93-%D7%91%D7%91%D7%A7%D7%A9%D7%AA-%D7%90%D7%91-%D7%9C%D7%94%D7%A4%D7%97%D7%AA%D7%AA-%D7%9E%D7%96%D7%95%D7%A0%D7%95%D7%AA-%D7%91%D7%98%D7%A2%D7%A0%D7%94-%D7%A9%D7%9C-%D7%A9%D7%99%D7%A0%D7%95%D7%99-%D7%A0%D7%A1%D7%99%D7%91%D7%95%D7%AA-%D7%AA%D7%9C%D7%94%D7%9E-35493-10-19/,DESKTOP,0,324,0,65.83333333333333
https://jus-tice.co.il/%D7%A4%D7%A1%D7%93-%D7%91%D7%91%D7%A7%D7%A9%D7%AA-%D7%90%D7%91-%D7%9C%D7%94%D7%A4%D7%97%D7%AA%D7%AA-%D7%9E%D7%96%D7%95%D7%A0%D7%95%D7%AA-%D7%91%D7%98%D7%A2%D7%A0%D7%94-%D7%A9%D7%9C-%D7%A9%D7%99%D7%A0%D7%95%D7%99-%D7%A0%D7%A1%D7%99%D7%91%D7%95%D7%AA-%D7%AA%D7%9C%D7%94%D7%9E-35493-10-19/,MOBILE,0,91,0,72.17582417582418
https://jus-tice.co.il/%D7%A4%D7%A1%D7%93-%D7%91%D7%A0%D7%95%D7%A9%D7%90-%D7%97%D7%95%D7%A4%D7%A9-%D7%94%D7%A2%D7%99%D7%A1%D7%95%D7%A7-%D7%A1%D7%A2%D7%A9-49088-11-18/,TABLET,0,2,0,9
https://jus-tice.co.il/%D7%A4%D7%A1%D7%93-%D7%91%D7%A2%D7%A0%D7%99%D7%99%D7%9F-%D7%9E%D7%96%D7%95%D7%A0%D7%95%D7%AA-%D7%AA%D7%9C%D7%94%D7%9E-21976-01-20/,DESKTOP,0,531,0,56.77024482109228
https://jus-tice.co.il/%D7%A4%D7%A1%D7%93-%D7%91%D7%A2%D7%A0%D7%99%D7%99%D7%9F-%D7%AA%D7%91%D7%99%D7%A2%D7%AA-%D7%A4%D7%99%D7%A6%D7%95%D7%99%D7%99%D7%9D-%D7%9B%D7%A0%D7%92%D7%93-%D7%A8%D7%95%D7%A4%D7%90-%D7%A9%D7%99%D7%A0%D7%99%D7%99%D7%9D-%D7%AA%D7%90-9109-12-19/,DESKTOP,0,2013,0,50.78291107799304
https://jus-tice.co.il/%D7%A4%D7%A1%D7%93-%D7%91%D7%AA%D7%91%D7%99%D7%A2%D7%94-%D7%91%D7%99%D7%9F-%D7%90%D7%97%D7%99%D7%9D-%D7%A2%D7%9C-%D7%A8%D7%A7%D7%A2-%D7%A2%D7%96%D7%91%D7%95%D7%9F-%D7%90%D7%9E%D7%9D-%D7%AA%D7%9E%D7%A9-12532-05-20/,DESKTOP,0,1610,0,71.66521739130435
https://jus-tice.co.il/%D7%A4%D7%A1%D7%93-%D7%91%D7%AA%D7%91%D7%99%D7%A2%D7%94-%D7%91%D7%99%D7%9F-%D7%90%D7%97%D7%99%D7%9D-%D7%A2%D7%9C-%D7%A8%D7%A7%D7%A2-%D7%A2%D7%96%D7%91%D7%95%D7%9F-%D7%90%D7%9E%D7%9D-%D7%AA%D7%9E%D7%A9-12532-05-20/,MOBILE,0,749,0,78.34712950600802
https://jus-tice.co.il/%D7%A4%D7%A1%D7%93-%D7%91%D7%AA%D7%91%D7%99%D7%A2%D7%94-%D7%91%D7%99%D7%9F-%D7%90%D7%97%D7%99%D7%9D-%D7%A2%D7%9C-%D7%A8%D7%A7%D7%A2-%D7%A2%D7%96%D7%91%D7%95%D7%9F-%D7%90%D7%9E%D7%9D-%D7%AA%D7%9E%D7%A9-12532-05-20/,TABLET,0,4,0,85.25
https://jus-tice.co.il/%D7%A4%D7%A1%D7%93-%D7%91%D7%AA%D7%91%D7%99%D7%A2%D7%94-%D7%A0%D7%92%D7%93-%D7%98%D7%A8%D7%9D-%D7%A8%D7%A9%D7%AA-%D7%9E%D7%A8%D7%9B%D7%96%D7%99%D7%9D-%D7%9C%D7%A8%D7%A4%D7%95%D7%90%D7%94-%D7%93%D7%97%D7%95%D7%A4%D7%94-%D7%A2%D7%9C-%D7%A8%D7%A9%D7%9C%D7%A0%D7%95%D7%AA-%D7%A8%D7%A4%D7%95%D7%90%D7%99%D7%AA-%D7%A9%D7%94%D7%95%D7%91%D7%99%D7%9C%D7%94-%D7%9C%D7%A4%D7%98%D7%99%D7%A8%D7%AA%D7%94-%D7%A9%D7%9C-%D7%90%D7%9D-%D7%95%D7%94%D7%A2%D7%95%D7%91%D7%A8-%D7%A9%D7%A0%D7%A9%D7%90%D7%94-%D7%91%D7%A8%D7%97%D7%9E/,DESKTOP,0,31,0,60.096774193548384
https://jus-tice.co.il/%D7%A4%D7%A1%D7%93-%D7%91%D7%AA%D7%91%D7%99%D7%A2%D7%94-%D7%A0%D7%92%D7%93-%D7%98%D7%A8%D7%9D-%D7%A8%D7%A9%D7%AA-%D7%9E%D7%A8%D7%9B%D7%96%D7%99%D7%9D-%D7%9C%D7%A8%D7%A4%D7%95%D7%90%D7%94-%D7%93%D7%97%D7%95%D7%A4%D7%94-%D7%A2%D7%9C-%D7%A8%D7%A9%D7%9C%D7%A0%D7%95%D7%AA-%D7%A8%D7%A4%D7%95%D7%90%D7%99%D7%AA-%D7%A9%D7%94%D7%95%D7%91%D7%99%D7%9C%D7%94-%D7%9C%D7%A4%D7%98%D7%99%D7%A8%D7%AA%D7%94-%D7%A9%D7%9C-%D7%90%D7%9D-%D7%95%D7%94%D7%A2%D7%95%D7%91%D7%A8-%D7%A9%D7%A0%D7%A9%D7%90%D7%94-%D7%91%D7%A8%D7%97%D7%9E/,MOBILE,0,12,0,52.416666666666664
https://jus-tice.co.il/%D7%A4%D7%A1%D7%93-%D7%91%D7%AA%D7%91%D7%99%D7%A2%D7%AA-%D7%94%D7%93%D7%99%D7%91%D7%94-%D7%A9%D7%9C-%D7%9E%D7%A0%D7%99-%D7%A0%D7%A4%D7%AA%D7%9C%D7%99-%D7%AA%D7%90-56442-02-15/,DESKTOP,0,74,0,57.2027027027027
https://jus-tice.co.il/%D7%A4%D7%A1%D7%93-%D7%91%D7%AA%D7%91%D7%99%D7%A2%D7%AA-%D7%94%D7%93%D7%99%D7%91%D7%94-%D7%A9%D7%9C-%D7%9E%D7%A0%D7%99-%D7%A0%D7%A4%D7%AA%D7%9C%D7%99-%D7%AA%D7%90-56442-02-15/,MOBILE,0,5,0,21.4
https://jus-tice.co.il/%D7%A4%D7%A1%D7%93-%D7%91%D7%AA%D7%91%D7%99%D7%A2%D7%AA-%D7%A4%D7%99%D7%A6%D7%95%D7%99%D7%99%D7%9D-%D7%91%D7%92%D7%99%D7%9F-%D7%A0%D7%96%D7%A7%D7%99-%D7%92%D7%95%D7%A3-%D7%AA%D7%90-30014-02-17/,DESKTOP,0,27,0,35.22222222222222
https://jus-tice.co.il/%D7%A4%D7%A1%D7%93-%D7%91%D7%AA%D7%91%D7%99%D7%A2%D7%AA-%D7%A4%D7%99%D7%A6%D7%95%D7%99%D7%99%D7%9D-%D7%91%D7%92%D7%99%D7%9F-%D7%A0%D7%96%D7%A7%D7%99-%D7%92%D7%95%D7%A3-%D7%AA%D7%90-30014-02-17/,MOBILE,0,3,0,20.666666666666668
https://jus-tice.co.il/%D7%A4%D7%A1%D7%93-%D7%91%D7%AA%D7%95%D7%91%D7%A2%D7%A0%D7%95%D7%AA-%D7%91%D7%92%D7%99%D7%9F-%D7%9C%D7%A9%D7%95%D7%9F-%D7%94%D7%A8%D7%A2-%D7%AA%D7%91%D7%99%D7%A2%D7%94-%D7%9C%D7%94%D7%A9%D7%91%D7%94-%D7%95%D7%AA%D7%91%D7%99%D7%A2%D7%94-%D7%9B%D7%A1%D7%A4%D7%99%D7%AA-%D7%91%D7%99%D7%9F-%D7%91%D7%A0%D7%99-%D7%96%D7%95%D7%92-%D7%9C%D7%A9%D7%A2%D7%91%D7%A8-%D7%AA%D7%9E%D7%A9-12289-07-21/,DESKTOP,0,1501,0,52.74816788807462
https://jus-tice.co.il/%D7%A4%D7%A1%D7%93-%D7%91%D7%AA%D7%95%D7%91%D7%A2%D7%A0%D7%95%D7%AA-%D7%91%D7%92%D7%99%D7%9F-%D7%9C%D7%A9%D7%95%D7%9F-%D7%94%D7%A8%D7%A2-%D7%AA%D7%91%D7%99%D7%A2%D7%94-%D7%9C%D7%94%D7%A9%D7%91%D7%94-%D7%95%D7%AA%D7%91%D7%99%D7%A2%D7%94-%D7%9B%D7%A1%D7%A4%D7%99%D7%AA-%D7%91%D7%99%D7%9F-%D7%91%D7%A0%D7%99-%D7%96%D7%95%D7%92-%D7%9C%D7%A9%D7%A2%D7%91%D7%A8-%D7%AA%D7%9E%D7%A9-12289-07-21/,MOBILE,0,293,0,58.04095563139932
https://jus-tice.co.il/%D7%A4%D7%A1%D7%93-%D7%91%D7%AA%D7%95%D7%91%D7%A2%D7%A0%D7%95%D7%AA-%D7%91%D7%92%D7%99%D7%9F-%D7%9C%D7%A9%D7%95%D7%9F-%D7%94%D7%A8%D7%A2-%D7%AA%D7%91%D7%99%D7%A2%D7%94-%D7%9C%D7%94%D7%A9%D7%91%D7%94-%D7%95%D7%AA%D7%91%D7%99%D7%A2%D7%94-%D7%9B%D7%A1%D7%A4%D7%99%D7%AA-%D7%91%D7%99%D7%9F-%D7%91%D7%A0%D7%99-%D7%96%D7%95%D7%92-%D7%9C%D7%A9%D7%A2%D7%91%D7%A8-%D7%AA%D7%9E%D7%A9-12289-07-21/,TABLET,0,1,0,52
https://jus-tice.co.il/%D7%A4%D7%A1%D7%93-%D7%93%D7%97%D7%99%D7%99%D7%AA-%D7%91%D7%A7%D7%A9%D7%94-%D7%9C%D7%91%D7%99%D7%98%D7%95%D7%9C-%D7%A6%D7%95-%D7%99%D7%A8%D7%95%D7%A9%D7%94-%D7%91%D7%92%D7%9C%D7%9C-%D7%A6%D7%95%D7%95%D7%90%D7%94-%D7%A9%D7%A0%D7%9E%D7%A6%D7%90%D7%94-%D7%9C%D7%90%D7%97%D7%A8-%D7%A9%D7%A0%D7%99%D7%9D-%D7%A8%D7%91%D7%95%D7%AA-491180-3-%D7%91%D7%99%D7%94%D7%93-%D7%97%D7%99%D7%A4%D7%94/,DESKTOP,0,882,0,64.19614512471655
https://jus-tice.co.il/%D7%A4%D7%A1%D7%93-%D7%93%D7%97%D7%99%D7%99%D7%AA-%D7%91%D7%A7%D7%A9%D7%94-%D7%9C%D7%91%D7%99%D7%98%D7%95%D7%9C-%D7%A6%D7%95-%D7%99%D7%A8%D7%95%D7%A9%D7%94-%D7%91%D7%92%D7%9C%D7%9C-%D7%A6%D7%95%D7%95%D7%90%D7%94-%D7%A9%D7%A0%D7%9E%D7%A6%D7%90%D7%94-%D7%9C%D7%90%D7%97%D7%A8-%D7%A9%D7%A0%D7%99%D7%9D-%D7%A8%D7%91%D7%95%D7%AA-491180-3-%D7%91%D7%99%D7%94%D7%93-%D7%97%D7%99%D7%A4%D7%94/,MOBILE,0,87,0,62.44827586206897
https://jus-tice.co.il/%D7%A4%D7%A1%D7%93-%D7%94%D7%A1%D7%93%D7%A8-%D7%A8%D7%99%D7%A9%D7%95%D7%9D-%D7%9E%D7%A7%D7%A8%D7%A7%D7%A2%D7%99%D7%9F-%D7%91%D7%A1%D7%9B%D7%A1%D7%95%D7%9A-%D7%9E%D7%A9%D7%A4%D7%97%D7%94-%D7%AA%D7%9E%D7%A9-28997-05-16/,DESKTOP,0,317,0,53.12933753943218
https://jus-tice.co.il/%D7%A4%D7%A1%D7%93-%D7%94%D7%A1%D7%93%D7%A8-%D7%A8%D7%99%D7%A9%D7%95%D7%9D-%D7%9E%D7%A7%D7%A8%D7%A7%D7%A2%D7%99%D7%9F-%D7%91%D7%A1%D7%9B%D7%A1%D7%95%D7%9A-%D7%9E%D7%A9%D7%A4%D7%97%D7%94-%D7%AA%D7%9E%D7%A9-28997-05-16/,MOBILE,0,2,0,34.5
https://jus-tice.co.il/%D7%A4%D7%A1%D7%93-%D7%94%D7%A4%D7%A1%D7%93-%D7%9B%D7%AA%D7%95%D7%91%D7%94-%D7%91%D7%90%D7%99%D7%A9%D7%94-%D7%A9%D7%99%D7%96%D7%9E%D7%94-%D7%90%D7%AA-%D7%94%D7%92%D7%99%D7%A8%D7%95%D7%A9%D7%99%D7%9F-1236570-2-%D7%91%D7%99%D7%94%D7%93-%D7%97%D7%99%D7%A4%D7%94/,DESKTOP,0,115,0,71.83478260869565
https://jus-tice.co.il/%D7%A4%D7%A1%D7%93-%D7%97%D7%99%D7%95%D7%91-%D7%92%D7%98-%D7%91%D7%92%D7%99%D7%9F-%D7%9E%D7%90%D7%99%D7%A1%D7%95%D7%AA-%D7%90%D7%99%D7%A9%D7%94-%D7%91%D7%91%D7%A2%D7%9C-%D7%A4%D7%99%D7%A8%D7%95%D7%93-%D7%9E%D7%9E%D7%95%D7%A9%D7%9A-%D7%95%D7%9E%D7%A9%D7%A0%D7%99%D7%9B%D7%A8-%D7%9B%D7%99-%D7%A4%D7%A0%D7%99-%D7%94%D7%A6%D7%93%D7%93%D7%99%D7%9D-%D7%9C%D7%92%D7%99%D7%A8%D7%95%D7%A9%D7%99%D7%9F-1343730-1-%D7%91%D7%99%D7%94%D7%93-%D7%94%D7%92%D7%93%D7%95%D7%9C/,DESKTOP,0,453,0,43.567328918322296
https://jus-tice.co.il/%D7%A4%D7%A1%D7%93-%D7%97%D7%99%D7%95%D7%91-%D7%92%D7%98-%D7%91%D7%92%D7%99%D7%9F-%D7%9E%D7%90%D7%99%D7%A1%D7%95%D7%AA-%D7%90%D7%99%D7%A9%D7%94-%D7%91%D7%91%D7%A2%D7%9C-%D7%A4%D7%99%D7%A8%D7%95%D7%93-%D7%9E%D7%9E%D7%95%D7%A9%D7%9A-%D7%95%D7%9E%D7%A9%D7%A0%D7%99%D7%9B%D7%A8-%D7%9B%D7%99-%D7%A4%D7%A0%D7%99-%D7%94%D7%A6%D7%93%D7%93%D7%99%D7%9D-%D7%9C%D7%92%D7%99%D7%A8%D7%95%D7%A9%D7%99%D7%9F-1343730-1-%D7%91%D7%99%D7%94%D7%93-%D7%94%D7%92%D7%93%D7%95%D7%9C/,MOBILE,0,24,0,34.625
https://jus-tice.co.il/%D7%A4%D7%A1%D7%93-%D7%9E%D7%A9%D7%9E%D7%95%D7%A8%D7%AA-%D7%9E%D7%A9%D7%95%D7%AA%D7%A4%D7%AA-%D7%94%D7%A8%D7%97%D7%91%D7%AA-%D7%94%D7%A1%D7%93%D7%A8%D7%99-%D7%A9%D7%94%D7%95%D7%AA-%D7%9C%D7%90%D7%91-1244887-2/,DESKTOP,0,2211,0,64.87878787878788
https://jus-tice.co.il/%D7%A4%D7%A1%D7%93-%D7%9E%D7%A9%D7%9E%D7%95%D7%A8%D7%AA-%D7%9E%D7%A9%D7%95%D7%AA%D7%A4%D7%AA-%D7%94%D7%A8%D7%97%D7%91%D7%AA-%D7%94%D7%A1%D7%93%D7%A8%D7%99-%D7%A9%D7%94%D7%95%D7%AA-%D7%9C%D7%90%D7%91-1244887-2/,MOBILE,0,115,0,69.19130434782609
https://jus-tice.co.il/%D7%A4%D7%A1%D7%93-%D7%A1%D7%99%D7%93%D7%95%D7%A8-%D7%92%D7%98-%D7%9C%D7%A4%D7%A0%D7%99-%D7%94%D7%9B%D7%A8%D7%A2%D7%94-%D7%91%D7%AA%D7%91%D7%99%D7%A2%D7%95%D7%AA-%D7%94%D7%A6%D7%93%D7%93%D7%99%D7%9D-37883-9-%D7%91%D7%99%D7%94%D7%93-%D7%90%D7%A9%D7%93%D7%95%D7%93/,DESKTOP,0,72,0,41.708333333333336
https://jus-tice.co.il/%D7%A4%D7%A1%D7%93-%D7%A7%D7%91%D7%9C%D7%AA-%D7%98%D7%A2%D7%A0%D7%AA-%D7%90%D7%99%D7%A9%D7%94-%D7%91%D7%A2%D7%A0%D7%99%D7%99%D7%9F-%D7%9B%D7%95%D7%95%D7%A0%D7%AA-%D7%A9%D7%99%D7%AA%D7%95%D7%A3-%D7%A1%D7%A4%D7%A6%D7%99%D7%A4%D7%99-%D7%91%D7%A8%D7%91%D7%A2-%D7%93%D7%99%D7%A8%D7%94-%D7%A2%D7%9E%D7%A9-65410-11-21/,DESKTOP,0,9,0,42.111111111111114
https://jus-tice.co.il/%D7%A4%D7%A1%D7%93-%D7%A9%D7%A2%D7%A0%D7%99%D7%99%D7%A0%D7%95-%D7%9E%D7%99%D7%A0%D7%95%D7%99-%D7%9E%D7%A0%D7%94%D7%9C-%D7%A2%D7%99%D7%96%D7%91%D7%95%D7%9F-%D7%96%D7%9E%D7%A0%D7%99-%D7%91%D7%9E%D7%A7%D7%95%D7%9D-%D7%A7%D7%91%D7%95%D7%A2-%D7%A2%D7%9E%D7%A9-48305-12-21/,DESKTOP,0,901,0,53.47391786903441
https://jus-tice.co.il/%D7%A4%D7%A1%D7%93-%D7%A9%D7%A2%D7%A0%D7%99%D7%99%D7%A0%D7%95-%D7%9E%D7%99%D7%A0%D7%95%D7%99-%D7%9E%D7%A0%D7%94%D7%9C-%D7%A2%D7%99%D7%96%D7%91%D7%95%D7%9F-%D7%96%D7%9E%D7%A0%D7%99-%D7%91%D7%9E%D7%A7%D7%95%D7%9D-%D7%A7%D7%91%D7%95%D7%A2-%D7%A2%D7%9E%D7%A9-48305-12-21/,MOBILE,0,72,0,53.52777777777778
https://jus-tice.co.il/%D7%A4%D7%A1%D7%93-%D7%AA%D7%91%D7%99%D7%A2%D7%AA-%D7%92%D7%99%D7%A8%D7%95%D7%A9%D7%99%D7%9F-%D7%95%D7%9B%D7%AA%D7%95%D7%91%D7%94-%D7%91%D7%90%D7%99%D7%A9%D7%94-%D7%A9%D7%A7%D7%99%D7%99%D7%9E%D7%94-%D7%99%D7%97%D7%A1%D7%99-%D7%90%D7%99%D7%A9%D7%95%D7%AA-%D7%A2%D7%9D-%D7%92%D7%91%D7%A8%D7%99%D7%9D-%D7%96%D7%A8%D7%99%D7%9D-%D7%91%D7%A0%D7%95%D7%9B%D7%97%D7%95%D7%AA-%D7%91%D7%A2%D7%9C%D7%94-1242579-2-%D7%91%D7%99%D7%94%D7%93-%D7%A8%D7%97%D7%95%D7%91%D7%95%D7%AA/,DESKTOP,0,129,0,42.04651162790697
https://jus-tice.co.il/%D7%A4%D7%A1%D7%99%D7%9C%D7%AA-%D7%93%D7%99%D7%99%D7%9F-%D7%91%D7%91%D7%99%D7%AA-%D7%93%D7%99%D7%9F-%D7%A8%D7%91%D7%A0%D7%99/,DESKTOP,0,6,0,48
https://jus-tice.co.il/%D7%A4%D7%A1%D7%99%D7%9C%D7%AA-%D7%93%D7%99%D7%99%D7%9F-%D7%91%D7%91%D7%99%D7%AA-%D7%93%D7%99%D7%9F-%D7%A8%D7%91%D7%A0%D7%99/,MOBILE,0,2,0,31
https://jus-tice.co.il/%D7%A4%D7%A1%D7%99%D7%A7%D7%94-%D7%AA%D7%91%D7%99%D7%A2%D7%95%D7%AA-%D7%A8%D7%9B%D7%95%D7%A9-%D7%9E%D7%A9%D7%9E%D7%95%D7%A8%D7%AA-%D7%95%D7%9E%D7%96%D7%95%D7%A0%D7%95%D7%AA-%D7%9C%D7%99%D7%93%D7%95%D7%A2%D7%99%D7%9D-%D7%91%D7%A6%D7%99%D7%91%D7%95%D7%A8/,DESKTOP,0,136,0,73.7720588235294
https://jus-tice.co.il/%D7%A4%D7%A1%D7%99%D7%A7%D7%94-%D7%AA%D7%91%D7%99%D7%A2%D7%95%D7%AA-%D7%A8%D7%9B%D7%95%D7%A9-%D7%9E%D7%A9%D7%9E%D7%95%D7%A8%D7%AA-%D7%95%D7%9E%D7%96%D7%95%D7%A0%D7%95%D7%AA-%D7%9C%D7%99%D7%93%D7%95%D7%A2%D7%99%D7%9D-%D7%91%D7%A6%D7%99%D7%91%D7%95%D7%A8/,MOBILE,0,10,0,90.7
https://jus-tice.co.il/%D7%A4%D7%A1%D7%99%D7%A7%D7%AA-%D7%A4%D7%99%D7%A6%D7%95%D7%99-%D7%9B%D7%A1%D7%A4%D7%99-%D7%9C%D7%A2%D7%96%D7%91%D7%95%D7%9F-%D7%9E%D7%A0%D7%95%D7%97-%D7%A9%D7%98%D7%91%D7%A2-%D7%91%D7%97%D7%95%D7%A3-%D7%94%D7%99%D7%9D-%D7%91%D7%90%D7%A9%D7%93%D7%95%D7%93/,DESKTOP,0,11,0,16.272727272727273
https://jus-tice.co.il/%D7%A4%D7%A1%D7%A7-%D7%93%D7%99%D7%9F-%D7%91%D7%A0%D7%95%D7%A9%D7%90-%D7%94%D7%A8%D7%9E%D7%AA-%D7%9E%D7%A1%D7%9A-%D7%A1%D7%A2%D7%A9-12385-08-16/,DESKTOP,0,292,0,39.965753424657535
https://jus-tice.co.il/%D7%A4%D7%A1%D7%A7-%D7%93%D7%99%D7%9F-%D7%91%D7%A0%D7%95%D7%A9%D7%90-%D7%94%D7%A8%D7%9E%D7%AA-%D7%9E%D7%A1%D7%9A-%D7%A1%D7%A2%D7%A9-12385-08-16/,MOBILE,0,93,0,41.96774193548387
https://jus-tice.co.il/%D7%A4%D7%A1%D7%A7-%D7%93%D7%99%D7%9F-%D7%91%D7%A2%D7%A0%D7%99%D7%99%D7%9F-%D7%9E%D7%97%D7%9C%D7%95%D7%A7%D7%AA-%D7%A6%D7%A8%D7%9B%D7%A0%D7%99%D7%AA-%D7%91%D7%99%D7%9F-%D7%A6%D7%93%D7%93%D7%99%D7%9D-%D7%91%D7%A9%D7%9C-%D7%A8%D7%9B%D7%99%D7%A9%D7%AA-%D7%9E%D7%A9%D7%A7%D7%A4%D7%99-%D7%A8%D7%90%D7%99%D7%94/,DESKTOP,0,135,0,81.46666666666667
https://jus-tice.co.il/%D7%A4%D7%A1%D7%A7-%D7%93%D7%99%D7%9F-%D7%91%D7%AA%D7%91%D7%99%D7%A2%D7%94-%D7%9C%D7%94%D7%97%D7%96%D7%A8-%D7%94%D7%9C%D7%95%D7%95%D7%90%D7%94-%D7%AA%D7%90-5122-10-19/,DESKTOP,0,35,0,67.68571428571428
https://jus-tice.co.il/%D7%A4%D7%A1%D7%A7-%D7%93%D7%99%D7%9F-%D7%91%D7%AA%D7%91%D7%99%D7%A2%D7%95%D7%AA-%D7%A8%D7%9B%D7%95%D7%A9%D7%99%D7%95%D7%AA-%D7%91%D7%99%D7%9F-%D7%91%D7%A0%D7%99-%D7%96%D7%95%D7%92-%D7%AA%D7%9C%D7%94%D7%9E-32773-02-17-%D7%AA%D7%9C%D7%94%D7%9E-548840-04-18/,DESKTOP,0,142,0,71.95070422535211
https://jus-tice.co.il/%D7%A4%D7%A1%D7%A7-%D7%93%D7%99%D7%9F-%D7%91%D7%AA%D7%91%D7%99%D7%A2%D7%95%D7%AA-%D7%A8%D7%9B%D7%95%D7%A9%D7%99%D7%95%D7%AA-%D7%91%D7%99%D7%9F-%D7%91%D7%A0%D7%99-%D7%96%D7%95%D7%92-%D7%AA%D7%9C%D7%94%D7%9E-32773-02-17-%D7%AA%D7%9C%D7%94%D7%9E-548840-04-18/,MOBILE,0,2,0,73.5
https://jus-tice.co.il/%D7%A4%D7%A1%D7%A7-%D7%93%D7%99%D7%9F-%D7%AA%D7%A2%D7%91%D7%95%D7%A8%D7%94-%D7%A2%D7%99%D7%9F-%D7%94%D7%A0%D7%A5-%D7%A7%D7%91%D7%99%D7%9C%D7%95%D7%AA-%D7%95%D7%97%D7%95%D7%A7%D7%99%D7%95%D7%AA-%D7%A8%D7%90%D7%99%D7%95%D7%AA-%D7%A9%D7%94%D7%95%D7%A0%D7%A4%D7%A7%D7%95-%D7%9E%D7%94%D7%9E%D7%A2%D7%A8%D7%9B%D7%AA/,DESKTOP,0,205,0,63.8
https://jus-tice.co.il/%D7%A4%D7%A1%D7%A7-%D7%93%D7%99%D7%9F-%D7%AA%D7%A2%D7%91%D7%95%D7%A8%D7%94-%D7%A2%D7%99%D7%9F-%D7%94%D7%A0%D7%A5-%D7%A7%D7%91%D7%99%D7%9C%D7%95%D7%AA-%D7%95%D7%97%D7%95%D7%A7%D7%99%D7%95%D7%AA-%D7%A8%D7%90%D7%99%D7%95%D7%AA-%D7%A9%D7%94%D7%95%D7%A0%D7%A4%D7%A7%D7%95-%D7%9E%D7%94%D7%9E%D7%A2%D7%A8%D7%9B%D7%AA/,MOBILE,0,48,0,50.020833333333336
https://jus-tice.co.il/%D7%A6%D7%91%D7%99%D7%90%D7%9C%D7%99-%D7%A0-%D7%A2%D7%99%D7%A8%D7%99%D7%99%D7%AA-%D7%AA%D7%9C-%D7%90%D7%91%D7%99%D7%91-%D7%9E%D7%A1%D7%9E%D7%9A-%D7%94%D7%A0%D7%97%D7%99%D7%95%D7%AA-%D7%9B%D7%99%D7%9B%D7%A8-%D7%90%D7%AA%D7%A8%D7%99%D7%9D-%D7%A4%D7%A1%D7%A7-%D7%93%D7%99%D7%9F/,DESKTOP,0,158,0,59.664556962025316
https://jus-tice.co.il/%D7%A6%D7%91%D7%99%D7%90%D7%9C%D7%99-%D7%A0-%D7%A2%D7%99%D7%A8%D7%99%D7%99%D7%AA-%D7%AA%D7%9C-%D7%90%D7%91%D7%99%D7%91-%D7%9E%D7%A1%D7%9E%D7%9A-%D7%94%D7%A0%D7%97%D7%99%D7%95%D7%AA-%D7%9B%D7%99%D7%9B%D7%A8-%D7%90%D7%AA%D7%A8%D7%99%D7%9D-%D7%A4%D7%A1%D7%A7-%D7%93%D7%99%D7%9F/,MOBILE,0,13,0,49
https://jus-tice.co.il/%D7%A6%D7%95-%D7%91%D7%99%D7%AA-%D7%9E%D7%A9%D7%A4%D7%98-%D7%9C%D7%94%D7%A9%D7%91%D7%AA-%D7%A0%D7%A9%D7%A7-%D7%90%D7%99%D7%A9%D7%99/,DESKTOP,0,1276,0,62.44827586206897
https://jus-tice.co.il/%D7%A6%D7%95-%D7%94%D7%92%D7%A0%D7%94-%D7%91%D7%99%D7%97%D7%A1-%D7%9C%D7%9E%D7%A9%D7%99%D7%91-%D7%A9%D7%A4%D7%A8%D7%A0%D7%A1%D7%AA%D7%95-%D7%93%D7%95%D7%A8%D7%A9%D7%AA-%D7%A0%D7%A9%D7%99%D7%90%D7%AA-%D7%A0%D7%A9%D7%A7/,DESKTOP,0,361,0,58.05817174515236
https://jus-tice.co.il/%D7%A6%D7%95-%D7%99%D7%A8%D7%95%D7%A9%D7%94-%D7%90%D7%95%D7%A0%D7%9C%D7%99%D7%99%D7%9F-%D7%A2%D7%9D-%D7%97%D7%95%D7%AA%D7%9E%D7%AA-%D7%90%D7%A4%D7%95%D7%A1%D7%98%D7%99%D7%9C/,DESKTOP,0,468,0,49.955128205128204
https://jus-tice.co.il/%D7%A6%D7%95-%D7%99%D7%A8%D7%95%D7%A9%D7%94-%D7%90%D7%95%D7%A0%D7%9C%D7%99%D7%99%D7%9F-%D7%A2%D7%9D-%D7%97%D7%95%D7%AA%D7%9E%D7%AA-%D7%90%D7%A4%D7%95%D7%A1%D7%98%D7%99%D7%9C/,MOBILE,0,52,0,63.71153846153846
https://jus-tice.co.il/%D7%A6%D7%95-%D7%9E%D7%A2%D7%A6%D7%A8-%D7%90%D7%99%D7%A8%D7%95%D7%A4%D7%99/,DESKTOP,0,684,0,46.095029239766085
https://jus-tice.co.il/%D7%A6%D7%95-%D7%9E%D7%A2%D7%A6%D7%A8-%D7%90%D7%99%D7%A8%D7%95%D7%A4%D7%99/,MOBILE,0,19,0,52
https://jus-tice.co.il/%D7%A7%D7%91%D7%99%D7%A2%D7%AA-%D7%92%D7%95%D7%91%D7%94-%D7%94%D7%9E%D7%96%D7%95%D7%A0%D7%95%D7%AA-%D7%91%D7%94%D7%AA%D7%90%D7%9D-%D7%9C%D7%9B%D7%95%D7%A9%D7%A8-%D7%94%D7%94%D7%A9%D7%AA%D7%9B%D7%A8%D7%95%D7%AA-%D7%95%D7%9C%D7%90-%D7%A8%D7%A7-%D7%9C%D7%92%D7%95%D7%91%D7%94-%D7%94%D7%94%D7%A9%D7%AA%D7%9B%D7%A8%D7%95%D7%AA-%D7%91%D7%A4%D7%95%D7%A2%D7%9C/,DESKTOP,0,320,0,60.834375
https://jus-tice.co.il/%D7%A7%D7%91%D7%99%D7%A2%D7%AA-%D7%92%D7%95%D7%91%D7%94-%D7%94%D7%9E%D7%96%D7%95%D7%A0%D7%95%D7%AA-%D7%91%D7%94%D7%AA%D7%90%D7%9D-%D7%9C%D7%9B%D7%95%D7%A9%D7%A8-%D7%94%D7%94%D7%A9%D7%AA%D7%9B%D7%A8%D7%95%D7%AA-%D7%95%D7%9C%D7%90-%D7%A8%D7%A7-%D7%9C%D7%92%D7%95%D7%91%D7%94-%D7%94%D7%94%D7%A9%D7%AA%D7%9B%D7%A8%D7%95%D7%AA-%D7%91%D7%A4%D7%95%D7%A2%D7%9C/,MOBILE,0,1,0,76
https://jus-tice.co.il/%D7%A7%D7%91%D7%99%D7%A2%D7%AA-%D7%9E%D7%95%D7%A2%D7%93-%D7%94%D7%A7%D7%A8%D7%A2-%D7%9C%D7%A2%D7%A0%D7%99%D7%99%D7%9F-%D7%90%D7%99%D7%96%D7%95%D7%9F-%D7%94%D7%9E%D7%A9%D7%90%D7%91%D7%99%D7%9D-%D7%91%D7%99%D7%9F-%D7%91%D7%A0%D7%99-%D7%96%D7%95%D7%92-%D7%AA%D7%9C%D7%94%D7%9E-18194-04-22/,DESKTOP,0,1634,0,28.901468788249694
https://jus-tice.co.il/%D7%A7%D7%91%D7%99%D7%A2%D7%AA-%D7%9E%D7%95%D7%A2%D7%93-%D7%94%D7%A7%D7%A8%D7%A2-%D7%9C%D7%A2%D7%A0%D7%99%D7%99%D7%9F-%D7%90%D7%99%D7%96%D7%95%D7%9F-%D7%94%D7%9E%D7%A9%D7%90%D7%91%D7%99%D7%9D-%D7%91%D7%99%D7%9F-%D7%91%D7%A0%D7%99-%D7%96%D7%95%D7%92-%D7%AA%D7%9C%D7%94%D7%9E-18194-04-22/,TABLET,0,1,0,21
https://jus-tice.co.il/%D7%A7%D7%98%D7%92%D7%95%D7%A8%D7%99%D7%95%D7%AA-%D7%9E%D7%90%D7%9E%D7%A8%D7%99%D7%9D/%D7%90%D7%99%D7%9B%D7%95%D7%AA-%D7%A1%D7%91%D7%99%D7%91%D7%94/,DESKTOP,0,66,0,90.03030303030303
https://jus-tice.co.il/%D7%A7%D7%98%D7%92%D7%95%D7%A8%D7%99%D7%95%D7%AA-%D7%9E%D7%90%D7%9E%D7%A8%D7%99%D7%9D/%D7%90%D7%99%D7%9B%D7%95%D7%AA-%D7%A1%D7%91%D7%99%D7%91%D7%94/,MOBILE,0,25,0,89.96
https://jus-tice.co.il/%D7%A7%D7%98%D7%92%D7%95%D7%A8%D7%99%D7%95%D7%AA-%D7%9E%D7%90%D7%9E%D7%A8%D7%99%D7%9D/%D7%91%D7%99%D7%98%D7%95%D7%97/,DESKTOP,0,325,0,76.62153846153846
https://jus-tice.co.il/%D7%A7%D7%98%D7%92%D7%95%D7%A8%D7%99%D7%95%D7%AA-%D7%9E%D7%90%D7%9E%D7%A8%D7%99%D7%9D/%D7%91%D7%99%D7%98%D7%95%D7%97/,MOBILE,0,1,0,70
https://jus-tice.co.il/%D7%A7%D7%98%D7%92%D7%95%D7%A8%D7%99%D7%95%D7%AA-%D7%9E%D7%90%D7%9E%D7%A8%D7%99%D7%9D/%D7%91%D7%9C%D7%95%D7%A7%D7%A6%D7%99%D7%99%D7%9F-%D7%95%D7%9E%D7%98%D7%91%D7%A2%D7%95%D7%AA-%D7%A7%D7%A8%D7%99%D7%A4%D7%98%D7%95%D7%92%D7%A8%D7%A4%D7%99%D7%9D/,DESKTOP,0,701,0,47.52639087018545
https://jus-tice.co.il/%D7%A7%D7%98%D7%92%D7%95%D7%A8%D7%99%D7%95%D7%AA-%D7%9E%D7%90%D7%9E%D7%A8%D7%99%D7%9D/%D7%91%D7%9C%D7%95%D7%A7%D7%A6%D7%99%D7%99%D7%9F-%D7%95%D7%9E%D7%98%D7%91%D7%A2%D7%95%D7%AA-%D7%A7%D7%A8%D7%99%D7%A4%D7%98%D7%95%D7%92%D7%A8%D7%A4%D7%99%D7%9D/,MOBILE,0,17,0,63.8235294117647
https://jus-tice.co.il/%D7%A7%D7%98%D7%92%D7%95%D7%A8%D7%99%D7%95%D7%AA-%D7%9E%D7%90%D7%9E%D7%A8%D7%99%D7%9D/%D7%93%D7%99%D7%A0%D7%99-%D7%9E%D7%A9%D7%A4%D7%97%D7%94/%D7%92%D7%99%D7%A8%D7%95%D7%A9%D7%99%D7%9F/%D7%9E%D7%96%D7%95%D7%A0%D7%95%D7%AA-%D7%99%D7%9C%D7%93%D7%99%D7%9D/,DESKTOP,0,56,0,77.10714285714286
https://jus-tice.co.il/%D7%A7%D7%98%D7%92%D7%95%D7%A8%D7%99%D7%95%D7%AA-%D7%9E%D7%90%D7%9E%D7%A8%D7%99%D7%9D/%D7%93%D7%99%D7%A0%D7%99-%D7%9E%D7%A9%D7%A4%D7%97%D7%94/%D7%92%D7%99%D7%A8%D7%95%D7%A9%D7%99%D7%9F/%D7%9E%D7%96%D7%95%D7%A0%D7%95%D7%AA-%D7%99%D7%9C%D7%93%D7%99%D7%9D/,MOBILE,0,17,0,70.05882352941177
https://jus-tice.co.il/%D7%A7%D7%98%D7%92%D7%95%D7%A8%D7%99%D7%95%D7%AA-%D7%9E%D7%90%D7%9E%D7%A8%D7%99%D7%9D/%D7%93%D7%99%D7%A0%D7%99-%D7%9E%D7%A9%D7%A4%D7%97%D7%94/%D7%A4%D7%A1%D7%A7%D7%99-%D7%93%D7%99%D7%9F-%D7%92%D7%99%D7%A8%D7%95%D7%A9%D7%99%D7%95-%D7%93%D7%99%D7%A0%D7%99-%D7%9E%D7%A9%D7%A4%D7%97%D7%94-2022/,DESKTOP,0,863,0,65.24217844727694
https://jus-tice.co.il/%D7%A7%D7%98%D7%92%D7%95%D7%A8%D7%99%D7%95%D7%AA-%D7%9E%D7%90%D7%9E%D7%A8%D7%99%D7%9D/%D7%93%D7%99%D7%A0%D7%99-%D7%9E%D7%A9%D7%A4%D7%97%D7%94/%D7%A4%D7%A1%D7%A7%D7%99-%D7%93%D7%99%D7%9F-%D7%92%D7%99%D7%A8%D7%95%D7%A9%D7%99%D7%95-%D7%93%D7%99%D7%A0%D7%99-%D7%9E%D7%A9%D7%A4%D7%97%D7%94-2022/,MOBILE,0,425,0,49.470588235294116
https://jus-tice.co.il/%D7%A7%D7%98%D7%92%D7%95%D7%A8%D7%99%D7%95%D7%AA-%D7%9E%D7%90%D7%9E%D7%A8%D7%99%D7%9D/%D7%93%D7%99%D7%A0%D7%99-%D7%9E%D7%A9%D7%A4%D7%97%D7%94/%D7%A4%D7%A1%D7%A7%D7%99-%D7%93%D7%99%D7%9F-%D7%97%D7%A9%D7%95%D7%91%D7%99%D7%9D/,DESKTOP,0,1725,0,29.307246376811595
https://jus-tice.co.il/%D7%A7%D7%98%D7%92%D7%95%D7%A8%D7%99%D7%95%D7%AA-%D7%9E%D7%90%D7%9E%D7%A8%D7%99%D7%9D/%D7%93%D7%99%D7%A0%D7%99-%D7%9E%D7%A9%D7%A4%D7%97%D7%94/%D7%A4%D7%A1%D7%A7%D7%99-%D7%93%D7%99%D7%9F-%D7%97%D7%A9%D7%95%D7%91%D7%99%D7%9D/,MOBILE,0,376,0,38.263297872340424
https://jus-tice.co.il/%D7%A7%D7%98%D7%92%D7%95%D7%A8%D7%99%D7%95%D7%AA-%D7%9E%D7%90%D7%9E%D7%A8%D7%99%D7%9D/%D7%93%D7%99%D7%A0%D7%99-%D7%9E%D7%A9%D7%A4%D7%97%D7%94/%D7%A4%D7%A1%D7%A7%D7%99-%D7%93%D7%99%D7%9F-%D7%97%D7%A9%D7%95%D7%91%D7%99%D7%9D/,TABLET,0,4,0,53.75
https://jus-tice.co.il/%D7%A7%D7%98%D7%92%D7%95%D7%A8%D7%99%D7%95%D7%AA-%D7%9E%D7%90%D7%9E%D7%A8%D7%99%D7%9D/%D7%93%D7%99%D7%A0%D7%99-%D7%A0%D7%96%D7%99%D7%A7%D7%99%D7%9F/,MOBILE,0,367,0,47.85013623978202
https://jus-tice.co.il/%D7%A7%D7%98%D7%92%D7%95%D7%A8%D7%99%D7%95%D7%AA-%D7%9E%D7%90%D7%9E%D7%A8%D7%99%D7%9D/%D7%93%D7%99%D7%A0%D7%99-%D7%A0%D7%96%D7%99%D7%A7%D7%99%D7%9F/%D7%A2%D7%95%D7%93-%D7%A0%D7%96%D7%99%D7%A7%D7%99%D7%9F-%D7%A4%D7%A1%D7%A7%D7%99-%D7%93%D7%99%D7%9F/,DESKTOP,0,1,0,72
https://jus-tice.co.il/%D7%A7%D7%98%D7%92%D7%95%D7%A8%D7%99%D7%95%D7%AA-%D7%9E%D7%90%D7%9E%D7%A8%D7%99%D7%9D/%D7%93%D7%99%D7%A0%D7%99-%D7%AA%D7%A2%D7%91%D7%95%D7%A8%D7%94/,DESKTOP,0,753,0,44.18725099601593
https://jus-tice.co.il/%D7%A7%D7%98%D7%92%D7%95%D7%A8%D7%99%D7%95%D7%AA-%D7%9E%D7%90%D7%9E%D7%A8%D7%99%D7%9D/%D7%93%D7%99%D7%A0%D7%99-%D7%AA%D7%A2%D7%91%D7%95%D7%A8%D7%94/,MOBILE,0,315,0,46.44126984126984
https://jus-tice.co.il/%D7%A7%D7%98%D7%92%D7%95%D7%A8%D7%99%D7%95%D7%AA-%D7%9E%D7%90%D7%9E%D7%A8%D7%99%D7%9D/%D7%93%D7%99%D7%A0%D7%99-%D7%AA%D7%A7%D7%A9%D7%95%D7%A8%D7%AA,DESKTOP,0,1,0,81
https://jus-tice.co.il/%D7%A7%D7%98%D7%92%D7%95%D7%A8%D7%99%D7%95%D7%AA-%D7%9E%D7%90%D7%9E%D7%A8%D7%99%D7%9D/%D7%93%D7%99%D7%A0%D7%99-%D7%AA%D7%A7%D7%A9%D7%95%D7%A8%D7%AA/,DESKTOP,0,3,0,74
https://jus-tice.co.il/%D7%A7%D7%98%D7%92%D7%95%D7%A8%D7%99%D7%95%D7%AA-%D7%9E%D7%90%D7%9E%D7%A8%D7%99%D7%9D/%D7%93%D7%99%D7%A0%D7%99-%D7%AA%D7%A7%D7%A9%D7%95%D7%A8%D7%AA/,TABLET,0,1,0,1
https://jus-tice.co.il/%D7%A7%D7%98%D7%92%D7%95%D7%A8%D7%99%D7%95%D7%AA-%D7%9E%D7%90%D7%9E%D7%A8%D7%99%D7%9D/%D7%99%D7%A8%D7%95%D7%A9%D7%95%D7%AA-%D7%95%D7%A6%D7%95%D7%95%D7%90%D7%95%D7%AA/,DESKTOP,0,501,0,76.82035928143712
https://jus-tice.co.il/%D7%A7%D7%98%D7%92%D7%95%D7%A8%D7%99%D7%95%D7%AA-%D7%9E%D7%90%D7%9E%D7%A8%D7%99%D7%9D/%D7%99%D7%A8%D7%95%D7%A9%D7%95%D7%AA-%D7%95%D7%A6%D7%95%D7%95%D7%90%D7%95%D7%AA/,MOBILE,0,127,0,77.73228346456693
https://jus-tice.co.il/%D7%A7%D7%98%D7%92%D7%95%D7%A8%D7%99%D7%95%D7%AA-%D7%9E%D7%90%D7%9E%D7%A8%D7%99%D7%9D/%D7%99%D7%A8%D7%95%D7%A9%D7%95%D7%AA-%D7%95%D7%A6%D7%95%D7%95%D7%90%D7%95%D7%AA/,TABLET,0,6,0,64.33333333333334
https://jus-tice.co.il/%D7%A7%D7%98%D7%92%D7%95%D7%A8%D7%99%D7%95%D7%AA-%D7%9E%D7%90%D7%9E%D7%A8%D7%99%D7%9D/%D7%9B%D7%A0%D7%A1%D7%AA-%D7%99%D7%A9%D7%A8%D7%90%D7%9C/,DESKTOP,0,2,0,11.5
https://jus-tice.co.il/%D7%A7%D7%98%D7%92%D7%95%D7%A8%D7%99%D7%95%D7%AA-%D7%9E%D7%90%D7%9E%D7%A8%D7%99%D7%9D/%D7%9B%D7%A0%D7%A1%D7%AA-%D7%99%D7%A9%D7%A8%D7%90%D7%9C/,MOBILE,0,1,0,6
https://jus-tice.co.il/%D7%A7%D7%98%D7%92%D7%95%D7%A8%D7%99%D7%95%D7%AA-%D7%9E%D7%90%D7%9E%D7%A8%D7%99%D7%9D/%D7%9C%D7%A9%D7%95%D7%9F-%D7%94%D7%A8%D7%A2/,DESKTOP,0,20,0,63.8
https://jus-tice.co.il/%D7%A7%D7%98%D7%92%D7%95%D7%A8%D7%99%D7%95%D7%AA-%D7%9E%D7%90%D7%9E%D7%A8%D7%99%D7%9D/%D7%9E%D7%99%D7%A1%D7%99%D7%9D/,DESKTOP,0,227,0,77.14977973568281
https://jus-tice.co.il/%D7%A7%D7%98%D7%92%D7%95%D7%A8%D7%99%D7%95%D7%AA-%D7%9E%D7%90%D7%9E%D7%A8%D7%99%D7%9D/%D7%9E%D7%99%D7%A1%D7%99%D7%9D/,MOBILE,0,75,0,78.18666666666667
https://jus-tice.co.il/%D7%A7%D7%98%D7%92%D7%95%D7%A8%D7%99%D7%95%D7%AA-%D7%9E%D7%90%D7%9E%D7%A8%D7%99%D7%9D/%D7%9E%D7%A9%D7%A4%D7%98-%D7%99%D7%9E%D7%99,DESKTOP,0,10,0,44.8
https://jus-tice.co.il/%D7%A7%D7%98%D7%92%D7%95%D7%A8%D7%99%D7%95%D7%AA-%D7%9E%D7%90%D7%9E%D7%A8%D7%99%D7%9D/%D7%9E%D7%A9%D7%A4%D7%98-%D7%99%D7%9E%D7%99/,DESKTOP,0,73,0,37.47945205479452
https://jus-tice.co.il/%D7%A7%D7%98%D7%92%D7%95%D7%A8%D7%99%D7%95%D7%AA-%D7%9E%D7%90%D7%9E%D7%A8%D7%99%D7%9D/%D7%9E%D7%A9%D7%A4%D7%98-%D7%99%D7%9E%D7%99/,TABLET,0,1,0,1
https://jus-tice.co.il/%D7%A7%D7%98%D7%92%D7%95%D7%A8%D7%99%D7%95%D7%AA-%D7%9E%D7%90%D7%9E%D7%A8%D7%99%D7%9D/%D7%9E%D7%A9%D7%A4%D7%98-%D7%9E%D7%A0%D7%94%D7%9C%D7%99/,DESKTOP,0,62,0,68.87096774193549
https://jus-tice.co.il/%D7%A7%D7%98%D7%92%D7%95%D7%A8%D7%99%D7%95%D7%AA-%D7%9E%D7%90%D7%9E%D7%A8%D7%99%D7%9D/%D7%9E%D7%A9%D7%A4%D7%98-%D7%9E%D7%A0%D7%94%D7%9C%D7%99/,MOBILE,0,2,0,27
https://jus-tice.co.il/%D7%A7%D7%98%D7%92%D7%95%D7%A8%D7%99%D7%95%D7%AA-%D7%9E%D7%90%D7%9E%D7%A8%D7%99%D7%9D/%D7%9E%D7%A9%D7%A4%D7%98-%D7%A4%D7%9C%D7%99%D7%9C%D7%99/%D7%A2%D7%95%D7%A8%D7%9A-%D7%93%D7%99%D7%9F-%D7%A4%D7%9C%D7%99%D7%9C%D7%99-%D7%A4%D7%A1%D7%A7%D7%99-%D7%93%D7%99%D7%9F-2022/,DESKTOP,0,309,0,32.042071197411005
https://jus-tice.co.il/%D7%A7%D7%98%D7%92%D7%95%D7%A8%D7%99%D7%95%D7%AA-%D7%9E%D7%90%D7%9E%D7%A8%D7%99%D7%9D/%D7%9E%D7%A9%D7%A4%D7%98-%D7%A4%D7%9C%D7%99%D7%9C%D7%99/%D7%A2%D7%95%D7%A8%D7%9A-%D7%93%D7%99%D7%9F-%D7%A4%D7%9C%D7%99%D7%9C%D7%99-%D7%A4%D7%A1%D7%A7%D7%99-%D7%93%D7%99%D7%9F-2022/,MOBILE,0,18,0,32.77777777777778
https://jus-tice.co.il/%D7%A7%D7%98%D7%92%D7%95%D7%A8%D7%99%D7%95%D7%AA-%D7%9E%D7%90%D7%9E%D7%A8%D7%99%D7%9D/%D7%9E%D7%A9%D7%A4%D7%98-%D7%A4%D7%9C%D7%99%D7%9C%D7%99/%D7%A4%D7%9C%D7%99%D7%9C%D7%99-%D7%A4%D7%A1%D7%A7%D7%99-%D7%93%D7%99%D7%9F-%D7%97%D7%A9%D7%95%D7%91%D7%99%D7%9D/,TABLET,0,4,0,18
https://jus-tice.co.il/%D7%A7%D7%98%D7%92%D7%95%D7%A8%D7%99%D7%95%D7%AA-%D7%9E%D7%90%D7%9E%D7%A8%D7%99%D7%9D/%D7%A2%D7%A0%D7%99%D7%99%D7%A0%D7%99-%D7%99%D7%A8%D7%95%D7%A9%D7%94/,DESKTOP,0,102,0,29.19607843137255
https://jus-tice.co.il/%D7%A7%D7%98%D7%92%D7%95%D7%A8%D7%99%D7%95%D7%AA-%D7%9E%D7%90%D7%9E%D7%A8%D7%99%D7%9D/%D7%A4%D7%95%D7%A8%D7%98%D7%95%D7%92%D7%9C/,DESKTOP,0,4,0,74.75
https://jus-tice.co.il/%D7%A7%D7%98%D7%92%D7%95%D7%A8%D7%99%D7%95%D7%AA-%D7%9E%D7%90%D7%9E%D7%A8%D7%99%D7%9D/%D7%A4%D7%95%D7%A8%D7%98%D7%95%D7%92%D7%9C/,MOBILE,0,1,0,63
https://jus-tice.co.il/%D7%A7%D7%98%D7%92%D7%95%D7%A8%D7%99%D7%95%D7%AA-%D7%9E%D7%90%D7%9E%D7%A8%D7%99%D7%9D/%D7%A4%D7%99%D7%A6%D7%95%D7%99%D7%99%D7%9D/,DESKTOP,0,5,0,54
https://jus-tice.co.il/%D7%A7%D7%98%D7%92%D7%95%D7%A8%D7%99%D7%95%D7%AA-%D7%9E%D7%90%D7%9E%D7%A8%D7%99%D7%9D/%D7%A4%D7%9C%D7%AA%D7%93/,DESKTOP,0,4,0,62.25
https://jus-tice.co.il/%D7%A7%D7%98%D7%92%D7%95%D7%A8%D7%99%D7%95%D7%AA-%D7%9E%D7%90%D7%9E%D7%A8%D7%99%D7%9D/%D7%A6%D7%95%D7%95%D7%90%D7%95%D7%AA/,DESKTOP,0,22,0,62
https://jus-tice.co.il/%D7%A7%D7%98%D7%92%D7%95%D7%A8%D7%99%D7%95%D7%AA-%D7%9E%D7%90%D7%9E%D7%A8%D7%99%D7%9D/%D7%A6%D7%95%D7%95%D7%90%D7%95%D7%AA/,MOBILE,0,3,0,44.666666666666664
https://jus-tice.co.il/%D7%A7%D7%98%D7%92%D7%95%D7%A8%D7%99%D7%95%D7%AA-%D7%9E%D7%90%D7%9E%D7%A8%D7%99%D7%9D/%D7%A7%D7%A0%D7%99%D7%99%D7%9F-%D7%A8%D7%95%D7%97%D7%A0%D7%99/,DESKTOP,0,15,0,70.4
https://jus-tice.co.il/%D7%A7%D7%98%D7%92%D7%95%D7%A8%D7%99%D7%95%D7%AA-%D7%9E%D7%90%D7%9E%D7%A8%D7%99%D7%9D/%D7%AA%D7%95%D7%91%D7%A2%D7%A0%D7%95%D7%AA-%D7%99%D7%99%D7%A6%D7%95%D7%92%D7%99%D7%95%D7%AA/,DESKTOP,0,5,0,77.2
https://jus-tice.co.il/%D7%A7%D7%98%D7%92%D7%95%D7%A8%D7%99%D7%95%D7%AA-%D7%9E%D7%90%D7%9E%D7%A8%D7%99%D7%9D/%D7%AA%D7%95%D7%91%D7%A2%D7%A0%D7%95%D7%AA-%D7%99%D7%99%D7%A6%D7%95%D7%92%D7%99%D7%95%D7%AA/,MOBILE,0,1,0,85
https://jus-tice.co.il/%D7%A7%D7%99%D7%95%D7%9D-%D7%93%D7%99%D7%95%D7%A0%D7%99%D7%9D-%D7%91%D7%94%D7%9D-%D7%9E%D7%A9%D7%AA%D7%AA%D7%A3-%D7%A2%D7%A6%D7%99%D7%A8-%D7%90%D7%95-%D7%90%D7%A1%D7%99%D7%A8-%D7%91%D7%94%D7%99%D7%95%D7%95%D7%A2%D7%93%D7%95%D7%AA-%D7%97%D7%96%D7%95%D7%AA%D7%99%D7%AA/,DESKTOP,0,133,0,69.33834586466165
https://jus-tice.co.il/%D7%A7%D7%A8%D7%99%D7%98%D7%A8%D7%99%D7%95%D7%A0%D7%99%D7%9D-%D7%9C%D7%A7%D7%91%D7%99%D7%A2%D7%AA-%D7%9E%D7%A2%D7%9E%D7%93-%D7%91%D7%A0%D7%99-%D7%94%D7%96%D7%95%D7%92-%D7%9C%D7%A4%D7%A0%D7%99-%D7%94%D7%97%D7%AA%D7%95%D7%A0%D7%94-%D7%9B%D7%99%D7%93%D7%95%D7%A2%D7%99%D7%9D-%D7%91%D7%A6%D7%99%D7%91%D7%95%D7%A8/,DESKTOP,0,905,0,56.54806629834254
https://jus-tice.co.il/%D7%A7%D7%A8%D7%99%D7%98%D7%A8%D7%99%D7%95%D7%A0%D7%99%D7%9D-%D7%9C%D7%A7%D7%91%D7%99%D7%A2%D7%AA-%D7%9E%D7%A2%D7%9E%D7%93-%D7%91%D7%A0%D7%99-%D7%94%D7%96%D7%95%D7%92-%D7%9C%D7%A4%D7%A0%D7%99-%D7%94%D7%97%D7%AA%D7%95%D7%A0%D7%94-%D7%9B%D7%99%D7%93%D7%95%D7%A2%D7%99%D7%9D-%D7%91%D7%A6%D7%99%D7%91%D7%95%D7%A8/,MOBILE,0,148,0,59.0472972972973
https://jus-tice.co.il/%D7%A8%D7%99%D7%A9%D7%95%D7%9D-%D7%A7%D7%98%D7%99%D7%9F-%D7%9C%D7%9E%D7%95%D7%A1%D7%93-%D7%97%D7%99%D7%A0%D7%95%D7%9B%D7%99-%D7%9C%D7%A9%D7%A0%D7%AA-%D7%94%D7%9C%D7%99%D7%9E%D7%95%D7%93%D7%99%D7%9D-%D7%AA%D7%A9%D7%A4%D7%91/,DESKTOP,0,105,0,58.63809523809524
https://jus-tice.co.il/%D7%A8%D7%9B%D7%99%D7%A9%D7%AA-%D7%A0%D7%93%D7%9C%D7%9F-%D7%91%D7%9E%D7%A0%D7%94%D7%98%D7%9F-%D7%9E%D7%94-%D7%97%D7%95%D7%91%D7%94-%D7%9C%D7%91%D7%93%D7%95%D7%A7-%D7%9C%D7%A4%D7%A0%D7%99-%D7%91%D7%99%D7%A6%D7%95%D7%A2-%D7%A2%D7%A1%D7%A7%D7%94/,DESKTOP,0,2160,0,41.269444444444446
https://jus-tice.co.il/%D7%A8%D7%9B%D7%99%D7%A9%D7%AA-%D7%A0%D7%93%D7%9C%D7%9F-%D7%91%D7%9E%D7%A0%D7%94%D7%98%D7%9F-%D7%9E%D7%94-%D7%97%D7%95%D7%91%D7%94-%D7%9C%D7%91%D7%93%D7%95%D7%A7-%D7%9C%D7%A4%D7%A0%D7%99-%D7%91%D7%99%D7%A6%D7%95%D7%A2-%D7%A2%D7%A1%D7%A7%D7%94/,MOBILE,0,476,0,50.42226890756302
https://jus-tice.co.il/%D7%A8%D7%9E%D7%A929980-04-22%D7%A2-%D7%90-%D7%95-%D7%A0-%D7%A4-%D7%95/,DESKTOP,0,271,0,61.28782287822878
https://jus-tice.co.il/%D7%A8%D7%9E%D7%A929980-04-22%D7%A2-%D7%90-%D7%95-%D7%A0-%D7%A4-%D7%95/,MOBILE,0,8,0,71.75
https://jus-tice.co.il/%D7%A8%D7%A9%D7%99%D7%9E%D7%AA-%D7%9E%D7%95%D7%9E%D7%97%D7%99%D7%9D-%D7%A8%D7%A4%D7%95%D7%90%D7%99%D7%99%D7%9D-%D7%9C%D7%91%D7%99%D7%AA-%D7%9E%D7%A9%D7%A4%D7%98-%D7%9E%D7%AA%D7%A2%D7%93%D7%9B%D7%9F/,TABLET,0,1,0,10
https://jus-tice.co.il/%D7%A8%D7%A9%D7%9C%D7%A0%D7%95%D7%AA-%D7%A8%D7%A4%D7%95%D7%90%D7%99%D7%AA-%D7%90%D7%91%D7%97%D7%95%D7%9F-%D7%A9%D7%92%D7%95%D7%99/,DESKTOP,0,590,0,61.92542372881356
https://jus-tice.co.il/%D7%A8%D7%A9%D7%9C%D7%A0%D7%95%D7%AA-%D7%A8%D7%A4%D7%95%D7%90%D7%99%D7%AA-%D7%90%D7%91%D7%97%D7%95%D7%9F-%D7%A9%D7%92%D7%95%D7%99/,MOBILE,0,25,0,74.28
https://jus-tice.co.il/%D7%A8%D7%A9%D7%9C%D7%A0%D7%95%D7%AA-%D7%A8%D7%A4%D7%95%D7%90%D7%99%D7%AA-%D7%91%D7%94%D7%99%D7%AA-%D7%97%D7%95%D7%9C%D7%99%D7%9D/,DESKTOP,0,1265,0,59.35810276679842
https://jus-tice.co.il/%D7%A8%D7%A9%D7%9C%D7%A0%D7%95%D7%AA-%D7%A8%D7%A4%D7%95%D7%90%D7%99%D7%AA-%D7%91%D7%94%D7%99%D7%AA-%D7%97%D7%95%D7%9C%D7%99%D7%9D/,MOBILE,0,114,0,61.780701754385966
https://jus-tice.co.il/%D7%A8%D7%A9%D7%9C%D7%A0%D7%95%D7%AA-%D7%A8%D7%A4%D7%95%D7%90%D7%99%D7%AA-%D7%95%D7%AA%D7%A4%D7%A7%D7%99%D7%93%D7%9D-%D7%A9%D7%9C-%D7%A2%D7%93%D7%99%D7%9D-%D7%9E%D7%95%D7%9E%D7%97%D7%99%D7%9D-%D7%9B%D7%99%D7%A6%D7%93-%D7%A2%D7%93%D7%95%D7%AA-%D7%9E%D7%95%D7%9E%D7%97%D7%99%D7%9D-%D7%99%D7%9B%D7%95%D7%9C%D7%94-%D7%9C%D7%A2%D7%96%D7%95%D7%A8-%D7%9C%D7%A7%D7%95%D7%A8%D7%91%D7%A0%D7%95%D7%AA-%D7%A8%D7%A9%D7%9C%D7%A0%D7%95%D7%AA-%D7%9C%D7%97%D7%A4%D7%A9-%D7%A6%D7%93%D7%A7/,DESKTOP,0,9,0,87.44444444444444
https://jus-tice.co.il/%D7%A8%D7%AA%D7%A7-38215-11-21-%D7%A9%D7%95%D7%A1%D7%98%D7%A8%D7%9E%D7%9F-%D7%A0-%D7%90%D7%9C%D7%91%D7%A8-%D7%A6%D7%99%D7%99-%D7%A8%D7%9B%D7%91/,TABLET,0,2,0,50.5
https://jus-tice.co.il/%D7%A9%D7%95%D7%A4%D7%98%D7%AA-%D7%99%D7%A4%D7%A2%D7%AA-%D7%A9%D7%A7%D7%93%D7%99-%D7%A9%D7%A5-%D7%A4%D7%A1%D7%93-%D7%91%D7%97%D7%9C%D7%95%D7%A7%D7%AA-%D7%96%D7%9B%D7%95%D7%99%D7%95%D7%AA-%D7%95%D7%A1%D7%99%D7%9C%D7%95%D7%A7-%D7%99%D7%93-%D7%91%D7%9E%D7%A9%D7%A7-%D7%A9%D7%9C-%D7%99%D7%93%D7%95%D7%A2%D7%99%D7%9D-%D7%91%D7%A6%D7%99%D7%91%D7%95%D7%A8-%D7%AA%D7%9C%D7%94%D7%9E-41769-11-19/,DESKTOP,0,366,0,45.26502732240437
https://jus-tice.co.il/%D7%A9%D7%95%D7%A4%D7%98%D7%AA-%D7%99%D7%A4%D7%A2%D7%AA-%D7%A9%D7%A7%D7%93%D7%99-%D7%A9%D7%A5-%D7%A4%D7%A1%D7%93-%D7%91%D7%97%D7%9C%D7%95%D7%A7%D7%AA-%D7%96%D7%9B%D7%95%D7%99%D7%95%D7%AA-%D7%95%D7%A1%D7%99%D7%9C%D7%95%D7%A7-%D7%99%D7%93-%D7%91%D7%9E%D7%A9%D7%A7-%D7%A9%D7%9C-%D7%99%D7%93%D7%95%D7%A2%D7%99%D7%9D-%D7%91%D7%A6%D7%99%D7%91%D7%95%D7%A8-%D7%AA%D7%9C%D7%94%D7%9E-41769-11-19/,TABLET,0,4,0,6.75
https://jus-tice.co.il/%D7%A9%D7%95%D7%A7-%D7%94%D7%A0%D7%93%D7%9C%D7%9F-%D7%91%D7%A7%D7%A4%D7%A8%D7%99%D7%A1%D7%99%D7%9F/,DESKTOP,0,7278,0,59.2529541082715
https://jus-tice.co.il/%D7%A9%D7%95%D7%A7-%D7%94%D7%A0%D7%93%D7%9C%D7%9F-%D7%91%D7%A7%D7%A4%D7%A8%D7%99%D7%A1%D7%99%D7%9F/,MOBILE,0,510,0,59.44705882352941
https://jus-tice.co.il/%D7%AA%D7%90-16763-09-21%D7%9E%D7%95%D7%98%D7%99%D7%A2%D7%99-%D7%A0-%D7%A1%D7%A4%D7%A6%D7%99%D7%A7-%D7%A8%D7%99%D7%91%D7%A7-%D7%95%D7%90%D7%97/,DESKTOP,0,110,0,59.22727272727273
https://jus-tice.co.il/%D7%AA%D7%90-16763-09-21%D7%9E%D7%95%D7%98%D7%99%D7%A2%D7%99-%D7%A0-%D7%A1%D7%A4%D7%A6%D7%99%D7%A7-%D7%A8%D7%99%D7%91%D7%A7-%D7%95%D7%90%D7%97/,MOBILE,0,8,0,59.125
https://jus-tice.co.il/%D7%AA%D7%90-19141-07-18-%D7%94%D7%9C%D7%95%D7%99-%D7%A0-%D7%A4%D7%98-%D7%91%D7%99%D7%99-%D7%99%D7%A9%D7%A8%D7%90%D7%9C-%D7%91%D7%A2%D7%9E-%D7%95%D7%90%D7%97/,DESKTOP,0,1356,0,57.87979351032448
https://jus-tice.co.il/%D7%AA%D7%90-19141-07-18-%D7%94%D7%9C%D7%95%D7%99-%D7%A0-%D7%A4%D7%98-%D7%91%D7%99%D7%99-%D7%99%D7%A9%D7%A8%D7%90%D7%9C-%D7%91%D7%A2%D7%9E-%D7%95%D7%90%D7%97/,MOBILE,0,14,0,62.142857142857146
https://jus-tice.co.il/%D7%AA%D7%90-28120-03-18-%D7%A4%D7%9C%D7%95%D7%A0%D7%99-%D7%A0-googel-llc-%D7%95%D7%90%D7%97/,DESKTOP,0,1856,0,57.7957974137931
https://jus-tice.co.il/%D7%AA%D7%90-28120-03-18-%D7%A4%D7%9C%D7%95%D7%A0%D7%99-%D7%A0-googel-llc-%D7%95%D7%90%D7%97/,MOBILE,0,129,0,43.13178294573643
https://jus-tice.co.il/%D7%AA%D7%90-28120-03-18-%D7%A4%D7%9C%D7%95%D7%A0%D7%99-%D7%A0-googel-llc-%D7%95%D7%90%D7%97/,TABLET,0,1,0,68
https://jus-tice.co.il/%D7%AA%D7%90-42164-01-19-%D7%A7%D7%95%D7%A8%D7%9E%D7%9F-%D7%95%D7%90%D7%97-%D7%A0-%D7%98%D7%91%D7%9C/,DESKTOP,0,959,0,53.74139728884254
https://jus-tice.co.il/%D7%AA%D7%90-42164-01-19-%D7%A7%D7%95%D7%A8%D7%9E%D7%9F-%D7%95%D7%90%D7%97-%D7%A0-%D7%98%D7%91%D7%9C/,MOBILE,0,210,0,45.46666666666667
https://jus-tice.co.il/%D7%AA%D7%90-48125-05-18-%D7%92%D7%91%D7%90%D7%99-%D7%95%D7%90%D7%97-%D7%A0-%D7%A7%D7%91%D7%95%D7%A6%D7%AA-%D7%97%D7%92%D7%92-%D7%99%D7%99%D7%96%D7%95%D7%9D-%D7%A0%D7%93%D7%9C%D7%9F/,DESKTOP,0,207,0,79.68115942028986
https://jus-tice.co.il/%D7%AA%D7%90-48125-05-18-%D7%92%D7%91%D7%90%D7%99-%D7%95%D7%90%D7%97-%D7%A0-%D7%A7%D7%91%D7%95%D7%A6%D7%AA-%D7%97%D7%92%D7%92-%D7%99%D7%99%D7%96%D7%95%D7%9D-%D7%A0%D7%93%D7%9C%D7%9F/,MOBILE,0,13,0,34.53846153846154
https://jus-tice.co.il/%D7%AA%D7%90-48441-01-15-%D7%A4%D7%9C%D7%95%D7%A0%D7%99-%D7%A0%D7%92%D7%93-%D7%9E%D7%92%D7%93%D7%9C-%D7%97%D7%91%D7%A8%D7%94-%D7%9C%D7%91%D7%99%D7%98%D7%95%D7%97/,DESKTOP,0,609,0,78.94252873563218
https://jus-tice.co.il/%D7%AA%D7%90-48441-01-15-%D7%A4%D7%9C%D7%95%D7%A0%D7%99-%D7%A0%D7%92%D7%93-%D7%9E%D7%92%D7%93%D7%9C-%D7%97%D7%91%D7%A8%D7%94-%D7%9C%D7%91%D7%99%D7%98%D7%95%D7%97/,MOBILE,0,23,0,74.43478260869566
https://jus-tice.co.il/%D7%AA%D7%90-55450-03-20-%D7%9E%D7%A0%D7%98%D7%99%D7%9F-%D7%90%D7%99%D7%A0%D7%95%D7%95%D7%A1%D7%98%D7%9E%D7%A0%D7%98%D7%A1-%D7%91%D7%A2%D7%9E-%D7%95%D7%90%D7%97-%D7%A0-%D7%A1%D7%A8%D7%92%D7%A0%D7%99/,DESKTOP,0,2007,0,70.08470353761834
https://jus-tice.co.il/%D7%AA%D7%90-55450-03-20-%D7%9E%D7%A0%D7%98%D7%99%D7%9F-%D7%90%D7%99%D7%A0%D7%95%D7%95%D7%A1%D7%98%D7%9E%D7%A0%D7%98%D7%A1-%D7%91%D7%A2%D7%9E-%D7%95%D7%90%D7%97-%D7%A0-%D7%A1%D7%A8%D7%92%D7%A0%D7%99/,MOBILE,0,126,0,73.62698412698413
https://jus-tice.co.il/%D7%AA%D7%90-63470-05-19-%D7%96%D7%95%D7%94%D7%A8-%D7%95%D7%90%D7%97-%D7%A0-facebook-inc-%D7%95%D7%90%D7%97-23-%D7%9C%D7%90%D7%95%D7%92%D7%95%D7%A1%D7%98-2021/,DESKTOP,0,752,0,52.03989361702128
https://jus-tice.co.il/%D7%AA%D7%90-63470-05-19-%D7%96%D7%95%D7%94%D7%A8-%D7%95%D7%90%D7%97-%D7%A0-facebook-inc-%D7%95%D7%90%D7%97-23-%D7%9C%D7%90%D7%95%D7%92%D7%95%D7%A1%D7%98-2021/,MOBILE,0,215,0,40
https://jus-tice.co.il/%D7%AA%D7%90-63470-05-19-%D7%96%D7%95%D7%94%D7%A8-%D7%95%D7%90%D7%97-%D7%A0-facebook-inc-%D7%95%D7%90%D7%97-23-%D7%9C%D7%90%D7%95%D7%92%D7%95%D7%A1%D7%98-2021/,TABLET,0,1,0,22
https://jus-tice.co.il/%D7%AA%D7%90-63521-05-19-%D7%A4%D7%99%D7%A7%D7%9C-%D7%A0-%D7%90%D7%A2-%D7%90%D7%9C%D7%99%D7%9E%D7%9C%D7%9A-%D7%97%D7%91%D7%A8%D7%94-%D7%9C%D7%91%D7%A0%D7%99%D7%9F-%D7%95%D7%9C%D7%A4%D7%99%D7%AA%D7%95%D7%97-%D7%A8%D7%97%D7%95%D7%91%D7%95%D7%AA-%D7%91%D7%A2%D7%9E/,DESKTOP,0,590,0,59.877966101694916
https://jus-tice.co.il/%D7%AA%D7%90-79092-12-20-%D7%A8%D7%A9%D7%9C%D7%A0%D7%95%D7%AA-%D7%A8%D7%A4%D7%95%D7%90%D7%99%D7%AA/,DESKTOP,0,203,0,78.94581280788178
https://jus-tice.co.il/%D7%AA%D7%9013429-05-21-%D7%A0%D7%AA%D7%A0%D7%99%D7%94%D7%95-%D7%95%D7%90%D7%97-%D7%A0-%D7%90%D7%95%D7%9C%D7%9E%D7%A8%D7%98/,DESKTOP,0,65,0,51.03076923076923
https://jus-tice.co.il/%D7%AA%D7%9013429-05-21-%D7%A0%D7%AA%D7%A0%D7%99%D7%94%D7%95-%D7%95%D7%90%D7%97-%D7%A0-%D7%90%D7%95%D7%9C%D7%9E%D7%A8%D7%98/,MOBILE,0,5,0,26.4
https://jus-tice.co.il/%D7%AA%D7%903634-10-16%D7%A4%D7%9C%D7%95%D7%A0%D7%99-%D7%A0-%D7%90%D7%92%D7%93-%D7%AA%D7%A2%D7%91%D7%95%D7%A8%D7%94-%D7%91%D7%A2%D7%9E/,DESKTOP,0,168,0,53.267857142857146
https://jus-tice.co.il/%D7%AA%D7%903634-10-16%D7%A4%D7%9C%D7%95%D7%A0%D7%99-%D7%A0-%D7%90%D7%92%D7%93-%D7%AA%D7%A2%D7%91%D7%95%D7%A8%D7%94-%D7%91%D7%A2%D7%9E/,MOBILE,0,44,0,46.68181818181818
https://jus-tice.co.il/%D7%AA%D7%91%D7%99%D7%A2%D7%94-%D7%90%D7%96%D7%A8%D7%97%D7%99%D7%AA-%D7%A0%D7%92%D7%A8%D7%A8%D7%AA-%D7%9C%D7%94%D7%A8%D7%A9%D7%A2%D7%94-%D7%91%D7%A4%D7%9C%D7%99%D7%9C%D7%99%D7%9D-%D7%AA%D7%90-38003-03-19/,TABLET,0,4,0,8.75
https://jus-tice.co.il/%D7%AA%D7%91%D7%99%D7%A2%D7%94-%D7%91%D7%99%D7%97%D7%A1-%D7%9C%D7%96%D7%9B%D7%95%D7%99%D7%95%D7%AA-%D7%99%D7%95%D7%A6%D7%A8%D7%99%D7%9D-%D7%91%D7%9E%D7%A9%D7%97%D7%A7-%D7%A9%D7%9D-%D7%A7%D7%95%D7%93/,DESKTOP,0,91,0,54.8021978021978
https://jus-tice.co.il/%D7%AA%D7%91%D7%99%D7%A2%D7%94-%D7%91%D7%99%D7%97%D7%A1-%D7%9C%D7%96%D7%9B%D7%95%D7%99%D7%95%D7%AA-%D7%99%D7%95%D7%A6%D7%A8%D7%99%D7%9D-%D7%91%D7%9E%D7%A9%D7%97%D7%A7-%D7%A9%D7%9D-%D7%A7%D7%95%D7%93/,MOBILE,0,1,0,95
https://jus-tice.co.il/%D7%AA%D7%91%D7%99%D7%A2%D7%94-%D7%A9%D7%9C-%D7%90%D7%99%D7%A9%D7%94-%D7%9C%D7%A7%D7%91%D7%9C-%D7%A4%D7%99%D7%A6%D7%95%D7%99%D7%99%D7%9D-%D7%9E%D7%91%D7%9F-%D7%96%D7%95%D7%92%D7%94-%D7%9C%D7%A9%D7%A2%D7%91%D7%A8-%D7%91%D7%A9%D7%9C-%D7%AA%D7%99%D7%A2%D7%95%D7%93-%D7%90%D7%99%D7%A0%D7%98%D7%99%D7%9E%D7%99-%D7%91%D7%90%D7%9E%D7%A6%D7%A2%D7%95%D7%AA-%D7%9E%D7%A6%D7%9C%D7%9E%D7%95%D7%AA-%D7%A9%D7%94%D7%AA%D7%A7%D7%99%D7%9F-%D7%91%D7%93%D7%99%D7%A8%D7%AA%D7%94-%D7%AA%D7%9C%D7%94%D7%9E-47127-07-21/,DESKTOP,0,167,0,76.81437125748504
https://jus-tice.co.il/%D7%AA%D7%91%D7%99%D7%A2%D7%94-%D7%A9%D7%9C-%D7%90%D7%99%D7%A9%D7%94-%D7%9C%D7%A7%D7%91%D7%9C-%D7%A4%D7%99%D7%A6%D7%95%D7%99%D7%99%D7%9D-%D7%9E%D7%91%D7%9F-%D7%96%D7%95%D7%92%D7%94-%D7%9C%D7%A9%D7%A2%D7%91%D7%A8-%D7%91%D7%A9%D7%9C-%D7%AA%D7%99%D7%A2%D7%95%D7%93-%D7%90%D7%99%D7%A0%D7%98%D7%99%D7%9E%D7%99-%D7%91%D7%90%D7%9E%D7%A6%D7%A2%D7%95%D7%AA-%D7%9E%D7%A6%D7%9C%D7%9E%D7%95%D7%AA-%D7%A9%D7%94%D7%AA%D7%A7%D7%99%D7%9F-%D7%91%D7%93%D7%99%D7%A8%D7%AA%D7%94-%D7%AA%D7%9C%D7%94%D7%9E-47127-07-21/,MOBILE,0,5,0,75.6
https://jus-tice.co.il/%D7%AA%D7%91%D7%99%D7%A2%D7%94-%D7%A9%D7%9C-%D7%A9%D7%95%D7%9B%D7%A8%D7%99%D7%9D-%D7%A0%D7%92%D7%93-%D7%94%D7%9E%D7%A9%D7%9B%D7%99%D7%A8%D7%94-%D7%95%D7%AA%D7%91%D7%99%D7%A2%D7%94-%D7%A9%D7%9B%D7%A0%D7%92%D7%93/,DESKTOP,0,494,0,73.3663967611336
https://jus-tice.co.il/%D7%AA%D7%91%D7%99%D7%A2%D7%94-%D7%A9%D7%9C-%D7%A9%D7%95%D7%9B%D7%A8%D7%99%D7%9D-%D7%A0%D7%92%D7%93-%D7%94%D7%9E%D7%A9%D7%9B%D7%99%D7%A8%D7%94-%D7%95%D7%AA%D7%91%D7%99%D7%A2%D7%94-%D7%A9%D7%9B%D7%A0%D7%92%D7%93/,MOBILE,0,24,0,86.375
https://jus-tice.co.il/%D7%AA%D7%91%D7%99%D7%A2%D7%95%D7%AA-%D7%A9%D7%9C-%D7%90%D7%99%D7%A9%D7%94-%D7%9C%D7%9E%D7%AA%D7%9F-%D7%97%D7%A9%D7%91%D7%95%D7%A0%D7%95%D7%AA-%D7%9B%D7%A0%D7%92%D7%93-%D7%90%D7%97%D7%99%D7%95-%D7%A9%D7%9C-%D7%91%D7%9F-%D7%96%D7%95%D7%92%D7%94-%D7%9C%D7%A9%D7%A2%D7%91%D7%A8-%D7%94%D7%9E%D7%A0%D7%95%D7%97/,DESKTOP,0,178,0,25.589887640449437
https://jus-tice.co.il/%D7%AA%D7%91%D7%99%D7%A2%D7%95%D7%AA-%D7%A9%D7%9C-%D7%90%D7%99%D7%A9%D7%94-%D7%9C%D7%9E%D7%AA%D7%9F-%D7%97%D7%A9%D7%91%D7%95%D7%A0%D7%95%D7%AA-%D7%9B%D7%A0%D7%92%D7%93-%D7%90%D7%97%D7%99%D7%95-%D7%A9%D7%9C-%D7%91%D7%9F-%D7%96%D7%95%D7%92%D7%94-%D7%9C%D7%A9%D7%A2%D7%91%D7%A8-%D7%94%D7%9E%D7%A0%D7%95%D7%97/,MOBILE,0,14,0,29.142857142857142
https://jus-tice.co.il/%D7%AA%D7%91%D7%99%D7%A2%D7%AA-%D7%94%D7%90%D7%A9%D7%94-%D7%9C%D7%94%D7%A9%D7%91%D7%AA-%D7%94%D7%95%D7%A6%D7%90%D7%95%D7%AA-%D7%A9%D7%9C-%D7%9E%D7%96%D7%95%D7%A0%D7%95%D7%AA-%D7%A7%D7%98%D7%99%D7%A0%D7%99%D7%9D/,DESKTOP,0,3410,0,61.75043988269795
https://jus-tice.co.il/%D7%AA%D7%91%D7%99%D7%A2%D7%AA-%D7%94%D7%90%D7%A9%D7%94-%D7%9C%D7%94%D7%A9%D7%91%D7%AA-%D7%94%D7%95%D7%A6%D7%90%D7%95%D7%AA-%D7%A9%D7%9C-%D7%9E%D7%96%D7%95%D7%A0%D7%95%D7%AA-%D7%A7%D7%98%D7%99%D7%A0%D7%99%D7%9D/,MOBILE,0,656,0,63.422256097560975
https://jus-tice.co.il/%D7%AA%D7%91%D7%99%D7%A2%D7%AA-%D7%9B%D7%AA%D7%95%D7%91%D7%94-%D7%A9%D7%9C-%D7%94%D7%AA%D7%95%D7%91%D7%A2%D7%AA-%D7%94%D7%90%D7%99%D7%A9%D7%94-%D7%A2%D7%9C-%D7%A1%D7%9A-1000000-%D7%A9%D7%97/,DESKTOP,0,3189,0,65.74255252430228
https://jus-tice.co.il/%D7%AA%D7%91%D7%99%D7%A2%D7%AA-%D7%9B%D7%AA%D7%95%D7%91%D7%94-%D7%A9%D7%9C-%D7%94%D7%AA%D7%95%D7%91%D7%A2%D7%AA-%D7%94%D7%90%D7%99%D7%A9%D7%94-%D7%A2%D7%9C-%D7%A1%D7%9A-1000000-%D7%A9%D7%97/,MOBILE,0,361,0,67.18005540166205
https://jus-tice.co.il/%D7%AA%D7%91%D7%99%D7%A2%D7%AA-%D7%9B%D7%AA%D7%95%D7%91%D7%94-%D7%A9%D7%9C-%D7%94%D7%AA%D7%95%D7%91%D7%A2%D7%AA-%D7%94%D7%90%D7%99%D7%A9%D7%94-%D7%A2%D7%9C-%D7%A1%D7%9A-1000000-%D7%A9%D7%97/,TABLET,0,1,0,6
https://jus-tice.co.il/%D7%AA%D7%91%D7%99%D7%A2%D7%AA-%D7%A0%D7%96%D7%A7%D7%99-%D7%92%D7%95%D7%A3-%D7%A0%D7%A4%D7%99%D7%9C%D7%94-%D7%91%D7%96%D7%9E%D7%9F-%D7%A8%D7%9B%D7%99%D7%91%D7%94-%D7%A2%D7%9C-%D7%90%D7%95%D7%A4%D7%A0%D7%99%D7%9D-%D7%97%D7%A9%D7%9E%D7%9C%D7%99%D7%99%D7%9D-%D7%91%D7%A9%D7%9C-%D7%9B%D7%91%D7%99%D7%A9-%D7%9E%D7%A9%D7%95%D7%91%D7%A9/,DESKTOP,0,1428,0,71.19257703081233
https://jus-tice.co.il/%D7%AA%D7%91%D7%99%D7%A2%D7%AA-%D7%A0%D7%96%D7%A7%D7%99-%D7%92%D7%95%D7%A3-%D7%A0%D7%A4%D7%99%D7%9C%D7%94-%D7%91%D7%96%D7%9E%D7%9F-%D7%A8%D7%9B%D7%99%D7%91%D7%94-%D7%A2%D7%9C-%D7%90%D7%95%D7%A4%D7%A0%D7%99%D7%9D-%D7%97%D7%A9%D7%9E%D7%9C%D7%99%D7%99%D7%9D-%D7%91%D7%A9%D7%9C-%D7%9B%D7%91%D7%99%D7%A9-%D7%9E%D7%A9%D7%95%D7%91%D7%A9/,MOBILE,0,48,0,72.08333333333333
https://jus-tice.co.il/%D7%AA%D7%91%D7%99%D7%A2%D7%AA-%D7%A7%D7%98%D7%99%D7%9F-%D7%91%D7%92%D7%99%D7%9F-%D7%A0%D7%96%D7%A7%D7%99-%D7%92%D7%95%D7%A3-%D7%A9%D7%A0%D7%92%D7%A8%D7%9E%D7%95-%D7%9C%D7%95-%D7%91%D7%A2%D7%AA-%D7%A9%D7%A9%D7%99%D7%97%D7%A7-%D7%91%D7%92%D7%9F-%D7%9E%D7%A9%D7%97%D7%A7%D7%99%D7%9D-%D7%A9%D7%9C-%D7%94%D7%A2%D7%99%D7%A8%D7%99%D7%94-%D7%AA%D7%90-71866-07-18/,DESKTOP,0,1074,0,50.552141527001865
https://jus-tice.co.il/%D7%AA%D7%91%D7%99%D7%A2%D7%AA-%D7%A7%D7%98%D7%99%D7%9F-%D7%91%D7%92%D7%99%D7%9F-%D7%A0%D7%96%D7%A7%D7%99-%D7%92%D7%95%D7%A3-%D7%A9%D7%A0%D7%92%D7%A8%D7%9E%D7%95-%D7%9C%D7%95-%D7%91%D7%A2%D7%AA-%D7%A9%D7%A9%D7%99%D7%97%D7%A7-%D7%91%D7%92%D7%9F-%D7%9E%D7%A9%D7%97%D7%A7%D7%99%D7%9D-%D7%A9%D7%9C-%D7%94%D7%A2%D7%99%D7%A8%D7%99%D7%94-%D7%AA%D7%90-71866-07-18/,MOBILE,0,4,0,47
https://jus-tice.co.il/%D7%AA%D7%97%D7%95%D7%9E%D7%99-%D7%94%D7%AA%D7%9E%D7%97%D7%95%D7%AA/%D7%93%D7%99%D7%A0%D7%99-%D7%9E%D7%A9%D7%A4%D7%97%D7%94/%D7%92%D7%99%D7%A8%D7%95%D7%A9%D7%99%D7%9F/,DESKTOP,0,8,0,52.75
https://jus-tice.co.il/%D7%AA%D7%97%D7%95%D7%9E%D7%99-%D7%94%D7%AA%D7%9E%D7%97%D7%95%D7%AA/%D7%93%D7%99%D7%A0%D7%99-%D7%9E%D7%A9%D7%A4%D7%97%D7%94/%D7%92%D7%99%D7%A8%D7%95%D7%A9%D7%99%D7%9F/,MOBILE,0,2,0,46
https://jus-tice.co.il/%D7%AA%D7%97%D7%95%D7%9E%D7%99-%D7%94%D7%AA%D7%9E%D7%97%D7%95%D7%AA/%D7%93%D7%99%D7%A0%D7%99-%D7%9E%D7%A9%D7%A4%D7%97%D7%94/%D7%9E%D7%96%D7%95%D7%A0%D7%95%D7%AA-%D7%99%D7%9C%D7%93%D7%99%D7%9D/,DESKTOP,0,55,0,73.18181818181819
https://jus-tice.co.il/%D7%AA%D7%97%D7%95%D7%9E%D7%99-%D7%94%D7%AA%D7%9E%D7%97%D7%95%D7%AA/%D7%93%D7%99%D7%A0%D7%99-%D7%9E%D7%A9%D7%A4%D7%97%D7%94/%D7%9E%D7%96%D7%95%D7%A0%D7%95%D7%AA-%D7%99%D7%9C%D7%93%D7%99%D7%9D/,MOBILE,0,20,0,71.25
https://jus-tice.co.il/%D7%AA%D7%97%D7%95%D7%9E%D7%99-%D7%94%D7%AA%D7%9E%D7%97%D7%95%D7%AA/%D7%93%D7%99%D7%A0%D7%99-%D7%9E%D7%A9%D7%A4%D7%97%D7%94/%D7%9E%D7%A9%D7%9E%D7%95%D7%A8%D7%AA-%D7%99%D7%9C%D7%93%D7%99%D7%9D/,DESKTOP,0,11,0,62.63636363636363
https://jus-tice.co.il/%D7%AA%D7%97%D7%95%D7%9E%D7%99-%D7%94%D7%AA%D7%9E%D7%97%D7%95%D7%AA/%D7%93%D7%99%D7%A0%D7%99-%D7%9E%D7%A9%D7%A4%D7%97%D7%94/%D7%9E%D7%A9%D7%9E%D7%95%D7%A8%D7%AA-%D7%99%D7%9C%D7%93%D7%99%D7%9D/,MOBILE,0,1,0,26
https://jus-tice.co.il/%D7%AA%D7%97%D7%95%D7%9E%D7%99-%D7%94%D7%AA%D7%9E%D7%97%D7%95%D7%AA/%D7%93%D7%99%D7%A0%D7%99-%D7%9E%D7%A9%D7%A4%D7%97%D7%94/%D7%A4%D7%A1%D7%A7%D7%99-%D7%93%D7%99%D7%9F-%D7%92%D7%99%D7%A8%D7%95%D7%A9%D7%99%D7%9F-%D7%93%D7%99%D7%A0%D7%99-%D7%9E%D7%A9%D7%A4%D7%97%D7%94-2022/,DESKTOP,0,517,0,57.79883945841393
https://jus-tice.co.il/%D7%AA%D7%97%D7%95%D7%9E%D7%99-%D7%94%D7%AA%D7%9E%D7%97%D7%95%D7%AA/%D7%93%D7%99%D7%A0%D7%99-%D7%9E%D7%A9%D7%A4%D7%97%D7%94/%D7%A4%D7%A1%D7%A7%D7%99-%D7%93%D7%99%D7%9F-%D7%92%D7%99%D7%A8%D7%95%D7%A9%D7%99%D7%9F-%D7%93%D7%99%D7%A0%D7%99-%D7%9E%D7%A9%D7%A4%D7%97%D7%94-2022/,MOBILE,0,414,0,39.70048309178744
https://jus-tice.co.il/%D7%AA%D7%97%D7%95%D7%9E%D7%99-%D7%94%D7%AA%D7%9E%D7%97%D7%95%D7%AA/%D7%93%D7%99%D7%A0%D7%99-%D7%9E%D7%A9%D7%A4%D7%97%D7%94/%D7%A4%D7%A1%D7%A7%D7%99-%D7%93%D7%99%D7%9F-%D7%92%D7%99%D7%A8%D7%95%D7%A9%D7%99%D7%9F-%D7%93%D7%99%D7%A0%D7%99-%D7%9E%D7%A9%D7%A4%D7%97%D7%94-2022/,TABLET,0,2,0,33
https://jus-tice.co.il/%D7%AA%D7%97%D7%95%D7%9E%D7%99-%D7%94%D7%AA%D7%9E%D7%97%D7%95%D7%AA/%D7%93%D7%99%D7%A0%D7%99-%D7%9E%D7%A9%D7%A4%D7%97%D7%94/%D7%A4%D7%A1%D7%A7%D7%99-%D7%93%D7%99%D7%9F-%D7%97%D7%A9%D7%95%D7%91%D7%99%D7%9D/,DESKTOP,0,1,0,95
https://jus-tice.co.il/%D7%AA%D7%97%D7%95%D7%9E%D7%99-%D7%94%D7%AA%D7%9E%D7%97%D7%95%D7%AA/%D7%93%D7%99%D7%A0%D7%99-%D7%9E%D7%A9%D7%A4%D7%97%D7%94/%D7%A4%D7%A1%D7%A7%D7%99-%D7%93%D7%99%D7%9F-%D7%97%D7%A9%D7%95%D7%91%D7%99%D7%9D/,MOBILE,0,5,0,99
https://jus-tice.co.il/%D7%AA%D7%97%D7%95%D7%9E%D7%99-%D7%94%D7%AA%D7%9E%D7%97%D7%95%D7%AA/%D7%9E%D7%A9%D7%A4%D7%98-%D7%A4%D7%9C%D7%99%D7%9C%D7%99/,DESKTOP,0,713,0,70.3702664796634
https://jus-tice.co.il/%D7%AA%D7%97%D7%95%D7%9E%D7%99-%D7%94%D7%AA%D7%9E%D7%97%D7%95%D7%AA/%D7%9E%D7%A9%D7%A4%D7%98-%D7%A4%D7%9C%D7%99%D7%9C%D7%99/,MOBILE,0,58,0,72.01724137931035
https://jus-tice.co.il/%D7%AA%D7%97%D7%95%D7%9E%D7%99-%D7%94%D7%AA%D7%9E%D7%97%D7%95%D7%AA/%D7%9E%D7%A9%D7%A4%D7%98-%D7%A4%D7%9C%D7%99%D7%9C%D7%99/%D7%A2%D7%95%D7%A8%D7%9A-%D7%93%D7%99%D7%9F-%D7%A4%D7%9C%D7%99%D7%9C%D7%99-%D7%A4%D7%A1%D7%A7%D7%99-%D7%93%D7%99%D7%9F-2022/,DESKTOP,0,86,0,45.72093023255814
https://jus-tice.co.il/%D7%AA%D7%97%D7%95%D7%9E%D7%99-%D7%94%D7%AA%D7%9E%D7%97%D7%95%D7%AA/%D7%9E%D7%A9%D7%A4%D7%98-%D7%A4%D7%9C%D7%99%D7%9C%D7%99/%D7%A2%D7%95%D7%A8%D7%9A-%D7%93%D7%99%D7%9F-%D7%A4%D7%9C%D7%99%D7%9C%D7%99-%D7%A4%D7%A1%D7%A7%D7%99-%D7%93%D7%99%D7%9F-2022/,MOBILE,0,18,0,53.111111111111114
https://jus-tice.co.il/%D7%AA%D7%97%D7%95%D7%9E%D7%99-%D7%94%D7%AA%D7%9E%D7%97%D7%95%D7%AA/%D7%A2%D7%95%D7%93-%D7%A0%D7%96%D7%99%D7%A7%D7%99%D7%9F-%D7%A4%D7%A1%D7%A7%D7%99-%D7%93%D7%99%D7%9F/,DESKTOP,0,95,0,62.50526315789474
https://jus-tice.co.il/%D7%AA%D7%97%D7%95%D7%9E%D7%99-%D7%94%D7%AA%D7%9E%D7%97%D7%95%D7%AA/%D7%A2%D7%95%D7%93-%D7%A0%D7%96%D7%99%D7%A7%D7%99%D7%9F-%D7%A4%D7%A1%D7%A7%D7%99-%D7%93%D7%99%D7%9F/,MOBILE,0,1,0,100
https://jus-tice.co.il/%D7%AA%D7%97%D7%95%D7%9E%D7%99-%D7%94%D7%AA%D7%9E%D7%97%D7%95%D7%AA/family-law/,DESKTOP,0,32,0,29.125
https://jus-tice.co.il/%D7%AA%D7%97%D7%95%D7%9E%D7%99-%D7%94%D7%AA%D7%9E%D7%97%D7%95%D7%AA/family-law/,MOBILE,0,2,0,30
https://jus-tice.co.il/%D7%AA%D7%97%D7%A0%D7%95%D7%AA-%D7%9E%D7%A9%D7%98%D7%A8%D7%94-%D7%9B%D7%AA%D7%95%D7%91%D7%AA-%D7%9E%D7%A2%D7%95%D7%93%D7%9B%D7%9F/,MOBILE,0,1,0,2
https://jus-tice.co.il/%D7%AA%D7%99%D7%A7-104334/3-%D7%91%D7%91%D7%99%D7%AA-%D7%94%D7%93%D7%99%D7%9F-%D7%94%D7%A8%D7%91%D7%A0%D7%99-%D7%94%D7%90%D7%96%D7%95%D7%A8%D7%99-%D7%91%D7%90%D7%A8-%D7%A9%D7%91%D7%A2/,DESKTOP,0,191,0,68.30890052356021
https://jus-tice.co.il/%D7%AA%D7%99%D7%A7-104334/3-%D7%91%D7%91%D7%99%D7%AA-%D7%94%D7%93%D7%99%D7%9F-%D7%94%D7%A8%D7%91%D7%A0%D7%99-%D7%94%D7%90%D7%96%D7%95%D7%A8%D7%99-%D7%91%D7%90%D7%A8-%D7%A9%D7%91%D7%A2/,MOBILE,0,1,0,53
https://jus-tice.co.il/%D7%AA%D7%99%D7%A7-1237405/8%D7%94%D7%91%D7%A2%D7%9C-%D7%9C%D7%90-%D7%97%D7%99%D7%99%D7%91-%D7%9C%D7%90%D7%99%D7%A9%D7%94-%D7%9E%D7%97%D7%A6%D7%99%D7%AA-%D7%9E%D7%94%D7%9E%D7%92%D7%A8%D7%A9/,DESKTOP,0,108,0,90.29629629629629
https://jus-tice.co.il/%D7%AA%D7%99%D7%A7-1237405/8%D7%94%D7%91%D7%A2%D7%9C-%D7%9C%D7%90-%D7%97%D7%99%D7%99%D7%91-%D7%9C%D7%90%D7%99%D7%A9%D7%94-%D7%9E%D7%97%D7%A6%D7%99%D7%AA-%D7%9E%D7%94%D7%9E%D7%92%D7%A8%D7%A9/,MOBILE,0,78,0,94.42307692307692
https://jus-tice.co.il/%D7%AA%D7%99%D7%A7-1268522/4-%D7%91%D7%91%D7%99%D7%AA-%D7%94%D7%93%D7%99%D7%9F-%D7%94%D7%A8%D7%91%D7%A0%D7%99-%D7%94%D7%90%D7%96%D7%95%D7%A8%D7%99-%D7%A4%D7%AA%D7%97-%D7%AA%D7%A7%D7%95%D7%95%D7%94/,DESKTOP,0,1197,0,37.12531328320802
https://jus-tice.co.il/%D7%AA%D7%99%D7%A7-1268522/4-%D7%91%D7%91%D7%99%D7%AA-%D7%94%D7%93%D7%99%D7%9F-%D7%94%D7%A8%D7%91%D7%A0%D7%99-%D7%94%D7%90%D7%96%D7%95%D7%A8%D7%99-%D7%A4%D7%AA%D7%97-%D7%AA%D7%A7%D7%95%D7%95%D7%94/,MOBILE,0,438,0,42.42465753424658
https://jus-tice.co.il/%D7%AA%D7%99%D7%A7-1268522/4-%D7%91%D7%91%D7%99%D7%AA-%D7%94%D7%93%D7%99%D7%9F-%D7%94%D7%A8%D7%91%D7%A0%D7%99-%D7%94%D7%90%D7%96%D7%95%D7%A8%D7%99-%D7%A4%D7%AA%D7%97-%D7%AA%D7%A7%D7%95%D7%95%D7%94/,TABLET,0,5,0,35.8
https://jus-tice.co.il/%D7%AA%D7%99%D7%A7-1301763/3-%D7%91%D7%91%D7%99%D7%AA-%D7%94%D7%93%D7%99%D7%9F-%D7%94%D7%A8%D7%91%D7%A0%D7%99-%D7%94%D7%92%D7%93%D7%95%D7%9C-%D7%99%D7%A8%D7%95%D7%A9%D7%9C%D7%99%D7%9D/,DESKTOP,0,554,0,58.00902527075812
https://jus-tice.co.il/%D7%AA%D7%99%D7%A7-1301763/3-%D7%91%D7%91%D7%99%D7%AA-%D7%94%D7%93%D7%99%D7%9F-%D7%94%D7%A8%D7%91%D7%A0%D7%99-%D7%94%D7%92%D7%93%D7%95%D7%9C-%D7%99%D7%A8%D7%95%D7%A9%D7%9C%D7%99%D7%9D/,MOBILE,0,1,0,33
https://jus-tice.co.il/%D7%AA%D7%99%D7%A7-916847/5-%D7%91%D7%91%D7%99%D7%AA-%D7%94%D7%93%D7%99%D7%9F-%D7%94%D7%A8%D7%91%D7%A0%D7%99-%D7%94%D7%90%D7%96%D7%95%D7%A8%D7%99-%D7%90%D7%A9%D7%93%D7%95%D7%93/,DESKTOP,0,3251,0,41.84804675484466
https://jus-tice.co.il/%D7%AA%D7%99%D7%A7-916847/5-%D7%91%D7%91%D7%99%D7%AA-%D7%94%D7%93%D7%99%D7%9F-%D7%94%D7%A8%D7%91%D7%A0%D7%99-%D7%94%D7%90%D7%96%D7%95%D7%A8%D7%99-%D7%90%D7%A9%D7%93%D7%95%D7%93/,MOBILE,0,324,0,56.64506172839506
https://jus-tice.co.il/%D7%AA%D7%9E%D7%A9-14076-10-16-%D7%A4%D7%9C%D7%95%D7%A0%D7%99%D7%AA-%D7%A0-%D7%A4%D7%9C%D7%95%D7%A0%D7%99/,TABLET,0,1,0,3
https://jus-tice.co.il/%D7%AA%D7%A0%D7%90%D7%99-%D7%94%D7%94%D7%A1%D7%92%D7%A8%D7%94-%D7%95%D7%A1%D7%99%D7%99%D7%92%D7%99%D7%94/,DESKTOP,0,988,0,59.044534412955464
https://jus-tice.co.il/%D7%AA%D7%A0%D7%90%D7%99-%D7%94%D7%94%D7%A1%D7%92%D7%A8%D7%94-%D7%95%D7%A1%D7%99%D7%99%D7%92%D7%99%D7%94/,MOBILE,0,33,0,46.72727272727273
https://jus-tice.co.il/%D7%AA%D7%A2%D7%95%D7%93%D7%AA-%D7%9E%D7%97%D7%9C%D7%94-%D7%9C%D7%A2%D7%95%D7%91%D7%93-%D7%94%D7%A9%D7%95%D7%94%D7%94-%D7%91%D7%91%D7%99%D7%93%D7%95%D7%93-%D7%A0%D7%92%D7%99%D7%A3-%D7%94%D7%A7%D7%95%D7%A8%D7%95%D7%A0%D7%94/,DESKTOP,0,1369,0,50.27903579254931
https://jus-tice.co.il/%D7%AA%D7%A2%D7%95%D7%93%D7%AA-%D7%9E%D7%97%D7%9C%D7%94-%D7%9C%D7%A2%D7%95%D7%91%D7%93-%D7%94%D7%A9%D7%95%D7%94%D7%94-%D7%91%D7%91%D7%99%D7%93%D7%95%D7%93-%D7%A0%D7%92%D7%99%D7%A3-%D7%94%D7%A7%D7%95%D7%A8%D7%95%D7%A0%D7%94/,MOBILE,0,49,0,45.36734693877551
https://jus-tice.co.il/%D7%AA%D7%A2%D7%95%D7%93%D7%AA-%D7%A8%D7%95%D7%A4%D7%90-%D7%90%D7%99%D7%A9%D7%95%D7%A8-%D7%A0%D7%95%D7%98%D7%A8%D7%99%D7%95%D7%A0%D7%99/,DESKTOP,0,223,0,19.246636771300448
https://jus-tice.co.il/%D7%AA%D7%A2%D7%95%D7%93%D7%AA-%D7%A8%D7%95%D7%A4%D7%90-%D7%90%D7%99%D7%A9%D7%95%D7%A8-%D7%A0%D7%95%D7%98%D7%A8%D7%99%D7%95%D7%A0%D7%99/,MOBILE,0,29,0,16.551724137931032
https://jus-tice.co.il/%D7%AA%D7%A4%D7%97%D7%A226551-01-21%D7%9E%D7%93%D7%99%D7%A0%D7%AA-%D7%99%D7%A9%D7%A8%D7%90%D7%9C-%D7%A0-%D7%99%D7%95%D7%A1%D7%A3%D7%A2%D7%A6%D7%99%D7%A8/,DESKTOP,0,829,0,77.14113389626056
https://jus-tice.co.il/%D7%AA%D7%A4%D7%97%D7%A226551-01-21%D7%9E%D7%93%D7%99%D7%A0%D7%AA-%D7%99%D7%A9%D7%A8%D7%90%D7%9C-%D7%A0-%D7%99%D7%95%D7%A1%D7%A3%D7%A2%D7%A6%D7%99%D7%A8/,MOBILE,0,34,0,84.73529411764706
https://jus-tice.co.il/%D7%AA%D7%A4%D7%A7%D7%99%D7%93%D7%9D-%D7%A9%D7%9C-%D7%A2%D7%95%D7%A8%D7%9B%D7%99-%D7%93%D7%99%D7%9F-%D7%91%D7%AA%D7%97%D7%95%D7%9D-%D7%94%D7%A1%D7%99%D7%99%D7%91%D7%A8/,DESKTOP,0,39,0,38.15384615384615
https://jus-tice.co.il/%D7%AA%D7%A469728-06-20%D7%9E%D7%93%D7%99%D7%A0%D7%AA-%D7%99%D7%A9%D7%A8%D7%90%D7%9C-%D7%A0-%D7%A1%D7%95%D7%9C%D7%95%D7%9E%D7%95%D7%9F/,DESKTOP,0,1075,0,64.18232558139535
https://jus-tice.co.il/%D7%AA%D7%A47140-09-21%D7%9E%D7%93%D7%99%D7%A0%D7%AA-%D7%99%D7%A9%D7%A8%D7%90%D7%9C-%D7%A0-%D7%9B%D7%A8%D7%9E%D7%99/,TABLET,0,2,0,6
https://jus-tice.co.il/%D7%AA%D7%A7%D7%A0%D7%95%D7%AA-%D7%94%D7%91%D7%99%D7%98%D7%95%D7%97-%D7%94%D7%9C%D7%90%D7%95%D7%9E%D7%99-%D7%A7%D7%91%D7%99%D7%A2%D7%AA-%D7%93%D7%A8%D7%92%D7%AA-%D7%A0%D7%9B%D7%95%D7%AA-%D7%9C%D7%A0%D7%A4%D7%92%D7%A2%D7%99-%D7%A2%D7%91%D7%95%D7%93%D7%94-%D7%AA%D7%A9%D7%98%D7%96-1956/,MOBILE,0,694,0,25.439481268011527
https://jus-tice.co.il/%D7%AA%D7%A7%D7%A0%D7%95%D7%AA-%D7%94%D7%91%D7%99%D7%98%D7%95%D7%97-%D7%94%D7%9C%D7%90%D7%95%D7%9E%D7%99-%D7%A7%D7%91%D7%99%D7%A2%D7%AA-%D7%93%D7%A8%D7%92%D7%AA-%D7%A0%D7%9B%D7%95%D7%AA-%D7%9C%D7%A0%D7%A4%D7%92%D7%A2%D7%99-%D7%A2%D7%91%D7%95%D7%93%D7%94-%D7%AA%D7%A9%D7%98%D7%96-1956/,TABLET,0,2,0,7.5
https://jus-tice.co.il/%D7%AA%D7%A7%D7%A0%D7%95%D7%AA-%D7%96%D7%9B%D7%95%D7%99%D7%95%D7%AA-%D7%A0%D7%A4%D7%92%D7%A2%D7%99-%D7%A2%D7%91%D7%99%D7%A8%D7%94-%D7%94%D7%AA%D7%A9%D7%A1%D7%91-2002/,DESKTOP,0,224,0,53.75892857142857
https://jus-tice.co.il/%D7%AA%D7%A7%D7%A0%D7%95%D7%AA-%D7%96%D7%9B%D7%95%D7%99%D7%95%D7%AA-%D7%A0%D7%A4%D7%92%D7%A2%D7%99-%D7%A2%D7%91%D7%99%D7%A8%D7%94-%D7%94%D7%AA%D7%A9%D7%A1%D7%91-2002/,MOBILE,0,15,0,39.4
https://jus-tice.co.il/%D7%AA%D7%A7-25449-12-20-%D7%A4%D7%9C%D7%95%D7%A0%D7%99%D7%AA-%D7%95%D7%90%D7%97-%D7%A0-%D7%99%D7%95%D7%A0%D7%99%D7%99%D7%98%D7%93-%D7%90%D7%99%D7%A8%D7%9C%D7%99%D7%99%D7%A0%D7%A1-%D7%90%D7%99%D7%A0%D7%A7/,DESKTOP,0,2269,0,53.07360070515646
https://jus-tice.co.il/%D7%AA%D7%A7-25449-12-20-%D7%A4%D7%9C%D7%95%D7%A0%D7%99%D7%AA-%D7%95%D7%90%D7%97-%D7%A0-%D7%99%D7%95%D7%A0%D7%99%D7%99%D7%98%D7%93-%D7%90%D7%99%D7%A8%D7%9C%D7%99%D7%99%D7%A0%D7%A1-%D7%90%D7%99%D7%A0%D7%A7/,MOBILE,0,409,0,53.261613691931544
https://jus-tice.co.il/%D7%AA%D7%A9%D7%9C%D7%95%D7%9D-%D7%A4%D7%A0%D7%A1%D7%99%D7%94-%D7%95%D7%9E%D7%96%D7%95%D7%A0%D7%95%D7%AA-%D7%90%D7%97%D7%A8%D7%99-%D7%94%D7%96%D7%9E%D7%9F-%D7%94%D7%A7%D7%95%D7%91%D7%A2-1156328-2-%D7%91%D7%99%D7%94%D7%93-%D7%94%D7%92%D7%93%D7%95%D7%9C/,DESKTOP,0,19,0,67.26315789473684
https://jus-tice.co.il/1027470-24/,DESKTOP,0,373,0,78.23860589812332
https://jus-tice.co.il/1027470-24/,MOBILE,0,40,0,78.7
https://jus-tice.co.il/10918-10-19/,DESKTOP,0,19,0,43
https://jus-tice.co.il/10918-10-19/,MOBILE,0,1,0,91
https://jus-tice.co.il/1170551-5-%D7%91%D7%99%D7%94%D7%93-%D7%AA%D7%9C-%D7%90%D7%91%D7%99%D7%91-%D7%99%D7%A4%D7%95/,DESKTOP,0,244,0,75.2827868852459
https://jus-tice.co.il/1170551-5-%D7%91%D7%99%D7%94%D7%93-%D7%AA%D7%9C-%D7%90%D7%91%D7%99%D7%91-%D7%99%D7%A4%D7%95/,MOBILE,0,19,0,80.42105263157895
https://jus-tice.co.il/1265026-5-%D7%A8%D7%91%D7%A0%D7%99-%D7%97%D7%99%D7%A4%D7%94/,DESKTOP,0,6,0,64.83333333333334
https://jus-tice.co.il/1265026-5-%D7%A8%D7%91%D7%A0%D7%99-%D7%97%D7%99%D7%A4%D7%94/,MOBILE,0,3,0,36.333333333333336
https://jus-tice.co.il/1303799/4/,DESKTOP,0,292,0,58.9486301369863
https://jus-tice.co.il/1303799/4/,MOBILE,0,6,0,84.66666666666667
https://jus-tice.co.il/1312042-4-%D7%91%D7%99%D7%94%D7%93-%D7%94%D7%92%D7%93%D7%95%D7%9C/,DESKTOP,0,791,0,65.50189633375474
https://jus-tice.co.il/1312042-4-%D7%91%D7%99%D7%94%D7%93-%D7%94%D7%92%D7%93%D7%95%D7%9C/,MOBILE,0,244,0,60.13934426229508
https://jus-tice.co.il/1331339-1/,DESKTOP,0,147,0,68.82993197278911
https://jus-tice.co.il/1331339-1/,MOBILE,0,2,0,60
https://jus-tice.co.il/1331339-3/,DESKTOP,0,11,0,73.45454545454545
https://jus-tice.co.il/1331339-3/,MOBILE,0,3,0,59
https://jus-tice.co.il/1355956-3/,DESKTOP,0,293,0,61.00682593856655
https://jus-tice.co.il/1355956-3/,MOBILE,0,33,0,63.57575757575758
https://jus-tice.co.il/1355956-3/,TABLET,0,1,0,59
https://jus-tice.co.il/1360470/5/,DESKTOP,0,230,0,62.48695652173913
https://jus-tice.co.il/1360470/5/,MOBILE,0,19,0,58.31578947368421
https://jus-tice.co.il/1386569-6/,DESKTOP,0,101,0,67.86138613861387
https://jus-tice.co.il/1386569-6/,MOBILE,0,1,0,36
https://jus-tice.co.il/1394399-1/,DESKTOP,0,43,0,54.83720930232558
https://jus-tice.co.il/1394399-1/,MOBILE,0,31,0,49.83870967741935
https://jus-tice.co.il/14434-07-22/,DESKTOP,0,1298,0,61.69106317411402
https://jus-tice.co.il/14434-07-22/,MOBILE,0,104,0,72.28846153846153
https://jus-tice.co.il/1495176/4/,DESKTOP,0,247,0,64.94331983805668
https://jus-tice.co.il/1509592-1/,DESKTOP,0,5,0,39.6
https://jus-tice.co.il/1520884-1/,DESKTOP,0,423,0,63.90070921985816
https://jus-tice.co.il/1520884-1/,MOBILE,0,26,0,73.5
https://jus-tice.co.il/1520884-1/,TABLET,0,1,0,34
https://jus-tice.co.il/15443-09-20/,DESKTOP,0,386,0,53.49222797927461
https://jus-tice.co.il/15443-09-20/,MOBILE,0,79,0,43.29113924050633
https://jus-tice.co.il/17044-12-22/,DESKTOP,0,102,0,62.78431372549019
https://jus-tice.co.il/18744-11-18/,DESKTOP,0,208,0,45.54326923076923
https://jus-tice.co.il/18744-11-18/,TABLET,0,1,0,23
https://jus-tice.co.il/18834-05-20/,DESKTOP,0,119,0,72.53781512605042
https://jus-tice.co.il/18834-05-20/,MOBILE,0,2,0,27.5
https://jus-tice.co.il/20-%D7%98%D7%99%D7%A4%D7%99%D7%9D-%D7%9C%D7%AA%D7%91%D7%99%D7%A2%D7%AA-%D7%A8%D7%A9%D7%9C%D7%A0%D7%95%D7%AA-%D7%A8%D7%A4%D7%95%D7%90%D7%99%D7%AA/,DESKTOP,0,265,0,64.6754716981132
https://jus-tice.co.il/2015-2016-major-supreme-court-ruling/,DESKTOP,0,465,0,33.00215053763441
https://jus-tice.co.il/2015-2016-major-supreme-court-ruling/,TABLET,0,1,0,21
https://jus-tice.co.il/2017-2018-major-supreme-court-ruling/,DESKTOP,0,589,0,26.151103565365027
https://jus-tice.co.il/2017-2018-major-supreme-court-ruling/,MOBILE,0,178,0,22.45505617977528
https://jus-tice.co.il/2018-2019-major-supreme-court-ruling/,DESKTOP,0,135,0,55.71111111111111
https://jus-tice.co.il/2018-2019-major-supreme-court-ruling/,MOBILE,0,26,0,50.88461538461539
https://jus-tice.co.il/2019-2020-major-supreme-court-ruling,DESKTOP,0,1129,0,42.08680248007086
https://jus-tice.co.il/2019-2020-major-supreme-court-ruling/,DESKTOP,0,144,0,31.625
https://jus-tice.co.il/2019-2020-major-supreme-court-ruling/,MOBILE,0,17,0,35.411764705882355
https://jus-tice.co.il/20847-10-23/,DESKTOP,0,592,0,64.08108108108108
https://jus-tice.co.il/20847-10-23/,MOBILE,0,4,0,54.25
https://jus-tice.co.il/209051/11/,DESKTOP,0,15,0,89.93333333333334
https://jus-tice.co.il/209051/11/,MOBILE,0,1,0,32
https://jus-tice.co.il/21213-04-18/,DESKTOP,0,575,0,64.19826086956522
https://jus-tice.co.il/21213-04-18/,TABLET,0,1,0,51
https://jus-tice.co.il/21336-03-22/,DESKTOP,0,79,0,66.88607594936708
https://jus-tice.co.il/21336-03-22/,MOBILE,0,16,0,68.1875
https://jus-tice.co.il/2542-10-22/,DESKTOP,0,20,0,65.75
https://jus-tice.co.il/2542-10-22/,MOBILE,0,1,0,42
https://jus-tice.co.il/26082021-%D7%A9%D7%97%D7%A8%D7%95%D7%A8-%D7%96%D7%93%D7%95%D7%A8%D7%95%D7%91-%D7%9C%D7%9E%D7%A2%D7%A6%D7%A8-%D7%91%D7%99%D7%AA-%D7%A4%D7%A1%D7%A7-%D7%93%D7%99%D7%9F-%D7%9E%D7%9C%D7%90-%D7%91%D7%A9%D7%A4-5743-%D7%9E%D7%93%D7%99%D7%A0%D7%AA-%D7%99%D7%A9%D7%A8%D7%90%D7%9C-%D7%A0-%D7%A8%D7%95%D7%9E%D7%9F-%D7%96%D7%93%D7%95%D7%A8%D7%95%D7%91/,DESKTOP,0,222,0,45.054054054054056
https://jus-tice.co.il/26082021-%D7%A9%D7%97%D7%A8%D7%95%D7%A8-%D7%96%D7%93%D7%95%D7%A8%D7%95%D7%91-%D7%9C%D7%9E%D7%A2%D7%A6%D7%A8-%D7%91%D7%99%D7%AA-%D7%A4%D7%A1%D7%A7-%D7%93%D7%99%D7%9F-%D7%9E%D7%9C%D7%90-%D7%91%D7%A9%D7%A4-5743-%D7%9E%D7%93%D7%99%D7%A0%D7%AA-%D7%99%D7%A9%D7%A8%D7%90%D7%9C-%D7%A0-%D7%A8%D7%95%D7%9E%D7%9F-%D7%96%D7%93%D7%95%D7%A8%D7%95%D7%91/,MOBILE,0,13,0,47.61538461538461
https://jus-tice.co.il/27404-01-23/,DESKTOP,0,233,0,66.49356223175965
https://jus-tice.co.il/27404-01-23/,MOBILE,0,54,0,64.5
https://jus-tice.co.il/30767-05-21/,TABLET,0,7,0,5.428571428571429
https://jus-tice.co.il/32292-3-%D7%A8%D7%91%D7%A0%D7%99-%D7%90%D7%A9%D7%93%D7%95%D7%93/,DESKTOP,0,631,0,52.32012678288431
https://jus-tice.co.il/32292-3-%D7%A8%D7%91%D7%A0%D7%99-%D7%90%D7%A9%D7%93%D7%95%D7%93/,MOBILE,0,36,0,31.22222222222222
https://jus-tice.co.il/33316-07-19/,TABLET,0,1,0,5
https://jus-tice.co.il/35557-01-22/,DESKTOP,0,1413,0,34.64331210191083
https://jus-tice.co.il/35557-01-22/,MOBILE,0,165,0,25.903030303030302
https://jus-tice.co.il/3695-02-19-labour-court-decision/,DESKTOP,0,127,0,68.40944881889764
https://jus-tice.co.il/3695-02-19-labour-court-decision/,MOBILE,0,9,0,60.111111111111114
https://jus-tice.co.il/3859-11-20/,DESKTOP,0,972,0,38.803497942386834
https://jus-tice.co.il/3859-11-20/,MOBILE,0,222,0,34.45945945945946
https://jus-tice.co.il/39040-09-22/,DESKTOP,0,94,0,79.76595744680851
https://jus-tice.co.il/39040-09-22/,MOBILE,0,55,0,76.7090909090909
https://jus-tice.co.il/3922-01-24/,DESKTOP,0,23,0,58.608695652173914
https://jus-tice.co.il/39514-09-19/,MOBILE,0,28,0,80.96428571428571
https://jus-tice.co.il/42908-08-24/,DESKTOP,0,278,0,65.90647482014388
https://jus-tice.co.il/42908-08-24/,MOBILE,0,19,0,63
https://jus-tice.co.il/44688-10-22/,DESKTOP,0,93,0,46.18279569892473
https://jus-tice.co.il/44688-10-22/,MOBILE,0,10,0,57.3
https://jus-tice.co.il/45983-03-22/,DESKTOP,0,11,0,9.909090909090908
https://jus-tice.co.il/47795-09-20/,DESKTOP,0,347,0,73.59365994236312
https://jus-tice.co.il/47795-09-20/,MOBILE,0,47,0,81.23404255319149
https://jus-tice.co.il/52705-01-20/,DESKTOP,0,394,0,75.23096446700508
https://jus-tice.co.il/52705-01-20/,MOBILE,0,51,0,84.96078431372548
https://jus-tice.co.il/52923-11-20/,MOBILE,0,61,0,66.44262295081967
https://jus-tice.co.il/53431-10-21/,TABLET,0,31,0,11
https://jus-tice.co.il/53556-05-18/,DESKTOP,0,469,0,58.518123667377395
https://jus-tice.co.il/53556-05-18/,TABLET,0,3,0,8.666666666666668
https://jus-tice.co.il/54044-04-22cancel-criminal-proceedings/,DESKTOP,0,1124,0,59.29893238434164
https://jus-tice.co.il/54044-04-22cancel-criminal-proceedings/,MOBILE,0,193,0,44.310880829015545
https://jus-tice.co.il/54044-04-22cancel-criminal-proceedings/,TABLET,0,2,0,86
https://jus-tice.co.il/54220-09-20/,DESKTOP,0,2,0,13
https://jus-tice.co.il/5585-04-22estate-trust-legal-judgment/,DESKTOP,0,57,0,52.228070175438596
https://jus-tice.co.il/5585-04-22estate-trust-legal-judgment/,MOBILE,0,5,0,80.6
https://jus-tice.co.il/5988-21/,DESKTOP,0,1543,0,60.20349967595593
https://jus-tice.co.il/5988-21/,MOBILE,0,155,0,56.78709677419355
https://jus-tice.co.il/60877-12-24/,DESKTOP,0,17,0,9.647058823529411
https://jus-tice.co.il/62758-11-22/,TABLET,0,2,0,9
https://jus-tice.co.il/69430-06-20/,DESKTOP,0,1029,0,45.28960155490768
https://jus-tice.co.il/69430-06-20/,MOBILE,0,130,0,32.66153846153846
https://jus-tice.co.il/7-reasons-why-you-need-a-prenup/,DESKTOP,0,649,0,69.93836671802774
https://jus-tice.co.il/7-reasons-why-you-need-a-prenup/,MOBILE,0,207,0,66.94685990338164
https://jus-tice.co.il/70703-09-24/,DESKTOP,0,28,0,39.464285714285715
https://jus-tice.co.il/74657-12-20/,DESKTOP,0,248,0,54.53225806451613
https://jus-tice.co.il/74657-12-20/,MOBILE,0,27,0,68.48148148148148
https://jus-tice.co.il/75054-07-19/,DESKTOP,0,2603,0,45.84594698424895
https://jus-tice.co.il/75054-07-19/,MOBILE,0,652,0,36.395705521472394
https://jus-tice.co.il/7808/21/,DESKTOP,0,279,0,57.00358422939068
https://jus-tice.co.il/7808/21/,MOBILE,0,25,0,40.84
https://jus-tice.co.il/8773-11-22/,DESKTOP,0,28,0,78.53571428571429
https://jus-tice.co.il/879928-4/,DESKTOP,0,51,0,70.6078431372549
https://jus-tice.co.il/879928-4/,MOBILE,0,1,0,47
https://jus-tice.co.il/8935-09-22/,DESKTOP,0,191,0,64.81675392670158
https://jus-tice.co.il/8935-09-22/,MOBILE,0,1,0,6
https://jus-tice.co.il/9230-03-20/,DESKTOP,0,3274,0,62.57819181429444
https://jus-tice.co.il/9230-03-20/,TABLET,0,10,0,75.5
https://jus-tice.co.il/about-cyprus/,DESKTOP,0,2018,0,40.909316154608526
https://jus-tice.co.il/about-cyprus/,MOBILE,0,848,0,23.858490566037737
https://jus-tice.co.il/about-cyprus/,TABLET,0,5,0,11.4
https://jus-tice.co.il/about-usa/,TABLET,0,69,0,7.27536231884058
https://jus-tice.co.il/abuse-of-process/,MOBILE,0,134,0,14.955223880597014
https://jus-tice.co.il/abuse-of-process/,TABLET,0,2,0,8.5
https://jus-tice.co.il/access_to_healthcare_for_migrants_in_portugal/,DESKTOP,0,1,0,26
https://jus-tice.co.il/accountant/,MOBILE,0,754,0,46.07161803713528
https://jus-tice.co.il/admission-to-practice-law/,DESKTOP,0,2824,0,52.37429178470255
https://jus-tice.co.il/admission-to-practice-law/,MOBILE,0,515,0,47.63883495145631
https://jus-tice.co.il/adoption-usa/,DESKTOP,0,1841,0,45.63335143943509
https://jus-tice.co.il/ai-lawyer-ranking/,DESKTOP,0,2493,0,43.219815483353386
https://jus-tice.co.il/ai-lawyer-ranking/,TABLET,0,2,0,8
https://jus-tice.co.il/american-bar-association/,DESKTOP,0,2466,0,28.336577453365773
https://jus-tice.co.il/anesthesia-medical-malpractice/,DESKTOP,0,2733,0,35.166849615806804
https://jus-tice.co.il/anesthesia-medical-malpractice/,MOBILE,0,299,0,36.10033444816054
https://jus-tice.co.il/anthony-julius/,DESKTOP,0,4,0,11
https://jus-tice.co.il/anthony-julius/,MOBILE,0,9,0,10.11111111111111
https://jus-tice.co.il/antigua-and-barbuda-lawyers/,DESKTOP,0,306,0,51.31699346405229
https://jus-tice.co.il/antigua-and-barbuda-lawyers/,MOBILE,0,35,0,75.4
https://jus-tice.co.il/apartment/,DESKTOP,0,10287,0,40.957227568776126
https://jus-tice.co.il/apartment/,MOBILE,0,1050,0,49.607619047619046
https://jus-tice.co.il/apostille/,DESKTOP,0,4785,0,53.88317659352142
https://jus-tice.co.il/apostille/,MOBILE,0,1192,0,56.72147651006711
https://jus-tice.co.il/apostille/,TABLET,0,1,0,59
https://jus-tice.co.il/application-for-extension-of-detention-form/,DESKTOP,0,841,0,50.85612366230678
https://jus-tice.co.il/application-for-extension-of-detention-form/,MOBILE,0,215,0,48.51627906976744
https://jus-tice.co.il/arbitration-dispute-between-partners-law-firm/,DESKTOP,0,150,0,50.77333333333333
https://jus-tice.co.il/argentina-lawyers/,DESKTOP,0,284,0,34.221830985915496
https://jus-tice.co.il/argentina-lawyers/,MOBILE,0,61,0,14.508196721311476
https://jus-tice.co.il/arrested-abroad-il/,MOBILE,0,229,0,34.5764192139738
https://jus-tice.co.il/articles/%25d7%2598%25d7%2595%25d7%25a4%25d7%25a1-161-%25d7%2594%25d7%2595%25d7%2593%25d7%25a2%25d7%25aa-%25d7%259e%25d7%25a2%25d7%2591%25d7%2599%25d7%2593-%25d7%25a2%25d7%259c-%25d7%25a4%25d7%25a8%25d7%2599%25d7%25a9%25d7%25aa-%25d7%25a2%25d7%2595%25d7%2591%25d7%2593-%25d7%259e%25d7%259e%25d7%25a7%25d7%2595%25d7%259d-%25d7%25a2/,DESKTOP,0,28,0,56.32142857142857
https://jus-tice.co.il/articles/%25d7%2598%25d7%2595%25d7%25a4%25d7%25a1-161-%25d7%2594%25d7%2595%25d7%2593%25d7%25a2%25d7%25aa-%25d7%259e%25d7%25a2%25d7%2591%25d7%2599%25d7%2593-%25d7%25a2%25d7%259c-%25d7%25a4%25d7%25a8%25d7%2599%25d7%25a9%25d7%25aa-%25d7%25a2%25d7%2595%25d7%2591%25d7%2593-%25d7%259e%25d7%259e%25d7%25a7%25d7%2595%25d7%259d-%25d7%25a2/,MOBILE,0,1,0,82
https://jus-tice.co.il/articles/%D7%90%D7%99%D7%9A-%D7%9C%D7%91%D7%97%D7%95%D7%A8-%D7%9E%D7%A9%D7%A8%D7%93-%D7%A2%D7%95%D7%A8%D7%9A-%D7%93%D7%99%D7%9F-%D7%92%D7%99%D7%A8%D7%95%D7%A9%D7%99%D7%9F-%D7%9B%D7%A9%D7%9E%D7%AA%D7%92%D7%A8/,DESKTOP,0,1058,0,65.01323251417769
https://jus-tice.co.il/articles/%D7%90%D7%99%D7%9A-%D7%9C%D7%91%D7%97%D7%95%D7%A8-%D7%9E%D7%A9%D7%A8%D7%93-%D7%A2%D7%95%D7%A8%D7%9A-%D7%93%D7%99%D7%9F-%D7%92%D7%99%D7%A8%D7%95%D7%A9%D7%99%D7%9F-%D7%9B%D7%A9%D7%9E%D7%AA%D7%92%D7%A8/,TABLET,0,2,0,57
https://jus-tice.co.il/articles/%D7%90%D7%99%D7%A1%D7%95%D7%A8-%D7%A4%D7%A8%D7%A1%D7%95%D7%9D-%D7%A9%D7%9C-%D7%97%D7%95%D7%95%D7%AA-%D7%93%D7%A2%D7%AA-%D7%9C%D7%A2%D7%A0%D7%99%D7%99%D7%9F-%D7%94%D7%9E%D7%A1%D7%95%D7%92%D7%9C%D7%95/,DESKTOP,0,122,0,62.72950819672131
https://jus-tice.co.il/articles/%D7%90%D7%99%D7%A1%D7%95%D7%A8-%D7%A4%D7%A8%D7%A1%D7%95%D7%9D-%D7%A9%D7%9C-%D7%97%D7%95%D7%95%D7%AA-%D7%93%D7%A2%D7%AA-%D7%9C%D7%A2%D7%A0%D7%99%D7%99%D7%9F-%D7%94%D7%9E%D7%A1%D7%95%D7%92%D7%9C%D7%95/,MOBILE,0,3,0,64.33333333333334
https://jus-tice.co.il/articles/%D7%90%D7%99%D7%A4%D7%94-%D7%94%D7%9B%D7%99-%D7%9E%D7%A9%D7%AA%D7%9C%D7%9D-%D7%9C%D7%99%D7%A9%D7%A8%D7%90%D7%9C%D7%99%D7%9D-%D7%9C%D7%A7%D7%A0%D7%95%D7%AA-%D7%A0%D7%93%D7%9C%D7%9F-%D7%91%D7%A2%D7%95/,DESKTOP,0,2356,0,67.18166383701188
https://jus-tice.co.il/articles/%D7%90%D7%99%D7%A4%D7%94-%D7%94%D7%9B%D7%99-%D7%9E%D7%A9%D7%AA%D7%9C%D7%9D-%D7%9C%D7%99%D7%A9%D7%A8%D7%90%D7%9C%D7%99%D7%9D-%D7%9C%D7%A7%D7%A0%D7%95%D7%AA-%D7%A0%D7%93%D7%9C%D7%9F-%D7%91%D7%A2%D7%95/,MOBILE,0,779,0,61.709884467265724
https://jus-tice.co.il/articles/%D7%90%D7%99%D7%AA%D7%9F-%D7%94%D7%90%D7%96%D7%A8%D7%97%D7%99-%D7%95%D7%A9%D7%95%D7%AA-%D7%9E%D7%A9%D7%A8%D7%93-%D7%A2%D7%95%D7%A8%D7%9B%D7%99-%D7%93%D7%99%D7%9F/,DESKTOP,0,231,0,43.96103896103896
https://jus-tice.co.il/articles/%D7%90%D7%99%D7%AA%D7%9F-%D7%94%D7%90%D7%96%D7%A8%D7%97%D7%99-%D7%95%D7%A9%D7%95%D7%AA-%D7%9E%D7%A9%D7%A8%D7%93-%D7%A2%D7%95%D7%A8%D7%9B%D7%99-%D7%93%D7%99%D7%9F/,TABLET,0,2,0,7.5
https://jus-tice.co.il/articles/%D7%90%D7%9C%D7%99%D7%9E%D7%95%D7%AA-%D7%9B%D7%9C%D7%A4%D7%99-%D7%A0%D7%A9%D7%99%D7%9D-%D7%94%D7%96%D7%9B%D7%95%D7%AA-%D7%A9%D7%9C-%D7%94%D7%90%D7%99%D7%A9%D7%94-%D7%A9%D7%94%D7%90%D7%99/,DESKTOP,0,118,0,68.77118644067797
https://jus-tice.co.il/articles/%D7%90%D7%9C%D7%99%D7%9E%D7%95%D7%AA-%D7%9B%D7%9C%D7%A4%D7%99-%D7%A0%D7%A9%D7%99%D7%9D-%D7%94%D7%96%D7%9B%D7%95%D7%AA-%D7%A9%D7%9C-%D7%94%D7%90%D7%99%D7%A9%D7%94-%D7%A9%D7%94%D7%90%D7%99/,MOBILE,0,3,0,95
https://jus-tice.co.il/articles/%D7%90%D7%9C%D7%9E%D7%95%D7%92-%D7%A9%D7%A4%D7%99%D7%A8%D7%90-%D7%97%D7%91%D7%A8%D7%AA-%D7%A2%D7%95%D7%A8%D7%9B%D7%99-%D7%93%D7%99%D7%9F/,DESKTOP,0,63,0,14.444444444444445
https://jus-tice.co.il/articles/%D7%90%D7%9C%D7%9E%D7%95%D7%92-%D7%A9%D7%A4%D7%99%D7%A8%D7%90-%D7%97%D7%91%D7%A8%D7%AA-%D7%A2%D7%95%D7%A8%D7%9B%D7%99-%D7%93%D7%99%D7%9F/,MOBILE,0,51,0,13.745098039215685
https://jus-tice.co.il/articles/%D7%90%D7%A7%D7%98%D7%95%D7%90%D7%A8-%D7%9E%D7%94%D7%95-%D7%9E%D7%93%D7%A2-%D7%94%D7%90%D7%A7%D7%98%D7%95%D7%90%D7%A8%D7%99%D7%94/,TABLET,0,2,0,12
https://jus-tice.co.il/articles/%D7%91%D7%92%D7%A6-%D7%93%D7%A8%D7%A2%D7%99-2023-%D7%AA%D7%99%D7%A7%D7%95%D7%9F-%D7%97%D7%95%D7%A7-%D7%99%D7%A1%D7%95%D7%93-%D7%94%D7%9E%D7%9E%D7%A9%D7%9C%D7%94-%D7%95%D7%9E%D7%99%D7%A0%D7%95%D7%99%D7%95-%D7%A9%D7%9C-%D7%94%D7%97%D7%9B-%D7%90%D7%A8%D7%99%D7%94-%D7%93%D7%A8%D7%A2%D7%99-%D7%9C%D7%A9%D7%A8-%D7%91%D7%9E%D7%9E%D7%A9%D7%9C%D7%94-%D7%94-37-%D7%91%D7%92%D7%A5-8948-322/,DESKTOP,0,15,0,69.8
https://jus-tice.co.il/articles/%D7%91%D7%92%D7%A6-%D7%93%D7%A8%D7%A2%D7%99-2023-%D7%AA%D7%99%D7%A7%D7%95%D7%9F-%D7%97%D7%95%D7%A7-%D7%99%D7%A1%D7%95%D7%93-%D7%94%D7%9E%D7%9E%D7%A9%D7%9C%D7%94-%D7%95%D7%9E%D7%99%D7%A0%D7%95%D7%99%D7%95-%D7%A9%D7%9C-%D7%94%D7%97%D7%9B-%D7%90%D7%A8%D7%99%D7%94-%D7%93%D7%A8%D7%A2%D7%99-%D7%9C%D7%A9%D7%A8-%D7%91%D7%9E%D7%9E%D7%A9%D7%9C%D7%94-%D7%94-37-%D7%91%D7%92%D7%A5-8948-322/,MOBILE,0,4,0,75.75
https://jus-tice.co.il/articles/%D7%91%D7%99%D7%98%D7%95%D7%9C-%D7%99%D7%99%D7%A4%D7%95%D7%99-%D7%9B%D7%95%D7%97-%D7%9E%D7%AA%D7%9E%D7%A9%D7%9A-%D7%94%D7%97%D7%9C%D7%98%D7%94-%D7%91%D7%91%D7%A7%D7%A9%D7%94-%D7%9C%D7%A0%D7%A7/,DESKTOP,0,1433,0,58.55059316120028
https://jus-tice.co.il/articles/%D7%91%D7%99%D7%98%D7%95%D7%9C-%D7%99%D7%99%D7%A4%D7%95%D7%99-%D7%9B%D7%95%D7%97-%D7%9E%D7%AA%D7%9E%D7%A9%D7%9A-%D7%94%D7%97%D7%9C%D7%98%D7%94-%D7%91%D7%91%D7%A7%D7%A9%D7%94-%D7%9C%D7%A0%D7%A7/,MOBILE,0,81,0,54.44444444444444
https://jus-tice.co.il/articles/%D7%91%D7%99%D7%A8%D7%95%D7%A8-%D7%96%D7%9B%D7%95%D7%99%D7%95%D7%AA-%D7%91%D7%AA-%D7%96%D7%95%D7%92-%D7%9E%D7%9B%D7%95%D7%97-%D7%97%D7%95%D7%A7-%D7%99%D7%97%D7%A1%D7%99-%D7%9E%D7%9E%D7%95%D7%9F-%D7%9C/,DESKTOP,0,21,0,56.61904761904762
https://jus-tice.co.il/articles/%D7%91%D7%99%D7%A8%D7%95%D7%A8-%D7%96%D7%9B%D7%95%D7%99%D7%95%D7%AA-%D7%91%D7%AA-%D7%96%D7%95%D7%92-%D7%9E%D7%9B%D7%95%D7%97-%D7%97%D7%95%D7%A7-%D7%99%D7%97%D7%A1%D7%99-%D7%9E%D7%9E%D7%95%D7%9F-%D7%9C/,MOBILE,0,6,0,11.833333333333334
https://jus-tice.co.il/articles/%D7%91%D7%A0%D7%A7%D7%95-%D7%93%D7%94-%D7%A4%D7%95%D7%A8%D7%98%D7%95%D7%92%D7%9C-%D7%91%D7%A0%D7%A7-%D7%A8%D7%90%D7%A9%D7%99-%D7%A4%D7%95%D7%A8%D7%98%D7%95%D7%92%D7%9C/,DESKTOP,0,154,0,33
https://jus-tice.co.il/articles/%D7%91%D7%A0%D7%A7%D7%95-%D7%93%D7%94-%D7%A4%D7%95%D7%A8%D7%98%D7%95%D7%92%D7%9C-%D7%91%D7%A0%D7%A7-%D7%A8%D7%90%D7%A9%D7%99-%D7%A4%D7%95%D7%A8%D7%98%D7%95%D7%92%D7%9C/,MOBILE,0,19,0,28.157894736842106
https://jus-tice.co.il/articles/%D7%91%D7%A7%D7%A9%D7%94-%D7%9C%D7%94%D7%A2%D7%AA%D7%A7%D7%AA-%D7%97%D7%95%D7%9E%D7%A8%D7%99-%D7%97%D7%A7%D7%99%D7%A8%D7%94-%D7%95%D7%9E%D7%A1%D7%9E%D7%9B%D7%99%D7%9D-%D7%91%D7%94%D7%9C%D7%99%D7%9B/,MOBILE,0,119,0,16.378151260504204
https://jus-tice.co.il/articles/%D7%91%D7%A7%D7%A9%D7%94-%D7%9C%D7%94%D7%A2%D7%AA%D7%A7%D7%AA-%D7%97%D7%95%D7%9E%D7%A8%D7%99-%D7%97%D7%A7%D7%99%D7%A8%D7%94-%D7%95%D7%9E%D7%A1%D7%9E%D7%9B%D7%99%D7%9D-%D7%91%D7%94%D7%9C%D7%99%D7%9B/,TABLET,0,1,0,11
https://jus-tice.co.il/articles/%D7%92%D7%96%D7%A8-%D7%93%D7%99%D7%9F-%D7%9C%D7%9E%D7%95%D7%A8%D7%A9%D7%A2-%D7%91%D7%A2%D7%91%D7%99%D7%A8%D7%95%D7%AA-%D7%90%D7%99%D7%95%D7%9E%D7%99%D7%9D-%D7%9B%D7%9C%D7%A4%D7%99-%D7%92%D7%A8%D7%95/,DESKTOP,0,2391,0,74.62609786700125
https://jus-tice.co.il/articles/%D7%92%D7%96%D7%A8-%D7%93%D7%99%D7%9F-%D7%9C%D7%9E%D7%95%D7%A8%D7%A9%D7%A2-%D7%91%D7%A2%D7%91%D7%99%D7%A8%D7%95%D7%AA-%D7%90%D7%99%D7%95%D7%9E%D7%99%D7%9D-%D7%9B%D7%9C%D7%A4%D7%99-%D7%92%D7%A8%D7%95/,MOBILE,0,177,0,89.2768361581921
https://jus-tice.co.il/articles/%D7%92%D7%96%D7%A8-%D7%93%D7%99%D7%9F-%D7%9C%D7%9E%D7%95%D7%A8%D7%A9%D7%A2-%D7%91%D7%A2%D7%91%D7%99%D7%A8%D7%95%D7%AA-%D7%90%D7%99%D7%95%D7%9E%D7%99%D7%9D-%D7%9B%D7%9C%D7%A4%D7%99-%D7%92%D7%A8%D7%95/,TABLET,0,1,0,35
https://jus-tice.co.il/articles/%D7%92%D7%99%D7%A8%D7%95%D7%A9%D7%99%D7%9F-%D7%90%D7%99%D7%96%D7%95%D7%9F-%D7%94%D7%9E%D7%A9%D7%90%D7%91%D7%99%D7%9D-%D7%91%D7%99%D7%9F-%D7%91%D7%A0%D7%99-%D7%96%D7%95%D7%92-%D7%9E%D7%AA%D7%92%D7%A8%D7%A9%D7%99%D7%9D-%D7%97%D7%9C%D7%95%D7%A7%D7%AA-%D7%A2%D7%A8%D7%9A-%D7%94%D7%97%D7%91%D7%A8%D7%94-%D7%A9%D7%91%D7%91%D7%A2%D7%9C%D7%95%D7%AA-%D7%94%D7%91%D7%A2%D7%9C/,DESKTOP,0,82,0,58.26829268292683
https://jus-tice.co.il/articles/%D7%92%D7%99%D7%A8%D7%95%D7%A9%D7%99%D7%9F-%D7%90%D7%99%D7%96%D7%95%D7%9F-%D7%94%D7%9E%D7%A9%D7%90%D7%91%D7%99%D7%9D-%D7%91%D7%99%D7%9F-%D7%91%D7%A0%D7%99-%D7%96%D7%95%D7%92-%D7%9E%D7%AA%D7%92%D7%A8%D7%A9%D7%99%D7%9D-%D7%97%D7%9C%D7%95%D7%A7%D7%AA-%D7%A2%D7%A8%D7%9A-%D7%94%D7%97%D7%91%D7%A8%D7%94-%D7%A9%D7%91%D7%91%D7%A2%D7%9C%D7%95%D7%AA-%D7%94%D7%91%D7%A2%D7%9C/,MOBILE,0,267,0,61.90262172284644
https://jus-tice.co.il/articles/%D7%92%D7%99%D7%A8%D7%95%D7%A9%D7%99%D7%9F-%D7%90%D7%99%D7%96%D7%95%D7%9F-%D7%94%D7%9E%D7%A9%D7%90%D7%91%D7%99%D7%9D-%D7%91%D7%99%D7%9F-%D7%91%D7%A0%D7%99-%D7%96%D7%95%D7%92-%D7%9E%D7%AA%D7%92%D7%A8%D7%A9%D7%99%D7%9D-%D7%97%D7%9C%D7%95%D7%A7%D7%AA-%D7%A2%D7%A8%D7%9A-%D7%94%D7%97%D7%91%D7%A8%D7%94-%D7%A9%D7%91%D7%91%D7%A2%D7%9C%D7%95%D7%AA-%D7%94%D7%91%D7%A2%D7%9C/,TABLET,0,2,0,66
https://jus-tice.co.il/articles/%D7%92%D7%99%D7%A8%D7%95%D7%A9%D7%99%D7%9F-%D7%94%D7%90%D7%9D-%D7%97%D7%9C-%D7%97%D7%A8%D7%9D-%D7%93%D7%A8%D7%91%D7%A0%D7%95-%D7%92%D7%A8%D7%A9%D7%95%D7%9D-%D7%9B%D7%90%D7%A9%D7%A8-%D7%A0%D7%9E%D7%A6/,DESKTOP,0,321,0,55.40498442367601
https://jus-tice.co.il/articles/%D7%92%D7%99%D7%A8%D7%95%D7%A9%D7%99%D7%9F-%D7%94%D7%90%D7%9D-%D7%97%D7%9C-%D7%97%D7%A8%D7%9D-%D7%93%D7%A8%D7%91%D7%A0%D7%95-%D7%92%D7%A8%D7%A9%D7%95%D7%9D-%D7%9B%D7%90%D7%A9%D7%A8-%D7%A0%D7%9E%D7%A6/,MOBILE,0,7,0,29.428571428571427
https://jus-tice.co.il/articles/%D7%92%D7%99%D7%A8%D7%95%D7%A9%D7%99%D7%9F-%D7%A8%D7%91%D7%A0%D7%99-%D7%A7%D7%91%D7%99%D7%A2%D7%AA-%D7%91%D7%A2%D7%9C%D7%95%D7%AA-%D7%93%D7%99%D7%A8%D7%94-%D7%A9%D7%A0%D7%A7%D7%A0%D7%AA%D7%94-%D7%A2/,DESKTOP,0,654,0,59.63608562691132
https://jus-tice.co.il/articles/%D7%92%D7%99%D7%A8%D7%95%D7%A9%D7%99%D7%9F-%D7%A8%D7%91%D7%A0%D7%99-%D7%A7%D7%91%D7%99%D7%A2%D7%AA-%D7%91%D7%A2%D7%9C%D7%95%D7%AA-%D7%93%D7%99%D7%A8%D7%94-%D7%A9%D7%A0%D7%A7%D7%A0%D7%AA%D7%94-%D7%A2/,MOBILE,0,264,0,59.52651515151515
https://jus-tice.co.il/articles/%D7%92%D7%99%D7%A8%D7%95%D7%A9%D7%99%D7%9F-%D7%A8%D7%91%D7%A0%D7%99-%D7%A7%D7%91%D7%99%D7%A2%D7%AA-%D7%91%D7%A2%D7%9C%D7%95%D7%AA-%D7%93%D7%99%D7%A8%D7%94-%D7%A9%D7%A0%D7%A7%D7%A0%D7%AA%D7%94-%D7%A2/,TABLET,0,3,0,66
https://jus-tice.co.il/articles/%D7%93%D7%97%D7%99%D7%99%D7%AA-%D7%98%D7%A2%D7%A0%D7%94-%D7%9C%D7%91%D7%99%D7%98%D7%95%D7%9C-%D7%94%D7%A1%D7%9B%D7%9D-%D7%92%D7%99%D7%A8%D7%95%D7%A9%D7%99%D7%9F-%D7%A9%D7%90%D7%95%D7%A9%D7%A8-%D7%91/,DESKTOP,0,229,0,65.2532751091703
https://jus-tice.co.il/articles/%D7%93%D7%97%D7%99%D7%99%D7%AA-%D7%98%D7%A2%D7%A0%D7%94-%D7%9C%D7%91%D7%99%D7%98%D7%95%D7%9C-%D7%94%D7%A1%D7%9B%D7%9D-%D7%92%D7%99%D7%A8%D7%95%D7%A9%D7%99%D7%9F-%D7%A9%D7%90%D7%95%D7%A9%D7%A8-%D7%91/,MOBILE,0,96,0,71.66666666666667
https://jus-tice.co.il/articles/%D7%93%D7%99%D7%9F-%D7%95%D7%97%D7%A9%D7%91%D7%95%D7%9F-%D7%9B%D7%A0%D7%A1%D7%AA-%D7%99%D7%A9%D7%A8%D7%90%D7%9C-2020/,DESKTOP,0,366,0,66.99726775956285
https://jus-tice.co.il/articles/%D7%93%D7%99%D7%9F-%D7%95%D7%97%D7%A9%D7%91%D7%95%D7%9F-%D7%9B%D7%A0%D7%A1%D7%AA-%D7%99%D7%A9%D7%A8%D7%90%D7%9C-2020/,MOBILE,0,178,0,74.74719101123596
https://jus-tice.co.il/articles/%D7%93%D7%A0%D7%A4-5387-20-%D7%A8%D7%A4%D7%99-%D7%A8%D7%95%D7%AA%D7%9D-%D7%A0-%D7%9E%D7%93%D7%99%D7%A0%D7%AA-%D7%99%D7%A9%D7%A8%D7%90%D7%9C/,DESKTOP,0,165,0,52.56363636363636
https://jus-tice.co.il/articles/%D7%93%D7%A0%D7%A4-5387-20-%D7%A8%D7%A4%D7%99-%D7%A8%D7%95%D7%AA%D7%9D-%D7%A0-%D7%9E%D7%93%D7%99%D7%A0%D7%AA-%D7%99%D7%A9%D7%A8%D7%90%D7%9C/,MOBILE,0,26,0,22.923076923076923
https://jus-tice.co.il/articles/%D7%93%D7%A8-%D7%92%D7%93%D7%A2%D7%95%D7%9F-%D7%A4%D7%99%D7%A9%D7%A8-%D7%95%D7%A9%D7%95%D7%AA-%D7%9E%D7%A9%D7%A8%D7%93-%D7%A2%D7%95%D7%A8%D7%9B%D7%99-%D7%93%D7%99%D7%9F/,DESKTOP,0,104,0,29.778846153846153
https://jus-tice.co.il/articles/%D7%93%D7%A8-%D7%92%D7%93%D7%A2%D7%95%D7%9F-%D7%A4%D7%99%D7%A9%D7%A8-%D7%95%D7%A9%D7%95%D7%AA-%D7%9E%D7%A9%D7%A8%D7%93-%D7%A2%D7%95%D7%A8%D7%9B%D7%99-%D7%93%D7%99%D7%9F/,MOBILE,0,26,0,38.61538461538461
https://jus-tice.co.il/articles/%D7%94%D7%90%D7%9D-%D7%99%D7%A9-%D7%9C%D7%97%D7%99%D7%99%D7%91-%D7%90%D7%AA-%D7%94%D7%91%D7%A2%D7%9C-%D7%9C%D7%A9%D7%9C%D7%9D-%D7%9C%D7%AA%D7%95%D7%91%D7%A2%D7%AA-%D7%A4%D7%99%D7%A6%D7%95%D7%99/,DESKTOP,0,243,0,60.8724279835391
https://jus-tice.co.il/articles/%D7%94%D7%90%D7%9D-%D7%99%D7%A9-%D7%9C%D7%97%D7%99%D7%99%D7%91-%D7%90%D7%AA-%D7%94%D7%91%D7%A2%D7%9C-%D7%9C%D7%A9%D7%9C%D7%9D-%D7%9C%D7%AA%D7%95%D7%91%D7%A2%D7%AA-%D7%A4%D7%99%D7%A6%D7%95%D7%99/,MOBILE,0,29,0,38.41379310344828
https://jus-tice.co.il/articles/%D7%94%D7%90%D7%9D-%D7%9C%D7%A0%D7%A6%D7%99%D7%91-%D7%A9%D7%99%D7%A8%D7%95%D7%AA-%D7%94%D7%9E%D7%93%D7%99%D7%A0%D7%94-%D7%99%D7%A9-%D7%A1%D7%9E%D7%9B%D7%95%D7%AA-%D7%9C%D7%97%D7%AA%D7%95%D7%9D-%D7%A2/,DESKTOP,0,540,0,41.10925925925926
https://jus-tice.co.il/articles/%D7%94%D7%90%D7%9D-%D7%9C%D7%A0%D7%A6%D7%99%D7%91-%D7%A9%D7%99%D7%A8%D7%95%D7%AA-%D7%94%D7%9E%D7%93%D7%99%D7%A0%D7%94-%D7%99%D7%A9-%D7%A1%D7%9E%D7%9B%D7%95%D7%AA-%D7%9C%D7%97%D7%AA%D7%95%D7%9D-%D7%A2/,MOBILE,0,53,0,31.358490566037737
https://jus-tice.co.il/articles/%D7%94%D7%90%D7%9D-%D7%A0%D7%99%D7%AA%D7%9F-%D7%9C%D7%94%D7%A6%D7%99%D7%92-%D7%97%D7%95%D7%95%D7%AA-%D7%93%D7%A2%D7%AA-%D7%A4%D7%A8%D7%98%D7%99%D7%AA-%D7%9C%D7%9E%D7%95%D7%9E%D7%97%D7%94-%D7%A9%D7%9E/,DESKTOP,0,1419,0,72.96405919661734
https://jus-tice.co.il/articles/%D7%94%D7%90%D7%9D-%D7%A0%D7%99%D7%AA%D7%9F-%D7%9C%D7%94%D7%A6%D7%99%D7%92-%D7%97%D7%95%D7%95%D7%AA-%D7%93%D7%A2%D7%AA-%D7%A4%D7%A8%D7%98%D7%99%D7%AA-%D7%9C%D7%9E%D7%95%D7%9E%D7%97%D7%94-%D7%A9%D7%9E/,MOBILE,0,125,0,81.312
https://jus-tice.co.il/articles/%D7%94%D7%90%D7%9D-%D7%AA%D7%A0%D7%99%D7%99%D7%AA-%D7%91%D7%95%D7%A8%D7%A8%D7%95%D7%AA-%D7%96%D7%A8%D7%94-%D7%91%D7%94%D7%A1%D7%9B%D7%9D-%D7%9E%D7%A7%D7%95%D7%95%D7%9F-%D7%A9%D7%91%D7%99%D7%9F-%D7%99/,DESKTOP,0,860,0,62.116279069767444
https://jus-tice.co.il/articles/%D7%94%D7%90%D7%9D-%D7%AA%D7%A0%D7%99%D7%99%D7%AA-%D7%91%D7%95%D7%A8%D7%A8%D7%95%D7%AA-%D7%96%D7%A8%D7%94-%D7%91%D7%94%D7%A1%D7%9B%D7%9D-%D7%9E%D7%A7%D7%95%D7%95%D7%9F-%D7%A9%D7%91%D7%99%D7%9F-%D7%99/,MOBILE,0,17,0,53.588235294117645
https://jus-tice.co.il/articles/%D7%94%D7%95%D7%93%D7%A2%D7%94-%D7%9C%D7%A4%D7%99-%D7%94%D7%97%D7%95%D7%A7-%D7%9C%D7%A7%D7%99%D7%93%D7%95%D7%9D-%D7%94%D7%91%D7%A0%D7%99%D7%99%D7%94-%D7%91%D7%9E%D7%AA%D7%97%D7%9E%D7%99%D7%9D-%D7%9E/,DESKTOP,0,10,0,44.3
https://jus-tice.co.il/articles/%D7%94%D7%95%D7%93%D7%A2%D7%94-%D7%9C%D7%A4%D7%99-%D7%94%D7%97%D7%95%D7%A7-%D7%9C%D7%A7%D7%99%D7%93%D7%95%D7%9D-%D7%94%D7%91%D7%A0%D7%99%D7%99%D7%94-%D7%91%D7%9E%D7%AA%D7%97%D7%9E%D7%99%D7%9D-%D7%9E/,MOBILE,0,2,0,44.5
https://jus-tice.co.il/articles/%D7%94%D7%97%D7%9C%D7%98%D7%94-%D7%91%D7%91%D7%A7%D7%A9%D7%AA-%D7%90%D7%9D-%D7%9C%D7%9E%D7%A9%D7%9E%D7%95%D7%A8%D7%AA-%D7%96%D7%9E%D7%A0%D7%99%D7%AA-%D7%A9%D7%9C-%D7%A7%D7%98%D7%99%D7%9F-%D7%95%D7%9C/,DESKTOP,0,431,0,56.93967517401392
https://jus-tice.co.il/articles/%D7%94%D7%97%D7%9C%D7%98%D7%94-%D7%91%D7%91%D7%A7%D7%A9%D7%AA-%D7%90%D7%9D-%D7%9C%D7%9E%D7%A9%D7%9E%D7%95%D7%A8%D7%AA-%D7%96%D7%9E%D7%A0%D7%99%D7%AA-%D7%A9%D7%9C-%D7%A7%D7%98%D7%99%D7%9F-%D7%95%D7%9C/,MOBILE,0,4,0,78.25
https://jus-tice.co.il/articles/%D7%94%D7%99%D7%A7%D7%A3-%D7%97%D7%95%D7%9E%D7%A8-%D7%94%D7%97%D7%A7%D7%99%D7%A8%D7%94-%D7%A9%D7%99%D7%A9-%D7%9C%D7%9E%D7%A1%D7%95%D7%A8-%D7%9C%D7%A2%D7%99%D7%95%D7%9F-%D7%94%D7%AA%D7%95%D7%91%D7%A2/,MOBILE,0,13,0,14.846153846153847
https://jus-tice.co.il/articles/%D7%94%D7%99%D7%AA%D7%A8-%D7%A0%D7%99%D7%A9%D7%95%D7%90%D7%99%D7%9F-%D7%9E%D7%99%D7%A0%D7%A7%D7%AA-%D7%92%D7%A8%D7%95%D7%A9%D7%94-1315248-1-%D7%91%D7%99%D7%94%D7%93-%D7%90%D7%A9%D7%93%D7%95/,DESKTOP,0,23,0,53.30434782608695
https://jus-tice.co.il/articles/%D7%94%D7%9C%D7%99%D7%9B%D7%99-%D7%92%D7%99%D7%A8%D7%95%D7%A9%D7%99%D7%9F-%D7%99%D7%95%D7%A6%D7%A8%D7%99%D7%9D-%D7%93%D7%99%D7%A0%D7%99%D7%9D-%D7%9E%D7%99%D7%95%D7%97%D7%93%D7%99%D7%9D-%D7%91%D7%99/,DESKTOP,0,173,0,65.94219653179191
https://jus-tice.co.il/articles/%D7%94%D7%9C%D7%99%D7%9B%D7%99-%D7%92%D7%99%D7%A8%D7%95%D7%A9%D7%99%D7%9F-%D7%99%D7%95%D7%A6%D7%A8%D7%99%D7%9D-%D7%93%D7%99%D7%A0%D7%99%D7%9D-%D7%9E%D7%99%D7%95%D7%97%D7%93%D7%99%D7%9D-%D7%91%D7%99/,MOBILE,0,44,0,67.45454545454545
https://jus-tice.co.il/articles/%D7%94%D7%9C%D7%9B%D7%AA-%D7%A9%D7%99%D7%AA%D7%95%D7%A3-%D7%A1%D7%A4%D7%A6%D7%99%D7%A4%D7%99-%D7%91%D7%93%D7%99%D7%A8%D7%AA-%D7%9E%D7%92%D7%95%D7%A8%D7%99%D7%9D/,DESKTOP,0,309,0,64.98381877022653
https://jus-tice.co.il/articles/%D7%94%D7%9C%D7%9B%D7%AA-%D7%A9%D7%99%D7%AA%D7%95%D7%A3-%D7%A1%D7%A4%D7%A6%D7%99%D7%A4%D7%99-%D7%91%D7%93%D7%99%D7%A8%D7%AA-%D7%9E%D7%92%D7%95%D7%A8%D7%99%D7%9D/,MOBILE,0,52,0,65.25
https://jus-tice.co.il/articles/%D7%94%D7%9E%D7%9C%D7%A6%D7%95%D7%AA-%D7%A6%D7%95%D7%95%D7%AA-%D7%94%D7%92%D7%99%D7%A9%D7%95%D7%A8-%D7%94%D7%A4%D7%9C%D7%99%D7%9C%D7%99-%D7%93%D7%95%D7%97-%D7%9E%D7%A1%D7%9B%D7%9D/,DESKTOP,0,414,0,52.033816425120776
https://jus-tice.co.il/articles/%D7%94%D7%9E%D7%9C%D7%A6%D7%95%D7%AA-%D7%A6%D7%95%D7%95%D7%AA-%D7%94%D7%92%D7%99%D7%A9%D7%95%D7%A8-%D7%94%D7%A4%D7%9C%D7%99%D7%9C%D7%99-%D7%93%D7%95%D7%97-%D7%9E%D7%A1%D7%9B%D7%9D/,MOBILE,0,74,0,31.16216216216216
https://jus-tice.co.il/articles/%D7%94%D7%A0%D7%93%D7%95%D7%9F-%D7%97%D7%A1%D7%99%D7%95%D7%9F-%D7%A2%D7%95%D7%A8%D7%9A-%D7%93%D7%99%D7%9F-%D7%9C%D7%A7%D7%95%D7%97-%D7%9C%D7%A2%D7%95%D7%9E%D7%AA-%D7%97%D7%95%D7%91%D7%AA/,DESKTOP,0,223,0,47.09865470852018
https://jus-tice.co.il/articles/%D7%94%D7%A0%D7%93%D7%95%D7%9F-%D7%97%D7%A1%D7%99%D7%95%D7%9F-%D7%A2%D7%95%D7%A8%D7%9A-%D7%93%D7%99%D7%9F-%D7%9C%D7%A7%D7%95%D7%97-%D7%9C%D7%A2%D7%95%D7%9E%D7%AA-%D7%97%D7%95%D7%91%D7%AA/,MOBILE,0,15,0,52.13333333333333
https://jus-tice.co.il/articles/%D7%94%D7%A2%D7%91%D7%A8%D7%AA-%D7%9E%D7%A1%D7%9E%D7%9B%D7%99%D7%9D-%D7%9E%D7%AA%D7%99%D7%A7-%D7%9E%D7%A9%D7%A4%D7%97%D7%94-%D7%9C%D7%A6%D7%95%D7%A8%D7%9A-%D7%94%D7%9C%D7%99%D7%9A-%D7%A4%D7%9C%D7%99/,DESKTOP,0,159,0,68.34591194968553
https://jus-tice.co.il/articles/%D7%94%D7%A2%D7%93%D7%A8-%D7%A9%D7%99%D7%AA%D7%95%D7%A3-%D7%A1%D7%A4%D7%A6%D7%99%D7%A4%D7%99-%D7%91%D7%A0%D7%9B%D7%A1-%D7%A9%D7%A0%D7%A8%D7%A9%D7%9D-%D7%A2%D7%9C-%D7%A9%D7%9D-%D7%94%D7%91%D7%A2%D7%9C/,DESKTOP,0,98,0,80.10204081632654
https://jus-tice.co.il/articles/%D7%94%D7%A2%D7%A8%D7%95%D7%AA-%D7%94%D7%A1%D7%A0%D7%99%D7%92%D7%95%D7%A8%D7%99%D7%94-%D7%94%D7%A6%D7%99%D7%91%D7%95%D7%A8%D7%99%D7%AA-%D7%9C%D7%AA%D7%96%D7%9B%D7%99%D7%A8-%D7%97%D7%95%D7%A7-%D7%99/,DESKTOP,0,332,0,53.15060240963855
https://jus-tice.co.il/articles/%D7%94%D7%A2%D7%A8%D7%95%D7%AA-%D7%94%D7%A1%D7%A0%D7%99%D7%92%D7%95%D7%A8%D7%99%D7%94-%D7%94%D7%A6%D7%99%D7%91%D7%95%D7%A8%D7%99%D7%AA-%D7%9C%D7%AA%D7%96%D7%9B%D7%99%D7%A8-%D7%97%D7%95%D7%A7-%D7%99/,MOBILE,0,15,0,44.733333333333334
https://jus-tice.co.il/articles/%D7%94%D7%A6%D7%A2%D7%AA-%D7%97%D7%95%D7%A7-%D7%93%D7%99%D7%A0%D7%99-%D7%9E%D7%9E%D7%95%D7%A0%D7%95%D7%AA-%D7%94%D7%AA%D7%A9%D7%A2%D7%90-2011-%D7%A2%D7%9D-%D7%94%D7%A1%D7%91%D7%A8%D7%99%D7%9D/,TABLET,0,1,0,12
https://jus-tice.co.il/articles/%D7%94%D7%A6%D7%A2%D7%AA-%D7%AA%D7%99%D7%A7%D7%95%D7%9F-%D7%97%D7%95%D7%A7-%D7%97%D7%99%D7%A4%D7%95%D7%A9-%D7%91%D7%9E%D7%A7%D7%95%D7%9D-%D7%9C%D7%9C%D7%90-%D7%A6%D7%95-%D7%91%D7%99%D7%AA-%D7%9E/,DESKTOP,0,625,0,60.3824
https://jus-tice.co.il/articles/%D7%94%D7%A6%D7%A2%D7%AA-%D7%AA%D7%99%D7%A7%D7%95%D7%9F-%D7%97%D7%95%D7%A7-%D7%97%D7%99%D7%A4%D7%95%D7%A9-%D7%91%D7%9E%D7%A7%D7%95%D7%9D-%D7%9C%D7%9C%D7%90-%D7%A6%D7%95-%D7%91%D7%99%D7%AA-%D7%9E/,MOBILE,0,92,0,70.27173913043478
https://jus-tice.co.il/articles/%D7%94%D7%A9%D7%95%D7%A4%D7%98%D7%AA-%D7%9E%D7%99%D7%9B%D7%9C-%D7%90%D7%92%D7%9E%D7%95%D7%9F-%D7%92%D7%95%D7%A0%D7%9F-%D7%A4%D7%A1%D7%93-%D7%91%D7%AA%D7%91%D7%99%D7%A2%D7%94-%D7%99%D7%99%D7%A6/,TABLET,0,2,0,20
https://jus-tice.co.il/articles/%D7%96%D7%99%D7%9B%D7%95%D7%99-%D7%A0%D7%90%D7%A9%D7%9D-%D7%91%D7%AA%D7%A7%D7%99%D7%A4%D7%AA-%D7%91%D7%AA-%D7%96%D7%95%D7%92-%D7%9E%D7%97%D7%9E%D7%AA-%D7%94%D7%A1%D7%A4%D7%A7-%D7%A9%D7%95%D7%A4/,DESKTOP,0,17,0,30.647058823529413
https://jus-tice.co.il/articles/%D7%96%D7%99%D7%9B%D7%95%D7%99-%D7%A0%D7%90%D7%A9%D7%9D-%D7%91%D7%AA%D7%A7%D7%99%D7%A4%D7%AA-%D7%91%D7%AA-%D7%96%D7%95%D7%92-%D7%9E%D7%97%D7%9E%D7%AA-%D7%94%D7%A1%D7%A4%D7%A7-%D7%A9%D7%95%D7%A4/,MOBILE,0,21,0,11.523809523809524
https://jus-tice.co.il/articles/%D7%96%D7%9B%D7%95%D7%AA-%D7%94%D7%95%D7%A8%D7%94-%D7%92%D7%A8%D7%95%D7%A9-%D7%9C%D7%94%D7%A2%D7%AA%D7%99%D7%A7-%D7%90%D7%AA-%D7%9E%D7%92%D7%95%D7%A8%D7%99%D7%95-%D7%95%D7%90%D7%A3-%D7%9C%D7%94%D7%92/,TABLET,0,1,0,10
https://jus-tice.co.il/articles/%D7%97%D7%95%D7%91%D7%AA-%D7%90%D7%99%D7%A9%D7%95%D7%A8-%D7%94%D7%A1%D7%9B%D7%9D-%D7%94%D7%9E%D7%94%D7%95%D7%95%D7%94-%D7%94%D7%A9%D7%9C%D7%9E%D7%94-%D7%9C%D7%94%D7%A1%D7%9B%D7%9D-%D7%9E%D7%9E%D7%95%D7%9F-%D7%90%D7%95-%D7%92%D7%99%D7%A8%D7%95%D7%A9%D7%99%D7%9F-%D7%90%D7%A3-%D7%90%D7%9D-%D7%94%D7%95%D7%92%D7%93%D7%A8-%D7%94%D7%A1%D7%9B%D7%9D-%D7%9E%D7%9B%D7%A8-%D7%95%D7%91%D7%98%D7%9C%D7%95%D7%AA%D7%95-%D7%9E%D7%A9%D7%90%D7%95%D7%A9%D7%A8-%D7%A9%D7%9C%D7%90-%D7%9B%D7%93%D7%99%D7%9F-1333563-1-%D7%91%D7%99%D7%94%D7%93-%D7%94%D7%92%D7%93%D7%95%D7%9C/,DESKTOP,0,111,0,75.69369369369369
https://jus-tice.co.il/articles/%D7%97%D7%95%D7%91%D7%AA-%D7%90%D7%99%D7%A9%D7%95%D7%A8-%D7%94%D7%A1%D7%9B%D7%9D-%D7%94%D7%9E%D7%94%D7%95%D7%95%D7%94-%D7%94%D7%A9%D7%9C%D7%9E%D7%94-%D7%9C%D7%94%D7%A1%D7%9B%D7%9D-%D7%9E%D7%9E%D7%95%D7%9F-%D7%90%D7%95-%D7%92%D7%99%D7%A8%D7%95%D7%A9%D7%99%D7%9F-%D7%90%D7%A3-%D7%90%D7%9D-%D7%94%D7%95%D7%92%D7%93%D7%A8-%D7%94%D7%A1%D7%9B%D7%9D-%D7%9E%D7%9B%D7%A8-%D7%95%D7%91%D7%98%D7%9C%D7%95%D7%AA%D7%95-%D7%9E%D7%A9%D7%90%D7%95%D7%A9%D7%A8-%D7%A9%D7%9C%D7%90-%D7%9B%D7%93%D7%99%D7%9F-1333563-1-%D7%91%D7%99%D7%94%D7%93-%D7%94%D7%92%D7%93%D7%95%D7%9C/,MOBILE,0,35,0,79.08571428571429
https://jus-tice.co.il/articles/%D7%97%D7%95%D7%91%D7%AA-%D7%94%D7%90%D7%91-%D7%91%D7%9E%D7%93%D7%95%D7%A8-%D7%99%D7%9C%D7%93%D7%99%D7%95-%D7%91%D7%93%D7%99%D7%A8%D7%94-%D7%A9%D7%91%D7%91%D7%A2%D7%9C%D7%95%D7%AA-%D7%94%D7%90%D7%9D/,DESKTOP,0,1992,0,60.09989959839358
https://jus-tice.co.il/articles/%D7%97%D7%95%D7%91%D7%AA-%D7%94%D7%90%D7%91-%D7%91%D7%9E%D7%93%D7%95%D7%A8-%D7%99%D7%9C%D7%93%D7%99%D7%95-%D7%91%D7%93%D7%99%D7%A8%D7%94-%D7%A9%D7%91%D7%91%D7%A2%D7%9C%D7%95%D7%AA-%D7%94%D7%90%D7%9D/,MOBILE,0,174,0,58.833333333333336
https://jus-tice.co.il/articles/%D7%97%D7%96%D7%A7%D7%AA-%D7%97%D7%95%D7%91-%D7%9C%D7%A6%D7%93-%D7%92-%D7%A9%D7%90%D7%9B%D7%9F-%D7%97%D7%95%D7%91-%D7%94%D7%95%D7%90-%D7%95%D7%91%D7%A8%D7%90%D7%99%D7%96%D7%95%D7%9F-%D7%95/,DESKTOP,0,370,0,42.83783783783784
https://jus-tice.co.il/articles/%D7%97%D7%96%D7%A7%D7%AA-%D7%97%D7%95%D7%91-%D7%9C%D7%A6%D7%93-%D7%92-%D7%A9%D7%90%D7%9B%D7%9F-%D7%97%D7%95%D7%91-%D7%94%D7%95%D7%90-%D7%95%D7%91%D7%A8%D7%90%D7%99%D7%96%D7%95%D7%9F-%D7%95/,MOBILE,0,8,0,50
https://jus-tice.co.il/articles/%D7%97%D7%99%D7%95%D7%91-%D7%90%D7%9D-%D7%91%D7%9E%D7%96%D7%95%D7%A0%D7%95%D7%AA-%D7%99%D7%9C%D7%93%D7%99%D7%9D-%D7%91%D7%90%D7%9C%D7%95-%D7%AA%D7%A0%D7%90%D7%99%D7%9D-1284587-12-%D7%91/,DESKTOP,0,2659,0,38.00827378713802
https://jus-tice.co.il/articles/%D7%97%D7%99%D7%95%D7%91-%D7%90%D7%9D-%D7%91%D7%9E%D7%96%D7%95%D7%A0%D7%95%D7%AA-%D7%99%D7%9C%D7%93%D7%99%D7%9D-%D7%91%D7%90%D7%9C%D7%95-%D7%AA%D7%A0%D7%90%D7%99%D7%9D-1284587-12-%D7%91/,MOBILE,0,14,0,60.214285714285715
https://jus-tice.co.il/articles/%D7%97%D7%99%D7%95%D7%91-%D7%92%D7%98-%D7%92%D7%99%D7%A8%D7%95%D7%A9%D7%99%D7%9F-%D7%95%D7%93%D7%97%D7%99%D7%99%D7%AA-%D7%91%D7%A7%D7%A9%D7%AA-%D7%94%D7%90%D7%99%D7%A9-%D7%9C%D7%93%D7%95%D7%9F-%D7%91/,DESKTOP,0,744,0,54.534946236559136
https://jus-tice.co.il/articles/%D7%97%D7%99%D7%95%D7%91-%D7%92%D7%98-%D7%92%D7%99%D7%A8%D7%95%D7%A9%D7%99%D7%9F-%D7%95%D7%93%D7%97%D7%99%D7%99%D7%AA-%D7%91%D7%A7%D7%A9%D7%AA-%D7%94%D7%90%D7%99%D7%A9-%D7%9C%D7%93%D7%95%D7%9F-%D7%91/,MOBILE,0,86,0,62.22093023255814
https://jus-tice.co.il/articles/%D7%97%D7%99%D7%95%D7%91-%D7%92%D7%98-%D7%95%D7%9B%D7%AA%D7%95%D7%91%D7%94-%D7%91%D7%9E%D7%A7%D7%A8%D7%94-%D7%A9%D7%A9%D7%A0%D7%99-%D7%94%D7%A6%D7%93%D7%93%D7%99%D7%9D-%D7%90%D7%99%D7%A0%D7%9D-%D7%A8%D7%95%D7%A6%D7%99%D7%9D-%D7%96%D7%94/,DESKTOP,0,311,0,57.466237942122184
https://jus-tice.co.il/articles/%D7%97%D7%99%D7%95%D7%91-%D7%92%D7%98-%D7%95%D7%9B%D7%AA%D7%95%D7%91%D7%94-%D7%91%D7%9E%D7%A7%D7%A8%D7%94-%D7%A9%D7%A9%D7%A0%D7%99-%D7%94%D7%A6%D7%93%D7%93%D7%99%D7%9D-%D7%90%D7%99%D7%A0%D7%9D-%D7%A8%D7%95%D7%A6%D7%99%D7%9D-%D7%96%D7%94/,MOBILE,0,6,0,60.666666666666664
https://jus-tice.co.il/articles/%D7%97%D7%99%D7%A4%D7%95%D7%A9-%D7%A2%D7%9C-%D7%90%D7%93%D7%9D-%D7%94%D7%A9%D7%95%D7%94%D7%94-%D7%91%D7%A9%D7%93%D7%94-%D7%91%D7%AA%D7%A2%D7%95%D7%A4%D7%94/,DESKTOP,0,379,0,74.23482849604221
https://jus-tice.co.il/articles/%D7%97%D7%99%D7%A4%D7%95%D7%A9-%D7%A2%D7%9C-%D7%90%D7%93%D7%9D-%D7%94%D7%A9%D7%95%D7%94%D7%94-%D7%91%D7%A9%D7%93%D7%94-%D7%91%D7%AA%D7%A2%D7%95%D7%A4%D7%94/,MOBILE,0,3,0,45.666666666666664
https://jus-tice.co.il/articles/%D7%97%D7%99%D7%A9%D7%95%D7%91-%D7%A9%D7%99%D7%A2%D7%95%D7%A8-%D7%97%D7%99%D7%95%D7%91%D7%95-%D7%A9%D7%9C-%D7%90%D7%91-%D7%A9%D7%90%D7%99%D7%A0%D7%95-%D7%9E%D7%A0%D7%A6%D7%9C-%D7%90%D7%AA-%D7%9E%D7%9C/,DESKTOP,0,258,0,72.62790697674419
https://jus-tice.co.il/articles/%D7%97%D7%9C%D7%95%D7%A7%D7%AA-%D7%96%D7%9E%D7%A0%D7%99-%D7%A9%D7%94%D7%95%D7%AA-%D7%9E%D7%99%D7%A0%D7%95%D7%99-%D7%9E%D7%AA%D7%90%D7%9D-%D7%94%D7%95%D7%A8%D7%99-%D7%A2%D7%9D-%D7%A1%D7%9E%D7%9B/,DESKTOP,0,419,0,43.68257756563246
https://jus-tice.co.il/articles/%D7%99%D7%AA%D7%A8%D7%95%D7%A0%D7%95%D7%AA-%D7%94%D7%A2%D7%A1%D7%A7%D7%AA-%D7%A2%D7%95%D7%A8%D7%9A-%D7%93%D7%99%D7%9F-%D7%A4%D7%9C%D7%99%D7%9C%D7%99/,DESKTOP,0,130,0,64.03076923076924
https://jus-tice.co.il/articles/%D7%99%D7%AA%D7%A8%D7%95%D7%A0%D7%95%D7%AA-%D7%94%D7%A2%D7%A1%D7%A7%D7%AA-%D7%A2%D7%95%D7%A8%D7%9A-%D7%93%D7%99%D7%9F-%D7%A4%D7%9C%D7%99%D7%9C%D7%99/,MOBILE,0,3,0,75.33333333333333
https://jus-tice.co.il/articles/%D7%9B%D7%99%D7%A6%D7%93-%D7%9C%D7%A9%D7%9B%D7%95%D7%A8-%D7%9E%D7%A4%D7%AA%D7%97-%D7%90%D7%AA%D7%A8%D7%99%D7%9D/,DESKTOP,0,698,0,59.458452722063036
https://jus-tice.co.il/articles/%D7%9B%D7%99%D7%A6%D7%93-%D7%9C%D7%A9%D7%9B%D7%95%D7%A8-%D7%9E%D7%A4%D7%AA%D7%97-%D7%90%D7%AA%D7%A8%D7%99%D7%9D/,MOBILE,0,80,0,50.35
https://jus-tice.co.il/articles/%D7%9C%D7%A9%D7%95%D7%9F-%D7%94%D7%A8%D7%A2-%D7%AA%D7%9C%D7%95%D7%A0%D7%94-%D7%91%D7%9E%D7%A9%D7%98%D7%A8%D7%94/,DESKTOP,0,64,0,37.34375
https://jus-tice.co.il/articles/%D7%9C%D7%A9%D7%95%D7%9F-%D7%94%D7%A8%D7%A2-%D7%AA%D7%9C%D7%95%D7%A0%D7%94-%D7%91%D7%9E%D7%A9%D7%98%D7%A8%D7%94/,MOBILE,0,5,0,32.4
https://jus-tice.co.il/articles/%D7%9E%D7%93%D7%A8%D7%99%D7%9A-%D7%9E%D7%A7%D7%99%D7%A3-%D7%9C%D7%A7%D7%A0%D7%99%D7%99%D7%AA-%D7%93%D7%99%D7%A8%D7%94-%D7%A8%D7%90%D7%A9%D7%95%D7%A0%D7%94/,DESKTOP,0,1409,0,59.07168204400284
https://jus-tice.co.il/articles/%D7%9E%D7%93%D7%A8%D7%99%D7%9A-%D7%9E%D7%A7%D7%99%D7%A3-%D7%9C%D7%A7%D7%A0%D7%99%D7%99%D7%AA-%D7%93%D7%99%D7%A8%D7%94-%D7%A8%D7%90%D7%A9%D7%95%D7%A0%D7%94/,MOBILE,0,269,0,57.33085501858736
https://jus-tice.co.il/articles/%D7%9E%D7%93%D7%A8%D7%99%D7%9A-2025-%D7%9E%D7%94-%D7%97%D7%A9%D7%95%D7%91-%D7%9C%D7%9B%D7%9C%D7%95%D7%9C-%D7%91%D7%97%D7%95%D7%96%D7%94-%D7%9E%D7%95%D7%9C-%D7%A7%D7%91%D7%9C%D7%9F-%D7%91%D7%A8%D7%9B/,DESKTOP,0,776,0,48.29381443298969
https://jus-tice.co.il/articles/%D7%9E%D7%93%D7%A8%D7%99%D7%9A-2025-%D7%9E%D7%94-%D7%97%D7%A9%D7%95%D7%91-%D7%9C%D7%9B%D7%9C%D7%95%D7%9C-%D7%91%D7%97%D7%95%D7%96%D7%94-%D7%9E%D7%95%D7%9C-%D7%A7%D7%91%D7%9C%D7%9F-%D7%91%D7%A8%D7%9B/,MOBILE,0,43,0,28.72093023255814
https://jus-tice.co.il/articles/%D7%9E%D7%94%D7%95-%D7%91%D7%99%D7%AA-%D7%9E%D7%A9%D7%A4%D7%98/,DESKTOP,0,1844,0,37.28796095444685
https://jus-tice.co.il/articles/%D7%9E%D7%94%D7%95-%D7%91%D7%99%D7%AA-%D7%9E%D7%A9%D7%A4%D7%98/,MOBILE,0,332,0,22.765060240963855
https://jus-tice.co.il/articles/%D7%9E%D7%94%D7%95-%D7%91%D7%99%D7%AA-%D7%9E%D7%A9%D7%A4%D7%98/,TABLET,0,2,0,5
https://jus-tice.co.il/articles/%D7%9E%D7%96%D7%95%D7%A0%D7%95%D7%AA-%D7%94%D7%99%D7%9C%D7%93%D7%99%D7%9D-%D7%AA%D7%A9%D7%9C%D7%95%D7%9D-%D7%A4%D7%A2%D7%95%D7%98%D7%95%D7%9F-%D7%A6%D7%94%D7%A8%D7%95%D7%9F-%D7%95%D7%9E/,DESKTOP,0,591,0,38.544839255499156
https://jus-tice.co.il/articles/%D7%9E%D7%97%D7%99%D7%A7%D7%AA-%D7%9B%D7%AA%D7%91-%D7%90%D7%99%D7%A9%D7%95%D7%9D-%D7%97%D7%96%D7%A8%D7%94-%D7%9E%D7%9B%D7%AA%D7%91-%D7%90%D7%99%D7%A9%D7%95%D7%9D-%D7%91%D7%99%D7%98%D7%95%D7%9C/,TABLET,0,36,0,39.25
https://jus-tice.co.il/articles/%D7%9E%D7%97%D7%A7%D7%A8-%D7%A4%D7%9C%D7%99%D7%9C%D7%99-%D7%92%D7%95%D7%A4%D7%99%D7%9D-%D7%A1%D7%98%D7%98%D7%95%D7%98%D7%95%D7%A8%D7%99%D7%99%D7%9D-%D7%94%D7%A2%D7%95%D7%A1%D7%A7%D7%99%D7%9D-%D7%91/,MOBILE,0,9,0,9
https://jus-tice.co.il/articles/%D7%9E%D7%A1%D7%92%D7%A8%D7%AA-%D7%A0%D7%95%D7%A8%D7%9E%D7%98%D7%99%D7%91%D7%99%D7%AA-%D7%A4%D7%A8%D7%A1%D7%95%D7%9D-%D7%9C%D7%A9%D7%95%D7%9F-%D7%94%D7%A8%D7%A2/,DESKTOP,0,73,0,51.80821917808219
https://jus-tice.co.il/articles/%D7%9E%D7%A1%D7%92%D7%A8%D7%AA-%D7%A0%D7%95%D7%A8%D7%9E%D7%98%D7%99%D7%91%D7%99%D7%AA-%D7%A4%D7%A8%D7%A1%D7%95%D7%9D-%D7%9C%D7%A9%D7%95%D7%9F-%D7%94%D7%A8%D7%A2/,MOBILE,0,14,0,18.357142857142858
https://jus-tice.co.il/articles/%D7%9E%D7%A7%D7%A8%D7%99-%D7%A8%D7%A9%D7%9C%D7%A0%D7%95%D7%AA-%D7%A8%D7%A4%D7%95%D7%90%D7%99%D7%AA-%D7%93%D7%95%D7%92%D7%9E%D7%90%D7%95%D7%AA/,DESKTOP,0,3941,0,49.49327581832022
https://jus-tice.co.il/articles/%D7%9E%D7%A7%D7%A8%D7%99-%D7%A8%D7%A9%D7%9C%D7%A0%D7%95%D7%AA-%D7%A8%D7%A4%D7%95%D7%90%D7%99%D7%AA-%D7%93%D7%95%D7%92%D7%9E%D7%90%D7%95%D7%AA/,TABLET,0,1,0,7
https://jus-tice.co.il/articles/%D7%9E%D7%A9%D7%98%D7%A8%D7%AA-%D7%99%D7%A9%D7%A8%D7%90%D7%9C-%D7%A9%D7%99%D7%9E%D7%95%D7%A9-%D7%91%D7%9E%D7%A2%D7%A8%D7%9B%D7%AA-%D7%A4%D7%92%D7%A1%D7%95%D7%A1-%D7%9C%D7%9C%D7%90-%D7%A6%D7%95-%D7%A9/,DESKTOP,0,57,0,63.1578947368421
https://jus-tice.co.il/articles/%D7%9E%D7%A9%D7%98%D7%A8%D7%AA-%D7%99%D7%A9%D7%A8%D7%90%D7%9C-%D7%A9%D7%99%D7%9E%D7%95%D7%A9-%D7%91%D7%9E%D7%A2%D7%A8%D7%9B%D7%AA-%D7%A4%D7%92%D7%A1%D7%95%D7%A1-%D7%9C%D7%9C%D7%90-%D7%A6%D7%95-%D7%A9/,MOBILE,0,36,0,59.611111111111114
https://jus-tice.co.il/articles/%D7%9E%D7%A9%D7%A8%D7%93-%D7%A2%D7%95%D7%A8%D7%9B%D7%99-%D7%93%D7%99%D7%9F-%D7%93%D7%A8-%D7%90%D7%A1%D7%A3-%D7%A4%D7%95%D7%96%D7%A0%D7%A8/,DESKTOP,0,23,0,16.82608695652174
https://jus-tice.co.il/articles/%D7%9E%D7%A9%D7%A8%D7%93-%D7%A2%D7%95%D7%A8%D7%9B%D7%99-%D7%93%D7%99%D7%9F-%D7%93%D7%A8-%D7%90%D7%A1%D7%A3-%D7%A4%D7%95%D7%96%D7%A0%D7%A8/,MOBILE,0,16,0,17.3125
https://jus-tice.co.il/articles/%D7%A0%D7%99%D7%A9%D7%95%D7%90%D7%99%D7%9D-%D7%90%D7%96%D7%A8%D7%97%D7%99%D7%99%D7%9D/,DESKTOP,0,5509,0,61.72572154656017
https://jus-tice.co.il/articles/%D7%A0%D7%99%D7%A9%D7%95%D7%90%D7%99%D7%9D-%D7%90%D7%96%D7%A8%D7%97%D7%99%D7%99%D7%9D/,MOBILE,0,1186,0,55.598650927487355
https://jus-tice.co.il/articles/%D7%A0%D7%99%D7%A9%D7%95%D7%90%D7%99%D7%9D-%D7%90%D7%96%D7%A8%D7%97%D7%99%D7%99%D7%9D/,TABLET,0,2,0,61
https://jus-tice.co.il/articles/%D7%A1%D7%9E%D7%9B%D7%95%D7%AA-%D7%91%D7%99%D7%AA-%D7%94%D7%93%D7%99%D7%9F-%D7%91%D7%A2%D7%A0%D7%99%D7%99%D7%9F-%D7%9E%D7%96%D7%95%D7%A0%D7%95%D7%AA-%D7%94%D7%99%D7%9C%D7%93%D7%99%D7%9D-%D7%9C%D7%90/,DESKTOP,0,660,0,65.30606060606061
https://jus-tice.co.il/articles/%D7%A1%D7%9E%D7%9B%D7%95%D7%AA-%D7%91%D7%99%D7%AA-%D7%94%D7%93%D7%99%D7%9F-%D7%91%D7%A2%D7%A0%D7%99%D7%99%D7%9F-%D7%9E%D7%96%D7%95%D7%A0%D7%95%D7%AA-%D7%94%D7%99%D7%9C%D7%93%D7%99%D7%9D-%D7%9C%D7%90/,MOBILE,0,4,0,47.5
https://jus-tice.co.il/articles/%D7%A2%D7%95%D7%93-%D7%9C%D7%99%D7%99%D7%A6%D7%95%D7%92-%D7%9E%D7%A2%D7%A1%D7%99%D7%A7%D7%99%D7%9D/,DESKTOP,0,975,0,76.44615384615385
https://jus-tice.co.il/articles/%D7%A2%D7%95%D7%93-%D7%9C%D7%99%D7%99%D7%A6%D7%95%D7%92-%D7%9E%D7%A2%D7%A1%D7%99%D7%A7%D7%99%D7%9D/,MOBILE,0,165,0,82.2969696969697
https://jus-tice.co.il/articles/%D7%A2%D7%95%D7%93-%D7%A4%D7%9C%D7%99%D7%9C%D7%99/,DESKTOP,0,520,0,71.30576923076923
https://jus-tice.co.il/articles/%D7%A2%D7%95%D7%93-%D7%A4%D7%9C%D7%99%D7%9C%D7%99/,MOBILE,0,117,0,61.61538461538461
https://jus-tice.co.il/articles/%D7%A2%D7%95%D7%95%D7%9C%D7%94-%D7%A0%D7%96%D7%A7-%D7%95%D7%A4%D7%99%D7%A6%D7%95%D7%99-%D7%93%D7%99%D7%A0%D7%99-%D7%94%D7%A0%D7%96%D7%99%D7%A7%D7%99%D7%9F-%D7%95%D7%A8%D7%A9%D7%9C%D7%A0%D7%95/,DESKTOP,0,119,0,76.31932773109244
https://jus-tice.co.il/articles/%D7%A2%D7%95%D7%95%D7%9C%D7%94-%D7%A0%D7%96%D7%A7-%D7%95%D7%A4%D7%99%D7%A6%D7%95%D7%99-%D7%93%D7%99%D7%A0%D7%99-%D7%94%D7%A0%D7%96%D7%99%D7%A7%D7%99%D7%9F-%D7%95%D7%A8%D7%A9%D7%9C%D7%A0%D7%95/,MOBILE,0,5,0,61.2
https://jus-tice.co.il/articles/%D7%A2%D7%95%D7%A0%D7%A9-%D7%A4%D7%9C%D7%99%D7%9C%D7%99-%D7%9C%D7%A0%D7%90%D7%A9%D7%9D-%D7%91%D7%9E%D7%A2%D7%A9%D7%94-%D7%9E%D7%92%D7%95%D7%A0%D7%94-%D7%91%D7%A0%D7%A1%D7%99%D7%91%D7%95%D7%AA-%D7%9E/,DESKTOP,0,2035,0,67.75085995085995
https://jus-tice.co.il/articles/%D7%A2%D7%95%D7%A0%D7%A9-%D7%A4%D7%9C%D7%99%D7%9C%D7%99-%D7%9C%D7%A0%D7%90%D7%A9%D7%9D-%D7%91%D7%9E%D7%A2%D7%A9%D7%94-%D7%9E%D7%92%D7%95%D7%A0%D7%94-%D7%91%D7%A0%D7%A1%D7%99%D7%91%D7%95%D7%AA-%D7%9E/,MOBILE,0,186,0,74.81720430107526
https://jus-tice.co.il/articles/%D7%A2%D7%95%D7%A8%D7%9A-%D7%93%D7%99%D7%9F-%D7%9C%D7%A2%D7%91%D7%99%D7%A8%D7%95%D7%AA-%D7%A9%D7%95%D7%A7-%D7%94%D7%94%D7%95%D7%9F/,DESKTOP,0,1,0,22
https://jus-tice.co.il/articles/%D7%A2%D7%95%D7%A8%D7%9A-%D7%93%D7%99%D7%9F-%D7%9E%D7%95%D7%9E%D7%9C%D7%A5-%D7%93%D7%99%D7%A0%D7%99-%D7%9E%D7%A9%D7%A4%D7%97%D7%94-%D7%95%D7%92%D7%99%D7%A8%D7%95%D7%A9%D7%99%D7%9F-%D7%A4%D7%99%D7%A8/,DESKTOP,0,108,0,73.36111111111111
https://jus-tice.co.il/articles/%D7%A2%D7%95%D7%A8%D7%9A-%D7%93%D7%99%D7%9F-%D7%9E%D7%95%D7%9E%D7%9C%D7%A5-%D7%93%D7%99%D7%A0%D7%99-%D7%9E%D7%A9%D7%A4%D7%97%D7%94-%D7%95%D7%92%D7%99%D7%A8%D7%95%D7%A9%D7%99%D7%9F-%D7%A4%D7%99%D7%A8/,MOBILE,0,4,0,59.75
https://jus-tice.co.il/articles/%D7%A2%D7%95%D7%A8%D7%9A-%D7%93%D7%99%D7%9F-%D7%9E%D7%A9%D7%A4%D7%98-%D7%A4%D7%9C%D7%99%D7%9C%D7%99-%D7%91%D7%99%D7%A0%D7%9C%D7%90%D7%95%D7%9E%D7%99/,DESKTOP,0,3258,0,50.73511356660528
https://jus-tice.co.il/articles/%D7%A2%D7%95%D7%A8%D7%9A-%D7%93%D7%99%D7%9F-%D7%9E%D7%A9%D7%A4%D7%98-%D7%A4%D7%9C%D7%99%D7%9C%D7%99-%D7%91%D7%99%D7%A0%D7%9C%D7%90%D7%95%D7%9E%D7%99/,MOBILE,0,239,0,43.58158995815899
https://jus-tice.co.il/articles/%D7%A2%D7%95%D7%A8%D7%9A-%D7%93%D7%99%D7%9F-%D7%9E%D7%A9%D7%A4%D7%98-%D7%A4%D7%9C%D7%99%D7%9C%D7%99-%D7%91%D7%99%D7%A0%D7%9C%D7%90%D7%95%D7%9E%D7%99/,TABLET,0,5,0,58.8
https://jus-tice.co.il/articles/%D7%A2%D7%A8%D7%A2%D7%95%D7%A8-%D7%A4%D7%9C%D7%99%D7%9C%D7%99-%D7%9E%D7%A1-50-31-%D7%91%D7%91%D7%99%D7%AA-%D7%94%D7%9E%D7%A9%D7%A4%D7%98-%D7%94%D7%A2%D7%9C%D7%99%D7%95%D7%9F-%D7%91%D7%A9%D7%91/,DESKTOP,0,171,0,71.81871345029239
https://jus-tice.co.il/articles/%D7%A2%D7%A8%D7%A2%D7%95%D7%A8-%D7%A4%D7%9C%D7%99%D7%9C%D7%99-%D7%9E%D7%A1-50-31-%D7%91%D7%91%D7%99%D7%AA-%D7%94%D7%9E%D7%A9%D7%A4%D7%98-%D7%94%D7%A2%D7%9C%D7%99%D7%95%D7%9F-%D7%91%D7%A9%D7%91/,MOBILE,0,11,0,83.9090909090909
https://jus-tice.co.il/articles/%D7%A4%D7%92%D7%99%D7%A2%D7%94-%D7%91%D7%A4%D7%A8%D7%98%D7%99%D7%95%D7%AA-%D7%A1%D7%A7%D7%99%D7%A8%D7%AA-%D7%94%D7%9E%D7%A1%D7%92%D7%A8%D7%AA-%D7%94%D7%A0%D7%95%D7%A8%D7%9E%D7%98%D7%99%D7%91%D7%99/,TABLET,0,1,0,93
https://jus-tice.co.il/articles/%D7%A4%D7%92%D7%A1%D7%95%D7%A1-nso-%D7%9E%D7%A1%D7%A7%D7%A0%D7%95%D7%AA-%D7%A6%D7%95%D7%95%D7%AA-%D7%9E%D7%A8%D7%A8%D7%99-%D7%9E%D7%9E%D7%A6%D7%90%D7%99-%D7%A6%D7%95%D7%95%D7%AA-%D7%94%D7%91%D7%93/,DESKTOP,0,70,0,60.94285714285714
https://jus-tice.co.il/articles/%D7%A4%D7%92%D7%A1%D7%95%D7%A1-nso-%D7%9E%D7%A1%D7%A7%D7%A0%D7%95%D7%AA-%D7%A6%D7%95%D7%95%D7%AA-%D7%9E%D7%A8%D7%A8%D7%99-%D7%9E%D7%9E%D7%A6%D7%90%D7%99-%D7%A6%D7%95%D7%95%D7%AA-%D7%94%D7%91%D7%93/,MOBILE,0,23,0,58.69565217391305
https://jus-tice.co.il/articles/%D7%A4%D7%99%D7%A6%D7%95%D7%99%D7%99%D7%9D-%D7%9C%D7%A2%D7%95%D7%91%D7%93-%D7%A9%D7%A4%D7%95%D7%98%D7%A8-%D7%9E%D7%A2%D7%91%D7%95%D7%93%D7%AA%D7%95-%D7%9C%D7%90%D7%9C%D7%AA%D7%A8-%D7%95%D7%9C%D7%9C/,DESKTOP,0,51,0,72.76470588235294
https://jus-tice.co.il/articles/%D7%A4%D7%99%D7%A6%D7%95%D7%99%D7%99%D7%9D-%D7%9C%D7%A2%D7%95%D7%91%D7%93-%D7%A9%D7%A4%D7%95%D7%98%D7%A8-%D7%9E%D7%A2%D7%91%D7%95%D7%93%D7%AA%D7%95-%D7%9C%D7%90%D7%9C%D7%AA%D7%A8-%D7%95%D7%9C%D7%9C/,MOBILE,0,3,0,94.33333333333333
https://jus-tice.co.il/articles/%D7%A4%D7%99%D7%A8%D7%95%D7%A7-%D7%A9%D7%99%D7%AA%D7%95%D7%A3-%D7%91%D7%99%D7%9F-%D7%91%D7%A0%D7%99-%D7%96%D7%95%D7%92-%D7%97%D7%9C%D7%95%D7%A7%D7%AA-%D7%93%D7%99%D7%A8%D7%94-%D7%9C%D7%A4%D7%99/,DESKTOP,0,11516,0,60.17184786384161
https://jus-tice.co.il/articles/%D7%A4%D7%99%D7%A8%D7%95%D7%A7-%D7%A9%D7%99%D7%AA%D7%95%D7%A3-%D7%91%D7%99%D7%9F-%D7%91%D7%A0%D7%99-%D7%96%D7%95%D7%92-%D7%97%D7%9C%D7%95%D7%A7%D7%AA-%D7%93%D7%99%D7%A8%D7%94-%D7%9C%D7%A4%D7%99/,MOBILE,0,4008,0,65.56012974051896
https://jus-tice.co.il/articles/%D7%A4%D7%99%D7%A8%D7%95%D7%A7-%D7%A9%D7%99%D7%AA%D7%95%D7%A3-%D7%91%D7%99%D7%9F-%D7%91%D7%A0%D7%99-%D7%96%D7%95%D7%92-%D7%97%D7%9C%D7%95%D7%A7%D7%AA-%D7%93%D7%99%D7%A8%D7%94-%D7%9C%D7%A4%D7%99/,TABLET,0,21,0,61.19047619047619
https://jus-tice.co.il/articles/%D7%A4%D7%A1%D7%93-%D7%91%D7%AA%D7%91%D7%99%D7%A2%D7%94-%D7%9C%D7%A9%D7%95%D7%9F-%D7%94%D7%A8%D7%A2-%D7%91%D7%92%D7%99%D7%9F-%D7%A4%D7%A8%D7%A1%D7%95%D7%9D-%D7%91%D7%A7%D7%91%D7%95%D7%A6%D7%AA/,DESKTOP,0,9568,0,51.27623327759197
https://jus-tice.co.il/articles/%D7%A4%D7%A1%D7%93-%D7%91%D7%AA%D7%91%D7%99%D7%A2%D7%94-%D7%9C%D7%A9%D7%95%D7%9F-%D7%94%D7%A8%D7%A2-%D7%91%D7%92%D7%99%D7%9F-%D7%A4%D7%A8%D7%A1%D7%95%D7%9D-%D7%91%D7%A7%D7%91%D7%95%D7%A6%D7%AA/,MOBILE,0,2051,0,50.701121404193074
https://jus-tice.co.il/articles/%D7%A4%D7%A1%D7%93-%D7%91%D7%AA%D7%91%D7%99%D7%A2%D7%94-%D7%9C%D7%A9%D7%95%D7%9F-%D7%94%D7%A8%D7%A2-%D7%91%D7%92%D7%99%D7%9F-%D7%A4%D7%A8%D7%A1%D7%95%D7%9D-%D7%91%D7%A7%D7%91%D7%95%D7%A6%D7%AA/,TABLET,0,93,0,41.86021505376344
https://jus-tice.co.il/articles/%D7%A4%D7%A1%D7%93-%D7%91%D7%AA%D7%95%D7%91%D7%A2%D7%A0%D7%94-%D7%A9%D7%9C-%D7%90%D7%99%D7%A9%D7%94-%D7%9C%D7%91%D7%99%D7%A6%D7%95%D7%A2-%D7%A4%D7%A1%D7%93-%D7%91%D7%A0%D7%95%D7%92%D7%A2-%D7%9C/,DESKTOP,0,295,0,70.7728813559322
https://jus-tice.co.il/articles/%D7%A4%D7%A1%D7%93-%D7%91%D7%AA%D7%95%D7%91%D7%A2%D7%A0%D7%94-%D7%A9%D7%9C-%D7%90%D7%99%D7%A9%D7%94-%D7%9C%D7%91%D7%99%D7%A6%D7%95%D7%A2-%D7%A4%D7%A1%D7%93-%D7%91%D7%A0%D7%95%D7%92%D7%A2-%D7%9C/,MOBILE,0,35,0,73
https://jus-tice.co.il/articles/%D7%A4%D7%A1%D7%93-%D7%94%D7%A1%D7%9B%D7%9D-%D7%9E%D7%9E%D7%95%D7%9F-%D7%A9%D7%A0%D7%97%D7%AA%D7%9D-%D7%95%D7%91%D7%95%D7%98%D7%9C-%D7%91%D7%A4%D7%A0%D7%99-%D7%A0%D7%95%D7%98%D7%A8%D7%99%D7%95/,DESKTOP,0,1058,0,66.65122873345936
https://jus-tice.co.il/articles/%D7%A4%D7%A1%D7%93-%D7%94%D7%A1%D7%9B%D7%9D-%D7%9E%D7%9E%D7%95%D7%9F-%D7%A9%D7%A0%D7%97%D7%AA%D7%9D-%D7%95%D7%91%D7%95%D7%98%D7%9C-%D7%91%D7%A4%D7%A0%D7%99-%D7%A0%D7%95%D7%98%D7%A8%D7%99%D7%95/,MOBILE,0,90,0,67.16666666666667
https://jus-tice.co.il/articles/%D7%A4%D7%A1%D7%93-%D7%A0%D7%99%D7%94%D7%95%D7%9C-%D7%AA%D7%91%D7%99%D7%A2%D7%AA-%D7%92%D7%99%D7%A8%D7%95%D7%A9%D7%99%D7%9F-%D7%9E%D7%97%D7%95%D7%9C-%D7%91%D7%90%D7%9E%D7%A6%D7%A2%D7%95%D7%AA/,DESKTOP,0,17,0,70.52941176470588
https://jus-tice.co.il/articles/%D7%A4%D7%A1%D7%93-%D7%A0%D7%99%D7%94%D7%95%D7%9C-%D7%AA%D7%91%D7%99%D7%A2%D7%AA-%D7%92%D7%99%D7%A8%D7%95%D7%A9%D7%99%D7%9F-%D7%9E%D7%97%D7%95%D7%9C-%D7%91%D7%90%D7%9E%D7%A6%D7%A2%D7%95%D7%AA/,MOBILE,0,2,0,27
https://jus-tice.co.il/articles/%D7%A4%D7%A1%D7%93-%D7%AA%D7%91%D7%99%D7%A2%D7%94-%D7%9C%D7%A1%D7%A2%D7%93-%D7%94%D7%A6%D7%94%D7%A8%D7%AA%D7%99-%D7%94%D7%A7%D7%95%D7%91%D7%A2-%D7%9B%D7%99-%D7%96%D7%9B%D7%95%D7%99%D7%95%D7%AA/,DESKTOP,0,125,0,47.008
https://jus-tice.co.il/articles/%D7%A4%D7%A1%D7%93-%D7%AA%D7%91%D7%99%D7%A2%D7%94-%D7%9C%D7%A1%D7%A2%D7%93-%D7%94%D7%A6%D7%94%D7%A8%D7%AA%D7%99-%D7%94%D7%A7%D7%95%D7%91%D7%A2-%D7%9B%D7%99-%D7%96%D7%9B%D7%95%D7%99%D7%95%D7%AA/,MOBILE,0,31,0,43.354838709677416
https://jus-tice.co.il/articles/%D7%A4%D7%A1%D7%93-%D7%AA%D7%91%D7%99%D7%A2%D7%AA-%D7%9B%D7%AA%D7%95%D7%91%D7%94-%D7%A9%D7%94%D7%92%D7%99%D7%A9%D7%95-%D7%99%D7%95%D7%A8%D7%A9%D7%99-%D7%94%D7%90%D7%99%D7%A9%D7%94-%D7%A0%D7%92/,DESKTOP,0,1814,0,49.23925027563396
https://jus-tice.co.il/articles/%D7%A4%D7%A1%D7%93-%D7%AA%D7%91%D7%99%D7%A2%D7%AA-%D7%9B%D7%AA%D7%95%D7%91%D7%94-%D7%A9%D7%94%D7%92%D7%99%D7%A9%D7%95-%D7%99%D7%95%D7%A8%D7%A9%D7%99-%D7%94%D7%90%D7%99%D7%A9%D7%94-%D7%A0%D7%92/,MOBILE,0,322,0,40.33540372670807
https://jus-tice.co.il/articles/%D7%A4%D7%A8%D7%A9%D7%A0%D7%95%D7%AA-%D7%94%D7%A1%D7%9B%D7%9D-%D7%92%D7%99%D7%A8%D7%95%D7%A9%D7%99%D7%9F-%D7%A9%D7%99%D7%A9-%D7%91%D7%95-%D7%A1%D7%A4%D7%A7-%D7%91%D7%A1%D7%A2%D7%99%D7%A3-%D7%94%D7%95/,DESKTOP,0,303,0,60.41914191419142
https://jus-tice.co.il/articles/%D7%A4%D7%A8%D7%A9%D7%A0%D7%95%D7%AA-%D7%94%D7%A1%D7%9B%D7%9D-%D7%92%D7%99%D7%A8%D7%95%D7%A9%D7%99%D7%9F-%D7%A9%D7%99%D7%A9-%D7%91%D7%95-%D7%A1%D7%A4%D7%A7-%D7%91%D7%A1%D7%A2%D7%99%D7%A3-%D7%94%D7%95/,MOBILE,0,17,0,55.470588235294116
https://jus-tice.co.il/articles/%D7%A7%D7%91%D7%99%D7%A2%D7%AA-%D7%92%D7%93%D7%A8-%D7%97%D7%99%D7%95%D7%91-%D7%94%D7%90%D7%91-%D7%91%D7%9E%D7%96%D7%95%D7%A0%D7%95%D7%AA-%D7%A7%D7%98%D7%A0%D7%99%D7%9D-%D7%9E%D7%A2%D7%9C-%D7%92%D7%99/,DESKTOP,0,434,0,70.2442396313364
https://jus-tice.co.il/articles/%D7%A7%D7%91%D7%99%D7%A2%D7%AA-%D7%92%D7%93%D7%A8-%D7%97%D7%99%D7%95%D7%91-%D7%94%D7%90%D7%91-%D7%91%D7%9E%D7%96%D7%95%D7%A0%D7%95%D7%AA-%D7%A7%D7%98%D7%A0%D7%99%D7%9D-%D7%9E%D7%A2%D7%9C-%D7%92%D7%99/,MOBILE,0,18,0,68.11111111111111
https://jus-tice.co.il/articles/%D7%A7%D7%95%D7%A8%D7%95%D7%A0%D7%94-%D7%94%D7%90%D7%A8%D7%9B%D7%AA-%D7%AA%D7%A7%D7%95%D7%A4%D7%AA-%D7%AA%D7%95%D7%A7%D7%A3-%D7%A8%D7%99%D7%A9%D7%99%D7%95%D7%9F-%D7%A8%D7%9B%D7%91-16-03-2020/,DESKTOP,0,71,0,64.54929577464789
https://jus-tice.co.il/articles/%D7%A7%D7%95%D7%A8%D7%95%D7%A0%D7%94-%D7%94%D7%90%D7%A8%D7%9B%D7%AA-%D7%AA%D7%A7%D7%95%D7%A4%D7%AA-%D7%AA%D7%95%D7%A7%D7%A3-%D7%A8%D7%99%D7%A9%D7%99%D7%95%D7%9F-%D7%A8%D7%9B%D7%91-16-03-2020/,MOBILE,0,30,0,13.733333333333333
https://jus-tice.co.il/articles/%D7%A8%D7%91%D7%A0%D7%99-%D7%9E%D7%96%D7%95%D7%A0%D7%95%D7%AA-%D7%99%D7%9C%D7%93%D7%99%D7%9D-%D7%99%D7%A1%D7%95%D7%93%D7%95%D7%AA-%D7%97%D7%99%D7%95%D7%91-%D7%91%D7%93%D7%9E%D7%99-%D7%98%D7%99%D7%A4/,DESKTOP,0,667,0,74.89805097451274
https://jus-tice.co.il/articles/%D7%A8%D7%91%D7%A0%D7%99-%D7%9E%D7%96%D7%95%D7%A0%D7%95%D7%AA-%D7%99%D7%9C%D7%93%D7%99%D7%9D-%D7%99%D7%A1%D7%95%D7%93%D7%95%D7%AA-%D7%97%D7%99%D7%95%D7%91-%D7%91%D7%93%D7%9E%D7%99-%D7%98%D7%99%D7%A4/,MOBILE,0,14,0,74.42857142857143
https://jus-tice.co.il/articles/%D7%A8%D7%9B%D7%99%D7%A9%D7%AA-%D7%A0%D7%93%D7%9C%D7%9F-2025-%D7%9B%D7%9C-%D7%9E%D7%94-%D7%A9%D7%A6%D7%A8%D7%99%D7%9A-%D7%9C%D7%93%D7%A2%D7%AA/,DESKTOP,0,794,0,58.64735516372796
https://jus-tice.co.il/articles/%D7%A8%D7%9B%D7%99%D7%A9%D7%AA-%D7%A0%D7%93%D7%9C%D7%9F-2025-%D7%9B%D7%9C-%D7%9E%D7%94-%D7%A9%D7%A6%D7%A8%D7%99%D7%9A-%D7%9C%D7%93%D7%A2%D7%AA/,MOBILE,0,106,0,58.10377358490566
https://jus-tice.co.il/articles/%D7%A9%D7%93%D7%94-%D7%93%D7%91-%D7%A4%D7%A1%D7%A7-%D7%93%D7%99%D7%9F-%D7%93%D7%99%D7%95%D7%A8-%D7%91%D7%A8-%D7%94%D7%A9%D7%92%D7%94-%D7%93%D7%99%D7%95%D7%A8-%D7%91%D7%94%D7%99%D7%A9%D7%92-%D7%99/,DESKTOP,0,91,0,51.37362637362637
https://jus-tice.co.il/articles/%D7%A9%D7%93%D7%94-%D7%93%D7%91-%D7%A4%D7%A1%D7%A7-%D7%93%D7%99%D7%9F-%D7%93%D7%99%D7%95%D7%A8-%D7%91%D7%A8-%D7%94%D7%A9%D7%92%D7%94-%D7%93%D7%99%D7%95%D7%A8-%D7%91%D7%94%D7%99%D7%A9%D7%92-%D7%99/,MOBILE,0,14,0,34.142857142857146
https://jus-tice.co.il/articles/%D7%A9%D7%93%D7%94-%D7%93%D7%91-%D7%A4%D7%A1%D7%A7-%D7%93%D7%99%D7%9F-%D7%93%D7%99%D7%95%D7%A8-%D7%91%D7%A8-%D7%94%D7%A9%D7%92%D7%94-%D7%93%D7%99%D7%95%D7%A8-%D7%91%D7%94%D7%99%D7%A9%D7%92-%D7%99/,TABLET,0,1,0,11
https://jus-tice.co.il/articles/%D7%A9%D7%99%D7%9E%D7%95%D7%A9-%D7%91%D7%9E%D7%95%D7%9E%D7%97%D7%99%D7%9D-%D7%91%D7%AA%D7%99%D7%A7%D7%99%D7%9D-%D7%A4%D7%9C%D7%99%D7%9C%D7%99%D7%99%D7%9D/,DESKTOP,0,486,0,51.135802469135804
https://jus-tice.co.il/articles/%D7%A9%D7%99%D7%9E%D7%95%D7%A9-%D7%91%D7%9E%D7%95%D7%9E%D7%97%D7%99%D7%9D-%D7%91%D7%AA%D7%99%D7%A7%D7%99%D7%9D-%D7%A4%D7%9C%D7%99%D7%9C%D7%99%D7%99%D7%9D/,MOBILE,0,280,0,52.68928571428572
https://jus-tice.co.il/articles/%D7%A9%D7%9B%D7%A8-%D7%98%D7%A8%D7%97%D7%94-%D7%A2%D7%95%D7%A8%D7%9A-%D7%93%D7%99%D7%9F-%D7%A8%D7%A9%D7%9C%D7%A0%D7%95%D7%AA-%D7%A8%D7%A4%D7%95%D7%90%D7%99%D7%AA/,DESKTOP,0,2270,0,29.825110132158592
https://jus-tice.co.il/articles/%D7%A9%D7%9B%D7%A8-%D7%98%D7%A8%D7%97%D7%94-%D7%A2%D7%95%D7%A8%D7%9A-%D7%93%D7%99%D7%9F-%D7%A8%D7%A9%D7%9C%D7%A0%D7%95%D7%AA-%D7%A8%D7%A4%D7%95%D7%90%D7%99%D7%AA/,MOBILE,0,381,0,24.724409448818896
https://jus-tice.co.il/articles/%D7%A9%D7%9B%D7%A8-%D7%9B%D7%95%D7%A0%D7%A1-%D7%A0%D7%9B%D7%A1%D7%99%D7%9D-%D7%A9%D7%9C%D7%90-%D7%94%D7%A9%D7%9C%D7%99%D7%9D-%D7%90%D7%AA-%D7%9E%D7%9C%D7%90%D7%9B%D7%AA%D7%95/,DESKTOP,0,357,0,59.68627450980392
https://jus-tice.co.il/articles/%D7%A9%D7%9B%D7%A8-%D7%9B%D7%95%D7%A0%D7%A1-%D7%A0%D7%9B%D7%A1%D7%99%D7%9D-%D7%A9%D7%9C%D7%90-%D7%94%D7%A9%D7%9C%D7%99%D7%9D-%D7%90%D7%AA-%D7%9E%D7%9C%D7%90%D7%9B%D7%AA%D7%95/,MOBILE,0,4,0,45.75
https://jus-tice.co.il/articles/%D7%A9%D7%A8%D7%95%D7%AA%D7%99-%D7%97%D7%A9%D7%91%D7%95%D7%AA-%D7%94%D7%99%D7%AA%D7%A8%D7%95%D7%A0%D7%95%D7%AA-%D7%95%D7%94%D7%97%D7%A1%D7%A8%D7%95%D7%A0%D7%95%D7%AA-%D7%A9%D7%9C-%D7%A9%D7%99%D7%A8/,DESKTOP,0,9,0,49.22222222222222
https://jus-tice.co.il/articles/%D7%AA%D7%90-39115-08-19-%D7%A4%D7%9C%D7%95%D7%A0%D7%99-%D7%A0-%D7%90%D7%9C%D7%99%D7%9E%D7%9C%D7%9A-%D7%95%D7%90%D7%97/,DESKTOP,0,3466,0,57.684939411425276
https://jus-tice.co.il/articles/%D7%AA%D7%90-39115-08-19-%D7%A4%D7%9C%D7%95%D7%A0%D7%99-%D7%A0-%D7%90%D7%9C%D7%99%D7%9E%D7%9C%D7%9A-%D7%95%D7%90%D7%97/,MOBILE,0,14,0,69.64285714285714
https://jus-tice.co.il/articles/%D7%AA%D7%90-40044-06-18-%D7%A4%D7%A8%D7%95%D7%99%D7%A7%D7%98-%D7%9E%D7%A8%D7%9B%D7%96-%D7%A0%D7%AA%D7%A0%D7%99%D7%94-%D7%9B%D7%97%D7%95%D7%9C-%D7%9C%D7%91%D7%9F-%D7%91%D7%A2%D7%9E-%D7%95%D7%90/,DESKTOP,0,9,0,41.888888888888886
https://jus-tice.co.il/articles/%D7%AA%D7%91%D7%99%D7%A2%D7%94-%D7%A2%D7%A1-90031-%D7%91%D7%A2%D7%99%D7%9C%D7%95%D7%AA-%D7%A9%D7%9C-%D7%94%D7%98%D7%A8%D7%93%D7%94-%D7%9E%D7%99%D7%A0%D7%99%D7%AA-%D7%AA%D7%A7%D7%99/,DESKTOP,0,933,0,65.61950696677384
https://jus-tice.co.il/articles/%D7%AA%D7%91%D7%99%D7%A2%D7%94-%D7%A2%D7%A1-90031-%D7%91%D7%A2%D7%99%D7%9C%D7%95%D7%AA-%D7%A9%D7%9C-%D7%94%D7%98%D7%A8%D7%93%D7%94-%D7%9E%D7%99%D7%A0%D7%99%D7%AA-%D7%AA%D7%A7%D7%99/,MOBILE,0,32,0,80.8125
https://jus-tice.co.il/articles/%D7%AA%D7%9C%D7%94%D7%9E7679-12-21%D7%A4%D7%9C%D7%95%D7%A0%D7%99-%D7%A0-%D7%A4%D7%9C%D7%95%D7%A0%D7%99%D7%AA/,DESKTOP,0,161,0,40.04968944099379
https://jus-tice.co.il/articles/%D7%AA%D7%A4-26290-04-18-%D7%9E%D7%93%D7%99%D7%A0%D7%AA-%D7%99%D7%A9%D7%A8%D7%90%D7%9C-%D7%A0-%D7%99%D7%95%D7%A1%D7%A4%D7%94-%D7%91%D7%A8%D7%A7/,DESKTOP,0,216,0,52.53703703703704
https://jus-tice.co.il/articles/%D7%AA%D7%A7%D7%A6%D7%99%D7%A8-%D7%94%D7%93%D7%95%D7%97-%D7%A2%D7%9C-%D7%99%D7%99%D7%A9%D7%95%D7%9D-%D7%94%D7%97%D7%95%D7%A7-%D7%9C%D7%9E%D7%A0%D7%99%D7%A2%D7%AA-%D7%94%D7%98%D7%A8%D7%93%D7%94-%D7%9E/,DESKTOP,0,2164,0,66.93484288354898
https://jus-tice.co.il/articles/%D7%AA%D7%A7%D7%A6%D7%99%D7%A8-%D7%94%D7%93%D7%95%D7%97-%D7%A2%D7%9C-%D7%99%D7%99%D7%A9%D7%95%D7%9D-%D7%94%D7%97%D7%95%D7%A7-%D7%9C%D7%9E%D7%A0%D7%99%D7%A2%D7%AA-%D7%94%D7%98%D7%A8%D7%93%D7%94-%D7%9E/,MOBILE,0,222,0,61.75675675675676
https://jus-tice.co.il/articles/10-%D7%A0%D7%95%D7%A9%D7%90%D7%99%D7%9D-%D7%A7%D7%A8%D7%99%D7%98%D7%99%D7%99%D7%9D-%D7%A9%D7%97%D7%99%D7%99%D7%91%D7%99%D7%9D-%D7%9C%D7%91%D7%93%D7%95%D7%A7-%D7%9C%D7%A4%D7%A0%D7%99-%D7%A7%D7%A0%D7%99/,DESKTOP,0,149,0,47.22818791946309
https://jus-tice.co.il/articles/10-%D7%A0%D7%95%D7%A9%D7%90%D7%99%D7%9D-%D7%A7%D7%A8%D7%99%D7%98%D7%99%D7%99%D7%9D-%D7%A9%D7%97%D7%99%D7%99%D7%91%D7%99%D7%9D-%D7%9C%D7%91%D7%93%D7%95%D7%A7-%D7%9C%D7%A4%D7%A0%D7%99-%D7%A7%D7%A0%D7%99/,MOBILE,0,2,0,71.5
https://jus-tice.co.il/articles/7953-2/,DESKTOP,0,7,0,73
https://jus-tice.co.il/artificial-general-intelligence/,DESKTOP,0,940,0,55.12978723404255
https://jus-tice.co.il/artificial-general-intelligence/,MOBILE,0,385,0,31.51168831168831
https://jus-tice.co.il/artificial-general-intelligence/,TABLET,0,1,0,10
https://jus-tice.co.il/attorney-general/,DESKTOP,0,36,0,44.916666666666664
https://jus-tice.co.il/attorney-general/,MOBILE,0,14,0,16.214285714285715
https://jus-tice.co.il/attorneys-how-to-manage-your-stress-and-stop-procrastinating/,DESKTOP,0,13,0,74.15384615384616
https://jus-tice.co.il/australia-lawyers/,DESKTOP,0,3486,0,32.58175559380379
https://jus-tice.co.il/australia-lawyers/,MOBILE,0,39,0,27.53846153846154
https://jus-tice.co.il/austria-lawyers/,DESKTOP,0,1127,0,61.20763087843833
https://jus-tice.co.il/austria-lawyers/,MOBILE,0,41,0,65.70731707317073
https://jus-tice.co.il/austria-lawyers/,TABLET,0,1,0,46
https://jus-tice.co.il/avoiding-mistakes-when-buying-property-in-cyprus/,TABLET,0,6,0,7.833333333333333
https://jus-tice.co.il/avvo/,DESKTOP,0,109,0,64.07339449541284
https://jus-tice.co.il/balloon-payment-mortgage/,DESKTOP,0,4973,0,50.58214357530665
https://jus-tice.co.il/balloon-payment-mortgage/,MOBILE,0,911,0,61.86827661909989
https://jus-tice.co.il/balloon-payment-mortgage/,TABLET,0,22,0,55.63636363636363
https://jus-tice.co.il/bank-account-in-portugal/,TABLET,0,1,0,2
https://jus-tice.co.il/banking-financ-portugal/,DESKTOP,0,608,0,47.735197368421055
https://jus-tice.co.il/banking-financ-portugal/,MOBILE,0,8,0,69.75
https://jus-tice.co.il/bar-exam-worldwide/,DESKTOP,0,915,0,52.198907103825135
https://jus-tice.co.il/bar-exam-worldwide/,MOBILE,0,111,0,39.693693693693696
https://jus-tice.co.il/bdi-coface/,DESKTOP,0,487,0,29.675564681724847
https://jus-tice.co.il/bdi-coface/,MOBILE,0,43,0,30.790697674418606
https://jus-tice.co.il/beginners-guide-how-to-choose-the-best-website-builder/,DESKTOP,0,38451,0,54.69935762398897
https://jus-tice.co.il/beginners-guide-how-to-choose-the-best-website-builder/,MOBILE,0,6111,0,56.01521845851743
https://jus-tice.co.il/beginners-guide-how-to-choose-the-best-website-builder/,TABLET,0,3,0,56.333333333333336
https://jus-tice.co.il/belgian-lawyers/,MOBILE,0,12,0,48.666666666666664
https://jus-tice.co.il/belgian-lawyers/,TABLET,0,1,0,7
https://jus-tice.co.il/benjamin-brafman/,DESKTOP,0,167,0,56.78443113772455
https://jus-tice.co.il/benjamin-brafman/,MOBILE,0,216,0,7.935185185185185
https://jus-tice.co.il/benjamin-brafman/,TABLET,0,1,0,11
https://jus-tice.co.il/benzur-korb-co/,DESKTOP,0,429,0,37.14685314685315
https://jus-tice.co.il/benzur-korb-co/,TABLET,0,1,0,10
https://jus-tice.co.il/birth-injury-lawyer/,DESKTOP,0,221,0,72.51131221719457
https://jus-tice.co.il/birth-injury-lawyer/,MOBILE,0,43,0,86.79069767441861
https://jus-tice.co.il/birth-injury/,DESKTOP,0,80,0,58.7875
https://jus-tice.co.il/birth-injury/,MOBILE,0,12,0,33.75
https://jus-tice.co.il/blood-alcohol-content-breathalyzer/,DESKTOP,0,6250,0,57.18176
https://jus-tice.co.il/blood-alcohol-content-breathalyzer/,MOBILE,0,2894,0,57.11921216309606
https://jus-tice.co.il/brazil-lawyers/,DESKTOP,0,928,0,15.419181034482758
https://jus-tice.co.il/brazil-lawyers/,MOBILE,0,19,0,60.1578947368421
https://jus-tice.co.il/building-science/,DESKTOP,0,9,0,58.666666666666664
https://jus-tice.co.il/building-science/,MOBILE,0,3,0,80
https://jus-tice.co.il/business-license/,DESKTOP,0,2146,0,50.689655172413794
https://jus-tice.co.il/business-license/,MOBILE,0,229,0,43.36244541484716
https://jus-tice.co.il/buy-real-estate-cyprus/,DESKTOP,0,15244,0,58.38946470742587
https://jus-tice.co.il/buy-real-estate-cyprus/,MOBILE,0,2844,0,58.67123769338959
https://jus-tice.co.il/buying-property-in-greece/,MOBILE,0,5878,0,53.3040149710786
https://jus-tice.co.il/buying-property-in-portugal/,TABLET,0,3,0,20.333333333333332
https://jus-tice.co.il/cadastre/,DESKTOP,0,199,0,9.974874371859297
https://jus-tice.co.il/california-lawyers/,DESKTOP,0,199,0,54.94472361809045
https://jus-tice.co.il/california-lawyers/,MOBILE,0,178,0,51.53932584269663
https://jus-tice.co.il/cancel-a-divorce-settlement-agreement/,DESKTOP,0,3539,0,47.405764340209096
https://jus-tice.co.il/cancel-a-divorce-settlement-agreement/,TABLET,0,13,0,51.69230769230769
https://jus-tice.co.il/cancellation-of-closed-case-records-from-the-criminal-database/,DESKTOP,0,9,0,81.77777777777777
https://jus-tice.co.il/car-accident-auto-injury-lawyer/,DESKTOP,0,7483,0,58.22464252305225
https://jus-tice.co.il/car-accident-auto-injury-lawyer/,MOBILE,0,770,0,64.28701298701299
https://jus-tice.co.il/cascais/,DESKTOP,0,585,0,24.753846153846155
https://jus-tice.co.il/cascais/,MOBILE,0,201,0,17.99004975124378
https://jus-tice.co.il/cerebral-palsy-rights/,DESKTOP,0,1049,0,67.25357483317445
https://jus-tice.co.il/cerebral-palsy-rights/,MOBILE,0,137,0,54.956204379562045
https://jus-tice.co.il/cerebral-palsy/,MOBILE,0,826,0,31.232445520581113
https://jus-tice.co.il/chambers-and-partners/,DESKTOP,0,480,0,55.84583333333333
https://jus-tice.co.il/chambers-and-partners/,MOBILE,0,37,0,38.108108108108105
https://jus-tice.co.il/changing-or-canceling-a-prenuptial-agreement,DESKTOP,0,9,0,68
https://jus-tice.co.il/changing-or-canceling-a-prenuptial-agreement/,MOBILE,0,1086,0,40.413443830570905
https://jus-tice.co.il/changing-or-canceling-a-prenuptial-agreement/,TABLET,0,3,0,33.666666666666664
https://jus-tice.co.il/child-custody-modification/,DESKTOP,0,11942,0,56.818204655836546
https://jus-tice.co.il/child-custody-modification/,MOBILE,0,1030,0,63.832038834951454
https://jus-tice.co.il/child-custody-modification/,TABLET,0,4,0,51
https://jus-tice.co.il/child-pornography-laws-in-the-united-states/,DESKTOP,0,660,0,55.44090909090909
https://jus-tice.co.il/child-pornography-laws-in-the-united-states/,TABLET,0,1,0,17
https://jus-tice.co.il/child-support-divorced-parents61641-09-19/,DESKTOP,0,468,0,42.41025641025641
https://jus-tice.co.il/child-support-divorced-parents61641-09-19/,MOBILE,0,783,0,42.89144316730523
https://jus-tice.co.il/child-support-divorced-parents61641-09-19/,TABLET,0,6,0,45.833333333333336
https://jus-tice.co.il/china-business-legal-guide/,DESKTOP,0,10356,0,33.125241405948245
https://jus-tice.co.il/china-business-legal-guide/,MOBILE,0,662,0,16.356495468277945
https://jus-tice.co.il/china-lawyers/,DESKTOP,0,1545,0,28.73851132686084
https://jus-tice.co.il/china-lawyers/,MOBILE,0,39,0,47.666666666666664
https://jus-tice.co.il/choose-usa-attorney/,DESKTOP,0,4763,0,37.887465882846946
https://jus-tice.co.il/choose-usa-attorney/,MOBILE,0,363,0,49.20661157024794
https://jus-tice.co.il/cms-law-firm/,DESKTOP,0,2444,0,47.014320785597384
https://jus-tice.co.il/cms-law-firm/,MOBILE,0,47,0,29.872340425531913
https://jus-tice.co.il/co-op-legal-services/,MOBILE,0,1,0,1
https://jus-tice.co.il/cohabitation-agreement/,DESKTOP,0,516,0,65.30232558139535
https://jus-tice.co.il/cohabitation-agreement/,MOBILE,0,113,0,79.52212389380531
https://jus-tice.co.il/cohabitation-agreement/,TABLET,0,1,0,5
https://jus-tice.co.il/cohabitation-property-rights-for-unmarried-couples/,DESKTOP,0,6257,0,44.75227744925683
https://jus-tice.co.il/cohabitation-property-rights-for-unmarried-couples/,MOBILE,0,777,0,41.48519948519949
https://jus-tice.co.il/common-construction-defects-and-how-to-manage-them/,DESKTOP,0,2168,0,52.80719557195572
https://jus-tice.co.il/common-construction-defects-and-how-to-manage-them/,MOBILE,0,66,0,41.74242424242424
https://jus-tice.co.il/common-law-marriage/,DESKTOP,0,1315,0,68.12775665399239
https://jus-tice.co.il/common-law-marriage/,MOBILE,0,243,0,64.18518518518519
https://jus-tice.co.il/companyregistrationform2/,MOBILE,0,586,0,42.45051194539249
https://jus-tice.co.il/comparative-criminal-justice/,DESKTOP,0,108,0,51.43518518518518
https://jus-tice.co.il/comparative-criminal-justice/,MOBILE,0,28,0,31.857142857142858
https://jus-tice.co.il/compensation-flight-delayed/,MOBILE,0,973,0,66.97738951695786
https://jus-tice.co.il/compulsory-motor-vehicle-insurance/,DESKTOP,0,663,0,66.3996983408748
https://jus-tice.co.il/compulsory-motor-vehicle-insurance/,MOBILE,0,20,0,61.4
https://jus-tice.co.il/consent/,TABLET,0,14,0,8.428571428571429
https://jus-tice.co.il/construction-law/,DESKTOP,0,3498,0,54.237564322469986
https://jus-tice.co.il/construction-law/,MOBILE,0,529,0,57.561436672967865
https://jus-tice.co.il/construction-law/,TABLET,0,2,0,49
https://jus-tice.co.il/continuous-power-of-attorney-israel/,DESKTOP,0,3610,0,70.26343490304708
https://jus-tice.co.il/continuous-power-of-attorney-israel/,MOBILE,0,804,0,69.41666666666667
https://jus-tice.co.il/copyright/,DESKTOP,0,8136,0,52.611479842674534
https://jus-tice.co.il/copyright/,TABLET,0,8,0,32
https://jus-tice.co.il/cordell-cordell/,DESKTOP,0,124,0,67.12096774193549
https://jus-tice.co.il/cordell-cordell/,MOBILE,0,8,0,56.375
https://jus-tice.co.il/corona_virus/%D7%90%D7%96%D7%95%D7%A8-%D7%9E%D7%95%D7%92%D7%91%D7%9C-%D7%94%D7%A8%D7%95%D7%91%D7%A2%D7%99%D7%9D-%D7%91%D7%A2%D7%99%D7%A8-%D7%99%D7%A8%D7%95%D7%A9%D7%9C%D7%9D/,DESKTOP,0,101,0,59.67326732673267
https://jus-tice.co.il/corona_virus/%D7%90%D7%96%D7%95%D7%A8-%D7%9E%D7%95%D7%92%D7%91%D7%9C-%D7%94%D7%A8%D7%95%D7%91%D7%A2%D7%99%D7%9D-%D7%91%D7%A2%D7%99%D7%A8-%D7%99%D7%A8%D7%95%D7%A9%D7%9C%D7%9D/,MOBILE,0,20,0,86.15
https://jus-tice.co.il/corona_virus/%D7%90%D7%96%D7%95%D7%A8-%D7%9E%D7%95%D7%92%D7%91%D7%9C-%D7%94%D7%A8%D7%95%D7%91%D7%A2%D7%99%D7%9D-%D7%91%D7%A2%D7%99%D7%A8-%D7%99%D7%A8%D7%95%D7%A9%D7%9C%D7%9D/amp/,DESKTOP,0,1,0,24
https://jus-tice.co.il/corona_virus/%D7%90%D7%A1%D7%98%D7%A8%D7%98%D7%92%D7%99%D7%99%D7%AA-%D7%99%D7%A6%D7%99%D7%90%D7%94-%D7%A7%D7%95%D7%A8%D7%95%D7%A0%D7%94-%D7%97%D7%96%D7%A8%D7%94-%D7%9C%D7%A2%D7%91%D7%95%D7%93%D7%94/,DESKTOP,0,14,0,38.5
https://jus-tice.co.il/corona_virus/%D7%90%D7%A1%D7%98%D7%A8%D7%98%D7%92%D7%99%D7%99%D7%AA-%D7%99%D7%A6%D7%99%D7%90%D7%94-%D7%A7%D7%95%D7%A8%D7%95%D7%A0%D7%94-%D7%97%D7%96%D7%A8%D7%94-%D7%9C%D7%A2%D7%91%D7%95%D7%93%D7%94/,MOBILE,0,1,0,93
https://jus-tice.co.il/corona_virus/%D7%94%D7%95%D7%A8%D7%90%D7%95%D7%AA-%D7%9E%D7%99%D7%95%D7%97%D7%93%D7%95%D7%AA-%D7%9C%D7%A2%D7%A0%D7%99%D7%99%D7%9F-%D7%91%D7%99%D7%98%D7%95%D7%97-%D7%90%D7%91%D7%98%D7%9C%D7%94-%D7%AA%D7%A7%D7%A0/,DESKTOP,0,3,0,79
https://jus-tice.co.il/corona_virus/%D7%94%D7%A0%D7%97%D7%99%D7%95%D7%AA-%D7%97%D7%99%D7%A8%D7%95%D7%9D-%D7%9C%D7%94%D7%92%D7%91%D7%9C%D7%AA-%D7%A4%D7%A2%D7%99%D7%9C%D7%95%D7%AA-%D7%91%D7%90%D7%A0%D7%92%D7%9C%D7%99%D7%AA/,DESKTOP,0,8,0,40.375
https://jus-tice.co.il/corona_virus/%D7%94%D7%A0%D7%97%D7%99%D7%95%D7%AA-%D7%9C%D7%94%D7%AA%D7%9E%D7%95%D7%93%D7%93%D7%95%D7%AA-%D7%A2%D7%9D-%D7%A0%D7%92%D7%99%D7%A3-%D7%94%D7%A7%D7%95%D7%A8%D7%95%D7%A0%D7%94-19-covid/,DESKTOP,0,3257,0,67.33282161498312
https://jus-tice.co.il/corona_virus/%D7%94%D7%A0%D7%97%D7%99%D7%95%D7%AA-%D7%9C%D7%94%D7%AA%D7%9E%D7%95%D7%93%D7%93%D7%95%D7%AA-%D7%A2%D7%9D-%D7%A0%D7%92%D7%99%D7%A3-%D7%94%D7%A7%D7%95%D7%A8%D7%95%D7%A0%D7%94-19-covid/,MOBILE,0,219,0,57.013698630136986
https://jus-tice.co.il/corona_virus/%D7%94%D7%A1%D7%A2%D7%95%D7%AA-%D7%A9%D7%9C-%D7%A2%D7%95%D7%91%D7%93%D7%99%D7%9D-%D7%97%D7%99%D7%95%D7%A0%D7%99%D7%99%D7%9D-%D7%A2%D7%93%D7%9B%D7%95%D7%9F-24-03-2020/,DESKTOP,0,38,0,49.44736842105263
https://jus-tice.co.il/corona_virus/%D7%97%D7%A9%D7%91%D7%95%D7%A0%D7%95%D7%AA-%D7%A9%D7%9C-%D7%9C%D7%A7%D7%95%D7%97%D7%95%D7%AA-%D7%A9%D7%94%D7%A9%D7%99%D7%A7%D7%99%D7%9D-%D7%A9%D7%9C%D7%94%D7%9D-%D7%97%D7%96%D7%A8%D7%95-%D7%9C%D7%90/,DESKTOP,0,3,0,38
https://jus-tice.co.il/corona_virus/%D7%9E%D7%A1%D7%9B%D7%94-%D7%AA%D7%95%D7%A6%D7%A8%D7%AA-%D7%91%D7%99%D7%AA-%D7%9C%D7%91%D7%99%D7%A9%D7%AA-%D7%9E%D7%A1%D7%9B%D7%95%D7%AA-%D7%A4%D7%94-%D7%90%D7%A3-%D7%91%D7%9E%D7%A8%D7%97%D7%91,DESKTOP,0,1,0,84
https://jus-tice.co.il/corona_virus/%D7%9E%D7%A1%D7%9B%D7%94-%D7%AA%D7%95%D7%A6%D7%A8%D7%AA-%D7%91%D7%99%D7%AA-%D7%9C%D7%91%D7%99%D7%A9%D7%AA-%D7%9E%D7%A1%D7%9B%D7%95%D7%AA-%D7%A4%D7%94-%D7%90%D7%A3-%D7%91%D7%9E%D7%A8%D7%97%D7%91/,DESKTOP,0,2,0,79
https://jus-tice.co.il/corona_virus/%D7%9E%D7%AA%D7%95%D7%95%D7%94-%D7%94%D7%A7%D7%A0%D7%99%D7%95%D7%A0%D7%99%D7%9D/,DESKTOP,0,64,0,74.859375
https://jus-tice.co.il/corona_virus/%D7%9E%D7%AA%D7%95%D7%95%D7%94-%D7%94%D7%A7%D7%A0%D7%99%D7%95%D7%A0%D7%99%D7%9D/,MOBILE,0,13,0,34.30769230769231
https://jus-tice.co.il/corona_virus/%D7%9E%D7%AA%D7%95%D7%95%D7%94-%D7%94%D7%A7%D7%A0%D7%99%D7%95%D7%A0%D7%99%D7%9D/amp/,DESKTOP,0,1,0,98
https://jus-tice.co.il/corona_virus/%D7%A6%D7%95-%D7%91%D7%A8%D7%99%D7%90%D7%95%D7%AA-%D7%94%D7%A2%D7%9D-%D7%A0%D7%92%D7%99%D7%A3-%D7%94%D7%A7%D7%95%D7%A8%D7%95%D7%A0%D7%94-%D7%94%D7%97%D7%93%D7%A9/,DESKTOP,0,3,0,35.333333333333336
https://jus-tice.co.il/coronavirus-employers-guide/,DESKTOP,0,1084,0,68.64667896678966
https://jus-tice.co.il/coronavirus-employers-guide/,MOBILE,0,203,0,67.07389162561576
https://jus-tice.co.il/corporate-immigration-portugal/,DESKTOP,0,2372,0,48.45657672849916
https://jus-tice.co.il/corporate-immigration-portugal/,MOBILE,0,336,0,48.82440476190476
https://jus-tice.co.il/costa-rica-lawyers/,DESKTOP,0,2,0,8.5
https://jus-tice.co.il/crime/,DESKTOP,0,1908,0,50.284591194968556
https://jus-tice.co.il/crime/,MOBILE,0,275,0,40.63636363636363
https://jus-tice.co.il/crime/,TABLET,0,3,0,20.666666666666668
https://jus-tice.co.il/criminal-defense-attorney-roles-and-responsibilities/,DESKTOP,0,48,0,63.541666666666664
https://jus-tice.co.il/criminal-defense-attorney-roles-and-responsibilities/,MOBILE,0,11,0,64.0909090909091
https://jus-tice.co.il/criminal-defense-attorney/,DESKTOP,0,57049,0,56.942452979018036
https://jus-tice.co.il/criminal-defense-attorney/,MOBILE,0,3707,0,59.122740760722955
https://jus-tice.co.il/criminal-defense-attorney/,TABLET,0,6,0,71.5
https://jus-tice.co.il/criminal-defenses/,DESKTOP,0,1445,0,38.781314878892736
https://jus-tice.co.il/criminal-defenses/,MOBILE,0,84,0,39.70238095238095
https://jus-tice.co.il/criminal-law/,DESKTOP,0,6522,0,66.41137687825821
https://jus-tice.co.il/criminal-law/,MOBILE,0,742,0,67.16307277628033
https://jus-tice.co.il/criminal-law/,TABLET,0,3,0,71
https://jus-tice.co.il/criminal-negligence/,DESKTOP,0,1324,0,32.77870090634441
https://jus-tice.co.il/criminal-negligence/,TABLET,0,2,0,13.5
https://jus-tice.co.il/cryptocurrency-legislation-2021/,DESKTOP,0,1570,0,63.954140127388534
https://jus-tice.co.il/cryptocurrency-legislation-2021/,MOBILE,0,281,0,61.562277580071175
https://jus-tice.co.il/cuatrecasas/,DESKTOP,0,308,0,37.99025974025974
https://jus-tice.co.il/cuatrecasas/,MOBILE,0,12,0,27.083333333333332
https://jus-tice.co.il/custody-rights-for-fathers/,MOBILE,0,449,0,52.30289532293987
https://jus-tice.co.il/cyber-insurance/,DESKTOP,0,3791,0,57.413347401740964
https://jus-tice.co.il/cyber-insurance/,MOBILE,0,1295,0,56.631660231660234
https://jus-tice.co.il/cyber-insurance/,TABLET,0,3,0,51
https://jus-tice.co.il/cyber-laws/,MOBILE,0,91,0,39.68131868131868
https://jus-tice.co.il/cyber-lawyer/,TABLET,0,6,0,21.166666666666668
https://jus-tice.co.il/cybercrime-lawyer-roll/,DESKTOP,0,2208,0,49.59057971014493
https://jus-tice.co.il/cybercrime-lawyer-roll/,MOBILE,0,172,0,54.83139534883721
https://jus-tice.co.il/cybersex-trafficking/,DESKTOP,0,1664,0,58.33293269230769
https://jus-tice.co.il/cyprus-corporate-tax/,DESKTOP,0,4424,0,44.104204339963836
https://jus-tice.co.il/cyprus-corporate-tax/,MOBILE,0,478,0,34.99372384937239
https://jus-tice.co.il/cyprus-corporate-tax/,TABLET,0,1,0,9
https://jus-tice.co.il/cyprus-prices/,DESKTOP,0,1006,0,38.42544731610338
https://jus-tice.co.il/cyprus-prices/,MOBILE,0,82,0,47.52439024390244
https://jus-tice.co.il/czech-lawyers/,DESKTOP,0,845,0,44.454437869822485
https://jus-tice.co.il/czech-lawyers/,MOBILE,0,25,0,53.76
https://jus-tice.co.il/damages-claim-husband-ketubah-obligation/,DESKTOP,0,69,0,65.01449275362319
https://jus-tice.co.il/damages-claim-husband-ketubah-obligation/,MOBILE,0,12,0,31.166666666666668
https://jus-tice.co.il/decision10297-09-21/,DESKTOP,0,506,0,64.32806324110672
https://jus-tice.co.il/decision10297-09-21/,MOBILE,0,7,0,14.428571428571429
https://jus-tice.co.il/decision13759-08-21/,DESKTOP,0,47,0,50.97872340425532
https://jus-tice.co.il/decision13759-08-21/,MOBILE,0,16,0,31.1875
https://jus-tice.co.il/decision13846-03-18/,DESKTOP,0,75,0,64.69333333333333
https://jus-tice.co.il/decision13846-03-18/,MOBILE,0,15,0,24.666666666666668
https://jus-tice.co.il/decision15094-01-18/,DESKTOP,0,245,0,58.46530612244898
https://jus-tice.co.il/decision15094-01-18/,MOBILE,0,30,0,41.53333333333333
https://jus-tice.co.il/decision17331-01-17/,DESKTOP,0,1512,0,69.37169312169313
https://jus-tice.co.il/decision1838-03-21/,DESKTOP,0,141,0,58.666666666666664
https://jus-tice.co.il/decision20043-03-23/,TABLET,0,3,0,10
https://jus-tice.co.il/decision21029-12-21/,DESKTOP,0,1005,0,47.97910447761194
https://jus-tice.co.il/decision21029-12-21/,MOBILE,0,498,0,28.160642570281123
https://jus-tice.co.il/decision21029-12-21/,TABLET,0,4,0,31.75
https://jus-tice.co.il/decision22328-09-20/,DESKTOP,0,40,0,30.6
https://jus-tice.co.il/decision22328-09-20/,MOBILE,0,13,0,8.923076923076923
https://jus-tice.co.il/decision22431-08-19/,DESKTOP,0,492,0,52.290650406504064
https://jus-tice.co.il/decision23472-02-20/,DESKTOP,0,93,0,55.03225806451613
https://jus-tice.co.il/decision23472-02-20/,MOBILE,0,19,0,19.210526315789473
https://jus-tice.co.il/decision24104-03-19/,DESKTOP,0,2,0,25.5
https://jus-tice.co.il/decision26671-07-21/,DESKTOP,0,44,0,79.63636363636364
https://jus-tice.co.il/decision26671-07-21/,MOBILE,0,11,0,89.0909090909091
https://jus-tice.co.il/decision28925-09-17/,DESKTOP,0,755,0,67.53377483443708
https://jus-tice.co.il/decision28925-09-17/,MOBILE,0,11,0,60.54545454545455
https://jus-tice.co.il/decision30452-07-20/,DESKTOP,0,614,0,73.72312703583061
https://jus-tice.co.il/decision30452-07-20/,MOBILE,0,8,0,42.75
https://jus-tice.co.il/decision3127-04-22/,DESKTOP,0,127,0,42.45669291338583
https://jus-tice.co.il/decision3127-04-22/,MOBILE,0,15,0,35
https://jus-tice.co.il/decision31783-04-21/,DESKTOP,0,95,0,74.33684210526316
https://jus-tice.co.il/decision31783-04-21/,MOBILE,0,12,0,43.916666666666664
https://jus-tice.co.il/decision32910-02-19/,DESKTOP,0,48,0,75.875
https://jus-tice.co.il/decision32910-02-19/,MOBILE,0,8,0,89.75
https://jus-tice.co.il/decision33954-04-20/,DESKTOP,0,130,0,58.6
https://jus-tice.co.il/decision33954-04-20/,MOBILE,0,4,0,85.5
https://jus-tice.co.il/decision37975-11-17/,DESKTOP,0,689,0,48.78955007256894
https://jus-tice.co.il/decision37975-11-17/,MOBILE,0,26,0,49.88461538461539
https://jus-tice.co.il/decision39696-06-16/,DESKTOP,0,198,0,52.72222222222222
https://jus-tice.co.il/decision39696-06-16/,MOBILE,0,187,0,48.61497326203209
https://jus-tice.co.il/decision42377-09-22/,DESKTOP,0,3730,0,21.143699731903485
https://jus-tice.co.il/decision47098-04-21/,DESKTOP,0,209,0,62.535885167464116
https://jus-tice.co.il/decision47098-04-21/,MOBILE,0,22,0,57.72727272727273
https://jus-tice.co.il/decision48240-04-17/,DESKTOP,0,943,0,63.30010604453871
https://jus-tice.co.il/decision48240-04-17/,MOBILE,0,91,0,70.6043956043956
https://jus-tice.co.il/decision48940-07-20/,TABLET,0,4,0,5.75
https://jus-tice.co.il/decision49576-05-20/,DESKTOP,0,100,0,29.01
https://jus-tice.co.il/decision49576-05-20/,MOBILE,0,7,0,25.857142857142858
https://jus-tice.co.il/decision50014-01-19/,MOBILE,0,170,0,24.8
https://jus-tice.co.il/decision53041-12-20a/,DESKTOP,0,178,0,55.174157303370784
https://jus-tice.co.il/decision53041-12-20a/,MOBILE,0,13,0,32.30769230769231
https://jus-tice.co.il/decision54477-10-18/,DESKTOP,0,117,0,14.948717948717949
https://jus-tice.co.il/decision55016-06-17a/,DESKTOP,0,565,0,74.26548672566372
https://jus-tice.co.il/decision56187-03-21/,MOBILE,0,7,0,50.57142857142857
https://jus-tice.co.il/decision56258-02-22/,DESKTOP,0,67,0,61.61194029850746
https://jus-tice.co.il/decision58450-02-22/,DESKTOP,0,531,0,74.63088512241055
https://jus-tice.co.il/decision58450-02-22/,MOBILE,0,2,0,26
https://jus-tice.co.il/decision58589-11-21/,DESKTOP,0,428,0,65.66355140186916
https://jus-tice.co.il/decision58589-11-21/,MOBILE,0,6,0,49.166666666666664
https://jus-tice.co.il/decision60362-03-22/,DESKTOP,0,173,0,37.5606936416185
https://jus-tice.co.il/decision60567-12-21/,DESKTOP,0,856,0,39.44392523364486
https://jus-tice.co.il/decision60567-12-21/,MOBILE,0,5,0,41.8
https://jus-tice.co.il/decision6077-20/,DESKTOP,0,786,0,58.77226463104326
https://jus-tice.co.il/decision6077-20/,MOBILE,0,38,0,67.47368421052632
https://jus-tice.co.il/decision6199-03-18/,DESKTOP,0,2555,0,64.48845401174168
https://jus-tice.co.il/decision6199-03-18/,MOBILE,0,467,0,59.99785867237687
https://jus-tice.co.il/decision6199-03-18/,TABLET,0,1,0,71
https://jus-tice.co.il/decision66529-11-19/,MOBILE,0,35,0,15.028571428571428
https://jus-tice.co.il/decision66529-11-19/,TABLET,0,1,0,15
https://jus-tice.co.il/decision71869-11-21/,DESKTOP,0,717,0,65.44351464435147
https://jus-tice.co.il/decision71869-11-21/,MOBILE,0,149,0,15.664429530201343
https://jus-tice.co.il/decision75385-12-20/,TABLET,0,3,0,8
https://jus-tice.co.il/deep-pocket/,DESKTOP,0,32,0,25.75
https://jus-tice.co.il/deep-pocket/,MOBILE,0,10,0,8.4
https://jus-tice.co.il/dentons/,DESKTOP,0,80,0,9.3375
https://jus-tice.co.il/dentons/,MOBILE,0,18,0,14.11111111111111
https://jus-tice.co.il/department-of-justice-general-manager/,DESKTOP,0,102,0,61.13725490196079
https://jus-tice.co.il/department-of-justice-general-manager/,MOBILE,0,46,0,47.41304347826087
https://jus-tice.co.il/department-of-justice/,TABLET,0,8,0,7.875
https://jus-tice.co.il/description-and-structure-of-the-ministry-of-justice/,MOBILE,0,237,0,62.0126582278481
https://jus-tice.co.il/detention-before-charge-or-trial/,DESKTOP,0,6240,0,40.8323717948718
https://jus-tice.co.il/detention-before-charge-or-trial/,MOBILE,0,650,0,31.93846153846154
https://jus-tice.co.il/detention-before-charge-or-trial/,TABLET,0,5,0,1.4
https://jus-tice.co.il/detention-days/,DESKTOP,0,4175,0,42.2740119760479
https://jus-tice.co.il/detention-days/,MOBILE,0,295,0,37.4
https://jus-tice.co.il/digital-marketing-agency/,DESKTOP,0,828,0,60.64251207729468
https://jus-tice.co.il/digital-marketing-agency/,MOBILE,0,210,0,50.49047619047619
https://jus-tice.co.il/digital-signature/,MOBILE,0,3362,0,44.426829268292686
https://jus-tice.co.il/digital-signature/,TABLET,0,3,0,43.666666666666664
https://jus-tice.co.il/division-of-a-couples-apartment-and-its-implications-for-charging-the-ketubah/,DESKTOP,0,79,0,61.45569620253165
https://jus-tice.co.il/divorce-claim-error-during-stay/,DESKTOP,0,6,0,53.166666666666664
https://jus-tice.co.il/divorce-claim-error-during-stay/,MOBILE,0,4,0,79.5
https://jus-tice.co.il/divorce-claim-error-during-stay/,TABLET,0,1,0,77
https://jus-tice.co.il/divorce-costs-2025/,DESKTOP,0,5648,0,46.19883144475921
https://jus-tice.co.il/divorce-costs-2025/,MOBILE,0,2523,0,39.97463337296869
https://jus-tice.co.il/divorce-costs-2025/,TABLET,0,25,0,43.52
https://jus-tice.co.il/divorce-everything-you-need-to-know/,DESKTOP,0,6204,0,60.59461637653127
https://jus-tice.co.il/divorce-everything-you-need-to-know/,MOBILE,0,1662,0,58.17388688327316
https://jus-tice.co.il/divorce-everything-you-need-to-know/,TABLET,0,5,0,68.2
https://jus-tice.co.il/divorce-law-in-sweden/,DESKTOP,0,869,0,47.06674338319908
https://jus-tice.co.il/divorce-law-in-sweden/,MOBILE,0,193,0,35.95854922279793
https://jus-tice.co.il/divorce-mediation-basics/,DESKTOP,0,6702,0,69.21739779170397
https://jus-tice.co.il/divorce-mediation-basics/,MOBILE,0,1724,0,68.83062645011601
https://jus-tice.co.il/divorce-mediation-basics/,TABLET,0,6,0,77.16666666666667
https://jus-tice.co.il/divorce-mediation-cons-pros/,DESKTOP,0,2807,0,65.57000356252226
https://jus-tice.co.il/divorce-mediation-cons-pros/,MOBILE,0,605,0,65.92561983471074
https://jus-tice.co.il/divorce-mediation-cons-pros/,TABLET,0,3,0,73
https://jus-tice.co.il/divorce-resource-balancing-case21019-01-21/,TABLET,0,1,0,9
https://jus-tice.co.il/divorce-with-consent/,DESKTOP,0,4148,0,57.45756991321119
https://jus-tice.co.il/divorce-with-consent/,MOBILE,0,1295,0,57.37683397683398
https://jus-tice.co.il/divorce-with-consent/,TABLET,0,2,0,56
https://jus-tice.co.il/dla-piper/,DESKTOP,0,2182,0,25.738313473877177
https://jus-tice.co.il/dla-piper/,MOBILE,0,34,0,33.8235294117647
https://jus-tice.co.il/driver-with-36-valid-points-or-more-will-be-disqualified-from-holding-a-drivers-license/,DESKTOP,0,208,0,56.73557692307692
https://jus-tice.co.il/driver-with-36-valid-points-or-more-will-be-disqualified-from-holding-a-drivers-license/,MOBILE,0,35,0,69.54285714285714
https://jus-tice.co.il/driving-under-the-influence/,DESKTOP,0,11448,0,68.20711041229909
https://jus-tice.co.il/driving-under-the-influence/,MOBILE,0,3205,0,68.6436817472699
https://jus-tice.co.il/driving-under-the-influence/,TABLET,0,1,0,97
https://jus-tice.co.il/drug-offenses-criminal-lawyer/,DESKTOP,0,540,0,51.22962962962963
https://jus-tice.co.il/drug-offenses-criminal-lawyer/,MOBILE,0,75,0,38.61333333333334
https://jus-tice.co.il/drug-offenses-criminal-lawyer/,TABLET,0,4,0,43.75
https://jus-tice.co.il/drug-possession/,DESKTOP,0,4580,0,45.920742358078606
https://jus-tice.co.il/drug-possession/,MOBILE,0,313,0,40.808306709265175
https://jus-tice.co.il/drug-related-crime/,DESKTOP,0,21941,0,34.863862175835195
https://jus-tice.co.il/drug-related-crime/,MOBILE,0,1439,0,38.24252953439889
https://jus-tice.co.il/drug-related-crime/,TABLET,0,1,0,66
https://jus-tice.co.il/drug-trafficking/,DESKTOP,0,6240,0,28.266666666666666
https://jus-tice.co.il/dui-refusal-blood-breath-urine-test/,DESKTOP,0,5142,0,28.080318942045896
https://jus-tice.co.il/dui-refusal-blood-breath-urine-test/,MOBILE,0,1191,0,34.74139378673384
https://jus-tice.co.il/dun-bradstreet/,DESKTOP,0,702,0,47.16096866096866
https://jus-tice.co.il/durable-power-of-attorney-cost/,DESKTOP,0,20,0,35.65
https://jus-tice.co.il/economic-crimes-white-collar-lawyer/,DESKTOP,0,4668,0,53.260925449871465
https://jus-tice.co.il/economic-crimes-white-collar-lawyer/,MOBILE,0,504,0,60.226190476190474
https://jus-tice.co.il/economic-crimes-white-collar-lawyer/,TABLET,0,1,0,39
https://jus-tice.co.il/edp/,DESKTOP,0,1,0,49
https://jus-tice.co.il/electronic-signature/,DESKTOP,0,8079,0,52.43148904567397
https://jus-tice.co.il/electronic-signature/,MOBILE,0,2204,0,54.30127041742287
https://jus-tice.co.il/electronic-signature/,TABLET,0,1,0,45
https://jus-tice.co.il/employer-worker-relationship/,DESKTOP,0,2745,0,56.19234972677596
https://jus-tice.co.il/employer-worker-relationship/,MOBILE,0,504,0,54.28769841269841
https://jus-tice.co.il/employers/,DESKTOP,0,7,0,1
https://jus-tice.co.il/employers/,MOBILE,0,4,0,1.5
https://jus-tice.co.il/employers/,TABLET,0,1,0,1
https://jus-tice.co.il/employment-contract/,DESKTOP,0,4355,0,52.931802525832374
https://jus-tice.co.il/employment-contract/,MOBILE,0,769,0,51.01560468140442
https://jus-tice.co.il/epa-guide-qa/,MOBILE,0,38,0,54.44736842105263
https://jus-tice.co.il/ethiopia-lawyer/,DESKTOP,0,2480,0,25.723790322580644
https://jus-tice.co.il/everything-you-need-to-know-about-becoming-a-criminal-lawyer/,TABLET,0,4,0,24.25
https://jus-tice.co.il/expungement-of-criminal-records/,DESKTOP,0,5050,0,64.80950495049504
https://jus-tice.co.il/expungement-of-criminal-records/,MOBILE,0,318,0,60.73899371069182
https://jus-tice.co.il/extension-of-detention-for-more-than-thirty-days/,DESKTOP,0,3314,0,60.93270971635486
https://jus-tice.co.il/extension-of-detention-for-more-than-thirty-days/,MOBILE,0,348,0,52.02298850574713
https://jus-tice.co.il/extradition-guide/,TABLET,0,2,0,9.5
https://jus-tice.co.il/family-court/,DESKTOP,0,4761,0,51.27305187985717
https://jus-tice.co.il/family-court/,MOBILE,0,859,0,50.45285215366705
https://jus-tice.co.il/family-court/,TABLET,0,3,0,37.333333333333336
https://jus-tice.co.il/family-judgment-31661-07-16/,DESKTOP,0,66,0,44.18181818181818
https://jus-tice.co.il/family-judgment-31661-07-16/,MOBILE,0,3,0,55
https://jus-tice.co.il/family-law-italy/,DESKTOP,0,1560,0,57.28525641025641
https://jus-tice.co.il/family-law-italy/,MOBILE,0,445,0,42.80449438202247
https://jus-tice.co.il/family-law/,TABLET,0,26,0,62.23076923076923
https://jus-tice.co.il/family-law/page/2,DESKTOP,0,407,0,53.285012285012286
https://jus-tice.co.il/family-law/page/2,MOBILE,0,26,0,71
https://jus-tice.co.il/famous-criminal-defense-lawyer/,DESKTOP,0,9078,0,39.2679004185944
https://jus-tice.co.il/famous-criminal-defense-lawyer/,TABLET,0,4,0,28
https://jus-tice.co.il/fbi-cyber-division/,DESKTOP,0,2583,0,48.40611691831204
https://jus-tice.co.il/fbi-cyber-division/,MOBILE,0,326,0,45.34662576687116
https://jus-tice.co.il/fbi-cyber-division/,TABLET,0,3,0,64.33333333333334
https://jus-tice.co.il/federal-bureau-of-investigation/,DESKTOP,0,599,0,58.63272120200334
https://jus-tice.co.il/federal-bureau-of-investigation/,MOBILE,0,377,0,23.80106100795756
https://jus-tice.co.il/federal-bureau-of-investigation/,TABLET,0,60,0,62.68333333333333
https://jus-tice.co.il/filing-a-lawsuit-how-to-sue/,DESKTOP,0,3617,0,46.40724357202101
https://jus-tice.co.il/filing-a-lawsuit-how-to-sue/,MOBILE,0,776,0,41.922680412371136
https://jus-tice.co.il/filing-a-lawsuit-how-to-sue/,TABLET,0,1,0,31
https://jus-tice.co.il/financial-strategies-after-divorce/,DESKTOP,0,295,0,25.172881355932205
https://jus-tice.co.il/financial-strategies-after-divorce/,MOBILE,0,132,0,25.454545454545453
https://jus-tice.co.il/find-lawyer-how-to-find-good-attorney/,MOBILE,0,730,0,24.682191780821917
https://jus-tice.co.il/find-lawyer-how-to-find-good-attorney/,TABLET,0,1,0,7
https://jus-tice.co.il/find-lawyer/,DESKTOP,0,5904,0,65.72442411924119
https://jus-tice.co.il/find-lawyer/,MOBILE,0,443,0,77.18961625282166
https://jus-tice.co.il/find-lawyer/,TABLET,0,4,0,60.5
https://jus-tice.co.il/findlaw/,DESKTOP,0,116,0,55.26724137931034
https://jus-tice.co.il/findlaw/,MOBILE,0,16,0,70.375
https://jus-tice.co.il/fintech/,DESKTOP,0,286,0,35.90909090909091
https://jus-tice.co.il/fintech/,MOBILE,0,45,0,29.355555555555554
https://jus-tice.co.il/force-majeure,DESKTOP,0,106,0,45.198113207547166
https://jus-tice.co.il/foreign-legal-opinion/,DESKTOP,0,607,0,53.30313014827018
https://jus-tice.co.il/foreign-legal-opinion/,MOBILE,0,55,0,51.10909090909091
https://jus-tice.co.il/foreign_legal_opinion/,DESKTOP,0,481,0,22.87941787941788
https://jus-tice.co.il/form-6-request-urgent-relief-dispute-settlement/,TABLET,0,4,0,52.5
https://jus-tice.co.il/france-lawyers/,DESKTOP,0,3420,0,27.583040935672514
https://jus-tice.co.il/france-lawyers/,MOBILE,0,68,0,52.205882352941174
https://jus-tice.co.il/free-affidavit-sample/,TABLET,0,8,0,9.125
https://jus-tice.co.il/garrigues_law_firm/,DESKTOP,0,43,0,65
https://jus-tice.co.il/georgia-lawyers/,DESKTOP,0,2238,0,54.396782841823054
https://jus-tice.co.il/georgia-lawyers/,MOBILE,0,148,0,44.777027027027025
https://jus-tice.co.il/german-passport/,DESKTOP,0,40612,0,45.06195213237467
https://jus-tice.co.il/german-passport/,MOBILE,0,2393,0,46.59882992060176
https://jus-tice.co.il/german-passport/,TABLET,0,1,0,60
https://jus-tice.co.il/golden-visa/,TABLET,0,10,0,8.7
https://jus-tice.co.il/government-of-portugal/,DESKTOP,0,67,0,18.402985074626866
https://jus-tice.co.il/greece-financing/,DESKTOP,0,602,0,66.35548172757476
https://jus-tice.co.il/greece-financing/,MOBILE,0,239,0,58.63598326359833
https://jus-tice.co.il/greece-financing/,TABLET,0,5,0,34.2
https://jus-tice.co.il/greece-lawyers/,DESKTOP,0,885,0,51.04406779661017
https://jus-tice.co.il/greece-lawyers/,MOBILE,0,473,0,30.716701902748415
https://jus-tice.co.il/greece-lawyers/,TABLET,0,5,0,7.4
https://jus-tice.co.il/grounds-for-divorce-united-states/,DESKTOP,0,25,0,60.24
https://jus-tice.co.il/grounds-for-divorce-united-states/,MOBILE,0,3,0,74.33333333333333
https://jus-tice.co.il/guide-buying-property-portugal-israelis/,DESKTOP,0,11095,0,46.35421360973412
https://jus-tice.co.il/guide-buying-property-portugal-israelis/,TABLET,0,1,0,62
https://jus-tice.co.il/handwritten-property-agreement-cancellation/,DESKTOP,0,43,0,67.51162790697674
https://jus-tice.co.il/handwritten-property-agreement-cancellation/,MOBILE,0,9,0,54.888888888888886
https://jus-tice.co.il/handwritten-property-agreement-cancellation/,TABLET,0,1,0,9
https://jus-tice.co.il/healthcare_in_portugal/,DESKTOP,0,40,0,25.075
https://jus-tice.co.il/healthcare_in_portugal/,MOBILE,0,2,0,60.5
https://jus-tice.co.il/herzog-fox-neeman/,DESKTOP,0,1045,0,41.83444976076555
https://jus-tice.co.il/history-of-criminal-justice/,DESKTOP,0,180,0,53.05555555555556
https://jus-tice.co.il/history-of-criminal-justice/,MOBILE,0,6,0,36.666666666666664
https://jus-tice.co.il/history-of-medicine/,DESKTOP,0,311,0,60.135048231511256
https://jus-tice.co.il/history-of-medicine/,MOBILE,0,34,0,73.29411764705883
https://jus-tice.co.il/home-inspection/,DESKTOP,0,274,0,77.37226277372262
https://jus-tice.co.il/home-insurance/,DESKTOP,0,7466,0,56.04795070988481
https://jus-tice.co.il/home-insurance/,MOBILE,0,4819,0,55.31749325586221
https://jus-tice.co.il/hong-kong-lawyer/,DESKTOP,0,1201,0,50.33721898417985
https://jus-tice.co.il/hong-kong-lawyer/,MOBILE,0,133,0,42.81203007518797
https://jus-tice.co.il/housing-portugal/,DESKTOP,0,988,0,50.35931174089069
https://jus-tice.co.il/housing-portugal/,MOBILE,0,46,0,54.82608695652174
https://jus-tice.co.il/how-contracts-can-protect-you-and-your-business/,DESKTOP,0,135,0,75.91851851851852
https://jus-tice.co.il/how-contracts-can-protect-you-and-your-business/,MOBILE,0,14,0,82.85714285714286
https://jus-tice.co.il/how-much-does-a-divorce-agreement-cost/,DESKTOP,0,5142,0,53.987747957993
https://jus-tice.co.il/how-much-does-a-divorce-agreement-cost/,MOBILE,0,2877,0,52.8627042057699
https://jus-tice.co.il/how-much-does-a-divorce-agreement-cost/,TABLET,0,16,0,68
https://jus-tice.co.il/how-much-does-a-lawyer-cost/,DESKTOP,0,5880,0,67.02908163265306
https://jus-tice.co.il/how-much-does-a-lawyer-cost/,TABLET,0,1,0,61
https://jus-tice.co.il/how-much-does-prenup-cost/,MOBILE,0,507,0,37.8560157790927
https://jus-tice.co.il/how-to-choose-criminal-defense-attorney/,DESKTOP,0,829,0,41.5524728588661
https://jus-tice.co.il/how-to-choose-criminal-defense-attorney/,MOBILE,0,67,0,33.701492537313435
https://jus-tice.co.il/how-to-deal-with-problematic-employees-aside-from-termination/,DESKTOP,0,538,0,22.559479553903344
https://jus-tice.co.il/how-to-deal-with-problematic-employees-aside-from-termination/,MOBILE,0,22,0,22.09090909090909
https://jus-tice.co.il/how-to-find-a-professional-web-development-agency/,DESKTOP,0,334,0,66.73053892215569
https://jus-tice.co.il/how-to-find-a-professional-web-development-agency/,MOBILE,0,77,0,70.50649350649351
https://jus-tice.co.il/how-to-find-a-professional-web-development-agency/,TABLET,0,1,0,100
https://jus-tice.co.il/how-to-run-a-successful-law-firm/,TABLET,0,3,0,23.666666666666668
https://jus-tice.co.il/human-trafficking/,DESKTOP,0,266,0,37.473684210526315
https://jus-tice.co.il/hungary-lawyer/,DESKTOP,0,596,0,43.11409395973154
https://jus-tice.co.il/hungary-lawyer/,MOBILE,0,46,0,75.84782608695652
https://jus-tice.co.il/iflr1000/,DESKTOP,0,264,0,46.92424242424242
https://jus-tice.co.il/iflr1000/,MOBILE,0,9,0,43
https://jus-tice.co.il/immigration-lawyer/,TABLET,0,1,0,8
https://jus-tice.co.il/immigration-to-portugal/,DESKTOP,0,4041,0,46.25389755011136
https://jus-tice.co.il/immigration-to-portugal/,MOBILE,0,1199,0,43.66472060050042
https://jus-tice.co.il/immigration-to-portugal/,TABLET,0,1,0,26
https://jus-tice.co.il/immigration/,TABLET,0,1,0,1
https://jus-tice.co.il/income-protection-insurance/,DESKTOP,0,5133,0,68.73738554451587
https://jus-tice.co.il/income-protection-insurance/,MOBILE,0,763,0,75.93446920052425
https://jus-tice.co.il/income-protection-insurance/,TABLET,0,2,0,78
https://jus-tice.co.il/india-lawyers/,DESKTOP,0,2577,0,17.89755529685681
https://jus-tice.co.il/india-lawyers/,TABLET,0,1,0,15
https://jus-tice.co.il/infidelity-adultery-marital-betrayal-family-law/,DESKTOP,0,946,0,62.16067653276956
https://jus-tice.co.il/infidelity-adultery-marital-betrayal-family-law/,MOBILE,0,109,0,54.788990825688074
https://jus-tice.co.il/infidelity-adultery-marital-betrayal-family-law/,TABLET,0,2,0,60.5
https://jus-tice.co.il/infidelity-statistics-reasons-suspicions/,TABLET,0,2,0,18
https://jus-tice.co.il/inheritance-order/,DESKTOP,0,8872,0,49.41456266907124
https://jus-tice.co.il/inheritance-order/,MOBILE,0,993,0,40.13091641490433
https://jus-tice.co.il/inheritance-order/,TABLET,0,11,0,42.90909090909091
https://jus-tice.co.il/inheritance/,DESKTOP,0,12426,0,49.81981329470465
https://jus-tice.co.il/inheritance/,MOBILE,0,2362,0,56.16723116003387
https://jus-tice.co.il/inheritance/,TABLET,0,26,0,64.03846153846155
https://jus-tice.co.il/insolvency/,DESKTOP,0,1875,0,67.38026666666667
https://jus-tice.co.il/insolvency/,MOBILE,0,309,0,68.3462783171521
https://jus-tice.co.il/intellectual-property-lawyer/,DESKTOP,0,13195,0,55.093823417961346
https://jus-tice.co.il/intellectual-property-lawyer/,MOBILE,0,3289,0,62.7449072666464
https://jus-tice.co.il/intellectual-property-lawyer/,TABLET,0,83,0,76.71084337349397
https://jus-tice.co.il/international-agreement-greece-dtpa/,DESKTOP,0,907,0,38.088202866593164
https://jus-tice.co.il/international-agreement-greece-dtpa/,MOBILE,0,394,0,42.921319796954315
https://jus-tice.co.il/international-association-of-jewish-lawyers-and-jurists/,DESKTOP,0,2,0,52.5
https://jus-tice.co.il/international-association-of-jewish-lawyers-and-jurists/,MOBILE,0,2,0,57
https://jus-tice.co.il/international-contract-lawyer/,DESKTOP,0,142,0,51.66901408450704
https://jus-tice.co.il/international-contract-lawyer/,MOBILE,0,8,0,58.875
https://jus-tice.co.il/international-inheritance-wills-lawyer/,DESKTOP,0,9060,0,60.25165562913907
https://jus-tice.co.il/international-inheritance-wills-lawyer/,MOBILE,0,1263,0,59.102929532858276
https://jus-tice.co.il/international-inheritance-wills-lawyer/,TABLET,0,11,0,71
https://jus-tice.co.il/international-litigation/,DESKTOP,0,6200,0,46.73774193548387
https://jus-tice.co.il/international-litigation/,MOBILE,0,197,0,75.751269035533
https://jus-tice.co.il/international-litigation/,TABLET,0,11,0,92.54545454545455
https://jus-tice.co.il/international-notaries/,DESKTOP,0,943,0,61.65641569459173
https://jus-tice.co.il/international-regulation/,DESKTOP,0,538,0,52.97769516728624
https://jus-tice.co.il/international-regulation/,MOBILE,0,102,0,57.431372549019606
https://jus-tice.co.il/invest-in-portugal-for-citizenship/,DESKTOP,0,1048,0,52.33587786259542
https://jus-tice.co.il/invest-in-portugal-for-citizenship/,MOBILE,0,121,0,70.48760330578513
https://jus-tice.co.il/investing-in-argentina/,DESKTOP,0,64,0,49.296875
https://jus-tice.co.il/investing-in-argentina/,MOBILE,0,4,0,19.75
https://jus-tice.co.il/investing-in-greece-real-estate/,DESKTOP,0,17592,0,52.199465666211914
https://jus-tice.co.il/investing-in-greece-real-estate/,MOBILE,0,6193,0,46.17471338608106
https://jus-tice.co.il/investing-in-greece/,DESKTOP,0,982,0,61.431771894093686
https://jus-tice.co.il/investing-in-greece/,MOBILE,0,418,0,50.4377990430622
https://jus-tice.co.il/investment-loss-compensation/,DESKTOP,0,447,0,54.50335570469799
https://jus-tice.co.il/investment-loss-compensation/,MOBILE,0,157,0,39.738853503184714
https://jus-tice.co.il/is-a-law-for-the-settlement-of-family-disputes-successful/,DESKTOP,0,393,0,45.31806615776082
https://jus-tice.co.il/is-a-law-for-the-settlement-of-family-disputes-successful/,MOBILE,0,215,0,37.42790697674418
https://jus-tice.co.il/is-portugal-a-good-place-to-retire/,DESKTOP,0,65,0,35.738461538461536
https://jus-tice.co.il/is-portugal-a-good-place-to-retire/,MOBILE,0,2,0,36
https://jus-tice.co.il/israel-crime-statistics/,DESKTOP,0,594,0,67.06734006734007
https://jus-tice.co.il/israel-crime-statistics/,MOBILE,0,97,0,68.0721649484536
https://jus-tice.co.il/israel-framework-for-reopening-schools-coronavirus-2020/,DESKTOP,0,133,0,72.32330827067669
https://jus-tice.co.il/israel-framework-for-reopening-schools-coronavirus-2020/,MOBILE,0,2,0,42
https://jus-tice.co.il/israel-notary-public/,DESKTOP,0,5039,0,41.25540781901171
https://jus-tice.co.il/israel-notary-public/,TABLET,0,5,0,9.6
https://jus-tice.co.il/israel-police/,MOBILE,0,782,0,34.76214833759591
https://jus-tice.co.il/israel-police/,TABLET,0,2,0,38
https://jus-tice.co.il/israel-portugal-relations/,DESKTOP,0,321,0,22.968847352024923
https://jus-tice.co.il/israel-portugal-relations/,TABLET,0,5,0,8.4
https://jus-tice.co.il/israel-real-estate-price-forecast/,DESKTOP,0,676,0,53.30473372781065
https://jus-tice.co.il/israel-real-estate-price-forecast/,MOBILE,0,235,0,61.744680851063826
https://jus-tice.co.il/israel-real-estate-price-forecast/,TABLET,0,2,0,62.5
https://jus-tice.co.il/israel-road-accident-compensation-law/,DESKTOP,0,10290,0,63.65733722060253
https://jus-tice.co.il/israel-road-accident-compensation-law/,MOBILE,0,1518,0,67.96113306982872
https://jus-tice.co.il/israel-tax-authority/,DESKTOP,0,2825,0,58.936637168141594
https://jus-tice.co.il/israel-tax-authority/,MOBILE,0,420,0,54.30714285714286
https://jus-tice.co.il/israeli-labor-law/,MOBILE,0,291,0,66.40893470790378
https://jus-tice.co.il/israeli-lawyer-explains-real-estate/,DESKTOP,0,1394,0,45.28479196556671
https://jus-tice.co.il/israeli-lawyer-explains-real-estate/,MOBILE,0,281,0,30.615658362989326
https://jus-tice.co.il/israeli_land_and_property_laws/,DESKTOP,0,3665,0,52.45429740791269
https://jus-tice.co.il/israeli_land_and_property_laws/,MOBILE,0,227,0,54.05726872246696
https://jus-tice.co.il/italy-lawyers/,DESKTOP,0,1323,0,24.43159486016629
https://jus-tice.co.il/italy-lawyers/,TABLET,0,18,0,80.94444444444444
https://jus-tice.co.il/james-sexton-attorney/,DESKTOP,0,361,0,58.56232686980609
https://jus-tice.co.il/james-sexton-attorney/,MOBILE,0,29,0,66.13793103448276
https://jus-tice.co.il/japan-attorneys/,DESKTOP,0,5776,0,34.73684210526316
https://jus-tice.co.il/joint-custody-shared-parenting/,DESKTOP,0,14578,0,64.10042529839484
https://jus-tice.co.il/joint-custody-shared-parenting/,MOBILE,0,1535,0,58.042345276872965
https://jus-tice.co.il/joint-custody-shared-parenting/,TABLET,0,7,0,46.285714285714285
https://jus-tice.co.il/joint-venture-agreement/,DESKTOP,0,393,0,50.704834605597966
https://jus-tice.co.il/joint-venture-agreement/,MOBILE,0,155,0,53.30967741935484
https://jus-tice.co.il/jurisprudence/,DESKTOP,0,447,0,42.06263982102908
https://jus-tice.co.il/jurisprudence/,MOBILE,0,60,0,35.06666666666667
https://jus-tice.co.il/jurist/,DESKTOP,0,3,0,53
https://jus-tice.co.il/kirkland-ellis/,DESKTOP,0,296,0,51.189189189189186
https://jus-tice.co.il/kl-gates/,DESKTOP,0,72,0,59.138888888888886
https://jus-tice.co.il/kl-gates/,MOBILE,0,19,0,50.26315789473684
https://jus-tice.co.il/klumpke-paralysis/,DESKTOP,0,116,0,43.58620689655172
https://jus-tice.co.il/klumpke-paralysis/,MOBILE,0,131,0,56.55725190839695
https://jus-tice.co.il/labor-law/%D7%97%D7%95%D7%A7-%D7%94%D7%95%D7%93%D7%A2%D7%94-%D7%9E%D7%95%D7%A7%D7%93%D7%9E%D7%AA-%D7%9C%D7%A4%D7%99%D7%98%D7%95%D7%A8%D7%99%D7%9D-%D7%95%D7%9C%D7%94%D7%AA%D7%A4%D7%98%D7%A8%D7%95%D7%AA/,DESKTOP,0,3080,0,55.80941558441558
https://jus-tice.co.il/labor-law/%D7%97%D7%95%D7%A7-%D7%94%D7%95%D7%93%D7%A2%D7%94-%D7%9E%D7%95%D7%A7%D7%93%D7%9E%D7%AA-%D7%9C%D7%A4%D7%99%D7%98%D7%95%D7%A8%D7%99%D7%9D-%D7%95%D7%9C%D7%94%D7%AA%D7%A4%D7%98%D7%A8%D7%95%D7%AA/,MOBILE,0,907,0,60.64057331863285
https://jus-tice.co.il/labor-law/%D7%97%D7%95%D7%A7-%D7%94%D7%95%D7%93%D7%A2%D7%94-%D7%9E%D7%95%D7%A7%D7%93%D7%9E%D7%AA-%D7%9C%D7%A4%D7%99%D7%98%D7%95%D7%A8%D7%99%D7%9D-%D7%95%D7%9C%D7%94%D7%AA%D7%A4%D7%98%D7%A8%D7%95%D7%AA/,TABLET,0,1,0,9
https://jus-tice.co.il/labor-law/%D7%98%D7%95%D7%A4%D7%A1-%D7%94%D7%95%D7%93%D7%A2%D7%94-%D7%A2%D7%9C-%D7%94%D7%AA%D7%A4%D7%98%D7%A8%D7%95%D7%AA-%D7%9E%D7%A2%D7%91%D7%95%D7%93%D7%94/,DESKTOP,0,516,0,27.874031007751938
https://jus-tice.co.il/labor-law/%D7%98%D7%95%D7%A4%D7%A1-%D7%94%D7%95%D7%93%D7%A2%D7%94-%D7%A2%D7%9C-%D7%94%D7%AA%D7%A4%D7%98%D7%A8%D7%95%D7%AA-%D7%9E%D7%A2%D7%91%D7%95%D7%93%D7%94/,MOBILE,0,129,0,23.558139534883722
https://jus-tice.co.il/labor-law/%D7%AA%D7%91%D7%99%D7%A2%D7%95%D7%AA-%D7%A2%D7%95%D7%91%D7%93%D7%99%D7%9D-%D7%9E%D7%95%D7%9C-%D7%94%D7%9E%D7%9C%D7%9C-%D7%91%D7%97%D7%91%D7%A8%D7%95%D7%AA-%D7%9E%D7%A9%D7%A4%D7%97%D7%AA%D7%99/,DESKTOP,0,18,0,80.88888888888889
https://jus-tice.co.il/labor-law/%D7%AA%D7%91%D7%99%D7%A2%D7%95%D7%AA-%D7%A2%D7%95%D7%91%D7%93%D7%99%D7%9D-%D7%9E%D7%95%D7%9C-%D7%94%D7%9E%D7%9C%D7%9C-%D7%91%D7%97%D7%91%D7%A8%D7%95%D7%AA-%D7%9E%D7%A9%D7%A4%D7%97%D7%AA%D7%99/,MOBILE,0,5,0,80.8
https://jus-tice.co.il/labor-lawyer/,DESKTOP,0,24583,0,67.84464874099987
https://jus-tice.co.il/labor-lawyer/,MOBILE,0,3792,0,67.80564345991561
https://jus-tice.co.il/labor-lawyer/,TABLET,0,6,0,64
https://jus-tice.co.il/labor_law/%D7%92%D7%99%D7%95%D7%A1-%D7%A2%D7%95%D7%91%D7%93%D7%99%D7%9D/,DESKTOP,0,5,0,68.2
https://jus-tice.co.il/labor_law/%D7%A7%D7%95%D7%A8%D7%95%D7%A0%D7%94-%D7%94%D7%92%D7%91%D7%9C%D7%AA-%D7%9E%D7%A1%D7%A4%D7%A8-%D7%94%D7%A2%D7%95%D7%91%D7%93%D7%99%D7%9D-%D7%91%D7%9E%D7%A7%D7%95%D7%9D-%D7%A2%D7%91%D7%95%D7%93%D7%94/,DESKTOP,0,35,0,67.51428571428572
https://jus-tice.co.il/labor_law/%D7%A7%D7%95%D7%A8%D7%95%D7%A0%D7%94-%D7%A4%D7%A2%D7%99%D7%9C%D7%95%D7%AA-%D7%91%D7%99%D7%AA-%D7%94%D7%93%D7%99%D7%9F-%D7%9C%D7%A2%D7%91%D7%95%D7%93%D7%94/,DESKTOP,0,441,0,62.68934240362812
https://jus-tice.co.il/labor_law/%D7%A7%D7%95%D7%A8%D7%95%D7%A0%D7%94-%D7%A4%D7%A2%D7%99%D7%9C%D7%95%D7%AA-%D7%91%D7%99%D7%AA-%D7%94%D7%93%D7%99%D7%9F-%D7%9C%D7%A2%D7%91%D7%95%D7%93%D7%94/,MOBILE,0,139,0,60.89208633093525
https://jus-tice.co.il/labor_law/%D7%AA%D7%A7%D7%A0%D7%95%D7%AA-%D7%A7%D7%95%D7%A8%D7%95%D7%A0%D7%94-%D7%94%D7%92%D7%91%D7%9C%D7%AA-%D7%9E%D7%A1%D7%A4%D7%A8-%D7%94%D7%A2%D7%95%D7%91%D7%93%D7%99%D7%9D-%D7%91%D7%9E%D7%A7%D7%95%D7%9D/,DESKTOP,0,977,0,57.01637666325486
https://jus-tice.co.il/labor_law/%D7%AA%D7%A7%D7%A0%D7%95%D7%AA-%D7%A7%D7%95%D7%A8%D7%95%D7%A0%D7%94-%D7%94%D7%92%D7%91%D7%9C%D7%AA-%D7%9E%D7%A1%D7%A4%D7%A8-%D7%94%D7%A2%D7%95%D7%91%D7%93%D7%99%D7%9D-%D7%91%D7%9E%D7%A7%D7%95%D7%9D/,MOBILE,0,28,0,79.21428571428571
https://jus-tice.co.il/lahav-433/,TABLET,0,10,0,18.8
https://jus-tice.co.il/land-appreciation-tax/,DESKTOP,0,8640,0,44.88993055555556
https://jus-tice.co.il/land-appreciation-tax/,MOBILE,0,1188,0,45.38215488215488
https://jus-tice.co.il/land-appreciation-tax/,TABLET,0,3,0,34.333333333333336
https://jus-tice.co.il/land-registration/,DESKTOP,0,1290,0,45.46821705426357
https://jus-tice.co.il/land-registration/,MOBILE,0,132,0,33.65909090909091
https://jus-tice.co.il/latham-watkins/,DESKTOP,0,4,0,7
https://jus-tice.co.il/latham-watkins/,MOBILE,0,1,0,6
https://jus-tice.co.il/laura-wasser/,DESKTOP,0,93,0,49.01075268817204
https://jus-tice.co.il/laura-wasser/,MOBILE,0,21,0,31.523809523809526
https://jus-tice.co.il/law-firms-in-fiction/,DESKTOP,0,276,0,51.630434782608695
https://jus-tice.co.il/law-firms-in-fiction/,MOBILE,0,44,0,30.84090909090909
https://jus-tice.co.il/lawyer-fee-outlook/,TABLET,0,3,0,27.333333333333332
https://jus-tice.co.il/lawyer-for-buying-or-selling-a-house/,DESKTOP,0,29358,0,62.80850194154915
https://jus-tice.co.il/lawyer-for-buying-or-selling-a-house/,MOBILE,0,4379,0,61.253939255537794
https://jus-tice.co.il/lawyer-for-buying-or-selling-a-house/,TABLET,0,1,0,73
https://jus-tice.co.il/lawyer-near-me-criminal-law/,DESKTOP,0,10590,0,71.6208687440982
https://jus-tice.co.il/lawyer-near-me-criminal-law/,MOBILE,0,611,0,75.41243862520459
https://jus-tice.co.il/lawyer-near-me-criminal-law/,TABLET,0,2,0,54.5
https://jus-tice.co.il/lawyer-netherlands/,DESKTOP,0,157,0,56.69426751592356
https://jus-tice.co.il/lawyer-netherlands/,MOBILE,0,6,0,60.5
https://jus-tice.co.il/lawyer-referral-service/,DESKTOP,0,569,0,56.528998242530754
https://jus-tice.co.il/lawyers/%D7%90-%D7%91-%D7%A2%D7%95%D7%A8%D7%9A-%D7%93%D7%99%D7%9F-%D7%91%D7%94%D7%A7%D7%9E%D7%94/,DESKTOP,0,20,0,42.9
https://jus-tice.co.il/lawyers/%D7%90-%D7%91-%D7%A2%D7%95%D7%A8%D7%9A-%D7%93%D7%99%D7%9F-%D7%91%D7%94%D7%A7%D7%9E%D7%94/,MOBILE,0,1,0,37
https://jus-tice.co.il/lawyers/firm_name_he/,DESKTOP,0,1,0,1
https://jus-tice.co.il/leading-criminal-law-firm/,DESKTOP,0,8801,0,57.95102829223952
https://jus-tice.co.il/leading-criminal-law-firm/,TABLET,0,3,0,59.333333333333336
https://jus-tice.co.il/leading-divorce-lawyers-worldwide/,DESKTOP,0,152,0,72.50657894736842
https://jus-tice.co.il/leading-divorce-lawyers-worldwide/,MOBILE,0,38,0,71.26315789473684
https://jus-tice.co.il/lease/,DESKTOP,0,2342,0,49.140905209222886
https://jus-tice.co.il/lease/,TABLET,0,2,0,8.5
https://jus-tice.co.il/legal-awareness/,MOBILE,0,16,0,34.75
https://jus-tice.co.il/legal-clinic/,DESKTOP,0,936,0,47.1474358974359
https://jus-tice.co.il/legal-clinic/,MOBILE,0,59,0,70.2542372881356
https://jus-tice.co.il/legal-education/,DESKTOP,0,1030,0,43.56893203883495
https://jus-tice.co.il/legal-education/,MOBILE,0,270,0,53.45185185185185
https://jus-tice.co.il/legal-services-in-portugal/,DESKTOP,0,570,0,27.98421052631579
https://jus-tice.co.il/legal-services-in-portugal/,MOBILE,0,14,0,43.07142857142857
https://jus-tice.co.il/legal-tax-saving-guide/,DESKTOP,0,166,0,54.84939759036145
https://jus-tice.co.il/legal-writing/,TABLET,0,1,0,6
https://jus-tice.co.il/legal_defense_fund/,DESKTOP,0,1003,0,56.9481555333998
https://jus-tice.co.il/legal_defense_fund/,MOBILE,0,321,0,59.84423676012461
https://jus-tice.co.il/legality-of-cannabis/,DESKTOP,0,5466,0,59.0300036589828
https://jus-tice.co.il/legality-of-cannabis/,TABLET,0,1,0,7
https://jus-tice.co.il/legalzoom/,DESKTOP,0,427,0,69.81030444964871
https://jus-tice.co.il/legalzoom/,MOBILE,0,7,0,65.71428571428571
https://jus-tice.co.il/liechtenstein/,DESKTOP,0,882,0,32.41043083900227
https://jus-tice.co.il/liechtenstein/,MOBILE,0,53,0,81.56603773584905
https://jus-tice.co.il/lisbon-portugal/,DESKTOP,0,147,0,43.06122448979592
https://jus-tice.co.il/lisbon-portugal/,MOBILE,0,9,0,46.55555555555556
https://jus-tice.co.il/list-of-taxes-portugal/,DESKTOP,0,793,0,31.14249684741488
https://jus-tice.co.il/list-of-taxes-portugal/,MOBILE,0,10,0,32.8
https://jus-tice.co.il/list-of-types-of-fraud/,DESKTOP,0,3127,0,44.48544931244004
https://jus-tice.co.il/list-of-types-of-fraud/,TABLET,0,1,0,26
https://jus-tice.co.il/litigation-strategy/,DESKTOP,0,817,0,72.52386780905752
https://jus-tice.co.il/litigation-strategy/,MOBILE,0,7,0,73.85714285714286
https://jus-tice.co.il/living-apart-together-legal-rights/,TABLET,0,2,0,6.5
https://jus-tice.co.il/low-value-invest-abroad/,TABLET,0,70,0,76.97142857142858
https://jus-tice.co.il/malpractice-cerebral-palsy/,DESKTOP,0,3823,0,67.05650013078734
https://jus-tice.co.il/malpractice-cerebral-palsy/,MOBILE,0,915,0,74.78032786885245
https://jus-tice.co.il/malta-lawyers/,DESKTOP,0,289,0,53.56055363321799
https://jus-tice.co.il/malta-lawyers/,MOBILE,0,28,0,62.964285714285715
https://jus-tice.co.il/marijuana-possession-us-law/,DESKTOP,0,1430,0,63.77622377622377
https://jus-tice.co.il/marijuana-possession-us-law/,MOBILE,0,36,0,75.16666666666667
https://jus-tice.co.il/marital-property-agreement/,TABLET,0,6,0,35.5
https://jus-tice.co.il/maximize-an-inheritance/,DESKTOP,0,176,0,73.45454545454545
https://jus-tice.co.il/maximize-an-inheritance/,MOBILE,0,1,0,99
https://jus-tice.co.il/medical-fitness-tests-for-driving-marvad-info/,TABLET,0,26,0,9.576923076923077
https://jus-tice.co.il/medical-institute-for-road-safety,DESKTOP,0,56,0,72.07142857142857
https://jus-tice.co.il/medical-institute-for-road-safety,MOBILE,0,20,0,72.05
https://jus-tice.co.il/medical-institute-for-road-safety/,DESKTOP,0,17934,0,47.65545890487343
https://jus-tice.co.il/medical-institute-for-road-safety/,MOBILE,0,6579,0,43.49080407356741
https://jus-tice.co.il/medical-institute-for-road-safety/,TABLET,0,12,0,10.25
https://jus-tice.co.il/medical-malpractice-common-errors-doctors-hospitals/,DESKTOP,0,3708,0,76.94066882416396
https://jus-tice.co.il/medical-malpractice-common-errors-doctors-hospitals/,MOBILE,0,269,0,71.2899628252788
https://jus-tice.co.il/medical-malpractice-in-the-united-states/,DESKTOP,0,8905,0,59.53700168444694
https://jus-tice.co.il/medical-malpractice-in-the-united-states/,MOBILE,0,654,0,70.72782874617737
https://jus-tice.co.il/medical-malpractice-lawyer/,DESKTOP,0,19396,0,70.42013817281914
https://jus-tice.co.il/medical-malpractice-lawyer/,MOBILE,0,1982,0,72.59081735620585
https://jus-tice.co.il/medical-malpractice-lawyer/,TABLET,0,1,0,32
https://jus-tice.co.il/ministry_of_finance_portugal/,DESKTOP,0,10,0,43.2
https://jus-tice.co.il/ministry_of_finance_portugal/,MOBILE,0,5,0,20.2
https://jus-tice.co.il/miranda-warning/,TABLET,0,2,0,5.5
https://jus-tice.co.il/monaco-lawyer/,DESKTOP,0,624,0,58.90865384615385
https://jus-tice.co.il/monaco-lawyer/,MOBILE,0,21,0,72.66666666666667
https://jus-tice.co.il/monaco-lawyer/,TABLET,0,6,0,89
https://jus-tice.co.il/morais-leitao/,DESKTOP,0,34,0,65.67647058823529
https://jus-tice.co.il/morgan-morgan/,DESKTOP,0,61,0,10.934426229508198
https://jus-tice.co.il/morocco-lawyers/,DESKTOP,0,449,0,40.342984409799556
https://jus-tice.co.il/morocco-lawyers/,MOBILE,0,278,0,25.87410071942446
https://jus-tice.co.il/murder-in-united-states-law/,TABLET,0,2,0,6
https://jus-tice.co.il/music-recording-contract/,DESKTOP,0,581,0,59.80378657487091
https://jus-tice.co.il/music-recording-contract/,MOBILE,0,91,0,64.03296703296704
https://jus-tice.co.il/must-have-traits-of-a-good-family-lawyer/,DESKTOP,0,1135,0,78.31806167400882
https://jus-tice.co.il/must-have-traits-of-a-good-family-lawyer/,MOBILE,0,35,0,83.62857142857143
https://jus-tice.co.il/mutual-divorce-agreement-2025/,DESKTOP,0,11,0,83.45454545454545
https://jus-tice.co.il/new-jersey-lawyers/,DESKTOP,0,602,0,42.79235880398671
https://jus-tice.co.il/new-jersey-lawyers/,MOBILE,0,76,0,43.14473684210526
https://jus-tice.co.il/news/,DESKTOP,0,2,0,55.5
https://jus-tice.co.il/news/%D7%97%D7%A7%D7%99%D7%A7%D7%AA-%D7%97%D7%99%D7%A8%D7%95%D7%9D-%D7%A7%D7%95%D7%A8%D7%95%D7%A0%D7%94/,DESKTOP,0,9,0,40
https://jus-tice.co.il/news/%D7%97%D7%A7%D7%99%D7%A7%D7%AA-%D7%97%D7%99%D7%A8%D7%95%D7%9D-%D7%A7%D7%95%D7%A8%D7%95%D7%A0%D7%94/,MOBILE,0,4,0,43.75
https://jus-tice.co.il/nolo/,DESKTOP,0,74,0,57.027027027027025
https://jus-tice.co.il/nolo/,MOBILE,0,1,0,95
https://jus-tice.co.il/notarial-act/,DESKTOP,0,1111,0,47.39243924392439
https://jus-tice.co.il/notarial-act/,MOBILE,0,147,0,48.17687074829932
https://jus-tice.co.il/notary-public-florida/,DESKTOP,0,259,0,19.223938223938223
https://jus-tice.co.il/notary-public-florida/,MOBILE,0,3,0,35.666666666666664
https://jus-tice.co.il/notary-public-new-york/,TABLET,0,1,0,12
https://jus-tice.co.il/online-family-law-services/,DESKTOP,0,3806,0,61.556489753021545
https://jus-tice.co.il/online-family-law-services/,MOBILE,0,634,0,65.10410094637224
https://jus-tice.co.il/online-family-law-services/,TABLET,0,4,0,74.75
https://jus-tice.co.il/outline-of-tort-law/,DESKTOP,0,86,0,69.23255813953489
https://jus-tice.co.il/outline-of-tort-law/,MOBILE,0,2,0,34.5
https://jus-tice.co.il/panama-lawyers/,DESKTOP,0,488,0,17.07172131147541
https://jus-tice.co.il/panama-lawyers/,MOBILE,0,250,0,7.98
https://jus-tice.co.il/parental-alienation-damages16820-11-19/,DESKTOP,0,545,0,32.888073394495414
https://jus-tice.co.il/paternity-fraud/,DESKTOP,0,147,0,41.93877551020408
https://jus-tice.co.il/paternity-fraud/,MOBILE,0,26,0,48.23076923076923
https://jus-tice.co.il/paul-hastings/,DESKTOP,0,6,0,37.5
https://jus-tice.co.il/pension-insurance-complete-guide/,DESKTOP,0,17,0,68.29411764705883
https://jus-tice.co.il/perez-llorca/,DESKTOP,0,195,0,52.90769230769231
https://jus-tice.co.il/perez-llorca/,MOBILE,0,6,0,23.166666666666668
https://jus-tice.co.il/perinatal-asphyxia/,DESKTOP,0,6913,0,24.180095472298568
https://jus-tice.co.il/perinatal-asphyxia/,MOBILE,0,1517,0,21.056690837178643
https://jus-tice.co.il/perinatal-asphyxia/,TABLET,0,4,0,9.25
https://jus-tice.co.il/personal-injury-law/,DESKTOP,0,14549,0,60.03931541686714
https://jus-tice.co.il/personal-injury-law/,MOBILE,0,616,0,81.93831168831169
https://jus-tice.co.il/personal-injury-law/,TABLET,0,1,0,89
https://jus-tice.co.il/philosophy-of-law/,MOBILE,0,73,0,17.273972602739725
https://jus-tice.co.il/pogust-goodhead/,DESKTOP,0,74,0,46.08108108108108
https://jus-tice.co.il/poland-lawyers/,DESKTOP,0,3921,0,28.12675337923999
https://jus-tice.co.il/poland-lawyers/,MOBILE,0,48,0,34.583333333333336
https://jus-tice.co.il/police-records-data-deletion/,TABLET,0,4,0,38.25
https://jus-tice.co.il/porto-portugal-real-estate/,DESKTOP,0,10238,0,40.3188122680211
https://jus-tice.co.il/porto-portugal-real-estate/,MOBILE,0,760,0,48.72894736842105
https://jus-tice.co.il/portugal-citizenship/,DESKTOP,0,6826,0,59.66012305889247
https://jus-tice.co.il/portugal-citizenship/,MOBILE,0,1085,0,59.64147465437788
https://jus-tice.co.il/portugal-economy/,TABLET,0,1,0,31
https://jus-tice.co.il/portugal-golden-visa/,DESKTOP,0,4784,0,38.147784280936456
https://jus-tice.co.il/portugal-golden-visa/,MOBILE,0,571,0,47.86514886164623
https://jus-tice.co.il/portugal-homes/,DESKTOP,0,153,0,40.01307189542484
https://jus-tice.co.il/portugal-homes/,MOBILE,0,3,0,40.333333333333336
https://jus-tice.co.il/portugal-noatary/,MOBILE,0,15,0,13.066666666666666
https://jus-tice.co.il/portugal-overview-real-estate/,DESKTOP,0,2473,0,64.22887181560857
https://jus-tice.co.il/portugal-overview-real-estate/,MOBILE,0,301,0,66.13953488372093
https://jus-tice.co.il/portugal-real-estate/,DESKTOP,0,6067,0,63.442722927311685
https://jus-tice.co.il/portugal-real-estate/,MOBILE,0,393,0,66.77099236641222
https://jus-tice.co.il/portugal-relocation/,TABLET,0,4,0,8.75
https://jus-tice.co.il/portugal/,DESKTOP,0,957,0,44.70323928944619
https://jus-tice.co.il/portugal/,MOBILE,0,684,0,49.038011695906434
https://jus-tice.co.il/portugal/,TABLET,0,7,0,22.428571428571427
https://jus-tice.co.il/portuguese-bar-association/,DESKTOP,0,812,0,34.3115763546798
https://jus-tice.co.il/portuguese-bar-association/,MOBILE,0,5,0,19.8
https://jus-tice.co.il/portuguese-nationality-law-jewish-return/,DESKTOP,0,342,0,46.292397660818715
https://jus-tice.co.il/portuguese-nationality-law-jewish-return/,MOBILE,0,38,0,31.973684210526315
https://jus-tice.co.il/portuguese-people/,TABLET,0,19,0,9.473684210526315
https://jus-tice.co.il/powerful-seo-tools-for-your-law-firm/,DESKTOP,0,2628,0,59.68036529680365
https://jus-tice.co.il/powerful-seo-tools-for-your-law-firm/,MOBILE,0,549,0,67.93989071038251
https://jus-tice.co.il/powerful-seo-tools-for-your-law-firm/,TABLET,0,3,0,73.33333333333333
https://jus-tice.co.il/practice-areas/%D7%91%D7%99%D7%98%D7%95%D7%97/,DESKTOP,0,65,0,79.72307692307692
https://jus-tice.co.il/practice-areas/%D7%91%D7%9C%D7%95%D7%A7%D7%A6%D7%99%D7%99%D7%9F-%D7%95%D7%9E%D7%98%D7%91%D7%A2%D7%95%D7%AA-%D7%A7%D7%A8%D7%99%D7%A4%D7%98%D7%95%D7%92%D7%A8%D7%A4%D7%99%D7%9D/,DESKTOP,0,14,0,84.78571428571429
https://jus-tice.co.il/practice-areas/%D7%9C%D7%A9%D7%95%D7%9F-%D7%94%D7%A8%D7%A2/,DESKTOP,0,8,0,78.75
https://jus-tice.co.il/practice-areas/%D7%9E%D7%99%D7%A1%D7%99%D7%9D/,DESKTOP,0,10,0,77.2
https://jus-tice.co.il/practice-areas/%D7%9E%D7%A9%D7%A4%D7%98-%D7%9E%D7%A0%D7%94%D7%9C%D7%99/,DESKTOP,0,13,0,37
https://jus-tice.co.il/practice-areas/%D7%A2%D7%A0%D7%99%D7%99%D7%A0%D7%99-%D7%99%D7%A8%D7%95%D7%A9%D7%94/,DESKTOP,0,31,0,54.483870967741936
https://jus-tice.co.il/practice-areas/%D7%A7%D7%A0%D7%99%D7%99%D7%9F-%D7%A8%D7%95%D7%97%D7%A0%D7%99/,DESKTOP,0,10,0,46.8
https://jus-tice.co.il/practice-areas/%D7%AA%D7%95%D7%91%D7%A2%D7%A0%D7%95%D7%AA-%D7%99%D7%99%D7%A6%D7%95%D7%92%D7%99%D7%95%D7%AA/,DESKTOP,0,2,0,12.5
https://jus-tice.co.il/prenup-attorney/,DESKTOP,0,18205,0,56.04328481186487
https://jus-tice.co.il/prenup-attorney/,MOBILE,0,1798,0,57.739710789766406
https://jus-tice.co.il/prenup-attorney/,TABLET,0,4,0,69.25
https://jus-tice.co.il/prenup-not-valid/,DESKTOP,0,32,0,68.9375
https://jus-tice.co.il/prenup-not-valid/,MOBILE,0,3,0,78
https://jus-tice.co.il/prenuptial-agreement-for-second-marriage/,DESKTOP,0,645,0,47.950387596899226
https://jus-tice.co.il/prenuptial-agreement-for-second-marriage/,MOBILE,0,34,0,48.23529411764706
https://jus-tice.co.il/prenuptial-agreement-sample/,TABLET,0,2,0,17.5
https://jus-tice.co.il/prenuptial-agreements-overview/,DESKTOP,0,15483,0,59.98766388942711
https://jus-tice.co.il/prenuptial-agreements-overview/,MOBILE,0,3734,0,64.0811462238886
https://jus-tice.co.il/prenuptial-agreements-overview/,TABLET,0,32,0,65.96875
https://jus-tice.co.il/preparing-for-law-school/,DESKTOP,0,1062,0,52.42372881355932
https://jus-tice.co.il/preparing-for-law-school/,MOBILE,0,251,0,51.56175298804781
https://jus-tice.co.il/property-investment-calculator/,DESKTOP,0,1146,0,66.58027923211169
https://jus-tice.co.il/property-investment-calculator/,MOBILE,0,103,0,70
https://jus-tice.co.il/property-management/,DESKTOP,0,88,0,26.227272727272727
https://jus-tice.co.il/prosecutor/,DESKTOP,0,1059,0,60.31161473087819
https://jus-tice.co.il/prosecutor/,MOBILE,0,697,0,17.307030129124822
https://jus-tice.co.il/prosecutor/,TABLET,0,2,0,9
https://jus-tice.co.il/psakdin/,DESKTOP,0,175,0,59.08
https://jus-tice.co.il/psakdin/,MOBILE,0,28,0,59.75
https://jus-tice.co.il/psakdin/,TABLET,0,1,0,40
https://jus-tice.co.il/psakdin/%D7%90%D7%95%D7%9E%D7%93%D7%9F-%D7%A4%D7%99%D7%A6%D7%95%D7%99%D7%99%D7%9D-%D7%9C%D7%A0%D7%A4%D7%92%D7%A2-%D7%AA%D7%90%D7%95%D7%A0%D7%AA-%D7%93%D7%A8%D7%9B%D7%99%D7%9D-%D7%9E%D7%AA%D7%99-%D7%AA%D7%A9/,DESKTOP,0,256,0,60.95703125
https://jus-tice.co.il/psakdin/%D7%90%D7%95%D7%9E%D7%93%D7%9F-%D7%A4%D7%99%D7%A6%D7%95%D7%99%D7%99%D7%9D-%D7%9C%D7%A0%D7%A4%D7%92%D7%A2-%D7%AA%D7%90%D7%95%D7%A0%D7%AA-%D7%93%D7%A8%D7%9B%D7%99%D7%9D-%D7%9E%D7%AA%D7%99-%D7%AA%D7%A9/,MOBILE,0,73,0,74.52054794520548
https://jus-tice.co.il/psakdin/%D7%90%D7%99-%D7%94%D7%A8%D7%A9%D7%A2%D7%94-%D7%94%D7%91%D7%A8%D7%97%D7%AA-%D7%98%D7%9C%D7%A4%D7%95%D7%A0%D7%99%D7%9D-%D7%9E%D7%90%D7%99%D7%9C%D7%AA-%D7%9C%D7%9C%D7%90-%D7%9E%D7%A2%D7%9E/,DESKTOP,0,623,0,68.09791332263242
https://jus-tice.co.il/psakdin/%D7%90%D7%99-%D7%94%D7%A8%D7%A9%D7%A2%D7%94-%D7%94%D7%91%D7%A8%D7%97%D7%AA-%D7%98%D7%9C%D7%A4%D7%95%D7%A0%D7%99%D7%9D-%D7%9E%D7%90%D7%99%D7%9C%D7%AA-%D7%9C%D7%9C%D7%90-%D7%9E%D7%A2%D7%9E/,MOBILE,0,41,0,57.1219512195122
https://jus-tice.co.il/psakdin/%D7%91%D7%99%D7%98%D7%95%D7%9C-%D7%A6%D7%95%D7%95%D7%90%D7%94-%D7%9E%D7%90%D7%95%D7%97%D7%A8%D7%AA-%D7%91%D7%A9%D7%9C-%D7%94%D7%A9%D7%A4%D7%A2%D7%94-%D7%91%D7%9C%D7%AA%D7%99-%D7%94%D7%95%D7%92%D7%A0/,DESKTOP,0,839,0,59.030989272943984
https://jus-tice.co.il/psakdin/%D7%91%D7%99%D7%98%D7%95%D7%9C-%D7%A6%D7%95%D7%95%D7%90%D7%94-%D7%9E%D7%90%D7%95%D7%97%D7%A8%D7%AA-%D7%91%D7%A9%D7%9C-%D7%94%D7%A9%D7%A4%D7%A2%D7%94-%D7%91%D7%9C%D7%AA%D7%99-%D7%94%D7%95%D7%92%D7%A0/,MOBILE,0,122,0,75.10655737704919
https://jus-tice.co.il/psakdin/%D7%91%D7%99%D7%98%D7%95%D7%9C-%D7%A6%D7%95-%D7%A1%D7%92%D7%99%D7%A8%D7%94-%D7%9C%D7%A2%D7%A1%D7%A7-%D7%9C%D7%A4%D7%99-%D7%A1%D7%A2%D7%99%D7%A3-22%D7%91-%D7%9C%D7%97%D7%95%D7%A7-%D7%A8%D7%99%D7%A9/,DESKTOP,0,439,0,70.1116173120729
https://jus-tice.co.il/psakdin/%D7%91%D7%99%D7%98%D7%95%D7%9C-%D7%A6%D7%95-%D7%A1%D7%92%D7%99%D7%A8%D7%94-%D7%9C%D7%A2%D7%A1%D7%A7-%D7%9C%D7%A4%D7%99-%D7%A1%D7%A2%D7%99%D7%A3-22%D7%91-%D7%9C%D7%97%D7%95%D7%A7-%D7%A8%D7%99%D7%A9/,MOBILE,0,28,0,43.67857142857143
https://jus-tice.co.il/psakdin/%D7%91%D7%A2%D7%9D-919-15-%D7%94%D7%9C%D7%9B%D7%AA-%D7%94%D7%9E%D7%96%D7%95%D7%A0%D7%95%D7%AA-%D7%94%D7%97%D7%93%D7%A9%D7%94/,DESKTOP,0,2187,0,73.85185185185185
https://jus-tice.co.il/psakdin/%D7%91%D7%A2%D7%9D-919-15-%D7%94%D7%9C%D7%9B%D7%AA-%D7%94%D7%9E%D7%96%D7%95%D7%A0%D7%95%D7%AA-%D7%94%D7%97%D7%93%D7%A9%D7%94/,MOBILE,0,99,0,80.72727272727273
https://jus-tice.co.il/psakdin/%D7%91%D7%A7%D7%A9%D7%94-%D7%9C%D7%90%D7%99%D7%A9%D7%95%D7%A8-%D7%94%D7%A1%D7%93%D7%A8-%D7%97%D7%95%D7%91-%D7%95%D7%91%D7%A7%D7%A9%D7%95%D7%AA-%D7%9C%D7%9E%D7%AA%D7%9F-%D7%A6%D7%95-%D7%9C%D7%A4%D7%AA/,DESKTOP,0,616,0,46.58441558441559
https://jus-tice.co.il/psakdin/%D7%91%D7%A7%D7%A9%D7%94-%D7%9C%D7%90%D7%99%D7%A9%D7%95%D7%A8-%D7%94%D7%A1%D7%93%D7%A8-%D7%97%D7%95%D7%91-%D7%95%D7%91%D7%A7%D7%A9%D7%95%D7%AA-%D7%9C%D7%9E%D7%AA%D7%9F-%D7%A6%D7%95-%D7%9C%D7%A4%D7%AA/,MOBILE,0,10,0,54.4
https://jus-tice.co.il/psakdin/%D7%91%D7%AA%D7%99-%D7%9E%D7%A9%D7%A4%D7%98-%D7%A0%D7%95%D7%94%D7%9C-%D7%97%D7%99%D7%A1%D7%99%D7%95%D7%9F-%D7%AA%D7%99%D7%A7%D7%99%D7%9D/,DESKTOP,0,614,0,56.52117263843648
https://jus-tice.co.il/psakdin/%D7%91%D7%AA%D7%99-%D7%9E%D7%A9%D7%A4%D7%98-%D7%A0%D7%95%D7%94%D7%9C-%D7%97%D7%99%D7%A1%D7%99%D7%95%D7%9F-%D7%AA%D7%99%D7%A7%D7%99%D7%9D/,MOBILE,0,231,0,49.303030303030305
https://jus-tice.co.il/psakdin/%D7%92%D7%99%D7%93%D7%95%D7%9C-%D7%94%D7%95%D7%9F-%D7%91%D7%9C%D7%AA%D7%99-%D7%9E%D7%95%D7%A1%D7%91%D7%A8-%D7%9E%D7%A1-%D7%94%D7%9B%D7%A0%D7%A1%D7%94/,DESKTOP,0,37,0,66.89189189189189
https://jus-tice.co.il/psakdin/%D7%92%D7%99%D7%93%D7%95%D7%9C-%D7%94%D7%95%D7%9F-%D7%91%D7%9C%D7%AA%D7%99-%D7%9E%D7%95%D7%A1%D7%91%D7%A8-%D7%9E%D7%A1-%D7%94%D7%9B%D7%A0%D7%A1%D7%94/,MOBILE,0,2,0,43
https://jus-tice.co.il/psakdin/%D7%93%D7%99%D7%95%D7%9F-%D7%A0%D7%95%D7%A1%D7%A3-%D7%A4%D7%A1%D7%93-%D7%94%D7%91%D7%95%D7%92%D7%93%D7%AA-%D7%93%D7%A0%D7%92%D7%A5-8537-18-%D7%A4%D7%9C%D7%95%D7%A0%D7%99-%D7%A0-%D7%91%D7%99/,DESKTOP,0,213,0,63.89671361502347
https://jus-tice.co.il/psakdin/%D7%93%D7%99%D7%95%D7%9F-%D7%A0%D7%95%D7%A1%D7%A3-%D7%A4%D7%A1%D7%93-%D7%94%D7%91%D7%95%D7%92%D7%93%D7%AA-%D7%93%D7%A0%D7%92%D7%A5-8537-18-%D7%A4%D7%9C%D7%95%D7%A0%D7%99-%D7%A0-%D7%91%D7%99/,MOBILE,0,46,0,70.15217391304348
https://jus-tice.co.il/psakdin/%D7%94%D7%92%D7%91%D7%9C%D7%94-%D7%A2%D7%9C-%D7%9E%D7%A1%D7%99%D7%A8%D7%AA-%D7%9E%D7%99%D7%93%D7%A2-%D7%9E%D7%94%D7%9E%D7%A8%D7%A9%D7%9D-%D7%94%D7%A4%D7%9C%D7%99%D7%9C%D7%99-%D7%95%D7%A7%D7%99%D7%A6%D7%95%D7%A8-%D7%AA%D7%A7%D7%95%D7%A4%D7%AA-%D7%94%D7%A8%D7%99%D7%A9%D7%95%D7%9D/,DESKTOP,0,628,0,42.13057324840764
https://jus-tice.co.il/psakdin/%D7%94%D7%92%D7%91%D7%9C%D7%94-%D7%A2%D7%9C-%D7%9E%D7%A1%D7%99%D7%A8%D7%AA-%D7%9E%D7%99%D7%93%D7%A2-%D7%9E%D7%94%D7%9E%D7%A8%D7%A9%D7%9D-%D7%94%D7%A4%D7%9C%D7%99%D7%9C%D7%99-%D7%95%D7%A7%D7%99%D7%A6%D7%95%D7%A8-%D7%AA%D7%A7%D7%95%D7%A4%D7%AA-%D7%94%D7%A8%D7%99%D7%A9%D7%95%D7%9D/,MOBILE,0,25,0,54.2
https://jus-tice.co.il/psakdin/%D7%94%D7%95%D7%A8%D7%90%D7%95%D7%AA-%D7%97%D7%99%D7%A8%D7%95%D7%9D-%D7%A0%D7%92%D7%99%D7%A3-%D7%94%D7%A7%D7%95%D7%A8%D7%95%D7%A0%D7%94-%D7%9E%D7%A0%D7%99%D7%A2%D7%AA-%D7%9B%D7%A0%D7%99%D7%A1%D7%AA/,DESKTOP,0,7,0,68.71428571428571
https://jus-tice.co.il/psakdin/%D7%94%D7%95%D7%A8%D7%90%D7%95%D7%AA-%D7%97%D7%99%D7%A8%D7%95%D7%9D-%D7%A0%D7%92%D7%99%D7%A3-%D7%94%D7%A7%D7%95%D7%A8%D7%95%D7%A0%D7%94-%D7%9E%D7%A0%D7%99%D7%A2%D7%AA-%D7%9B%D7%A0%D7%99%D7%A1%D7%AA/,MOBILE,0,6,0,75.66666666666667
https://jus-tice.co.il/psakdin/%D7%94%D7%97%D7%9C%D7%98%D7%94-%D7%91%D7%91%D7%A7%D7%A9%D7%AA-%D7%94%D7%A1%D7%92%D7%A8%D7%94-%D7%91%D7%92%D7%99%D7%9F-%D7%A2%D7%91%D7%99%D7%A8%D7%95%D7%AA-%D7%A9%D7%9C-%D7%A7%D7%91%D7%9C%D7%AA-%D7%93/,DESKTOP,0,2451,0,58.53080375356997
https://jus-tice.co.il/psakdin/%D7%94%D7%97%D7%9C%D7%98%D7%94-%D7%91%D7%91%D7%A7%D7%A9%D7%AA-%D7%94%D7%A1%D7%92%D7%A8%D7%94-%D7%91%D7%92%D7%99%D7%9F-%D7%A2%D7%91%D7%99%D7%A8%D7%95%D7%AA-%D7%A9%D7%9C-%D7%A7%D7%91%D7%9C%D7%AA-%D7%93/,MOBILE,0,199,0,49.80402010050251
https://jus-tice.co.il/psakdin/%D7%94%D7%97%D7%9C%D7%AA-%D7%A4%D7%A8%D7%A7-%D7%93-%D7%9C%D7%97%D7%95%D7%A7-%D7%A9%D7%99%D7%A8%D7%95%D7%AA-%D7%A2%D7%91%D7%95%D7%93%D7%94-%D7%91%D7%A9%D7%A2%D7%AA-%D7%97%D7%99%D7%A8%D7%95%D7%9D/,DESKTOP,0,221,0,69.09502262443439
https://jus-tice.co.il/psakdin/%D7%94%D7%97%D7%9C%D7%AA-%D7%A4%D7%A8%D7%A7-%D7%93-%D7%9C%D7%97%D7%95%D7%A7-%D7%A9%D7%99%D7%A8%D7%95%D7%AA-%D7%A2%D7%91%D7%95%D7%93%D7%94-%D7%91%D7%A9%D7%A2%D7%AA-%D7%97%D7%99%D7%A8%D7%95%D7%9D/,MOBILE,0,44,0,62.79545454545455
https://jus-tice.co.il/psakdin/%D7%94%D7%98%D7%99%D7%A4%D7%95%D7%9C-%D7%91%D7%A0%D7%A4%D7%92%D7%A2%D7%99-%D7%A2%D7%91%D7%99%D7%A8%D7%95%D7%AA-%D7%9E%D7%99%D7%9F-%D7%91%D7%94%D7%9C%D7%99%D7%9A-%D7%94%D7%A4%D7%9C%D7%99%D7%9C%D7%99/,DESKTOP,0,2088,0,69.04597701149426
https://jus-tice.co.il/psakdin/%D7%94%D7%98%D7%99%D7%A4%D7%95%D7%9C-%D7%91%D7%A0%D7%A4%D7%92%D7%A2%D7%99-%D7%A2%D7%91%D7%99%D7%A8%D7%95%D7%AA-%D7%9E%D7%99%D7%9F-%D7%91%D7%94%D7%9C%D7%99%D7%9A-%D7%94%D7%A4%D7%9C%D7%99%D7%9C%D7%99/,MOBILE,0,123,0,63.47154471544715
https://jus-tice.co.il/psakdin/%D7%94%D7%99%D7%95%D7%A2%D7%9E%D7%A9-%D7%90%D7%99%D7%A9%D7%A8-%D7%AA%D7%97%D7%9C%D7%99%D7%A3-%D7%92%D7%A0%D7%A8%D7%99-%D7%9C%D7%A7%D7%9C%D7%98%D7%A8%D7%94-%D7%AA%D7%A8%D7%95%D7%A4%D7%94-%D7%90%D7%A0/,DESKTOP,0,200,0,36.46
https://jus-tice.co.il/psakdin/%D7%94%D7%99%D7%95%D7%A2%D7%9E%D7%A9-%D7%90%D7%99%D7%A9%D7%A8-%D7%AA%D7%97%D7%9C%D7%99%D7%A3-%D7%92%D7%A0%D7%A8%D7%99-%D7%9C%D7%A7%D7%9C%D7%98%D7%A8%D7%94-%D7%AA%D7%A8%D7%95%D7%A4%D7%94-%D7%90%D7%A0/,MOBILE,0,23,0,41.391304347826086
https://jus-tice.co.il/psakdin/%D7%94%D7%9C%D7%99%D7%9B%D7%99-%D7%92%D7%99%D7%A8%D7%95%D7%A9%D7%99%D7%9F-%D7%9E%D7%91%D7%97%D7%9F-%D7%94%D7%96%D7%99%D7%A7%D7%95%D7%AA-%D7%98%D7%A2%D7%A0%D7%94-%D7%9B%D7%99-%D7%91%D7%99%D7%9E/,DESKTOP,0,410,0,59.982926829268294
https://jus-tice.co.il/psakdin/%D7%94%D7%9C%D7%99%D7%9B%D7%99-%D7%92%D7%99%D7%A8%D7%95%D7%A9%D7%99%D7%9F-%D7%9E%D7%91%D7%97%D7%9F-%D7%94%D7%96%D7%99%D7%A7%D7%95%D7%AA-%D7%98%D7%A2%D7%A0%D7%94-%D7%9B%D7%99-%D7%91%D7%99%D7%9E/,MOBILE,0,50,0,57.96
https://jus-tice.co.il/psakdin/%D7%94%D7%A0%D7%93%D7%95%D7%9F-%D7%94%D7%9E%D7%9C%D7%A6%D7%94-%D7%9C%D7%92%D7%99%D7%A8%D7%95%D7%A9%D7%99%D7%9F/,DESKTOP,0,415,0,67.26024096385542
https://jus-tice.co.il/psakdin/%D7%94%D7%A0%D7%93%D7%95%D7%9F-%D7%94%D7%9E%D7%9C%D7%A6%D7%94-%D7%9C%D7%92%D7%99%D7%A8%D7%95%D7%A9%D7%99%D7%9F/,MOBILE,0,115,0,63.93043478260869
https://jus-tice.co.il/psakdin/%D7%94%D7%A0%D7%93%D7%95%D7%9F-%D7%94%D7%9E%D7%9C%D7%A6%D7%94-%D7%9C%D7%92%D7%99%D7%A8%D7%95%D7%A9%D7%99%D7%9F/,TABLET,0,1,0,54
https://jus-tice.co.il/psakdin/%D7%94%D7%A1%D7%9B%D7%9D-%D7%9C%D7%AA%D7%A4%D7%99%D7%A1%D7%AA-%D7%A8%D7%9B%D7%95%D7%A9-%D7%91%D7%A6%D7%95-%D7%96%D7%9E%D7%A0%D7%99-%D7%94%D7%A0%D7%9B%D7%A8%D7%AA-%D7%91%D7%A9%D7%9C%D7%91-%D7%94%D7%97/,DESKTOP,0,82,0,86.42682926829268
https://jus-tice.co.il/psakdin/%D7%94%D7%A1%D7%9B%D7%9D-%D7%9C%D7%AA%D7%A4%D7%99%D7%A1%D7%AA-%D7%A8%D7%9B%D7%95%D7%A9-%D7%91%D7%A6%D7%95-%D7%96%D7%9E%D7%A0%D7%99-%D7%94%D7%A0%D7%9B%D7%A8%D7%AA-%D7%91%D7%A9%D7%9C%D7%91-%D7%94%D7%97/,MOBILE,0,2,0,100
https://jus-tice.co.il/psakdin/%D7%94%D7%A4%D7%A8%D7%AA-%D7%97%D7%95%D7%A7-%D7%94%D7%9B%D7%A0%D7%99%D7%A1%D7%94-%D7%9C%D7%99%D7%A9%D7%A8%D7%90%D7%9C-%D7%93%D7%A8%D7%9A-%D7%A0%D7%AA%D7%91%D7%92/,DESKTOP,0,110,0,83.55454545454545
https://jus-tice.co.il/psakdin/%D7%94%D7%A4%D7%A8%D7%AA-%D7%97%D7%95%D7%A7-%D7%94%D7%9B%D7%A0%D7%99%D7%A1%D7%94-%D7%9C%D7%99%D7%A9%D7%A8%D7%90%D7%9C-%D7%93%D7%A8%D7%9A-%D7%A0%D7%AA%D7%91%D7%92/,MOBILE,0,28,0,91.46428571428571
https://jus-tice.co.il/psakdin/%D7%94%D7%A7%D7%9C%D7%95%D7%AA-%D7%9E%D7%A1-%D7%95%D7%99%D7%A8%D7%95%D7%A1-%D7%A7%D7%95%D7%A8%D7%95%D7%A0%D7%94-%D7%94%D7%90%D7%A8%D7%9B%D7%AA-%D7%AA%D7%95%D7%A7%D7%A3-%D7%90%D7%99%D7%A9%D7%95/,DESKTOP,0,19,0,63.68421052631579
https://jus-tice.co.il/psakdin/%D7%94%D7%A7%D7%9C%D7%95%D7%AA-%D7%9E%D7%A1-%D7%95%D7%99%D7%A8%D7%95%D7%A1-%D7%A7%D7%95%D7%A8%D7%95%D7%A0%D7%94-%D7%94%D7%90%D7%A8%D7%9B%D7%AA-%D7%AA%D7%95%D7%A7%D7%A3-%D7%90%D7%99%D7%A9%D7%95/,MOBILE,0,1,0,81
https://jus-tice.co.il/psakdin/%D7%94%D7%AA%D7%A0%D7%92%D7%93%D7%95%D7%AA-%D7%9C%D7%A6%D7%95%D7%95%D7%90%D7%94-%D7%91%D7%A9%D7%9C-%D7%94%D7%A9%D7%A4%D7%A2%D7%94-%D7%91%D7%9C%D7%AA%D7%99-%D7%94%D7%95%D7%92%D7%A0%D7%AA/,DESKTOP,0,3539,0,69.21644532353773
https://jus-tice.co.il/psakdin/%D7%94%D7%AA%D7%A0%D7%92%D7%93%D7%95%D7%AA-%D7%9C%D7%A6%D7%95%D7%95%D7%90%D7%94-%D7%91%D7%A9%D7%9C-%D7%94%D7%A9%D7%A4%D7%A2%D7%94-%D7%91%D7%9C%D7%AA%D7%99-%D7%94%D7%95%D7%92%D7%A0%D7%AA/,MOBILE,0,443,0,56.918735891647856
https://jus-tice.co.il/psakdin/%D7%97%D7%95%D7%A7-%D7%94%D7%9B%D7%A9%D7%A8%D7%95%D7%AA-%D7%94%D7%9E%D7%A9%D7%A4%D7%98%D7%99%D7%AA-%D7%95%D7%94%D7%90%D7%A4%D7%95%D7%98%D7%A8%D7%95%D7%A4%D7%A1%D7%95%D7%AA-%D7%AA%D7%A9%D7%9B%D7%91-1962/,DESKTOP,0,332,0,70.17168674698796
https://jus-tice.co.il/psakdin/%D7%97%D7%95%D7%A7-%D7%94%D7%9B%D7%A9%D7%A8%D7%95%D7%AA-%D7%94%D7%9E%D7%A9%D7%A4%D7%98%D7%99%D7%AA-%D7%95%D7%94%D7%90%D7%A4%D7%95%D7%98%D7%A8%D7%95%D7%A4%D7%A1%D7%95%D7%AA-%D7%AA%D7%A9%D7%9B%D7%91-1962/,MOBILE,0,15,0,61.46666666666667
https://jus-tice.co.il/psakdin/%D7%97%D7%95%D7%A7-%D7%94%D7%9B%D7%A9%D7%A8%D7%95%D7%AA-%D7%94%D7%9E%D7%A9%D7%A4%D7%98%D7%99%D7%AA-%D7%95%D7%94%D7%90%D7%A4%D7%95%D7%98%D7%A8%D7%95%D7%A4%D7%A1%D7%95%D7%AA-%D7%AA%D7%A9%D7%9B%D7%91-1962/feed/,DESKTOP,0,84,0,59.80952380952381
https://jus-tice.co.il/psakdin/%D7%97%D7%95%D7%A7-%D7%94%D7%9B%D7%A9%D7%A8%D7%95%D7%AA-%D7%94%D7%9E%D7%A9%D7%A4%D7%98%D7%99%D7%AA-%D7%95%D7%94%D7%90%D7%A4%D7%95%D7%98%D7%A8%D7%95%D7%A4%D7%A1%D7%95%D7%AA-%D7%AA%D7%A9%D7%9B%D7%91-1962/feed/,MOBILE,0,14,0,40.5
https://jus-tice.co.il/psakdin/%D7%97%D7%95%D7%A7-%D7%96%D7%9B%D7%95%D7%AA-%D7%99%D7%95%D7%A6%D7%A8%D7%99%D7%9D-%D7%94%D7%AA%D7%A9%D7%A1%D7%97-2007/,MOBILE,0,190,0,37.86842105263158
https://jus-tice.co.il/psakdin/%D7%97%D7%95%D7%A7-%D7%96%D7%9B%D7%95%D7%AA-%D7%99%D7%95%D7%A6%D7%A8%D7%99%D7%9D-%D7%94%D7%AA%D7%A9%D7%A1%D7%97-2007/,TABLET,0,2,0,2.5
https://jus-tice.co.il/psakdin/%D7%97%D7%95%D7%A7-%D7%A9%D7%99%D7%A8%D7%95%D7%AA-%D7%94%D7%91%D7%99%D7%98%D7%97%D7%95%D7%9F-%D7%94%D7%9B%D7%9C%D7%9C%D7%99-%D7%94%D7%AA%D7%A9%D7%A1%D7%B4%D7%91-2002/,DESKTOP,0,325,0,58.77230769230769
https://jus-tice.co.il/psakdin/%D7%97%D7%95%D7%A7-%D7%A9%D7%99%D7%A8%D7%95%D7%AA-%D7%94%D7%91%D7%99%D7%98%D7%97%D7%95%D7%9F-%D7%94%D7%9B%D7%9C%D7%9C%D7%99-%D7%94%D7%AA%D7%A9%D7%A1%D7%B4%D7%91-2002/,MOBILE,0,8,0,26.5
https://jus-tice.co.il/psakdin/%D7%97%D7%99%D7%95%D7%91-%D7%90%D7%9D-%D7%91%D7%9E%D7%96%D7%95%D7%A0%D7%95%D7%AA-%D7%AA%D7%91%D7%99%D7%A2%D7%94-%D7%9C%D7%9E%D7%96%D7%95%D7%A0%D7%95%D7%AA-%D7%95%D7%94%D7%97%D7%96%D7%A8-%D7%9B%D7%A1/,DESKTOP,0,3513,0,58.18844292627384
https://jus-tice.co.il/psakdin/%D7%97%D7%99%D7%95%D7%91-%D7%90%D7%9D-%D7%91%D7%9E%D7%96%D7%95%D7%A0%D7%95%D7%AA-%D7%AA%D7%91%D7%99%D7%A2%D7%94-%D7%9C%D7%9E%D7%96%D7%95%D7%A0%D7%95%D7%AA-%D7%95%D7%94%D7%97%D7%96%D7%A8-%D7%9B%D7%A1/,MOBILE,0,952,0,51.779411764705884
https://jus-tice.co.il/psakdin/%D7%97%D7%99%D7%95%D7%91-%D7%90%D7%9D-%D7%91%D7%9E%D7%96%D7%95%D7%A0%D7%95%D7%AA-%D7%AA%D7%91%D7%99%D7%A2%D7%94-%D7%9C%D7%9E%D7%96%D7%95%D7%A0%D7%95%D7%AA-%D7%95%D7%94%D7%97%D7%96%D7%A8-%D7%9B%D7%A1/,TABLET,0,9,0,63.888888888888886
https://jus-tice.co.il/psakdin/%D7%97%D7%99%D7%95%D7%91-%D7%A2%D7%95%D7%A8%D7%9B%D7%AA-%D7%93%D7%99%D7%9F-%D7%91%D7%A4%D7%99%D7%A6%D7%95%D7%99-%D7%9C%D7%A7%D7%95%D7%97%D7%95%D7%AA-%D7%91%D7%92%D7%99%D7%9F-%D7%90%D7%99-%D7%99%D7%99/,DESKTOP,0,573,0,66.01919720767889
https://jus-tice.co.il/psakdin/%D7%97%D7%99%D7%95%D7%91-%D7%A2%D7%95%D7%A8%D7%9B%D7%AA-%D7%93%D7%99%D7%9F-%D7%91%D7%A4%D7%99%D7%A6%D7%95%D7%99-%D7%9C%D7%A7%D7%95%D7%97%D7%95%D7%AA-%D7%91%D7%92%D7%99%D7%9F-%D7%90%D7%99-%D7%99%D7%99/,MOBILE,0,13,0,77.3076923076923
https://jus-tice.co.il/psakdin/%D7%97%D7%99%D7%9C%D7%95%D7%98-%D7%A8%D7%9B%D7%91-%D7%9E%D7%96%D7%A8%D7%90%D7%98%D7%99-%D7%A2%D7%91%D7%99%D7%A8%D7%94-%D7%A9%D7%9C-%D7%A0%D7%94%D7%99%D7%92%D7%94-%D7%91%D7%96%D7%9E%D7%9F-%D7%A4/,DESKTOP,0,621,0,67.53945249597423
https://jus-tice.co.il/psakdin/%D7%97%D7%99%D7%9C%D7%95%D7%98-%D7%A8%D7%9B%D7%91-%D7%9E%D7%96%D7%A8%D7%90%D7%98%D7%99-%D7%A2%D7%91%D7%99%D7%A8%D7%94-%D7%A9%D7%9C-%D7%A0%D7%94%D7%99%D7%92%D7%94-%D7%91%D7%96%D7%9E%D7%9F-%D7%A4/,MOBILE,0,219,0,61.47488584474886
https://jus-tice.co.il/psakdin/%D7%97%D7%99%D7%A0%D7%95%D7%9A-%D7%94%D7%99%D7%9C%D7%93%D7%99%D7%9D-%D7%91%D7%9E%D7%95%D7%A1%D7%93-%D7%A9%D7%9C-%D7%90%D7%99%D7%96%D7%94-%D7%96%D7%A8%D7%9D-%D7%93%D7%AA%D7%99-%D7%99%D7%AA%D7%97%D7%A0/,DESKTOP,0,153,0,66.98692810457516
https://jus-tice.co.il/psakdin/%D7%97%D7%99%D7%A0%D7%95%D7%9A-%D7%94%D7%99%D7%9C%D7%93%D7%99%D7%9D-%D7%91%D7%9E%D7%95%D7%A1%D7%93-%D7%A9%D7%9C-%D7%90%D7%99%D7%96%D7%94-%D7%96%D7%A8%D7%9D-%D7%93%D7%AA%D7%99-%D7%99%D7%AA%D7%97%D7%A0/,MOBILE,0,3,0,34
https://jus-tice.co.il/psakdin/%D7%97%D7%9C%D7%95%D7%A7%D7%AA-%D7%93%D7%99%D7%A8%D7%94-%D7%9C%D7%A4%D7%99-%D7%A8%D7%99%D7%A9%D7%95%D7%9D-%D7%9C%D7%90-%D7%A9%D7%95%D7%95%D7%99%D7%95%D7%A0%D7%99-%D7%A2%D7%9C-%D7%A4%D7%99-%D7%94%D7%A1/,DESKTOP,0,120,0,78.20833333333333
https://jus-tice.co.il/psakdin/%D7%97%D7%9C%D7%95%D7%A7%D7%AA-%D7%93%D7%99%D7%A8%D7%94-%D7%9C%D7%A4%D7%99-%D7%A8%D7%99%D7%A9%D7%95%D7%9D-%D7%9C%D7%90-%D7%A9%D7%95%D7%95%D7%99%D7%95%D7%A0%D7%99-%D7%A2%D7%9C-%D7%A4%D7%99-%D7%94%D7%A1/,MOBILE,0,24,0,79.70833333333333
https://jus-tice.co.il/psakdin/%D7%9E%D7%90%D7%92%D7%A8-%D7%9E%D7%99%D7%93%D7%A2-%D7%A8%D7%A9%D7%9C%D7%A0%D7%95%D7%AA-%D7%A8%D7%A4%D7%95%D7%90%D7%99%D7%AA/,DESKTOP,0,28,0,66.17857142857143
https://jus-tice.co.il/psakdin/%D7%9E%D7%90%D7%92%D7%A8-%D7%9E%D7%99%D7%93%D7%A2-%D7%A8%D7%A9%D7%9C%D7%A0%D7%95%D7%AA-%D7%A8%D7%A4%D7%95%D7%90%D7%99%D7%AA/,MOBILE,0,17,0,72
https://jus-tice.co.il/psakdin/%D7%9E%D7%94-%D7%A2%D7%95%D7%A9%D7%99%D7%9D-%D7%A2%D7%95%D7%A8%D7%9B%D7%99-%D7%93%D7%99%D7%9F-%D7%91%D7%91%D7%99%D7%AA-%D7%94%D7%9E%D7%A9%D7%A4%D7%98-%D7%95%D7%9E%D7%94%D7%9D-%D7%AA%D7%97%D7%95%D7%9E/,DESKTOP,0,1671,0,44.20107719928187
https://jus-tice.co.il/psakdin/%D7%9E%D7%94-%D7%A2%D7%95%D7%A9%D7%99%D7%9D-%D7%A2%D7%95%D7%A8%D7%9B%D7%99-%D7%93%D7%99%D7%9F-%D7%91%D7%91%D7%99%D7%AA-%D7%94%D7%9E%D7%A9%D7%A4%D7%98-%D7%95%D7%9E%D7%94%D7%9D-%D7%AA%D7%97%D7%95%D7%9E/,MOBILE,0,141,0,40.9645390070922
https://jus-tice.co.il/psakdin/%D7%9E%D7%A9%D7%9E%D7%95%D7%A8%D7%AA-%D7%9E%D7%96%D7%95%D7%A0%D7%95%D7%AA-%D7%94%D7%94%D7%9C%D7%9B%D7%94-%D7%94%D7%97%D7%93%D7%A9%D7%94-%D7%91%D7%9E%D7%96%D7%95%D7%A0%D7%95%D7%AA-919-15/,DESKTOP,0,757,0,63.540290620871865
https://jus-tice.co.il/psakdin/%D7%9E%D7%A9%D7%9E%D7%95%D7%A8%D7%AA-%D7%9E%D7%96%D7%95%D7%A0%D7%95%D7%AA-%D7%94%D7%94%D7%9C%D7%9B%D7%94-%D7%94%D7%97%D7%93%D7%A9%D7%94-%D7%91%D7%9E%D7%96%D7%95%D7%A0%D7%95%D7%AA-919-15/,MOBILE,0,2,0,76.5
https://jus-tice.co.il/psakdin/%D7%A0%D7%92%D7%99%D7%A3-%D7%94%D7%A7%D7%95%D7%A8%D7%95%D7%A0%D7%94-%D7%91%D7%92%D7%A6-%D7%A7%D7%95%D7%91%D7%A2-%D7%A6%D7%95-%D7%91%D7%99%D7%A0%D7%99%D7%99%D7%9D-%D7%9B%D7%A0%D7%92%D7%93-%D7%AA/,DESKTOP,0,354,0,59.782485875706215
https://jus-tice.co.il/psakdin/%D7%A0%D7%92%D7%99%D7%A3-%D7%94%D7%A7%D7%95%D7%A8%D7%95%D7%A0%D7%94-%D7%91%D7%92%D7%A6-%D7%A7%D7%95%D7%91%D7%A2-%D7%A6%D7%95-%D7%91%D7%99%D7%A0%D7%99%D7%99%D7%9D-%D7%9B%D7%A0%D7%92%D7%93-%D7%AA/,MOBILE,0,21,0,83.47619047619048
https://jus-tice.co.il/psakdin/%D7%A0%D7%92%D7%99%D7%A3-%D7%94%D7%A7%D7%95%D7%A8%D7%95%D7%A0%D7%94-%D7%94%D7%A2%D7%A1%D7%A7%D7%AA-%D7%A2%D7%95%D7%91%D7%93%D7%99%D7%9D-%D7%91%D7%A9%D7%A2%D7%95%D7%AA-%D7%A0%D7%95%D7%A1%D7%A4%D7%95/,DESKTOP,0,35,0,68.65714285714286
https://jus-tice.co.il/psakdin/%D7%A0%D7%92%D7%99%D7%A3-%D7%94%D7%A7%D7%95%D7%A8%D7%95%D7%A0%D7%94-%D7%94%D7%A2%D7%A1%D7%A7%D7%AA-%D7%A2%D7%95%D7%91%D7%93%D7%99%D7%9D-%D7%91%D7%A9%D7%A2%D7%95%D7%AA-%D7%A0%D7%95%D7%A1%D7%A4%D7%95/,MOBILE,0,3,0,62
https://jus-tice.co.il/psakdin/%D7%A0%D7%99%D7%A8-%D7%97%D7%A4%D7%A5-%D7%A0%D7%92%D7%93-%D7%90%D7%9E%D7%99%D7%A8-%D7%90%D7%95%D7%97%D7%A0%D7%94-%D7%AA%D7%91%D7%99%D7%A2%D7%AA-%D7%9C%D7%A9%D7%95%D7%9F-%D7%94%D7%A8%D7%A2-%D7%94%D7%92%D7%A0%D7%AA-%D7%A4%D7%A8%D7%98%D7%99%D7%95%D7%AA-%D7%94%D7%A1%D7%A8%D7%AA-%D7%97%D7%A1%D7%99%D7%A0%D7%95%D7%AA/,DESKTOP,0,133,0,61.045112781954884
https://jus-tice.co.il/psakdin/%D7%A0%D7%99%D7%A8-%D7%97%D7%A4%D7%A5-%D7%A0%D7%92%D7%93-%D7%90%D7%9E%D7%99%D7%A8-%D7%90%D7%95%D7%97%D7%A0%D7%94-%D7%AA%D7%91%D7%99%D7%A2%D7%AA-%D7%9C%D7%A9%D7%95%D7%9F-%D7%94%D7%A8%D7%A2-%D7%94%D7%92%D7%A0%D7%AA-%D7%A4%D7%A8%D7%98%D7%99%D7%95%D7%AA-%D7%94%D7%A1%D7%A8%D7%AA-%D7%97%D7%A1%D7%99%D7%A0%D7%95%D7%AA/,MOBILE,0,6,0,67.83333333333333
https://jus-tice.co.il/psakdin/%D7%A0%D7%AA%D7%A0%D7%99%D7%94%D7%95-%D7%9E%D7%9C%D7%99%D7%A7%D7%95%D7%91%D7%A1%D7%A7%D7%99-%D7%A2%D7%99%D7%A7%D7%A8%D7%99-%D7%A0%D7%99%D7%9E%D7%95%D7%A7%D7%99-%D7%94%D7%99%D7%95%D7%A2%D7%9E%D7%A9/,TABLET,0,1,0,6
https://jus-tice.co.il/psakdin/%D7%A2%D7%95%D7%A0%D7%A9-%D7%94%D7%97%D7%96%D7%A7%D7%AA-%D7%A7%D7%A0%D7%90%D7%91%D7%99%D7%A1-%D7%99%D7%99%D7%A6%D7%95%D7%A8-%D7%94%D7%9B%D7%A0%D7%94-%D7%95%D7%94%D7%A4%D7%A7%D7%94-%D7%A9%D7%9C-%D7%A1%D7%9D-%D7%95%D7%A2%D7%95%D7%93/,DESKTOP,0,2094,0,62.22349570200573
https://jus-tice.co.il/psakdin/%D7%A2%D7%95%D7%A0%D7%A9-%D7%94%D7%97%D7%96%D7%A7%D7%AA-%D7%A7%D7%A0%D7%90%D7%91%D7%99%D7%A1-%D7%99%D7%99%D7%A6%D7%95%D7%A8-%D7%94%D7%9B%D7%A0%D7%94-%D7%95%D7%94%D7%A4%D7%A7%D7%94-%D7%A9%D7%9C-%D7%A1%D7%9D-%D7%95%D7%A2%D7%95%D7%93/,MOBILE,0,99,0,77.32323232323232
https://jus-tice.co.il/psakdin/%D7%A2%D7%95%D7%A0%D7%A9-%D7%9E%D7%90%D7%A1%D7%A8-%D7%A4%D7%92%D7%A2-%D7%95%D7%91%D7%A8%D7%97-%D7%92%D7%A8%D7%99%D7%9E%D7%AA-%D7%9E%D7%95%D7%95%D7%AA-%D7%91%D7%A8%D7%A9%D7%9C%D7%A0%D7%95%D7%AA/,DESKTOP,0,3544,0,59.92889390519187
https://jus-tice.co.il/psakdin/%D7%A2%D7%95%D7%A0%D7%A9-%D7%9E%D7%90%D7%A1%D7%A8-%D7%A4%D7%92%D7%A2-%D7%95%D7%91%D7%A8%D7%97-%D7%92%D7%A8%D7%99%D7%9E%D7%AA-%D7%9E%D7%95%D7%95%D7%AA-%D7%91%D7%A8%D7%A9%D7%9C%D7%A0%D7%95%D7%AA/,MOBILE,0,1029,0,58.33819241982507
https://jus-tice.co.il/psakdin/%D7%A2%D7%95%D7%A0%D7%A9-%D7%9E%D7%95%D7%A8%D7%A9%D7%A2-%D7%91%D7%A2%D7%91%D7%99%D7%A8%D7%95%D7%AA-%D7%A9%D7%9C-%D7%92%D7%A8%D7%9D-%D7%9E%D7%95%D7%95%D7%AA-%D7%91%D7%A8%D7%A9%D7%9C%D7%A0%D7%95%D7%AA/,DESKTOP,0,2650,0,66.58
https://jus-tice.co.il/psakdin/%D7%A2%D7%95%D7%A0%D7%A9-%D7%9E%D7%95%D7%A8%D7%A9%D7%A2-%D7%91%D7%A2%D7%91%D7%99%D7%A8%D7%95%D7%AA-%D7%A9%D7%9C-%D7%92%D7%A8%D7%9D-%D7%9E%D7%95%D7%95%D7%AA-%D7%91%D7%A8%D7%A9%D7%9C%D7%A0%D7%95%D7%AA/,MOBILE,0,654,0,69.81804281345566
https://jus-tice.co.il/psakdin/%D7%A2%D7%A4-8360-19-%D7%93%D7%A0%D7%99%D7%90%D7%9C-%D7%96%D7%99%D7%A1%D7%9E%D7%9F-%D7%A0%D7%92%D7%93-%D7%9E%D7%93%D7%99%D7%A0%D7%AA-%D7%99%D7%A9%D7%A8%D7%90%D7%9C-%D7%92%D7%99/,DESKTOP,0,355,0,53.36056338028169
https://jus-tice.co.il/psakdin/%D7%A2%D7%A4-8360-19-%D7%93%D7%A0%D7%99%D7%90%D7%9C-%D7%96%D7%99%D7%A1%D7%9E%D7%9F-%D7%A0%D7%92%D7%93-%D7%9E%D7%93%D7%99%D7%A0%D7%AA-%D7%99%D7%A9%D7%A8%D7%90%D7%9C-%D7%92%D7%99/,MOBILE,0,31,0,41.96774193548387
https://jus-tice.co.il/psakdin/%D7%A2%D7%A8%D7%9B%D7%95-%D7%A9%D7%9C-%D7%A6%D7%A7-%D7%9E%D7%96%D7%95%D7%99%D7%99%D7%A3-%D7%A9%D7%99%D7%A7-%D7%90%D7%A9%D7%A8-%D7%97%D7%AA%D7%99%D7%9E%D7%AA-%D7%A2%D7%95%D7%A9%D7%94%D7%95-%D7%96/,DESKTOP,0,1363,0,53.84225972120323
https://jus-tice.co.il/psakdin/%D7%A2%D7%A8%D7%9B%D7%95-%D7%A9%D7%9C-%D7%A6%D7%A7-%D7%9E%D7%96%D7%95%D7%99%D7%99%D7%A3-%D7%A9%D7%99%D7%A7-%D7%90%D7%A9%D7%A8-%D7%97%D7%AA%D7%99%D7%9E%D7%AA-%D7%A2%D7%95%D7%A9%D7%94%D7%95-%D7%96/,MOBILE,0,146,0,70.67123287671232
https://jus-tice.co.il/psakdin/%D7%A2%D7%A8%D7%A2%D7%95%D7%A8-%D7%A2%D7%9C-%D7%94%D7%97%D7%9C%D7%98%D7%AA-%D7%95%D7%95%D7%A2%D7%93%D7%AA-%D7%94%D7%A2%D7%A8%D7%A2%D7%95%D7%A8-%D7%9C%D7%A4%D7%99-%D7%97%D7%95%D7%A7-%D7%94%D7%A0%D7%9B/,DESKTOP,0,37,0,59.567567567567565
https://jus-tice.co.il/psakdin/%D7%A2%D7%A8%D7%A2%D7%95%D7%A8-%D7%A2%D7%9C-%D7%94%D7%97%D7%9C%D7%98%D7%AA-%D7%95%D7%95%D7%A2%D7%93%D7%AA-%D7%94%D7%A2%D7%A8%D7%A2%D7%95%D7%A8-%D7%9C%D7%A4%D7%99-%D7%97%D7%95%D7%A7-%D7%94%D7%A0%D7%9B/,MOBILE,0,8,0,13
https://jus-tice.co.il/psakdin/%D7%A4%D7%99%D7%A6%D7%95%D7%99-%D7%91%D7%92%D7%99%D7%9F-%D7%9E%D7%A2%D7%A6%D7%A8-%D7%A9%D7%95%D7%95%D7%90-%D7%A6%D7%90-24231-06-21/,DESKTOP,0,479,0,52.38413361169102
https://jus-tice.co.il/psakdin/%D7%A4%D7%99%D7%A8%D7%95%D7%A7-%D7%A9%D7%99%D7%AA%D7%95%D7%A3-%D7%91%D7%A0%D7%97%D7%9C%D7%94-%D7%9C%D7%A4%D7%99-%D7%94%D7%9C%D7%9B%D7%AA-%D7%94%D7%A9%D7%99%D7%AA%D7%95%D7%A3-%D7%AA%D7%9C%D7%94/,DESKTOP,0,822,0,50.420924574209245
https://jus-tice.co.il/psakdin/%D7%A4%D7%9C%D7%99%D7%9C%D7%99-%D7%94%D7%97%D7%96%D7%A7%D7%AA-%D7%9B%D7%9C%D7%91-%D7%9E%D7%A1%D7%95%D7%9B%D7%9F-%D7%A9%D7%AA%D7%A7%D7%A3-%D7%9C%D7%9C%D7%90-%D7%A8%D7%A9%D7%99%D7%95%D7%9F-%D7%94%D7%A8/,TABLET,0,7,0,3.5714285714285716
https://jus-tice.co.il/psakdin/%D7%A4%D7%A1%D7%93-%D7%90%D7%9E%D7%99%D7%A8-%D7%91%D7%A8%D7%9E%D7%9C%D7%99-%D7%A8%D7%95%D7%91%D7%99%D7%A7%D7%95%D7%9F-%D7%94%D7%9B%D7%A8%D7%A2%D7%AA-%D7%93%D7%99%D7%9F-%D7%91%D7%A4%D7%A8%D7%A9/,TABLET,0,2,0,23.5
https://jus-tice.co.il/psakdin/%D7%A4%D7%A1%D7%93-%D7%91%D7%91%D7%A7%D7%A9%D7%94-%D7%9C%D7%94%D7%A2%D7%91%D7%A8%D7%AA-%D7%94%D7%9E%D7%A9%D7%9E%D7%95%D7%A8%D7%AA-%D7%90%D7%9C-%D7%94%D7%90%D7%91-%D7%95%D7%A8%D7%99%D7%A9%D7%95%D7%9D/,TABLET,0,1,0,10
https://jus-tice.co.il/psakdin/%D7%A4%D7%A1%D7%93-%D7%91%D7%A2%D7%A8%D7%A2%D7%95%D7%A8-%D7%91%D7%95%D7%A7%D7%99%D7%A0%D7%92-%D7%A7%D7%95%D7%9D-%D7%A0-%D7%94%D7%97%D7%9C%D7%98%D7%AA-%D7%94%D7%A8%D7%A9%D7%95%D7%AA-%D7%9C%D7%94/,DESKTOP,0,836,0,63.97727272727273
https://jus-tice.co.il/psakdin/%D7%A4%D7%A1%D7%93-%D7%91%D7%A2%D7%A8%D7%A2%D7%95%D7%A8-%D7%91%D7%95%D7%A7%D7%99%D7%A0%D7%92-%D7%A7%D7%95%D7%9D-%D7%A0-%D7%94%D7%97%D7%9C%D7%98%D7%AA-%D7%94%D7%A8%D7%A9%D7%95%D7%AA-%D7%9C%D7%94/,MOBILE,0,115,0,65.11304347826086
https://jus-tice.co.il/psakdin/%D7%A4%D7%A1%D7%93-%D7%91%D7%AA%D7%91%D7%99%D7%A2%D7%94-%D7%9C%D7%94%D7%A4%D7%97%D7%AA%D7%AA-%D7%9E%D7%96%D7%95%D7%A0%D7%95%D7%AA-%D7%99%D7%9C%D7%93%D7%99%D7%9D-%D7%A9%D7%A0%D7%A7%D7%91%D7%A2%D7%95/,DESKTOP,0,5217,0,63.348092773624685
https://jus-tice.co.il/psakdin/%D7%A4%D7%A1%D7%93-%D7%91%D7%AA%D7%91%D7%99%D7%A2%D7%94-%D7%9C%D7%94%D7%A4%D7%97%D7%AA%D7%AA-%D7%9E%D7%96%D7%95%D7%A0%D7%95%D7%AA-%D7%99%D7%9C%D7%93%D7%99%D7%9D-%D7%A9%D7%A0%D7%A7%D7%91%D7%A2%D7%95/,MOBILE,0,536,0,65.3768656716418
https://jus-tice.co.il/psakdin/%D7%A4%D7%A1%D7%93-%D7%91%D7%AA%D7%91%D7%99%D7%A2%D7%94-%D7%9C%D7%94%D7%A4%D7%97%D7%AA%D7%AA-%D7%9E%D7%96%D7%95%D7%A0%D7%95%D7%AA-%D7%99%D7%9C%D7%93%D7%99%D7%9D-%D7%A9%D7%A0%D7%A7%D7%91%D7%A2%D7%95/,TABLET,0,1,0,49
https://jus-tice.co.il/psakdin/%D7%A4%D7%A1%D7%93-%D7%91%D7%AA%D7%95%D7%91%D7%A2%D7%A0%D7%94-%D7%A0%D7%96%D7%99%D7%A7%D7%99%D7%AA-%D7%A0%D7%92%D7%93-%D7%99%D7%A6%D7%97%D7%A7-%D7%94%D7%A8%D7%A6%D7%95%D7%92-%D7%95%D7%90%D7%97/,DESKTOP,0,109,0,62.46788990825688
https://jus-tice.co.il/psakdin/%D7%A4%D7%A1%D7%93-%D7%91%D7%AA%D7%95%D7%91%D7%A2%D7%A0%D7%94-%D7%A0%D7%96%D7%99%D7%A7%D7%99%D7%AA-%D7%A0%D7%92%D7%93-%D7%99%D7%A6%D7%97%D7%A7-%D7%94%D7%A8%D7%A6%D7%95%D7%92-%D7%95%D7%90%D7%97/,MOBILE,0,36,0,65.25
https://jus-tice.co.il/psakdin/%D7%A4%D7%A1%D7%93-%D7%A1%D7%9C%D7%A7%D7%95%D7%9D-%D7%9E%D7%9B%D7%A8%D7%94-%D7%9E%D7%99%D7%93%D7%A2-%D7%95%D7%A0%D7%AA%D7%95%D7%A0%D7%99-%D7%90%D7%99%D7%9B%D7%95%D7%9F-%D7%A2%D7%9C-%D7%9C%D7%A7/,DESKTOP,0,822,0,39.50243309002433
https://jus-tice.co.il/psakdin/%D7%A4%D7%A1%D7%93-%D7%A1%D7%9C%D7%A7%D7%95%D7%9D-%D7%9E%D7%9B%D7%A8%D7%94-%D7%9E%D7%99%D7%93%D7%A2-%D7%95%D7%A0%D7%AA%D7%95%D7%A0%D7%99-%D7%90%D7%99%D7%9B%D7%95%D7%9F-%D7%A2%D7%9C-%D7%9C%D7%A7/,MOBILE,0,43,0,67.13953488372093
https://jus-tice.co.il/psakdin/%D7%A4%D7%A1%D7%A7-%D7%93%D7%99%D7%9F-%D7%91%D7%AA%D7%91%D7%99%D7%A2%D7%94-%D7%9C%D7%97%D7%99%D7%95%D7%91-%D7%99%D7%95%D7%A2%D7%A5-%D7%94%D7%A9%D7%A7%D7%A2%D7%95%D7%AA-%D7%91%D7%92%D7%99%D7%9F-%D7%A0%D7%96%D7%A7/,DESKTOP,0,165,0,71.7030303030303
https://jus-tice.co.il/psakdin/%D7%A4%D7%A1%D7%A7-%D7%93%D7%99%D7%9F-%D7%91%D7%AA%D7%91%D7%99%D7%A2%D7%94-%D7%9C%D7%97%D7%99%D7%95%D7%91-%D7%99%D7%95%D7%A2%D7%A5-%D7%94%D7%A9%D7%A7%D7%A2%D7%95%D7%AA-%D7%91%D7%92%D7%99%D7%9F-%D7%A0%D7%96%D7%A7/,MOBILE,0,1,0,66
https://jus-tice.co.il/psakdin/%D7%A4%D7%A1%D7%A7-%D7%93%D7%99%D7%9F-%D7%A4%D7%99%D7%A6%D7%95%D7%99%D7%99-%D7%A4%D7%99%D7%98%D7%95%D7%A8%D7%99%D7%9F-%D7%AA%D7%91%D7%99%D7%A2%D7%94-%D7%9C%D7%94%D7%A8%D7%9E%D7%AA-%D7%9E%D7%A1%D7%9A/,DESKTOP,0,426,0,56.02347417840375
https://jus-tice.co.il/psakdin/%D7%A4%D7%A1%D7%A7-%D7%93%D7%99%D7%9F-%D7%A4%D7%99%D7%A6%D7%95%D7%99%D7%99-%D7%A4%D7%99%D7%98%D7%95%D7%A8%D7%99%D7%9F-%D7%AA%D7%91%D7%99%D7%A2%D7%94-%D7%9C%D7%94%D7%A8%D7%9E%D7%AA-%D7%9E%D7%A1%D7%9A/,MOBILE,0,50,0,73.56
https://jus-tice.co.il/psakdin/%D7%A4%D7%A8%D7%A1%D7%9D-%D7%94%D7%A7%D7%9C%D7%98%D7%95%D7%AA-%D7%9E%D7%9E%D7%A1%D7%9E%D7%9A-%D7%94%D7%A8%D7%A4%D7%96-%D7%A4%D7%A1%D7%93-%D7%94%D7%A2%D7%A8%D7%A2%D7%95%D7%A8/,DESKTOP,0,107,0,70.13084112149532
https://jus-tice.co.il/psakdin/%D7%A4%D7%A8%D7%A1%D7%9D-%D7%94%D7%A7%D7%9C%D7%98%D7%95%D7%AA-%D7%9E%D7%9E%D7%A1%D7%9E%D7%9A-%D7%94%D7%A8%D7%A4%D7%96-%D7%A4%D7%A1%D7%93-%D7%94%D7%A2%D7%A8%D7%A2%D7%95%D7%A8/,MOBILE,0,9,0,66.66666666666667
https://jus-tice.co.il/psakdin/%D7%A6%D7%95-%D7%94%D7%95%D7%A8%D7%95%D7%AA-%D7%9E%D7%9B%D7%95%D7%97-%D7%96%D7%99%D7%A7%D7%94-%D7%9C%D7%96%D7%99%D7%A7%D7%94-%D7%9C%D7%90%D7%96%D7%A8%D7%97%D7%99%D7%AA-%D7%96%D7%A8%D7%94/,DESKTOP,0,759,0,63.865612648221344
https://jus-tice.co.il/psakdin/%D7%A6%D7%95-%D7%94%D7%95%D7%A8%D7%95%D7%AA-%D7%9E%D7%9B%D7%95%D7%97-%D7%96%D7%99%D7%A7%D7%94-%D7%9C%D7%96%D7%99%D7%A7%D7%94-%D7%9C%D7%90%D7%96%D7%A8%D7%97%D7%99%D7%AA-%D7%96%D7%A8%D7%94/,MOBILE,0,77,0,59.8051948051948
https://jus-tice.co.il/psakdin/%D7%A7%D7%95%D7%A8%D7%95%D7%A0%D7%94-%D7%A1%D7%A7%D7%99%D7%A8%D7%94-%D7%99%D7%95%D7%9E%D7%99%D7%AA-23-3-2020-%D7%9E%D7%A2%D7%A8%D7%9A-%D7%94%D7%A1%D7%99%D7%99%D7%91%D7%A8-%D7%94%D7%9C%D7%90%D7%95/,DESKTOP,0,12,0,70.83333333333333
https://jus-tice.co.il/psakdin/%D7%A7%D7%95%D7%A8%D7%95%D7%A0%D7%94-%D7%A1%D7%A7%D7%99%D7%A8%D7%94-%D7%99%D7%95%D7%9E%D7%99%D7%AA-23-3-2020-%D7%9E%D7%A2%D7%A8%D7%9A-%D7%94%D7%A1%D7%99%D7%99%D7%91%D7%A8-%D7%94%D7%9C%D7%90%D7%95/,MOBILE,0,1,0,101
https://jus-tice.co.il/psakdin/%D7%A8%D7%90%D7%A9-%D7%A2%D7%A8%D7%99%D7%99%D7%AA-%D7%98%D7%91%D7%A8%D7%99%D7%94-%D7%A8%D7%95%D7%9F-%D7%A7%D7%95%D7%91%D7%99-%D7%A4%D7%A1%D7%93-%D7%91%D7%AA%D7%91%D7%99%D7%A2%D7%94-%D7%9C%D7%A4/,DESKTOP,0,91,0,79.25274725274726
https://jus-tice.co.il/psakdin/%D7%A8%D7%90%D7%A9-%D7%A2%D7%A8%D7%99%D7%99%D7%AA-%D7%98%D7%91%D7%A8%D7%99%D7%94-%D7%A8%D7%95%D7%9F-%D7%A7%D7%95%D7%91%D7%99-%D7%A4%D7%A1%D7%93-%D7%91%D7%AA%D7%91%D7%99%D7%A2%D7%94-%D7%9C%D7%A4/,MOBILE,0,4,0,68
https://jus-tice.co.il/psakdin/%D7%A8%D7%90%D7%A9-%D7%A2%D7%A8%D7%99%D7%99%D7%AA-%D7%98%D7%91%D7%A8%D7%99%D7%94-%D7%A8%D7%95%D7%9F-%D7%A7%D7%95%D7%91%D7%99-%D7%A4%D7%A1%D7%93-%D7%91%D7%AA%D7%91%D7%99%D7%A2%D7%94-%D7%9C%D7%A4/,TABLET,0,1,0,85
https://jus-tice.co.il/psakdin/%D7%A9%D7%97%D7%A8%D7%95%D7%A8-%D7%9E%D7%95%D7%A7%D7%93%D7%9D-%D7%A9%D7%9C-%D7%90%D7%A1%D7%99%D7%A8-%D7%9E%D7%A2%D7%A9%D7%94-%D7%9E%D7%92%D7%95%D7%A0%D7%94-%D7%91%D7%A7%D7%98%D7%99%D7%A0%D7%94/,DESKTOP,0,85,0,65.24705882352941
https://jus-tice.co.il/psakdin/%D7%A9%D7%97%D7%A8%D7%95%D7%A8-%D7%9E%D7%95%D7%A7%D7%93%D7%9D-%D7%A9%D7%9C-%D7%90%D7%A1%D7%99%D7%A8-%D7%9E%D7%A2%D7%A9%D7%94-%D7%9E%D7%92%D7%95%D7%A0%D7%94-%D7%91%D7%A7%D7%98%D7%99%D7%A0%D7%94/,TABLET,0,2,0,4
https://jus-tice.co.il/psakdin/%D7%A9%D7%99%D7%A2%D7%95%D7%A8%D7%99-%D7%94%D7%A8%D7%A9%D7%A2%D7%94-%D7%95%D7%96%D7%99%D7%9B%D7%95%D7%99-%D7%91%D7%94%D7%9C%D7%99%D7%9B%D7%99%D7%9D-%D7%A4%D7%9C%D7%99%D7%9C%D7%99%D7%99%D7%9D/,DESKTOP,0,1500,0,73.12733333333334
https://jus-tice.co.il/psakdin/%D7%A9%D7%99%D7%A2%D7%95%D7%A8%D7%99-%D7%94%D7%A8%D7%A9%D7%A2%D7%94-%D7%95%D7%96%D7%99%D7%9B%D7%95%D7%99-%D7%91%D7%94%D7%9C%D7%99%D7%9B%D7%99%D7%9D-%D7%A4%D7%9C%D7%99%D7%9C%D7%99%D7%99%D7%9D/,MOBILE,0,233,0,78.15021459227468
https://jus-tice.co.il/psakdin/%D7%A9%D7%99%D7%A2%D7%95%D7%A8%D7%99-%D7%94%D7%A8%D7%A9%D7%A2%D7%94-%D7%95%D7%96%D7%99%D7%9B%D7%95%D7%99-%D7%91%D7%94%D7%9C%D7%99%D7%9B%D7%99%D7%9D-%D7%A4%D7%9C%D7%99%D7%9C%D7%99%D7%99%D7%9D/,TABLET,0,1,0,98
https://jus-tice.co.il/psakdin/%D7%AA%D7%9048152-03-22%D7%A9%D7%9C%D7%99%D7%A1%D7%9C-%D7%A0-%D7%A1%D7%98%D7%99%D7%A7%D7%A1%D7%A4%D7%99%D7%99-%D7%A7%D7%95%D7%9E%D7%99%D7%95%D7%A0%D7%99%D7%A7%D7%99%D7%99%D7%A9%D7%A0%D7%A1-%D7%91%D7%A2%D7%9E-%D7%95%D7%90%D7%97/,DESKTOP,0,236,0,52.30508474576271
https://jus-tice.co.il/psakdin/%D7%AA%D7%9048152-03-22%D7%A9%D7%9C%D7%99%D7%A1%D7%9C-%D7%A0-%D7%A1%D7%98%D7%99%D7%A7%D7%A1%D7%A4%D7%99%D7%99-%D7%A7%D7%95%D7%9E%D7%99%D7%95%D7%A0%D7%99%D7%A7%D7%99%D7%99%D7%A9%D7%A0%D7%A1-%D7%91%D7%A2%D7%9E-%D7%95%D7%90%D7%97/,MOBILE,0,32,0,60.71875
https://jus-tice.co.il/psakdin/%D7%AA%D7%91%D7%99%D7%A2%D7%94-%D7%9C%D7%97%D7%99%D7%99%D7%91-%D7%92%D7%A8%D7%95%D7%A9%D7%94-%D7%9C%D7%94%D7%A9%D7%AA%D7%AA%D7%A3-%D7%91%D7%97%D7%95%D7%91%D7%95%D7%AA/,DESKTOP,0,238,0,65.75630252100841
https://jus-tice.co.il/psakdin/%D7%AA%D7%91%D7%99%D7%A2%D7%94-%D7%9C%D7%97%D7%99%D7%99%D7%91-%D7%92%D7%A8%D7%95%D7%A9%D7%94-%D7%9C%D7%94%D7%A9%D7%AA%D7%AA%D7%A3-%D7%91%D7%97%D7%95%D7%91%D7%95%D7%AA/,MOBILE,0,25,0,43.24
https://jus-tice.co.il/psakdin/%D7%AA%D7%91%D7%99%D7%A2%D7%94-%D7%9C%D7%9E%D7%96%D7%95%D7%A0%D7%95%D7%AA-%D7%90%D7%99%D7%A9%D7%94-%D7%95%D7%A7%D7%98%D7%99%D7%A0%D7%95%D7%AA/,DESKTOP,0,271,0,60.84132841328413
https://jus-tice.co.il/psakdin/%D7%AA%D7%91%D7%99%D7%A2%D7%94-%D7%9C%D7%9E%D7%96%D7%95%D7%A0%D7%95%D7%AA-%D7%90%D7%99%D7%A9%D7%94-%D7%95%D7%A7%D7%98%D7%99%D7%A0%D7%95%D7%AA/,MOBILE,0,263,0,50.4828897338403
https://jus-tice.co.il/psakdin/%D7%AA%D7%91%D7%99%D7%A2%D7%94-%D7%9C%D7%9E%D7%96%D7%95%D7%A0%D7%95%D7%AA-%D7%90%D7%99%D7%A9%D7%94-%D7%95%D7%A7%D7%98%D7%99%D7%A0%D7%95%D7%AA/,TABLET,0,8,0,35.75
https://jus-tice.co.il/psakdin/%D7%AA%D7%91%D7%99%D7%A2%D7%94-%D7%A9%D7%9C-%D7%9E%D7%9C%D7%A6%D7%A8%D7%99%D7%AA-%D7%94%D7%98%D7%A8%D7%93%D7%94-%D7%9E%D7%99%D7%A0%D7%99%D7%AA-300000-%D7%A9%D7%97-%D7%A4%D7%99%D7%A6%D7%95%D7%99/,DESKTOP,0,1080,0,71.20277777777778
https://jus-tice.co.il/psakdin/%D7%AA%D7%91%D7%99%D7%A2%D7%94-%D7%A9%D7%9C-%D7%9E%D7%9C%D7%A6%D7%A8%D7%99%D7%AA-%D7%94%D7%98%D7%A8%D7%93%D7%94-%D7%9E%D7%99%D7%A0%D7%99%D7%AA-300000-%D7%A9%D7%97-%D7%A4%D7%99%D7%A6%D7%95%D7%99/,MOBILE,0,148,0,81.62162162162163
https://jus-tice.co.il/psakdin/%D7%AA%D7%91%D7%99%D7%A2%D7%94-%D7%A9%D7%9C-%D7%9E%D7%9C%D7%A6%D7%A8%D7%99%D7%AA-%D7%94%D7%98%D7%A8%D7%93%D7%94-%D7%9E%D7%99%D7%A0%D7%99%D7%AA-300000-%D7%A9%D7%97-%D7%A4%D7%99%D7%A6%D7%95%D7%99/,TABLET,0,1,0,86
https://jus-tice.co.il/psakdin/%D7%AA%D7%91%D7%99%D7%A2%D7%95%D7%AA-%D7%A8%D7%9B%D7%95%D7%A9%D7%99%D7%95%D7%AA-%D7%94%D7%93%D7%93%D7%99%D7%95%D7%AA-%D7%A9%D7%9C-%D7%91%D7%A0%D7%99-%D7%96%D7%95%D7%92-%D7%9C%D7%A9%D7%A2%D7%91%D7%A8/,DESKTOP,0,351,0,47.13105413105413
https://jus-tice.co.il/psakdin/%D7%AA%D7%91%D7%99%D7%A2%D7%95%D7%AA-%D7%A8%D7%9B%D7%95%D7%A9%D7%99%D7%95%D7%AA-%D7%94%D7%93%D7%93%D7%99%D7%95%D7%AA-%D7%A9%D7%9C-%D7%91%D7%A0%D7%99-%D7%96%D7%95%D7%92-%D7%9C%D7%A9%D7%A2%D7%91%D7%A8/,MOBILE,0,26,0,46.57692307692308
https://jus-tice.co.il/psakdin/%D7%AA%D7%99%D7%A7%D7%95%D7%9F-101-%D7%9C%D7%A4%D7%A7%D7%95%D7%93%D7%AA-%D7%94%D7%AA%D7%A2%D7%91%D7%95%D7%A8%D7%94-%D7%A1%D7%99%D7%9B%D7%95%D7%9F-%D7%97%D7%99%D7%99-%D7%90%D7%93%D7%9D-%D7%94%D7%A4/,DESKTOP,0,932,0,62.73497854077253
https://jus-tice.co.il/psakdin/%D7%AA%D7%99%D7%A7%D7%95%D7%9F-101-%D7%9C%D7%A4%D7%A7%D7%95%D7%93%D7%AA-%D7%94%D7%AA%D7%A2%D7%91%D7%95%D7%A8%D7%94-%D7%A1%D7%99%D7%9B%D7%95%D7%9F-%D7%97%D7%99%D7%99-%D7%90%D7%93%D7%9D-%D7%94%D7%A4/,MOBILE,0,402,0,62.701492537313435
https://jus-tice.co.il/psakdin/%D7%AA%D7%A4%D7%A7%D7%99%D7%93%D7%95-%D7%95%D7%93%D7%A8%D7%9B%D7%99-%D7%A2%D7%91%D7%95%D7%93%D7%AA%D7%95-%D7%A9%D7%9C-%D7%A2%D7%95%D7%91%D7%93-%D7%A1%D7%95%D7%A6%D7%99%D7%90%D7%9C%D7%99-%D7%9C%D7%A2/,TABLET,0,2,0,8.5
https://jus-tice.co.il/psakdin/%D7%AA%D7%A669551-01-18%D7%92%D7%A8%D7%95%D7%A4%D7%A8-%D7%A0-%D7%90%D7%9C%D7%95%D7%A0%D7%99%D7%90%D7%9C-%D7%91%D7%A2%D7%9E/,DESKTOP,0,195,0,47.00512820512821
https://jus-tice.co.il/psakdin/%D7%AA%D7%A669551-01-18%D7%92%D7%A8%D7%95%D7%A4%D7%A8-%D7%A0-%D7%90%D7%9C%D7%95%D7%A0%D7%99%D7%90%D7%9C-%D7%91%D7%A2%D7%9E/,MOBILE,0,74,0,42.5945945945946
https://jus-tice.co.il/psakdin/%D7%AA%D7%A7%D7%A0%D7%95%D7%AA-%D7%A1%D7%93%D7%A8-%D7%94%D7%93%D7%99%D7%9F-%D7%94%D7%90%D7%96%D7%A8%D7%97%D7%99-%D7%94%D7%AA%D7%A9%D7%A2%D7%97-2018/,DESKTOP,0,1108,0,72.01624548736461
https://jus-tice.co.il/psakdin/%D7%AA%D7%A7%D7%A0%D7%95%D7%AA-%D7%A1%D7%93%D7%A8-%D7%94%D7%93%D7%99%D7%9F-%D7%94%D7%90%D7%96%D7%A8%D7%97%D7%99-%D7%94%D7%AA%D7%A9%D7%A2%D7%97-2018/,MOBILE,0,51,0,80.86274509803921
https://jus-tice.co.il/psakdin/%D7%AA%D7%A7%D7%A0%D7%95%D7%AA-%D7%A9%D7%99%D7%A8%D7%95%D7%AA-%D7%94%D7%91%D7%99%D7%98%D7%97%D7%95%D7%9F-%D7%94%D7%9B%D7%9C%D7%9C%D7%99-%D7%90%D7%99%D7%A1%D7%95%D7%A3-%D7%9E%D7%99%D7%93%D7%A2-%D7%9E/,DESKTOP,0,6,0,42.5
https://jus-tice.co.il/psakdin/%D7%AA%D7%A7%D7%A0%D7%95%D7%AA-%D7%A9%D7%A2%D7%AA-%D7%97%D7%99%D7%A8%D7%95%D7%9D-%D7%A0%D7%92%D7%99%D7%A3-%D7%94%D7%A7%D7%95%D7%A8%D7%95%D7%A0%D7%94-%D7%94%D7%97%D7%93%D7%A9-%D7%94%D7%92%D7%91/,DESKTOP,0,874,0,57.1487414187643
https://jus-tice.co.il/psakdin/%D7%AA%D7%A7%D7%A0%D7%95%D7%AA-%D7%A9%D7%A2%D7%AA-%D7%97%D7%99%D7%A8%D7%95%D7%9D-%D7%A0%D7%92%D7%99%D7%A3-%D7%94%D7%A7%D7%95%D7%A8%D7%95%D7%A0%D7%94-%D7%94%D7%97%D7%93%D7%A9-%D7%94%D7%92%D7%91/,MOBILE,0,11,0,57.45454545454545
https://jus-tice.co.il/psakdin/%D7%AA%D7%A9%D7%9C%D7%95%D7%9D-%D7%9E%D7%A1-%D7%A9%D7%9B%D7%A8-%D7%91%D7%92%D7%99%D7%9F-%D7%A9%D7%9B%D7%A8%D7%9D-%D7%A9%D7%9C-%D7%A2%D7%95%D7%91%D7%93%D7%99-%D7%94%D7%A2%D7%99%D7%A8%D7%99%D7%99%D7%94/,DESKTOP,0,37,0,74.10810810810811
https://jus-tice.co.il/psakdin/%D7%AA%D7%A9%D7%9C%D7%95%D7%9D-%D7%9E%D7%A1-%D7%A9%D7%9B%D7%A8-%D7%91%D7%92%D7%99%D7%9F-%D7%A9%D7%9B%D7%A8%D7%9D-%D7%A9%D7%9C-%D7%A2%D7%95%D7%91%D7%93%D7%99-%D7%94%D7%A2%D7%99%D7%A8%D7%99%D7%99%D7%94/,MOBILE,0,3,0,33.333333333333336
https://jus-tice.co.il/psakdin/20-%D7%98%D7%99%D7%A4%D7%99%D7%9D-%D7%9C%D7%9E%D7%A0%D7%99%D7%A2%D7%AA-%D7%A8%D7%A9%D7%9C%D7%A0%D7%95%D7%AA-%D7%A8%D7%A4%D7%95%D7%90%D7%99%D7%AA/,DESKTOP,0,98,0,57.3469387755102
https://jus-tice.co.il/psakdin/20-%D7%98%D7%99%D7%A4%D7%99%D7%9D-%D7%9C%D7%9E%D7%A0%D7%99%D7%A2%D7%AA-%D7%A8%D7%A9%D7%9C%D7%A0%D7%95%D7%AA-%D7%A8%D7%A4%D7%95%D7%90%D7%99%D7%AA/,MOBILE,0,103,0,57.650485436893206
https://jus-tice.co.il/psakdin/20-%D7%98%D7%99%D7%A4%D7%99%D7%9D-%D7%9C%D7%9E%D7%A0%D7%99%D7%A2%D7%AA-%D7%A8%D7%A9%D7%9C%D7%A0%D7%95%D7%AA-%D7%A8%D7%A4%D7%95%D7%90%D7%99%D7%AA/,TABLET,0,1,0,68
https://jus-tice.co.il/psakdin/page/3/,DESKTOP,0,89,0,52.26966292134831
https://jus-tice.co.il/psakdin/page/4/,DESKTOP,0,3,0,65.33333333333333
https://jus-tice.co.il/public-defender-annual-report-2019/,DESKTOP,0,937,0,56.39807897545357
https://jus-tice.co.il/public-defender-annual-report-2019/,MOBILE,0,126,0,37.13492063492063
https://jus-tice.co.il/publications_batap_olami_police-crime-data-transparency/,DESKTOP,0,143,0,43.65734265734266
https://jus-tice.co.il/publications_batap_olami_police-crime-data-transparency/,MOBILE,0,8,0,39.5
https://jus-tice.co.il/punishment-for-offenses-of-causing-death-in-road-accidents/,MOBILE,0,830,0,31.950602409638556
https://jus-tice.co.il/punishment-of-parents-and-relatives-for-negligently-causing-death/,DESKTOP,0,6523,0,51.86769891154377
https://jus-tice.co.il/punishment-of-parents-and-relatives-for-negligently-causing-death/,MOBILE,0,1649,0,52.79927228623408
https://jus-tice.co.il/punishment-of-parents-and-relatives-for-negligently-causing-death/,TABLET,0,5,0,64
https://jus-tice.co.il/punitive-damage/,DESKTOP,0,136,0,63.39705882352941
https://jus-tice.co.il/punitive-damage/,MOBILE,0,17,0,70.58823529411765
https://jus-tice.co.il/qatar-lawyers/,DESKTOP,0,54,0,46.333333333333336
https://jus-tice.co.il/qatar-lawyers/,MOBILE,0,5,0,27.6
https://jus-tice.co.il/qualities-best-divorce-attorneys/,DESKTOP,0,46,0,82.67391304347827
https://jus-tice.co.il/rabbinical-court/,DESKTOP,0,1744,0,73.1645642201835
https://jus-tice.co.il/rabbinical-court/,MOBILE,0,183,0,45.48087431693989
https://jus-tice.co.il/rabbinical-court/,TABLET,0,1,0,96
https://jus-tice.co.il/rape-us-law/,DESKTOP,0,3904,0,52.20747950819672
https://jus-tice.co.il/rape-us-law/,MOBILE,0,153,0,57.26797385620915
https://jus-tice.co.il/rape-us-law/,TABLET,0,2,0,57
https://jus-tice.co.il/real-estate-agent/,MOBILE,0,1813,0,48.31936017650303
https://jus-tice.co.il/real-estate-agent/,TABLET,0,2,0,34.5
https://jus-tice.co.il/real-estate-appraiser/,DESKTOP,0,8041,0,67.62293247108569
https://jus-tice.co.il/real-estate-appraiser/,MOBILE,0,241,0,66.31535269709543
https://jus-tice.co.il/real-estate-appraiser/,TABLET,0,2,0,51.5
https://jus-tice.co.il/real-estate-comparative-guide/,DESKTOP,0,378,0,50.62433862433863
https://jus-tice.co.il/real-estate-comparative-guide/,MOBILE,0,21,0,70.33333333333333
https://jus-tice.co.il/real-estate-development/,DESKTOP,0,432,0,58.34722222222222
https://jus-tice.co.il/real-estate-development/,MOBILE,0,196,0,19.647959183673468
https://jus-tice.co.il/real-estate-development/,TABLET,0,1,0,11
https://jus-tice.co.il/real-estate-investing/,MOBILE,0,4301,0,66.6470588235294
https://jus-tice.co.il/real-estate-investing/,TABLET,0,4,0,74.75
https://jus-tice.co.il/real-estate-investment-strategies-for-2023/,DESKTOP,0,669,0,26.847533632286996
https://jus-tice.co.il/real-estate-investment-strategies-for-2023/,MOBILE,0,300,0,20.66
https://jus-tice.co.il/real-estate-italy/,DESKTOP,0,5711,0,53.125372088951146
https://jus-tice.co.il/real-estate-italy/,MOBILE,0,1318,0,52.11608497723824
https://jus-tice.co.il/real-estate-italy/,TABLET,0,363,0,52.391184573002754
https://jus-tice.co.il/real-estate-lawyer-cost-2025/,DESKTOP,0,5171,0,63.84664474956488
https://jus-tice.co.il/real-estate-lawyer-cost-2025/,MOBILE,0,323,0,59.306501547987615
https://jus-tice.co.il/real-estate-lawyer-guide/,MOBILE,0,2513,0,74.34460803820136
https://jus-tice.co.il/real-estate-lawyer-guide/,TABLET,0,1,0,54
https://jus-tice.co.il/real-estate-malta/,DESKTOP,0,137,0,76
https://jus-tice.co.il/real-estate-registration-procedure-israel/,DESKTOP,0,4296,0,45.57216014897579
https://jus-tice.co.il/real-estate-romania/,DESKTOP,0,1430,0,48.067832167832165
https://jus-tice.co.il/real-estate-romania/,MOBILE,0,360,0,57.352777777777774
https://jus-tice.co.il/real-estate-usa/,DESKTOP,0,1166,0,53.92881646655231
https://jus-tice.co.il/real-estate-usa/,MOBILE,0,222,0,53.8963963963964
https://jus-tice.co.il/recommended-jus-tice-team-lawyer/,DESKTOP,0,3,0,24
https://jus-tice.co.il/recommended-jus-tice-team-lawyer/,MOBILE,0,3,0,1.3333333333333333
https://jus-tice.co.il/registration-of-real-estate-israel/,TABLET,0,7,0,10.142857142857142
https://jus-tice.co.il/rental-agreement/,MOBILE,0,1449,0,60.50448585231194
https://jus-tice.co.il/rental-agreement/,TABLET,0,1,0,10
https://jus-tice.co.il/report-crime/,DESKTOP,0,1075,0,55.666976744186044
https://jus-tice.co.il/report-crime/,MOBILE,0,154,0,56.63636363636363
https://jus-tice.co.il/report-crime/,TABLET,0,1,0,60
https://jus-tice.co.il/request-for-extension-of-detention-beyond-nine-months/,MOBILE,0,130,0,61.53846153846154
https://jus-tice.co.il/request-for-family-dispute-settlements/,MOBILE,0,1569,0,23.581261950286805
https://jus-tice.co.il/request-for-family-dispute-settlements/,TABLET,0,8,0,13.25
https://jus-tice.co.il/research-report-n156-persistent-symptoms/,DESKTOP,0,427,0,73.11943793911007
https://jus-tice.co.il/research-report-n156-persistent-symptoms/,MOBILE,0,71,0,43.16901408450704
https://jus-tice.co.il/returning-resident-rights-determining-tax-rate/,DESKTOP,0,8357,0,46.22699533325356
https://jus-tice.co.il/returning-resident-rights-determining-tax-rate/,MOBILE,0,108,0,43.101851851851855
https://jus-tice.co.il/returning-resident-rights-determining-tax-rate/,TABLET,0,5,0,13.6
https://jus-tice.co.il/review-of-divorce-by-divorce-lawyer-israel/,DESKTOP,0,3363,0,57.63603925066904
https://jus-tice.co.il/review-of-divorce-by-divorce-lawyer-israel/,MOBILE,0,1112,0,55.56384892086331
https://jus-tice.co.il/review-of-divorce-by-divorce-lawyer-israel/,TABLET,0,3,0,31
https://jus-tice.co.il/revocation-of-a-will-and-reviving-previous-will/,DESKTOP,0,2192,0,70.70027372262774
https://jus-tice.co.il/revocation-of-a-will-and-reviving-previous-will/,MOBILE,0,196,0,81.21938775510205
https://jus-tice.co.il/robert-stephan-cohen/,DESKTOP,0,58,0,48.706896551724135
https://jus-tice.co.il/robert-stephan-cohen/,TABLET,0,1,0,9
https://jus-tice.co.il/rocket-lawyer/,DESKTOP,0,28,0,50.67857142857143
https://jus-tice.co.il/roman-zadorov-detention-until-the-end-of-proceedings/,DESKTOP,0,7,0,81.42857142857143
https://jus-tice.co.il/romania-lawyers/,DESKTOP,0,3045,0,34.66502463054187
https://jus-tice.co.il/romania-lawyers/,TABLET,0,6,0,9.666666666666666
https://jus-tice.co.il/romanian-passport/,DESKTOP,0,16905,0,49.834427684117124
https://jus-tice.co.il/romanian-passport/,MOBILE,0,1644,0,46.37591240875913
https://jus-tice.co.il/romanian-passport/,TABLET,0,4,0,6.5
https://jus-tice.co.il/rotenberg-law-top-ranked-family-divorce-mediation/,DESKTOP,0,1429,0,47.991602519244225
https://jus-tice.co.il/rotenberg-law-top-ranked-family-divorce-mediation/,MOBILE,0,254,0,48.51968503937008
https://jus-tice.co.il/rotenberg-law-top-ranked-family-divorce-mediation/,TABLET,0,3,0,60.666666666666664
https://jus-tice.co.il/rules-for-being-a-successful-lawyer/,DESKTOP,0,1151,0,49.778453518679406
https://jus-tice.co.il/rules-for-being-a-successful-lawyer/,MOBILE,0,101,0,49.23762376237624
https://jus-tice.co.il/rules-for-being-a-successful-lawyer/,TABLET,0,1,0,10
https://jus-tice.co.il/ruling-on-conflicting-real-estate-transactions/,DESKTOP,0,94,0,49.191489361702125
https://jus-tice.co.il/sample-terms-and-conditions-template/,TABLET,0,5,0,7.8
https://jus-tice.co.il/saudi-arabia-lawyers/,DESKTOP,0,185,0,44.443243243243245
https://jus-tice.co.il/saudi-arabia-lawyers/,MOBILE,0,8,0,33.25
https://jus-tice.co.il/search-engine-optimization/,MOBILE,0,4366,0,55.21232249198351
https://jus-tice.co.il/search-engine-optimization/,TABLET,0,14,0,69.57142857142857
https://jus-tice.co.il/self-employed-and-freelancer/,DESKTOP,0,138,0,71.16666666666667
https://jus-tice.co.il/self-employed-and-freelancer/,MOBILE,0,3,0,50.333333333333336
https://jus-tice.co.il/sex-crime-lawyer/,DESKTOP,0,21313,0,62.41317505747666
https://jus-tice.co.il/sex-crime-lawyer/,MOBILE,0,2107,0,66.74133839582345
https://jus-tice.co.il/sex-crime-lawyer/,TABLET,0,17,0,65.6470588235294
https://jus-tice.co.il/sex-trafficking/,MOBILE,0,15,0,38.06666666666667
https://jus-tice.co.il/sex-trafficking/,TABLET,0,2,0,17.5
https://jus-tice.co.il/sexual-battery-us-law/,DESKTOP,0,367,0,68.4141689373297
https://jus-tice.co.il/sexual-battery-us-law/,MOBILE,0,22,0,69.22727272727273
https://jus-tice.co.il/sexual-offenses/,MOBILE,0,1038,0,46.796724470134876
https://jus-tice.co.il/sexual-offenses/,TABLET,0,7,0,47.42857142857143
https://jus-tice.co.il/shearman-sterling/,DESKTOP,0,80,0,58.8125
https://jus-tice.co.il/shearman-sterling/,MOBILE,0,1,0,30
https://jus-tice.co.il/shoplifting/,TABLET,0,2,0,10.5
https://jus-tice.co.il/should-i-admit-guilt-to-my-criminal-defense-attorney/,DESKTOP,0,1055,0,54.09289099526066
https://jus-tice.co.il/should-i-admit-guilt-to-my-criminal-defense-attorney/,MOBILE,0,182,0,20.516483516483518
https://jus-tice.co.il/sitemap-jus-tice/,DESKTOP,0,8,0,58.75
https://jus-tice.co.il/skadden-arps-slate-meagher-flom/,DESKTOP,0,260,0,26.58076923076923
https://jus-tice.co.il/skadden-arps-slate-meagher-flom/,MOBILE,0,1,0,4
https://jus-tice.co.il/small-business-startup-costs/,DESKTOP,0,1312,0,48.09603658536585
https://jus-tice.co.il/small-business-startup-costs/,MOBILE,0,21,0,69.14285714285714
https://jus-tice.co.il/small_claims/%D7%9B%D7%A8%D7%98%D7%99%D7%A1%D7%99-%D7%98%D7%99%D7%A1%D7%94-%D7%97%D7%91%D7%A8%D7%AA-%D7%AA%D7%A2%D7%95%D7%A4%D7%94-%D7%A4%D7%A9%D7%98%D7%94-%D7%90%D7%AA-%D7%94%D7%A8%D7%92%D7%9C-%D7%A1%D7%95%D7%9B/,DESKTOP,0,356,0,52.901685393258425
https://jus-tice.co.il/small_claims/%D7%9B%D7%A8%D7%98%D7%99%D7%A1%D7%99-%D7%98%D7%99%D7%A1%D7%94-%D7%97%D7%91%D7%A8%D7%AA-%D7%AA%D7%A2%D7%95%D7%A4%D7%94-%D7%A4%D7%A9%D7%98%D7%94-%D7%90%D7%AA-%D7%94%D7%A8%D7%92%D7%9C-%D7%A1%D7%95%D7%9B/,MOBILE,0,204,0,61.431372549019606
https://jus-tice.co.il/sofia-galvao/,DESKTOP,0,238,0,65.07563025210084
https://jus-tice.co.il/south-african-property-law/,DESKTOP,0,1022,0,14.846379647749512
https://jus-tice.co.il/south-african-property-law/,MOBILE,0,15,0,17.866666666666667
https://jus-tice.co.il/south-korea-lawyers/,DESKTOP,0,9360,0,40.110149572649576
https://jus-tice.co.il/south-korea-lawyers/,MOBILE,0,160,0,58.13125
https://jus-tice.co.il/south-korea-lawyers/,TABLET,0,1,0,12
https://jus-tice.co.il/spain-lawyers/,MOBILE,0,337,0,70.5727002967359
https://jus-tice.co.il/spain-real-estate/,DESKTOP,0,2433,0,41.252363337443484
https://jus-tice.co.il/speeding/,DESKTOP,0,15832,0,66.5410560889338
https://jus-tice.co.il/speeding/,MOBILE,0,7131,0,64.61772542420418
https://jus-tice.co.il/speeding/,TABLET,0,2,0,85.5
https://jus-tice.co.il/spouse-property-registration-guide/,TABLET,0,1,0,7
https://jus-tice.co.il/standard-minimum-rules-for-treatment-of-prisoners/,DESKTOP,0,392,0,40.234693877551024
https://jus-tice.co.il/standard-minimum-rules-for-treatment-of-prisoners/,MOBILE,0,213,0,28.830985915492956
https://jus-tice.co.il/standards-of-medical-fitness-to-drive/,DESKTOP,0,6467,0,55.73573527137776
https://jus-tice.co.il/startup-company/,DESKTOP,0,7779,0,46.28345545699961
https://jus-tice.co.il/startup-company/,MOBILE,0,506,0,53.5098814229249
https://jus-tice.co.il/startup-company/,TABLET,0,1,0,44
https://jus-tice.co.il/strategic-divorce-cost-planning/,DESKTOP,0,4112,0,62.9272859922179
https://jus-tice.co.il/strategic-divorce-cost-planning/,MOBILE,0,955,0,60.20837696335079
https://jus-tice.co.il/strategic-divorce-cost-planning/,TABLET,0,13,0,43.38461538461539
https://jus-tice.co.il/submitting-affidavit-israel-court/,TABLET,0,1,0,9
https://jus-tice.co.il/supreme-court-of-israel/,TABLET,0,1,0,2
https://jus-tice.co.il/supreme-court/%D7%96%D7%9B%D7%95%D7%AA-%D7%94%D7%99%D7%A1%D7%95%D7%93-%D7%9C%D7%94%D7%99%D7%A4%D7%92%D7%A9-%D7%A2%D7%9D-%D7%A2%D7%95%D7%A8%D7%9A-%D7%93%D7%99%D7%9F/,DESKTOP,0,297,0,48.03030303030303
https://jus-tice.co.il/supreme-court/%D7%96%D7%9B%D7%95%D7%AA-%D7%94%D7%99%D7%A1%D7%95%D7%93-%D7%9C%D7%94%D7%99%D7%A4%D7%92%D7%A9-%D7%A2%D7%9D-%D7%A2%D7%95%D7%A8%D7%9A-%D7%93%D7%99%D7%9F/,MOBILE,0,34,0,38.6764705882353
https://jus-tice.co.il/supreme-court/%D7%A2%D7%90-7023-19-%D7%A4%D7%9C%D7%95%D7%A0%D7%99-%D7%A0-%D7%A4%D7%9C%D7%95%D7%A0%D7%99/,DESKTOP,0,241,0,63.48547717842324
https://jus-tice.co.il/supreme-court/%D7%A2%D7%90-7023-19-%D7%A4%D7%9C%D7%95%D7%A0%D7%99-%D7%A0-%D7%A4%D7%9C%D7%95%D7%A0%D7%99/,MOBILE,0,31,0,57.16129032258065
https://jus-tice.co.il/supreme_court/%D7%91%D7%92%D7%A5-2144-20-%D7%99%D7%95%D7%A8-%D7%94%D7%9B%D7%A0%D7%A1%D7%AA-%D7%91%D7%A4%D7%95%D7%A2%D7%9C-%D7%99%D7%95%D7%9C%D7%99-%D7%90%D7%93%D7%9C%D7%A9%D7%98%D7%99/,DESKTOP,0,6,0,64.33333333333334
https://jus-tice.co.il/supreme_court/%D7%91%D7%92%D7%A5-2144-20-%D7%99%D7%95%D7%A8-%D7%94%D7%9B%D7%A0%D7%A1%D7%AA-%D7%91%D7%A4%D7%95%D7%A2%D7%9C-%D7%99%D7%95%D7%9C%D7%99-%D7%90%D7%93%D7%9C%D7%A9%D7%98%D7%99/,MOBILE,0,1,0,101
https://jus-tice.co.il/supreme_court/%D7%91%D7%92%D7%A5-2144-20-25-03-%D7%9E%D7%97%D7%99%D7%99%D7%91-%D7%91%D7%97%D7%99%D7%A8%D7%AA-%D7%99%D7%95%D7%A8-%D7%A7%D7%91%D7%95%D7%A2-%D7%9C%D7%9B%D7%A0%D7%A1%D7%AA/,DESKTOP,0,141,0,49.297872340425535
https://jus-tice.co.il/supreme_court/%D7%91%D7%92%D7%A5-2144-20-25-03-%D7%9E%D7%97%D7%99%D7%99%D7%91-%D7%91%D7%97%D7%99%D7%A8%D7%AA-%D7%99%D7%95%D7%A8-%D7%A7%D7%91%D7%95%D7%A2-%D7%9C%D7%9B%D7%A0%D7%A1%D7%AA/,MOBILE,0,3,0,59.666666666666664
https://jus-tice.co.il/surgical-errors-medical-malpractice/,DESKTOP,0,661,0,60.37216338880484
https://jus-tice.co.il/surgical-errors-medical-malpractice/,MOBILE,0,22,0,37.72727272727273
https://jus-tice.co.il/tag/%D7%AA%D7%91%D7%99%D7%A2%D7%95%D7%AA-%D7%A7%D7%98%D7%A0%D7%95%D7%AA/,DESKTOP,0,1,0,7
https://jus-tice.co.il/taiwan-lawyers/,DESKTOP,0,846,0,42.695035460992905
https://jus-tice.co.il/taiwan-lawyers/,MOBILE,0,59,0,47.30508474576271
https://jus-tice.co.il/tax-guide-portugal/,DESKTOP,0,604,0,47.44701986754967
https://jus-tice.co.il/tax-guide-portugal/,MOBILE,0,55,0,47.472727272727276
https://jus-tice.co.il/tax-investigation-guide/,DESKTOP,0,13056,0,44.57766544117647
https://jus-tice.co.il/tax-investigation-guide/,TABLET,0,8,0,27.125
https://jus-tice.co.il/tax-lawyer/,DESKTOP,0,28,0,53.357142857142854
https://jus-tice.co.il/tax-lawyer/,MOBILE,0,9,0,40.77777777777778
https://jus-tice.co.il/tax-offenses-criminal-lawyer/,DESKTOP,0,1690,0,58.59585798816568
https://jus-tice.co.il/tax-offenses-criminal-lawyer/,MOBILE,0,323,0,54.45820433436533
https://jus-tice.co.il/tax-offenses-criminal-lawyer/,TABLET,0,5,0,61
https://jus-tice.co.il/taxation-in-portugal/,DESKTOP,0,832,0,14.796875
https://jus-tice.co.il/taxation-in-portugal/,MOBILE,0,43,0,18.232558139534884
https://jus-tice.co.il/tel-aviv-city-best-lawyers/,DESKTOP,0,5338,0,60.523979018358936
https://jus-tice.co.il/tel-aviv-city-best-lawyers/,MOBILE,0,436,0,54.11009174311926
https://jus-tice.co.il/tel-aviv-city-best-lawyers/,TABLET,0,2,0,60.5
https://jus-tice.co.il/tender-years-mother-custody-child-age-under-6/,DESKTOP,0,3740,0,43.549197860962565
https://jus-tice.co.il/tender-years-mother-custody-child-age-under-6/,MOBILE,0,105,0,38.55238095238095
https://jus-tice.co.il/tender-years-mother-custody-child-age-under-6/,TABLET,0,1,0,51
https://jus-tice.co.il/thailand-civil-code/,DESKTOP,0,532,0,35.81203007518797
https://jus-tice.co.il/thailand-civil-code/,MOBILE,0,9,0,75
https://jus-tice.co.il/thailand-land-purchase-and-ownership-law/,DESKTOP,0,1862,0,46.48764769065521
https://jus-tice.co.il/thailand-land-purchase-and-ownership-law/,MOBILE,0,397,0,49.51889168765743
https://jus-tice.co.il/thailand-land-purchase-and-ownership-law/,TABLET,0,1,0,44
https://jus-tice.co.il/thailand-real-estate/,TABLET,0,9,0,10.222222222222221
https://jus-tice.co.il/the-legal-500/,DESKTOP,0,323,0,51.696594427244584
https://jus-tice.co.il/the-legal-500/,MOBILE,0,22,0,35.77272727272727
https://jus-tice.co.il/the-race-for-jurisdiction-family-law/,DESKTOP,0,418,0,47.739234449760765
https://jus-tice.co.il/the-race-for-jurisdiction-family-law/,MOBILE,0,39,0,42.743589743589745
https://jus-tice.co.il/tma-38-and-urban-renewal-lawyer/,DESKTOP,0,5439,0,62.034197462768894
https://jus-tice.co.il/tma-38-and-urban-renewal-lawyer/,MOBILE,0,311,0,66.7556270096463
https://jus-tice.co.il/tma-38-and-urban-renewal-lawyer/,TABLET,0,1,0,64
https://jus-tice.co.il/top-criminal-lawyer-tel-aviv/,DESKTOP,0,66,0,54.13636363636363
https://jus-tice.co.il/top-criminal-lawyer-tel-aviv/,MOBILE,0,18,0,35.166666666666664
https://jus-tice.co.il/top-criminal-lawyer-tel-aviv/,TABLET,0,1,0,9
https://jus-tice.co.il/top-global-tax-cpa-firms/,TABLET,0,3,0,27
https://jus-tice.co.il/top-international-tax-law-firms/,DESKTOP,0,5,0,78.4
https://jus-tice.co.il/top-international-tax-law-firms/,MOBILE,0,7,0,76.28571428571429
https://jus-tice.co.il/tort-lawyer/,DESKTOP,0,2017,0,76.28309370352008
https://jus-tice.co.il/tort-lawyer/,MOBILE,0,160,0,71.33125
https://jus-tice.co.il/tort-reform/,DESKTOP,0,301,0,68.11960132890366
https://jus-tice.co.il/tort-reform/,MOBILE,0,6,0,57.333333333333336
https://jus-tice.co.il/tort/,DESKTOP,0,866,0,69.15704387990762
https://jus-tice.co.il/tort/,MOBILE,0,113,0,66.69911504424779
https://jus-tice.co.il/tort/%D7%A4%D7%99%D7%A6%D7%95%D7%99-%D7%AA%D7%90%D7%95%D7%A0%D7%AA-%D7%90%D7%95%D7%A4%D7%A0%D7%95%D7%A2/,DESKTOP,0,55,0,73.21818181818182
https://jus-tice.co.il/tort/%D7%A4%D7%A7%D7%95%D7%93%D7%AA-%D7%94%D7%A0%D7%96%D7%99%D7%A7%D7%99%D7%9F-%D7%A0%D7%95%D7%A1%D7%97-%D7%97%D7%93%D7%A9/,DESKTOP,0,156,0,67.87179487179488
https://jus-tice.co.il/tort/%D7%A4%D7%A7%D7%95%D7%93%D7%AA-%D7%94%D7%A0%D7%96%D7%99%D7%A7%D7%99%D7%9F-%D7%A0%D7%95%D7%A1%D7%97-%D7%97%D7%93%D7%A9/,MOBILE,0,8,0,21.25
https://jus-tice.co.il/traffic-lawyer/,DESKTOP,0,15505,0,68.29242179941954
https://jus-tice.co.il/traffic-lawyer/,MOBILE,0,4415,0,67.05209513023783
https://jus-tice.co.il/traffic-lawyer/,TABLET,0,8,0,19.125
https://jus-tice.co.il/trusted-divorce-attorney-guide/,DESKTOP,0,4840,0,74.0301652892562
https://jus-tice.co.il/trusted-divorce-attorney-guide/,MOBILE,0,931,0,75.6390977443609
https://jus-tice.co.il/trusted-divorce-attorney-guide/,TABLET,0,1,0,61
https://jus-tice.co.il/types-of-lawyers-small-business/,TABLET,0,250,0,38.156
https://jus-tice.co.il/uk-lawyer/,DESKTOP,0,2125,0,45.5675294117647
https://jus-tice.co.il/uk-lawyer/,MOBILE,0,43,0,50.16279069767442
https://jus-tice.co.il/uk-lawyer/,TABLET,0,1,0,8
https://jus-tice.co.il/ukraine-lawyers/,TABLET,0,2,0,2.5
https://jus-tice.co.il/unbundled-legal-services/,DESKTOP,0,11,0,52.36363636363637
https://jus-tice.co.il/unbundled-legal-services/,MOBILE,0,2,0,39
https://jus-tice.co.il/unequal-pension-split-verdict-against-husband/,DESKTOP,0,924,0,62.654761904761905
https://jus-tice.co.il/unequal-pension-split-verdict-against-husband/,MOBILE,0,72,0,52.30555555555556
https://jus-tice.co.il/united-arab-emirates-lawyers/,TABLET,0,9,0,20.22222222222222
https://jus-tice.co.il/united-arab-emirates-market-overview/,DESKTOP,0,123,0,25.284552845528456
https://jus-tice.co.il/united-arab-emirates-market-overview/,MOBILE,0,4,0,10.5
https://jus-tice.co.il/us-law-aggravating-factors-in-criminal-sentences/,DESKTOP,0,574,0,65.42160278745645
https://jus-tice.co.il/us-law-aggravating-factors-in-criminal-sentences/,MOBILE,0,119,0,57.596638655462186
https://jus-tice.co.il/us-lawyer-license-requirements/,DESKTOP,0,2331,0,40.891891891891895
https://jus-tice.co.il/us-securities-and-exchange-commission/,DESKTOP,0,1394,0,63.170731707317074
https://jus-tice.co.il/us-securities-and-exchange-commission/,MOBILE,0,167,0,38.16167664670659
https://jus-tice.co.il/us-securities-and-exchange-commission/,TABLET,0,2,0,38
https://jus-tice.co.il/usa-arraignment-formal-reading-of-criminal-charging/,DESKTOP,0,229,0,60.19650655021834
https://jus-tice.co.il/usa-arraignment-formal-reading-of-criminal-charging/,MOBILE,0,41,0,61.58536585365854
https://jus-tice.co.il/usa-lawyers/,DESKTOP,0,8207,0,18.52065310101133
https://jus-tice.co.il/usa-lawyers/,TABLET,0,2,0,11
https://jus-tice.co.il/vietnam-lawyer/,DESKTOP,0,85,0,81.72941176470589
https://jus-tice.co.il/vietnam-lawyer/,MOBILE,0,13,0,94
https://jus-tice.co.il/virtual-law-firm/,DESKTOP,0,1788,0,65.54697986577182
https://jus-tice.co.il/virtual-law-firm/,MOBILE,0,309,0,83.11326860841424
https://jus-tice.co.il/virtual-law-firm/,TABLET,0,2,0,88.5
https://jus-tice.co.il/vonovia/,DESKTOP,0,1389,0,58.782577393808495
https://jus-tice.co.il/vonovia/,MOBILE,0,86,0,62.872093023255815
https://jus-tice.co.il/wachtell-lipton-rosen-katz/,DESKTOP,0,1869,0,39.15997859818084
https://jus-tice.co.il/web-development-agreement/,DESKTOP,0,858,0,51.52214452214452
https://jus-tice.co.il/weil-gotshal-manges/,DESKTOP,0,410,0,30.44390243902439
https://jus-tice.co.il/weil-gotshal-manges/,MOBILE,0,67,0,14.656716417910447
https://jus-tice.co.il/what-is-a-contract,DESKTOP,0,171,0,58.45029239766082
https://jus-tice.co.il/what-is-a-contract,MOBILE,0,125,0,15.288
https://jus-tice.co.il/what-is-a-contract/,DESKTOP,0,5215,0,66.86558005752637
https://jus-tice.co.il/what-is-a-contract/,TABLET,0,4,0,15.5
https://jus-tice.co.il/what-is-a-divorce-settlement-agreement/,DESKTOP,0,2740,0,67.5463503649635
https://jus-tice.co.il/what-is-a-divorce-settlement-agreement/,MOBILE,0,535,0,64.38317757009347
https://jus-tice.co.il/what-is-a-divorce-settlement-agreement/,TABLET,0,1,0,64
https://jus-tice.co.il/what-is-a-law-firm/,TABLET,0,1,0,75
https://jus-tice.co.il/what-is-a-probate-order/,DESKTOP,0,12137,0,53.4599159594628
https://jus-tice.co.il/what-is-a-probate-order/,MOBILE,0,2265,0,46.39955849889625
https://jus-tice.co.il/what-is-a-probate-order/,TABLET,0,24,0,51.333333333333336
https://jus-tice.co.il/what-is-bitcoin-and-how-does-it-work,DESKTOP,0,17017,0,55.52518070165129
https://jus-tice.co.il/what-is-bitcoin-and-how-does-it-work,MOBILE,0,2154,0,51.1058495821727
https://jus-tice.co.il/what-is-bitcoin-and-how-does-it-work/,DESKTOP,0,2469,0,54.43863912515188
https://jus-tice.co.il/what-is-bitcoin-and-how-does-it-work/,MOBILE,0,363,0,49.570247933884296
https://jus-tice.co.il/what-is-bitcoin/,DESKTOP,0,7109,0,65.77352651568434
https://jus-tice.co.il/what-is-bitcoin/,MOBILE,0,1513,0,62.98281559814937
https://jus-tice.co.il/what-is-bitcoin/,TABLET,0,1,0,53
https://jus-tice.co.il/what-is-child-custody/,DESKTOP,0,5861,0,69.1887049991469
https://jus-tice.co.il/what-is-child-custody/,MOBILE,0,668,0,75.11976047904191
https://jus-tice.co.il/what-is-child-custody/,TABLET,0,1,0,78
https://jus-tice.co.il/what-is-cyberattack/,DESKTOP,0,2182,0,54.882218148487624
https://jus-tice.co.il/what-is-cyberattack/,MOBILE,0,439,0,51.68109339407745
https://jus-tice.co.il/what-is-intellectual-property/,DESKTOP,0,3416,0,55.09279859484778
https://jus-tice.co.il/what-is-intellectual-property/,MOBILE,0,744,0,51.02284946236559
https://jus-tice.co.il/what-is-justice/,TABLET,0,1,0,10
https://jus-tice.co.il/what-is-medical-malpractice-definition-examples/,DESKTOP,0,4257,0,42.66032417195208
https://jus-tice.co.il/what-is-medical-malpractice-definition-examples/,MOBILE,0,664,0,52.90512048192771
https://jus-tice.co.il/what-is-money-laundering/,MOBILE,0,1343,0,35.090096798212954
https://jus-tice.co.il/what-is-money-laundering/,TABLET,0,5,0,31.8
https://jus-tice.co.il/what-should-a-divorce-settlement-agreement-include/,DESKTOP,0,5072,0,60.113170347003155
https://jus-tice.co.il/what-should-a-divorce-settlement-agreement-include/,MOBILE,0,1011,0,65.59248269040553
https://jus-tice.co.il/what-should-a-divorce-settlement-agreement-include/,TABLET,0,1,0,83
https://jus-tice.co.il/what-to-avoid-when-hiring-a-web-design-company/,DESKTOP,0,1340,0,62.45522388059702
https://jus-tice.co.il/what-to-avoid-when-hiring-a-web-design-company/,MOBILE,0,255,0,61.42745098039216
https://jus-tice.co.il/what-to-avoid-when-hiring-a-web-design-company/,TABLET,0,2,0,61
https://jus-tice.co.il/what-to-consider-when-hiring-a-criminal-lawyer/,DESKTOP,0,23,0,74.43478260869566
https://jus-tice.co.il/what-to-consider-when-hiring-a-criminal-lawyer/,MOBILE,0,2,0,98.5
https://jus-tice.co.il/what-to-do-now-if-you-are-considering-a-divorce/,DESKTOP,0,1175,0,40.774468085106385
https://jus-tice.co.il/what-to-do-now-if-you-are-considering-a-divorce/,MOBILE,0,209,0,23.43062200956938
https://jus-tice.co.il/what-to-do-now-if-you-are-considering-a-divorce/,TABLET,0,2,0,89.5
https://jus-tice.co.il/will-and-testament/,DESKTOP,0,1195,0,69.26443514644352
https://jus-tice.co.il/will-and-testament/,MOBILE,0,85,0,81.02352941176471
https://jus-tice.co.il/will-probate-objection/,DESKTOP,0,12307,0,60.22613146989518
https://jus-tice.co.il/will-probate-objection/,MOBILE,0,1440,0,65.44236111111111
https://jus-tice.co.il/will-probate-objection/,TABLET,0,18,0,64.22222222222223
https://jus-tice.co.il/women-lawyer-vs-men-divorce-lawyer/,DESKTOP,0,52,0,57.71153846153846
https://jus-tice.co.il/women-lawyer-vs-men-divorce-lawyer/,MOBILE,0,5,0,46.2
https://jus-tice.co.il/working-permit-for-foreign-workers/,DESKTOP,0,9986,0,52.63869417184058
https://jus-tice.co.il/wp-content/uploads/2019/03/%D7%91%D7%99%D7%94%D7%93-%D7%94%D7%90%D7%96%D7%95%D7%A8%D7%99-%D7%9C%D7%A2%D7%91%D7%95%D7%93%D7%94-%D7%91%D7%AA%D7%90-%D7%94%D7%A0%D7%A9%D7%99%D7%90%D7%94-%D7%90%D7%A4%D7%A8%D7%AA-%D7%9C%D7%A7%D7%A1%D7%A8-%D7%94%D7%97%D7%9C%D7%98%D7%94-%D7%91%D7%A0%D7%95%D7%A9%D7%90-%D7%9E%D7%A2%D7%91%D7%A8%D7%99-%D7%94%D7%92%D7%91%D7%95%D7%9C.pdf,DESKTOP,0,10,0,18.3
https://jus-tice.co.il/wp-content/uploads/2019/03/%D7%91%D7%99%D7%94%D7%93-%D7%94%D7%90%D7%96%D7%95%D7%A8%D7%99-%D7%9C%D7%A2%D7%91%D7%95%D7%93%D7%94-%D7%91%D7%AA%D7%90-%D7%94%D7%A0%D7%A9%D7%99%D7%90%D7%94-%D7%90%D7%A4%D7%A8%D7%AA-%D7%9C%D7%A7%D7%A1%D7%A8-%D7%94%D7%97%D7%9C%D7%98%D7%94-%D7%91%D7%A0%D7%95%D7%A9%D7%90-%D7%9E%D7%A2%D7%91%D7%A8%D7%99-%D7%94%D7%92%D7%91%D7%95%D7%9C.pdf,MOBILE,0,6,0,18.5
https://jus-tice.co.il/wp-content/uploads/2019/03/%D7%91%D7%99%D7%94%D7%93-%D7%94%D7%90%D7%96%D7%95%D7%A8%D7%99-%D7%9C%D7%A2%D7%91%D7%95%D7%93%D7%94-%D7%91%D7%AA%D7%90-%D7%A9-%D7%93%D7%95%D7%A8%D7%99-%D7%A1%D7%A4%D7%99%D7%91%D7%A7-%D7%90%D7%99%D7%A9%D7%95%D7%A8-%D7%AA%D7%95%D7%91%D7%A2%D7%A0%D7%94-%D7%99%D7%99%D7%A6%D7%95%D7%92%D7%99%D7%AA-%D7%A2%D7%95%D7%91%D7%93%D7%99-%D7%9E%D7%95%D7%A7%D7%93-%D7%98%D7%9C%D7%A4%D7%95%D7%A0%D7%99-%D7%AA%D7%A9%D7%9C%D7%95%D7%9D-%D7%A9%D7%9B%D7%A8-%D7%A2%D7%91%D7%95%D7%93%D7%94-%D7%A2%D7%91%D7%95%D7%A8-%D7%94%D7%A4%D7%A1%D7%A7%D7%95%D7%AA-%D7%A7%D7%A6%D7%A8%D7%95%D7%AA.pdf,DESKTOP,0,1,0,28
https://jus-tice.co.il/wp-content/uploads/2019/03/%D7%91%D7%99%D7%94%D7%93-%D7%94%D7%90%D7%96%D7%95%D7%A8%D7%99-%D7%9C%D7%A2%D7%91%D7%95%D7%93%D7%94-%D7%91%D7%AA%D7%90-%D7%A9-%D7%93%D7%A8-%D7%90%D7%A8%D7%99%D7%90%D7%9C%D7%94-%D7%92%D7%99%D7%9C%D7%A6%D7%A8-%D7%9B%D7%A5-%D7%94%D7%97%D7%9C%D7%98%D7%94-%D7%91%D7%A0%D7%95%D7%A9%D7%90-%D7%A7%D7%A4%D7%94-%D7%A0%D7%95%D7%90%D7%A8-%D7%AA%D7%99%D7%A7-%D7%A1%D7%A7-25618-09-17.pdf,DESKTOP,0,21,0,57.23809523809524
https://jus-tice.co.il/wp-content/uploads/2019/03/%D7%91%D7%99%D7%94%D7%93-%D7%94%D7%90%D7%96%D7%95%D7%A8%D7%99-%D7%9C%D7%A2%D7%91%D7%95%D7%93%D7%94-%D7%91%D7%AA%D7%90-%D7%A9-%D7%AA%D7%95%D7%9E%D7%A8-%D7%A1%D7%99%D7%9C%D7%95%D7%A8%D7%94-%D7%A4%D7%A1%D7%93-%D7%91%D7%A0%D7%95%D7%A9%D7%90-%D7%94%D7%A9%D7%95%D7%95%D7%90%D7%AA-%D7%AA%D7%A0%D7%90%D7%99%D7%9D-%D7%91%D7%9E%D7%A2%D7%95%D7%A0%D7%95%D7%AA-%D7%99%D7%95%D7%9D-%D7%95%D7%92%D7%A0%D7%99%D7%9D-%D7%91%D7%97%D7%99%D7%A0%D7%95%D7%9A-%D7%94%D7%97%D7%A8%D7%93%D7%99-1.pdf,DESKTOP,0,1,0,35
https://jus-tice.co.il/wp-content/uploads/2019/03/%D7%91%D7%99%D7%94%D7%93-%D7%94%D7%90%D7%96%D7%95%D7%A8%D7%99-%D7%9C%D7%A2%D7%91%D7%95%D7%93%D7%94-%D7%99%D7%A8%D7%95%D7%A9%D7%9C%D7%99%D7%9D-%D7%A9-%D7%A9%D7%A8%D7%94-%D7%A9%D7%93%D7%99%D7%90%D7%95%D7%A8-%D7%94%D7%97%D7%9C%D7%98%D7%94-%D7%91%D7%A0%D7%95%D7%A9%D7%90-%D7%A2%D7%99%D7%9B%D7%95%D7%91-%D7%99%D7%A6%D7%99%D7%90%D7%94-%D7%9E%D7%94%D7%90%D7%A8%D7%A5.pdf,DESKTOP,0,1,0,49
https://jus-tice.co.il/wp-content/uploads/2019/03/%D7%91%D7%99%D7%94%D7%93-%D7%94%D7%90%D7%96%D7%95%D7%A8%D7%99-%D7%9C%D7%A2%D7%91%D7%95%D7%93%D7%94-%D7%A9-%D7%A2%D7%99%D7%93%D7%99%D7%AA-%D7%90%D7%99%D7%A6%D7%A7%D7%95%D7%91%D7%99%D7%A5-%D7%90%D7%95%D7%A9%D7%A8%D7%94-%D7%AA%D7%95%D7%91%D7%A2%D7%A0%D7%94-%D7%99%D7%99%D7%A6%D7%95%D7%92%D7%99%D7%AA-%D7%A0%D7%99%D7%9B%D7%95%D7%99-%D7%A9%D7%9C%D7%90-%D7%9B%D7%93%D7%99%D7%9F-%D7%9E%D7%A9%D7%9B%D7%A8%D7%9D-%D7%A9%D7%9C-%D7%9E%D7%98%D7%A4%D7%9C%D7%99%D7%9D-%D7%A1%D7%99%D7%A2%D7%95%D7%93%D7%99%D7%99%D7%9D.pdf,DESKTOP,0,20,0,63.4
https://jus-tice.co.il/wp-content/uploads/2019/03/%D7%91%D7%99%D7%94%D7%93-%D7%94%D7%90%D7%96%D7%95%D7%A8%D7%99-%D7%9C%D7%A2%D7%91%D7%95%D7%93%D7%94-%D7%AA%D7%90-%D7%A9-%D7%90%D7%95%D7%A8%D7%9F-%D7%A9%D7%92%D7%91-%D7%A4%D7%A1%D7%93-%D7%91%D7%A2%D7%A0%D7%99%D7%99%D7%9F-%D7%90%D7%97%D7%A8%D7%99%D7%95%D7%AA-%D7%91%D7%99%D7%98%D7%95%D7%97-%D7%9C%D7%90%D7%95%D7%9E%D7%99-%D7%9C%D7%98%D7%99%D7%A4%D7%95%D7%9C-%D7%91%D7%97%D7%95%D7%9C%D7%94-%D7%A1%D7%A8%D7%98%D7%9F.pdf,DESKTOP,0,4,0,38.25
https://jus-tice.co.il/wp-content/uploads/2019/03/%D7%91%D7%99%D7%94%D7%93-%D7%94%D7%90%D7%96%D7%95%D7%A8%D7%99-%D7%9C%D7%A2%D7%91%D7%95%D7%93%D7%94-%D7%AA%D7%90-%D7%A9-%D7%93%D7%95%D7%A8%D7%99-%D7%A1%D7%A4%D7%99%D7%91%D7%A7-%D7%A4%D7%A1%D7%A7-%D7%93%D7%99%D7%9F-%D7%91%D7%A0%D7%95%D7%A9%D7%90-%D7%96%D7%9B%D7%95%D7%99%D7%95%D7%AA-%D7%A2%D7%95%D7%91%D7%93%D7%99-%D7%91%D7%98%D7%97%D7%95%D7%9F-%D7%90%D7%9C-%D7%A2%D7%9C.pdf,DESKTOP,0,165,0,28.612121212121213
https://jus-tice.co.il/wp-content/uploads/2019/03/%D7%91%D7%99%D7%94%D7%93-%D7%94%D7%90%D7%96%D7%95%D7%A8%D7%99-%D7%9C%D7%A2%D7%91%D7%95%D7%93%D7%94-%D7%AA%D7%90-%D7%A9-%D7%93%D7%95%D7%A8%D7%99-%D7%A1%D7%A4%D7%99%D7%91%D7%A7-%D7%A4%D7%A1%D7%A7-%D7%93%D7%99%D7%9F-%D7%91%D7%A0%D7%95%D7%A9%D7%90-%D7%96%D7%9B%D7%95%D7%99%D7%95%D7%AA-%D7%A2%D7%95%D7%91%D7%93%D7%99-%D7%91%D7%98%D7%97%D7%95%D7%9F-%D7%90%D7%9C-%D7%A2%D7%9C.pdf,MOBILE,0,2,0,8
https://jus-tice.co.il/wp-content/uploads/2019/03/%D7%91%D7%99%D7%94%D7%93-%D7%94%D7%90%D7%96%D7%95%D7%A8%D7%99-%D7%9C%D7%A2%D7%91%D7%95%D7%93%D7%94-%D7%AA%D7%90-%D7%A9-%D7%A8%D7%95%D7%99%D7%AA-%D7%A6%D7%93%D7%99%D7%A7-%D7%A4%D7%A1%D7%A7-%D7%93%D7%99%D7%9F-%D7%91%D7%A2%D7%A0%D7%99%D7%99%D7%9F-%D7%96%D7%9B%D7%95%D7%99%D7%95%D7%AA-%D7%A2%D7%95%D7%91%D7%93%D7%99%D7%9D-%D7%91%D7%A2%D7%A0%D7%A3-%D7%94%D7%A9%D7%9E%D7%99%D7%A8%D7%94.pdf,DESKTOP,0,54,0,56.18518518518518
https://jus-tice.co.il/wp-content/uploads/2019/03/%D7%91%D7%99%D7%94%D7%93-%D7%94%D7%90%D7%96%D7%95%D7%A8%D7%99-%D7%9C%D7%A2%D7%91%D7%95%D7%93%D7%94-%D7%AA%D7%90-%D7%A9-%D7%A8%D7%95%D7%99%D7%AA-%D7%A6%D7%93%D7%99%D7%A7-%D7%A4%D7%A1%D7%A7-%D7%93%D7%99%D7%9F-%D7%91%D7%A2%D7%A0%D7%99%D7%99%D7%9F-%D7%96%D7%9B%D7%95%D7%99%D7%95%D7%AA-%D7%A2%D7%95%D7%91%D7%93%D7%99%D7%9D-%D7%91%D7%A2%D7%A0%D7%A3-%D7%94%D7%A9%D7%9E%D7%99%D7%A8%D7%94.pdf,MOBILE,0,1,0,75
https://jus-tice.co.il/wp-content/uploads/2019/03/%D7%91%D7%99%D7%94%D7%93-%D7%94%D7%90%D7%99%D7%96%D7%95%D7%A8%D7%99-%D7%9C%D7%A2%D7%91%D7%95%D7%93%D7%94-%D7%91%D7%91%D7%90%D7%A8-%D7%A9%D7%91%D7%A2-%D7%94%D7%A9%D7%95%D7%A4%D7%98-%D7%A6%D7%91%D7%99-%D7%A4%D7%A8%D7%A0%D7%A7%D7%9C-%D7%A4%D7%A1%D7%93-%D7%91%D7%A0%D7%95%D7%A9%D7%90-%D7%AA%D7%91%D7%99%D7%A2%D7%94-%D7%90%D7%99%D7%A9%D7%99%D7%AA-%D7%A0%D7%92%D7%93-%D7%9E%D7%A0%D7%9B%D7%9C-%D7%91%D7%A0%D7%A7-%D7%94%D7%A4%D7%95%D7%A2%D7%9C%D7%99%D7%9D-%D7%91%D7%92%D7%99%D7%9F-%D7%94%D7%AA%D7%A2%D7%9E%D7%A8%D7%95%D7%AA-%D7%91%D7%A2%D7%91%D7%95%D7%93%D7%94.pdf,DESKTOP,0,2,0,61
https://jus-tice.co.il/wp-content/uploads/2019/03/%D7%91%D7%99%D7%94%D7%93-%D7%94%D7%90%D7%99%D7%96%D7%95%D7%A8%D7%99-%D7%9C%D7%A2%D7%91%D7%95%D7%93%D7%94-%D7%91%D7%A0%D7%A6%D7%A8%D7%AA-%D7%A9-%D7%98%D7%9C-%D7%92%D7%95%D7%9C%D7%9F-%D7%A4%D7%A1%D7%93-%D7%91%D7%AA%D7%91%D7%99%D7%A2%D7%95%D7%AA-%D7%94%D7%93%D7%93%D7%99%D7%95%D7%AA-%D7%A9%D7%9C-%D7%97%D7%91%D7%A8%D7%94-%D7%9C%D7%99%D7%99%D7%A6%D7%95%D7%A8-%D7%99%D7%A8%D7%99%D7%A2%D7%95%D7%AA-%D7%A4%D7%9C%D7%A1%D7%98%D7%99%D7%A7-%D7%9C%D7%97%D7%A7%D7%9C%D7%90%D7%95%D7%AA-%D7%95%D7%9E%D7%A0%D7%9B%D7%9C-%D7%94%D7%97%D7%91%D7%A8%D7%94-%D7%9C%D7%A9%D7%A2%D7%91%D7%A8.pdf,DESKTOP,0,1,0,25
https://jus-tice.co.il/wp-content/uploads/2019/03/%D7%91%D7%99%D7%94%D7%93-%D7%94%D7%90%D7%99%D7%96%D7%95%D7%A8%D7%99-%D7%9C%D7%A2%D7%91%D7%95%D7%93%D7%94-%D7%91%D7%A0%D7%A6%D7%A8%D7%AA-%D7%A9-%D7%98%D7%9C-%D7%92%D7%95%D7%9C%D7%9F-%D7%A4%D7%A1%D7%93-%D7%91%D7%AA%D7%91%D7%99%D7%A2%D7%95%D7%AA-%D7%94%D7%93%D7%93%D7%99%D7%95%D7%AA-%D7%A9%D7%9C-%D7%97%D7%91%D7%A8%D7%94-%D7%9C%D7%99%D7%99%D7%A6%D7%95%D7%A8-%D7%99%D7%A8%D7%99%D7%A2%D7%95%D7%AA-%D7%A4%D7%9C%D7%A1%D7%98%D7%99%D7%A7-%D7%9C%D7%97%D7%A7%D7%9C%D7%90%D7%95%D7%AA-%D7%95%D7%9E%D7%A0%D7%9B%D7%9C-%D7%94%D7%97%D7%91%D7%A8%D7%94-%D7%9C%D7%A9%D7%A2%D7%91%D7%A8.pdf,MOBILE,0,1,0,18
https://jus-tice.co.il/wp-content/uploads/2019/03/%D7%91%D7%99%D7%94%D7%93-%D7%94%D7%90%D7%99%D7%96%D7%95%D7%A8%D7%99-%D7%9C%D7%A2%D7%91%D7%95%D7%93%D7%94-%D7%91%D7%A9-%D7%A9-%D7%A6%D7%91%D7%99-%D7%A4%D7%A8%D7%A0%D7%A7%D7%9C-%D7%A4%D7%A1%D7%93-%D7%91%D7%A0%D7%95%D7%A9%D7%90-%D7%9E%D7%99%D7%A7%D7%A8%D7%95%D7%98%D7%A8%D7%90%D7%95%D7%9E%D7%94-%D7%91%D7%A2%D7%91%D7%95%D7%93%D7%94-%D7%A9%D7%94%D7%AA%D7%A0%D7%94%D7%9C%D7%94-%D7%A2%D7%9C-%D7%A4%D7%A0%D7%99-%D7%97%D7%93%D7%A9%D7%99%D7%9D-%D7%A1%D7%A4%D7%95%D7%A8%D7%99%D7%9D-%D7%91%D7%9C%D7%91%D7%93.pdf,DESKTOP,0,63,0,39.79365079365079
https://jus-tice.co.il/wp-content/uploads/2019/03/%D7%91%D7%99%D7%94%D7%93-%D7%94%D7%90%D7%99%D7%96%D7%95%D7%A8%D7%99-%D7%9C%D7%A2%D7%91%D7%95%D7%93%D7%94-%D7%91%D7%A9-%D7%A9-%D7%A6%D7%91%D7%99-%D7%A4%D7%A8%D7%A0%D7%A7%D7%9C-%D7%A4%D7%A1%D7%93-%D7%91%D7%A0%D7%95%D7%A9%D7%90-%D7%9E%D7%99%D7%A7%D7%A8%D7%95%D7%98%D7%A8%D7%90%D7%95%D7%9E%D7%94-%D7%91%D7%A2%D7%91%D7%95%D7%93%D7%94-%D7%A9%D7%94%D7%AA%D7%A0%D7%94%D7%9C%D7%94-%D7%A2%D7%9C-%D7%A4%D7%A0%D7%99-%D7%97%D7%93%D7%A9%D7%99%D7%9D-%D7%A1%D7%A4%D7%95%D7%A8%D7%99%D7%9D-%D7%91%D7%9C%D7%91%D7%93.pdf,MOBILE,0,34,0,30.323529411764707
https://jus-tice.co.il/wp-content/uploads/2019/03/%D7%91%D7%99%D7%94%D7%93-%D7%94%D7%90%D7%99%D7%96%D7%95%D7%A8%D7%99-%D7%9C%D7%A2%D7%91%D7%95%D7%93%D7%94-%D7%A0%D7%A6%D7%A8%D7%AA-%D7%A9-%D7%93%D7%A8-%D7%98%D7%9C-%D7%92%D7%95%D7%9C%D7%9F-%D7%A4%D7%A1%D7%93-%D7%91%D7%AA%D7%91%D7%99%D7%A2%D7%AA-%D7%94%D7%98%D7%A8%D7%93%D7%94-%D7%9E%D7%99%D7%A0%D7%99%D7%AA-%D7%91%D7%90%D7%A7%D7%93%D7%9E%D7%99%D7%94.pdf,DESKTOP,0,58,0,50.172413793103445
https://jus-tice.co.il/wp-content/uploads/2019/03/%D7%91%D7%99%D7%94%D7%93-%D7%94%D7%90%D7%99%D7%96%D7%95%D7%A8%D7%99-%D7%9C%D7%A2%D7%91%D7%95%D7%93%D7%94-%D7%A0%D7%A6%D7%A8%D7%AA-%D7%A9-%D7%93%D7%A8-%D7%98%D7%9C-%D7%92%D7%95%D7%9C%D7%9F-%D7%A4%D7%A1%D7%93-%D7%91%D7%AA%D7%91%D7%99%D7%A2%D7%AA-%D7%94%D7%98%D7%A8%D7%93%D7%94-%D7%9E%D7%99%D7%A0%D7%99%D7%AA-%D7%91%D7%90%D7%A7%D7%93%D7%9E%D7%99%D7%94.pdf,MOBILE,0,1,0,49
https://jus-tice.co.il/wp-content/uploads/2019/03/%D7%91%D7%99%D7%94%D7%93-%D7%94%D7%90%D7%A8%D7%A6%D7%99-%D7%9C%D7%A2%D7%91%D7%95%D7%93%D7%94-%D7%94%D7%A0%D7%A9%D7%99%D7%90%D7%94-%D7%95%D7%99%D7%A8%D7%98-%D7%9C%D7%99%D7%91%D7%A0%D7%94-%D7%A4%D7%A1%D7%93-%D7%91%D7%A0%D7%95%D7%A9%D7%90-%D7%A7%D7%95%D7%A8%D7%A1-%D7%9E%D7%A9%D7%A4%D7%99%D7%A2%D7%99%D7%9D-%D7%A9%D7%9C-%D7%A0%D7%A6%D7%99%D7%91%D7%95%D7%AA-%D7%A9%D7%99%D7%A8%D7%95%D7%AA-%D7%94%D7%9E%D7%93%D7%99%D7%A0%D7%94.pdf,DESKTOP,0,7,0,63.57142857142857
https://jus-tice.co.il/wp-content/uploads/2019/03/%D7%91%D7%99%D7%94%D7%93-%D7%94%D7%90%D7%A8%D7%A6%D7%99-%D7%9C%D7%A2%D7%91%D7%95%D7%93%D7%94-%D7%94%D7%A0%D7%A9%D7%99%D7%90%D7%94-%D7%95%D7%99%D7%A8%D7%98-%D7%9C%D7%99%D7%91%D7%A0%D7%94-%D7%A4%D7%A1%D7%93-%D7%91%D7%A0%D7%95%D7%A9%D7%90-%D7%A7%D7%95%D7%A8%D7%A1-%D7%9E%D7%A9%D7%A4%D7%99%D7%A2%D7%99%D7%9D-%D7%A9%D7%9C-%D7%A0%D7%A6%D7%99%D7%91%D7%95%D7%AA-%D7%A9%D7%99%D7%A8%D7%95%D7%AA-%D7%94%D7%9E%D7%93%D7%99%D7%A0%D7%94.pdf,MOBILE,0,1,0,72
https://jus-tice.co.il/wp-content/uploads/2019/03/%D7%91%D7%99%D7%94%D7%93-%D7%94%D7%90%D7%A8%D7%A6%D7%99-%D7%9C%D7%A2%D7%91%D7%95%D7%93%D7%94-%D7%94%D7%A8%D7%9B%D7%91-%D7%94%D7%A0%D7%A9%D7%99%D7%90-%D7%99%D7%92%D7%90%D7%9C-%D7%A4%D7%9C%D7%99%D7%98%D7%9E%D7%9F-%D7%A4%D7%A1%D7%93-%D7%91%D7%A2%D7%A0%D7%99%D7%99%D7%9F-%D7%94%D7%90%D7%A8%D7%9B%D7%AA-%D7%9E%D7%95%D7%A2%D7%93-%D7%9C%D7%A2%D7%A8%D7%A2%D7%95%D7%A8-%D7%A2%D7%9C-%D7%94%D7%97%D7%9C%D7%98%D7%95%D7%AA-%D7%95%D7%A2%D7%93%D7%95%D7%AA-%D7%A2%D7%A8%D7%A8-%D7%95%D7%92%D7%95%D7%A4%D7%99%D7%9D-%D7%90%D7%97%D7%A8%D7%99%D7%9D.pdf,DESKTOP,0,24,0,81.33333333333333
https://jus-tice.co.il/wp-content/uploads/2019/03/%D7%91%D7%99%D7%94%D7%93-%D7%94%D7%90%D7%A8%D7%A6%D7%99-%D7%9C%D7%A2%D7%91%D7%95%D7%93%D7%94-%D7%94%D7%A8%D7%9B%D7%91-%D7%94%D7%A0%D7%A9%D7%99%D7%90-%D7%99%D7%92%D7%90%D7%9C-%D7%A4%D7%9C%D7%99%D7%98%D7%9E%D7%9F-%D7%A4%D7%A1%D7%93-%D7%91%D7%A2%D7%A0%D7%99%D7%99%D7%9F-%D7%94%D7%90%D7%A8%D7%9B%D7%AA-%D7%9E%D7%95%D7%A2%D7%93-%D7%9C%D7%A2%D7%A8%D7%A2%D7%95%D7%A8-%D7%A2%D7%9C-%D7%94%D7%97%D7%9C%D7%98%D7%95%D7%AA-%D7%95%D7%A2%D7%93%D7%95%D7%AA-%D7%A2%D7%A8%D7%A8-%D7%95%D7%92%D7%95%D7%A4%D7%99%D7%9D-%D7%90%D7%97%D7%A8%D7%99%D7%9D.pdf,MOBILE,0,2,0,49.5
https://jus-tice.co.il/wp-content/uploads/2019/03/%D7%91%D7%99%D7%94%D7%93-%D7%94%D7%90%D7%A8%D7%A6%D7%99-%D7%9C%D7%A2%D7%91%D7%95%D7%93%D7%94-%D7%A9-%D7%92%D7%9C%D7%99%D7%A7%D7%A1%D7%9E%D7%9F-%D7%94%D7%9E%D7%A6%D7%90%D7%AA-%D7%9B%D7%AA%D7%91%D7%99-%D7%91%D7%99-%D7%93%D7%99%D7%9F-%D7%91%D7%90%D7%9E%D7%A6%D7%A2%D7%95%D7%AA-%D7%A0%D7%98-%D7%94%D7%9E%D7%A9%D7%A4%D7%98.pdf,DESKTOP,0,161,0,64.81987577639751
https://jus-tice.co.il/wp-content/uploads/2019/03/%D7%91%D7%99%D7%94%D7%93-%D7%94%D7%90%D7%A8%D7%A6%D7%99-%D7%9C%D7%A2%D7%91%D7%95%D7%93%D7%94-%D7%A9-%D7%93%D7%95%D7%99%D7%93%D7%95%D7%91-%D7%9E%D7%95%D7%98%D7%95%D7%9C%D7%94-%D7%A4%D7%A1%D7%93-%D7%A2%D7%91%D7%9C-33292-04-15-%D7%94%D7%9E%D7%95%D7%A1%D7%93-%D7%9C%D7%91%D7%99%D7%98%D7%95%D7%97-%D7%9C%D7%90%D7%95%D7%9E%D7%99-%D7%A4%D7%9C%D7%95%D7%A0%D7%99%D7%AA-%D7%A2%D7%9C-%D7%A2%D7%A7%D7%A8%D7%AA-%D7%91%D7%99%D7%AA-%D7%95%D7%A2%D7%A7%D7%A8%D7%AA-%D7%91%D7%99%D7%AA-%D7%A0%D7%9B%D7%94.pdf,DESKTOP,0,3,0,75
https://jus-tice.co.il/wp-content/uploads/2019/03/%D7%91%D7%99%D7%94%D7%93-%D7%94%D7%90%D7%A8%D7%A6%D7%99-%D7%9C%D7%A2%D7%91%D7%95%D7%93%D7%94-%D7%A9-%D7%93%D7%95%D7%99%D7%93%D7%95%D7%91-%D7%9E%D7%95%D7%98%D7%95%D7%9C%D7%94-%D7%A4%D7%A1%D7%93-%D7%A2%D7%91%D7%9C-33292-04-15-%D7%94%D7%9E%D7%95%D7%A1%D7%93-%D7%9C%D7%91%D7%99%D7%98%D7%95%D7%97-%D7%9C%D7%90%D7%95%D7%9E%D7%99-%D7%A4%D7%9C%D7%95%D7%A0%D7%99%D7%AA-%D7%A2%D7%9C-%D7%A2%D7%A7%D7%A8%D7%AA-%D7%91%D7%99%D7%AA-%D7%95%D7%A2%D7%A7%D7%A8%D7%AA-%D7%91%D7%99%D7%AA-%D7%A0%D7%9B%D7%94.pdf,MOBILE,0,2,0,72
https://jus-tice.co.il/wp-content/uploads/2019/03/%D7%91%D7%99%D7%94%D7%93-%D7%94%D7%90%D7%A8%D7%A6%D7%99-%D7%9C%D7%A2%D7%91%D7%95%D7%93%D7%94-%D7%A9-%D7%9C%D7%90%D7%94-%D7%92%D7%9C%D7%99%D7%A7%D7%A1%D7%9E%D7%9F-%D7%A2%D7%95%D7%91%D7%93%D7%99%D7%9D-%D7%A4%D7%9C%D7%A1%D7%98%D7%99%D7%A0%D7%99%D7%9D-%D7%94%D7%9E%D7%95%D7%A2%D7%A1%D7%A7%D7%99%D7%9D-%D7%91%D7%9E%D7%99%D7%A0%D7%94%D7%9C-%D7%94%D7%90%D7%96%D7%A8%D7%97%D7%99-%D7%96%D7%9B%D7%90%D7%99%D7%9D-%D7%9C%D7%A9%D7%9B%D7%A8-%D7%9E%D7%99%D7%A0%D7%99%D7%9E%D7%95%D7%9D.pdf,DESKTOP,0,153,0,47.55555555555556
https://jus-tice.co.il/wp-content/uploads/2019/03/%D7%91%D7%99%D7%94%D7%93-%D7%94%D7%90%D7%A8%D7%A6%D7%99-%D7%9C%D7%A2%D7%91%D7%95%D7%93%D7%94-%D7%A9-%D7%9C%D7%90%D7%94-%D7%92%D7%9C%D7%99%D7%A7%D7%A1%D7%9E%D7%9F-%D7%A2%D7%95%D7%91%D7%93%D7%99%D7%9D-%D7%A4%D7%9C%D7%A1%D7%98%D7%99%D7%A0%D7%99%D7%9D-%D7%94%D7%9E%D7%95%D7%A2%D7%A1%D7%A7%D7%99%D7%9D-%D7%91%D7%9E%D7%99%D7%A0%D7%94%D7%9C-%D7%94%D7%90%D7%96%D7%A8%D7%97%D7%99-%D7%96%D7%9B%D7%90%D7%99%D7%9D-%D7%9C%D7%A9%D7%9B%D7%A8-%D7%9E%D7%99%D7%A0%D7%99%D7%9E%D7%95%D7%9D.pdf,MOBILE,0,42,0,18
https://jus-tice.co.il/wp-content/uploads/2019/03/%D7%91%D7%99%D7%94%D7%93-%D7%94%D7%90%D7%A8%D7%A6%D7%99-%D7%9C%D7%A2%D7%91%D7%95%D7%93%D7%94-%D7%A9-%D7%9C%D7%90%D7%94-%D7%92%D7%9C%D7%99%D7%A7%D7%A1%D7%9E%D7%9F-%D7%A4%D7%A1%D7%93-%D7%91%D7%A2%D7%A0%D7%99%D7%99%D7%9F-%D7%A4%D7%99%D7%98%D7%95%D7%A8%D7%99-%D7%A2%D7%95%D7%91%D7%93%D7%99%D7%9D-%D7%A9%D7%94%D7%95%D7%A2%D7%A1%D7%A7%D7%95-%D7%91%D7%A0%D7%99%D7%92%D7%A8%D7%99%D7%94-%D7%95%D7%A4%D7%95%D7%A8%D7%95%D7%9D-%D7%9C%D7%90-%D7%A0%D7%90%D7%95%D7%AA.pdf,DESKTOP,0,7,0,79.42857142857143
https://jus-tice.co.il/wp-content/uploads/2019/03/%D7%91%D7%99%D7%94%D7%93-%D7%94%D7%90%D7%A8%D7%A6%D7%99-%D7%9C%D7%A2%D7%91%D7%95%D7%93%D7%94-%D7%A9-%D7%A8%D7%95%D7%A0%D7%99%D7%AA-%D7%A8%D7%95%D7%96%D7%A0%D7%A4%D7%9C%D7%93-%D7%A4%D7%A1%D7%93-%D7%91%D7%A0%D7%95%D7%A9%D7%90-%D7%94%D7%A4%D7%9C%D7%99%D7%99%D7%AA-%D7%90%D7%99%D7%A9%D7%94-%D7%91%D7%A7%D7%91%D7%9C%D7%94-%D7%9C%D7%A2%D7%91%D7%95%D7%93%D7%94.pdf,DESKTOP,0,3,0,63.333333333333336
https://jus-tice.co.il/wp-content/uploads/2019/03/%D7%91%D7%99%D7%94%D7%93-%D7%94%D7%90%D7%A8%D7%A6%D7%99-%D7%9C%D7%A2%D7%91%D7%95%D7%93%D7%94-%D7%A9-%D7%A8%D7%95%D7%A0%D7%99%D7%AA-%D7%A8%D7%95%D7%96%D7%A0%D7%A4%D7%9C%D7%93-%D7%A4%D7%A1%D7%93-%D7%91%D7%A2%D7%A0%D7%99%D7%99%D7%9F-%D7%96%D7%9B%D7%90%D7%95%D7%AA-%D7%92%D7%A8%D7%95%D7%A9%D7%94-%D7%91%D7%9E%D7%A9%D7%A4%D7%97%D7%94-%D7%A4%D7%95%D7%9C%D7%99%D7%92%D7%9E%D7%99%D7%AA-%D7%9C%D7%94%D7%91%D7%98%D7%97%D7%AA-%D7%94%D7%9B%D7%A0%D7%A1%D7%94-%D7%A0%D7%A4%D7%A8%D7%93%D7%AA.pdf,DESKTOP,0,12,0,19.833333333333332
https://jus-tice.co.il/wp-content/uploads/2019/03/%D7%91%D7%99%D7%94%D7%93-%D7%94%D7%90%D7%A8%D7%A6%D7%99-%D7%9C%D7%A2%D7%91%D7%95%D7%93%D7%94-%D7%A9-%D7%A8%D7%95%D7%A0%D7%99%D7%AA-%D7%A8%D7%95%D7%96%D7%A0%D7%A4%D7%9C%D7%93-%D7%A4%D7%A1%D7%93-%D7%91%D7%A2%D7%A0%D7%99%D7%99%D7%9F-%D7%96%D7%9B%D7%90%D7%95%D7%AA-%D7%92%D7%A8%D7%95%D7%A9%D7%94-%D7%91%D7%9E%D7%A9%D7%A4%D7%97%D7%94-%D7%A4%D7%95%D7%9C%D7%99%D7%92%D7%9E%D7%99%D7%AA-%D7%9C%D7%94%D7%91%D7%98%D7%97%D7%AA-%D7%94%D7%9B%D7%A0%D7%A1%D7%94-%D7%A0%D7%A4%D7%A8%D7%93%D7%AA.pdf,MOBILE,0,1,0,14
https://jus-tice.co.il/wp-content/uploads/2019/03/%D7%91%D7%99%D7%94%D7%93-%D7%94%D7%90%D7%A8%D7%A6%D7%99-%D7%9C%D7%A2%D7%91%D7%95%D7%93%D7%94-%D7%A9-%D7%A8%D7%95%D7%A2%D7%99-%D7%A4%D7%95%D7%9C%D7%99%D7%90%D7%A7-%D7%93%D7%97%D7%99%D7%99%D7%AA-%D7%A2%D7%A8%D7%A2%D7%95%D7%A8-%D7%91%D7%AA%D7%91%D7%99%D7%A2%D7%94-%D7%A2%D7%9C-%D7%A1%D7%99%D7%95%D7%9D-%D7%94%D7%A2%D7%A1%D7%A7%D7%94-%D7%91%D7%90%D7%AA%D7%A8-%D7%90%D7%99%D7%A0%D7%98%D7%A8%D7%A0%D7%98-%D7%90%D7%99%D7%A8%D7%95%D7%98%D7%99.pdf,DESKTOP,0,3,0,65.33333333333333
https://jus-tice.co.il/wp-content/uploads/2019/03/%D7%91%D7%99%D7%94%D7%93-%D7%94%D7%90%D7%A8%D7%A6%D7%99-%D7%9C%D7%A2%D7%91%D7%95%D7%93%D7%94-%D7%A9-%D7%A8%D7%95%D7%A2%D7%99-%D7%A4%D7%95%D7%9C%D7%99%D7%90%D7%A7-%D7%93%D7%97%D7%99%D7%99%D7%AA-%D7%A2%D7%A8%D7%A2%D7%95%D7%A8-%D7%91%D7%AA%D7%91%D7%99%D7%A2%D7%94-%D7%A2%D7%9C-%D7%A1%D7%99%D7%95%D7%9D-%D7%94%D7%A2%D7%A1%D7%A7%D7%94-%D7%91%D7%90%D7%AA%D7%A8-%D7%90%D7%99%D7%A0%D7%98%D7%A8%D7%A0%D7%98-%D7%90%D7%99%D7%A8%D7%95%D7%98%D7%99.pdf,MOBILE,0,1,0,23
https://jus-tice.co.il/wp-content/uploads/2019/03/%D7%91%D7%99%D7%AA-%D7%94%D7%93%D7%99%D7%9F-%D7%94%D7%90%D7%96%D7%95%D7%A8%D7%99-%D7%9C%D7%A2%D7%91%D7%95%D7%93%D7%94-%D7%AA%D7%90-%D7%A9-%D7%90%D7%95%D7%A8%D7%9F-%D7%A9%D7%92%D7%91-%D7%A4%D7%A1%D7%93-%D7%91%D7%A0%D7%95%D7%A9%D7%90-%D7%90%D7%99%D7%A9%D7%95%D7%A8-%D7%AA%D7%A8%D7%95%D7%A4%D7%94-%D7%9C%D7%9E%D7%97%D7%9C%D7%AA-%D7%94%D7%93%D7%95%D7%A9%D7%9F-%D7%9C%D7%99%D7%9C%D7%93-%D7%91%D7%9F-11.pdf,DESKTOP,0,3,0,40.333333333333336
https://jus-tice.co.il/wp-content/uploads/2019/03/hoksangeoriatsiburit.pdf,DESKTOP,0,57,0,53.92982456140351
https://jus-tice.co.il/wp-content/uploads/2019/03/hoksangeoriatsiburit.pdf,MOBILE,0,17,0,27.58823529411765
https://jus-tice.co.il/wp-content/uploads/2020/01/%D7%9B%D7%AA%D7%91-%D7%AA%D7%91%D7%99%D7%A2%D7%94-%D7%AA.%D7%A2-18.09.2023-%D7%A7%D7%95%D7%93-%D7%94%D7%98%D7%95%D7%A4%D7%A1-305-016-05.pdf,DESKTOP,0,17,0,35.64705882352941
https://jus-tice.co.il/wp-content/uploads/2020/01/%D7%9B%D7%AA%D7%91-%D7%AA%D7%91%D7%99%D7%A2%D7%94-%D7%AA.%D7%A2-18.09.2023-%D7%A7%D7%95%D7%93-%D7%94%D7%98%D7%95%D7%A4%D7%A1-305-016-05.pdf,MOBILE,0,5,0,35
https://jus-tice.co.il/wp-content/uploads/2020/01/%D7%9E%D7%93%D7%99%D7%A0%D7%99%D7%95%D7%AA-%D7%AA%D7%9E%D7%90-38-%D7%AA%D7%90-9086.pdf,DESKTOP,0,1440,0,68.59027777777777
https://jus-tice.co.il/wp-content/uploads/2020/01/%D7%9E%D7%93%D7%99%D7%A0%D7%99%D7%95%D7%AA-%D7%AA%D7%9E%D7%90-38-%D7%AA%D7%90-9086.pdf,MOBILE,0,237,0,73.72573839662448
https://jus-tice.co.il/wp-content/uploads/2020/01/%D7%9E%D7%93%D7%99%D7%A0%D7%99%D7%95%D7%AA-%D7%AA%D7%9E%D7%90-38-%D7%AA%D7%90-9086.pdf,TABLET,0,1,0,37
https://jus-tice.co.il/wp-content/uploads/2020/01/UK-Physical-Activity-Guidelines-2019-Hebrew.pdf,DESKTOP,0,13,0,57.30769230769231
https://jus-tice.co.il/wp-content/uploads/2020/01/UK-Physical-Activity-Guidelines-2019-Hebrew.pdf,MOBILE,0,2,0,42
https://jus-tice.co.il/wp-content/uploads/2020/01/hana_v9.32.88s.pdf,MOBILE,0,1360,0,58.78823529411765
https://jus-tice.co.il/wp-content/uploads/2020/01/hana_v9.32.88s.pdf,TABLET,0,1,0,46
https://jus-tice.co.il/wp-content/uploads/2020/02/%D7%94%D7%AA%D7%9C%D7%99%D7%99%D7%AA-%D7%A9%D7%9C%D7%99%D7%9C%D7%AA-%D7%A8%D7%A9%D7%99%D7%95%D7%A0%D7%95%D7%AA-%D7%9E%D7%A9%D7%A8%D7%93-%D7%94%D7%91%D7%A8%D7%99%D7%90%D7%95%D7%AA.pdf,TABLET,0,2,0,11
https://jus-tice.co.il/wp-content/uploads/2020/02/%D7%98%D7%95%D7%A4%D7%A1-%D7%94%D7%A6%D7%94%D7%A8%D7%94-%D7%91%D7%99%D7%93%D7%95%D7%93-%D7%A2%D7%95%D7%91%D7%93-%D7%A7%D7%95%D7%A8%D7%95%D7%A0%D7%94-2020.docx,DESKTOP,0,216,0,27.63425925925926
https://jus-tice.co.il/wp-content/uploads/2020/02/%D7%98%D7%95%D7%A4%D7%A1-%D7%94%D7%A6%D7%94%D7%A8%D7%94-%D7%91%D7%99%D7%93%D7%95%D7%93-%D7%A2%D7%95%D7%91%D7%93-%D7%A7%D7%95%D7%A8%D7%95%D7%A0%D7%94-2020.docx,MOBILE,0,5,0,45.4
https://jus-tice.co.il/wp-content/uploads/2020/03/%D7%91%D7%92%D7%A5-214520..pdf,DESKTOP,0,2,0,91
https://jus-tice.co.il/wp-content/uploads/2020/03/%D7%91%D7%92%D7%A5-214520..pdf,MOBILE,0,1,0,98
https://jus-tice.co.il/wp-content/uploads/2020/03/%D7%99%D7%9C%D7%A7%D7%95%D7%98-%D7%94%D7%A4%D7%A8%D7%A1%D7%95%D7%9E%D7%99%D7%9D-8755.pdf,DESKTOP,0,6,0,66.66666666666667
https://jus-tice.co.il/wp-content/uploads/2020/03/%D7%99%D7%9C%D7%A7%D7%95%D7%98-%D7%94%D7%A4%D7%A8%D7%A1%D7%95%D7%9E%D7%99%D7%9D-8755.pdf,MOBILE,0,2,0,21
https://jus-tice.co.il/wp-content/uploads/2020/03/4_6033055889705928071.pdf,DESKTOP,0,5,0,64.2
https://jus-tice.co.il/wp-content/uploads/2020/03/57594-05-18.pdf,DESKTOP,0,13,0,129.23076923076923
https://jus-tice.co.il/wp-content/uploads/2020/03/IMhealthy.pdf,DESKTOP,0,20,0,20.6
https://jus-tice.co.il/wp-content/uploads/2020/04/%D7%9E%D7%99%D7%93%D7%A2-%D7%AA%D7%A8%D7%95%D7%A4%D7%AA%D7%99-%D7%A2%D7%9C-%D7%AA%D7%A8%D7%95%D7%A4%D7%95%D7%AA-%D7%94%D7%A0%D7%9E%D7%A6%D7%90%D7%95%D7%AA-%D7%91%D7%A9%D7%99%D7%9E%D7%95%D7%A9-%D7%9C%D7%98%D7%99%D7%A4%D7%95%D7%9C-%D7%91-%E2%80%93-COVID-19-%D7%91%D7%9E%D7%91%D7%95%D7%92%D7%A8%D7%99%D7%9D.pdf,DESKTOP,0,15,0,44.13333333333333
https://jus-tice.co.il/wp-content/uploads/2020/04/%D7%A0%D7%95%D7%94%D7%9C-%D7%A8%D7%A9%D7%95%D7%AA-%D7%94%D7%97%D7%99%D7%A8%D7%95%D7%9D-%D7%94%D7%9C%D7%90%D7%95%D7%9E%D7%99%D7%AA-%D7%90%D7%96%D7%95%D7%A8-%D7%9E%D7%95%D7%92%D7%91%D7%9C-%D7%A0%D7%92%D7%99%D7%A3-%D7%94%D7%A7%D7%95%D7%A8%D7%95%D7%A0%D7%94-%D7%94%D7%97%D7%93%D7%A9.pdf,DESKTOP,0,1,0,8
https://jus-tice.co.il/wp-content/uploads/2020/06/giusovdimravgoni.pdf,DESKTOP,0,11,0,49.36363636363637
https://jus-tice.co.il/wp-content/uploads/2020/09/%D7%A6%D7%95%D7%95%D7%90%D7%94.docx,DESKTOP,0,61,0,73.39344262295081
https://jus-tice.co.il/wp-content/uploads/2020/09/%D7%A6%D7%95%D7%95%D7%90%D7%94.docx,MOBILE,0,1,0,81
https://jus-tice.co.il/wp-content/uploads/2020/10/%D7%AA%D7%A7%D7%A6%D7%99%D7%A8-7023-19.pdf,DESKTOP,0,262,0,83.56488549618321
https://jus-tice.co.il/wp-content/uploads/2020/10/%D7%AA%D7%A7%D7%A6%D7%99%D7%A8-7023-19.pdf,MOBILE,0,110,0,88.18181818181819
https://jus-tice.co.il/wp-content/uploads/2020/11/%D7%A8%D7%95%D7%96%D7%95%D7%91-%D7%A0-%D7%9E%D7%93%D7%99%D7%A0%D7%AA-%D7%99%D7%A9%D7%A8%D7%90%D7%9C.pdf,DESKTOP,0,30,0,39.9
https://jus-tice.co.il/wp-content/uploads/2020/11/%D7%A8%D7%95%D7%96%D7%95%D7%91-%D7%A0-%D7%9E%D7%93%D7%99%D7%A0%D7%AA-%D7%99%D7%A9%D7%A8%D7%90%D7%9C.pdf,TABLET,0,1,0,5
https://jus-tice.co.il/wp-content/uploads/2021/02/%D7%A9%D7%9B%D7%A8-%D7%98%D7%A8%D7%97%D7%AA-%D7%A1%D7%A0%D7%99%D7%92%D7%95%D7%A8-%D7%A4%D7%9C%D7%99%D7%9C%D7%99-2023.pdf,DESKTOP,0,3,0,46.666666666666664
https://jus-tice.co.il/wp-content/uploads/2021/02/inheritance_he-1.doc,DESKTOP,0,1616,0,61.01670792079208
https://jus-tice.co.il/wp-content/uploads/2021/02/inheritance_he-1.doc,MOBILE,0,111,0,64.0990990990991
https://jus-tice.co.il/wp-content/uploads/2021/02/inheritence-order-form-300x186.jpg,MOBILE,0,1,0,10
https://jus-tice.co.il/wp-content/uploads/2021/02/tashirhistalkut-1-300x220.jpg,MOBILE,0,2,0,12
https://jus-tice.co.il/wp-content/uploads/2021/03/%D7%A0%D7%95%D7%A1%D7%97-%D7%94%D7%A1%D7%9B%D7%9D-%D7%92%D7%99%D7%A8%D7%95%D7%A9%D7%99%D7%9F-%D7%93%D7%95%D7%92%D7%9E%D7%90-2021.docx,TABLET,0,11,0,37.36363636363637
https://jus-tice.co.il/wp-content/uploads/2021/05/services_marvad_application-form.pdf,MOBILE,0,16,0,57.75
https://jus-tice.co.il/wp-content/uploads/2021/05/services_marvad_traffic-offenses-consent-form.pdf,DESKTOP,0,9,0,45.333333333333336
https://jus-tice.co.il/wp-content/uploads/2021/06/%D7%97%D7%A7%D7%99%D7%A7%D7%94-25.08.19.pdf,DESKTOP,0,47,0,38.255319148936174
https://jus-tice.co.il/wp-content/uploads/2021/06/%D7%97%D7%A7%D7%99%D7%A7%D7%94-25.08.19.pdf,MOBILE,0,17,0,34.35294117647059
https://jus-tice.co.il/wp-content/uploads/2021/07/ChildCustody.pdf,DESKTOP,0,4529,0,35.343122102009275
https://jus-tice.co.il/wp-content/uploads/2021/07/ChildCustody.pdf,MOBILE,0,575,0,33.361739130434785
https://jus-tice.co.il/wp-content/uploads/2022/02/22963-11-19.pdf,DESKTOP,0,2,0,55.5
https://jus-tice.co.il/wp-content/uploads/2022/02/PG-0039.pdf,DESKTOP,0,261,0,32.13409961685824
https://jus-tice.co.il/wp-content/uploads/2022/02/PG-0039.pdf,MOBILE,0,108,0,33.083333333333336
https://jus-tice.co.il/wp-content/uploads/2022/02/israel-police-300x270.jpg,MOBILE,0,2,0,26
https://jus-tice.co.il/wp-content/uploads/2022/03/%D7%A7%D7%98%D7%92%D7%95%D7%A8%D7%99%D7%94_%D7%A4%D7%A1%D7%A7%D7%99_%D7%93%D7%99%D7%9F_%D7%A4%D7%9C%D7%99%D7%9C%D7%99%D7%99%D7%9D_%D7%91%D7%99%D7%A9%D7%A8%D7%90%D7%9C.pdf,DESKTOP,0,35,0,40.25714285714286
https://jus-tice.co.il/wp-content/uploads/2022/03/%D7%A7%D7%98%D7%92%D7%95%D7%A8%D7%99%D7%94_%D7%A4%D7%A1%D7%A7%D7%99_%D7%93%D7%99%D7%9F_%D7%A4%D7%9C%D7%99%D7%9C%D7%99%D7%99%D7%9D_%D7%91%D7%99%D7%A9%D7%A8%D7%90%D7%9C.pdf,MOBILE,0,4,0,10
https://jus-tice.co.il/wp-content/uploads/2022/06/%D7%9E%D7%98%D7%91%D7%A2%D7%95%D7%AA-%D7%93%D7%99%D7%92%D7%99%D7%98%D7%9C%D7%99%D7%99%D7%9D-9.pdf,DESKTOP,0,1754,0,73.91049030786773
https://jus-tice.co.il/wp-content/uploads/2022/06/%D7%9E%D7%98%D7%91%D7%A2%D7%95%D7%AA-%D7%93%D7%99%D7%92%D7%99%D7%98%D7%9C%D7%99%D7%99%D7%9D-9.pdf,MOBILE,0,347,0,66.43227665706051
https://jus-tice.co.il/wp-content/uploads/2022/06/41004.pdf,DESKTOP,0,665,0,42.43609022556391
https://jus-tice.co.il/wp-content/uploads/2022/06/41004.pdf,MOBILE,0,93,0,46.333333333333336
https://jus-tice.co.il/wp-content/uploads/2022/06/4_lsr_209049.pdf,DESKTOP,0,184,0,24.940217391304348
https://jus-tice.co.il/wp-content/uploads/2022/06/4_lsr_209049.pdf,MOBILE,0,70,0,25.2
https://jus-tice.co.il/wp-content/uploads/2022/06/54111-Law-Firms-in-the-US-Industry-Report.pdf,MOBILE,0,116,0,38.98275862068966
https://jus-tice.co.il/wp-content/uploads/2022/06/54111-Law-Firms-in-the-US-Industry-Report.pdf,TABLET,0,2,0,31
https://jus-tice.co.il/wp-content/uploads/2022/06/CRYPTOCURRENCY-CERT-IL-W-403.pdf,DESKTOP,0,48,0,32.83333333333333
https://jus-tice.co.il/wp-content/uploads/2022/06/CRYPTOCURRENCY-CERT-IL-W-403.pdf,MOBILE,0,1,0,22
https://jus-tice.co.il/wp-content/uploads/2022/06/misradhamishpatim-women.pdf,DESKTOP,0,748,0,47.581550802139034
https://jus-tice.co.il/wp-content/uploads/2022/06/misradhamishpatim-women.pdf,MOBILE,0,119,0,30.41176470588235
https://jus-tice.co.il/wp-content/uploads/2022/06/yesod10.pdf,DESKTOP,0,79,0,50.75949367088607
https://jus-tice.co.il/wp-content/uploads/2022/06/yesod10.pdf,MOBILE,0,11,0,52.27272727272727
https://jus-tice.co.il/wp-content/uploads/2022/10/%D7%AA%D7%96%D7%9B%D7%99%D7%A8-%D7%97%D7%95%D7%A7-%D7%9C%D7%AA%D7%99%D7%A7%D7%95%D7%9F-%D7%A4%D7%A7%D7%95%D7%93%D7%AA-%D7%A1%D7%93%D7%A8-%D7%94%D7%93%D7%99%D7%9F-%D7%94%D7%A4%D7%9C%D7%99%D7%9C%D7%99-%D7%9E%D7%A2%D7%A6%D7%A8-%D7%95%D7%97%D7%99%D7%A4%D7%95%D7%A9-%D7%AA%D7%99%D7%A7%D7%95%D7%9F-%D7%9E%D7%A1...-%D7%A2%D7%99%D7%9C%D7%95%D7%AA-%D7%97%D7%99%D7%A4%D7%95%D7%A9-%D7%91%D7%9E%D7%A7%D7%95%D7%9D-%D7%9C%D7%9C%D7%90-%D7%A6%D7%95-%D7%91%D7%99%D7%AA-%D7%9E%D7%A9%D7%A4%D7%98-%D7%94%D7%AA%D7%A9%D7%A4-%D7%91-2021.docx,DESKTOP,0,241,0,23.925311203319502
https://jus-tice.co.il/wp-content/uploads/2022/10/%D7%AA%D7%96%D7%9B%D7%99%D7%A8-%D7%97%D7%95%D7%A7-%D7%9C%D7%AA%D7%99%D7%A7%D7%95%D7%9F-%D7%A4%D7%A7%D7%95%D7%93%D7%AA-%D7%A1%D7%93%D7%A8-%D7%94%D7%93%D7%99%D7%9F-%D7%94%D7%A4%D7%9C%D7%99%D7%9C%D7%99-%D7%9E%D7%A2%D7%A6%D7%A8-%D7%95%D7%97%D7%99%D7%A4%D7%95%D7%A9-%D7%AA%D7%99%D7%A7%D7%95%D7%9F-%D7%9E%D7%A1...-%D7%A2%D7%99%D7%9C%D7%95%D7%AA-%D7%97%D7%99%D7%A4%D7%95%D7%A9-%D7%91%D7%9E%D7%A7%D7%95%D7%9D-%D7%9C%D7%9C%D7%90-%D7%A6%D7%95-%D7%91%D7%99%D7%AA-%D7%9E%D7%A9%D7%A4%D7%98-%D7%94%D7%AA%D7%A9%D7%A4-%D7%91-2021.docx,MOBILE,0,61,0,51.377049180327866
https://jus-tice.co.il/wp-content/uploads/2022/10/companyregistrationform2-2.doc,DESKTOP,0,12,0,35.083333333333336
https://jus-tice.co.il/wp-content/uploads/2023/01/Zchuyot_01.pdf,DESKTOP,0,295,0,66.90508474576271
https://jus-tice.co.il/wp-content/uploads/2023/01/Zchuyot_01.pdf,MOBILE,0,55,0,77.01818181818182
https://jus-tice.co.il/wp-content/uploads/2023/02/%D7%91%D7%A7%D7%A9%D7%AA-%D7%9E%D7%A2%D7%A6%D7%A8-%D7%93%D7%A7%D7%99%D7%A8%D7%94-%D7%97%D7%95%D7%9C%D7%95%D7%9F-.pdf,DESKTOP,0,1,0,39
https://jus-tice.co.il/wp-content/uploads/2023/02/%D7%91%D7%A7%D7%A9%D7%AA-%D7%9E%D7%A2%D7%A6%D7%A8-%D7%93%D7%A7%D7%99%D7%A8%D7%94-%D7%97%D7%95%D7%9C%D7%95%D7%9F-.pdf,MOBILE,0,1,0,1
https://jus-tice.co.il/wp-content/uploads/2023/02/%D7%9B%D7%AA%D7%91-%D7%90%D7%99%D7%A9%D7%95%D7%9D-%D7%97%D7%95%D7%9C%D7%95%D7%9F-.pdf,DESKTOP,0,2,0,31
https://jus-tice.co.il/wp-content/uploads/2023/02/%D7%9B%D7%AA%D7%91-%D7%90%D7%99%D7%A9%D7%95%D7%9D-%D7%97%D7%95%D7%9C%D7%95%D7%9F-.pdf,MOBILE,0,1,0,2
https://jus-tice.co.il/wp-content/uploads/2023/03/%D7%A1%D7%A4%D7%A8-%D7%94%D7%97%D7%95%D7%A7%D7%99%D7%9D-2998.pdf,DESKTOP,0,311,0,59.58199356913183
https://jus-tice.co.il/wp-content/uploads/2023/03/%D7%A1%D7%A4%D7%A8-%D7%94%D7%97%D7%95%D7%A7%D7%99%D7%9D-2998.pdf,MOBILE,0,21,0,58
https://jus-tice.co.il/wp-content/uploads/2023/03/%D7%A4%D7%A8%D7%98%D7%99-%D7%A7%D7%A9%D7%A8-%D7%9E%D7%A2%D7%A8%D7%9B%D7%AA-%D7%94%D7%9E%D7%A9%D7%A4%D7%98-%D7%A7%D7%A4%D7%A8%D7%99%D7%A1%D7%99%D7%9F.pdf,DESKTOP,0,31,0,73.6774193548387
https://jus-tice.co.il/wp-content/uploads/2023/03/%D7%A7%D7%A4%D7%A8%D7%99%D7%A1%D7%99%D7%9F-%D7%9E%D7%A9%D7%A8%D7%93%D7%99-%D7%A2%D7%95%D7%A8%D7%9B%D7%99-%D7%93%D7%99%D7%9F-%D7%A8%D7%A9%D7%99%D7%9E%D7%94.pdf,DESKTOP,0,20,0,50.75
https://jus-tice.co.il/wp-content/uploads/2023/03/%D7%AA%D7%9E%D7%A6%D7%99%D7%AA-%D7%A9%D7%94%D7%95%D7%A7%D7%A8%D7%90%D7%94-%D7%91%D7%90%D7%95%D7%9C%D7%9D-%D7%94%D7%9B%D7%93-%D7%96%D7%93%D7%95%D7%A8%D7%95%D7%91502-07.doc,DESKTOP,0,2,0,53
https://jus-tice.co.il/wp-content/uploads/2023/03/%D7%AA%D7%9E%D7%A6%D7%99%D7%AA-%D7%A9%D7%94%D7%95%D7%A7%D7%A8%D7%90%D7%94-%D7%91%D7%90%D7%95%D7%9C%D7%9D-%D7%94%D7%9B%D7%93-%D7%96%D7%93%D7%95%D7%A8%D7%95%D7%91502-07.doc,MOBILE,0,2,0,49.5
https://jus-tice.co.il/wp-content/uploads/2023/03/15_lsr_300273.pdf,DESKTOP,0,453,0,36.269315673289185
https://jus-tice.co.il/wp-content/uploads/2023/03/15_lsr_300273.pdf,MOBILE,0,36,0,36
https://jus-tice.co.il/wp-content/uploads/2023/03/15_lsr_300371.pdf,DESKTOP,0,146,0,18.068493150684933
https://jus-tice.co.il/wp-content/uploads/2023/03/15_lsr_300371.pdf,MOBILE,0,11,0,14.454545454545455
https://jus-tice.co.il/wp-content/uploads/2023/03/15_lsr_300385.pdf,DESKTOP,0,67,0,46.40298507462686
https://jus-tice.co.il/wp-content/uploads/2023/03/16_lsr_299627.pdf,DESKTOP,0,425,0,47.675294117647056
https://jus-tice.co.il/wp-content/uploads/2023/03/16_lsr_299627.pdf,MOBILE,0,30,0,43.96666666666667
https://jus-tice.co.il/wp-content/uploads/2023/03/16_lsr_299743.pdf,DESKTOP,0,1,0,65
https://jus-tice.co.il/wp-content/uploads/2023/03/16_lsr_299774.pdf,DESKTOP,0,2,0,48
https://jus-tice.co.il/wp-content/uploads/2023/03/16_lsr_299779.pdf,DESKTOP,0,79,0,12.658227848101266
https://jus-tice.co.il/wp-content/uploads/2023/03/16_lsr_299779.pdf,MOBILE,0,15,0,10.8
https://jus-tice.co.il/wp-content/uploads/2023/03/16_lsr_299846.pdf,DESKTOP,0,234,0,68.6880341880342
https://jus-tice.co.il/wp-content/uploads/2023/03/16_lsr_299846.pdf,MOBILE,0,7,0,25.714285714285715
https://jus-tice.co.il/wp-content/uploads/2023/03/16_lsr_299997.pdf,DESKTOP,0,47,0,66.82978723404256
https://jus-tice.co.il/wp-content/uploads/2023/03/16_lsr_300991.pdf,DESKTOP,0,6,0,61.666666666666664
https://jus-tice.co.il/wp-content/uploads/2023/03/17_lsr_300035.pdf,DESKTOP,0,2,0,86.5
https://jus-tice.co.il/wp-content/uploads/2023/03/17_lsr_300060.pdf,DESKTOP,0,28,0,27.892857142857142
https://jus-tice.co.il/wp-content/uploads/2023/03/17_lsr_300060.pdf,MOBILE,0,18,0,27.61111111111111
https://jus-tice.co.il/wp-content/uploads/2023/03/17_lsr_300136.pdf,DESKTOP,0,158,0,52.436708860759495
https://jus-tice.co.il/wp-content/uploads/2023/03/17_lsr_300136.pdf,MOBILE,0,4,0,39.25
https://jus-tice.co.il/wp-content/uploads/2023/03/18_lsr_300790.pdf,DESKTOP,0,20,0,33.3
https://jus-tice.co.il/wp-content/uploads/2023/03/18_lsr_300790.pdf,MOBILE,0,2,0,34.5
https://jus-tice.co.il/wp-content/uploads/2023/03/18_lsr_300973.pdf,DESKTOP,0,1,0,60
https://jus-tice.co.il/wp-content/uploads/2023/03/18_lsr_301127.pdf,DESKTOP,0,30,0,56.2
https://jus-tice.co.il/wp-content/uploads/2023/03/18_lsr_301156.pdf,DESKTOP,0,1,0,56
https://jus-tice.co.il/wp-content/uploads/2023/03/18_lsr_301220.pdf,DESKTOP,0,59,0,21.45762711864407
https://jus-tice.co.il/wp-content/uploads/2023/03/18_lsr_301220.pdf,MOBILE,0,12,0,29.083333333333332
https://jus-tice.co.il/wp-content/uploads/2023/03/19_lsr_301572.pdf,MOBILE,0,13,0,51.46153846153846
https://jus-tice.co.il/wp-content/uploads/2023/03/9_lsr_311018.pdf,DESKTOP,0,113,0,73.02654867256638
https://jus-tice.co.il/wp-content/uploads/2023/03/9_lsr_311018.pdf,MOBILE,0,26,0,60.19230769230769
https://jus-tice.co.il/wp-content/uploads/2023/03/ATTORNEY-LIST-December-2017-1.pdf,DESKTOP,0,61,0,39.721311475409834
https://jus-tice.co.il/wp-content/uploads/2023/03/Attorney-List-July-updated-Nov-2020-1.pdf,DESKTOP,0,33,0,52.878787878787875
https://jus-tice.co.il/wp-content/uploads/2023/03/Attorney-List-July-updated-Nov-2020-1.pdf,MOBILE,0,37,0,11.027027027027026
https://jus-tice.co.il/wp-content/uploads/2023/03/Attorney-List-July-updated-Nov-2020-1.pdf,TABLET,0,3,0,57
https://jus-tice.co.il/wp-content/uploads/2023/03/Complaint-Form.docx,DESKTOP,0,2,0,91
https://jus-tice.co.il/wp-content/uploads/2023/03/Find-a-professional-service-abroad-Results-for-Lawyers-in-Greece.pdf,DESKTOP,0,6,0,29.666666666666668
https://jus-tice.co.il/wp-content/uploads/2023/03/Find-a-professional-service-abroad-Results-for-Lawyers-in-Greece.pdf,MOBILE,0,1,0,96
https://jus-tice.co.il/wp-content/uploads/2023/03/greece-list-of-lawyers-november-2021.pdf,DESKTOP,0,344,0,66.29651162790698
https://jus-tice.co.il/wp-content/uploads/2023/03/greece-list-of-lawyers-november-2021.pdf,MOBILE,0,128,0,66.6875
https://jus-tice.co.il/wp-content/uploads/2023/05/%D7%A2%D7%95%D7%A8%D7%9A-%D7%93%D7%99%D7%9F-%D7%94%D7%A9%D7%91%D7%AA-%D7%A8%D7%9B%D7%95%D7%A9-%D7%99%D7%94%D7%95%D7%93%D7%99-%D7%A8%D7%95%D7%9E%D7%A0%D7%99%D7%94.pdf,DESKTOP,0,576,0,30.15625
https://jus-tice.co.il/wp-content/uploads/2023/05/2_11454d6a-9832-e811-80de-00155d0a0235_11_6896.pdf,DESKTOP,0,40,0,17.075
https://jus-tice.co.il/wp-content/uploads/2023/05/Italy_List_of_English-speaking_lawyers.pdf,DESKTOP,0,149,0,70.80536912751678
https://jus-tice.co.il/wp-content/uploads/2023/05/Italy_List_of_English-speaking_lawyers.pdf,MOBILE,0,3,0,59
https://jus-tice.co.il/wp-content/uploads/2023/05/List-of-UK-solicitors-in-Italy-GOV.pdf,DESKTOP,0,1,0,11
https://jus-tice.co.il/wp-content/uploads/2023/05/b870a048-e7f5-46f4-9a1e-e87c1a86adc6-%D7%A0%D7%95%D7%98%D7%A8%D7%99%D7%95%D7%9F.pdf,DESKTOP,0,62,0,66.29032258064517
https://jus-tice.co.il/wp-content/uploads/2023/05/b870a048-e7f5-46f4-9a1e-e87c1a86adc6-%D7%A0%D7%95%D7%98%D7%A8%D7%99%D7%95%D7%9F.pdf,MOBILE,0,3,0,89.66666666666667
https://jus-tice.co.il/wp-content/uploads/2023/05/romanian-notary-israel.pdf,DESKTOP,0,5,0,84.8
https://jus-tice.co.il/wp-content/uploads/2023/05/romanian-notary-israel.pdf,MOBILE,0,3,0,89
https://jus-tice.co.il/wp-content/uploads/2023/08/antragsformular-pass-personalausweis-minderjaehrige-data.pdf,DESKTOP,0,1,0,30
https://jus-tice.co.il/wp-content/uploads/2023/08/antragsformular-pass-personalausweis-minderjaehrige-data.pdf,MOBILE,0,1,0,1
https://jus-tice.co.il/wp-content/uploads/2023/08/formular_abc_v._cnv_final_05.10.2022.pdf,DESKTOP,0,21,0,59.61904761904762
https://jus-tice.co.il/wp-content/uploads/2023/08/formular_abc_v._cnv_final_05.10.2022.pdf,MOBILE,0,1,0,8
https://jus-tice.co.il/wp-content/uploads/2023/11/%D7%AA%D7%A7%D7%A6%D7%99%D7%A8-22431-08-19.docx,DESKTOP,0,15,0,22.6
https://jus-tice.co.il/wp-content/uploads/2023/12/42377-09-22.pdf,DESKTOP,0,4,0,41.5
https://jus-tice.co.il/wp-content/uploads/2023/12/42377-09-22.pdf,MOBILE,0,1,0,51
https://jus-tice.co.il/wp-content/uploads/2025/03/word-image-12123-1.png,MOBILE,0,2,0,17
https://jus-tice.co.il/wp-content/uploads/2025/05/%D7%9C%D7%94%D7%91-433-2025-300x200.png,MOBILE,0,1,0,11
https://jus-tice.co.il/yanshuf-breathalyzer-test/,DESKTOP,0,3567,0,80.0299971965237
https://jus-tice.co.il/yanshuf-breathalyzer-test/,MOBILE,0,1974,0,76.36676798378926
