"row_id","source_system","post_id","post_type","wp_status","current_url","current_slug","current_title","title","proposed_title","proposed_english_slug","proposed_new_url","canonical_url","content_body_file","content_body_exists","content_body_available","word_count","h1","h2_list","meta_title","meta_description","rank_math_title","rank_math_description","author","reviewer","published_date","modified_date","date_published","date_modified","categories","tags","practice_area","primary_cluster","secondary_cluster","pillar_page","supporting_page","cluster_role","primary_keyword","secondary_keywords","search_intent","gsc_clicks_3m","gsc_impressions_3m","gsc_ctr_3m","gsc_position_3m","gsc_clicks_12m","gsc_impressions_12m","gsc_ctr_12m","gsc_position_12m","top_queries","traffic_risk","cannibalization_group","cannibalization_notes","recommended_action","action_reason","redirect_required","redirect_type","redirect_target","redirect_priority","internal_links_needed","internal_links_from","internal_links_to","official_sources_needed","schema_needed","eeat_missing","legal_compliance_notes","content_gap_notes","business_opportunity","lead_gen_opportunity","lawyer_profile_opportunity","city_page_opportunity","import_ready","owner_review_required","data_gaps","last_reviewed_by","last_reviewed_date","agent_notes"
"13","wp-rest+gsc-api+old-inventory","9128","articles","publish","https://jus-tice.co.il/%D7%90%D7%9E%D7%A0%D7%AA-%D7%94%D7%90%D7%95%D7%9E%D7%95%D7%AA-%D7%94%D7%9E%D7%90%D7%95%D7%97%D7%93%D7%95%D7%AA-%D7%A0%D7%92%D7%93-%D7%A9%D7%97%D7%99%D7%AA%D7%95%D7%AA","%d7%90%d7%9e%d7%a0%d7%aa-%d7%94%d7%90%d7%95%d7%9e%d7%95%d7%aa-%d7%94%d7%9e%d7%90%d7%95%d7%97%d7%93%d7%95%d7%aa-%d7%a0%d7%92%d7%93-%d7%a9%d7%97%d7%99%d7%aa%d7%95%d7%aa","???? ?????? ???????? ??? ??????","???? ?????? ???????? ??? ??????","","","","https://jus-tice.co.il/%D7%90%D7%9E%D7%A0%D7%AA-%D7%94%D7%90%D7%95%D7%9E%D7%95%D7%AA-%D7%94%D7%9E%D7%90%D7%95%D7%97%D7%93%D7%95%D7%AA-%D7%A0%D7%92%D7%93-%D7%A9%D7%97%D7%99%D7%AA%D7%95%D7%AA","UNKNOWN_NEEDS_RAR_EXTRACTION_OR_WP_REST_EXPORT","YES","YES","UNKNOWN","","","","","NEEDS_WP_REST_PULL","NEEDS_WP_REST_PULL","282","NEEDS_ASSIGNMENT","2023-03-30","2023-03-30","2023-03-30","2023-03-30","","","???? ?????","criminal-law","","","","","","","","0","18","0.00%","28.1","4","407","0.98%","30.9","?????? ??????? ????????","LOW","","","NEEDS_OWNER_REVIEW","","UNKNOWN_NEEDS_APPROVAL","","","NORMAL","NEEDS_MAPPING","","","","Article,BreadcrumbList","author,reviewer,last-updated","Needs disclaimer","","","","","","READY_FOR_REVIEW","YES","NEEDS_BACKLINK_TOOL","agent-2026-05-13","2026-05-13",""
"21","wp-rest+gsc-api+old-inventory","3353","articles","publish","https://jus-tice.co.il/%D7%91%D7%99%D7%98%D7%95%D7%9C-%D7%94%D7%A8%D7%A9%D7%A2%D7%94-%D7%A2%D7%91%D7%99%D7%A8%D7%95%D7%AA-%D7%94%D7%95%D7%A0%D7%90%D7%94","%d7%91%d7%99%d7%98%d7%95%d7%9c-%d7%94%d7%a8%d7%a9%d7%a2%d7%94-%d7%a2%d7%91%d7%99%d7%a8%d7%95%d7%aa-%d7%94%d7%95%d7%a0%d7%90%d7%94","????? ????? ?????? ?????","????? ????? ?????? ?????","","","","https://jus-tice.co.il/%D7%91%D7%99%D7%98%D7%95%D7%9C-%D7%94%D7%A8%D7%A9%D7%A2%D7%94-%D7%A2%D7%91%D7%99%D7%A8%D7%95%D7%AA-%D7%94%D7%95%D7%A0%D7%90%D7%94","UNKNOWN_NEEDS_RAR_EXTRACTION_OR_WP_REST_EXPORT","YES","YES","UNKNOWN","","","","","NEEDS_WP_REST_PULL","NEEDS_WP_REST_PULL","282","NEEDS_ASSIGNMENT","2021-05-13","2021-05-13","2021-05-13","2021-05-13","","","???? ?????","criminal-law","","","","","","","","0","34","0.00%","30.3","2","1287","0.16%","45.6","????? ?????","LOW","","","NEEDS_OWNER_REVIEW","","UNKNOWN_NEEDS_APPROVAL","","","NORMAL","NEEDS_MAPPING","","","","Article,BreadcrumbList","author,reviewer,last-updated","Needs disclaimer","","","","","","READY_FOR_REVIEW","YES","NEEDS_BACKLINK_TOOL","agent-2026-05-13","2026-05-13",""
"30","wp-rest+gsc-api+old-inventory","6724","articles","publish","https://jus-tice.co.il/%D7%91%D7%A7%D7%A9%D7%94-%D7%9C%D7%A2%D7%99%D7%95%D7%9F-%D7%91%D7%97%D7%95%D7%9E%D7%A8-%D7%97%D7%A7%D7%99%D7%A8%D7%94-%D7%9C%D7%A4%D7%99-%D7%A1%D7%A2%D7%99%D7%A3-74-%D7%9C%D7%97%D7%A1%D7%93%D7%A4","%d7%94%d7%a9%d7%95%d7%a4%d7%98-%d7%a0%d7%99%d7%a6%d7%9f-%d7%a1%d7%99%d7%9c%d7%9e%d7%9f-%d7%94%d7%97%d7%9c%d7%98%d7%94-%d7%91%d7%a7%d7%a9%d7%94-%d7%9c%d7%a2%d7%99%d7%95%d7%9f-%d7%91%d7%97%d7%95%d7%9e","????? ???? ?????: ????? ???? ????? ????? ????? ??? ???? 74 ????&#8221;? (??&#8221;? 4286-01-22)","????? ???? ?????: ????? ???? ????? ????? ????? ??? ???? 74 ????&#8221;? (??&#8221;? 4286-01-22)","","","","https://jus-tice.co.il/%D7%91%D7%A7%D7%A9%D7%94-%D7%9C%D7%A2%D7%99%D7%95%D7%9F-%D7%91%D7%97%D7%95%D7%9E%D7%A8-%D7%97%D7%A7%D7%99%D7%A8%D7%94-%D7%9C%D7%A4%D7%99-%D7%A1%D7%A2%D7%99%D7%A3-74-%D7%9C%D7%97%D7%A1%D7%93%D7%A4","UNKNOWN_NEEDS_RAR_EXTRACTION_OR_WP_REST_EXPORT","YES","YES","UNKNOWN","","","","","NEEDS_WP_REST_PULL","NEEDS_WP_REST_PULL","282","NEEDS_ASSIGNMENT","2022-02-20","2022-02-20","2022-02-20","2022-02-20","","","????? ???? ??? ??????","criminal-law","","","","","","","","0","0","0%","NOT_IN_GSC_3M","10","922","1.08%","24.7","","LOW","","","NEEDS_OWNER_REVIEW","","UNKNOWN_NEEDS_APPROVAL","","","NORMAL","NEEDS_MAPPING","","","","Article,BreadcrumbList","author,reviewer,last-updated","Needs disclaimer","","","","","","READY_FOR_REVIEW","YES","NO_GSC_3M;NEEDS_BACKLINK_TOOL","agent-2026-05-13","2026-05-13",""
"34","wp-rest+gsc-api+old-inventory","5818","articles","publish","https://jus-tice.co.il/%D7%91%D7%A7%D7%A9%D7%AA-%D7%A0%D7%A4%D7%92%D7%A2-%D7%A2%D7%91%D7%99%D7%A8%D7%94-%D7%9E%D7%99%D7%93%D7%A2-%D7%90%D7%A9%D7%A4%D7%95%D7%96%D7%95-%D7%A9%D7%9C-%D7%A0%D7%90%D7%A9%D7%9D-%D7%91%D7%91%D7%99%D7%AA-%D7%97%D7%95%D7%9C%D7%99%D7%9D","%d7%98%d7%95%d7%a4%d7%a1-%d7%91%d7%a7%d7%a9%d7%aa-%d7%a0%d7%a4%d7%92%d7%a2-%d7%a2%d7%91%d7%99%d7%a8%d7%94-%d7%9c%d7%a7%d7%91%d7%9c%d7%aa-%d7%9e%d7%99%d7%93%d7%a2-%d7%a2%d7%9c-%d7%9e%d7%94%d7%9c%d7%9a","???? ???? ???? ????? ????? ???? ?? ???? ?????? ?? ???? ???? ?????","???? ???? ???? ????? ????? ???? ?? ???? ?????? ?? ???? ???? ?????","","","","https://jus-tice.co.il/%D7%91%D7%A7%D7%A9%D7%AA-%D7%A0%D7%A4%D7%92%D7%A2-%D7%A2%D7%91%D7%99%D7%A8%D7%94-%D7%9E%D7%99%D7%93%D7%A2-%D7%90%D7%A9%D7%A4%D7%95%D7%96%D7%95-%D7%A9%D7%9C-%D7%A0%D7%90%D7%A9%D7%9D-%D7%91%D7%91%D7%99%D7%AA-%D7%97%D7%95%D7%9C%D7%99%D7%9D","UNKNOWN_NEEDS_RAR_EXTRACTION_OR_WP_REST_EXPORT","YES","YES","UNKNOWN","","","","","NEEDS_WP_REST_PULL","NEEDS_WP_REST_PULL","282","NEEDS_ASSIGNMENT","2021-08-08","2021-08-08","2021-08-08","2021-08-08","","","???? ?????","criminal-law","","","","","","","","0","0","0%","NOT_IN_GSC_3M","0","13","0.00%","28.5","","LOW","","","NEEDS_OWNER_REVIEW","","UNKNOWN_NEEDS_APPROVAL","","","NORMAL","NEEDS_MAPPING","","","","Article,BreadcrumbList","author,reviewer,last-updated","Needs disclaimer","","","","","","READY_FOR_REVIEW","YES","NO_GSC_3M;NEEDS_BACKLINK_TOOL","agent-2026-05-13","2026-05-13",""
"37","wp-rest+gsc-api+old-inventory","8468","articles","publish","https://jus-tice.co.il/%D7%92%D7%96%D7%93-%D7%A2%D7%95%D7%A0%D7%A9-%D7%A4%D7%9C%D7%99%D7%9C%D7%99-%D7%9C%D7%A7%D7%98%D7%99%D7%9F-%D7%9E%D7%AA%D7%97%D7%AA-%D7%9C16-%D7%A9%D7%91%D7%99%D7%A6%D7%A2-%D7%A2%D7%91%D7%99%D7%A8%D7%95%D7%AA-%D7%9E%D7%99%D7%9F-%D7%AA%D7%A4%D7%97-39000-05-21","%d7%92%d7%96%d7%93-%d7%a2%d7%95%d7%a0%d7%a9-%d7%a4%d7%9c%d7%99%d7%9c%d7%99-%d7%9c%d7%a7%d7%98%d7%99%d7%9f-%d7%9e%d7%aa%d7%97%d7%aa-%d7%9c16-%d7%a9%d7%91%d7%99%d7%a6%d7%a2-%d7%a2%d7%91%d7%99%d7%a8","??&#8221;? ???? ????? ????? ???? ?16 ????? ?????? ??? (??&#8221;? 39000-05-21)","??&#8221;? ???? ????? ????? ???? ?16 ????? ?????? ??? (??&#8221;? 39000-05-21)","","","","https://jus-tice.co.il/%D7%92%D7%96%D7%93-%D7%A2%D7%95%D7%A0%D7%A9-%D7%A4%D7%9C%D7%99%D7%9C%D7%99-%D7%9C%D7%A7%D7%98%D7%99%D7%9F-%D7%9E%D7%AA%D7%97%D7%AA-%D7%9C16-%D7%A9%D7%91%D7%99%D7%A6%D7%A2-%D7%A2%D7%91%D7%99%D7%A8%D7%95%D7%AA-%D7%9E%D7%99%D7%9F-%D7%AA%D7%A4%D7%97-39000-05-21","UNKNOWN_NEEDS_RAR_EXTRACTION_OR_WP_REST_EXPORT","YES","YES","UNKNOWN","","","","","NEEDS_WP_REST_PULL","NEEDS_WP_REST_PULL","282","NEEDS_ASSIGNMENT","2023-01-29","2023-01-29","2023-01-29","2023-01-29","","","????? ???? ??? ??????","criminal-law","","","","","","","","0","0","0%","NOT_IN_GSC_3M","19","1302","1.46%","39.5","","LOW","","","NEEDS_OWNER_REVIEW","","UNKNOWN_NEEDS_APPROVAL","","","NORMAL","NEEDS_MAPPING","","","","Article,BreadcrumbList","author,reviewer,last-updated","Needs disclaimer","","","","","","READY_FOR_REVIEW","YES","NO_GSC_3M;NEEDS_BACKLINK_TOOL","agent-2026-05-13","2026-05-13",""
"39","wp-rest+gsc-api+old-inventory","5681","articles","publish","https://jus-tice.co.il/%D7%92%D7%96%D7%A8-%D7%93%D7%99%D7%9F-%D7%A4%D7%9C%D7%99%D7%9C%D7%99-%D7%A0%D7%90%D7%A9%D7%9D-%D7%A2%D7%91%D7%99%D7%A8%D7%AA-%D7%AA%D7%A7%D7%99%D7%A4%D7%AA-%D7%90%D7%99%D7%A9%D7%94-%D7%95%D7%91%D7%AA","%d7%94%d7%a9%d7%95%d7%a4%d7%98%d7%aa-%d7%90%d7%a1%d7%aa%d7%a8-%d7%94%d7%9c%d7%9e%d7%9f-%d7%a2%d7%95%d7%a0%d7%a9-%d7%92%d7%96%d7%a8-%d7%93%d7%99%d7%9f-%d7%a4%d7%9c%d7%99%d7%9c%d7%99-%d7%a0%d7%90%d7%a9","?????? ???? ????: ???? ??? ??? ????? ???? ????? ????? ???? ??? (???&#8221;? 39682-07-20)","?????? ???? ????: ???? ??? ??? ????? ???? ????? ????? ???? ??? (???&#8221;? 39682-07-20)","","","","https://jus-tice.co.il/%D7%92%D7%96%D7%A8-%D7%93%D7%99%D7%9F-%D7%A4%D7%9C%D7%99%D7%9C%D7%99-%D7%A0%D7%90%D7%A9%D7%9D-%D7%A2%D7%91%D7%99%D7%A8%D7%AA-%D7%AA%D7%A7%D7%99%D7%A4%D7%AA-%D7%90%D7%99%D7%A9%D7%94-%D7%95%D7%91%D7%AA","UNKNOWN_NEEDS_RAR_EXTRACTION_OR_WP_REST_EXPORT","YES","YES","UNKNOWN","","","","","NEEDS_WP_REST_PULL","NEEDS_WP_REST_PULL","282","NEEDS_ASSIGNMENT","2021-07-28","2021-07-28","2021-07-28","2021-07-28","","","???? ?????","criminal-law","","","","","","","","0","0","0%","NOT_IN_GSC_3M","42","1604","2.62%","43.3","","MEDIUM","","","NEEDS_OWNER_REVIEW","","UNKNOWN_NEEDS_APPROVAL","","","HIGH","NEEDS_MAPPING","","","","Article,BreadcrumbList","author,reviewer,last-updated","Needs disclaimer","","","","","","READY_FOR_REVIEW","YES","NO_GSC_3M;NEEDS_BACKLINK_TOOL","agent-2026-05-13","2026-05-13",""
"59","wp-rest+gsc-api+old-inventory","9126","articles","publish","https://jus-tice.co.il/%D7%93%D7%99%D7%9C%D7%9E%D7%AA-%D7%90%D7%A1%D7%99%D7%A8-%D7%97%D7%A3-%D7%9E%D7%A4%D7%A9%D7%A2","%d7%93%d7%99%d7%9c%d7%9e%d7%aa-%d7%90%d7%a1%d7%99%d7%a8-%d7%97%d7%a3-%d7%9e%d7%a4%d7%a9%d7%a2","????? ???? ?? ????","????? ???? ?? ????","","","","https://jus-tice.co.il/%D7%93%D7%99%D7%9C%D7%9E%D7%AA-%D7%90%D7%A1%D7%99%D7%A8-%D7%97%D7%A3-%D7%9E%D7%A4%D7%A9%D7%A2","UNKNOWN_NEEDS_RAR_EXTRACTION_OR_WP_REST_EXPORT","YES","YES","UNKNOWN","","","","","NEEDS_WP_REST_PULL","NEEDS_WP_REST_PULL","282","NEEDS_ASSIGNMENT","2023-03-30","2023-03-30","2023-03-30","2023-03-30","","","???? ?????","criminal-law","","","","","","","","0","0","0%","NOT_IN_GSC_3M","10","489","2.04%","20.9","","LOW","","","NEEDS_OWNER_REVIEW","","UNKNOWN_NEEDS_APPROVAL","","","NORMAL","NEEDS_MAPPING","","","","Article,BreadcrumbList","author,reviewer,last-updated","Needs disclaimer","","","","","","READY_FOR_REVIEW","YES","NO_GSC_3M;NEEDS_BACKLINK_TOOL","agent-2026-05-13","2026-05-13",""
"65","wp-rest+gsc-api+old-inventory","6585","articles","publish","https://jus-tice.co.il/%D7%93%D7%A8%D7%A2%D7%99-%D7%92%D7%96%D7%A8-%D7%93%D7%99%D7%9F-%D7%A2%D7%91%D7%99%D7%A8%D7%95%D7%AA-%D7%9E%D7%A1-%D7%94%D7%A1%D7%93%D7%A8-%D7%98%D7%99%D7%A2%D7%95%D7%9F","%d7%90%d7%a8%d7%99%d7%94-%d7%93%d7%a8%d7%a2%d7%99-%d7%a4%d7%a1%d7%a7-%d7%93%d7%99%d7%9f-%d7%a4%d7%9c%d7%99%d7%9c%d7%99-2022-%d7%a2%d7%91%d7%99%d7%a8%d7%95%d7%aa-%d7%9e%d7%a1-%d7%94%d7%a1%d7%93%d7%a8","???? ???? ??? ??? ????? 2022 ?????? ?? ???? ????? (?&#8221;? 56231-12-21) | ??&#8221;? ?????","???? ???? ??? ??? ????? 2022 ?????? ?? ???? ????? (?&#8221;? 56231-12-21) | ??&#8221;? ?????","","","","https://jus-tice.co.il/%D7%93%D7%A8%D7%A2%D7%99-%D7%92%D7%96%D7%A8-%D7%93%D7%99%D7%9F-%D7%A2%D7%91%D7%99%D7%A8%D7%95%D7%AA-%D7%9E%D7%A1-%D7%94%D7%A1%D7%93%D7%A8-%D7%98%D7%99%D7%A2%D7%95%D7%9F","UNKNOWN_NEEDS_RAR_EXTRACTION_OR_WP_REST_EXPORT","YES","YES","UNKNOWN","","","","","NEEDS_WP_REST_PULL","NEEDS_WP_REST_PULL","282","NEEDS_ASSIGNMENT","2022-02-01","2022-02-01","2022-02-01","2022-02-01","","","???? ?????","criminal-law","","","","","","","","0","0","0%","NOT_IN_GSC_3M","11","1224","0.90%","23.0","","LOW","","","NEEDS_OWNER_REVIEW","","UNKNOWN_NEEDS_APPROVAL","","","NORMAL","NEEDS_MAPPING","","","","Article,BreadcrumbList","author,reviewer,last-updated","Needs disclaimer","","","","","","READY_FOR_REVIEW","YES","NO_GSC_3M;NEEDS_BACKLINK_TOOL","agent-2026-05-13","2026-05-13",""
"72","wp-rest+gsc-api+old-inventory","6880","articles","publish","https://jus-tice.co.il/%D7%94%D7%94%D7%9C%D7%99%D7%9A-%D7%94%D7%A4%D7%9C%D7%99%D7%9C%D7%99-%D7%A4%D7%A8%D7%A7%D7%9C%D7%99%D7%98%D7%95%D7%AA-%D7%94%D7%9E%D7%93%D7%99%D7%A0%D7%94-%D7%9E%D7%95%D7%9C-%D7%97%D7%98%D7%99%D7%91%D7%AA-%D7%AA%D7%91%D7%99%D7%A2%D7%95%D7%AA-%D7%94%D7%9E%D7%A9%D7%98%D7%A8%D7%94","%d7%94%d7%94%d7%9c%d7%99%d7%9a-%d7%94%d7%a4%d7%9c%d7%99%d7%9c%d7%99-%d7%a4%d7%a8%d7%a7%d7%9c%d7%99%d7%98%d7%95%d7%aa-%d7%94%d7%9e%d7%93%d7%99%d7%a0%d7%94-%d7%9e%d7%95%d7%9c-%d7%97%d7%98%d7%99%d7%91","????? ??????: ???????? ?????? ??? ????? ?????? ??????","????? ??????: ???????? ?????? ??? ????? ?????? ??????","","","","https://jus-tice.co.il/%D7%94%D7%94%D7%9C%D7%99%D7%9A-%D7%94%D7%A4%D7%9C%D7%99%D7%9C%D7%99-%D7%A4%D7%A8%D7%A7%D7%9C%D7%99%D7%98%D7%95%D7%AA-%D7%94%D7%9E%D7%93%D7%99%D7%A0%D7%94-%D7%9E%D7%95%D7%9C-%D7%97%D7%98%D7%99%D7%91%D7%AA-%D7%AA%D7%91%D7%99%D7%A2%D7%95%D7%AA-%D7%94%D7%9E%D7%A9%D7%98%D7%A8%D7%94","UNKNOWN_NEEDS_RAR_EXTRACTION_OR_WP_REST_EXPORT","YES","YES","UNKNOWN","","","","","NEEDS_WP_REST_PULL","NEEDS_WP_REST_PULL","282","NEEDS_ASSIGNMENT","2022-03-12","2022-03-12","2022-03-12","2022-03-12","","","???? ?????","criminal-law","","","","","","","","0","0","0%","NOT_IN_GSC_3M","71","5781","1.23%","16.1","","MEDIUM","","","NEEDS_OWNER_REVIEW","","UNKNOWN_NEEDS_APPROVAL","","","HIGH","NEEDS_MAPPING","","","","Article,BreadcrumbList","author,reviewer,last-updated","Needs disclaimer","","","","","","READY_FOR_REVIEW","YES","NO_GSC_3M;NEEDS_BACKLINK_TOOL","agent-2026-05-13","2026-05-13",""
"74","wp-rest+gsc-api+old-inventory","6563","articles","publish","https://jus-tice.co.il/%D7%94%D7%97%D7%95%D7%91%D7%94-%D7%9C%D7%90%D7%A4%D7%A9%D7%A8-%D7%A1%D7%A0%D7%99%D7%92%D7%95%D7%A8-%D7%9C%D7%99%D7%99%D7%A2%D7%A5-%D7%9C%D7%90%D7%A1%D7%99%D7%A8-%D7%A2%D7%A6%D7%95%D7%A8-%D7%91%D7%91%D7%99%D7%AA-%D7%94%D7%9B%D7%9C%D7%90","%d7%94%d7%96%d7%9b%d7%95%d7%aa-%d7%9c%d7%94%d7%99%d7%95%d7%95%d7%a2%d7%a5-%d7%91%d7%a2%d7%95%d7%a8%d7%9a-%d7%93%d7%99%d7%9f-%d7%95%d7%9c%d7%94%d7%99%d7%95%d7%aa-%d7%9e%d7%99%d7%95%d7%a6%d7%92-%d7%94","????? ??????? ????? ??? ?????? ?????: ????? ????? ??????? ????? ????? ????? ???? ???? ???? (??&#8221;? 66168-11-21, 29278-01-22)","????? ??????? ????? ??? ?????? ?????: ????? ????? ??????? ????? ????? ????? ???? ???? ???? (??&#8221;? 66168-11-21, 29278-01-22)","","","","https://jus-tice.co.il/%D7%94%D7%97%D7%95%D7%91%D7%94-%D7%9C%D7%90%D7%A4%D7%A9%D7%A8-%D7%A1%D7%A0%D7%99%D7%92%D7%95%D7%A8-%D7%9C%D7%99%D7%99%D7%A2%D7%A5-%D7%9C%D7%90%D7%A1%D7%99%D7%A8-%D7%A2%D7%A6%D7%95%D7%A8-%D7%91%D7%91%D7%99%D7%AA-%D7%94%D7%9B%D7%9C%D7%90","UNKNOWN_NEEDS_RAR_EXTRACTION_OR_WP_REST_EXPORT","YES","YES","UNKNOWN","","","","","NEEDS_WP_REST_PULL","NEEDS_WP_REST_PULL","282","NEEDS_ASSIGNMENT","2022-01-20","2022-01-20","2022-01-20","2022-01-20","","","???? ?????","criminal-law","","","","","","","","0","0","0%","NOT_IN_GSC_3M","3","631","0.48%","41.5","","LOW","","","NEEDS_OWNER_REVIEW","","UNKNOWN_NEEDS_APPROVAL","","","NORMAL","NEEDS_MAPPING","","","","Article,BreadcrumbList","author,reviewer,last-updated","Needs disclaimer","","","","","","READY_FOR_REVIEW","YES","NO_GSC_3M;NEEDS_BACKLINK_TOOL","agent-2026-05-13","2026-05-13",""
"83","wp-rest+gsc-api+old-inventory","6556","articles","publish","https://jus-tice.co.il/%D7%94%D7%9B%D7%A0%D7%94-%D7%9C%D7%97%D7%A7%D7%99%D7%A8%D7%94-%D7%91%D7%9E%D7%A9%D7%98%D7%A8%D7%94","%d7%90%d7%99%d7%9a-%d7%9c%d7%94%d7%aa%d7%9b%d7%95%d7%a0%d7%9f-%d7%9c%d7%97%d7%a7%d7%99%d7%a8%d7%94-%d7%91%d7%9e%d7%a9%d7%98%d7%a8%d7%94-%d7%9e%d7%93%d7%a8%d7%99%d7%9a-%d7%a2%d7%95%d7%93-%d7%a4","??? ??????? ?????? ??????? ????? ??&#8221;? ?????","??? ??????? ?????? ??????? ????? ??&#8221;? ?????","","","","https://jus-tice.co.il/%D7%94%D7%9B%D7%A0%D7%94-%D7%9C%D7%97%D7%A7%D7%99%D7%A8%D7%94-%D7%91%D7%9E%D7%A9%D7%98%D7%A8%D7%94","UNKNOWN_NEEDS_RAR_EXTRACTION_OR_WP_REST_EXPORT","YES","YES","UNKNOWN","","","","","NEEDS_WP_REST_PULL","NEEDS_WP_REST_PULL","282","NEEDS_ASSIGNMENT","2022-01-18","2022-01-18","2022-01-18","2022-01-18","","","???? ?????","criminal-law","","","","","","","","0","0","0%","NOT_IN_GSC_3M","9","5783","0.16%","50.7","","MEDIUM","","","NEEDS_OWNER_REVIEW","","UNKNOWN_NEEDS_APPROVAL","","","HIGH","NEEDS_MAPPING","","","","Article,BreadcrumbList","author,reviewer,last-updated","Needs disclaimer","","","","","","READY_FOR_REVIEW","YES","NO_GSC_3M;NEEDS_BACKLINK_TOOL","agent-2026-05-13","2026-05-13",""
"88","wp-rest+gsc-api+old-inventory","7426","articles","publish","https://jus-tice.co.il/%D7%94%D7%A0%D7%97%D7%99%D7%94-81100-52001%D7%90-%D7%94%D7%99%D7%95%D7%A2%D7%A5-%D7%94%D7%9E%D7%A9%D7%A4%D7%98%D7%99-%D7%9C%D7%9E%D7%9E%D7%A9%D7%9C%D7%94","%d7%94%d7%a1%d7%9e%d7%9b%d7%aa-%d7%aa%d7%95%d7%91%d7%a2%d7%99%d7%9d-%d7%a4%d7%9c%d7%99%d7%9c%d7%99%d7%99%d7%9d-%d7%91%d7%a8%d7%a9%d7%95%d7%99%d7%95%d7%aa-%d7%94%d7%9e%d7%a7%d7%95%d7%9e%d7%99%d7%95","????? ?????? ??????? ??????? ???????? ???????? ???????? ?????? ??????","????? ?????? ??????? ??????? ???????? ???????? ???????? ?????? ??????","","","","https://jus-tice.co.il/%D7%94%D7%A0%D7%97%D7%99%D7%94-81100-52001%D7%90-%D7%94%D7%99%D7%95%D7%A2%D7%A5-%D7%94%D7%9E%D7%A9%D7%A4%D7%98%D7%99-%D7%9C%D7%9E%D7%9E%D7%A9%D7%9C%D7%94","UNKNOWN_NEEDS_RAR_EXTRACTION_OR_WP_REST_EXPORT","YES","YES","UNKNOWN","","","","","NEEDS_WP_REST_PULL","NEEDS_WP_REST_PULL","282","NEEDS_ASSIGNMENT","2022-06-11","2022-06-11","2022-06-11","2022-06-11","","","???? ?????","criminal-law","","","","","","","","0","0","0%","NOT_IN_GSC_3M","25","2064","1.21%","21.0","","MEDIUM","","","NEEDS_OWNER_REVIEW","","UNKNOWN_NEEDS_APPROVAL","","","HIGH","NEEDS_MAPPING","","","","Article,BreadcrumbList","author,reviewer,last-updated","Needs disclaimer","","","","","","READY_FOR_REVIEW","YES","NO_GSC_3M;NEEDS_BACKLINK_TOOL","agent-2026-05-13","2026-05-13",""
"90","wp-rest+gsc-api+old-inventory","7421","articles","publish","https://jus-tice.co.il/%D7%94%D7%A0%D7%97%D7%99%D7%95%D7%AA-%D7%A4%D7%A8%D7%A7%D7%9C%D7%99%D7%98-%D7%94%D7%9E%D7%93%D7%99%D7%A0%D7%94-%D7%94%D7%A0%D7%97%D7%99%D7%94-%D7%9E%D7%A1%D7%A4%D7%A8-13","%d7%a2%d7%95%d7%a8%d7%9a-%d7%93%d7%99%d7%9f-%d7%a4%d7%9c%d7%99%d7%9c%d7%99","????? ??? ????? ????? &#8220;???? ?????&#8221; ?????? &#8220;???? ????&#8221;","????? ??? ????? ????? &#8220;???? ?????&#8221; ?????? &#8220;???? ????&#8221;","","","","https://jus-tice.co.il/%D7%94%D7%A0%D7%97%D7%99%D7%95%D7%AA-%D7%A4%D7%A8%D7%A7%D7%9C%D7%99%D7%98-%D7%94%D7%9E%D7%93%D7%99%D7%A0%D7%94-%D7%94%D7%A0%D7%97%D7%99%D7%94-%D7%9E%D7%A1%D7%A4%D7%A8-13","UNKNOWN_NEEDS_RAR_EXTRACTION_OR_WP_REST_EXPORT","YES","YES","UNKNOWN","","","","","NEEDS_WP_REST_PULL","NEEDS_WP_REST_PULL","282","NEEDS_ASSIGNMENT","2022-06-11","2022-06-11","2022-06-11","2022-06-11","","","???? ?????","criminal-law","","","","","","","","0","0","0%","NOT_IN_GSC_3M","39","15277","0.26%","36.4","","MEDIUM","","","NEEDS_OWNER_REVIEW","","UNKNOWN_NEEDS_APPROVAL","","","HIGH","NEEDS_MAPPING","","","","Article,BreadcrumbList","author,reviewer,last-updated","Needs disclaimer","","","","","","READY_FOR_REVIEW","YES","NO_GSC_3M;NEEDS_BACKLINK_TOOL","agent-2026-05-13","2026-05-13",""
"91","wp-rest+gsc-api+old-inventory","6060","articles","publish","https://jus-tice.co.il/%D7%94%D7%A0%D7%97%D7%99%D7%95%D7%AA-%D7%A4%D7%A8%D7%A7%D7%9C%D7%99%D7%98-%D7%94%D7%9E%D7%93%D7%99%D7%A0%D7%94-%D7%9E%D7%A2%D7%A6%D7%A8-%D7%A2%D7%93-%D7%AA%D7%95%D7%9D-%D7%94%D7%94%D7%9C%D7%99%D7%9B%D7%99%D7%9D-%D7%91%D7%A2%D7%91%D7%99%D7%A8%D7%95%D7%AA-%D7%9E%D7%99%D7%9F-%D7%95%D7%90%D7%9C%D7%99%D7%9E%D7%95%D7%AA-%D7%91%D7%AA%D7%95%D7%9A-%D7%94%D7%9E%D7%A9%D7%A4%D7%97%D7%94","%d7%9e%d7%a2%d7%a6%d7%a8-%d7%a2%d7%93-%d7%aa%d7%95%d7%9d-%d7%94%d7%94%d7%9c%d7%99%d7%9b%d7%99%d7%9d-%d7%91%d7%a2%d7%91%d7%99%d7%a8%d7%95%d7%aa-%d7%9e%d7%99%d7%9f-%d7%95%d7%90%d7%9c%d7%99%d7%9e%d7%95","???? ?? ??? ??????? ??????? ??? ??????? ???? ?????? | ?????? ?????? ??????","???? ?? ??? ??????? ??????? ??? ??????? ???? ?????? | ?????? ?????? ??????","","","","https://jus-tice.co.il/%D7%94%D7%A0%D7%97%D7%99%D7%95%D7%AA-%D7%A4%D7%A8%D7%A7%D7%9C%D7%99%D7%98-%D7%94%D7%9E%D7%93%D7%99%D7%A0%D7%94-%D7%9E%D7%A2%D7%A6%D7%A8-%D7%A2%D7%93-%D7%AA%D7%95%D7%9D-%D7%94%D7%94%D7%9C%D7%99%D7%9B%D7%99%D7%9D-%D7%91%D7%A2%D7%91%D7%99%D7%A8%D7%95%D7%AA-%D7%9E%D7%99%D7%9F-%D7%95%D7%90%D7%9C%D7%99%D7%9E%D7%95%D7%AA-%D7%91%D7%AA%D7%95%D7%9A-%D7%94%D7%9E%D7%A9%D7%A4%D7%97%D7%94","UNKNOWN_NEEDS_RAR_EXTRACTION_OR_WP_REST_EXPORT","YES","YES","UNKNOWN","","","","","NEEDS_WP_REST_PULL","NEEDS_WP_REST_PULL","282","NEEDS_ASSIGNMENT","2021-08-19","2021-08-19","2021-08-19","2021-08-19","","","???? ?????","criminal-law","","","","","","","","0","0","0%","NOT_IN_GSC_3M","6","1854","0.32%","42.0","","LOW","","","NEEDS_OWNER_REVIEW","","UNKNOWN_NEEDS_APPROVAL","","","NORMAL","NEEDS_MAPPING","","","","Article,BreadcrumbList","author,reviewer,last-updated","Needs disclaimer","","","","","","READY_FOR_REVIEW","YES","NO_GSC_3M;NEEDS_BACKLINK_TOOL","agent-2026-05-13","2026-05-13",""
"92","wp-rest+gsc-api+old-inventory","6066","articles","publish","https://jus-tice.co.il/%D7%94%D7%A0%D7%97%D7%99%D7%99%D7%AA-%D7%A4%D7%A8%D7%A7%D7%9C%D7%99%D7%98-%D7%94%D7%9E%D7%93%D7%99%D7%A0%D7%94-%D7%9E%D7%A1%D7%A4%D7%A8-25-%D7%9E%D7%93%D7%99%D7%A0%D7%99%D7%95%D7%AA-%D7%A4%D7%AA%D7%99%D7%97%D7%94-%D7%91%D7%97%D7%A7%D7%99%D7%A8%D7%94-%D7%95%D7%94%D7%A2%D7%9E%D7%93%D7%94-%D7%9C%D7%93%D7%99%D7%9F-%D7%91%D7%92%D7%99%D7%9F-%D7%97%D7%A9%D7%93-%D7%9C%D7%9E%D7%A1%D7%99%D7%A8%D7%AA-%D7%90%D7%9E%D7%A8%D7%94-%D7%90%D7%95-%D7%A2%D7%93%D7%95%D7%AA-%D7%9B%D7%95%D7%96%D7%91%D7%AA","%d7%a2%d7%93%d7%95%d7%aa-%d7%9b%d7%95%d7%96%d7%91%d7%aa-%d7%90%d7%95-%d7%a1%d7%95%d7%aa%d7%a8%d7%aa-%d7%91%d7%97%d7%a7%d7%99%d7%a8%d7%94-%d7%90%d7%95-%d7%91%d7%9e%d7%a9%d7%a4%d7%98-%d7%9e%d7%93%d7%99","???? ????? ?? ????? ?????? ?? ????? ??????? ????? ?????? ?????? ????","???? ????? ?? ????? ?????? ?? ????? ??????? ????? ?????? ?????? ????","","","","https://jus-tice.co.il/%D7%94%D7%A0%D7%97%D7%99%D7%99%D7%AA-%D7%A4%D7%A8%D7%A7%D7%9C%D7%99%D7%98-%D7%94%D7%9E%D7%93%D7%99%D7%A0%D7%94-%D7%9E%D7%A1%D7%A4%D7%A8-25-%D7%9E%D7%93%D7%99%D7%A0%D7%99%D7%95%D7%AA-%D7%A4%D7%AA%D7%99%D7%97%D7%94-%D7%91%D7%97%D7%A7%D7%99%D7%A8%D7%94-%D7%95%D7%94%D7%A2%D7%9E%D7%93%D7%94-%D7%9C%D7%93%D7%99%D7%9F-%D7%91%D7%92%D7%99%D7%9F-%D7%97%D7%A9%D7%93-%D7%9C%D7%9E%D7%A1%D7%99%D7%A8%D7%AA-%D7%90%D7%9E%D7%A8%D7%94-%D7%90%D7%95-%D7%A2%D7%93%D7%95%D7%AA-%D7%9B%D7%95%D7%96%D7%91%D7%AA","UNKNOWN_NEEDS_RAR_EXTRACTION_OR_WP_REST_EXPORT","YES","YES","UNKNOWN","","","","","NEEDS_WP_REST_PULL","NEEDS_WP_REST_PULL","282","NEEDS_ASSIGNMENT","2021-08-19","2021-08-19","2021-08-19","2021-08-19","","","???? ?????","criminal-law","","","","","","","","0","0","0%","NOT_IN_GSC_3M","46","4648","0.99%","26.8","","MEDIUM","","","NEEDS_OWNER_REVIEW","","UNKNOWN_NEEDS_APPROVAL","","","HIGH","NEEDS_MAPPING","","","","Article,BreadcrumbList","author,reviewer,last-updated","Needs disclaimer","","","","","","READY_FOR_REVIEW","YES","NO_GSC_3M;NEEDS_BACKLINK_TOOL","agent-2026-05-13","2026-05-13",""
"94","wp-rest+gsc-api+old-inventory","6552","articles","publish","https://jus-tice.co.il/%D7%94%D7%A1%D7%93%D7%A8-%D7%9E%D7%95%D7%AA%D7%A0%D7%94","%d7%94%d7%a1%d7%93%d7%a8-%d7%9e%d7%95%d7%aa%d7%a0%d7%94-%d7%9e%d7%94%d7%95-%d7%94%d7%a1%d7%93%d7%a8-%d7%9e%d7%95%d7%aa%d7%a0%d7%94-%d7%91%d7%a4%d7%9c%d7%99%d7%9c%d7%99%d7%9d","???? ????? | ??? ???? ????? ???????","???? ????? | ??? ???? ????? ???????","","","","https://jus-tice.co.il/%D7%94%D7%A1%D7%93%D7%A8-%D7%9E%D7%95%D7%AA%D7%A0%D7%94","UNKNOWN_NEEDS_RAR_EXTRACTION_OR_WP_REST_EXPORT","YES","YES","UNKNOWN","","","","","NEEDS_WP_REST_PULL","NEEDS_WP_REST_PULL","282","NEEDS_ASSIGNMENT","2022-01-06","2022-01-06","2022-01-06","2022-01-06","","","???? ?????","criminal-law","","","","","","","","0","24","0.00%","29.8","2","5725","0.03%","55.4","???? ????? ????? ????? | ???? ????? ????? ????? | ??? ??? ???? ?????? ???? ?????","MEDIUM","","","NEEDS_OWNER_REVIEW","","UNKNOWN_NEEDS_APPROVAL","","","HIGH","NEEDS_MAPPING","","","","Article,BreadcrumbList","author,reviewer,last-updated","Needs disclaimer","","","","","","READY_FOR_REVIEW","YES","NEEDS_BACKLINK_TOOL","agent-2026-05-13","2026-05-13",""
"99","wp-rest+gsc-api+old-inventory","5809","articles","publish","https://jus-tice.co.il/%D7%94%D7%A6%D7%94%D7%A8%D7%AA-%D7%A0%D7%A4%D7%92%D7%A2-%D7%A2%D7%91%D7%99%D7%A8%D7%94-%D7%9C%D7%A4%D7%99-%D7%A1%D7%A2%D7%99%D7%A3-18%D7%9C%D7%97%D7%95%D7%A7-%D7%96%D7%9B%D7%95%D7%99%D7%95%D7%AA-%D7%A0%D7%A4%D7%92%D7%A2%D7%99-%D7%A2%D7%91%D7%99%D7%A8%D7%94-%D7%94%D7%AA%D7%A9%D7%A1%D7%90-2001","%d7%98%d7%95%d7%a4%d7%a1-%d7%94%d7%a6%d7%94%d7%a8%d7%aa-%d7%a0%d7%a4%d7%92%d7%a2-%d7%aa-%d7%a2%d7%91%d7%99%d7%a8%d7%94","???? ????? ????/? ?????","???? ????? ????/? ?????","","","","https://jus-tice.co.il/%D7%94%D7%A6%D7%94%D7%A8%D7%AA-%D7%A0%D7%A4%D7%92%D7%A2-%D7%A2%D7%91%D7%99%D7%A8%D7%94-%D7%9C%D7%A4%D7%99-%D7%A1%D7%A2%D7%99%D7%A3-18%D7%9C%D7%97%D7%95%D7%A7-%D7%96%D7%9B%D7%95%D7%99%D7%95%D7%AA-%D7%A0%D7%A4%D7%92%D7%A2%D7%99-%D7%A2%D7%91%D7%99%D7%A8%D7%94-%D7%94%D7%AA%D7%A9%D7%A1%D7%90-2001","UNKNOWN_NEEDS_RAR_EXTRACTION_OR_WP_REST_EXPORT","YES","YES","UNKNOWN","","","","","NEEDS_WP_REST_PULL","NEEDS_WP_REST_PULL","282","NEEDS_ASSIGNMENT","2021-08-08","2021-08-08","2021-08-08","2021-08-08","","","???? ?????","criminal-law","","","","","","","","0","0","0%","NOT_IN_GSC_3M","7","488","1.43%","27.4","","LOW","","","NEEDS_OWNER_REVIEW","","UNKNOWN_NEEDS_APPROVAL","","","NORMAL","NEEDS_MAPPING","","","","Article,BreadcrumbList","author,reviewer,last-updated","Needs disclaimer","","","","","","READY_FOR_REVIEW","YES","NO_GSC_3M;NEEDS_BACKLINK_TOOL","agent-2026-05-13","2026-05-13",""
"101","wp-rest+gsc-api+old-inventory","6587","articles","publish","https://jus-tice.co.il/%D7%94%D7%A8%D7%A9%D7%A2%D7%AA-%D7%A0%D7%90%D7%A9%D7%9D-%D7%91%D7%A2%D7%91%D7%99%D7%A8%D7%95%D7%AA-%D7%9E%D7%99%D7%9F-%D7%91%D7%91%D7%AA%D7%95-%D7%95%D7%90%D7%9C%D7%99%D7%9E%D7%95%D7%AA-%D7%9B%D7%9C%D7%A4%D7%99-%D7%99%D7%9C%D7%93%D7%99%D7%95","%d7%93%d7%99%d7%9f-%d7%a4%d7%9c%d7%99%d7%9c%d7%99-%d7%94%d7%a8%d7%a9%d7%a2%d7%aa-%d7%a0%d7%90%d7%a9%d7%9d-%d7%91%d7%a2%d7%91%d7%99%d7%a8%d7%95%d7%aa-%d7%9e%d7%99%d7%9f-%d7%91%d7%91%d7%aa%d7%95-%d7%95","??? ?????: ????? ???? ??????? ??? ???? ??????? ???? ????? | ????? ?????? ?? ????? ????? ?? ????? (?&#8221;? 28464-07-19)","??? ?????: ????? ???? ??????? ??? ???? ??????? ???? ????? | ????? ?????? ?? ????? ????? ?? ????? (?&#8221;? 28464-07-19)","","","","https://jus-tice.co.il/%D7%94%D7%A8%D7%A9%D7%A2%D7%AA-%D7%A0%D7%90%D7%A9%D7%9D-%D7%91%D7%A2%D7%91%D7%99%D7%A8%D7%95%D7%AA-%D7%9E%D7%99%D7%9F-%D7%91%D7%91%D7%AA%D7%95-%D7%95%D7%90%D7%9C%D7%99%D7%9E%D7%95%D7%AA-%D7%9B%D7%9C%D7%A4%D7%99-%D7%99%D7%9C%D7%93%D7%99%D7%95","UNKNOWN_NEEDS_RAR_EXTRACTION_OR_WP_REST_EXPORT","YES","YES","UNKNOWN","","","","","NEEDS_WP_REST_PULL","NEEDS_WP_REST_PULL","282","NEEDS_ASSIGNMENT","2022-02-01","2022-02-01","2022-02-01","2022-02-01","","","???? ?????","criminal-law","","","","","","","","0","0","0%","NOT_IN_GSC_3M","146","4313","3.39%","24.3","","HIGH","","","DO_NOT_TOUCH_HIGH_TRAFFIC_URL","High traffic URL - protect","UNKNOWN_NEEDS_APPROVAL","","","CRITICAL","NEEDS_MAPPING","","","","Article,BreadcrumbList","author,reviewer,last-updated","Needs disclaimer","","","","","","DO_NOT_TOUCH","YES","NO_GSC_3M;NEEDS_BACKLINK_TOOL","agent-2026-05-13","2026-05-13",""
"112","wp-rest+gsc-api+old-inventory","7059","articles","publish","https://jus-tice.co.il/%D7%96%D7%99%D7%9B%D7%95%D7%99-%D7%9E%D7%97%D7%9E%D7%AA-%D7%94%D7%AA%D7%A7%D7%99%D7%99%D7%9E%D7%95%D7%AA%D7%94-%D7%A9%D7%9C-%D7%94%D7%92%D7%A0%D7%AA-%D7%96%D7%95%D7%98%D7%99-%D7%93%D7%91%D7%A8%D7%99%D7%9D-%D7%AA%D7%A4-4122-08-21","%d7%a4%d7%9c%d7%99%d7%9c%d7%99-%d7%96%d7%99%d7%9b%d7%95%d7%99-%d7%9e%d7%9b%d7%aa%d7%91-%d7%94%d7%90%d7%99%d7%a9%d7%95%d7%9d-%d7%a0%d7%95%d7%9b%d7%97-%d7%aa%d7%97%d7%95%d7%9c%d7%aa%d7%94-%d7%a9%d7%9c","?????: ????? ????-?????? ???? ?????? ?? ???? &#8220;???? ?????&#8221; (?&#8221;? 4122-08-21)","?????: ????? ????-?????? ???? ?????? ?? ???? &#8220;???? ?????&#8221; (?&#8221;? 4122-08-21)","","","","https://jus-tice.co.il/%D7%96%D7%99%D7%9B%D7%95%D7%99-%D7%9E%D7%97%D7%9E%D7%AA-%D7%94%D7%AA%D7%A7%D7%99%D7%99%D7%9E%D7%95%D7%AA%D7%94-%D7%A9%D7%9C-%D7%94%D7%92%D7%A0%D7%AA-%D7%96%D7%95%D7%98%D7%99-%D7%93%D7%91%D7%A8%D7%99%D7%9D-%D7%AA%D7%A4-4122-08-21","UNKNOWN_NEEDS_RAR_EXTRACTION_OR_WP_REST_EXPORT","YES","YES","UNKNOWN","","","","","NEEDS_WP_REST_PULL","NEEDS_WP_REST_PULL","282","NEEDS_ASSIGNMENT","2022-05-11","2022-05-11","2022-05-11","2022-05-11","","","???? ?????","criminal-law","","","","","","","","0","0","0%","NOT_IN_GSC_3M","15","854","1.76%","31.2","","LOW","","","NEEDS_OWNER_REVIEW","","UNKNOWN_NEEDS_APPROVAL","","","NORMAL","NEEDS_MAPPING","","","","Article,BreadcrumbList","author,reviewer,last-updated","Needs disclaimer","","","","","","READY_FOR_REVIEW","YES","NO_GSC_3M;NEEDS_BACKLINK_TOOL","agent-2026-05-13","2026-05-13",""
"113","wp-rest+gsc-api+old-inventory","6732","articles","publish","https://jus-tice.co.il/%D7%96%D7%99%D7%9B%D7%95%D7%99-%D7%A0%D7%90%D7%A9%D7%9D-%D7%91%D7%A2%D7%91%D7%99%D7%A8%D7%95%D7%AA-%D7%A9%D7%9C-%D7%9E%D7%A2%D7%A9%D7%94-%D7%9E%D7%92%D7%95%D7%A0%D7%94-%D7%A9%D7%9C-%D7%A7%D7%98%D7%99%D7%9F-73759-12-20","%d7%96%d7%99%d7%9b%d7%95%d7%99-%d7%a0%d7%90%d7%a9%d7%9d-%d7%91%d7%a2%d7%91%d7%99%d7%a8%d7%95%d7%aa-%d7%a9%d7%9c-%d7%9e%d7%a2%d7%a9%d7%94-%d7%9e%d7%92%d7%95%d7%a0%d7%94-%d7%a9%d7%9c-%d7%a7%d7%98%d7%99","????? ???? ??????? ?? ???? ????? ?? ???? ( 73759-12-20)","????? ???? ??????? ?? ???? ????? ?? ???? ( 73759-12-20)","","","","https://jus-tice.co.il/%D7%96%D7%99%D7%9B%D7%95%D7%99-%D7%A0%D7%90%D7%A9%D7%9D-%D7%91%D7%A2%D7%91%D7%99%D7%A8%D7%95%D7%AA-%D7%A9%D7%9C-%D7%9E%D7%A2%D7%A9%D7%94-%D7%9E%D7%92%D7%95%D7%A0%D7%94-%D7%A9%D7%9C-%D7%A7%D7%98%D7%99%D7%9F-73759-12-20","UNKNOWN_NEEDS_RAR_EXTRACTION_OR_WP_REST_EXPORT","YES","YES","UNKNOWN","","","","","NEEDS_WP_REST_PULL","NEEDS_WP_REST_PULL","282","NEEDS_ASSIGNMENT","2022-02-20","2022-02-21","2022-02-20","2022-02-21","","","????? ???? ??? ??????","criminal-law","","","","","","","","0","0","0%","NOT_IN_GSC_3M","25","1036","2.41%","27.8","","MEDIUM","","","NEEDS_OWNER_REVIEW","","UNKNOWN_NEEDS_APPROVAL","","","HIGH","NEEDS_MAPPING","","","","Article,BreadcrumbList","author,reviewer,last-updated","Needs disclaimer","","","","","","READY_FOR_REVIEW","YES","NO_GSC_3M;NEEDS_BACKLINK_TOOL","agent-2026-05-13","2026-05-13",""
"115","wp-rest+gsc-api+old-inventory","6102","articles","publish","https://jus-tice.co.il/%D7%96%D7%99%D7%9B%D7%95%D7%99-%D7%A0%D7%90%D7%A9%D7%9D-%D7%A7%D7%A9%D7%99%D7%A8%D7%AA-%D7%A7%D7%A9%D7%A8-%D7%9C%D7%91%D7%99%D7%A6%D7%95%D7%A2-%D7%A2%D7%95%D7%95%D7%9F-%D7%AA%D7%A4-14763-04-15-%D7%9E%D7%93%D7%99%D7%A0%D7%AA-%D7%99%D7%A9%D7%A8%D7%90%D7%9C-%D7%A0%D7%99-%D7%90%D7%91%D7%A8%D7%94%D7%9D-%D7%9E%D7%90%D7%99%D7%A8-%D7%98%D7%A8%D7%99%D7%92%D7%A8","%d7%96%d7%99%d7%9b%d7%95%d7%99-%d7%a0%d7%90%d7%a9%d7%9d-%d7%a7%d7%a9%d7%99%d7%a8%d7%aa-%d7%a7%d7%a9%d7%a8-%d7%9c%d7%91%d7%99%d7%a6%d7%95%d7%a2-%d7%a2%d7%95%d7%95%d7%9f-%d7%aa%d7%b4%d7%a4-14763-04-15","????? ???? ????? ??? ?????? ???? | ??? 14763-04-15 ????? ????? ?? ????? ???? ?????","????? ???? ????? ??? ?????? ???? | ??? 14763-04-15 ????? ????? ?? ????? ???? ?????","","","","https://jus-tice.co.il/%D7%96%D7%99%D7%9B%D7%95%D7%99-%D7%A0%D7%90%D7%A9%D7%9D-%D7%A7%D7%A9%D7%99%D7%A8%D7%AA-%D7%A7%D7%A9%D7%A8-%D7%9C%D7%91%D7%99%D7%A6%D7%95%D7%A2-%D7%A2%D7%95%D7%95%D7%9F-%D7%AA%D7%A4-14763-04-15-%D7%9E%D7%93%D7%99%D7%A0%D7%AA-%D7%99%D7%A9%D7%A8%D7%90%D7%9C-%D7%A0%D7%99-%D7%90%D7%91%D7%A8%D7%94%D7%9D-%D7%9E%D7%90%D7%99%D7%A8-%D7%98%D7%A8%D7%99%D7%92%D7%A8","UNKNOWN_NEEDS_RAR_EXTRACTION_OR_WP_REST_EXPORT","YES","YES","UNKNOWN","","","","","NEEDS_WP_REST_PULL","NEEDS_WP_REST_PULL","282","NEEDS_ASSIGNMENT","2021-08-25","2021-08-25","2021-08-25","2021-08-25","","","????? ???? ??? ??????","criminal-law","","","","","","","","0","0","0%","NOT_IN_GSC_3M","5","977","0.51%","22.0","","LOW","","","NEEDS_OWNER_REVIEW","","UNKNOWN_NEEDS_APPROVAL","","","NORMAL","NEEDS_MAPPING","","","","Article,BreadcrumbList","author,reviewer,last-updated","Needs disclaimer","","","","","","READY_FOR_REVIEW","YES","NO_GSC_3M;NEEDS_BACKLINK_TOOL","agent-2026-05-13","2026-05-13",""
"117","wp-rest+gsc-api+old-inventory","7093","articles","publish","https://jus-tice.co.il/%D7%96%D7%99%D7%9B%D7%95%D7%99-%D7%AA%D7%A7%D7%99%D7%A4%D7%94-%D7%98%D7%A2%D7%A0%D7%AA-%D7%94%D7%92%D7%A0%D7%94-%D7%A2%D7%A6%D7%9E%D7%99%D7%AA-%D7%AA%D7%A4-5455-11-20","%d7%96%d7%99%d7%9b%d7%95%d7%99-%d7%a0%d7%90%d7%a9%d7%9d-%d7%91%d7%aa%d7%a7%d7%99%d7%a4%d7%94-%d7%94%d7%92%d7%95%d7%a8%d7%9e%d7%aa-%d7%97%d7%91%d7%9c%d7%94-%d7%a9%d7%9c-%d7%9e%d7%9e%d7%a9-%d7%91%d7%98","????? ???? ?????? ?????? ???? ?? ??? ????? ?? ??? ???? ???? ????? (?&#8221;? 5455-11-20)","????? ???? ?????? ?????? ???? ?? ??? ????? ?? ??? ???? ???? ????? (?&#8221;? 5455-11-20)","","","","https://jus-tice.co.il/%D7%96%D7%99%D7%9B%D7%95%D7%99-%D7%AA%D7%A7%D7%99%D7%A4%D7%94-%D7%98%D7%A2%D7%A0%D7%AA-%D7%94%D7%92%D7%A0%D7%94-%D7%A2%D7%A6%D7%9E%D7%99%D7%AA-%D7%AA%D7%A4-5455-11-20","UNKNOWN_NEEDS_RAR_EXTRACTION_OR_WP_REST_EXPORT","YES","YES","UNKNOWN","","","","","NEEDS_WP_REST_PULL","NEEDS_WP_REST_PULL","282","NEEDS_ASSIGNMENT","2022-05-14","2022-05-14","2022-05-14","2022-05-14","","","????? ???? ??? ??????","criminal-law","","","","","","","","0","0","0%","NOT_IN_GSC_3M","8","1339","0.60%","49.1","","LOW","","","NEEDS_OWNER_REVIEW","","UNKNOWN_NEEDS_APPROVAL","","","NORMAL","NEEDS_MAPPING","","","","Article,BreadcrumbList","author,reviewer,last-updated","Needs disclaimer","","","","","","READY_FOR_REVIEW","YES","NO_GSC_3M;NEEDS_BACKLINK_TOOL","agent-2026-05-13","2026-05-13",""
"119","wp-rest+gsc-api+old-inventory","8154","articles","publish","https://jus-tice.co.il/%D7%96%D7%9B%D7%95%D7%AA-%D7%A0%D7%A4%D7%92%D7%A2-%D7%A2%D7%91%D7%99%D7%A8%D7%94-%D7%9C%D7%A2%D7%A8%D7%A2%D7%A8-%D7%A2%D7%9C-%D7%A1%D7%92%D7%99%D7%A8%D7%AA-%D7%94%D7%AA%D7%99%D7%A7-%D7%91%D7%A2%D7%A0%D7%99%D7%99%D7%A0%D7%95-%D7%A9%D7%9C-%D7%97%D7%A9%D7%95%D7%93-%D7%91%D7%92%D7%A5-47421","%d7%96%d7%9b%d7%95%d7%aa-%d7%a0%d7%a4%d7%92%d7%a2-%d7%a2%d7%91%d7%99%d7%a8%d7%94-%d7%9c%d7%a2%d7%a8%d7%a2%d7%a8-%d7%a2%d7%9c-%d7%a1%d7%92%d7%99%d7%a8%d7%aa-%d7%94%d7%aa%d7%99%d7%a7-%d7%91%d7%a2%d7%a0","???? ???? ????? ????? ?? ????? ???? ??????? ?? ???? (??&#8221;? 474/21)","???? ???? ????? ????? ?? ????? ???? ??????? ?? ???? (??&#8221;? 474/21)","","","","https://jus-tice.co.il/%D7%96%D7%9B%D7%95%D7%AA-%D7%A0%D7%A4%D7%92%D7%A2-%D7%A2%D7%91%D7%99%D7%A8%D7%94-%D7%9C%D7%A2%D7%A8%D7%A2%D7%A8-%D7%A2%D7%9C-%D7%A1%D7%92%D7%99%D7%A8%D7%AA-%D7%94%D7%AA%D7%99%D7%A7-%D7%91%D7%A2%D7%A0%D7%99%D7%99%D7%A0%D7%95-%D7%A9%D7%9C-%D7%97%D7%A9%D7%95%D7%93-%D7%91%D7%92%D7%A5-47421","UNKNOWN_NEEDS_RAR_EXTRACTION_OR_WP_REST_EXPORT","YES","YES","UNKNOWN","","","","","NEEDS_WP_REST_PULL","NEEDS_WP_REST_PULL","282","NEEDS_ASSIGNMENT","2022-12-04","2022-12-04","2022-12-04","2022-12-04","","","????? ???? ??? ??????","criminal-law","","","","","","","","0","0","0%","NOT_IN_GSC_3M","16","2415","0.66%","34.0","","MEDIUM","","","NEEDS_OWNER_REVIEW","","UNKNOWN_NEEDS_APPROVAL","","","HIGH","NEEDS_MAPPING","","","","Article,BreadcrumbList","author,reviewer,last-updated","Needs disclaimer","","","","","","READY_FOR_REVIEW","YES","NO_GSC_3M;NEEDS_BACKLINK_TOOL","agent-2026-05-13","2026-05-13",""
"121","wp-rest+gsc-api+old-inventory","6514","articles","publish","https://jus-tice.co.il/%D7%97%D7%93%D7%A9%D7%95%D7%AA-%D7%A4%D7%9C%D7%99%D7%9C%D7%99-%D7%9E%D7%AA%D7%A2%D7%93%D7%9B%D7%9F","%d7%97%d7%93%d7%a9%d7%95%d7%aa-%d7%a4%d7%9c%d7%99%d7%9c%d7%99-%d7%9e%d7%aa%d7%a2%d7%93%d7%9b%d7%9f-2","????? ????? ??????","????? ????? ??????","","","","https://jus-tice.co.il/%D7%97%D7%93%D7%A9%D7%95%D7%AA-%D7%A4%D7%9C%D7%99%D7%9C%D7%99-%D7%9E%D7%AA%D7%A2%D7%93%D7%9B%D7%9F","UNKNOWN_NEEDS_RAR_EXTRACTION_OR_WP_REST_EXPORT","YES","YES","UNKNOWN","","","","","NEEDS_WP_REST_PULL","NEEDS_WP_REST_PULL","282","NEEDS_ASSIGNMENT","2021-10-12","2022-08-15","2021-10-12","2022-08-15","","","???? ?????","criminal-law","","","","","","","","0","99","0.00%","30.3","4","1978","0.20%","44.6","????? ????? | ????? ????? ?????? | ????? ???? ????? | ????? ????? | ????? ?????? ????","LOW","","","NEEDS_OWNER_REVIEW","","UNKNOWN_NEEDS_APPROVAL","","","NORMAL","NEEDS_MAPPING","","","","Article,BreadcrumbList","author,reviewer,last-updated","Needs disclaimer","","","","","","READY_FOR_REVIEW","YES","NEEDS_BACKLINK_TOOL","agent-2026-05-13","2026-05-13",""
"124","wp-rest+gsc-api+old-inventory","9133","articles","publish","https://jus-tice.co.il/%D7%97%D7%95%D7%A7-%D7%94%D7%A2%D7%95%D7%A0%D7%A9%D7%99%D7%9F","%d7%97%d7%95%d7%a7-%d7%94%d7%a2%d7%95%d7%a0%d7%a9%d7%99%d7%9f-%d7%aa%d7%a9%d7%9c%d7%96-1977-%d7%9e%d7%a2%d7%95%d7%93%d7%9b%d7%9f-2023-%d7%a2%d7%9d-%d7%94%d7%a1%d7%91%d7%a8%d7%99%d7%9d","??? ???????, ???&#8221;?-1977* | ?????? 2023 ?? ??????","??? ???????, ???&#8221;?-1977* | ?????? 2023 ?? ??????","","","","https://jus-tice.co.il/%D7%97%D7%95%D7%A7-%D7%94%D7%A2%D7%95%D7%A0%D7%A9%D7%99%D7%9F","UNKNOWN_NEEDS_RAR_EXTRACTION_OR_WP_REST_EXPORT","YES","YES","UNKNOWN","","","","","NEEDS_WP_REST_PULL","NEEDS_WP_REST_PULL","282","NEEDS_ASSIGNMENT","2023-03-31","2023-04-01","2023-03-31","2023-04-01","","","???? ?????","criminal-law","","","","","","","","0","0","0%","NOT_IN_GSC_3M","44","9863","0.45%","31.7","","MEDIUM","","","NEEDS_OWNER_REVIEW","","UNKNOWN_NEEDS_APPROVAL","","","HIGH","NEEDS_MAPPING","","","","Article,BreadcrumbList","author,reviewer,last-updated","Needs disclaimer","","","","","","READY_FOR_REVIEW","YES","NO_GSC_3M;NEEDS_BACKLINK_TOOL","agent-2026-05-13","2026-05-13",""
"137","wp-rest+gsc-api+old-inventory","5805","articles","publish","https://jus-tice.co.il/%D7%98%D7%95%D7%A4%D7%A1-%D7%91%D7%A7%D7%A9%D7%94-%D7%9C%D7%A7%D7%91%D7%9C%D7%AA-%D7%9E%D7%99%D7%93%D7%A2-%D7%A0%D7%A4%D7%92%D7%A2%D7%99-%D7%A2%D7%91%D7%99%D7%A8%D7%94-%D7%9C%D7%A4%D7%99-%D7%9C%D7%97%D7%95%D7%A7-%D7%96%D7%9B%D7%95%D7%99%D7%95%D7%AA-%D7%A0%D7%A4%D7%92%D7%A2%D7%99-%D7%A2%D7%91%D7%99%D7%A8%D7%94","%d7%98%d7%95%d7%a4%d7%a1-%d7%91%d7%a7%d7%a9%d7%94-%d7%9c%d7%a7%d7%91%d7%9c%d7%aa-%d7%9e%d7%99%d7%93%d7%a2-%d7%a0%d7%a4%d7%92%d7%a2%d7%99-%d7%a2%d7%91%d7%99%d7%a8%d7%94-%d7%9c%d7%a4%d7%99-%d7%9c%d7%97","???? ???? ????? ???? ????? ????? ??? ???? ?????? ????? ?????","???? ???? ????? ???? ????? ????? ??? ???? ?????? ????? ?????","","","","https://jus-tice.co.il/%D7%98%D7%95%D7%A4%D7%A1-%D7%91%D7%A7%D7%A9%D7%94-%D7%9C%D7%A7%D7%91%D7%9C%D7%AA-%D7%9E%D7%99%D7%93%D7%A2-%D7%A0%D7%A4%D7%92%D7%A2%D7%99-%D7%A2%D7%91%D7%99%D7%A8%D7%94-%D7%9C%D7%A4%D7%99-%D7%9C%D7%97%D7%95%D7%A7-%D7%96%D7%9B%D7%95%D7%99%D7%95%D7%AA-%D7%A0%D7%A4%D7%92%D7%A2%D7%99-%D7%A2%D7%91%D7%99%D7%A8%D7%94","UNKNOWN_NEEDS_RAR_EXTRACTION_OR_WP_REST_EXPORT","YES","YES","UNKNOWN","","","","","NEEDS_WP_REST_PULL","NEEDS_WP_REST_PULL","282","NEEDS_ASSIGNMENT","2021-08-08","2021-08-08","2021-08-08","2021-08-08","","","???? ?????","criminal-law","","","","","","","","0","0","0%","NOT_IN_GSC_3M","4","532","0.75%","35.2","","LOW","","","NEEDS_OWNER_REVIEW","","UNKNOWN_NEEDS_APPROVAL","","","NORMAL","NEEDS_MAPPING","","","","Article,BreadcrumbList","author,reviewer,last-updated","Needs disclaimer","","","","","","READY_FOR_REVIEW","YES","NO_GSC_3M;NEEDS_BACKLINK_TOOL","agent-2026-05-13","2026-05-13",""
"140","wp-rest+gsc-api+old-inventory","6163","articles","publish","https://jus-tice.co.il/%D7%98%D7%95%D7%A4%D7%A1-%D7%9C%D7%A4%D7%99-%D7%97%D7%95%D7%A7-%D7%9C%D7%9E%D7%A0%D7%99%D7%A2%D7%AA-%D7%94%D7%A2%D7%A1%D7%A7%D7%94-%D7%A9%D7%9C-%D7%A2%D7%91%D7%A8%D7%99%D7%99%D7%A0%D7%99-%D7%9E%D7%99%D7%9F-%D7%91%D7%9E%D7%95%D7%A1%D7%93-%D7%94%D7%9E%D7%9B%D7%95%D7%95%D7%9F-%D7%9C%D7%9E%D7%AA%D7%9F-%D7%A9%D7%99%D7%A8%D7%95%D7%AA-%D7%9C%D7%A7%D7%98%D7%99%D7%A0%D7%99%D7%9D","%d7%98%d7%95%d7%a4%d7%a1-%d7%91%d7%a7%d7%a9%d7%aa-%d7%91%d7%92%d7%99%d7%a8-%d7%9c%d7%a7%d7%91%d7%9c-%d7%90%d7%99%d7%a9%d7%95%d7%a8-%d7%9e%d7%a9%d7%98%d7%a8%d7%94-%d7%91%d7%a7%d7%a9%d7%aa-%d7%9e","???? ???? ???? ???? ????? ????? | ???? ????? ???? ????? ?????","???? ???? ???? ???? ????? ????? | ???? ????? ???? ????? ?????","","","","https://jus-tice.co.il/%D7%98%D7%95%D7%A4%D7%A1-%D7%9C%D7%A4%D7%99-%D7%97%D7%95%D7%A7-%D7%9C%D7%9E%D7%A0%D7%99%D7%A2%D7%AA-%D7%94%D7%A2%D7%A1%D7%A7%D7%94-%D7%A9%D7%9C-%D7%A2%D7%91%D7%A8%D7%99%D7%99%D7%A0%D7%99-%D7%9E%D7%99%D7%9F-%D7%91%D7%9E%D7%95%D7%A1%D7%93-%D7%94%D7%9E%D7%9B%D7%95%D7%95%D7%9F-%D7%9C%D7%9E%D7%AA%D7%9F-%D7%A9%D7%99%D7%A8%D7%95%D7%AA-%D7%9C%D7%A7%D7%98%D7%99%D7%A0%D7%99%D7%9D","UNKNOWN_NEEDS_RAR_EXTRACTION_OR_WP_REST_EXPORT","YES","YES","UNKNOWN","","","","","NEEDS_WP_REST_PULL","NEEDS_WP_REST_PULL","282","NEEDS_ASSIGNMENT","2021-09-01","2021-09-01","2021-09-01","2021-09-01","","","???? ?????","criminal-law","","","","","","","","0","0","0%","NOT_IN_GSC_3M","127","13480","0.94%","12.1","","HIGH","","","DO_NOT_TOUCH_HIGH_TRAFFIC_URL","High traffic URL - protect","UNKNOWN_NEEDS_APPROVAL","","","CRITICAL","NEEDS_MAPPING","","","","Article,BreadcrumbList","author,reviewer,last-updated","Needs disclaimer","","","","","","DO_NOT_TOUCH","YES","NO_GSC_3M;NEEDS_BACKLINK_TOOL","agent-2026-05-13","2026-05-13",""
"143","wp-rest+gsc-api+old-inventory","6037","articles","publish","https://jus-tice.co.il/%D7%98%D7%99%D7%A4%D7%95%D7%9C-%D7%91%D7%94%D7%9C%D7%99%D7%9B%D7%99%D7%9D-%D7%9C%D7%A4%D7%99-%D7%97%D7%95%D7%A7-%D7%94%D7%A0%D7%95%D7%A2%D7%A8-%D7%98%D7%99%D7%A4%D7%95%D7%9C-%D7%95%D7%94%D7%A9%D7%92%D7%97%D7%94","%d7%98%d7%99%d7%a4%d7%95%d7%9c-%d7%91%d7%94%d7%9c%d7%99%d7%9b%d7%99%d7%9d-%d7%9c%d7%a4%d7%99-%d7%97%d7%95%d7%a7-%d7%94%d7%a0%d7%95%d7%a2%d7%a8-%d7%98%d7%99%d7%a4%d7%95%d7%9c-%d7%95%d7%94%d7%a9%d7%92","????? ??????? ??? ??? ????? ????? ??????","????? ??????? ??? ??? ????? ????? ??????","","","","https://jus-tice.co.il/%D7%98%D7%99%D7%A4%D7%95%D7%9C-%D7%91%D7%94%D7%9C%D7%99%D7%9B%D7%99%D7%9D-%D7%9C%D7%A4%D7%99-%D7%97%D7%95%D7%A7-%D7%94%D7%A0%D7%95%D7%A2%D7%A8-%D7%98%D7%99%D7%A4%D7%95%D7%9C-%D7%95%D7%94%D7%A9%D7%92%D7%97%D7%94","UNKNOWN_NEEDS_RAR_EXTRACTION_OR_WP_REST_EXPORT","YES","YES","UNKNOWN","","","","","NEEDS_WP_REST_PULL","NEEDS_WP_REST_PULL","282","NEEDS_ASSIGNMENT","2021-08-16","2021-08-16","2021-08-16","2021-08-16","","","???? ?????","criminal-law","","","","","","","","0","0","0%","NOT_IN_GSC_3M","16","2075","0.77%","48.1","","MEDIUM","","","NEEDS_OWNER_REVIEW","","UNKNOWN_NEEDS_APPROVAL","","","HIGH","NEEDS_MAPPING","","","","Article,BreadcrumbList","author,reviewer,last-updated","Needs disclaimer","","","","","","READY_FOR_REVIEW","YES","NO_GSC_3M;NEEDS_BACKLINK_TOOL","agent-2026-05-13","2026-05-13",""
"148","wp-rest+gsc-api+old-inventory","7346","articles","publish","https://jus-tice.co.il/%D7%99%D7%99%D7%A2%D7%95%D7%A5-%D7%A2%D7%95%D7%A8%D7%9A-%D7%93%D7%99%D7%9F-%D7%A4%D7%9C%D7%99%D7%9C%D7%99-%D7%A8%D7%90%D7%A9%D7%95%D7%A0%D7%99-%D7%9C%D7%A2%D7%A6%D7%95%D7%A8-%D7%91%D7%A4%D7%9C%D7%99%D7%9C%D7%99%D7%9D","%d7%a2%d7%95%d7%93-%d7%a4%d7%9c%d7%99%d7%9c%d7%99-%d7%99%d7%99%d7%a2%d7%95%d7%a5-%d7%a8%d7%90%d7%a9%d7%95%d7%a0%d7%99-%d7%9c%d7%a0%d7%90%d7%a9%d7%9d-%d7%91%d7%a4%d7%9c%d7%99%d7%9c%d7%99%d7%9d","??&#8221;? ?????: ????? ?????? ????? ???????","??&#8221;? ?????: ????? ?????? ????? ???????","","","","https://jus-tice.co.il/%D7%99%D7%99%D7%A2%D7%95%D7%A5-%D7%A2%D7%95%D7%A8%D7%9A-%D7%93%D7%99%D7%9F-%D7%A4%D7%9C%D7%99%D7%9C%D7%99-%D7%A8%D7%90%D7%A9%D7%95%D7%A0%D7%99-%D7%9C%D7%A2%D7%A6%D7%95%D7%A8-%D7%91%D7%A4%D7%9C%D7%99%D7%9C%D7%99%D7%9D","UNKNOWN_NEEDS_RAR_EXTRACTION_OR_WP_REST_EXPORT","YES","YES","UNKNOWN","","","","","NEEDS_WP_REST_PULL","NEEDS_WP_REST_PULL","282","NEEDS_ASSIGNMENT","2022-06-06","2022-06-06","2022-06-06","2022-06-06","","","???? ?????","criminal-law","","","","","","","","0","8","0.00%","14.5","0","67","0.00%","29.2","????? ?????? ??????? | ????? ????? ?? ????","LOW","","","NEEDS_OWNER_REVIEW","","UNKNOWN_NEEDS_APPROVAL","","","NORMAL","NEEDS_MAPPING","","","","Article,BreadcrumbList","author,reviewer,last-updated","Needs disclaimer","","","","","","READY_FOR_REVIEW","YES","NEEDS_BACKLINK_TOOL","agent-2026-05-13","2026-05-13",""
"152","wp-rest+gsc-api+old-inventory","8487","articles","publish","https://jus-tice.co.il/%D7%9B%D7%AA%D7%91-%D7%90%D7%99%D7%A9%D7%95%D7%9D-%D7%91%D7%A7%D7%A9%D7%AA-%D7%9E%D7%A2%D7%A6%D7%A8-%D7%93%D7%A7%D7%99%D7%A8%D7%94-%D7%9E%D7%A1%D7%95%D7%9B%D7%A0%D7%95%D7%AA-%D7%92%D7%91%D7%95%D7%94%D7%94","%d7%9b%d7%aa%d7%91-%d7%90%d7%99%d7%a9%d7%95%d7%9d-%d7%91%d7%a7%d7%a9%d7%aa-%d7%9e%d7%a2%d7%a6%d7%a8-%d7%93%d7%a7%d7%99%d7%a8%d7%94-%d7%9e%d7%a1%d7%95%d7%9b%d7%a0%d7%95%d7%aa-%d7%92%d7%91%d7%95%d7%94","??? ????? ???? ???? ????? ??????? ?????","??? ????? ???? ???? ????? ??????? ?????","","","","https://jus-tice.co.il/%D7%9B%D7%AA%D7%91-%D7%90%D7%99%D7%A9%D7%95%D7%9D-%D7%91%D7%A7%D7%A9%D7%AA-%D7%9E%D7%A2%D7%A6%D7%A8-%D7%93%D7%A7%D7%99%D7%A8%D7%94-%D7%9E%D7%A1%D7%95%D7%9B%D7%A0%D7%95%D7%AA-%D7%92%D7%91%D7%95%D7%94%D7%94","UNKNOWN_NEEDS_RAR_EXTRACTION_OR_WP_REST_EXPORT","YES","YES","UNKNOWN","","","","","NEEDS_WP_REST_PULL","NEEDS_WP_REST_PULL","282","NEEDS_ASSIGNMENT","2023-02-07","2023-02-07","2023-02-07","2023-02-07","","","????? ???? ??? ??????","criminal-law","","","","","","","","0","0","0%","NOT_IN_GSC_3M","2","12","16.67%","6.5","","LOW","","","NEEDS_OWNER_REVIEW","","UNKNOWN_NEEDS_APPROVAL","","","NORMAL","NEEDS_MAPPING","","","","Article,BreadcrumbList","author,reviewer,last-updated","Needs disclaimer","","","","","","READY_FOR_REVIEW","YES","NO_GSC_3M;NEEDS_BACKLINK_TOOL","agent-2026-05-13","2026-05-13",""
"155","wp-rest+gsc-api+old-inventory","8463","articles","publish","https://jus-tice.co.il/%D7%9E%D7%90%D7%A1%D7%A8-%D7%91%D7%92%D7%99%D7%9F-%D7%94%D7%98%D7%A8%D7%93%D7%94-%D7%9E%D7%99%D7%A0%D7%99%D7%AA-%D7%95%D7%94%D7%AA%D7%A0%D7%9B%D7%9C%D7%95%D7%AA-%D7%91%D7%90%D7%9E%D7%A6%D7%A2%D7%95%D7%AA-%D7%A8%D7%A9%D7%AA-%D7%94%D7%98%D7%9C%D7%92%D7%A8%D7%9D-%D7%AA%D7%A4-43967-07-20","%d7%9e%d7%90%d7%a1%d7%a8-%d7%91%d7%92%d7%99%d7%9f-%d7%94%d7%98%d7%a8%d7%93%d7%94-%d7%9e%d7%99%d7%a0%d7%99%d7%aa-%d7%95%d7%94%d7%aa%d7%a0%d7%9b%d7%9c%d7%95%d7%aa-%d7%91%d7%90%d7%9e%d7%a6%d7%a2%d7%95","???? ???? ????? ????? ???????? ??????? ??? ?????? (?&#8221;? 43967-07-20)","???? ???? ????? ????? ???????? ??????? ??? ?????? (?&#8221;? 43967-07-20)","","","","https://jus-tice.co.il/%D7%9E%D7%90%D7%A1%D7%A8-%D7%91%D7%92%D7%99%D7%9F-%D7%94%D7%98%D7%A8%D7%93%D7%94-%D7%9E%D7%99%D7%A0%D7%99%D7%AA-%D7%95%D7%94%D7%AA%D7%A0%D7%9B%D7%9C%D7%95%D7%AA-%D7%91%D7%90%D7%9E%D7%A6%D7%A2%D7%95%D7%AA-%D7%A8%D7%A9%D7%AA-%D7%94%D7%98%D7%9C%D7%92%D7%A8%D7%9D-%D7%AA%D7%A4-43967-07-20","UNKNOWN_NEEDS_RAR_EXTRACTION_OR_WP_REST_EXPORT","YES","YES","UNKNOWN","","","","","NEEDS_WP_REST_PULL","NEEDS_WP_REST_PULL","282","NEEDS_ASSIGNMENT","2023-01-25","2023-01-25","2023-01-25","2023-01-25","","","????? ???? ??? ??????","criminal-law","","","","","","","","0","0","0%","NOT_IN_GSC_3M","42","6688","0.63%","18.9","","MEDIUM","","","NEEDS_OWNER_REVIEW","","UNKNOWN_NEEDS_APPROVAL","","","HIGH","NEEDS_MAPPING","","","","Article,BreadcrumbList","author,reviewer,last-updated","Needs disclaimer","","","","","","READY_FOR_REVIEW","YES","NO_GSC_3M;NEEDS_BACKLINK_TOOL","agent-2026-05-13","2026-05-13",""
"156","wp-rest+gsc-api+old-inventory","8451","articles","publish","https://jus-tice.co.il/%D7%9E%D7%93%D7%99%D7%A0%D7%AA-%D7%99%D7%A9%D7%A8%D7%90%D7%9C-%D7%A0-%D7%A7%D7%A8%D7%A4%D7%9C","%d7%9c%d7%a8%d7%95%d7%a4%d7%90-%d7%9e%d7%a8%d7%93%d7%99%d7%9d-%d7%a9%d7%a0%d7%90%d7%a9%d7%9d-%d7%91%d7%a2%d7%91%d7%99%d7%a8%d7%94-%d7%a9%d7%9c-%d7%a0%d7%99%d7%a1%d7%99%d7%95%d7%9f-%d7%9c%d7%a8%d7%a6","???? ????? ????? ?????? ?? ?????? ???? (??&#8221;? 60221-07-21)","???? ????? ????? ?????? ?? ?????? ???? (??&#8221;? 60221-07-21)","","","","https://jus-tice.co.il/%D7%9E%D7%93%D7%99%D7%A0%D7%AA-%D7%99%D7%A9%D7%A8%D7%90%D7%9C-%D7%A0-%D7%A7%D7%A8%D7%A4%D7%9C","UNKNOWN_NEEDS_RAR_EXTRACTION_OR_WP_REST_EXPORT","YES","YES","UNKNOWN","","","","","NEEDS_WP_REST_PULL","NEEDS_WP_REST_PULL","282","NEEDS_ASSIGNMENT","2023-01-22","2023-01-22","2023-01-22","2023-01-22","","","???? ?????","criminal-law","","","","","","","","0","0","0%","NOT_IN_GSC_3M","14","518","2.70%","21.9","","LOW","","","NEEDS_OWNER_REVIEW","","UNKNOWN_NEEDS_APPROVAL","","","NORMAL","NEEDS_MAPPING","","","","Article,BreadcrumbList","author,reviewer,last-updated","Needs disclaimer","","","","","","READY_FOR_REVIEW","YES","NO_GSC_3M;NEEDS_BACKLINK_TOOL","agent-2026-05-13","2026-05-13",""
"175","wp-rest+gsc-api+old-inventory","11878","articles","publish","https://jus-tice.co.il/%D7%9E%D7%97%D7%99%D7%A8%D7%95%D7%9F-%D7%9E%D7%95%D7%9E%D7%9C%D7%A5-%D7%A2%D7%95%D7%A8%D7%9A-%D7%93%D7%99%D7%9F-%D7%A4%D7%9C%D7%99%D7%9C%D7%99","%d7%9e%d7%97%d7%99%d7%a8%d7%95%d7%9f-2025-%d7%a2%d7%95%d7%a8%d7%9a-%d7%93%d7%99%d7%9f-%d7%a4%d7%9c%d7%99%d7%9c%d7%99-%d7%9e%d7%95%d7%9e%d7%9c%d7%a5-%d7%a1%d7%a7%d7%99%d7%a8%d7%94-%d7%95%d7%94%d7%a9","?????? 2025 ???? ??? ????? ????? | ????? ??????? ?????? ??&#8221;? ????? + ?????","?????? 2025 ???? ??? ????? ????? | ????? ??????? ?????? ??&#8221;? ????? + ?????","","","","https://jus-tice.co.il/%D7%9E%D7%97%D7%99%D7%A8%D7%95%D7%9F-%D7%9E%D7%95%D7%9E%D7%9C%D7%A5-%D7%A2%D7%95%D7%A8%D7%9A-%D7%93%D7%99%D7%9F-%D7%A4%D7%9C%D7%99%D7%9C%D7%99","UNKNOWN_NEEDS_RAR_EXTRACTION_OR_WP_REST_EXPORT","YES","YES","UNKNOWN","","","","","NEEDS_WP_REST_PULL","NEEDS_WP_REST_PULL","282","NEEDS_ASSIGNMENT","2025-01-28","2025-01-28","2025-01-28","2025-01-28","","","???? ?????","criminal-law","","","","","","","","0","0","0%","NOT_IN_GSC_3M","232","37574","0.62%","43.6","","HIGH","","","DO_NOT_TOUCH_HIGH_TRAFFIC_URL","High traffic URL - protect","UNKNOWN_NEEDS_APPROVAL","","","CRITICAL","NEEDS_MAPPING","","","","Article,BreadcrumbList","author,reviewer,last-updated","Needs disclaimer","","","","","","DO_NOT_TOUCH","YES","NO_GSC_3M;NEEDS_BACKLINK_TOOL","agent-2026-05-13","2026-05-13",""
"176","wp-rest+gsc-api+old-inventory","8109","articles","publish","https://jus-tice.co.il/%D7%9E%D7%97%D7%A7%D7%A8-%D7%9E%D7%99%D7%9E%D7%95%D7%A9-%D7%96%D7%9B%D7%95%D7%99%D7%95%D7%AA-%D7%A7%D7%98%D7%99%D7%A0%D7%99%D7%9D-%D7%A0%D7%A4%D7%92%D7%A2%D7%99-%D7%A2%D7%91%D7%99%D7%A8%D7%95%D7%AA-%D7%9E%D7%99%D7%9F-%D7%97%D7%9E%D7%95%D7%A8%D7%95%D7%AA-%D7%91%D7%AA%D7%99%D7%A7%D7%99-%D7%94%D7%A1%D7%99%D7%95%D7%A2-%D7%94%D7%9E%D7%A9%D7%A4%D7%98%D7%99","%d7%9e%d7%97%d7%a7%d7%a8-%d7%9e%d7%99%d7%9e%d7%95%d7%a9-%d7%96%d7%9b%d7%95%d7%99%d7%95%d7%aa-%d7%a7%d7%98%d7%99%d7%a0%d7%99%d7%9d-%d7%a0%d7%a4%d7%92%d7%a2%d7%99-%d7%a2%d7%91%d7%99%d7%a8%d7%95%d7%aa","???? ? ????? ?????? ?????? ????? ?????? ??? ?????? ????? ????? ??????","???? ? ????? ?????? ?????? ????? ?????? ??? ?????? ????? ????? ??????","","","","https://jus-tice.co.il/%D7%9E%D7%97%D7%A7%D7%A8-%D7%9E%D7%99%D7%9E%D7%95%D7%A9-%D7%96%D7%9B%D7%95%D7%99%D7%95%D7%AA-%D7%A7%D7%98%D7%99%D7%A0%D7%99%D7%9D-%D7%A0%D7%A4%D7%92%D7%A2%D7%99-%D7%A2%D7%91%D7%99%D7%A8%D7%95%D7%AA-%D7%9E%D7%99%D7%9F-%D7%97%D7%9E%D7%95%D7%A8%D7%95%D7%AA-%D7%91%D7%AA%D7%99%D7%A7%D7%99-%D7%94%D7%A1%D7%99%D7%95%D7%A2-%D7%94%D7%9E%D7%A9%D7%A4%D7%98%D7%99","UNKNOWN_NEEDS_RAR_EXTRACTION_OR_WP_REST_EXPORT","YES","YES","UNKNOWN","","","","","NEEDS_WP_REST_PULL","NEEDS_WP_REST_PULL","282","NEEDS_ASSIGNMENT","2022-11-30","2022-11-30","2022-11-30","2022-11-30","","","???? ?????","criminal-law","","","","","","","","0","2","0.00%","14.5","0","156","0.00%","29.5","????? ????????","LOW","","","NEEDS_OWNER_REVIEW","","UNKNOWN_NEEDS_APPROVAL","","","NORMAL","NEEDS_MAPPING","","","","Article,BreadcrumbList","author,reviewer,last-updated","Needs disclaimer","","","","","","READY_FOR_REVIEW","YES","NEEDS_BACKLINK_TOOL","agent-2026-05-13","2026-05-13",""
"184","wp-rest+gsc-api+old-inventory","6673","articles","publish","https://jus-tice.co.il/%D7%9E%D7%A2%D7%A6%D7%A8-%D7%A0%D7%A9%D7%A7-%D7%95%D7%AA%D7%97%D7%9E%D7%95%D7%A9%D7%AA-%D7%94%D7%AA%D7%9B%D7%AA%D7%91%D7%95%D7%AA-%D7%91%D7%9E%D7%A1%D7%A0%D7%92%D7%A8-%D7%9E%D7%91%D7%9C%D7%99-%D7%A9%D7%A0%D7%AA%D7%A4%D7%A1-%D7%A0%D7%A9%D7%A7","%d7%9e%d7%a2%d7%a6%d7%a8-%d7%a2%d7%93-%d7%aa%d7%95%d7%9d-%d7%94%d7%94%d7%9c%d7%99%d7%9b%d7%99%d7%9d-%d7%91%d7%a2%d7%91%d7%99%d7%a8%d7%95%d7%aa-%d7%a0%d7%a9%d7%a7-%d7%95%d7%aa%d7%97%d7%9e%d7%95%d7%a9","???? ?? ??? ??????? ??????? ??? ??????? ? ??????? ?????'? ???? ????? ??? ?? ?????? (?&#8221;? 13382-01-22)","???? ?? ??? ??????? ??????? ??? ??????? ? ??????? ?????'? ???? ????? ??? ?? ?????? (?&#8221;? 13382-01-22)","","","","https://jus-tice.co.il/%D7%9E%D7%A2%D7%A6%D7%A8-%D7%A0%D7%A9%D7%A7-%D7%95%D7%AA%D7%97%D7%9E%D7%95%D7%A9%D7%AA-%D7%94%D7%AA%D7%9B%D7%AA%D7%91%D7%95%D7%AA-%D7%91%D7%9E%D7%A1%D7%A0%D7%92%D7%A8-%D7%9E%D7%91%D7%9C%D7%99-%D7%A9%D7%A0%D7%AA%D7%A4%D7%A1-%D7%A0%D7%A9%D7%A7","UNKNOWN_NEEDS_RAR_EXTRACTION_OR_WP_REST_EXPORT","YES","YES","UNKNOWN","","","","","NEEDS_WP_REST_PULL","NEEDS_WP_REST_PULL","282","NEEDS_ASSIGNMENT","2022-02-10","2022-02-10","2022-02-10","2022-02-10","","","???? ?????","criminal-law","","","","","","","","0","0","0%","NOT_IN_GSC_3M","4","257","1.56%","24.3","","LOW","","","NEEDS_OWNER_REVIEW","","UNKNOWN_NEEDS_APPROVAL","","","NORMAL","NEEDS_MAPPING","","","","Article,BreadcrumbList","author,reviewer,last-updated","Needs disclaimer","","","","","","READY_FOR_REVIEW","YES","NO_GSC_3M;NEEDS_BACKLINK_TOOL","agent-2026-05-13","2026-05-13",""
"185","wp-rest+gsc-api+old-inventory","6558","articles","publish","https://jus-tice.co.il/%D7%9E%D7%A2%D7%A9%D7%94-%D7%9E%D7%92%D7%95%D7%A0%D7%94-%D7%91%D7%A0%D7%95%D7%A1%D7%A2%D7%AA-%D7%AA%D7%95%D7%9A-%D7%9B%D7%93%D7%99-%D7%A0%D7%A1%D7%99%D7%A2%D7%94","%d7%a0%d7%94%d7%92-%d7%9e%d7%95%d7%a0%d7%99%d7%aa-%d7%a9%d7%94%d7%95%d7%90%d7%a9%d7%9d-%d7%91%d7%91%d7%99%d7%a6%d7%95%d7%a2-%d7%a4%d7%9c%d7%99%d7%9c%d7%99%d7%9d-%d7%9e%d7%a2%d7%a9%d7%94-%d7%9e%d7%92","??????: ??? ????? ?????? ?????? ???? ????? ?????? ??? ??? ????? (?&#8221;? 57428-12-19)","??????: ??? ????? ?????? ?????? ???? ????? ?????? ??? ??? ????? (?&#8221;? 57428-12-19)","","","","https://jus-tice.co.il/%D7%9E%D7%A2%D7%A9%D7%94-%D7%9E%D7%92%D7%95%D7%A0%D7%94-%D7%91%D7%A0%D7%95%D7%A1%D7%A2%D7%AA-%D7%AA%D7%95%D7%9A-%D7%9B%D7%93%D7%99-%D7%A0%D7%A1%D7%99%D7%A2%D7%94","UNKNOWN_NEEDS_RAR_EXTRACTION_OR_WP_REST_EXPORT","YES","YES","UNKNOWN","","","","","NEEDS_WP_REST_PULL","NEEDS_WP_REST_PULL","282","NEEDS_ASSIGNMENT","2022-01-20","2022-01-20","2022-01-20","2022-01-20","","","???? ?????","criminal-law","","","","","","","","0","0","0%","NOT_IN_GSC_3M","22","1499","1.47%","30.8","","MEDIUM","","","NEEDS_OWNER_REVIEW","","UNKNOWN_NEEDS_APPROVAL","","","HIGH","NEEDS_MAPPING","","","","Article,BreadcrumbList","author,reviewer,last-updated","Needs disclaimer","","","","","","READY_FOR_REVIEW","YES","NO_GSC_3M;NEEDS_BACKLINK_TOOL","agent-2026-05-13","2026-05-13",""
"190","wp-rest+gsc-api+old-inventory","9119","articles","publish","https://jus-tice.co.il/%D7%9E%D7%A9%D7%A4%D7%98-%D7%94%D7%97%D7%95%D7%96%D7%A8-%D7%A9%D7%9C-%D7%A8%D7%95%D7%9E%D7%9F-%D7%96%D7%93%D7%95%D7%A8%D7%95%D7%91-%D7%AA%D7%A4%D7%97-502-07","%d7%94%d7%9b%d7%a8%d7%a2%d7%aa-%d7%93%d7%99%d7%9f-%d7%91%d7%9e%d7%a9%d7%a4%d7%98-%d7%94%d7%97%d7%95%d7%96%d7%a8-%d7%a9%d7%9c-%d7%a8%d7%95%d7%9e%d7%9f-%d7%96%d7%93%d7%95%d7%a8%d7%95%d7%91-%d7%aa%d7%a4","??????: ????? ??? ????? ????? ?? ???? ?????? (??&#8221;? 502-07) ??? ??? ??? ??????","??????: ????? ??? ????? ????? ?? ???? ?????? (??&#8221;? 502-07) ??? ??? ??? ??????","","","","https://jus-tice.co.il/%D7%9E%D7%A9%D7%A4%D7%98-%D7%94%D7%97%D7%95%D7%96%D7%A8-%D7%A9%D7%9C-%D7%A8%D7%95%D7%9E%D7%9F-%D7%96%D7%93%D7%95%D7%A8%D7%95%D7%91-%D7%AA%D7%A4%D7%97-502-07","UNKNOWN_NEEDS_RAR_EXTRACTION_OR_WP_REST_EXPORT","YES","YES","UNKNOWN","","","","","NEEDS_WP_REST_PULL","NEEDS_WP_REST_PULL","282","NEEDS_ASSIGNMENT","2023-03-30","2023-03-30","2023-03-30","2023-03-30","","","????? ???? ??? ??????","criminal-law","","","","","","","","0","0","0%","NOT_IN_GSC_3M","78","2533","3.08%","13.1","","MEDIUM","","","NEEDS_OWNER_REVIEW","","UNKNOWN_NEEDS_APPROVAL","","","HIGH","NEEDS_MAPPING","","","","Article,BreadcrumbList","author,reviewer,last-updated","Needs disclaimer","","","","","","READY_FOR_REVIEW","YES","NO_GSC_3M;NEEDS_BACKLINK_TOOL","agent-2026-05-13","2026-05-13",""
"195","wp-rest+gsc-api+old-inventory","6554","articles","publish","https://jus-tice.co.il/%D7%A0%D7%99%D7%94%D7%95%D7%9C-%D7%9E%D7%90%D7%92%D7%A8-%D7%A0%D7%AA%D7%95%D7%A0%D7%99-%D7%96%D7%99%D7%94%D7%95%D7%99-%D7%A4%D7%9C%D7%99%D7%9C%D7%99","%d7%a0%d7%99%d7%94%d7%95%d7%9c-%d7%9e%d7%90%d7%92%d7%a8-%d7%a0%d7%aa%d7%95%d7%a0%d7%99-%d7%96%d7%99%d7%94%d7%95%d7%99-%d7%a4%d7%9c%d7%99%d7%9c%d7%99-%d7%95%d7%90%d7%9e%d7%a6%d7%a2%d7%99-%d7%96%d7%99","????? ???? ????? ????? ????? ?????? ????? | ????? ?????? ?????? ???? ??????","????? ???? ????? ????? ????? ?????? ????? | ????? ?????? ?????? ???? ??????","","","","https://jus-tice.co.il/%D7%A0%D7%99%D7%94%D7%95%D7%9C-%D7%9E%D7%90%D7%92%D7%A8-%D7%A0%D7%AA%D7%95%D7%A0%D7%99-%D7%96%D7%99%D7%94%D7%95%D7%99-%D7%A4%D7%9C%D7%99%D7%9C%D7%99","UNKNOWN_NEEDS_RAR_EXTRACTION_OR_WP_REST_EXPORT","YES","YES","UNKNOWN","","","","","NEEDS_WP_REST_PULL","NEEDS_WP_REST_PULL","282","NEEDS_ASSIGNMENT","2022-01-09","2022-01-09","2022-01-09","2022-01-09","","","???? ?????","criminal-law","","","","","","","","0","0","0%","NOT_IN_GSC_3M","33","1335","2.47%","18.0","","MEDIUM","","","NEEDS_OWNER_REVIEW","","UNKNOWN_NEEDS_APPROVAL","","","HIGH","NEEDS_MAPPING","","","","Article,BreadcrumbList","author,reviewer,last-updated","Needs disclaimer","","","","","","READY_FOR_REVIEW","YES","NO_GSC_3M;NEEDS_BACKLINK_TOOL","agent-2026-05-13","2026-05-13",""
"198","wp-rest+gsc-api+old-inventory","6711","articles","publish","https://jus-tice.co.il/%D7%A0%D7%A4%D7%92%D7%A2%D7%99-%D7%A2%D7%91%D7%99%D7%A8%D7%95%D7%AA-%D7%9E%D7%99%D7%9F-%D7%91%D7%94%D7%9C%D7%99%D7%9A-%D7%94%D7%A4%D7%9C%D7%99%D7%9C%D7%99-%D7%93%D7%99%D7%9F-%D7%95%D7%97%D7%A9%D7%91%D7%95%D7%9F","%d7%94%d7%95%d7%95%d7%a2%d7%93%d7%94-%d7%94%d7%91%d7%99%d7%9f-%d7%9e%d7%a9%d7%a8%d7%93%d7%99%d7%aa-%d7%9c%d7%91%d7%97%d7%99%d7%a0%d7%aa-%d7%94%d7%98%d7%99%d7%a4%d7%95%d7%9c-%d7%91%d7%a0%d7%a4%d7%92","?????? ????-?????? ?????? ?????? ?????? ?????? ??? ????? ?????? ?  ??? ??????","?????? ????-?????? ?????? ?????? ?????? ?????? ??? ????? ?????? ?  ??? ??????","","","","https://jus-tice.co.il/%D7%A0%D7%A4%D7%92%D7%A2%D7%99-%D7%A2%D7%91%D7%99%D7%A8%D7%95%D7%AA-%D7%9E%D7%99%D7%9F-%D7%91%D7%94%D7%9C%D7%99%D7%9A-%D7%94%D7%A4%D7%9C%D7%99%D7%9C%D7%99-%D7%93%D7%99%D7%9F-%D7%95%D7%97%D7%A9%D7%91%D7%95%D7%9F","UNKNOWN_NEEDS_RAR_EXTRACTION_OR_WP_REST_EXPORT","YES","YES","UNKNOWN","","","","","NEEDS_WP_REST_PULL","NEEDS_WP_REST_PULL","282","NEEDS_ASSIGNMENT","2022-02-20","2022-02-20","2022-02-20","2022-02-20","","","???? ?????","criminal-law","","","","","","","","0","0","0%","NOT_IN_GSC_3M","5","2460","0.20%","34.8","","MEDIUM","","","NEEDS_OWNER_REVIEW","","UNKNOWN_NEEDS_APPROVAL","","","HIGH","NEEDS_MAPPING","","","","Article,BreadcrumbList","author,reviewer,last-updated","Needs disclaimer","","","","","","READY_FOR_REVIEW","YES","NO_GSC_3M;NEEDS_BACKLINK_TOOL","agent-2026-05-13","2026-05-13",""
"199","wp-rest+gsc-api+old-inventory","12406","articles","publish","https://jus-tice.co.il/%D7%A1%D7%93%D7%A8-%D7%93%D7%99%D7%9F-%D7%A4%D7%9C%D7%99%D7%9C%D7%99-%D7%97%D7%95%D7%A7-%D7%94%D7%9E%D7%A2%D7%A6%D7%A8%D7%99%D7%9D","%d7%a1%d7%a7%d7%99%d7%a8%d7%aa-2025-%d7%a1%d7%93%d7%a8-%d7%93%d7%99%d7%9f-%d7%a4%d7%9c%d7%99%d7%9c%d7%99-%d7%97%d7%95%d7%a7-%d7%94%d7%9e%d7%a2%d7%a6%d7%a8%d7%99%d7%9d","????? 2025 ??? ??? ????? ? ??? ???????","????? 2025 ??? ??? ????? ? ??? ???????","","","","https://jus-tice.co.il/%D7%A1%D7%93%D7%A8-%D7%93%D7%99%D7%9F-%D7%A4%D7%9C%D7%99%D7%9C%D7%99-%D7%97%D7%95%D7%A7-%D7%94%D7%9E%D7%A2%D7%A6%D7%A8%D7%99%D7%9D","UNKNOWN_NEEDS_RAR_EXTRACTION_OR_WP_REST_EXPORT","YES","YES","UNKNOWN","","","","","NEEDS_WP_REST_PULL","NEEDS_WP_REST_PULL","282","NEEDS_ASSIGNMENT","2025-04-07","2025-04-07","2025-04-07","2025-04-07","","","???? ?????","criminal-law","","","","","","","","0","0","0%","NOT_IN_GSC_3M","30","8836","0.34%","23.1","","MEDIUM","","","NEEDS_OWNER_REVIEW","","UNKNOWN_NEEDS_APPROVAL","","","HIGH","NEEDS_MAPPING","","","","Article,BreadcrumbList","author,reviewer,last-updated","Needs disclaimer","","","","","","READY_FOR_REVIEW","YES","NO_GSC_3M;NEEDS_BACKLINK_TOOL","agent-2026-05-13","2026-05-13",""
"200","wp-rest+gsc-api+old-inventory","6019","articles","publish","https://jus-tice.co.il/%D7%A1%D7%93%D7%A8-%D7%94%D7%A2%D7%93%D7%99%D7%A4%D7%95%D7%99%D7%95%D7%AA-%D7%A9%D7%9C-%D7%9E%D7%A9%D7%98%D7%A8%D7%AA-%D7%99%D7%A9%D7%A8%D7%90%D7%9C","%d7%a1%d7%93%d7%a8-%d7%94%d7%a2%d7%93%d7%99%d7%a4%d7%95%d7%99%d7%95%d7%aa-%d7%a9%d7%9c-%d7%9e%d7%a9%d7%98%d7%a8%d7%aa-%d7%99%d7%a9%d7%a8%d7%90%d7%9c","??? ????????? ?? ????? ?????","??? ????????? ?? ????? ?????","","","","https://jus-tice.co.il/%D7%A1%D7%93%D7%A8-%D7%94%D7%A2%D7%93%D7%99%D7%A4%D7%95%D7%99%D7%95%D7%AA-%D7%A9%D7%9C-%D7%9E%D7%A9%D7%98%D7%A8%D7%AA-%D7%99%D7%A9%D7%A8%D7%90%D7%9C","UNKNOWN_NEEDS_RAR_EXTRACTION_OR_WP_REST_EXPORT","YES","YES","UNKNOWN","","","","","NEEDS_WP_REST_PULL","NEEDS_WP_REST_PULL","282","NEEDS_ASSIGNMENT","2021-08-16","2021-08-16","2021-08-16","2021-08-16","","","???? ?????","criminal-law","","","","","","","","0","0","0%","NOT_IN_GSC_3M","3","914","0.33%","40.5","","LOW","","","NEEDS_OWNER_REVIEW","","UNKNOWN_NEEDS_APPROVAL","","","NORMAL","NEEDS_MAPPING","","","","Article,BreadcrumbList","author,reviewer,last-updated","Needs disclaimer","","","","","","READY_FOR_REVIEW","YES","NO_GSC_3M;NEEDS_BACKLINK_TOOL","agent-2026-05-13","2026-05-13",""
"206","wp-rest+gsc-api+old-inventory","9534","articles","publish","https://jus-tice.co.il/%D7%A1%D7%99%D7%95%D7%A2-%D7%A2%D7%95%D7%93-%D7%A4%D7%9C%D7%99%D7%9C%D7%99-%D7%9C%D7%A4%D7%99-%D7%9E%D7%93%D7%99%D7%A0%D7%94","%d7%99%d7%99%d7%a6%d7%95%d7%92-%d7%a2%d7%95%d7%a8%d7%9a-%d7%93%d7%99%d7%9f-%d7%a4%d7%9c%d7%99%d7%9c%d7%99-%d7%9c%d7%a4%d7%99-%d7%9e%d7%93%d7%99%d7%a0%d7%94","????? ???? ??? ????? ??? ?????","????? ???? ??? ????? ??? ?????","","","","https://jus-tice.co.il/%D7%A1%D7%99%D7%95%D7%A2-%D7%A2%D7%95%D7%93-%D7%A4%D7%9C%D7%99%D7%9C%D7%99-%D7%9C%D7%A4%D7%99-%D7%9E%D7%93%D7%99%D7%A0%D7%94","UNKNOWN_NEEDS_RAR_EXTRACTION_OR_WP_REST_EXPORT","YES","YES","UNKNOWN","","","","","NEEDS_WP_REST_PULL","NEEDS_WP_REST_PULL","282","NEEDS_ASSIGNMENT","2023-05-24","2023-05-24","2023-05-24","2023-05-24","","","???? ?????","criminal-law","","","","","","","","0","0","0%","NOT_IN_GSC_3M","17","6461","0.26%","49.4","","MEDIUM","","","NEEDS_OWNER_REVIEW","","UNKNOWN_NEEDS_APPROVAL","","","HIGH","NEEDS_MAPPING","","","","Article,BreadcrumbList","author,reviewer,last-updated","Needs disclaimer","","","","","","READY_FOR_REVIEW","YES","NO_GSC_3M;NEEDS_BACKLINK_TOOL","agent-2026-05-13","2026-05-13",""
"220","wp-rest+gsc-api+old-inventory","5683","articles","publish","https://jus-tice.co.il/%D7%A2%D7%95%D7%A0%D7%A9-%D7%A4%D7%9C%D7%99%D7%9C%D7%99-%D7%9C%D7%A0%D7%90%D7%A9%D7%9D-%D7%91%D7%90%D7%99%D7%A0%D7%95%D7%A1-%D7%95%D7%9E%D7%A2%D7%A9%D7%94-%D7%A1%D7%93%D7%95%D7%9D-%D7%91%D7%A7%D7%98%D7%99%D7%A0%D7%94","48-%d7%97%d7%95%d7%93%d7%a9%d7%99-%d7%9e%d7%90%d7%a1%d7%a8-%d7%92%d7%96%d7%93-%d7%a2%d7%95%d7%a0%d7%a9-%d7%a4%d7%9c%d7%99%d7%9c%d7%99-%d7%9c%d7%a0%d7%90%d7%a9%d7%9d-%d7%91%d7%90%d7%99%d7%a0%d7%95","48 ????? ????: ??&#8221;? ???? ????? ????? ?????? ????? ???? ?????? (???&#8221;? 43418-01-21)","48 ????? ????: ??&#8221;? ???? ????? ????? ?????? ????? ???? ?????? (???&#8221;? 43418-01-21)","","","","https://jus-tice.co.il/%D7%A2%D7%95%D7%A0%D7%A9-%D7%A4%D7%9C%D7%99%D7%9C%D7%99-%D7%9C%D7%A0%D7%90%D7%A9%D7%9D-%D7%91%D7%90%D7%99%D7%A0%D7%95%D7%A1-%D7%95%D7%9E%D7%A2%D7%A9%D7%94-%D7%A1%D7%93%D7%95%D7%9D-%D7%91%D7%A7%D7%98%D7%99%D7%A0%D7%94","UNKNOWN_NEEDS_RAR_EXTRACTION_OR_WP_REST_EXPORT","YES","YES","UNKNOWN","","","","","NEEDS_WP_REST_PULL","NEEDS_WP_REST_PULL","282","NEEDS_ASSIGNMENT","2021-07-28","2021-07-28","2021-07-28","2021-07-28","","","???? ?????","criminal-law","","","","","","","","0","0","0%","NOT_IN_GSC_3M","73","3921","1.86%","51.0","","MEDIUM","","","NEEDS_OWNER_REVIEW","","UNKNOWN_NEEDS_APPROVAL","","","HIGH","NEEDS_MAPPING","","","","Article,BreadcrumbList","author,reviewer,last-updated","Needs disclaimer","","","","","","READY_FOR_REVIEW","YES","NO_GSC_3M;NEEDS_BACKLINK_TOOL","agent-2026-05-13","2026-05-13",""
"221","wp-rest+gsc-api+old-inventory","7145","articles","publish","https://jus-tice.co.il/%D7%A2%D7%95%D7%A0%D7%A9-%D7%A4%D7%9C%D7%99%D7%9C%D7%99-%D7%A0%D7%90%D7%A9%D7%9D-%D7%91%D7%A8%D7%A6%D7%97-%D7%90%D7%99%D7%A9%D7%94-%D7%91%D7%A0%D7%AA%D7%A0%D7%99%D7%94-%D7%AA%D7%A4%D7%97-4710-11-18","%d7%a2%d7%95%d7%a0%d7%a9-%d7%a4%d7%9c%d7%99%d7%9c%d7%99-%d7%a0%d7%90%d7%a9%d7%9d-%d7%91%d7%a8%d7%a6%d7%97-%d7%90%d7%99%d7%a9%d7%94-%d7%91%d7%a0%d7%aa%d7%a0%d7%99%d7%94-%d7%aa%d7%a4%d7%97-4710-11-18","???? ????? ???? ???? ???? ?????? (??&#8221;? 4710-11-18)","???? ????? ???? ???? ???? ?????? (??&#8221;? 4710-11-18)","","","","https://jus-tice.co.il/%D7%A2%D7%95%D7%A0%D7%A9-%D7%A4%D7%9C%D7%99%D7%9C%D7%99-%D7%A0%D7%90%D7%A9%D7%9D-%D7%91%D7%A8%D7%A6%D7%97-%D7%90%D7%99%D7%A9%D7%94-%D7%91%D7%A0%D7%AA%D7%A0%D7%99%D7%94-%D7%AA%D7%A4%D7%97-4710-11-18","UNKNOWN_NEEDS_RAR_EXTRACTION_OR_WP_REST_EXPORT","YES","YES","UNKNOWN","","","","","NEEDS_WP_REST_PULL","NEEDS_WP_REST_PULL","282","NEEDS_ASSIGNMENT","2022-05-19","2022-05-19","2022-05-19","2022-05-19","","","???? ??? ????? ???? ??? 2022","criminal-law","","","","","","","","0","24","0.00%","12.2","4","839","0.48%","33.8","","LOW","","","NEEDS_OWNER_REVIEW","","UNKNOWN_NEEDS_APPROVAL","","","NORMAL","NEEDS_MAPPING","","","","Article,BreadcrumbList","author,reviewer,last-updated","Needs disclaimer","","","","","","READY_FOR_REVIEW","YES","NEEDS_BACKLINK_TOOL","agent-2026-05-13","2026-05-13",""
"223","wp-rest+gsc-api+old-inventory","3218","articles","publish","https://jus-tice.co.il/%D7%A2%D7%95%D7%A0%D7%A9-%D7%A4%D7%9C%D7%99%D7%9C%D7%99-%D7%A2%D7%9C-%D7%94%D7%A4%D7%A6%D7%AA-%D7%AA%D7%9B%D7%A0%D7%99%D7%9D-%D7%9E%D7%99%D7%A0%D7%99%D7%99%D7%9D-%D7%91%D7%98%D7%9C%D7%92%D7%A8%D7%9D-%D7%92%D7%96%D7%A8-%D7%93%D7%99%D7%9F","%d7%a2%d7%95%d7%a0%d7%a9-%d7%a4%d7%9c%d7%99%d7%9c%d7%99-%d7%a2%d7%9c-%d7%94%d7%a4%d7%a6%d7%aa-%d7%aa%d7%9b%d7%a0%d7%99%d7%9d-%d7%9e%d7%99%d7%a0%d7%99%d7%99%d7%9d-%d7%91%d7%98%d7%9c%d7%92%d7%a8%d7%9d","???? ????? ?? ???? ????? ?????? ?????? (??? ???) ?&#8221;? 19991-07-20","???? ????? ?? ???? ????? ?????? ?????? (??? ???) ?&#8221;? 19991-07-20","","","","https://jus-tice.co.il/%D7%A2%D7%95%D7%A0%D7%A9-%D7%A4%D7%9C%D7%99%D7%9C%D7%99-%D7%A2%D7%9C-%D7%94%D7%A4%D7%A6%D7%AA-%D7%AA%D7%9B%D7%A0%D7%99%D7%9D-%D7%9E%D7%99%D7%A0%D7%99%D7%99%D7%9D-%D7%91%D7%98%D7%9C%D7%92%D7%A8%D7%9D-%D7%92%D7%96%D7%A8-%D7%93%D7%99%D7%9F","UNKNOWN_NEEDS_RAR_EXTRACTION_OR_WP_REST_EXPORT","YES","YES","UNKNOWN","","","","","NEEDS_WP_REST_PULL","NEEDS_WP_REST_PULL","282","NEEDS_ASSIGNMENT","2021-04-26","2021-04-26","2021-04-26","2021-04-26","","","???? ?????","criminal-law","","","","","","","","0","0","0%","NOT_IN_GSC_3M","22","3862","0.57%","26.7","","MEDIUM","","","NEEDS_OWNER_REVIEW","","UNKNOWN_NEEDS_APPROVAL","","","HIGH","NEEDS_MAPPING","","","","Article,BreadcrumbList","author,reviewer,last-updated","Needs disclaimer","","","","","","READY_FOR_REVIEW","YES","NO_GSC_3M;NEEDS_BACKLINK_TOOL","agent-2026-05-13","2026-05-13",""
"224","wp-rest+gsc-api+old-inventory","3347","articles","publish","https://jus-tice.co.il/%D7%A2%D7%95%D7%A0%D7%A9-%D7%A4%D7%9C%D7%99%D7%9C%D7%99-%D7%AA%D7%A7%D7%99%D7%A4%D7%AA-%D7%91%D7%AA-%D7%96%D7%95%D7%92-%D7%95%D7%A2%D7%91%D7%99%D7%A8%D7%95%D7%AA-%D7%90%D7%99%D7%95%D7%9E%D7%99%D7%9D","%d7%a2%d7%95%d7%a0%d7%a9-%d7%a4%d7%9c%d7%99%d7%9c%d7%99-%d7%aa%d7%a7%d7%99%d7%a4%d7%aa-%d7%91%d7%aa-%d7%96%d7%95%d7%92-%d7%95%d7%a2%d7%91%d7%99%d7%a8%d7%95%d7%aa-%d7%90%d7%99%d7%95%d7%9e%d7%99%d7%9d","???? ????? ????? ?? ??? ??????? ??????","???? ????? ????? ?? ??? ??????? ??????","","","","https://jus-tice.co.il/%D7%A2%D7%95%D7%A0%D7%A9-%D7%A4%D7%9C%D7%99%D7%9C%D7%99-%D7%AA%D7%A7%D7%99%D7%A4%D7%AA-%D7%91%D7%AA-%D7%96%D7%95%D7%92-%D7%95%D7%A2%D7%91%D7%99%D7%A8%D7%95%D7%AA-%D7%90%D7%99%D7%95%D7%9E%D7%99%D7%9D","UNKNOWN_NEEDS_RAR_EXTRACTION_OR_WP_REST_EXPORT","YES","YES","UNKNOWN","","","","","NEEDS_WP_REST_PULL","NEEDS_WP_REST_PULL","282","NEEDS_ASSIGNMENT","2021-05-13","2021-05-13","2021-05-13","2021-05-13","","","???? ?????","criminal-law","","","","","","","","0","0","0%","NOT_IN_GSC_3M","16","3910","0.41%","47.2","","MEDIUM","","","NEEDS_OWNER_REVIEW","","UNKNOWN_NEEDS_APPROVAL","","","HIGH","NEEDS_MAPPING","","","","Article,BreadcrumbList","author,reviewer,last-updated","Needs disclaimer","","","","","","READY_FOR_REVIEW","YES","NO_GSC_3M;NEEDS_BACKLINK_TOOL","agent-2026-05-13","2026-05-13",""
"225","wp-rest+gsc-api+old-inventory","9550","articles","publish","https://jus-tice.co.il/%D7%A2%D7%95%D7%A8%D7%9A-%D7%93%D7%99%D7%9F-%D7%90%D7%99%D7%A0%D7%98%D7%A8%D7%A4%D7%95%D7%9C","%d7%a2%d7%95%d7%a8%d7%9a-%d7%93%d7%99%d7%9f-%d7%a4%d7%9c%d7%99%d7%9c%d7%99-%d7%90%d7%99%d7%a0%d7%98%d7%a8%d7%a4%d7%95%d7%9c","???? ??? ????? ????????","???? ??? ????? ????????","","","","https://jus-tice.co.il/%D7%A2%D7%95%D7%A8%D7%9A-%D7%93%D7%99%D7%9F-%D7%90%D7%99%D7%A0%D7%98%D7%A8%D7%A4%D7%95%D7%9C","UNKNOWN_NEEDS_RAR_EXTRACTION_OR_WP_REST_EXPORT","YES","YES","UNKNOWN","","","","","NEEDS_WP_REST_PULL","NEEDS_WP_REST_PULL","282","NEEDS_ASSIGNMENT","2023-05-27","2023-05-27","2023-05-27","2023-05-27","","","???? ?????","criminal-law","","","","","","","","0","0","0%","NOT_IN_GSC_3M","3","2818","0.11%","16.0","","MEDIUM","","","NEEDS_OWNER_REVIEW","","UNKNOWN_NEEDS_APPROVAL","","","HIGH","NEEDS_MAPPING","","","","Article,BreadcrumbList","author,reviewer,last-updated","Needs disclaimer","","","","","","READY_FOR_REVIEW","YES","NO_GSC_3M;NEEDS_BACKLINK_TOOL","agent-2026-05-13","2026-05-13",""
"232","wp-rest+gsc-api+old-inventory","7743","articles","publish","https://jus-tice.co.il/%D7%A2%D7%95%D7%A8%D7%9A-%D7%93%D7%99%D7%9F-%D7%A4%D7%9C%D7%99%D7%9C%D7%99-%D7%90%D7%99%D7%A8%D7%95%D7%A4%D7%94-%D7%94%D7%92%D7%A0%D7%94-%D7%A4%D7%9C%D7%99%D7%9C%D7%99%D7%AA-%D7%99%D7%A2%D7%99%D7%9C%D7%94-%D7%9E%D7%96%D7%A8%D7%97-%D7%90%D7%99%D7%A8%D7%95%D7%A4%D7%94","%d7%a2%d7%95%d7%a8%d7%9a-%d7%93%d7%99%d7%9f-%d7%a4%d7%9c%d7%99%d7%9c%d7%99-%d7%90%d7%99%d7%a8%d7%95%d7%a4%d7%94-%d7%94%d7%92%d7%a0%d7%94-%d7%a4%d7%9c%d7%99%d7%9c%d7%99%d7%aa-%d7%99%d7%a2%d7%99%d7%9c","???? ??? ????? ?????? | ???? ?????? ????? ???? ??????","???? ??? ????? ?????? | ???? ?????? ????? ???? ??????","","","","https://jus-tice.co.il/%D7%A2%D7%95%D7%A8%D7%9A-%D7%93%D7%99%D7%9F-%D7%A4%D7%9C%D7%99%D7%9C%D7%99-%D7%90%D7%99%D7%A8%D7%95%D7%A4%D7%94-%D7%94%D7%92%D7%A0%D7%94-%D7%A4%D7%9C%D7%99%D7%9C%D7%99%D7%AA-%D7%99%D7%A2%D7%99%D7%9C%D7%94-%D7%9E%D7%96%D7%A8%D7%97-%D7%90%D7%99%D7%A8%D7%95%D7%A4%D7%94","UNKNOWN_NEEDS_RAR_EXTRACTION_OR_WP_REST_EXPORT","YES","YES","UNKNOWN","","","","","NEEDS_WP_REST_PULL","NEEDS_WP_REST_PULL","282","NEEDS_ASSIGNMENT","2022-09-15","2022-09-15","2022-09-15","2022-09-15","","","???? ?????","criminal-law","","","","","","","","0","0","0%","NOT_IN_GSC_3M","14","4545","0.31%","22.3","","MEDIUM","","","NEEDS_OWNER_REVIEW","","UNKNOWN_NEEDS_APPROVAL","","","HIGH","NEEDS_MAPPING","","","","Article,BreadcrumbList","author,reviewer,last-updated","Needs disclaimer","","","","","","READY_FOR_REVIEW","YES","NO_GSC_3M;NEEDS_BACKLINK_TOOL","agent-2026-05-13","2026-05-13",""
"233","wp-rest+gsc-api+old-inventory","8199","articles","publish","https://jus-tice.co.il/%D7%A2%D7%95%D7%A8%D7%9A-%D7%93%D7%99%D7%9F-%D7%A4%D7%9C%D7%99%D7%9C%D7%99-%D7%91%D7%AA%D7%9C-%D7%90%D7%91%D7%99%D7%91-%D7%A2%D7%95%D7%93-%D7%A4%D7%9C%D7%99%D7%9C%D7%99-%D7%9E%D7%95%D7%9E%D7%9C%D7%A5-%D7%91%D7%AA%D7%90-%D7%95%D7%94%D7%9E%D7%A8%D7%9B%D7%96","%d7%a2%d7%95%d7%a8%d7%9a-%d7%93%d7%99%d7%9f-%d7%a4%d7%9c%d7%99%d7%9c%d7%99-%d7%91%d7%aa%d7%9c-%d7%90%d7%91%d7%99%d7%91-%d7%a2%d7%95%d7%93-%d7%a4%d7%9c%d7%99%d7%9c%d7%99-%d7%9e%d7%95%d7%9e%d7%9c","???? ??? ????? ??? ???? | ??&#8221;? ????? ????? ??&#8221;? ??????","???? ??? ????? ??? ???? | ??&#8221;? ????? ????? ??&#8221;? ??????","","","","https://jus-tice.co.il/%D7%A2%D7%95%D7%A8%D7%9A-%D7%93%D7%99%D7%9F-%D7%A4%D7%9C%D7%99%D7%9C%D7%99-%D7%91%D7%AA%D7%9C-%D7%90%D7%91%D7%99%D7%91-%D7%A2%D7%95%D7%93-%D7%A4%D7%9C%D7%99%D7%9C%D7%99-%D7%9E%D7%95%D7%9E%D7%9C%D7%A5-%D7%91%D7%AA%D7%90-%D7%95%D7%94%D7%9E%D7%A8%D7%9B%D7%96","UNKNOWN_NEEDS_RAR_EXTRACTION_OR_WP_REST_EXPORT","YES","YES","UNKNOWN","","","","","NEEDS_WP_REST_PULL","NEEDS_WP_REST_PULL","282","NEEDS_ASSIGNMENT","2022-12-10","2022-12-10","2022-12-10","2022-12-10","","","???? ?????","criminal-law","","","","","","","","0","0","0%","NOT_IN_GSC_3M","0","6729","0.00%","70.9","","MEDIUM","","","NEEDS_OWNER_REVIEW","","UNKNOWN_NEEDS_APPROVAL","","","HIGH","NEEDS_MAPPING","","","","Article,BreadcrumbList","author,reviewer,last-updated","Needs disclaimer","","","","","","READY_FOR_REVIEW","YES","NO_GSC_3M;NEEDS_BACKLINK_TOOL","agent-2026-05-13","2026-05-13",""
"235","wp-rest+gsc-api+old-inventory","8263","articles","publish","https://jus-tice.co.il/%D7%A2%D7%95%D7%A8%D7%9A-%D7%93%D7%99%D7%9F-%D7%A4%D7%9C%D7%99%D7%9C%D7%99-%D7%99%D7%95%D7%A6%D7%90-%D7%A4%D7%A8%D7%A7%D7%9C%D7%99%D7%98%D7%95%D7%AA-%D7%94%D7%9E%D7%9C%D7%A6%D7%95%D7%AA-%D7%A2%D7%95%D7%93-%D7%A4%D7%9C%D7%99%D7%9C%D7%99-%D7%AA%D7%91%D7%99%D7%A2%D7%95%D7%AA","%d7%a2%d7%95%d7%a8%d7%9a-%d7%93%d7%99%d7%9f-%d7%a4%d7%9c%d7%99%d7%9c%d7%99-%d7%99%d7%95%d7%a6%d7%90-%d7%a4%d7%a8%d7%a7%d7%9c%d7%99%d7%98%d7%95%d7%aa-%d7%94%d7%9e%d7%9c%d7%a6%d7%95%d7%aa-%d7%a2%d7%95","???? ??? ????? ???? ???????? | ?????? ??&#8221;? ????? ??????","???? ??? ????? ???? ???????? | ?????? ??&#8221;? ????? ??????","","","","https://jus-tice.co.il/%D7%A2%D7%95%D7%A8%D7%9A-%D7%93%D7%99%D7%9F-%D7%A4%D7%9C%D7%99%D7%9C%D7%99-%D7%99%D7%95%D7%A6%D7%90-%D7%A4%D7%A8%D7%A7%D7%9C%D7%99%D7%98%D7%95%D7%AA-%D7%94%D7%9E%D7%9C%D7%A6%D7%95%D7%AA-%D7%A2%D7%95%D7%93-%D7%A4%D7%9C%D7%99%D7%9C%D7%99-%D7%AA%D7%91%D7%99%D7%A2%D7%95%D7%AA","UNKNOWN_NEEDS_RAR_EXTRACTION_OR_WP_REST_EXPORT","YES","YES","UNKNOWN","","","","","NEEDS_WP_REST_PULL","NEEDS_WP_REST_PULL","282","NEEDS_ASSIGNMENT","2022-12-13","2022-12-13","2022-12-13","2022-12-13","","","???? ?????","criminal-law","","","","","","","","0","0","0%","NOT_IN_GSC_3M","3","951","0.32%","39.9","","LOW","","","NEEDS_OWNER_REVIEW","","UNKNOWN_NEEDS_APPROVAL","","","NORMAL","NEEDS_MAPPING","","","","Article,BreadcrumbList","author,reviewer,last-updated","Needs disclaimer","","","","","","READY_FOR_REVIEW","YES","NO_GSC_3M;NEEDS_BACKLINK_TOOL","agent-2026-05-13","2026-05-13",""
"236","wp-rest+gsc-api+old-inventory","8277","articles","publish","https://jus-tice.co.il/%D7%A2%D7%95%D7%A8%D7%9A-%D7%93%D7%99%D7%9F-%D7%A4%D7%9C%D7%99%D7%9C%D7%99-%D7%9E%D7%A4%D7%95%D7%A8%D7%A1%D7%9D-%D7%A2%D7%95%D7%93-%D7%A4%D7%9C%D7%99%D7%9C%D7%99-%D7%9E%D7%A4%D7%95%D7%A8%D7%A1%D7%9D-%D7%91%D7%99%D7%A9%D7%A8%D7%90%D7%9C","%d7%a2%d7%95%d7%a8%d7%9a-%d7%93%d7%99%d7%9f-%d7%a4%d7%9c%d7%99%d7%9c%d7%99-%d7%9e%d7%a4%d7%95%d7%a8%d7%a1%d7%9d-%d7%a2%d7%95%d7%93-%d7%a4%d7%9c%d7%99%d7%9c%d7%99-%d7%9e%d7%a4%d7%95%d7%a8%d7%a1","???? ??? ????? ?????? | ??&#8221;? ??????? ???????? ??????","???? ??? ????? ?????? | ??&#8221;? ??????? ???????? ??????","","","","https://jus-tice.co.il/%D7%A2%D7%95%D7%A8%D7%9A-%D7%93%D7%99%D7%9F-%D7%A4%D7%9C%D7%99%D7%9C%D7%99-%D7%9E%D7%A4%D7%95%D7%A8%D7%A1%D7%9D-%D7%A2%D7%95%D7%93-%D7%A4%D7%9C%D7%99%D7%9C%D7%99-%D7%9E%D7%A4%D7%95%D7%A8%D7%A1%D7%9D-%D7%91%D7%99%D7%A9%D7%A8%D7%90%D7%9C","UNKNOWN_NEEDS_RAR_EXTRACTION_OR_WP_REST_EXPORT","YES","YES","UNKNOWN","","","","","NEEDS_WP_REST_PULL","NEEDS_WP_REST_PULL","282","NEEDS_ASSIGNMENT","2022-12-14","2022-12-14","2022-12-14","2022-12-14","","","???? ?????","criminal-law","","","","","","","","0","0","0%","NOT_IN_GSC_3M","15","14257","0.11%","60.6","","MEDIUM","","","NEEDS_OWNER_REVIEW","","UNKNOWN_NEEDS_APPROVAL","","","HIGH","NEEDS_MAPPING","","","","Article,BreadcrumbList","author,reviewer,last-updated","Needs disclaimer","","","","","","READY_FOR_REVIEW","YES","NO_GSC_3M;NEEDS_BACKLINK_TOOL","agent-2026-05-13","2026-05-13",""
"237","wp-rest+gsc-api+old-inventory","8265","articles","publish","https://jus-tice.co.il/%D7%A2%D7%95%D7%A8%D7%9A-%D7%93%D7%99%D7%9F-%D7%A4%D7%9C%D7%99%D7%9C%D7%99-%D7%A1%D7%9E%D7%99%D7%9D-%D7%94%D7%9E%D7%9C%D7%A6%D7%95%D7%AA-%D7%A2%D7%95%D7%93-%D7%A4%D7%9C%D7%99%D7%9C%D7%99-%D7%9C%D7%A2%D7%91%D7%99%D7%A8%D7%95%D7%AA-%D7%A1%D7%9E%D7%99%D7%9D","%d7%a2%d7%95%d7%a8%d7%9a-%d7%93%d7%99%d7%9f-%d7%a4%d7%9c%d7%99%d7%9c%d7%99-%d7%a1%d7%9e%d7%99%d7%9d-%d7%94%d7%9e%d7%9c%d7%a6%d7%95%d7%aa-%d7%a2%d7%95%d7%93-%d7%a4%d7%9c%d7%99%d7%9c%d7%99-%d7%9c","???? ??? ????? ???? | ?????? ??&#8221;? ????? ??????? ????","???? ??? ????? ???? | ?????? ??&#8221;? ????? ??????? ????","","","","https://jus-tice.co.il/%D7%A2%D7%95%D7%A8%D7%9A-%D7%93%D7%99%D7%9F-%D7%A4%D7%9C%D7%99%D7%9C%D7%99-%D7%A1%D7%9E%D7%99%D7%9D-%D7%94%D7%9E%D7%9C%D7%A6%D7%95%D7%AA-%D7%A2%D7%95%D7%93-%D7%A4%D7%9C%D7%99%D7%9C%D7%99-%D7%9C%D7%A2%D7%91%D7%99%D7%A8%D7%95%D7%AA-%D7%A1%D7%9E%D7%99%D7%9D","UNKNOWN_NEEDS_RAR_EXTRACTION_OR_WP_REST_EXPORT","YES","YES","UNKNOWN","","","","","NEEDS_WP_REST_PULL","NEEDS_WP_REST_PULL","282","NEEDS_ASSIGNMENT","2022-12-13","2022-12-13","2022-12-13","2022-12-13","","","???? ?????","criminal-law","","","","","","","","0","0","0%","NOT_IN_GSC_3M","2","6890","0.03%","50.9","","MEDIUM","","","NEEDS_OWNER_REVIEW","","UNKNOWN_NEEDS_APPROVAL","","","HIGH","NEEDS_MAPPING","","","","Article,BreadcrumbList","author,reviewer,last-updated","Needs disclaimer","","","","","","READY_FOR_REVIEW","YES","NO_GSC_3M;NEEDS_BACKLINK_TOOL","agent-2026-05-13","2026-05-13",""
"238","wp-rest+gsc-api+old-inventory","7446","articles","publish","https://jus-tice.co.il/%D7%A2%D7%95%D7%A8%D7%9A-%D7%93%D7%99%D7%9F-%D7%A4%D7%9C%D7%99%D7%9C%D7%99-%D7%A1%D7%A8%D7%99-%D7%9C%D7%A0%D7%A7%D7%94-%D7%99%D7%99%D7%A6%D7%95%D7%92-%D7%A2%D7%95%D7%A8%D7%9A-%D7%93%D7%99%D7%9F-%D7%91%D7%A1%D7%A8%D7%99-%D7%9C%D7%A0%D7%A7%D7%94","%d7%a2%d7%95%d7%a8%d7%9a-%d7%93%d7%99%d7%9f-%d7%a4%d7%9c%d7%99%d7%9c%d7%99-%d7%a1%d7%a8%d7%99-%d7%9c%d7%a0%d7%a7%d7%94-%d7%99%d7%99%d7%a6%d7%95%d7%92-%d7%a2%d7%95%d7%a8%d7%9a-%d7%93%d7%99%d7%9f","???? ??? ????? ??? ???? | ????? ???? ??? ???? ????","???? ??? ????? ??? ???? | ????? ???? ??? ???? ????","","","","https://jus-tice.co.il/%D7%A2%D7%95%D7%A8%D7%9A-%D7%93%D7%99%D7%9F-%D7%A4%D7%9C%D7%99%D7%9C%D7%99-%D7%A1%D7%A8%D7%99-%D7%9C%D7%A0%D7%A7%D7%94-%D7%99%D7%99%D7%A6%D7%95%D7%92-%D7%A2%D7%95%D7%A8%D7%9A-%D7%93%D7%99%D7%9F-%D7%91%D7%A1%D7%A8%D7%99-%D7%9C%D7%A0%D7%A7%D7%94","UNKNOWN_NEEDS_RAR_EXTRACTION_OR_WP_REST_EXPORT","YES","YES","UNKNOWN","","","","","NEEDS_WP_REST_PULL","NEEDS_WP_REST_PULL","282","NEEDS_ASSIGNMENT","2022-06-13","2022-06-13","2022-06-13","2022-06-13","","","???? ?????","criminal-law","","","","","","","","0","0","0%","NOT_IN_GSC_3M","11","1244","0.88%","18.2","","LOW","","","NEEDS_OWNER_REVIEW","","UNKNOWN_NEEDS_APPROVAL","","","NORMAL","NEEDS_MAPPING","","","","Article,BreadcrumbList","author,reviewer,last-updated","Needs disclaimer","","","","","","READY_FOR_REVIEW","YES","NO_GSC_3M;NEEDS_BACKLINK_TOOL","agent-2026-05-13","2026-05-13",""
"240","wp-rest+gsc-api+old-inventory","8282","articles","publish","https://jus-tice.co.il/%D7%A2%D7%95%D7%A8%D7%9A-%D7%93%D7%99%D7%9F-%D7%A4%D7%9C%D7%99%D7%9C%D7%99-%D7%A9%D7%9B%D7%A8-%D7%9B%D7%9E%D7%94-%D7%9E%D7%A8%D7%95%D7%95%D7%99%D7%97-%D7%A2%D7%95%D7%93-%D7%A4%D7%9C%D7%99%D7%9C%D7%99-%D7%91%D7%99%D7%A9%D7%A8%D7%90%D7%9C","%d7%a2%d7%95%d7%a8%d7%9a-%d7%93%d7%99%d7%9f-%d7%a4%d7%9c%d7%99%d7%9c%d7%99-%d7%a9%d7%9b%d7%a8-%d7%9b%d7%9e%d7%94-%d7%9e%d7%a8%d7%95%d7%95%d7%99%d7%97-%d7%a2%d7%95%d7%93-%d7%a4%d7%9c%d7%99%d7%9c","???? ??? ????? ??? | ??? ?????? ??&#8221;? ????? ??????","???? ??? ????? ??? | ??? ?????? ??&#8221;? ????? ??????","","","","https://jus-tice.co.il/%D7%A2%D7%95%D7%A8%D7%9A-%D7%93%D7%99%D7%9F-%D7%A4%D7%9C%D7%99%D7%9C%D7%99-%D7%A9%D7%9B%D7%A8-%D7%9B%D7%9E%D7%94-%D7%9E%D7%A8%D7%95%D7%95%D7%99%D7%97-%D7%A2%D7%95%D7%93-%D7%A4%D7%9C%D7%99%D7%9C%D7%99-%D7%91%D7%99%D7%A9%D7%A8%D7%90%D7%9C","UNKNOWN_NEEDS_RAR_EXTRACTION_OR_WP_REST_EXPORT","YES","YES","UNKNOWN","","","","","NEEDS_WP_REST_PULL","NEEDS_WP_REST_PULL","282","NEEDS_ASSIGNMENT","2022-12-14","2022-12-14","2022-12-14","2022-12-14","","","???? ?????","criminal-law","","","","","","","","0","0","0%","NOT_IN_GSC_3M","92","4183","2.20%","17.5","","MEDIUM","","","NEEDS_OWNER_REVIEW","","UNKNOWN_NEEDS_APPROVAL","","","HIGH","NEEDS_MAPPING","","","","Article,BreadcrumbList","author,reviewer,last-updated","Needs disclaimer","","","","","","READY_FOR_REVIEW","YES","NO_GSC_3M;NEEDS_BACKLINK_TOOL","agent-2026-05-13","2026-05-13",""
"252","wp-rest+gsc-api+old-inventory","8538","articles","publish","https://jus-tice.co.il/%D7%A2%D7%95%D7%A8%D7%9B%D7%99-%D7%93%D7%99%D7%9F-%D7%A4%D7%9C%D7%99%D7%9C%D7%99%D7%99%D7%9D-%D7%9E%D7%A4%D7%95%D7%A8%D7%A1%D7%9E%D7%99%D7%9D-%D7%91%D7%9E%D7%93%D7%99%D7%94-%D7%A1%D7%A8%D7%98%D7%99%D7%9D-%D7%95%D7%98%D7%9C%D7%95%D7%95%D7%99%D7%96%D7%99%D7%94","%d7%a2%d7%95%d7%a8%d7%9b%d7%99-%d7%93%d7%99%d7%9f-%d7%a4%d7%9c%d7%99%d7%9c%d7%99%d7%99%d7%9d-%d7%9e%d7%a4%d7%95%d7%a8%d7%a1%d7%9e%d7%99%d7%9d-%d7%91%d7%9e%d7%93%d7%99%d7%94-%d7%a1%d7%a8%d7%98%d7%99","????? ??? ??????? ???????? ????? ????? ?????????","????? ??? ??????? ???????? ????? ????? ?????????","","","","https://jus-tice.co.il/%D7%A2%D7%95%D7%A8%D7%9B%D7%99-%D7%93%D7%99%D7%9F-%D7%A4%D7%9C%D7%99%D7%9C%D7%99%D7%99%D7%9D-%D7%9E%D7%A4%D7%95%D7%A8%D7%A1%D7%9E%D7%99%D7%9D-%D7%91%D7%9E%D7%93%D7%99%D7%94-%D7%A1%D7%A8%D7%98%D7%99%D7%9D-%D7%95%D7%98%D7%9C%D7%95%D7%95%D7%99%D7%96%D7%99%D7%94","UNKNOWN_NEEDS_RAR_EXTRACTION_OR_WP_REST_EXPORT","YES","YES","UNKNOWN","","","","","NEEDS_WP_REST_PULL","NEEDS_WP_REST_PULL","282","NEEDS_ASSIGNMENT","2023-02-13","2023-02-13","2023-02-13","2023-02-13","","","???? ?????","criminal-law","","","","","","","","0","0","0%","NOT_IN_GSC_3M","10","2592","0.39%","46.2","","MEDIUM","","","NEEDS_OWNER_REVIEW","","UNKNOWN_NEEDS_APPROVAL","","","HIGH","NEEDS_MAPPING","","","","Article,BreadcrumbList","author,reviewer,last-updated","Needs disclaimer","","","","","","READY_FOR_REVIEW","YES","NO_GSC_3M;NEEDS_BACKLINK_TOOL","agent-2026-05-13","2026-05-13",""
"264","wp-rest+gsc-api+old-inventory","5813","articles","publish","https://jus-tice.co.il/%D7%A2%D7%9E%D7%93%D7%AA-%D7%A0%D7%A4%D7%92%D7%A2-%D7%A2%D7%91%D7%99%D7%A8%D7%94-%D7%9C%D7%95%D7%A2%D7%93%D7%AA-%D7%A9%D7%97%D7%A8%D7%95%D7%A8%D7%99%D7%9D-%D7%9C%D7%A4%D7%99-%D7%97%D7%95%D7%A7-%D7%96%D7%9B%D7%95%D7%99%D7%95%D7%AA-%D7%A0%D7%A4%D7%92%D7%A2%D7%99-%D7%A2%D7%91%D7%99%D7%A8%D7%94","%d7%98%d7%95%d7%a4%d7%a1-%d7%a2%d7%9e%d7%93%d7%aa-%d7%a0%d7%a4%d7%92%d7%a2-%d7%aa-%d7%a2%d7%91%d7%99%d7%a8%d7%94-%d7%9c%d7%95%d7%a2%d7%93%d7%aa-%d7%a9%d7%97%d7%a8%d7%95%d7%a8%d7%99%d7%9d","???? ???? ????/? ????? ????? ???????","???? ???? ????/? ????? ????? ???????","","","","https://jus-tice.co.il/%D7%A2%D7%9E%D7%93%D7%AA-%D7%A0%D7%A4%D7%92%D7%A2-%D7%A2%D7%91%D7%99%D7%A8%D7%94-%D7%9C%D7%95%D7%A2%D7%93%D7%AA-%D7%A9%D7%97%D7%A8%D7%95%D7%A8%D7%99%D7%9D-%D7%9C%D7%A4%D7%99-%D7%97%D7%95%D7%A7-%D7%96%D7%9B%D7%95%D7%99%D7%95%D7%AA-%D7%A0%D7%A4%D7%92%D7%A2%D7%99-%D7%A2%D7%91%D7%99%D7%A8%D7%94","UNKNOWN_NEEDS_RAR_EXTRACTION_OR_WP_REST_EXPORT","YES","YES","UNKNOWN","","","","","NEEDS_WP_REST_PULL","NEEDS_WP_REST_PULL","282","NEEDS_ASSIGNMENT","2021-08-08","2021-08-08","2021-08-08","2021-08-08","","","???? ?????","criminal-law","","","","","","","","0","13","0.00%","9.5","1","571","0.18%","54.5","","LOW","","","NEEDS_OWNER_REVIEW","","UNKNOWN_NEEDS_APPROVAL","","","NORMAL","NEEDS_MAPPING","","","","Article,BreadcrumbList","author,reviewer,last-updated","Needs disclaimer","","","","","","READY_FOR_REVIEW","YES","NEEDS_BACKLINK_TOOL","agent-2026-05-13","2026-05-13",""
"266","wp-rest+gsc-api+old-inventory","7679","articles","publish","https://jus-tice.co.il/%D7%A2%D7%9E%D7%AA20794-07-22%D7%9E%D7%93%D7%99%D7%A0%D7%AA-%D7%99%D7%A9%D7%A8%D7%90%D7%9C-%D7%A0-%D7%AA%D7%9E%D7%9D%D7%A2%D7%A6%D7%99%D7%A8","%d7%94%d7%a9%d7%95%d7%a4%d7%98-%d7%90%d7%9c%d7%95%d7%9f-%d7%90%d7%99%d7%a0%d7%a4%d7%9c%d7%93-%d7%94%d7%97%d7%9c%d7%98%d7%94-%d7%a9%d7%99%d7%a9-%d7%91%d7%94-%d7%94%d7%a6%d7%a2%d7%94-%d7%9c%d7%94%d7%a8","????? ???? ??????: ????? ??? ?? ???? ?????? ??????? ???? ????? ?????? ????? (??&#8221;? 20794-07-22)","????? ???? ??????: ????? ??? ?? ???? ?????? ??????? ???? ????? ?????? ????? (??&#8221;? 20794-07-22)","","","","https://jus-tice.co.il/%D7%A2%D7%9E%D7%AA20794-07-22%D7%9E%D7%93%D7%99%D7%A0%D7%AA-%D7%99%D7%A9%D7%A8%D7%90%D7%9C-%D7%A0-%D7%AA%D7%9E%D7%9D%D7%A2%D7%A6%D7%99%D7%A8","UNKNOWN_NEEDS_RAR_EXTRACTION_OR_WP_REST_EXPORT","YES","YES","UNKNOWN","","","","","NEEDS_WP_REST_PULL","NEEDS_WP_REST_PULL","282","NEEDS_ASSIGNMENT","2022-08-31","2022-08-31","2022-08-31","2022-08-31","","","????? ???? ??? ??????","criminal-law","","","","","","","","0","0","0%","NOT_IN_GSC_3M","9","538","1.67%","9.7","","LOW","","","NEEDS_OWNER_REVIEW","","UNKNOWN_NEEDS_APPROVAL","","","NORMAL","NEEDS_MAPPING","","","","Article,BreadcrumbList","author,reviewer,last-updated","Needs disclaimer","","","","","","READY_FOR_REVIEW","YES","NO_GSC_3M;NEEDS_BACKLINK_TOOL","agent-2026-05-13","2026-05-13",""
"282","wp-rest+gsc-api+old-inventory","9636","articles","publish","https://jus-tice.co.il/%D7%A4%D7%9C%D7%99%D7%9C%D7%99-%D7%A4%D7%95%D7%A8%D7%A0%D7%95%D7%92%D7%A8%D7%A4%D7%99%D7%99%D7%AA-%D7%99%D7%9C%D7%93%D7%99%D7%9D","%d7%a2%d7%95%d7%a8%d7%9a-%d7%93%d7%99%d7%9f-%d7%a4%d7%9c%d7%99%d7%9c%d7%99-%d7%a4%d7%95%d7%a8%d7%a0%d7%95%d7%92%d7%a8%d7%a4%d7%99%d7%99%d7%aa-%d7%99%d7%9c%d7%93%d7%99%d7%9d","???? ??? ????? ??????????? ?????","???? ??? ????? ??????????? ?????","","","","https://jus-tice.co.il/%D7%A4%D7%9C%D7%99%D7%9C%D7%99-%D7%A4%D7%95%D7%A8%D7%A0%D7%95%D7%92%D7%A8%D7%A4%D7%99%D7%99%D7%AA-%D7%99%D7%9C%D7%93%D7%99%D7%9D","UNKNOWN_NEEDS_RAR_EXTRACTION_OR_WP_REST_EXPORT","YES","YES","UNKNOWN","","","","","NEEDS_WP_REST_PULL","NEEDS_WP_REST_PULL","282","NEEDS_ASSIGNMENT","2023-06-05","2023-06-05","2023-06-05","2023-06-05","","","???? ?????","criminal-law","","","","","","","","0","0","0%","NOT_IN_GSC_3M","36","3046","1.18%","27.0","","MEDIUM","","","NEEDS_OWNER_REVIEW","","UNKNOWN_NEEDS_APPROVAL","","","HIGH","NEEDS_MAPPING","","","","Article,BreadcrumbList","author,reviewer,last-updated","Needs disclaimer","","","","","","READY_FOR_REVIEW","YES","NO_GSC_3M;NEEDS_BACKLINK_TOOL","agent-2026-05-13","2026-05-13",""
"317","wp-rest+gsc-api+old-inventory","9544","articles","publish","https://jus-tice.co.il/%D7%A6%D7%95-%D7%9E%D7%A2%D7%A6%D7%A8-%D7%90%D7%99%D7%A8%D7%95%D7%A4%D7%99","%d7%a6%d7%95-%d7%9e%d7%a2%d7%a6%d7%a8-%d7%90%d7%99%d7%a8%d7%95%d7%a4%d7%99-%d7%a6%d7%95-%d7%97%d7%a7%d7%99%d7%a8%d7%94-%d7%90%d7%99%d7%a8%d7%95%d7%a4%d7%99","?? ???? ?????? | ?? ????? ??????","?? ???? ?????? | ?? ????? ??????","","","","https://jus-tice.co.il/%D7%A6%D7%95-%D7%9E%D7%A2%D7%A6%D7%A8-%D7%90%D7%99%D7%A8%D7%95%D7%A4%D7%99","UNKNOWN_NEEDS_RAR_EXTRACTION_OR_WP_REST_EXPORT","YES","YES","UNKNOWN","","","","","NEEDS_WP_REST_PULL","NEEDS_WP_REST_PULL","282","NEEDS_ASSIGNMENT","2023-05-27","2023-05-27","2023-05-27","2023-05-27","","","???? ?????","criminal-law","","","","","","","","0","12","0.00%","7.4","8","1488","0.54%","29.0","","LOW","","","NEEDS_OWNER_REVIEW","","UNKNOWN_NEEDS_APPROVAL","","","NORMAL","NEEDS_MAPPING","","","","Article,BreadcrumbList","author,reviewer,last-updated","Needs disclaimer","","","","","","READY_FOR_REVIEW","YES","NEEDS_BACKLINK_TOOL","agent-2026-05-13","2026-05-13",""
"348","wp-rest+gsc-api+old-inventory","6039","articles","publish","https://jus-tice.co.il/%D7%A7%D7%99%D7%95%D7%9D-%D7%93%D7%99%D7%95%D7%A0%D7%99%D7%9D-%D7%91%D7%94%D7%9D-%D7%9E%D7%A9%D7%AA%D7%AA%D7%A3-%D7%A2%D7%A6%D7%99%D7%A8-%D7%90%D7%95-%D7%90%D7%A1%D7%99%D7%A8-%D7%91%D7%94%D7%99%D7%95%D7%95%D7%A2%D7%93%D7%95%D7%AA-%D7%97%D7%96%D7%95%D7%AA%D7%99%D7%AA","%d7%98%d7%99%d7%a4%d7%95%d7%9c-%d7%91%d7%94%d7%9c%d7%99%d7%9b%d7%99%d7%9d-%d7%9c%d7%a4%d7%99-%d7%97%d7%95%d7%a7-%d7%94%d7%a0%d7%95%d7%a2%d7%a8-%d7%98%d7%99%d7%a4%d7%95%d7%9c-%d7%95%d7%94%d7%a9%d7%92-2","???? ?????? ??? ????? ???? ?? ???? ????????? ??????","???? ?????? ??? ????? ???? ?? ???? ????????? ??????","","","","https://jus-tice.co.il/%D7%A7%D7%99%D7%95%D7%9D-%D7%93%D7%99%D7%95%D7%A0%D7%99%D7%9D-%D7%91%D7%94%D7%9D-%D7%9E%D7%A9%D7%AA%D7%AA%D7%A3-%D7%A2%D7%A6%D7%99%D7%A8-%D7%90%D7%95-%D7%90%D7%A1%D7%99%D7%A8-%D7%91%D7%94%D7%99%D7%95%D7%95%D7%A2%D7%93%D7%95%D7%AA-%D7%97%D7%96%D7%95%D7%AA%D7%99%D7%AA","UNKNOWN_NEEDS_RAR_EXTRACTION_OR_WP_REST_EXPORT","YES","YES","UNKNOWN","","","","","NEEDS_WP_REST_PULL","NEEDS_WP_REST_PULL","282","NEEDS_ASSIGNMENT","2021-08-16","2021-08-16","2021-08-16","2021-08-16","","","???? ?????","criminal-law","","","","","","","","0","30","0.00%","12.6","1","289","0.35%","42.3","","LOW","","","NEEDS_OWNER_REVIEW","","UNKNOWN_NEEDS_APPROVAL","","","NORMAL","NEEDS_MAPPING","","","","Article,BreadcrumbList","author,reviewer,last-updated","Needs disclaimer","","","","","","READY_FOR_REVIEW","YES","NEEDS_BACKLINK_TOOL","agent-2026-05-13","2026-05-13",""
"359","wp-rest+gsc-api+old-inventory","5858","articles","publish","https://jus-tice.co.il/%D7%A9%D7%95%D7%A4%D7%98%D7%AA-%D7%98%D7%9C%D7%99-%D7%97%D7%99%D7%99%D7%9E%D7%95%D7%91%D7%99%D7%A5-%D7%A4%D7%A1%D7%93-%D7%A7%D7%91%D7%9C%D7%AA-%D7%93%D7%91%D7%A8-%D7%91%D7%9E%D7%A8%D7%9E%D7%94-%D7%91%D7%A0%D7%A1%D7%99%D7%91%D7%95%D7%AA-%D7%9E%D7%97%D7%9E%D7%99%D7%A8%D7%95%D7%AA-%D7%94%D7%9C%D7%91%D7%A0%D7%AA-%D7%94%D7%95%D7%9F-%D7%A2%D7%91%D7%99%D7%A8%D7%95%D7%AA-%D7%9E%D7%A0%D7%94%D7%9C%D7%99%D7%9D-%D7%91%D7%AA%D7%90%D7%92%D7%99%D7%93","%d7%a4%d7%a1%d7%a7-%d7%93%d7%99%d7%9f-%d7%a0%d7%90%d7%a9%d7%9e%d7%99%d7%9d-%d7%91%d7%92%d7%99%d7%9f-%d7%a7%d7%91%d7%9c%d7%aa-%d7%93%d7%91%d7%a8-%d7%91%d7%9e%d7%a8%d7%9e%d7%94-%d7%91%d7%a0%d7%a1%d7%99","??? ??? ?????? ???? ???? ??? ????? ??????? ???????, ????? ???, ?????? ?????? ?????? ???? (?&#8221;? 13268-09-15)","??? ??? ?????? ???? ???? ??? ????? ??????? ???????, ????? ???, ?????? ?????? ?????? ???? (?&#8221;? 13268-09-15)","","","","https://jus-tice.co.il/%D7%A9%D7%95%D7%A4%D7%98%D7%AA-%D7%98%D7%9C%D7%99-%D7%97%D7%99%D7%99%D7%9E%D7%95%D7%91%D7%99%D7%A5-%D7%A4%D7%A1%D7%93-%D7%A7%D7%91%D7%9C%D7%AA-%D7%93%D7%91%D7%A8-%D7%91%D7%9E%D7%A8%D7%9E%D7%94-%D7%91%D7%A0%D7%A1%D7%99%D7%91%D7%95%D7%AA-%D7%9E%D7%97%D7%9E%D7%99%D7%A8%D7%95%D7%AA-%D7%94%D7%9C%D7%91%D7%A0%D7%AA-%D7%94%D7%95%D7%9F-%D7%A2%D7%91%D7%99%D7%A8%D7%95%D7%AA-%D7%9E%D7%A0%D7%94%D7%9C%D7%99%D7%9D-%D7%91%D7%AA%D7%90%D7%92%D7%99%D7%93","UNKNOWN_NEEDS_RAR_EXTRACTION_OR_WP_REST_EXPORT","YES","YES","UNKNOWN","","","","","NEEDS_WP_REST_PULL","NEEDS_WP_REST_PULL","282","NEEDS_ASSIGNMENT","2021-08-10","2021-08-10","2021-08-10","2021-08-10","","","????? ???? ??? ??????","criminal-law","","","","","","","","0","0","0%","NOT_IN_GSC_3M","103","5334","1.93%","17.9","","HIGH","","","DO_NOT_TOUCH_HIGH_TRAFFIC_URL","High traffic URL - protect","UNKNOWN_NEEDS_APPROVAL","","","CRITICAL","NEEDS_MAPPING","","","","Article,BreadcrumbList","author,reviewer,last-updated","Needs disclaimer","","","","","","DO_NOT_TOUCH","YES","NO_GSC_3M;NEEDS_BACKLINK_TOOL","agent-2026-05-13","2026-05-13",""
"376","wp-rest+gsc-api+old-inventory","6031","articles","publish","https://jus-tice.co.il/%D7%AA%D7%91%D7%99%D7%A2%D7%94-%D7%90%D7%96%D7%A8%D7%97%D7%99%D7%AA-%D7%A0%D7%92%D7%A8%D7%A8%D7%AA-%D7%9C%D7%94%D7%A8%D7%A9%D7%A2%D7%94-%D7%91%D7%A4%D7%9C%D7%99%D7%9C%D7%99%D7%9D-%D7%AA%D7%90-38003-03-19","%d7%94%d7%a9%d7%95%d7%a4%d7%98%d7%aa-%d7%99%d7%a2%d7%9c-%d7%99%d7%99%d7%98%d7%91-%d7%a4%d7%a1%d7%93-%d7%91%d7%aa%d7%91%d7%99%d7%a2%d7%94-%d7%90%d7%96%d7%a8%d7%97%d7%99%d7%aa-%d7%a0%d7%92%d7%a8","?????? ??? ????: ??&#8221;? ?????? ?????? ????? ?????? ??????? (?&#8221;? 38003-03-19)","?????? ??? ????: ??&#8221;? ?????? ?????? ????? ?????? ??????? (?&#8221;? 38003-03-19)","","","","https://jus-tice.co.il/%D7%AA%D7%91%D7%99%D7%A2%D7%94-%D7%90%D7%96%D7%A8%D7%97%D7%99%D7%AA-%D7%A0%D7%92%D7%A8%D7%A8%D7%AA-%D7%9C%D7%94%D7%A8%D7%A9%D7%A2%D7%94-%D7%91%D7%A4%D7%9C%D7%99%D7%9C%D7%99%D7%9D-%D7%AA%D7%90-38003-03-19","UNKNOWN_NEEDS_RAR_EXTRACTION_OR_WP_REST_EXPORT","YES","YES","UNKNOWN","","","","","NEEDS_WP_REST_PULL","NEEDS_WP_REST_PULL","282","NEEDS_ASSIGNMENT","2021-08-16","2021-08-16","2021-08-16","2021-08-16","","","???? ?????","criminal-law","","","","","","","","0","0","0%","NOT_IN_GSC_3M","57","2445","2.33%","17.1","","MEDIUM","","","NEEDS_OWNER_REVIEW","","UNKNOWN_NEEDS_APPROVAL","","","HIGH","NEEDS_MAPPING","","","","Article,BreadcrumbList","author,reviewer,last-updated","Needs disclaimer","","","","","","READY_FOR_REVIEW","YES","NO_GSC_3M;NEEDS_BACKLINK_TOOL","agent-2026-05-13","2026-05-13",""
"382","wp-rest+gsc-api+old-inventory","10264","articles","publish","https://jus-tice.co.il/%D7%AA%D7%91%D7%99%D7%A2%D7%AA-%D7%9B%D7%AA%D7%95%D7%91%D7%94-%D7%A9%D7%9C-%D7%94%D7%AA%D7%95%D7%91%D7%A2%D7%AA-%D7%94%D7%90%D7%99%D7%A9%D7%94-%D7%A2%D7%9C-%D7%A1%D7%9A-1000000-%D7%A9%D7%97","%d7%92%d7%99%d7%a8%d7%95%d7%a9%d7%99%d7%9f-2023-%d7%aa%d7%91%d7%99%d7%a2%d7%aa-%d7%9b%d7%aa%d7%95%d7%91%d7%94-%d7%a9%d7%9c-%d7%94%d7%aa%d7%95%d7%91%d7%a2%d7%aa-%d7%94%d7%90%d7%99%d7%a9%d7%94-%d7%a2","??????? 2023: ????? ????? ?? ??????-????? ?? ?? 1,000,000 ?&#8221;?","??????? 2023: ????? ????? ?? ??????-????? ?? ?? 1,000,000 ?&#8221;?","","","","https://jus-tice.co.il/%D7%AA%D7%91%D7%99%D7%A2%D7%AA-%D7%9B%D7%AA%D7%95%D7%91%D7%94-%D7%A9%D7%9C-%D7%94%D7%AA%D7%95%D7%91%D7%A2%D7%AA-%D7%94%D7%90%D7%99%D7%A9%D7%94-%D7%A2%D7%9C-%D7%A1%D7%9A-1000000-%D7%A9%D7%97","UNKNOWN_NEEDS_RAR_EXTRACTION_OR_WP_REST_EXPORT","YES","YES","UNKNOWN","","","","","NEEDS_WP_REST_PULL","NEEDS_WP_REST_PULL","282","NEEDS_ASSIGNMENT","2023-11-28","2023-11-28","2023-11-28","2023-11-28","","","????? ???? ??? ??????","criminal-law","","","","","","","","2","53","3.77%","43.2","13","4218","0.31%","59.5","????? ????? ????? | ????? ????? ????? | ???? ?????? ????? | ????? ?????","MEDIUM","????? ????? ?????","1 competing queries","NEEDS_OWNER_REVIEW","","UNKNOWN_NEEDS_APPROVAL","","","HIGH","NEEDS_MAPPING","","","","Article,BreadcrumbList","author,reviewer,last-updated","Needs disclaimer","","","","","","READY_FOR_REVIEW","YES","NEEDS_BACKLINK_TOOL","agent-2026-05-13","2026-05-13",""
"401","wp-rest+gsc-api+old-inventory","6005","articles","publish","https://jus-tice.co.il/%D7%AA%D7%97%D7%A0%D7%95%D7%AA-%D7%9E%D7%A9%D7%98%D7%A8%D7%94-%D7%9B%D7%AA%D7%95%D7%91%D7%AA-%D7%98%D7%9C%D7%A4%D7%95%D7%9F-%D7%A8%D7%A9%D7%99%D7%9E%D7%94-%D7%90%D7%A8%D7%A6%D7%99%D7%AA-%D7%9E%D7%A2%D7%95%D7%93%D7%9B%D7%9F","%d7%aa%d7%97%d7%a0%d7%95%d7%aa-%d7%9e%d7%a9%d7%98%d7%a8%d7%94-%d7%9b%d7%aa%d7%95%d7%91%d7%aa-%d7%98%d7%9c%d7%a4%d7%95%d7%9f-%d7%a8%d7%a9%d7%99%d7%9e%d7%94-%d7%90%d7%a8%d7%a6%d7%99%d7%aa-%d7%9e%d7%a2","????? ????? ????? ????? ????? ????? ?????? 2023","????? ????? ????? ????? ????? ????? ?????? 2023","","","","https://jus-tice.co.il/%D7%AA%D7%97%D7%A0%D7%95%D7%AA-%D7%9E%D7%A9%D7%98%D7%A8%D7%94-%D7%9B%D7%AA%D7%95%D7%91%D7%AA-%D7%98%D7%9C%D7%A4%D7%95%D7%9F-%D7%A8%D7%A9%D7%99%D7%9E%D7%94-%D7%90%D7%A8%D7%A6%D7%99%D7%AA-%D7%9E%D7%A2%D7%95%D7%93%D7%9B%D7%9F","UNKNOWN_NEEDS_RAR_EXTRACTION_OR_WP_REST_EXPORT","YES","YES","UNKNOWN","","","","","NEEDS_WP_REST_PULL","NEEDS_WP_REST_PULL","282","NEEDS_ASSIGNMENT","2021-08-15","2023-04-14","2021-08-15","2023-04-14","","","???? ?????","criminal-law","","","","","","","","0","0","0%","NOT_IN_GSC_3M","474","116816","0.41%","16.1","","HIGH","","","DO_NOT_TOUCH_HIGH_TRAFFIC_URL","High traffic URL - protect","UNKNOWN_NEEDS_APPROVAL","","","CRITICAL","NEEDS_MAPPING","","","","Article,BreadcrumbList","author,reviewer,last-updated","Needs disclaimer","","","","","","DO_NOT_TOUCH","YES","NO_GSC_3M;NEEDS_BACKLINK_TOOL","agent-2026-05-13","2026-05-13",""
"411","wp-rest+gsc-api+old-inventory","8066","articles","publish","https://jus-tice.co.il/%D7%AA%D7%A0%D7%90%D7%99-%D7%94%D7%94%D7%A1%D7%92%D7%A8%D7%94-%D7%95%D7%A1%D7%99%D7%99%D7%92%D7%99%D7%94","%d7%aa%d7%a0%d7%90%d7%99-%d7%94%d7%94%d7%a1%d7%92%d7%a8%d7%94-%d7%95%d7%a1%d7%99%d7%99%d7%92%d7%99%d7%94","???? ?????? ???????","???? ?????? ???????","","","","https://jus-tice.co.il/%D7%AA%D7%A0%D7%90%D7%99-%D7%94%D7%94%D7%A1%D7%92%D7%A8%D7%94-%D7%95%D7%A1%D7%99%D7%99%D7%92%D7%99%D7%94","UNKNOWN_NEEDS_RAR_EXTRACTION_OR_WP_REST_EXPORT","YES","YES","UNKNOWN","","","","","NEEDS_WP_REST_PULL","NEEDS_WP_REST_PULL","282","NEEDS_ASSIGNMENT","2022-11-16","2022-11-16","2022-11-16","2022-11-16","","","???? ?????","criminal-law","","","","","","","","0","0","0%","NOT_IN_GSC_3M","6","1479","0.41%","47.4","","LOW","","","NEEDS_OWNER_REVIEW","","UNKNOWN_NEEDS_APPROVAL","","","NORMAL","NEEDS_MAPPING","","","","Article,BreadcrumbList","author,reviewer,last-updated","Needs disclaimer","","","","","","READY_FOR_REVIEW","YES","NO_GSC_3M;NEEDS_BACKLINK_TOOL","agent-2026-05-13","2026-05-13",""
"414","wp-rest+gsc-api+old-inventory","7487","articles","publish","https://jus-tice.co.il/%D7%AA%D7%A4%D7%97%D7%A226551-01-21%D7%9E%D7%93%D7%99%D7%A0%D7%AA-%D7%99%D7%A9%D7%A8%D7%90%D7%9C-%D7%A0-%D7%99%D7%95%D7%A1%D7%A3%D7%A2%D7%A6%D7%99%D7%A8","%d7%94%d7%9b%d7%a8%d7%a2%d7%aa-%d7%93%d7%99%d7%9f-%d7%a0%d7%90%d7%a9%d7%9d-%d7%91%d7%a9%d7%95%d7%a8%d7%94-%d7%a9%d7%9c-%d7%a2%d7%91%d7%99%d7%a8%d7%95%d7%aa-%d7%9e%d7%99%d7%9f-%d7%95%d7%9e%d7%a2%d7%a9","?????: ????? ???? ????? ?? ?????? ??? ?????? ?????? ????? ????? ?????? (???&#8221;? 26551-01-21)","?????: ????? ???? ????? ?? ?????? ??? ?????? ?????? ????? ????? ?????? (???&#8221;? 26551-01-21)","","","","https://jus-tice.co.il/%D7%AA%D7%A4%D7%97%D7%A226551-01-21%D7%9E%D7%93%D7%99%D7%A0%D7%AA-%D7%99%D7%A9%D7%A8%D7%90%D7%9C-%D7%A0-%D7%99%D7%95%D7%A1%D7%A3%D7%A2%D7%A6%D7%99%D7%A8","UNKNOWN_NEEDS_RAR_EXTRACTION_OR_WP_REST_EXPORT","YES","YES","UNKNOWN","","","","","NEEDS_WP_REST_PULL","NEEDS_WP_REST_PULL","282","NEEDS_ASSIGNMENT","2022-06-16","2022-06-16","2022-06-16","2022-06-16","","","???? ??? ????? ???? ??? 2022","criminal-law","","","","","","","","0","0","0%","NOT_IN_GSC_3M","53","2085","2.54%","45.1","","MEDIUM","","","NEEDS_OWNER_REVIEW","","UNKNOWN_NEEDS_APPROVAL","","","HIGH","NEEDS_MAPPING","","","","Article,BreadcrumbList","author,reviewer,last-updated","Needs disclaimer","","","","","","READY_FOR_REVIEW","YES","NO_GSC_3M;NEEDS_BACKLINK_TOOL","agent-2026-05-13","2026-05-13",""
"416","wp-rest+gsc-api+old-inventory","8073","articles","publish","https://jus-tice.co.il/%D7%AA%D7%A469728-06-20%D7%9E%D7%93%D7%99%D7%A0%D7%AA-%D7%99%D7%A9%D7%A8%D7%90%D7%9C-%D7%A0-%D7%A1%D7%95%D7%9C%D7%95%D7%9E%D7%95%D7%9F","%d7%94%d7%9b%d7%a8%d7%a2%d7%aa-%d7%93%d7%99%d7%9f-%d7%9c%d7%a0%d7%90%d7%a9%d7%9d-%d7%91%d7%a2%d7%91%d7%99%d7%a8%d7%95%d7%aa-%d7%a9%d7%9c-%d7%a7%d7%91%d7%9c%d7%aa-%d7%a9%d7%95%d7%97%d7%93-%d7%9e%d7%99","????? ??? ????? ??????? ?? ???? ???? ????, ???? ????? ?????? ???? ???? ????? (?&#8221;? 69728-06-20)","????? ??? ????? ??????? ?? ???? ???? ????, ???? ????? ?????? ???? ???? ????? (?&#8221;? 69728-06-20)","","","","https://jus-tice.co.il/%D7%AA%D7%A469728-06-20%D7%9E%D7%93%D7%99%D7%A0%D7%AA-%D7%99%D7%A9%D7%A8%D7%90%D7%9C-%D7%A0-%D7%A1%D7%95%D7%9C%D7%95%D7%9E%D7%95%D7%9F","UNKNOWN_NEEDS_RAR_EXTRACTION_OR_WP_REST_EXPORT","YES","YES","UNKNOWN","","","","","NEEDS_WP_REST_PULL","NEEDS_WP_REST_PULL","282","NEEDS_ASSIGNMENT","2022-11-17","2022-11-17","2022-11-17","2022-11-17","","","???? ??? ????? ???? ??? 2022","criminal-law","","","","","","","","0","0","0%","NOT_IN_GSC_3M","52","3245","1.60%","31.6","","MEDIUM","","","NEEDS_OWNER_REVIEW","","UNKNOWN_NEEDS_APPROVAL","","","HIGH","NEEDS_MAPPING","","","","Article,BreadcrumbList","author,reviewer,last-updated","Needs disclaimer","","","","","","READY_FOR_REVIEW","YES","NO_GSC_3M;NEEDS_BACKLINK_TOOL","agent-2026-05-13","2026-05-13",""
"417","wp-rest+gsc-api+old-inventory","7677","articles","publish","https://jus-tice.co.il/%D7%AA%D7%A47140-09-21%D7%9E%D7%93%D7%99%D7%A0%D7%AA-%D7%99%D7%A9%D7%A8%D7%90%D7%9C-%D7%A0-%D7%9B%D7%A8%D7%9E%D7%99","%d7%92%d7%96%d7%93-%d7%a4%d7%a1%d7%99%d7%9b%d7%95%d7%9c%d7%95%d7%92-%d7%99%d7%95%d7%91%d7%9c-%d7%9b%d7%a8%d7%9e%d7%99-3-%d7%a9%d7%a0%d7%95%d7%aa-%d7%9e%d7%90%d7%a1%d7%a8-%d7%a2%d7%95%d7%a0%d7%a9","??&#8221;? ???????? ???? ???? 3 ???? ???? ???? ???? ?????? ?? ???? ??? ????? ????? ??? ???? ?????? (?&#8221;? 7140-09-21)","??&#8221;? ???????? ???? ???? 3 ???? ???? ???? ???? ?????? ?? ???? ??? ????? ????? ??? ???? ?????? (?&#8221;? 7140-09-21)","","","","https://jus-tice.co.il/%D7%AA%D7%A47140-09-21%D7%9E%D7%93%D7%99%D7%A0%D7%AA-%D7%99%D7%A9%D7%A8%D7%90%D7%9C-%D7%A0-%D7%9B%D7%A8%D7%9E%D7%99","UNKNOWN_NEEDS_RAR_EXTRACTION_OR_WP_REST_EXPORT","YES","YES","UNKNOWN","","","","","NEEDS_WP_REST_PULL","NEEDS_WP_REST_PULL","282","NEEDS_ASSIGNMENT","2022-08-31","2022-08-31","2022-08-31","2022-08-31","","","????? ???? ??? ??????","criminal-law","","","","","","","","0","0","0%","NOT_IN_GSC_3M","33","1704","1.94%","15.0","","MEDIUM","","","NEEDS_OWNER_REVIEW","","UNKNOWN_NEEDS_APPROVAL","","","HIGH","NEEDS_MAPPING","","","","Article,BreadcrumbList","author,reviewer,last-updated","Needs disclaimer","","","","","","READY_FOR_REVIEW","YES","NO_GSC_3M;NEEDS_BACKLINK_TOOL","agent-2026-05-13","2026-05-13",""
"419","wp-rest+gsc-api+old-inventory","5803","articles","publish","https://jus-tice.co.il/%D7%AA%D7%A7%D7%A0%D7%95%D7%AA-%D7%96%D7%9B%D7%95%D7%99%D7%95%D7%AA-%D7%A0%D7%A4%D7%92%D7%A2%D7%99-%D7%A2%D7%91%D7%99%D7%A8%D7%94-%D7%94%D7%AA%D7%A9%D7%A1%D7%91-2002","%d7%aa%d7%a7%d7%a0%d7%95%d7%aa-%d7%96%d7%9b%d7%95%d7%99%d7%95%d7%aa-%d7%a0%d7%a4%d7%92%d7%a2%d7%99-%d7%a2%d7%91%d7%99%d7%a8%d7%94-%d7%94%d7%aa%d7%a9%d7%a1%d7%b4%d7%91-2002","????? ?????? ????? ?????, ??????-2002","????? ?????? ????? ?????, ??????-2002","","","","https://jus-tice.co.il/%D7%AA%D7%A7%D7%A0%D7%95%D7%AA-%D7%96%D7%9B%D7%95%D7%99%D7%95%D7%AA-%D7%A0%D7%A4%D7%92%D7%A2%D7%99-%D7%A2%D7%91%D7%99%D7%A8%D7%94-%D7%94%D7%AA%D7%A9%D7%A1%D7%91-2002","UNKNOWN_NEEDS_RAR_EXTRACTION_OR_WP_REST_EXPORT","YES","YES","UNKNOWN","","","","","NEEDS_WP_REST_PULL","NEEDS_WP_REST_PULL","282","NEEDS_ASSIGNMENT","2021-08-08","2021-08-08","2021-08-08","2021-08-08","","","???? ?????","criminal-law","","","","","","","","0","0","0%","NOT_IN_GSC_3M","0","348","0.00%","44.7","","LOW","","","NEEDS_OWNER_REVIEW","","UNKNOWN_NEEDS_APPROVAL","","","NORMAL","NEEDS_MAPPING","","","","Article,BreadcrumbList","author,reviewer,last-updated","Needs disclaimer","","","","","","READY_FOR_REVIEW","YES","NO_GSC_3M;NEEDS_BACKLINK_TOOL","agent-2026-05-13","2026-05-13",""
"423","wp-rest+gsc-api+old-inventory","12389","articles","publish","https://jus-tice.co.il/10284-05-21","%d7%94%d7%a9%d7%95%d7%a4%d7%98-%d7%a0%d7%99%d7%a8-%d7%9e%d7%99%d7%a9%d7%95%d7%a8%d7%99-%d7%9c%d7%91-%d7%98%d7%95%d7%91-%d7%92%d7%96%d7%a8-%d7%93%d7%99%d7%9f-%d7%91%d7%a2%d7%a0%d7%99%d7%99%d7%9f","????? ??? ?????? ?? ???: ??? ??? ?????? ?????? ???? ??? (?&#8221;? 10284-05-21)","????? ??? ?????? ?? ???: ??? ??? ?????? ?????? ???? ??? (?&#8221;? 10284-05-21)","","","","https://jus-tice.co.il/10284-05-21","UNKNOWN_NEEDS_RAR_EXTRACTION_OR_WP_REST_EXPORT","YES","YES","5550","","","","","NEEDS_WP_REST_PULL","NEEDS_WP_REST_PULL","282","NEEDS_ASSIGNMENT","2025-03-27","2025-03-27","2025-03-27","2025-03-27","","","???? ?????","criminal-law","","","","","","","","0","0","0%","NOT_IN_GSC_3M","2","68","2.94%","10.3","","LOW","","","NEEDS_OWNER_REVIEW","","UNKNOWN_NEEDS_APPROVAL","","","NORMAL","NEEDS_MAPPING","","","","Article,BreadcrumbList","author,reviewer,last-updated","Needs disclaimer","","","","","","READY_FOR_REVIEW","YES","NO_GSC_3M;NEEDS_BACKLINK_TOOL","agent-2026-05-13","2026-05-13",""
"443","wp-rest+gsc-api+old-inventory","12353","articles","publish","https://jus-tice.co.il/17044-12-22","%d7%92%d7%96%d7%a8-%d7%93%d7%99%d7%9f-%d7%9c%d7%9e%d7%98%d7%a4%d7%9c-%d7%a9%d7%94%d7%95%d7%a8%d7%a9%d7%a2-%d7%91%d7%a2%d7%91%d7%99%d7%a8%d7%95%d7%aa-%d7%9e%d7%99%d7%9f-%d7%aa%d7%a4%d7%97-17044","??? ??? ????? ?????? ??????? ??? (??&#8221;? 17044-12-22)","??? ??? ????? ?????? ??????? ??? (??&#8221;? 17044-12-22)","","","","https://jus-tice.co.il/17044-12-22","UNKNOWN_NEEDS_RAR_EXTRACTION_OR_WP_REST_EXPORT","YES","YES","18907","","","","","NEEDS_WP_REST_PULL","NEEDS_WP_REST_PULL","282","NEEDS_ASSIGNMENT","2025-03-24","2025-03-24","2025-03-24","2025-03-24","","","???? ??? ????? ???? ??? 2022","criminal-law","","","","","","","","0","0","0%","NOT_IN_GSC_3M","132","2099","6.29%","23.5","","HIGH","","","DO_NOT_TOUCH_HIGH_TRAFFIC_URL","High traffic URL - protect","UNKNOWN_NEEDS_APPROVAL","","","CRITICAL","NEEDS_MAPPING","","","","Article,BreadcrumbList","author,reviewer,last-updated","Needs disclaimer","","","","","","DO_NOT_TOUCH","YES","NO_GSC_3M;NEEDS_BACKLINK_TOOL","agent-2026-05-13","2026-05-13",""
"455","wp-rest+gsc-api+old-inventory","8571","articles","publish","https://jus-tice.co.il/2542-10-22","%d7%a4%d7%a1%d7%93-%d7%93%d7%99%d7%9f-%d7%94%d7%93%d7%95%d7%97%d7%94-%d7%91%d7%a7%d7%a9%d7%94-%d7%9c%d7%9e%d7%aa%d7%9f-%d7%a6%d7%95-%d7%94%d7%92%d7%a0%d7%94-%d7%9c%d7%90%d7%99%d7%a9%d7%94-%d7%99","??&#8221;? ??? ????? ???? ???? ?? ???? ?????, ????? ???? (?&#8221;? 2542-10-22)","??&#8221;? ??? ????? ???? ???? ?? ???? ?????, ????? ???? (?&#8221;? 2542-10-22)","","","","https://jus-tice.co.il/2542-10-22","UNKNOWN_NEEDS_RAR_EXTRACTION_OR_WP_REST_EXPORT","YES","YES","462","","","","","NEEDS_WP_REST_PULL","NEEDS_WP_REST_PULL","282","NEEDS_ASSIGNMENT","2023-02-15","2023-02-15","2023-02-15","2023-02-15","","","????? ???? ??? ??????","criminal-law","","","","","","","","1","25","4.00%","7.9","8","283","2.83%","13.1","","LOW","","","NEEDS_OWNER_REVIEW","","UNKNOWN_NEEDS_APPROVAL","","","NORMAL","NEEDS_MAPPING","","","","Article,BreadcrumbList","author,reviewer,last-updated","Needs disclaimer","","","","","","READY_FOR_REVIEW","YES","NEEDS_BACKLINK_TOOL","agent-2026-05-13","2026-05-13",""
"456","wp-rest+gsc-api+old-inventory","6123","articles","publish","https://jus-tice.co.il/26082021-%D7%A9%D7%97%D7%A8%D7%95%D7%A8-%D7%96%D7%93%D7%95%D7%A8%D7%95%D7%91-%D7%9C%D7%9E%D7%A2%D7%A6%D7%A8-%D7%91%D7%99%D7%AA-%D7%A4%D7%A1%D7%A7-%D7%93%D7%99%D7%9F-%D7%9E%D7%9C%D7%90-%D7%91%D7%A9%D7%A4-5743-%D7%9E%D7%93%D7%99%D7%A0%D7%AA-%D7%99%D7%A9%D7%A8%D7%90%D7%9C-%D7%A0-%D7%A8%D7%95%D7%9E%D7%9F-%D7%96%D7%93%D7%95%D7%A8%D7%95%D7%91","%d7%a9%d7%97%d7%a8%d7%95%d7%a8-%d7%96%d7%93%d7%95%d7%a8%d7%95%d7%91-%d7%9c%d7%9e%d7%a2%d7%a6%d7%a8-%d7%91%d7%99%d7%aa-%d7%a4%d7%a1%d7%a7-%d7%93%d7%99%d7%9f-%d7%9e%d7%9c%d7%90-%d7%91%d7%a9%d7%a4-5743","????? ?????? ????? ??? ??? ??? ??? ??&#8221;? 5743 ????? ????? ?' ???? ??????","????? ?????? ????? ??? ??? ??? ??? ??&#8221;? 5743 ????? ????? ?' ???? ??????","","","","https://jus-tice.co.il/26082021-%D7%A9%D7%97%D7%A8%D7%95%D7%A8-%D7%96%D7%93%D7%95%D7%A8%D7%95%D7%91-%D7%9C%D7%9E%D7%A2%D7%A6%D7%A8-%D7%91%D7%99%D7%AA-%D7%A4%D7%A1%D7%A7-%D7%93%D7%99%D7%9F-%D7%9E%D7%9C%D7%90-%D7%91%D7%A9%D7%A4-5743-%D7%9E%D7%93%D7%99%D7%A0%D7%AA-%D7%99%D7%A9%D7%A8%D7%90%D7%9C-%D7%A0-%D7%A8%D7%95%D7%9E%D7%9F-%D7%96%D7%93%D7%95%D7%A8%D7%95%D7%91","UNKNOWN_NEEDS_RAR_EXTRACTION_OR_WP_REST_EXPORT","YES","YES","UNKNOWN","","","","","NEEDS_WP_REST_PULL","NEEDS_WP_REST_PULL","282","NEEDS_ASSIGNMENT","2021-08-26","2021-08-26","2021-08-26","2021-08-26","","","????? ???? ??? ??????","criminal-law","","","","","","","","0","0","0%","NOT_IN_GSC_3M","3","808","0.37%","31.8","","LOW","","","NEEDS_OWNER_REVIEW","","UNKNOWN_NEEDS_APPROVAL","","","NORMAL","NEEDS_MAPPING","","","","Article,BreadcrumbList","author,reviewer,last-updated","Needs disclaimer","","","","","","READY_FOR_REVIEW","YES","NO_GSC_3M;NEEDS_BACKLINK_TOOL","agent-2026-05-13","2026-05-13",""
"461","wp-rest+gsc-api+old-inventory","8573","articles","publish","https://jus-tice.co.il/35557-01-22","%d7%92%d7%96%d7%93-%d7%9c%d7%9e%d7%95%d7%a8%d7%a9%d7%a2-%d7%91%d7%a2%d7%91%d7%99%d7%a8%d7%95%d7%aa-%d7%a9%d7%9c-%d7%97%d7%91%d7%9c%d7%94-%d7%97%d7%9e%d7%95%d7%a8%d7%94-%d7%91%d7%a0%d7%a1%d7%99%d7%91","??&#8221;? ?????? ??????? ?? ???? ????? ??????? ??????? ???? ?? ?????, ??????, ?????? ????? ???? (?&#8221;? 35557-01-22)","??&#8221;? ?????? ??????? ?? ???? ????? ??????? ??????? ???? ?? ?????, ??????, ?????? ????? ???? (?&#8221;? 35557-01-22)","","","","https://jus-tice.co.il/35557-01-22","UNKNOWN_NEEDS_RAR_EXTRACTION_OR_WP_REST_EXPORT","YES","YES","4390","","","","","NEEDS_WP_REST_PULL","NEEDS_WP_REST_PULL","282","NEEDS_ASSIGNMENT","2023-02-15","2023-02-15","2023-02-15","2023-02-15","","","????? ???? ??? ??????","criminal-law","","","","","","","","0","0","0%","NOT_IN_GSC_3M","25","2286","1.09%","26.7","","MEDIUM","","","NEEDS_OWNER_REVIEW","","UNKNOWN_NEEDS_APPROVAL","","","HIGH","NEEDS_MAPPING","","","","Article,BreadcrumbList","author,reviewer,last-updated","Needs disclaimer","","","","","","READY_FOR_REVIEW","YES","NO_GSC_3M;NEEDS_BACKLINK_TOOL","agent-2026-05-13","2026-05-13",""
"466","wp-rest+gsc-api+old-inventory","9721","articles","publish","https://jus-tice.co.il/39514-09-19","%d7%a4%d7%a1%d7%93-%d7%a2%d7%95%d7%a0%d7%a9-%d7%91%d7%a2%d7%91%d7%99%d7%a8%d7%95%d7%aa-%d7%a9%d7%9c-%d7%9e%d7%a2%d7%a9%d7%94-%d7%9e%d7%92%d7%95%d7%a0%d7%94-%d7%9e%d7%a2%d7%a9%d7%94-%d7%9e%d7%92","??&#8221;? ???? ??????? ?? ???? ?????, ???? ????? ??????? ????? ??????? ???? ???? (??&#8221;? 39514-09-19)","??&#8221;? ???? ??????? ?? ???? ?????, ???? ????? ??????? ????? ??????? ???? ???? (??&#8221;? 39514-09-19)","","","","https://jus-tice.co.il/39514-09-19","UNKNOWN_NEEDS_RAR_EXTRACTION_OR_WP_REST_EXPORT","YES","YES","4273","","","","","NEEDS_WP_REST_PULL","NEEDS_WP_REST_PULL","282","NEEDS_ASSIGNMENT","2023-08-02","2023-08-02","2023-08-02","2023-08-02","","","????? ???? ??? ??????","criminal-law","","","","","","","","0","19","0.00%","26.2","21","1062","1.98%","53.6","???? ???? ??????? ?????","MEDIUM","","","NEEDS_OWNER_REVIEW","","UNKNOWN_NEEDS_APPROVAL","","","HIGH","NEEDS_MAPPING","","","","Article,BreadcrumbList","author,reviewer,last-updated","Needs disclaimer","","","","","","READY_FOR_REVIEW","YES","NEEDS_BACKLINK_TOOL","agent-2026-05-13","2026-05-13",""
"476","wp-rest+gsc-api+old-inventory","8742","articles","publish","https://jus-tice.co.il/52923-11-20","%d7%92%d7%96%d7%93-%d7%9c%d7%a0%d7%90%d7%a9%d7%9d-%d7%91%d7%a2%d7%91%d7%99%d7%a8%d7%95%d7%aa-%d7%9e%d7%99%d7%9f-%d7%91%d7%a8%d7%a9%d7%aa-%d7%aa%d7%a4%d7%97-52923-11-20","??&#8221;? ????? ??????? ??? ???? (??&#8221;? 52923-11-20)","??&#8221;? ????? ??????? ??? ???? (??&#8221;? 52923-11-20)","","","","https://jus-tice.co.il/52923-11-20","UNKNOWN_NEEDS_RAR_EXTRACTION_OR_WP_REST_EXPORT","YES","YES","3068","","","","","NEEDS_WP_REST_PULL","NEEDS_WP_REST_PULL","282","NEEDS_ASSIGNMENT","2023-03-09","2023-03-09","2023-03-09","2023-03-09","","","???? ?????","criminal-law","","","","","","","","0","0","0%","NOT_IN_GSC_3M","22","847","2.60%","35.4","","MEDIUM","","","NEEDS_OWNER_REVIEW","","UNKNOWN_NEEDS_APPROVAL","","","HIGH","NEEDS_MAPPING","","","","Article,BreadcrumbList","author,reviewer,last-updated","Needs disclaimer","","","","","","READY_FOR_REVIEW","YES","NO_GSC_3M;NEEDS_BACKLINK_TOOL","agent-2026-05-13","2026-05-13",""
"477","wp-rest+gsc-api+old-inventory","7699","articles","publish","https://jus-tice.co.il/53431-10-21","%d7%a2%d7%95%d7%a0%d7%a9-%d7%a4%d7%9c%d7%99%d7%9c%d7%99-%d7%99%d7%95%d7%a6%d7%a8-%d7%a2%d7%a8%d7%95%d7%a5-%d7%94%d7%98%d7%9c%d7%92%d7%a8%d7%9d-%d7%aa%d7%95%d7%a6%d7%a8%d7%aa-%d7%9b%d7%97%d7%95%d7%9c","???? ????? ???? ???? ?????? &#8220;????? ???? ???&#8221; ???? ????? ?????? ?? ????? ????? ???????? ?????? ??????? (?&#8221;? 53431-10-21)","???? ????? ???? ???? ?????? &#8220;????? ???? ???&#8221; ???? ????? ?????? ?? ????? ????? ???????? ?????? ??????? (?&#8221;? 53431-10-21)","","","","https://jus-tice.co.il/53431-10-21","UNKNOWN_NEEDS_RAR_EXTRACTION_OR_WP_REST_EXPORT","YES","YES","7775","","","","","NEEDS_WP_REST_PULL","NEEDS_WP_REST_PULL","282","NEEDS_ASSIGNMENT","2022-09-07","2022-09-07","2022-09-07","2022-09-07","","","???? ??? ????? ???? ??? 2022","criminal-law","","","","","","","","0","0","0%","NOT_IN_GSC_3M","73","10108","0.72%","13.0","","MEDIUM","","","NEEDS_OWNER_REVIEW","","UNKNOWN_NEEDS_APPROVAL","","","HIGH","NEEDS_MAPPING","","","","Article,BreadcrumbList","author,reviewer,last-updated","Needs disclaimer","","","","","","READY_FOR_REVIEW","YES","NO_GSC_3M;NEEDS_BACKLINK_TOOL","agent-2026-05-13","2026-05-13",""
"479","wp-rest+gsc-api+old-inventory","8596","articles","publish","https://jus-tice.co.il/54044-04-22cancel-criminal-proceedings","%d7%91%d7%99%d7%98%d7%95%d7%9c-%d7%9b%d7%aa%d7%91-%d7%90%d7%99%d7%a9%d7%95%d7%9d-%d7%9e%d7%97%d7%9e%d7%aa-%d7%94%d7%92%d7%a0%d7%94-%d7%9e%d7%9f-%d7%94%d7%a6%d7%93%d7%a7-%d7%aa%d7%a7%d7%97-54044-04","????? ??? ????? ???? ???? ?? ???? ( ??&#8221;? 54044-04-22)","????? ??? ????? ???? ???? ?? ???? ( ??&#8221;? 54044-04-22)","","","","https://jus-tice.co.il/54044-04-22cancel-criminal-proceedings","UNKNOWN_NEEDS_RAR_EXTRACTION_OR_WP_REST_EXPORT","YES","YES","1216","","","","","NEEDS_WP_REST_PULL","NEEDS_WP_REST_PULL","282","NEEDS_ASSIGNMENT","2023-02-16","2023-02-16","2023-02-16","2023-02-16","","","???? ?????","criminal-law","","","","","","","","0","0","0%","NOT_IN_GSC_3M","5","1642","0.30%","49.5","","LOW","","","NEEDS_OWNER_REVIEW","","UNKNOWN_NEEDS_APPROVAL","","","NORMAL","NEEDS_MAPPING","","","","Article,BreadcrumbList","author,reviewer,last-updated","Needs disclaimer","","","","","","READY_FOR_REVIEW","YES","NO_GSC_3M;NEEDS_BACKLINK_TOOL","agent-2026-05-13","2026-05-13",""
"489","wp-rest+gsc-api+old-inventory","8774","articles","publish","https://jus-tice.co.il/74657-12-20","%d7%92%d7%96%d7%a8-%d7%93%d7%99%d7%9f-%d7%9c%d7%a0%d7%90%d7%a9%d7%9d-%d7%91%d7%a8%d7%a6%d7%97-%d7%90%d7%99%d7%9e%d7%95-%d7%aa%d7%a4%d7%97-74657-12-20","??? ??? ????? ???? ???? (??&#8221;? 74657-12-20)","??? ??? ????? ???? ???? (??&#8221;? 74657-12-20)","","","","https://jus-tice.co.il/74657-12-20","UNKNOWN_NEEDS_RAR_EXTRACTION_OR_WP_REST_EXPORT","YES","YES","616","","","","","NEEDS_WP_REST_PULL","NEEDS_WP_REST_PULL","282","NEEDS_ASSIGNMENT","2023-03-13","2023-03-13","2023-03-13","2023-03-13","","","???? ?????","criminal-law","","","","","","","","0","26","0.00%","19.5","15","753","1.99%","29.4","????? ??? ?????","LOW","","","NEEDS_OWNER_REVIEW","","UNKNOWN_NEEDS_APPROVAL","","","NORMAL","NEEDS_MAPPING","","","","Article,BreadcrumbList","author,reviewer,last-updated","Needs disclaimer","","","","","","READY_FOR_REVIEW","YES","NEEDS_BACKLINK_TOOL","agent-2026-05-13","2026-05-13",""
"512","wp-rest+gsc-api+old-inventory","5991","articles","publish","https://jus-tice.co.il/application-for-extension-of-detention-form","%d7%98%d7%95%d7%a4%d7%a1-%d7%91%d7%a7%d7%a9%d7%94-%d7%9c%d7%94%d7%90%d7%a8%d7%9b%d7%aa-%d7%9e%d7%a2%d7%a6%d7%a8","???? ???? ?????? ????","???? ???? ?????? ????","","","","https://jus-tice.co.il/application-for-extension-of-detention-form","UNKNOWN_NEEDS_RAR_EXTRACTION_OR_WP_REST_EXPORT","YES","YES","653","","","","","NEEDS_WP_REST_PULL","NEEDS_WP_REST_PULL","282","NEEDS_ASSIGNMENT","2021-08-14","2021-08-14","2021-08-14","2021-08-14","","","???? ?????","criminal-law","","","","","","","","0","0","0%","NOT_IN_GSC_3M","4","1212","0.33%","46.7","","LOW","","","NEEDS_OWNER_REVIEW","","UNKNOWN_NEEDS_APPROVAL","","","NORMAL","NEEDS_MAPPING","","","","Article,BreadcrumbList","author,reviewer,last-updated","Needs disclaimer","","","","","","READY_FOR_REVIEW","YES","NO_GSC_3M;NEEDS_BACKLINK_TOOL","agent-2026-05-13","2026-05-13",""
"513","wp-rest+gsc-api+old-inventory","3095","articles","publish","https://jus-tice.co.il/apply-for-police-criminal-information-certificates","%d7%91%d7%a7%d7%a9%d7%94-%d7%9c%d7%aa%d7%a2%d7%95%d7%93%d7%aa-%d7%9e%d7%99%d7%93%d7%a2-%d7%a4%d7%9c%d7%99%d7%9c%d7%99","???? ???? ?????? ???? ????? | ????? ???? | ????? ???? ?????","???? ???? ?????? ???? ????? | ????? ???? | ????? ???? ?????","","","","https://jus-tice.co.il/apply-for-police-criminal-information-certificates","UNKNOWN_NEEDS_RAR_EXTRACTION_OR_WP_REST_EXPORT","YES","YES","1223","","","","","NEEDS_WP_REST_PULL","NEEDS_WP_REST_PULL","282","NEEDS_ASSIGNMENT","2021-03-25","2021-03-25","2021-03-25","2021-03-25","","","???? ?????","criminal-law","","","","","","","","0","0","0%","NOT_IN_GSC_3M","187","38238","0.49%","21.1","","HIGH","","","DO_NOT_TOUCH_HIGH_TRAFFIC_URL","High traffic URL - protect","UNKNOWN_NEEDS_APPROVAL","","","CRITICAL","NEEDS_MAPPING","","","","Article,BreadcrumbList","author,reviewer,last-updated","Needs disclaimer","","","","","","DO_NOT_TOUCH","YES","NO_GSC_3M;NEEDS_BACKLINK_TOOL","agent-2026-05-13","2026-05-13",""
"532","wp-rest+gsc-api+old-inventory","6853","articles","publish","https://jus-tice.co.il/articles/%D7%91%D7%A7%D7%A9%D7%94-%D7%9C%D7%94%D7%A2%D7%AA%D7%A7%D7%AA-%D7%97%D7%95%D7%9E%D7%A8%D7%99-%D7%97%D7%A7%D7%99%D7%A8%D7%94-%D7%95%D7%9E%D7%A1%D7%9E%D7%9B%D7%99%D7%9D-%D7%91%D7%94%D7%9C%D7%99%D7%9B","%d7%91%d7%a7%d7%a9%d7%94-%d7%9c%d7%94%d7%a2%d7%aa%d7%a7%d7%aa-%d7%97%d7%95%d7%9e%d7%a8%d7%99-%d7%97%d7%a7%d7%99%d7%a8%d7%94-%d7%95%d7%9e%d7%a1%d7%9e%d7%9b%d7%99%d7%9d-%d7%91%d7%94%d7%9c%d7%99%d7%9b","???? ?????? ????? ????? ??????? ??????? ???????? ????????? ??????","???? ?????? ????? ????? ??????? ??????? ???????? ????????? ??????","","","","https://jus-tice.co.il/articles/%D7%91%D7%A7%D7%A9%D7%94-%D7%9C%D7%94%D7%A2%D7%AA%D7%A7%D7%AA-%D7%97%D7%95%D7%9E%D7%A8%D7%99-%D7%97%D7%A7%D7%99%D7%A8%D7%94-%D7%95%D7%9E%D7%A1%D7%9E%D7%9B%D7%99%D7%9D-%D7%91%D7%94%D7%9C%D7%99%D7%9B","UNKNOWN_NEEDS_RAR_EXTRACTION_OR_WP_REST_EXPORT","YES","YES","UNKNOWN","","","","","NEEDS_WP_REST_PULL","NEEDS_WP_REST_PULL","282","NEEDS_ASSIGNMENT","2022-03-08","2022-03-08","2022-03-08","2022-03-08","","","???? ?????","criminal-law","","","","","","","","0","0","0%","NOT_IN_GSC_3M","26","3544","0.73%","14.5","","MEDIUM","","","NEEDS_OWNER_REVIEW","","UNKNOWN_NEEDS_APPROVAL","","","HIGH","NEEDS_MAPPING","","","","Article,BreadcrumbList","author,reviewer,last-updated","Needs disclaimer","","","","","","READY_FOR_REVIEW","YES","NO_GSC_3M;NEEDS_BACKLINK_TOOL","agent-2026-05-13","2026-05-13",""
"533","wp-rest+gsc-api+old-inventory","7033","articles","publish","https://jus-tice.co.il/articles/%D7%92%D7%96%D7%A8-%D7%93%D7%99%D7%9F-%D7%9C%D7%9E%D7%95%D7%A8%D7%A9%D7%A2-%D7%91%D7%A2%D7%91%D7%99%D7%A8%D7%95%D7%AA-%D7%90%D7%99%D7%95%D7%9E%D7%99%D7%9D-%D7%9B%D7%9C%D7%A4%D7%99-%D7%92%D7%A8%D7%95","%d7%92%d7%96%d7%a8-%d7%93%d7%99%d7%9f-%d7%9c%d7%9e%d7%95%d7%a8%d7%a9%d7%a2-%d7%91%d7%a2%d7%91%d7%99%d7%a8%d7%95%d7%aa-%d7%90%d7%99%d7%95%d7%9e%d7%99%d7%9d-%d7%9b%d7%9c%d7%a4%d7%99-%d7%92%d7%a8%d7%95","???-??? ?????? ??????? ?????? ???? ?????? (?&#8221;? 11078-11-21)","???-??? ?????? ??????? ?????? ???? ?????? (?&#8221;? 11078-11-21)","","","","https://jus-tice.co.il/articles/%D7%92%D7%96%D7%A8-%D7%93%D7%99%D7%9F-%D7%9C%D7%9E%D7%95%D7%A8%D7%A9%D7%A2-%D7%91%D7%A2%D7%91%D7%99%D7%A8%D7%95%D7%AA-%D7%90%D7%99%D7%95%D7%9E%D7%99%D7%9D-%D7%9B%D7%9C%D7%A4%D7%99-%D7%92%D7%A8%D7%95","UNKNOWN_NEEDS_RAR_EXTRACTION_OR_WP_REST_EXPORT","YES","YES","UNKNOWN","","","","","NEEDS_WP_REST_PULL","NEEDS_WP_REST_PULL","282","NEEDS_ASSIGNMENT","2022-05-08","2022-05-08","2022-05-08","2022-05-08","","","????? ???? ??? ??????","criminal-law","","","","","","","","0","0","0%","NOT_IN_GSC_3M","4","2721","0.15%","72.4","","MEDIUM","","","NEEDS_OWNER_REVIEW","","UNKNOWN_NEEDS_APPROVAL","","","HIGH","NEEDS_MAPPING","","","","Article,BreadcrumbList","author,reviewer,last-updated","Needs disclaimer","","","","","","READY_FOR_REVIEW","YES","NO_GSC_3M;NEEDS_BACKLINK_TOOL","agent-2026-05-13","2026-05-13",""
"538","wp-rest+gsc-api+old-inventory","11389","articles","publish","https://jus-tice.co.il/articles/%D7%93%D7%99%D7%95%D7%95%D7%99%D7%93-%D7%A6%D7%A1%D7%A0%D7%95%D7%A3-%D7%A2%D7%95%D7%A8%D7%9A-%D7%93%D7%99%D7%9F-david-chesnoff","%d7%93%d7%99%d7%95%d7%95%d7%99%d7%93-%d7%a6%d7%a1%d7%a0%d7%95%d7%a3-%d7%a2%d7%95%d7%a8%d7%9a-%d7%93%d7%99%d7%9f-david-chesnoff","?????? ?'???? (???? ???) |  David Chesnoff","?????? ?'???? (???? ???) |  David Chesnoff","","","","https://jus-tice.co.il/articles/%D7%93%D7%99%D7%95%D7%95%D7%99%D7%93-%D7%A6%D7%A1%D7%A0%D7%95%D7%A3-%D7%A2%D7%95%D7%A8%D7%9A-%D7%93%D7%99%D7%9F-david-chesnoff","UNKNOWN_NEEDS_RAR_EXTRACTION_OR_WP_REST_EXPORT","YES","YES","UNKNOWN","","","","","NEEDS_WP_REST_PULL","NEEDS_WP_REST_PULL","282","NEEDS_ASSIGNMENT","2024-07-24","2024-07-24","2024-07-24","2024-07-24","","","???? ?????","criminal-law","","","","","","","","0","0","0%","NOT_IN_GSC_3M","70","309","22.65%","10.8","","MEDIUM","","","NEEDS_OWNER_REVIEW","","UNKNOWN_NEEDS_APPROVAL","","","HIGH","NEEDS_MAPPING","","","","Article,BreadcrumbList","author,reviewer,last-updated","Needs disclaimer","","","","","","READY_FOR_REVIEW","YES","NO_GSC_3M;NEEDS_BACKLINK_TOOL","agent-2026-05-13","2026-05-13",""
"540","wp-rest+gsc-api+old-inventory","6889","articles","publish","https://jus-tice.co.il/articles/%D7%93%D7%A0%D7%A4-5387-20-%D7%A8%D7%A4%D7%99-%D7%A8%D7%95%D7%AA%D7%9D-%D7%A0-%D7%9E%D7%93%D7%99%D7%A0%D7%AA-%D7%99%D7%A9%D7%A8%D7%90%D7%9C","%d7%93%d7%a0%d7%a4-5387-20-%d7%a8%d7%a4%d7%99-%d7%a8%d7%95%d7%aa%d7%9d-%d7%a0-%d7%9e%d7%93%d7%99%d7%a0%d7%aa-%d7%99%d7%a9%d7%a8%d7%90%d7%9c","??? 5387/20 ??? ???? ?' ????? ?????","??? 5387/20 ??? ???? ?' ????? ?????","","","","https://jus-tice.co.il/articles/%D7%93%D7%A0%D7%A4-5387-20-%D7%A8%D7%A4%D7%99-%D7%A8%D7%95%D7%AA%D7%9D-%D7%A0-%D7%9E%D7%93%D7%99%D7%A0%D7%AA-%D7%99%D7%A9%D7%A8%D7%90%D7%9C","UNKNOWN_NEEDS_RAR_EXTRACTION_OR_WP_REST_EXPORT","YES","YES","UNKNOWN","","","","","NEEDS_WP_REST_PULL","NEEDS_WP_REST_PULL","282","NEEDS_ASSIGNMENT","2022-03-13","2022-03-13","2022-03-13","2022-03-13","","","????? ???? ??? ??????","criminal-law","","","","","","","","1","141","0.71%","14.5","13","1197","1.09%","20.6","???? ????? ???? | ??? ????? ???? | ??? ???? | ??? ??? | ??? ????? ??????","LOW","","","NEEDS_OWNER_REVIEW","","UNKNOWN_NEEDS_APPROVAL","","","NORMAL","NEEDS_MAPPING","","","","Article,BreadcrumbList","author,reviewer,last-updated","Needs disclaimer","","","","","","READY_FOR_REVIEW","YES","NEEDS_BACKLINK_TOOL","agent-2026-05-13","2026-05-13",""
"548","wp-rest+gsc-api+old-inventory","7031","articles","publish","https://jus-tice.co.il/articles/%D7%94%D7%99%D7%A7%D7%A3-%D7%97%D7%95%D7%9E%D7%A8-%D7%94%D7%97%D7%A7%D7%99%D7%A8%D7%94-%D7%A9%D7%99%D7%A9-%D7%9C%D7%9E%D7%A1%D7%95%D7%A8-%D7%9C%D7%A2%D7%99%D7%95%D7%9F-%D7%94%D7%AA%D7%95%D7%91%D7%A2","%d7%94%d7%99%d7%a7%d7%a3-%d7%97%d7%95%d7%9e%d7%a8-%d7%94%d7%97%d7%a7%d7%99%d7%a8%d7%94-%d7%a9%d7%99%d7%a9-%d7%9c%d7%9e%d7%a1%d7%95%d7%a8-%d7%9c%d7%a2%d7%99%d7%95%d7%9f-%d7%94%d7%aa%d7%95%d7%91%d7%a2","???? ???? ?????? ??? ????? ????? ????? ?????? ????? ??? ???? ???? ???? ?????? ??????? ?????? (?&#8221;? 48441-01-15)","???? ???? ?????? ??? ????? ????? ????? ?????? ????? ??? ???? ???? ???? ?????? ??????? ?????? (?&#8221;? 48441-01-15)","","","","https://jus-tice.co.il/articles/%D7%94%D7%99%D7%A7%D7%A3-%D7%97%D7%95%D7%9E%D7%A8-%D7%94%D7%97%D7%A7%D7%99%D7%A8%D7%94-%D7%A9%D7%99%D7%A9-%D7%9C%D7%9E%D7%A1%D7%95%D7%A8-%D7%9C%D7%A2%D7%99%D7%95%D7%9F-%D7%94%D7%AA%D7%95%D7%91%D7%A2","UNKNOWN_NEEDS_RAR_EXTRACTION_OR_WP_REST_EXPORT","YES","YES","UNKNOWN","","","","","NEEDS_WP_REST_PULL","NEEDS_WP_REST_PULL","282","NEEDS_ASSIGNMENT","2022-05-08","2022-05-08","2022-05-08","2022-05-08","","","????? ???? ??? ??????","criminal-law","","","","","","","","0","0","0%","NOT_IN_GSC_3M","12","600","2.00%","10.9","","LOW","","","NEEDS_OWNER_REVIEW","","UNKNOWN_NEEDS_APPROVAL","","","NORMAL","NEEDS_MAPPING","","","","Article,BreadcrumbList","author,reviewer,last-updated","Needs disclaimer","","","","","","READY_FOR_REVIEW","YES","NO_GSC_3M;NEEDS_BACKLINK_TOOL","agent-2026-05-13","2026-05-13",""
"552","wp-rest+gsc-api+old-inventory","5550","articles","publish","https://jus-tice.co.il/articles/%D7%94%D7%9E%D7%9C%D7%A6%D7%95%D7%AA-%D7%A6%D7%95%D7%95%D7%AA-%D7%94%D7%92%D7%99%D7%A9%D7%95%D7%A8-%D7%94%D7%A4%D7%9C%D7%99%D7%9C%D7%99-%D7%93%D7%95%D7%97-%D7%9E%D7%A1%D7%9B%D7%9D","%d7%94%d7%9e%d7%9c%d7%a6%d7%95%d7%aa-%d7%a6%d7%95%d7%95%d7%aa-%d7%94%d7%92%d7%99%d7%a9%d7%95%d7%a8-%d7%94%d7%a4%d7%9c%d7%99%d7%9c%d7%99-%d7%93%d7%95%d7%97-%d7%9e%d7%a1%d7%9b%d7%9d","?????? ???? ?????? ?????? -??&#8221;? ????","?????? ???? ?????? ?????? -??&#8221;? ????","","","","https://jus-tice.co.il/articles/%D7%94%D7%9E%D7%9C%D7%A6%D7%95%D7%AA-%D7%A6%D7%95%D7%95%D7%AA-%D7%94%D7%92%D7%99%D7%A9%D7%95%D7%A8-%D7%94%D7%A4%D7%9C%D7%99%D7%9C%D7%99-%D7%93%D7%95%D7%97-%D7%9E%D7%A1%D7%9B%D7%9D","UNKNOWN_NEEDS_RAR_EXTRACTION_OR_WP_REST_EXPORT","YES","YES","UNKNOWN","","","","","NEEDS_WP_REST_PULL","NEEDS_WP_REST_PULL","282","NEEDS_ASSIGNMENT","2021-07-04","2024-02-25","2021-07-04","2024-02-25","","","???? ?????","criminal-law","","","","","","","","0","0","0%","NOT_IN_GSC_3M","5","1135","0.44%","28.7","","LOW","","","NEEDS_OWNER_REVIEW","","UNKNOWN_NEEDS_APPROVAL","","","NORMAL","NEEDS_MAPPING","","","","Article,BreadcrumbList","author,reviewer,last-updated","Needs disclaimer","","","","","","READY_FOR_REVIEW","YES","NO_GSC_3M;NEEDS_BACKLINK_TOOL","agent-2026-05-13","2026-05-13",""
"556","wp-rest+gsc-api+old-inventory","6888","articles","publish","https://jus-tice.co.il/articles/%D7%94%D7%A2%D7%A8%D7%95%D7%AA-%D7%94%D7%A1%D7%A0%D7%99%D7%92%D7%95%D7%A8%D7%99%D7%94-%D7%94%D7%A6%D7%99%D7%91%D7%95%D7%A8%D7%99%D7%AA-%D7%9C%D7%AA%D7%96%D7%9B%D7%99%D7%A8-%D7%97%D7%95%D7%A7-%D7%99","%d7%94%d7%a2%d7%a8%d7%95%d7%aa-%d7%94%d7%a1%d7%a0%d7%99%d7%92%d7%95%d7%a8%d7%99%d7%94-%d7%94%d7%a6%d7%99%d7%91%d7%95%d7%a8%d7%99%d7%aa-%d7%9c%d7%aa%d7%96%d7%9b%d7%99%d7%a8-%d7%97%d7%95%d7%a7-%d7%99","????? ????????? ???????? ?????? ???-????: ?????? ?????? ?????? ?????","????? ????????? ???????? ?????? ???-????: ?????? ?????? ?????? ?????","","","","https://jus-tice.co.il/articles/%D7%94%D7%A2%D7%A8%D7%95%D7%AA-%D7%94%D7%A1%D7%A0%D7%99%D7%92%D7%95%D7%A8%D7%99%D7%94-%D7%94%D7%A6%D7%99%D7%91%D7%95%D7%A8%D7%99%D7%AA-%D7%9C%D7%AA%D7%96%D7%9B%D7%99%D7%A8-%D7%97%D7%95%D7%A7-%D7%99","UNKNOWN_NEEDS_RAR_EXTRACTION_OR_WP_REST_EXPORT","YES","YES","UNKNOWN","","","","","NEEDS_WP_REST_PULL","NEEDS_WP_REST_PULL","282","NEEDS_ASSIGNMENT","2022-03-13","2022-03-13","2022-03-13","2022-03-13","","","????? ???? ??? ??????","criminal-law","","","","","","","","0","135","0.00%","14.4","5","1004","0.50%","29.5","????? ???????? | ?? ??????? ??? ?????? ??????","LOW","","","NEEDS_OWNER_REVIEW","","UNKNOWN_NEEDS_APPROVAL","","","NORMAL","NEEDS_MAPPING","","","","Article,BreadcrumbList","author,reviewer,last-updated","Needs disclaimer","","","","","","READY_FOR_REVIEW","YES","NEEDS_BACKLINK_TOOL","agent-2026-05-13","2026-05-13",""
"558","wp-rest+gsc-api+old-inventory","7822","articles","publish","https://jus-tice.co.il/articles/%D7%94%D7%A6%D7%A2%D7%AA-%D7%AA%D7%99%D7%A7%D7%95%D7%9F-%D7%97%D7%95%D7%A7-%D7%97%D7%99%D7%A4%D7%95%D7%A9-%D7%91%D7%9E%D7%A7%D7%95%D7%9D-%D7%9C%D7%9C%D7%90-%D7%A6%D7%95-%D7%91%D7%99%D7%AA-%D7%9E","%d7%94%d7%a6%d7%a2%d7%aa-%d7%aa%d7%99%d7%a7%d7%95%d7%9f-%d7%97%d7%95%d7%a7-%d7%97%d7%99%d7%a4%d7%95%d7%a9-%d7%91%d7%9e%d7%a7%d7%95%d7%9d-%d7%9c%d7%9c%d7%90-%d7%a6%d7%95-%d7%91%d7%99%d7%aa-%d7%9e","???? ????? ???: ????? ????? ??? ?? ??? ????","???? ????? ???: ????? ????? ??? ?? ??? ????","","","","https://jus-tice.co.il/articles/%D7%94%D7%A6%D7%A2%D7%AA-%D7%AA%D7%99%D7%A7%D7%95%D7%9F-%D7%97%D7%95%D7%A7-%D7%97%D7%99%D7%A4%D7%95%D7%A9-%D7%91%D7%9E%D7%A7%D7%95%D7%9D-%D7%9C%D7%9C%D7%90-%D7%A6%D7%95-%D7%91%D7%99%D7%AA-%D7%9E","UNKNOWN_NEEDS_RAR_EXTRACTION_OR_WP_REST_EXPORT","YES","YES","UNKNOWN","","","","","NEEDS_WP_REST_PULL","NEEDS_WP_REST_PULL","282","NEEDS_ASSIGNMENT","2022-10-03","2022-10-03","2022-10-03","2022-10-03","","","???? ?????","criminal-law","","","","","","","","0","37","0.00%","29.3","0","1014","0.00%","49.0","?? ????? ???? ????? | ????? ???? ??? ?? | ??""?","LOW","??""?","1 competing queries","NEEDS_OWNER_REVIEW","","UNKNOWN_NEEDS_APPROVAL","","","NORMAL","NEEDS_MAPPING","","","","Article,BreadcrumbList","author,reviewer,last-updated","Needs disclaimer","","","","","","READY_FOR_REVIEW","YES","NEEDS_BACKLINK_TOOL","agent-2026-05-13","2026-05-13",""
"563","wp-rest+gsc-api+old-inventory","7384","articles","publish","https://jus-tice.co.il/articles/%D7%96%D7%99%D7%9B%D7%95%D7%99-%D7%A0%D7%90%D7%A9%D7%9D-%D7%91%D7%AA%D7%A7%D7%99%D7%A4%D7%AA-%D7%91%D7%AA-%D7%96%D7%95%D7%92-%D7%9E%D7%97%D7%9E%D7%AA-%D7%94%D7%A1%D7%A4%D7%A7-%D7%A9%D7%95%D7%A4","%d7%96%d7%99%d7%9b%d7%95%d7%99-%d7%a0%d7%90%d7%a9%d7%9d-%d7%91%d7%aa%d7%a7%d7%99%d7%a4%d7%aa-%d7%91%d7%aa-%d7%96%d7%95%d7%92-%d7%9e%d7%97%d7%9e%d7%aa-%d7%94%d7%a1%d7%a4%d7%a7-%d7%a9%d7%95%d7%a4","????? ???? ?????? ?? ??? ???? ???? | ???? ??? ??? ?&#8221;?36253-05-20","????? ???? ?????? ?? ??? ???? ???? | ???? ??? ??? ?&#8221;?36253-05-20","","","","https://jus-tice.co.il/articles/%D7%96%D7%99%D7%9B%D7%95%D7%99-%D7%A0%D7%90%D7%A9%D7%9D-%D7%91%D7%AA%D7%A7%D7%99%D7%A4%D7%AA-%D7%91%D7%AA-%D7%96%D7%95%D7%92-%D7%9E%D7%97%D7%9E%D7%AA-%D7%94%D7%A1%D7%A4%D7%A7-%D7%A9%D7%95%D7%A4","UNKNOWN_NEEDS_RAR_EXTRACTION_OR_WP_REST_EXPORT","YES","YES","UNKNOWN","","","","","NEEDS_WP_REST_PULL","NEEDS_WP_REST_PULL","282","NEEDS_ASSIGNMENT","2022-06-09","2022-06-09","2022-06-09","2022-06-09","","","???? ??? ????? ???? ??? 2022","criminal-law","","","","","","","","0","0","0%","NOT_IN_GSC_3M","7","262","2.67%","14.4","","LOW","","","NEEDS_OWNER_REVIEW","","UNKNOWN_NEEDS_APPROVAL","","","NORMAL","NEEDS_MAPPING","","","","Article,BreadcrumbList","author,reviewer,last-updated","Needs disclaimer","","","","","","READY_FOR_REVIEW","YES","NO_GSC_3M;NEEDS_BACKLINK_TOOL","agent-2026-05-13","2026-05-13",""
"574","wp-rest+gsc-api+old-inventory","7719","articles","publish","https://jus-tice.co.il/articles/%D7%99%D7%AA%D7%A8%D7%95%D7%A0%D7%95%D7%AA-%D7%94%D7%A2%D7%A1%D7%A7%D7%AA-%D7%A2%D7%95%D7%A8%D7%9A-%D7%93%D7%99%D7%9F-%D7%A4%D7%9C%D7%99%D7%9C%D7%99","%d7%99%d7%aa%d7%a8%d7%95%d7%a0%d7%95%d7%aa-%d7%94%d7%a2%d7%a1%d7%a7%d7%aa-%d7%a2%d7%95%d7%a8%d7%9a-%d7%93%d7%99%d7%9f-%d7%a4%d7%9c%d7%99%d7%9c%d7%99","??????? ????? ???? ??? ?????","??????? ????? ???? ??? ?????","","","","https://jus-tice.co.il/articles/%D7%99%D7%AA%D7%A8%D7%95%D7%A0%D7%95%D7%AA-%D7%94%D7%A2%D7%A1%D7%A7%D7%AA-%D7%A2%D7%95%D7%A8%D7%9A-%D7%93%D7%99%D7%9F-%D7%A4%D7%9C%D7%99%D7%9C%D7%99","UNKNOWN_NEEDS_RAR_EXTRACTION_OR_WP_REST_EXPORT","YES","YES","UNKNOWN","","","","","NEEDS_WP_REST_PULL","NEEDS_WP_REST_PULL","282","NEEDS_ASSIGNMENT","2022-09-14","2022-09-14","2022-09-14","2022-09-14","","","???? ?????","criminal-law","","","","","","","","0","5","0.00%","7.6","0","199","0.00%","53.1","","LOW","","","NEEDS_OWNER_REVIEW","","UNKNOWN_NEEDS_APPROVAL","","","NORMAL","NEEDS_MAPPING","","","","Article,BreadcrumbList","author,reviewer,last-updated","Needs disclaimer","","","","","","READY_FOR_REVIEW","YES","NEEDS_BACKLINK_TOOL","agent-2026-05-13","2026-05-13",""
"581","wp-rest+gsc-api+old-inventory","6884","articles","publish","https://jus-tice.co.il/articles/%D7%9E%D7%97%D7%99%D7%A7%D7%AA-%D7%9B%D7%AA%D7%91-%D7%90%D7%99%D7%A9%D7%95%D7%9D-%D7%97%D7%96%D7%A8%D7%94-%D7%9E%D7%9B%D7%AA%D7%91-%D7%90%D7%99%D7%A9%D7%95%D7%9D-%D7%91%D7%99%D7%98%D7%95%D7%9C","%d7%9e%d7%97%d7%99%d7%a7%d7%aa-%d7%9b%d7%aa%d7%91-%d7%90%d7%99%d7%a9%d7%95%d7%9d-%d7%97%d7%96%d7%a8%d7%94-%d7%9e%d7%9b%d7%aa%d7%91-%d7%90%d7%99%d7%a9%d7%95%d7%9d-%d7%91%d7%99%d7%98%d7%95%d7%9c","????? ??? ????? | ???? ???? ????? | ????? ??? ?????","????? ??? ????? | ???? ???? ????? | ????? ??? ?????","","","","https://jus-tice.co.il/articles/%D7%9E%D7%97%D7%99%D7%A7%D7%AA-%D7%9B%D7%AA%D7%91-%D7%90%D7%99%D7%A9%D7%95%D7%9D-%D7%97%D7%96%D7%A8%D7%94-%D7%9E%D7%9B%D7%AA%D7%91-%D7%90%D7%99%D7%A9%D7%95%D7%9D-%D7%91%D7%99%D7%98%D7%95%D7%9C","UNKNOWN_NEEDS_RAR_EXTRACTION_OR_WP_REST_EXPORT","YES","YES","UNKNOWN","","","","","NEEDS_WP_REST_PULL","NEEDS_WP_REST_PULL","282","NEEDS_ASSIGNMENT","2022-03-12","2022-03-12","2022-03-12","2022-03-12","","","???? ?????","criminal-law","","","","","","","","0","0","0%","NOT_IN_GSC_3M","11","18340","0.06%","36.4","","MEDIUM","","","NEEDS_OWNER_REVIEW","","UNKNOWN_NEEDS_APPROVAL","","","HIGH","NEEDS_MAPPING","","","","Article,BreadcrumbList","author,reviewer,last-updated","Needs disclaimer","","","","","","READY_FOR_REVIEW","YES","NO_GSC_3M;NEEDS_BACKLINK_TOOL","agent-2026-05-13","2026-05-13",""
"582","wp-rest+gsc-api+old-inventory","5744","articles","publish","https://jus-tice.co.il/articles/%D7%9E%D7%97%D7%A7%D7%A8-%D7%A4%D7%9C%D7%99%D7%9C%D7%99-%D7%92%D7%95%D7%A4%D7%99%D7%9D-%D7%A1%D7%98%D7%98%D7%95%D7%98%D7%95%D7%A8%D7%99%D7%99%D7%9D-%D7%94%D7%A2%D7%95%D7%A1%D7%A7%D7%99%D7%9D-%D7%91","%d7%9e%d7%97%d7%a7%d7%a8-%d7%a4%d7%9c%d7%99%d7%9c%d7%99-%d7%92%d7%95%d7%a4%d7%99%d7%9d-%d7%a1%d7%98%d7%98%d7%95%d7%98%d7%95%d7%a8%d7%99%d7%99%d7%9d-%d7%94%d7%a2%d7%95%d7%a1%d7%a7%d7%99%d7%9d-%d7%91","???? ?????: ????? ?????????? ??????? ??????? ????? ???? ??????? ??????","???? ?????: ????? ?????????? ??????? ??????? ????? ???? ??????? ??????","","","","https://jus-tice.co.il/articles/%D7%9E%D7%97%D7%A7%D7%A8-%D7%A4%D7%9C%D7%99%D7%9C%D7%99-%D7%92%D7%95%D7%A4%D7%99%D7%9D-%D7%A1%D7%98%D7%98%D7%95%D7%98%D7%95%D7%A8%D7%99%D7%99%D7%9D-%D7%94%D7%A2%D7%95%D7%A1%D7%A7%D7%99%D7%9D-%D7%91","UNKNOWN_NEEDS_RAR_EXTRACTION_OR_WP_REST_EXPORT","YES","YES","UNKNOWN","","","","","NEEDS_WP_REST_PULL","NEEDS_WP_REST_PULL","282","NEEDS_ASSIGNMENT","2021-08-04","2021-08-04","2021-08-04","2021-08-04","","","???? ?????","criminal-law","","","","","","","","0","0","0%","NOT_IN_GSC_3M","9","936","0.96%","15.3","","LOW","","","NEEDS_OWNER_REVIEW","","UNKNOWN_NEEDS_APPROVAL","","","NORMAL","NEEDS_MAPPING","","","","Article,BreadcrumbList","author,reviewer,last-updated","Needs disclaimer","","","","","","READY_FOR_REVIEW","YES","NO_GSC_3M;NEEDS_BACKLINK_TOOL","agent-2026-05-13","2026-05-13",""
"593","wp-rest+gsc-api+old-inventory","7424","articles","publish","https://jus-tice.co.il/articles/%D7%A2%D7%95%D7%93-%D7%A4%D7%9C%D7%99%D7%9C%D7%99","%d7%a2%d7%95%d7%93-%d7%a4%d7%9c%d7%99%d7%9c%d7%99","???? ?????? ??????? ??????? ????????  ???????? ???????? ?????? ???????","???? ?????? ??????? ??????? ????????  ???????? ???????? ?????? ???????","","","","https://jus-tice.co.il/articles/%D7%A2%D7%95%D7%93-%D7%A4%D7%9C%D7%99%D7%9C%D7%99","UNKNOWN_NEEDS_RAR_EXTRACTION_OR_WP_REST_EXPORT","YES","YES","UNKNOWN","","","","","NEEDS_WP_REST_PULL","NEEDS_WP_REST_PULL","282","NEEDS_ASSIGNMENT","2022-06-11","2022-06-11","2022-06-11","2022-06-11","","","???? ?????","criminal-law","","","","","","","","0","0","0%","NOT_IN_GSC_3M","31","2309","1.34%","28.8","","MEDIUM","","","NEEDS_OWNER_REVIEW","","UNKNOWN_NEEDS_APPROVAL","","","HIGH","NEEDS_MAPPING","","","","Article,BreadcrumbList","author,reviewer,last-updated","Needs disclaimer","","","","","","READY_FOR_REVIEW","YES","NO_GSC_3M;NEEDS_BACKLINK_TOOL","agent-2026-05-13","2026-05-13",""
"595","wp-rest+gsc-api+old-inventory","7029","articles","publish","https://jus-tice.co.il/articles/%D7%A2%D7%95%D7%A0%D7%A9-%D7%A4%D7%9C%D7%99%D7%9C%D7%99-%D7%9C%D7%A0%D7%90%D7%A9%D7%9D-%D7%91%D7%9E%D7%A2%D7%A9%D7%94-%D7%9E%D7%92%D7%95%D7%A0%D7%94-%D7%91%D7%A0%D7%A1%D7%99%D7%91%D7%95%D7%AA-%D7%9E","%d7%a2%d7%95%d7%a0%d7%a9-%d7%a4%d7%9c%d7%99%d7%9c%d7%99-%d7%9c%d7%a0%d7%90%d7%a9%d7%9d-%d7%91%d7%9e%d7%a2%d7%a9%d7%94-%d7%9e%d7%92%d7%95%d7%a0%d7%94-%d7%91%d7%a0%d7%a1%d7%99%d7%91%d7%95%d7%aa-%d7%9e","???? ????? ????? ????? ????? ??????? ??????? ?????? (??&#8221;? 27796-06-20)","???? ????? ????? ????? ????? ??????? ??????? ?????? (??&#8221;? 27796-06-20)","","","","https://jus-tice.co.il/articles/%D7%A2%D7%95%D7%A0%D7%A9-%D7%A4%D7%9C%D7%99%D7%9C%D7%99-%D7%9C%D7%A0%D7%90%D7%A9%D7%9D-%D7%91%D7%9E%D7%A2%D7%A9%D7%94-%D7%9E%D7%92%D7%95%D7%A0%D7%94-%D7%91%D7%A0%D7%A1%D7%99%D7%91%D7%95%D7%AA-%D7%9E","UNKNOWN_NEEDS_RAR_EXTRACTION_OR_WP_REST_EXPORT","YES","YES","UNKNOWN","","","","","NEEDS_WP_REST_PULL","NEEDS_WP_REST_PULL","282","NEEDS_ASSIGNMENT","2022-05-08","2022-05-08","2022-05-08","2022-05-08","","","????? ???? ??? ??????","criminal-law","","","","","","","","2","55","3.64%","49.0","34","2855","1.19%","59.1","???? ????? ?????","MEDIUM","","","NEEDS_OWNER_REVIEW","","UNKNOWN_NEEDS_APPROVAL","","","HIGH","NEEDS_MAPPING","","","","Article,BreadcrumbList","author,reviewer,last-updated","Needs disclaimer","","","","","","READY_FOR_REVIEW","YES","NEEDS_BACKLINK_TOOL","agent-2026-05-13","2026-05-13",""
"598","wp-rest+gsc-api+old-inventory","9468","articles","publish","https://jus-tice.co.il/articles/%D7%A2%D7%95%D7%A8%D7%9A-%D7%93%D7%99%D7%9F-%D7%9E%D7%A9%D7%A4%D7%98-%D7%A4%D7%9C%D7%99%D7%9C%D7%99-%D7%91%D7%99%D7%A0%D7%9C%D7%90%D7%95%D7%9E%D7%99","%d7%a2%d7%95%d7%a8%d7%9a-%d7%93%d7%99%d7%9f-%d7%9e%d7%a9%d7%a4%d7%98-%d7%a4%d7%9c%d7%99%d7%9c%d7%99-%d7%91%d7%99%d7%a0%d7%9c%d7%90%d7%95%d7%9e%d7%99","???? ??? ???? ????? ????????","???? ??? ???? ????? ????????","","","","https://jus-tice.co.il/articles/%D7%A2%D7%95%D7%A8%D7%9A-%D7%93%D7%99%D7%9F-%D7%9E%D7%A9%D7%A4%D7%98-%D7%A4%D7%9C%D7%99%D7%9C%D7%99-%D7%91%D7%99%D7%A0%D7%9C%D7%90%D7%95%D7%9E%D7%99","UNKNOWN_NEEDS_RAR_EXTRACTION_OR_WP_REST_EXPORT","YES","YES","UNKNOWN","","","","","NEEDS_WP_REST_PULL","NEEDS_WP_REST_PULL","282","NEEDS_ASSIGNMENT","2023-05-18","2023-05-18","2023-05-18","2023-05-18","","","???? ?????","criminal-law","","","","","","","","0","0","0%","NOT_IN_GSC_3M","5","4600","0.11%","41.8","","MEDIUM","","","NEEDS_OWNER_REVIEW","","UNKNOWN_NEEDS_APPROVAL","","","HIGH","NEEDS_MAPPING","","","","Article,BreadcrumbList","author,reviewer,last-updated","Needs disclaimer","","","","","","READY_FOR_REVIEW","YES","NO_GSC_3M;NEEDS_BACKLINK_TOOL","agent-2026-05-13","2026-05-13",""
"600","wp-rest+gsc-api+old-inventory","7527","articles","publish","https://jus-tice.co.il/articles/%D7%A2%D7%A8%D7%A2%D7%95%D7%A8-%D7%A4%D7%9C%D7%99%D7%9C%D7%99-%D7%9E%D7%A1-50-31-%D7%91%D7%91%D7%99%D7%AA-%D7%94%D7%9E%D7%A9%D7%A4%D7%98-%D7%94%D7%A2%D7%9C%D7%99%D7%95%D7%9F-%D7%91%D7%A9%D7%91","%d7%a2%d7%a8%d7%a2%d7%95%d7%a8-%d7%a4%d7%9c%d7%99%d7%9c%d7%99-%d7%9e%d7%a1%d7%b3-50-31-%d7%91%d7%91%d7%99%d7%aa-%d7%94%d7%9e%d7%a9%d7%a4%d7%98-%d7%94%d7%a2%d7%9c%d7%99%d7%95%d7%9f-%d7%91%d7%a9%d7%91","????? ????? ??? 50/31 ???? ????? ?????? ????? ???? ???? ???????? ???????","????? ????? ??? 50/31 ???? ????? ?????? ????? ???? ???? ???????? ???????","","","","https://jus-tice.co.il/articles/%D7%A2%D7%A8%D7%A2%D7%95%D7%A8-%D7%A4%D7%9C%D7%99%D7%9C%D7%99-%D7%9E%D7%A1-50-31-%D7%91%D7%91%D7%99%D7%AA-%D7%94%D7%9E%D7%A9%D7%A4%D7%98-%D7%94%D7%A2%D7%9C%D7%99%D7%95%D7%9F-%D7%91%D7%A9%D7%91","UNKNOWN_NEEDS_RAR_EXTRACTION_OR_WP_REST_EXPORT","YES","YES","UNKNOWN","","","","","NEEDS_WP_REST_PULL","NEEDS_WP_REST_PULL","282","NEEDS_ASSIGNMENT","2022-06-26","2022-06-26","2022-06-26","2022-06-26","","","????? ???? ??? ??????","criminal-law","","","","","","","","3","35","8.57%","58.1","4","225","1.78%","61.6","????? ?????","LOW","","","NEEDS_OWNER_REVIEW","","UNKNOWN_NEEDS_APPROVAL","","","NORMAL","NEEDS_MAPPING","","","","Article,BreadcrumbList","author,reviewer,last-updated","Needs disclaimer","","","","","","READY_FOR_REVIEW","YES","NEEDS_BACKLINK_TOOL","agent-2026-05-13","2026-05-13",""
"613","wp-rest+gsc-api+old-inventory","12295","articles","publish","https://jus-tice.co.il/articles/%D7%A4%D7%A1%D7%A7-%D7%93%D7%99%D7%9F-%D7%A7%D7%98%D7%99%D7%9F-%D7%A9%D7%94%D7%95%D7%90%D7%A9%D7%9D-%D7%91%D7%A2%D7%91%D7%99%D7%A8%D7%95%D7%AA-%D7%94%D7%AA%D7%A4%D7%A8%D7%A2%D7%95%D7%AA-%D7%95%D7%AA","%d7%a4%d7%a1%d7%a7-%d7%93%d7%99%d7%9f-%d7%a7%d7%98%d7%99%d7%9f-%d7%a9%d7%94%d7%95%d7%90%d7%a9%d7%9d-%d7%91%d7%a2%d7%91%d7%99%d7%a8%d7%95%d7%aa-%d7%94%d7%aa%d7%a4%d7%a8%d7%a2%d7%95%d7%aa-%d7%95%d7%aa","??? ??? ???? ?????? ??????? ??????? ?????? ???? (1327-11-24)","??? ??? ???? ?????? ??????? ??????? ?????? ???? (1327-11-24)","","","","https://jus-tice.co.il/articles/%D7%A4%D7%A1%D7%A7-%D7%93%D7%99%D7%9F-%D7%A7%D7%98%D7%99%D7%9F-%D7%A9%D7%94%D7%95%D7%90%D7%A9%D7%9D-%D7%91%D7%A2%D7%91%D7%99%D7%A8%D7%95%D7%AA-%D7%94%D7%AA%D7%A4%D7%A8%D7%A2%D7%95%D7%AA-%D7%95%D7%AA","UNKNOWN_NEEDS_RAR_EXTRACTION_OR_WP_REST_EXPORT","YES","YES","UNKNOWN","","","","","NEEDS_WP_REST_PULL","NEEDS_WP_REST_PULL","282","NEEDS_ASSIGNMENT","2025-03-16","2025-03-16","2025-03-16","2025-03-16","","","???? ??? ????? ???? ??? 2022","criminal-law","","","","","","","","0","0","0%","NOT_IN_GSC_3M","0","23","0.00%","8.1","","LOW","","","NEEDS_OWNER_REVIEW","","UNKNOWN_NEEDS_APPROVAL","","","NORMAL","NEEDS_MAPPING","","","","Article,BreadcrumbList","author,reviewer,last-updated","Needs disclaimer","","","","","","READY_FOR_REVIEW","YES","NO_GSC_3M;NEEDS_BACKLINK_TOOL","agent-2026-05-13","2026-05-13",""
"620","wp-rest+gsc-api+old-inventory","7736","articles","publish","https://jus-tice.co.il/articles/%D7%A9%D7%99%D7%9E%D7%95%D7%A9-%D7%91%D7%9E%D7%95%D7%9E%D7%97%D7%99%D7%9D-%D7%91%D7%AA%D7%99%D7%A7%D7%99%D7%9D-%D7%A4%D7%9C%D7%99%D7%9C%D7%99%D7%99%D7%9D","%d7%a9%d7%99%d7%9e%d7%95%d7%a9-%d7%91%d7%9e%d7%95%d7%9e%d7%97%d7%99%d7%9d-%d7%91%d7%aa%d7%99%d7%a7%d7%99%d7%9d-%d7%a4%d7%9c%d7%99%d7%9c%d7%99%d7%99%d7%9d","????? ??????? ?????? ???????","????? ??????? ?????? ???????","","","","https://jus-tice.co.il/articles/%D7%A9%D7%99%D7%9E%D7%95%D7%A9-%D7%91%D7%9E%D7%95%D7%9E%D7%97%D7%99%D7%9D-%D7%91%D7%AA%D7%99%D7%A7%D7%99%D7%9D-%D7%A4%D7%9C%D7%99%D7%9C%D7%99%D7%99%D7%9D","UNKNOWN_NEEDS_RAR_EXTRACTION_OR_WP_REST_EXPORT","YES","YES","UNKNOWN","","","","","NEEDS_WP_REST_PULL","NEEDS_WP_REST_PULL","282","NEEDS_ASSIGNMENT","2022-09-15","2022-09-15","2022-09-15","2022-09-15","","","???? ?????","criminal-law","","","","","","","","0","0","0%","NOT_IN_GSC_3M","5","914","0.55%","45.5","","LOW","","","NEEDS_OWNER_REVIEW","","UNKNOWN_NEEDS_APPROVAL","","","NORMAL","NEEDS_MAPPING","","","","Article,BreadcrumbList","author,reviewer,last-updated","Needs disclaimer","","","","","","READY_FOR_REVIEW","YES","NO_GSC_3M;NEEDS_BACKLINK_TOOL","agent-2026-05-13","2026-05-13",""
"629","wp-rest+gsc-api+old-inventory","7111","articles","publish","https://jus-tice.co.il/articles/%D7%AA%D7%A4-26290-04-18-%D7%9E%D7%93%D7%99%D7%A0%D7%AA-%D7%99%D7%A9%D7%A8%D7%90%D7%9C-%D7%A0-%D7%99%D7%95%D7%A1%D7%A4%D7%94-%D7%91%D7%A8%D7%A7","%d7%aa%d7%a4-26290-04-18-%d7%9e%d7%93%d7%99%d7%a0%d7%aa-%d7%99%d7%a9%d7%a8%d7%90%d7%9c-%d7%a0-%d7%99%d7%95%d7%a1%d7%a4%d7%94-%d7%91%d7%a8%d7%a7","????? ????? ?????? ???? ???? ????? ????? (?&#8221;? 26290-04-18)","????? ????? ?????? ???? ???? ????? ????? (?&#8221;? 26290-04-18)","","","","https://jus-tice.co.il/articles/%D7%AA%D7%A4-26290-04-18-%D7%9E%D7%93%D7%99%D7%A0%D7%AA-%D7%99%D7%A9%D7%A8%D7%90%D7%9C-%D7%A0-%D7%99%D7%95%D7%A1%D7%A4%D7%94-%D7%91%D7%A8%D7%A7","UNKNOWN_NEEDS_RAR_EXTRACTION_OR_WP_REST_EXPORT","YES","YES","UNKNOWN","","","","","NEEDS_WP_REST_PULL","NEEDS_WP_REST_PULL","282","NEEDS_ASSIGNMENT","2022-05-14","2022-05-14","2022-05-14","2022-05-14","","","????? ???? ??? ??????","criminal-law","","","","","","","","1","22","4.55%","11.4","9","508","1.77%","35.5","","LOW","","","NEEDS_OWNER_REVIEW","","UNKNOWN_NEEDS_APPROVAL","","","NORMAL","NEEDS_MAPPING","","","","Article,BreadcrumbList","author,reviewer,last-updated","Needs disclaimer","","","","","","READY_FOR_REVIEW","YES","NEEDS_BACKLINK_TOOL","agent-2026-05-13","2026-05-13",""
"648","wp-rest+gsc-api+old-inventory","11386","articles","publish","https://jus-tice.co.il/benjamin-brafman","benjamin-brafman-%d7%91%d7%a0%d7%92%d7%9e%d7%99%d7%9f-%d7%91%d7%a8%d7%a4%d7%9e%d7%9f-%d7%a2%d7%95%d7%a8%d7%9a-%d7%93%d7%99%d7%9f","Benjamin Brafman | ???'??? ?????  (???? ???)","Benjamin Brafman | ???'??? ?????  (???? ???)","","","","https://jus-tice.co.il/benjamin-brafman","UNKNOWN_NEEDS_RAR_EXTRACTION_OR_WP_REST_EXPORT","YES","YES","736","","","","","NEEDS_WP_REST_PULL","NEEDS_WP_REST_PULL","282","NEEDS_ASSIGNMENT","2024-07-24","2024-07-24","2024-07-24","2024-07-24","","","???? ?????","criminal-law","","","","","","","","0","0","0%","NOT_IN_GSC_3M","15","1018","1.47%","16.5","","LOW","","","NEEDS_OWNER_REVIEW","","UNKNOWN_NEEDS_APPROVAL","","","NORMAL","NEEDS_MAPPING","","","","Article,BreadcrumbList","author,reviewer,last-updated","Needs disclaimer","","","","","","READY_FOR_REVIEW","YES","NO_GSC_3M;NEEDS_BACKLINK_TOOL","agent-2026-05-13","2026-05-13",""
"649","wp-rest+gsc-api+old-inventory","11590","articles","publish","https://jus-tice.co.il/benzur-korb-co","%d7%91%d7%9f-%d7%a6%d7%95%d7%a8-%d7%a7%d7%95%d7%a8%d7%91-%d7%95%d7%a9%d7%95%d7%aa-%d7%9e%d7%a9%d7%a8%d7%93-%d7%a2%d7%95%d7%a8%d7%9b%d7%99-%d7%93%d7%99%d7%9f","?? ??? ???? ????' ? ???? ????? ???","?? ??? ???? ????' ? ???? ????? ???","","","","https://jus-tice.co.il/benzur-korb-co","UNKNOWN_NEEDS_RAR_EXTRACTION_OR_WP_REST_EXPORT","YES","YES","397","","","","","NEEDS_WP_REST_PULL","NEEDS_WP_REST_PULL","282","NEEDS_ASSIGNMENT","2024-09-22","2024-09-22","2024-09-22","2024-09-22","","","???? ?????","criminal-law","","","","","","","","0","0","0%","NOT_IN_GSC_3M","8","1421","0.56%","21.8","","LOW","","","NEEDS_OWNER_REVIEW","","UNKNOWN_NEEDS_APPROVAL","","","NORMAL","NEEDS_MAPPING","","","","Article,BreadcrumbList","author,reviewer,last-updated","Needs disclaimer","","","","","","READY_FOR_REVIEW","YES","NO_GSC_3M;NEEDS_BACKLINK_TOOL","agent-2026-05-13","2026-05-13",""
"650","wp-rest+gsc-api+old-inventory","12264","articles","publish","https://jus-tice.co.il/best-criminal-defence-lawyers-worldwide","%d7%a2%d7%95%d7%a8%d7%9b%d7%99-%d7%94%d7%93%d7%99%d7%9f-%d7%94%d7%a4%d7%9c%d7%99%d7%9c%d7%99%d7%99%d7%9d-%d7%94%d7%98%d7%95%d7%91%d7%99%d7%9d-%d7%91%d7%a2%d7%95%d7%9c%d7%9d-%d7%95%d7%91%d7%99%d7%a9","????? ???? ???????? ?????? ????? ??????? | ????? 2025","????? ???? ???????? ?????? ????? ??????? | ????? 2025","","","","https://jus-tice.co.il/best-criminal-defence-lawyers-worldwide","UNKNOWN_NEEDS_RAR_EXTRACTION_OR_WP_REST_EXPORT","YES","YES","15159","","","","","NEEDS_WP_REST_PULL","NEEDS_WP_REST_PULL","282","NEEDS_ASSIGNMENT","2025-03-10","2025-03-10","2025-03-10","2025-03-10","","","???? ?????","criminal-law","","","","","","","","0","0","0%","NOT_IN_GSC_3M","69","9034","0.76%","21.7","","MEDIUM","","","NEEDS_OWNER_REVIEW","","UNKNOWN_NEEDS_APPROVAL","","","HIGH","NEEDS_MAPPING","","","","Article,BreadcrumbList","author,reviewer,last-updated","Needs disclaimer","","","","","","READY_FOR_REVIEW","YES","NO_GSC_3M;NEEDS_BACKLINK_TOOL","agent-2026-05-13","2026-05-13",""
"665","wp-rest+gsc-api+old-inventory","2698","articles","publish","https://jus-tice.co.il/cancellation-of-closed-case-records-from-the-criminal-database","%d7%a0%d7%95%d7%94%d7%9c-%d7%98%d7%99%d7%a4%d7%95%d7%9c-%d7%91%d7%a4%d7%a0%d7%99%d7%95%d7%aa-%d7%9c%d7%91%d7%99%d7%98%d7%95%d7%9c-%d7%a8%d7%99%d7%a9%d7%95%d7%9e%d7%99-%d7%aa%d7%99%d7%a7%d7%99%d7%9d","???? ????? ?????? ?????? ?????? ????? ?????? ????? ????? ??????","???? ????? ?????? ?????? ?????? ????? ?????? ????? ????? ??????","","","","https://jus-tice.co.il/cancellation-of-closed-case-records-from-the-criminal-database","UNKNOWN_NEEDS_RAR_EXTRACTION_OR_WP_REST_EXPORT","YES","YES","2135","","","","","NEEDS_WP_REST_PULL","NEEDS_WP_REST_PULL","282","NEEDS_ASSIGNMENT","2020-10-17","2020-10-17","2020-10-17","2020-10-17","","","???? ?????","criminal-law","","","","","","","","0","0","0%","NOT_IN_GSC_3M","0","32","0.00%","27.0","","LOW","","","NEEDS_OWNER_REVIEW","","UNKNOWN_NEEDS_APPROVAL","","","NORMAL","NEEDS_MAPPING","","","","Article,BreadcrumbList","author,reviewer,last-updated","Needs disclaimer","","","","","","READY_FOR_REVIEW","YES","NO_GSC_3M;NEEDS_BACKLINK_TOOL","agent-2026-05-13","2026-05-13",""
"674","wp-rest+gsc-api+old-inventory","9633","articles","publish","https://jus-tice.co.il/child-pornography-laws-in-the-united-states","%d7%97%d7%95%d7%a7%d7%99-%d7%a4%d7%95%d7%a8%d7%a0%d7%95%d7%92%d7%a8%d7%a4%d7%99%d7%99%d7%aa-%d7%99%d7%9c%d7%93%d7%99%d7%9d-%d7%91%d7%90%d7%a8%d7%a6%d7%95%d7%aa-%d7%94%d7%91%d7%a8%d7%99%d7%aa-%d7%a2","???? ??????????? ????? ?????? ????? | ??&#8221;? ????? ???&#8221;?","???? ??????????? ????? ?????? ????? | ??&#8221;? ????? ???&#8221;?","","","","https://jus-tice.co.il/child-pornography-laws-in-the-united-states","UNKNOWN_NEEDS_RAR_EXTRACTION_OR_WP_REST_EXPORT","YES","YES","1779","","","","","NEEDS_WP_REST_PULL","NEEDS_WP_REST_PULL","282","NEEDS_ASSIGNMENT","2023-06-05","2023-06-05","2023-06-05","2023-06-05","","","???? ?????","criminal-law","","","","","","","","0","0","0%","NOT_IN_GSC_3M","11","1565","0.70%","31.6","","LOW","","","NEEDS_OWNER_REVIEW","","UNKNOWN_NEEDS_APPROVAL","","","NORMAL","NEEDS_MAPPING","","","","Article,BreadcrumbList","author,reviewer,last-updated","Needs disclaimer","","","","","","READY_FOR_REVIEW","YES","NO_GSC_3M;NEEDS_BACKLINK_TOOL","agent-2026-05-13","2026-05-13",""
"686","wp-rest+gsc-api+old-inventory","9044","articles","publish","https://jus-tice.co.il/comparative-criminal-justice","%d7%9e%d7%a9%d7%a4%d7%98-%d7%94%d7%a9%d7%95%d7%95%d7%90%d7%aa%d7%99-%d7%a4%d7%9c%d7%99%d7%9c%d7%99","???? ??????? ?????","???? ??????? ?????","","","","https://jus-tice.co.il/comparative-criminal-justice","UNKNOWN_NEEDS_RAR_EXTRACTION_OR_WP_REST_EXPORT","YES","YES","580","","","","","NEEDS_WP_REST_PULL","NEEDS_WP_REST_PULL","282","NEEDS_ASSIGNMENT","2023-03-26","2023-03-26","2023-03-26","2023-03-26","","","???? ?????","criminal-law","","","","","","","","0","0","0%","NOT_IN_GSC_3M","2","230","0.87%","35.0","","LOW","","","NEEDS_OWNER_REVIEW","","UNKNOWN_NEEDS_APPROVAL","","","NORMAL","NEEDS_MAPPING","","","","Article,BreadcrumbList","author,reviewer,last-updated","Needs disclaimer","","","","","","READY_FOR_REVIEW","YES","NO_GSC_3M;NEEDS_BACKLINK_TOOL","agent-2026-05-13","2026-05-13",""
"720","wp-rest+gsc-api+old-inventory","9501","articles","publish","https://jus-tice.co.il/crime","%d7%9e%d7%94-%d7%96%d7%94-%d7%a4%d7%a9%d7%a2-%d7%a2%d7%95%d7%a8%d7%9a-%d7%93%d7%99%d7%9f-%d7%a4%d7%a9%d7%a2-%d7%a4%d7%9c%d7%99%d7%9c%d7%99","?? ?? ???? | ???? ??? ??? ?????","?? ?? ???? | ???? ??? ??? ?????","","","","https://jus-tice.co.il/crime","UNKNOWN_NEEDS_RAR_EXTRACTION_OR_WP_REST_EXPORT","YES","YES","2701","","","","","NEEDS_WP_REST_PULL","NEEDS_WP_REST_PULL","282","NEEDS_ASSIGNMENT","2023-05-20","2023-05-20","2023-05-20","2023-05-20","","","???? ?????","criminal-law","","","","","","","","0","0","0%","NOT_IN_GSC_3M","16","4061","0.39%","31.7","","MEDIUM","","","NEEDS_OWNER_REVIEW","","UNKNOWN_NEEDS_APPROVAL","","","HIGH","NEEDS_MAPPING","","","","Article,BreadcrumbList","author,reviewer,last-updated","Needs disclaimer","","","","","","READY_FOR_REVIEW","YES","NO_GSC_3M;NEEDS_BACKLINK_TOOL","agent-2026-05-13","2026-05-13",""
"721","wp-rest+gsc-api+old-inventory","857","articles","publish","https://jus-tice.co.il/criminal-defense-attorney","criminal-defense-attorney","???? ??? ????? | ??&#8221;? ????? | ????? ????? ??? ???????","???? ??? ????? | ??&#8221;? ????? | ????? ????? ??? ???????","","","","https://jus-tice.co.il/criminal-defense-attorney","UNKNOWN_NEEDS_RAR_EXTRACTION_OR_WP_REST_EXPORT","YES","YES","9191","","","","","NEEDS_WP_REST_PULL","NEEDS_WP_REST_PULL","282","NEEDS_ASSIGNMENT","2019-03-24","2025-09-14","2019-03-24","2025-09-14","","","???? ?????","criminal-law","","","","","","","","0","0","0%","NOT_IN_GSC_3M","10","62117","0.02%","56.4","","HIGH","","","DO_NOT_TOUCH_HIGH_TRAFFIC_URL","High traffic URL - protect","UNKNOWN_NEEDS_APPROVAL","","","CRITICAL","NEEDS_MAPPING","","","","Article,BreadcrumbList","author,reviewer,last-updated","Needs disclaimer","","","","","","DO_NOT_TOUCH","YES","NO_GSC_3M;NEEDS_BACKLINK_TOOL","agent-2026-05-13","2026-05-13",""
"722","wp-rest+gsc-api+old-inventory","9427","articles","publish","https://jus-tice.co.il/criminal-defense-attorney-roles-and-responsibilities","%d7%a2%d7%95%d7%a8%d7%9a-%d7%93%d7%99%d7%9f-%d7%a4%d7%9c%d7%99%d7%9c%d7%99-%d7%aa%d7%a4%d7%a7%d7%99%d7%93%d7%99%d7%9d-%d7%95%d7%90%d7%97%d7%a8%d7%99%d7%95%d7%aa","???? ??? ?????: ??????? ???????","???? ??? ?????: ??????? ???????","","","","https://jus-tice.co.il/criminal-defense-attorney-roles-and-responsibilities","UNKNOWN_NEEDS_RAR_EXTRACTION_OR_WP_REST_EXPORT","YES","YES","1918","","","","","NEEDS_WP_REST_PULL","NEEDS_WP_REST_PULL","282","NEEDS_ASSIGNMENT","2023-05-08","2023-05-08","2023-05-08","2023-05-08","","","???? ?????","criminal-law","","","","","","","","1","9","11.11%","13.4","1","169","0.59%","30.3","???? ??? ????? | ??""? | ??????? ???? ????","LOW","??""? | ??????? ???? ????","2 competing queries","NEEDS_OWNER_REVIEW","","UNKNOWN_NEEDS_APPROVAL","","","NORMAL","NEEDS_MAPPING","","","","Article,BreadcrumbList","author,reviewer,last-updated","Needs disclaimer","","","","","","READY_FOR_REVIEW","YES","NEEDS_BACKLINK_TOOL","agent-2026-05-13","2026-05-13",""
"723","wp-rest+gsc-api+old-inventory","7761","articles","publish","https://jus-tice.co.il/criminal-defenses","%d7%94%d7%92%d7%a0%d7%95%d7%aa-%d7%a4%d7%9c%d7%99%d7%9c%d7%99%d7%95%d7%aa-%d7%a1%d7%95%d7%92%d7%99-%d7%94%d7%92%d7%a0%d7%95%d7%aa-%d7%a2%d7%95%d7%93-%d7%a4%d7%9c%d7%99%d7%9c%d7%99-%d7%91%d7%91","????? ??????? | ???? ?????  ???? ????","????? ??????? | ???? ?????  ???? ????","","","","https://jus-tice.co.il/criminal-defenses","UNKNOWN_NEEDS_RAR_EXTRACTION_OR_WP_REST_EXPORT","YES","YES","2493","","","","","NEEDS_WP_REST_PULL","NEEDS_WP_REST_PULL","282","NEEDS_ASSIGNMENT","2022-09-28","2025-08-24","2022-09-28","2025-08-24","","","???? ?????","criminal-law","","","","","","","","0","0","0%","NOT_IN_GSC_3M","14","2495","0.56%","28.6","","MEDIUM","","","NEEDS_OWNER_REVIEW","","UNKNOWN_NEEDS_APPROVAL","","","HIGH","NEEDS_MAPPING","","","","Article,BreadcrumbList","author,reviewer,last-updated","Needs disclaimer","","","","","","READY_FOR_REVIEW","YES","NO_GSC_3M;NEEDS_BACKLINK_TOOL","agent-2026-05-13","2026-05-13",""
"724","wp-rest+gsc-api+old-inventory","NEEDS_WP_MATCH","UNKNOWN","NEEDS_WP_PULL","https://jus-tice.co.il/criminal-law","criminal-law","criminal law","criminal law","","","","https://jus-tice.co.il/criminal-law","UNKNOWN_NEEDS_RAR_EXTRACTION_OR_WP_REST_EXPORT","YES","YES","UNKNOWN","","","","","NEEDS_WP_REST_PULL","NEEDS_WP_REST_PULL","UNKNOWN","NEEDS_ASSIGNMENT","UNKNOWN","UNKNOWN","UNKNOWN","UNKNOWN","UNKNOWN","UNKNOWN","NEEDS_WP_MATCH","criminal-law","","","","","","","","0","0","0%","NOT_IN_GSC_3M","4","8400","0.05%","60.6","","MEDIUM","","","NEEDS_WP_MATCH","","UNKNOWN_NEEDS_APPROVAL","","","HIGH","NEEDS_MAPPING","","","","Article,BreadcrumbList","author,reviewer,last-updated","Needs disclaimer","","","","","","NO","YES","NEEDS_WP_MATCH;NEEDS_PRACTICE_AREA;NO_GSC_3M;NEEDS_BACKLINK_TOOL","agent-2026-05-13","2026-05-13",""
"725","wp-rest+gsc-api+old-inventory","9630","articles","publish","https://jus-tice.co.il/criminal-negligence","%d7%a8%d7%a9%d7%9c%d7%a0%d7%95%d7%aa-%d7%a4%d7%9c%d7%99%d7%9c%d7%99%d7%aa-%d7%a2%d7%95%d7%a8%d7%9a-%d7%93%d7%99%d7%9f-%d7%a4%d7%9c%d7%99%d7%9c%d7%99","?????? ?????? | ???? ??? ?????","?????? ?????? | ???? ??? ?????","","","","https://jus-tice.co.il/criminal-negligence","UNKNOWN_NEEDS_RAR_EXTRACTION_OR_WP_REST_EXPORT","YES","YES","1041","","","","","NEEDS_WP_REST_PULL","NEEDS_WP_REST_PULL","282","NEEDS_ASSIGNMENT","2023-06-05","2023-06-05","2023-06-05","2023-06-05","","","???? ?????","criminal-law","","","","","","","","0","0","0%","NOT_IN_GSC_3M","6","2185","0.27%","24.5","","MEDIUM","","","NEEDS_OWNER_REVIEW","","UNKNOWN_NEEDS_APPROVAL","","","HIGH","NEEDS_MAPPING","","","","Article,BreadcrumbList","author,reviewer,last-updated","Needs disclaimer","","","","","","READY_FOR_REVIEW","YES","NO_GSC_3M;NEEDS_BACKLINK_TOOL","agent-2026-05-13","2026-05-13",""
"734","wp-rest+gsc-api+old-inventory","9571","articles","publish","https://jus-tice.co.il/cybersex-trafficking","%d7%a2%d7%95%d7%a8%d7%9a-%d7%93%d7%99%d7%9f-%d7%a1%d7%97%d7%a8-%d7%91%d7%9e%d7%99%d7%9f-%d7%a1%d7%99%d7%99%d7%91%d7%a8-%d7%a2%d7%95%d7%93-%d7%a4%d7%a9%d7%a2%d7%99-%d7%9e%d7%99%d7%9f-%d7%90%d7%99","???? ??? ??? ???? ????? | ??&#8221;? ???? ??? ??????? ??????","???? ??? ??? ???? ????? | ??&#8221;? ???? ??? ??????? ??????","","","","https://jus-tice.co.il/cybersex-trafficking","UNKNOWN_NEEDS_RAR_EXTRACTION_OR_WP_REST_EXPORT","YES","YES","2828","","","","","NEEDS_WP_REST_PULL","NEEDS_WP_REST_PULL","282","NEEDS_ASSIGNMENT","2023-05-31","2023-05-31","2023-05-31","2023-05-31","","","???? ?????","criminal-law","","","","","","","","0","0","0%","NOT_IN_GSC_3M","11","2745","0.40%","43.5","","MEDIUM","","","NEEDS_OWNER_REVIEW","","UNKNOWN_NEEDS_APPROVAL","","","HIGH","NEEDS_MAPPING","","","","Article,BreadcrumbList","author,reviewer,last-updated","Needs disclaimer","","","","","","READY_FOR_REVIEW","YES","NO_GSC_3M;NEEDS_BACKLINK_TOOL","agent-2026-05-13","2026-05-13",""
"741","wp-rest+gsc-api+old-inventory","7174","articles","publish","https://jus-tice.co.il/decision10297-09-21","%d7%a4%d7%a1%d7%93-%d7%91%d7%a2%d7%a8%d7%a2%d7%95%d7%a8-%d7%a9%d7%a2%d7%a0%d7%99%d7%99%d7%a0%d7%95-%d7%97%d7%95%d7%a7%d7%99%d7%95%d7%aa-%d7%97%d7%99%d7%a4%d7%95%d7%a9-%d7%a1%d7%9e%d7%99%d7%9d","??&#8221;? ?????? ??????? ?????? ????? ???? (?&#8221;? 10297-09-21)","??&#8221;? ?????? ??????? ?????? ????? ???? (?&#8221;? 10297-09-21)","","","","https://jus-tice.co.il/decision10297-09-21","UNKNOWN_NEEDS_RAR_EXTRACTION_OR_WP_REST_EXPORT","YES","YES","2067","","","","","NEEDS_WP_REST_PULL","NEEDS_WP_REST_PULL","282","NEEDS_ASSIGNMENT","2022-05-19","2024-04-30","2022-05-19","2024-04-30","","","???? ?????","criminal-law","","","","","","","","0","0","0%","NOT_IN_GSC_3M","9","860","1.05%","47.9","","LOW","","","NEEDS_OWNER_REVIEW","","UNKNOWN_NEEDS_APPROVAL","","","NORMAL","NEEDS_MAPPING","","","","Article,BreadcrumbList","author,reviewer,last-updated","Needs disclaimer","","","","","","READY_FOR_REVIEW","YES","NO_GSC_3M;NEEDS_BACKLINK_TOOL","agent-2026-05-13","2026-05-13",""
"748","wp-rest+gsc-api+old-inventory","10445","articles","publish","https://jus-tice.co.il/decision20043-03-23","%d7%94%d7%a9%d7%95%d7%a4%d7%98-%d7%a2%d7%9e%d7%99-%d7%a7%d7%95%d7%91%d7%95-%d7%94%d7%97%d7%9c%d7%98%d7%94-%d7%a2%d7%9c-%d7%9e%d7%a2%d7%a6%d7%a8-%d7%a2%d7%93-%d7%aa%d7%95%d7%9d-%d7%94%d7%94%d7%9c","????? ??? ????: ????? ?? ???? ?? ??? ??????? ??? ????? ?????? ?????","????? ??? ????: ????? ?? ???? ?? ??? ??????? ??? ????? ?????? ?????","","","","https://jus-tice.co.il/decision20043-03-23","UNKNOWN_NEEDS_RAR_EXTRACTION_OR_WP_REST_EXPORT","YES","YES","537","","","","","NEEDS_WP_REST_PULL","NEEDS_WP_REST_PULL","282","NEEDS_ASSIGNMENT","2023-12-14","2023-12-14","2023-12-14","2023-12-14","","","????? ???? ??? ??????","criminal-law","","","","","","","","0","0","0%","NOT_IN_GSC_3M","12","894","1.34%","9.4","","LOW","","","NEEDS_OWNER_REVIEW","","UNKNOWN_NEEDS_APPROVAL","","","NORMAL","NEEDS_MAPPING","","","","Article,BreadcrumbList","author,reviewer,last-updated","Needs disclaimer","","","","","","READY_FOR_REVIEW","YES","NO_GSC_3M;NEEDS_BACKLINK_TOOL","agent-2026-05-13","2026-05-13",""
"751","wp-rest+gsc-api+old-inventory","10230","articles","publish","https://jus-tice.co.il/decision22431-08-19","%d7%a4%d7%a1%d7%a7-%d7%93%d7%99%d7%9f-%d7%a4%d7%9c%d7%99%d7%9c%d7%99-%d7%91%d7%a2%d7%9c%d7%99%d7%9d-%d7%a9%d7%9c-%d7%a1%d7%95%d7%9b%d7%a0%d7%95%d7%aa-%d7%93%d7%95%d7%92%d7%9e%d7%a0%d7%95%d7%aa","??? ??? ????? | ????? ?? ?????? ??????? ????? ??????? ??? ????????? (??&#8221;? 22431-08-19)","??? ??? ????? | ????? ?? ?????? ??????? ????? ??????? ??? ????????? (??&#8221;? 22431-08-19)","","","","https://jus-tice.co.il/decision22431-08-19","UNKNOWN_NEEDS_RAR_EXTRACTION_OR_WP_REST_EXPORT","YES","YES","24079","","","","","NEEDS_WP_REST_PULL","NEEDS_WP_REST_PULL","282","NEEDS_ASSIGNMENT","2023-11-12","2023-11-12","2023-11-12","2023-11-12","","","???? ?????","criminal-law","","","","","","","","0","0","0%","NOT_IN_GSC_3M","45","2344","1.92%","27.5","","MEDIUM","","","NEEDS_OWNER_REVIEW","","UNKNOWN_NEEDS_APPROVAL","","","HIGH","NEEDS_MAPPING","","","","Article,BreadcrumbList","author,reviewer,last-updated","Needs disclaimer","","","","","","READY_FOR_REVIEW","YES","NO_GSC_3M;NEEDS_BACKLINK_TOOL","agent-2026-05-13","2026-05-13",""
"756","wp-rest+gsc-api+old-inventory","7189","articles","publish","https://jus-tice.co.il/decision26671-07-21","%d7%92%d7%96%d7%93-%d7%9b%d7%95%d7%9c%d7%9c-%d7%a1%d7%95%d7%92%d7%99%d7%95%d7%aa-%d7%91%d7%a0%d7%95%d7%92%d7%a2-%d7%9c%d7%a0%d7%a4%d7%92%d7%a2%d7%99-%d7%a2%d7%91%d7%99%d7%a8%d7%95%d7%aa-%d7%9e%d7%99","??&#8221;? ???? ?????? ????? ?????? ?????? ??? (???&#8221;? 26671-07-21)","??&#8221;? ???? ?????? ????? ?????? ?????? ??? (???&#8221;? 26671-07-21)","","","","https://jus-tice.co.il/decision26671-07-21","UNKNOWN_NEEDS_RAR_EXTRACTION_OR_WP_REST_EXPORT","YES","YES","1584","","","","","NEEDS_WP_REST_PULL","NEEDS_WP_REST_PULL","282","NEEDS_ASSIGNMENT","2022-05-19","2022-05-19","2022-05-19","2022-05-19","","","???? ??? ????? ???? ??? 2022","criminal-law","","","","","","","","0","0","0%","NOT_IN_GSC_3M","61","746","8.18%","28.6","","MEDIUM","","","NEEDS_OWNER_REVIEW","","UNKNOWN_NEEDS_APPROVAL","","","HIGH","NEEDS_MAPPING","","","","Article,BreadcrumbList","author,reviewer,last-updated","Needs disclaimer","","","","","","READY_FOR_REVIEW","YES","NO_GSC_3M;NEEDS_BACKLINK_TOOL","agent-2026-05-13","2026-05-13",""
"761","wp-rest+gsc-api+old-inventory","7499","articles","publish","https://jus-tice.co.il/decision31783-04-21","%d7%94%d7%a8%d7%a9%d7%a2%d7%94-%d7%91%d7%91%d7%99%d7%a6%d7%95%d7%a2-%d7%a2%d7%91%d7%99%d7%a8%d7%95%d7%aa-%d7%9e%d7%99%d7%9f-%d7%91%d7%a9%d7%aa%d7%99-%d7%a0%d7%a9%d7%99%d7%9d-%d7%9c%d7%9c%d7%90-%d7%94","????? ?????? ?????? ??? ???? ????, ??? ?????? ???? ????? ?????? ???? ?????? (??????? ????? ???????) ???? ????? ??? ??? ????? ?????? (??&#8221;? 31783-04-21)","????? ?????? ?????? ??? ???? ????, ??? ?????? ???? ????? ?????? ???? ?????? (??????? ????? ???????) ???? ????? ??? ??? ????? ?????? (??&#8221;? 31783-04-21)","","","","https://jus-tice.co.il/decision31783-04-21","UNKNOWN_NEEDS_RAR_EXTRACTION_OR_WP_REST_EXPORT","YES","YES","33098","","","","","NEEDS_WP_REST_PULL","NEEDS_WP_REST_PULL","282","NEEDS_ASSIGNMENT","2022-06-20","2022-06-20","2022-06-20","2022-06-20","","","????? ???? ??? ??????","criminal-law","","","","","","","","0","0","0%","NOT_IN_GSC_3M","26","909","2.86%","27.1","","MEDIUM","","","NEEDS_OWNER_REVIEW","","UNKNOWN_NEEDS_APPROVAL","","","HIGH","NEEDS_MAPPING","","","","Article,BreadcrumbList","author,reviewer,last-updated","Needs disclaimer","","","","","","READY_FOR_REVIEW","YES","NO_GSC_3M;NEEDS_BACKLINK_TOOL","agent-2026-05-13","2026-05-13",""
"764","wp-rest+gsc-api+old-inventory","7502","articles","publish","https://jus-tice.co.il/decision37975-11-17","%d7%94%d7%a4%d7%97%d7%aa%d7%94-%d7%91%d7%a2%d7%95%d7%a0%d7%a9-%d7%9b%d7%a1%d7%a2%d7%93-%d7%91%d7%9e%d7%a1%d7%92%d7%a8%d7%aa-%d7%94%d7%92%d7%a0%d7%94-%d7%9e%d7%9f-%d7%94%d7%a6%d7%93%d7%a7-%d7%a4%d7%92","????? ????? ???? ?????? ???? ?? ????- ????? ??????? ???? ????? ????? (?&#8221;? 37975-11-17)","????? ????? ???? ?????? ???? ?? ????- ????? ??????? ???? ????? ????? (?&#8221;? 37975-11-17)","","","","https://jus-tice.co.il/decision37975-11-17","UNKNOWN_NEEDS_RAR_EXTRACTION_OR_WP_REST_EXPORT","YES","YES","8942","","","","","NEEDS_WP_REST_PULL","NEEDS_WP_REST_PULL","282","NEEDS_ASSIGNMENT","2022-06-20","2022-06-20","2022-06-20","2022-06-20","","","????? ???? ??? ??????","criminal-law","","","","","","","","1","73","1.37%","61.8","14","1253","1.12%","34.5","???? ?? ???? | ???? ?? ???? ????? | ???? ?? ???? ??? ??? ???? ?????? | ???? ?? ???? ???? 149 | ???? ???? ?? ????","LOW","","","NEEDS_OWNER_REVIEW","","UNKNOWN_NEEDS_APPROVAL","","","NORMAL","NEEDS_MAPPING","","","","Article,BreadcrumbList","author,reviewer,last-updated","Needs disclaimer","","","","","","READY_FOR_REVIEW","YES","NEEDS_BACKLINK_TOOL","agent-2026-05-13","2026-05-13",""
"766","wp-rest+gsc-api+old-inventory","10310","articles","publish","https://jus-tice.co.il/decision42377-09-22","%d7%a4%d7%a1%d7%a7-%d7%93%d7%99%d7%9f-%d7%96%d7%99%d7%9b%d7%95%d7%99-%d7%9e%d7%90%d7%99%d7%a9%d7%95%d7%9d-%d7%aa%d7%a7%d7%99%d7%a4%d7%aa-%d7%91%d7%aa-%d7%96%d7%95%d7%92-%d7%aa%d7%a4-42377-09-22","??? ??? ????? ?????? ????? ?? ??? | ?&#8221;? 42377-09-22 ????? ????? ?' ?????","??? ??? ????? ?????? ????? ?? ??? | ?&#8221;? 42377-09-22 ????? ????? ?' ?????","","","","https://jus-tice.co.il/decision42377-09-22","UNKNOWN_NEEDS_RAR_EXTRACTION_OR_WP_REST_EXPORT","YES","YES","6341","","","","","NEEDS_WP_REST_PULL","NEEDS_WP_REST_PULL","282","NEEDS_ASSIGNMENT","2023-12-03","2023-12-03","2023-12-03","2023-12-03","","","???? ?????","criminal-law","","","","","","","","0","0","0%","NOT_IN_GSC_3M","73","5632","1.30%","18.8","","MEDIUM","","","NEEDS_OWNER_REVIEW","","UNKNOWN_NEEDS_APPROVAL","","","HIGH","NEEDS_MAPPING","","","","Article,BreadcrumbList","author,reviewer,last-updated","Needs disclaimer","","","","","","READY_FOR_REVIEW","YES","NO_GSC_3M;NEEDS_BACKLINK_TOOL","agent-2026-05-13","2026-05-13",""
"768","wp-rest+gsc-api+old-inventory","7580","articles","publish","https://jus-tice.co.il/decision48240-04-17","%d7%96%d7%99%d7%9b%d7%95%d7%99-%d7%9e%d7%a2%d7%91%d7%99%d7%a8%d7%95%d7%aa-%d7%90%d7%99%d7%95%d7%9e%d7%99%d7%9d-%d7%a2%d7%a8%d7%a2%d7%95%d7%a8-%d7%a4%d7%a1%d7%93-%d7%aa%d7%a7%d7%99%d7%a4%d7%aa-%d7%a1","????? ??????? ?????? ????? ??&#8221;? ????? ??? ???? ?? ??? (?&#8221;? 48240-04-17)","????? ??????? ?????? ????? ??&#8221;? ????? ??? ???? ?? ??? (?&#8221;? 48240-04-17)","","","","https://jus-tice.co.il/decision48240-04-17","UNKNOWN_NEEDS_RAR_EXTRACTION_OR_WP_REST_EXPORT","YES","YES","12870","","","","","NEEDS_WP_REST_PULL","NEEDS_WP_REST_PULL","282","NEEDS_ASSIGNMENT","2022-07-18","2022-07-18","2022-07-18","2022-07-18","","","????? ???? ??? ??????","criminal-law","","","","","","","","0","0","0%","NOT_IN_GSC_3M","8","1497","0.53%","48.3","","LOW","","","NEEDS_OWNER_REVIEW","","UNKNOWN_NEEDS_APPROVAL","","","NORMAL","NEEDS_MAPPING","","","","Article,BreadcrumbList","author,reviewer,last-updated","Needs disclaimer","","","","","","READY_FOR_REVIEW","YES","NO_GSC_3M;NEEDS_BACKLINK_TOOL","agent-2026-05-13","2026-05-13",""
"782","wp-rest+gsc-api+old-inventory","7276","articles","publish","https://jus-tice.co.il/decision6077-20","%d7%a4%d7%9c%d7%99%d7%9c%d7%99-%d7%9b%d7%a1%d7%a4%d7%99-%d7%97%d7%99%d7%9c%d7%95%d7%98-%d7%9c%d7%90-%d7%99%d7%95%d7%9b%d7%a8%d7%95-%d7%9b%d7%94%d7%95%d7%a6%d7%90%d7%94-%d7%9e%d7%95%d7%aa%d7%a8%d7%aa","?????: ???? ????? ?? ????? ?????? ????? ?????? ?? ????? | ??? ??? ????? ?&#8221;?  6077/20","?????: ???? ????? ?? ????? ?????? ????? ?????? ?? ????? | ??? ??? ????? ?&#8221;?  6077/20","","","","https://jus-tice.co.il/decision6077-20","UNKNOWN_NEEDS_RAR_EXTRACTION_OR_WP_REST_EXPORT","YES","YES","16882","","","","","NEEDS_WP_REST_PULL","NEEDS_WP_REST_PULL","282","NEEDS_ASSIGNMENT","2022-05-29","2022-05-29","2022-05-29","2022-05-29","","","???? ??? ????? ???? ??? 2022","criminal-law","","","","","","","","0","203","0.00%","11.5","1","1559","0.06%","38.5","????? ????? | ????? ????? | ????? ???? ??????? ???? | ???? ??????","LOW","","","NEEDS_OWNER_REVIEW","","UNKNOWN_NEEDS_APPROVAL","","","NORMAL","NEEDS_MAPPING","","","","Article,BreadcrumbList","author,reviewer,last-updated","Needs disclaimer","","","","","","READY_FOR_REVIEW","YES","NEEDS_BACKLINK_TOOL","agent-2026-05-13","2026-05-13",""
"786","wp-rest+gsc-api+old-inventory","7569","articles","publish","https://jus-tice.co.il/decision71869-11-21","%d7%a4%d7%9c%d7%99%d7%9c%d7%99-%d7%94%d7%97%d7%9c%d7%98%d7%94-%d7%91%d7%a2%d7%a8%d7%a2%d7%95%d7%a8-%d7%a2%d7%9c-%d7%97%d7%99%d7%9c%d7%95%d7%98-%d7%a8%d7%9b%d7%91-%d7%99%d7%95%d7%a7%d7%a8%d7%94-%d7%91","?????: ????? ?????? ?? ????? ??? ????? ?? ???? ??? ?? ???? (??&#8221;? 71869-11-21)","?????: ????? ?????? ?? ????? ??? ????? ?? ???? ??? ?? ???? (??&#8221;? 71869-11-21)","","","","https://jus-tice.co.il/decision71869-11-21","UNKNOWN_NEEDS_RAR_EXTRACTION_OR_WP_REST_EXPORT","YES","YES","4699","","","","","NEEDS_WP_REST_PULL","NEEDS_WP_REST_PULL","282","NEEDS_ASSIGNMENT","2022-07-13","2022-07-13","2022-07-13","2022-07-13","","","???? ??? ????? ???? ??? 2022","criminal-law","","","","","","","","0","0","0%","NOT_IN_GSC_3M","13","1541","0.84%","37.1","","LOW","","","NEEDS_OWNER_REVIEW","","UNKNOWN_NEEDS_APPROVAL","","","NORMAL","NEEDS_MAPPING","","","","Article,BreadcrumbList","author,reviewer,last-updated","Needs disclaimer","","","","","","READY_FOR_REVIEW","YES","NO_GSC_3M;NEEDS_BACKLINK_TOOL","agent-2026-05-13","2026-05-13",""
"793","wp-rest+gsc-api+old-inventory","872","articles","publish","https://jus-tice.co.il/detention-before-charge-or-trial","%d7%9e%d7%a2%d7%a6%d7%a8-%d7%a2%d7%93-%d7%aa%d7%95%d7%9d-%d7%94%d7%94%d7%9c%d7%99%d7%9b%d7%99%d7%9d","???? ?? ??? ???????","???? ?? ??? ???????","","","","https://jus-tice.co.il/detention-before-charge-or-trial","UNKNOWN_NEEDS_RAR_EXTRACTION_OR_WP_REST_EXPORT","YES","YES","530","","","","","NEEDS_WP_REST_PULL","NEEDS_WP_REST_PULL","282","NEEDS_ASSIGNMENT","2019-03-24","2021-08-19","2019-03-24","2021-08-19","","","???? ?????","criminal-law","","","","","","","","0","0","0%","NOT_IN_GSC_3M","1","7463","0.01%","38.0","","MEDIUM","","","NEEDS_OWNER_REVIEW","","UNKNOWN_NEEDS_APPROVAL","","","HIGH","NEEDS_MAPPING","","","","Article,BreadcrumbList","author,reviewer,last-updated","Needs disclaimer","","","","","","READY_FOR_REVIEW","YES","NO_GSC_3M;NEEDS_BACKLINK_TOOL","agent-2026-05-13","2026-05-13",""
"794","wp-rest+gsc-api+old-inventory","877","articles","publish","https://jus-tice.co.il/detention-days","%d7%9e%d7%a2%d7%a6%d7%a8-%d7%99%d7%9e%d7%99%d7%9d","???? ????","???? ????","","","","https://jus-tice.co.il/detention-days","UNKNOWN_NEEDS_RAR_EXTRACTION_OR_WP_REST_EXPORT","YES","YES","511","","","","","NEEDS_WP_REST_PULL","NEEDS_WP_REST_PULL","282","NEEDS_ASSIGNMENT","2019-03-24","2021-10-11","2019-03-24","2021-10-11","","","???? ?????","criminal-law","","","","","","","","0","0","0%","NOT_IN_GSC_3M","4","5357","0.07%","37.5","","MEDIUM","","","NEEDS_OWNER_REVIEW","","UNKNOWN_NEEDS_APPROVAL","","","HIGH","NEEDS_MAPPING","","","","Article,BreadcrumbList","author,reviewer,last-updated","Needs disclaimer","","","","","","READY_FOR_REVIEW","YES","NO_GSC_3M;NEEDS_BACKLINK_TOOL","agent-2026-05-13","2026-05-13",""
"815","wp-rest+gsc-api+old-inventory","845","articles","publish","https://jus-tice.co.il/drug-possession","%d7%94%d7%97%d7%96%d7%a7%d7%aa-%d7%a1%d7%9e%d7%99%d7%9d","????? ????","????? ????","","","","https://jus-tice.co.il/drug-possession","UNKNOWN_NEEDS_RAR_EXTRACTION_OR_WP_REST_EXPORT","YES","YES","581","","","","","NEEDS_WP_REST_PULL","NEEDS_WP_REST_PULL","282","NEEDS_ASSIGNMENT","2019-03-24","2024-02-25","2019-03-24","2024-02-25","","","???? ?????","criminal-law","","","","","","","","0","0","0%","NOT_IN_GSC_3M","4","5861","0.07%","40.5","","MEDIUM","","","NEEDS_OWNER_REVIEW","","UNKNOWN_NEEDS_APPROVAL","","","HIGH","NEEDS_MAPPING","","","","Article,BreadcrumbList","author,reviewer,last-updated","Needs disclaimer","","","","","","READY_FOR_REVIEW","YES","NO_GSC_3M;NEEDS_BACKLINK_TOOL","agent-2026-05-13","2026-05-13",""
"816","wp-rest+gsc-api+old-inventory","862","articles","publish","https://jus-tice.co.il/drug-related-crime","%d7%a2%d7%91%d7%99%d7%a8%d7%95%d7%aa-%d7%a1%d7%9e%d7%99%d7%9d","?????? ????","?????? ????","","","","https://jus-tice.co.il/drug-related-crime","UNKNOWN_NEEDS_RAR_EXTRACTION_OR_WP_REST_EXPORT","YES","YES","530","","","","","NEEDS_WP_REST_PULL","NEEDS_WP_REST_PULL","282","NEEDS_ASSIGNMENT","2019-03-24","2024-02-25","2019-03-24","2024-02-25","","","???? ?????","criminal-law","","","","","","","","0","0","0%","NOT_IN_GSC_3M","3","23833","0.01%","34.9","","HIGH","","","DO_NOT_TOUCH_HIGH_TRAFFIC_URL","High traffic URL - protect","UNKNOWN_NEEDS_APPROVAL","","","CRITICAL","NEEDS_MAPPING","","","","Article,BreadcrumbList","author,reviewer,last-updated","Needs disclaimer","","","","","","DO_NOT_TOUCH","YES","NO_GSC_3M;NEEDS_BACKLINK_TOOL","agent-2026-05-13","2026-05-13",""
"817","wp-rest+gsc-api+old-inventory","867","articles","publish","https://jus-tice.co.il/drug-trafficking","%d7%a1%d7%97%d7%a8-%d7%91%d7%a1%d7%9e%d7%99%d7%9d","??? ????? | ????? ??? ?????","??? ????? | ????? ??? ?????","","","","https://jus-tice.co.il/drug-trafficking","UNKNOWN_NEEDS_RAR_EXTRACTION_OR_WP_REST_EXPORT","YES","YES","491","","","","","NEEDS_WP_REST_PULL","NEEDS_WP_REST_PULL","282","NEEDS_ASSIGNMENT","2019-03-24","2024-02-25","2019-03-24","2024-02-25","","","???? ?????","criminal-law","","","","","","","","0","0","0%","NOT_IN_GSC_3M","6","8019","0.07%","25.3","","MEDIUM","","","NEEDS_OWNER_REVIEW","","UNKNOWN_NEEDS_APPROVAL","","","HIGH","NEEDS_MAPPING","","","","Article,BreadcrumbList","author,reviewer,last-updated","Needs disclaimer","","","","","","READY_FOR_REVIEW","YES","NO_GSC_3M;NEEDS_BACKLINK_TOOL","agent-2026-05-13","2026-05-13",""
"830","wp-rest+gsc-api+old-inventory","882","articles","publish","https://jus-tice.co.il/expungement-of-criminal-records","%d7%9e%d7%97%d7%99%d7%a7%d7%aa-%d7%a8%d7%99%d7%a9%d7%95%d7%9d-%d7%a4%d7%9c%d7%99%d7%9c%d7%99","????? ????? ?????","????? ????? ?????","","","","https://jus-tice.co.il/expungement-of-criminal-records","UNKNOWN_NEEDS_RAR_EXTRACTION_OR_WP_REST_EXPORT","YES","YES","572","","","","","NEEDS_WP_REST_PULL","NEEDS_WP_REST_PULL","282","NEEDS_ASSIGNMENT","2019-03-24","2022-03-06","2019-03-24","2022-03-06","","","???? ?????","criminal-law","","","","","","","","0","0","0%","NOT_IN_GSC_3M","2","5664","0.04%","63.2","","MEDIUM","","","NEEDS_OWNER_REVIEW","","UNKNOWN_NEEDS_APPROVAL","","","HIGH","NEEDS_MAPPING","","","","Article,BreadcrumbList","author,reviewer,last-updated","Needs disclaimer","","","","","","READY_FOR_REVIEW","YES","NO_GSC_3M;NEEDS_BACKLINK_TOOL","agent-2026-05-13","2026-05-13",""
"831","wp-rest+gsc-api+old-inventory","5986","articles","publish","https://jus-tice.co.il/extension-of-detention-for-more-than-thirty-days","%d7%94%d7%90%d7%a8%d7%9b%d7%aa-%d7%9e%d7%a2%d7%a6%d7%a8-%d7%9e%d7%a2%d7%9c-%d7%a9%d7%9c%d7%95%d7%a9%d7%99%d7%9d-%d7%99%d7%9e%d7%99%d7%9d","????? ???? ??? ?????? ????","????? ???? ??? ?????? ????","","","","https://jus-tice.co.il/extension-of-detention-for-more-than-thirty-days","UNKNOWN_NEEDS_RAR_EXTRACTION_OR_WP_REST_EXPORT","YES","YES","2544","","","","","NEEDS_WP_REST_PULL","NEEDS_WP_REST_PULL","282","NEEDS_ASSIGNMENT","2021-08-14","2021-08-14","2021-08-14","2021-08-14","","","???? ?????","criminal-law","","","","","","","","0","0","0%","NOT_IN_GSC_3M","10","4414","0.23%","52.6","","MEDIUM","","","NEEDS_OWNER_REVIEW","","UNKNOWN_NEEDS_APPROVAL","","","HIGH","NEEDS_MAPPING","","","","Article,BreadcrumbList","author,reviewer,last-updated","Needs disclaimer","","","","","","READY_FOR_REVIEW","YES","NO_GSC_3M;NEEDS_BACKLINK_TOOL","agent-2026-05-13","2026-05-13",""
"869","wp-rest+gsc-api+old-inventory","9517","articles","publish","https://jus-tice.co.il/history-of-criminal-justice","%d7%94%d7%99%d7%a1%d7%98%d7%95%d7%a8%d7%99%d7%94-%d7%a9%d7%9c-%d7%9e%d7%a9%d7%a4%d7%98-%d7%a4%d7%9c%d7%99%d7%9c%d7%99","???????? ?? ???? ?????","???????? ?? ???? ?????","","","","https://jus-tice.co.il/history-of-criminal-justice","UNKNOWN_NEEDS_RAR_EXTRACTION_OR_WP_REST_EXPORT","YES","YES","4017","","","","","NEEDS_WP_REST_PULL","NEEDS_WP_REST_PULL","282","NEEDS_ASSIGNMENT","2023-05-21","2023-05-21","2023-05-21","2023-05-21","","","???? ?????","criminal-law","","","","","","","","0","0","0%","NOT_IN_GSC_3M","13","598","2.17%","26.0","","LOW","","","NEEDS_OWNER_REVIEW","","UNKNOWN_NEEDS_APPROVAL","","","NORMAL","NEEDS_MAPPING","","","","Article,BreadcrumbList","author,reviewer,last-updated","Needs disclaimer","","","","","","READY_FOR_REVIEW","YES","NO_GSC_3M;NEEDS_BACKLINK_TOOL","agent-2026-05-13","2026-05-13",""
"879","wp-rest+gsc-api+old-inventory","2885","articles","publish","https://jus-tice.co.il/how-much-will-a-criminal-defense-lawyer-cost","%d7%9b%d7%9e%d7%94-%d7%a2%d7%95%d7%9c%d7%94-%d7%99%d7%99%d7%a6%d7%95%d7%92-%d7%a2%d7%95%d7%a8%d7%9a-%d7%93%d7%99%d7%9f-%d7%a4%d7%9c%d7%99%d7%9c%d7%99-%d7%9e%d7%97%d7%99%d7%a8%d7%95%d7%9f-%d7%9e","??? ???? ????? ???? ??? ?????? | ?????? ????? 2024","??? ???? ????? ???? ??? ?????? | ?????? ????? 2024","","","","https://jus-tice.co.il/how-much-will-a-criminal-defense-lawyer-cost","UNKNOWN_NEEDS_RAR_EXTRACTION_OR_WP_REST_EXPORT","YES","YES","2446","","","","","NEEDS_WP_REST_PULL","NEEDS_WP_REST_PULL","282","NEEDS_ASSIGNMENT","2021-02-02","2023-12-06","2021-02-02","2023-12-06","","","???? ?????","criminal-law","","","","","","","","0","0","0%","NOT_IN_GSC_3M","217","22996","0.94%","36.3","","HIGH","","","DO_NOT_TOUCH_HIGH_TRAFFIC_URL","High traffic URL - protect","UNKNOWN_NEEDS_APPROVAL","","","CRITICAL","NEEDS_MAPPING","","","","Article,BreadcrumbList","author,reviewer,last-updated","Needs disclaimer","","","","","","DO_NOT_TOUCH","YES","NO_GSC_3M;NEEDS_BACKLINK_TOOL","agent-2026-05-13","2026-05-13",""
"880","wp-rest+gsc-api+old-inventory","850","articles","publish","https://jus-tice.co.il/how-to-choose-criminal-defense-attorney","how-to-choose-criminal-defense-attorney","???? ?????? ???? ??? ?????","???? ?????? ???? ??? ?????","","","","https://jus-tice.co.il/how-to-choose-criminal-defense-attorney","UNKNOWN_NEEDS_RAR_EXTRACTION_OR_WP_REST_EXPORT","YES","YES","1150","","","","","NEEDS_WP_REST_PULL","NEEDS_WP_REST_PULL","282","NEEDS_ASSIGNMENT","2019-03-24","2024-04-04","2019-03-24","2024-04-04","","","???? ?????","criminal-law","","","","","","","","0","0","0%","NOT_IN_GSC_3M","1","999","0.10%","38.9","","LOW","","","NEEDS_OWNER_REVIEW","","UNKNOWN_NEEDS_APPROVAL","","","NORMAL","NEEDS_MAPPING","","","","Article,BreadcrumbList","author,reviewer,last-updated","Needs disclaimer","","","","","","READY_FOR_REVIEW","YES","NO_GSC_3M;NEEDS_BACKLINK_TOOL","agent-2026-05-13","2026-05-13",""
"884","wp-rest+gsc-api+old-inventory","9583","articles","publish","https://jus-tice.co.il/human-trafficking","%d7%9e%d7%94-%d7%96%d7%94-%d7%a1%d7%97%d7%a8-%d7%91%d7%91%d7%a0%d7%99-%d7%90%d7%93%d7%9d","??&#8221;? ????? ??? ???? ???","??&#8221;? ????? ??? ???? ???","","","","https://jus-tice.co.il/human-trafficking","UNKNOWN_NEEDS_RAR_EXTRACTION_OR_WP_REST_EXPORT","YES","YES","7921","","","","","NEEDS_WP_REST_PULL","NEEDS_WP_REST_PULL","282","NEEDS_ASSIGNMENT","2023-05-31","2023-05-31","2023-05-31","2023-05-31","","","???? ?????","criminal-law","","","","","","","","0","0","0%","NOT_IN_GSC_3M","6","855","0.70%","23.8","","LOW","","","NEEDS_OWNER_REVIEW","","UNKNOWN_NEEDS_APPROVAL","","","NORMAL","NEEDS_MAPPING","","","","Article,BreadcrumbList","author,reviewer,last-updated","Needs disclaimer","","","","","","READY_FOR_REVIEW","YES","NO_GSC_3M;NEEDS_BACKLINK_TOOL","agent-2026-05-13","2026-05-13",""
"912","wp-rest+gsc-api+old-inventory","948","articles","publish","https://jus-tice.co.il/israel-crime-statistics","%d7%9e%d7%a9%d7%98%d7%a8%d7%aa-%d7%99%d7%a9%d7%a8%d7%90%d7%9c-%d7%94%d7%a9%d7%a0%d7%aa%d7%95%d7%9f-%d7%94%d7%a1%d7%98%d7%98%d7%99%d7%a1%d7%98%d7%99","????? ????? ?????? ????????","????? ????? ?????? ????????","","","","https://jus-tice.co.il/israel-crime-statistics","UNKNOWN_NEEDS_RAR_EXTRACTION_OR_WP_REST_EXPORT","YES","YES","13478","","","","","NEEDS_WP_REST_PULL","NEEDS_WP_REST_PULL","282","NEEDS_ASSIGNMENT","2019-06-19","2021-03-24","2019-06-19","2021-03-24","","","???? ?????","criminal-law","","","","","","","","0","0","0%","NOT_IN_GSC_3M","6","5193","0.12%","17.8","","MEDIUM","","","NEEDS_OWNER_REVIEW","","UNKNOWN_NEEDS_APPROVAL","","","HIGH","NEEDS_MAPPING","","","","Article,BreadcrumbList","author,reviewer,last-updated","Needs disclaimer","","","","","","READY_FOR_REVIEW","YES","NO_GSC_3M;NEEDS_BACKLINK_TOOL","agent-2026-05-13","2026-05-13",""
"915","wp-rest+gsc-api+old-inventory","6802","articles","publish","https://jus-tice.co.il/israel-police","%d7%9e%d7%94%d7%99-%d7%9e%d7%a9%d7%98%d7%a8%d7%94-%d7%9e%d7%a9%d7%98%d7%a8%d7%aa-%d7%99%d7%a9%d7%a8%d7%90%d7%9c","??? ?????? ????? ?????","??? ?????? ????? ?????","","","","https://jus-tice.co.il/israel-police","UNKNOWN_NEEDS_RAR_EXTRACTION_OR_WP_REST_EXPORT","YES","YES","932","","","","","NEEDS_WP_REST_PULL","NEEDS_WP_REST_PULL","282","NEEDS_ASSIGNMENT","2022-02-28","2023-04-14","2022-02-28","2023-04-14","","","???? ?????","criminal-law","","","","","","","","0","0","0%","NOT_IN_GSC_3M","2","4378","0.05%","39.9","","MEDIUM","","","NEEDS_OWNER_REVIEW","","UNKNOWN_NEEDS_APPROVAL","","","HIGH","NEEDS_MAPPING","","","","Article,BreadcrumbList","author,reviewer,last-updated","Needs disclaimer","","","","","","READY_FOR_REVIEW","YES","NO_GSC_3M;NEEDS_BACKLINK_TOOL","agent-2026-05-13","2026-05-13",""
"942","wp-rest+gsc-api+old-inventory","12464","articles","publish","https://jus-tice.co.il/lahav-433","%d7%9c%d7%94%d7%91-433-%d7%9e%d7%91%d7%a0%d7%94-%d7%94%d7%99%d7%97%d7%99%d7%93%d7%94-%d7%9b%d7%aa%d7%95%d7%91%d7%aa-%d7%95%d7%98%d7%9c%d7%a4%d7%95%d7%9f-%d7%9e%d7%a9%d7%98%d7%a8%d7%aa-%d7%99%d7%a9","??? 433: ???? ?????? ?????? ???????? | ????? ????? ??? 433","??? 433: ???? ?????? ?????? ???????? | ????? ????? ??? 433","","","","https://jus-tice.co.il/lahav-433","UNKNOWN_NEEDS_RAR_EXTRACTION_OR_WP_REST_EXPORT","YES","YES","16693","","","","","NEEDS_WP_REST_PULL","NEEDS_WP_REST_PULL","282","NEEDS_ASSIGNMENT","2025-05-12","2025-05-12","2025-05-12","2025-05-12","","","???? ?????","criminal-law","","","","","","","","0","0","0%","NOT_IN_GSC_3M","302","23380","1.29%","13.2","","HIGH","","","DO_NOT_TOUCH_HIGH_TRAFFIC_URL","High traffic URL - protect","UNKNOWN_NEEDS_APPROVAL","","","CRITICAL","NEEDS_MAPPING","","","","Article,BreadcrumbList","author,reviewer,last-updated","Needs disclaimer","","","","","","DO_NOT_TOUCH","YES","NO_GSC_3M;NEEDS_BACKLINK_TOOL","agent-2026-05-13","2026-05-13",""
"951","wp-rest+gsc-api+old-inventory","7685","articles","publish","https://jus-tice.co.il/lawyer-near-me-criminal-law","%d7%a2%d7%95%d7%a8%d7%9b%d7%99-%d7%94%d7%93%d7%99%d7%9f-%d7%9c%d7%94%d7%92%d7%a0%d7%94-%d7%a4%d7%9c%d7%99%d7%9c%d7%99%d7%aa-%d7%94%d7%98%d7%95%d7%91%d7%99%d7%9d-%d7%91%d7%99%d7%95%d7%aa%d7%a8-%d7%91","????? ???? ????? ?????? ?????? ????? ?????? ? ?????? ????? ???","????? ???? ????? ?????? ?????? ????? ?????? ? ?????? ????? ???","","","","https://jus-tice.co.il/lawyer-near-me-criminal-law","UNKNOWN_NEEDS_RAR_EXTRACTION_OR_WP_REST_EXPORT","YES","YES","2000","","","","","NEEDS_WP_REST_PULL","NEEDS_WP_REST_PULL","282","NEEDS_ASSIGNMENT","2022-09-01","2022-09-01","2022-09-01","2022-09-01","","","???? ?????","criminal-law","","","","","","","","0","0","0%","NOT_IN_GSC_3M","13","12912","0.10%","64.1","","MEDIUM","","","NEEDS_OWNER_REVIEW","","UNKNOWN_NEEDS_APPROVAL","","","HIGH","NEEDS_MAPPING","","","","Article,BreadcrumbList","author,reviewer,last-updated","Needs disclaimer","","","","","","READY_FOR_REVIEW","YES","NO_GSC_3M;NEEDS_BACKLINK_TOOL","agent-2026-05-13","2026-05-13",""
"957","wp-rest+gsc-api+old-inventory","NEEDS_WP_MATCH","UNKNOWN","NEEDS_WP_PULL","https://jus-tice.co.il/leading-criminal-law-firm","leading-criminal-law-firm","leading criminal law firm","leading criminal law firm","","","","https://jus-tice.co.il/leading-criminal-law-firm","UNKNOWN_NEEDS_RAR_EXTRACTION_OR_WP_REST_EXPORT","YES","YES","UNKNOWN","","","","","NEEDS_WP_REST_PULL","NEEDS_WP_REST_PULL","UNKNOWN","NEEDS_ASSIGNMENT","UNKNOWN","UNKNOWN","UNKNOWN","UNKNOWN","UNKNOWN","UNKNOWN","NEEDS_WP_MATCH","criminal-law","","","","","","","","0","0","0%","NOT_IN_GSC_3M","16","10533","0.15%","52.8","","MEDIUM","","","NEEDS_WP_MATCH","","UNKNOWN_NEEDS_APPROVAL","","","HIGH","NEEDS_MAPPING","","","","Article,BreadcrumbList","author,reviewer,last-updated","Needs disclaimer","","","","","","NO","YES","NEEDS_WP_MATCH;NEEDS_PRACTICE_AREA;NO_GSC_3M;NEEDS_BACKLINK_TOOL","agent-2026-05-13","2026-05-13",""
"976","wp-rest+gsc-api+old-inventory","8793","articles","publish","https://jus-tice.co.il/list-of-types-of-fraud","%d7%a8%d7%a9%d7%99%d7%9e%d7%94-%d7%a9%d7%9c-%d7%a1%d7%95%d7%92%d7%99-%d7%94%d7%95%d7%a0%d7%90%d7%94","???? ??? ????? ????? |  ???? ?????","???? ??? ????? ????? |  ???? ?????","","","","https://jus-tice.co.il/list-of-types-of-fraud","UNKNOWN_NEEDS_RAR_EXTRACTION_OR_WP_REST_EXPORT","YES","YES","1412","","","","","NEEDS_WP_REST_PULL","NEEDS_WP_REST_PULL","282","NEEDS_ASSIGNMENT","2023-03-14","2023-06-04","2023-03-14","2023-06-04","","","???? ?????","criminal-law","","","","","","","","0","0","0%","NOT_IN_GSC_3M","31","5439","0.57%","32.3","","MEDIUM","","","NEEDS_OWNER_REVIEW","","UNKNOWN_NEEDS_APPROVAL","","","HIGH","NEEDS_MAPPING","","","","Article,BreadcrumbList","author,reviewer,last-updated","Needs disclaimer","","","","","","READY_FOR_REVIEW","YES","NO_GSC_3M;NEEDS_BACKLINK_TOOL","agent-2026-05-13","2026-05-13",""
"983","wp-rest+gsc-api+old-inventory","5967","articles","publish","https://jus-tice.co.il/marijuana-possession-us-law","%d7%94%d7%97%d7%96%d7%a7%d7%aa-%d7%9e%d7%a8%d7%99%d7%97%d7%95%d7%90%d7%a0%d7%94-%d7%97%d7%95%d7%a7%d7%99%d7%9d-%d7%95%d7%a2%d7%95%d7%a0%d7%a9%d7%99%d7%9d-%d7%91%d7%90%d7%a8%d7%94%d7%91","????? ????????: ????? ??????? ????&#8221;?","????? ????????: ????? ??????? ????&#8221;?","","","","https://jus-tice.co.il/marijuana-possession-us-law","UNKNOWN_NEEDS_RAR_EXTRACTION_OR_WP_REST_EXPORT","YES","YES","1164","","","","","NEEDS_WP_REST_PULL","NEEDS_WP_REST_PULL","282","NEEDS_ASSIGNMENT","2021-08-12","2024-04-30","2021-08-12","2024-04-30","","","???? ?????","criminal-law","","","","","","","","0","0","0%","NOT_IN_GSC_3M","12","1850","0.65%","54.4","","LOW","","","NEEDS_OWNER_REVIEW","","UNKNOWN_NEEDS_APPROVAL","","","NORMAL","NEEDS_MAPPING","","","","Article,BreadcrumbList","author,reviewer,last-updated","Needs disclaimer","","","","","","READY_FOR_REVIEW","YES","NO_GSC_3M;NEEDS_BACKLINK_TOOL","agent-2026-05-13","2026-05-13",""
"995","wp-rest+gsc-api+old-inventory","9653","articles","publish","https://jus-tice.co.il/miranda-warning","%d7%90%d7%96%d7%94%d7%a8%d7%aa-%d7%9e%d7%99%d7%a8%d7%a0%d7%93%d7%94-%d7%a2%d7%95%d7%a8%d7%9b%d7%99-%d7%93%d7%99%d7%9f-%d7%a4%d7%9c%d7%99%d7%9c%d7%99-%d7%91%d7%90%d7%a8%d7%a6%d7%95%d7%aa-%d7%94%d7%91","????? ?????? | ????? ??? ????? ?????? ?????","????? ?????? | ????? ??? ????? ?????? ?????","","","","https://jus-tice.co.il/miranda-warning","UNKNOWN_NEEDS_RAR_EXTRACTION_OR_WP_REST_EXPORT","YES","YES","8775","","","","","NEEDS_WP_REST_PULL","NEEDS_WP_REST_PULL","282","NEEDS_ASSIGNMENT","2023-06-09","2023-06-09","2023-06-09","2023-06-09","","","???? ?????","criminal-law","","","","","","","","0","0","0%","NOT_IN_GSC_3M","18","2735","0.66%","22.3","","MEDIUM","","","NEEDS_OWNER_REVIEW","","UNKNOWN_NEEDS_APPROVAL","","","HIGH","NEEDS_MAPPING","","","","Article,BreadcrumbList","author,reviewer,last-updated","Needs disclaimer","","","","","","READY_FOR_REVIEW","YES","NO_GSC_3M;NEEDS_BACKLINK_TOOL","agent-2026-05-13","2026-05-13",""
"1001","wp-rest+gsc-api+old-inventory","8629","articles","publish","https://jus-tice.co.il/most-famous-murder-acquittal-cases","%d7%96%d7%99%d7%9b%d7%95%d7%99-%d7%9e%d7%90%d7%a9%d7%9e%d7%aa-%d7%a8%d7%a6%d7%97-%d7%94%d7%aa%d7%99%d7%a7%d7%99%d7%9d-%d7%94%d7%9e%d7%a4%d7%95%d7%a8%d7%a1%d7%9e%d7%99%d7%9d-%d7%9e%d7%99-%d7%a2%d7%95","????? ????? ???: ?????? ????????? ?? ???? ???? ????? ????? ???? ?????? ??????","????? ????? ???: ?????? ????????? ?? ???? ???? ????? ????? ???? ?????? ??????","","","","https://jus-tice.co.il/most-famous-murder-acquittal-cases","UNKNOWN_NEEDS_RAR_EXTRACTION_OR_WP_REST_EXPORT","YES","YES","286","","","","","NEEDS_WP_REST_PULL","NEEDS_WP_REST_PULL","282","NEEDS_ASSIGNMENT","2023-02-23","2023-02-23","2023-02-23","2023-02-23","","","???? ?????","criminal-law","","","","","","","","0","0","0%","NOT_IN_GSC_3M","15","1143","1.31%","12.5","","LOW","","","NEEDS_OWNER_REVIEW","","UNKNOWN_NEEDS_APPROVAL","","","NORMAL","NEEDS_MAPPING","","","","Article,BreadcrumbList","author,reviewer,last-updated","Needs disclaimer","","","","","","READY_FOR_REVIEW","YES","NO_GSC_3M;NEEDS_BACKLINK_TOOL","agent-2026-05-13","2026-05-13",""
"1002","wp-rest+gsc-api+old-inventory","9625","articles","publish","https://jus-tice.co.il/murder-in-united-states-law","%d7%a2%d7%91%d7%99%d7%a8%d7%aa-%d7%a8%d7%a6%d7%97-%d7%90%d7%a8%d7%a6%d7%95%d7%aa-%d7%94%d7%91%d7%a8%d7%99%d7%aa-%d7%a2%d7%95%d7%93-%d7%a4%d7%9c%d7%99%d7%9c%d7%99-%d7%97%d7%95%d7%a7-%d7%90%d7%a8","????? ??? ????? ????? | ??&#8221;? ????? ??? ???&#8221;?","????? ??? ????? ????? | ??&#8221;? ????? ??? ???&#8221;?","","","","https://jus-tice.co.il/murder-in-united-states-law","UNKNOWN_NEEDS_RAR_EXTRACTION_OR_WP_REST_EXPORT","YES","YES","2779","","","","","NEEDS_WP_REST_PULL","NEEDS_WP_REST_PULL","282","NEEDS_ASSIGNMENT","2023-06-05","2023-06-05","2023-06-05","2023-06-05","","","???? ?????","criminal-law","","","","","","","","0","0","0%","NOT_IN_GSC_3M","89","12102","0.74%","35.2","","MEDIUM","","","NEEDS_OWNER_REVIEW","","UNKNOWN_NEEDS_APPROVAL","","","HIGH","NEEDS_MAPPING","","","","Article,BreadcrumbList","author,reviewer,last-updated","Needs disclaimer","","","","","","READY_FOR_REVIEW","YES","NO_GSC_3M;NEEDS_BACKLINK_TOOL","agent-2026-05-13","2026-05-13",""
"1028","wp-rest+gsc-api+old-inventory","888","articles","publish","https://jus-tice.co.il/police-records-data-deletion","%d7%9e%d7%97%d7%99%d7%a7%d7%aa-%d7%a8%d7%99%d7%a9%d7%95%d7%9d-%d7%9e%d7%a9%d7%98%d7%a8%d7%aa%d7%99","????? ????? ?????? | ????? ????? ?? ????? ??????","????? ????? ?????? | ????? ????? ?? ????? ??????","","","","https://jus-tice.co.il/police-records-data-deletion","UNKNOWN_NEEDS_RAR_EXTRACTION_OR_WP_REST_EXPORT","YES","YES","530","","","","","NEEDS_WP_REST_PULL","NEEDS_WP_REST_PULL","282","NEEDS_ASSIGNMENT","2019-03-24","2020-10-17","2019-03-24","2020-10-17","","","???? ?????","criminal-law","","","","","","","","0","0","0%","NOT_IN_GSC_3M","8","33822","0.02%","31.8","","HIGH","","","DO_NOT_TOUCH_HIGH_TRAFFIC_URL","High traffic URL - protect","UNKNOWN_NEEDS_APPROVAL","","","CRITICAL","NEEDS_MAPPING","","","","Article,BreadcrumbList","author,reviewer,last-updated","Needs disclaimer","","","","","","DO_NOT_TOUCH","YES","NO_GSC_3M;NEEDS_BACKLINK_TOOL","agent-2026-05-13","2026-05-13",""
"1063","wp-rest+gsc-api+old-inventory","11131","articles","publish","https://jus-tice.co.il/prosecutor","%d7%aa%d7%95%d7%91%d7%a2-%d7%91%d7%9e%d7%a9%d7%a4%d7%98-%d7%a4%d7%9c%d7%99%d7%9c%d7%99","???? ????? ?????","???? ????? ?????","","","","https://jus-tice.co.il/prosecutor","UNKNOWN_NEEDS_RAR_EXTRACTION_OR_WP_REST_EXPORT","YES","YES","4586","","","","","NEEDS_WP_REST_PULL","NEEDS_WP_REST_PULL","282","NEEDS_ASSIGNMENT","2024-04-04","2024-04-04","2024-04-04","2024-04-04","","","???? ?????","criminal-law","","","","","","","","0","0","0%","NOT_IN_GSC_3M","11","3041","0.36%","29.0","","MEDIUM","","","NEEDS_OWNER_REVIEW","","UNKNOWN_NEEDS_APPROVAL","","","HIGH","NEEDS_MAPPING","","","","Article,BreadcrumbList","author,reviewer,last-updated","Needs disclaimer","","","","","","READY_FOR_REVIEW","YES","NO_GSC_3M;NEEDS_BACKLINK_TOOL","agent-2026-05-13","2026-05-13",""
"1076","wp-rest+gsc-api+old-inventory","5356","articles","publish","https://jus-tice.co.il/psakdin/%D7%94%D7%92%D7%91%D7%9C%D7%94-%D7%A2%D7%9C-%D7%9E%D7%A1%D7%99%D7%A8%D7%AA-%D7%9E%D7%99%D7%93%D7%A2-%D7%9E%D7%94%D7%9E%D7%A8%D7%A9%D7%9D-%D7%94%D7%A4%D7%9C%D7%99%D7%9C%D7%99-%D7%95%D7%A7%D7%99%D7%A6%D7%95%D7%A8-%D7%AA%D7%A7%D7%95%D7%A4%D7%AA-%D7%94%D7%A8%D7%99%D7%A9%D7%95%D7%9D","%d7%94%d7%a6%d7%a2%d7%aa-%d7%97%d7%95%d7%a7-%d7%94%d7%a9%d7%99%d7%a4%d7%95%d7%98-%d7%94%d7%a6%d7%91%d7%90%d7%99","????? ?? ????? ???? ?????? ?????? ?????? ????? ??????","????? ?? ????? ???? ?????? ?????? ?????? ????? ??????","","","","https://jus-tice.co.il/psakdin/%D7%94%D7%92%D7%91%D7%9C%D7%94-%D7%A2%D7%9C-%D7%9E%D7%A1%D7%99%D7%A8%D7%AA-%D7%9E%D7%99%D7%93%D7%A2-%D7%9E%D7%94%D7%9E%D7%A8%D7%A9%D7%9D-%D7%94%D7%A4%D7%9C%D7%99%D7%9C%D7%99-%D7%95%D7%A7%D7%99%D7%A6%D7%95%D7%A8-%D7%AA%D7%A7%D7%95%D7%A4%D7%AA-%D7%94%D7%A8%D7%99%D7%A9%D7%95%D7%9D","UNKNOWN_NEEDS_RAR_EXTRACTION_OR_WP_REST_EXPORT","YES","YES","UNKNOWN","","","","","NEEDS_WP_REST_PULL","NEEDS_WP_REST_PULL","282","NEEDS_ASSIGNMENT","2021-06-16","2021-06-16","2021-06-16","2021-06-16","","","???? ?????","criminal-law","","","","","","","","0","45","0.00%","8.6","1","992","0.10%","34.2","""??? ????? ?????? ????? ?????"" ???? 14 15 16 17 18","LOW","","","NEEDS_OWNER_REVIEW","","UNKNOWN_NEEDS_APPROVAL","","","NORMAL","NEEDS_MAPPING","","","","Article,BreadcrumbList","author,reviewer,last-updated","Needs disclaimer","","","","","","READY_FOR_REVIEW","YES","NEEDS_BACKLINK_TOOL","agent-2026-05-13","2026-05-13",""
"1078","wp-rest+gsc-api+old-inventory","1804","articles","publish","https://jus-tice.co.il/psakdin/%D7%94%D7%95%D7%A8%D7%90%D7%95%D7%AA-%D7%97%D7%99%D7%A8%D7%95%D7%9D-%D7%A0%D7%92%D7%99%D7%A3-%D7%94%D7%A7%D7%95%D7%A8%D7%95%D7%A0%D7%94-%D7%9E%D7%A0%D7%99%D7%A2%D7%AA-%D7%9B%D7%A0%D7%99%D7%A1%D7%AA","%d7%94%d7%95%d7%a8%d7%90%d7%95%d7%aa-%d7%97%d7%99%d7%a8%d7%95%d7%9d-%d7%a0%d7%92%d7%99%d7%a3-%d7%94%d7%a7%d7%95%d7%a8%d7%95%d7%a0%d7%94-%d7%9e%d7%a0%d7%99%d7%a2%d7%aa-%d7%9b%d7%a0%d7%99%d7%a1%d7%aa","?????? ????? ???? ???????: ????? ????? ?????? ????? ??? ????? ??????? ???? ???? ????","?????? ????? ???? ???????: ????? ????? ?????? ????? ??? ????? ??????? ???? ???? ????","","","","https://jus-tice.co.il/psakdin/%D7%94%D7%95%D7%A8%D7%90%D7%95%D7%AA-%D7%97%D7%99%D7%A8%D7%95%D7%9D-%D7%A0%D7%92%D7%99%D7%A3-%D7%94%D7%A7%D7%95%D7%A8%D7%95%D7%A0%D7%94-%D7%9E%D7%A0%D7%99%D7%A2%D7%AA-%D7%9B%D7%A0%D7%99%D7%A1%D7%AA","UNKNOWN_NEEDS_RAR_EXTRACTION_OR_WP_REST_EXPORT","YES","YES","UNKNOWN","","","","","NEEDS_WP_REST_PULL","NEEDS_WP_REST_PULL","282","NEEDS_ASSIGNMENT","2020-03-17","2021-08-10","2020-03-17","2021-08-10","","","???? ?????","criminal-law","","","","","","","","0","4","0.00%","23.5","0","25","0.00%","52.4","","LOW","","","NEEDS_OWNER_REVIEW","","UNKNOWN_NEEDS_APPROVAL","","","NORMAL","NEEDS_MAPPING","","","","Article,BreadcrumbList","author,reviewer,last-updated","Needs disclaimer","","","","","","READY_FOR_REVIEW","YES","NEEDS_BACKLINK_TOOL","agent-2026-05-13","2026-05-13",""
"1079","wp-rest+gsc-api+old-inventory","5606","articles","publish","https://jus-tice.co.il/psakdin/%D7%94%D7%97%D7%9C%D7%98%D7%94-%D7%91%D7%91%D7%A7%D7%A9%D7%AA-%D7%94%D7%A1%D7%92%D7%A8%D7%94-%D7%91%D7%92%D7%99%D7%9F-%D7%A2%D7%91%D7%99%D7%A8%D7%95%D7%AA-%D7%A9%D7%9C-%D7%A7%D7%91%D7%9C%D7%AA-%D7%93","%d7%94%d7%97%d7%9c%d7%98%d7%94-%d7%91%d7%91%d7%a7%d7%a9%d7%aa-%d7%94%d7%a1%d7%92%d7%a8%d7%94-%d7%91%d7%92%d7%99%d7%9f-%d7%a2%d7%91%d7%99%d7%a8%d7%95%d7%aa-%d7%a9%d7%9c-%d7%a7%d7%91%d7%9c%d7%aa-%d7%93","???? ????? ???? ?????? ?? ???? ??? ????? | ??&#8221;? ?????","???? ????? ???? ?????? ?? ???? ??? ????? | ??&#8221;? ?????","","","","https://jus-tice.co.il/psakdin/%D7%94%D7%97%D7%9C%D7%98%D7%94-%D7%91%D7%91%D7%A7%D7%A9%D7%AA-%D7%94%D7%A1%D7%92%D7%A8%D7%94-%D7%91%D7%92%D7%99%D7%9F-%D7%A2%D7%91%D7%99%D7%A8%D7%95%D7%AA-%D7%A9%D7%9C-%D7%A7%D7%91%D7%9C%D7%AA-%D7%93","UNKNOWN_NEEDS_RAR_EXTRACTION_OR_WP_REST_EXPORT","YES","YES","UNKNOWN","","","","","NEEDS_WP_REST_PULL","NEEDS_WP_REST_PULL","282","NEEDS_ASSIGNMENT","2021-07-07","2021-07-07","2021-07-07","2021-07-07","","","???? ?????","criminal-law","","","","","","","","0","0","0%","NOT_IN_GSC_3M","6","3210","0.19%","50.0","","MEDIUM","","","NEEDS_OWNER_REVIEW","","UNKNOWN_NEEDS_APPROVAL","","","HIGH","NEEDS_MAPPING","","","","Article,BreadcrumbList","author,reviewer,last-updated","Needs disclaimer","","","","","","READY_FOR_REVIEW","YES","NO_GSC_3M;NEEDS_BACKLINK_TOOL","agent-2026-05-13","2026-05-13",""
"1105","wp-rest+gsc-api+old-inventory","2839","articles","publish","https://jus-tice.co.il/psakdin/%D7%A0%D7%98%D7%9C-%D7%94%D7%94%D7%95%D7%9B%D7%97%D7%94-%D7%9C%D7%A7%D7%99%D7%95%D7%9E%D7%95-%D7%A9%D7%9C-%D7%A1%D7%99%D7%99%D7%92-%D7%9C%D7%90%D7%97%D7%A8%D7%99%D7%95%D7%AA-%D7%A4%D7%9C%D7%99%D7%9C","%d7%a0%d7%98%d7%9c-%d7%94%d7%94%d7%95%d7%9b%d7%97%d7%94-%d7%9c%d7%a7%d7%99%d7%95%d7%9e%d7%95-%d7%a9%d7%9c-%d7%a1%d7%99%d7%99%d7%92-%d7%9c%d7%90%d7%97%d7%a8%d7%99%d7%95%d7%aa-%d7%a4%d7%9c%d7%99%d7%9c","??? ?????? ?????? ?? ???? ??????? ?????? ???? ?? ????? ?? ????? ???","??? ?????? ?????? ?? ???? ??????? ?????? ???? ?? ????? ?? ????? ???","","","","https://jus-tice.co.il/psakdin/%D7%A0%D7%98%D7%9C-%D7%94%D7%94%D7%95%D7%9B%D7%97%D7%94-%D7%9C%D7%A7%D7%99%D7%95%D7%9E%D7%95-%D7%A9%D7%9C-%D7%A1%D7%99%D7%99%D7%92-%D7%9C%D7%90%D7%97%D7%A8%D7%99%D7%95%D7%AA-%D7%A4%D7%9C%D7%99%D7%9C","UNKNOWN_NEEDS_RAR_EXTRACTION_OR_WP_REST_EXPORT","YES","YES","UNKNOWN","","","","","NEEDS_WP_REST_PULL","NEEDS_WP_REST_PULL","282","NEEDS_ASSIGNMENT","2020-11-01","2020-11-01","2020-11-01","2020-11-01","","","???? ?????","criminal-law","","","","","","","","0","0","0%","NOT_IN_GSC_3M","17","986","1.72%","18.1","","LOW","","","NEEDS_OWNER_REVIEW","","UNKNOWN_NEEDS_APPROVAL","","","NORMAL","NEEDS_MAPPING","","","","Article,BreadcrumbList","author,reviewer,last-updated","Needs disclaimer","","","","","","READY_FOR_REVIEW","YES","NO_GSC_3M;NEEDS_BACKLINK_TOOL","agent-2026-05-13","2026-05-13",""
"1107","wp-rest+gsc-api+old-inventory","2649","articles","publish","https://jus-tice.co.il/psakdin/%D7%A0%D7%AA%D7%A0%D7%99%D7%94%D7%95-%D7%9E%D7%9C%D7%99%D7%A7%D7%95%D7%91%D7%A1%D7%A7%D7%99-%D7%A2%D7%99%D7%A7%D7%A8%D7%99-%D7%A0%D7%99%D7%9E%D7%95%D7%A7%D7%99-%D7%94%D7%99%D7%95%D7%A2%D7%9E%D7%A9","%d7%a0%d7%aa%d7%a0%d7%99%d7%94%d7%95-%d7%9e%d7%9c%d7%99%d7%a7%d7%95%d7%91%d7%a1%d7%a7%d7%99-%d7%a2%d7%99%d7%a7%d7%a8%d7%99-%d7%a0%d7%99%d7%9e%d7%95%d7%a7%d7%99-%d7%94%d7%99%d7%95%d7%a2%d7%9e%d7%a9","??????-?????????: ????? ?????? ?????&#8221;? ??? ????? ?????? ?????? ????? ??????","??????-?????????: ????? ?????? ?????&#8221;? ??? ????? ?????? ?????? ????? ??????","","","","https://jus-tice.co.il/psakdin/%D7%A0%D7%AA%D7%A0%D7%99%D7%94%D7%95-%D7%9E%D7%9C%D7%99%D7%A7%D7%95%D7%91%D7%A1%D7%A7%D7%99-%D7%A2%D7%99%D7%A7%D7%A8%D7%99-%D7%A0%D7%99%D7%9E%D7%95%D7%A7%D7%99-%D7%94%D7%99%D7%95%D7%A2%D7%9E%D7%A9","UNKNOWN_NEEDS_RAR_EXTRACTION_OR_WP_REST_EXPORT","YES","YES","UNKNOWN","","","","","NEEDS_WP_REST_PULL","NEEDS_WP_REST_PULL","282","NEEDS_ASSIGNMENT","2020-10-15","2020-10-15","2020-10-15","2020-10-15","","","???? ?????","criminal-law","","","","","","","","0","0","0%","NOT_IN_GSC_3M","3","435","0.69%","15.5","","LOW","","","NEEDS_OWNER_REVIEW","","UNKNOWN_NEEDS_APPROVAL","","","NORMAL","NEEDS_MAPPING","","","","Article,BreadcrumbList","author,reviewer,last-updated","Needs disclaimer","","","","","","READY_FOR_REVIEW","YES","NO_GSC_3M;NEEDS_BACKLINK_TOOL","agent-2026-05-13","2026-05-13",""
"1110","wp-rest+gsc-api+old-inventory","5609","articles","publish","https://jus-tice.co.il/psakdin/%D7%A2%D7%95%D7%A0%D7%A9-%D7%9E%D7%95%D7%A8%D7%A9%D7%A2-%D7%91%D7%A2%D7%91%D7%99%D7%A8%D7%95%D7%AA-%D7%A9%D7%9C-%D7%92%D7%A8%D7%9D-%D7%9E%D7%95%D7%95%D7%AA-%D7%91%D7%A8%D7%A9%D7%9C%D7%A0%D7%95%D7%AA","%d7%a2%d7%95%d7%a0%d7%a9-%d7%9e%d7%95%d7%a8%d7%a9%d7%a2-%d7%91%d7%a2%d7%91%d7%99%d7%a8%d7%95%d7%aa-%d7%a9%d7%9c-%d7%92%d7%a8%d7%9d-%d7%9e%d7%95%d7%95%d7%aa-%d7%91%d7%a8%d7%a9%d7%9c%d7%a0%d7%95%d7%aa","???? ????? ??????? ?? ??? ???? ??????? ?????? ????? | ???? ??? ?????? ?????","???? ????? ??????? ?? ??? ???? ??????? ?????? ????? | ???? ??? ?????? ?????","","","","https://jus-tice.co.il/psakdin/%D7%A2%D7%95%D7%A0%D7%A9-%D7%9E%D7%95%D7%A8%D7%A9%D7%A2-%D7%91%D7%A2%D7%91%D7%99%D7%A8%D7%95%D7%AA-%D7%A9%D7%9C-%D7%92%D7%A8%D7%9D-%D7%9E%D7%95%D7%95%D7%AA-%D7%91%D7%A8%D7%A9%D7%9C%D7%A0%D7%95%D7%AA","UNKNOWN_NEEDS_RAR_EXTRACTION_OR_WP_REST_EXPORT","YES","YES","UNKNOWN","","","","","NEEDS_WP_REST_PULL","NEEDS_WP_REST_PULL","282","NEEDS_ASSIGNMENT","2021-07-07","2021-07-07","2021-07-07","2021-07-07","","","???? ?????","criminal-law","","","","","","","","0","0","0%","NOT_IN_GSC_3M","8","4168","0.19%","55.7","","MEDIUM","","","NEEDS_OWNER_REVIEW","","UNKNOWN_NEEDS_APPROVAL","","","HIGH","NEEDS_MAPPING","","","","Article,BreadcrumbList","author,reviewer,last-updated","Needs disclaimer","","","","","","READY_FOR_REVIEW","YES","NO_GSC_3M;NEEDS_BACKLINK_TOOL","agent-2026-05-13","2026-05-13",""
"1111","wp-rest+gsc-api+old-inventory","5555","articles","publish","https://jus-tice.co.il/psakdin/%D7%A2%D7%A4-8360-19-%D7%93%D7%A0%D7%99%D7%90%D7%9C-%D7%96%D7%99%D7%A1%D7%9E%D7%9F-%D7%A0%D7%92%D7%93-%D7%9E%D7%93%D7%99%D7%A0%D7%AA-%D7%99%D7%A9%D7%A8%D7%90%D7%9C-%D7%92%D7%99","%d7%a2%d7%a4-8360-19-%d7%93%d7%a0%d7%99%d7%90%d7%9c-%d7%96%d7%99%d7%a1%d7%9e%d7%9f-%d7%a0%d7%92%d7%93-%d7%9e%d7%93%d7%99%d7%a0%d7%aa-%d7%99%d7%a9%d7%a8%d7%90%d7%9c-%d7%92%d7%99","??? 8360/19 ? ????? ????? ??? ????? ????? | ????? ?????","??? 8360/19 ? ????? ????? ??? ????? ????? | ????? ?????","","","","https://jus-tice.co.il/psakdin/%D7%A2%D7%A4-8360-19-%D7%93%D7%A0%D7%99%D7%90%D7%9C-%D7%96%D7%99%D7%A1%D7%9E%D7%9F-%D7%A0%D7%92%D7%93-%D7%9E%D7%93%D7%99%D7%A0%D7%AA-%D7%99%D7%A9%D7%A8%D7%90%D7%9C-%D7%92%D7%99","UNKNOWN_NEEDS_RAR_EXTRACTION_OR_WP_REST_EXPORT","YES","YES","UNKNOWN","","","","","NEEDS_WP_REST_PULL","NEEDS_WP_REST_PULL","282","NEEDS_ASSIGNMENT","2021-07-04","2021-07-04","2021-07-04","2021-07-04","","","???? ?????","criminal-law","","","","","","","","0","0","0%","NOT_IN_GSC_3M","27","1156","2.34%","28.0","","MEDIUM","","","NEEDS_OWNER_REVIEW","","UNKNOWN_NEEDS_APPROVAL","","","HIGH","NEEDS_MAPPING","","","","Article,BreadcrumbList","author,reviewer,last-updated","Needs disclaimer","","","","","","READY_FOR_REVIEW","YES","NO_GSC_3M;NEEDS_BACKLINK_TOOL","agent-2026-05-13","2026-05-13",""
"1114","wp-rest+gsc-api+old-inventory","5414","articles","publish","https://jus-tice.co.il/psakdin/%D7%A2%D7%A8%D7%A2%D7%95%D7%A8-%D7%A2%D7%9C-%D7%94%D7%97%D7%9C%D7%98%D7%AA-%D7%A7%D7%A6%D7%99%D7%9F-%D7%91%D7%A0%D7%95%D7%A9%D7%90-%D7%9E%D7%A2%D7%A6%D7%A8-%D7%A1%D7%A2%D7%99%D7%A3-44-%D7%90-%D7%A9","%d7%a2%d7%a8%d7%a2%d7%95%d7%a8-%d7%a2%d7%9c-%d7%94%d7%97%d7%9c%d7%98%d7%aa-%d7%a7%d7%a6%d7%99%d7%9f-%d7%91%d7%a0%d7%95%d7%a9%d7%90-%d7%9e%d7%a2%d7%a6%d7%a8-%d7%a1%d7%a2%d7%99%d7%a3-44-%d7%90-%d7%a9","????? ?? ????? ???? ????? ???? | ??? ??????? ???? 44 ? ????? ???? ?????? ?? ??? ??? ?????","????? ?? ????? ???? ????? ???? | ??? ??????? ???? 44 ? ????? ???? ?????? ?? ??? ??? ?????","","","","https://jus-tice.co.il/psakdin/%D7%A2%D7%A8%D7%A2%D7%95%D7%A8-%D7%A2%D7%9C-%D7%94%D7%97%D7%9C%D7%98%D7%AA-%D7%A7%D7%A6%D7%99%D7%9F-%D7%91%D7%A0%D7%95%D7%A9%D7%90-%D7%9E%D7%A2%D7%A6%D7%A8-%D7%A1%D7%A2%D7%99%D7%A3-44-%D7%90-%D7%A9","UNKNOWN_NEEDS_RAR_EXTRACTION_OR_WP_REST_EXPORT","YES","YES","UNKNOWN","","","","","NEEDS_WP_REST_PULL","NEEDS_WP_REST_PULL","282","NEEDS_ASSIGNMENT","2021-06-28","2021-06-28","2021-06-28","2021-06-28","","","???? ?????","criminal-law","","","","","","","","0","0","0%","NOT_IN_GSC_3M","39","1268","3.08%","38.8","","MEDIUM","","","NEEDS_OWNER_REVIEW","","UNKNOWN_NEEDS_APPROVAL","","","HIGH","NEEDS_MAPPING","","","","Article,BreadcrumbList","author,reviewer,last-updated","Needs disclaimer","","","","","","READY_FOR_REVIEW","YES","NO_GSC_3M;NEEDS_BACKLINK_TOOL","agent-2026-05-13","2026-05-13",""
"1115","wp-rest+gsc-api+old-inventory","5461","articles","publish","https://jus-tice.co.il/psakdin/%D7%A4%D7%99%D7%A6%D7%95%D7%99-%D7%91%D7%92%D7%99%D7%9F-%D7%9E%D7%A2%D7%A6%D7%A8-%D7%A9%D7%95%D7%95%D7%90-%D7%A6%D7%90-24231-06-21","%d7%a4%d7%99%d7%a6%d7%95%d7%99-%d7%91%d7%92%d7%99%d7%9f-%d7%9e%d7%a2%d7%a6%d7%a8-%d7%a9%d7%95%d7%95%d7%90-%d7%a6%d7%90-24231-06-21","????? ???? ???? ???? (?&#8221;? 24231-06-21)","????? ???? ???? ???? (?&#8221;? 24231-06-21)","","","","https://jus-tice.co.il/psakdin/%D7%A4%D7%99%D7%A6%D7%95%D7%99-%D7%91%D7%92%D7%99%D7%9F-%D7%9E%D7%A2%D7%A6%D7%A8-%D7%A9%D7%95%D7%95%D7%90-%D7%A6%D7%90-24231-06-21","UNKNOWN_NEEDS_RAR_EXTRACTION_OR_WP_REST_EXPORT","YES","YES","UNKNOWN","","","","","NEEDS_WP_REST_PULL","NEEDS_WP_REST_PULL","282","NEEDS_ASSIGNMENT","2021-06-30","2021-06-30","2021-06-30","2021-06-30","","","???? ?????","criminal-law","","","","","","","","0","0","0%","NOT_IN_GSC_3M","27","1336","2.02%","26.6","","MEDIUM","","","NEEDS_OWNER_REVIEW","","UNKNOWN_NEEDS_APPROVAL","","","HIGH","NEEDS_MAPPING","","","","Article,BreadcrumbList","author,reviewer,last-updated","Needs disclaimer","","","","","","READY_FOR_REVIEW","YES","NO_GSC_3M;NEEDS_BACKLINK_TOOL","agent-2026-05-13","2026-05-13",""
"1117","wp-rest+gsc-api+old-inventory","5392","articles","publish","https://jus-tice.co.il/psakdin/%D7%A4%D7%9C%D7%99%D7%9C%D7%99-%D7%94%D7%97%D7%96%D7%A7%D7%AA-%D7%9B%D7%9C%D7%91-%D7%9E%D7%A1%D7%95%D7%9B%D7%9F-%D7%A9%D7%AA%D7%A7%D7%A3-%D7%9C%D7%9C%D7%90-%D7%A8%D7%A9%D7%99%D7%95%D7%9F-%D7%94%D7%A8","%d7%a4%d7%9c%d7%99%d7%9c%d7%99-%d7%94%d7%97%d7%96%d7%a7%d7%aa-%d7%9b%d7%9c%d7%91-%d7%9e%d7%a1%d7%95%d7%9b%d7%9f-%d7%a9%d7%aa%d7%a7%d7%a3-%d7%9c%d7%9c%d7%90-%d7%a8%d7%a9%d7%99%d7%95%d7%9f-%d7%94%d7%a8","????? ????? ??? ????? ???? ??? ????? ?????","????? ????? ??? ????? ???? ??? ????? ?????","","","","https://jus-tice.co.il/psakdin/%D7%A4%D7%9C%D7%99%D7%9C%D7%99-%D7%94%D7%97%D7%96%D7%A7%D7%AA-%D7%9B%D7%9C%D7%91-%D7%9E%D7%A1%D7%95%D7%9B%D7%9F-%D7%A9%D7%AA%D7%A7%D7%A3-%D7%9C%D7%9C%D7%90-%D7%A8%D7%A9%D7%99%D7%95%D7%9F-%D7%94%D7%A8","UNKNOWN_NEEDS_RAR_EXTRACTION_OR_WP_REST_EXPORT","YES","YES","UNKNOWN","","","","","NEEDS_WP_REST_PULL","NEEDS_WP_REST_PULL","282","NEEDS_ASSIGNMENT","2021-06-23","2021-06-23","2021-06-23","2021-06-23","","","???? ?????","criminal-law","","","","","","","","0","0","0%","NOT_IN_GSC_3M","16","2946","0.54%","15.5","","MEDIUM","","","NEEDS_OWNER_REVIEW","","UNKNOWN_NEEDS_APPROVAL","","","HIGH","NEEDS_MAPPING","","","","Article,BreadcrumbList","author,reviewer,last-updated","Needs disclaimer","","","","","","READY_FOR_REVIEW","YES","NO_GSC_3M;NEEDS_BACKLINK_TOOL","agent-2026-05-13","2026-05-13",""
"1149","wp-rest+gsc-api+old-inventory","5707","articles","publish","https://jus-tice.co.il/public-defender-annual-report-2019","%d7%94%d7%a1%d7%a0%d7%99%d7%92%d7%95%d7%a8%d7%99%d7%94-%d7%94%d7%a6%d7%99%d7%91%d7%95%d7%a8%d7%99%d7%aa-%d7%93%d7%95%d7%97-%d7%a4%d7%a2%d7%99%d7%9c%d7%95%d7%aa-2019-%d7%94%d7%93%d7%99%d7%9f-%d7%a4","????????? ???????? ??? ?????? 2019 | ??? ?????","????????? ???????? ??? ?????? 2019 | ??? ?????","","","","https://jus-tice.co.il/public-defender-annual-report-2019","UNKNOWN_NEEDS_RAR_EXTRACTION_OR_WP_REST_EXPORT","YES","YES","69108","","","","","NEEDS_WP_REST_PULL","NEEDS_WP_REST_PULL","282","NEEDS_ASSIGNMENT","2021-08-01","2021-08-01","2021-08-01","2021-08-01","","","????????? ????????","criminal-law","","","","","","","","0","0","0%","NOT_IN_GSC_3M","13","4341","0.30%","26.4","","MEDIUM","","","NEEDS_OWNER_REVIEW","","UNKNOWN_NEEDS_APPROVAL","","","HIGH","NEEDS_MAPPING","","","","Article,BreadcrumbList","author,reviewer,last-updated","Needs disclaimer","","","","","","READY_FOR_REVIEW","YES","NO_GSC_3M;NEEDS_BACKLINK_TOOL","agent-2026-05-13","2026-05-13",""
"1150","wp-rest+gsc-api+old-inventory","6882","articles","publish","https://jus-tice.co.il/publications_batap_olami_police-crime-data-transparency","%d7%a9%d7%a7%d7%99%d7%a4%d7%95%d7%aa-%d7%95%d7%a9%d7%99%d7%aa%d7%95%d7%a3-%d7%94%d7%a6%d7%99%d7%91%d7%95%d7%a8-%d7%91%d7%a0%d7%aa%d7%95%d7%a0%d7%99-%d7%a4%d7%a9%d7%99%d7%a2%d7%94-%d7%95%d7%a4%d7%a2","?????? ?????? ?????? ?????? ????? ??????? ?????","?????? ?????? ?????? ?????? ????? ??????? ?????","","","","https://jus-tice.co.il/publications_batap_olami_police-crime-data-transparency","UNKNOWN_NEEDS_RAR_EXTRACTION_OR_WP_REST_EXPORT","YES","YES","7912","","","","","NEEDS_WP_REST_PULL","NEEDS_WP_REST_PULL","282","NEEDS_ASSIGNMENT","2022-03-12","2022-03-12","2022-03-12","2022-03-12","","","????? ???? ??? ??????","criminal-law","","","","","","","","0","0","0%","NOT_IN_GSC_3M","1","989","0.10%","16.7","","LOW","","","NEEDS_OWNER_REVIEW","","UNKNOWN_NEEDS_APPROVAL","","","NORMAL","NEEDS_MAPPING","","","","Article,BreadcrumbList","author,reviewer,last-updated","Needs disclaimer","","","","","","READY_FOR_REVIEW","YES","NO_GSC_3M;NEEDS_BACKLINK_TOOL","agent-2026-05-13","2026-05-13",""
"1151","wp-rest+gsc-api+old-inventory","3237","articles","publish","https://jus-tice.co.il/punishment-for-offenses-of-causing-death-in-road-accidents","%d7%9e%d7%93%d7%99%d7%a0%d7%99%d7%95%d7%aa-%d7%94%d7%aa%d7%91%d7%99%d7%a2%d7%94-%d7%91%d7%94%d7%a2%d7%9e%d7%93%d7%94-%d7%9c%d7%93%d7%99%d7%9f-%d7%95%d7%a2%d7%a0%d7%99%d7%a9%d7%94-%d7%91%d7%a2%d7%91","??????? ?????? ?????? ???? ?????? ??????? ?? ????? ???? ??????? ?????","??????? ?????? ?????? ???? ?????? ??????? ?? ????? ???? ??????? ?????","","","","https://jus-tice.co.il/punishment-for-offenses-of-causing-death-in-road-accidents","UNKNOWN_NEEDS_RAR_EXTRACTION_OR_WP_REST_EXPORT","YES","YES","2906","","","","","NEEDS_WP_REST_PULL","NEEDS_WP_REST_PULL","282","NEEDS_ASSIGNMENT","2021-04-28","2021-04-28","2021-04-28","2021-04-28","","","???? ?????","criminal-law","","","","","","","","0","0","0%","NOT_IN_GSC_3M","19","5329","0.36%","30.6","","MEDIUM","","","NEEDS_OWNER_REVIEW","","UNKNOWN_NEEDS_APPROVAL","","","HIGH","NEEDS_MAPPING","","","","Article,BreadcrumbList","author,reviewer,last-updated","Needs disclaimer","","","","","","READY_FOR_REVIEW","YES","NO_GSC_3M;NEEDS_BACKLINK_TOOL","agent-2026-05-13","2026-05-13",""
"1157","wp-rest+gsc-api+old-inventory","5978","articles","publish","https://jus-tice.co.il/rape-us-law","%d7%90%d7%95%d7%a0%d7%a1-%d7%94%d7%92%d7%a0%d7%95%d7%aa-%d7%95%d7%a2%d7%95%d7%a0%d7%a9%d7%99%d7%9d-%d7%91%d7%90%d7%a8%d7%94%d7%91","???? ? ????? ??????? ????&#8221;?","???? ? ????? ??????? ????&#8221;?","","","","https://jus-tice.co.il/rape-us-law","UNKNOWN_NEEDS_RAR_EXTRACTION_OR_WP_REST_EXPORT","YES","YES","1296","","","","","NEEDS_WP_REST_PULL","NEEDS_WP_REST_PULL","282","NEEDS_ASSIGNMENT","2021-08-12","2021-08-12","2021-08-12","2021-08-12","","","???? ?????","criminal-law","","","","","","","","0","0","0%","NOT_IN_GSC_3M","17","4687","0.36%","48.2","","MEDIUM","","","NEEDS_OWNER_REVIEW","","UNKNOWN_NEEDS_APPROVAL","","","HIGH","NEEDS_MAPPING","","","","Article,BreadcrumbList","author,reviewer,last-updated","Needs disclaimer","","","","","","READY_FOR_REVIEW","YES","NO_GSC_3M;NEEDS_BACKLINK_TOOL","agent-2026-05-13","2026-05-13",""
"1176","wp-rest+gsc-api+old-inventory","6464","articles","publish","https://jus-tice.co.il/report-crime","%d7%93%d7%95%d7%95%d7%97-%d7%a2%d7%9c-%d7%a4%d7%a9%d7%a2-%d7%90%d7%a8%d7%94%d7%91","???? ?? ???","???? ?? ???","","","","https://jus-tice.co.il/report-crime","UNKNOWN_NEEDS_RAR_EXTRACTION_OR_WP_REST_EXPORT","YES","YES","1699","","","","","NEEDS_WP_REST_PULL","NEEDS_WP_REST_PULL","282","NEEDS_ASSIGNMENT","2021-10-03","2021-10-07","2021-10-03","2021-10-07","","","???? ?????","criminal-law","","","","","","","","0","0","0%","NOT_IN_GSC_3M","28","3216","0.87%","29.1","","MEDIUM","","","NEEDS_OWNER_REVIEW","","UNKNOWN_NEEDS_APPROVAL","","","HIGH","NEEDS_MAPPING","","","","Article,BreadcrumbList","author,reviewer,last-updated","Needs disclaimer","","","","","","READY_FOR_REVIEW","YES","NO_GSC_3M;NEEDS_BACKLINK_TOOL","agent-2026-05-13","2026-05-13",""
"1177","wp-rest+gsc-api+old-inventory","5992","articles","publish","https://jus-tice.co.il/request-for-extension-of-detention-beyond-nine-months","%d7%91%d7%a7%d7%a9%d7%94-%d7%9c%d7%94%d7%90%d7%a8%d7%9b%d7%aa-%d7%9e%d7%a2%d7%a6%d7%a8-%d7%9e%d7%a2%d7%91%d7%a8-%d7%9c%d7%aa%d7%a9%d7%a2%d7%94-%d7%97%d7%95%d7%93%d7%a9%d7%99%d7%9d","???? ?????? ???? ???? ????? ??????","???? ?????? ???? ???? ????? ??????","","","","https://jus-tice.co.il/request-for-extension-of-detention-beyond-nine-months","UNKNOWN_NEEDS_RAR_EXTRACTION_OR_WP_REST_EXPORT","YES","YES","833","","","","","NEEDS_WP_REST_PULL","NEEDS_WP_REST_PULL","282","NEEDS_ASSIGNMENT","2021-08-14","2021-08-14","2021-08-14","2021-08-14","","","???? ?????","criminal-law","","","","","","","","0","0","0%","NOT_IN_GSC_3M","18","1673","1.08%","33.7","","LOW","","","NEEDS_OWNER_REVIEW","","UNKNOWN_NEEDS_APPROVAL","","","NORMAL","NEEDS_MAPPING","","","","Article,BreadcrumbList","author,reviewer,last-updated","Needs disclaimer","","","","","","READY_FOR_REVIEW","YES","NO_GSC_3M;NEEDS_BACKLINK_TOOL","agent-2026-05-13","2026-05-13",""
"1186","wp-rest+gsc-api+old-inventory","5723","articles","publish","https://jus-tice.co.il/roman-zadorov-detention-until-the-end-of-proceedings","%d7%94%d7%97%d7%9c%d7%98%d7%94-%d7%91%d7%aa%d7%99%d7%a7-%d7%9e%d7%a2%d7%a6%d7%a8-%d7%a2%d7%93-%d7%aa%d7%95%d7%9d-%d7%94%d7%94%d7%9c%d7%99%d7%9b%d7%99%d7%9d-%d7%a8%d7%95%d7%9e%d7%9f-%d7%96%d7%93","????? ???? ???? ?? ??? ??????? ? ???? ??????  (?&#8221;? 48355-06-21)","????? ???? ???? ?? ??? ??????? ? ???? ??????  (?&#8221;? 48355-06-21)","","","","https://jus-tice.co.il/roman-zadorov-detention-until-the-end-of-proceedings","UNKNOWN_NEEDS_RAR_EXTRACTION_OR_WP_REST_EXPORT","YES","YES","6616","","","","","NEEDS_WP_REST_PULL","NEEDS_WP_REST_PULL","282","NEEDS_ASSIGNMENT","2021-08-03","2021-08-03","2021-08-03","2021-08-03","","","???? ?????","criminal-law","","","","","","","","0","0","0%","NOT_IN_GSC_3M","1","105","0.95%","38.2","","LOW","","","NEEDS_OWNER_REVIEW","","UNKNOWN_NEEDS_APPROVAL","","","NORMAL","NEEDS_MAPPING","","","","Article,BreadcrumbList","author,reviewer,last-updated","Needs disclaimer","","","","","","READY_FOR_REVIEW","YES","NO_GSC_3M;NEEDS_BACKLINK_TOOL","agent-2026-05-13","2026-05-13",""
"1198","wp-rest+gsc-api+old-inventory","9575","articles","publish","https://jus-tice.co.il/sex-trafficking","%d7%a2%d7%95%d7%a8%d7%9a-%d7%93%d7%99%d7%9f-%d7%a1%d7%97%d7%a8-%d7%91%d7%9e%d7%99%d7%9f-%d7%a2%d7%95%d7%93-%d7%a2%d7%91%d7%99%d7%a8%d7%95%d7%aa-%d7%a1%d7%97%d7%a8-%d7%91%d7%91%d7%a0%d7%99-%d7%90","???? ??? ??? ???? | ??&#8221;? ?????? ??? ????? ????? ????","???? ??? ??? ???? | ??&#8221;? ?????? ??? ????? ????? ????","","","","https://jus-tice.co.il/sex-trafficking","UNKNOWN_NEEDS_RAR_EXTRACTION_OR_WP_REST_EXPORT","YES","YES","10647","","","","","NEEDS_WP_REST_PULL","NEEDS_WP_REST_PULL","282","NEEDS_ASSIGNMENT","2023-05-31","2023-05-31","2023-05-31","2023-05-31","","","???? ?????","criminal-law","","","","","","","","0","0","0%","NOT_IN_GSC_3M","14","1765","0.79%","23.6","","LOW","","","NEEDS_OWNER_REVIEW","","UNKNOWN_NEEDS_APPROVAL","","","NORMAL","NEEDS_MAPPING","","","","Article,BreadcrumbList","author,reviewer,last-updated","Needs disclaimer","","","","","","READY_FOR_REVIEW","YES","NO_GSC_3M;NEEDS_BACKLINK_TOOL","agent-2026-05-13","2026-05-13",""
"1199","wp-rest+gsc-api+old-inventory","5971","articles","publish","https://jus-tice.co.il/sexual-battery-us-law","%d7%aa%d7%a7%d7%99%d7%a4%d7%94-%d7%9e%d7%99%d7%a0%d7%99%d7%aa-%d7%97%d7%95%d7%a7%d7%99%d7%9d-%d7%95%d7%a2%d7%95%d7%a0%d7%a9%d7%99%d7%9d-%d7%91%d7%90%d7%a8%d7%94%d7%91","????? ?????: ????? ??????? ????&#8221;?","????? ?????: ????? ??????? ????&#8221;?","","","","https://jus-tice.co.il/sexual-battery-us-law","UNKNOWN_NEEDS_RAR_EXTRACTION_OR_WP_REST_EXPORT","YES","YES","1407","","","","","NEEDS_WP_REST_PULL","NEEDS_WP_REST_PULL","282","NEEDS_ASSIGNMENT","2021-08-12","2021-08-16","2021-08-12","2021-08-16","","","???? ?????","criminal-law","","","","","","","","0","0","0%","NOT_IN_GSC_3M","10","569","1.76%","52.2","","LOW","","","NEEDS_OWNER_REVIEW","","UNKNOWN_NEEDS_APPROVAL","","","NORMAL","NEEDS_MAPPING","","","","Article,BreadcrumbList","author,reviewer,last-updated","Needs disclaimer","","","","","","READY_FOR_REVIEW","YES","NO_GSC_3M;NEEDS_BACKLINK_TOOL","agent-2026-05-13","2026-05-13",""
"1200","wp-rest+gsc-api+old-inventory","6809","articles","publish","https://jus-tice.co.il/sexual-offenses","%d7%a2%d7%91%d7%99%d7%a8%d7%95%d7%aa-%d7%9e%d7%99%d7%9f-%d7%9e%d7%94%d7%99-%d7%a2%d7%91%d7%99%d7%a8%d7%aa-%d7%9e%d7%99%d7%9f-%d7%a1%d7%95%d7%92%d7%99-%d7%94%d7%a2%d7%91%d7%99%d7%a8%d7%95%d7%aa","?????? ???- ??? ????? ???? ???? ??????? ?????? ??????","?????? ???- ??? ????? ???? ???? ??????? ?????? ??????","","","","https://jus-tice.co.il/sexual-offenses","UNKNOWN_NEEDS_RAR_EXTRACTION_OR_WP_REST_EXPORT","YES","YES","1001","","","","","NEEDS_WP_REST_PULL","NEEDS_WP_REST_PULL","282","NEEDS_ASSIGNMENT","2022-02-28","2022-02-28","2022-02-28","2022-02-28","","","???? ?????","criminal-law","","","","","","","","0","0","0%","NOT_IN_GSC_3M","11","11486","0.10%","46.2","","MEDIUM","","","NEEDS_OWNER_REVIEW","","UNKNOWN_NEEDS_APPROVAL","","","HIGH","NEEDS_MAPPING","","","","Article,BreadcrumbList","author,reviewer,last-updated","Needs disclaimer","","","","","","READY_FOR_REVIEW","YES","NO_GSC_3M;NEEDS_BACKLINK_TOOL","agent-2026-05-13","2026-05-13",""
"1202","wp-rest+gsc-api+old-inventory","8795","articles","publish","https://jus-tice.co.il/shoplifting","%d7%92%d7%a0%d7%99%d7%91%d7%94-%d7%9e%d7%97%d7%a0%d7%95%d7%99%d7%95%d7%aa-%d7%a2%d7%91%d7%99%d7%a8%d7%aa-%d7%92%d7%a0%d7%99%d7%91%d7%94-%d7%9e%d7%97%d7%a0%d7%95%d7%aa-%d7%a2%d7%a1%d7%a7","????? ??????? | ????? ????? ????? ? ???","????? ??????? | ????? ????? ????? ? ???","","","","https://jus-tice.co.il/shoplifting","UNKNOWN_NEEDS_RAR_EXTRACTION_OR_WP_REST_EXPORT","YES","YES","6460","","","","","NEEDS_WP_REST_PULL","NEEDS_WP_REST_PULL","282","NEEDS_ASSIGNMENT","2023-03-14","2023-03-14","2023-03-14","2023-03-14","","","???? ?????","criminal-law","","","","","","","","0","0","0%","NOT_IN_GSC_3M","162","11082","1.46%","31.6","","HIGH","","","DO_NOT_TOUCH_HIGH_TRAFFIC_URL","High traffic URL - protect","UNKNOWN_NEEDS_APPROVAL","","","CRITICAL","NEEDS_MAPPING","","","","Article,BreadcrumbList","author,reviewer,last-updated","Needs disclaimer","","","","","","DO_NOT_TOUCH","YES","NO_GSC_3M;NEEDS_BACKLINK_TOOL","agent-2026-05-13","2026-05-13",""
"1203","wp-rest+gsc-api+old-inventory","6635","articles","publish","https://jus-tice.co.il/should-i-admit-guilt-to-my-criminal-defense-attorney","%d7%94%d7%90%d7%9d-%d7%a2%d7%9c%d7%99-%d7%9c%d7%94%d7%95%d7%93%d7%95%d7%aa-%d7%91%d7%90%d7%a9%d7%9e%d7%94-%d7%91%d7%a4%d7%a0%d7%99-%d7%94%d7%a1%d7%a0%d7%99%d7%92%d7%95%d7%a8-%d7%94%d7%a4%d7%9c%d7%99","??? ??? ?????? ????? ???? ??????? ?????? ???? ?????? ???? ??? ?????","??? ??? ?????? ????? ???? ??????? ?????? ???? ?????? ???? ??? ?????","","","","https://jus-tice.co.il/should-i-admit-guilt-to-my-criminal-defense-attorney","UNKNOWN_NEEDS_RAR_EXTRACTION_OR_WP_REST_EXPORT","YES","YES","708","","","","","NEEDS_WP_REST_PULL","NEEDS_WP_REST_PULL","282","NEEDS_ASSIGNMENT","2022-02-08","2022-02-08","2022-02-08","2022-02-08","","","???? ?????","criminal-law","","","","","","","","0","0","0%","NOT_IN_GSC_3M","7","1643","0.43%","39.8","","LOW","","","NEEDS_OWNER_REVIEW","","UNKNOWN_NEEDS_APPROVAL","","","NORMAL","NEEDS_MAPPING","","","","Article,BreadcrumbList","author,reviewer,last-updated","Needs disclaimer","","","","","","READY_FOR_REVIEW","YES","NO_GSC_3M;NEEDS_BACKLINK_TOOL","agent-2026-05-13","2026-05-13",""
"1215","wp-rest+gsc-api+old-inventory","7397","articles","publish","https://jus-tice.co.il/standard-minimum-rules-for-treatment-of-prisoners","%d7%9b%d7%9c%d7%9c%d7%99-%d7%9e%d7%99%d7%a0%d7%99%d7%9e%d7%95%d7%9d-%d7%a1%d7%98%d7%a0%d7%93%d7%a8%d7%98%d7%99%d7%99%d7%9d-%d7%9c%d7%98%d7%99%d7%a4%d7%95%d7%9c-%d7%91%d7%90%d7%a1%d7%99%d7%a8%d7%99","???? ??????? ????????? ?????? ??????? ??? ???? ?'??? | ??&#8221;? ?????","???? ??????? ????????? ?????? ??????? ??? ???? ?'??? | ??&#8221;? ?????","","","","https://jus-tice.co.il/standard-minimum-rules-for-treatment-of-prisoners","UNKNOWN_NEEDS_RAR_EXTRACTION_OR_WP_REST_EXPORT","YES","YES","4734","","","","","NEEDS_WP_REST_PULL","NEEDS_WP_REST_PULL","282","NEEDS_ASSIGNMENT","2022-06-09","2022-06-09","2022-06-09","2022-06-09","","","???? ?????","criminal-law","","","","","","","","0","0","0%","NOT_IN_GSC_3M","18","1445","1.25%","24.2","","LOW","","","NEEDS_OWNER_REVIEW","","UNKNOWN_NEEDS_APPROVAL","","","NORMAL","NEEDS_MAPPING","","","","Article,BreadcrumbList","author,reviewer,last-updated","Needs disclaimer","","","","","","READY_FOR_REVIEW","YES","NO_GSC_3M;NEEDS_BACKLINK_TOOL","agent-2026-05-13","2026-05-13",""
"1242","wp-rest+gsc-api+old-inventory","11755","articles","publish","https://jus-tice.co.il/top-criminal-lawyer-tel-aviv","%d7%a2%d7%95%d7%a8%d7%9a-%d7%93%d7%99%d7%9f-%d7%a4%d7%9c%d7%99%d7%9c%d7%99-%d7%91%d7%aa%d7%9c-%d7%90%d7%91%d7%99%d7%91","???? ??? ????? ??? ????","???? ??? ????? ??? ????","","","","https://jus-tice.co.il/top-criminal-lawyer-tel-aviv","UNKNOWN_NEEDS_RAR_EXTRACTION_OR_WP_REST_EXPORT","YES","YES","1942","","","","","NEEDS_WP_REST_PULL","NEEDS_WP_REST_PULL","282","NEEDS_ASSIGNMENT","2025-01-06","2025-01-06","2025-01-06","2025-01-06","","","???? ?????","criminal-law","","","","","","","","0","0","0%","NOT_IN_GSC_3M","0","96","0.00%","45.9","","LOW","","","NEEDS_OWNER_REVIEW","","UNKNOWN_NEEDS_APPROVAL","","","NORMAL","NEEDS_MAPPING","","","","Article,BreadcrumbList","author,reviewer,last-updated","Needs disclaimer","","","","","","READY_FOR_REVIEW","YES","NO_GSC_3M;NEEDS_BACKLINK_TOOL","agent-2026-05-13","2026-05-13",""
"1260","wp-rest+gsc-api+old-inventory","3452","articles","publish","https://jus-tice.co.il/us-law-aggravating-factors-in-criminal-sentences","%d7%94%d7%93%d7%99%d7%9f-%d7%94%d7%a4%d7%9c%d7%99%d7%9c%d7%99-%d7%91%d7%90%d7%a8%d7%94%d7%91-%d7%92%d7%95%d7%a8%d7%9e%d7%99%d7%9d-%d7%9e%d7%97%d7%9e%d7%99%d7%a8%d7%99%d7%9d-%d7%91%d7%a2%d7%95","?? ???? ??????: ?????? ??????? ??????? ??????? ???&#8221;?","?? ???? ??????: ?????? ??????? ??????? ??????? ???&#8221;?","","","","https://jus-tice.co.il/us-law-aggravating-factors-in-criminal-sentences","UNKNOWN_NEEDS_RAR_EXTRACTION_OR_WP_REST_EXPORT","YES","YES","889","","","","","NEEDS_WP_REST_PULL","NEEDS_WP_REST_PULL","282","NEEDS_ASSIGNMENT","2021-05-27","2021-08-13","2021-05-27","2021-08-13","","","???? ?????","criminal-law","","","","","","","","0","0","0%","NOT_IN_GSC_3M","2","976","0.20%","49.0","","LOW","","","NEEDS_OWNER_REVIEW","","UNKNOWN_NEEDS_APPROVAL","","","NORMAL","NEEDS_MAPPING","","","","Article,BreadcrumbList","author,reviewer,last-updated","Needs disclaimer","","","","","","READY_FOR_REVIEW","YES","NO_GSC_3M;NEEDS_BACKLINK_TOOL","agent-2026-05-13","2026-05-13",""
"1263","wp-rest+gsc-api+old-inventory","3450","articles","publish","https://jus-tice.co.il/usa-arraignment-formal-reading-of-criminal-charging","%d7%9e%d7%a2%d7%a6%d7%a8-%d7%91%d7%90%d7%a8%d7%94%d7%91-%d7%a9%d7%9c%d7%91-%d7%94%d7%94%d7%a7%d7%a8%d7%90%d7%94-%d7%a2%d7%95%d7%93-%d7%a4%d7%9c%d7%99%d7%9c%d7%99-%d7%90%d7%a8%d7%94%d7%91","???? ????&#8221;? ??? ??????  ? ??&#8221;? ????? ???&#8221;?","???? ????&#8221;? ??? ??????  ? ??&#8221;? ????? ???&#8221;?","","","","https://jus-tice.co.il/usa-arraignment-formal-reading-of-criminal-charging","UNKNOWN_NEEDS_RAR_EXTRACTION_OR_WP_REST_EXPORT","YES","YES","1890","","","","","NEEDS_WP_REST_PULL","NEEDS_WP_REST_PULL","282","NEEDS_ASSIGNMENT","2021-05-27","2021-05-27","2021-05-27","2021-05-27","","","???? ?????","criminal-law","","","","","","","","0","0","0%","NOT_IN_GSC_3M","20","1001","2.00%","25.5","","MEDIUM","","","NEEDS_OWNER_REVIEW","","UNKNOWN_NEEDS_APPROVAL","","","HIGH","NEEDS_MAPPING","","","","Article,BreadcrumbList","author,reviewer,last-updated","Needs disclaimer","","","","","","READY_FOR_REVIEW","YES","NO_GSC_3M;NEEDS_BACKLINK_TOOL","agent-2026-05-13","2026-05-13",""
"1265","wp-rest+gsc-api+old-inventory","7507","articles","publish","https://jus-tice.co.il/vietnam-lawyer","%d7%a2%d7%95%d7%a8%d7%9a-%d7%93%d7%99%d7%9f-%d7%a4%d7%9c%d7%99%d7%9c%d7%99-%d7%a2%d7%95%d7%a8%d7%9a-%d7%93%d7%99%d7%9f-%d7%91%d7%95%d7%99%d7%90%d7%98%d7%a0%d7%9d","???? ??? ????? | ???? ??? ???????","???? ??? ????? | ???? ??? ???????","","","","https://jus-tice.co.il/vietnam-lawyer","UNKNOWN_NEEDS_RAR_EXTRACTION_OR_WP_REST_EXPORT","YES","YES","5621","","","","","NEEDS_WP_REST_PULL","NEEDS_WP_REST_PULL","282","NEEDS_ASSIGNMENT","2022-06-23","2022-06-24","2022-06-23","2022-06-24","","","???? ?????","criminal-law","","","","","","","","0","7","0.00%","14.1","2","178","1.12%","54.4","","LOW","","","NEEDS_OWNER_REVIEW","","UNKNOWN_NEEDS_APPROVAL","","","NORMAL","NEEDS_MAPPING","","","","Article,BreadcrumbList","author,reviewer,last-updated","Needs disclaimer","","","","","","READY_FOR_REVIEW","YES","NEEDS_BACKLINK_TOOL","agent-2026-05-13","2026-05-13",""
"1282","wp-rest+gsc-api+old-inventory","5316","articles","publish","https://jus-tice.co.il/what-is-money-laundering","%d7%9e%d7%94%d7%99-%d7%94%d7%9c%d7%91%d7%a0%d7%aa-%d7%94%d7%95%d7%9f-%d7%a2%d7%91%d7%99%d7%a8%d7%94-%d7%a4%d7%9c%d7%99%d7%9c%d7%99%d7%aa-%d7%94%d7%9c%d7%91%d7%a0%d7%aa-%d7%9b%d7%a1%d7%a4%d7%99%d7%9d","??? ????? ????| ????? ?????? ????? ????? ???? ??????","??? ????? ????| ????? ?????? ????? ????? ???? ??????","","","","https://jus-tice.co.il/what-is-money-laundering","UNKNOWN_NEEDS_RAR_EXTRACTION_OR_WP_REST_EXPORT","YES","YES","9249","","","","","NEEDS_WP_REST_PULL","NEEDS_WP_REST_PULL","282","NEEDS_ASSIGNMENT","2021-06-15","2023-03-20","2021-06-15","2023-03-20","","","???? ?????","criminal-law","","","","","","","","0","0","0%","NOT_IN_GSC_3M","11","12434","0.09%","37.9","","MEDIUM","","","NEEDS_OWNER_REVIEW","","UNKNOWN_NEEDS_APPROVAL","","","HIGH","NEEDS_MAPPING","","","","Article,BreadcrumbList","author,reviewer,last-updated","Needs disclaimer","","","","","","READY_FOR_REVIEW","YES","NO_GSC_3M;NEEDS_BACKLINK_TOOL","agent-2026-05-13","2026-05-13",""
"1285","wp-rest+gsc-api+old-inventory","3274","articles","publish","https://jus-tice.co.il/what-to-consider-when-hiring-a-criminal-lawyer","%d7%9e%d7%94-%d7%9c%d7%a7%d7%97%d7%aa-%d7%91%d7%97%d7%a9%d7%91%d7%95%d7%9f-%d7%91%d7%94%d7%a2%d7%a1%d7%a7%d7%aa-%d7%a2%d7%95%d7%a8%d7%9a-%d7%93%d7%99%d7%9f-%d7%a4%d7%9c%d7%99%d7%9c%d7%99","?? ???? ???? ???? ????? ???? ??? ?????","?? ???? ???? ???? ????? ???? ??? ?????","","","","https://jus-tice.co.il/what-to-consider-when-hiring-a-criminal-lawyer","UNKNOWN_NEEDS_RAR_EXTRACTION_OR_WP_REST_EXPORT","YES","YES","2495","","","","","NEEDS_WP_REST_PULL","NEEDS_WP_REST_PULL","282","NEEDS_ASSIGNMENT","2021-05-04","2024-04-04","2021-05-04","2024-04-04","","","???? ?????","criminal-law","","","","","","","","0","17","0.00%","52.9","1","140","0.71%","33.4","????? ?????","LOW","","","NEEDS_OWNER_REVIEW","","UNKNOWN_NEEDS_APPROVAL","","","NORMAL","NEEDS_MAPPING","","","","Article,BreadcrumbList","author,reviewer,last-updated","Needs disclaimer","","","","","","READY_FOR_REVIEW","YES","NEEDS_BACKLINK_TOOL","agent-2026-05-13","2026-05-13",""
