query,page,clicks,impressions,ctr,position
רשות ניירות ערך בעלי תפקידים,https://jus-tice.co.il/wp-content/uploads/2022/06/06102016_1.pdf,4,18,0.2222222222222222,2.9444444444444446
חיפוש עורך דין לפי שם,https://jus-tice.co.il/,3,571,0.005253940455341506,8.152364273204903
ייעוץ עורך דין אונליין חינם,https://jus-tice.co.il/,3,77,0.03896103896103896,10.831168831168831
רעות קסלר,https://jus-tice.co.il/wp-content/uploads/2022/06/06102016_1.pdf,3,30,0.1,3.3666666666666667
הסכם גירושין דוגמא doc,https://jus-tice.co.il/wp-content/uploads/2021/03/%D7%A0%D7%95%D7%A1%D7%97-%D7%94%D7%A1%D7%9B%D7%9D-%D7%92%D7%99%D7%A8%D7%95%D7%A9%D7%99%D7%9F-%D7%93%D7%95%D7%92%D7%9E%D7%90-2021.docx,2,42,0.047619047619047616,11.642857142857142
חיפוש עורכי דין,https://jus-tice.co.il/,2,256,0.0078125,10.00390625
jus tice,https://jus-tice.co.il/,1,1,1,1
oui,https://jus-tice.co.il/,1,1,1,1
איתור עורך דין,https://jus-tice.co.il/,1,341,0.002932551319648094,7.105571847507331
ארז מלמד שופט,https://jus-tice.co.il/court-judge/,1,1,1,21
אריאל ממן שופט,https://jus-tice.co.il/62758-11-22/,1,42,0.023809523809523808,9.19047619047619
השופט אריאל ממן,https://jus-tice.co.il/62758-11-22/,1,28,0.03571428571428571,10.892857142857142
השופטת אורית ליפשיץ,https://jus-tice.co.il/decision55016-06-17a/,1,3,0.3333333333333333,8
השופטת רונית גורביץ,https://jus-tice.co.il/decision67437-12-18/,1,11,0.09090909090909091,6.636363636363637
חיפוש עורך דין,https://jus-tice.co.il/,1,226,0.004424778761061947,8.190265486725664
מאגר משפטי חינם,https://jus-tice.co.il/,1,4,0.25,33.5
מציאת עורך דין,https://jus-tice.co.il/,1,33,0.030303030303030304,7.212121212121212
נאיל מהנא,https://jus-tice.co.il/court-judge/,1,1,1,46
סעיף 63 לפקודת התעבורה,https://jus-tice.co.il/wp-content/uploads/2020/01/hana_v9.32.88s.pdf,1,1,1,43
עורכי דין מומלצים,https://jus-tice.co.il/,1,81,0.012345679012345678,16.987654320987655
קורסים לעורכי דין,https://jus-tice.co.il/legal-courses-for-lawyers/,1,14,0.07142857142857142,19.428571428571427
רשות ניירות ערך טלפון,https://jus-tice.co.il/wp-content/uploads/2022/06/06102016_1.pdf,1,13,0.07692307692307693,15.692307692307692
רשות ניירות ערך מחלקת תאגידים,https://jus-tice.co.il/wp-content/uploads/2022/06/06102016_1.pdf,1,21,0.047619047619047616,4.238095238095238
"""+30 231 231 2405""",https://jus-tice.co.il/wp-content/uploads/2023/03/greece-list-of-lawyers-november-2021.pdf,0,2,0,2.5
"""nalp"" ""class of 2024"" ""mid-atlantic"" ""94.9%""",https://jus-tice.co.il/wp-content/uploads/2022/06/54111-Law-Firms-in-the-US-Industry-Report.pdf,0,4,0,9.5
"""r 8"" ""u 9"" ""l 9"" ""d 8"" ""l 2""",https://jus-tice.co.il/wp-content/uploads/2023/03/Find-a-professional-service-abroad-Results-for-Lawyers-in-Greece.pdf,0,2,0,7.5
"""visit website"" ""post permalink"" ""welcome, visitor!"" fantasy video",https://jus-tice.co.il/,0,1,0,6
"""בית משפט""",https://jus-tice.co.il/articles/%D7%9E%D7%94%D7%95-%D7%91%D7%99%D7%AA-%D7%9E%D7%A9%D7%A4%D7%98/,0,3,0,29.666666666666668
"""חוק המרשם הפלילי ותקנת השבים"" סעיף 14 15 16 17 18",https://jus-tice.co.il/psakdin/%D7%94%D7%92%D7%91%D7%9C%D7%94-%D7%A2%D7%9C-%D7%9E%D7%A1%D7%99%D7%A8%D7%AA-%D7%9E%D7%99%D7%93%D7%A2-%D7%9E%D7%94%D7%9E%D7%A8%D7%A9%D7%9D-%D7%94%D7%A4%D7%9C%D7%99%D7%9C%D7%99-%D7%95%D7%A7%D7%99%D7%A6%D7%95%D7%A8-%D7%AA%D7%A7%D7%95%D7%A4%D7%AA-%D7%94%D7%A8%D7%99%D7%A9%D7%95%D7%9D/,0,2,0,9.5
"""טרקטור משא"" תקנות התעבורה",https://jus-tice.co.il/wp-content/uploads/2020/01/hana_v9.32.88s.pdf,0,2,0,8.5
"""עוסק זעיר"" פיצול מלאכותי בני זוג",https://jus-tice.co.il/israel-tax-authority/,0,1,0,11
"""רשלנות רפואית הגדרה""",https://jus-tice.co.il/what-is-medical-malpractice-definition-examples/,0,264,0,13.878787878787879
"""תפסיק להתראיין רק טיק טוק טוב לך תעלה את הערך שלך כולם איתך אלון""",https://jus-tice.co.il/%D7%A0%D7%95%D7%A1%D7%97-%D7%9B%D7%AA%D7%91-%D7%94%D7%90%D7%99%D7%A9%D7%95%D7%9D-%D7%A0%D7%92%D7%93-%D7%91%D7%A0%D7%99%D7%9E%D7%99%D7%9F-%D7%A0%D7%AA%D7%A0%D7%99%D7%94%D7%95-%D7%AA%D7%99%D7%A7%D7%99%D7%9D-1000-2000-4000,0,1,0,8
#justiceforatifali,https://jus-tice.co.il/,0,1,0,1
#justiceforatifaliqadri,https://jus-tice.co.il/,0,1,0,1
#justicefordeon,https://jus-tice.co.il/,0,1,0,2
#justiceforrishabh,https://jus-tice.co.il/,0,1,0,1
#justiceforrubail,https://jus-tice.co.il/,0,1,0,1
#justiceforshandi,https://jus-tice.co.il/,0,1,0,2
121-34,https://jus-tice.co.il/wp-content/uploads/2023/03/ATTORNEY-LIST-December-2017-1.pdf,0,3,0,28
1ynet,https://jus-tice.co.il/%D7%A0%D7%95%D7%A1%D7%97-%D7%9B%D7%AA%D7%91-%D7%94%D7%90%D7%99%D7%A9%D7%95%D7%9D-%D7%A0%D7%92%D7%93-%D7%91%D7%A0%D7%99%D7%9E%D7%99%D7%9F-%D7%A0%D7%AA%D7%A0%D7%99%D7%94%D7%95-%D7%AA%D7%99%D7%A7%D7%99%D7%9D-1000-2000-4000,0,1,0,65
"29,440/12",https://jus-tice.co.il/wp-content/uploads/2019/03/%D7%91%D7%99%D7%94%D7%93-%D7%94%D7%90%D7%96%D7%95%D7%A8%D7%99-%D7%9C%D7%A2%D7%91%D7%95%D7%93%D7%94-%D7%AA%D7%90-%D7%A9-%D7%90%D7%95%D7%A8%D7%9F-%D7%A9%D7%92%D7%91-%D7%A4%D7%A1%D7%93-%D7%91%D7%A2%D7%A0%D7%99%D7%99%D7%9F-%D7%90%D7%97%D7%A8%D7%99%D7%95%D7%AA-%D7%91%D7%99%D7%98%D7%95%D7%97-%D7%9C%D7%90%D7%95%D7%9E%D7%99-%D7%9C%D7%98%D7%99%D7%A4%D7%95%D7%9C-%D7%91%D7%97%D7%95%D7%9C%D7%94-%D7%A1%D7%A8%D7%98%D7%9F.pdf,0,2,0,28
30. איזה תמרור מורה לעבור מקום מסומן מצדו השמאלי בלבד? 215 123 214 213,https://jus-tice.co.il/wp-content/uploads/2020/01/hana_v9.32.88s.pdf,0,5,0,28
35787-02,https://jus-tice.co.il/%D7%A7%D7%98%D7%92%D7%95%D7%A8%D7%99%D7%95%D7%AA-%D7%9E%D7%90%D7%9E%D7%A8%D7%99%D7%9D/%D7%93%D7%99%D7%A0%D7%99-%D7%9E%D7%A9%D7%A4%D7%97%D7%94/%D7%A4%D7%A1%D7%A7%D7%99-%D7%93%D7%99%D7%9F-%D7%92%D7%99%D7%A8%D7%95%D7%A9%D7%99%D7%95-%D7%93%D7%99%D7%A0%D7%99-%D7%9E%D7%A9%D7%A4%D7%97%D7%94-2022/,0,4,0,72.75
35787-02,https://jus-tice.co.il/cohabitation-agreement/,0,1,0,65
35787-02,https://jus-tice.co.il/what-is-a-probate-order/,0,3,0,27.666666666666668
418 תמרור,https://jus-tice.co.il/wp-content/uploads/2020/01/hana_v9.32.88s.pdf,0,1,0,80
513936807,https://jus-tice.co.il/wp-content/uploads/2020/03/%D7%99%D7%9C%D7%A7%D7%95%D7%98-%D7%94%D7%A4%D7%A8%D7%A1%D7%95%D7%9E%D7%99%D7%9D-8755.pdf,0,2,0,21
7023,https://jus-tice.co.il/wp-content/uploads/2020/10/%D7%AA%D7%A7%D7%A6%D7%99%D7%A8-7023-19.pdf,0,2,0,1
[משכנתא לאזרח ותיק],https://jus-tice.co.il/returning-resident-rights-determining-tax-rate/,0,1,0,85
anesthesia מה זה,https://jus-tice.co.il/anesthesia-medical-malpractice/,0,1,0,18
apostille מה זה,https://jus-tice.co.il/apostille/,0,2,0,41
association of lawyers,https://jus-tice.co.il/,0,2,0,13
athens attorneys,https://jus-tice.co.il/wp-content/uploads/2023/03/greece-list-of-lawyers-november-2021.pdf,0,1,0,88
athens bar association lawyer search,https://jus-tice.co.il/wp-content/uploads/2023/03/greece-list-of-lawyers-november-2021.pdf,0,1,0,5
attorneys in athens,https://jus-tice.co.il/wp-content/uploads/2023/03/Attorney-List-July-updated-Nov-2020-1.pdf,0,1,0,92
attorneys in greece,https://jus-tice.co.il/wp-content/uploads/2023/03/ATTORNEY-LIST-December-2017-1.pdf,0,1,0,18
attorneys in italy,https://jus-tice.co.il/wp-content/uploads/2023/05/Italy_List_of_English-speaking_lawyers.pdf,0,4,0,95.25
attorneys in law,https://jus-tice.co.il/wp-content/uploads/2023/03/greece-list-of-lawyers-november-2021.pdf,0,1,0,29
attorneys of law,https://jus-tice.co.il/wp-content/uploads/2023/03/greece-list-of-lawyers-november-2021.pdf,0,1,0,29
booking מספר טלפון,https://jus-tice.co.il/psakdin/%D7%A4%D7%A1%D7%93-%D7%91%D7%A2%D7%A8%D7%A2%D7%95%D7%A8-%D7%91%D7%95%D7%A7%D7%99%D7%A0%D7%92-%D7%A7%D7%95%D7%9D-%D7%A0-%D7%94%D7%97%D7%9C%D7%98%D7%AA-%D7%94%D7%A8%D7%A9%D7%95%D7%AA-%D7%9C%D7%94/,0,1,0,69
business and commercial law consulting services market,https://jus-tice.co.il/wp-content/uploads/2022/06/54111-Law-Firms-in-the-US-Industry-Report.pdf,0,13,0,24.307692307692307
c.p,https://jus-tice.co.il/cerebral-palsy-rights/,0,1,0,59
chambers,https://jus-tice.co.il/chambers-and-partners/,0,2,0,9
chambers and,https://jus-tice.co.il/chambers-and-partners/,0,1,0,19
chambers and partners,https://jus-tice.co.il/chambers-and-partners/,0,2,0,17
chambers and partners band 1,https://jus-tice.co.il/chambers-and-partners/,0,1,0,8
chambers and partners israel,https://jus-tice.co.il/chambers-and-partners/,0,3,0,24.666666666666668
chambers israel,https://jus-tice.co.il/chambers-and-partners/,0,2,0,30.5
chambers justin,https://jus-tice.co.il/chambers-and-partners/,0,1,0,100
cio שכר,https://jus-tice.co.il/employer-worker-relationship/,0,1,0,96
civil attorney greece,https://jus-tice.co.il/wp-content/uploads/2023/03/ATTORNEY-LIST-December-2017-1.pdf,0,4,0,25.75
claim justice israel,https://jus-tice.co.il/psakdin/,0,1,0,38
cms law firm,https://jus-tice.co.il/cms-law-firm/,0,5,0,7.6
cms tel aviv,https://jus-tice.co.il/cms-law-firm/,0,1,0,41
corporate legal advisory services comparison by industry,https://jus-tice.co.il/wp-content/uploads/2022/06/54111-Law-Firms-in-the-US-Industry-Report.pdf,0,1,0,19
corporate legal advisory services comparisons by industry,https://jus-tice.co.il/wp-content/uploads/2022/06/54111-Law-Firms-in-the-US-Industry-Report.pdf,0,14,0,18.071428571428573
court of justice,https://jus-tice.co.il/,0,1,0,4
cp,https://jus-tice.co.il/cerebral-palsy-rights/,0,27,0,56.77777777777778
dhl ישראל הזמנת איסוף,https://jus-tice.co.il/israel-tax-authority/,0,1,0,56
doctors - גירושין: בלי לפגוע בילדים,https://jus-tice.co.il/%D7%92%D7%99%D7%A8%D7%95%D7%A9%D7%99%D7%9F-%D7%91%D7%92%D7%99%D7%A9%D7%95%D7%A8-%D7%A2%D7%9D-%D7%99%D7%9C%D7%93%D7%99%D7%9D-%D7%94%D7%93%D7%A8%D7%9A-%D7%94%D7%98%D7%95%D7%91%D7%94-%D7%9C%D7%94%D7%AA%D7%92%D7%A8%D7%A9-%D7%91%D7%92%D7%99%D7%A9%D7%95%D7%A8-%D7%91%D7%9C%D7%99-%D7%9C%D7%A4%D7%92%D7%95%D7%A2-%D7%91%D7%99%D7%9C%D7%93%D7%99%D7%9D/,0,6,0,65.83333333333333
email,https://jus-tice.co.il/wp-content/uploads/2023/03/Attorney-List-July-updated-Nov-2020-1.pdf,0,1,0,4
emmanouil peponas,https://jus-tice.co.il/wp-content/uploads/2023/03/Attorney-List-July-updated-Nov-2020-1.pdf,0,8,0,49.375
english speaking lawyers in greece,https://jus-tice.co.il/wp-content/uploads/2023/03/ATTORNEY-LIST-December-2017-1.pdf,0,1,0,63
extra members עורכי דין,https://jus-tice.co.il/,0,1,0,33
find a lawyer greece,https://jus-tice.co.il/wp-content/uploads/2023/03/greece-list-of-lawyers-november-2021.pdf,0,1,0,47
find lawyer,https://jus-tice.co.il/wp-content/uploads/2023/03/greece-list-of-lawyers-november-2021.pdf,0,2,0,71.5
find lawyers,https://jus-tice.co.il/wp-content/uploads/2023/03/greece-list-of-lawyers-november-2021.pdf,0,3,0,79.66666666666667
google jus,https://jus-tice.co.il/powerful-seo-tools-for-your-law-firm/,0,1,0,8
greek american lawyers,https://jus-tice.co.il/wp-content/uploads/2023/03/Attorney-List-July-updated-Nov-2020-1.pdf,0,3,0,80
hall of justice,https://jus-tice.co.il/,0,1,0,6
hastings lawyer,https://jus-tice.co.il/paul-hastings/,0,1,0,88
how many law firms are in the united states,https://jus-tice.co.il/wp-content/uploads/2022/06/54111-Law-Firms-in-the-US-Industry-Report.pdf,0,2,0,53
how many law firms are in the us,https://jus-tice.co.il/wp-content/uploads/2022/06/54111-Law-Firms-in-the-US-Industry-Report.pdf,0,1,0,54
how many law firms are there in the united states,https://jus-tice.co.il/wp-content/uploads/2022/06/54111-Law-Firms-in-the-US-Industry-Report.pdf,0,1,0,37
how many law firms are there in the us,https://jus-tice.co.il/wp-content/uploads/2022/06/54111-Law-Firms-in-the-US-Industry-Report.pdf,0,5,0,36
how many law firms in the us,https://jus-tice.co.il/wp-content/uploads/2022/06/54111-Law-Firms-in-the-US-Industry-Report.pdf,0,4,0,39.5
how many law firms in us,https://jus-tice.co.il/wp-content/uploads/2022/06/54111-Law-Firms-in-the-US-Industry-Report.pdf,0,1,0,12
how to determine if a law firm is headquartered or primarily operating in the united states,https://jus-tice.co.il/wp-content/uploads/2022/06/54111-Law-Firms-in-the-US-Industry-Report.pdf,0,1,0,10
https://www.isa.gov.il,https://jus-tice.co.il/wp-content/uploads/2022/06/06102016_1.pdf,0,1,0,8
https://www.isa.gov.il/,https://jus-tice.co.il/wp-content/uploads/2022/06/06102016_1.pdf,0,4,0,9.5
ibisworld law firms in the us number of businesses 2024,https://jus-tice.co.il/wp-content/uploads/2022/06/54111-Law-Firms-in-the-US-Industry-Report.pdf,0,6,0,7.666666666666667
ibisworld law firms in the us number of businesses 2025,https://jus-tice.co.il/wp-content/uploads/2022/06/54111-Law-Firms-in-the-US-Industry-Report.pdf,0,3,0,9
ibisworld personal injury lawyers revenue 2023,https://jus-tice.co.il/wp-content/uploads/2022/06/54111-Law-Firms-in-the-US-Industry-Report.pdf,0,1,0,10
iflr1000,https://jus-tice.co.il/iflr1000/,0,4,0,8
images,https://jus-tice.co.il/wp-content/uploads/2021/02/inheritence-order-form-300x186.jpg,0,1,0,10
images,https://jus-tice.co.il/wp-content/uploads/2021/02/tashirhistalkut-1-300x220.jpg,0,1,0,17
in us?,https://jus-tice.co.il/wp-content/uploads/2022/06/54111-Law-Firms-in-the-US-Industry-Report.pdf,0,1,0,15
international court of justice isreal,https://jus-tice.co.il/,0,1,0,13
isa.gov.il,https://jus-tice.co.il/wp-content/uploads/2022/06/06102016_1.pdf,0,1,0,10
israel court of justice,https://jus-tice.co.il/,0,1,0,13
israel criminal,https://jus-tice.co.il/,0,1,0,3
italian lawyers,https://jus-tice.co.il/wp-content/uploads/2023/05/Italy_List_of_English-speaking_lawyers.pdf,0,1,0,101
italy lawyers,https://jus-tice.co.il/wp-content/uploads/2023/05/Italy_List_of_English-speaking_lawyers.pdf,0,20,0,86.65
j.u.s.t.i.c.e.,https://jus-tice.co.il/,0,1,0,55
jastice,https://jus-tice.co.il/,0,3,0,2.666666666666667
juctice,https://jus-tice.co.il/,0,1,0,8
jus,https://jus-tice.co.il/%D7%A7%D7%98%D7%92%D7%95%D7%A8%D7%99%D7%95%D7%AA-%D7%9E%D7%90%D7%9E%D7%A8%D7%99%D7%9D/%D7%9E%D7%99%D7%A1%D7%99%D7%9D/,0,1,0,9
jus-tice.co.il,https://jus-tice.co.il/,0,1,0,1
jus-tice.co.il,https://jus-tice.co.il/%D7%A7%D7%98%D7%92%D7%95%D7%A8%D7%99%D7%95%D7%AA-%D7%9E%D7%90%D7%9E%D7%A8%D7%99%D7%9D/%D7%9B%D7%A0%D7%A1%D7%AA-%D7%99%D7%A9%D7%A8%D7%90%D7%9C/,0,1,0,3
jusics,https://jus-tice.co.il/,0,1,0,73
justic,https://jus-tice.co.il/,0,3,0,9
justice,https://jus-tice.co.il/,0,95,0,10.947368421052632
justice israel,https://jus-tice.co.il/,0,2,0,7
justice sms,https://jus-tice.co.il/%D7%93%D7%95%D7%97%D7%95%D7%AA-%D7%97%D7%A0%D7%99%D7%94-%D7%90%D7%9E%D7%A6%D7%A2%D7%95%D7%AA-%D7%9E%D7%A1%D7%A8%D7%95%D7%9F-%D7%9C%D7%98%D7%9C%D7%A4%D7%95%D7%9F-%D7%A0%D7%99%D7%99%D7%93-sms/,0,1,0,11
justice sms מה זה,https://jus-tice.co.il/%D7%93%D7%95%D7%97%D7%95%D7%AA-%D7%97%D7%A0%D7%99%D7%94-%D7%90%D7%9E%D7%A6%D7%A2%D7%95%D7%AA-%D7%9E%D7%A1%D7%A8%D7%95%D7%9F-%D7%9C%D7%98%D7%9C%D7%A4%D7%95%D7%9F-%D7%A0%D7%99%D7%99%D7%93-sms/,0,1,0,1
justicemogged,https://jus-tice.co.il/,0,1,0,2
justicetale,https://jus-tice.co.il/,0,1,0,3
justiz,https://jus-tice.co.il/,0,22,0,2.409090909090909
justoce,https://jus-tice.co.il/,0,1,0,4
jusyice,https://jus-tice.co.il/,0,1,0,12
law firm industry,https://jus-tice.co.il/wp-content/uploads/2022/06/54111-Law-Firms-in-the-US-Industry-Report.pdf,0,2,0,33
law firm industry analysis,https://jus-tice.co.il/wp-content/uploads/2022/06/54111-Law-Firms-in-the-US-Industry-Report.pdf,0,1,0,77
law firm italy,https://jus-tice.co.il/wp-content/uploads/2023/05/Italy_List_of_English-speaking_lawyers.pdf,0,4,0,93.75
law firms in greece,https://jus-tice.co.il/wp-content/uploads/2023/03/greece-list-of-lawyers-november-2021.pdf,0,1,0,80
lawyer,https://jus-tice.co.il/wp-content/uploads/2023/03/Attorney-List-July-updated-Nov-2020-1.pdf,0,1,0,2
lawyer directory,https://jus-tice.co.il/wp-content/uploads/2023/03/greece-list-of-lawyers-november-2021.pdf,0,1,0,33
lawyers greece,https://jus-tice.co.il/wp-content/uploads/2023/03/greece-list-of-lawyers-november-2021.pdf,0,1,0,30
lawyers in athens,https://jus-tice.co.il/wp-content/uploads/2023/03/greece-list-of-lawyers-november-2021.pdf,0,1,0,58
lawyers in athens greece,https://jus-tice.co.il/wp-content/uploads/2023/03/greece-list-of-lawyers-november-2021.pdf,0,6,0,72.33333333333333
lawyers in crete greece,https://jus-tice.co.il/wp-content/uploads/2023/03/greece-list-of-lawyers-november-2021.pdf,0,1,0,109
lawyers in greece,https://jus-tice.co.il/wp-content/uploads/2023/03/ATTORNEY-LIST-December-2017-1.pdf,0,1,0,24
lawyers in greece,https://jus-tice.co.il/wp-content/uploads/2023/03/greece-list-of-lawyers-november-2021.pdf,0,3,0,61.666666666666664
lawyers in italy,https://jus-tice.co.il/wp-content/uploads/2023/05/Italy_List_of_English-speaking_lawyers.pdf,0,22,0,94.36363636363636
lawyers in venice italy,https://jus-tice.co.il/wp-content/uploads/2023/05/Italy_List_of_English-speaking_lawyers.pdf,0,14,0,54.642857142857146
lawyers organization,https://jus-tice.co.il/,0,1,0,10
legal aid israel,https://jus-tice.co.il/,0,1,0,13
legal services by industry,https://jus-tice.co.il/wp-content/uploads/2022/06/54111-Law-Firms-in-the-US-Industry-Report.pdf,0,4,0,44.5
legtis,https://jus-tice.co.il/,0,1,0,10
list of italian lawyers,https://jus-tice.co.il/wp-content/uploads/2023/05/Italy_List_of_English-speaking_lawyers.pdf,0,2,0,57
local attorneys athens,https://jus-tice.co.il/wp-content/uploads/2023/03/Attorney-List-July-updated-Nov-2020-1.pdf,0,2,0,98
local attorneys greece,https://jus-tice.co.il/wp-content/uploads/2023/03/ATTORNEY-LIST-December-2017-1.pdf,0,5,0,50.4
local attorneys greece,https://jus-tice.co.il/wp-content/uploads/2023/03/greece-list-of-lawyers-november-2021.pdf,0,1,0,30
local law offices greece,https://jus-tice.co.il/wp-content/uploads/2023/03/ATTORNEY-LIST-December-2017-1.pdf,0,1,0,25
meuhedet app טיפת חלב,https://jus-tice.co.il/corona_virus/%D7%94%D7%A0%D7%97%D7%99%D7%95%D7%AA-%D7%9C%D7%94%D7%AA%D7%9E%D7%95%D7%93%D7%93%D7%95%D7%AA-%D7%A2%D7%9D-%D7%A0%D7%92%D7%99%D7%A3-%D7%94%D7%A7%D7%95%D7%A8%D7%95%D7%A0%D7%94-19-covid/,0,1,0,43
military lawyer,https://jus-tice.co.il/,0,1,0,38
napyh,https://jus-tice.co.il/,0,3,0,73
nhxho,https://jus-tice.co.il/israel-tax-authority/,0,1,0,12
"north american legal services company with 11 to 500 employees, excluding thyberglaw and its subsidiaries",https://jus-tice.co.il/wp-content/uploads/2022/06/54111-Law-Firms-in-the-US-Industry-Report.pdf,0,1,0,5
nso כתובת,https://jus-tice.co.il/articles/%D7%A4%D7%92%D7%A1%D7%95%D7%A1-nso-%D7%9E%D7%A1%D7%A7%D7%A0%D7%95%D7%AA-%D7%A6%D7%95%D7%95%D7%AA-%D7%9E%D7%A8%D7%A8%D7%99-%D7%9E%D7%9E%D7%A6%D7%90%D7%99-%D7%A6%D7%95%D7%95%D7%AA-%D7%94%D7%91%D7%93/,0,1,0,36
number of law firms in the us,https://jus-tice.co.il/wp-content/uploads/2022/06/54111-Law-Firms-in-the-US-Industry-Report.pdf,0,9,0,29
number of law firms in us,https://jus-tice.co.il/wp-content/uploads/2022/06/54111-Law-Firms-in-the-US-Industry-Report.pdf,0,1,0,89
nv zv tpuxyhk,https://jus-tice.co.il/apostille/,0,2,0,48.5
nx acj,https://jus-tice.co.il/land-appreciation-tax/,0,1,0,25
nx vfbxv,https://jus-tice.co.il/israel-tax-authority/,0,3,0,48.333333333333336
nx vfbxv bhfuhho,https://jus-tice.co.il/israel-tax-authority/,0,2,0,61
plaquenil תופעות לוואי,https://jus-tice.co.il/wp-content/uploads/2020/04/%D7%9E%D7%99%D7%93%D7%A2-%D7%AA%D7%A8%D7%95%D7%A4%D7%AA%D7%99-%D7%A2%D7%9C-%D7%AA%D7%A8%D7%95%D7%A4%D7%95%D7%AA-%D7%94%D7%A0%D7%9E%D7%A6%D7%90%D7%95%D7%AA-%D7%91%D7%A9%D7%99%D7%9E%D7%95%D7%A9-%D7%9C%D7%98%D7%99%D7%A4%D7%95%D7%9C-%D7%91-%E2%80%93-COVID-19-%D7%91%D7%9E%D7%91%D7%95%D7%92%D7%A8%D7%99%D7%9D.pdf,0,1,0,87
prysoline תרופה,https://jus-tice.co.il/wp-content/uploads/2020/04/%D7%9E%D7%99%D7%93%D7%A2-%D7%AA%D7%A8%D7%95%D7%A4%D7%AA%D7%99-%D7%A2%D7%9C-%D7%AA%D7%A8%D7%95%D7%A4%D7%95%D7%AA-%D7%94%D7%A0%D7%9E%D7%A6%D7%90%D7%95%D7%AA-%D7%91%D7%A9%D7%99%D7%9E%D7%95%D7%A9-%D7%9C%D7%98%D7%99%D7%A4%D7%95%D7%9C-%D7%91-%E2%80%93-COVID-19-%D7%91%D7%9E%D7%91%D7%95%D7%92%D7%A8%D7%99%D7%9D.pdf,0,1,0,71
quala salaries,https://jus-tice.co.il/wp-content/uploads/2022/06/54111-Law-Firms-in-the-US-Industry-Report.pdf,0,2,0,19
sedentary תרגום,https://jus-tice.co.il/wp-content/uploads/2020/01/UK-Physical-Activity-Guidelines-2019-Hebrew.pdf,0,1,0,24
seo טכני,https://jus-tice.co.il/powerful-seo-tools-for-your-law-firm/,0,14,0,55.357142857142854
"seo טכני,-",https://jus-tice.co.il/powerful-seo-tools-for-your-law-firm/,0,4,0,56
site:shared-parenting.co.il,https://jus-tice.co.il/wp-content/uploads/2020/03/57594-05-18.pdf,0,2,0,35
tax.gov.il,https://jus-tice.co.il/israel-tax-authority/,0,2,0,92.5
ten legal firm areas of expertise,https://jus-tice.co.il/wp-content/uploads/2022/06/54111-Law-Firms-in-the-US-Industry-Report.pdf,0,5,0,6.4
tice,https://jus-tice.co.il/,0,12,0,8.333333333333332
tjus,https://jus-tice.co.il/,0,1,0,3
us embassy lawyers list,https://jus-tice.co.il/wp-content/uploads/2023/03/Attorney-List-July-updated-Nov-2020-1.pdf,0,1,0,4
us firms,https://jus-tice.co.il/wp-content/uploads/2022/06/54111-Law-Firms-in-the-US-Industry-Report.pdf,0,1,0,112
we are social! follow us for new exciting features share them anytime,https://jus-tice.co.il/,0,1,0,43
who's this phone number,https://jus-tice.co.il/wp-content/uploads/2023/03/greece-list-of-lawyers-november-2021.pdf,0,1,0,7
www mot gov il תשלום רישיון רכב,https://jus-tice.co.il/supreme-court/%D7%A2%D7%90-7023-19-%D7%A4%D7%9C%D7%95%D7%A0%D7%99-%D7%A0-%D7%A4%D7%9C%D7%95%D7%A0%D7%99/,0,4,0,71.5
www.court.gov.il,https://jus-tice.co.il/2019-2020-major-supreme-court-ruling,0,1,0,75
xsrtv,https://jus-tice.co.il/wp-content/uploads/2023/03/Find-a-professional-service-abroad-Results-for-Lawyers-in-Greece.pdf,0,2,0,30
xxvxxs,https://jus-tice.co.il/corona_virus/%D7%94%D7%A0%D7%97%D7%99%D7%95%D7%AA-%D7%9C%D7%94%D7%AA%D7%9E%D7%95%D7%93%D7%93%D7%95%D7%AA-%D7%A2%D7%9D-%D7%A0%D7%92%D7%99%D7%A3-%D7%94%D7%A7%D7%95%D7%A8%D7%95%D7%A0%D7%94-19-covid/,0,1,0,68
yמ,https://jus-tice.co.il/18744-11-18/,0,10,0,9
אבדן כושר עבודה,https://jus-tice.co.il/income-protection-insurance/,0,2,0,76.5
אבי לוי שופט,https://jus-tice.co.il/court-judge/,0,1,0,43
אבי מוטולה בת זוג,https://jus-tice.co.il/robert-stephan-cohen/,0,1,0,39
אביגדור דורות,https://jus-tice.co.il/%D7%94%D7%97%D7%9C%D7%98%D7%94-%D7%91%D7%AA%D7%99%D7%A7-%D7%97%D7%93%D7%9C%D7%95%D7%AA-%D7%A4%D7%99%D7%A8%D7%A2%D7%95%D7%9F-%D7%A9%D7%9C-%D7%97%D7%91%D7%A8%D7%AA-%D7%A1%D7%98%D7%95%D7%93%D7%99%D7%95-c/,0,21,0,11
אביגדור דורות שופט,https://jus-tice.co.il/%D7%94%D7%97%D7%9C%D7%98%D7%94-%D7%91%D7%AA%D7%99%D7%A7-%D7%97%D7%93%D7%9C%D7%95%D7%AA-%D7%A4%D7%99%D7%A8%D7%A2%D7%95%D7%9F-%D7%A9%D7%9C-%D7%97%D7%91%D7%A8%D7%AA-%D7%A1%D7%98%D7%95%D7%93%D7%99%D7%95-c/,0,5,0,8
אביגיל שיינין,https://jus-tice.co.il/psakdin/%D7%94%D7%98%D7%99%D7%A4%D7%95%D7%9C-%D7%91%D7%A0%D7%A4%D7%92%D7%A2%D7%99-%D7%A2%D7%91%D7%99%D7%A8%D7%95%D7%AA-%D7%9E%D7%99%D7%9F-%D7%91%D7%94%D7%9C%D7%99%D7%9A-%D7%94%D7%A4%D7%9C%D7%99%D7%9C%D7%99/,0,1,0,98
אביחי אביעד,https://jus-tice.co.il/wp-content/uploads/2022/06/06102016_1.pdf,0,1,0,77
אביחי חכמון רואה חשבון,https://jus-tice.co.il/%D7%A0%D7%95%D7%A1%D7%97-%D7%9B%D7%AA%D7%91-%D7%94%D7%90%D7%99%D7%A9%D7%95%D7%9D-%D7%A0%D7%92%D7%93-%D7%91%D7%A0%D7%99%D7%9E%D7%99%D7%9F-%D7%A0%D7%AA%D7%A0%D7%99%D7%94%D7%95-%D7%AA%D7%99%D7%A7%D7%99%D7%9D-1000-2000-4000,0,1,0,49
אביים ברקאי,https://jus-tice.co.il/%D7%A7%D7%98%D7%92%D7%95%D7%A8%D7%99%D7%95%D7%AA-%D7%9E%D7%90%D7%9E%D7%A8%D7%99%D7%9D/%D7%9C%D7%A9%D7%95%D7%9F-%D7%94%D7%A8%D7%A2/,0,1,0,55
אביים ברקאי,https://jus-tice.co.il/%D7%AA%D7%90-42164-01-19-%D7%A7%D7%95%D7%A8%D7%9E%D7%9F-%D7%95%D7%90%D7%97-%D7%A0-%D7%98%D7%91%D7%9C/,0,2,0,56
אביים ברקאי,https://jus-tice.co.il/psakdin/%D7%A4%D7%A1%D7%93-%D7%91%D7%AA%D7%95%D7%91%D7%A2%D7%A0%D7%94-%D7%A0%D7%96%D7%99%D7%A7%D7%99%D7%AA-%D7%A0%D7%92%D7%93-%D7%99%D7%A6%D7%97%D7%A7-%D7%94%D7%A8%D7%A6%D7%95%D7%92-%D7%95%D7%90%D7%97/,0,1,0,87
אבישי רובס,https://jus-tice.co.il/court-judge/,0,1,0,42
אגרות אפוסטיל,https://jus-tice.co.il/apostille/,0,1,0,66
אגרת אישור הסכם גירושין,https://jus-tice.co.il/how-much-does-a-divorce-agreement-cost/,0,1,0,44
אגרת אפוסטיל בית משפט,https://jus-tice.co.il/apostille/,0,1,0,40
אגרת רישום הערת אזהרה 2025,https://jus-tice.co.il/real-estate-lawyer-cost-2025/,0,21,0,45.333333333333336
אדירה כסף 2025,https://jus-tice.co.il/real-estate-lawyer-cost-2025/,0,1,0,10
אובדן כושר עבודה,https://jus-tice.co.il/income-protection-insurance/,0,157,0,69.14649681528662
אובדן כושר עבודה פרטי,https://jus-tice.co.il/income-protection-insurance/,0,1,0,89
אובליגטורית,https://jus-tice.co.il/18744-11-18/,0,1,0,48
אוטומציה+של+מקצוע+עריכת+הדין,https://jus-tice.co.il/legal-courses-for-lawyers/,0,1,0,92
אופטימיזציה במנועי חיפוש,https://jus-tice.co.il/search-engine-optimization/,0,182,0,27.75824175824176
אופטימיזציה לקוד האתר,https://jus-tice.co.il/search-engine-optimization/,0,1,0,85
אופנוע לפי תקנה 177,https://jus-tice.co.il/wp-content/uploads/2020/01/hana_v9.32.88s.pdf,0,1,0,79
"אופנוע מעל 47 כ""ס",https://jus-tice.co.il/supreme-court/%D7%A2%D7%90-7023-19-%D7%A4%D7%9C%D7%95%D7%A0%D7%99-%D7%A0-%D7%A4%D7%9C%D7%95%D7%A0%D7%99/,0,2,0,76
אורית בן דור ליבל,https://jus-tice.co.il/articles/%D7%90%D7%99%D7%A1%D7%95%D7%A8-%D7%A4%D7%A8%D7%A1%D7%95%D7%9D-%D7%A9%D7%9C-%D7%97%D7%95%D7%95%D7%AA-%D7%93%D7%A2%D7%AA-%D7%9C%D7%A2%D7%A0%D7%99%D7%99%D7%9F-%D7%94%D7%9E%D7%A1%D7%95%D7%92%D7%9C%D7%95/,0,1,0,70
אורית בן דור ליבל,https://jus-tice.co.il/psakdin/,0,2,0,76
אורית גרינברג,https://jus-tice.co.il/psakdin/%D7%A4%D7%A1%D7%93-%D7%A1%D7%9C%D7%A7%D7%95%D7%9D-%D7%9E%D7%9B%D7%A8%D7%94-%D7%9E%D7%99%D7%93%D7%A2-%D7%95%D7%A0%D7%AA%D7%95%D7%A0%D7%99-%D7%90%D7%99%D7%9B%D7%95%D7%9F-%D7%A2%D7%9C-%D7%9C%D7%A7/,0,1,0,55
אורית ליפשיץ,https://jus-tice.co.il/decision55016-06-17a/,0,8,0,10.625
אורית ליפשיץ שופטת,https://jus-tice.co.il/decision55016-06-17a/,0,13,0,8.384615384615385
אורית שמאי,https://jus-tice.co.il/%D7%9E%D7%99%D7%A0%D7%95%D7%99-%D7%A9%D7%9E%D7%90%D7%99-%D7%9E%D7%A7%D7%A8%D7%A7%D7%A2%D7%99%D7%9F-%D7%A2%D7%96%D7%91%D7%95%D7%9F-%D7%A6%D7%95-%D7%99%D7%A8%D7%95%D7%A9%D7%94/,0,1,0,57
אורן ורסנו,https://jus-tice.co.il/wp-content/uploads/2019/03/%D7%91%D7%99%D7%94%D7%93-%D7%94%D7%90%D7%96%D7%95%D7%A8%D7%99-%D7%9C%D7%A2%D7%91%D7%95%D7%93%D7%94-%D7%AA%D7%90-%D7%A9-%D7%90%D7%95%D7%A8%D7%9F-%D7%A9%D7%92%D7%91-%D7%A4%D7%A1%D7%93-%D7%91%D7%A2%D7%A0%D7%99%D7%99%D7%9F-%D7%90%D7%97%D7%A8%D7%99%D7%95%D7%AA-%D7%91%D7%99%D7%98%D7%95%D7%97-%D7%9C%D7%90%D7%95%D7%9E%D7%99-%D7%9C%D7%98%D7%99%D7%A4%D7%95%D7%9C-%D7%91%D7%97%D7%95%D7%9C%D7%94-%D7%A1%D7%A8%D7%98%D7%9F.pdf,0,1,0,63
אזהרת מירנדה,https://jus-tice.co.il/%D7%AA%D7%97%D7%95%D7%9E%D7%99-%D7%94%D7%AA%D7%9E%D7%97%D7%95%D7%AA/%D7%9E%D7%A9%D7%A4%D7%98-%D7%A4%D7%9C%D7%99%D7%9C%D7%99/,0,3,0,29.333333333333332
אזור מס הכנסה,https://jus-tice.co.il/israel-tax-authority/,0,1,0,62
אזרחות גרמנית מתוקף נישואין,https://jus-tice.co.il/israel-tax-authority/,0,2,0,90.5
אזרחות הונגרית לבן זוג,https://jus-tice.co.il/psakdin/%D7%A6%D7%95-%D7%94%D7%95%D7%A8%D7%95%D7%AA-%D7%9E%D7%9B%D7%95%D7%97-%D7%96%D7%99%D7%A7%D7%94-%D7%9C%D7%96%D7%99%D7%A7%D7%94-%D7%9C%D7%90%D7%96%D7%A8%D7%97%D7%99%D7%AA-%D7%96%D7%A8%D7%94/,0,7,0,57
אזרחות מלטה,https://jus-tice.co.il/malta-lawyers/,0,2,0,37
אחוז הגירושין בישראל הלשכה המרכזית לסטטיסטיקה,https://jus-tice.co.il/%D7%A1%D7%98%D7%98%D7%99%D7%A1%D7%98%D7%99%D7%A7%D7%94-%D7%A2%D7%9C-%D7%92%D7%99%D7%A8%D7%95%D7%A9%D7%99%D7%9F/,0,2,0,29
אחוזה באנגלית,https://jus-tice.co.il/apartment/,0,1,0,73
אחוזי הרשעה בישראל,https://jus-tice.co.il/psakdin/%D7%A9%D7%99%D7%A2%D7%95%D7%A8%D7%99-%D7%94%D7%A8%D7%A9%D7%A2%D7%94-%D7%95%D7%96%D7%99%D7%9B%D7%95%D7%99-%D7%91%D7%94%D7%9C%D7%99%D7%9B%D7%99%D7%9D-%D7%A4%D7%9C%D7%99%D7%9C%D7%99%D7%99%D7%9D/,0,1,0,19
אחות בעלת רישיון,https://jus-tice.co.il/wp-content/uploads/2020/02/%D7%94%D7%AA%D7%9C%D7%99%D7%99%D7%AA-%D7%A9%D7%9C%D7%99%D7%9C%D7%AA-%D7%A8%D7%A9%D7%99%D7%95%D7%A0%D7%95%D7%AA-%D7%9E%D7%A9%D7%A8%D7%93-%D7%94%D7%91%D7%A8%D7%99%D7%90%D7%95%D7%AA.pdf,0,16,0,28.625
אחריות בעל מקרקעין בנזיקין,https://jus-tice.co.il/outline-of-tort-law/,0,4,0,31
אחריות בעל מקרקעין בנזיקין,https://jus-tice.co.il/tort/%D7%A4%D7%A7%D7%95%D7%93%D7%AA-%D7%94%D7%A0%D7%96%D7%99%D7%A7%D7%99%D7%9F-%D7%A0%D7%95%D7%A1%D7%97-%D7%97%D7%93%D7%A9/,0,1,0,96
אחריות עורך דין בעסקת מקרקעין,https://jus-tice.co.il/real-estate-lawyer-cost-2025/,0,8,0,64.125
אי אחיזת הגה בשתי ידיים,https://jus-tice.co.il/wp-content/uploads/2020/01/hana_v9.32.88s.pdf,0,1,0,79
אי הגשת התנגדות לצוואה במועד דחיית תביעה,https://jus-tice.co.il/psakdin/%D7%94%D7%AA%D7%A0%D7%92%D7%93%D7%95%D7%AA-%D7%9C%D7%A6%D7%95%D7%95%D7%90%D7%94-%D7%91%D7%A9%D7%9C-%D7%94%D7%A9%D7%A4%D7%A2%D7%94-%D7%91%D7%9C%D7%AA%D7%99-%D7%94%D7%95%D7%92%D7%A0%D7%AA/,0,2,0,27
אי חגירת חגורת בטיחות מאחור,https://jus-tice.co.il/wp-content/uploads/2020/01/hana_v9.32.88s.pdf,0,1,0,94
אי עמידה בהסכם גירושין,https://jus-tice.co.il/cancel-a-divorce-settlement-agreement/,0,1,0,48
אי עצירה בתמרור עצור נהג חדש,https://jus-tice.co.il/wp-content/uploads/2020/01/hana_v9.32.88s.pdf,0,11,0,85.36363636363636
אי ציות לתמרור 303 זכות קדימה במעגל,https://jus-tice.co.il/wp-content/uploads/2020/01/hana_v9.32.88s.pdf,0,1,0,76
אי-יכולת להינשא שוב והכלים המשפטיים לשחרור,https://jus-tice.co.il/32292-3-%D7%A8%D7%91%D7%A0%D7%99-%D7%90%D7%A9%D7%93%D7%95%D7%93/,0,8,0,24.875
איזה מן התמרורים אינו מתיר פניית פרסה שמאלה,https://jus-tice.co.il/wp-content/uploads/2020/01/hana_v9.32.88s.pdf,0,1,0,36
איזה תמרור אוסר כניסה של אופניים חשמליים,https://jus-tice.co.il/wp-content/uploads/2020/01/hana_v9.32.88s.pdf,0,1,0,48
איזה תמרור יוצב בנוסף לתמרור 216,https://jus-tice.co.il/wp-content/uploads/2020/01/hana_v9.32.88s.pdf,0,3,0,28.333333333333332
איזה תמרור מורה על מתן זכות קדימה במעגל תנועה,https://jus-tice.co.il/wp-content/uploads/2020/01/hana_v9.32.88s.pdf,0,1,0,73
איזה תמרור מתיר כניסת אופניים,https://jus-tice.co.il/wp-content/uploads/2020/01/hana_v9.32.88s.pdf,0,1,0,36
איזה תמרור מתיר כניסת הולכי רגל,https://jus-tice.co.il/wp-content/uploads/2020/01/hana_v9.32.88s.pdf,0,2,0,63
איזה תמרור מתיר פניית פרסה בלבד,https://jus-tice.co.il/wp-content/uploads/2020/01/hana_v9.32.88s.pdf,0,1,0,49
איזה תמרור פירושו מחסום לפני מפגש מסילת ברזל,https://jus-tice.co.il/wp-content/uploads/2020/01/hana_v9.32.88s.pdf,0,2,0,41.5
איזה תמרור פירושו מספר הקילומטרים בדרך,https://jus-tice.co.il/wp-content/uploads/2020/01/hana_v9.32.88s.pdf,0,1,0,43
איזה תמרור פירושו: מחסום לפני מפגש מסילת ברזל?,https://jus-tice.co.il/wp-content/uploads/2020/01/hana_v9.32.88s.pdf,0,3,0,38.333333333333336
איזון אופציות לפי מועד הקרע,https://jus-tice.co.il/%D7%90%D7%99%D7%96%D7%95%D7%9F-%D7%9E%D7%A9%D7%90%D7%91%D7%99%D7%9D-%D7%9B%D7%A1%D7%A4%D7%99%D7%9D-%D7%94%D7%9E%D7%A6%D7%95%D7%99%D7%99%D7%9D-%D7%91%D7%97%D7%A9%D7%91%D7%95%D7%A0%D7%95%D7%AA-%D7%91%D7%9F-%D7%96%D7%95%D7%92-%D7%94%D7%91%D7%A8%D7%97%D7%AA-%D7%A0%D7%9B%D7%A1%D7%99%D7%9D/,0,1,0,30
איחוד עוסקים חשבוניות ישראל,https://jus-tice.co.il/israel-tax-authority/,0,2,0,81.5
איחור במסירה דירה חדשה מקבלן,https://jus-tice.co.il/%D7%A4%D7%99%D7%A6%D7%95%D7%99-%D7%91%D7%92%D7%99%D7%9F-%D7%90%D7%99%D7%97%D7%95%D7%A8-%D7%91%D7%9E%D7%A1%D7%99%D7%A8%D7%AA-%D7%93%D7%99%D7%A8%D7%94-%D7%9E%D7%A7%D7%91%D7%9C%D7%9F-%D7%AA%D7%90-10300-02-21/,0,11,0,54.18181818181818
איחור במסירה דירה מקבלן,https://jus-tice.co.il/%D7%A4%D7%99%D7%A6%D7%95%D7%99-%D7%91%D7%92%D7%99%D7%9F-%D7%90%D7%99%D7%97%D7%95%D7%A8-%D7%91%D7%9E%D7%A1%D7%99%D7%A8%D7%AA-%D7%93%D7%99%D7%A8%D7%94-%D7%9E%D7%A7%D7%91%D7%9C%D7%9F-%D7%AA%D7%90-10300-02-21/,0,20,0,53.45
איחור במסירה מקבלן,https://jus-tice.co.il/%D7%A4%D7%99%D7%A6%D7%95%D7%99-%D7%91%D7%92%D7%99%D7%9F-%D7%90%D7%99%D7%97%D7%95%D7%A8-%D7%91%D7%9E%D7%A1%D7%99%D7%A8%D7%AA-%D7%93%D7%99%D7%A8%D7%94-%D7%9E%D7%A7%D7%91%D7%9C%D7%9F-%D7%AA%D7%90-10300-02-21/,0,8,0,82
איחור במסירת דירה,https://jus-tice.co.il/%D7%A4%D7%99%D7%A6%D7%95%D7%99-%D7%91%D7%92%D7%99%D7%9F-%D7%90%D7%99%D7%97%D7%95%D7%A8-%D7%91%D7%9E%D7%A1%D7%99%D7%A8%D7%AA-%D7%93%D7%99%D7%A8%D7%94-%D7%9E%D7%A7%D7%91%D7%9C%D7%9F-%D7%AA%D7%90-10300-02-21/,0,1,0,78
איחור במסירת דירה חדשה,https://jus-tice.co.il/%D7%A4%D7%99%D7%A6%D7%95%D7%99-%D7%91%D7%92%D7%99%D7%9F-%D7%90%D7%99%D7%97%D7%95%D7%A8-%D7%91%D7%9E%D7%A1%D7%99%D7%A8%D7%AA-%D7%93%D7%99%D7%A8%D7%94-%D7%9E%D7%A7%D7%91%D7%9C%D7%9F-%D7%AA%D7%90-10300-02-21/,0,16,0,62.8125
איחור במסירת דירה חדשה מקבלן,https://jus-tice.co.il/%D7%A4%D7%99%D7%A6%D7%95%D7%99-%D7%91%D7%92%D7%99%D7%9F-%D7%90%D7%99%D7%97%D7%95%D7%A8-%D7%91%D7%9E%D7%A1%D7%99%D7%A8%D7%AA-%D7%93%D7%99%D7%A8%D7%94-%D7%9E%D7%A7%D7%91%D7%9C%D7%9F-%D7%AA%D7%90-10300-02-21/,0,24,0,61.125
איחור במסירת דירה חוק המכר,https://jus-tice.co.il/%D7%A4%D7%99%D7%A6%D7%95%D7%99-%D7%91%D7%92%D7%99%D7%9F-%D7%90%D7%99%D7%97%D7%95%D7%A8-%D7%91%D7%9E%D7%A1%D7%99%D7%A8%D7%AA-%D7%93%D7%99%D7%A8%D7%94-%D7%9E%D7%A7%D7%91%D7%9C%D7%9F-%D7%AA%D7%90-10300-02-21/,0,7,0,47.857142857142854
איחור במסירת דירה יד שנייה,https://jus-tice.co.il/%D7%A4%D7%99%D7%A6%D7%95%D7%99-%D7%91%D7%92%D7%99%D7%9F-%D7%90%D7%99%D7%97%D7%95%D7%A8-%D7%91%D7%9E%D7%A1%D7%99%D7%A8%D7%AA-%D7%93%D7%99%D7%A8%D7%94-%D7%9E%D7%A7%D7%91%D7%9C%D7%9F-%D7%AA%D7%90-10300-02-21/,0,27,0,49.51851851851852
איחור במסירת דירה מקבלן,https://jus-tice.co.il/%D7%A4%D7%99%D7%A6%D7%95%D7%99-%D7%91%D7%92%D7%99%D7%9F-%D7%90%D7%99%D7%97%D7%95%D7%A8-%D7%91%D7%9E%D7%A1%D7%99%D7%A8%D7%AA-%D7%93%D7%99%D7%A8%D7%94-%D7%9E%D7%A7%D7%91%D7%9C%D7%9F-%D7%AA%D7%90-10300-02-21/,0,35,0,60.4
איחור במסירת דירה עקב שינויים,https://jus-tice.co.il/%D7%A4%D7%99%D7%A6%D7%95%D7%99-%D7%91%D7%92%D7%99%D7%9F-%D7%90%D7%99%D7%97%D7%95%D7%A8-%D7%91%D7%9E%D7%A1%D7%99%D7%A8%D7%AA-%D7%93%D7%99%D7%A8%D7%94-%D7%9E%D7%A7%D7%91%D7%9C%D7%9F-%D7%AA%D7%90-10300-02-21/,0,10,0,69.6
איחור במסירת הדירה,https://jus-tice.co.il/%D7%A4%D7%99%D7%A6%D7%95%D7%99-%D7%91%D7%92%D7%99%D7%9F-%D7%90%D7%99%D7%97%D7%95%D7%A8-%D7%91%D7%9E%D7%A1%D7%99%D7%A8%D7%AA-%D7%93%D7%99%D7%A8%D7%94-%D7%9E%D7%A7%D7%91%D7%9C%D7%9F-%D7%AA%D7%90-10300-02-21/,0,6,0,77
איחור מסירה מקבלן,https://jus-tice.co.il/%D7%A4%D7%99%D7%A6%D7%95%D7%99-%D7%91%D7%92%D7%99%D7%9F-%D7%90%D7%99%D7%97%D7%95%D7%A8-%D7%91%D7%9E%D7%A1%D7%99%D7%A8%D7%AA-%D7%93%D7%99%D7%A8%D7%94-%D7%9E%D7%A7%D7%91%D7%9C%D7%9F-%D7%AA%D7%90-10300-02-21/,0,10,0,83.7
איחור קבלן במסירת דירה,https://jus-tice.co.il/%D7%A4%D7%99%D7%A6%D7%95%D7%99-%D7%91%D7%92%D7%99%D7%9F-%D7%90%D7%99%D7%97%D7%95%D7%A8-%D7%91%D7%9E%D7%A1%D7%99%D7%A8%D7%AA-%D7%93%D7%99%D7%A8%D7%94-%D7%9E%D7%A7%D7%91%D7%9C%D7%9F-%D7%AA%D7%90-10300-02-21/,0,14,0,60.642857142857146
איחור של 5 שעות בטיסה,https://jus-tice.co.il/%D7%AA%D7%A7-25449-12-20-%D7%A4%D7%9C%D7%95%D7%A0%D7%99%D7%AA-%D7%95%D7%90%D7%97-%D7%A0-%D7%99%D7%95%D7%A0%D7%99%D7%99%D7%98%D7%93-%D7%90%D7%99%D7%A8%D7%9C%D7%99%D7%99%D7%A0%D7%A1-%D7%90%D7%99%D7%A0%D7%A7/,0,1,0,45
איך בוחרים עורך דין הסכם ממון,https://jus-tice.co.il/prenup-attorney/,0,49,0,31.816326530612244
איך לבדוק חוות דעת והמלצות לפני בחירת עורך דין גבייה בתל אביב לעסק?,https://jus-tice.co.il/,0,1,0,3
איך לבחור מכון בקרת בניה?,https://jus-tice.co.il/building-science/,0,1,0,94
איך לבטל שאילתות פופולריות בגוגל,https://jus-tice.co.il/search-engine-optimization/,0,2,0,40.5
איך לדעת אם באמת מדובר ברשלנות רפואית,https://jus-tice.co.il/medical-malpractice-lawyer/,0,1,0,73
איך להפוך את גוגל למנוע החיפוש,https://jus-tice.co.il/search-engine-optimization/,0,4,0,30.5
איך להתגרש חכם,https://jus-tice.co.il/strategic-divorce-cost-planning/,0,1,0,76
איך להתמודד עם סחיטה ברשת,https://jus-tice.co.il/cybercrime-lawyer-roll/,0,1,0,98
איך למנוע ליקויי בניה?,https://jus-tice.co.il/common-construction-defects-and-how-to-manage-them/,0,6,0,28.666666666666668
איך למצוא עו ד,https://jus-tice.co.il/,0,6,0,21.166666666666668
איך לעבור לגור אצל אבא,https://jus-tice.co.il/articles/%D7%96%D7%9B%D7%95%D7%AA-%D7%94%D7%95%D7%A8%D7%94-%D7%92%D7%A8%D7%95%D7%A9-%D7%9C%D7%94%D7%A2%D7%AA%D7%99%D7%A7-%D7%90%D7%AA-%D7%9E%D7%92%D7%95%D7%A8%D7%99%D7%95-%D7%95%D7%90%D7%A3-%D7%9C%D7%94%D7%92/,0,1,0,22
איך לתבוע חברת תעופה,https://jus-tice.co.il/compensation-flight-delayed/,0,5,0,54.2
איך מגישים טופס 119,https://jus-tice.co.il/israel-tax-authority/,0,1,0,74
איך מוכיחים ידועים בציבור,https://jus-tice.co.il/common-law-marriage/,0,3,0,95.33333333333333
איך מכינים הסכם ממון?,https://jus-tice.co.il/prenuptial-agreements-overview/,0,4,0,87.5
איך מסדירים במסגרת הסכמי ממון נושאים שלאחר הפטירה,https://jus-tice.co.il/prenuptial-agreements-overview/,0,7,0,78.28571428571429
איך עובד מס הכנסה,https://jus-tice.co.il/israel-tax-authority/,0,2,0,67.5
איך עובד תהליך גירושין,https://jus-tice.co.il/strategic-divorce-cost-planning/,0,2,0,53
איך עורכים הסכם ממון,https://jus-tice.co.il/prenuptial-agreements-overview/,0,6,0,94
איך עושים חוזה שכירות,https://jus-tice.co.il/rental-agreement/,0,2,0,67
איך פותחים תיק גירושין בישראל המדריך המעשי,https://jus-tice.co.il/articles/%D7%94%D7%9C%D7%99%D7%9B%D7%99-%D7%92%D7%99%D7%A8%D7%95%D7%A9%D7%99%D7%9F-%D7%99%D7%95%D7%A6%D7%A8%D7%99%D7%9D-%D7%93%D7%99%D7%A0%D7%99%D7%9D-%D7%9E%D7%99%D7%95%D7%97%D7%93%D7%99%D7%9D-%D7%91%D7%99/,0,6,0,89.16666666666667
אילו סעיפים הכי חשוב להכניס לחוזה שכירות כדי להגן על עצמי כמשכיר,https://jus-tice.co.il/rental-agreement/,0,4,0,69.5
אילן איטח,https://jus-tice.co.il/decision13759-08-21/,0,3,0,32.33333333333333
אילן בן דור שופט,https://jus-tice.co.il/court-judge/,0,2,0,34.5
אילן ציוני,https://jus-tice.co.il/wp-content/uploads/2022/06/06102016_1.pdf,0,17,0,10.882352941176471
אילן ציוני רשות ניירות ערך,https://jus-tice.co.il/wp-content/uploads/2022/06/06102016_1.pdf,0,13,0,10.538461538461538
אימוץ בין ארצי,https://jus-tice.co.il/psakdin/%D7%90%D7%99%D7%9E%D7%95%D7%A5-%D7%99%D7%9C%D7%93-%D7%9E%D7%90%D7%95%D7%A7%D7%A8%D7%90%D7%99%D7%A0%D7%94-%D7%AA%D7%91%D7%99%D7%A2%D7%AA-%D7%A0%D7%96%D7%99%D7%A7%D7%99%D7%9F-%D7%91%D7%92%D7%99%D7%9F/,0,2,0,42.5
אימוץ בינלאומי,https://jus-tice.co.il/psakdin/%D7%90%D7%99%D7%9E%D7%95%D7%A5-%D7%99%D7%9C%D7%93-%D7%9E%D7%90%D7%95%D7%A7%D7%A8%D7%90%D7%99%D7%A0%D7%94-%D7%AA%D7%91%D7%99%D7%A2%D7%AA-%D7%A0%D7%96%D7%99%D7%A7%D7%99%D7%9F-%D7%91%D7%92%D7%99%D7%9F/,0,10,0,23.6
אימוץ ילד,https://jus-tice.co.il/psakdin/%D7%90%D7%99%D7%9E%D7%95%D7%A5-%D7%99%D7%9C%D7%93-%D7%9E%D7%90%D7%95%D7%A7%D7%A8%D7%90%D7%99%D7%A0%D7%94-%D7%AA%D7%91%D7%99%D7%A2%D7%AA-%D7%A0%D7%96%D7%99%D7%A7%D7%99%D7%9F-%D7%91%D7%92%D7%99%D7%9F/,0,24,0,35
אימוץ ילדים 2019,https://jus-tice.co.il/psakdin/%D7%90%D7%99%D7%9E%D7%95%D7%A5-%D7%99%D7%9C%D7%93-%D7%9E%D7%90%D7%95%D7%A7%D7%A8%D7%90%D7%99%D7%A0%D7%94-%D7%AA%D7%91%D7%99%D7%A2%D7%AA-%D7%A0%D7%96%D7%99%D7%A7%D7%99%D7%9F-%D7%91%D7%92%D7%99%D7%9F/,0,1,0,69
אימוץ ילדים יתומים בישראל,https://jus-tice.co.il/psakdin/%D7%90%D7%99%D7%9E%D7%95%D7%A5-%D7%99%D7%9C%D7%93-%D7%9E%D7%90%D7%95%D7%A7%D7%A8%D7%90%D7%99%D7%A0%D7%94-%D7%AA%D7%91%D7%99%D7%A2%D7%AA-%D7%A0%D7%96%D7%99%D7%A7%D7%99%D7%9F-%D7%91%D7%92%D7%99%D7%9F/,0,1,0,48
אימוץ ילדים מאוקראינה,https://jus-tice.co.il/psakdin/%D7%90%D7%99%D7%9E%D7%95%D7%A5-%D7%99%D7%9C%D7%93-%D7%9E%D7%90%D7%95%D7%A7%D7%A8%D7%90%D7%99%D7%A0%D7%94-%D7%AA%D7%91%D7%99%D7%A2%D7%AA-%D7%A0%D7%96%D7%99%D7%A7%D7%99%D7%9F-%D7%91%D7%92%D7%99%D7%9F/,0,48,0,3.4791666666666665
אימוץ ילדים מחול,https://jus-tice.co.il/psakdin/%D7%90%D7%99%D7%9E%D7%95%D7%A5-%D7%99%D7%9C%D7%93-%D7%9E%D7%90%D7%95%D7%A7%D7%A8%D7%90%D7%99%D7%A0%D7%94-%D7%AA%D7%91%D7%99%D7%A2%D7%AA-%D7%A0%D7%96%D7%99%D7%A7%D7%99%D7%9F-%D7%91%D7%92%D7%99%D7%9F/,0,1,0,41
אימות אפוסטיל משרד החוץ,https://jus-tice.co.il/apostille/,0,1,0,94
אימות חתימה באנגלית,https://jus-tice.co.il/%D7%90%D7%99%D7%9E%D7%95%D7%AA-%D7%97%D7%AA%D7%99%D7%9E%D7%94-%D7%A0%D7%95%D7%98%D7%A8%D7%99%D7%95%D7%9F-%D7%9E%D7%A9%D7%95%D7%9C%D7%91-%D7%A2%D7%91%D7%A8%D7%99%D7%AA-%D7%90%D7%A0%D7%92%D7%9C%D7%99%D7%AA/,0,8,0,10.25
"אימות חתימה לנוטריון בחו""ל",https://jus-tice.co.il/%D7%90%D7%99%D7%9E%D7%95%D7%AA-%D7%97%D7%AA%D7%99%D7%9E%D7%94-%D7%A0%D7%95%D7%98%D7%A8%D7%99%D7%95%D7%9F-%D7%9E%D7%A9%D7%95%D7%9C%D7%91-%D7%A2%D7%91%D7%A8%D7%99%D7%AA-%D7%90%D7%A0%D7%92%D7%9C%D7%99%D7%AA/,0,6,0,36
אימות חתימה נוטריון,https://jus-tice.co.il/%D7%90%D7%99%D7%9E%D7%95%D7%AA-%D7%97%D7%AA%D7%99%D7%9E%D7%94-%D7%A0%D7%95%D7%98%D7%A8%D7%99%D7%95%D7%9F-%D7%9E%D7%A9%D7%95%D7%9C%D7%91-%D7%A2%D7%91%D7%A8%D7%99%D7%AA-%D7%90%D7%A0%D7%92%D7%9C%D7%99%D7%AA/,0,2,0,51
אימות חתימה נוטריון בחו ל,https://jus-tice.co.il/%D7%90%D7%99%D7%9E%D7%95%D7%AA-%D7%97%D7%AA%D7%99%D7%9E%D7%94-%D7%A0%D7%95%D7%98%D7%A8%D7%99%D7%95%D7%9F-%D7%9E%D7%A9%D7%95%D7%9C%D7%91-%D7%A2%D7%91%D7%A8%D7%99%D7%AA-%D7%90%D7%A0%D7%92%D7%9C%D7%99%D7%AA/,0,4,0,28
אימות חתימה נוטריונית,https://jus-tice.co.il/%D7%90%D7%99%D7%9E%D7%95%D7%AA-%D7%97%D7%AA%D7%99%D7%9E%D7%94-%D7%A0%D7%95%D7%98%D7%A8%D7%99%D7%95%D7%9F-%D7%9E%D7%A9%D7%95%D7%9C%D7%91-%D7%A2%D7%91%D7%A8%D7%99%D7%AA-%D7%90%D7%A0%D7%92%D7%9C%D7%99%D7%AA/,0,5,0,69.4
אימות נוטריון,https://jus-tice.co.il/%D7%90%D7%99%D7%9E%D7%95%D7%AA-%D7%97%D7%AA%D7%99%D7%9E%D7%94-%D7%A0%D7%95%D7%98%D7%A8%D7%99%D7%95%D7%9F-%D7%9E%D7%A9%D7%95%D7%9C%D7%91-%D7%A2%D7%91%D7%A8%D7%99%D7%AA-%D7%90%D7%A0%D7%92%D7%9C%D7%99%D7%AA/,0,18,0,48.44444444444444
אימות נוטריוני,https://jus-tice.co.il/%D7%90%D7%99%D7%9E%D7%95%D7%AA-%D7%97%D7%AA%D7%99%D7%9E%D7%94-%D7%A0%D7%95%D7%98%D7%A8%D7%99%D7%95%D7%9F-%D7%9E%D7%A9%D7%95%D7%9C%D7%91-%D7%A2%D7%91%D7%A8%D7%99%D7%AA-%D7%90%D7%A0%D7%92%D7%9C%D7%99%D7%AA/,0,1,0,86
אין להסיע נוסע נוסף בטרקטור משא אלא אם כן,https://jus-tice.co.il/wp-content/uploads/2020/01/hana_v9.32.88s.pdf,0,1,0,34
אין להסיע נוסע נוסף בטרקטורון אלא אם כן,https://jus-tice.co.il/wp-content/uploads/2020/01/hana_v9.32.88s.pdf,0,2,0,46
"אינדקס עו""ד",https://jus-tice.co.il/,0,11,0,14.727272727272727
אינדקס עורכי דין,https://jus-tice.co.il/,0,1,0,5
אינדקס עורכי דין בחינם,https://jus-tice.co.il/,0,93,0,5.129032258064516
אינדקס עורכי דין בישראל,https://jus-tice.co.il/,0,92,0,6.75
אינדקס עורכי דין לשכת עורכי הדין,https://jus-tice.co.il/,0,5,0,11
אינדקס עורכי דין משפחה,https://jus-tice.co.il/,0,14,0,47.142857142857146
אינדקס עורכי דין משפחה,https://jus-tice.co.il/%D7%AA%D7%97%D7%95%D7%9E%D7%99-%D7%94%D7%AA%D7%9E%D7%97%D7%95%D7%AA/%D7%9E%D7%A9%D7%A4%D7%98-%D7%A4%D7%9C%D7%99%D7%9C%D7%99/%D7%A2%D7%95%D7%A8%D7%9A-%D7%93%D7%99%D7%9F-%D7%A4%D7%9C%D7%99%D7%9C%D7%99-%D7%A4%D7%A1%D7%A7%D7%99-%D7%93%D7%99%D7%9F-2022/,0,1,0,62
אינדקס עורכי דין תעבורה,https://jus-tice.co.il/,0,26,0,25.807692307692307
אינטרנט למחשב נייד סלקום,https://jus-tice.co.il/psakdin/%D7%A4%D7%A1%D7%93-%D7%A1%D7%9C%D7%A7%D7%95%D7%9D-%D7%9E%D7%9B%D7%A8%D7%94-%D7%9E%D7%99%D7%93%D7%A2-%D7%95%D7%A0%D7%AA%D7%95%D7%A0%D7%99-%D7%90%D7%99%D7%9B%D7%95%D7%9F-%D7%A2%D7%9C-%D7%9C%D7%A7/,0,1,0,64
איסוף שתן 24 שעות עם חומר משמר הוראות,https://jus-tice.co.il/corona_virus/%D7%94%D7%A0%D7%97%D7%99%D7%95%D7%AA-%D7%9C%D7%94%D7%AA%D7%9E%D7%95%D7%93%D7%93%D7%95%D7%AA-%D7%A2%D7%9D-%D7%A0%D7%92%D7%99%D7%A3-%D7%94%D7%A7%D7%95%D7%A8%D7%95%D7%A0%D7%94-19-covid/,0,2,0,90
איסר בירגר,https://jus-tice.co.il/%D7%91%D7%99%D7%98%D7%95%D7%9C-%D7%94%D7%A1%D7%9B%D7%9D-%D7%9E%D7%99%D7%96%D7%95%D7%92-%D7%AA%D7%90-4528-01-16/,0,1,0,42
איפה להגיש בקשה למתן צו הורות אונליין,https://jus-tice.co.il/psakdin/%D7%A6%D7%95-%D7%94%D7%95%D7%A8%D7%95%D7%AA-%D7%9E%D7%9B%D7%95%D7%97-%D7%96%D7%99%D7%A7%D7%94-%D7%9C%D7%96%D7%99%D7%A7%D7%94-%D7%9C%D7%90%D7%96%D7%A8%D7%97%D7%99%D7%AA-%D7%96%D7%A8%D7%94/,0,2,0,29
איפה להשקיע בנדלן 2023,https://jus-tice.co.il/real-estate-investment-strategies-for-2023/,0,38,0,13.342105263157896
"איפה לקנות דירה בחו""ל",https://jus-tice.co.il/apartment/,0,1,0,28
איש מס הכנסה,https://jus-tice.co.il/israel-tax-authority/,0,2,0,65
אישה אלימה כלפי בעלה,https://jus-tice.co.il/articles/%D7%90%D7%9C%D7%99%D7%9E%D7%95%D7%AA-%D7%9B%D7%9C%D7%A4%D7%99-%D7%A0%D7%A9%D7%99%D7%9D-%D7%94%D7%96%D7%9B%D7%95%D7%AA-%D7%A9%D7%9C-%D7%94%D7%90%D7%99%D7%A9%D7%94-%D7%A9%D7%94%D7%90%D7%99/,0,1,0,27
אישה מזלזלת בבעלה,https://jus-tice.co.il/%D7%AA%D7%91%D7%99%D7%A2%D7%AA-%D7%9B%D7%AA%D7%95%D7%91%D7%94-%D7%A9%D7%9C-%D7%94%D7%AA%D7%95%D7%91%D7%A2%D7%AA-%D7%94%D7%90%D7%99%D7%A9%D7%94-%D7%A2%D7%9C-%D7%A1%D7%9A-1000000-%D7%A9%D7%97/,0,1,0,36
אישור 2ג2,https://jus-tice.co.il/%D7%94%D7%90%D7%9D-%D7%9B%D7%9C-%D7%94%D7%A1%D7%9B%D7%9D-%D7%91%D7%99%D7%9F-%D7%91%D7%A0%D7%99-%D7%96%D7%95%D7%92-%D7%94%D7%95%D7%90-%D7%94%D7%A1%D7%9B%D7%9D-%D7%9E%D7%9E%D7%95%D7%9F/,0,1,0,62
אישור אפוסטיל,https://jus-tice.co.il/apostille/,0,63,0,65.53968253968254
אישור אפוסטיל בית משפט,https://jus-tice.co.il/apostille/,0,1,0,49
אישור הסכם חיים משותפים,https://jus-tice.co.il/cohabitation-agreement/,0,1,0,55
אישור הסכם ממון אצל נוטריון,https://jus-tice.co.il/prenuptial-agreements-overview/,0,3,0,88.66666666666667
אישור הסכם ממון בבית משפט לענייני משפחה,https://jus-tice.co.il/prenuptial-agreements-overview/,0,2,0,63.5
אישור הסכם ממון לאחר נישואין,https://jus-tice.co.il/prenuptial-agreements-overview/,0,1,0,99
אישור חתימה באנגלית,https://jus-tice.co.il/%D7%90%D7%99%D7%9E%D7%95%D7%AA-%D7%97%D7%AA%D7%99%D7%9E%D7%94-%D7%A0%D7%95%D7%98%D7%A8%D7%99%D7%95%D7%9F-%D7%9E%D7%A9%D7%95%D7%9C%D7%91-%D7%A2%D7%91%D7%A8%D7%99%D7%AA-%D7%90%D7%A0%D7%92%D7%9C%D7%99%D7%AA/,0,2,0,18.5
אישור כניסה לארץ בביקורת הגבולות,https://jus-tice.co.il/psakdin/%D7%94%D7%A4%D7%A8%D7%AA-%D7%97%D7%95%D7%A7-%D7%94%D7%9B%D7%A0%D7%99%D7%A1%D7%94-%D7%9C%D7%99%D7%A9%D7%A8%D7%90%D7%9C-%D7%93%D7%A8%D7%9A-%D7%A0%D7%AA%D7%91%D7%92/,0,1,0,65
אישור מפעל חיוני לשעת חירום,https://jus-tice.co.il/labor_law/%D7%AA%D7%A7%D7%A0%D7%95%D7%AA-%D7%A7%D7%95%D7%A8%D7%95%D7%A0%D7%94-%D7%94%D7%92%D7%91%D7%9C%D7%AA-%D7%9E%D7%A1%D7%A4%D7%A8-%D7%94%D7%A2%D7%95%D7%91%D7%93%D7%99%D7%9D-%D7%91%D7%9E%D7%A7%D7%95%D7%9D/,0,1,0,57
אישור מפעל למתן שירותים קיומיים,https://jus-tice.co.il/labor_law/%D7%AA%D7%A7%D7%A0%D7%95%D7%AA-%D7%A7%D7%95%D7%A8%D7%95%D7%A0%D7%94-%D7%94%D7%92%D7%91%D7%9C%D7%AA-%D7%9E%D7%A1%D7%A4%D7%A8-%D7%94%D7%A2%D7%95%D7%91%D7%93%D7%99%D7%9D-%D7%91%D7%9E%D7%A7%D7%95%D7%9D/,0,1,0,91
איתור מספר רישיון עורך דין,https://jus-tice.co.il/,0,1,0,9
איתור עו ד לפי מספר רישיון,https://jus-tice.co.il/,0,3,0,13.333333333333334
"איתור עו""ד",https://jus-tice.co.il/,0,28,0,8.607142857142858
"איתור עו""ד לשכת עורכי הדין",https://jus-tice.co.il/,0,1,0,19
איתור עורך דין לפי מספר רישיון,https://jus-tice.co.il/,0,34,0,16.088235294117645
איתור עורך דין לפי שם,https://jus-tice.co.il/,0,23,0,7.956521739130435
איתור עורך דין לשכת עורכי הדין,https://jus-tice.co.il/,0,7,0,10
איתור עורכי דין,https://jus-tice.co.il/,0,107,0,10.813084112149532
איתור תיק סיוע משפטי,https://jus-tice.co.il/,0,2,0,15
איתור תיקים פליליים,https://jus-tice.co.il/psakdin/%D7%A9%D7%99%D7%A2%D7%95%D7%A8%D7%99-%D7%94%D7%A8%D7%A9%D7%A2%D7%94-%D7%95%D7%96%D7%99%D7%9B%D7%95%D7%99-%D7%91%D7%94%D7%9C%D7%99%D7%9B%D7%99%D7%9D-%D7%A4%D7%9C%D7%99%D7%9C%D7%99%D7%99%D7%9D/,0,6,0,77.33333333333333
אכיפת הסכם גירושין,https://jus-tice.co.il/1331339-1/,0,5,0,26
אלטוביה,https://jus-tice.co.il/%D7%91%D7%99%D7%98%D7%95%D7%9C-%D7%94%D7%A1%D7%9B%D7%9D-%D7%9E%D7%99%D7%96%D7%95%D7%92-%D7%AA%D7%90-4528-01-16/,0,1,0,4
אליאס שלופה,https://jus-tice.co.il/labor-law/%D7%AA%D7%91%D7%99%D7%A2%D7%95%D7%AA-%D7%A2%D7%95%D7%91%D7%93%D7%99%D7%9D-%D7%9E%D7%95%D7%9C-%D7%94%D7%9E%D7%9C%D7%9C-%D7%91%D7%97%D7%91%D7%A8%D7%95%D7%AA-%D7%9E%D7%A9%D7%A4%D7%97%D7%AA%D7%99/,0,1,0,78
אלידור בליטנר,https://jus-tice.co.il/%D7%A0%D7%95%D7%A1%D7%97-%D7%9B%D7%AA%D7%91-%D7%94%D7%90%D7%99%D7%A9%D7%95%D7%9D-%D7%A0%D7%92%D7%93-%D7%91%D7%A0%D7%99%D7%9E%D7%99%D7%9F-%D7%A0%D7%AA%D7%A0%D7%99%D7%94%D7%95-%D7%AA%D7%99%D7%A7%D7%99%D7%9D-1000-2000-4000,0,1,0,26
אלין שחר סקס,https://jus-tice.co.il/psakdin/%D7%94%D7%98%D7%99%D7%A4%D7%95%D7%9C-%D7%91%D7%A0%D7%A4%D7%92%D7%A2%D7%99-%D7%A2%D7%91%D7%99%D7%A8%D7%95%D7%AA-%D7%9E%D7%99%D7%9F-%D7%91%D7%94%D7%9C%D7%99%D7%9A-%D7%94%D7%A4%D7%9C%D7%99%D7%9C%D7%99/,0,1,0,66
אלכס קוגן,https://jus-tice.co.il/%D7%A4%D7%A1%D7%93-%D7%91%D7%A0%D7%95%D7%A9%D7%90-%D7%97%D7%95%D7%A4%D7%A9-%D7%94%D7%A2%D7%99%D7%A1%D7%95%D7%A7-%D7%A1%D7%A2%D7%A9-49088-11-18/,0,2,0,33
אלעד זאדה,https://jus-tice.co.il/1265026-5-%D7%A8%D7%91%D7%A0%D7%99-%D7%97%D7%99%D7%A4%D7%94/,0,2,0,40
אלקטריק ליס תביעות,https://jus-tice.co.il/%D7%91%D7%99%D7%98%D7%95%D7%9C-%D7%94%D7%A1%D7%9B%D7%9D-%D7%9E%D7%99%D7%96%D7%95%D7%92-%D7%AA%D7%90-4528-01-16/,0,1,0,21
אמיר ברמלי ילדים,https://jus-tice.co.il/%D7%9E%D7%97%D7%A9%D7%91%D7%95%D7%9F-%D7%9E%D7%96%D7%95%D7%A0%D7%95%D7%AA-%D7%99%D7%9C%D7%93%D7%99%D7%9D/,0,1,0,67
אמיר ברמלי ילדים,https://jus-tice.co.il/labor_law/%D7%AA%D7%A7%D7%A0%D7%95%D7%AA-%D7%A7%D7%95%D7%A8%D7%95%D7%A0%D7%94-%D7%94%D7%92%D7%91%D7%9C%D7%AA-%D7%9E%D7%A1%D7%A4%D7%A8-%D7%94%D7%A2%D7%95%D7%91%D7%93%D7%99%D7%9D-%D7%91%D7%9E%D7%A7%D7%95%D7%9D/,0,1,0,81
אני צריך רשימת צק ליסט קצרה לבדיקה לפני פגישה עם יזם על פרויקט נדלן בחול,https://jus-tice.co.il/articles/10-%D7%A0%D7%95%D7%A9%D7%90%D7%99%D7%9D-%D7%A7%D7%A8%D7%99%D7%98%D7%99%D7%99%D7%9D-%D7%A9%D7%97%D7%99%D7%99%D7%91%D7%99%D7%9D-%D7%9C%D7%91%D7%93%D7%95%D7%A7-%D7%9C%D7%A4%D7%A0%D7%99-%D7%A7%D7%A0%D7%99/,0,1,0,10
אסור לעקוף בדרך תלולה לפני פסגה,https://jus-tice.co.il/wp-content/uploads/2020/01/hana_v9.32.88s.pdf,0,2,0,32
אסורה על בעלה ועל בועלה,https://jus-tice.co.il/1394399-1/,0,4,0,84.25
אסטרטגיית השקעה בנדל ן,https://jus-tice.co.il/real-estate-investment-strategies-for-2023/,0,2,0,41.5
אסטרטגיית קידום אתרים לעורכי דין,https://jus-tice.co.il/powerful-seo-tools-for-your-law-firm/,0,1,0,40
אספיקציה בלידה,https://jus-tice.co.il/perinatal-asphyxia/,0,3,0,57.333333333333336
אספיקציה מה זה,https://jus-tice.co.il/perinatal-asphyxia/,0,7,0,50.714285714285715
אסתר קנדס,https://jus-tice.co.il/articles/%D7%97%D7%99%D7%95%D7%91-%D7%92%D7%98-%D7%95%D7%9B%D7%AA%D7%95%D7%91%D7%94-%D7%91%D7%9E%D7%A7%D7%A8%D7%94-%D7%A9%D7%A9%D7%A0%D7%99-%D7%94%D7%A6%D7%93%D7%93%D7%99%D7%9D-%D7%90%D7%99%D7%A0%D7%9D-%D7%A8%D7%95%D7%A6%D7%99%D7%9D-%D7%96%D7%94/,0,1,0,28
אפוטרופוס ייפוי כוח מתמשך,https://jus-tice.co.il/continuous-power-of-attorney-israel/,0,2,0,78.5
אפוטרופוס לדין סיוע משפטי,https://jus-tice.co.il/wp-content/uploads/2022/06/misradhamishpatim-women.pdf,0,1,0,81
אפוטרופוס מתמשך,https://jus-tice.co.il/continuous-power-of-attorney-israel/,0,2,0,56.5
אפוסטיל,https://jus-tice.co.il/apostille/,0,15,0,65.86666666666666
אפוסטיל בית המשפט,https://jus-tice.co.il/apostille/,0,9,0,80.77777777777777
אפוסטיל בית משפט,https://jus-tice.co.il/apostille/,0,26,0,49.11538461538461
אפוסטיל בית משפט תל אביב שעות פתיחה,https://jus-tice.co.il/7-reasons-why-you-need-a-prenup/,0,1,0,35
אפוסטיל דוגמא,https://jus-tice.co.il/apostille/,0,2,0,43
אפוסטיל מאוקראינה,https://jus-tice.co.il/wp-content/uploads/2023/05/b870a048-e7f5-46f4-9a1e-e87c1a86adc6-%D7%A0%D7%95%D7%98%D7%A8%D7%99%D7%95%D7%9F.pdf,0,2,0,96
אפוסטיל מה זה,https://jus-tice.co.il/apostille/,0,9,0,63.888888888888886
אפוסטיל מחיר,https://jus-tice.co.il/apostille/,0,1,0,56
אפוסטיל משרד המשפטים,https://jus-tice.co.il/apostille/,0,1,0,39
אפוסטיל תעודת בגרות,https://jus-tice.co.il/apostille/,0,5,0,54.8
אפוסטיל תעודת גירושין,https://jus-tice.co.il/apostille/,0,1,0,69
אפוסטיל תעודת נישואין,https://jus-tice.co.il/apostille/,0,13,0,66.46153846153847
אפקט לבילי,https://jus-tice.co.il/psakdin/%D7%91%D7%99%D7%98%D7%95%D7%9C-%D7%A6%D7%95%D7%95%D7%90%D7%94-%D7%9E%D7%90%D7%95%D7%97%D7%A8%D7%AA-%D7%91%D7%A9%D7%9C-%D7%94%D7%A9%D7%A4%D7%A2%D7%94-%D7%91%D7%9C%D7%AA%D7%99-%D7%94%D7%95%D7%92%D7%A0/,0,2,0,41.5
אפרת בוסני שופטת,https://jus-tice.co.il/court-judge/,0,1,0,24
אפרת לקסר,https://jus-tice.co.il/wp-content/uploads/2019/03/%D7%91%D7%99%D7%94%D7%93-%D7%94%D7%90%D7%96%D7%95%D7%A8%D7%99-%D7%9C%D7%A2%D7%91%D7%95%D7%93%D7%94-%D7%91%D7%AA%D7%90-%D7%94%D7%A0%D7%A9%D7%99%D7%90%D7%94-%D7%90%D7%A4%D7%A8%D7%AA-%D7%9C%D7%A7%D7%A1%D7%A8-%D7%94%D7%97%D7%9C%D7%98%D7%94-%D7%91%D7%A0%D7%95%D7%A9%D7%90-%D7%9E%D7%A2%D7%91%D7%A8%D7%99-%D7%94%D7%92%D7%91%D7%95%D7%9C.pdf,0,5,0,17.2
אפשר תמונות ?,https://jus-tice.co.il/wp-content/uploads/2021/02/tashirhistalkut-1-300x220.jpg,0,1,0,7
אקסונדיס,https://jus-tice.co.il/wp-content/uploads/2019/03/%D7%91%D7%99%D7%AA-%D7%94%D7%93%D7%99%D7%9F-%D7%94%D7%90%D7%96%D7%95%D7%A8%D7%99-%D7%9C%D7%A2%D7%91%D7%95%D7%93%D7%94-%D7%AA%D7%90-%D7%A9-%D7%90%D7%95%D7%A8%D7%9F-%D7%A9%D7%92%D7%91-%D7%A4%D7%A1%D7%93-%D7%91%D7%A0%D7%95%D7%A9%D7%90-%D7%90%D7%99%D7%A9%D7%95%D7%A8-%D7%AA%D7%A8%D7%95%D7%A4%D7%94-%D7%9C%D7%9E%D7%97%D7%9C%D7%AA-%D7%94%D7%93%D7%95%D7%A9%D7%9F-%D7%9C%D7%99%D7%9C%D7%93-%D7%91%D7%9F-11.pdf,0,1,0,25
ארז נפתלי עורך דין,https://jus-tice.co.il/,0,1,0,69
ארז שני,https://jus-tice.co.il/%D7%94%D7%A9%D7%95%D7%A4%D7%98-%D7%90%D7%A8%D7%96-%D7%A9%D7%A0%D7%99-%D7%A4%D7%A1%D7%93-%D7%91%D7%AA%D7%91%D7%99%D7%A2%D7%AA-%D7%90%D7%91-%D7%9C%D7%9E%D7%A9%D7%9E%D7%95%D7%A8%D7%AA-%D7%95%D7%97%D7%9C%D7%95%D7%A7%D7%AA-%D7%96%D7%9E%D7%A0%D7%99-%D7%A9%D7%94%D7%95%D7%AA-%D7%A9%D7%95%D7%95%D7%99%D7%9D-%D7%AA%D7%9C%D7%94%D7%9E-64033-06-21/,0,3,0,11.666666666666666
ארז שני שופט,https://jus-tice.co.il/%D7%94%D7%A9%D7%95%D7%A4%D7%98-%D7%90%D7%A8%D7%96-%D7%A9%D7%A0%D7%99-%D7%A4%D7%A1%D7%93-%D7%91%D7%AA%D7%91%D7%99%D7%A2%D7%AA-%D7%90%D7%91-%D7%9C%D7%9E%D7%A9%D7%9E%D7%95%D7%A8%D7%AA-%D7%95%D7%97%D7%9C%D7%95%D7%A7%D7%AA-%D7%96%D7%9E%D7%A0%D7%99-%D7%A9%D7%94%D7%95%D7%AA-%D7%A9%D7%95%D7%95%D7%99%D7%9D-%D7%AA%D7%9C%D7%94%D7%9E-64033-06-21/,0,1,0,10
אריאל ממן,https://jus-tice.co.il/%D7%94%D7%A9%D7%95%D7%A4%D7%98-%D7%90%D7%A8%D7%99%D7%90%D7%9C-%D7%9E%D7%9E%D7%9F-%D7%94%D7%97%D7%9C%D7%98%D7%94-%D7%9C%D7%9E%D7%AA%D7%9F-%D7%A6%D7%95-%D7%94%D7%92%D7%A0%D7%94-%D7%9C%D7%9E%D7%A0%D7%99%D7%A2%D7%AA-%D7%90%D7%9C%D7%99%D7%9E%D7%95%D7%AA-%D7%91%D7%9E%D7%A9%D7%A4%D7%97%D7%94-%D7%94%D7%98-40857-03-22/,0,1,0,56
אריאל ממן,https://jus-tice.co.il/62758-11-22/,0,2,0,25
ארנק ביטקוין קר,https://jus-tice.co.il/what-is-bitcoin/,0,14,0,86.64285714285714
אשפוז קורונה בבית,https://jus-tice.co.il/corona_virus/%D7%94%D7%A0%D7%97%D7%99%D7%95%D7%AA-%D7%9C%D7%94%D7%AA%D7%9E%D7%95%D7%93%D7%93%D7%95%D7%AA-%D7%A2%D7%9D-%D7%A0%D7%92%D7%99%D7%A3-%D7%94%D7%A7%D7%95%D7%A8%D7%95%D7%A0%D7%94-19-covid/,0,10,0,90.7
אשר הדדי מורה נהיגה,https://jus-tice.co.il/psakdin/%D7%AA%D7%91%D7%99%D7%A2%D7%95%D7%AA-%D7%A8%D7%9B%D7%95%D7%A9%D7%99%D7%95%D7%AA-%D7%94%D7%93%D7%93%D7%99%D7%95%D7%AA-%D7%A9%D7%9C-%D7%91%D7%A0%D7%99-%D7%96%D7%95%D7%92-%D7%9C%D7%A9%D7%A2%D7%91%D7%A8/,0,1,0,29
אשרת כניסה לישראל מאוקראינה,https://jus-tice.co.il/psakdin/%D7%94%D7%A4%D7%A8%D7%AA-%D7%97%D7%95%D7%A7-%D7%94%D7%9B%D7%A0%D7%99%D7%A1%D7%94-%D7%9C%D7%99%D7%A9%D7%A8%D7%90%D7%9C-%D7%93%D7%A8%D7%9A-%D7%A0%D7%AA%D7%91%D7%92/,0,1,0,68
אשרת כניסה לליכטנשטיין,https://jus-tice.co.il/liechtenstein/,0,5,0,80.4
אשרת כניסה למלטה,https://jus-tice.co.il/malta-lawyers/,0,2,0,94.5
אתי ליבמן עפאים,https://jus-tice.co.il/psakdin/%D7%94%D7%98%D7%99%D7%A4%D7%95%D7%9C-%D7%91%D7%A0%D7%A4%D7%92%D7%A2%D7%99-%D7%A2%D7%91%D7%99%D7%A8%D7%95%D7%AA-%D7%9E%D7%99%D7%9F-%D7%91%D7%94%D7%9C%D7%99%D7%9A-%D7%94%D7%A4%D7%9C%D7%99%D7%9C%D7%99/,0,1,0,93
אתר בית המשפט העליון,https://jus-tice.co.il/2019-2020-major-supreme-court-ruling,0,1,0,56
אתר דין עורכי דין,https://jus-tice.co.il/,0,1,0,45
אתר המיסים הממשלתי,https://jus-tice.co.il/israel-tax-authority/,0,1,0,52
אתר הממונה על הליכי חדלות פירעון ושיקום כלכלי,https://jus-tice.co.il/insolvency/,0,1,0,53
אתר הפעולות המקוונות של האפוטרופוס הכללי,https://jus-tice.co.il/psakdin/%D7%94%D7%98%D7%99%D7%A4%D7%95%D7%9C-%D7%91%D7%A0%D7%A4%D7%92%D7%A2%D7%99-%D7%A2%D7%91%D7%99%D7%A8%D7%95%D7%AA-%D7%9E%D7%99%D7%9F-%D7%91%D7%94%D7%9C%D7%99%D7%9A-%D7%94%D7%A4%D7%9C%D7%99%D7%9C%D7%99/,0,1,0,48
אתר לעורך דין,https://jus-tice.co.il/%D7%A0%D7%99%D7%94%D7%95%D7%9C-%D7%9E%D7%95%D7%A0%D7%99%D7%98%D7%99%D7%9F-%D7%9E%D7%A7%D7%95%D7%95%D7%9F-%D7%9C%D7%A2%D7%95%D7%A8%D7%9B%D7%99-%D7%93%D7%99%D7%9F-%D7%91%D7%A8%D7%A9%D7%AA-%D7%94%D7%90%D7%99%D7%A0%D7%98%D7%A8%D7%A0%D7%98/,0,6,0,92.16666666666667
אתר לעורכי דין,https://jus-tice.co.il/%D7%A0%D7%99%D7%94%D7%95%D7%9C-%D7%9E%D7%95%D7%A0%D7%99%D7%98%D7%99%D7%9F-%D7%9E%D7%A7%D7%95%D7%95%D7%9F-%D7%9C%D7%A2%D7%95%D7%A8%D7%9B%D7%99-%D7%93%D7%99%D7%9F-%D7%91%D7%A8%D7%A9%D7%AA-%D7%94%D7%90%D7%99%D7%A0%D7%98%D7%A8%D7%A0%D7%98/,0,3,0,77.66666666666667
אתר מפל מס הכנסה,https://jus-tice.co.il/israel-tax-authority/,0,1,0,39
אתר משפטי,https://jus-tice.co.il/,0,1,0,36
אתר עורך דין,https://jus-tice.co.il/,0,2,0,52
אתר עורכי דין,https://jus-tice.co.il/,0,10,0,26.4
אתר עורכי הדין,https://jus-tice.co.il/,0,1,0,22
אתר רשות המסים,https://jus-tice.co.il/israel-tax-authority/,0,1,0,92
אתרים לחיפוש דירות,https://jus-tice.co.il/apartment/,0,1,0,128
אתרים לעורכי דין,https://jus-tice.co.il/%D7%A0%D7%99%D7%94%D7%95%D7%9C-%D7%9E%D7%95%D7%A0%D7%99%D7%98%D7%99%D7%9F-%D7%9E%D7%A7%D7%95%D7%95%D7%9F-%D7%9C%D7%A2%D7%95%D7%A8%D7%9B%D7%99-%D7%93%D7%99%D7%9F-%D7%91%D7%A8%D7%A9%D7%AA-%D7%94%D7%90%D7%99%D7%A0%D7%98%D7%A8%D7%A0%D7%98/,0,1,0,100
באיזה גיל ילד יכול להחליט איפה לגור,https://jus-tice.co.il/%D7%98%D7%95%D7%91%D7%AA-%D7%94%D7%99%D7%9C%D7%93%D7%99%D7%9D-%D7%9B%D7%91%D7%A1%D7%99%D7%A1-%D7%9C%D7%97%D7%99%D7%95%D7%91-%D7%94%D7%90%D7%9D-%D7%9C%D7%97%D7%96%D7%95%D7%A8-%D7%9C%D7%A2%D7%99%D7%A8-%D7%94%D7%9E%D7%A7%D7%95%D7%A8-%D7%A8%D7%99%D7%A9%D7%95%D7%9D-%D7%94%D7%99%D7%9C%D7%93%D7%99%D7%9D-%D7%9C%D7%9E%D7%95%D7%A1%D7%93%D7%95%D7%AA-%D7%94%D7%97%D7%99%D7%A0%D7%95%D7%9A/,0,2,0,79
באיזה גיל ילד יכול להחליט איפה לגור,https://jus-tice.co.il/articles/%D7%96%D7%9B%D7%95%D7%AA-%D7%94%D7%95%D7%A8%D7%94-%D7%92%D7%A8%D7%95%D7%A9-%D7%9C%D7%94%D7%A2%D7%AA%D7%99%D7%A7-%D7%90%D7%AA-%D7%9E%D7%92%D7%95%D7%A8%D7%99%D7%95-%D7%95%D7%90%D7%A3-%D7%9C%D7%94%D7%92/,0,38,0,10.289473684210526
באיזה גיל ילד יכול להחליט איפה לגור,https://jus-tice.co.il/what-is-child-custody/,0,5,0,89.2
באיזה סוג של כביש חלה חובה להשתמש בצידו הימני הקיצוני,https://jus-tice.co.il/wp-content/uploads/2020/01/hana_v9.32.88s.pdf,0,1,0,53
באר שבע נט פלילי,https://jus-tice.co.il/psakdin/%D7%94%D7%98%D7%99%D7%A4%D7%95%D7%9C-%D7%91%D7%A0%D7%A4%D7%92%D7%A2%D7%99-%D7%A2%D7%91%D7%99%D7%A8%D7%95%D7%AA-%D7%9E%D7%99%D7%9F-%D7%91%D7%94%D7%9C%D7%99%D7%9A-%D7%94%D7%A4%D7%9C%D7%99%D7%9C%D7%99/,0,1,0,40
בבית המשפט,https://jus-tice.co.il/articles/%D7%9E%D7%94%D7%95-%D7%91%D7%99%D7%AA-%D7%9E%D7%A9%D7%A4%D7%98/,0,2,0,32
בבית משפט,https://jus-tice.co.il/articles/%D7%9E%D7%94%D7%95-%D7%91%D7%99%D7%AA-%D7%9E%D7%A9%D7%A4%D7%98/,0,1,0,14
בדיקה לפני קניית דירה,https://jus-tice.co.il/articles/10-%D7%A0%D7%95%D7%A9%D7%90%D7%99%D7%9D-%D7%A7%D7%A8%D7%99%D7%98%D7%99%D7%99%D7%9D-%D7%A9%D7%97%D7%99%D7%99%D7%91%D7%99%D7%9D-%D7%9C%D7%91%D7%93%D7%95%D7%A7-%D7%9C%D7%A4%D7%A0%D7%99-%D7%A7%D7%A0%D7%99/,0,1,0,30
בדיקת eng אסותא,https://jus-tice.co.il/corona_virus/%D7%94%D7%A0%D7%97%D7%99%D7%95%D7%AA-%D7%9C%D7%94%D7%AA%D7%9E%D7%95%D7%93%D7%93%D7%95%D7%AA-%D7%A2%D7%9D-%D7%A0%D7%92%D7%99%D7%A3-%D7%94%D7%A7%D7%95%D7%A8%D7%95%D7%A0%D7%94-19-covid/,0,1,0,48
בדיקת seo,https://jus-tice.co.il/powerful-seo-tools-for-your-law-firm/,0,1,0,92
בדיקת היתכנות לתביעה ייצוגית,https://jus-tice.co.il/psakdin/%D7%90%D7%99%D7%9E%D7%95%D7%A5-%D7%99%D7%9C%D7%93-%D7%9E%D7%90%D7%95%D7%A7%D7%A8%D7%90%D7%99%D7%A0%D7%94-%D7%AA%D7%91%D7%99%D7%A2%D7%AA-%D7%A0%D7%96%D7%99%D7%A7%D7%99%D7%9F-%D7%91%D7%92%D7%99%D7%9F/,0,1,0,59
בדיקת חובות מס הכנסה,https://jus-tice.co.il/israel-tax-authority/,0,1,0,22
בדיקת מהנדס לפני קניה,https://jus-tice.co.il/%D7%97%D7%AA%D7%99%D7%9E%D7%94-%D7%A2%D7%9C-%D7%A8%D7%A9%D7%99%D7%9E%D7%AA-%D7%9C%D7%99%D7%A7%D7%95%D7%99%D7%99%D7%9D/,0,1,0,114
בדיקת עורך דין,https://jus-tice.co.il/,0,9,0,9.333333333333334
בדיקת פריט במכס,https://jus-tice.co.il/israel-tax-authority/,0,1,0,67
בדיקת צבירת נקודות נהיגה,https://jus-tice.co.il/%D7%96%D7%99%D7%9B%D7%95%D7%99-%D7%A0%D7%94%D7%92-%D7%9E%D7%A9%D7%90%D7%99%D7%AA-%D7%A9%D7%94%D7%95%D7%90%D7%A9%D7%9D-%D7%91%D7%92%D7%A8%D7%99%D7%9E%D7%AA-%D7%9E%D7%95%D7%95%D7%AA-%D7%91%D7%A8%D7%A9%D7%9C%D7%A0%D7%95%D7%AA-%D7%AA%D7%99%D7%A7-56-03-20/,0,1,0,92
בדיקת ראיה לצו ראשון,https://jus-tice.co.il/%D7%9C%D7%90-%D7%9E%D7%97%D7%95%D7%A1%D7%9F-%D7%94%D7%90%D7%9D-%D7%9E%D7%A2%D7%A1%D7%99%D7%A7-%D7%99%D7%9B%D7%95%D7%9C-%D7%9C%D7%9E%D7%A0%D7%95%D7%A2-%D7%A2%D7%95%D7%91%D7%93-%D7%9C%D7%9C%D7%90-%D7%91%D7%93%D7%99%D7%A7%D7%AA-%D7%A7%D7%95%D7%A8%D7%95%D7%A0%D7%94/,0,1,0,88
בדיקת רישיון עורך דין,https://jus-tice.co.il/,0,2,0,76.5
בדיקת+חוזה+קבלן,https://jus-tice.co.il/articles/%D7%9E%D7%93%D7%A8%D7%99%D7%9A-2025-%D7%9E%D7%94-%D7%97%D7%A9%D7%95%D7%91-%D7%9C%D7%9B%D7%9C%D7%95%D7%9C-%D7%91%D7%97%D7%95%D7%96%D7%94-%D7%9E%D7%95%D7%9C-%D7%A7%D7%91%D7%9C%D7%9F-%D7%91%D7%A8%D7%9B/,0,4,0,37
"בדיקת+עסקת+נדל""ן",https://jus-tice.co.il/land-appreciation-tax/,0,2,0,69.5
בדיקת+עסקת+נדל״ן,https://jus-tice.co.il/land-appreciation-tax/,0,2,0,79
בדרך מוצב תמרור 405,https://jus-tice.co.il/wp-content/uploads/2020/01/hana_v9.32.88s.pdf,0,1,0,37
בהחלט,https://jus-tice.co.il/articles/%D7%94%D7%90%D7%9D-%D7%9C%D7%A0%D7%A6%D7%99%D7%91-%D7%A9%D7%99%D7%A8%D7%95%D7%AA-%D7%94%D7%9E%D7%93%D7%99%D7%A0%D7%94-%D7%99%D7%A9-%D7%A1%D7%9E%D7%9B%D7%95%D7%AA-%D7%9C%D7%97%D7%AA%D7%95%D7%9D-%D7%A2/,0,1,0,2
בהתאם לתמרור המוצב בתחנת אוטובוס,https://jus-tice.co.il/wp-content/uploads/2020/01/hana_v9.32.88s.pdf,0,2,0,80.5
בוקינג י,https://jus-tice.co.il/psakdin/%D7%A4%D7%A1%D7%93-%D7%91%D7%A2%D7%A8%D7%A2%D7%95%D7%A8-%D7%91%D7%95%D7%A7%D7%99%D7%A0%D7%92-%D7%A7%D7%95%D7%9D-%D7%A0-%D7%94%D7%97%D7%9C%D7%98%D7%AA-%D7%94%D7%A8%D7%A9%D7%95%D7%AA-%D7%9C%D7%94/,0,2,0,40.5
בוקינג ירושלים טלפון,https://jus-tice.co.il/psakdin/%D7%A4%D7%A1%D7%93-%D7%91%D7%A2%D7%A8%D7%A2%D7%95%D7%A8-%D7%91%D7%95%D7%A7%D7%99%D7%A0%D7%92-%D7%A7%D7%95%D7%9D-%D7%A0-%D7%94%D7%97%D7%9C%D7%98%D7%AA-%D7%94%D7%A8%D7%A9%D7%95%D7%AA-%D7%9C%D7%94/,0,1,0,21
בוקינג פלוס,https://jus-tice.co.il/psakdin/%D7%A4%D7%A1%D7%93-%D7%91%D7%A2%D7%A8%D7%A2%D7%95%D7%A8-%D7%91%D7%95%D7%A7%D7%99%D7%A0%D7%92-%D7%A7%D7%95%D7%9D-%D7%A0-%D7%94%D7%97%D7%9C%D7%98%D7%AA-%D7%94%D7%A8%D7%A9%D7%95%D7%AA-%D7%9C%D7%94/,0,1,0,28
בוקינג קום,https://jus-tice.co.il/psakdin/%D7%A4%D7%A1%D7%93-%D7%91%D7%A2%D7%A8%D7%A2%D7%95%D7%A8-%D7%91%D7%95%D7%A7%D7%99%D7%A0%D7%92-%D7%A7%D7%95%D7%9D-%D7%A0-%D7%94%D7%97%D7%9C%D7%98%D7%AA-%D7%94%D7%A8%D7%A9%D7%95%D7%AA-%D7%9C%D7%94/,0,2,0,50.5
בוקינג שירות לקוחות טלפון,https://jus-tice.co.il/psakdin/%D7%A4%D7%A1%D7%93-%D7%91%D7%A2%D7%A8%D7%A2%D7%95%D7%A8-%D7%91%D7%95%D7%A7%D7%99%D7%A0%D7%92-%D7%A7%D7%95%D7%9D-%D7%A0-%D7%94%D7%97%D7%9C%D7%98%D7%AA-%D7%94%D7%A8%D7%A9%D7%95%D7%AA-%D7%9C%D7%94/,0,1,0,28
בוקינג תלונות הציבור,https://jus-tice.co.il/psakdin/%D7%A4%D7%A1%D7%93-%D7%91%D7%A2%D7%A8%D7%A2%D7%95%D7%A8-%D7%91%D7%95%D7%A7%D7%99%D7%A0%D7%92-%D7%A7%D7%95%D7%9D-%D7%A0-%D7%94%D7%97%D7%9C%D7%98%D7%AA-%D7%94%D7%A8%D7%A9%D7%95%D7%AA-%D7%9C%D7%94/,0,2,0,27.5
בוקינגקום,https://jus-tice.co.il/psakdin/%D7%A4%D7%A1%D7%93-%D7%91%D7%A2%D7%A8%D7%A2%D7%95%D7%A8-%D7%91%D7%95%D7%A7%D7%99%D7%A0%D7%92-%D7%A7%D7%95%D7%9D-%D7%A0-%D7%94%D7%97%D7%9C%D7%98%D7%AA-%D7%94%D7%A8%D7%A9%D7%95%D7%AA-%D7%9C%D7%94/,0,1,0,59
בוקר טוב,https://jus-tice.co.il/psakdin/%D7%91%D7%99%D7%98%D7%95%D7%9C-%D7%A6%D7%95%D7%95%D7%90%D7%94-%D7%9E%D7%90%D7%95%D7%97%D7%A8%D7%AA-%D7%91%D7%A9%D7%9C-%D7%94%D7%A9%D7%A4%D7%A2%D7%94-%D7%91%D7%9C%D7%AA%D7%99-%D7%94%D7%95%D7%92%D7%A0/,0,12,0,40
בוררות לחברות מסחריות,https://jus-tice.co.il/articles/%D7%94%D7%90%D7%9D-%D7%AA%D7%A0%D7%99%D7%99%D7%AA-%D7%91%D7%95%D7%A8%D7%A8%D7%95%D7%AA-%D7%96%D7%A8%D7%94-%D7%91%D7%94%D7%A1%D7%9B%D7%9D-%D7%9E%D7%A7%D7%95%D7%95%D7%9F-%D7%A9%D7%91%D7%99%D7%9F-%D7%99/,0,1,0,58
"בוררות+נדל""ן+מבוססת+נתונים",https://jus-tice.co.il/chambers-and-partners/,0,2,0,92
"בוררות+נדל""ן+מבוססת+נתונים",https://jus-tice.co.il/iflr1000/,0,2,0,77
בושרה דבלי,https://jus-tice.co.il/psakdin/%D7%94%D7%98%D7%99%D7%A4%D7%95%D7%9C-%D7%91%D7%A0%D7%A4%D7%92%D7%A2%D7%99-%D7%A2%D7%91%D7%99%D7%A8%D7%95%D7%AA-%D7%9E%D7%99%D7%9F-%D7%91%D7%94%D7%9C%D7%99%D7%9A-%D7%94%D7%A4%D7%9C%D7%99%D7%9C%D7%99/,0,1,0,46
בזמן עקיפה או מעבר על פני רכב אחר,https://jus-tice.co.il/wp-content/uploads/2020/01/hana_v9.32.88s.pdf,0,1,0,89
ביהמ ש,https://jus-tice.co.il/articles/%D7%9E%D7%94%D7%95-%D7%91%D7%99%D7%AA-%D7%9E%D7%A9%D7%A4%D7%98/,0,2,0,33.5
ביהמ ש לענייני משפחה פתח תקווה,https://jus-tice.co.il/21213-04-18/,0,1,0,65
ביהמש,https://jus-tice.co.il/articles/%D7%9E%D7%94%D7%95-%D7%91%D7%99%D7%AA-%D7%9E%D7%A9%D7%A4%D7%98/,0,3,0,23.333333333333332
ביטוח אובדן הכנסה,https://jus-tice.co.il/income-protection-insurance/,0,1,0,73
ביטוח אובדן הכנסות,https://jus-tice.co.il/income-protection-insurance/,0,1,0,99
ביטוח אובדן כושר עבודה,https://jus-tice.co.il/income-protection-insurance/,0,54,0,80.87037037037037
ביטוח דירה על השוכר או המשכיר,https://jus-tice.co.il/home-insurance/,0,1,0,33
ביטוח חדלות פירעון,https://jus-tice.co.il/insolvency/,0,1,0,53
ביטוח מבנה דירה שכורה,https://jus-tice.co.il/home-insurance/,0,1,0,83
ביטוח מפני אובדן כושר עבודה,https://jus-tice.co.il/income-protection-insurance/,0,2,0,39
ביטוח צד ג בדירה שכורה,https://jus-tice.co.il/home-insurance/,0,1,0,88
ביטוח רכב תעשיה אוירית,https://jus-tice.co.il/wp-content/uploads/2020/03/4_6033055889705928071.pdf,0,1,0,61
ביטול או שינוי הסכמים,https://jus-tice.co.il/changing-or-canceling-a-prenuptial-agreement/,0,25,0,12.04
ביטול הגבלת מהירות באופניים חשמליות,https://jus-tice.co.il/supreme-court/%D7%A2%D7%90-7023-19-%D7%A4%D7%9C%D7%95%D7%A0%D7%99-%D7%A0-%D7%A4%D7%9C%D7%95%D7%A0%D7%99/,0,2,0,38.5
ביטול הסכם גירושין,https://jus-tice.co.il/cancel-a-divorce-settlement-agreement/,0,140,0,52.785714285714285
ביטול הסכם גירושין בבית הדין הרבני,https://jus-tice.co.il/cancel-a-divorce-settlement-agreement/,0,59,0,56.16949152542373
ביטול הסכם חיים משותפים,https://jus-tice.co.il/cohabitation-agreement/,0,1,0,15
ביטול הסכם ממון,https://jus-tice.co.il/changing-or-canceling-a-prenuptial-agreement/,0,194,0,47.70103092783505
ביטול הסכם ממון בהסכמה,https://jus-tice.co.il/changing-or-canceling-a-prenuptial-agreement/,0,23,0,45.56521739130435
ביטול הסכם ממון בהתנהגות,https://jus-tice.co.il/cancel-a-divorce-settlement-agreement/,0,1,0,62
ביטול הסכם ממון בהתנהגות,https://jus-tice.co.il/changing-or-canceling-a-prenuptial-agreement/,0,99,0,28.03030303030303
ביטול הסכם ממון שקיבל תוקף של פסק דין,https://jus-tice.co.il/changing-or-canceling-a-prenuptial-agreement/,0,1,0,53
ביטול הרשעה,https://jus-tice.co.il/%D7%91%D7%99%D7%98%D7%95%D7%9C-%D7%94%D7%A8%D7%A9%D7%A2%D7%94-%D7%A2%D7%91%D7%99%D7%A8%D7%95%D7%AA-%D7%94%D7%95%D7%A0%D7%90%D7%94/,0,2,0,79
ביטול טיסה תביעה,https://jus-tice.co.il/compensation-flight-delayed/,0,20,0,61.75
ביטול ידועים בציבור,https://jus-tice.co.il/common-law-marriage/,0,23,0,59.17391304347826
ביטול צוואה על ידי בית משפט,https://jus-tice.co.il/revocation-of-a-will-and-reviving-previous-will/,0,1,0,53
ביטול רישיון עסק,https://jus-tice.co.il/psakdin/%D7%91%D7%99%D7%98%D7%95%D7%9C-%D7%A6%D7%95-%D7%A1%D7%92%D7%99%D7%A8%D7%94-%D7%9C%D7%A2%D7%A1%D7%A7-%D7%9C%D7%A4%D7%99-%D7%A1%D7%A2%D7%99%D7%A3-22%D7%91-%D7%9C%D7%97%D7%95%D7%A7-%D7%A8%D7%99%D7%A9/,0,4,0,42.5
ביטול תרגום אוטומטי בכרום,https://jus-tice.co.il/search-engine-optimization/,0,1,0,51
ביטקוין דיזינגוף,https://jus-tice.co.il/returning-resident-rights-determining-tax-rate/,0,1,0,43
ביטקוינ,https://jus-tice.co.il/what-is-bitcoin/,0,2,0,60
ביקורות על בית המשפט העליון,https://jus-tice.co.il/2019-2020-major-supreme-court-ruling,0,1,0,80
ביקורות על קבוצת גבאי,https://jus-tice.co.il/%D7%AA%D7%90-48125-05-18-%D7%92%D7%91%D7%90%D7%99-%D7%95%D7%90%D7%97-%D7%A0-%D7%A7%D7%91%D7%95%D7%A6%D7%AA-%D7%97%D7%92%D7%92-%D7%99%D7%99%D7%96%D7%95%D7%9D-%D7%A0%D7%93%D7%9C%D7%9F/,0,1,0,60
ביקורת ניכויים מס הכנסה,https://jus-tice.co.il/israel-tax-authority/,0,3,0,49.666666666666664
בירור זימון לבית משפט,https://jus-tice.co.il/2019-2020-major-supreme-court-ruling,0,2,0,59.5
בירור מצב תיק בבית משפט,https://jus-tice.co.il/2019-2020-major-supreme-court-ruling,0,1,0,58
בירור תביעה למענק עבודה,https://jus-tice.co.il/israel-tax-authority/,0,3,0,63
בית דין לענייני משפחה פתח תקווה,https://jus-tice.co.il/21213-04-18/,0,1,0,27
בית הדין הרבני אשקלון כתובת,https://jus-tice.co.il/articles/%D7%A4%D7%A1%D7%93-%D7%A0%D7%99%D7%94%D7%95%D7%9C-%D7%AA%D7%91%D7%99%D7%A2%D7%AA-%D7%92%D7%99%D7%A8%D7%95%D7%A9%D7%99%D7%9F-%D7%9E%D7%97%D7%95%D7%9C-%D7%91%D7%90%D7%9E%D7%A6%D7%A2%D7%95%D7%AA/,0,1,0,97
בית הדין הרבני סמכות מקומית,https://jus-tice.co.il/%D7%A1%D7%9E%D7%9B%D7%95%D7%AA-%D7%91%D7%99%D7%AA-%D7%94%D7%93%D7%99%D7%9F-%D7%91%D7%AA%D7%91%D7%99%D7%A2%D7%AA-%D7%92%D7%99%D7%A8%D7%95%D7%A9%D7%99%D7%9F-%D7%9B%D7%A8%D7%95%D7%9B%D7%94-%D7%A9%D7%9C-%D7%90%D7%96%D7%A8%D7%97-%D7%92%D7%9D-%D7%90%D7%9D-%D7%90%D7%99%D7%A0%D7%95-%D7%AA%D7%95%D7%A9%D7%91/,0,1,0,57
בית הדין לענייני משפחה חדרה,https://jus-tice.co.il/must-have-traits-of-a-good-family-lawyer/,0,2,0,76.5
בית המשפט,https://jus-tice.co.il/articles/%D7%9E%D7%94%D7%95-%D7%91%D7%99%D7%AA-%D7%9E%D7%A9%D7%A4%D7%98/,0,24,0,31.208333333333332
בית המשפט בישראל,https://jus-tice.co.il/articles/%D7%9E%D7%94%D7%95-%D7%91%D7%99%D7%AA-%D7%9E%D7%A9%D7%A4%D7%98/,0,1,0,27
בית המשפט העליון דיונים,https://jus-tice.co.il/2019-2020-major-supreme-court-ruling,0,1,0,36
בית המשפט העליון החלטות,https://jus-tice.co.il/2019-2020-major-supreme-court-ruling,0,6,0,34.833333333333336
בית המשפט העליון פסקי דין,https://jus-tice.co.il/2019-2020-major-supreme-court-ruling,0,8,0,26.125
בית המשפט העליון תיקים,https://jus-tice.co.il/2019-2020-major-supreme-court-ruling,0,1,0,33
בית המשפט לענייני משפחה באר שבע,https://jus-tice.co.il/strategic-divorce-cost-planning/,0,1,0,75
בית המשפט לענייני משפחה פתח תקווה,https://jus-tice.co.il/21213-04-18/,0,2,0,28
בית המשפט פסקי דין,https://jus-tice.co.il/2019-2020-major-supreme-court-ruling,0,1,0,49
בית המשפט ראשי תיבות,https://jus-tice.co.il/articles/%D7%9E%D7%94%D7%95-%D7%91%D7%99%D7%AA-%D7%9E%D7%A9%D7%A4%D7%98/,0,2,0,70
בית מ,https://jus-tice.co.il/articles/%D7%9E%D7%94%D7%95-%D7%91%D7%99%D7%AA-%D7%9E%D7%A9%D7%A4%D7%98/,0,2,0,10.5
בית מכס,https://jus-tice.co.il/israel-tax-authority/,0,2,0,81
בית מרקחת מאוחדת יב אשדוד,https://jus-tice.co.il/corona_virus/%D7%94%D7%A0%D7%97%D7%99%D7%95%D7%AA-%D7%9C%D7%94%D7%AA%D7%9E%D7%95%D7%93%D7%93%D7%95%D7%AA-%D7%A2%D7%9D-%D7%A0%D7%92%D7%99%D7%A3-%D7%94%D7%A7%D7%95%D7%A8%D7%95%D7%A0%D7%94-19-covid/,0,1,0,51
בית משפט,https://jus-tice.co.il/articles/%D7%9E%D7%94%D7%95-%D7%91%D7%99%D7%AA-%D7%9E%D7%A9%D7%A4%D7%98/,0,93,0,27.978494623655912
בית משפט בישראל,https://jus-tice.co.il/articles/%D7%9E%D7%94%D7%95-%D7%91%D7%99%D7%AA-%D7%9E%D7%A9%D7%A4%D7%98/,0,2,0,19.5
בית משפט השלום תל אביב אפוסטיל,https://jus-tice.co.il/articles/%D7%9E%D7%94%D7%95-%D7%91%D7%99%D7%AA-%D7%9E%D7%A9%D7%A4%D7%98/,0,1,0,28
בית משפט ישראל,https://jus-tice.co.il/articles/%D7%9E%D7%94%D7%95-%D7%91%D7%99%D7%AA-%D7%9E%D7%A9%D7%A4%D7%98/,0,2,0,21
בית משפט לענייני משפחה טבריה פקס,https://jus-tice.co.il/psakdin/%D7%A4%D7%A1%D7%93-%D7%91%D7%91%D7%A7%D7%A9%D7%94-%D7%9C%D7%94%D7%A2%D7%91%D7%A8%D7%AA-%D7%94%D7%9E%D7%A9%D7%9E%D7%95%D7%A8%D7%AA-%D7%90%D7%9C-%D7%94%D7%90%D7%91-%D7%95%D7%A8%D7%99%D7%A9%D7%95%D7%9D/,0,2,0,66
בית משפט לענייני משפחה טבריה פקס,https://jus-tice.co.il/tort/%D7%A4%D7%A7%D7%95%D7%93%D7%AA-%D7%94%D7%A0%D7%96%D7%99%D7%A7%D7%99%D7%9F-%D7%A0%D7%95%D7%A1%D7%97-%D7%97%D7%93%D7%A9/,0,1,0,83
בית משפט לענייני משפחה פתח תקווה,https://jus-tice.co.il/21213-04-18/,0,4,0,27
בית משפט קמא,https://jus-tice.co.il/articles/%D7%9E%D7%94%D7%95-%D7%91%D7%99%D7%AA-%D7%9E%D7%A9%D7%A4%D7%98/,0,1,0,28
בית משפט קמא פירוש,https://jus-tice.co.il/articles/%D7%9E%D7%94%D7%95-%D7%91%D7%99%D7%AA-%D7%9E%D7%A9%D7%A4%D7%98/,0,1,0,68
בית.משפט,https://jus-tice.co.il/articles/%D7%9E%D7%94%D7%95-%D7%91%D7%99%D7%AA-%D7%9E%D7%A9%D7%A4%D7%98/,0,1,0,29
בכביש חד סטרי למי מותר לנהוג בניגוד לכיוון התנועה,https://jus-tice.co.il/wp-content/uploads/2020/01/hana_v9.32.88s.pdf,0,2,0,62
במשפט,https://jus-tice.co.il/articles/%D7%9E%D7%94%D7%95-%D7%91%D7%99%D7%AA-%D7%9E%D7%A9%D7%A4%D7%98/,0,1,0,61
בן זוג שגר בדירה שאינה רשומה על שמו,https://jus-tice.co.il/marital-property-agreement/,0,3,0,54.333333333333336
בן ציון ברגר,https://jus-tice.co.il/court-judge/,0,1,0,30
בני הרפז שמאי טלפון,https://jus-tice.co.il/psakdin/,0,1,0,78
בני לחמיש קרקעות ישראל,https://jus-tice.co.il/18744-11-18/,0,1,0,48
בנייה ירוקה בפרויקטים יוקרתיים,https://jus-tice.co.il/%D7%91%D7%A0%D7%99%D7%99%D7%94-%D7%99%D7%A8%D7%95%D7%A7%D7%94-%D7%AA%D7%9B%D7%A0%D7%95%D7%9F-%D7%A2%D7%99%D7%A8%D7%95%D7%A0%D7%99-%D7%95%D7%A4%D7%A8%D7%95%D7%99%D7%A7%D7%98%D7%99%D7%9D-%D7%90%D7%A0%D7%A8%D7%92%D7%98%D7%99%D7%99%D7%9D-%D7%91%D7%99%D7%95%D7%95%D7%9F/,0,1,0,55
בנייה ירוקה מה זה,https://jus-tice.co.il/%D7%91%D7%A0%D7%99%D7%99%D7%94-%D7%99%D7%A8%D7%95%D7%A7%D7%94-%D7%AA%D7%9B%D7%A0%D7%95%D7%9F-%D7%A2%D7%99%D7%A8%D7%95%D7%A0%D7%99-%D7%95%D7%A4%D7%A8%D7%95%D7%99%D7%A7%D7%98%D7%99%D7%9D-%D7%90%D7%A0%D7%A8%D7%92%D7%98%D7%99%D7%99%D7%9D-%D7%91%D7%99%D7%95%D7%95%D7%9F/,0,2,0,64
בנייני הצעירים,https://jus-tice.co.il/%D7%AA%D7%90-48125-05-18-%D7%92%D7%91%D7%90%D7%99-%D7%95%D7%90%D7%97-%D7%A0-%D7%A7%D7%91%D7%95%D7%A6%D7%AA-%D7%97%D7%92%D7%92-%D7%99%D7%99%D7%96%D7%95%D7%9D-%D7%A0%D7%93%D7%9C%D7%9F/,0,1,0,53
בניית בית ביוון,https://jus-tice.co.il/%D7%91%D7%A0%D7%99%D7%99%D7%94-%D7%99%D7%A8%D7%95%D7%A7%D7%94-%D7%AA%D7%9B%D7%A0%D7%95%D7%9F-%D7%A2%D7%99%D7%A8%D7%95%D7%A0%D7%99-%D7%95%D7%A4%D7%A8%D7%95%D7%99%D7%A7%D7%98%D7%99%D7%9D-%D7%90%D7%A0%D7%A8%D7%92%D7%98%D7%99%D7%99%D7%9D-%D7%91%D7%99%D7%95%D7%95%D7%9F/,0,10,0,45.2
בנק אוצר החייל שעות פתיחה אריאל,https://jus-tice.co.il/%D7%A1%D7%9B%D7%A1%D7%95%D7%9A-%D7%91%D7%99%D7%9F-%D7%90%D7%9C%D7%9E%D7%A0%D7%94-%D7%95%D7%99%D7%9C%D7%93%D7%99%D7%94-%D7%95%D7%90%D7%9E%D7%95-%D7%A9%D7%9C-%D7%94%D7%A0%D7%A4%D7%98%D7%A8-%D7%94%D7%A0%D7%95%D7%92%D7%A2%D7%95%D7%AA-%D7%9C%D7%96%D7%9B%D7%95%D7%99%D7%95%D7%AA-%D7%A2%D7%9C-%D7%93%D7%99%D7%A8%D7%94-%D7%AA%D7%9E%D7%A9-7662-07-18/,0,1,0,56
בנק מזרחי טפחות קביעת פגישה,https://jus-tice.co.il/%D7%A4%D7%A1%D7%93-%D7%91%D7%A0%D7%95%D7%A9%D7%90-%D7%97%D7%95%D7%A4%D7%A9-%D7%94%D7%A2%D7%99%D7%A1%D7%95%D7%A7-%D7%A1%D7%A2%D7%A9-49088-11-18/,0,1,0,72
בנתיב נסיעתך מסומן על הכביש,https://jus-tice.co.il/wp-content/uploads/2020/01/hana_v9.32.88s.pdf,0,1,0,31
בעלי רישיון משרד הבריאות,https://jus-tice.co.il/wp-content/uploads/2020/02/%D7%94%D7%AA%D7%9C%D7%99%D7%99%D7%AA-%D7%A9%D7%9C%D7%99%D7%9C%D7%AA-%D7%A8%D7%A9%D7%99%D7%95%D7%A0%D7%95%D7%AA-%D7%9E%D7%A9%D7%A8%D7%93-%D7%94%D7%91%D7%A8%D7%99%D7%90%D7%95%D7%AA.pdf,0,2,0,14
בקשה לאישור הסדר חוב,https://jus-tice.co.il/psakdin/%D7%91%D7%A7%D7%A9%D7%94-%D7%9C%D7%90%D7%99%D7%A9%D7%95%D7%A8-%D7%94%D7%A1%D7%93%D7%A8-%D7%97%D7%95%D7%91-%D7%95%D7%91%D7%A7%D7%A9%D7%95%D7%AA-%D7%9C%D7%9E%D7%AA%D7%9F-%D7%A6%D7%95-%D7%9C%D7%A4%D7%AA/,0,6,0,15.333333333333334
בקשה לאישור הסכם גירושין דוגמא,https://jus-tice.co.il/wp-content/uploads/2021/03/%D7%A0%D7%95%D7%A1%D7%97-%D7%94%D7%A1%D7%9B%D7%9D-%D7%92%D7%99%D7%A8%D7%95%D7%A9%D7%99%D7%9F-%D7%93%D7%95%D7%92%D7%9E%D7%90-2021.docx,0,104,0,26.326923076923077
בקשה לאישור הסכם מכר חסוי,https://jus-tice.co.il/62758-11-22/,0,3,0,92.66666666666667
בקשה לביטול צו ירושה,https://jus-tice.co.il/%D7%A4%D7%A1%D7%93-%D7%93%D7%97%D7%99%D7%99%D7%AA-%D7%91%D7%A7%D7%A9%D7%94-%D7%9C%D7%91%D7%99%D7%98%D7%95%D7%9C-%D7%A6%D7%95-%D7%99%D7%A8%D7%95%D7%A9%D7%94-%D7%91%D7%92%D7%9C%D7%9C-%D7%A6%D7%95%D7%95%D7%90%D7%94-%D7%A9%D7%A0%D7%9E%D7%A6%D7%90%D7%94-%D7%9C%D7%90%D7%97%D7%A8-%D7%A9%D7%A0%D7%99%D7%9D-%D7%A8%D7%91%D7%95%D7%AA-491180-3-%D7%91%D7%99%D7%94%D7%93-%D7%97%D7%99%D7%A4%D7%94/,0,71,0,77.14084507042253
בקשה לביטול צו קיום ירושה,https://jus-tice.co.il/articles/%D7%AA%D7%A2-45543-11-21-%D7%91%D7%A7%D7%A9%D7%94-%D7%9C%D7%91%D7%99%D7%98%D7%95%D7%9C-%D7%A6%D7%95-%D7%A7%D7%99%D7%95%D7%9D-%D7%A6%D7%95%D7%95%D7%90%D7%94-%D7%9C%D7%90%D7%97%D7%A8-%D7%92%D7%99/,0,3,0,89
בקשה לביטול צו קיום צוואה,https://jus-tice.co.il/articles/%D7%AA%D7%A2-45543-11-21-%D7%91%D7%A7%D7%A9%D7%94-%D7%9C%D7%91%D7%99%D7%98%D7%95%D7%9C-%D7%A6%D7%95-%D7%A7%D7%99%D7%95%D7%9D-%D7%A6%D7%95%D7%95%D7%90%D7%94-%D7%9C%D7%90%D7%97%D7%A8-%D7%92%D7%99/,0,10,0,40.3
בקשה לביטול צוואה,https://jus-tice.co.il/articles/%D7%AA%D7%A2-45543-11-21-%D7%91%D7%A7%D7%A9%D7%94-%D7%9C%D7%91%D7%99%D7%98%D7%95%D7%9C-%D7%A6%D7%95-%D7%A7%D7%99%D7%95%D7%9D-%D7%A6%D7%95%D7%95%D7%90%D7%94-%D7%9C%D7%90%D7%97%D7%A8-%D7%92%D7%99/,0,1,0,53
בקשה לדחיית מועד דיון בבית הדין הרבני,https://jus-tice.co.il/%D7%91%D7%99%D7%AA-%D7%94%D7%93%D7%99%D7%9F-%D7%94%D7%A8%D7%91%D7%A0%D7%99-%D7%A7%D7%A0%D7%94-%D7%A1%D7%9E%D7%9B%D7%95%D7%AA-%D7%9C%D7%9E%D7%A8%D7%95%D7%AA-%D7%94%D7%92%D7%A9%D7%AA-%D7%AA%D7%95%D7%91%D7%A2%D7%A0%D7%94-%D7%91%D7%A2%D7%A0%D7%99%D7%99%D7%9F-%D7%94%D7%97%D7%96%D7%A7%D7%AA-%D7%99%D7%9C%D7%93%D7%99%D7%9D/,0,1,0,73
בקשה להסדר נושים,https://jus-tice.co.il/psakdin/%D7%91%D7%A7%D7%A9%D7%94-%D7%9C%D7%90%D7%99%D7%A9%D7%95%D7%A8-%D7%94%D7%A1%D7%93%D7%A8-%D7%97%D7%95%D7%91-%D7%95%D7%91%D7%A7%D7%A9%D7%95%D7%AA-%D7%9C%D7%9E%D7%AA%D7%9F-%D7%A6%D7%95-%D7%9C%D7%A4%D7%AA/,0,6,0,46.5
בקשה להסרת מגבלת ראייה ברישיון הנהיגה,https://jus-tice.co.il/wp-content/uploads/2020/01/hana_v9.32.88s.pdf,0,1,0,62
בקשה להפחתת צו תשלומים דוגמא,https://jus-tice.co.il/psakdin/%D7%91%D7%A7%D7%A9%D7%94-%D7%9C%D7%90%D7%99%D7%A9%D7%95%D7%A8-%D7%94%D7%A1%D7%93%D7%A8-%D7%97%D7%95%D7%91-%D7%95%D7%91%D7%A7%D7%A9%D7%95%D7%AA-%D7%9C%D7%9E%D7%AA%D7%9F-%D7%A6%D7%95-%D7%9C%D7%A4%D7%AA/,0,2,0,25
בקשה לחישוב פסילה,https://jus-tice.co.il/wp-content/uploads/2023/05/%D7%A2%D7%95%D7%A8%D7%9A-%D7%93%D7%99%D7%9F-%D7%94%D7%A9%D7%91%D7%AA-%D7%A8%D7%9B%D7%95%D7%A9-%D7%99%D7%94%D7%95%D7%93%D7%99-%D7%A8%D7%95%D7%9E%D7%A0%D7%99%D7%94.pdf,0,2,0,79
בקשה למחיקת רישום פלילי דוגמא,https://jus-tice.co.il/psakdin/%D7%A4%D7%A1%D7%93-%D7%91%D7%91%D7%A7%D7%A9%D7%94-%D7%9C%D7%94%D7%A2%D7%91%D7%A8%D7%AA-%D7%94%D7%9E%D7%A9%D7%9E%D7%95%D7%A8%D7%AA-%D7%90%D7%9C-%D7%94%D7%90%D7%91-%D7%95%D7%A8%D7%99%D7%A9%D7%95%D7%9D/,0,2,0,76.5
בקשה למינוי מנהל עזבון,https://jus-tice.co.il/%D7%A4%D7%A1%D7%93-%D7%A9%D7%A2%D7%A0%D7%99%D7%99%D7%A0%D7%95-%D7%9E%D7%99%D7%A0%D7%95%D7%99-%D7%9E%D7%A0%D7%94%D7%9C-%D7%A2%D7%99%D7%96%D7%91%D7%95%D7%9F-%D7%96%D7%9E%D7%A0%D7%99-%D7%91%D7%9E%D7%A7%D7%95%D7%9D-%D7%A7%D7%91%D7%95%D7%A2-%D7%A2%D7%9E%D7%A9-48305-12-21/,0,1,0,73
בקשה למינוי מנהל עיזבון,https://jus-tice.co.il/%D7%A4%D7%A1%D7%93-%D7%A9%D7%A2%D7%A0%D7%99%D7%99%D7%A0%D7%95-%D7%9E%D7%99%D7%A0%D7%95%D7%99-%D7%9E%D7%A0%D7%94%D7%9C-%D7%A2%D7%99%D7%96%D7%91%D7%95%D7%9F-%D7%96%D7%9E%D7%A0%D7%99-%D7%91%D7%9E%D7%A7%D7%95%D7%9D-%D7%A7%D7%91%D7%95%D7%A2-%D7%A2%D7%9E%D7%A9-48305-12-21/,0,3,0,71.33333333333333
בקשה למינוי מנהל עיזבון בבית משפט,https://jus-tice.co.il/%D7%A4%D7%A1%D7%93-%D7%A9%D7%A2%D7%A0%D7%99%D7%99%D7%A0%D7%95-%D7%9E%D7%99%D7%A0%D7%95%D7%99-%D7%9E%D7%A0%D7%94%D7%9C-%D7%A2%D7%99%D7%96%D7%91%D7%95%D7%9F-%D7%96%D7%9E%D7%A0%D7%99-%D7%91%D7%9E%D7%A7%D7%95%D7%9D-%D7%A7%D7%91%D7%95%D7%A2-%D7%A2%D7%9E%D7%A9-48305-12-21/,0,1,0,50
בקשה למינוי מנהל עיזבון זמני,https://jus-tice.co.il/%D7%A4%D7%A1%D7%93-%D7%A9%D7%A2%D7%A0%D7%99%D7%99%D7%A0%D7%95-%D7%9E%D7%99%D7%A0%D7%95%D7%99-%D7%9E%D7%A0%D7%94%D7%9C-%D7%A2%D7%99%D7%96%D7%91%D7%95%D7%9F-%D7%96%D7%9E%D7%A0%D7%99-%D7%91%D7%9E%D7%A7%D7%95%D7%9D-%D7%A7%D7%91%D7%95%D7%A2-%D7%A2%D7%9E%D7%A9-48305-12-21/,0,3,0,57.666666666666664
בקשה למינוי סניגור ציבורי,https://jus-tice.co.il/wp-content/uploads/2019/03/hoksangeoriatsiburit.pdf,0,4,0,18.5
בקשה למתן צו הגנה,https://jus-tice.co.il/%D7%91%D7%A7%D7%A9%D7%AA-%D7%A6%D7%95-%D7%94%D7%92%D7%A0%D7%94-%D7%9C%D7%9E%D7%A0%D7%99%D7%A2%D7%AA-%D7%90%D7%9C%D7%99%D7%9E%D7%95%D7%AA-%D7%91%D7%9E%D7%A9%D7%A4%D7%97%D7%94-%D7%94%D7%98-61185-11-22/,0,22,0,27.227272727272727
בקשה למתן צו קיום צוואה מקוון,https://jus-tice.co.il/what-is-a-probate-order/,0,1,0,100
בקשה לצו הגנה,https://jus-tice.co.il/%D7%91%D7%A7%D7%A9%D7%AA-%D7%A6%D7%95-%D7%94%D7%92%D7%A0%D7%94-%D7%9C%D7%9E%D7%A0%D7%99%D7%A2%D7%AA-%D7%90%D7%9C%D7%99%D7%9E%D7%95%D7%AA-%D7%91%D7%9E%D7%A9%D7%A4%D7%97%D7%94-%D7%94%D7%98-61185-11-22/,0,10,0,38
בקשה לצו הגנה דוגמא,https://jus-tice.co.il/%D7%91%D7%A7%D7%A9%D7%AA-%D7%A6%D7%95-%D7%94%D7%92%D7%A0%D7%94-%D7%9C%D7%9E%D7%A0%D7%99%D7%A2%D7%AA-%D7%90%D7%9C%D7%99%D7%9E%D7%95%D7%AA-%D7%91%D7%9E%D7%A9%D7%A4%D7%97%D7%94-%D7%94%D7%98-61185-11-22/,0,34,0,27.176470588235293
בקשות למתן צווי הגנה,https://jus-tice.co.il/%D7%91%D7%A7%D7%A9%D7%AA-%D7%A6%D7%95-%D7%94%D7%92%D7%A0%D7%94-%D7%9C%D7%9E%D7%A0%D7%99%D7%A2%D7%AA-%D7%90%D7%9C%D7%99%D7%9E%D7%95%D7%AA-%D7%91%D7%9E%D7%A9%D7%A4%D7%97%D7%94-%D7%94%D7%98-61185-11-22/,0,45,0,32.2
בקשת הגירה,https://jus-tice.co.il/%D7%94%D7%92%D7%99%D7%A8%D7%94-%D7%9E%D7%99%D7%A9%D7%A8%D7%90%D7%9C-%D7%A8%D7%A9%D7%99%D7%9E%D7%AA-%D7%94%D7%9C%D7%99%D7%9B%D7%99%D7%9D/,0,2,0,17
בתי הדין משרד המשפטים,https://jus-tice.co.il/wp-content/uploads/2022/06/misradhamishpatim-women.pdf,0,3,0,22.333333333333332
בתי המשפט,https://jus-tice.co.il/articles/%D7%9E%D7%94%D7%95-%D7%91%D7%99%D7%AA-%D7%9E%D7%A9%D7%A4%D7%98/,0,13,0,32.769230769230774
בתי המשפט,https://jus-tice.co.il/court-judge/,0,1,0,54
בתי המשפט בישראל,https://jus-tice.co.il/articles/%D7%9E%D7%94%D7%95-%D7%91%D7%99%D7%AA-%D7%9E%D7%A9%D7%A4%D7%98/,0,1,0,25
בתי המשפט המחוזיים,https://jus-tice.co.il/articles/%D7%9E%D7%94%D7%95-%D7%91%D7%99%D7%AA-%D7%9E%D7%A9%D7%A4%D7%98/,0,2,0,82
בתי משפט,https://jus-tice.co.il/articles/%D7%9E%D7%94%D7%95-%D7%91%D7%99%D7%AA-%D7%9E%D7%A9%D7%A4%D7%98/,0,9,0,30.11111111111111
בתי משפט בישראל,https://jus-tice.co.il/articles/%D7%9E%D7%94%D7%95-%D7%91%D7%99%D7%AA-%D7%9E%D7%A9%D7%A4%D7%98/,0,1,0,20
בתי משפט ישראל,https://jus-tice.co.il/articles/%D7%9E%D7%94%D7%95-%D7%91%D7%99%D7%AA-%D7%9E%D7%A9%D7%A4%D7%98/,0,1,0,28
בתים למכירה בגרמניה,https://jus-tice.co.il/vonovia/,0,2,0,59
ג'ון קיריאקו,https://jus-tice.co.il/wp-content/uploads/2023/03/%D7%A4%D7%A8%D7%98%D7%99-%D7%A7%D7%A9%D7%A8-%D7%9E%D7%A2%D7%A8%D7%9B%D7%AA-%D7%94%D7%9E%D7%A9%D7%A4%D7%98-%D7%A7%D7%A4%D7%A8%D7%99%D7%A1%D7%99%D7%9F.pdf,0,1,0,23
ג'ורג' קרא,https://jus-tice.co.il/court-judge/,0,1,0,76
ג'סטיס,https://jus-tice.co.il/,0,2,0,49.5
גבי מגנזי מתחתן,https://jus-tice.co.il/%D7%9E%D7%96%D7%95%D7%A0%D7%95%D7%AA-%D7%94%D7%99%D7%9C%D7%93%D7%99%D7%9D-%D7%94%D7%90%D7%9D-%D7%9C%D7%A4%D7%99-%D7%A6%D7%A8%D7%99%D7%9B%D7%94-%D7%91%D7%A4%D7%95%D7%A2%D7%9C-%D7%90%D7%95-%D7%A2%D7%A8%D7%9A-%D7%A9%D7%95%D7%9C%D7%99/,0,1,0,16
גובה מזונות ילדים,https://jus-tice.co.il/%D7%9E%D7%97%D7%A9%D7%91%D7%95%D7%9F-%D7%9E%D7%96%D7%95%D7%A0%D7%95%D7%AA-%D7%99%D7%9C%D7%93%D7%99%D7%9D/,0,3,0,56.666666666666664
גובה תשלום מזונות,https://jus-tice.co.il/%D7%9E%D7%97%D7%A9%D7%91%D7%95%D7%9F-%D7%9E%D7%96%D7%95%D7%A0%D7%95%D7%AA-%D7%99%D7%9C%D7%93%D7%99%D7%9D/,0,38,0,56.13157894736842
גוגל פ,https://jus-tice.co.il/%D7%AA%D7%90-28120-03-18-%D7%A4%D7%9C%D7%95%D7%A0%D7%99-%D7%A0-googel-llc-%D7%95%D7%90%D7%97/,0,1,0,100
גודש ריאתי צילום חזה,https://jus-tice.co.il/corona_virus/%D7%94%D7%A0%D7%97%D7%99%D7%95%D7%AA-%D7%9C%D7%94%D7%AA%D7%9E%D7%95%D7%93%D7%93%D7%95%D7%AA-%D7%A2%D7%9D-%D7%A0%D7%92%D7%99%D7%A3-%D7%94%D7%A7%D7%95%D7%A8%D7%95%D7%A0%D7%94-19-covid/,0,1,0,59
גזברות בית המשפט העליון,https://jus-tice.co.il/2019-2020-major-supreme-court-ruling,0,1,0,55
גט גירושין,https://jus-tice.co.il/articles/%D7%97%D7%99%D7%95%D7%91-%D7%92%D7%98-%D7%92%D7%99%D7%A8%D7%95%D7%A9%D7%99%D7%9F-%D7%95%D7%93%D7%97%D7%99%D7%99%D7%AA-%D7%91%D7%A7%D7%A9%D7%AA-%D7%94%D7%90%D7%99%D7%A9-%D7%9C%D7%93%D7%95%D7%9F-%D7%91/,0,11,0,38.63636363636363
גט פיטורין,https://jus-tice.co.il/%D7%93%D7%97%D7%99%D7%99%D7%AA-%D7%93%D7%A8%D7%99%D7%A9%D7%94-%D7%9C%D7%A2%D7%99%D7%9B%D7%95%D7%91-%D7%92%D7%99%D7%A8%D7%95%D7%A9%D7%99%D7%9F-%D7%9C%D7%A9%D7%9D-%D7%94%D7%96%D7%9E%D7%AA-%D7%98%D7%A2%D7%A0%D7%95%D7%AA-%D7%A9%D7%9C%D7%90-%D7%94%D7%97%D7%9C-%D7%91%D7%99%D7%A8%D7%95%D7%A8%D7%9F-%D7%A9%D7%A4%D7%A1%D7%99%D7%A7%D7%AA-%D7%94%D7%92%D7%99%D7%A8%D7%95%D7%A9%D7%99%D7%9F-%D7%90%D7%99%D7%A0%D7%94-%D7%9E%D7%95%D7%A9%D7%AA%D7%AA%D7%AA-%D7%A2%D7%9C%D7%99%D7%94%D7%9F-%D7%95%D7%A9%D7%94%D7%96%D7%9E%D7%AA%D7%9F-%D7%9E%D7%91%D7%95%D7%A7%D7%A9%D7%AA-%D7%9C%D7%A6%D7%95%D7%A8%D7%9A-%D7%94%D7%9C%D7%99%D7%9A-%D7%90%D7%97%D7%A8-1353339-1-%D7%91%D7%99%D7%94%D7%93-%D7%94%D7%92%D7%93%D7%95%D7%9C/,0,1,0,96
גיא גריף,https://jus-tice.co.il/psakdin/,0,1,0,30
גיא מגורי כהן,https://jus-tice.co.il/robert-stephan-cohen/,0,1,0,76
גיא מימון שופט,https://jus-tice.co.il/court-judge/,0,1,0,24
גיל שוחט בן זוג,https://jus-tice.co.il/cohabitation-agreement/,0,1,0,44
גירושים,https://jus-tice.co.il/strategic-divorce-cost-planning/,0,6,0,88.33333333333333
גירושים אחרי גיל 50,https://jus-tice.co.il/strategic-divorce-cost-planning/,0,1,0,46
גירושין בהסכמה טופס,https://jus-tice.co.il/%D7%A4%D7%A1%D7%93-%D7%AA%D7%91%D7%99%D7%A2%D7%AA-%D7%92%D7%99%D7%A8%D7%95%D7%A9%D7%99%D7%9F-%D7%95%D7%9B%D7%AA%D7%95%D7%91%D7%94-%D7%91%D7%90%D7%99%D7%A9%D7%94-%D7%A9%D7%A7%D7%99%D7%99%D7%9E%D7%94-%D7%99%D7%97%D7%A1%D7%99-%D7%90%D7%99%D7%A9%D7%95%D7%AA-%D7%A2%D7%9D-%D7%92%D7%91%D7%A8%D7%99%D7%9D-%D7%96%D7%A8%D7%99%D7%9D-%D7%91%D7%A0%D7%95%D7%9B%D7%97%D7%95%D7%AA-%D7%91%D7%A2%D7%9C%D7%94-1242579-2-%D7%91%D7%99%D7%94%D7%93-%D7%A8%D7%97%D7%95%D7%91%D7%95%D7%AA/,0,3,0,50
גירושין במחלוקת,https://jus-tice.co.il/articles/%D7%A4%D7%A1%D7%93-%D7%A0%D7%99%D7%94%D7%95%D7%9C-%D7%AA%D7%91%D7%99%D7%A2%D7%AA-%D7%92%D7%99%D7%A8%D7%95%D7%A9%D7%99%D7%9F-%D7%9E%D7%97%D7%95%D7%9C-%D7%91%D7%90%D7%9E%D7%A6%D7%A2%D7%95%D7%AA/,0,2,0,27
גירושין זכויות האישה,https://jus-tice.co.il/articles/%D7%94%D7%9C%D7%99%D7%9B%D7%99-%D7%92%D7%99%D7%A8%D7%95%D7%A9%D7%99%D7%9F-%D7%99%D7%95%D7%A6%D7%A8%D7%99%D7%9D-%D7%93%D7%99%D7%A0%D7%99%D7%9D-%D7%9E%D7%99%D7%95%D7%97%D7%93%D7%99%D7%9D-%D7%91%D7%99/,0,2,0,66.5
גירושין ידועים בציבור,https://jus-tice.co.il/common-law-marriage/,0,7,0,67.42857142857143
גירושין עורך דין,https://jus-tice.co.il/%D7%A2%D7%95%D7%93-%D7%92%D7%99%D7%A8%D7%95%D7%A9%D7%99%D7%9F-%D7%9E%D7%95%D7%9E%D7%9C%D7%A5-%D7%9B%D7%99%D7%A6%D7%93-%D7%9C%D7%9E%D7%A6%D7%95%D7%90-%D7%A2%D7%95%D7%A8%D7%9A-%D7%93%D7%99%D7%9F-%D7%92%D7%99%D7%A8%D7%95%D7%A9%D7%99%D7%9F-%D7%95%D7%9B%D7%9E%D7%94-%D7%A2%D7%95%D7%9C%D7%94-%D7%9C%D7%94%D7%AA%D7%92%D7%A8%D7%A9/,0,113,0,54.76106194690266
גירושין שלא בהסכמה,https://jus-tice.co.il/articles/%D7%97%D7%99%D7%95%D7%91-%D7%92%D7%98-%D7%92%D7%99%D7%A8%D7%95%D7%A9%D7%99%D7%9F-%D7%95%D7%93%D7%97%D7%99%D7%99%D7%AA-%D7%91%D7%A7%D7%A9%D7%AA-%D7%94%D7%90%D7%99%D7%A9-%D7%9C%D7%93%D7%95%D7%9F-%D7%91/,0,1,0,86
גישור בין הורים לילדים,https://jus-tice.co.il/%D7%92%D7%99%D7%A8%D7%95%D7%A9%D7%99%D7%9F-%D7%91%D7%92%D7%99%D7%A9%D7%95%D7%A8-%D7%A2%D7%9D-%D7%99%D7%9C%D7%93%D7%99%D7%9D-%D7%94%D7%93%D7%A8%D7%9A-%D7%94%D7%98%D7%95%D7%91%D7%94-%D7%9C%D7%94%D7%AA%D7%92%D7%A8%D7%A9-%D7%91%D7%92%D7%99%D7%A9%D7%95%D7%A8-%D7%91%D7%9C%D7%99-%D7%9C%D7%A4%D7%92%D7%95%D7%A2-%D7%91%D7%99%D7%9C%D7%93%D7%99%D7%9D/,0,3,0,56
גישור בין ילדים,https://jus-tice.co.il/%D7%92%D7%99%D7%A8%D7%95%D7%A9%D7%99%D7%9F-%D7%91%D7%92%D7%99%D7%A9%D7%95%D7%A8-%D7%A2%D7%9D-%D7%99%D7%9C%D7%93%D7%99%D7%9D-%D7%94%D7%93%D7%A8%D7%9A-%D7%94%D7%98%D7%95%D7%91%D7%94-%D7%9C%D7%94%D7%AA%D7%92%D7%A8%D7%A9-%D7%91%D7%92%D7%99%D7%A9%D7%95%D7%A8-%D7%91%D7%9C%D7%99-%D7%9C%D7%A4%D7%92%D7%95%D7%A2-%D7%91%D7%99%D7%9C%D7%93%D7%99%D7%9D/,0,1,0,66
גישור בין עובד למעביד,https://jus-tice.co.il/employer-worker-relationship/,0,26,0,51.69230769230769
גישור גירושין עלויות,https://jus-tice.co.il/divorce-mediation-cons-pros/,0,2,0,41.5
גישור גירושין עלויות,https://jus-tice.co.il/how-much-does-a-divorce-agreement-cost/,0,2,0,42
גישור+דיסקרטי+בעולם+הביטחוני,https://jus-tice.co.il/chambers-and-partners/,0,2,0,95.5
גמיאני,https://jus-tice.co.il/%D7%94%D7%97%D7%9C%D7%98%D7%94-%D7%91%D7%AA%D7%99%D7%A7-%D7%97%D7%93%D7%9C%D7%95%D7%AA-%D7%A4%D7%99%D7%A8%D7%A2%D7%95%D7%9F-%D7%A9%D7%9C-%D7%97%D7%91%D7%A8%D7%AA-%D7%A1%D7%98%D7%95%D7%93%D7%99%D7%95-c/,0,59,0,5.47457627118644
גנימאת,https://jus-tice.co.il/wp-content/uploads/2022/03/%D7%A7%D7%98%D7%92%D7%95%D7%A8%D7%99%D7%94_%D7%A4%D7%A1%D7%A7%D7%99_%D7%93%D7%99%D7%9F_%D7%A4%D7%9C%D7%99%D7%9C%D7%99%D7%99%D7%9D_%D7%91%D7%99%D7%A9%D7%A8%D7%90%D7%9C.pdf,0,1,0,77
גרוטבום,https://jus-tice.co.il/south-african-property-law/,0,13,0,11.076923076923077
גרוש שלא עומד בהסדרי ראיה,https://jus-tice.co.il/articles/%D7%96%D7%9B%D7%95%D7%AA-%D7%94%D7%95%D7%A8%D7%94-%D7%92%D7%A8%D7%95%D7%A9-%D7%9C%D7%94%D7%A2%D7%AA%D7%99%D7%A7-%D7%90%D7%AA-%D7%9E%D7%92%D7%95%D7%A8%D7%99%D7%95-%D7%95%D7%90%D7%A3-%D7%9C%D7%94%D7%92/,0,3,0,96.33333333333333
גרם הפרת חוזה פקודת הנזיקין,https://jus-tice.co.il/tort/%D7%A4%D7%A7%D7%95%D7%93%D7%AA-%D7%94%D7%A0%D7%96%D7%99%D7%A7%D7%99%D7%9F-%D7%A0%D7%95%D7%A1%D7%97-%D7%97%D7%93%D7%A9/,0,1,0,63
גרמניה איירליינס חוות דעת,https://jus-tice.co.il/small_claims/%D7%9B%D7%A8%D7%98%D7%99%D7%A1%D7%99-%D7%98%D7%99%D7%A1%D7%94-%D7%97%D7%91%D7%A8%D7%AA-%D7%AA%D7%A2%D7%95%D7%A4%D7%94-%D7%A4%D7%A9%D7%98%D7%94-%D7%90%D7%AA-%D7%94%D7%A8%D7%92%D7%9C-%D7%A1%D7%95%D7%9B/,0,1,0,43
גרר בכביש 412,https://jus-tice.co.il/wp-content/uploads/2020/01/hana_v9.32.88s.pdf,0,1,0,53
ד ר גלעד רונית חוות דעת,https://jus-tice.co.il/psakdin/%D7%94%D7%98%D7%99%D7%A4%D7%95%D7%9C-%D7%91%D7%A0%D7%A4%D7%92%D7%A2%D7%99-%D7%A2%D7%91%D7%99%D7%A8%D7%95%D7%AA-%D7%9E%D7%99%D7%9F-%D7%91%D7%94%D7%9C%D7%99%D7%9A-%D7%94%D7%A4%D7%9C%D7%99%D7%9C%D7%99/,0,1,0,62
דברים שהומצאו בישראל,https://jus-tice.co.il/returning-resident-rights-determining-tax-rate/,0,1,0,54
דגש חזק משלים דוגמאות,https://jus-tice.co.il/chambers-and-partners/,0,1,0,79
דה פקטו 5 אותיות,https://jus-tice.co.il/articles/%D7%97%D7%99%D7%95%D7%91-%D7%92%D7%98-%D7%95%D7%9B%D7%AA%D7%95%D7%91%D7%94-%D7%91%D7%9E%D7%A7%D7%A8%D7%94-%D7%A9%D7%A9%D7%A0%D7%99-%D7%94%D7%A6%D7%93%D7%93%D7%99%D7%9D-%D7%90%D7%99%D7%A0%D7%9D-%D7%A8%D7%95%D7%A6%D7%99%D7%9D-%D7%96%D7%94/,0,1,0,45
דוברות רשות המסים,https://jus-tice.co.il/israel-tax-authority/,0,1,0,35
דוגמא הסכם גירושין,https://jus-tice.co.il/wp-content/uploads/2021/03/%D7%A0%D7%95%D7%A1%D7%97-%D7%94%D7%A1%D7%9B%D7%9D-%D7%92%D7%99%D7%A8%D7%95%D7%A9%D7%99%D7%9F-%D7%93%D7%95%D7%92%D7%9E%D7%90-2021.docx,0,18,0,24.333333333333332
דוגמא להסכם גירושין,https://jus-tice.co.il/wp-content/uploads/2021/03/%D7%A0%D7%95%D7%A1%D7%97-%D7%94%D7%A1%D7%9B%D7%9D-%D7%92%D7%99%D7%A8%D7%95%D7%A9%D7%99%D7%9F-%D7%93%D7%95%D7%92%D7%9E%D7%90-2021.docx,0,169,0,45.86390532544379
דוגמא להסכם גירושין בפורמט pdf להורדה,https://jus-tice.co.il/wp-content/uploads/2021/03/%D7%A0%D7%95%D7%A1%D7%97-%D7%94%D7%A1%D7%9B%D7%9D-%D7%92%D7%99%D7%A8%D7%95%D7%A9%D7%99%D7%9F-%D7%93%D7%95%D7%92%D7%9E%D7%90-2021.docx,0,1,0,23
דוגמה להסכם גירושין,https://jus-tice.co.il/wp-content/uploads/2021/03/%D7%A0%D7%95%D7%A1%D7%97-%D7%94%D7%A1%D7%9B%D7%9D-%D7%92%D7%99%D7%A8%D7%95%D7%A9%D7%99%D7%9F-%D7%93%D7%95%D7%92%D7%9E%D7%90-2021.docx,0,125,0,43.824
דוגמת הסכם גירושין,https://jus-tice.co.il/wp-content/uploads/2021/03/%D7%A0%D7%95%D7%A1%D7%97-%D7%94%D7%A1%D7%9B%D7%9D-%D7%92%D7%99%D7%A8%D7%95%D7%A9%D7%99%D7%9F-%D7%93%D7%95%D7%92%D7%9E%D7%90-2021.docx,0,8,0,34.25
דוגמת הסכם שכירות קרקע חקלאית,https://jus-tice.co.il/rental-agreement/,0,4,0,29.25
דוד האובנשטוק,https://jus-tice.co.il/wp-content/uploads/2022/06/06102016_1.pdf,0,2,0,30.5
דוד טרגין,https://jus-tice.co.il/wp-content/uploads/2022/06/06102016_1.pdf,0,7,0,36
דוח ליקויים,https://jus-tice.co.il/%D7%97%D7%AA%D7%99%D7%9E%D7%94-%D7%A2%D7%9C-%D7%A8%D7%A9%D7%99%D7%9E%D7%AA-%D7%9C%D7%99%D7%A7%D7%95%D7%99%D7%99%D7%9D/,0,1,0,35
דוח נהיגה בחוסר זהירות,https://jus-tice.co.il/wp-content/uploads/2020/01/hana_v9.32.88s.pdf,0,1,0,73
דוקומנט,https://jus-tice.co.il/%D7%97%D7%AA%D7%99%D7%9E%D7%94-%D7%A2%D7%9C-%D7%A8%D7%A9%D7%99%D7%9E%D7%AA-%D7%9C%D7%99%D7%A7%D7%95%D7%99%D7%99%D7%9D/,0,1,0,51
דורי ספיבק,https://jus-tice.co.il/wp-content/uploads/2019/03/%D7%91%D7%99%D7%94%D7%93-%D7%94%D7%90%D7%96%D7%95%D7%A8%D7%99-%D7%9C%D7%A2%D7%91%D7%95%D7%93%D7%94-%D7%91%D7%AA%D7%90-%D7%A9-%D7%93%D7%95%D7%A8%D7%99-%D7%A1%D7%A4%D7%99%D7%91%D7%A7-%D7%90%D7%99%D7%A9%D7%95%D7%A8-%D7%AA%D7%95%D7%91%D7%A2%D7%A0%D7%94-%D7%99%D7%99%D7%A6%D7%95%D7%92%D7%99%D7%AA-%D7%A2%D7%95%D7%91%D7%93%D7%99-%D7%9E%D7%95%D7%A7%D7%93-%D7%98%D7%9C%D7%A4%D7%95%D7%A0%D7%99-%D7%AA%D7%A9%D7%9C%D7%95%D7%9D-%D7%A9%D7%9B%D7%A8-%D7%A2%D7%91%D7%95%D7%93%D7%94-%D7%A2%D7%91%D7%95%D7%A8-%D7%94%D7%A4%D7%A1%D7%A7%D7%95%D7%AA-%D7%A7%D7%A6%D7%A8%D7%95%D7%AA.pdf,0,1,0,28
דחיה על הסף,https://jus-tice.co.il/psakdin/,0,1,0,35
דחייה על הסף,https://jus-tice.co.il/psakdin/,0,25,0,48.72
דחיית טיסה,https://jus-tice.co.il/compensation-flight-delayed/,0,4,0,51.5
דחיית טיסה אל על,https://jus-tice.co.il/compensation-flight-delayed/,0,1,0,45
דחיית טיסה פיצוי,https://jus-tice.co.il/compensation-flight-delayed/,0,3,0,67.33333333333333
דיווח וייצוג בפני רשויות המס,https://jus-tice.co.il/israel-tax-authority/,0,2,0,25.5
דיווח+וייצוג+בפני+רשויות+המס,https://jus-tice.co.il/israel-tax-authority/,0,3,0,26.333333333333332
דיויד עטר פוסטה,https://jus-tice.co.il/74657-12-20/,0,1,0,12
דיון בבית משפט,https://jus-tice.co.il/articles/%D7%9E%D7%94%D7%95-%D7%91%D7%99%D7%AA-%D7%9E%D7%A9%D7%A4%D7%98/,0,6,0,35.666666666666664
דיון בית משפט,https://jus-tice.co.il/articles/%D7%9E%D7%94%D7%95-%D7%91%D7%99%D7%AA-%D7%9E%D7%A9%D7%A4%D7%98/,0,1,0,36
דיון במס הכנסה,https://jus-tice.co.il/israel-tax-authority/,0,1,0,50
דיוני בית המשפט העליון,https://jus-tice.co.il/2019-2020-major-supreme-court-ruling,0,1,0,37
דיליי בטיסה פיצוי,https://jus-tice.co.il/%D7%AA%D7%A7-25449-12-20-%D7%A4%D7%9C%D7%95%D7%A0%D7%99%D7%AA-%D7%95%D7%90%D7%97-%D7%A0-%D7%99%D7%95%D7%A0%D7%99%D7%99%D7%98%D7%93-%D7%90%D7%99%D7%A8%D7%9C%D7%99%D7%99%D7%A0%D7%A1-%D7%90%D7%99%D7%A0%D7%A7/,0,1,0,50
דין לכל דין,https://jus-tice.co.il/,0,1,0,18
דיני אכיפת חיובים וחדלות פירעון,https://jus-tice.co.il/insolvency/,0,1,0,100
דיני גירושים,https://jus-tice.co.il/articles/%D7%94%D7%9C%D7%99%D7%9B%D7%99-%D7%92%D7%99%D7%A8%D7%95%D7%A9%D7%99%D7%9F-%D7%99%D7%95%D7%A6%D7%A8%D7%99%D7%9D-%D7%93%D7%99%D7%A0%D7%99%D7%9D-%D7%9E%D7%99%D7%95%D7%97%D7%93%D7%99%D7%9D-%D7%91%D7%99/,0,9,0,96.77777777777777
דיני גירושים,https://jus-tice.co.il/strategic-divorce-cost-planning/,0,34,0,51.44117647058823
דיני גירושין,https://jus-tice.co.il/articles/%D7%94%D7%9C%D7%99%D7%9B%D7%99-%D7%92%D7%99%D7%A8%D7%95%D7%A9%D7%99%D7%9F-%D7%99%D7%95%D7%A6%D7%A8%D7%99%D7%9D-%D7%93%D7%99%D7%A0%D7%99%D7%9D-%D7%9E%D7%99%D7%95%D7%97%D7%93%D7%99%D7%9D-%D7%91%D7%99/,0,23,0,81.6086956521739
דיני גירושין,https://jus-tice.co.il/strategic-divorce-cost-planning/,0,54,0,82.5
דיני גרושין,https://jus-tice.co.il/articles/%D7%94%D7%9C%D7%99%D7%9B%D7%99-%D7%92%D7%99%D7%A8%D7%95%D7%A9%D7%99%D7%9F-%D7%99%D7%95%D7%A6%D7%A8%D7%99%D7%9D-%D7%93%D7%99%D7%A0%D7%99%D7%9D-%D7%9E%D7%99%D7%95%D7%97%D7%93%D7%99%D7%9D-%D7%91%D7%99/,0,2,0,51
דיני הגירה,https://jus-tice.co.il/%D7%94%D7%92%D7%99%D7%A8%D7%94-%D7%9E%D7%99%D7%A9%D7%A8%D7%90%D7%9C-%D7%A8%D7%A9%D7%99%D7%9E%D7%AA-%D7%94%D7%9C%D7%99%D7%9B%D7%99%D7%9D/,0,2,0,71
דיני משפחה גירושים,https://jus-tice.co.il/strategic-divorce-cost-planning/,0,67,0,56.44776119402985
דיני משפחה וגירושין,https://jus-tice.co.il/strategic-divorce-cost-planning/,0,8,0,43.25
דיני משפחה סיכום,https://jus-tice.co.il/strategic-divorce-cost-planning/,0,4,0,32.75
דיני עבודה,https://jus-tice.co.il/israeli-labor-law/,0,298,0,61.30536912751678
דיני עבודה pdf,https://jus-tice.co.il/israeli-labor-law/,0,1,0,94
דיני עבודה בישראל,https://jus-tice.co.il/israeli-labor-law/,0,2,0,70.5
דיני עבודה חוקים,https://jus-tice.co.il/israeli-labor-law/,0,75,0,63.666666666666664
דיני עבודה יחסי עובד מעביד,https://jus-tice.co.il/employer-worker-relationship/,0,3,0,47.333333333333336
דיני עבודה שאלות ותשובות,https://jus-tice.co.il/israeli-labor-law/,0,1,0,85
דיני שכירות,https://jus-tice.co.il/rental-agreement/,0,1,0,58
דיני תכנון ובניה,https://jus-tice.co.il/construction-law/,0,82,0,29.670731707317074
דיני תכנון ובנייה,https://jus-tice.co.il/construction-law/,0,7,0,28.142857142857142
דיני תעבורה pdf,https://jus-tice.co.il/wp-content/uploads/2020/01/hana_v9.32.88s.pdf,0,1,0,55
דיני תקשורת,https://jus-tice.co.il/%D7%A7%D7%98%D7%92%D7%95%D7%A8%D7%99%D7%95%D7%AA-%D7%9E%D7%90%D7%9E%D7%A8%D7%99%D7%9D/%D7%93%D7%99%D7%A0%D7%99-%D7%AA%D7%A7%D7%A9%D7%95%D7%A8%D7%AA/,0,3,0,74
דיסקונט קביעת תור לפתיחת חשבון,https://jus-tice.co.il/real-estate-lawyer-cost-2025/,0,1,0,73
דירה הרשומה על שם אחד מבני הזוג,https://jus-tice.co.il/marital-property-agreement/,0,1,0,87
דירה להשקעה בחול,https://jus-tice.co.il/apartment/,0,3,0,59.333333333333336
דירוג משרדי הפרסום,https://jus-tice.co.il/chambers-and-partners/,0,2,0,48.5
דירוג שופטים,https://jus-tice.co.il/court-judge/,0,1,0,18
דירות בחו,https://jus-tice.co.il/apartment/,0,11,0,19.545454545454547
"דירות בחו""ל",https://jus-tice.co.il/apartment/,0,4,0,18.25
"דירות להשקעה בחו""ל",https://jus-tice.co.il/apartment/,0,2,0,75
דירות להשקעה בחול,https://jus-tice.co.il/apartment/,0,1,0,60
דירות להשקעה בפורטוגל,https://jus-tice.co.il/portugal-overview-real-estate/,0,2,0,87.5
דלית ורד שופטת,https://jus-tice.co.il/court-judge/,0,1,0,20
דמי טיפול מזונות,https://jus-tice.co.il/%D7%9E%D7%97%D7%A9%D7%91%D7%95%D7%9F-%D7%9E%D7%96%D7%95%D7%A0%D7%95%D7%AA-%D7%99%D7%9C%D7%93%D7%99%D7%9D/,0,1,0,73
דמי מזונות ילדים,https://jus-tice.co.il/%D7%9E%D7%97%D7%A9%D7%91%D7%95%D7%9F-%D7%9E%D7%96%D7%95%D7%A0%D7%95%D7%AA-%D7%99%D7%9C%D7%93%D7%99%D7%9D/,0,6,0,65.83333333333333
דמי מזונות לילד אחד,https://jus-tice.co.il/%D7%9E%D7%97%D7%A9%D7%91%D7%95%D7%9F-%D7%9E%D7%96%D7%95%D7%A0%D7%95%D7%AA-%D7%99%D7%9C%D7%93%D7%99%D7%9D/,0,11,0,75.27272727272727
דני רופ הטרדה,https://jus-tice.co.il/wp-content/uploads/2019/03/%D7%91%D7%99%D7%94%D7%93-%D7%94%D7%90%D7%99%D7%96%D7%95%D7%A8%D7%99-%D7%9C%D7%A2%D7%91%D7%95%D7%93%D7%94-%D7%A0%D7%A6%D7%A8%D7%AA-%D7%A9-%D7%93%D7%A8-%D7%98%D7%9C-%D7%92%D7%95%D7%9C%D7%9F-%D7%A4%D7%A1%D7%93-%D7%91%D7%AA%D7%91%D7%99%D7%A2%D7%AA-%D7%94%D7%98%D7%A8%D7%93%D7%94-%D7%9E%D7%99%D7%A0%D7%99%D7%AA-%D7%91%D7%90%D7%A7%D7%93%D7%9E%D7%99%D7%94.pdf,0,1,0,63
דניאל קנדלר,https://jus-tice.co.il/wp-content/uploads/2022/06/06102016_1.pdf,0,1,0,73
דר קיי פלור,https://jus-tice.co.il/wp-content/uploads/2019/03/%D7%91%D7%99%D7%94%D7%93-%D7%94%D7%90%D7%96%D7%95%D7%A8%D7%99-%D7%9C%D7%A2%D7%91%D7%95%D7%93%D7%94-%D7%91%D7%AA%D7%90-%D7%A9-%D7%93%D7%A8-%D7%90%D7%A8%D7%99%D7%90%D7%9C%D7%94-%D7%92%D7%99%D7%9C%D7%A6%D7%A8-%D7%9B%D7%A5-%D7%94%D7%97%D7%9C%D7%98%D7%94-%D7%91%D7%A0%D7%95%D7%A9%D7%90-%D7%A7%D7%A4%D7%94-%D7%A0%D7%95%D7%90%D7%A8-%D7%AA%D7%99%D7%A7-%D7%A1%D7%A7-25618-09-17.pdf,0,1,0,62
דר' ראסלן ותד -הרצליה,https://jus-tice.co.il/wp-content/uploads/2020/01/UK-Physical-Activity-Guidelines-2019-Hebrew.pdf,0,3,0,41.333333333333336
דרגה אישית בשירות המדינה,https://jus-tice.co.il/articles/%D7%94%D7%90%D7%9D-%D7%9C%D7%A0%D7%A6%D7%99%D7%91-%D7%A9%D7%99%D7%A8%D7%95%D7%AA-%D7%94%D7%9E%D7%93%D7%99%D7%A0%D7%94-%D7%99%D7%A9-%D7%A1%D7%9E%D7%9B%D7%95%D7%AA-%D7%9C%D7%97%D7%AA%D7%95%D7%9D-%D7%A2/,0,2,0,27.5
"דרגת משרה: דרגה 41 - 43 דירוג 11 מח""ר.",https://jus-tice.co.il/articles/%D7%94%D7%90%D7%9D-%D7%9C%D7%A0%D7%A6%D7%99%D7%91-%D7%A9%D7%99%D7%A8%D7%95%D7%AA-%D7%94%D7%9E%D7%93%D7%99%D7%A0%D7%94-%D7%99%D7%A9-%D7%A1%D7%9E%D7%9B%D7%95%D7%AA-%D7%9C%D7%97%D7%AA%D7%95%D7%9D-%D7%A2/,0,4,0,32.25
דרור אוסי,https://jus-tice.co.il/,0,1,0,83
דרושים עורכי דין למשטרה,https://jus-tice.co.il/,0,1,0,51
דרישה לתשלום תכוף,https://jus-tice.co.il/%D7%97%D7%95%D7%A7-%D7%A4%D7%99%D7%A6%D7%95%D7%99%D7%99%D7%9D-%D7%9C%D7%A0%D7%A4%D7%92%D7%A2%D7%99-%D7%AA%D7%90%D7%95%D7%A0%D7%95%D7%AA-%D7%93%D7%A8%D7%9B%D7%99%D7%9D-%D7%A0%D7%95%D7%A1%D7%97-%D7%A2%D7%93%D7%9B%D7%A0%D7%99/,0,1,0,52
דרכי ביטול רישיון עסק,https://jus-tice.co.il/psakdin/%D7%91%D7%99%D7%98%D7%95%D7%9C-%D7%A6%D7%95-%D7%A1%D7%92%D7%99%D7%A8%D7%94-%D7%9C%D7%A2%D7%A1%D7%A7-%D7%9C%D7%A4%D7%99-%D7%A1%D7%A2%D7%99%D7%A3-22%D7%91-%D7%9C%D7%97%D7%95%D7%A7-%D7%A8%D7%99%D7%A9/,0,9,0,19.77777777777778
"ה""ט 40857-03-22",https://jus-tice.co.il/1331339-1/,0,2,0,26.5
"ה""ט 40857-03-22",https://jus-tice.co.il/1331339-3/,0,1,0,35
"ה""ט 40857-03-22",https://jus-tice.co.il/209051/11/,0,1,0,32
"ה""ט 40857-03-22",https://jus-tice.co.il/articles/%D7%97%D7%99%D7%95%D7%91-%D7%92%D7%98-%D7%92%D7%99%D7%A8%D7%95%D7%A9%D7%99%D7%9F-%D7%95%D7%93%D7%97%D7%99%D7%99%D7%AA-%D7%91%D7%A7%D7%A9%D7%AA-%D7%94%D7%90%D7%99%D7%A9-%D7%9C%D7%93%D7%95%D7%9F-%D7%91/,0,2,0,27.5
האוצר רשות המיסים,https://jus-tice.co.il/israel-tax-authority/,0,1,0,29
האזנות סתר משטרת ישראל,https://jus-tice.co.il/articles/%D7%A4%D7%92%D7%A1%D7%95%D7%A1-nso-%D7%9E%D7%A1%D7%A7%D7%A0%D7%95%D7%AA-%D7%A6%D7%95%D7%95%D7%AA-%D7%9E%D7%A8%D7%A8%D7%99-%D7%9E%D7%9E%D7%A6%D7%90%D7%99-%D7%A6%D7%95%D7%95%D7%AA-%D7%94%D7%91%D7%93/,0,1,0,60
האם אישה חייבת בחובות בעלה,https://jus-tice.co.il/%D7%90%D7%97%D7%A8%D7%99%D7%95%D7%AA-%D7%94%D7%91%D7%A2%D7%9C-%D7%9C%D7%97%D7%95%D7%91%D7%95%D7%AA-%D7%90%D7%A9%D7%AA%D7%95-%D7%A2%D7%9C-%D7%A4%D7%99-%D7%93%D7%99%D7%9F-%D7%AA%D7%95%D7%A8%D7%94-%D7%95%D7%A2%D7%9C-%D7%A4%D7%99-%D7%97%D7%95%D7%A7-%D7%99%D7%97%D7%A1%D7%99-%D7%9E%D7%9E%D7%95%D7%9F-%D7%96%D7%9B%D7%95%D7%99%D7%95%D7%AA-%D7%95%D7%97%D7%95%D7%91%D7%95%D7%AA-%D7%91%D7%9E%D7%A2%D7%A8%D7%9B%D7%AA-%D7%99%D7%97%D7%A1%D7%99%D7%9D-%D7%A9%D7%91%D7%94-%D7%94%D7%90%D7%99%D7%A9%D7%94-%D7%94%D7%99%D7%90-%D7%94%D7%9E%D7%A4%D7%A8%D7%A0%D7%A1%D7%AA/,0,1,0,65
האם בקורונה יש שלשולים,https://jus-tice.co.il/research-report-n156-persistent-symptoms/,0,1,0,65
האם הוראות רמזור עדיפוֹת על הוראת תמרור המורה על מתן זכות קדימה?,https://jus-tice.co.il/wp-content/uploads/2020/01/hana_v9.32.88s.pdf,0,2,0,21.5
האם החנייה בתחום תמרור זה מותרת לאוטובוס פרטי זעיר,https://jus-tice.co.il/wp-content/uploads/2020/01/hana_v9.32.88s.pdf,0,1,0,37
האם הרשום בשטר המטען מהווה הוכחה למשקלו של המטען,https://jus-tice.co.il/wp-content/uploads/2020/01/hana_v9.32.88s.pdf,0,1,0,67
האם כדאי לא ללכת למסגרות כשיש רינו וירוס,https://jus-tice.co.il/corona_virus/%D7%94%D7%A0%D7%97%D7%99%D7%95%D7%AA-%D7%9C%D7%94%D7%AA%D7%9E%D7%95%D7%93%D7%93%D7%95%D7%AA-%D7%A2%D7%9D-%D7%A0%D7%92%D7%99%D7%A3-%D7%94%D7%A7%D7%95%D7%A8%D7%95%D7%A0%D7%94-19-covid/,0,2,0,48.5
האם מגיע פיצוי על איחור במסירת דירה,https://jus-tice.co.il/%D7%A4%D7%99%D7%A6%D7%95%D7%99-%D7%91%D7%92%D7%99%D7%9F-%D7%90%D7%99%D7%97%D7%95%D7%A8-%D7%91%D7%9E%D7%A1%D7%99%D7%A8%D7%AA-%D7%93%D7%99%D7%A8%D7%94-%D7%9E%D7%A7%D7%91%D7%9C%D7%9F-%D7%AA%D7%90-10300-02-21/,0,5,0,87
האם מונעת מהאב לראות את הילדים,https://jus-tice.co.il/articles/%D7%96%D7%9B%D7%95%D7%AA-%D7%94%D7%95%D7%A8%D7%94-%D7%92%D7%A8%D7%95%D7%A9-%D7%9C%D7%94%D7%A2%D7%AA%D7%99%D7%A7-%D7%90%D7%AA-%D7%9E%D7%92%D7%95%D7%A8%D7%99%D7%95-%D7%95%D7%90%D7%A3-%D7%9C%D7%94%D7%92/,0,1,0,100
האם מותר להסיע יותר מנוסע אחד לצד הנהג,https://jus-tice.co.il/wp-content/uploads/2020/01/hana_v9.32.88s.pdf,0,1,0,49
האם מותר לכם לעקוף כלי רכב איטי הנוסע לפניכם,https://jus-tice.co.il/wp-content/uploads/2020/01/hana_v9.32.88s.pdf,0,1,0,48
האם מותרת הכניסה לאופנוע לקטע הדרך שבו מוצב התמרור,https://jus-tice.co.il/wp-content/uploads/2020/01/hana_v9.32.88s.pdf,0,1,0,37
האם צריך עורך דין ייפוי כוח מתמשך,https://jus-tice.co.il/continuous-power-of-attorney-israel/,0,7,0,63.285714285714285
האם קריפטו חוקי בישראל,https://jus-tice.co.il/cryptocurrency-legislation-2021/,0,2,0,28.5
האם רעש חזק מזיק לעובר,https://jus-tice.co.il/articles/%D7%A2%D7%95%D7%95%D7%9C%D7%94-%D7%A0%D7%96%D7%A7-%D7%95%D7%A4%D7%99%D7%A6%D7%95%D7%99-%D7%93%D7%99%D7%A0%D7%99-%D7%94%D7%A0%D7%96%D7%99%D7%A7%D7%99%D7%9F-%D7%95%D7%A8%D7%A9%D7%9C%D7%A0%D7%95/,0,1,0,58
האפוטרופוס הכללי ייפוי כוח מתמשך,https://jus-tice.co.il/continuous-power-of-attorney-israel/,0,163,0,65.11656441717791
האפוטרופוס הכללי ייפוי כח מתמשך,https://jus-tice.co.il/continuous-power-of-attorney-israel/,0,7,0,84.14285714285714
הארכת אישור ניכוי מס במקור,https://jus-tice.co.il/psakdin/%D7%94%D7%A7%D7%9C%D7%95%D7%AA-%D7%9E%D7%A1-%D7%95%D7%99%D7%A8%D7%95%D7%A1-%D7%A7%D7%95%D7%A8%D7%95%D7%A0%D7%94-%D7%94%D7%90%D7%A8%D7%9B%D7%AA-%D7%AA%D7%95%D7%A7%D7%A3-%D7%90%D7%99%D7%A9%D7%95/,0,3,0,54.666666666666664
הארכת מקטע qt,https://jus-tice.co.il/wp-content/uploads/2020/04/%D7%9E%D7%99%D7%93%D7%A2-%D7%AA%D7%A8%D7%95%D7%A4%D7%AA%D7%99-%D7%A2%D7%9C-%D7%AA%D7%A8%D7%95%D7%A4%D7%95%D7%AA-%D7%94%D7%A0%D7%9E%D7%A6%D7%90%D7%95%D7%AA-%D7%91%D7%A9%D7%99%D7%9E%D7%95%D7%A9-%D7%9C%D7%98%D7%99%D7%A4%D7%95%D7%9C-%D7%91-%E2%80%93-COVID-19-%D7%91%D7%9E%D7%91%D7%95%D7%92%D7%A8%D7%99%D7%9D.pdf,0,3,0,41.666666666666664
הארכת תוקף אישור ניכוי מס במקור,https://jus-tice.co.il/psakdin/%D7%94%D7%A7%D7%9C%D7%95%D7%AA-%D7%9E%D7%A1-%D7%95%D7%99%D7%A8%D7%95%D7%A1-%D7%A7%D7%95%D7%A8%D7%95%D7%A0%D7%94-%D7%94%D7%90%D7%A8%D7%9B%D7%AA-%D7%AA%D7%95%D7%A7%D7%A3-%D7%90%D7%99%D7%A9%D7%95/,0,2,0,28.5
הארכת תוקף רישיון רכב,https://jus-tice.co.il/articles/%D7%A7%D7%95%D7%A8%D7%95%D7%A0%D7%94-%D7%94%D7%90%D7%A8%D7%9B%D7%AA-%D7%AA%D7%A7%D7%95%D7%A4%D7%AA-%D7%AA%D7%95%D7%A7%D7%A3-%D7%A8%D7%99%D7%A9%D7%99%D7%95%D7%9F-%D7%A8%D7%9B%D7%91-16-03-2020/,0,2,0,20
הארכת תוקף רישיונות רכב,https://jus-tice.co.il/articles/%D7%A7%D7%95%D7%A8%D7%95%D7%A0%D7%94-%D7%94%D7%90%D7%A8%D7%9B%D7%AA-%D7%AA%D7%A7%D7%95%D7%A4%D7%AA-%D7%AA%D7%95%D7%A7%D7%A3-%D7%A8%D7%99%D7%A9%D7%99%D7%95%D7%9F-%D7%A8%D7%9B%D7%91-16-03-2020/,0,1,0,12
הבניין,https://jus-tice.co.il/building-science/,0,1,0,53
הברחת נכסים בין בני זוג,https://jus-tice.co.il/%D7%90%D7%99%D7%96%D7%95%D7%9F-%D7%9E%D7%A9%D7%90%D7%91%D7%99%D7%9D-%D7%9B%D7%A1%D7%A4%D7%99%D7%9D-%D7%94%D7%9E%D7%A6%D7%95%D7%99%D7%99%D7%9D-%D7%91%D7%97%D7%A9%D7%91%D7%95%D7%A0%D7%95%D7%AA-%D7%91%D7%9F-%D7%96%D7%95%D7%92-%D7%94%D7%91%D7%A8%D7%97%D7%AA-%D7%A0%D7%9B%D7%A1%D7%99%D7%9D/,0,1,0,31
הבת של זאב רווח,https://jus-tice.co.il/returning-resident-rights-determining-tax-rate/,0,3,0,56
הגובה הכולל של רכב נמדד,https://jus-tice.co.il/wp-content/uploads/2020/01/hana_v9.32.88s.pdf,0,1,0,55
הגירה מישראל,https://jus-tice.co.il/%D7%94%D7%92%D7%99%D7%A8%D7%94-%D7%9E%D7%99%D7%A9%D7%A8%D7%90%D7%9C-%D7%A8%D7%A9%D7%99%D7%9E%D7%AA-%D7%94%D7%9C%D7%99%D7%9B%D7%99%D7%9D/,0,68,0,28.058823529411764
הגנה מן הצדק,https://jus-tice.co.il/decision37975-11-17/,0,43,0,86.72093023255815
הגנה מן הצדק אזרחי,https://jus-tice.co.il/decision37975-11-17/,0,1,0,74
הגנה מן הצדק חוק סדר הדין הפלילי,https://jus-tice.co.il/decision37975-11-17/,0,1,0,87
הגנה מן הצדק סעיף 149,https://jus-tice.co.il/decision37975-11-17/,0,1,0,79
הגנה מפני חדלות תשלום,https://jus-tice.co.il/insolvency/,0,13,0,29.53846153846154
הגנה על נתבעים בהטרדה מינית,https://jus-tice.co.il/psakdin/page/4/,0,1,0,76
הגשת ייפוי כוח מתמשך,https://jus-tice.co.il/continuous-power-of-attorney-israel/,0,15,0,61.333333333333336
הגשת ייפוי כח מתמשך,https://jus-tice.co.il/continuous-power-of-attorney-israel/,0,14,0,71.35714285714286
הגשת יפוי כח מתמשך,https://jus-tice.co.il/continuous-power-of-attorney-israel/,0,1,0,55
הגשת תביעת גירושין,https://jus-tice.co.il/articles/%D7%A4%D7%A1%D7%93-%D7%A0%D7%99%D7%94%D7%95%D7%9C-%D7%AA%D7%91%D7%99%D7%A2%D7%AA-%D7%92%D7%99%D7%A8%D7%95%D7%A9%D7%99%D7%9F-%D7%9E%D7%97%D7%95%D7%9C-%D7%91%D7%90%D7%9E%D7%A6%D7%A2%D7%95%D7%AA/,0,1,0,28
הדרכת+בינה+מלאכותית+לעורכי+דין+ונוטריונים,https://jus-tice.co.il/,0,1,0,66
הדרכת+בינה+מלאכותית+לעורכי+דין+ונוטריונים,https://jus-tice.co.il/legal-courses-for-lawyers/,0,1,0,98
ההשפעה של האמא בחינוך ילדים ללימוד תורה חבד,https://jus-tice.co.il/psakdin/%D7%97%D7%99%D7%A0%D7%95%D7%9A-%D7%94%D7%99%D7%9C%D7%93%D7%99%D7%9D-%D7%91%D7%9E%D7%95%D7%A1%D7%93-%D7%A9%D7%9C-%D7%90%D7%99%D7%96%D7%94-%D7%96%D7%A8%D7%9D-%D7%93%D7%AA%D7%99-%D7%99%D7%AA%D7%97%D7%A0/,0,2,0,34
הודעה לבן משפחה בדבר הגשת בקשה למתן צו קיום צוואה,https://jus-tice.co.il/what-is-a-probate-order/,0,1,0,43
הודעה מוקדמת לפי חוק,https://jus-tice.co.il/labor-law/%D7%97%D7%95%D7%A7-%D7%94%D7%95%D7%93%D7%A2%D7%94-%D7%9E%D7%95%D7%A7%D7%93%D7%9E%D7%AA-%D7%9C%D7%A4%D7%99%D7%98%D7%95%D7%A8%D7%99%D7%9D-%D7%95%D7%9C%D7%94%D7%AA%D7%A4%D7%98%D7%A8%D7%95%D7%AA/,0,1,0,55
הודעת ייצוג בתיק חסוי,https://jus-tice.co.il/psakdin/%D7%91%D7%AA%D7%99-%D7%9E%D7%A9%D7%A4%D7%98-%D7%A0%D7%95%D7%94%D7%9C-%D7%97%D7%99%D7%A1%D7%99%D7%95%D7%9F-%D7%AA%D7%99%D7%A7%D7%99%D7%9D/,0,3,0,16.333333333333336
הוועדה לקידום מתחמים מועדפים לדיור,https://jus-tice.co.il/articles/%D7%94%D7%95%D7%93%D7%A2%D7%94-%D7%9C%D7%A4%D7%99-%D7%94%D7%97%D7%95%D7%A7-%D7%9C%D7%A7%D7%99%D7%93%D7%95%D7%9D-%D7%94%D7%91%D7%A0%D7%99%D7%99%D7%94-%D7%91%D7%9E%D7%AA%D7%97%D7%9E%D7%99%D7%9D-%D7%9E/,0,2,0,44.5
הון חוזר חברה,https://jus-tice.co.il/returning-resident-rights-determining-tax-rate/,0,1,0,61
הוצאת דיבה ולשון הרע פסקי דין,https://jus-tice.co.il/%D7%AA%D7%90-16763-09-21%D7%9E%D7%95%D7%98%D7%99%D7%A2%D7%99-%D7%A0-%D7%A1%D7%A4%D7%A6%D7%99%D7%A7-%D7%A8%D7%99%D7%91%D7%A7-%D7%95%D7%90%D7%97/,0,9,0,52.22222222222222
הוצאת צו הגנה,https://jus-tice.co.il/%D7%91%D7%A7%D7%A9%D7%AA-%D7%A6%D7%95-%D7%94%D7%92%D7%A0%D7%94-%D7%9C%D7%9E%D7%A0%D7%99%D7%A2%D7%AA-%D7%90%D7%9C%D7%99%D7%9E%D7%95%D7%AA-%D7%91%D7%9E%D7%A9%D7%A4%D7%97%D7%94-%D7%94%D7%98-61185-11-22/,0,1,0,42
הוצב התמרור בדרך שלפניך האם הוא מחייב מתן זכות קדימה,https://jus-tice.co.il/wp-content/uploads/2020/01/hana_v9.32.88s.pdf,0,2,0,60
הורות אזרחית,https://jus-tice.co.il/psakdin/%D7%A6%D7%95-%D7%94%D7%95%D7%A8%D7%95%D7%AA-%D7%9E%D7%9B%D7%95%D7%97-%D7%96%D7%99%D7%A7%D7%94-%D7%9C%D7%96%D7%99%D7%A7%D7%94-%D7%9C%D7%90%D7%96%D7%A8%D7%97%D7%99%D7%AA-%D7%96%D7%A8%D7%94/,0,7,0,28
הורות משותפת מחשבון מזונות,https://jus-tice.co.il/%D7%9E%D7%97%D7%A9%D7%91%D7%95%D7%9F-%D7%9E%D7%96%D7%95%D7%A0%D7%95%D7%AA-%D7%99%D7%9C%D7%93%D7%99%D7%9D/,0,10,0,26.7
החזקת סמים לצריכה עצמית,https://jus-tice.co.il/psakdin/%D7%A2%D7%95%D7%A0%D7%A9-%D7%94%D7%97%D7%96%D7%A7%D7%AA-%D7%A7%D7%A0%D7%90%D7%91%D7%99%D7%A1-%D7%99%D7%99%D7%A6%D7%95%D7%A8-%D7%94%D7%9B%D7%A0%D7%94-%D7%95%D7%94%D7%A4%D7%A7%D7%94-%D7%A9%D7%9C-%D7%A1%D7%9D-%D7%95%D7%A2%D7%95%D7%93/,0,1,0,73
החזקת סמים שלא לצריכה עצמית,https://jus-tice.co.il/psakdin/%D7%A2%D7%95%D7%A0%D7%A9-%D7%94%D7%97%D7%96%D7%A7%D7%AA-%D7%A7%D7%A0%D7%90%D7%91%D7%99%D7%A1-%D7%99%D7%99%D7%A6%D7%95%D7%A8-%D7%94%D7%9B%D7%A0%D7%94-%D7%95%D7%94%D7%A4%D7%A7%D7%94-%D7%A9%D7%9C-%D7%A1%D7%9D-%D7%95%D7%A2%D7%95%D7%93/,0,1,0,93
החזר מס שבח דירה,https://jus-tice.co.il/land-appreciation-tax/,0,5,0,82.6
החזר מס שבח מקרקעין,https://jus-tice.co.il/land-appreciation-tax/,0,2,0,86.5
החזר מס שבח על מכירה,https://jus-tice.co.il/land-appreciation-tax/,0,3,0,69.66666666666667
החזרי מס שבח מקרקעין,https://jus-tice.co.il/land-appreciation-tax/,0,2,0,96.5
החייאה תוך רחמית,https://jus-tice.co.il/perinatal-asphyxia/,0,1,0,75
החלטה בית משפט,https://jus-tice.co.il/articles/%D7%9E%D7%94%D7%95-%D7%91%D7%99%D7%AA-%D7%9E%D7%A9%D7%A4%D7%98/,0,1,0,34
החלטה משפטית,https://jus-tice.co.il/articles/%D7%9E%D7%94%D7%95-%D7%91%D7%99%D7%AA-%D7%9E%D7%A9%D7%A4%D7%98/,0,1,0,48
החלטות בית המשפט,https://jus-tice.co.il/2019-2020-major-supreme-court-ruling,0,17,0,32.294117647058826
החלטות בית המשפט העליון,https://jus-tice.co.il/2019-2020-major-supreme-court-ruling,0,31,0,42.483870967741936
החלטות בית משפט,https://jus-tice.co.il/2019-2020-major-supreme-court-ruling,0,20,0,40.9
החלטות בית משפט השלום,https://jus-tice.co.il/2019-2020-major-supreme-court-ruling,0,1,0,29
החלטות בית משפט השלום,https://jus-tice.co.il/articles/%D7%9E%D7%94%D7%95-%D7%91%D7%99%D7%AA-%D7%9E%D7%A9%D7%A4%D7%98/,0,4,0,66.75
החלטות בתיקי בית משפט,https://jus-tice.co.il/2019-2020-major-supreme-court-ruling,0,2,0,23
החלטות עליון,https://jus-tice.co.il/2019-2020-major-supreme-court-ruling,0,6,0,54.5
החלטת בית המשפט העליון,https://jus-tice.co.il/2019-2020-major-supreme-court-ruling,0,2,0,23.5
החלטת בית המשפט העליון היום,https://jus-tice.co.il/2019-2020-major-supreme-court-ruling,0,1,0,66
החלטת בית משפט,https://jus-tice.co.il/2019-2020-major-supreme-court-ruling,0,1,0,45
החלטת בית משפט,https://jus-tice.co.il/articles/%D7%9E%D7%94%D7%95-%D7%91%D7%99%D7%AA-%D7%9E%D7%A9%D7%A4%D7%98/,0,28,0,40.214285714285715
החלק המורחב בעלה 3 אותיות,https://jus-tice.co.il/psakdin/%D7%94%D7%98%D7%99%D7%A4%D7%95%D7%9C-%D7%91%D7%A0%D7%A4%D7%92%D7%A2%D7%99-%D7%A2%D7%91%D7%99%D7%A8%D7%95%D7%AA-%D7%9E%D7%99%D7%9F-%D7%91%D7%94%D7%9C%D7%99%D7%9A-%D7%94%D7%A4%D7%9C%D7%99%D7%9C%D7%99/,0,1,0,51
החנית את הרכב ליד המדרכה בימין הכביש בדרך עירונית,https://jus-tice.co.il/wp-content/uploads/2020/01/hana_v9.32.88s.pdf,0,2,0,30
החתמות משפטיות,https://jus-tice.co.il/foreign-legal-opinion/,0,19,0,47.73684210526316
הטסת גופה מחו ל,https://jus-tice.co.il/corona_virus/%D7%94%D7%A0%D7%97%D7%99%D7%95%D7%AA-%D7%9C%D7%94%D7%AA%D7%9E%D7%95%D7%93%D7%93%D7%95%D7%AA-%D7%A2%D7%9D-%D7%A0%D7%92%D7%99%D7%A3-%D7%94%D7%A7%D7%95%D7%A8%D7%95%D7%A0%D7%94-19-covid/,0,1,0,84
הטרדה מינית בעבודה פסק דין,https://jus-tice.co.il/psakdin/%D7%AA%D7%91%D7%99%D7%A2%D7%94-%D7%A9%D7%9C-%D7%9E%D7%9C%D7%A6%D7%A8%D7%99%D7%AA-%D7%94%D7%98%D7%A8%D7%93%D7%94-%D7%9E%D7%99%D7%A0%D7%99%D7%AA-300000-%D7%A9%D7%97-%D7%A4%D7%99%D7%A6%D7%95%D7%99/,0,1,0,61
הילה סעדה מוצא,https://jus-tice.co.il/articles/%D7%A4%D7%A1%D7%93-%D7%AA%D7%91%D7%99%D7%A2%D7%AA-%D7%9B%D7%AA%D7%95%D7%91%D7%94-%D7%A9%D7%94%D7%92%D7%99%D7%A9%D7%95-%D7%99%D7%95%D7%A8%D7%A9%D7%99-%D7%94%D7%90%D7%99%D7%A9%D7%94-%D7%A0%D7%92/,0,1,0,47
היפוקסיה בלידה,https://jus-tice.co.il/perinatal-asphyxia/,0,17,0,16.411764705882355
הישאם שבאיטה שופט,https://jus-tice.co.il/court-judge/,0,1,0,11
הכר את הלקוח עורכי דין,https://jus-tice.co.il/lawyer-referral-service/,0,1,0,60
הכשרות לעורכי דין,https://jus-tice.co.il/legal-courses-for-lawyers/,0,1,0,18
"הלוואות לנכסי נדל""ן",https://jus-tice.co.il/real-estate-investment-strategies-for-2023/,0,4,0,51.5
הליך משפטי,https://jus-tice.co.il/articles/%D7%9E%D7%94%D7%95-%D7%91%D7%99%D7%AA-%D7%9E%D7%A9%D7%A4%D7%98/,0,1,0,93
הליכי חדלות פירעון,https://jus-tice.co.il/insolvency/,0,3,0,49
הלכת ורד מזונות,https://jus-tice.co.il/%D7%9E%D7%96%D7%95%D7%A0%D7%95%D7%AA-%D7%94%D7%99%D7%9C%D7%93%D7%99%D7%9D-%D7%94%D7%90%D7%9D-%D7%9C%D7%A4%D7%99-%D7%A6%D7%A8%D7%99%D7%9B%D7%94-%D7%91%D7%A4%D7%95%D7%A2%D7%9C-%D7%90%D7%95-%D7%A2%D7%A8%D7%9A-%D7%A9%D7%95%D7%9C%D7%99/,0,1,0,23
הלכת ורד מזונות,https://jus-tice.co.il/%D7%A7%D7%98%D7%92%D7%95%D7%A8%D7%99%D7%95%D7%AA-%D7%9E%D7%90%D7%9E%D7%A8%D7%99%D7%9D/%D7%93%D7%99%D7%A0%D7%99-%D7%9E%D7%A9%D7%A4%D7%97%D7%94/%D7%92%D7%99%D7%A8%D7%95%D7%A9%D7%99%D7%9F/%D7%9E%D7%96%D7%95%D7%A0%D7%95%D7%AA-%D7%99%D7%9C%D7%93%D7%99%D7%9D/,0,5,0,27
הלכת ורד מזונות,https://jus-tice.co.il/articles/%D7%A1%D7%9E%D7%9B%D7%95%D7%AA-%D7%91%D7%99%D7%AA-%D7%94%D7%93%D7%99%D7%9F-%D7%91%D7%A2%D7%A0%D7%99%D7%99%D7%9F-%D7%9E%D7%96%D7%95%D7%A0%D7%95%D7%AA-%D7%94%D7%99%D7%9C%D7%93%D7%99%D7%9D-%D7%9C%D7%90/,0,3,0,54.666666666666664
הלשכה המרכזית לסטטיסטיקה גירושין,https://jus-tice.co.il/%D7%A1%D7%98%D7%98%D7%99%D7%A1%D7%98%D7%99%D7%A7%D7%94-%D7%A2%D7%9C-%D7%92%D7%99%D7%A8%D7%95%D7%A9%D7%99%D7%9F/,0,1,0,39
המבחן המעורב דיני עבודה,https://jus-tice.co.il/employer-worker-relationship/,0,1,0,26
המדריך המלא לשנת 2026 למזונות אישה,https://jus-tice.co.il/strategic-divorce-cost-planning/,0,2,0,26
המחאה מבוטלת דוגמא,https://jus-tice.co.il/wp-content/uploads/2025/03/word-image-12123-1.png,0,1,0,13
המיסים,https://jus-tice.co.il/israel-tax-authority/,0,1,0,27
המכון הרפואי לבטיחות בדרכים טפסים,https://jus-tice.co.il/wp-content/uploads/2021/05/services_marvad_application-form.pdf,0,9,0,48.888888888888886
המלצה לסוכנות שיווק,https://jus-tice.co.il/digital-marketing-agency/,0,2,0,50.5
המלצה על עורך דין,https://jus-tice.co.il/,0,30,0,9.2
המלצות עורכי דין,https://jus-tice.co.il/,0,2,0,3.5
המלצות על עורכי דין,https://jus-tice.co.il/,0,76,0,6.776315789473684
המלצות צ'אנס חינם,https://jus-tice.co.il/,0,1,0,39
המנתחים הפלסטיים הטובים בישראל,https://jus-tice.co.il/%D7%9E%D7%A0%D7%AA%D7%97-%D7%A4%D7%9C%D7%A1%D7%98%D7%99-%D7%A4%D7%A0%D7%99%D7%9D/,0,1,0,90
המס,https://jus-tice.co.il/israel-tax-authority/,0,3,0,23.333333333333332
המס בישראל,https://jus-tice.co.il/israel-tax-authority/,0,1,0,91
המצאת כתבי בי דין,https://jus-tice.co.il/wp-content/uploads/2019/03/%D7%91%D7%99%D7%94%D7%93-%D7%94%D7%90%D7%A8%D7%A6%D7%99-%D7%9C%D7%A2%D7%91%D7%95%D7%93%D7%94-%D7%A9-%D7%92%D7%9C%D7%99%D7%A7%D7%A1%D7%9E%D7%9F-%D7%94%D7%9E%D7%A6%D7%90%D7%AA-%D7%9B%D7%AA%D7%91%D7%99-%D7%91%D7%99-%D7%93%D7%99%D7%9F-%D7%91%D7%90%D7%9E%D7%A6%D7%A2%D7%95%D7%AA-%D7%A0%D7%98-%D7%94%D7%9E%D7%A9%D7%A4%D7%98.pdf,0,2,0,59.5
המצאת כתבי בית דין,https://jus-tice.co.il/wp-content/uploads/2019/03/%D7%91%D7%99%D7%94%D7%93-%D7%94%D7%90%D7%A8%D7%A6%D7%99-%D7%9C%D7%A2%D7%91%D7%95%D7%93%D7%94-%D7%A9-%D7%92%D7%9C%D7%99%D7%A7%D7%A1%D7%9E%D7%9F-%D7%94%D7%9E%D7%A6%D7%90%D7%AA-%D7%9B%D7%AA%D7%91%D7%99-%D7%91%D7%99-%D7%93%D7%99%D7%9F-%D7%91%D7%90%D7%9E%D7%A6%D7%A2%D7%95%D7%AA-%D7%A0%D7%98-%D7%94%D7%9E%D7%A9%D7%A4%D7%98.pdf,0,1,0,44
המרכז לייעוץ בפלילים,https://jus-tice.co.il/%D7%99%D7%99%D7%A2%D7%95%D7%A5-%D7%A2%D7%95%D7%A8%D7%9A-%D7%93%D7%99%D7%9F-%D7%A4%D7%9C%D7%99%D7%9C%D7%99-%D7%A8%D7%90%D7%A9%D7%95%D7%A0%D7%99-%D7%9C%D7%A2%D7%A6%D7%95%D7%A8-%D7%91%D7%A4%D7%9C%D7%99%D7%9C%D7%99%D7%9D/,0,2,0,18.5
המשכיר והשוכר,https://jus-tice.co.il/rental-agreement/,0,2,0,51.5
המשפט,https://jus-tice.co.il/articles/%D7%9E%D7%94%D7%95-%D7%91%D7%99%D7%AA-%D7%9E%D7%A9%D7%A4%D7%98/,0,14,0,37.42857142857143
המשפט בישראל,https://jus-tice.co.il/articles/%D7%9E%D7%94%D7%95-%D7%91%D7%99%D7%AA-%D7%9E%D7%A9%D7%A4%D7%98/,0,1,0,58
המתמחה פרק אחרון,https://jus-tice.co.il/psakdin/%D7%94%D7%98%D7%99%D7%A4%D7%95%D7%9C-%D7%91%D7%A0%D7%A4%D7%92%D7%A2%D7%99-%D7%A2%D7%91%D7%99%D7%A8%D7%95%D7%AA-%D7%9E%D7%99%D7%9F-%D7%91%D7%94%D7%9C%D7%99%D7%9A-%D7%94%D7%A4%D7%9C%D7%99%D7%9C%D7%99/,0,1,0,47
הנדסת בניין ואדריכלות,https://jus-tice.co.il/building-science/,0,1,0,50
הנדסת בניין מה זה,https://jus-tice.co.il/building-science/,0,2,0,47.5
הנדסת מדידות,https://jus-tice.co.il/building-science/,0,1,0,50
הנהלת המכס,https://jus-tice.co.il/israel-tax-authority/,0,1,0,38
הנחיות לטיפול בקנאביס המיועד להשמדה,https://jus-tice.co.il/corona_virus/%D7%94%D7%A0%D7%97%D7%99%D7%95%D7%AA-%D7%9C%D7%94%D7%AA%D7%9E%D7%95%D7%93%D7%93%D7%95%D7%AA-%D7%A2%D7%9D-%D7%A0%D7%92%D7%99%D7%A3-%D7%94%D7%A7%D7%95%D7%A8%D7%95%D7%A0%D7%94-19-covid/,0,1,0,62
הנחיות משרד הבריאות קורונה,https://jus-tice.co.il/corona_virus/%D7%94%D7%A0%D7%97%D7%99%D7%95%D7%AA-%D7%9C%D7%94%D7%AA%D7%9E%D7%95%D7%93%D7%93%D7%95%D7%AA-%D7%A2%D7%9D-%D7%A0%D7%92%D7%99%D7%A3-%D7%94%D7%A7%D7%95%D7%A8%D7%95%D7%A0%D7%94-19-covid/,0,1,0,36
הנחיות קורונה,https://jus-tice.co.il/corona_virus/%D7%94%D7%A0%D7%97%D7%99%D7%95%D7%AA-%D7%9C%D7%94%D7%AA%D7%9E%D7%95%D7%93%D7%93%D7%95%D7%AA-%D7%A2%D7%9D-%D7%A0%D7%92%D7%99%D7%A3-%D7%94%D7%A7%D7%95%D7%A8%D7%95%D7%A0%D7%94-19-covid/,0,3,0,51
הנשק האסטרטגי שחייבים להכיר בהליכי גירושין,https://jus-tice.co.il/strategic-divorce-cost-planning/,0,14,0,27.142857142857142
הסבת תשומת לב,https://jus-tice.co.il/wp-content/uploads/2019/03/%D7%91%D7%99%D7%94%D7%93-%D7%94%D7%90%D7%A8%D7%A6%D7%99-%D7%9C%D7%A2%D7%91%D7%95%D7%93%D7%94-%D7%A9-%D7%92%D7%9C%D7%99%D7%A7%D7%A1%D7%9E%D7%9F-%D7%94%D7%9E%D7%A6%D7%90%D7%AA-%D7%9B%D7%AA%D7%91%D7%99-%D7%91%D7%99-%D7%93%D7%99%D7%9F-%D7%91%D7%90%D7%9E%D7%A6%D7%A2%D7%95%D7%AA-%D7%A0%D7%98-%D7%94%D7%9E%D7%A9%D7%A4%D7%98.pdf,0,1,0,39
הסדר חוב דוגמא,https://jus-tice.co.il/psakdin/%D7%91%D7%A7%D7%A9%D7%94-%D7%9C%D7%90%D7%99%D7%A9%D7%95%D7%A8-%D7%94%D7%A1%D7%93%D7%A8-%D7%97%D7%95%D7%91-%D7%95%D7%91%D7%A7%D7%A9%D7%95%D7%AA-%D7%9C%D7%9E%D7%AA%D7%9F-%D7%A6%D7%95-%D7%9C%D7%A4%D7%AA/,0,62,0,24.725806451612904
הסדר חוב מול סלקום,https://jus-tice.co.il/psakdin/%D7%A4%D7%A1%D7%93-%D7%A1%D7%9C%D7%A7%D7%95%D7%9D-%D7%9E%D7%9B%D7%A8%D7%94-%D7%9E%D7%99%D7%93%D7%A2-%D7%95%D7%A0%D7%AA%D7%95%D7%A0%D7%99-%D7%90%D7%99%D7%9B%D7%95%D7%9F-%D7%A2%D7%9C-%D7%9C%D7%A7/,0,5,0,29
הסדר חוב שלא במסגרת צו לפתיחת הליכים,https://jus-tice.co.il/psakdin/%D7%91%D7%A7%D7%A9%D7%94-%D7%9C%D7%90%D7%99%D7%A9%D7%95%D7%A8-%D7%94%D7%A1%D7%93%D7%A8-%D7%97%D7%95%D7%91-%D7%95%D7%91%D7%A7%D7%A9%D7%95%D7%AA-%D7%9C%D7%9E%D7%AA%D7%9F-%D7%A6%D7%95-%D7%9C%D7%A4%D7%AA/,0,1,0,19
הסדר מותנה משטרת ישראל,https://jus-tice.co.il/%D7%94%D7%A1%D7%93%D7%A8-%D7%9E%D7%95%D7%AA%D7%A0%D7%94/,0,1,0,25
הסדר מותנה רישום פלילי,https://jus-tice.co.il/%D7%94%D7%A1%D7%93%D7%A8-%D7%9E%D7%95%D7%AA%D7%A0%D7%94/,0,1,0,92
הסדר נושים דוגמא,https://jus-tice.co.il/psakdin/%D7%91%D7%A7%D7%A9%D7%94-%D7%9C%D7%90%D7%99%D7%A9%D7%95%D7%A8-%D7%94%D7%A1%D7%93%D7%A8-%D7%97%D7%95%D7%91-%D7%95%D7%91%D7%A7%D7%A9%D7%95%D7%AA-%D7%9C%D7%9E%D7%AA%D7%9F-%D7%A6%D7%95-%D7%9C%D7%A4%D7%AA/,0,6,0,29.166666666666668
הסיוע המשפטי,https://jus-tice.co.il/wp-content/uploads/2022/06/misradhamishpatim-women.pdf,0,1,0,48
הסיוע המשפטי במשרד המשפטים,https://jus-tice.co.il/wp-content/uploads/2022/06/misradhamishpatim-women.pdf,0,1,0,30
הסיוע המשפטי משרד המשפטים,https://jus-tice.co.il/wp-content/uploads/2022/06/misradhamishpatim-women.pdf,0,1,0,39
הסכם אי תחרות,https://jus-tice.co.il/%D7%A4%D7%A1%D7%93-%D7%91%D7%A0%D7%95%D7%A9%D7%90-%D7%97%D7%95%D7%A4%D7%A9-%D7%94%D7%A2%D7%99%D7%A1%D7%95%D7%A7-%D7%A1%D7%A2%D7%A9-49088-11-18/,0,29,0,26.82758620689655
הסכם אי תחרות בין חברות,https://jus-tice.co.il/%D7%A4%D7%A1%D7%93-%D7%91%D7%A0%D7%95%D7%A9%D7%90-%D7%97%D7%95%D7%A4%D7%A9-%D7%94%D7%A2%D7%99%D7%A1%D7%95%D7%A7-%D7%A1%D7%A2%D7%A9-49088-11-18/,0,1,0,55
הסכם אי תחרות דוגמא,https://jus-tice.co.il/%D7%A4%D7%A1%D7%93-%D7%91%D7%A0%D7%95%D7%A9%D7%90-%D7%97%D7%95%D7%A4%D7%A9-%D7%94%D7%A2%D7%99%D7%A1%D7%95%D7%A7-%D7%A1%D7%A2%D7%A9-49088-11-18/,0,1,0,28
הסכם אי תחרות וסודיות,https://jus-tice.co.il/%D7%A4%D7%A1%D7%93-%D7%91%D7%A0%D7%95%D7%A9%D7%90-%D7%97%D7%95%D7%A4%D7%A9-%D7%94%D7%A2%D7%99%D7%A1%D7%95%D7%A7-%D7%A1%D7%A2%D7%A9-49088-11-18/,0,1,0,9
הסכם אי תחרות פרילנסר,https://jus-tice.co.il/%D7%A4%D7%A1%D7%93-%D7%91%D7%A0%D7%95%D7%A9%D7%90-%D7%97%D7%95%D7%A4%D7%A9-%D7%94%D7%A2%D7%99%D7%A1%D7%95%D7%A7-%D7%A1%D7%A2%D7%A9-49088-11-18/,0,9,0,21.666666666666668
הסכם גירושים לדוגמא,https://jus-tice.co.il/wp-content/uploads/2021/03/%D7%A0%D7%95%D7%A1%D7%97-%D7%94%D7%A1%D7%9B%D7%9D-%D7%92%D7%99%D7%A8%D7%95%D7%A9%D7%99%D7%9F-%D7%93%D7%95%D7%92%D7%9E%D7%90-2021.docx,0,3,0,73
הסכם גירושים להורדה,https://jus-tice.co.il/wp-content/uploads/2021/03/%D7%A0%D7%95%D7%A1%D7%97-%D7%94%D7%A1%D7%9B%D7%9D-%D7%92%D7%99%D7%A8%D7%95%D7%A9%D7%99%D7%9F-%D7%93%D7%95%D7%92%D7%9E%D7%90-2021.docx,0,41,0,48.1219512195122
הסכם גירושין doc,https://jus-tice.co.il/wp-content/uploads/2021/03/%D7%A0%D7%95%D7%A1%D7%97-%D7%94%D7%A1%D7%9B%D7%9D-%D7%92%D7%99%D7%A8%D7%95%D7%A9%D7%99%D7%9F-%D7%93%D7%95%D7%92%D7%9E%D7%90-2021.docx,0,85,0,15.988235294117647
הסכם גירושין pdf,https://jus-tice.co.il/wp-content/uploads/2021/03/%D7%A0%D7%95%D7%A1%D7%97-%D7%94%D7%A1%D7%9B%D7%9D-%D7%92%D7%99%D7%A8%D7%95%D7%A9%D7%99%D7%9F-%D7%93%D7%95%D7%92%D7%9E%D7%90-2021.docx,0,103,0,61.679611650485434
הסכם גירושין בהסכמה דוגמא,https://jus-tice.co.il/wp-content/uploads/2021/03/%D7%A0%D7%95%D7%A1%D7%97-%D7%94%D7%A1%D7%9B%D7%9D-%D7%92%D7%99%D7%A8%D7%95%D7%A9%D7%99%D7%9F-%D7%93%D7%95%D7%92%D7%9E%D7%90-2021.docx,0,98,0,62.234693877551024
הסכם גירושין בהסכמה לדוגמא,https://jus-tice.co.il/wp-content/uploads/2021/03/%D7%A0%D7%95%D7%A1%D7%97-%D7%94%D7%A1%D7%9B%D7%9D-%D7%92%D7%99%D7%A8%D7%95%D7%A9%D7%99%D7%9F-%D7%93%D7%95%D7%92%D7%9E%D7%90-2021.docx,0,2,0,60.5
הסכם גירושין בהסכמה להורדה,https://jus-tice.co.il/wp-content/uploads/2021/03/%D7%A0%D7%95%D7%A1%D7%97-%D7%94%D7%A1%D7%9B%D7%9D-%D7%92%D7%99%D7%A8%D7%95%D7%A9%D7%99%D7%9F-%D7%93%D7%95%D7%92%D7%9E%D7%90-2021.docx,0,13,0,62.38461538461539
הסכם גירושין בהסכמה מחיר,https://jus-tice.co.il/how-much-does-a-divorce-agreement-cost/,0,50,0,70.96
הסכם גירושין בחיפה מחיר,https://jus-tice.co.il/how-much-does-a-divorce-agreement-cost/,0,2,0,35
הסכם גירושין דוגמא,https://jus-tice.co.il/wp-content/uploads/2021/03/%D7%A0%D7%95%D7%A1%D7%97-%D7%94%D7%A1%D7%9B%D7%9D-%D7%92%D7%99%D7%A8%D7%95%D7%A9%D7%99%D7%9F-%D7%93%D7%95%D7%92%D7%9E%D7%90-2021.docx,0,458,0,47.72052401746725
הסכם גירושין לדוגמא,https://jus-tice.co.il/wp-content/uploads/2021/03/%D7%A0%D7%95%D7%A1%D7%97-%D7%94%D7%A1%D7%9B%D7%9D-%D7%92%D7%99%D7%A8%D7%95%D7%A9%D7%99%D7%9F-%D7%93%D7%95%D7%92%D7%9E%D7%90-2021.docx,0,130,0,56.19230769230769
הסכם גירושין להדפסה,https://jus-tice.co.il/wp-content/uploads/2021/03/%D7%A0%D7%95%D7%A1%D7%97-%D7%94%D7%A1%D7%9B%D7%9D-%D7%92%D7%99%D7%A8%D7%95%D7%A9%D7%99%D7%9F-%D7%93%D7%95%D7%92%D7%9E%D7%90-2021.docx,0,1,0,74
הסכם גירושין להורדה,https://jus-tice.co.il/wp-content/uploads/2021/03/%D7%A0%D7%95%D7%A1%D7%97-%D7%94%D7%A1%D7%9B%D7%9D-%D7%92%D7%99%D7%A8%D7%95%D7%A9%D7%99%D7%9F-%D7%93%D7%95%D7%92%D7%9E%D7%90-2021.docx,0,56,0,51.67857142857143
הסכם גירושין להורדה בחינם,https://jus-tice.co.il/wp-content/uploads/2021/03/%D7%A0%D7%95%D7%A1%D7%97-%D7%94%D7%A1%D7%9B%D7%9D-%D7%92%D7%99%D7%A8%D7%95%D7%A9%D7%99%D7%9F-%D7%93%D7%95%D7%92%D7%9E%D7%90-2021.docx,0,86,0,50.616279069767444
הסכם גירושין ללא ילדים להורדה,https://jus-tice.co.il/wp-content/uploads/2021/03/%D7%A0%D7%95%D7%A1%D7%97-%D7%94%D7%A1%D7%9B%D7%9D-%D7%92%D7%99%D7%A8%D7%95%D7%A9%D7%99%D7%9F-%D7%93%D7%95%D7%92%D7%9E%D7%90-2021.docx,0,2,0,65.5
הסכם גירושין ללא עורך דין להורדה,https://jus-tice.co.il/wp-content/uploads/2021/03/%D7%A0%D7%95%D7%A1%D7%97-%D7%94%D7%A1%D7%9B%D7%9D-%D7%92%D7%99%D7%A8%D7%95%D7%A9%D7%99%D7%9F-%D7%93%D7%95%D7%92%D7%9E%D7%90-2021.docx,0,5,0,62.2
הסכם גירושין מחיר,https://jus-tice.co.il/%D7%A2%D7%95%D7%93-%D7%92%D7%99%D7%A8%D7%95%D7%A9%D7%99%D7%9F-%D7%9E%D7%95%D7%9E%D7%9C%D7%A5-%D7%9B%D7%99%D7%A6%D7%93-%D7%9C%D7%9E%D7%A6%D7%95%D7%90-%D7%A2%D7%95%D7%A8%D7%9A-%D7%93%D7%99%D7%9F-%D7%92%D7%99%D7%A8%D7%95%D7%A9%D7%99%D7%9F-%D7%95%D7%9B%D7%9E%D7%94-%D7%A2%D7%95%D7%9C%D7%94-%D7%9C%D7%94%D7%AA%D7%92%D7%A8%D7%A9/,0,2,0,72.5
הסכם גירושין מחיר,https://jus-tice.co.il/how-much-does-a-divorce-agreement-cost/,0,170,0,59.529411764705884
הסכם גירושין משמורת משותפת,https://jus-tice.co.il/%D7%94%D7%97%D7%96%D7%A7%D7%AA-%D7%99%D7%9C%D7%93%D7%99%D7%9D-%D7%9E%D7%A9%D7%9E%D7%95%D7%A8%D7%AA-%D7%9E%D7%A9%D7%95%D7%AA%D7%A4%D7%AA-%D7%91%D7%99%D7%AA-%D7%94%D7%93%D7%99%D7%9F-%D7%94%D7%A8%D7%91%D7%A0%D7%99/,0,1,0,88
הסכם גישור גירושין לדוגמא,https://jus-tice.co.il/wp-content/uploads/2021/03/%D7%A0%D7%95%D7%A1%D7%97-%D7%94%D7%A1%D7%9B%D7%9D-%D7%92%D7%99%D7%A8%D7%95%D7%A9%D7%99%D7%9F-%D7%93%D7%95%D7%92%D7%9E%D7%90-2021.docx,0,84,0,79.8452380952381
הסכם הסדר חוב,https://jus-tice.co.il/psakdin/%D7%91%D7%A7%D7%A9%D7%94-%D7%9C%D7%90%D7%99%D7%A9%D7%95%D7%A8-%D7%94%D7%A1%D7%93%D7%A8-%D7%97%D7%95%D7%91-%D7%95%D7%91%D7%A7%D7%A9%D7%95%D7%AA-%D7%9C%D7%9E%D7%AA%D7%9F-%D7%A6%D7%95-%D7%9C%D7%A4%D7%AA/,0,2,0,39.5
הסכם השכרת רכב,https://jus-tice.co.il/rental-agreement/,0,1,0,33
הסכם חיים משותפים עורך דין,https://jus-tice.co.il/cohabitation-agreement/,0,1,0,94
הסכם חלוקת רכוש דוגמא,https://jus-tice.co.il/wp-content/uploads/2021/03/%D7%A0%D7%95%D7%A1%D7%97-%D7%94%D7%A1%D7%9B%D7%9D-%D7%92%D7%99%D7%A8%D7%95%D7%A9%D7%99%D7%9F-%D7%93%D7%95%D7%92%D7%9E%D7%90-2021.docx,0,14,0,74.28571428571429
הסכם יחסי ממון בין בני זוג,https://jus-tice.co.il/prenuptial-agreements-overview/,0,3,0,64
הסכם יחסי ממון וגירושין,https://jus-tice.co.il/prenuptial-agreements-overview/,0,1,0,66
הסכם מזונות,https://jus-tice.co.il/how-much-does-a-divorce-agreement-cost/,0,7,0,87.85714285714286
הסכם מזונות דוגמא,https://jus-tice.co.il/wp-content/uploads/2021/03/%D7%A0%D7%95%D7%A1%D7%97-%D7%94%D7%A1%D7%9B%D7%9D-%D7%92%D7%99%D7%A8%D7%95%D7%A9%D7%99%D7%9F-%D7%93%D7%95%D7%92%D7%9E%D7%90-2021.docx,0,97,0,51.876288659793815
הסכם מכר אגב גירושין דוגמא,https://jus-tice.co.il/wp-content/uploads/2021/03/%D7%A0%D7%95%D7%A1%D7%97-%D7%94%D7%A1%D7%9B%D7%9D-%D7%92%D7%99%D7%A8%D7%95%D7%A9%D7%99%D7%9F-%D7%93%D7%95%D7%92%D7%9E%D7%90-2021.docx,0,19,0,36.421052631578945
הסכם מכר בין אחים,https://jus-tice.co.il/articles/%D7%97%D7%95%D7%91%D7%AA-%D7%90%D7%99%D7%A9%D7%95%D7%A8-%D7%94%D7%A1%D7%9B%D7%9D-%D7%94%D7%9E%D7%94%D7%95%D7%95%D7%94-%D7%94%D7%A9%D7%9C%D7%9E%D7%94-%D7%9C%D7%94%D7%A1%D7%9B%D7%9D-%D7%9E%D7%9E%D7%95%D7%9F-%D7%90%D7%95-%D7%92%D7%99%D7%A8%D7%95%D7%A9%D7%99%D7%9F-%D7%90%D7%A3-%D7%90%D7%9D-%D7%94%D7%95%D7%92%D7%93%D7%A8-%D7%94%D7%A1%D7%9B%D7%9D-%D7%9E%D7%9B%D7%A8-%D7%95%D7%91%D7%98%D7%9C%D7%95%D7%AA%D7%95-%D7%9E%D7%A9%D7%90%D7%95%D7%A9%D7%A8-%D7%A9%D7%9C%D7%90-%D7%9B%D7%93%D7%99%D7%9F-1333563-1-%D7%91%D7%99%D7%94%D7%93-%D7%94%D7%92%D7%93%D7%95%D7%9C/,0,3,0,52
הסכם מכר בין אחים,https://jus-tice.co.il/kl-gates/,0,3,0,88
הסכם מכר דירת קבלן,https://jus-tice.co.il/articles/%D7%9E%D7%93%D7%A8%D7%99%D7%9A-2025-%D7%9E%D7%94-%D7%97%D7%A9%D7%95%D7%91-%D7%9C%D7%9B%D7%9C%D7%95%D7%9C-%D7%91%D7%97%D7%95%D7%96%D7%94-%D7%9E%D7%95%D7%9C-%D7%A7%D7%91%D7%9C%D7%9F-%D7%91%D7%A8%D7%9B/,0,5,0,29
הסכם ממון,https://jus-tice.co.il/prenuptial-agreements-overview/,0,93,0,61.87096774193548
הסכם ממון אונליין,https://jus-tice.co.il/prenuptial-agreements-overview/,0,1,0,26
הסכם ממון אחרי החתונה,https://jus-tice.co.il/prenuptial-agreements-overview/,0,32,0,60.8125
הסכם ממון אחרי נישואים,https://jus-tice.co.il/prenuptial-agreements-overview/,0,36,0,60.25
הסכם ממון אחרי נישואין,https://jus-tice.co.il/prenuptial-agreements-overview/,0,2,0,50
הסכם ממון בין בני זוג,https://jus-tice.co.il/prenuptial-agreements-overview/,0,208,0,57.14903846153846
הסכם ממון בין בני זוג לא נשואים,https://jus-tice.co.il/prenuptial-agreements-overview/,0,37,0,80
הסכם ממון במהלך הנישואין,https://jus-tice.co.il/prenuptial-agreements-overview/,0,2,0,68.5
הסכם ממון במהלך נישואין,https://jus-tice.co.il/prenuptial-agreements-overview/,0,7,0,28.428571428571427
הסכם ממון בעד ונגד,https://jus-tice.co.il/prenuptial-agreements-overview/,0,11,0,15.454545454545455
הסכם ממון בפתח תקווה,https://jus-tice.co.il/changing-or-canceling-a-prenuptial-agreement/,0,9,0,59.77777777777778
הסכם ממון בפתח תקווה,https://jus-tice.co.il/prenuptial-agreement-for-second-marriage/,0,1,0,46
הסכם ממון גירושין,https://jus-tice.co.il/prenuptial-agreements-overview/,0,3,0,61.333333333333336
הסכם ממון דירה,https://jus-tice.co.il/prenuptial-agreements-overview/,0,1,0,71
הסכם ממון דירה לפני הנישואין,https://jus-tice.co.il/marital-property-agreement/,0,29,0,55.55172413793103
הסכם ממון הפרדה רכושית,https://jus-tice.co.il/prenuptial-agreements-overview/,0,1,0,59
הסכם ממון וירושה,https://jus-tice.co.il/marital-property-agreement/,0,1,0,69
הסכם ממון וירושה,https://jus-tice.co.il/prenuptial-agreements-overview/,0,3,0,90.66666666666667
הסכם ממון ומשכנתא,https://jus-tice.co.il/marital-property-agreement/,0,12,0,38.916666666666664
הסכם ממון ופנסיה,https://jus-tice.co.il/7-reasons-why-you-need-a-prenup/,0,2,0,69
הסכם ממון ופנסיה,https://jus-tice.co.il/prenuptial-agreements-overview/,0,1,0,96
הסכם ממון טרום נישואין,https://jus-tice.co.il/prenuptial-agreements-overview/,0,1,0,84
הסכם ממון לאחר 20 שנות נישואין,https://jus-tice.co.il/prenuptial-agreements-overview/,0,1,0,21
הסכם ממון לאחר החתונה,https://jus-tice.co.il/prenuptial-agreements-overview/,0,14,0,79.57142857142857
הסכם ממון לאחר הנישואין,https://jus-tice.co.il/prenuptial-agreements-overview/,0,1,0,46
הסכם ממון לאחר נישואים,https://jus-tice.co.il/prenuptial-agreements-overview/,0,19,0,56.26315789473684
הסכם ממון לאחר נישואין,https://jus-tice.co.il/prenuptial-agreements-overview/,0,85,0,55.305882352941175
הסכם ממון לזוג נשוי,https://jus-tice.co.il/prenuptial-agreements-overview/,0,2,0,40.5
הסכם ממון ללא עורך דין,https://jus-tice.co.il/prenup-attorney/,0,64,0,53.515625
הסכם ממון ללא עורך דין,https://jus-tice.co.il/prenuptial-agreements-overview/,0,1,0,68
הסכם ממון לפני נישואים,https://jus-tice.co.il/prenuptial-agreements-overview/,0,1,0,53
הסכם ממון לפני נישואין בתל אביב,https://jus-tice.co.il/prenup-attorney/,0,11,0,36.18181818181818
הסכם ממון לפני נישואין בתל אביב,https://jus-tice.co.il/prenuptial-agreements-overview/,0,1,0,50
הסכם ממון מדורג,https://jus-tice.co.il/%D7%94%D7%90%D7%9D-%D7%9B%D7%9C-%D7%94%D7%A1%D7%9B%D7%9D-%D7%91%D7%99%D7%9F-%D7%91%D7%A0%D7%99-%D7%96%D7%95%D7%92-%D7%94%D7%95%D7%90-%D7%94%D7%A1%D7%9B%D7%9D-%D7%9E%D7%9E%D7%95%D7%9F/,0,7,0,46.714285714285715
הסכם ממון מדורג,https://jus-tice.co.il/prenuptial-agreements-overview/,0,55,0,75.61818181818182
הסכם ממון מה זה,https://jus-tice.co.il/prenuptial-agreements-overview/,0,10,0,65.1
הסכם ממון מהו,https://jus-tice.co.il/prenuptial-agreements-overview/,0,1,0,78
הסכם ממון משכנתא,https://jus-tice.co.il/marital-property-agreement/,0,7,0,60.714285714285715
הסכם ממון עורך דין,https://jus-tice.co.il/prenup-attorney/,0,29,0,60.55172413793103
הסכם ממון על דירה,https://jus-tice.co.il/marital-property-agreement/,0,121,0,51.20661157024794
הסכם ממון על דירה,https://jus-tice.co.il/prenuptial-agreements-overview/,0,78,0,76.06410256410257
הסכם ממון על דירה דוגמא,https://jus-tice.co.il/marital-property-agreement/,0,2,0,91
הסכם ממון עם משכנתא,https://jus-tice.co.il/marital-property-agreement/,0,4,0,59.75
הסכם ממון פרק ב,https://jus-tice.co.il/prenuptial-agreement-for-second-marriage/,0,22,0,22.227272727272727
הסכם ממון פרק ב דוגמא,https://jus-tice.co.il/prenuptial-agreement-for-second-marriage/,0,3,0,30
הסכם משמורת משותפת דוגמא,https://jus-tice.co.il/wp-content/uploads/2021/03/%D7%A0%D7%95%D7%A1%D7%97-%D7%94%D7%A1%D7%9B%D7%9D-%D7%92%D7%99%D7%A8%D7%95%D7%A9%D7%99%D7%9F-%D7%93%D7%95%D7%92%D7%9E%D7%90-2021.docx,0,1,0,76
הסכם פירוד ידועים בציבור,https://jus-tice.co.il/common-law-marriage/,0,8,0,56.375
הסכם פירוק שותפות לדוגמא,https://jus-tice.co.il/articles/%D7%A4%D7%99%D7%A8%D7%95%D7%A7-%D7%A9%D7%99%D7%AA%D7%95%D7%A3-%D7%91%D7%99%D7%9F-%D7%91%D7%A0%D7%99-%D7%96%D7%95%D7%92-%D7%97%D7%9C%D7%95%D7%A7%D7%AA-%D7%93%D7%99%D7%A8%D7%94-%D7%9C%D7%A4%D7%99/,0,1,0,32
הסכם פירוק שיתוף בדירה,https://jus-tice.co.il/articles/%D7%A4%D7%99%D7%A8%D7%95%D7%A7-%D7%A9%D7%99%D7%AA%D7%95%D7%A3-%D7%91%D7%99%D7%9F-%D7%91%D7%A0%D7%99-%D7%96%D7%95%D7%92-%D7%97%D7%9C%D7%95%D7%A7%D7%AA-%D7%93%D7%99%D7%A8%D7%94-%D7%9C%D7%A4%D7%99/,0,1,0,72
הסכם פירוק שיתוף בין בני זוג דוגמא,https://jus-tice.co.il/articles/%D7%A4%D7%99%D7%A8%D7%95%D7%A7-%D7%A9%D7%99%D7%AA%D7%95%D7%A3-%D7%91%D7%99%D7%9F-%D7%91%D7%A0%D7%99-%D7%96%D7%95%D7%92-%D7%97%D7%9C%D7%95%D7%A7%D7%AA-%D7%93%D7%99%D7%A8%D7%94-%D7%9C%D7%A4%D7%99/,0,1,0,25
הסכם פרידה דוגמא,https://jus-tice.co.il/wp-content/uploads/2021/03/%D7%A0%D7%95%D7%A1%D7%97-%D7%94%D7%A1%D7%9B%D7%9D-%D7%92%D7%99%D7%A8%D7%95%D7%A9%D7%99%D7%9F-%D7%93%D7%95%D7%92%D7%9E%D7%90-2021.docx,0,22,0,78.95454545454545
הסכם פרידה ידועים בציבור,https://jus-tice.co.il/common-law-marriage/,0,10,0,71.9
הסכם פשרה דיני עבודה,https://jus-tice.co.il/israeli-labor-law/,0,1,0,50
הסכם ראשוני בכתב,https://jus-tice.co.il/handwritten-property-agreement-cancellation/,0,1,0,9
הסכם רכוש בין בני זוג,https://jus-tice.co.il/prenuptial-agreements-overview/,0,1,0,41
הסכם שיתוף במקרקעין מס שבח,https://jus-tice.co.il/land-appreciation-tax/,0,1,0,67
הסכם שכירות,https://jus-tice.co.il/rental-agreement/,0,103,0,57
הסכם שכירות דייר משנה,https://jus-tice.co.il/rental-agreement/,0,1,0,69
הסכם שכירות דירה,https://jus-tice.co.il/rental-agreement/,0,10,0,54.3
הסכם שכירות יחידת דיור,https://jus-tice.co.il/rental-agreement/,0,1,0,68
הסכם שכירות לדירה,https://jus-tice.co.il/rental-agreement/,0,1,0,86
הסכם שכירות לטובת השוכר,https://jus-tice.co.il/rental-agreement/,0,1,0,58
הסכם שכירות ללא תמורה,https://jus-tice.co.il/rental-agreement/,0,1,0,25
הסכם שכירות מחסן בבניין,https://jus-tice.co.il/rental-agreement/,0,1,0,81
הסכם שכירות משנה,https://jus-tice.co.il/rental-agreement/,0,23,0,30.565217391304348
הסכם שכירות משרדים,https://jus-tice.co.il/rental-agreement/,0,19,0,65
הסכם שכירות פשוט,https://jus-tice.co.il/rental-agreement/,0,1,0,27
הסכם שלום בית דוגמא,https://jus-tice.co.il/wp-content/uploads/2021/03/%D7%A0%D7%95%D7%A1%D7%97-%D7%94%D7%A1%D7%9B%D7%9D-%D7%92%D7%99%D7%A8%D7%95%D7%A9%D7%99%D7%9F-%D7%93%D7%95%D7%92%D7%9E%D7%90-2021.docx,0,2,0,74.5
הסכמה למסירת מידע,https://jus-tice.co.il/wp-content/uploads/2021/05/services_marvad_traffic-offenses-consent-form.pdf,0,1,0,30
הסכמה למסירת מידע מהמרשם הפלילי,https://jus-tice.co.il/wp-content/uploads/2021/05/services_marvad_traffic-offenses-consent-form.pdf,0,2,0,29
הסכמי גירושין דוגמאות,https://jus-tice.co.il/wp-content/uploads/2021/03/%D7%A0%D7%95%D7%A1%D7%97-%D7%94%D7%A1%D7%9B%D7%9D-%D7%92%D7%99%D7%A8%D7%95%D7%A9%D7%99%D7%9F-%D7%93%D7%95%D7%92%D7%9E%D7%90-2021.docx,0,4,0,29.5
הסכמי שכירות,https://jus-tice.co.il/rental-agreement/,0,41,0,44.26829268292683
הסמכה ייפוי כוח מתמשך,https://jus-tice.co.il/continuous-power-of-attorney-israel/,0,3,0,66.66666666666667
הסנגוריה הציבורית,https://jus-tice.co.il/wp-content/uploads/2019/03/hoksangeoriatsiburit.pdf,0,11,0,61.45454545454545
הסניגוריה הציבורית,https://jus-tice.co.il/wp-content/uploads/2019/03/hoksangeoriatsiburit.pdf,0,1,0,58
הסרת מסמכים משפטיים מגוגל,https://jus-tice.co.il/%D7%AA%D7%90-28120-03-18-%D7%A4%D7%9C%D7%95%D7%A0%D7%99-%D7%A0-googel-llc-%D7%95%D7%90%D7%97/,0,1,0,38
הסרת משנע,https://jus-tice.co.il/corona_virus/%D7%94%D7%A0%D7%97%D7%99%D7%95%D7%AA-%D7%9C%D7%94%D7%AA%D7%9E%D7%95%D7%93%D7%93%D7%95%D7%AA-%D7%A2%D7%9D-%D7%A0%D7%92%D7%99%D7%A3-%D7%94%D7%A7%D7%95%D7%A8%D7%95%D7%A0%D7%94-19-covid/,0,3,0,80.66666666666667
הסרת פסקי דין מגוגל,https://jus-tice.co.il/%D7%AA%D7%90-28120-03-18-%D7%A4%D7%9C%D7%95%D7%A0%D7%99-%D7%A0-googel-llc-%D7%95%D7%90%D7%97/,0,21,0,64.66666666666666
הסרת פסקי דין מהאינטרנט,https://jus-tice.co.il/search-engine-optimization/,0,2,0,79.5
העברת כסף לחול לקניית דירה,https://jus-tice.co.il/land-appreciation-tax/,0,2,0,95.5
העדר התייחסות לתלונות של היולדת בדבר כאבים,https://jus-tice.co.il/%D7%A2%D7%95%D7%A8%D7%9A-%D7%93%D7%99%D7%9F-%D7%A8%D7%A9%D7%9C%D7%A0%D7%95%D7%AA-%D7%A8%D7%A4%D7%95%D7%90%D7%99%D7%AA-%D7%91%D7%9C%D7%99%D7%93%D7%94-%D7%9E%D7%95%D7%9E%D7%9C%D7%A5/,0,1,0,28
העורך דין הכי טוב בארץ,https://jus-tice.co.il/chambers-and-partners/,0,1,0,52
העלמת כספים בגירושין,https://jus-tice.co.il/%D7%90%D7%99%D7%96%D7%95%D7%9F-%D7%9E%D7%A9%D7%90%D7%91%D7%99%D7%9D-%D7%9B%D7%A1%D7%A4%D7%99%D7%9D-%D7%94%D7%9E%D7%A6%D7%95%D7%99%D7%99%D7%9D-%D7%91%D7%97%D7%A9%D7%91%D7%95%D7%A0%D7%95%D7%AA-%D7%91%D7%9F-%D7%96%D7%95%D7%92-%D7%94%D7%91%D7%A8%D7%97%D7%AA-%D7%A0%D7%9B%D7%A1%D7%99%D7%9D/,0,20,0,76.15
העלמת כספים בגירושין,https://jus-tice.co.il/strategic-divorce-cost-planning/,0,12,0,73.33333333333333
העסקת עובד,https://jus-tice.co.il/employer-worker-relationship/,0,1,0,77
העסקת עובדים,https://jus-tice.co.il/employer-worker-relationship/,0,1,0,78
הערכאה,https://jus-tice.co.il/the-race-for-jurisdiction-family-law/,0,2,0,81
הפניקס דסק מעסיקים,https://jus-tice.co.il/coronavirus-employers-guide/,0,1,0,43
הפניקס משטרה שיניים,https://jus-tice.co.il/corona_virus/%D7%94%D7%A0%D7%97%D7%99%D7%95%D7%AA-%D7%9C%D7%94%D7%AA%D7%9E%D7%95%D7%93%D7%93%D7%95%D7%AA-%D7%A2%D7%9D-%D7%A0%D7%92%D7%99%D7%A3-%D7%94%D7%A7%D7%95%D7%A8%D7%95%D7%A0%D7%94-19-covid/,0,1,0,76
הפעלת ייפוי כוח מתמשך,https://jus-tice.co.il/continuous-power-of-attorney-israel/,0,23,0,78.21739130434783
הפעלת ייפוי כח מתמשך,https://jus-tice.co.il/continuous-power-of-attorney-israel/,0,1,0,67
הפעלת יפוי כוח מתמשך,https://jus-tice.co.il/continuous-power-of-attorney-israel/,0,2,0,67.5
הפקדת ייפוי כוח מתמשך,https://jus-tice.co.il/continuous-power-of-attorney-israel/,0,32,0,81
הפקדת יפוי כוח מתמשך,https://jus-tice.co.il/continuous-power-of-attorney-israel/,0,3,0,67.66666666666667
הפקדת צ'ק בנק הפועלים,https://jus-tice.co.il/psakdin/%D7%AA%D7%91%D7%99%D7%A2%D7%95%D7%AA-%D7%A8%D7%9B%D7%95%D7%A9%D7%99%D7%95%D7%AA-%D7%94%D7%93%D7%93%D7%99%D7%95%D7%AA-%D7%A9%D7%9C-%D7%91%D7%A0%D7%99-%D7%96%D7%95%D7%92-%D7%9C%D7%A9%D7%A2%D7%91%D7%A8/,0,2,0,87
הפקדת שיק על שם ילד,https://jus-tice.co.il/%D7%A1%D7%9B%D7%A1%D7%95%D7%9A-%D7%91%D7%99%D7%9F-%D7%90%D7%9C%D7%9E%D7%A0%D7%94-%D7%95%D7%99%D7%9C%D7%93%D7%99%D7%94-%D7%95%D7%90%D7%9E%D7%95-%D7%A9%D7%9C-%D7%94%D7%A0%D7%A4%D7%98%D7%A8-%D7%94%D7%A0%D7%95%D7%92%D7%A2%D7%95%D7%AA-%D7%9C%D7%96%D7%9B%D7%95%D7%99%D7%95%D7%AA-%D7%A2%D7%9C-%D7%93%D7%99%D7%A8%D7%94-%D7%AA%D7%9E%D7%A9-7662-07-18/,0,2,0,70.5
הפקדת שיק על שם ילד,https://jus-tice.co.il/2019-2020-major-supreme-court-ruling,0,1,0,81
הפרדה רכושית ללא הסכם ממון,https://jus-tice.co.il/marital-property-agreement/,0,1,0,98
הפרדת חשבונות בנק לפני גירושין,https://jus-tice.co.il/21213-04-18/,0,1,0,41
הפרדת חשבונות בנק לפני גירושין,https://jus-tice.co.il/articles/%D7%94%D7%9C%D7%9B%D7%AA-%D7%A9%D7%99%D7%AA%D7%95%D7%A3-%D7%A1%D7%A4%D7%A6%D7%99%D7%A4%D7%99-%D7%91%D7%93%D7%99%D7%A8%D7%AA-%D7%9E%D7%92%D7%95%D7%A8%D7%99%D7%9D/,0,2,0,72.5
הפרדת חשבונות בנק לפני גירושין,https://jus-tice.co.il/prenuptial-agreement-for-second-marriage/,0,1,0,87
הפרת הסכם גירושין,https://jus-tice.co.il/cancel-a-divorce-settlement-agreement/,0,27,0,52.48148148148148
הפרת הסכם שותפות,https://jus-tice.co.il/changing-or-canceling-a-prenuptial-agreement/,0,1,0,52
הצהרת עורך דין ייפוי כוח מתמשך,https://jus-tice.co.il/continuous-power-of-attorney-israel/,0,1,0,23
הצעת הסדר חדלות פירעון,https://jus-tice.co.il/psakdin/%D7%91%D7%A7%D7%A9%D7%94-%D7%9C%D7%90%D7%99%D7%A9%D7%95%D7%A8-%D7%94%D7%A1%D7%93%D7%A8-%D7%97%D7%95%D7%91-%D7%95%D7%91%D7%A7%D7%A9%D7%95%D7%AA-%D7%9C%D7%9E%D7%AA%D7%9F-%D7%A6%D7%95-%D7%9C%D7%A4%D7%AA/,0,2,0,30
הצעת הסדר נושים,https://jus-tice.co.il/psakdin/%D7%91%D7%A7%D7%A9%D7%94-%D7%9C%D7%90%D7%99%D7%A9%D7%95%D7%A8-%D7%94%D7%A1%D7%93%D7%A8-%D7%97%D7%95%D7%91-%D7%95%D7%91%D7%A7%D7%A9%D7%95%D7%AA-%D7%9C%D7%9E%D7%AA%D7%9F-%D7%A6%D7%95-%D7%9C%D7%A4%D7%AA/,0,1,0,22
הקלטות שיחות,https://jus-tice.co.il/psakdin/%D7%A4%D7%A8%D7%A1%D7%9D-%D7%94%D7%A7%D7%9C%D7%98%D7%95%D7%AA-%D7%9E%D7%9E%D7%A1%D7%9E%D7%9A-%D7%94%D7%A8%D7%A4%D7%96-%D7%A4%D7%A1%D7%93-%D7%94%D7%A2%D7%A8%D7%A2%D7%95%D7%A8/,0,3,0,57
"הקמת חברה בחו""ל",https://jus-tice.co.il/israel-tax-authority/,0,1,0,38
הרב שלמה צרור,https://jus-tice.co.il/%D7%94%D7%97%D7%96%D7%A7%D7%AA-%D7%99%D7%9C%D7%93%D7%99%D7%9D-%D7%9E%D7%A9%D7%9E%D7%95%D7%A8%D7%AA-%D7%9E%D7%A9%D7%95%D7%AA%D7%A4%D7%AA-%D7%91%D7%99%D7%AA-%D7%94%D7%93%D7%99%D7%9F-%D7%94%D7%A8%D7%91%D7%A0%D7%99/,0,8,0,10.375
הרבנות הראשית חיפה גירושין,https://jus-tice.co.il/articles/%D7%94%D7%9C%D7%9B%D7%AA-%D7%A9%D7%99%D7%AA%D7%95%D7%A3-%D7%A1%D7%A4%D7%A6%D7%99%D7%A4%D7%99-%D7%91%D7%93%D7%99%D7%A8%D7%AA-%D7%9E%D7%92%D7%95%D7%A8%D7%99%D7%9D/,0,1,0,63
הרדמה באנגלית,https://jus-tice.co.il/anesthesia-medical-malpractice/,0,2,0,21
הרדמה מקומית תופעות לוואי,https://jus-tice.co.il/anesthesia-medical-malpractice/,0,2,0,63
הרדמה ספינלית תופעות לוואי,https://jus-tice.co.il/anesthesia-medical-malpractice/,0,66,0,19.439393939393938
הרי קירש,https://jus-tice.co.il/%D7%A7%D7%98%D7%92%D7%95%D7%A8%D7%99%D7%95%D7%AA-%D7%9E%D7%90%D7%9E%D7%A8%D7%99%D7%9D/%D7%9E%D7%99%D7%A1%D7%99%D7%9D/,0,1,0,59
הרמת מסך בדיני עבודה,https://jus-tice.co.il/%D7%A4%D7%A1%D7%A7-%D7%93%D7%99%D7%9F-%D7%91%D7%A0%D7%95%D7%A9%D7%90-%D7%94%D7%A8%D7%9E%D7%AA-%D7%9E%D7%A1%D7%9A-%D7%A1%D7%A2%D7%A9-12385-08-16/,0,11,0,38.63636363636363
הרצל גולן,https://jus-tice.co.il/%D7%90%D7%99%D7%A9%D7%95%D7%9D-%D7%94%D7%98%D7%A8%D7%93%D7%95%D7%AA-%D7%A9%D7%9C-%D7%A2%D7%93-%D7%94%D7%9E%D7%93%D7%99%D7%A0%D7%94-%D7%A0%D7%99%D7%A8-%D7%97%D7%A4%D7%A5-%D7%95%D7%A2%D7%93%D7%AA-%D7%94/,0,5,0,18.4
הרשות השופטת פסקי דין,https://jus-tice.co.il/2019-2020-major-supreme-court-ruling,0,4,0,25
הרשות השופטת שופטים,https://jus-tice.co.il/court-judge/,0,1,0,14
הרשות להגנת הצרכן סטטוס תלונה,https://jus-tice.co.il/corona_virus/%D7%94%D7%A0%D7%97%D7%99%D7%95%D7%AA-%D7%9C%D7%94%D7%AA%D7%9E%D7%95%D7%93%D7%93%D7%95%D7%AA-%D7%A2%D7%9D-%D7%A0%D7%92%D7%99%D7%A3-%D7%94%D7%A7%D7%95%D7%A8%D7%95%D7%A0%D7%94-19-covid/,0,1,0,66
הרשות לניירות ערך טלפון,https://jus-tice.co.il/wp-content/uploads/2022/06/06102016_1.pdf,0,6,0,14.166666666666666
הרשות לניירות ערך כתובת,https://jus-tice.co.il/wp-content/uploads/2022/06/06102016_1.pdf,0,1,0,16
הרשעה,https://jus-tice.co.il/psakdin/%D7%A9%D7%99%D7%A2%D7%95%D7%A8%D7%99-%D7%94%D7%A8%D7%A9%D7%A2%D7%94-%D7%95%D7%96%D7%99%D7%9B%D7%95%D7%99-%D7%91%D7%94%D7%9C%D7%99%D7%9B%D7%99%D7%9D-%D7%A4%D7%9C%D7%99%D7%9C%D7%99%D7%99%D7%9D/,0,6,0,51.166666666666664
הרשעה פירוש,https://jus-tice.co.il/psakdin/%D7%A9%D7%99%D7%A2%D7%95%D7%A8%D7%99-%D7%94%D7%A8%D7%A9%D7%A2%D7%94-%D7%95%D7%96%D7%99%D7%9B%D7%95%D7%99-%D7%91%D7%94%D7%9C%D7%99%D7%9B%D7%99%D7%9D-%D7%A4%D7%9C%D7%99%D7%9C%D7%99%D7%99%D7%9D/,0,2,0,32.5
הרשעות,https://jus-tice.co.il/psakdin/%D7%A9%D7%99%D7%A2%D7%95%D7%A8%D7%99-%D7%94%D7%A8%D7%A9%D7%A2%D7%94-%D7%95%D7%96%D7%99%D7%9B%D7%95%D7%99-%D7%91%D7%94%D7%9C%D7%99%D7%9B%D7%99%D7%9D-%D7%A4%D7%9C%D7%99%D7%9C%D7%99%D7%99%D7%9D/,0,1,0,32
השבת רכוש מרומניה,https://jus-tice.co.il/wp-content/uploads/2023/05/%D7%A2%D7%95%D7%A8%D7%9A-%D7%93%D7%99%D7%9F-%D7%94%D7%A9%D7%91%D7%AA-%D7%A8%D7%9B%D7%95%D7%A9-%D7%99%D7%94%D7%95%D7%93%D7%99-%D7%A8%D7%95%D7%9E%D7%A0%D7%99%D7%94.pdf,0,49,0,16.89795918367347
השופט,https://jus-tice.co.il/court-judge/,0,1,0,20
השופט אבי סתיו,https://jus-tice.co.il/court-judge/,0,1,0,29
השופט אביגדור דורות,https://jus-tice.co.il/%D7%94%D7%97%D7%9C%D7%98%D7%94-%D7%91%D7%AA%D7%99%D7%A7-%D7%97%D7%93%D7%9C%D7%95%D7%AA-%D7%A4%D7%99%D7%A8%D7%A2%D7%95%D7%9F-%D7%A9%D7%9C-%D7%97%D7%91%D7%A8%D7%AA-%D7%A1%D7%98%D7%95%D7%93%D7%99%D7%95-c/,0,3,0,9.666666666666666
השופט אביים ברקאי,https://jus-tice.co.il/%D7%A7%D7%98%D7%92%D7%95%D7%A8%D7%99%D7%95%D7%AA-%D7%9E%D7%90%D7%9E%D7%A8%D7%99%D7%9D/%D7%9C%D7%A9%D7%95%D7%9F-%D7%94%D7%A8%D7%A2/,0,1,0,77
השופט אילן איטח,https://jus-tice.co.il/decision13759-08-21/,0,2,0,27
השופט ארז שני,https://jus-tice.co.il/%D7%94%D7%A9%D7%95%D7%A4%D7%98-%D7%90%D7%A8%D7%96-%D7%A9%D7%A0%D7%99-%D7%A4%D7%A1%D7%93-%D7%91%D7%AA%D7%91%D7%99%D7%A2%D7%AA-%D7%90%D7%91-%D7%9C%D7%9E%D7%A9%D7%9E%D7%95%D7%A8%D7%AA-%D7%95%D7%97%D7%9C%D7%95%D7%A7%D7%AA-%D7%96%D7%9E%D7%A0%D7%99-%D7%A9%D7%94%D7%95%D7%AA-%D7%A9%D7%95%D7%95%D7%99%D7%9D-%D7%AA%D7%9C%D7%94%D7%9E-64033-06-21/,0,1,0,10
השופט אריאל ממן,https://jus-tice.co.il/%D7%94%D7%A9%D7%95%D7%A4%D7%98-%D7%90%D7%A8%D7%99%D7%90%D7%9C-%D7%9E%D7%9E%D7%9F-%D7%94%D7%97%D7%9C%D7%98%D7%94-%D7%9C%D7%9E%D7%AA%D7%9F-%D7%A6%D7%95-%D7%94%D7%92%D7%A0%D7%94-%D7%9C%D7%9E%D7%A0%D7%99%D7%A2%D7%AA-%D7%90%D7%9C%D7%99%D7%9E%D7%95%D7%AA-%D7%91%D7%9E%D7%A9%D7%A4%D7%97%D7%94-%D7%94%D7%98-40857-03-22/,0,5,0,27.8
השופט גיא שני,https://jus-tice.co.il/court-judge/,0,1,0,30
השופט טל פרי,https://jus-tice.co.il/court-judge/,0,1,0,33
השופט מגן אלטוביה,https://jus-tice.co.il/%D7%91%D7%99%D7%98%D7%95%D7%9C-%D7%94%D7%A1%D7%9B%D7%9D-%D7%9E%D7%99%D7%96%D7%95%D7%92-%D7%AA%D7%90-4528-01-16/,0,1,0,30
השופט מוחמד עלי,https://jus-tice.co.il/court-judge/,0,1,0,71
השופט מוטי פירר,https://jus-tice.co.il/court-judge/,0,1,0,13
השופט ערן גלברד,https://jus-tice.co.il/court-judge/,0,1,0,28
השופט צבי פרנקל,https://jus-tice.co.il/wp-content/uploads/2019/03/%D7%91%D7%99%D7%94%D7%93-%D7%94%D7%90%D7%99%D7%96%D7%95%D7%A8%D7%99-%D7%9C%D7%A2%D7%91%D7%95%D7%93%D7%94-%D7%91%D7%A9-%D7%A9-%D7%A6%D7%91%D7%99-%D7%A4%D7%A8%D7%A0%D7%A7%D7%9C-%D7%A4%D7%A1%D7%93-%D7%91%D7%A0%D7%95%D7%A9%D7%90-%D7%9E%D7%99%D7%A7%D7%A8%D7%95%D7%98%D7%A8%D7%90%D7%95%D7%9E%D7%94-%D7%91%D7%A2%D7%91%D7%95%D7%93%D7%94-%D7%A9%D7%94%D7%AA%D7%A0%D7%94%D7%9C%D7%94-%D7%A2%D7%9C-%D7%A4%D7%A0%D7%99-%D7%97%D7%93%D7%A9%D7%99%D7%9D-%D7%A1%D7%A4%D7%95%D7%A8%D7%99%D7%9D-%D7%91%D7%9C%D7%91%D7%93.pdf,0,1,0,21
השופט קייס נאשף,https://jus-tice.co.il/court-judge/,0,1,0,8
השופט שאול שוחט,https://jus-tice.co.il/44688-10-22/,0,1,0,45
השופטים בבית המשפט העליון,https://jus-tice.co.il/court-judge/,0,1,0,52
השופטת,https://jus-tice.co.il/court-judge/,0,2,0,26.5
השופטת אפרת ונקרט,https://jus-tice.co.il/18744-11-18/,0,1,0,41
השופטת אפרת לקסר,https://jus-tice.co.il/wp-content/uploads/2019/03/%D7%91%D7%99%D7%94%D7%93-%D7%94%D7%90%D7%96%D7%95%D7%A8%D7%99-%D7%9C%D7%A2%D7%91%D7%95%D7%93%D7%94-%D7%91%D7%AA%D7%90-%D7%94%D7%A0%D7%A9%D7%99%D7%90%D7%94-%D7%90%D7%A4%D7%A8%D7%AA-%D7%9C%D7%A7%D7%A1%D7%A8-%D7%94%D7%97%D7%9C%D7%98%D7%94-%D7%91%D7%A0%D7%95%D7%A9%D7%90-%D7%9E%D7%A2%D7%91%D7%A8%D7%99-%D7%94%D7%92%D7%91%D7%95%D7%9C.pdf,0,1,0,24
השופטת הילה כהן,https://jus-tice.co.il/robert-stephan-cohen/,0,1,0,58
השופטת יפעת מישורי,https://jus-tice.co.il/court-judge/,0,1,0,4
השופטת מיכל ברגר בלום,https://jus-tice.co.il/psakdin/%D7%A4%D7%A1%D7%93-%D7%91%D7%91%D7%A7%D7%A9%D7%94-%D7%9C%D7%94%D7%A2%D7%91%D7%A8%D7%AA-%D7%94%D7%9E%D7%A9%D7%9E%D7%95%D7%A8%D7%AA-%D7%90%D7%9C-%D7%94%D7%90%D7%91-%D7%95%D7%A8%D7%99%D7%A9%D7%95%D7%9D/,0,6,0,10
השחקנים בשולחן לחמישה,https://jus-tice.co.il/psakdin/%D7%94%D7%98%D7%99%D7%A4%D7%95%D7%9C-%D7%91%D7%A0%D7%A4%D7%92%D7%A2%D7%99-%D7%A2%D7%91%D7%99%D7%A8%D7%95%D7%AA-%D7%9E%D7%99%D7%9F-%D7%91%D7%94%D7%9C%D7%99%D7%9A-%D7%94%D7%A4%D7%9C%D7%99%D7%9C%D7%99/,0,1,0,53
השחתת הבית על ידי הגרושה על מנת להפחית מערכו,https://jus-tice.co.il/damages-claim-husband-ketubah-obligation/,0,2,0,23.5
השלכות מס לתושב חוזר,https://jus-tice.co.il/returning-resident-rights-determining-tax-rate/,0,10,0,38.1
השמה לעורכי דין,https://jus-tice.co.il/%D7%99%D7%99%D7%A2%D7%95%D7%A5-%D7%9E%D7%A9%D7%A4%D7%98%D7%99-%D7%90%D7%90%D7%95%D7%98%D7%A1%D7%95%D7%A8%D7%A1%D7%99%D7%A0%D7%92-%D7%91%D7%99%D7%A0%D7%9C%D7%90%D7%95%D7%9E%D7%99-jus-tice-%D7%9E%D7%A9%D7%A8%D7%95%D7%AA-%D7%A2%D7%95%D7%A8%D7%9B%D7%99-%D7%93%D7%99%D7%9F/,0,2,0,16.5
השמה עורכי דין,https://jus-tice.co.il/%D7%99%D7%99%D7%A2%D7%95%D7%A5-%D7%9E%D7%A9%D7%A4%D7%98%D7%99-%D7%90%D7%90%D7%95%D7%98%D7%A1%D7%95%D7%A8%D7%A1%D7%99%D7%A0%D7%92-%D7%91%D7%99%D7%A0%D7%9C%D7%90%D7%95%D7%9E%D7%99-jus-tice-%D7%9E%D7%A9%D7%A8%D7%95%D7%AA-%D7%A2%D7%95%D7%A8%D7%9B%D7%99-%D7%93%D7%99%D7%9F/,0,3,0,16.333333333333336
השמת עורכי דין בכירים,https://jus-tice.co.il/%D7%99%D7%99%D7%A2%D7%95%D7%A5-%D7%9E%D7%A9%D7%A4%D7%98%D7%99-%D7%90%D7%90%D7%95%D7%98%D7%A1%D7%95%D7%A8%D7%A1%D7%99%D7%A0%D7%92-%D7%91%D7%99%D7%A0%D7%9C%D7%90%D7%95%D7%9E%D7%99-jus-tice-%D7%9E%D7%A9%D7%A8%D7%95%D7%AA-%D7%A2%D7%95%D7%A8%D7%9B%D7%99-%D7%93%D7%99%D7%9F/,0,17,0,9.647058823529411
השפעה בלתי הוגנת בצוואה,https://jus-tice.co.il/psakdin/%D7%94%D7%AA%D7%A0%D7%92%D7%93%D7%95%D7%AA-%D7%9C%D7%A6%D7%95%D7%95%D7%90%D7%94-%D7%91%D7%A9%D7%9C-%D7%94%D7%A9%D7%A4%D7%A2%D7%94-%D7%91%D7%9C%D7%AA%D7%99-%D7%94%D7%95%D7%92%D7%A0%D7%AA/,0,3,0,63.333333333333336
השקעה בבתים בגרמניה,https://jus-tice.co.il/vonovia/,0,4,0,44.25
השקעה בפורטו,https://jus-tice.co.il/portugal-overview-real-estate/,0,4,0,90.25
השקעות משפטיות,https://jus-tice.co.il/psakdin/,0,2,0,26
"השקעות נדל""ן בפורטוגל",https://jus-tice.co.il/portugal-overview-real-estate/,0,4,0,65.5
השקעות נדלן באוסטריה,https://jus-tice.co.il/vonovia/,0,1,0,69
השקעות ערך אסף נתן,https://jus-tice.co.il/psakdin/%D7%A4%D7%A1%D7%A7-%D7%93%D7%99%D7%9F-%D7%91%D7%AA%D7%91%D7%99%D7%A2%D7%94-%D7%9C%D7%97%D7%99%D7%95%D7%91-%D7%99%D7%95%D7%A2%D7%A5-%D7%94%D7%A9%D7%A7%D7%A2%D7%95%D7%AA-%D7%91%D7%92%D7%99%D7%9F-%D7%A0%D7%96%D7%A7/,0,1,0,63
השתק פלוגתא לא הדדי הגנתי דוגמה,https://jus-tice.co.il/articles/%D7%94%D7%90%D7%9D-%D7%9C%D7%A0%D7%A6%D7%99%D7%91-%D7%A9%D7%99%D7%A8%D7%95%D7%AA-%D7%94%D7%9E%D7%93%D7%99%D7%A0%D7%94-%D7%99%D7%A9-%D7%A1%D7%9E%D7%9B%D7%95%D7%AA-%D7%9C%D7%97%D7%AA%D7%95%D7%9D-%D7%A2/,0,1,0,49
התייעצות משפטית,https://jus-tice.co.il/,0,1,0,25
התייעצות עם עורך דין,https://jus-tice.co.il/,0,26,0,36.96153846153846
התייעצות עם עורך דין,https://jus-tice.co.il/lawyer-referral-service/,0,4,0,98.75
התייעצות עם עורך דין בחינם,https://jus-tice.co.il/,0,1,0,51
התייעצות עם עורך דין חינם,https://jus-tice.co.il/,0,1,0,38
התייעצות עם עורך דין לענייני עבודה,https://jus-tice.co.il/labor-lawyer/,0,4,0,42.75
התיישנות בקשה לביטול צו קיום צוואה,https://jus-tice.co.il/articles/%D7%AA%D7%A2-45543-11-21-%D7%91%D7%A7%D7%A9%D7%94-%D7%9C%D7%91%D7%99%D7%98%D7%95%D7%9C-%D7%A6%D7%95-%D7%A7%D7%99%D7%95%D7%9D-%D7%A6%D7%95%D7%95%D7%90%D7%94-%D7%9C%D7%90%D7%97%D7%A8-%D7%92%D7%99/,0,1,0,72
התכנון והבניה,https://jus-tice.co.il/construction-law/,0,1,0,25
התליית רישיון רופא,https://jus-tice.co.il/wp-content/uploads/2020/02/%D7%94%D7%AA%D7%9C%D7%99%D7%99%D7%AA-%D7%A9%D7%9C%D7%99%D7%9C%D7%AA-%D7%A8%D7%A9%D7%99%D7%95%D7%A0%D7%95%D7%AA-%D7%9E%D7%A9%D7%A8%D7%93-%D7%94%D7%91%D7%A8%D7%99%D7%90%D7%95%D7%AA.pdf,0,4,0,8.5
התמודדות עם צו הסגירה,https://jus-tice.co.il/psakdin/%D7%91%D7%99%D7%98%D7%95%D7%9C-%D7%A6%D7%95-%D7%A1%D7%92%D7%99%D7%A8%D7%94-%D7%9C%D7%A2%D7%A1%D7%A7-%D7%9C%D7%A4%D7%99-%D7%A1%D7%A2%D7%99%D7%A3-22%D7%91-%D7%9C%D7%97%D7%95%D7%A7-%D7%A8%D7%99%D7%A9/,0,2,0,22
התמחרות דירה,https://jus-tice.co.il/%D7%AA%D7%99%D7%A7-916847/5-%D7%91%D7%91%D7%99%D7%AA-%D7%94%D7%93%D7%99%D7%9F-%D7%94%D7%A8%D7%91%D7%A0%D7%99-%D7%94%D7%90%D7%96%D7%95%D7%A8%D7%99-%D7%90%D7%A9%D7%93%D7%95%D7%93/,0,2,0,22
התנגדות למינוי מנהל עזבון,https://jus-tice.co.il/%D7%A4%D7%A1%D7%93-%D7%A9%D7%A2%D7%A0%D7%99%D7%99%D7%A0%D7%95-%D7%9E%D7%99%D7%A0%D7%95%D7%99-%D7%9E%D7%A0%D7%94%D7%9C-%D7%A2%D7%99%D7%96%D7%91%D7%95%D7%9F-%D7%96%D7%9E%D7%A0%D7%99-%D7%91%D7%9E%D7%A7%D7%95%D7%9D-%D7%A7%D7%91%D7%95%D7%A2-%D7%A2%D7%9E%D7%A9-48305-12-21/,0,1,0,59
התנגדות לצוואה בגין השפעה בלתי הוגנת,https://jus-tice.co.il/psakdin/%D7%94%D7%AA%D7%A0%D7%92%D7%93%D7%95%D7%AA-%D7%9C%D7%A6%D7%95%D7%95%D7%90%D7%94-%D7%91%D7%A9%D7%9C-%D7%94%D7%A9%D7%A4%D7%A2%D7%94-%D7%91%D7%9C%D7%AA%D7%99-%D7%94%D7%95%D7%92%D7%A0%D7%AA/,0,3,0,34
התנגדות לצוואה בעדים,https://jus-tice.co.il/psakdin/%D7%91%D7%99%D7%98%D7%95%D7%9C-%D7%A6%D7%95%D7%95%D7%90%D7%94-%D7%9E%D7%90%D7%95%D7%97%D7%A8%D7%AA-%D7%91%D7%A9%D7%9C-%D7%94%D7%A9%D7%A4%D7%A2%D7%94-%D7%91%D7%9C%D7%AA%D7%99-%D7%94%D7%95%D7%92%D7%A0/,0,1,0,69
התנגדות לצוואה השפעה בלתי הוגנת,https://jus-tice.co.il/psakdin/%D7%94%D7%AA%D7%A0%D7%92%D7%93%D7%95%D7%AA-%D7%9C%D7%A6%D7%95%D7%95%D7%90%D7%94-%D7%91%D7%A9%D7%9C-%D7%94%D7%A9%D7%A4%D7%A2%D7%94-%D7%91%D7%9C%D7%AA%D7%99-%D7%94%D7%95%D7%92%D7%A0%D7%AA/,0,111,0,29.90990990990991
התנגדות לצוואה שלא במועד דחיית תביעה,https://jus-tice.co.il/psakdin/%D7%94%D7%AA%D7%A0%D7%92%D7%93%D7%95%D7%AA-%D7%9C%D7%A6%D7%95%D7%95%D7%90%D7%94-%D7%91%D7%A9%D7%9C-%D7%94%D7%A9%D7%A4%D7%A2%D7%94-%D7%91%D7%9C%D7%AA%D7%99-%D7%94%D7%95%D7%92%D7%A0%D7%AA/,0,2,0,19
התקנת נט המשפט,https://jus-tice.co.il/wp-content/uploads/2019/03/%D7%91%D7%99%D7%94%D7%93-%D7%94%D7%90%D7%A8%D7%A6%D7%99-%D7%9C%D7%A2%D7%91%D7%95%D7%93%D7%94-%D7%A9-%D7%92%D7%9C%D7%99%D7%A7%D7%A1%D7%9E%D7%9F-%D7%94%D7%9E%D7%A6%D7%90%D7%AA-%D7%9B%D7%AA%D7%91%D7%99-%D7%91%D7%99-%D7%93%D7%99%D7%9F-%D7%91%D7%90%D7%9E%D7%A6%D7%A2%D7%95%D7%AA-%D7%A0%D7%98-%D7%94%D7%9E%D7%A9%D7%A4%D7%98.pdf,0,9,0,52.333333333333336
התקשיר,https://jus-tice.co.il/articles/%D7%94%D7%90%D7%9D-%D7%9C%D7%A0%D7%A6%D7%99%D7%91-%D7%A9%D7%99%D7%A8%D7%95%D7%AA-%D7%94%D7%9E%D7%93%D7%99%D7%A0%D7%94-%D7%99%D7%A9-%D7%A1%D7%9E%D7%9B%D7%95%D7%AA-%D7%9C%D7%97%D7%AA%D7%95%D7%9D-%D7%A2/,0,1,0,50
ודאד יונס גנאים,https://jus-tice.co.il/psakdin/page/3/,0,1,0,59
ודאד יונס גנאים,https://jus-tice.co.il/psakdin/page/4/,0,1,0,31
ויתור מזונות ילדים,https://jus-tice.co.il/%D7%9E%D7%97%D7%A9%D7%91%D7%95%D7%9F-%D7%9E%D7%96%D7%95%D7%A0%D7%95%D7%AA-%D7%99%D7%9C%D7%93%D7%99%D7%9D/,0,9,0,43.22222222222222
ועדת אתיקה חוק זכויות החולה קפות חולים,https://jus-tice.co.il/wp-content/uploads/2023/01/Zchuyot_01.pdf,0,1,0,50
ועדת שניט חזקת הגיל הרך,https://jus-tice.co.il/%D7%94%D7%97%D7%96%D7%A7%D7%AA-%D7%99%D7%9C%D7%93%D7%99%D7%9D-%D7%9E%D7%A9%D7%9E%D7%95%D7%A8%D7%AA-%D7%9E%D7%A9%D7%95%D7%AA%D7%A4%D7%AA-%D7%91%D7%99%D7%AA-%D7%94%D7%93%D7%99%D7%9F-%D7%94%D7%A8%D7%91%D7%A0%D7%99/,0,1,0,89
ורד פיליכובסקי,https://jus-tice.co.il/wp-content/uploads/2022/06/06102016_1.pdf,0,1,0,60
ורד ריקנטי רוסהר,https://jus-tice.co.il/court-judge/,0,1,0,131
זאב גורודצקי,https://jus-tice.co.il/psakdin/page/3/,0,1,0,68
זאב הנדזל,https://jus-tice.co.il/decision13759-08-21/,0,1,0,49
זכויות אישה שבעלה עזב את הבית,https://jus-tice.co.il/%D7%90%D7%97%D7%A8%D7%99%D7%95%D7%AA-%D7%94%D7%91%D7%A2%D7%9C-%D7%9C%D7%97%D7%95%D7%91%D7%95%D7%AA-%D7%90%D7%A9%D7%AA%D7%95-%D7%A2%D7%9C-%D7%A4%D7%99-%D7%93%D7%99%D7%9F-%D7%AA%D7%95%D7%A8%D7%94-%D7%95%D7%A2%D7%9C-%D7%A4%D7%99-%D7%97%D7%95%D7%A7-%D7%99%D7%97%D7%A1%D7%99-%D7%9E%D7%9E%D7%95%D7%9F-%D7%96%D7%9B%D7%95%D7%99%D7%95%D7%AA-%D7%95%D7%97%D7%95%D7%91%D7%95%D7%AA-%D7%91%D7%9E%D7%A2%D7%A8%D7%9B%D7%AA-%D7%99%D7%97%D7%A1%D7%99%D7%9D-%D7%A9%D7%91%D7%94-%D7%94%D7%90%D7%99%D7%A9%D7%94-%D7%94%D7%99%D7%90-%D7%94%D7%9E%D7%A4%D7%A8%D7%A0%D7%A1%D7%AA/,0,1,0,71
זכויות דיירים בשכירות,https://jus-tice.co.il/rental-agreement/,0,1,0,69
זכויות השוכר,https://jus-tice.co.il/rental-agreement/,0,1,0,46
זכויות נפגעי עבירה בהליך הפלילי,https://jus-tice.co.il/psakdin/%D7%94%D7%98%D7%99%D7%A4%D7%95%D7%9C-%D7%91%D7%A0%D7%A4%D7%92%D7%A2%D7%99-%D7%A2%D7%91%D7%99%D7%A8%D7%95%D7%AA-%D7%9E%D7%99%D7%9F-%D7%91%D7%94%D7%9C%D7%99%D7%9A-%D7%94%D7%A4%D7%9C%D7%99%D7%9C%D7%99/,0,1,0,19
זכויות עובדים ייעוץ חינם,https://jus-tice.co.il/,0,6,0,84.83333333333333
זכויות פרילנסר,https://jus-tice.co.il/self-employed-and-freelancer/,0,2,0,71.5
זכויות של שוכר דירה,https://jus-tice.co.il/rental-agreement/,0,1,0,47
זכויות תושב חוזר ותיק ביטוח לאומי,https://jus-tice.co.il/returning-resident-rights-determining-tax-rate/,0,1,0,62
זכויות תושב חוזר מכס,https://jus-tice.co.il/israel-tax-authority/,0,1,0,34
זכויות תושב חוזר קניית רכב בארץ,https://jus-tice.co.il/returning-resident-rights-determining-tax-rate/,0,1,0,37
זכיות שוכר,https://jus-tice.co.il/rental-agreement/,0,5,0,38.6
זרה חוות דעת,https://jus-tice.co.il/foreign-legal-opinion/,0,4,0,13.25
"חברה להשקעות נדל""ן בפורטוגל",https://jus-tice.co.il/portugal-homes/,0,1,0,22
חברה לניהול נכסים בפורטוגל,https://jus-tice.co.il/portugal-homes/,0,14,0,54.285714285714285
"חברה לקידום אתרים באינטרנט,-,,44",https://jus-tice.co.il/search-engine-optimization/,0,5,0,86
"חברה לקידום אתרים בגוגל,-,,53",https://jus-tice.co.il/%D7%AA%D7%90-28120-03-18-%D7%A4%D7%9C%D7%95%D7%A0%D7%99-%D7%A0-googel-llc-%D7%95%D7%90%D7%97/,0,3,0,83
"חברה לקידום אתרים בחיפה,-,,61",https://jus-tice.co.il/psakdin/,0,12,0,81.66666666666667
חברה קבלנית,https://jus-tice.co.il/articles/%D7%9E%D7%93%D7%A8%D7%99%D7%9A-2025-%D7%9E%D7%94-%D7%97%D7%A9%D7%95%D7%91-%D7%9C%D7%9B%D7%9C%D7%95%D7%9C-%D7%91%D7%97%D7%95%D7%96%D7%94-%D7%9E%D7%95%D7%9C-%D7%A7%D7%91%D7%9C%D7%9F-%D7%91%D7%A8%D7%9B/,0,1,0,2
חברות השמה עורכי דין,https://jus-tice.co.il/%D7%99%D7%99%D7%A2%D7%95%D7%A5-%D7%9E%D7%A9%D7%A4%D7%98%D7%99-%D7%90%D7%90%D7%95%D7%98%D7%A1%D7%95%D7%A8%D7%A1%D7%99%D7%A0%D7%92-%D7%91%D7%99%D7%A0%D7%9C%D7%90%D7%95%D7%9E%D7%99-jus-tice-%D7%9E%D7%A9%D7%A8%D7%95%D7%AA-%D7%A2%D7%95%D7%A8%D7%9B%D7%99-%D7%93%D7%99%D7%9F/,0,2,0,20
חברת isa,https://jus-tice.co.il/wp-content/uploads/2022/06/06102016_1.pdf,0,1,0,99
"חברת seo,-,,85",https://jus-tice.co.il/search-engine-optimization/,0,4,0,39.75
חברת הביטוח שלחה חוקר פרטי,https://jus-tice.co.il/%D7%AA%D7%90-48441-01-15-%D7%A4%D7%9C%D7%95%D7%A0%D7%99-%D7%A0%D7%92%D7%93-%D7%9E%D7%92%D7%93%D7%9C-%D7%97%D7%91%D7%A8%D7%94-%D7%9C%D7%91%D7%99%D7%98%D7%95%D7%97/,0,2,0,86
חגית מטלין,https://jus-tice.co.il/21213-04-18/,0,1,0,171
חגית מטלין,https://jus-tice.co.il/kl-gates/,0,1,0,98
חדלות פירעון חברה,https://jus-tice.co.il/insolvency/,0,1,0,68
חדלות פירעון לעסקים במרכז,https://jus-tice.co.il/insolvency/,0,3,0,32.66666666666667
חדלות פירעון של חברה,https://jus-tice.co.il/insolvency/,0,1,0,83
חדלות פירעון של לקוח,https://jus-tice.co.il/insolvency/,0,10,0,47.1
חדשות היום פלילי,https://jus-tice.co.il/%D7%97%D7%93%D7%A9%D7%95%D7%AA-%D7%A4%D7%9C%D7%99%D7%9C%D7%99-%D7%9E%D7%AA%D7%A2%D7%93%D7%9B%D7%9F/,0,2,0,55.5
חדשות וינט פלילי,https://jus-tice.co.il/psakdin/%D7%94%D7%98%D7%99%D7%A4%D7%95%D7%9C-%D7%91%D7%A0%D7%A4%D7%92%D7%A2%D7%99-%D7%A2%D7%91%D7%99%D7%A8%D7%95%D7%AA-%D7%9E%D7%99%D7%9F-%D7%91%D7%94%D7%9C%D7%99%D7%9A-%D7%94%D7%A4%D7%9C%D7%99%D7%9C%D7%99/,0,1,0,36
חדשות פלילי,https://jus-tice.co.il/%D7%97%D7%93%D7%A9%D7%95%D7%AA-%D7%A4%D7%9C%D7%99%D7%9C%D7%99-%D7%9E%D7%AA%D7%A2%D7%93%D7%9B%D7%9F/,0,28,0,42.642857142857146
חדשות פלילים היום,https://jus-tice.co.il/%D7%97%D7%93%D7%A9%D7%95%D7%AA-%D7%A4%D7%9C%D7%99%D7%9C%D7%99-%D7%9E%D7%AA%D7%A2%D7%93%D7%9B%D7%9F/,0,1,0,67
חובות הבעל לאשתו,https://jus-tice.co.il/%D7%90%D7%97%D7%A8%D7%99%D7%95%D7%AA-%D7%94%D7%91%D7%A2%D7%9C-%D7%9C%D7%97%D7%95%D7%91%D7%95%D7%AA-%D7%90%D7%A9%D7%AA%D7%95-%D7%A2%D7%9C-%D7%A4%D7%99-%D7%93%D7%99%D7%9F-%D7%AA%D7%95%D7%A8%D7%94-%D7%95%D7%A2%D7%9C-%D7%A4%D7%99-%D7%97%D7%95%D7%A7-%D7%99%D7%97%D7%A1%D7%99-%D7%9E%D7%9E%D7%95%D7%9F-%D7%96%D7%9B%D7%95%D7%99%D7%95%D7%AA-%D7%95%D7%97%D7%95%D7%91%D7%95%D7%AA-%D7%91%D7%9E%D7%A2%D7%A8%D7%9B%D7%AA-%D7%99%D7%97%D7%A1%D7%99%D7%9D-%D7%A9%D7%91%D7%94-%D7%94%D7%90%D7%99%D7%A9%D7%94-%D7%94%D7%99%D7%90-%D7%94%D7%9E%D7%A4%D7%A8%D7%A0%D7%A1%D7%AA/,0,2,0,70
חוברת נוסחי אישום,https://jus-tice.co.il/wp-content/uploads/2020/01/hana_v9.32.88s.pdf,0,3,0,9
חובת עורך דין להליך kyc,https://jus-tice.co.il/,0,1,0,57
"חוות דעת דין זר בארה""ב",https://jus-tice.co.il/foreign-legal-opinion/,0,2,0,24.5
חוות דעת דין זר קנדה,https://jus-tice.co.il/foreign-legal-opinion/,0,5,0,62.6
חוות דעת משפטית לדוגמא,https://jus-tice.co.il/2019-2020-major-supreme-court-ruling,0,3,0,45
חוות דעת על עורכי דין,https://jus-tice.co.il/,0,1,0,10
חוות+דעת+משפטית+נדל״ן,https://jus-tice.co.il/foreign-legal-opinion/,0,2,0,67.5
חוזה 587,https://jus-tice.co.il/articles/%D7%94%D7%90%D7%9D-%D7%9C%D7%A0%D7%A6%D7%99%D7%91-%D7%A9%D7%99%D7%A8%D7%95%D7%AA-%D7%94%D7%9E%D7%93%D7%99%D7%A0%D7%94-%D7%99%D7%A9-%D7%A1%D7%9E%D7%9B%D7%95%D7%AA-%D7%9C%D7%97%D7%AA%D7%95%D7%9D-%D7%A2/,0,2,0,32.5
חוזה אישי בשירות המדינה,https://jus-tice.co.il/articles/%D7%94%D7%90%D7%9D-%D7%9C%D7%A0%D7%A6%D7%99%D7%91-%D7%A9%D7%99%D7%A8%D7%95%D7%AA-%D7%94%D7%9E%D7%93%D7%99%D7%A0%D7%94-%D7%99%D7%A9-%D7%A1%D7%9E%D7%9B%D7%95%D7%AA-%D7%9C%D7%97%D7%AA%D7%95%D7%9D-%D7%A2/,0,1,0,27
חוזה אקדמאים 587,https://jus-tice.co.il/articles/%D7%94%D7%90%D7%9D-%D7%9C%D7%A0%D7%A6%D7%99%D7%91-%D7%A9%D7%99%D7%A8%D7%95%D7%AA-%D7%94%D7%9E%D7%93%D7%99%D7%A0%D7%94-%D7%99%D7%A9-%D7%A1%D7%9E%D7%9B%D7%95%D7%AA-%D7%9C%D7%97%D7%AA%D7%95%D7%9D-%D7%A2/,0,1,0,54
חוזה בנייה עם קבלן,https://jus-tice.co.il/articles/%D7%9E%D7%93%D7%A8%D7%99%D7%9A-2025-%D7%9E%D7%94-%D7%97%D7%A9%D7%95%D7%91-%D7%9C%D7%9B%D7%9C%D7%95%D7%9C-%D7%91%D7%97%D7%95%D7%96%D7%94-%D7%9E%D7%95%D7%9C-%D7%A7%D7%91%D7%9C%D7%9F-%D7%91%D7%A8%D7%9B/,0,2,0,50
חוזה גירושין לדוגמא,https://jus-tice.co.il/wp-content/uploads/2021/03/%D7%A0%D7%95%D7%A1%D7%97-%D7%94%D7%A1%D7%9B%D7%9D-%D7%92%D7%99%D7%A8%D7%95%D7%A9%D7%99%D7%9F-%D7%93%D7%95%D7%92%D7%9E%D7%90-2021.docx,0,1,0,65
חוזה דירה,https://jus-tice.co.il/rental-agreement/,0,1,0,45
חוזה השכרת דירה,https://jus-tice.co.il/rental-agreement/,0,2,0,81
חוזה השכרת קרקע חקלאית,https://jus-tice.co.il/rental-agreement/,0,2,0,80
חוזה השכרת רכב,https://jus-tice.co.il/rental-agreement/,0,46,0,42.869565217391305
חוזה חכירה מה זה,https://jus-tice.co.il/rental-agreement/,0,2,0,89.5
חוזה לדירה להשכרה,https://jus-tice.co.il/rental-agreement/,0,1,0,32
חוזה לשכירות,https://jus-tice.co.il/rental-agreement/,0,1,0,65
חוזה לשכר דירה,https://jus-tice.co.il/rental-agreement/,0,1,0,67
חוזה מול קבלן,https://jus-tice.co.il/articles/%D7%9E%D7%93%D7%A8%D7%99%D7%9A-2025-%D7%9E%D7%94-%D7%97%D7%A9%D7%95%D7%91-%D7%9C%D7%9B%D7%9C%D7%95%D7%9C-%D7%91%D7%97%D7%95%D7%96%D7%94-%D7%9E%D7%95%D7%9C-%D7%A7%D7%91%D7%9C%D7%9F-%D7%91%D7%A8%D7%9B/,0,4,0,25.25
חוזה מומחים בשירות המדינה,https://jus-tice.co.il/articles/%D7%94%D7%90%D7%9D-%D7%9C%D7%A0%D7%A6%D7%99%D7%91-%D7%A9%D7%99%D7%A8%D7%95%D7%AA-%D7%94%D7%9E%D7%93%D7%99%D7%A0%D7%94-%D7%99%D7%A9-%D7%A1%D7%9E%D7%9B%D7%95%D7%AA-%D7%9C%D7%97%D7%AA%D7%95%D7%9D-%D7%A2/,0,1,0,34
חוזה ניהול נכסים,https://jus-tice.co.il/rental-agreement/,0,6,0,43.666666666666664
חוזה עבודה פרילנסר,https://jus-tice.co.il/articles/%D7%9B%D7%99%D7%A6%D7%93-%D7%9C%D7%A9%D7%9B%D7%95%D7%A8-%D7%9E%D7%A4%D7%AA%D7%97-%D7%90%D7%AA%D7%A8%D7%99%D7%9D/,0,1,0,96
חוזה עסקי,https://jus-tice.co.il/how-contracts-can-protect-you-and-your-business/,0,5,0,26.8
חוזה רכישה מקבלן,https://jus-tice.co.il/articles/%D7%9E%D7%93%D7%A8%D7%99%D7%9A-2025-%D7%9E%D7%94-%D7%97%D7%A9%D7%95%D7%91-%D7%9C%D7%9B%D7%9C%D7%95%D7%9C-%D7%91%D7%97%D7%95%D7%96%D7%94-%D7%9E%D7%95%D7%9C-%D7%A7%D7%91%D7%9C%D7%9F-%D7%91%D7%A8%D7%9B/,0,1,0,20
"חוזה רכישת נדל""ן בפורטוגל",https://jus-tice.co.il/portugal-overview-real-estate/,0,1,0,73
חוזה רכישת נדל״ן בפורטוגל,https://jus-tice.co.il/portugal-overview-real-estate/,0,1,0,50
חוזה שכירות,https://jus-tice.co.il/rental-agreement/,0,118,0,66.22881355932203
חוזה שכירות בית,https://jus-tice.co.il/rental-agreement/,0,1,0,62
חוזה שכירות דירה,https://jus-tice.co.il/rental-agreement/,0,25,0,73.8
חוזה שכירות דירה לטווח קצר,https://jus-tice.co.il/rental-agreement/,0,2,0,89.5
חוזה שכירות דירה ללא תמורה,https://jus-tice.co.il/rental-agreement/,0,1,0,57
חוזה שכירות הלכתי,https://jus-tice.co.il/rental-agreement/,0,1,0,54
חוזה שכירות חדר בדירה,https://jus-tice.co.il/rental-agreement/,0,1,0,48
חוזה שכירות לבן משפחה,https://jus-tice.co.il/rental-agreement/,0,1,0,39
חוזה שכירות לטובת המשכיר,https://jus-tice.co.il/rental-agreement/,0,1,0,89
חוזה שכירות לטובת השוכר,https://jus-tice.co.il/rental-agreement/,0,1,0,99
חוזה שכירות לטווח ארוך,https://jus-tice.co.il/rental-agreement/,0,1,0,27
חוזה שכירות ללא תמורה,https://jus-tice.co.il/rental-agreement/,0,4,0,37
חוזה שכירות משנה,https://jus-tice.co.il/rental-agreement/,0,24,0,26.958333333333332
חוזה שכירות משנית,https://jus-tice.co.il/rental-agreement/,0,1,0,48
חוזה שכירות סטנדרטי להורדה חינם,https://jus-tice.co.il/rental-agreement/,0,1,0,83
חוזה שכירות פיקטיבי,https://jus-tice.co.il/rental-agreement/,0,1,0,69
חוזה שכירות רגיל,https://jus-tice.co.il/rental-agreement/,0,2,0,83.5
חוזה שכר דירה,https://jus-tice.co.il/rental-agreement/,0,4,0,67
חוזה של שכירות,https://jus-tice.co.il/rental-agreement/,0,1,0,64
חוזי שכירות,https://jus-tice.co.il/rental-agreement/,0,5,0,34.4
חוזים אישיים בשירות המדינה,https://jus-tice.co.il/articles/%D7%94%D7%90%D7%9D-%D7%9C%D7%A0%D7%A6%D7%99%D7%91-%D7%A9%D7%99%D7%A8%D7%95%D7%AA-%D7%94%D7%9E%D7%93%D7%99%D7%A0%D7%94-%D7%99%D7%A9-%D7%A1%D7%9E%D7%9B%D7%95%D7%AA-%D7%9C%D7%97%D7%AA%D7%95%D7%9D-%D7%A2/,0,4,0,19.25
חולי קורונה בבית,https://jus-tice.co.il/corona_virus/%D7%94%D7%A0%D7%97%D7%99%D7%95%D7%AA-%D7%9C%D7%94%D7%AA%D7%9E%D7%95%D7%93%D7%93%D7%95%D7%AA-%D7%A2%D7%9D-%D7%A0%D7%92%D7%99%D7%A3-%D7%94%D7%A7%D7%95%D7%A8%D7%95%D7%A0%D7%94-19-covid/,0,1,0,98
חולשה פתאומית בגוף קורונה,https://jus-tice.co.il/research-report-n156-persistent-symptoms/,0,1,0,72
חוסר חמצן בלידה,https://jus-tice.co.il/perinatal-asphyxia/,0,189,0,22.343915343915345
חוק בית המשפט,https://jus-tice.co.il/articles/%D7%9E%D7%94%D7%95-%D7%91%D7%99%D7%AA-%D7%9E%D7%A9%D7%A4%D7%98/,0,4,0,38.25
חוק בתי המשפט,https://jus-tice.co.il/articles/%D7%9E%D7%94%D7%95-%D7%91%D7%99%D7%AA-%D7%9E%D7%A9%D7%A4%D7%98/,0,14,0,39.642857142857146
חוק בתי המשפט נוסח משולב,https://jus-tice.co.il/2019-2020-major-supreme-court-ruling,0,3,0,33
חוק בתי משפט,https://jus-tice.co.il/articles/%D7%9E%D7%94%D7%95-%D7%91%D7%99%D7%AA-%D7%9E%D7%A9%D7%A4%D7%98/,0,1,0,44
חוק דיני עבודה,https://jus-tice.co.il/israeli-labor-law/,0,26,0,59.15384615384615
חוק הבניה,https://jus-tice.co.il/construction-law/,0,1,0,66
חוק הבניה והתכנון,https://jus-tice.co.il/construction-law/,0,1,0,92
חוק הגבלת שכר טרחה ביטוח לאומי נבו,https://jus-tice.co.il/psakdin/%D7%A6%D7%95-%D7%94%D7%95%D7%A8%D7%95%D7%AA-%D7%9E%D7%9B%D7%95%D7%97-%D7%96%D7%99%D7%A7%D7%94-%D7%9C%D7%96%D7%99%D7%A7%D7%94-%D7%9C%D7%90%D7%96%D7%A8%D7%97%D7%99%D7%AA-%D7%96%D7%A8%D7%94/,0,1,0,82
חוק הגנת הפרטיות פיצוי ללא הוכחת נזק,https://jus-tice.co.il/%D7%A4%D7%99%D7%A6%D7%95%D7%99-%D7%9B%D7%A1%D7%A4%D7%99-%D7%91%D7%92%D7%99%D7%9F-%D7%A4%D7%92%D7%99%D7%A2%D7%94-%D7%91%D7%A4%D7%A8%D7%98%D7%99%D7%95%D7%AA-%D7%A6%D7%A4%D7%99%D7%99%D7%94-%D7%95%D7%9E%D7%97%D7%99%D7%A7%D7%94-%D7%A9%D7%9C-%D7%A4%D7%A8%D7%99%D7%98%D7%99%D7%9D-%D7%9E%D7%94%D7%98%D7%9C%D7%A4%D7%95%D7%9F-%D7%9C%D7%9C%D7%90-%D7%A8%D7%A9%D7%95%D7%AA/,0,7,0,49.285714285714285
חוק הודעה מוקדמת,https://jus-tice.co.il/labor-law/%D7%97%D7%95%D7%A7-%D7%94%D7%95%D7%93%D7%A2%D7%94-%D7%9E%D7%95%D7%A7%D7%93%D7%9E%D7%AA-%D7%9C%D7%A4%D7%99%D7%98%D7%95%D7%A8%D7%99%D7%9D-%D7%95%D7%9C%D7%94%D7%AA%D7%A4%D7%98%D7%A8%D7%95%D7%AA/,0,11,0,46.72727272727273
חוק הודעה מוקדמת להתפטרות,https://jus-tice.co.il/labor-law/%D7%97%D7%95%D7%A7-%D7%94%D7%95%D7%93%D7%A2%D7%94-%D7%9E%D7%95%D7%A7%D7%93%D7%9E%D7%AA-%D7%9C%D7%A4%D7%99%D7%98%D7%95%D7%A8%D7%99%D7%9D-%D7%95%D7%9C%D7%94%D7%AA%D7%A4%D7%98%D7%A8%D7%95%D7%AA/,0,3,0,54.666666666666664
חוק הודעה מוקדמת לעובד,https://jus-tice.co.il/labor-law/%D7%97%D7%95%D7%A7-%D7%94%D7%95%D7%93%D7%A2%D7%94-%D7%9E%D7%95%D7%A7%D7%93%D7%9E%D7%AA-%D7%9C%D7%A4%D7%99%D7%98%D7%95%D7%A8%D7%99%D7%9D-%D7%95%D7%9C%D7%94%D7%AA%D7%A4%D7%98%D7%A8%D7%95%D7%AA/,0,1,0,53
חוק הודעה מוקדמת לפיטורים,https://jus-tice.co.il/labor-law/%D7%97%D7%95%D7%A7-%D7%94%D7%95%D7%93%D7%A2%D7%94-%D7%9E%D7%95%D7%A7%D7%93%D7%9E%D7%AA-%D7%9C%D7%A4%D7%99%D7%98%D7%95%D7%A8%D7%99%D7%9D-%D7%95%D7%9C%D7%94%D7%AA%D7%A4%D7%98%D7%A8%D7%95%D7%AA/,0,3,0,41
חוק הודעה מוקדמת לפיטורים ולהתפטרות,https://jus-tice.co.il/labor-law/%D7%97%D7%95%D7%A7-%D7%94%D7%95%D7%93%D7%A2%D7%94-%D7%9E%D7%95%D7%A7%D7%93%D7%9E%D7%AA-%D7%9C%D7%A4%D7%99%D7%98%D7%95%D7%A8%D7%99%D7%9D-%D7%95%D7%9C%D7%94%D7%AA%D7%A4%D7%98%D7%A8%D7%95%D7%AA/,0,3,0,33
חוק הודעה מוקדמת לפיטורין,https://jus-tice.co.il/labor-law/%D7%97%D7%95%D7%A7-%D7%94%D7%95%D7%93%D7%A2%D7%94-%D7%9E%D7%95%D7%A7%D7%93%D7%9E%D7%AA-%D7%9C%D7%A4%D7%99%D7%98%D7%95%D7%A8%D7%99%D7%9D-%D7%95%D7%9C%D7%94%D7%AA%D7%A4%D7%98%D7%A8%D7%95%D7%AA/,0,1,0,48
חוק הותמל,https://jus-tice.co.il/articles/%D7%94%D7%95%D7%93%D7%A2%D7%94-%D7%9C%D7%A4%D7%99-%D7%94%D7%97%D7%95%D7%A7-%D7%9C%D7%A7%D7%99%D7%93%D7%95%D7%9D-%D7%94%D7%91%D7%A0%D7%99%D7%99%D7%94-%D7%91%D7%9E%D7%AA%D7%97%D7%9E%D7%99%D7%9D-%D7%9E/,0,6,0,45.5
חוק הירושה ידועים בציבור,https://jus-tice.co.il/%D7%93%D7%97%D7%99%D7%99%D7%AA-%D7%91%D7%A7%D7%A9%D7%94-%D7%9C%D7%94%D7%AA%D7%A0%D7%92%D7%93%D7%95%D7%AA-%D7%9C%D7%A6%D7%95-%D7%99%D7%A8%D7%95%D7%A9%D7%94-%D7%A2%D7%9C-%D7%99%D7%93%D7%99-%D7%94%D7%A0%D7%AA%D7%91%D7%A2%D7%AA-%D7%94%D7%98%D7%95%D7%A2%D7%A0%D7%AA-%D7%9C%D7%94%D7%99%D7%95%D7%AA%D7%94-%D7%91%D7%AA-%D7%94%D7%96%D7%95%D7%92-%D7%A9%D7%9C-%D7%94%D7%9E%D7%A0%D7%95%D7%97-%D7%AA%D7%A2-57474-06-19/,0,1,0,82
חוק העונשין pdf,https://jus-tice.co.il/wp-content/uploads/2023/03/%D7%A1%D7%A4%D7%A8-%D7%94%D7%97%D7%95%D7%A7%D7%99%D7%9D-2998.pdf,0,3,0,37.333333333333336
חוק העונשין תשל ז 1977,https://jus-tice.co.il/wp-content/uploads/2023/03/9_lsr_311018.pdf,0,1,0,35
חוק הפיצויים לנפגעי תאונות דרכים,https://jus-tice.co.il/%D7%97%D7%95%D7%A7-%D7%A4%D7%99%D7%A6%D7%95%D7%99%D7%99%D7%9D-%D7%9C%D7%A0%D7%A4%D7%92%D7%A2%D7%99-%D7%AA%D7%90%D7%95%D7%A0%D7%95%D7%AA-%D7%93%D7%A8%D7%9B%D7%99%D7%9D-%D7%A0%D7%95%D7%A1%D7%97-%D7%A2%D7%93%D7%9B%D7%A0%D7%99/,0,4,0,79.5
חוק השב כ,https://jus-tice.co.il/psakdin/%D7%97%D7%95%D7%A7-%D7%A9%D7%99%D7%A8%D7%95%D7%AA-%D7%94%D7%91%D7%99%D7%98%D7%97%D7%95%D7%9F-%D7%94%D7%9B%D7%9C%D7%9C%D7%99-%D7%94%D7%AA%D7%A9%D7%A1%D7%B4%D7%91-2002/,0,2,0,64.5
חוק השכרת דירה,https://jus-tice.co.il/rental-agreement/,0,1,0,77
חוק התפטרות,https://jus-tice.co.il/labor-law/%D7%97%D7%95%D7%A7-%D7%94%D7%95%D7%93%D7%A2%D7%94-%D7%9E%D7%95%D7%A7%D7%93%D7%9E%D7%AA-%D7%9C%D7%A4%D7%99%D7%98%D7%95%D7%A8%D7%99%D7%9D-%D7%95%D7%9C%D7%94%D7%AA%D7%A4%D7%98%D7%A8%D7%95%D7%AA/,0,1,0,64
חוק התראה מוקדמת,https://jus-tice.co.il/labor-law/%D7%97%D7%95%D7%A7-%D7%94%D7%95%D7%93%D7%A2%D7%94-%D7%9E%D7%95%D7%A7%D7%93%D7%9E%D7%AA-%D7%9C%D7%A4%D7%99%D7%98%D7%95%D7%A8%D7%99%D7%9D-%D7%95%D7%9C%D7%94%D7%AA%D7%A4%D7%98%D7%A8%D7%95%D7%AA/,0,1,0,59
חוק זכויות החולה,https://jus-tice.co.il/wp-content/uploads/2023/01/Zchuyot_01.pdf,0,23,0,64.69565217391305
חוק זכויות החולה רשומה רפואית,https://jus-tice.co.il/wp-content/uploads/2023/01/Zchuyot_01.pdf,0,2,0,64
חוק חוזה הביטוח inurl:nevo.co.il/law_html/,https://jus-tice.co.il/compulsory-motor-vehicle-insurance/,0,2,0,5.5
חוק חוזה שכירות,https://jus-tice.co.il/rental-agreement/,0,1,0,64
חוק יחסי עובד מעביד,https://jus-tice.co.il/employer-worker-relationship/,0,1,0,59
חוק ייפוי כוח מתמשך,https://jus-tice.co.il/continuous-power-of-attorney-israel/,0,6,0,38.333333333333336
חוק יסוד השפיטה,https://jus-tice.co.il/wp-content/uploads/2022/06/yesod10.pdf,0,2,0,38.5
חוק יסוד השפיטה סעיף 15,https://jus-tice.co.il/wp-content/uploads/2022/06/yesod10.pdf,0,1,0,21
חוק יסוד: השפיטה,https://jus-tice.co.il/wp-content/uploads/2022/06/yesod10.pdf,0,1,0,47
חוק יסודות השפיטה,https://jus-tice.co.il/wp-content/uploads/2022/06/yesod10.pdf,0,1,0,51
חוק יפוי כח מתמשך,https://jus-tice.co.il/continuous-power-of-attorney-israel/,0,2,0,59.5
חוק לפיצוי נפגעי תאונות דרכים,https://jus-tice.co.il/%D7%97%D7%95%D7%A7-%D7%A4%D7%99%D7%A6%D7%95%D7%99%D7%99%D7%9D-%D7%9C%D7%A0%D7%A4%D7%92%D7%A2%D7%99-%D7%AA%D7%90%D7%95%D7%A0%D7%95%D7%AA-%D7%93%D7%A8%D7%9B%D7%99%D7%9D-%D7%A0%D7%95%D7%A1%D7%97-%D7%A2%D7%93%D7%9B%D7%A0%D7%99/,0,1,0,45
חוק מינוי שופטים,https://jus-tice.co.il/wp-content/uploads/2022/06/yesod10.pdf,0,2,0,59
חוק מפעל חיוני,https://jus-tice.co.il/labor_law/%D7%AA%D7%A7%D7%A0%D7%95%D7%AA-%D7%A7%D7%95%D7%A8%D7%95%D7%A0%D7%94-%D7%94%D7%92%D7%91%D7%9C%D7%AA-%D7%9E%D7%A1%D7%A4%D7%A8-%D7%94%D7%A2%D7%95%D7%91%D7%93%D7%99%D7%9D-%D7%91%D7%9E%D7%A7%D7%95%D7%9D/,0,1,0,45
חוק משמורת ילדים,https://jus-tice.co.il/what-is-child-custody/,0,1,0,41
חוק מתחמים מועדפים לדיור,https://jus-tice.co.il/articles/%D7%94%D7%95%D7%93%D7%A2%D7%94-%D7%9C%D7%A4%D7%99-%D7%94%D7%97%D7%95%D7%A7-%D7%9C%D7%A7%D7%99%D7%93%D7%95%D7%9D-%D7%94%D7%91%D7%A0%D7%99%D7%99%D7%94-%D7%91%D7%9E%D7%AA%D7%97%D7%9E%D7%99%D7%9D-%D7%9E/,0,2,0,26
חוק מתן הודעה מוקדמת,https://jus-tice.co.il/labor-law/%D7%97%D7%95%D7%A7-%D7%94%D7%95%D7%93%D7%A2%D7%94-%D7%9E%D7%95%D7%A7%D7%93%D7%9E%D7%AA-%D7%9C%D7%A4%D7%99%D7%98%D7%95%D7%A8%D7%99%D7%9D-%D7%95%D7%9C%D7%94%D7%AA%D7%A4%D7%98%D7%A8%D7%95%D7%AA/,0,2,0,48.5
חוק סדר הדין הפלילי הסדר מותנה,https://jus-tice.co.il/%D7%94%D7%A1%D7%93%D7%A8-%D7%9E%D7%95%D7%AA%D7%A0%D7%94/,0,1,0,97
חוק סימון מוצרים ויקיפדיה,https://jus-tice.co.il/search-engine-optimization/,0,1,0,41
חוק פיטורים והתפטרות,https://jus-tice.co.il/labor-law/%D7%97%D7%95%D7%A7-%D7%94%D7%95%D7%93%D7%A2%D7%94-%D7%9E%D7%95%D7%A7%D7%93%D7%9E%D7%AA-%D7%9C%D7%A4%D7%99%D7%98%D7%95%D7%A8%D7%99%D7%9D-%D7%95%D7%9C%D7%94%D7%AA%D7%A4%D7%98%D7%A8%D7%95%D7%AA/,0,48,0,64.35416666666666
חוק פיטורין הודעה מוקדמת,https://jus-tice.co.il/labor-law/%D7%97%D7%95%D7%A7-%D7%94%D7%95%D7%93%D7%A2%D7%94-%D7%9E%D7%95%D7%A7%D7%93%D7%9E%D7%AA-%D7%9C%D7%A4%D7%99%D7%98%D7%95%D7%A8%D7%99%D7%9D-%D7%95%D7%9C%D7%94%D7%AA%D7%A4%D7%98%D7%A8%D7%95%D7%AA/,0,1,0,49
חוק פיצוי לנפגעי תאונות דרכים,https://jus-tice.co.il/%D7%97%D7%95%D7%A7-%D7%A4%D7%99%D7%A6%D7%95%D7%99%D7%99%D7%9D-%D7%9C%D7%A0%D7%A4%D7%92%D7%A2%D7%99-%D7%AA%D7%90%D7%95%D7%A0%D7%95%D7%AA-%D7%93%D7%A8%D7%9B%D7%99%D7%9D-%D7%A0%D7%95%D7%A1%D7%97-%D7%A2%D7%93%D7%9B%D7%A0%D7%99/,0,2,0,78
חוק פיצויים לנפגעי תאונות דרכים,https://jus-tice.co.il/%D7%97%D7%95%D7%A7-%D7%A4%D7%99%D7%A6%D7%95%D7%99%D7%99%D7%9D-%D7%9C%D7%A0%D7%A4%D7%92%D7%A2%D7%99-%D7%AA%D7%90%D7%95%D7%A0%D7%95%D7%AA-%D7%93%D7%A8%D7%9B%D7%99%D7%9D-%D7%A0%D7%95%D7%A1%D7%97-%D7%A2%D7%93%D7%9B%D7%A0%D7%99/,0,8,0,72.125
חוק פיצויים לנפגעי תאונות דרכים inurl:nevo.co.il/law_html/,https://jus-tice.co.il/compulsory-motor-vehicle-insurance/,0,1,0,7
"חוק רישוי שירותים ומקצועות בענף הרכב תשע""ו-2016",https://jus-tice.co.il/psakdin/%D7%91%D7%99%D7%98%D7%95%D7%9C-%D7%A6%D7%95-%D7%A1%D7%92%D7%99%D7%A8%D7%94-%D7%9C%D7%A2%D7%A1%D7%A7-%D7%9C%D7%A4%D7%99-%D7%A1%D7%A2%D7%99%D7%A3-22%D7%91-%D7%9C%D7%97%D7%95%D7%A7-%D7%A8%D7%99%D7%A9/,0,1,0,62
חוק רשלנות רפואית,https://jus-tice.co.il/%D7%97%D7%95%D7%A7-%D7%A8%D7%A9%D7%9C%D7%A0%D7%95%D7%AA-%D7%A8%D7%A4%D7%95%D7%90%D7%99%D7%AA/,0,77,0,39.74025974025974
חוק שירות בטחון,https://jus-tice.co.il/psakdin/%D7%97%D7%95%D7%A7-%D7%A9%D7%99%D7%A8%D7%95%D7%AA-%D7%94%D7%91%D7%99%D7%98%D7%97%D7%95%D7%9F-%D7%94%D7%9B%D7%9C%D7%9C%D7%99-%D7%94%D7%AA%D7%A9%D7%A1%D7%B4%D7%91-2002/,0,3,0,28
חוק שירות בטחוןמ,https://jus-tice.co.il/psakdin/%D7%97%D7%95%D7%A7-%D7%A9%D7%99%D7%A8%D7%95%D7%AA-%D7%94%D7%91%D7%99%D7%98%D7%97%D7%95%D7%9F-%D7%94%D7%9B%D7%9C%D7%9C%D7%99-%D7%94%D7%AA%D7%A9%D7%A1%D7%B4%D7%91-2002/,0,5,0,26.8
חוק שירות ביטחון,https://jus-tice.co.il/psakdin/%D7%97%D7%95%D7%A7-%D7%A9%D7%99%D7%A8%D7%95%D7%AA-%D7%94%D7%91%D7%99%D7%98%D7%97%D7%95%D7%9F-%D7%94%D7%9B%D7%9C%D7%9C%D7%99-%D7%94%D7%AA%D7%A9%D7%A1%D7%B4%D7%91-2002/,0,7,0,26.285714285714285
חוק שירות המדינה,https://jus-tice.co.il/articles/%D7%94%D7%90%D7%9D-%D7%9C%D7%A0%D7%A6%D7%99%D7%91-%D7%A9%D7%99%D7%A8%D7%95%D7%AA-%D7%94%D7%9E%D7%93%D7%99%D7%A0%D7%94-%D7%99%D7%A9-%D7%A1%D7%9E%D7%9B%D7%95%D7%AA-%D7%9C%D7%97%D7%AA%D7%95%D7%9D-%D7%A2/,0,1,0,40
חוק שירות המדינה מינויים,https://jus-tice.co.il/articles/%D7%94%D7%90%D7%9D-%D7%9C%D7%A0%D7%A6%D7%99%D7%91-%D7%A9%D7%99%D7%A8%D7%95%D7%AA-%D7%94%D7%9E%D7%93%D7%99%D7%A0%D7%94-%D7%99%D7%A9-%D7%A1%D7%9E%D7%9B%D7%95%D7%AA-%D7%9C%D7%97%D7%AA%D7%95%D7%9D-%D7%A2/,0,4,0,43.5
חוק תושב חוזר,https://jus-tice.co.il/returning-resident-rights-determining-tax-rate/,0,1,0,80
חוק תכנון ובנייה,https://jus-tice.co.il/construction-law/,0,3,0,51.333333333333336
חוקי בנייה,https://jus-tice.co.il/construction-law/,0,1,0,24
חוקי גירושים,https://jus-tice.co.il/strategic-divorce-cost-planning/,0,15,0,42.2
חוקי גירושין,https://jus-tice.co.il/strategic-divorce-cost-planning/,0,6,0,84.33333333333333
חוקי דיני עבודה,https://jus-tice.co.il/israeli-labor-law/,0,3,0,63
חוקי הקורונה,https://jus-tice.co.il/corona_virus/%D7%94%D7%A0%D7%97%D7%99%D7%95%D7%AA-%D7%9C%D7%94%D7%AA%D7%9E%D7%95%D7%93%D7%93%D7%95%D7%AA-%D7%A2%D7%9D-%D7%A0%D7%92%D7%99%D7%A3-%D7%94%D7%A7%D7%95%D7%A8%D7%95%D7%A0%D7%94-19-covid/,0,1,0,69
חוקי חזקות חיבור בסיסים זהים,https://jus-tice.co.il/chambers-and-partners/,0,1,0,97
חוקי תכנון ובניה,https://jus-tice.co.il/construction-law/,0,23,0,37.30434782608695
חוקים בדיני עבודה,https://jus-tice.co.il/israeli-labor-law/,0,4,0,67.25
חוקר פרטי פגיעה מינית,https://jus-tice.co.il/psakdin/%D7%94%D7%98%D7%99%D7%A4%D7%95%D7%9C-%D7%91%D7%A0%D7%A4%D7%92%D7%A2%D7%99-%D7%A2%D7%91%D7%99%D7%A8%D7%95%D7%AA-%D7%9E%D7%99%D7%9F-%D7%91%D7%94%D7%9C%D7%99%D7%9A-%D7%94%D7%A4%D7%9C%D7%99%D7%9C%D7%99/,0,1,0,85
חותמת אפוסטיל תעודת לידה,https://jus-tice.co.il/apostille/,0,1,0,97
חזי סימן טוב ואשתו,https://jus-tice.co.il/%D7%9E%D7%96%D7%95%D7%A0%D7%95%D7%AA-%D7%94%D7%99%D7%9C%D7%93%D7%99%D7%9D-%D7%94%D7%90%D7%9D-%D7%9C%D7%A4%D7%99-%D7%A6%D7%A8%D7%99%D7%9B%D7%94-%D7%91%D7%A4%D7%95%D7%A2%D7%9C-%D7%90%D7%95-%D7%A2%D7%A8%D7%9A-%D7%A9%D7%95%D7%9C%D7%99/,0,1,0,62
חזקת הגיל הרך בית דין רבני,https://jus-tice.co.il/%D7%94%D7%97%D7%96%D7%A7%D7%AA-%D7%99%D7%9C%D7%93%D7%99%D7%9D-%D7%9E%D7%A9%D7%9E%D7%95%D7%A8%D7%AA-%D7%9E%D7%A9%D7%95%D7%AA%D7%A4%D7%AA-%D7%91%D7%99%D7%AA-%D7%94%D7%93%D7%99%D7%9F-%D7%94%D7%A8%D7%91%D7%A0%D7%99/,0,49,0,15.938775510204081
חזרת ילדים למוסדות חינוך,https://jus-tice.co.il/israel-framework-for-reopening-schools-coronavirus-2020/,0,1,0,38
חזרתה או חזרת,https://jus-tice.co.il/israel-framework-for-reopening-schools-coronavirus-2020/,0,1,0,2
חיבור חשמל ביוון,https://jus-tice.co.il/%D7%91%D7%A0%D7%99%D7%99%D7%94-%D7%99%D7%A8%D7%95%D7%A7%D7%94-%D7%AA%D7%9B%D7%A0%D7%95%D7%9F-%D7%A2%D7%99%D7%A8%D7%95%D7%A0%D7%99-%D7%95%D7%A4%D7%A8%D7%95%D7%99%D7%A7%D7%98%D7%99%D7%9D-%D7%90%D7%A0%D7%A8%D7%92%D7%98%D7%99%D7%99%D7%9D-%D7%91%D7%99%D7%95%D7%95%D7%9F/,0,1,0,46
חידוש הסכם שכירות,https://jus-tice.co.il/rental-agreement/,0,1,0,70
חיוב בגט,https://jus-tice.co.il/%D7%A4%D7%A1%D7%93-%D7%97%D7%99%D7%95%D7%91-%D7%92%D7%98-%D7%91%D7%92%D7%99%D7%9F-%D7%9E%D7%90%D7%99%D7%A1%D7%95%D7%AA-%D7%90%D7%99%D7%A9%D7%94-%D7%91%D7%91%D7%A2%D7%9C-%D7%A4%D7%99%D7%A8%D7%95%D7%93-%D7%9E%D7%9E%D7%95%D7%A9%D7%9A-%D7%95%D7%9E%D7%A9%D7%A0%D7%99%D7%9B%D7%A8-%D7%9B%D7%99-%D7%A4%D7%A0%D7%99-%D7%94%D7%A6%D7%93%D7%93%D7%99%D7%9D-%D7%9C%D7%92%D7%99%D7%A8%D7%95%D7%A9%D7%99%D7%9F-1343730-1-%D7%91%D7%99%D7%94%D7%93-%D7%94%D7%92%D7%93%D7%95%D7%9C/,0,18,0,28.27777777777778
חיוב בגט,https://jus-tice.co.il/articles/%D7%97%D7%99%D7%95%D7%91-%D7%92%D7%98-%D7%92%D7%99%D7%A8%D7%95%D7%A9%D7%99%D7%9F-%D7%95%D7%93%D7%97%D7%99%D7%99%D7%AA-%D7%91%D7%A7%D7%A9%D7%AA-%D7%94%D7%90%D7%99%D7%A9-%D7%9C%D7%93%D7%95%D7%9F-%D7%91/,0,11,0,25.272727272727273
חיוב בגט,https://jus-tice.co.il/articles/%D7%97%D7%99%D7%95%D7%91-%D7%92%D7%98-%D7%95%D7%9B%D7%AA%D7%95%D7%91%D7%94-%D7%91%D7%9E%D7%A7%D7%A8%D7%94-%D7%A9%D7%A9%D7%A0%D7%99-%D7%94%D7%A6%D7%93%D7%93%D7%99%D7%9D-%D7%90%D7%99%D7%A0%D7%9D-%D7%A8%D7%95%D7%A6%D7%99%D7%9D-%D7%96%D7%94/,0,3,0,21.666666666666668
חיוב גט,https://jus-tice.co.il/articles/%D7%97%D7%99%D7%95%D7%91-%D7%92%D7%98-%D7%92%D7%99%D7%A8%D7%95%D7%A9%D7%99%D7%9F-%D7%95%D7%93%D7%97%D7%99%D7%99%D7%AA-%D7%91%D7%A7%D7%A9%D7%AA-%D7%94%D7%90%D7%99%D7%A9-%D7%9C%D7%93%D7%95%D7%9F-%D7%91/,0,1,0,31
חיוב גט,https://jus-tice.co.il/articles/%D7%97%D7%99%D7%95%D7%91-%D7%92%D7%98-%D7%95%D7%9B%D7%AA%D7%95%D7%91%D7%94-%D7%91%D7%9E%D7%A7%D7%A8%D7%94-%D7%A9%D7%A9%D7%A0%D7%99-%D7%94%D7%A6%D7%93%D7%93%D7%99%D7%9D-%D7%90%D7%99%D7%A0%D7%9D-%D7%A8%D7%95%D7%A6%D7%99%D7%9D-%D7%96%D7%94/,0,1,0,18
חיות בקצר,https://jus-tice.co.il/supreme-court/%D7%A2%D7%90-7023-19-%D7%A4%D7%9C%D7%95%D7%A0%D7%99-%D7%A0-%D7%A4%D7%9C%D7%95%D7%A0%D7%99/,0,1,0,52
חיים רוזוב,https://jus-tice.co.il/wp-content/uploads/2020/11/%D7%A8%D7%95%D7%96%D7%95%D7%91-%D7%A0-%D7%9E%D7%93%D7%99%D7%A0%D7%AA-%D7%99%D7%A9%D7%A8%D7%90%D7%9C.pdf,0,2,0,6.5
חילוט כספים,https://jus-tice.co.il/decision6077-20/,0,1,0,62
חיסיון משפטי,https://jus-tice.co.il/psakdin/%D7%91%D7%AA%D7%99-%D7%9E%D7%A9%D7%A4%D7%98-%D7%A0%D7%95%D7%94%D7%9C-%D7%97%D7%99%D7%A1%D7%99%D7%95%D7%9F-%D7%AA%D7%99%D7%A7%D7%99%D7%9D/,0,2,0,28.5
חיסיון עורך דין לקוח,https://jus-tice.co.il/psakdin/%D7%91%D7%AA%D7%99-%D7%9E%D7%A9%D7%A4%D7%98-%D7%A0%D7%95%D7%94%D7%9C-%D7%97%D7%99%D7%A1%D7%99%D7%95%D7%9F-%D7%AA%D7%99%D7%A7%D7%99%D7%9D/,0,13,0,90.07692307692308
חיפוש בבית ללא צו,https://jus-tice.co.il/articles/%D7%94%D7%A6%D7%A2%D7%AA-%D7%AA%D7%99%D7%A7%D7%95%D7%9F-%D7%97%D7%95%D7%A7-%D7%97%D7%99%D7%A4%D7%95%D7%A9-%D7%91%D7%9E%D7%A7%D7%95%D7%9D-%D7%9C%D7%9C%D7%90-%D7%A6%D7%95-%D7%91%D7%99%D7%AA-%D7%9E/,0,1,0,66
"חיפוש דירות בחו""ל",https://jus-tice.co.il/apartment/,0,4,0,19.25
חיפוש מילה בדף אינטרנט,https://jus-tice.co.il/search-engine-optimization/,0,9,0,48.666666666666664
חיפוש מספר רישיון עורך דין,https://jus-tice.co.il/,0,3,0,43.333333333333336
"חיפוש עו""ד",https://jus-tice.co.il/,0,17,0,8.058823529411764
חיפוש עוד,https://jus-tice.co.il/,0,4,0,7.5
חיפוש עורך דין לפי מספר רישיון,https://jus-tice.co.il/,0,9,0,12.444444444444445
חיפוש עורך דין לפי שם לשכת עורכי הדין,https://jus-tice.co.il/,0,2,0,10
חיפוש עורכי דין לפי מספר רישיון,https://jus-tice.co.il/,0,7,0,27
חיפוש עורכי דין לפי עיר,https://jus-tice.co.il/,0,52,0,15.384615384615385
חיפוש תיקים משפטיים,https://jus-tice.co.il/,0,1,0,77
חישוב דמי מדור,https://jus-tice.co.il/%D7%9E%D7%97%D7%A9%D7%91%D7%95%D7%9F-%D7%9E%D7%96%D7%95%D7%A0%D7%95%D7%AA-%D7%99%D7%9C%D7%93%D7%99%D7%9D/,0,7,0,70.85714285714286
חישוב דמי מדור במזונות ילדים,https://jus-tice.co.il/%D7%9E%D7%97%D7%A9%D7%91%D7%95%D7%9F-%D7%9E%D7%96%D7%95%D7%A0%D7%95%D7%AA-%D7%99%D7%9C%D7%93%D7%99%D7%9D/,0,6,0,70.33333333333333
חישוב דמי מזונות,https://jus-tice.co.il/%D7%9E%D7%97%D7%A9%D7%91%D7%95%D7%9F-%D7%9E%D7%96%D7%95%D7%A0%D7%95%D7%AA-%D7%99%D7%9C%D7%93%D7%99%D7%9D/,0,6,0,55.833333333333336
חישוב החזר מס שבח,https://jus-tice.co.il/land-appreciation-tax/,0,15,0,93.6
חישוב מדור,https://jus-tice.co.il/%D7%9E%D7%97%D7%A9%D7%91%D7%95%D7%9F-%D7%9E%D7%96%D7%95%D7%A0%D7%95%D7%AA-%D7%99%D7%9C%D7%93%D7%99%D7%9D/,0,5,0,61
חישוב מזונות,https://jus-tice.co.il/%D7%9E%D7%97%D7%A9%D7%91%D7%95%D7%9F-%D7%9E%D7%96%D7%95%D7%A0%D7%95%D7%AA-%D7%99%D7%9C%D7%93%D7%99%D7%9D/,0,40,0,45.425
חישוב מזונות במשמורת משותפת,https://jus-tice.co.il/%D7%9E%D7%97%D7%A9%D7%91%D7%95%D7%9F-%D7%9E%D7%96%D7%95%D7%A0%D7%95%D7%AA-%D7%99%D7%9C%D7%93%D7%99%D7%9D/,0,21,0,53.76190476190476
חישוב מזונות ילדים,https://jus-tice.co.il/%D7%9E%D7%97%D7%A9%D7%91%D7%95%D7%9F-%D7%9E%D7%96%D7%95%D7%A0%D7%95%D7%AA-%D7%99%D7%9C%D7%93%D7%99%D7%9D/,0,1,0,39
חישוב מזונות לילד אחד,https://jus-tice.co.il/%D7%9E%D7%97%D7%A9%D7%91%D7%95%D7%9F-%D7%9E%D7%96%D7%95%D7%A0%D7%95%D7%AA-%D7%99%D7%9C%D7%93%D7%99%D7%9D/,0,61,0,59.049180327868854
חישוב מיסוי מקרקעין,https://jus-tice.co.il/land-appreciation-tax/,0,1,0,25
חישוב מס שבח מקרקעין,https://jus-tice.co.il/land-appreciation-tax/,0,1,0,55
חישוב ערך של נכס,https://jus-tice.co.il/property-investment-calculator/,0,1,0,85
חישוב שווי דירה בדמי מפתח,https://jus-tice.co.il/property-investment-calculator/,0,1,0,83
חישוב שווי זכויות בניה,https://jus-tice.co.il/land-appreciation-tax/,0,1,0,91
"חישוב תשואה בנדל""ן",https://jus-tice.co.il/property-investment-calculator/,0,9,0,88.44444444444444
"חישוב תשואה על נכס להשקעה בארה""ב",https://jus-tice.co.il/property-investment-calculator/,0,2,0,35
חלוק מעבדה מדא,https://jus-tice.co.il/corona_virus/%D7%94%D7%A0%D7%97%D7%99%D7%95%D7%AA-%D7%9C%D7%94%D7%AA%D7%9E%D7%95%D7%93%D7%93%D7%95%D7%AA-%D7%A2%D7%9D-%D7%A0%D7%92%D7%99%D7%A3-%D7%94%D7%A7%D7%95%D7%A8%D7%95%D7%A0%D7%94-19-covid/,0,1,0,72
חלוקת דירה בגירושין,https://jus-tice.co.il/%D7%AA%D7%99%D7%A7-916847/5-%D7%91%D7%91%D7%99%D7%AA-%D7%94%D7%93%D7%99%D7%9F-%D7%94%D7%A8%D7%91%D7%A0%D7%99-%D7%94%D7%90%D7%96%D7%95%D7%A8%D7%99-%D7%90%D7%A9%D7%93%D7%95%D7%93/,0,11,0,49.90909090909091
חלוקת דירה בגירושין,https://jus-tice.co.il/1303799/4/,0,1,0,99
חלוקת חובות בגירושין,https://jus-tice.co.il/%D7%90%D7%97%D7%A8%D7%99%D7%95%D7%AA-%D7%94%D7%91%D7%A2%D7%9C-%D7%9C%D7%97%D7%95%D7%91%D7%95%D7%AA-%D7%90%D7%A9%D7%AA%D7%95-%D7%A2%D7%9C-%D7%A4%D7%99-%D7%93%D7%99%D7%9F-%D7%AA%D7%95%D7%A8%D7%94-%D7%95%D7%A2%D7%9C-%D7%A4%D7%99-%D7%97%D7%95%D7%A7-%D7%99%D7%97%D7%A1%D7%99-%D7%9E%D7%9E%D7%95%D7%9F-%D7%96%D7%9B%D7%95%D7%99%D7%95%D7%AA-%D7%95%D7%97%D7%95%D7%91%D7%95%D7%AA-%D7%91%D7%9E%D7%A2%D7%A8%D7%9B%D7%AA-%D7%99%D7%97%D7%A1%D7%99%D7%9D-%D7%A9%D7%91%D7%94-%D7%94%D7%90%D7%99%D7%A9%D7%94-%D7%94%D7%99%D7%90-%D7%94%D7%9E%D7%A4%D7%A8%D7%A0%D7%A1%D7%AA/,0,2,0,77.5
חלוקת מיטלטלין בגירושין,https://jus-tice.co.il/decision67437-12-18/,0,4,0,84.75
חלוקת רכוש ללא הסכם ממון,https://jus-tice.co.il/prenuptial-agreements-overview/,0,1,0,62
חמצן לתינוק שנולד,https://jus-tice.co.il/perinatal-asphyxia/,0,4,0,10.25
חסיון עורך דין לקוח,https://jus-tice.co.il/articles/%D7%94%D7%A0%D7%93%D7%95%D7%9F-%D7%97%D7%A1%D7%99%D7%95%D7%9F-%D7%A2%D7%95%D7%A8%D7%9A-%D7%93%D7%99%D7%9F-%D7%9C%D7%A7%D7%95%D7%97-%D7%9C%D7%A2%D7%95%D7%9E%D7%AA-%D7%97%D7%95%D7%91%D7%AA/,0,1,0,46
חקיקת חירום,https://jus-tice.co.il/news/%D7%97%D7%A7%D7%99%D7%A7%D7%AA-%D7%97%D7%99%D7%A8%D7%95%D7%9D-%D7%A7%D7%95%D7%A8%D7%95%D7%A0%D7%94/,0,1,0,41
חקירות ביטוח,https://jus-tice.co.il/%D7%AA%D7%90-48441-01-15-%D7%A4%D7%9C%D7%95%D7%A0%D7%99-%D7%A0%D7%92%D7%93-%D7%9E%D7%92%D7%93%D7%9C-%D7%97%D7%91%D7%A8%D7%94-%D7%9C%D7%91%D7%99%D7%98%D7%95%D7%97/,0,1,0,55
חשבון מוגבל חירום,https://jus-tice.co.il/corona_virus/%D7%97%D7%A9%D7%91%D7%95%D7%A0%D7%95%D7%AA-%D7%A9%D7%9C-%D7%9C%D7%A7%D7%95%D7%97%D7%95%D7%AA-%D7%A9%D7%94%D7%A9%D7%99%D7%A7%D7%99%D7%9D-%D7%A9%D7%9C%D7%94%D7%9D-%D7%97%D7%96%D7%A8%D7%95-%D7%9C%D7%90/,0,1,0,46
חשבונות חלקיים מול קבלן,https://jus-tice.co.il/articles/%D7%9E%D7%93%D7%A8%D7%99%D7%9A-2025-%D7%9E%D7%94-%D7%97%D7%A9%D7%95%D7%91-%D7%9C%D7%9B%D7%9C%D7%95%D7%9C-%D7%91%D7%97%D7%95%D7%96%D7%94-%D7%9E%D7%95%D7%9C-%D7%A7%D7%91%D7%9C%D7%9F-%D7%91%D7%A8%D7%9B/,0,40,0,24.9
חשיבות הסכם ממון,https://jus-tice.co.il/7-reasons-why-you-need-a-prenup/,0,1,0,96
חתימה נוטריונית,https://jus-tice.co.il/%D7%90%D7%99%D7%9E%D7%95%D7%AA-%D7%97%D7%AA%D7%99%D7%9E%D7%94-%D7%A0%D7%95%D7%98%D7%A8%D7%99%D7%95%D7%9F-%D7%9E%D7%A9%D7%95%D7%9C%D7%91-%D7%A2%D7%91%D7%A8%D7%99%D7%AA-%D7%90%D7%A0%D7%92%D7%9C%D7%99%D7%AA/,0,3,0,81.66666666666667
חתימה על חוזה שכירות,https://jus-tice.co.il/rental-agreement/,0,2,0,61
טבלת מזונות,https://jus-tice.co.il/%D7%9E%D7%97%D7%A9%D7%91%D7%95%D7%9F-%D7%9E%D7%96%D7%95%D7%A0%D7%95%D7%AA-%D7%99%D7%9C%D7%93%D7%99%D7%9D/,0,1,0,95
טבלת קנסות עבירות תנועה,https://jus-tice.co.il/wp-content/uploads/2020/01/hana_v9.32.88s.pdf,0,42,0,60.69047619047619
טובה ספרא תחזית 2026,https://jus-tice.co.il/prenuptial-agreements-overview/,0,1,0,37
טופס 3199 מקוון,https://jus-tice.co.il/,0,1,0,47
טופס 7017 א,https://jus-tice.co.il/wp-content/uploads/2020/01/hana_v9.32.88s.pdf,0,1,0,72
טופס 703 הלנת שכר,https://jus-tice.co.il/psakdin/%D7%A4%D7%A1%D7%A7-%D7%93%D7%99%D7%9F-%D7%A4%D7%99%D7%A6%D7%95%D7%99%D7%99-%D7%A4%D7%99%D7%98%D7%95%D7%A8%D7%99%D7%9F-%D7%AA%D7%91%D7%99%D7%A2%D7%94-%D7%9C%D7%94%D7%A8%D7%9E%D7%AA-%D7%9E%D7%A1%D7%9A/,0,1,0,53
טופס בקשה כללית בית הדין הרבני,https://jus-tice.co.il/articles/%D7%A1%D7%9E%D7%9B%D7%95%D7%AA-%D7%91%D7%99%D7%AA-%D7%94%D7%93%D7%99%D7%9F-%D7%91%D7%A2%D7%A0%D7%99%D7%99%D7%9F-%D7%9E%D7%96%D7%95%D7%A0%D7%95%D7%AA-%D7%94%D7%99%D7%9C%D7%93%D7%99%D7%9D-%D7%9C%D7%90/,0,1,0,35
טופס בקשה כללית בית הדין הרבני,https://jus-tice.co.il/psakdin/%D7%94%D7%99%D7%95%D7%A2%D7%9E%D7%A9-%D7%90%D7%99%D7%A9%D7%A8-%D7%AA%D7%97%D7%9C%D7%99%D7%A3-%D7%92%D7%A0%D7%A8%D7%99-%D7%9C%D7%A7%D7%9C%D7%98%D7%A8%D7%94-%D7%AA%D7%A8%D7%95%D7%A4%D7%94-%D7%90%D7%A0/,0,1,0,51
טופס בקשה להסדר חוב,https://jus-tice.co.il/psakdin/%D7%91%D7%A7%D7%A9%D7%94-%D7%9C%D7%90%D7%99%D7%A9%D7%95%D7%A8-%D7%94%D7%A1%D7%93%D7%A8-%D7%97%D7%95%D7%91-%D7%95%D7%91%D7%A7%D7%A9%D7%95%D7%AA-%D7%9C%D7%9E%D7%AA%D7%9F-%D7%A6%D7%95-%D7%9C%D7%A4%D7%AA/,0,1,0,72
טופס בקשה לסיוע משפטי להורדה,https://jus-tice.co.il/,0,1,0,43
טופס בקשה לצו הגנה,https://jus-tice.co.il/%D7%91%D7%A7%D7%A9%D7%AA-%D7%A6%D7%95-%D7%94%D7%92%D7%A0%D7%94-%D7%9C%D7%9E%D7%A0%D7%99%D7%A2%D7%AA-%D7%90%D7%9C%D7%99%D7%9E%D7%95%D7%AA-%D7%91%D7%9E%D7%A9%D7%A4%D7%97%D7%94-%D7%94%D7%98-61185-11-22/,0,2,0,34
טופס בקשה לרישום חברת יחיד,https://jus-tice.co.il/wp-content/uploads/2022/10/companyregistrationform2-2.doc,0,1,0,63
טופס בקשה לשלום בית,https://jus-tice.co.il/strategic-divorce-cost-planning/,0,1,0,50
טופס דין וחשבון רב שנתי מפורט,https://jus-tice.co.il/iflr1000/,0,3,0,69
טופס הגבלת חברות לשכת עורכי הדין,https://jus-tice.co.il/legalzoom/,0,1,0,36
טופס הכרה באבהות משרד הפנים,https://jus-tice.co.il/psakdin/%D7%A6%D7%95-%D7%94%D7%95%D7%A8%D7%95%D7%AA-%D7%9E%D7%9B%D7%95%D7%97-%D7%96%D7%99%D7%A7%D7%94-%D7%9C%D7%96%D7%99%D7%A7%D7%94-%D7%9C%D7%90%D7%96%D7%A8%D7%97%D7%99%D7%AA-%D7%96%D7%A8%D7%94/,0,1,0,91
טופס הסבת דוח תנועה על שם הנהג מבצע העבירה,https://jus-tice.co.il/wp-content/uploads/2020/01/hana_v9.32.88s.pdf,0,6,0,74.66666666666667
טופס הסכם גירושין,https://jus-tice.co.il/wp-content/uploads/2021/03/%D7%A0%D7%95%D7%A1%D7%97-%D7%94%D7%A1%D7%9B%D7%9D-%D7%92%D7%99%D7%A8%D7%95%D7%A9%D7%99%D7%9F-%D7%93%D7%95%D7%92%D7%9E%D7%90-2021.docx,0,18,0,55.94444444444444
טופס הסכם גירושין להורדה,https://jus-tice.co.il/wp-content/uploads/2021/03/%D7%A0%D7%95%D7%A1%D7%97-%D7%94%D7%A1%D7%9B%D7%9D-%D7%92%D7%99%D7%A8%D7%95%D7%A9%D7%99%D7%9F-%D7%93%D7%95%D7%92%D7%9E%D7%90-2021.docx,0,106,0,46.70754716981132
טופס הסכמה למסירת מידע,https://jus-tice.co.il/wp-content/uploads/2021/05/services_marvad_traffic-offenses-consent-form.pdf,0,2,0,51
טופס הסכמה למסירת מידע משרד הרישוי,https://jus-tice.co.il/wp-content/uploads/2021/05/services_marvad_traffic-offenses-consent-form.pdf,0,1,0,22
טופס הצעת הסדר נושים,https://jus-tice.co.il/psakdin/%D7%91%D7%A7%D7%A9%D7%94-%D7%9C%D7%90%D7%99%D7%A9%D7%95%D7%A8-%D7%94%D7%A1%D7%93%D7%A8-%D7%97%D7%95%D7%91-%D7%95%D7%91%D7%A7%D7%A9%D7%95%D7%AA-%D7%9C%D7%9E%D7%AA%D7%9F-%D7%A6%D7%95-%D7%9C%D7%A4%D7%AA/,0,1,0,23
טופס הקטנת מזונות,https://jus-tice.co.il/strategic-divorce-cost-planning/,0,1,0,72
טופס חנינה לנשיא המדינה,https://jus-tice.co.il/%D7%98%D7%95%D7%A4%D7%A1-%D7%A2%D7%9E%D7%93%D7%AA-%D7%A0%D7%A4%D7%92%D7%A2%D7%99-%D7%A2%D7%91%D7%99%D7%A8%D7%94-%D7%9C%D7%A2%D7%A0%D7%99%D7%99%D7%9F-%D7%97%D7%A0%D7%99%D7%A0%D7%94/,0,4,0,76
טופס יחסי עובד מעביד,https://jus-tice.co.il/employer-worker-relationship/,0,2,0,20.5
טופס צו הגנה,https://jus-tice.co.il/%D7%91%D7%A7%D7%A9%D7%AA-%D7%A6%D7%95-%D7%94%D7%92%D7%A0%D7%94-%D7%9C%D7%9E%D7%A0%D7%99%D7%A2%D7%AA-%D7%90%D7%9C%D7%99%D7%9E%D7%95%D7%AA-%D7%91%D7%9E%D7%A9%D7%A4%D7%97%D7%94-%D7%94%D7%98-61185-11-22/,0,1,0,84
טופס צוואה,https://jus-tice.co.il/wp-content/uploads/2020/09/%D7%A6%D7%95%D7%95%D7%90%D7%94.docx,0,2,0,71
טורנט קידום אתרים,https://jus-tice.co.il/search-engine-optimization/,0,3,0,33.666666666666664
טים דרייפר,https://jus-tice.co.il/what-is-bitcoin/,0,1,0,55
טיסה ללא הריסה,https://jus-tice.co.il/small_claims/%D7%9B%D7%A8%D7%98%D7%99%D7%A1%D7%99-%D7%98%D7%99%D7%A1%D7%94-%D7%97%D7%91%D7%A8%D7%AA-%D7%AA%D7%A2%D7%95%D7%A4%D7%94-%D7%A4%D7%A9%D7%98%D7%94-%D7%90%D7%AA-%D7%94%D7%A8%D7%92%D7%9C-%D7%A1%D7%95%D7%9B/,0,3,0,32.66666666666667
טיעונים לעונש בתיק תעבורה,https://jus-tice.co.il/psakdin/%D7%A9%D7%99%D7%A2%D7%95%D7%A8%D7%99-%D7%94%D7%A8%D7%A9%D7%A2%D7%94-%D7%95%D7%96%D7%99%D7%9B%D7%95%D7%99-%D7%91%D7%94%D7%9C%D7%99%D7%9B%D7%99%D7%9D-%D7%A4%D7%9C%D7%99%D7%9C%D7%99%D7%99%D7%9D/,0,2,0,60
טיפול משפטי,https://jus-tice.co.il/,0,1,0,72
טיפת חלב יא באדר חולון,https://jus-tice.co.il/corona_virus/%D7%94%D7%A0%D7%97%D7%99%D7%95%D7%AA-%D7%9C%D7%94%D7%AA%D7%9E%D7%95%D7%93%D7%93%D7%95%D7%AA-%D7%A2%D7%9D-%D7%A0%D7%92%D7%99%D7%A3-%D7%94%D7%A7%D7%95%D7%A8%D7%95%D7%A0%D7%94-19-covid/,0,1,0,33
טיפת חלב יג אשדוד,https://jus-tice.co.il/corona_virus/%D7%94%D7%A0%D7%97%D7%99%D7%95%D7%AA-%D7%9C%D7%94%D7%AA%D7%9E%D7%95%D7%93%D7%93%D7%95%D7%AA-%D7%A2%D7%9D-%D7%A0%D7%92%D7%99%D7%A3-%D7%94%D7%A7%D7%95%D7%A8%D7%95%D7%A0%D7%94-19-covid/,0,2,0,59.5
טיפת חלב כללית נס ציונה,https://jus-tice.co.il/corona_virus/%D7%94%D7%A0%D7%97%D7%99%D7%95%D7%AA-%D7%9C%D7%94%D7%AA%D7%9E%D7%95%D7%93%D7%93%D7%95%D7%AA-%D7%A2%D7%9D-%D7%A0%D7%92%D7%99%D7%A3-%D7%94%D7%A7%D7%95%D7%A8%D7%95%D7%A0%D7%94-19-covid/,0,1,0,71
טכנועד,https://jus-tice.co.il/%D7%A4%D7%A1%D7%93-%D7%91%D7%A0%D7%95%D7%A9%D7%90-%D7%97%D7%95%D7%A4%D7%A9-%D7%94%D7%A2%D7%99%D7%A1%D7%95%D7%A7-%D7%A1%D7%A2%D7%A9-49088-11-18/,0,2,0,29
טלפון רשות המיסים,https://jus-tice.co.il/israel-tax-authority/,0,2,0,68
טלפון של רשות המיסים,https://jus-tice.co.il/israel-tax-authority/,0,2,0,69
טעויות בטיפול רפואי,https://jus-tice.co.il/medical-malpractice-common-errors-doctors-hospitals/,0,39,0,32.35897435897436
טעות במתן תרופה,https://jus-tice.co.il/medical-malpractice-common-errors-doctors-hospitals/,0,1,0,54
טעות במתן תרופות,https://jus-tice.co.il/medical-malpractice-common-errors-doctors-hospitals/,0,39,0,88.92307692307692
טענות מן הגורן ומן היקב,https://jus-tice.co.il/1355956-3/,0,1,0,26
טענת הגנה מן הצדק,https://jus-tice.co.il/decision37975-11-17/,0,1,0,63
יד 2,https://jus-tice.co.il/real-estate-lawyer-cost-2025/,0,1,0,3
יד 2 דירות בחול,https://jus-tice.co.il/apartment/,0,1,0,22
יד שניה,https://jus-tice.co.il/real-estate-lawyer-cost-2025/,0,1,0,2
ידועים בציבור מזונות,https://jus-tice.co.il/common-law-marriage/,0,1,0,62
יומן בית המשפט העליון,https://jus-tice.co.il/2019-2020-major-supreme-court-ruling,0,1,0,18
יונת קפלן גרושה,https://jus-tice.co.il/corona_virus/%D7%94%D7%A0%D7%97%D7%99%D7%95%D7%AA-%D7%9C%D7%94%D7%AA%D7%9E%D7%95%D7%93%D7%93%D7%95%D7%AA-%D7%A2%D7%9D-%D7%A0%D7%92%D7%99%D7%A3-%D7%94%D7%A7%D7%95%D7%A8%D7%95%D7%A0%D7%94-19-covid/,0,2,0,59
יועץ משפטי מקורות,https://jus-tice.co.il/,0,1,0,56
"יועץ נדל""ן בגרמניה",https://jus-tice.co.il/vonovia/,0,20,0,19.25
יורשים של ניצולי שואה רומניה,https://jus-tice.co.il/wp-content/uploads/2023/05/%D7%A2%D7%95%D7%A8%D7%9A-%D7%93%D7%99%D7%9F-%D7%94%D7%A9%D7%91%D7%AA-%D7%A8%D7%9B%D7%95%D7%A9-%D7%99%D7%94%D7%95%D7%93%D7%99-%D7%A8%D7%95%D7%9E%D7%A0%D7%99%D7%94.pdf,0,1,0,72
יחסי ישראל מלטה,https://jus-tice.co.il/malta-lawyers/,0,2,0,12
יחסי עבודה,https://jus-tice.co.il/employer-worker-relationship/,0,38,0,75.92105263157895
יחסי עובד מעביד,https://jus-tice.co.il/employer-worker-relationship/,0,107,0,59.26168224299065
יחסי עובד מעביד טלפון,https://jus-tice.co.il/employer-worker-relationship/,0,1,0,33
יחסי עובד מעסיק,https://jus-tice.co.il/employer-worker-relationship/,0,1,0,47
יחסי עורך דין לקוח,https://jus-tice.co.il/articles/%D7%94%D7%A0%D7%93%D7%95%D7%9F-%D7%97%D7%A1%D7%99%D7%95%D7%9F-%D7%A2%D7%95%D7%A8%D7%9A-%D7%93%D7%99%D7%9F-%D7%9C%D7%A7%D7%95%D7%97-%D7%9C%D7%A2%D7%95%D7%9E%D7%AA-%D7%97%D7%95%D7%91%D7%AA/,0,1,0,35
ייעוץ בדיני עבודה,https://jus-tice.co.il/labor-lawyer/,0,1,0,78
ייעוץ חינם עורך דין דיני עבודה,https://jus-tice.co.il/,0,6,0,27.666666666666668
ייעוץ חינם עם עורך דין,https://jus-tice.co.il/,0,1,0,49
ייעוץ חיצוני לעורכי דין בתיקי משמורת,https://jus-tice.co.il/robert-stephan-cohen/,0,1,0,50
ייעוץ לעורכי דין,https://jus-tice.co.il/,0,12,0,27.833333333333332
ייעוץ מקצועי לעורכי דין,https://jus-tice.co.il/,0,5,0,33.2
ייעוץ משפטי,https://jus-tice.co.il/,0,51,0,42.07843137254902
ייעוץ משפטי אונליין,https://jus-tice.co.il/,0,2,0,30
ייעוץ משפטי בדיני עבודה חינם,https://jus-tice.co.il/,0,1,0,93
ייעוץ משפטי בישראל,https://jus-tice.co.il/,0,7,0,29.428571428571427
ייעוץ משפטי וניהול משברים,https://jus-tice.co.il/,0,2,0,64.5
ייעוץ משפטי חינם,https://jus-tice.co.il/,0,3,0,40.333333333333336
ייעוץ משפטי חינם לנשים,https://jus-tice.co.il/wp-content/uploads/2022/06/misradhamishpatim-women.pdf,0,1,0,53
ייעוץ משפטי לחברות,https://jus-tice.co.il/,0,4,0,85.5
ייעוץ משפטי לעובדים,https://jus-tice.co.il/,0,1,0,68
ייעוץ משפטי לעובדים באזור המרכז,https://jus-tice.co.il/,0,5,0,25.8
ייעוץ משפטי מקצועי,https://jus-tice.co.il/,0,2,0,20.5
ייעוץ משפטי משרד המשפטים,https://jus-tice.co.il/,0,1,0,52
ייעוץ משפטי פלילי בתל אביב,https://jus-tice.co.il/%D7%9E%D7%A9%D7%A8%D7%93-%D7%A2%D7%95%D7%A8%D7%9B%D7%99-%D7%93%D7%99%D7%9F-%D7%A4%D7%9C%D7%99%D7%9C%D7%99-%D7%94%D7%9B%D7%99-%D7%98%D7%95%D7%91-%D7%AA%D7%9C-%D7%90%D7%91%D7%99%D7%91/,0,9,0,45.111111111111114
ייעוץ עורך דין,https://jus-tice.co.il/,0,6,0,27.5
ייעוץ עורך דין אונליין חינם,https://jus-tice.co.il/%D7%A0%D7%99%D7%94%D7%95%D7%9C-%D7%9E%D7%95%D7%A0%D7%99%D7%98%D7%99%D7%9F-%D7%9E%D7%A7%D7%95%D7%95%D7%9F-%D7%9C%D7%A2%D7%95%D7%A8%D7%9B%D7%99-%D7%93%D7%99%D7%9F-%D7%91%D7%A8%D7%A9%D7%AA-%D7%94%D7%90%D7%99%D7%A0%D7%98%D7%A8%D7%A0%D7%98/,0,2,0,35.5
ייעוץ עורך דין בחינם,https://jus-tice.co.il/,0,2,0,28.5
ייעוץ עורך דין דיני עבודה,https://jus-tice.co.il/labor-lawyer/,0,3,0,86
ייעוץ עורך דין חינם,https://jus-tice.co.il/,0,1,0,30
ייעוץ עורכי דין בחינם בטלפון,https://jus-tice.co.il/,0,1,0,43
ייעוץ עם עורך דין,https://jus-tice.co.il/,0,3,0,29.333333333333332
ייעוץ+משפטי,https://jus-tice.co.il/,0,12,0,42.166666666666664
ייעוץ+משפטי+בינלאומי,https://jus-tice.co.il/,0,1,0,68
ייעוץ+משפטי+בינלאומי,https://jus-tice.co.il/%D7%99%D7%99%D7%A2%D7%95%D7%A5-%D7%9E%D7%A9%D7%A4%D7%98%D7%99-%D7%90%D7%90%D7%95%D7%98%D7%A1%D7%95%D7%A8%D7%A1%D7%99%D7%A0%D7%92-%D7%91%D7%99%D7%A0%D7%9C%D7%90%D7%95%D7%9E%D7%99-jus-tice-%D7%9E%D7%A9%D7%A8%D7%95%D7%AA-%D7%A2%D7%95%D7%A8%D7%9B%D7%99-%D7%93%D7%99%D7%9F/,0,7,0,43.42857142857143
ייעוץ+משפטי+בלתי+תלוי,https://jus-tice.co.il/,0,2,0,68.5
ייעוץ+משפטי+בקטגוריות+שונות,https://jus-tice.co.il/,0,7,0,21
ייעוץ+משפטי+ליזמים,https://jus-tice.co.il/,0,1,0,76
ייעוץ+משפטי+ללא+ייצוג,https://jus-tice.co.il/,0,12,0,51.75
ייעוץ+משפטי+פרטי,https://jus-tice.co.il/,0,9,0,44.111111111111114
ייעוץ+משפטי+פרטי,https://jus-tice.co.il/%D7%99%D7%99%D7%A2%D7%95%D7%A5-%D7%9E%D7%A9%D7%A4%D7%98%D7%99-%D7%90%D7%90%D7%95%D7%98%D7%A1%D7%95%D7%A8%D7%A1%D7%99%D7%A0%D7%92-%D7%91%D7%99%D7%A0%D7%9C%D7%90%D7%95%D7%9E%D7%99-jus-tice-%D7%9E%D7%A9%D7%A8%D7%95%D7%AA-%D7%A2%D7%95%D7%A8%D7%9B%D7%99-%D7%93%D7%99%D7%9F/,0,1,0,62
ייפוי כוח מתמשך,https://jus-tice.co.il/continuous-power-of-attorney-israel/,0,784,0,70.5561224489796
ייפוי כוח מתמשך אונליין,https://jus-tice.co.il/continuous-power-of-attorney-israel/,0,1,0,65
ייפוי כוח מתמשך אפוטרופוס,https://jus-tice.co.il/continuous-power-of-attorney-israel/,0,1,0,100
ייפוי כוח מתמשך אצל עורך דין,https://jus-tice.co.il/continuous-power-of-attorney-israel/,0,7,0,65.85714285714286
ייפוי כוח מתמשך ברעננה,https://jus-tice.co.il/continuous-power-of-attorney-israel/,0,1,0,91
ייפוי כוח מתמשך האפוטרופוס הכללי,https://jus-tice.co.il/continuous-power-of-attorney-israel/,0,1,0,75
ייפוי כוח מתמשך הגשה,https://jus-tice.co.il/continuous-power-of-attorney-israel/,0,1,0,49
ייפוי כוח מתמשך הפעלה,https://jus-tice.co.il/continuous-power-of-attorney-israel/,0,1,0,95
ייפוי כוח מתמשך הפקדה,https://jus-tice.co.il/continuous-power-of-attorney-israel/,0,1,0,92
ייפוי כוח מתמשך כל זכות,https://jus-tice.co.il/continuous-power-of-attorney-israel/,0,1,0,68
ייפוי כוח מתמשך לשכת עורכי הדין,https://jus-tice.co.il/continuous-power-of-attorney-israel/,0,1,0,47
ייפוי כוח מתמשך מחיר,https://jus-tice.co.il/continuous-power-of-attorney-israel/,0,27,0,87.25925925925925
ייפוי כוח מתמשך מחיר לשכת עורכי הדין,https://jus-tice.co.il/continuous-power-of-attorney-israel/,0,1,0,41
ייפוי כוח מתמשך מקוון,https://jus-tice.co.il/continuous-power-of-attorney-israel/,0,60,0,64.25
ייפוי כוח מתמשך משרד המשפטים,https://jus-tice.co.il/continuous-power-of-attorney-israel/,0,2,0,45.5
ייפוי כוח מתמשך עורך דין,https://jus-tice.co.il/continuous-power-of-attorney-israel/,0,138,0,59.34782608695652
ייפוי כוח מתמשך עורך דין.,https://jus-tice.co.il/continuous-power-of-attorney-israel/,0,46,0,57.41304347826087
ייפוי כוח מתמשך עורכי דין,https://jus-tice.co.il/continuous-power-of-attorney-israel/,0,9,0,48.888888888888886
ייפוי כוח מתמשך שכר טרחה מומלץ,https://jus-tice.co.il/continuous-power-of-attorney-israel/,0,1,0,44
ייפוי כוח רפואי מתמשך,https://jus-tice.co.il/continuous-power-of-attorney-israel/,0,42,0,63.92857142857143
ייפוי כח מתמשך,https://jus-tice.co.il/continuous-power-of-attorney-israel/,0,166,0,69.01807228915662
ייפוי כח מתמשך לשכת עורכי הדין,https://jus-tice.co.il/continuous-power-of-attorney-israel/,0,3,0,47.333333333333336
ייפוי כח מתמשך מקוון,https://jus-tice.co.il/continuous-power-of-attorney-israel/,0,10,0,56
ייצוג מול רשויות המס,https://jus-tice.co.il/israel-tax-authority/,0,17,0,44.705882352941174
ייצוג משפטי,https://jus-tice.co.il/,0,13,0,38.61538461538461
ייצוג משפטי אוסטרליה,https://jus-tice.co.il/foreign-legal-opinion/,0,5,0,59.2
ייצוג משפטי איטליה,https://jus-tice.co.il/cms-law-firm/,0,1,0,54
ייצוג משפטי אנגליה,https://jus-tice.co.il/foreign-legal-opinion/,0,1,0,77
ייצוג משפטי אנגליה,https://jus-tice.co.il/legalzoom/,0,1,0,87
ייצוג משפטי ארהב,https://jus-tice.co.il/%D7%99%D7%99%D7%A2%D7%95%D7%A5-%D7%9E%D7%A9%D7%A4%D7%98%D7%99-%D7%90%D7%90%D7%95%D7%98%D7%A1%D7%95%D7%A8%D7%A1%D7%99%D7%A0%D7%92-%D7%91%D7%99%D7%A0%D7%9C%D7%90%D7%95%D7%9E%D7%99-jus-tice-%D7%9E%D7%A9%D7%A8%D7%95%D7%AA-%D7%A2%D7%95%D7%A8%D7%9B%D7%99-%D7%93%D7%99%D7%9F/,0,6,0,69.33333333333333
ייצוג משפטי בבית משפט,https://jus-tice.co.il/,0,1,0,94
ייצוג משפטי בלגיה,https://jus-tice.co.il/unbundled-legal-services/,0,1,0,51
ייצוג משפטי בפורטוגל,https://jus-tice.co.il/legal-services-in-portugal/,0,72,0,3.4305555555555554
ייצוג משפטי ברזיל,https://jus-tice.co.il/foreign-legal-opinion/,0,13,0,23.923076923076923
ייצוג משפטי הודו,https://jus-tice.co.il/,0,4,0,42
ייצוג משפטי זכיינות,https://jus-tice.co.il/,0,1,0,93
ייצוג משפטי יפן,https://jus-tice.co.il/foreign-legal-opinion/,0,16,0,33.625
ייצוג משפטי מצרים,https://jus-tice.co.il/,0,1,0,60
ייצוג משפטי מקצועי מול רשויות המס,https://jus-tice.co.il/israel-tax-authority/,0,17,0,28.41176470588235
ייצוג משפטי קפריסין,https://jus-tice.co.il/wp-content/uploads/2023/03/%D7%A7%D7%A4%D7%A8%D7%99%D7%A1%D7%99%D7%9F-%D7%9E%D7%A9%D7%A8%D7%93%D7%99-%D7%A2%D7%95%D7%A8%D7%9B%D7%99-%D7%93%D7%99%D7%9F-%D7%A8%D7%A9%D7%99%D7%9E%D7%94.pdf,0,2,0,39
ייצוג משפטי שוויץ,https://jus-tice.co.il/cms-law-firm/,0,1,0,39
ייצוג משפטי שוויץ,https://jus-tice.co.il/liechtenstein/,0,22,0,43.04545454545455
ייצוג משפטי תאילנד,https://jus-tice.co.il/foreign-legal-opinion/,0,2,0,20
ייצוג נפגעות תקיפה מינית,https://jus-tice.co.il/psakdin/%D7%94%D7%98%D7%99%D7%A4%D7%95%D7%9C-%D7%91%D7%A0%D7%A4%D7%92%D7%A2%D7%99-%D7%A2%D7%91%D7%99%D7%A8%D7%95%D7%AA-%D7%9E%D7%99%D7%9F-%D7%91%D7%94%D7%9C%D7%99%D7%9A-%D7%94%D7%A4%D7%9C%D7%99%D7%9C%D7%99/,0,12,0,75.25
ייצוג תביעה הנגשת אתר,https://jus-tice.co.il/israel-tax-authority/,0,1,0,87
ייצוג+משפטי,https://jus-tice.co.il/,0,2,0,36
ייצור פרויקטים באיטליה,https://jus-tice.co.il/common-construction-defects-and-how-to-manage-them/,0,2,0,91.5
יישוב+סכסוכי+נדל״ן,https://jus-tice.co.il/construction-law/,0,1,0,61
"יישוב+סכסוכים+בנדל""ן",https://jus-tice.co.il/construction-law/,0,3,0,94.33333333333333
ילד שלא רוצה ללכת לאבא שלו,https://jus-tice.co.il/1027470-24/,0,1,0,15
ילדיו של הרבי מלובביץ,https://jus-tice.co.il/psakdin/%D7%97%D7%99%D7%A0%D7%95%D7%9A-%D7%94%D7%99%D7%9C%D7%93%D7%99%D7%9D-%D7%91%D7%9E%D7%95%D7%A1%D7%93-%D7%A9%D7%9C-%D7%90%D7%99%D7%96%D7%94-%D7%96%D7%A8%D7%9D-%D7%93%D7%AA%D7%99-%D7%99%D7%AA%D7%97%D7%A0/,0,1,0,34
יניב טרוס,https://jus-tice.co.il/wp-content/uploads/2020/03/%D7%99%D7%9C%D7%A7%D7%95%D7%98-%D7%94%D7%A4%D7%A8%D7%A1%D7%95%D7%9E%D7%99%D7%9D-8755.pdf,0,2,0,96
יעוץ משפטי,https://jus-tice.co.il/,0,1,0,53
יעוץ משפטי חינם,https://jus-tice.co.il/,0,1,0,40
יעוץ+משפטי+זול,https://jus-tice.co.il/,0,3,0,40.666666666666664
יעל בלכר,https://jus-tice.co.il/%D7%A7%D7%98%D7%92%D7%95%D7%A8%D7%99%D7%95%D7%AA-%D7%9E%D7%90%D7%9E%D7%A8%D7%99%D7%9D/%D7%9E%D7%A9%D7%A4%D7%98-%D7%9E%D7%A0%D7%94%D7%9C%D7%99/,0,3,0,27
יעל ייטב,https://jus-tice.co.il/decision50014-01-19/,0,6,0,9.333333333333334
יעל מושקוביץ שופטת,https://jus-tice.co.il/articles/%D7%91%D7%99%D7%A8%D7%95%D7%A8-%D7%96%D7%9B%D7%95%D7%99%D7%95%D7%AA-%D7%91%D7%AA-%D7%96%D7%95%D7%92-%D7%9E%D7%9B%D7%95%D7%97-%D7%97%D7%95%D7%A7-%D7%99%D7%97%D7%A1%D7%99-%D7%9E%D7%9E%D7%95%D7%9F-%D7%9C/,0,2,0,8.5
יעקב בכר שופט,https://jus-tice.co.il/court-judge/,0,1,0,27
יעקב לובצקי יועץ חשמל,https://jus-tice.co.il/%D7%A4%D7%99%D7%A6%D7%95%D7%99-%D7%91%D7%92%D7%99%D7%9F-%D7%90%D7%99%D7%97%D7%95%D7%A8-%D7%91%D7%9E%D7%A1%D7%99%D7%A8%D7%AA-%D7%93%D7%99%D7%A8%D7%94-%D7%9E%D7%A7%D7%91%D7%9C%D7%9F-%D7%AA%D7%90-10300-02-21/,0,1,0,73
יפוי כוח מתמשך,https://jus-tice.co.il/continuous-power-of-attorney-israel/,0,17,0,63.529411764705884
יפוי כוח מתמשך מקוון,https://jus-tice.co.il/continuous-power-of-attorney-israel/,0,5,0,64.8
יפוי כח מתמשך,https://jus-tice.co.il/continuous-power-of-attorney-israel/,0,102,0,73.50980392156863
יפוי כח מתמשך בין בני זוג,https://jus-tice.co.il/continuous-power-of-attorney-israel/,0,47,0,75.61702127659575
יפוי כח מתמשך הגשה מקוונת,https://jus-tice.co.il/continuous-power-of-attorney-israel/,0,2,0,77.5
יפוי כח מתמשך חסרונות,https://jus-tice.co.il/continuous-power-of-attorney-israel/,0,21,0,80.52380952380952
יפוי כח מתמשך לשכת עורכי הדין,https://jus-tice.co.il/continuous-power-of-attorney-israel/,0,1,0,29
יפוי כח מתמשך מקוון,https://jus-tice.co.il/continuous-power-of-attorney-israel/,0,52,0,72.23076923076923
יפוי כח עורך דין,https://jus-tice.co.il/continuous-power-of-attorney-israel/,0,2,0,88
יפויי כוח מתמשך,https://jus-tice.co.il/continuous-power-of-attorney-israel/,0,2,0,71.5
יפויי כח מתמשך,https://jus-tice.co.il/continuous-power-of-attorney-israel/,0,2,0,72
יפעת מישורי,https://jus-tice.co.il/court-judge/,0,2,0,9
יפעת קלמר,https://jus-tice.co.il/%D7%A1%D7%9B%D7%A1%D7%95%D7%9A-%D7%91%D7%99%D7%9F-%D7%90%D7%9C%D7%9E%D7%A0%D7%94-%D7%95%D7%99%D7%9C%D7%93%D7%99%D7%94-%D7%95%D7%90%D7%9E%D7%95-%D7%A9%D7%9C-%D7%94%D7%A0%D7%A4%D7%98%D7%A8-%D7%94%D7%A0%D7%95%D7%92%D7%A2%D7%95%D7%AA-%D7%9C%D7%96%D7%9B%D7%95%D7%99%D7%95%D7%AA-%D7%A2%D7%9C-%D7%93%D7%99%D7%A8%D7%94-%D7%AA%D7%9E%D7%A9-7662-07-18/,0,1,0,72
יקי גולד,https://jus-tice.co.il/wp-content/uploads/2022/06/06102016_1.pdf,0,18,0,3.2777777777777777
ירוחם חלפים,https://jus-tice.co.il/wp-content/uploads/2020/03/%D7%99%D7%9C%D7%A7%D7%95%D7%98-%D7%94%D7%A4%D7%A8%D7%A1%D7%95%D7%9E%D7%99%D7%9D-8755.pdf,0,1,0,35
ירושות וצוואות,https://jus-tice.co.il/%D7%A7%D7%98%D7%92%D7%95%D7%A8%D7%99%D7%95%D7%AA-%D7%9E%D7%90%D7%9E%D7%A8%D7%99%D7%9D/%D7%99%D7%A8%D7%95%D7%A9%D7%95%D7%AA-%D7%95%D7%A6%D7%95%D7%95%D7%90%D7%95%D7%AA/,0,1,0,72
ירושלים רובעים,https://jus-tice.co.il/corona_virus/%D7%90%D7%96%D7%95%D7%A8-%D7%9E%D7%95%D7%92%D7%91%D7%9C-%D7%94%D7%A8%D7%95%D7%91%D7%A2%D7%99%D7%9D-%D7%91%D7%A2%D7%99%D7%A8-%D7%99%D7%A8%D7%95%D7%A9%D7%9C%D7%9D/,0,2,0,75
ירידת ערך דירה עקב ליקויי בניה,https://jus-tice.co.il/decision28925-09-17/,0,12,0,39.583333333333336
יש שופטים בירושלים פירוש,https://jus-tice.co.il/articles/%D7%9E%D7%94%D7%95-%D7%91%D7%99%D7%AA-%D7%9E%D7%A9%D7%A4%D7%98/,0,1,0,84
ישי קורן שופט,https://jus-tice.co.il/court-judge/,0,1,0,17
ישראל אור קדמי ירוק אופנוע חוקי,https://jus-tice.co.il/wp-content/uploads/2020/01/hana_v9.32.88s.pdf,0,1,0,5
ישראל רוזוב,https://jus-tice.co.il/wp-content/uploads/2020/11/%D7%A8%D7%95%D7%96%D7%95%D7%91-%D7%A0-%D7%9E%D7%93%D7%99%D7%A0%D7%AA-%D7%99%D7%A9%D7%A8%D7%90%D7%9C.pdf,0,1,0,10
יתרת כרטיס נטען בנק הדואר,https://jus-tice.co.il/%D7%93%D7%97%D7%99%D7%99%D7%AA-%D7%91%D7%A7%D7%A9%D7%94-%D7%9C%D7%94%D7%AA%D7%A0%D7%92%D7%93%D7%95%D7%AA-%D7%9C%D7%A6%D7%95-%D7%99%D7%A8%D7%95%D7%A9%D7%94-%D7%A2%D7%9C-%D7%99%D7%93%D7%99-%D7%94%D7%A0%D7%AA%D7%91%D7%A2%D7%AA-%D7%94%D7%98%D7%95%D7%A2%D7%A0%D7%AA-%D7%9C%D7%94%D7%99%D7%95%D7%AA%D7%94-%D7%91%D7%AA-%D7%94%D7%96%D7%95%D7%92-%D7%A9%D7%9C-%D7%94%D7%9E%D7%A0%D7%95%D7%97-%D7%AA%D7%A2-57474-06-19/,0,1,0,56
כאבי שרירים אחרי הרדמה מלאה,https://jus-tice.co.il/anesthesia-medical-malpractice/,0,1,0,33
כביש דו סיטרי,https://jus-tice.co.il/wp-content/uploads/2020/01/hana_v9.32.88s.pdf,0,1,0,69
כונס הנכסים מידע מקוון,https://jus-tice.co.il/%D7%A7%D7%A8%D7%99%D7%98%D7%A8%D7%99%D7%95%D7%A0%D7%99%D7%9D-%D7%9C%D7%A7%D7%91%D7%99%D7%A2%D7%AA-%D7%9E%D7%A2%D7%9E%D7%93-%D7%91%D7%A0%D7%99-%D7%94%D7%96%D7%95%D7%92-%D7%9C%D7%A4%D7%A0%D7%99-%D7%94%D7%97%D7%AA%D7%95%D7%A0%D7%94-%D7%9B%D7%99%D7%93%D7%95%D7%A2%D7%99%D7%9D-%D7%91%D7%A6%D7%99%D7%91%D7%95%D7%A8/,0,7,0,77.57142857142857
כונס הנכסים מידע מקוון,https://jus-tice.co.il/changing-or-canceling-a-prenuptial-agreement/,0,2,0,52
כונס הנכסים מידע מקוון,https://jus-tice.co.il/insolvency/,0,12,0,76.41666666666667
כיווצפלציה תביעה ייצוגית,https://jus-tice.co.il/psakdin/,0,1,0,95
כיצד ינהג נוהג ברכב היוצא מדרך עפר,https://jus-tice.co.il/wp-content/uploads/2020/01/hana_v9.32.88s.pdf,0,1,0,70
כיצד ינהג נוהג ברכב המתקרב לתמרור,https://jus-tice.co.il/wp-content/uploads/2020/01/hana_v9.32.88s.pdf,0,1,0,38
כיצד יש להוביל מטען ברכב שאין בו תא נהג נפרד,https://jus-tice.co.il/wp-content/uploads/2020/01/hana_v9.32.88s.pdf,0,1,0,57
כיצד יש להסיע ברכב ילד שטרם מלאה לו שנה,https://jus-tice.co.il/wp-content/uploads/2020/01/hana_v9.32.88s.pdf,0,1,0,66
כיצד יש להסיע ברכב ילד שטרם מלאו לו שלוש שנים,https://jus-tice.co.il/wp-content/uploads/2020/01/hana_v9.32.88s.pdf,0,1,0,77
כיצד יש לנהוג אחרי שעברת את התמרור המוצב משמאל,https://jus-tice.co.il/wp-content/uploads/2020/01/hana_v9.32.88s.pdf,0,1,0,25
כיצד יש לנהוג ממקום הצבת התמרור ועד אחרי המסילה,https://jus-tice.co.il/wp-content/uploads/2020/01/hana_v9.32.88s.pdf,0,2,0,35
כיצד יש לנהוג ממקום הצבת התמרור ועד אחרי המסילה?,https://jus-tice.co.il/wp-content/uploads/2020/01/hana_v9.32.88s.pdf,0,1,0,29
כיצד עליך לנהוג בהתקרבך למחסום,https://jus-tice.co.il/wp-content/uploads/2020/01/hana_v9.32.88s.pdf,0,2,0,19
כיצד עליך לנהוג בהתקרבך לסימון על פני הדרך,https://jus-tice.co.il/wp-content/uploads/2020/01/hana_v9.32.88s.pdf,0,1,0,24
כירורג פלסטי,https://jus-tice.co.il/%D7%9E%D7%A0%D7%AA%D7%97-%D7%A4%D7%9C%D7%A1%D7%98%D7%99-%D7%A4%D7%A0%D7%99%D7%9D/,0,11,0,90.72727272727273
כל זכות דיני עבודה,https://jus-tice.co.il/israeli-labor-law/,0,1,0,74
כל זכות ייפוי כוח מתמשך,https://jus-tice.co.il/continuous-power-of-attorney-israel/,0,1,0,26
כלי seo,https://jus-tice.co.il/powerful-seo-tools-for-your-law-firm/,0,6,0,33.166666666666664
כלי בידי המעסיק לעת סכסוך עבודה,https://jus-tice.co.il/coronavirus-employers-guide/,0,2,0,25
כלי לקידום אתרים,https://jus-tice.co.il/powerful-seo-tools-for-your-law-firm/,0,1,0,100
"כלי+ניתוח+עסקאות+נדל""ן",https://jus-tice.co.il/property-investment-calculator/,0,2,0,39
כלים seo,https://jus-tice.co.il/powerful-seo-tools-for-your-law-firm/,0,22,0,78.27272727272727
כלים שלובים כניסת עורכי דין,https://jus-tice.co.il/psakdin/%D7%94%D7%98%D7%99%D7%A4%D7%95%D7%9C-%D7%91%D7%A0%D7%A4%D7%92%D7%A2%D7%99-%D7%A2%D7%91%D7%99%D7%A8%D7%95%D7%AA-%D7%9E%D7%99%D7%9F-%D7%91%D7%94%D7%9C%D7%99%D7%9A-%D7%94%D7%A4%D7%9C%D7%99%D7%9C%D7%99/,0,1,0,38
"כלים+למשקיעי+נדל""ן",https://jus-tice.co.il/property-investment-calculator/,0,8,0,54.25
"כלים+לניתוח+השקעות+נדל""ן",https://jus-tice.co.il/property-investment-calculator/,0,7,0,49.142857142857146
כלל אובדן כושר עבודה,https://jus-tice.co.il/income-protection-insurance/,0,2,0,69.5
כלל ביטוח אובדן כושר עבודה,https://jus-tice.co.il/income-protection-insurance/,0,1,0,47
כלל חישוב 12 הוצאה לפועל,https://jus-tice.co.il/%D7%9E%D7%96%D7%95%D7%A0%D7%95%D7%AA-%D7%94%D7%99%D7%9C%D7%93%D7%99%D7%9D-%D7%94%D7%90%D7%9D-%D7%9C%D7%A4%D7%99-%D7%A6%D7%A8%D7%99%D7%9B%D7%94-%D7%91%D7%A4%D7%95%D7%A2%D7%9C-%D7%90%D7%95-%D7%A2%D7%A8%D7%9A-%D7%A9%D7%95%D7%9C%D7%99/,0,1,0,42
כללי השפיטה,https://jus-tice.co.il/wp-content/uploads/2022/06/yesod10.pdf,0,1,0,81
כללי נציבות שירות המדינה,https://jus-tice.co.il/articles/%D7%94%D7%90%D7%9D-%D7%9C%D7%A0%D7%A6%D7%99%D7%91-%D7%A9%D7%99%D7%A8%D7%95%D7%AA-%D7%94%D7%9E%D7%93%D7%99%D7%A0%D7%94-%D7%99%D7%A9-%D7%A1%D7%9E%D7%9B%D7%95%D7%AA-%D7%9C%D7%97%D7%AA%D7%95%D7%9D-%D7%A2/,0,4,0,29
כללים לביטול הסכם ממון,https://jus-tice.co.il/changing-or-canceling-a-prenuptial-agreement/,0,3,0,37.333333333333336
כמה אחוז מס יורד מהמשכורת,https://jus-tice.co.il/israel-tax-authority/,0,1,0,46
כמה אחוזים לוקח עורך דין מכירת דירה,https://jus-tice.co.il/real-estate-lawyer-cost-2025/,0,56,0,49.464285714285715
כמה אחוזים לוקח עורך דין רשלנות רפואית,https://jus-tice.co.il/articles/%D7%A9%D7%9B%D7%A8-%D7%98%D7%A8%D7%97%D7%94-%D7%A2%D7%95%D7%A8%D7%9A-%D7%93%D7%99%D7%9F-%D7%A8%D7%A9%D7%9C%D7%A0%D7%95%D7%AA-%D7%A8%D7%A4%D7%95%D7%90%D7%99%D7%AA/,0,9,0,27.666666666666668
כמה זה דמי מזונות,https://jus-tice.co.il/%D7%9E%D7%97%D7%A9%D7%91%D7%95%D7%9F-%D7%9E%D7%96%D7%95%D7%A0%D7%95%D7%AA-%D7%99%D7%9C%D7%93%D7%99%D7%9D/,0,1,0,79
כמה זה מזונות לילד,https://jus-tice.co.il/%D7%9E%D7%97%D7%A9%D7%91%D7%95%D7%9F-%D7%9E%D7%96%D7%95%D7%A0%D7%95%D7%AA-%D7%99%D7%9C%D7%93%D7%99%D7%9D/,0,48,0,62.9375
כמה זה תשלום מזונות,https://jus-tice.co.il/%D7%9E%D7%97%D7%A9%D7%91%D7%95%D7%9F-%D7%9E%D7%96%D7%95%D7%A0%D7%95%D7%AA-%D7%99%D7%9C%D7%93%D7%99%D7%9D/,0,2,0,77
כמה זוגות מתגרשים בשנה בישראל,https://jus-tice.co.il/%D7%A1%D7%98%D7%98%D7%99%D7%A1%D7%98%D7%99%D7%A7%D7%94-%D7%A2%D7%9C-%D7%92%D7%99%D7%A8%D7%95%D7%A9%D7%99%D7%9F/,0,1,0,64
כמה כסף מקבלים על אימוץ ילד,https://jus-tice.co.il/psakdin/%D7%90%D7%99%D7%9E%D7%95%D7%A5-%D7%99%D7%9C%D7%93-%D7%9E%D7%90%D7%95%D7%A7%D7%A8%D7%90%D7%99%D7%A0%D7%94-%D7%AA%D7%91%D7%99%D7%A2%D7%AA-%D7%A0%D7%96%D7%99%D7%A7%D7%99%D7%9F-%D7%91%D7%92%D7%99%D7%9F/,0,2,0,33.5
כמה לוחיות זיהוי יותקנו ברכב נוסעים פרטי,https://jus-tice.co.il/wp-content/uploads/2020/01/hana_v9.32.88s.pdf,0,1,0,82
כמה לוקח מתווך על קניית דירה,https://jus-tice.co.il/real-estate-lawyer-cost-2025/,0,1,0,17
כמה לוקח עורך דין על מכירת דירה,https://jus-tice.co.il/real-estate-lawyer-cost-2025/,0,14,0,40
כמה לוקח עורך דין על קניית דירה,https://jus-tice.co.il/real-estate-lawyer-cost-2025/,0,53,0,74.18867924528301
כמה לוקח עורך דין על רכישת דירה,https://jus-tice.co.il/real-estate-lawyer-cost-2025/,0,35,0,69.11428571428571
כמה מזונות 3 ילדים,https://jus-tice.co.il/%D7%9E%D7%97%D7%A9%D7%91%D7%95%D7%9F-%D7%9E%D7%96%D7%95%D7%A0%D7%95%D7%AA-%D7%99%D7%9C%D7%93%D7%99%D7%9D/,0,1,0,63
כמה מזונות לילד אחד,https://jus-tice.co.il/%D7%9E%D7%97%D7%A9%D7%91%D7%95%D7%9F-%D7%9E%D7%96%D7%95%D7%A0%D7%95%D7%AA-%D7%99%D7%9C%D7%93%D7%99%D7%9D/,0,37,0,72.94594594594595
כמה מזונות משלמים,https://jus-tice.co.il/%D7%9E%D7%97%D7%A9%D7%91%D7%95%D7%9F-%D7%9E%D7%96%D7%95%D7%A0%D7%95%D7%AA-%D7%99%D7%9C%D7%93%D7%99%D7%9D/,0,49,0,78.87755102040816
כמה מזונות משלמים לילד,https://jus-tice.co.il/%D7%9E%D7%97%D7%A9%D7%91%D7%95%D7%9F-%D7%9E%D7%96%D7%95%D7%A0%D7%95%D7%AA-%D7%99%D7%9C%D7%93%D7%99%D7%9D/,0,31,0,84.25806451612904
כמה מזונות משלמים על 2 ילדים,https://jus-tice.co.il/%D7%9E%D7%97%D7%A9%D7%91%D7%95%D7%9F-%D7%9E%D7%96%D7%95%D7%A0%D7%95%D7%AA-%D7%99%D7%9C%D7%93%D7%99%D7%9D/,0,92,0,74.8913043478261
כמה מזונות משלמים על 3 ילדים,https://jus-tice.co.il/%D7%9E%D7%97%D7%A9%D7%91%D7%95%D7%9F-%D7%9E%D7%96%D7%95%D7%A0%D7%95%D7%AA-%D7%99%D7%9C%D7%93%D7%99%D7%9D/,0,44,0,75.1590909090909
כמה מזונות משלמים על 4 ילדים,https://jus-tice.co.il/%D7%9E%D7%97%D7%A9%D7%91%D7%95%D7%9F-%D7%9E%D7%96%D7%95%D7%A0%D7%95%D7%AA-%D7%99%D7%9C%D7%93%D7%99%D7%9D/,0,55,0,72.6
כמה מזונות משלמים על ילד,https://jus-tice.co.il/%D7%9E%D7%97%D7%A9%D7%91%D7%95%D7%9F-%D7%9E%D7%96%D7%95%D7%A0%D7%95%D7%AA-%D7%99%D7%9C%D7%93%D7%99%D7%9D/,0,45,0,77.11111111111111
כמה מזונות משלמים על ילד אחד,https://jus-tice.co.il/%D7%9E%D7%97%D7%A9%D7%91%D7%95%D7%9F-%D7%9E%D7%96%D7%95%D7%A0%D7%95%D7%AA-%D7%99%D7%9C%D7%93%D7%99%D7%9D/,0,81,0,82.38271604938272
כמה מזונות משלמים על שני ילדים,https://jus-tice.co.il/%D7%9E%D7%97%D7%A9%D7%91%D7%95%D7%9F-%D7%9E%D7%96%D7%95%D7%A0%D7%95%D7%AA-%D7%99%D7%9C%D7%93%D7%99%D7%9D/,0,35,0,79.11428571428571
כמה מזונות על 3 ילדים,https://jus-tice.co.il/%D7%9E%D7%97%D7%A9%D7%91%D7%95%D7%9F-%D7%9E%D7%96%D7%95%D7%A0%D7%95%D7%AA-%D7%99%D7%9C%D7%93%D7%99%D7%9D/,0,2,0,70
כמה מינימום מזונות לילד,https://jus-tice.co.il/%D7%9E%D7%97%D7%A9%D7%91%D7%95%D7%9F-%D7%9E%D7%96%D7%95%D7%A0%D7%95%D7%AA-%D7%99%D7%9C%D7%93%D7%99%D7%9D/,0,2,0,90
כמה מקבלים מזונות על 3 ילדים,https://jus-tice.co.il/%D7%9E%D7%97%D7%A9%D7%91%D7%95%D7%9F-%D7%9E%D7%96%D7%95%D7%A0%D7%95%D7%AA-%D7%99%D7%9C%D7%93%D7%99%D7%9D/,0,40,0,75.85
כמה משלמים דמי מזונות,https://jus-tice.co.il/%D7%9E%D7%97%D7%A9%D7%91%D7%95%D7%9F-%D7%9E%D7%96%D7%95%D7%A0%D7%95%D7%AA-%D7%99%D7%9C%D7%93%D7%99%D7%9D/,0,37,0,75.13513513513513
כמה משלמים דמי מזונות לילד,https://jus-tice.co.il/%D7%9E%D7%97%D7%A9%D7%91%D7%95%D7%9F-%D7%9E%D7%96%D7%95%D7%A0%D7%95%D7%AA-%D7%99%D7%9C%D7%93%D7%99%D7%9D/,0,31,0,81.19354838709677
כמה משלמים לעו ד בקניית דירה,https://jus-tice.co.il/real-estate-lawyer-cost-2025/,0,1,0,58
כמה משלמים לעורך דין על מכירת דירה,https://jus-tice.co.il/real-estate-lawyer-cost-2025/,0,74,0,57.986486486486484
כמה משלמים לעורך דין על קניית דירה,https://jus-tice.co.il/real-estate-lawyer-cost-2025/,0,99,0,60.02020202020202
כמה משלמים לעורך דין קניית דירה,https://jus-tice.co.il/real-estate-lawyer-cost-2025/,0,45,0,64.11111111111111
כמה משלמים מזונות,https://jus-tice.co.il/%D7%9E%D7%97%D7%A9%D7%91%D7%95%D7%9F-%D7%9E%D7%96%D7%95%D7%A0%D7%95%D7%AA-%D7%99%D7%9C%D7%93%D7%99%D7%9D/,0,60,0,74.31666666666666
כמה משלמים מזונות ל2 ילדים,https://jus-tice.co.il/%D7%9E%D7%97%D7%A9%D7%91%D7%95%D7%9F-%D7%9E%D7%96%D7%95%D7%A0%D7%95%D7%AA-%D7%99%D7%9C%D7%93%D7%99%D7%9D/,0,37,0,74.51351351351352
כמה משלמים מזונות לילד,https://jus-tice.co.il/%D7%9E%D7%97%D7%A9%D7%91%D7%95%D7%9F-%D7%9E%D7%96%D7%95%D7%A0%D7%95%D7%AA-%D7%99%D7%9C%D7%93%D7%99%D7%9D/,0,40,0,67.625
כמה משלמים מזונות לילד אחד,https://jus-tice.co.il/%D7%9E%D7%97%D7%A9%D7%91%D7%95%D7%9F-%D7%9E%D7%96%D7%95%D7%A0%D7%95%D7%AA-%D7%99%D7%9C%D7%93%D7%99%D7%9D/,0,32,0,82.65625
כמה משלמים מזונות עבור ילד אחד,https://jus-tice.co.il/%D7%9E%D7%97%D7%A9%D7%91%D7%95%D7%9F-%D7%9E%D7%96%D7%95%D7%A0%D7%95%D7%AA-%D7%99%D7%9C%D7%93%D7%99%D7%9D/,0,35,0,70.22857142857143
כמה משלמים מזונות על 2 ילדים,https://jus-tice.co.il/%D7%9E%D7%97%D7%A9%D7%91%D7%95%D7%9F-%D7%9E%D7%96%D7%95%D7%A0%D7%95%D7%AA-%D7%99%D7%9C%D7%93%D7%99%D7%9D/,0,147,0,80.02721088435374
כמה משלמים מזונות על 3 ילדים,https://jus-tice.co.il/%D7%9E%D7%97%D7%A9%D7%91%D7%95%D7%9F-%D7%9E%D7%96%D7%95%D7%A0%D7%95%D7%AA-%D7%99%D7%9C%D7%93%D7%99%D7%9D/,0,105,0,63.142857142857146
כמה משלמים מזונות על 4 ילדים,https://jus-tice.co.il/%D7%9E%D7%97%D7%A9%D7%91%D7%95%D7%9F-%D7%9E%D7%96%D7%95%D7%A0%D7%95%D7%AA-%D7%99%D7%9C%D7%93%D7%99%D7%9D/,0,80,0,75.4
כמה משלמים מזונות על 5 ילדים,https://jus-tice.co.il/%D7%9E%D7%97%D7%A9%D7%91%D7%95%D7%9F-%D7%9E%D7%96%D7%95%D7%A0%D7%95%D7%AA-%D7%99%D7%9C%D7%93%D7%99%D7%9D/,0,1,0,83
כמה משלמים מזונות על ילד 1,https://jus-tice.co.il/%D7%9E%D7%97%D7%A9%D7%91%D7%95%D7%9F-%D7%9E%D7%96%D7%95%D7%A0%D7%95%D7%AA-%D7%99%D7%9C%D7%93%D7%99%D7%9D/,0,53,0,78.54716981132076
כמה משלמים מזונות על ילד אחד,https://jus-tice.co.il/%D7%9E%D7%97%D7%A9%D7%91%D7%95%D7%9F-%D7%9E%D7%96%D7%95%D7%A0%D7%95%D7%AA-%D7%99%D7%9C%D7%93%D7%99%D7%9D/,0,40,0,84.15
כמה משלמים מזונות על שני ילדים,https://jus-tice.co.il/%D7%9E%D7%97%D7%A9%D7%91%D7%95%D7%9F-%D7%9E%D7%96%D7%95%D7%A0%D7%95%D7%AA-%D7%99%D7%9C%D7%93%D7%99%D7%9D/,0,1,0,87
כמה סך הכל,https://jus-tice.co.il/psakdin/%D7%A9%D7%99%D7%A2%D7%95%D7%A8%D7%99-%D7%94%D7%A8%D7%A9%D7%A2%D7%94-%D7%95%D7%96%D7%99%D7%9B%D7%95%D7%99-%D7%91%D7%94%D7%9C%D7%99%D7%9B%D7%99%D7%9D-%D7%A4%D7%9C%D7%99%D7%9C%D7%99%D7%99%D7%9D/,0,1,0,1
כמה עולה ביטוח דירה שכורה,https://jus-tice.co.il/home-insurance/,0,3,0,46
כמה עולה דירה בהודו,https://jus-tice.co.il/apartment/,0,2,0,52.5
כמה עולה הסכם גירושין,https://jus-tice.co.il/how-much-does-a-divorce-agreement-cost/,0,24,0,20.416666666666668
כמה עולה הסכם גירושין אצל עורך דין,https://jus-tice.co.il/%D7%A2%D7%95%D7%93-%D7%92%D7%99%D7%A8%D7%95%D7%A9%D7%99%D7%9F-%D7%9E%D7%95%D7%9E%D7%9C%D7%A5-%D7%9B%D7%99%D7%A6%D7%93-%D7%9C%D7%9E%D7%A6%D7%95%D7%90-%D7%A2%D7%95%D7%A8%D7%9A-%D7%93%D7%99%D7%9F-%D7%92%D7%99%D7%A8%D7%95%D7%A9%D7%99%D7%9F-%D7%95%D7%9B%D7%9E%D7%94-%D7%A2%D7%95%D7%9C%D7%94-%D7%9C%D7%94%D7%AA%D7%92%D7%A8%D7%A9/,0,35,0,73.4
כמה עולה הסכם גירושין אצל עורך דין,https://jus-tice.co.il/how-much-does-a-divorce-agreement-cost/,0,91,0,71.53846153846153
כמה עולה הסכם חלוקת עיזבון,https://jus-tice.co.il/how-much-does-a-divorce-agreement-cost/,0,8,0,43
כמה עולה הסכם ממון אצל עורך דין,https://jus-tice.co.il/prenup-attorney/,0,1,0,30
כמה עולה חוזה מכירת דירה,https://jus-tice.co.il/real-estate-lawyer-cost-2025/,0,4,0,21.25
כמה עולה חוזה שכירות אצל עורך דין,https://jus-tice.co.il/real-estate-lawyer-cost-2025/,0,1,0,99
כמה עולה לאמץ ילד בישראל,https://jus-tice.co.il/psakdin/%D7%90%D7%99%D7%9E%D7%95%D7%A5-%D7%99%D7%9C%D7%93-%D7%9E%D7%90%D7%95%D7%A7%D7%A8%D7%90%D7%99%D7%A0%D7%94-%D7%AA%D7%91%D7%99%D7%A2%D7%AA-%D7%A0%D7%96%D7%99%D7%A7%D7%99%D7%9F-%D7%91%D7%92%D7%99%D7%9F/,0,1,0,32
כמה עולה להתגרש,https://jus-tice.co.il/how-much-does-a-divorce-agreement-cost/,0,3,0,94.66666666666667
כמה עולה לכרות ביטקוין,https://jus-tice.co.il/what-is-bitcoin/,0,1,0,44
כמה עולה לעשות הסכם גירושין,https://jus-tice.co.il/how-much-does-a-divorce-agreement-cost/,0,2,0,18.5
כמה עולה לעשות ייפוי כוח מתמשך אצל עורך דין,https://jus-tice.co.il/continuous-power-of-attorney-israel/,0,1,0,46
כמה עולה מזונות לילד,https://jus-tice.co.il/%D7%9E%D7%97%D7%A9%D7%91%D7%95%D7%9F-%D7%9E%D7%96%D7%95%D7%A0%D7%95%D7%AA-%D7%99%D7%9C%D7%93%D7%99%D7%9D/,0,60,0,54.56666666666667
כמה עולה עורך דין גירושין,https://jus-tice.co.il/%D7%A2%D7%95%D7%93-%D7%92%D7%99%D7%A8%D7%95%D7%A9%D7%99%D7%9F-%D7%9E%D7%95%D7%9E%D7%9C%D7%A5-%D7%9B%D7%99%D7%A6%D7%93-%D7%9C%D7%9E%D7%A6%D7%95%D7%90-%D7%A2%D7%95%D7%A8%D7%9A-%D7%93%D7%99%D7%9F-%D7%92%D7%99%D7%A8%D7%95%D7%A9%D7%99%D7%9F-%D7%95%D7%9B%D7%9E%D7%94-%D7%A2%D7%95%D7%9C%D7%94-%D7%9C%D7%94%D7%AA%D7%92%D7%A8%D7%A9/,0,152,0,71.63815789473684
כמה עולה עורך דין לקניית דירה,https://jus-tice.co.il/real-estate-lawyer-cost-2025/,0,56,0,82.08928571428571
כמה עולה עורך דין לרכישת דירה,https://jus-tice.co.il/real-estate-lawyer-cost-2025/,0,2,0,50.5
כמה עולה עורך דין מכירת דירה,https://jus-tice.co.il/real-estate-lawyer-cost-2025/,0,1,0,27
כמה עולה עורך דין קניית דירה,https://jus-tice.co.il/real-estate-lawyer-cost-2025/,0,1,0,18
כמה עולה עורך דין רכישת דירה,https://jus-tice.co.il/real-estate-lawyer-cost-2025/,0,3,0,62.333333333333336
כמה עולה רישום הערת אזהרה בטאבו,https://jus-tice.co.il/real-estate-lawyer-cost-2025/,0,1,0,33
כמה שווה ביטקויין אחד,https://jus-tice.co.il/what-is-bitcoin/,0,1,0,87
כמה שופטים יש בבית המשפט העליון,https://jus-tice.co.il/court-judge/,0,1,0,15
כן,https://jus-tice.co.il/articles/%D7%94%D7%90%D7%9D-%D7%9C%D7%A0%D7%A6%D7%99%D7%91-%D7%A9%D7%99%D7%A8%D7%95%D7%AA-%D7%94%D7%9E%D7%93%D7%99%D7%A0%D7%94-%D7%99%D7%A9-%D7%A1%D7%9E%D7%9B%D7%95%D7%AA-%D7%9C%D7%97%D7%AA%D7%95%D7%9D-%D7%A2/,0,1,0,2
כן,https://jus-tice.co.il/articles/%D7%9E%D7%93%D7%A8%D7%99%D7%9A-2025-%D7%9E%D7%94-%D7%97%D7%A9%D7%95%D7%91-%D7%9C%D7%9B%D7%9C%D7%95%D7%9C-%D7%91%D7%97%D7%95%D7%96%D7%94-%D7%9E%D7%95%D7%9C-%D7%A7%D7%91%D7%9C%D7%9F-%D7%91%D7%A8%D7%9B/,0,1,0,2
כן,https://jus-tice.co.il/legal-services-in-portugal/,0,1,0,3
כן,https://jus-tice.co.il/psakdin/%D7%91%D7%AA%D7%99-%D7%9E%D7%A9%D7%A4%D7%98-%D7%A0%D7%95%D7%94%D7%9C-%D7%97%D7%99%D7%A1%D7%99%D7%95%D7%9F-%D7%AA%D7%99%D7%A7%D7%99%D7%9D/,0,1,0,4
כן,https://jus-tice.co.il/psakdin/%D7%94%D7%9C%D7%99%D7%9B%D7%99-%D7%92%D7%99%D7%A8%D7%95%D7%A9%D7%99%D7%9F-%D7%9E%D7%91%D7%97%D7%9F-%D7%94%D7%96%D7%99%D7%A7%D7%95%D7%AA-%D7%98%D7%A2%D7%A0%D7%94-%D7%9B%D7%99-%D7%91%D7%99%D7%9E/,0,1,0,8
כן,https://jus-tice.co.il/psakdin/%D7%94%D7%AA%D7%A0%D7%92%D7%93%D7%95%D7%AA-%D7%9C%D7%A6%D7%95%D7%95%D7%90%D7%94-%D7%91%D7%A9%D7%9C-%D7%94%D7%A9%D7%A4%D7%A2%D7%94-%D7%91%D7%9C%D7%AA%D7%99-%D7%94%D7%95%D7%92%D7%A0%D7%AA/,0,1,0,6
כן,https://jus-tice.co.il/real-estate-lawyer-cost-2025/,0,1,0,7
כן,https://jus-tice.co.il/tel-aviv-city-best-lawyers/,0,1,0,1
כן,https://jus-tice.co.il/wp-content/uploads/2022/06/06102016_1.pdf,0,1,0,3
כן,https://jus-tice.co.il/wp-content/uploads/2023/02/%D7%91%D7%A7%D7%A9%D7%AA-%D7%9E%D7%A2%D7%A6%D7%A8-%D7%93%D7%A7%D7%99%D7%A8%D7%94-%D7%97%D7%95%D7%9C%D7%95%D7%9F-.pdf,0,1,0,1
כן,https://jus-tice.co.il/wp-content/uploads/2023/02/%D7%9B%D7%AA%D7%91-%D7%90%D7%99%D7%A9%D7%95%D7%9D-%D7%97%D7%95%D7%9C%D7%95%D7%9F-.pdf,0,1,0,2
כן בבקשה,https://jus-tice.co.il/psakdin/%D7%91%D7%AA%D7%99-%D7%9E%D7%A9%D7%A4%D7%98-%D7%A0%D7%95%D7%94%D7%9C-%D7%97%D7%99%D7%A1%D7%99%D7%95%D7%9F-%D7%AA%D7%99%D7%A7%D7%99%D7%9D/,0,1,0,8
כנסת ישראל טלפונים,https://jus-tice.co.il/%D7%A7%D7%98%D7%92%D7%95%D7%A8%D7%99%D7%95%D7%AA-%D7%9E%D7%90%D7%9E%D7%A8%D7%99%D7%9D/%D7%9B%D7%A0%D7%A1%D7%AA-%D7%99%D7%A9%D7%A8%D7%90%D7%9C/,0,1,0,20
כנסת ישראל טלפונים,https://jus-tice.co.il/articles/%D7%93%D7%99%D7%9F-%D7%95%D7%97%D7%A9%D7%91%D7%95%D7%9F-%D7%9B%D7%A0%D7%A1%D7%AA-%D7%99%D7%A9%D7%A8%D7%90%D7%9C-2020/,0,1,0,61
כספת בבנק דיסקונט,https://jus-tice.co.il/wp-content/uploads/2022/06/%D7%9E%D7%98%D7%91%D7%A2%D7%95%D7%AA-%D7%93%D7%99%D7%92%D7%99%D7%98%D7%9C%D7%99%D7%99%D7%9D-9.pdf,0,1,0,94
כספת לקריפטו,https://jus-tice.co.il/psakdin/%D7%91%D7%AA%D7%99-%D7%9E%D7%A9%D7%A4%D7%98-%D7%A0%D7%95%D7%94%D7%9C-%D7%97%D7%99%D7%A1%D7%99%D7%95%D7%9F-%D7%AA%D7%99%D7%A7%D7%99%D7%9D/,0,2,0,67
כרייה ביטקוין,https://jus-tice.co.il/what-is-bitcoin/,0,1,0,71
כריית ביטקוין מה זה,https://jus-tice.co.il/what-is-bitcoin/,0,2,0,47.5
כרמקס מניה,https://jus-tice.co.il/wp-content/uploads/2019/03/%D7%91%D7%99%D7%94%D7%93-%D7%94%D7%90%D7%99%D7%96%D7%95%D7%A8%D7%99-%D7%9C%D7%A2%D7%91%D7%95%D7%93%D7%94-%D7%91%D7%A0%D7%A6%D7%A8%D7%AA-%D7%A9-%D7%98%D7%9C-%D7%92%D7%95%D7%9C%D7%9F-%D7%A4%D7%A1%D7%93-%D7%91%D7%AA%D7%91%D7%99%D7%A2%D7%95%D7%AA-%D7%94%D7%93%D7%93%D7%99%D7%95%D7%AA-%D7%A9%D7%9C-%D7%97%D7%91%D7%A8%D7%94-%D7%9C%D7%99%D7%99%D7%A6%D7%95%D7%A8-%D7%99%D7%A8%D7%99%D7%A2%D7%95%D7%AA-%D7%A4%D7%9C%D7%A1%D7%98%D7%99%D7%A7-%D7%9C%D7%97%D7%A7%D7%9C%D7%90%D7%95%D7%AA-%D7%95%D7%9E%D7%A0%D7%9B%D7%9C-%D7%94%D7%97%D7%91%D7%A8%D7%94-%D7%9C%D7%A9%D7%A2%D7%91%D7%A8.pdf,0,1,0,25
כשהתגרשת היה לחדרה משותפת מהגרושה,https://jus-tice.co.il/articles/%D7%94%D7%9C%D7%99%D7%9B%D7%99-%D7%92%D7%99%D7%A8%D7%95%D7%A9%D7%99%D7%9F-%D7%99%D7%95%D7%A6%D7%A8%D7%99%D7%9D-%D7%93%D7%99%D7%A0%D7%99%D7%9D-%D7%9E%D7%99%D7%95%D7%97%D7%93%D7%99%D7%9D-%D7%91%D7%99/,0,3,0,9.666666666666666
כשיש תמרור האוסר פנייה שמאלה בצומת,https://jus-tice.co.il/wp-content/uploads/2020/01/hana_v9.32.88s.pdf,0,1,0,56
כשיש תמרור האוסר פנייה שמאלה בצומת:,https://jus-tice.co.il/wp-content/uploads/2020/01/hana_v9.32.88s.pdf,0,1,0,47
כתב אישום תיק 1000,https://jus-tice.co.il/%D7%A0%D7%95%D7%A1%D7%97-%D7%9B%D7%AA%D7%91-%D7%94%D7%90%D7%99%D7%A9%D7%95%D7%9D-%D7%A0%D7%92%D7%93-%D7%91%D7%A0%D7%99%D7%9E%D7%99%D7%9F-%D7%A0%D7%AA%D7%A0%D7%99%D7%94%D7%95-%D7%AA%D7%99%D7%A7%D7%99%D7%9D-1000-2000-4000,0,1,0,9
כתב אישום תיק 4000,https://jus-tice.co.il/%D7%A0%D7%95%D7%A1%D7%97-%D7%9B%D7%AA%D7%91-%D7%94%D7%90%D7%99%D7%A9%D7%95%D7%9D-%D7%A0%D7%92%D7%93-%D7%91%D7%A0%D7%99%D7%9E%D7%99%D7%9F-%D7%A0%D7%AA%D7%A0%D7%99%D7%94%D7%95-%D7%AA%D7%99%D7%A7%D7%99%D7%9D-1000-2000-4000,0,1,0,11
כתב מינוי עובד מדינה,https://jus-tice.co.il/articles/%D7%94%D7%90%D7%9D-%D7%9C%D7%A0%D7%A6%D7%99%D7%91-%D7%A9%D7%99%D7%A8%D7%95%D7%AA-%D7%94%D7%9E%D7%93%D7%99%D7%A0%D7%94-%D7%99%D7%A9-%D7%A1%D7%9E%D7%9B%D7%95%D7%AA-%D7%9C%D7%97%D7%AA%D7%95%D7%9D-%D7%A2/,0,1,0,1
כתב ערובה משטרת ישראל,https://jus-tice.co.il/psakdin/,0,2,0,83
כתב תביעה איחור במסירת דירה,https://jus-tice.co.il/%D7%A4%D7%99%D7%A6%D7%95%D7%99-%D7%91%D7%92%D7%99%D7%9F-%D7%90%D7%99%D7%97%D7%95%D7%A8-%D7%91%D7%9E%D7%A1%D7%99%D7%A8%D7%AA-%D7%93%D7%99%D7%A8%D7%94-%D7%9E%D7%A7%D7%91%D7%9C%D7%9F-%D7%AA%D7%90-10300-02-21/,0,2,0,17
כתב תביעה לבית הדין לעבודה דוגמא,https://jus-tice.co.il/psakdin/%D7%A4%D7%A1%D7%A7-%D7%93%D7%99%D7%9F-%D7%A4%D7%99%D7%A6%D7%95%D7%99%D7%99-%D7%A4%D7%99%D7%98%D7%95%D7%A8%D7%99%D7%9F-%D7%AA%D7%91%D7%99%D7%A2%D7%94-%D7%9C%D7%94%D7%A8%D7%9E%D7%AA-%D7%9E%D7%A1%D7%9A/,0,1,0,32
כתב תביעה לגירושין דוגמא,https://jus-tice.co.il/wp-content/uploads/2021/03/%D7%A0%D7%95%D7%A1%D7%97-%D7%94%D7%A1%D7%9B%D7%9D-%D7%92%D7%99%D7%A8%D7%95%D7%A9%D7%99%D7%9F-%D7%93%D7%95%D7%92%D7%9E%D7%90-2021.docx,0,4,0,30.5
כתב תביעה למזונות ומדור,https://jus-tice.co.il/33316-07-19/,0,3,0,80.33333333333333
כתב תביעה למזונות ומדור,https://jus-tice.co.il/child-support-divorced-parents61641-09-19/,0,3,0,76.33333333333333
כתב תביעה למזונות ומדור,https://jus-tice.co.il/psakdin/%D7%AA%D7%91%D7%99%D7%A2%D7%94-%D7%9C%D7%9E%D7%96%D7%95%D7%A0%D7%95%D7%AA-%D7%90%D7%99%D7%A9%D7%94-%D7%95%D7%A7%D7%98%D7%99%D7%A0%D7%95%D7%AA/,0,110,0,37.85454545454545
כתב תביעה רשלנות רפואית,https://jus-tice.co.il/%D7%9E%D7%A1%D7%9E%D7%9B%D7%99%D7%9D-%D7%97%D7%A9%D7%95%D7%91%D7%99%D7%9D-%D7%9C%D7%AA%D7%91%D7%99%D7%A2%D7%AA-%D7%A8%D7%A9%D7%9C%D7%A0%D7%95%D7%AA-%D7%A8%D7%A4%D7%95%D7%90%D7%99%D7%AA/,0,1,0,77
כתב תביעה רשלנות רפואית דוגמא,https://jus-tice.co.il/articles/%D7%9E%D7%A7%D7%A8%D7%99-%D7%A8%D7%A9%D7%9C%D7%A0%D7%95%D7%AA-%D7%A8%D7%A4%D7%95%D7%90%D7%99%D7%AA-%D7%93%D7%95%D7%92%D7%9E%D7%90%D7%95%D7%AA/,0,1,0,22
כתובת ביטקוין,https://jus-tice.co.il/what-is-bitcoin/,0,1,0,48
לא דק פורתא,https://jus-tice.co.il/articles/%D7%97%D7%95%D7%91%D7%AA-%D7%94%D7%90%D7%91-%D7%91%D7%9E%D7%93%D7%95%D7%A8-%D7%99%D7%9C%D7%93%D7%99%D7%95-%D7%91%D7%93%D7%99%D7%A8%D7%94-%D7%A9%D7%91%D7%91%D7%A2%D7%9C%D7%95%D7%AA-%D7%94%D7%90%D7%9D/,0,1,0,54
לאבד את אליס לצפייה ישירה פרק 7,https://jus-tice.co.il/israel-tax-authority/,0,1,0,54
לבדיקתך אודה,https://jus-tice.co.il/psakdin/%D7%A4%D7%A1%D7%93-%D7%91%D7%AA%D7%95%D7%91%D7%A2%D7%A0%D7%94-%D7%A0%D7%96%D7%99%D7%A7%D7%99%D7%AA-%D7%A0%D7%92%D7%93-%D7%99%D7%A6%D7%97%D7%A7-%D7%94%D7%A8%D7%A6%D7%95%D7%92-%D7%95%D7%90%D7%97/,0,3,0,80
לבילי פירוש,https://jus-tice.co.il/psakdin/%D7%91%D7%99%D7%98%D7%95%D7%9C-%D7%A6%D7%95%D7%95%D7%90%D7%94-%D7%9E%D7%90%D7%95%D7%97%D7%A8%D7%AA-%D7%91%D7%A9%D7%9C-%D7%94%D7%A9%D7%A4%D7%A2%D7%94-%D7%91%D7%9C%D7%AA%D7%99-%D7%94%D7%95%D7%92%D7%A0/,0,1,0,29
להגני,https://jus-tice.co.il/wp-content/uploads/2019/03/%D7%91%D7%99%D7%94%D7%93-%D7%94%D7%90%D7%99%D7%96%D7%95%D7%A8%D7%99-%D7%9C%D7%A2%D7%91%D7%95%D7%93%D7%94-%D7%91%D7%A9-%D7%A9-%D7%A6%D7%91%D7%99-%D7%A4%D7%A8%D7%A0%D7%A7%D7%9C-%D7%A4%D7%A1%D7%93-%D7%91%D7%A0%D7%95%D7%A9%D7%90-%D7%9E%D7%99%D7%A7%D7%A8%D7%95%D7%98%D7%A8%D7%90%D7%95%D7%9E%D7%94-%D7%91%D7%A2%D7%91%D7%95%D7%93%D7%94-%D7%A9%D7%94%D7%AA%D7%A0%D7%94%D7%9C%D7%94-%D7%A2%D7%9C-%D7%A4%D7%A0%D7%99-%D7%97%D7%93%D7%A9%D7%99%D7%9D-%D7%A1%D7%A4%D7%95%D7%A8%D7%99%D7%9D-%D7%91%D7%9C%D7%91%D7%93.pdf,0,1,0,36
להרדים באנגלית,https://jus-tice.co.il/anesthesia-medical-malpractice/,0,1,0,27
להתגרש בלי עורך דין,https://jus-tice.co.il/%D7%A2%D7%95%D7%93-%D7%92%D7%99%D7%A8%D7%95%D7%A9%D7%99%D7%9F-%D7%9E%D7%95%D7%9E%D7%9C%D7%A5-%D7%9B%D7%99%D7%A6%D7%93-%D7%9C%D7%9E%D7%A6%D7%95%D7%90-%D7%A2%D7%95%D7%A8%D7%9A-%D7%93%D7%99%D7%9F-%D7%92%D7%99%D7%A8%D7%95%D7%A9%D7%99%D7%9F-%D7%95%D7%9B%D7%9E%D7%94-%D7%A2%D7%95%D7%9C%D7%94-%D7%9C%D7%94%D7%AA%D7%92%D7%A8%D7%A9/,0,1,0,70
להתגרש חכם,https://jus-tice.co.il/strategic-divorce-cost-planning/,0,1,0,26
לווי בעסקת מכר,https://jus-tice.co.il/real-estate-lawyer-cost-2025/,0,14,0,75.21428571428571
לורה מרנו ג'סי,https://jus-tice.co.il/damages-claim-husband-ketubah-obligation/,0,3,0,35.666666666666664
לידיה רבינוביץ,https://jus-tice.co.il/%D7%9E%D7%97%D7%A7%D7%A8-%D7%9E%D7%99%D7%9E%D7%95%D7%A9-%D7%96%D7%9B%D7%95%D7%99%D7%95%D7%AA-%D7%A7%D7%98%D7%99%D7%A0%D7%99%D7%9D-%D7%A0%D7%A4%D7%92%D7%A2%D7%99-%D7%A2%D7%91%D7%99%D7%A8%D7%95%D7%AA-%D7%9E%D7%99%D7%9F-%D7%97%D7%9E%D7%95%D7%A8%D7%95%D7%AA-%D7%91%D7%AA%D7%99%D7%A7%D7%99-%D7%94%D7%A1%D7%99%D7%95%D7%A2-%D7%94%D7%9E%D7%A9%D7%A4%D7%98%D7%99/,0,1,0,20
ליה ממן הבנים והבנות,https://jus-tice.co.il/%D7%94%D7%90%D7%9D-%D7%AA%D7%A9%D7%9C%D7%9D-%D7%9E%D7%96%D7%95%D7%A0%D7%95%D7%AA-%D7%99%D7%9C%D7%93%D7%99%D7%9D-%D7%91%D7%99%D7%AA-%D7%93%D7%99%D7%9F-%D7%A8%D7%91%D7%A0%D7%99-2022/,0,1,0,66
ליה ממן הבנים והבנות,https://jus-tice.co.il/articles/%D7%A7%D7%91%D7%99%D7%A2%D7%AA-%D7%92%D7%93%D7%A8-%D7%97%D7%99%D7%95%D7%91-%D7%94%D7%90%D7%91-%D7%91%D7%9E%D7%96%D7%95%D7%A0%D7%95%D7%AA-%D7%A7%D7%98%D7%A0%D7%99%D7%9D-%D7%9E%D7%A2%D7%9C-%D7%92%D7%99/,0,2,0,62
ליווי משפטי,https://jus-tice.co.il/,0,44,0,34.63636363636363
ליווי+משפטי+אישי,https://jus-tice.co.il/,0,14,0,50.07142857142857
ליווי+משפטי+בעסקאות+בינלאומיות,https://jus-tice.co.il/foreign-legal-opinion/,0,3,0,38
ליקוי בניה רטיבות,https://jus-tice.co.il/decision28925-09-17/,0,7,0,69
ליקויי בניה נפוצים,https://jus-tice.co.il/common-construction-defects-and-how-to-manage-them/,0,2,0,34.5
לכרות ביטקוין,https://jus-tice.co.il/what-is-bitcoin/,0,6,0,63.333333333333336
למה משמש שול הדרך בדרך מהירה,https://jus-tice.co.il/wp-content/uploads/2020/01/hana_v9.32.88s.pdf,0,4,0,53.5
למה מתגרשים,https://jus-tice.co.il/7-reasons-why-you-need-a-prenup/,0,1,0,97
למי מותר לנסוע בכיוון ההפוך לכיוון התנועה בכביש חד-סטרי,https://jus-tice.co.il/wp-content/uploads/2020/01/hana_v9.32.88s.pdf,0,1,0,43
למי מותרת החנייה בתחנת אוטובוס מלבד לאוטובוס עצמו,https://jus-tice.co.il/wp-content/uploads/2020/01/hana_v9.32.88s.pdf,0,2,0,78
לנסוע בלי ביטוח,https://jus-tice.co.il/compulsory-motor-vehicle-insurance/,0,1,0,74
לעניין אינדקס אתרים,https://jus-tice.co.il/search-engine-optimization/,0,1,0,35
לפרז,https://jus-tice.co.il/perez-llorca/,0,1,0,57
"לצפייה במכתב יש להיכנס לאזור האישי שלך באתר רשות המסים תחת"" מכתבים.""",https://jus-tice.co.il/israel-tax-authority/,0,1,0,10
לצרציה,https://jus-tice.co.il/wp-content/uploads/2023/02/%D7%9B%D7%AA%D7%91-%D7%90%D7%99%D7%A9%D7%95%D7%9D-%D7%97%D7%95%D7%9C%D7%95%D7%9F-.pdf,0,2,0,31
לקנות דירה בארץ או בחול,https://jus-tice.co.il/apartment/,0,1,0,63
לשון הרע בגוגל,https://jus-tice.co.il/%D7%AA%D7%90-28120-03-18-%D7%A4%D7%9C%D7%95%D7%A0%D7%99-%D7%A0-googel-llc-%D7%95%D7%90%D7%97/,0,5,0,63
לשון הרע בכתבי טענות,https://jus-tice.co.il/%D7%AA%D7%90-16763-09-21%D7%9E%D7%95%D7%98%D7%99%D7%A2%D7%99-%D7%A0-%D7%A1%D7%A4%D7%A6%D7%99%D7%A7-%D7%A8%D7%99%D7%91%D7%A7-%D7%95%D7%90%D7%97/,0,1,0,38
לשון הרע פסיקה,https://jus-tice.co.il/%D7%AA%D7%90-16763-09-21%D7%9E%D7%95%D7%98%D7%99%D7%A2%D7%99-%D7%A0-%D7%A1%D7%A4%D7%A6%D7%99%D7%A7-%D7%A8%D7%99%D7%91%D7%A7-%D7%95%D7%90%D7%97/,0,1,0,46
לשון הרע פסיקה,https://jus-tice.co.il/%D7%AA%D7%90-42164-01-19-%D7%A7%D7%95%D7%A8%D7%9E%D7%9F-%D7%95%D7%90%D7%97-%D7%A0-%D7%98%D7%91%D7%9C/,0,3,0,55.333333333333336
לשכת המס,https://jus-tice.co.il/israel-tax-authority/,0,1,0,76
לשכת מס הכנסה,https://jus-tice.co.il/israel-tax-authority/,0,1,0,60
לשכת עורכי הדין איתור עורך דין,https://jus-tice.co.il/,0,5,0,11
לשכת עורכי הדין איתור עורך דין,https://jus-tice.co.il/%D7%98%D7%99%D7%A4%D7%99%D7%9D-%D7%9C%D7%A2%D7%95%D7%93-%D7%9B%D7%99%D7%A6%D7%93-%D7%9C%D7%94%D7%9B%D7%A0%D7%A1-%D7%9C%D7%9E%D7%93%D7%A8%D7%99%D7%9B%D7%99%D7%9D-%D7%93%D7%99%D7%A8%D7%95%D7%92-%D7%A2%D7%95%D7%A8%D7%9B%D7%99-%D7%94%D7%93%D7%99%D7%9F-%D7%94%D7%9E%D7%95%D7%91%D7%99%D7%9C%D7%99%D7%9D-%D7%91%D7%A2%D7%A2%D7%95%D7%9C%D7%9D/,0,1,0,58
לשכת עורכי הדין חיפוש,https://jus-tice.co.il/,0,1,0,11
לשכת עורכי הדין חיפוש עורך דין,https://jus-tice.co.il/,0,1,0,18
לשכת עורכי הדין מתמחים צור קשר,https://jus-tice.co.il/,0,1,0,67
לשכת עורכי הדין קורסים,https://jus-tice.co.il/legal-courses-for-lawyers/,0,2,0,36
םמך,https://jus-tice.co.il/wp-content/uploads/2022/02/PG-0039.pdf,0,2,0,34.5
מ ה ניכויים,https://jus-tice.co.il/israel-tax-authority/,0,1,0,57
מאגר מומחים מרבד,https://jus-tice.co.il/search-engine-optimization/,0,1,0,37
מאגר עורכי דין,https://jus-tice.co.il/,0,58,0,14.017241379310345
מאגר עורכי דין בישראל,https://jus-tice.co.il/,0,1,0,9
מאגר עורכי דין סיוע משפטי,https://jus-tice.co.il/,0,4,0,19.5
מאגר עורכי דין סיוע משפטי,https://jus-tice.co.il/wp-content/uploads/2022/06/misradhamishpatim-women.pdf,0,2,0,67
מאגר עורכי הדין,https://jus-tice.co.il/,0,1,0,10
מאגר פסקי דין בחינם,https://jus-tice.co.il/,0,3,0,11
מאיה לוי שופטת,https://jus-tice.co.il/court-judge/,0,1,0,25
מאיה רוזמן מצב משפחתי,https://jus-tice.co.il/1331339-1/,0,1,0,76
מאיה רוזמן נשואה,https://jus-tice.co.il/common-law-marriage/,0,1,0,18
מאיה רוטנברג,https://jus-tice.co.il/%D7%AA%D7%97%D7%95%D7%9E%D7%99-%D7%94%D7%AA%D7%9E%D7%97%D7%95%D7%AA/%D7%93%D7%99%D7%A0%D7%99-%D7%9E%D7%A9%D7%A4%D7%97%D7%94/%D7%9E%D7%A9%D7%9E%D7%95%D7%A8%D7%AA-%D7%99%D7%9C%D7%93%D7%99%D7%9D/,0,1,0,39
מאיה רוטנברג עורכת דין,https://jus-tice.co.il/%D7%A2%D7%95%D7%93-%D7%92%D7%99%D7%A8%D7%95%D7%A9%D7%99%D7%9F-%D7%9E%D7%95%D7%9E%D7%9C%D7%A5-%D7%9B%D7%99%D7%A6%D7%93-%D7%9C%D7%9E%D7%A6%D7%95%D7%90-%D7%A2%D7%95%D7%A8%D7%9A-%D7%93%D7%99%D7%9F-%D7%92%D7%99%D7%A8%D7%95%D7%A9%D7%99%D7%9F-%D7%95%D7%9B%D7%9E%D7%94-%D7%A2%D7%95%D7%9C%D7%94-%D7%9C%D7%94%D7%AA%D7%92%D7%A8%D7%A9/,0,1,0,34
מאיזה סכום משלמים מיסים,https://jus-tice.co.il/israel-tax-authority/,0,1,0,26
מבחן מירב הזיקות,https://jus-tice.co.il/psakdin/%D7%94%D7%9C%D7%99%D7%9B%D7%99-%D7%92%D7%99%D7%A8%D7%95%D7%A9%D7%99%D7%9F-%D7%9E%D7%91%D7%97%D7%9F-%D7%94%D7%96%D7%99%D7%A7%D7%95%D7%AA-%D7%98%D7%A2%D7%A0%D7%94-%D7%9B%D7%99-%D7%91%D7%99%D7%9E/,0,2,0,11.5
מבחן מרב,https://jus-tice.co.il/psakdin/%D7%94%D7%9C%D7%99%D7%9B%D7%99-%D7%92%D7%99%D7%A8%D7%95%D7%A9%D7%99%D7%9F-%D7%9E%D7%91%D7%97%D7%9F-%D7%94%D7%96%D7%99%D7%A7%D7%95%D7%AA-%D7%98%D7%A2%D7%A0%D7%94-%D7%9B%D7%99-%D7%91%D7%99%D7%9E/,0,4,0,33.75
מבנה בתי המשפט בישראל,https://jus-tice.co.il/articles/%D7%9E%D7%94%D7%95-%D7%91%D7%99%D7%AA-%D7%9E%D7%A9%D7%A4%D7%98/,0,2,0,20
מבנה מערכת המשפט,https://jus-tice.co.il/articles/%D7%9E%D7%94%D7%95-%D7%91%D7%99%D7%AA-%D7%9E%D7%A9%D7%A4%D7%98/,0,3,0,24.666666666666668
מבנה מערכת המשפט בישראל,https://jus-tice.co.il/articles/%D7%9E%D7%94%D7%95-%D7%91%D7%99%D7%AA-%D7%9E%D7%A9%D7%A4%D7%98/,0,2,0,24
מגמות בבנייה ירוקה בישראל,https://jus-tice.co.il/%D7%91%D7%A0%D7%99%D7%99%D7%94-%D7%99%D7%A8%D7%95%D7%A7%D7%94-%D7%AA%D7%9B%D7%A0%D7%95%D7%9F-%D7%A2%D7%99%D7%A8%D7%95%D7%A0%D7%99-%D7%95%D7%A4%D7%A8%D7%95%D7%99%D7%A7%D7%98%D7%99%D7%9D-%D7%90%D7%A0%D7%A8%D7%92%D7%98%D7%99%D7%99%D7%9D-%D7%91%D7%99%D7%95%D7%95%D7%9F/,0,6,0,42
מגמות עדכניות בבנייה ירוקה בישראל,https://jus-tice.co.il/%D7%91%D7%A0%D7%99%D7%99%D7%94-%D7%99%D7%A8%D7%95%D7%A7%D7%94-%D7%AA%D7%9B%D7%A0%D7%95%D7%9F-%D7%A2%D7%99%D7%A8%D7%95%D7%A0%D7%99-%D7%95%D7%A4%D7%A8%D7%95%D7%99%D7%A7%D7%98%D7%99%D7%9D-%D7%90%D7%A0%D7%A8%D7%92%D7%98%D7%99%D7%99%D7%9D-%D7%91%D7%99%D7%95%D7%95%D7%9F/,0,1,0,17
מגן אלטוביה,https://jus-tice.co.il/%D7%91%D7%99%D7%98%D7%95%D7%9C-%D7%94%D7%A1%D7%9B%D7%9D-%D7%9E%D7%99%D7%96%D7%95%D7%92-%D7%AA%D7%90-4528-01-16/,0,5,0,34.2
מגשרים לגירושין,https://jus-tice.co.il/divorce-mediation-cons-pros/,0,2,0,64
מדיניות ציות קריפטו,https://jus-tice.co.il/cryptocurrency-legislation-2021/,0,3,0,23.333333333333332
מדינת ישראל האוצר רשות המיסים,https://jus-tice.co.il/israel-tax-authority/,0,1,0,28
"מה אסור לשלוח בדואר לחו""ל",https://jus-tice.co.il/corona_virus/%D7%94%D7%A0%D7%97%D7%99%D7%95%D7%AA-%D7%9C%D7%94%D7%AA%D7%9E%D7%95%D7%93%D7%93%D7%95%D7%AA-%D7%A2%D7%9D-%D7%A0%D7%92%D7%99%D7%A3-%D7%94%D7%A7%D7%95%D7%A8%D7%95%D7%A0%D7%94-19-covid/,0,2,0,96
מה גובה המזונות לילד,https://jus-tice.co.il/%D7%9E%D7%97%D7%A9%D7%91%D7%95%D7%9F-%D7%9E%D7%96%D7%95%D7%A0%D7%95%D7%AA-%D7%99%D7%9C%D7%93%D7%99%D7%9D/,0,7,0,59.714285714285715
מה ההבדל בין בית משפט השלום למחוזי,https://jus-tice.co.il/articles/%D7%9E%D7%94%D7%95-%D7%91%D7%99%D7%AA-%D7%9E%D7%A9%D7%A4%D7%98/,0,1,0,1
מה ההבדל בין רשם לשופט,https://jus-tice.co.il/court-judge/,0,8,0,1
מה ההבדל בין שוכר למשכיר,https://jus-tice.co.il/rental-agreement/,0,19,0,10.894736842105264
מה הזכויות שלי בחקירה פלילית,https://jus-tice.co.il/articles/%D7%94%D7%A2%D7%A8%D7%95%D7%AA-%D7%94%D7%A1%D7%A0%D7%99%D7%92%D7%95%D7%A8%D7%99%D7%94-%D7%94%D7%A6%D7%99%D7%91%D7%95%D7%A8%D7%99%D7%AA-%D7%9C%D7%AA%D7%96%D7%9B%D7%99%D7%A8-%D7%97%D7%95%D7%A7-%D7%99/,0,1,0,93
מה הטלפון שלהם,https://jus-tice.co.il/wp-content/uploads/2022/06/06102016_1.pdf,0,1,0,5
מה הכנסה,https://jus-tice.co.il/israel-tax-authority/,0,1,0,66
מה המהירות המרבית המותרת בחוק לאוטובוס זעיר פרטי בדרך מהירה,https://jus-tice.co.il/wp-content/uploads/2020/01/hana_v9.32.88s.pdf,0,1,0,35
מה המהירות המרבית המותרת לטרקטור משא,https://jus-tice.co.il/wp-content/uploads/2020/01/hana_v9.32.88s.pdf,0,1,0,81
מה המינימום מזונות לילד,https://jus-tice.co.il/%D7%9E%D7%97%D7%A9%D7%91%D7%95%D7%9F-%D7%9E%D7%96%D7%95%D7%A0%D7%95%D7%AA-%D7%99%D7%9C%D7%93%D7%99%D7%9D/,0,1,0,87
מה המכס בישראל,https://jus-tice.co.il/israel-tax-authority/,0,2,0,38
"מה זה ""אימוץ בין ארצי"" בבקשת תעודת פלילי",https://jus-tice.co.il/psakdin/%D7%90%D7%99%D7%9E%D7%95%D7%A5-%D7%99%D7%9C%D7%93-%D7%9E%D7%90%D7%95%D7%A7%D7%A8%D7%90%D7%99%D7%A0%D7%94-%D7%AA%D7%91%D7%99%D7%A2%D7%AA-%D7%A0%D7%96%D7%99%D7%A7%D7%99%D7%9F-%D7%91%D7%92%D7%99%D7%9F/,0,5,0,20.8
"מה זה ""אימוץ בין ארצי"" בבקשת תעודת פלילי",https://jus-tice.co.il/psakdin/%D7%A6%D7%95-%D7%94%D7%95%D7%A8%D7%95%D7%AA-%D7%9E%D7%9B%D7%95%D7%97-%D7%96%D7%99%D7%A7%D7%94-%D7%9C%D7%96%D7%99%D7%A7%D7%94-%D7%9C%D7%90%D7%96%D7%A8%D7%97%D7%99%D7%AA-%D7%96%D7%A8%D7%94/,0,1,0,60
מה זה cp,https://jus-tice.co.il/cerebral-palsy-rights/,0,4,0,39
מה זה nso,https://jus-tice.co.il/articles/%D7%A4%D7%92%D7%A1%D7%95%D7%A1-nso-%D7%9E%D7%A1%D7%A7%D7%A0%D7%95%D7%AA-%D7%A6%D7%95%D7%95%D7%AA-%D7%9E%D7%A8%D7%A8%D7%99-%D7%9E%D7%9E%D7%A6%D7%90%D7%99-%D7%A6%D7%95%D7%95%D7%AA-%D7%94%D7%91%D7%93/,0,2,0,68.5
מה זה tax office,https://jus-tice.co.il/israel-tax-authority/,0,1,0,21
מה זה tax office 10,https://jus-tice.co.il/israel-tax-authority/,0,1,0,77
מה זה uae,https://jus-tice.co.il/united-arab-emirates-market-overview/,0,9,0,12.333333333333334
מה זה איחוד האמירויות,https://jus-tice.co.il/united-arab-emirates-market-overview/,0,1,0,39
מה זה אפוסטיל,https://jus-tice.co.il/apostille/,0,8,0,41.5
מה זה אפוסטיל משרד החוץ,https://jus-tice.co.il/apostille/,0,1,0,95
מה זה בג,https://jus-tice.co.il/articles/%D7%9E%D7%94%D7%95-%D7%91%D7%99%D7%AA-%D7%9E%D7%A9%D7%A4%D7%98/,0,1,0,44
מה זה בגץ,https://jus-tice.co.il/articles/%D7%9E%D7%94%D7%95-%D7%91%D7%99%D7%AA-%D7%9E%D7%A9%D7%A4%D7%98/,0,1,0,63
מה זה בידוד טיפתי,https://jus-tice.co.il/corona_virus/%D7%94%D7%A0%D7%97%D7%99%D7%95%D7%AA-%D7%9C%D7%94%D7%AA%D7%9E%D7%95%D7%93%D7%93%D7%95%D7%AA-%D7%A2%D7%9D-%D7%A0%D7%92%D7%99%D7%A3-%D7%94%D7%A7%D7%95%D7%A8%D7%95%D7%A0%D7%94-19-covid/,0,1,0,62
מה זה ביטוח דירה,https://jus-tice.co.il/home-insurance/,0,1,0,48
מה זה ביטקוין,https://jus-tice.co.il/what-is-bitcoin/,0,7,0,76.57142857142857
מה זה הגנה מן הצדק,https://jus-tice.co.il/decision37975-11-17/,0,1,0,54
מה זה הסכם epc,https://jus-tice.co.il/%D7%91%D7%A0%D7%99%D7%99%D7%94-%D7%99%D7%A8%D7%95%D7%A7%D7%94-%D7%AA%D7%9B%D7%A0%D7%95%D7%9F-%D7%A2%D7%99%D7%A8%D7%95%D7%A0%D7%99-%D7%95%D7%A4%D7%A8%D7%95%D7%99%D7%A7%D7%98%D7%99%D7%9D-%D7%90%D7%A0%D7%A8%D7%92%D7%98%D7%99%D7%99%D7%9D-%D7%91%D7%99%D7%95%D7%95%D7%9F/,0,1,0,59
מה זה הסכם ממון,https://jus-tice.co.il/prenuptial-agreements-overview/,0,159,0,45.44654088050314
מה זה הרשעה,https://jus-tice.co.il/psakdin/%D7%A9%D7%99%D7%A2%D7%95%D7%A8%D7%99-%D7%94%D7%A8%D7%A9%D7%A2%D7%94-%D7%95%D7%96%D7%99%D7%9B%D7%95%D7%99-%D7%91%D7%94%D7%9C%D7%99%D7%9B%D7%99%D7%9D-%D7%A4%D7%9C%D7%99%D7%9C%D7%99%D7%99%D7%9D/,0,1,0,41
מה זה חסוי,https://jus-tice.co.il/psakdin/%D7%91%D7%AA%D7%99-%D7%9E%D7%A9%D7%A4%D7%98-%D7%A0%D7%95%D7%94%D7%9C-%D7%97%D7%99%D7%A1%D7%99%D7%95%D7%9F-%D7%AA%D7%99%D7%A7%D7%99%D7%9D/,0,1,0,10
מה זה כרייה של ביטקוין,https://jus-tice.co.il/what-is-bitcoin/,0,90,0,49.98888888888889
מה זה כריית ביטקוין,https://jus-tice.co.il/what-is-bitcoin/,0,23,0,28.434782608695652
מה זה כריית קריפטו,https://jus-tice.co.il/what-is-bitcoin/,0,3,0,55
מה זה לכרות ביטקוין,https://jus-tice.co.il/what-is-bitcoin/,0,1,0,43
מה זה לצרציה,https://jus-tice.co.il/wp-content/uploads/2023/02/%D7%91%D7%A7%D7%A9%D7%AA-%D7%9E%D7%A2%D7%A6%D7%A8-%D7%93%D7%A7%D7%99%D7%A8%D7%94-%D7%97%D7%95%D7%9C%D7%95%D7%9F-.pdf,0,1,0,39
מה זה מס הכנסה,https://jus-tice.co.il/israel-tax-authority/,0,1,0,67
מה זה מספר תיק במס הכנסה,https://jus-tice.co.il/israel-tax-authority/,0,1,0,90
מה זה מש מ מס הכנסה,https://jus-tice.co.il/israel-tax-authority/,0,1,0,6
"מה זה מש""מ",https://jus-tice.co.il/israel-tax-authority/,0,1,0,10
מה זה משכיר,https://jus-tice.co.il/rental-agreement/,0,1,0,12
מה זה משפט,https://jus-tice.co.il/articles/%D7%9E%D7%94%D7%95-%D7%91%D7%99%D7%AA-%D7%9E%D7%A9%D7%A4%D7%98/,0,1,0,22
מה זה צליעה אנטלגית,https://jus-tice.co.il/psakdin/%D7%90%D7%95%D7%9E%D7%93%D7%9F-%D7%A4%D7%99%D7%A6%D7%95%D7%99%D7%99%D7%9D-%D7%9C%D7%A0%D7%A4%D7%92%D7%A2-%D7%AA%D7%90%D7%95%D7%A0%D7%AA-%D7%93%D7%A8%D7%9B%D7%99%D7%9D-%D7%9E%D7%AA%D7%99-%D7%AA%D7%A9/,0,2,0,41
מה זה רשלנות רפואית,https://jus-tice.co.il/what-is-medical-malpractice-definition-examples/,0,2,0,37.5
מה זה רשם בית משפט,https://jus-tice.co.il/articles/%D7%9E%D7%94%D7%95-%D7%91%D7%99%D7%AA-%D7%9E%D7%A9%D7%A4%D7%98/,0,3,0,77.66666666666667
מה זה שוכר,https://jus-tice.co.il/rental-agreement/,0,9,0,10.555555555555555
מה זה שוכר ומה זה משכיר,https://jus-tice.co.il/rental-agreement/,0,4,0,11.25
מה זה שופט,https://jus-tice.co.il/court-judge/,0,2,0,1
מה זה תמרור 216,https://jus-tice.co.il/wp-content/uploads/2020/01/hana_v9.32.88s.pdf,0,2,0,54.5
מה זה תמרור 426,https://jus-tice.co.il/wp-content/uploads/2020/01/hana_v9.32.88s.pdf,0,1,0,75
מה זה תשניק,https://jus-tice.co.il/perinatal-asphyxia/,0,3,0,10.333333333333334
מה חשוב בחוזה עם קבלן,https://jus-tice.co.il/articles/%D7%9E%D7%93%D7%A8%D7%99%D7%9A-2025-%D7%9E%D7%94-%D7%97%D7%A9%D7%95%D7%91-%D7%9C%D7%9B%D7%9C%D7%95%D7%9C-%D7%91%D7%97%D7%95%D7%96%D7%94-%D7%9E%D7%95%D7%9C-%D7%A7%D7%91%D7%9C%D7%9F-%D7%91%D7%A8%D7%9B/,0,7,0,8.571428571428571
מה חשוב בחוזה שכירות,https://jus-tice.co.il/rental-agreement/,0,1,0,71
מה יותר משתלם,https://jus-tice.co.il/articles/%D7%94%D7%90%D7%9D-%D7%9C%D7%A0%D7%A6%D7%99%D7%91-%D7%A9%D7%99%D7%A8%D7%95%D7%AA-%D7%94%D7%9E%D7%93%D7%99%D7%A0%D7%94-%D7%99%D7%A9-%D7%A1%D7%9E%D7%9B%D7%95%D7%AA-%D7%9C%D7%97%D7%AA%D7%95%D7%9D-%D7%A2/,0,1,0,1
מה כדאי לקנות בדרום אפריקה,https://jus-tice.co.il/%D7%97%D7%AA%D7%99%D7%9E%D7%94-%D7%A2%D7%9C-%D7%A8%D7%A9%D7%99%D7%9E%D7%AA-%D7%9C%D7%99%D7%A7%D7%95%D7%99%D7%99%D7%9D/,0,1,0,88
מה מגיע לאישה בגירושים,https://jus-tice.co.il/strategic-divorce-cost-planning/,0,2,0,89.5
מה סכום מזונות לילד,https://jus-tice.co.il/%D7%9E%D7%97%D7%A9%D7%91%D7%95%D7%9F-%D7%9E%D7%96%D7%95%D7%A0%D7%95%D7%AA-%D7%99%D7%9C%D7%93%D7%99%D7%9D/,0,162,0,71.87654320987654
מה עדיף חבר מושבעים או שופט,https://jus-tice.co.il/chambers-and-partners/,0,1,0,38
מה פירוש המשפט,https://jus-tice.co.il/articles/%D7%9E%D7%94%D7%95-%D7%91%D7%99%D7%AA-%D7%9E%D7%A9%D7%A4%D7%98/,0,4,0,12.5
מהו בית,https://jus-tice.co.il/articles/%D7%9E%D7%94%D7%95-%D7%91%D7%99%D7%AA-%D7%9E%D7%A9%D7%A4%D7%98/,0,3,0,48.333333333333336
מהו הסכם ממון,https://jus-tice.co.il/prenuptial-agreements-overview/,0,33,0,50.78787878787879
מהו משפט,https://jus-tice.co.il/articles/%D7%9E%D7%94%D7%95-%D7%91%D7%99%D7%AA-%D7%9E%D7%A9%D7%A4%D7%98/,0,2,0,25
מהי המהירות המרבית המותרת לאופנוע בדרך עירונית,https://jus-tice.co.il/wp-content/uploads/2020/01/hana_v9.32.88s.pdf,0,1,0,71
מהי הסכנה המידית הנגרמת,https://jus-tice.co.il/corona_virus/%D7%94%D7%A0%D7%97%D7%99%D7%95%D7%AA-%D7%9C%D7%94%D7%AA%D7%9E%D7%95%D7%93%D7%93%D7%95%D7%AA-%D7%A2%D7%9D-%D7%A0%D7%92%D7%99%D7%A3-%D7%94%D7%A7%D7%95%D7%A8%D7%95%D7%A0%D7%94-19-covid/,0,1,0,51
מהי רשלנות רפואית,https://jus-tice.co.il/what-is-medical-malpractice-definition-examples/,0,23,0,47.34782608695652
מהי תקנה 357 לתקנות התעבורה?,https://jus-tice.co.il/wp-content/uploads/2020/01/hana_v9.32.88s.pdf,0,2,0,24.5
מוהר ונדוניה,https://jus-tice.co.il/wp-content/uploads/2022/06/misradhamishpatim-women.pdf,0,2,0,37.5
מומחה לדיני עבודה,https://jus-tice.co.il/labor-lawyer/,0,1,0,95
מומחה מחשבים לייעוץ משפטי,https://jus-tice.co.il/,0,1,0,82
מומחה+משפטי,https://jus-tice.co.il/,0,1,0,62
מוסטן,https://jus-tice.co.il/unbundled-legal-services/,0,1,0,24
מוסך יורם ובניו באר שבע,https://jus-tice.co.il/wp-content/uploads/2020/03/%D7%99%D7%9C%D7%A7%D7%95%D7%98-%D7%94%D7%A4%D7%A8%D7%A1%D7%95%D7%9E%D7%99%D7%9D-8755.pdf,0,1,0,44
מוסך סאמר עכו,https://jus-tice.co.il/wp-content/uploads/2020/03/%D7%99%D7%9C%D7%A7%D7%95%D7%98-%D7%94%D7%A4%D7%A8%D7%A1%D7%95%D7%9E%D7%99%D7%9D-8755.pdf,0,1,0,47
מועד הגשת סיכומי תשובה,https://jus-tice.co.il/articles/%D7%97%D7%99%D7%95%D7%91-%D7%92%D7%98-%D7%92%D7%99%D7%A8%D7%95%D7%A9%D7%99%D7%9F-%D7%95%D7%93%D7%97%D7%99%D7%99%D7%AA-%D7%91%D7%A7%D7%A9%D7%AA-%D7%94%D7%90%D7%99%D7%A9-%D7%9C%D7%93%D7%95%D7%9F-%D7%91/,0,2,0,18
מוקד הסיוע המשפטי,https://jus-tice.co.il/,0,1,0,44
מוקד מס הכנסה,https://jus-tice.co.il/israel-tax-authority/,0,2,0,30.5
מוקד ניכויים מס הכנסה,https://jus-tice.co.il/israel-tax-authority/,0,1,0,31
מורשים לעסוק ברפואה,https://jus-tice.co.il/wp-content/uploads/2020/02/%D7%94%D7%AA%D7%9C%D7%99%D7%99%D7%AA-%D7%A9%D7%9C%D7%99%D7%9C%D7%AA-%D7%A8%D7%A9%D7%99%D7%95%D7%A0%D7%95%D7%AA-%D7%9E%D7%A9%D7%A8%D7%93-%D7%94%D7%91%D7%A8%D7%99%D7%90%D7%95%D7%AA.pdf,0,2,0,18
מושגים חדלות פירעון,https://jus-tice.co.il/insolvency/,0,14,0,50.07142857142857
מותב בית משפט,https://jus-tice.co.il/articles/%D7%9E%D7%94%D7%95-%D7%91%D7%99%D7%AA-%D7%9E%D7%A9%D7%A4%D7%98/,0,1,0,58
מזה אפוסטיל,https://jus-tice.co.il/apostille/,0,2,0,71
מזה בגץ,https://jus-tice.co.il/articles/%D7%9E%D7%94%D7%95-%D7%91%D7%99%D7%AA-%D7%9E%D7%A9%D7%A4%D7%98/,0,2,0,77.5
מזה חסוי,https://jus-tice.co.il/psakdin/%D7%91%D7%AA%D7%99-%D7%9E%D7%A9%D7%A4%D7%98-%D7%A0%D7%95%D7%94%D7%9C-%D7%97%D7%99%D7%A1%D7%99%D7%95%D7%9F-%D7%AA%D7%99%D7%A7%D7%99%D7%9D/,0,3,0,89
מזה מס הכנסה,https://jus-tice.co.il/israel-tax-authority/,0,1,0,70
מזהה פנקס מס הכנסה ניכויים,https://jus-tice.co.il/israel-tax-authority/,0,4,0,53.5
מזונות אישה ידועים בציבור,https://jus-tice.co.il/common-law-marriage/,0,3,0,68.66666666666667
מזונות אלמנה,https://jus-tice.co.il/%D7%9E%D7%96%D7%95%D7%A0%D7%95%D7%AA-%D7%94%D7%99%D7%9C%D7%93%D7%99%D7%9D-%D7%94%D7%90%D7%9D-%D7%9C%D7%A4%D7%99-%D7%A6%D7%A8%D7%99%D7%9B%D7%94-%D7%91%D7%A4%D7%95%D7%A2%D7%9C-%D7%90%D7%95-%D7%A2%D7%A8%D7%9A-%D7%A9%D7%95%D7%9C%D7%99/,0,13,0,23.23076923076923
מזונות במשמורת משותפת פסק דין,https://jus-tice.co.il/%D7%9E%D7%A9%D7%9E%D7%95%D7%A8%D7%AA-%D7%91%D7%9C%D7%A2%D7%93%D7%99%D7%AA-%D7%9C%D7%90%D7%9D-%D7%95%D7%A9%D7%99%D7%AA%D7%95%D7%A4%D7%99%D7%95%D7%AA-%D7%99%D7%97%D7%A1%D7%99%D7%AA-%D7%91%D7%9E%D7%A1%D7%92%D7%A8%D7%AA-%D7%90%D7%99%D7%96%D7%95%D7%9F-%D7%9E%D7%A9%D7%90%D7%91%D7%99%D7%9D-%D7%AA%D7%9C%D7%94%D7%9E-37049-07-18/,0,1,0,57
מזונות ידועים בציבור,https://jus-tice.co.il/common-law-marriage/,0,1,0,82
מזונות ילדים בגירושין,https://jus-tice.co.il/%D7%9E%D7%97%D7%A9%D7%91%D7%95%D7%9F-%D7%9E%D7%96%D7%95%D7%A0%D7%95%D7%AA-%D7%99%D7%9C%D7%93%D7%99%D7%9D/,0,1,0,78
מזונות ילדים חישוב,https://jus-tice.co.il/%D7%9E%D7%97%D7%A9%D7%91%D7%95%D7%9F-%D7%9E%D7%96%D7%95%D7%A0%D7%95%D7%AA-%D7%99%D7%9C%D7%93%D7%99%D7%9D/,0,64,0,43.1875
מזונות ילדים סכום,https://jus-tice.co.il/%D7%9E%D7%97%D7%A9%D7%91%D7%95%D7%9F-%D7%9E%D7%96%D7%95%D7%A0%D7%95%D7%AA-%D7%99%D7%9C%D7%93%D7%99%D7%9D/,0,39,0,65.3076923076923
מזונות ילדים עם צרכים מיוחדים,https://jus-tice.co.il/%D7%9E%D7%97%D7%A9%D7%91%D7%95%D7%9F-%D7%9E%D7%96%D7%95%D7%A0%D7%95%D7%AA-%D7%99%D7%9C%D7%93%D7%99%D7%9D/,0,2,0,76
מזונות כמה משלמים,https://jus-tice.co.il/%D7%9E%D7%97%D7%A9%D7%91%D7%95%D7%9F-%D7%9E%D7%96%D7%95%D7%A0%D7%95%D7%AA-%D7%99%D7%9C%D7%93%D7%99%D7%9D/,0,39,0,73.8974358974359
מזונות ל2 ילדים,https://jus-tice.co.il/%D7%9E%D7%97%D7%A9%D7%91%D7%95%D7%9F-%D7%9E%D7%96%D7%95%D7%A0%D7%95%D7%AA-%D7%99%D7%9C%D7%93%D7%99%D7%9D/,0,27,0,77
מזונות ל4 ילדים,https://jus-tice.co.il/%D7%9E%D7%97%D7%A9%D7%91%D7%95%D7%9F-%D7%9E%D7%96%D7%95%D7%A0%D7%95%D7%AA-%D7%99%D7%9C%D7%93%D7%99%D7%9D/,0,26,0,70.46153846153847
מזונות לילד אחד,https://jus-tice.co.il/%D7%9E%D7%97%D7%A9%D7%91%D7%95%D7%9F-%D7%9E%D7%96%D7%95%D7%A0%D7%95%D7%AA-%D7%99%D7%9C%D7%93%D7%99%D7%9D/,0,1,0,47
מזונות לילד עתודאי,https://jus-tice.co.il/%D7%9E%D7%97%D7%A9%D7%91%D7%95%D7%9F-%D7%9E%D7%96%D7%95%D7%A0%D7%95%D7%AA-%D7%99%D7%9C%D7%93%D7%99%D7%9D/,0,2,0,95
מזונות לשני ילדים,https://jus-tice.co.il/%D7%9E%D7%97%D7%A9%D7%91%D7%95%D7%9F-%D7%9E%D7%96%D7%95%D7%A0%D7%95%D7%AA-%D7%99%D7%9C%D7%93%D7%99%D7%9D/,0,8,0,83.75
מזונות עבור 2 ילדים,https://jus-tice.co.il/%D7%9E%D7%97%D7%A9%D7%91%D7%95%D7%9F-%D7%9E%D7%96%D7%95%D7%A0%D7%95%D7%AA-%D7%99%D7%9C%D7%93%D7%99%D7%9D/,0,38,0,64.73684210526315
מזונות על 2 ילדים,https://jus-tice.co.il/%D7%9E%D7%97%D7%A9%D7%91%D7%95%D7%9F-%D7%9E%D7%96%D7%95%D7%A0%D7%95%D7%AA-%D7%99%D7%9C%D7%93%D7%99%D7%9D/,0,16,0,63
מזרחי טפחות ליסינג בירור יתרה,https://jus-tice.co.il/21213-04-18/,0,1,0,59
מחיקת רישום bdi,https://jus-tice.co.il/psakdin/%D7%A4%D7%A1%D7%93-%D7%91%D7%91%D7%A7%D7%A9%D7%94-%D7%9C%D7%94%D7%A2%D7%91%D7%A8%D7%AA-%D7%94%D7%9E%D7%A9%D7%9E%D7%95%D7%A8%D7%AA-%D7%90%D7%9C-%D7%94%D7%90%D7%91-%D7%95%D7%A8%D7%99%D7%A9%D7%95%D7%9D/,0,1,0,79
מחיר ייפוי כוח מתמשך,https://jus-tice.co.il/continuous-power-of-attorney-israel/,0,1,0,16
מחיר מכירת דירה,https://jus-tice.co.il/real-estate-lawyer-cost-2025/,0,1,0,39
מחיר עורך דין גירושין,https://jus-tice.co.il/%D7%A2%D7%95%D7%93-%D7%92%D7%99%D7%A8%D7%95%D7%A9%D7%99%D7%9F-%D7%9E%D7%95%D7%9E%D7%9C%D7%A5-%D7%9B%D7%99%D7%A6%D7%93-%D7%9C%D7%9E%D7%A6%D7%95%D7%90-%D7%A2%D7%95%D7%A8%D7%9A-%D7%93%D7%99%D7%9F-%D7%92%D7%99%D7%A8%D7%95%D7%A9%D7%99%D7%9F-%D7%95%D7%9B%D7%9E%D7%94-%D7%A2%D7%95%D7%9C%D7%94-%D7%9C%D7%94%D7%AA%D7%92%D7%A8%D7%A9/,0,78,0,80.56410256410257
מחיר עורך דין מכירת דירה,https://jus-tice.co.il/real-estate-lawyer-cost-2025/,0,3,0,33.666666666666664
מחיר עורך דין רשלנות רפואית,https://jus-tice.co.il/articles/%D7%A9%D7%9B%D7%A8-%D7%98%D7%A8%D7%97%D7%94-%D7%A2%D7%95%D7%A8%D7%9A-%D7%93%D7%99%D7%9F-%D7%A8%D7%A9%D7%9C%D7%A0%D7%95%D7%AA-%D7%A8%D7%A4%D7%95%D7%90%D7%99%D7%AA/,0,4,0,29
מחירון עורך דין גירושין,https://jus-tice.co.il/%D7%A2%D7%95%D7%93-%D7%92%D7%99%D7%A8%D7%95%D7%A9%D7%99%D7%9F-%D7%9E%D7%95%D7%9E%D7%9C%D7%A5-%D7%9B%D7%99%D7%A6%D7%93-%D7%9C%D7%9E%D7%A6%D7%95%D7%90-%D7%A2%D7%95%D7%A8%D7%9A-%D7%93%D7%99%D7%9F-%D7%92%D7%99%D7%A8%D7%95%D7%A9%D7%99%D7%9F-%D7%95%D7%9B%D7%9E%D7%94-%D7%A2%D7%95%D7%9C%D7%94-%D7%9C%D7%94%D7%AA%D7%92%D7%A8%D7%A9/,0,1,0,95
מחפש עורך דין,https://jus-tice.co.il/,0,2,0,5
מחשבון איחור במסירה,https://jus-tice.co.il/%D7%A4%D7%99%D7%A6%D7%95%D7%99-%D7%91%D7%92%D7%99%D7%9F-%D7%90%D7%99%D7%97%D7%95%D7%A8-%D7%91%D7%9E%D7%A1%D7%99%D7%A8%D7%AA-%D7%93%D7%99%D7%A8%D7%94-%D7%9E%D7%A7%D7%91%D7%9C%D7%9F-%D7%AA%D7%90-10300-02-21/,0,1,0,36
מחשבון גירושין,https://jus-tice.co.il/%D7%9E%D7%97%D7%A9%D7%91%D7%95%D7%9F-%D7%9E%D7%96%D7%95%D7%A0%D7%95%D7%AA-%D7%99%D7%9C%D7%93%D7%99%D7%9D/,0,29,0,25.75862068965517
מחשבון דמי ביגוד 2024,https://jus-tice.co.il/%D7%9E%D7%97%D7%A9%D7%91%D7%95%D7%9F-%D7%9E%D7%96%D7%95%D7%A0%D7%95%D7%AA-%D7%99%D7%9C%D7%93%D7%99%D7%9D/,0,1,0,34
מחשבון דמי היוון,https://jus-tice.co.il/property-investment-calculator/,0,2,0,69.5
מחשבון דמי מזונות,https://jus-tice.co.il/%D7%9E%D7%97%D7%A9%D7%91%D7%95%D7%9F-%D7%9E%D7%96%D7%95%D7%A0%D7%95%D7%AA-%D7%99%D7%9C%D7%93%D7%99%D7%9D/,0,3,0,44.666666666666664
מחשבון הורות משותפת,https://jus-tice.co.il/%D7%9E%D7%97%D7%A9%D7%91%D7%95%D7%9F-%D7%9E%D7%96%D7%95%D7%A0%D7%95%D7%AA-%D7%99%D7%9C%D7%93%D7%99%D7%9D/,0,1,0,25
מחשבון הערכת שווי דירה,https://jus-tice.co.il/property-investment-calculator/,0,1,0,26
מחשבון השקעות,https://jus-tice.co.il/property-investment-calculator/,0,5,0,65.4
מחשבון מזונות,https://jus-tice.co.il/%D7%9E%D7%97%D7%A9%D7%91%D7%95%D7%9F-%D7%9E%D7%96%D7%95%D7%A0%D7%95%D7%AA-%D7%99%D7%9C%D7%93%D7%99%D7%9D/,0,22,0,32.59090909090909
מחשבון מזונות הורות משותפת,https://jus-tice.co.il/%D7%9E%D7%97%D7%A9%D7%91%D7%95%D7%9F-%D7%9E%D7%96%D7%95%D7%A0%D7%95%D7%AA-%D7%99%D7%9C%D7%93%D7%99%D7%9D/,0,11,0,27.818181818181817
מחשבון מזונות ילדים,https://jus-tice.co.il/%D7%9E%D7%97%D7%A9%D7%91%D7%95%D7%9F-%D7%9E%D7%96%D7%95%D7%A0%D7%95%D7%AA-%D7%99%D7%9C%D7%93%D7%99%D7%9D/,0,25,0,28.52
מחשבון מזונות עד גיל 6,https://jus-tice.co.il/%D7%9E%D7%97%D7%A9%D7%91%D7%95%D7%9F-%D7%9E%D7%96%D7%95%D7%A0%D7%95%D7%AA-%D7%99%D7%9C%D7%93%D7%99%D7%9D/,0,1,0,65
מחשבון מס 2023,https://jus-tice.co.il/land-appreciation-tax/,0,2,0,92
מחשבון מס רכישה דירה ראשונה,https://jus-tice.co.il/land-appreciation-tax/,0,1,0,53
מחשבון משפטי חינם,https://jus-tice.co.il/,0,1,0,77
מחשבון נדלן,https://jus-tice.co.il/property-investment-calculator/,0,4,0,72.25
מחשבון שווי דירה רשות המיסים,https://jus-tice.co.il/land-appreciation-tax/,0,1,0,35
מחשבון שיפוצים מידרג,https://jus-tice.co.il/real-estate-lawyer-cost-2025/,0,1,0,46
מי זאת בית משפט,https://jus-tice.co.il/articles/%D7%9E%D7%94%D7%95-%D7%91%D7%99%D7%AA-%D7%9E%D7%A9%D7%A4%D7%98/,0,43,0,5.790697674418604
מי זה השוכר ומי המשכיר,https://jus-tice.co.il/rental-agreement/,0,5,0,10
מי משלם מס הכנסה,https://jus-tice.co.il/israel-tax-authority/,0,1,0,71
מי משלם על חוזה שכירות,https://jus-tice.co.il/rental-agreement/,0,1,0,36
מי צריך לשלם מס הכנסה,https://jus-tice.co.il/israel-tax-authority/,0,1,0,70
מי רשאי לנהוג ברכב ביטחון וברכב חילוץ,https://jus-tice.co.il/wp-content/uploads/2020/01/hana_v9.32.88s.pdf,0,1,0,74
מי רשאי לערוך ייפוי כוח מתמשך,https://jus-tice.co.il/continuous-power-of-attorney-israel/,0,1,0,94
מידע נדלן מס שבח,https://jus-tice.co.il/land-appreciation-tax/,0,1,0,43
מיון נשים לין שעות קבלה,https://jus-tice.co.il/psakdin/%D7%94%D7%98%D7%99%D7%A4%D7%95%D7%9C-%D7%91%D7%A0%D7%A4%D7%92%D7%A2%D7%99-%D7%A2%D7%91%D7%99%D7%A8%D7%95%D7%AA-%D7%9E%D7%99%D7%9F-%D7%91%D7%94%D7%9C%D7%99%D7%9A-%D7%94%D7%A4%D7%9C%D7%99%D7%9C%D7%99/,0,1,0,19
מיטב - חנות ציוד משרדי לעסקים תל אביב,https://jus-tice.co.il/israel-tax-authority/,0,1,0,39
מייל רשות המיסים,https://jus-tice.co.il/israel-tax-authority/,0,1,0,22
מייל של רשות המיסים,https://jus-tice.co.il/israel-tax-authority/,0,1,0,65
מיכל ברגר בלום,https://jus-tice.co.il/psakdin/%D7%A4%D7%A1%D7%93-%D7%91%D7%91%D7%A7%D7%A9%D7%94-%D7%9C%D7%94%D7%A2%D7%91%D7%A8%D7%AA-%D7%94%D7%9E%D7%A9%D7%9E%D7%95%D7%A8%D7%AA-%D7%90%D7%9C-%D7%94%D7%90%D7%91-%D7%95%D7%A8%D7%99%D7%A9%D7%95%D7%9D/,0,12,0,10.333333333333334
מיכל דואני בהירי,https://jus-tice.co.il/court-judge/,0,1,0,31
מימון הליכי גירושין,https://jus-tice.co.il/strategic-divorce-cost-planning/,0,1,0,97
מינוי מומחה מטעם בית המשפט,https://jus-tice.co.il/decision50014-01-19/,0,1,0,41
מינוי מנהל עזבון,https://jus-tice.co.il/%D7%A4%D7%A1%D7%93-%D7%A9%D7%A2%D7%A0%D7%99%D7%99%D7%A0%D7%95-%D7%9E%D7%99%D7%A0%D7%95%D7%99-%D7%9E%D7%A0%D7%94%D7%9C-%D7%A2%D7%99%D7%96%D7%91%D7%95%D7%9F-%D7%96%D7%9E%D7%A0%D7%99-%D7%91%D7%9E%D7%A7%D7%95%D7%9D-%D7%A7%D7%91%D7%95%D7%A2-%D7%A2%D7%9E%D7%A9-48305-12-21/,0,3,0,54.666666666666664
מינוי מנהל עיזבון,https://jus-tice.co.il/%D7%A4%D7%A1%D7%93-%D7%A9%D7%A2%D7%A0%D7%99%D7%99%D7%A0%D7%95-%D7%9E%D7%99%D7%A0%D7%95%D7%99-%D7%9E%D7%A0%D7%94%D7%9C-%D7%A2%D7%99%D7%96%D7%91%D7%95%D7%9F-%D7%96%D7%9E%D7%A0%D7%99-%D7%91%D7%9E%D7%A7%D7%95%D7%9D-%D7%A7%D7%91%D7%95%D7%A2-%D7%A2%D7%9E%D7%A9-48305-12-21/,0,1,0,70
מינוי עד מומחה מטעם בית המשפט,https://jus-tice.co.il/decision55016-06-17a/,0,1,0,73
מינימום מזונות לילד 2023,https://jus-tice.co.il/%D7%9E%D7%97%D7%A9%D7%91%D7%95%D7%9F-%D7%9E%D7%96%D7%95%D7%A0%D7%95%D7%AA-%D7%99%D7%9C%D7%93%D7%99%D7%9D/,0,1,0,25
מיסוי בישראל,https://jus-tice.co.il/israel-tax-authority/,0,45,0,70.88888888888889
מיסוי בפורטוגל,https://jus-tice.co.il/%D7%A7%D7%98%D7%92%D7%95%D7%A8%D7%99%D7%95%D7%AA-%D7%9E%D7%90%D7%9E%D7%A8%D7%99%D7%9D/%D7%A4%D7%95%D7%A8%D7%98%D7%95%D7%92%D7%9C/,0,1,0,88
"מיסוי נדל""ן",https://jus-tice.co.il/land-appreciation-tax/,0,41,0,77.39024390243902
"מיסוי נדל""ן בפורטוגל",https://jus-tice.co.il/%D7%A7%D7%98%D7%92%D7%95%D7%A8%D7%99%D7%95%D7%AA-%D7%9E%D7%90%D7%9E%D7%A8%D7%99%D7%9D/%D7%A4%D7%95%D7%A8%D7%98%D7%95%D7%92%D7%9C/,0,2,0,65.5
"מיסוי נדל""ן בפורטוגל",https://jus-tice.co.il/legal-services-in-portugal/,0,1,0,82
מיסים,https://jus-tice.co.il/israel-tax-authority/,0,1,0,30
מיסים בישראל,https://jus-tice.co.il/israel-tax-authority/,0,9,0,30.77777777777778
מיקום מצלמות עין הנץ,https://jus-tice.co.il/%D7%A4%D7%A1%D7%A7-%D7%93%D7%99%D7%9F-%D7%AA%D7%A2%D7%91%D7%95%D7%A8%D7%94-%D7%A2%D7%99%D7%9F-%D7%94%D7%A0%D7%A5-%D7%A7%D7%91%D7%99%D7%9C%D7%95%D7%AA-%D7%95%D7%97%D7%95%D7%A7%D7%99%D7%95%D7%AA-%D7%A8%D7%90%D7%99%D7%95%D7%AA-%D7%A9%D7%94%D7%95%D7%A0%D7%A4%D7%A7%D7%95-%D7%9E%D7%94%D7%9E%D7%A2%D7%A8%D7%9B%D7%AA/,0,2,0,38.5
מירוץ סמכויות,https://jus-tice.co.il/the-race-for-jurisdiction-family-law/,0,1,0,83
מירי פרנקל שור,https://jus-tice.co.il/articles/%D7%93%D7%99%D7%9F-%D7%95%D7%97%D7%A9%D7%91%D7%95%D7%9F-%D7%9B%D7%A0%D7%A1%D7%AA-%D7%99%D7%A9%D7%A8%D7%90%D7%9C-2020/,0,3,0,49
מכבי כיבוד מרשמים מבית חולים מעייני הישועה,https://jus-tice.co.il/corona_virus/%D7%94%D7%A0%D7%97%D7%99%D7%95%D7%AA-%D7%9C%D7%94%D7%AA%D7%9E%D7%95%D7%93%D7%93%D7%95%D7%AA-%D7%A2%D7%9D-%D7%A0%D7%92%D7%99%D7%A3-%D7%94%D7%A7%D7%95%D7%A8%D7%95%D7%A0%D7%94-19-covid/,0,1,0,44
מכונה ניידת זחלית,https://jus-tice.co.il/wp-content/uploads/2020/01/hana_v9.32.88s.pdf,0,1,0,48
מכירת ביטקוין,https://jus-tice.co.il/what-is-bitcoin/,0,7,0,50.285714285714285
מכירת בית בגירושין,https://jus-tice.co.il/%D7%AA%D7%99%D7%A7-916847/5-%D7%91%D7%91%D7%99%D7%AA-%D7%94%D7%93%D7%99%D7%9F-%D7%94%D7%A8%D7%91%D7%A0%D7%99-%D7%94%D7%90%D7%96%D7%95%D7%A8%D7%99-%D7%90%D7%A9%D7%93%D7%95%D7%93/,0,6,0,70.33333333333333
מכירת בית בגירושין,https://jus-tice.co.il/1303799/4/,0,30,0,43.96666666666667
מכירת דירה בגירושין,https://jus-tice.co.il/1303799/4/,0,30,0,46.06666666666667
מכירת דירה עורכי דין,https://jus-tice.co.il/real-estate-lawyer-cost-2025/,0,47,0,74.44680851063829
מכס אילת שעות פעילות,https://jus-tice.co.il/israel-tax-authority/,0,1,0,62
מכס תושב חוזר,https://jus-tice.co.il/israel-tax-authority/,0,1,0,47
מכתב בקשה להסדר חוב דוגמא,https://jus-tice.co.il/psakdin/%D7%91%D7%A7%D7%A9%D7%94-%D7%9C%D7%90%D7%99%D7%A9%D7%95%D7%A8-%D7%94%D7%A1%D7%93%D7%A8-%D7%97%D7%95%D7%91-%D7%95%D7%91%D7%A7%D7%A9%D7%95%D7%AA-%D7%9C%D7%9E%D7%AA%D7%9F-%D7%A6%D7%95-%D7%9C%D7%A4%D7%AA/,0,1,0,16
מכתב גירושים,https://jus-tice.co.il/wp-content/uploads/2021/03/%D7%A0%D7%95%D7%A1%D7%97-%D7%94%D7%A1%D7%9B%D7%9D-%D7%92%D7%99%D7%A8%D7%95%D7%A9%D7%99%D7%9F-%D7%93%D7%95%D7%92%D7%9E%D7%90-2021.docx,0,1,0,56
מכתב גירושין,https://jus-tice.co.il/wp-content/uploads/2021/03/%D7%A0%D7%95%D7%A1%D7%97-%D7%94%D7%A1%D7%9B%D7%9D-%D7%92%D7%99%D7%A8%D7%95%D7%A9%D7%99%D7%9F-%D7%93%D7%95%D7%92%D7%9E%D7%90-2021.docx,0,58,0,31.086206896551722
מכתב התראה לקבלן איחור במסירה,https://jus-tice.co.il/%D7%A4%D7%99%D7%A6%D7%95%D7%99-%D7%91%D7%92%D7%99%D7%9F-%D7%90%D7%99%D7%97%D7%95%D7%A8-%D7%91%D7%9E%D7%A1%D7%99%D7%A8%D7%AA-%D7%93%D7%99%D7%A8%D7%94-%D7%9E%D7%A7%D7%91%D7%9C%D7%9F-%D7%AA%D7%90-10300-02-21/,0,59,0,61.88135593220339
מלונות עם מרפסת בסיאטל,https://jus-tice.co.il/kl-gates/,0,1,0,29
ממונה על חדלות פירעון,https://jus-tice.co.il/insolvency/,0,1,0,65
מנוע חיפוש אנשים,https://jus-tice.co.il/search-engine-optimization/,0,1,0,59
מנועי חיפוש טורנט,https://jus-tice.co.il/search-engine-optimization/,0,1,0,69
מנתח פלסטי,https://jus-tice.co.il/%D7%9E%D7%A0%D7%AA%D7%97-%D7%A4%D7%9C%D7%A1%D7%98%D7%99-%D7%A4%D7%A0%D7%99%D7%9D/,0,43,0,85.95348837209302
מנתח פלסטי בירושלים,https://jus-tice.co.il/%D7%9E%D7%A0%D7%AA%D7%97-%D7%A4%D7%9C%D7%A1%D7%98%D7%99-%D7%A4%D7%A0%D7%99%D7%9D/,0,3,0,43.333333333333336
מנתח פלסטי בתל אביב,https://jus-tice.co.il/%D7%9E%D7%A0%D7%AA%D7%97-%D7%A4%D7%9C%D7%A1%D7%98%D7%99-%D7%A4%D7%A0%D7%99%D7%9D/,0,1,0,38
מנתח פלסטי להזרקות,https://jus-tice.co.il/%D7%9E%D7%A0%D7%AA%D7%97-%D7%A4%D7%9C%D7%A1%D7%98%D7%99-%D7%A4%D7%A0%D7%99%D7%9D/,0,2,0,82
מנתחים פלסטיים,https://jus-tice.co.il/%D7%9E%D7%A0%D7%AA%D7%97-%D7%A4%D7%9C%D7%A1%D7%98%D7%99-%D7%A4%D7%A0%D7%99%D7%9D/,0,4,0,39.5
מנתחים פלסטיים בירושלים,https://jus-tice.co.il/%D7%9E%D7%A0%D7%AA%D7%97-%D7%A4%D7%9C%D7%A1%D7%98%D7%99-%D7%A4%D7%A0%D7%99%D7%9D/,0,1,0,69
מנתחים פלסטיים הכי טובים בארץ,https://jus-tice.co.il/%D7%9E%D7%A0%D7%AA%D7%97-%D7%A4%D7%9C%D7%A1%D7%98%D7%99-%D7%A4%D7%A0%D7%99%D7%9D/,0,7,0,25
מנתחת פלסטית,https://jus-tice.co.il/%D7%9E%D7%A0%D7%AA%D7%97-%D7%A4%D7%9C%D7%A1%D7%98%D7%99-%D7%A4%D7%A0%D7%99%D7%9D/,0,12,0,42.583333333333336
מס בישראל,https://jus-tice.co.il/israel-tax-authority/,0,1,0,78
מס ה,https://jus-tice.co.il/israel-tax-authority/,0,1,0,11
מס הכ,https://jus-tice.co.il/israel-tax-authority/,0,1,0,34
מס הכנזה,https://jus-tice.co.il/israel-tax-authority/,0,1,0,75
מס הכנס,https://jus-tice.co.il/israel-tax-authority/,0,3,0,38.333333333333336
מס הכנסה,https://jus-tice.co.il/israel-tax-authority/,0,108,0,40.620370370370374
מס הכנסה אזור,https://jus-tice.co.il/israel-tax-authority/,0,1,0,45
מס הכנסה בישראל,https://jus-tice.co.il/israel-tax-authority/,0,4,0,24
מס הכנסה גביה,https://jus-tice.co.il/israel-tax-authority/,0,6,0,20.333333333333332
מס הכנסה גבייה,https://jus-tice.co.il/israel-tax-authority/,0,1,0,58
מס הכנסה דירות שנמכרו,https://jus-tice.co.il/land-appreciation-tax/,0,4,0,38.5
מס הכנסה הסבר,https://jus-tice.co.il/israel-tax-authority/,0,2,0,60
מס הכנסה טלפון לבירורים,https://jus-tice.co.il/israel-tax-authority/,0,2,0,49
מס הכנסה ישראל,https://jus-tice.co.il/israel-tax-authority/,0,1,0,34
מס הכנסה מגדלי נצרת שעות פתיחה,https://jus-tice.co.il/%D7%94%D7%90%D7%9D-%D7%9B%D7%9C-%D7%94%D7%A1%D7%9B%D7%9D-%D7%91%D7%99%D7%9F-%D7%91%D7%A0%D7%99-%D7%96%D7%95%D7%92-%D7%94%D7%95%D7%90-%D7%94%D7%A1%D7%9B%D7%9D-%D7%9E%D7%9E%D7%95%D7%9F/,0,1,0,66
מס הכנסה מה זה,https://jus-tice.co.il/israel-tax-authority/,0,1,0,58
מס הכנסה מוקד,https://jus-tice.co.il/israel-tax-authority/,0,2,0,25.5
מס הכנסה מוקד ארצי,https://jus-tice.co.il/israel-tax-authority/,0,1,0,27
מס הכנסה מחלקת גביה,https://jus-tice.co.il/israel-tax-authority/,0,1,0,23
מס הכנסה מענה אנושי,https://jus-tice.co.il/israel-tax-authority/,0,1,0,100
מס הכנסה מעסיקים,https://jus-tice.co.il/israel-tax-authority/,0,1,0,24
מס הכנסה מפל,https://jus-tice.co.il/israel-tax-authority/,0,4,0,19.75
מס הכנסה מרכז מידע,https://jus-tice.co.il/israel-tax-authority/,0,2,0,91
מס הכנסה נדלן,https://jus-tice.co.il/land-appreciation-tax/,0,2,0,40.5
מס הכנסה ניכויים,https://jus-tice.co.il/israel-tax-authority/,0,47,0,49.702127659574465
מס הכנסה עובדים,https://jus-tice.co.il/israel-tax-authority/,0,1,0,53
מס הכנסה פיצויים,https://jus-tice.co.il/israel-tax-authority/,0,2,0,44
מס הכנסה פקיד שומה,https://jus-tice.co.il/israel-tax-authority/,0,1,0,31
מס הכנסה צאט,https://jus-tice.co.il/israel-tax-authority/,0,1,0,55
מס הכנסה רשות המיסים,https://jus-tice.co.il/israel-tax-authority/,0,2,0,15
מס הכנסה שאלות,https://jus-tice.co.il/israel-tax-authority/,0,1,0,11
מס הכנסה שומה,https://jus-tice.co.il/israel-tax-authority/,0,2,0,41
מס הכנסה שיוך ישובים,https://jus-tice.co.il/israel-tax-authority/,0,1,0,81
מס הכנסה תלונות הציבור,https://jus-tice.co.il/israel-tax-authority/,0,1,0,33
מס הכנסהה,https://jus-tice.co.il/israel-tax-authority/,0,2,0,35
מס הכסנה,https://jus-tice.co.il/israel-tax-authority/,0,1,0,58
מס טלפון רשות המיסים,https://jus-tice.co.il/israel-tax-authority/,0,2,0,70.5
מס מכס,https://jus-tice.co.il/israel-tax-authority/,0,2,0,45.5
מס נדל ן,https://jus-tice.co.il/land-appreciation-tax/,0,1,0,67
מס ניכויים,https://jus-tice.co.il/israel-tax-authority/,0,1,0,87
מס על נדל ן,https://jus-tice.co.il/land-appreciation-tax/,0,8,0,27
מס על נדלן,https://jus-tice.co.il/land-appreciation-tax/,0,30,0,59.1
מס רכישה לתושב חוזר,https://jus-tice.co.il/returning-resident-rights-determining-tax-rate/,0,1,0,48
מס שבח דירה יחידה מחשבון,https://jus-tice.co.il/land-appreciation-tax/,0,1,0,40
מס שבח מידע נדלן,https://jus-tice.co.il/land-appreciation-tax/,0,1,0,26
מס שבח מקרקעין,https://jus-tice.co.il/land-appreciation-tax/,0,23,0,48.17391304347826
מס שבח נדלן,https://jus-tice.co.il/land-appreciation-tax/,0,1,0,25
מס שבח על שטח,https://jus-tice.co.il/land-appreciation-tax/,0,1,0,73
מס שומה,https://jus-tice.co.il/israel-tax-authority/,0,15,0,44.266666666666666
מס תיק במס הכנסה,https://jus-tice.co.il/israel-tax-authority/,0,1,0,68
מס+הכנסה,https://jus-tice.co.il/israel-tax-authority/,0,5,0,34.8
מסי יבוא מסחרי,https://jus-tice.co.il/israel-tax-authority/,0,2,0,26.5
מסים בישראל,https://jus-tice.co.il/israel-tax-authority/,0,4,0,25.75
מסים ישראל,https://jus-tice.co.il/israel-tax-authority/,0,1,0,29
מסירת דירה מקבלן לפני טופס 4,https://jus-tice.co.il/%D7%A4%D7%99%D7%A6%D7%95%D7%99-%D7%91%D7%92%D7%99%D7%9F-%D7%90%D7%99%D7%97%D7%95%D7%A8-%D7%91%D7%9E%D7%A1%D7%99%D7%A8%D7%AA-%D7%93%D7%99%D7%A8%D7%94-%D7%9E%D7%A7%D7%91%D7%9C%D7%9F-%D7%AA%D7%90-10300-02-21/,0,14,0,62.57142857142857
מסירת ידיעה סודית,https://jus-tice.co.il/wp-content/uploads/2023/03/9_lsr_311018.pdf,0,1,0,63
מסירת כתבי בי דין,https://jus-tice.co.il/wp-content/uploads/2019/03/%D7%91%D7%99%D7%94%D7%93-%D7%94%D7%90%D7%A8%D7%A6%D7%99-%D7%9C%D7%A2%D7%91%D7%95%D7%93%D7%94-%D7%A9-%D7%92%D7%9C%D7%99%D7%A7%D7%A1%D7%9E%D7%9F-%D7%94%D7%9E%D7%A6%D7%90%D7%AA-%D7%9B%D7%AA%D7%91%D7%99-%D7%91%D7%99-%D7%93%D7%99%D7%9F-%D7%91%D7%90%D7%9E%D7%A6%D7%A2%D7%95%D7%AA-%D7%A0%D7%98-%D7%94%D7%9E%D7%A9%D7%A4%D7%98.pdf,0,1,0,93
מסמכי אימוץ,https://jus-tice.co.il/psakdin/%D7%90%D7%99%D7%9E%D7%95%D7%A5-%D7%99%D7%9C%D7%93-%D7%9E%D7%90%D7%95%D7%A7%D7%A8%D7%90%D7%99%D7%A0%D7%94-%D7%AA%D7%91%D7%99%D7%A2%D7%AA-%D7%A0%D7%96%D7%99%D7%A7%D7%99%D7%9F-%D7%91%D7%92%D7%99%D7%9F/,0,1,0,47
מסמכי גירושים,https://jus-tice.co.il/strategic-divorce-cost-planning/,0,3,0,55
מספר טלפון רשות המיסים,https://jus-tice.co.il/israel-tax-authority/,0,2,0,67.5
מספר מס הכנסה,https://jus-tice.co.il/israel-tax-authority/,0,3,0,20.666666666666668
מספר רישוי רופאים,https://jus-tice.co.il/wp-content/uploads/2020/02/%D7%94%D7%AA%D7%9C%D7%99%D7%99%D7%AA-%D7%A9%D7%9C%D7%99%D7%9C%D7%AA-%D7%A8%D7%A9%D7%99%D7%95%D7%A0%D7%95%D7%AA-%D7%9E%D7%A9%D7%A8%D7%93-%D7%94%D7%91%D7%A8%D7%99%D7%90%D7%95%D7%AA.pdf,0,2,0,21
מספר רישיון משרד הבריאות,https://jus-tice.co.il/wp-content/uploads/2020/02/%D7%94%D7%AA%D7%9C%D7%99%D7%99%D7%AA-%D7%A9%D7%9C%D7%99%D7%9C%D7%AA-%D7%A8%D7%A9%D7%99%D7%95%D7%A0%D7%95%D7%AA-%D7%9E%D7%A9%D7%A8%D7%93-%D7%94%D7%91%D7%A8%D7%99%D7%90%D7%95%D7%AA.pdf,0,1,0,34
מספר רישיון סיעוד,https://jus-tice.co.il/wp-content/uploads/2020/02/%D7%94%D7%AA%D7%9C%D7%99%D7%99%D7%AA-%D7%A9%D7%9C%D7%99%D7%9C%D7%AA-%D7%A8%D7%A9%D7%99%D7%95%D7%A0%D7%95%D7%AA-%D7%9E%D7%A9%D7%A8%D7%93-%D7%94%D7%91%D7%A8%D7%99%D7%90%D7%95%D7%AA.pdf,0,1,0,49
מספר רשות המיסים,https://jus-tice.co.il/israel-tax-authority/,0,1,0,12
מספר של המכס,https://jus-tice.co.il/israel-tax-authority/,0,2,0,91
מספר של מס הכנסה,https://jus-tice.co.il/israel-tax-authority/,0,1,0,12
מספר של רשות המיסים,https://jus-tice.co.il/israel-tax-authority/,0,2,0,72.5
מספר תיק מס הכנסה,https://jus-tice.co.il/israel-tax-authority/,0,1,0,31
מספר תיק ניכויים מס הכנסה,https://jus-tice.co.il/israel-tax-authority/,0,1,0,65
"מע""מ באר שבע",https://jus-tice.co.il/israel-tax-authority/,0,1,0,99
מעורב ממן אשקלון,https://jus-tice.co.il/kl-gates/,0,1,0,58
מענה טלפוני מס הכנסה,https://jus-tice.co.il/israel-tax-authority/,0,2,0,57
מענקי בניה לקבלנים,https://jus-tice.co.il/articles/%D7%9E%D7%93%D7%A8%D7%99%D7%9A-2025-%D7%9E%D7%94-%D7%97%D7%A9%D7%95%D7%91-%D7%9C%D7%9B%D7%9C%D7%95%D7%9C-%D7%91%D7%97%D7%95%D7%96%D7%94-%D7%9E%D7%95%D7%9C-%D7%A7%D7%91%D7%9C%D7%9F-%D7%91%D7%A8%D7%9B/,0,3,0,29
מעצב אתרים שכר,https://jus-tice.co.il/what-to-avoid-when-hiring-a-web-design-company/,0,12,0,73.75
מערכת המשפט,https://jus-tice.co.il/articles/%D7%9E%D7%94%D7%95-%D7%91%D7%99%D7%AA-%D7%9E%D7%A9%D7%A4%D7%98/,0,3,0,34
מערכת המשפט בישראל,https://jus-tice.co.il/articles/%D7%9E%D7%94%D7%95-%D7%91%D7%99%D7%AA-%D7%9E%D7%A9%D7%A4%D7%98/,0,1,0,44
מערכת המשפט בישראל סיכום,https://jus-tice.co.il/articles/%D7%9E%D7%94%D7%95-%D7%91%D7%99%D7%AA-%D7%9E%D7%A9%D7%A4%D7%98/,0,1,0,60
מערכת ייפוי כוח מתמשך,https://jus-tice.co.il/continuous-power-of-attorney-israel/,0,1,0,84
מערכת יפוי כח מתמשך,https://jus-tice.co.il/continuous-power-of-attorney-israel/,0,1,0,54
"מערכת מפ""ל",https://jus-tice.co.il/israel-tax-authority/,0,1,0,60
מערכת מפל מס הכנסה,https://jus-tice.co.il/israel-tax-authority/,0,1,0,19
מעשה סדום בנסיבות אינוס,https://jus-tice.co.il/39514-09-19/,0,1,0,56
מפ ל מס הכנסה,https://jus-tice.co.il/israel-tax-authority/,0,2,0,22.5
"מפ""ל רשות המיסים",https://jus-tice.co.il/israel-tax-authority/,0,1,0,36
מפל מס הכנסה,https://jus-tice.co.il/israel-tax-authority/,0,13,0,21.923076923076923
מפל רשות המיסים,https://jus-tice.co.il/israel-tax-authority/,0,3,0,17
מפל רשות המסים,https://jus-tice.co.il/israel-tax-authority/,0,1,0,44
מפתח אתרים,https://jus-tice.co.il/articles/%D7%9B%D7%99%D7%A6%D7%93-%D7%9C%D7%A9%D7%9B%D7%95%D7%A8-%D7%9E%D7%A4%D7%AA%D7%97-%D7%90%D7%AA%D7%A8%D7%99%D7%9D/,0,1,0,52
מצא עורך דין,https://jus-tice.co.il/,0,17,0,11.058823529411764
מצא עורך דין,https://jus-tice.co.il/%D7%9E%D7%A6%D7%90-%D7%A2%D7%95%D7%A8%D7%9A-%D7%93%D7%99%D7%9F-%D7%91%D7%A7%D7%A8%D7%91%D7%AA%D7%9A/,0,1,0,62
מצגת חוק זכויות החולה,https://jus-tice.co.il/wp-content/uploads/2023/01/Zchuyot_01.pdf,0,1,0,59
מצוקה נשימתית אצל תינוקות,https://jus-tice.co.il/perinatal-asphyxia/,0,3,0,95.66666666666667
מציאת כתב אישום,https://jus-tice.co.il/,0,1,0,70
מציעה או מציע,https://jus-tice.co.il/%D7%AA%D7%99%D7%A7-916847/5-%D7%91%D7%91%D7%99%D7%AA-%D7%94%D7%93%D7%99%D7%9F-%D7%94%D7%A8%D7%91%D7%A0%D7%99-%D7%94%D7%90%D7%96%D7%95%D7%A8%D7%99-%D7%90%D7%A9%D7%93%D7%95%D7%93/,0,1,0,95
"מקדמות למס הכנסה בארה""ב",https://jus-tice.co.il/israel-tax-authority/,0,1,0,41
מקוניום לאחר לידה,https://jus-tice.co.il/birth-injury/,0,1,0,57
מקטע qt,https://jus-tice.co.il/wp-content/uploads/2020/04/%D7%9E%D7%99%D7%93%D7%A2-%D7%AA%D7%A8%D7%95%D7%A4%D7%AA%D7%99-%D7%A2%D7%9C-%D7%AA%D7%A8%D7%95%D7%A4%D7%95%D7%AA-%D7%94%D7%A0%D7%9E%D7%A6%D7%90%D7%95%D7%AA-%D7%91%D7%A9%D7%99%D7%9E%D7%95%D7%A9-%D7%9C%D7%98%D7%99%D7%A4%D7%95%D7%9C-%D7%91-%E2%80%93-COVID-19-%D7%91%D7%9E%D7%91%D7%95%D7%92%D7%A8%D7%99%D7%9D.pdf,0,2,0,63
מקרה של פגיעה בזכות לפרטיות,https://jus-tice.co.il/%D7%A4%D7%99%D7%A6%D7%95%D7%99-%D7%9B%D7%A1%D7%A4%D7%99-%D7%91%D7%92%D7%99%D7%9F-%D7%A4%D7%92%D7%99%D7%A2%D7%94-%D7%91%D7%A4%D7%A8%D7%98%D7%99%D7%95%D7%AA-%D7%A6%D7%A4%D7%99%D7%99%D7%94-%D7%95%D7%9E%D7%97%D7%99%D7%A7%D7%94-%D7%A9%D7%9C-%D7%A4%D7%A8%D7%99%D7%98%D7%99%D7%9D-%D7%9E%D7%94%D7%98%D7%9C%D7%A4%D7%95%D7%9F-%D7%9C%D7%9C%D7%90-%D7%A8%D7%A9%D7%95%D7%AA/,0,5,0,65.2
מקרים של רשלנות רפואית,https://jus-tice.co.il/articles/%D7%9E%D7%A7%D7%A8%D7%99-%D7%A8%D7%A9%D7%9C%D7%A0%D7%95%D7%AA-%D7%A8%D7%A4%D7%95%D7%90%D7%99%D7%AA-%D7%93%D7%95%D7%92%D7%9E%D7%90%D7%95%D7%AA/,0,210,0,54.56190476190476
מר זכות חוות דעת,https://jus-tice.co.il/returning-resident-rights-determining-tax-rate/,0,1,0,64
"מרב""ד משרד החינוך",https://jus-tice.co.il/%D7%9C%D7%90-%D7%9E%D7%97%D7%95%D7%A1%D7%9F-%D7%94%D7%90%D7%9D-%D7%9E%D7%A2%D7%A1%D7%99%D7%A7-%D7%99%D7%9B%D7%95%D7%9C-%D7%9C%D7%9E%D7%A0%D7%95%D7%A2-%D7%A2%D7%95%D7%91%D7%93-%D7%9C%D7%9C%D7%90-%D7%91%D7%93%D7%99%D7%A7%D7%AA-%D7%A7%D7%95%D7%A8%D7%95%D7%A0%D7%94/,0,1,0,57
"מרב""ד משרד החינוך",https://jus-tice.co.il/israel-framework-for-reopening-schools-coronavirus-2020/,0,1,0,91
"מרב""ד משרד החינוך",https://jus-tice.co.il/psakdin/%D7%97%D7%99%D7%A0%D7%95%D7%9A-%D7%94%D7%99%D7%9C%D7%93%D7%99%D7%9D-%D7%91%D7%9E%D7%95%D7%A1%D7%93-%D7%A9%D7%9C-%D7%90%D7%99%D7%96%D7%94-%D7%96%D7%A8%D7%9D-%D7%93%D7%AA%D7%99-%D7%99%D7%AA%D7%97%D7%A0/,0,1,0,25
מרדכי וחדי שופט,https://jus-tice.co.il/court-judge/,0,1,0,1
מרוץ הסמכויות,https://jus-tice.co.il/the-race-for-jurisdiction-family-law/,0,1,0,91
מרוץ הסמכויות בגירושין,https://jus-tice.co.il/the-race-for-jurisdiction-family-law/,0,3,0,72.33333333333333
מרוץ סמכויות בגירושין,https://jus-tice.co.il/the-race-for-jurisdiction-family-law/,0,3,0,87.33333333333333
מרכז סרכוז כללית,https://jus-tice.co.il/corona_virus/%D7%94%D7%A0%D7%97%D7%99%D7%95%D7%AA-%D7%9C%D7%94%D7%AA%D7%9E%D7%95%D7%93%D7%93%D7%95%D7%AA-%D7%A2%D7%9D-%D7%A0%D7%92%D7%99%D7%A3-%D7%94%D7%A7%D7%95%D7%A8%D7%95%D7%A0%D7%94-19-covid/,0,1,0,68
מרשם עורכי דין,https://jus-tice.co.il/,0,1,0,36
מרתף אנגלי,https://jus-tice.co.il/apartment/,0,1,0,99
משאית תעבורה,https://jus-tice.co.il/%D7%96%D7%99%D7%9B%D7%95%D7%99-%D7%A0%D7%94%D7%92-%D7%9E%D7%A9%D7%90%D7%99%D7%AA-%D7%A9%D7%94%D7%95%D7%90%D7%A9%D7%9D-%D7%91%D7%92%D7%A8%D7%99%D7%9E%D7%AA-%D7%9E%D7%95%D7%95%D7%AA-%D7%91%D7%A8%D7%A9%D7%9C%D7%A0%D7%95%D7%AA-%D7%AA%D7%99%D7%A7-56-03-20/,0,1,0,74
משה גליקסמן איש עסקים,https://jus-tice.co.il/psakdin/%D7%94%D7%98%D7%99%D7%A4%D7%95%D7%9C-%D7%91%D7%A0%D7%A4%D7%92%D7%A2%D7%99-%D7%A2%D7%91%D7%99%D7%A8%D7%95%D7%AA-%D7%9E%D7%99%D7%9F-%D7%91%D7%94%D7%9C%D7%99%D7%9A-%D7%94%D7%A4%D7%9C%D7%99%D7%9C%D7%99/,0,1,0,79
משה זדה,https://jus-tice.co.il/1265026-5-%D7%A8%D7%91%D7%A0%D7%99-%D7%97%D7%99%D7%A4%D7%94/,0,1,0,75
משחק כרום דינו מקוון,https://jus-tice.co.il/search-engine-optimization/,0,1,0,37
"משטרת הגבולות נתב""ג",https://jus-tice.co.il/psakdin/%D7%94%D7%A4%D7%A8%D7%AA-%D7%97%D7%95%D7%A7-%D7%94%D7%9B%D7%A0%D7%99%D7%A1%D7%94-%D7%9C%D7%99%D7%A9%D7%A8%D7%90%D7%9C-%D7%93%D7%A8%D7%9A-%D7%A0%D7%AA%D7%91%D7%92/,0,1,0,69
משטרת ישראל פלילים,https://jus-tice.co.il/%D7%97%D7%93%D7%A9%D7%95%D7%AA-%D7%A4%D7%9C%D7%99%D7%9C%D7%99-%D7%9E%D7%AA%D7%A2%D7%93%D7%9B%D7%9F/,0,3,0,55.333333333333336
"משכנתא לעסקאות נדל""ן",https://jus-tice.co.il/real-estate-lawyer-cost-2025/,0,5,0,66.8
משמורת,https://jus-tice.co.il/what-is-child-custody/,0,36,0,75.72222222222223
משמורת בלעדית,https://jus-tice.co.il/%D7%9E%D7%A9%D7%9E%D7%95%D7%A8%D7%AA-%D7%91%D7%9C%D7%A2%D7%93%D7%99%D7%AA-%D7%9C%D7%90%D7%9D-%D7%95%D7%A9%D7%99%D7%AA%D7%95%D7%A4%D7%99%D7%95%D7%AA-%D7%99%D7%97%D7%A1%D7%99%D7%AA-%D7%91%D7%9E%D7%A1%D7%92%D7%A8%D7%AA-%D7%90%D7%99%D7%96%D7%95%D7%9F-%D7%9E%D7%A9%D7%90%D7%91%D7%99%D7%9D-%D7%AA%D7%9C%D7%94%D7%9E-37049-07-18/,0,4,0,20.5
משמורת בלעדית לאם,https://jus-tice.co.il/%D7%9E%D7%A9%D7%9E%D7%95%D7%A8%D7%AA-%D7%91%D7%9C%D7%A2%D7%93%D7%99%D7%AA-%D7%9C%D7%90%D7%9D-%D7%95%D7%A9%D7%99%D7%AA%D7%95%D7%A4%D7%99%D7%95%D7%AA-%D7%99%D7%97%D7%A1%D7%99%D7%AA-%D7%91%D7%9E%D7%A1%D7%92%D7%A8%D7%AA-%D7%90%D7%99%D7%96%D7%95%D7%9F-%D7%9E%D7%A9%D7%90%D7%91%D7%99%D7%9D-%D7%AA%D7%9C%D7%94%D7%9E-37049-07-18/,0,101,0,9.643564356435643
משמורת ילדים,https://jus-tice.co.il/what-is-child-custody/,0,325,0,51.646153846153844
משמורת ילדים,https://jus-tice.co.il/wp-content/uploads/2021/07/ChildCustody.pdf,0,227,0,56.55506607929515
משמורת ילדים בגירושין,https://jus-tice.co.il/what-is-child-custody/,0,21,0,87.66666666666667
משמורת ילדים בגירושין,https://jus-tice.co.il/wp-content/uploads/2021/07/ChildCustody.pdf,0,25,0,83.64
משמורת מלאה,https://jus-tice.co.il/what-is-child-custody/,0,11,0,73.54545454545455
משמורת משותפת מאיזה גיל,https://jus-tice.co.il/%D7%94%D7%97%D7%96%D7%A7%D7%AA-%D7%99%D7%9C%D7%93%D7%99%D7%9D-%D7%9E%D7%A9%D7%9E%D7%95%D7%A8%D7%AA-%D7%9E%D7%A9%D7%95%D7%AA%D7%A4%D7%AA-%D7%91%D7%99%D7%AA-%D7%94%D7%93%D7%99%D7%9F-%D7%94%D7%A8%D7%91%D7%A0%D7%99/,0,1,0,99
משמורת משותפת מאיזה גיל,https://jus-tice.co.il/what-is-child-custody/,0,63,0,89.60317460317461
משמורת על הילדים,https://jus-tice.co.il/what-is-child-custody/,0,2,0,30.5
משמורת על ילדים,https://jus-tice.co.il/what-is-child-custody/,0,22,0,37.40909090909091
משמורת על תינוק,https://jus-tice.co.il/what-is-child-custody/,0,1,0,39
משפחה מאמצת,https://jus-tice.co.il/psakdin/%D7%90%D7%99%D7%9E%D7%95%D7%A5-%D7%99%D7%9C%D7%93-%D7%9E%D7%90%D7%95%D7%A7%D7%A8%D7%90%D7%99%D7%A0%D7%94-%D7%AA%D7%91%D7%99%D7%A2%D7%AA-%D7%A0%D7%96%D7%99%D7%A7%D7%99%D7%9F-%D7%91%D7%92%D7%99%D7%9F/,0,1,0,75
משפט,https://jus-tice.co.il/articles/%D7%9E%D7%94%D7%95-%D7%91%D7%99%D7%AA-%D7%9E%D7%A9%D7%A4%D7%98/,0,13,0,40.84615384615385
משפט ימי,https://jus-tice.co.il/%D7%A7%D7%98%D7%92%D7%95%D7%A8%D7%99%D7%95%D7%AA-%D7%9E%D7%90%D7%9E%D7%A8%D7%99%D7%9D/%D7%9E%D7%A9%D7%A4%D7%98-%D7%99%D7%9E%D7%99/,0,25,0,32.2
משפט ליפשיץ,https://jus-tice.co.il/decision55016-06-17a/,0,1,0,86
משפט פירוש,https://jus-tice.co.il/articles/%D7%9E%D7%94%D7%95-%D7%91%D7%99%D7%AA-%D7%9E%D7%A9%D7%A4%D7%98/,0,1,0,39
משפט פלילי,https://jus-tice.co.il/%D7%AA%D7%97%D7%95%D7%9E%D7%99-%D7%94%D7%AA%D7%9E%D7%97%D7%95%D7%AA/%D7%9E%D7%A9%D7%A4%D7%98-%D7%A4%D7%9C%D7%99%D7%9C%D7%99/,0,28,0,46.035714285714285
משפטי,https://jus-tice.co.il/,0,7,0,63.857142857142854
משפטית,https://jus-tice.co.il/articles/%D7%9E%D7%94%D7%95-%D7%91%D7%99%D7%AA-%D7%9E%D7%A9%D7%A4%D7%98/,0,2,0,57
משק ממן,https://jus-tice.co.il/62758-11-22/,0,1,0,90
משרד האוצר רשות המיסים,https://jus-tice.co.il/israel-tax-authority/,0,2,0,31.5
משרד האוצר רשות המיסים טלפון,https://jus-tice.co.il/israel-tax-authority/,0,1,0,85
משרד האוצר רשות המסים,https://jus-tice.co.il/israel-tax-authority/,0,1,0,33
משרד הבריאות אגף רישוי,https://jus-tice.co.il/wp-content/uploads/2020/02/%D7%94%D7%AA%D7%9C%D7%99%D7%99%D7%AA-%D7%A9%D7%9C%D7%99%D7%9C%D7%AA-%D7%A8%D7%A9%D7%99%D7%95%D7%A0%D7%95%D7%AA-%D7%9E%D7%A9%D7%A8%D7%93-%D7%94%D7%91%D7%A8%D7%99%D7%90%D7%95%D7%AA.pdf,0,2,0,81.5
משרד הבריאות רשיון רופאים,https://jus-tice.co.il/wp-content/uploads/2020/02/%D7%94%D7%AA%D7%9C%D7%99%D7%99%D7%AA-%D7%A9%D7%9C%D7%99%D7%9C%D7%AA-%D7%A8%D7%A9%D7%99%D7%95%D7%A0%D7%95%D7%AA-%D7%9E%D7%A9%D7%A8%D7%93-%D7%94%D7%91%D7%A8%D7%99%D7%90%D7%95%D7%AA.pdf,0,2,0,43
משרד הבריאות תעודות,https://jus-tice.co.il/wp-content/uploads/2020/02/%D7%94%D7%AA%D7%9C%D7%99%D7%99%D7%AA-%D7%A9%D7%9C%D7%99%D7%9C%D7%AA-%D7%A8%D7%A9%D7%99%D7%95%D7%A0%D7%95%D7%AA-%D7%9E%D7%A9%D7%A8%D7%93-%D7%94%D7%91%D7%A8%D7%99%D7%90%D7%95%D7%AA.pdf,0,1,0,94
משרד הדתות פניות הציבור,https://jus-tice.co.il/wp-content/uploads/2022/06/misradhamishpatim-women.pdf,0,1,0,52
משרד המשפטים אפוסטיל,https://jus-tice.co.il/apostille/,0,1,0,44
משרד המשפטים סיוע משפטי,https://jus-tice.co.il/wp-content/uploads/2022/06/misradhamishpatim-women.pdf,0,3,0,28.333333333333332
משרד התמ ת טבלת דרגות,https://jus-tice.co.il/articles/%D7%94%D7%90%D7%9D-%D7%9C%D7%A0%D7%A6%D7%99%D7%91-%D7%A9%D7%99%D7%A8%D7%95%D7%AA-%D7%94%D7%9E%D7%93%D7%99%D7%A0%D7%94-%D7%99%D7%A9-%D7%A1%D7%9E%D7%9B%D7%95%D7%AA-%D7%9C%D7%97%D7%AA%D7%95%D7%9D-%D7%A2/,0,1,0,43
משרד עוכי דין,https://jus-tice.co.il/,0,3,0,59
משרד עורך דין,https://jus-tice.co.il/,0,2,0,38
משרד עורכי דין,https://jus-tice.co.il/,0,52,0,52.94230769230769
משרד עורכי דין באשדוד,https://jus-tice.co.il/,0,1,0,87
משרד עורכי דין תכנון ובניה,https://jus-tice.co.il/construction-law/,0,6,0,55
משרד עורכי הדין,https://jus-tice.co.il/,0,1,0,39
משרדי nso,https://jus-tice.co.il/articles/%D7%A4%D7%92%D7%A1%D7%95%D7%A1-nso-%D7%9E%D7%A1%D7%A7%D7%A0%D7%95%D7%AA-%D7%A6%D7%95%D7%95%D7%AA-%D7%9E%D7%A8%D7%A8%D7%99-%D7%9E%D7%9E%D7%A6%D7%90%D7%99-%D7%A6%D7%95%D7%95%D7%AA-%D7%94%D7%91%D7%93/,0,1,0,28
משרדי נזיקין מובילים,https://jus-tice.co.il/,0,1,0,77
משרדי עורכי דין,https://jus-tice.co.il/,0,6,0,42.666666666666664
משרדי עורכי דין גדולים בתל אביב,https://jus-tice.co.il/tel-aviv-city-best-lawyers/,0,1,0,18
משרדי עורכי דין מובילים בישראל,https://jus-tice.co.il/,0,3,0,45
משרדים לעורכי דין,https://jus-tice.co.il/,0,1,0,100
מתח דרגות בשירות המדינה,https://jus-tice.co.il/articles/%D7%94%D7%90%D7%9D-%D7%9C%D7%A0%D7%A6%D7%99%D7%91-%D7%A9%D7%99%D7%A8%D7%95%D7%AA-%D7%94%D7%9E%D7%93%D7%99%D7%A0%D7%94-%D7%99%D7%A9-%D7%A1%D7%9E%D7%9B%D7%95%D7%AA-%D7%9C%D7%97%D7%AA%D7%95%D7%9D-%D7%A2/,0,1,0,30
מתי הסכם ממון לא תופס,https://jus-tice.co.il/marital-property-agreement/,0,10,0,10.5
מתי הסכם ממון לא תופס,https://jus-tice.co.il/prenuptial-agreements-overview/,0,2,0,22
מתי הסכם ממון לא תופס?,https://jus-tice.co.il/marital-property-agreement/,0,28,0,11.714285714285714
מתי הסכם ממון לא תופס?,https://jus-tice.co.il/prenuptial-agreements-overview/,0,20,0,24.9
מתי כספי כפר ורדים,https://jus-tice.co.il/articles/%D7%94%D7%9C%D7%9B%D7%AA-%D7%A9%D7%99%D7%AA%D7%95%D7%A3-%D7%A1%D7%A4%D7%A6%D7%99%D7%A4%D7%99-%D7%91%D7%93%D7%99%D7%A8%D7%AA-%D7%9E%D7%92%D7%95%D7%A8%D7%99%D7%9D/,0,1,0,60
מתי משלמים לעורך דין קניית דירה,https://jus-tice.co.il/real-estate-lawyer-cost-2025/,0,168,0,75.23214285714286
מתי משלמים מס הכנסה,https://jus-tice.co.il/israel-tax-authority/,0,1,0,22
מתי נוכל להתנגד לצוואה,https://jus-tice.co.il/psakdin/%D7%94%D7%AA%D7%A0%D7%92%D7%93%D7%95%D7%AA-%D7%9C%D7%A6%D7%95%D7%95%D7%90%D7%94-%D7%91%D7%A9%D7%9C-%D7%94%D7%A9%D7%A4%D7%A2%D7%94-%D7%91%D7%9C%D7%AA%D7%99-%D7%94%D7%95%D7%92%D7%A0%D7%AA/,0,1,0,22
מתי נכנס שכר בעבודת מדינה,https://jus-tice.co.il/articles/%D7%94%D7%90%D7%9D-%D7%9C%D7%A0%D7%A6%D7%99%D7%91-%D7%A9%D7%99%D7%A8%D7%95%D7%AA-%D7%94%D7%9E%D7%93%D7%99%D7%A0%D7%94-%D7%99%D7%A9-%D7%A1%D7%9E%D7%9B%D7%95%D7%AA-%D7%9C%D7%97%D7%AA%D7%95%D7%9D-%D7%A2/,0,3,0,15
מתי עושים הסכם ממון,https://jus-tice.co.il/marital-property-agreement/,0,1,0,36
מתי פסק דין הופך לחלוט,https://jus-tice.co.il/psakdin/%D7%94%D7%98%D7%99%D7%A4%D7%95%D7%9C-%D7%91%D7%A0%D7%A4%D7%92%D7%A2%D7%99-%D7%A2%D7%91%D7%99%D7%A8%D7%95%D7%AA-%D7%9E%D7%99%D7%9F-%D7%91%D7%94%D7%9C%D7%99%D7%9A-%D7%94%D7%A4%D7%9C%D7%99%D7%9C%D7%99/,0,1,0,81
מתי צריך לעשות הסכם ממון,https://jus-tice.co.il/prenuptial-agreements-overview/,0,1,0,46
מתן סעד בהליך גירושין לאישה שזנתה,https://jus-tice.co.il/1520884-1/,0,10,0,18.8
מתן סעד בהליך גירושין לאישה שזנתה,https://jus-tice.co.il/articles/%D7%94%D7%9C%D7%99%D7%9B%D7%99-%D7%92%D7%99%D7%A8%D7%95%D7%A9%D7%99%D7%9F-%D7%99%D7%95%D7%A6%D7%A8%D7%99%D7%9D-%D7%93%D7%99%D7%A0%D7%99%D7%9D-%D7%9E%D7%99%D7%95%D7%97%D7%93%D7%99%D7%9D-%D7%91%D7%99/,0,3,0,19
מתקן לנרות למצבה,https://jus-tice.co.il/decision55016-06-17a/,0,1,0,40
נדבג,https://jus-tice.co.il/small_claims/%D7%9B%D7%A8%D7%98%D7%99%D7%A1%D7%99-%D7%98%D7%99%D7%A1%D7%94-%D7%97%D7%91%D7%A8%D7%AA-%D7%AA%D7%A2%D7%95%D7%A4%D7%94-%D7%A4%D7%A9%D7%98%D7%94-%D7%90%D7%AA-%D7%94%D7%A8%D7%92%D7%9C-%D7%A1%D7%95%D7%9B/,0,1,0,74
"נדל""ן בליסבון",https://jus-tice.co.il/portugal-overview-real-estate/,0,61,0,36.14754098360656
"נדל""ן בפורטו",https://jus-tice.co.il/portugal-overview-real-estate/,0,2,0,78
"נדל""ן בפורטוגל",https://jus-tice.co.il/portugal-overview-real-estate/,0,27,0,53.48148148148148
"נדל""ן גרמניה לישראלים",https://jus-tice.co.il/vonovia/,0,1,0,30
נדלן בליסבון,https://jus-tice.co.il/portugal-overview-real-estate/,0,7,0,63.857142857142854
נדלן מניב בפורטוגל,https://jus-tice.co.il/portugal-overview-real-estate/,0,12,0,58.416666666666664
נדלן מקרקעין,https://jus-tice.co.il/land-appreciation-tax/,0,1,0,45
נהיול מוניטין לעורכי דין,https://jus-tice.co.il/%D7%A0%D7%99%D7%94%D7%95%D7%9C-%D7%9E%D7%95%D7%A0%D7%99%D7%98%D7%99%D7%9F-%D7%9E%D7%A7%D7%95%D7%95%D7%9F-%D7%9C%D7%A2%D7%95%D7%A8%D7%9B%D7%99-%D7%93%D7%99%D7%9F-%D7%91%D7%A8%D7%A9%D7%AA-%D7%94%D7%90%D7%99%D7%A0%D7%98%D7%A8%D7%A0%D7%98/,0,96,0,8.34375
נהלי הממונה על חדלות פירעון,https://jus-tice.co.il/insolvency/,0,2,0,18.5
נוטריון אימות חתימה,https://jus-tice.co.il/%D7%90%D7%99%D7%9E%D7%95%D7%AA-%D7%97%D7%AA%D7%99%D7%9E%D7%94-%D7%A0%D7%95%D7%98%D7%A8%D7%99%D7%95%D7%9F-%D7%9E%D7%A9%D7%95%D7%9C%D7%91-%D7%A2%D7%91%D7%A8%D7%99%D7%AA-%D7%90%D7%A0%D7%92%D7%9C%D7%99%D7%AA/,0,6,0,47.333333333333336
נוטריון אמריקאי,https://jus-tice.co.il/%D7%90%D7%99%D7%9E%D7%95%D7%AA-%D7%97%D7%AA%D7%99%D7%9E%D7%94-%D7%A0%D7%95%D7%98%D7%A8%D7%99%D7%95%D7%9F-%D7%9E%D7%A9%D7%95%D7%9C%D7%91-%D7%A2%D7%91%D7%A8%D7%99%D7%AA-%D7%90%D7%A0%D7%92%D7%9C%D7%99%D7%AA/,0,14,0,61.357142857142854
נוטריון אנגלית,https://jus-tice.co.il/%D7%90%D7%99%D7%9E%D7%95%D7%AA-%D7%97%D7%AA%D7%99%D7%9E%D7%94-%D7%A0%D7%95%D7%98%D7%A8%D7%99%D7%95%D7%9F-%D7%9E%D7%A9%D7%95%D7%9C%D7%91-%D7%A2%D7%91%D7%A8%D7%99%D7%AA-%D7%90%D7%A0%D7%92%D7%9C%D7%99%D7%AA/,0,15,0,47.266666666666666
נוטריון פורטוגזית,https://jus-tice.co.il/portugal-noatary/,0,57,0,13.87719298245614
נוטריון תל אביב דיזינגוף,https://jus-tice.co.il/returning-resident-rights-determining-tax-rate/,0,27,0,61.592592592592595
נוסח הסכם גירושין,https://jus-tice.co.il/wp-content/uploads/2021/03/%D7%A0%D7%95%D7%A1%D7%97-%D7%94%D7%A1%D7%9B%D7%9D-%D7%92%D7%99%D7%A8%D7%95%D7%A9%D7%99%D7%9F-%D7%93%D7%95%D7%92%D7%9E%D7%90-2021.docx,0,101,0,55.693069306930695
נוסח הסכם גירושין בהסכמה,https://jus-tice.co.il/wp-content/uploads/2021/03/%D7%A0%D7%95%D7%A1%D7%97-%D7%94%D7%A1%D7%9B%D7%9D-%D7%92%D7%99%D7%A8%D7%95%D7%A9%D7%99%D7%9F-%D7%93%D7%95%D7%92%D7%9E%D7%90-2021.docx,0,4,0,61.75
נורטון אנטי וירוס חינם,https://jus-tice.co.il/iflr1000/,0,1,0,55
נזק כתוצאה מלידת מלקחיים,https://jus-tice.co.il/birth-injury/,0,1,0,68
נט המ,https://jus-tice.co.il/wp-content/uploads/2019/03/%D7%91%D7%99%D7%94%D7%93-%D7%94%D7%90%D7%A8%D7%A6%D7%99-%D7%9C%D7%A2%D7%91%D7%95%D7%93%D7%94-%D7%A9-%D7%92%D7%9C%D7%99%D7%A7%D7%A1%D7%9E%D7%9F-%D7%94%D7%9E%D7%A6%D7%90%D7%AA-%D7%9B%D7%AA%D7%91%D7%99-%D7%91%D7%99-%D7%93%D7%99%D7%9F-%D7%91%D7%90%D7%9E%D7%A6%D7%A2%D7%95%D7%AA-%D7%A0%D7%98-%D7%94%D7%9E%D7%A9%D7%A4%D7%98.pdf,0,4,0,51.5
נט המשפט התקנה,https://jus-tice.co.il/wp-content/uploads/2019/03/%D7%91%D7%99%D7%94%D7%93-%D7%94%D7%90%D7%A8%D7%A6%D7%99-%D7%9C%D7%A2%D7%91%D7%95%D7%93%D7%94-%D7%A9-%D7%92%D7%9C%D7%99%D7%A7%D7%A1%D7%9E%D7%9F-%D7%94%D7%9E%D7%A6%D7%90%D7%AA-%D7%9B%D7%AA%D7%91%D7%99-%D7%91%D7%99-%D7%93%D7%99%D7%9F-%D7%91%D7%90%D7%9E%D7%A6%D7%A2%D7%95%D7%AA-%D7%A0%D7%98-%D7%94%D7%9E%D7%A9%D7%A4%D7%98.pdf,0,2,0,79
נט המשפט כניסת עורכי דין,https://jus-tice.co.il/wp-content/uploads/2019/03/%D7%91%D7%99%D7%94%D7%93-%D7%94%D7%90%D7%A8%D7%A6%D7%99-%D7%9C%D7%A2%D7%91%D7%95%D7%93%D7%94-%D7%A9-%D7%92%D7%9C%D7%99%D7%A7%D7%A1%D7%9E%D7%9F-%D7%94%D7%9E%D7%A6%D7%90%D7%AA-%D7%9B%D7%AA%D7%91%D7%99-%D7%91%D7%99-%D7%93%D7%99%D7%9F-%D7%91%D7%90%D7%9E%D7%A6%D7%A2%D7%95%D7%AA-%D7%A0%D7%98-%D7%94%D7%9E%D7%A9%D7%A4%D7%98.pdf,0,1,0,44
נט המשפט מרכז מידע טלפון,https://jus-tice.co.il/wp-content/uploads/2019/03/%D7%91%D7%99%D7%94%D7%93-%D7%94%D7%90%D7%A8%D7%A6%D7%99-%D7%9C%D7%A2%D7%91%D7%95%D7%93%D7%94-%D7%A9-%D7%92%D7%9C%D7%99%D7%A7%D7%A1%D7%9E%D7%9F-%D7%94%D7%9E%D7%A6%D7%90%D7%AA-%D7%9B%D7%AA%D7%91%D7%99-%D7%91%D7%99-%D7%93%D7%99%D7%9F-%D7%91%D7%90%D7%9E%D7%A6%D7%A2%D7%95%D7%AA-%D7%A0%D7%98-%D7%94%D7%9E%D7%A9%D7%A4%D7%98.pdf,0,1,0,84
ניהול מוניטין לעורכי דין,https://jus-tice.co.il/%D7%A0%D7%99%D7%94%D7%95%D7%9C-%D7%9E%D7%95%D7%A0%D7%99%D7%98%D7%99%D7%9F-%D7%9E%D7%A7%D7%95%D7%95%D7%9F-%D7%9C%D7%A2%D7%95%D7%A8%D7%9B%D7%99-%D7%93%D7%99%D7%9F-%D7%91%D7%A8%D7%A9%D7%AA-%D7%94%D7%90%D7%99%D7%A0%D7%98%D7%A8%D7%A0%D7%98/,0,338,0,8.431952662721894
ניכויי מס הכנסה,https://jus-tice.co.il/israel-tax-authority/,0,1,0,64
ניכויים מס הכנסה,https://jus-tice.co.il/israel-tax-authority/,0,2,0,59.5
ניסוח הסכם גירושין,https://jus-tice.co.il/wp-content/uploads/2021/03/%D7%A0%D7%95%D7%A1%D7%97-%D7%94%D7%A1%D7%9B%D7%9D-%D7%92%D7%99%D7%A8%D7%95%D7%A9%D7%99%D7%9F-%D7%93%D7%95%D7%92%D7%9E%D7%90-2021.docx,0,52,0,57.05769230769231
ניסיון לחבול בחומר נפץ,https://jus-tice.co.il/wp-content/uploads/2023/03/9_lsr_311018.pdf,0,3,0,77
ניקיון לפני אכלוס בפרדס חנה כרכור,https://jus-tice.co.il/building-science/,0,1,0,74
ניר חפץ משרד עורכי דין,https://jus-tice.co.il/%D7%90%D7%99%D7%A9%D7%95%D7%9D-%D7%94%D7%98%D7%A8%D7%93%D7%95%D7%AA-%D7%A9%D7%9C-%D7%A2%D7%93-%D7%94%D7%9E%D7%93%D7%99%D7%A0%D7%94-%D7%A0%D7%99%D7%A8-%D7%97%D7%A4%D7%A5-%D7%95%D7%A2%D7%93%D7%AA-%D7%94/,0,1,0,18
ניר פסי,https://jus-tice.co.il/%D7%90%D7%99%D7%A9%D7%95%D7%9D-%D7%94%D7%98%D7%A8%D7%93%D7%95%D7%AA-%D7%A9%D7%9C-%D7%A2%D7%93-%D7%94%D7%9E%D7%93%D7%99%D7%A0%D7%94-%D7%A0%D7%99%D7%A8-%D7%97%D7%A4%D7%A5-%D7%95%D7%A2%D7%93%D7%AA-%D7%94/,0,1,0,46
"ניתוח+חוזה+נדל""ן",https://jus-tice.co.il/articles/%D7%9E%D7%93%D7%A8%D7%99%D7%9A-2025-%D7%9E%D7%94-%D7%97%D7%A9%D7%95%D7%91-%D7%9C%D7%9B%D7%9C%D7%95%D7%9C-%D7%91%D7%97%D7%95%D7%96%D7%94-%D7%9E%D7%95%D7%9C-%D7%A7%D7%91%D7%9C%D7%9F-%D7%91%D7%A8%D7%9B/,0,13,0,31.307692307692307
"ניתוח+חוזה+נדל""ן",https://jus-tice.co.il/articles/10-%D7%A0%D7%95%D7%A9%D7%90%D7%99%D7%9D-%D7%A7%D7%A8%D7%99%D7%98%D7%99%D7%99%D7%9D-%D7%A9%D7%97%D7%99%D7%99%D7%91%D7%99%D7%9D-%D7%9C%D7%91%D7%93%D7%95%D7%A7-%D7%9C%D7%A4%D7%A0%D7%99-%D7%A7%D7%A0%D7%99/,0,4,0,70
"ניתוח+חוזה+נדל""ן",https://jus-tice.co.il/property-investment-calculator/,0,2,0,84
"ניתוח+חוזה+נדל""ן",https://jus-tice.co.il/real-estate-lawyer-cost-2025/,0,1,0,90
ניתוח+חוזים+בעסקאות+נדל״ן,https://jus-tice.co.il/real-estate-lawyer-cost-2025/,0,1,0,84
נכס בפורטוגל,https://jus-tice.co.il/portugal-overview-real-estate/,0,1,0,84
נמדר תעשיות,https://jus-tice.co.il/decision6077-20/,0,1,0,60
נמל חיפה עבודה,https://jus-tice.co.il/%D7%94%D7%97%D7%9C%D7%98%D7%94-%D7%91%D7%A0%D7%95%D7%A9%D7%90-%D7%A9%D7%91%D7%99%D7%AA%D7%AA-%D7%94%D7%A0%D7%9E%D7%9C%D7%99%D7%9D-%D7%A1%D7%A7%D7%9B-55221-01-22/,0,1,0,61
נסח טאבו חינם 15 שקלים,https://jus-tice.co.il/real-estate-lawyer-cost-2025/,0,2,0,22.5
נסיעה לאחור תקנות התעבורה,https://jus-tice.co.il/wp-content/uploads/2020/01/hana_v9.32.88s.pdf,0,8,0,61.875
נפגעי עבירה בהליך הפלילי,https://jus-tice.co.il/psakdin/%D7%94%D7%98%D7%99%D7%A4%D7%95%D7%9C-%D7%91%D7%A0%D7%A4%D7%92%D7%A2%D7%99-%D7%A2%D7%91%D7%99%D7%A8%D7%95%D7%AA-%D7%9E%D7%99%D7%9F-%D7%91%D7%94%D7%9C%D7%99%D7%9A-%D7%94%D7%A4%D7%9C%D7%99%D7%9C%D7%99/,0,1,0,68
נפתלי שילה,https://jus-tice.co.il/decision3127-04-22/,0,2,0,37
נציב מס הכנסה,https://jus-tice.co.il/israel-tax-authority/,0,4,0,30.25
נציבות מס הכנסה,https://jus-tice.co.il/israel-tax-authority/,0,5,0,24.8
נציבות נפגעי עבירה,https://jus-tice.co.il/psakdin/%D7%94%D7%98%D7%99%D7%A4%D7%95%D7%9C-%D7%91%D7%A0%D7%A4%D7%92%D7%A2%D7%99-%D7%A2%D7%91%D7%99%D7%A8%D7%95%D7%AA-%D7%9E%D7%99%D7%9F-%D7%91%D7%94%D7%9C%D7%99%D7%9A-%D7%94%D7%A4%D7%9C%D7%99%D7%9C%D7%99/,0,1,0,49
נציבות שירות המדינה מכרזים ללא חובת מכרז,https://jus-tice.co.il/articles/%D7%94%D7%90%D7%9D-%D7%9C%D7%A0%D7%A6%D7%99%D7%91-%D7%A9%D7%99%D7%A8%D7%95%D7%AA-%D7%94%D7%9E%D7%93%D7%99%D7%A0%D7%94-%D7%99%D7%A9-%D7%A1%D7%9E%D7%9B%D7%95%D7%AA-%D7%9C%D7%97%D7%AA%D7%95%D7%9D-%D7%A2/,0,3,0,51.666666666666664
"נש""ם",https://jus-tice.co.il/articles/%D7%AA%D7%A7%D7%A6%D7%99%D7%A8-%D7%94%D7%93%D7%95%D7%97-%D7%A2%D7%9C-%D7%99%D7%99%D7%A9%D7%95%D7%9D-%D7%94%D7%97%D7%95%D7%A7-%D7%9C%D7%9E%D7%A0%D7%99%D7%A2%D7%AA-%D7%94%D7%98%D7%A8%D7%93%D7%94-%D7%9E/,0,1,0,30
נשלל באנגלית,https://jus-tice.co.il/wp-content/uploads/2020/02/%D7%94%D7%AA%D7%9C%D7%99%D7%99%D7%AA-%D7%A9%D7%9C%D7%99%D7%9C%D7%AA-%D7%A8%D7%A9%D7%99%D7%95%D7%A0%D7%95%D7%AA-%D7%9E%D7%A9%D7%A8%D7%93-%D7%94%D7%91%D7%A8%D7%99%D7%90%D7%95%D7%AA.pdf,0,1,0,76
נתוני מס שבח,https://jus-tice.co.il/land-appreciation-tax/,0,1,0,54
נתן שטרנפלד,https://jus-tice.co.il/articles/%D7%97%D7%96%D7%A7%D7%AA-%D7%97%D7%95%D7%91-%D7%9C%D7%A6%D7%93-%D7%92-%D7%A9%D7%90%D7%9B%D7%9F-%D7%97%D7%95%D7%91-%D7%94%D7%95%D7%90-%D7%95%D7%91%D7%A8%D7%90%D7%99%D7%96%D7%95%D7%9F-%D7%95/,0,1,0,40
נתן שטרנפלד אקטואר,https://jus-tice.co.il/articles/%D7%97%D7%96%D7%A7%D7%AA-%D7%97%D7%95%D7%91-%D7%9C%D7%A6%D7%93-%D7%92-%D7%A9%D7%90%D7%9B%D7%9F-%D7%97%D7%95%D7%91-%D7%94%D7%95%D7%90-%D7%95%D7%91%D7%A8%D7%90%D7%99%D7%96%D7%95%D7%9F-%D7%95/,0,2,0,10
ס הכנסה,https://jus-tice.co.il/israel-tax-authority/,0,1,0,47
סארי ג'יוסי,https://jus-tice.co.il/articles/%D7%94%D7%A0%D7%93%D7%95%D7%9F-%D7%97%D7%A1%D7%99%D7%95%D7%9F-%D7%A2%D7%95%D7%A8%D7%9A-%D7%93%D7%99%D7%9F-%D7%9C%D7%A7%D7%95%D7%97-%D7%9C%D7%A2%D7%95%D7%9E%D7%AA-%D7%97%D7%95%D7%91%D7%AA/,0,1,0,58
סבסוד ארוחות על ידי המעסיק,https://jus-tice.co.il/employer-worker-relationship/,0,14,0,90.28571428571429
סגירת תיק עוסק פטור במע מ,https://jus-tice.co.il/israel-tax-authority/,0,1,0,29
סדפ לאו,https://jus-tice.co.il/psakdin/%D7%94%D7%98%D7%99%D7%A4%D7%95%D7%9C-%D7%91%D7%A0%D7%A4%D7%92%D7%A2%D7%99-%D7%A2%D7%91%D7%99%D7%A8%D7%95%D7%AA-%D7%9E%D7%99%D7%9F-%D7%91%D7%94%D7%9C%D7%99%D7%9A-%D7%94%D7%A4%D7%9C%D7%99%D7%9C%D7%99/,0,1,0,53
סוגי בתי דין,https://jus-tice.co.il/wp-content/uploads/2022/06/yesod10.pdf,0,1,0,72
סוגי בתי משפט,https://jus-tice.co.il/articles/%D7%9E%D7%94%D7%95-%D7%91%D7%99%D7%AA-%D7%9E%D7%A9%D7%A4%D7%98/,0,11,0,11.090909090909092
סוגי בתי משפט בישראל,https://jus-tice.co.il/articles/%D7%9E%D7%94%D7%95-%D7%91%D7%99%D7%AA-%D7%9E%D7%A9%D7%A4%D7%98/,0,6,0,7.666666666666667
סוגי רשלנות רפואית,https://jus-tice.co.il/%D7%A1%D7%95%D7%92%D7%99-%D7%A8%D7%A9%D7%9C%D7%A0%D7%95%D7%AA-%D7%A8%D7%A4%D7%95%D7%90%D7%99%D7%AA/,0,9,0,28.666666666666668
סוגי רשלנות רפואית,https://jus-tice.co.il/what-is-medical-malpractice-definition-examples/,0,14,0,26.285714285714285
סודיות רפואית חוק זכויות החולה,https://jus-tice.co.il/wp-content/uploads/2023/01/Zchuyot_01.pdf,0,1,0,99
סופי צדקה ערוץ הילדים,https://jus-tice.co.il/%D7%A8%D7%99%D7%A9%D7%95%D7%9D-%D7%A7%D7%98%D7%99%D7%9F-%D7%9C%D7%9E%D7%95%D7%A1%D7%93-%D7%97%D7%99%D7%A0%D7%95%D7%9B%D7%99-%D7%9C%D7%A9%D7%A0%D7%AA-%D7%94%D7%9C%D7%99%D7%9E%D7%95%D7%93%D7%99%D7%9D-%D7%AA%D7%A9%D7%A4%D7%91/,0,1,0,78
סטטיסטיקה גירושים,https://jus-tice.co.il/%D7%A1%D7%98%D7%98%D7%99%D7%A1%D7%98%D7%99%D7%A7%D7%94-%D7%A2%D7%9C-%D7%92%D7%99%D7%A8%D7%95%D7%A9%D7%99%D7%9F/,0,1,0,36
סטטיסטיקה גירושין,https://jus-tice.co.il/%D7%A1%D7%98%D7%98%D7%99%D7%A1%D7%98%D7%99%D7%A7%D7%94-%D7%A2%D7%9C-%D7%92%D7%99%D7%A8%D7%95%D7%A9%D7%99%D7%9F/,0,13,0,31.153846153846153
סטפן חדרה,https://jus-tice.co.il/robert-stephan-cohen/,0,1,0,29
סטפן כהן,https://jus-tice.co.il/robert-stephan-cohen/,0,14,0,10.285714285714286
סטפן מנדל חזר לארץ,https://jus-tice.co.il/articles/%D7%A1%D7%9E%D7%9B%D7%95%D7%AA-%D7%91%D7%99%D7%AA-%D7%94%D7%93%D7%99%D7%9F-%D7%91%D7%A2%D7%A0%D7%99%D7%99%D7%9F-%D7%9E%D7%96%D7%95%D7%A0%D7%95%D7%AA-%D7%94%D7%99%D7%9C%D7%93%D7%99%D7%9D-%D7%9C%D7%90/,0,1,0,68
סיבוכי+לידה,https://jus-tice.co.il/birth-injury/,0,1,0,41
סיבוס טלפון עובדי מדינה,https://jus-tice.co.il/wp-content/uploads/2019/03/%D7%91%D7%99%D7%94%D7%93-%D7%94%D7%90%D7%99%D7%96%D7%95%D7%A8%D7%99-%D7%9C%D7%A2%D7%91%D7%95%D7%93%D7%94-%D7%A0%D7%A6%D7%A8%D7%AA-%D7%A9-%D7%93%D7%A8-%D7%98%D7%9C-%D7%92%D7%95%D7%9C%D7%9F-%D7%A4%D7%A1%D7%93-%D7%91%D7%AA%D7%91%D7%99%D7%A2%D7%AA-%D7%94%D7%98%D7%A8%D7%93%D7%94-%D7%9E%D7%99%D7%A0%D7%99%D7%AA-%D7%91%D7%90%D7%A7%D7%93%D7%9E%D7%99%D7%94.pdf,0,1,0,67
סיבות לביטול צוואה,https://jus-tice.co.il/psakdin/%D7%91%D7%99%D7%98%D7%95%D7%9C-%D7%A6%D7%95%D7%95%D7%90%D7%94-%D7%9E%D7%90%D7%95%D7%97%D7%A8%D7%AA-%D7%91%D7%A9%D7%9C-%D7%94%D7%A9%D7%A4%D7%A2%D7%94-%D7%91%D7%9C%D7%AA%D7%99-%D7%94%D7%95%D7%92%D7%A0/,0,2,0,83.5
סיבות לביטול רישיון עסק,https://jus-tice.co.il/psakdin/%D7%91%D7%99%D7%98%D7%95%D7%9C-%D7%A6%D7%95-%D7%A1%D7%92%D7%99%D7%A8%D7%94-%D7%9C%D7%A2%D7%A1%D7%A7-%D7%9C%D7%A4%D7%99-%D7%A1%D7%A2%D7%99%D7%A3-22%D7%91-%D7%9C%D7%97%D7%95%D7%A7-%D7%A8%D7%99%D7%A9/,0,4,0,24
סידור גט,https://jus-tice.co.il/1394399-1/,0,3,0,48.666666666666664
סיון מדליון,https://jus-tice.co.il/wp-content/uploads/2022/06/06102016_1.pdf,0,1,0,37
סיוע בחיוג אייפון,https://jus-tice.co.il/israel-tax-authority/,0,1,0,43
סיוע משפטי און ליין,https://jus-tice.co.il/,0,1,0,96
סיוע משפטי באר שבע שעות פתיחה,https://jus-tice.co.il/,0,1,0,85
סיוע משפטי בגירושין,https://jus-tice.co.il/wp-content/uploads/2022/06/misradhamishpatim-women.pdf,0,2,0,61
סיוע משפטי דת ומדינה ישראל,https://jus-tice.co.il/wp-content/uploads/2022/06/misradhamishpatim-women.pdf,0,12,0,8.5
סיוע משפטי הנרייטה סולד טלפון,https://jus-tice.co.il/wp-content/uploads/2022/06/misradhamishpatim-women.pdf,0,1,0,18
סיוע משפטי חדרה,https://jus-tice.co.il/,0,1,0,76
סיוע משפטי חינם תל אביב,https://jus-tice.co.il/wp-content/uploads/2022/06/misradhamishpatim-women.pdf,0,1,0,30
סיוע משפטי למעוטי יכולת,https://jus-tice.co.il/wp-content/uploads/2022/06/misradhamishpatim-women.pdf,0,1,0,71
סיוע משפטי לנשים,https://jus-tice.co.il/wp-content/uploads/2022/06/misradhamishpatim-women.pdf,0,1,0,70
סיוע משפטי מטעם המדינה טלפון,https://jus-tice.co.il/wp-content/uploads/2022/06/misradhamishpatim-women.pdf,0,1,0,77
סיוע משפטי משרד המשפטים,https://jus-tice.co.il/wp-content/uploads/2022/06/misradhamishpatim-women.pdf,0,1,0,20
סיוע משפטי משרד משפטים מחוז פתח תקווה,https://jus-tice.co.il/,0,1,0,46
סיוע משפטי עורכי דין,https://jus-tice.co.il/,0,1,0,33
סיכול חוזה שכירות,https://jus-tice.co.il/rental-agreement/,0,4,0,76
סילוק יד ממקרקעין במשפחה,https://jus-tice.co.il/%D7%A4%D7%A1%D7%93-%D7%94%D7%A1%D7%93%D7%A8-%D7%A8%D7%99%D7%A9%D7%95%D7%9D-%D7%9E%D7%A7%D7%A8%D7%A7%D7%A2%D7%99%D7%9F-%D7%91%D7%A1%D7%9B%D7%A1%D7%95%D7%9A-%D7%9E%D7%A9%D7%A4%D7%97%D7%94-%D7%AA%D7%9E%D7%A9-28997-05-16/,0,3,0,15
סילוק יד של בן משפחה,https://jus-tice.co.il/%D7%A4%D7%A1%D7%93-%D7%94%D7%A1%D7%93%D7%A8-%D7%A8%D7%99%D7%A9%D7%95%D7%9D-%D7%9E%D7%A7%D7%A8%D7%A7%D7%A2%D7%99%D7%9F-%D7%91%D7%A1%D7%9B%D7%A1%D7%95%D7%9A-%D7%9E%D7%A9%D7%A4%D7%97%D7%94-%D7%AA%D7%9E%D7%A9-28997-05-16/,0,5,0,21.2
סילוק יד של קרוב משפחה,https://jus-tice.co.il/%D7%A4%D7%A1%D7%93-%D7%94%D7%A1%D7%93%D7%A8-%D7%A8%D7%99%D7%A9%D7%95%D7%9D-%D7%9E%D7%A7%D7%A8%D7%A7%D7%A2%D7%99%D7%9F-%D7%91%D7%A1%D7%9B%D7%A1%D7%95%D7%9A-%D7%9E%D7%A9%D7%A4%D7%97%D7%94-%D7%AA%D7%9E%D7%A9-28997-05-16/,0,1,0,22
סימן של חוסר אוויר בגלגלים,https://jus-tice.co.il/wp-content/uploads/2020/01/hana_v9.32.88s.pdf,0,1,0,97
סימנים ראשונים לקורונה,https://jus-tice.co.il/corona_virus/%D7%94%D7%A0%D7%97%D7%99%D7%95%D7%AA-%D7%9C%D7%94%D7%AA%D7%9E%D7%95%D7%93%D7%93%D7%95%D7%AA-%D7%A2%D7%9D-%D7%A0%D7%92%D7%99%D7%A3-%D7%94%D7%A7%D7%95%D7%A8%D7%95%D7%A0%D7%94-19-covid/,0,1,0,85
סכום מזונות,https://jus-tice.co.il/%D7%9E%D7%97%D7%A9%D7%91%D7%95%D7%9F-%D7%9E%D7%96%D7%95%D7%A0%D7%95%D7%AA-%D7%99%D7%9C%D7%93%D7%99%D7%9D/,0,89,0,69.06741573033707
סכום מזונות לילד,https://jus-tice.co.il/%D7%9E%D7%97%D7%A9%D7%91%D7%95%D7%9F-%D7%9E%D7%96%D7%95%D7%A0%D7%95%D7%AA-%D7%99%D7%9C%D7%93%D7%99%D7%9D/,0,40,0,69.175
סכום מזונות מינימלי,https://jus-tice.co.il/%D7%9E%D7%97%D7%A9%D7%91%D7%95%D7%9F-%D7%9E%D7%96%D7%95%D7%A0%D7%95%D7%AA-%D7%99%D7%9C%D7%93%D7%99%D7%9D/,0,18,0,75.61111111111111
סכום מזונות מינימלי לילד,https://jus-tice.co.il/%D7%9E%D7%97%D7%A9%D7%91%D7%95%D7%9F-%D7%9E%D7%96%D7%95%D7%A0%D7%95%D7%AA-%D7%99%D7%9C%D7%93%D7%99%D7%9D/,0,40,0,68.4
סכום מזונות ממוצע,https://jus-tice.co.il/%D7%9E%D7%97%D7%A9%D7%91%D7%95%D7%9F-%D7%9E%D7%96%D7%95%D7%A0%D7%95%D7%AA-%D7%99%D7%9C%D7%93%D7%99%D7%9D/,0,39,0,72.92307692307692
סכום מזונות מקסימלי,https://jus-tice.co.il/%D7%9E%D7%97%D7%A9%D7%91%D7%95%D7%9F-%D7%9E%D7%96%D7%95%D7%A0%D7%95%D7%AA-%D7%99%D7%9C%D7%93%D7%99%D7%9D/,0,1,0,84
סכסוכי ירושה – דניאל קורן,https://jus-tice.co.il/psakdin/%D7%94%D7%AA%D7%A0%D7%92%D7%93%D7%95%D7%AA-%D7%9C%D7%A6%D7%95%D7%95%D7%90%D7%94-%D7%91%D7%A9%D7%9C-%D7%94%D7%A9%D7%A4%D7%A2%D7%94-%D7%91%D7%9C%D7%AA%D7%99-%D7%94%D7%95%D7%92%D7%A0%D7%AA/,0,3,0,85
סכסוכי ירושה – דניאל קורן,https://jus-tice.co.il/revocation-of-a-will-and-reviving-previous-will/,0,5,0,70.2
סלקום אשדוד כתובת,https://jus-tice.co.il/revocation-of-a-will-and-reviving-previous-will/,0,1,0,68
סלקום גבעת שאול טלפון,https://jus-tice.co.il/corona_virus/%D7%90%D7%96%D7%95%D7%A8-%D7%9E%D7%95%D7%92%D7%91%D7%9C-%D7%94%D7%A8%D7%95%D7%91%D7%A2%D7%99%D7%9D-%D7%91%D7%A2%D7%99%D7%A8-%D7%99%D7%A8%D7%95%D7%A9%D7%9C%D7%9D/,0,2,0,37
סמאח סאבר מסארווה,https://jus-tice.co.il/court-judge/,0,1,0,39
סמכויות בתי המשפט,https://jus-tice.co.il/articles/%D7%9E%D7%94%D7%95-%D7%91%D7%99%D7%AA-%D7%9E%D7%A9%D7%A4%D7%98/,0,1,0,52
סמכות בית המשפט המחוזי,https://jus-tice.co.il/articles/%D7%9E%D7%94%D7%95-%D7%91%D7%99%D7%AA-%D7%9E%D7%A9%D7%A4%D7%98/,0,1,0,71
סמל בית המשפט,https://jus-tice.co.il/articles/%D7%9E%D7%94%D7%95-%D7%91%D7%99%D7%AA-%D7%9E%D7%A9%D7%A4%D7%98/,0,2,0,48.5
סמל בית משפט,https://jus-tice.co.il/articles/%D7%9E%D7%94%D7%95-%D7%91%D7%99%D7%AA-%D7%9E%D7%A9%D7%A4%D7%98/,0,1,0,17
סמל סעיף,https://jus-tice.co.il/wp-content/uploads/2020/01/hana_v9.32.88s.pdf,0,2,0,38.5
סמל סעיף עבירות תעבורה,https://jus-tice.co.il/wp-content/uploads/2020/01/hana_v9.32.88s.pdf,0,1,0,58
סמל עבירה 6542,https://jus-tice.co.il/wp-content/uploads/2020/01/hana_v9.32.88s.pdf,0,8,0,9.5
סנגור פלילי,https://jus-tice.co.il/what-to-consider-when-hiring-a-criminal-lawyer/,0,4,0,86.25
סנגור ציבורי,https://jus-tice.co.il/wp-content/uploads/2019/03/hoksangeoriatsiburit.pdf,0,2,0,61.5
סנגוריה ציבורית,https://jus-tice.co.il/wp-content/uploads/2019/03/hoksangeoriatsiburit.pdf,0,5,0,64.4
סנגוריה ציבורית מי זכאי,https://jus-tice.co.il/wp-content/uploads/2019/03/hoksangeoriatsiburit.pdf,0,1,0,48
סניגוריה ציבורית,https://jus-tice.co.il/wp-content/uploads/2019/03/hoksangeoriatsiburit.pdf,0,2,0,53.5
סעיף 10 א לפקודת התעבורה,https://jus-tice.co.il/wp-content/uploads/2020/01/hana_v9.32.88s.pdf,0,60,0,42.833333333333336
סעיף 10 לפקודת התעבורה,https://jus-tice.co.il/wp-content/uploads/2020/01/hana_v9.32.88s.pdf,0,1,0,57
סעיף 100 לחוק התכנון והבניה,https://jus-tice.co.il/articles/%D7%94%D7%95%D7%93%D7%A2%D7%94-%D7%9C%D7%A4%D7%99-%D7%94%D7%97%D7%95%D7%A7-%D7%9C%D7%A7%D7%99%D7%93%D7%95%D7%9D-%D7%94%D7%91%D7%A0%D7%99%D7%99%D7%94-%D7%91%D7%9E%D7%AA%D7%97%D7%9E%D7%99%D7%9D-%D7%9E/,0,1,0,59
סעיף 12 א לפקודת התעבורה,https://jus-tice.co.il/wp-content/uploads/2020/01/hana_v9.32.88s.pdf,0,2,0,53.5
סעיף 193א לחוק העונשין,https://jus-tice.co.il/wp-content/uploads/2023/03/9_lsr_311018.pdf,0,1,0,89
סעיף 22 א לתקנות התעבורה,https://jus-tice.co.il/wp-content/uploads/2020/01/hana_v9.32.88s.pdf,0,1,0,60
סעיף 349 לחוק העונשין,https://jus-tice.co.il/wp-content/uploads/2023/03/9_lsr_311018.pdf,0,1,0,49
סעיף 36 לחוק שירות ביטחון,https://jus-tice.co.il/psakdin/%D7%97%D7%95%D7%A7-%D7%A9%D7%99%D7%A8%D7%95%D7%AA-%D7%94%D7%91%D7%99%D7%98%D7%97%D7%95%D7%9F-%D7%94%D7%9B%D7%9C%D7%9C%D7%99-%D7%94%D7%AA%D7%A9%D7%A1%D7%B4%D7%91-2002/,0,2,0,27
סעיף 38 לפקודת התעבורה,https://jus-tice.co.il/wp-content/uploads/2020/01/hana_v9.32.88s.pdf,0,1,0,52
סעיף 406 לחוק העונשין,https://jus-tice.co.il/wp-content/uploads/2023/03/9_lsr_311018.pdf,0,1,0,33
סעיף 57 לפקודת התעבורה,https://jus-tice.co.il/wp-content/uploads/2020/01/hana_v9.32.88s.pdf,0,2,0,53.5
סעיף 62 לפקודת התעבורה,https://jus-tice.co.il/wp-content/uploads/2020/01/hana_v9.32.88s.pdf,0,12,0,52.166666666666664
סעיף 62(א)(א)(2),https://jus-tice.co.il/articles/%D7%94%D7%95%D7%93%D7%A2%D7%94-%D7%9C%D7%A4%D7%99-%D7%94%D7%97%D7%95%D7%A7-%D7%9C%D7%A7%D7%99%D7%93%D7%95%D7%9D-%D7%94%D7%91%D7%A0%D7%99%D7%99%D7%94-%D7%91%D7%9E%D7%AA%D7%97%D7%9E%D7%99%D7%9D-%D7%9E/,0,1,0,59
סעיף 64א לפקודת התעבורה,https://jus-tice.co.il/wp-content/uploads/2020/01/hana_v9.32.88s.pdf,0,1,0,100
סעיף 77 לחוק בתי המשפט,https://jus-tice.co.il/court-judge/,0,1,0,16
סעיף 79ג לחוק בתי המשפט,https://jus-tice.co.il/2019-2020-major-supreme-court-ruling,0,1,0,59
סעיף אי תחרות פרילנסר,https://jus-tice.co.il/%D7%A4%D7%A1%D7%93-%D7%91%D7%A0%D7%95%D7%A9%D7%90-%D7%97%D7%95%D7%A4%D7%A9-%D7%94%D7%A2%D7%99%D7%A1%D7%95%D7%A7-%D7%A1%D7%A2%D7%A9-49088-11-18/,0,3,0,19.333333333333332
סעיף מכירת דירה בחוזה שכירות,https://jus-tice.co.il/rental-agreement/,0,1,0,87
סעיפים 62 63 לפקודת התעבורה,https://jus-tice.co.il/wp-content/uploads/2020/01/hana_v9.32.88s.pdf,0,2,0,49
ספקטוגרף,https://jus-tice.co.il/psakdin/%D7%94%D7%AA%D7%A0%D7%92%D7%93%D7%95%D7%AA-%D7%9C%D7%A6%D7%95%D7%95%D7%90%D7%94-%D7%91%D7%A9%D7%9C-%D7%94%D7%A9%D7%A4%D7%A2%D7%94-%D7%91%D7%9C%D7%AA%D7%99-%D7%94%D7%95%D7%92%D7%A0%D7%AA/,0,1,0,45
ספר עורכי דין לשכת עורכי הדין,https://jus-tice.co.il/,0,1,0,11
ספר עורכי הדין,https://jus-tice.co.il/,0,1,0,5
ספר פוליסה aig,https://jus-tice.co.il/supreme-court/%D7%A2%D7%90-7023-19-%D7%A4%D7%9C%D7%95%D7%A0%D7%99-%D7%A0-%D7%A4%D7%9C%D7%95%D7%A0%D7%99/,0,1,0,49
עבירה על חוק רישוי עסקים,https://jus-tice.co.il/psakdin/%D7%91%D7%99%D7%98%D7%95%D7%9C-%D7%A6%D7%95-%D7%A1%D7%92%D7%99%D7%A8%D7%94-%D7%9C%D7%A2%D7%A1%D7%A7-%D7%9C%D7%A4%D7%99-%D7%A1%D7%A2%D7%99%D7%A3-22%D7%91-%D7%9C%D7%97%D7%95%D7%A7-%D7%A8%D7%99%D7%A9/,0,1,0,45
"עבירות טרקטורון, נהיגה בכביש שלא לשם חצייתו",https://jus-tice.co.il/wp-content/uploads/2020/01/hana_v9.32.88s.pdf,0,2,0,29
עבירות כלכליות בינלאומי,https://jus-tice.co.il/%D7%90%D7%9E%D7%A0%D7%AA-%D7%94%D7%90%D7%95%D7%9E%D7%95%D7%AA-%D7%94%D7%9E%D7%90%D7%95%D7%97%D7%93%D7%95%D7%AA-%D7%A0%D7%92%D7%93-%D7%A9%D7%97%D7%99%D7%AA%D7%95%D7%AA/,0,3,0,82.66666666666667
עד איזה גיל אפשר לאמץ ילד,https://jus-tice.co.il/psakdin/%D7%90%D7%99%D7%9E%D7%95%D7%A5-%D7%99%D7%9C%D7%93-%D7%9E%D7%90%D7%95%D7%A7%D7%A8%D7%90%D7%99%D7%A0%D7%94-%D7%AA%D7%91%D7%99%D7%A2%D7%AA-%D7%A0%D7%96%D7%99%D7%A7%D7%99%D7%9F-%D7%91%D7%92%D7%99%D7%9F/,0,1,0,97
עד איזה סכום לא משלמים מס הכנסה,https://jus-tice.co.il/israel-tax-authority/,0,2,0,48
עד היכן תוקפו של התמרור המוצב לפניך,https://jus-tice.co.il/wp-content/uploads/2020/01/hana_v9.32.88s.pdf,0,1,0,20
עד המדינה במשפט נתניהו,https://jus-tice.co.il/%D7%90%D7%99%D7%A9%D7%95%D7%9D-%D7%94%D7%98%D7%A8%D7%93%D7%95%D7%AA-%D7%A9%D7%9C-%D7%A2%D7%93-%D7%94%D7%9E%D7%93%D7%99%D7%A0%D7%94-%D7%A0%D7%99%D7%A8-%D7%97%D7%A4%D7%A5-%D7%95%D7%A2%D7%93%D7%AA-%D7%94/,0,1,0,15
עד מומחה מטעם בית המשפט,https://jus-tice.co.il/decision55016-06-17a/,0,1,0,96
עדכון שכר לעובדים המועסקים בחוזים אישיים בשירות המדינה,https://jus-tice.co.il/articles/%D7%94%D7%90%D7%9D-%D7%9C%D7%A0%D7%A6%D7%99%D7%91-%D7%A9%D7%99%D7%A8%D7%95%D7%AA-%D7%94%D7%9E%D7%93%D7%99%D7%A0%D7%94-%D7%99%D7%A9-%D7%A1%D7%9E%D7%9B%D7%95%D7%AA-%D7%9C%D7%97%D7%AA%D7%95%D7%9D-%D7%A2/,0,1,0,90
עדת התביעה,https://jus-tice.co.il/%D7%90%D7%99%D7%A9%D7%95%D7%9D-%D7%94%D7%98%D7%A8%D7%93%D7%95%D7%AA-%D7%A9%D7%9C-%D7%A2%D7%93-%D7%94%D7%9E%D7%93%D7%99%D7%A0%D7%94-%D7%A0%D7%99%D7%A8-%D7%97%D7%A4%D7%A5-%D7%95%D7%A2%D7%93%D7%AA-%D7%94/,0,1,0,41
עו ד,https://jus-tice.co.il/,0,1,0,58
עו ד אורית בן ברוך,https://jus-tice.co.il/,0,3,0,64
עו ד גירושים,https://jus-tice.co.il/%D7%A2%D7%95%D7%93-%D7%92%D7%99%D7%A8%D7%95%D7%A9%D7%99%D7%9F-%D7%9E%D7%95%D7%9E%D7%9C%D7%A5-%D7%9B%D7%99%D7%A6%D7%93-%D7%9C%D7%9E%D7%A6%D7%95%D7%90-%D7%A2%D7%95%D7%A8%D7%9A-%D7%93%D7%99%D7%9F-%D7%92%D7%99%D7%A8%D7%95%D7%A9%D7%99%D7%9F-%D7%95%D7%9B%D7%9E%D7%94-%D7%A2%D7%95%D7%9C%D7%94-%D7%9C%D7%94%D7%AA%D7%92%D7%A8%D7%A9/,0,3,0,61.666666666666664
עו ד גירושין,https://jus-tice.co.il/%D7%A2%D7%95%D7%93-%D7%92%D7%99%D7%A8%D7%95%D7%A9%D7%99%D7%9F-%D7%9E%D7%95%D7%9E%D7%9C%D7%A5-%D7%9B%D7%99%D7%A6%D7%93-%D7%9C%D7%9E%D7%A6%D7%95%D7%90-%D7%A2%D7%95%D7%A8%D7%9A-%D7%93%D7%99%D7%9F-%D7%92%D7%99%D7%A8%D7%95%D7%A9%D7%99%D7%9F-%D7%95%D7%9B%D7%9E%D7%94-%D7%A2%D7%95%D7%9C%D7%94-%D7%9C%D7%94%D7%AA%D7%92%D7%A8%D7%A9/,0,2,0,81.5
עו ד הסכם גירושים,https://jus-tice.co.il/%D7%A2%D7%95%D7%93-%D7%92%D7%99%D7%A8%D7%95%D7%A9%D7%99%D7%9F-%D7%9E%D7%95%D7%9E%D7%9C%D7%A5-%D7%9B%D7%99%D7%A6%D7%93-%D7%9C%D7%9E%D7%A6%D7%95%D7%90-%D7%A2%D7%95%D7%A8%D7%9A-%D7%93%D7%99%D7%9F-%D7%92%D7%99%D7%A8%D7%95%D7%A9%D7%99%D7%9F-%D7%95%D7%9B%D7%9E%D7%94-%D7%A2%D7%95%D7%9C%D7%94-%D7%9C%D7%94%D7%AA%D7%92%D7%A8%D7%A9/,0,1,0,66
עו ד הסכם ממון,https://jus-tice.co.il/prenup-attorney/,0,50,0,55.4
עו ד ייפוי כוח מתמשך,https://jus-tice.co.il/continuous-power-of-attorney-israel/,0,8,0,91.25
עו ד מומלץ דיני עבודה,https://jus-tice.co.il/labor-lawyer/,0,1,0,94
עו ד מכירת דירה,https://jus-tice.co.il/real-estate-lawyer-cost-2025/,0,41,0,70.39024390243902
עו ד מקרקעין מחיר,https://jus-tice.co.il/real-estate-lawyer-cost-2025/,0,1,0,28
עו ד נלי גורביץ,https://jus-tice.co.il/%D7%90%D7%99%D7%96%D7%95%D7%9F-%D7%9E%D7%A9%D7%90%D7%91%D7%99%D7%9D-%D7%9B%D7%A1%D7%A4%D7%99%D7%9D-%D7%94%D7%9E%D7%A6%D7%95%D7%99%D7%99%D7%9D-%D7%91%D7%97%D7%A9%D7%91%D7%95%D7%A0%D7%95%D7%AA-%D7%91%D7%9F-%D7%96%D7%95%D7%92-%D7%94%D7%91%D7%A8%D7%97%D7%AA-%D7%A0%D7%9B%D7%A1%D7%99%D7%9D/,0,1,0,76
עו ד סייבר,https://jus-tice.co.il/cybercrime-lawyer-roll/,0,1,0,94
עו ד צוואה וירושה,https://jus-tice.co.il/%D7%A2%D7%95%D7%A8%D7%9A-%D7%93%D7%99%D7%9F-%D7%A6%D7%95%D7%95%D7%90%D7%95%D7%AA-%D7%95%D7%99%D7%A8%D7%95%D7%A9%D7%95%D7%AA/,0,2,0,41
עו ד רכישת דירה,https://jus-tice.co.il/real-estate-lawyer-cost-2025/,0,4,0,63
עו ד רשלנות רפואית בלידה,https://jus-tice.co.il/%D7%A2%D7%95%D7%A8%D7%9A-%D7%93%D7%99%D7%9F-%D7%A8%D7%A9%D7%9C%D7%A0%D7%95%D7%AA-%D7%A8%D7%A4%D7%95%D7%90%D7%99%D7%AA-%D7%91%D7%9C%D7%99%D7%93%D7%94-%D7%9E%D7%95%D7%9E%D7%9C%D7%A5/,0,14,0,42.142857142857146
עו ד תעבורה בחולון,https://jus-tice.co.il/%D7%A4%D7%A1%D7%A7-%D7%93%D7%99%D7%9F-%D7%AA%D7%A2%D7%91%D7%95%D7%A8%D7%94-%D7%A2%D7%99%D7%9F-%D7%94%D7%A0%D7%A5-%D7%A7%D7%91%D7%99%D7%9C%D7%95%D7%AA-%D7%95%D7%97%D7%95%D7%A7%D7%99%D7%95%D7%AA-%D7%A8%D7%90%D7%99%D7%95%D7%AA-%D7%A9%D7%94%D7%95%D7%A0%D7%A4%D7%A7%D7%95-%D7%9E%D7%94%D7%9E%D7%A2%D7%A8%D7%9B%D7%AA/,0,2,0,82.5
"עו""ד אנגליה",https://jus-tice.co.il/foreign-legal-opinion/,0,5,0,35.6
"עו""ד אנגליה",https://jus-tice.co.il/legalzoom/,0,6,0,90
"עו""ד בלגיה",https://jus-tice.co.il/%D7%A2%D7%95%D7%A8%D7%9A-%D7%93%D7%99%D7%9F-%D7%A8%D7%99%D7%A9%D7%95%D7%99-%D7%A2%D7%A1%D7%A7%D7%99%D7%9D/,0,2,0,41
"עו""ד בלגיה",https://jus-tice.co.il/cms-law-firm/,0,6,0,32.66666666666667
"עו""ד בלוקצ'יין",https://jus-tice.co.il/%D7%A7%D7%98%D7%92%D7%95%D7%A8%D7%99%D7%95%D7%AA-%D7%9E%D7%90%D7%9E%D7%A8%D7%99%D7%9D/%D7%91%D7%9C%D7%95%D7%A7%D7%A6%D7%99%D7%99%D7%9F-%D7%95%D7%9E%D7%98%D7%91%D7%A2%D7%95%D7%AA-%D7%A7%D7%A8%D7%99%D7%A4%D7%98%D7%95%D7%92%D7%A8%D7%A4%D7%99%D7%9D/,0,90,0,45.74444444444445
"עו""ד בספרד",https://jus-tice.co.il/perez-llorca/,0,1,0,26
"עו""ד בפורטוגל",https://jus-tice.co.il/legal-services-in-portugal/,0,12,0,44.583333333333336
"עו""ד בפורטוגל",https://jus-tice.co.il/morais-leitao/,0,5,0,69.6
"עו""ד בפורטוגל",https://jus-tice.co.il/perez-llorca/,0,17,0,42.94117647058823
"עו""ד בפורטוגל",https://jus-tice.co.il/sofia-galvao/,0,17,0,62.588235294117645
"עו""ד גירושים",https://jus-tice.co.il/%D7%A2%D7%95%D7%93-%D7%92%D7%99%D7%A8%D7%95%D7%A9%D7%99%D7%9F-%D7%9E%D7%95%D7%9E%D7%9C%D7%A5-%D7%9B%D7%99%D7%A6%D7%93-%D7%9C%D7%9E%D7%A6%D7%95%D7%90-%D7%A2%D7%95%D7%A8%D7%9A-%D7%93%D7%99%D7%9F-%D7%92%D7%99%D7%A8%D7%95%D7%A9%D7%99%D7%9F-%D7%95%D7%9B%D7%9E%D7%94-%D7%A2%D7%95%D7%9C%D7%94-%D7%9C%D7%94%D7%AA%D7%92%D7%A8%D7%A9/,0,7,0,65.57142857142857
"עו""ד גירושים מומלץ",https://jus-tice.co.il/%D7%A2%D7%95%D7%93-%D7%92%D7%99%D7%A8%D7%95%D7%A9%D7%99%D7%9F-%D7%9E%D7%95%D7%9E%D7%9C%D7%A5-%D7%9B%D7%99%D7%A6%D7%93-%D7%9C%D7%9E%D7%A6%D7%95%D7%90-%D7%A2%D7%95%D7%A8%D7%9A-%D7%93%D7%99%D7%9F-%D7%92%D7%99%D7%A8%D7%95%D7%A9%D7%99%D7%9F-%D7%95%D7%9B%D7%9E%D7%94-%D7%A2%D7%95%D7%9C%D7%94-%D7%9C%D7%94%D7%AA%D7%92%D7%A8%D7%A9/,0,1,0,83
"עו""ד גירושין",https://jus-tice.co.il/%D7%A2%D7%95%D7%93-%D7%92%D7%99%D7%A8%D7%95%D7%A9%D7%99%D7%9F-%D7%9E%D7%95%D7%9E%D7%9C%D7%A5-%D7%9B%D7%99%D7%A6%D7%93-%D7%9C%D7%9E%D7%A6%D7%95%D7%90-%D7%A2%D7%95%D7%A8%D7%9A-%D7%93%D7%99%D7%9F-%D7%92%D7%99%D7%A8%D7%95%D7%A9%D7%99%D7%9F-%D7%95%D7%9B%D7%9E%D7%94-%D7%A2%D7%95%D7%9C%D7%94-%D7%9C%D7%94%D7%AA%D7%92%D7%A8%D7%A9/,0,6,0,68.33333333333333
"עו""ד גירושין המלצות",https://jus-tice.co.il/%D7%A2%D7%95%D7%93-%D7%92%D7%99%D7%A8%D7%95%D7%A9%D7%99%D7%9F-%D7%9E%D7%95%D7%9E%D7%9C%D7%A5-%D7%9B%D7%99%D7%A6%D7%93-%D7%9C%D7%9E%D7%A6%D7%95%D7%90-%D7%A2%D7%95%D7%A8%D7%9A-%D7%93%D7%99%D7%9F-%D7%92%D7%99%D7%A8%D7%95%D7%A9%D7%99%D7%9F-%D7%95%D7%9B%D7%9E%D7%94-%D7%A2%D7%95%D7%9C%D7%94-%D7%9C%D7%94%D7%AA%D7%92%D7%A8%D7%A9/,0,3,0,74
"עו""ד גירושין תותח",https://jus-tice.co.il/must-have-traits-of-a-good-family-lawyer/,0,5,0,50.6
"עו""ד דרום אפריקה",https://jus-tice.co.il/paul-hastings/,0,1,0,22
"עו""ד דרום אפריקה",https://jus-tice.co.il/south-african-property-law/,0,65,0,7.076923076923077
"עו""ד הסכם גירושים",https://jus-tice.co.il/%D7%A2%D7%95%D7%93-%D7%92%D7%99%D7%A8%D7%95%D7%A9%D7%99%D7%9F-%D7%9E%D7%95%D7%9E%D7%9C%D7%A5-%D7%9B%D7%99%D7%A6%D7%93-%D7%9C%D7%9E%D7%A6%D7%95%D7%90-%D7%A2%D7%95%D7%A8%D7%9A-%D7%93%D7%99%D7%9F-%D7%92%D7%99%D7%A8%D7%95%D7%A9%D7%99%D7%9F-%D7%95%D7%9B%D7%9E%D7%94-%D7%A2%D7%95%D7%9C%D7%94-%D7%9C%D7%94%D7%AA%D7%92%D7%A8%D7%A9/,0,4,0,83.25
"עו""ד הסכם ממון",https://jus-tice.co.il/prenup-attorney/,0,70,0,66.08571428571429
"עו""ד יוהנסבורג",https://jus-tice.co.il/south-african-property-law/,0,60,0,4.566666666666666
"עו""ד ייפוי כוח מתמשך",https://jus-tice.co.il/continuous-power-of-attorney-israel/,0,2,0,61.5
"עו""ד יפן",https://jus-tice.co.il/foreign-legal-opinion/,0,13,0,36.92307692307692
"עו""ד להסכם ממון",https://jus-tice.co.il/prenup-attorney/,0,4,0,82.75
"עו""ד למכירת דירה",https://jus-tice.co.il/real-estate-lawyer-cost-2025/,0,13,0,81.38461538461539
"עו""ד לעבירות מחשב",https://jus-tice.co.il/cybercrime-lawyer-roll/,0,14,0,71.92857142857143
"עו""ד מומחה בדיני עבודה",https://jus-tice.co.il/labor-lawyer/,0,1,0,71
"עו""ד מומחה לגירושין",https://jus-tice.co.il/%D7%A2%D7%95%D7%93-%D7%92%D7%99%D7%A8%D7%95%D7%A9%D7%99%D7%9F-%D7%9E%D7%95%D7%9E%D7%9C%D7%A5-%D7%9B%D7%99%D7%A6%D7%93-%D7%9C%D7%9E%D7%A6%D7%95%D7%90-%D7%A2%D7%95%D7%A8%D7%9A-%D7%93%D7%99%D7%9F-%D7%92%D7%99%D7%A8%D7%95%D7%A9%D7%99%D7%9F-%D7%95%D7%9B%D7%9E%D7%94-%D7%A2%D7%95%D7%9C%D7%94-%D7%9C%D7%94%D7%AA%D7%92%D7%A8%D7%A9/,0,2,0,70.5
"עו""ד מומלץ לענייני גירושין",https://jus-tice.co.il/%D7%A2%D7%95%D7%93-%D7%92%D7%99%D7%A8%D7%95%D7%A9%D7%99%D7%9F-%D7%9E%D7%95%D7%9E%D7%9C%D7%A5-%D7%9B%D7%99%D7%A6%D7%93-%D7%9C%D7%9E%D7%A6%D7%95%D7%90-%D7%A2%D7%95%D7%A8%D7%9A-%D7%93%D7%99%D7%9F-%D7%92%D7%99%D7%A8%D7%95%D7%A9%D7%99%D7%9F-%D7%95%D7%9B%D7%9E%D7%94-%D7%A2%D7%95%D7%9C%D7%94-%D7%9C%D7%94%D7%AA%D7%92%D7%A8%D7%A9/,0,2,0,86
"עו""ד מכירת דירה",https://jus-tice.co.il/real-estate-lawyer-cost-2025/,0,35,0,68.22857142857143
"עו""ד ניתוחים פלסטיים",https://jus-tice.co.il/%D7%A2%D7%95%D7%A8%D7%9A-%D7%93%D7%99%D7%9F-%D7%A8%D7%A9%D7%9C%D7%A0%D7%95%D7%AA-%D7%91%D7%A0%D7%99%D7%AA%D7%95%D7%97-%D7%A4%D7%9C%D7%A1%D7%98%D7%99-%D7%94%D7%9E%D7%9C%D7%A6%D7%95%D7%AA-%D7%A2%D7%95%D7%93-%D7%A8%D7%A9%D7%9C%D7%A0%D7%95%D7%AA-%D7%A0%D7%99%D7%AA%D7%95%D7%97-%D7%A4%D7%9C%D7%A1%D7%98%D7%99/,0,30,0,25.166666666666668
"עו""ד פורטוגל",https://jus-tice.co.il/legal-services-in-portugal/,0,6,0,77
"עו""ד פורטוגל",https://jus-tice.co.il/morais-leitao/,0,2,0,82.5
"עו""ד פורטוגל",https://jus-tice.co.il/perez-llorca/,0,7,0,59.142857142857146
"עו""ד פורטוגל",https://jus-tice.co.il/portugal-noatary/,0,1,0,94
"עו""ד פורטוגל",https://jus-tice.co.il/sofia-galvao/,0,11,0,54.90909090909091
"עו""ד צוואה וירושה",https://jus-tice.co.il/%D7%A2%D7%95%D7%A8%D7%9A-%D7%93%D7%99%D7%9F-%D7%A6%D7%95%D7%95%D7%90%D7%95%D7%AA-%D7%95%D7%99%D7%A8%D7%95%D7%A9%D7%95%D7%AA/,0,41,0,51.390243902439025
"עו""ד צרפת",https://jus-tice.co.il/cms-law-firm/,0,10,0,43.1
"עו""ד קייפטאון",https://jus-tice.co.il/south-african-property-law/,0,46,0,14.934782608695652
"עו""ד קנדה",https://jus-tice.co.il/%D7%A0%D7%99%D7%94%D7%95%D7%9C-%D7%9E%D7%95%D7%A0%D7%99%D7%98%D7%99%D7%9F-%D7%9E%D7%A7%D7%95%D7%95%D7%9F-%D7%9C%D7%A2%D7%95%D7%A8%D7%9B%D7%99-%D7%93%D7%99%D7%9F-%D7%91%D7%A8%D7%A9%D7%AA-%D7%94%D7%90%D7%99%D7%A0%D7%98%D7%A8%D7%A0%D7%98/,0,5,0,53.8
"עו""ד קנדה",https://jus-tice.co.il/foreign-legal-opinion/,0,1,0,38
"עו""ד קנדה",https://jus-tice.co.il/weil-gotshal-manges/,0,1,0,44
"עו""ד קפריסין",https://jus-tice.co.il/weil-gotshal-manges/,0,2,0,49
"עו""ד רוסיה",https://jus-tice.co.il/cms-law-firm/,0,13,0,43
"עו""ד רישוי עסקים",https://jus-tice.co.il/%D7%A2%D7%95%D7%A8%D7%9A-%D7%93%D7%99%D7%9F-%D7%A8%D7%99%D7%A9%D7%95%D7%99-%D7%A2%D7%A1%D7%A7%D7%99%D7%9D/,0,5,0,26.8
"עו""ד רשלנות רפואית בלידה",https://jus-tice.co.il/%D7%A2%D7%95%D7%A8%D7%9A-%D7%93%D7%99%D7%9F-%D7%A8%D7%A9%D7%9C%D7%A0%D7%95%D7%AA-%D7%A8%D7%A4%D7%95%D7%90%D7%99%D7%AA-%D7%91%D7%9C%D7%99%D7%93%D7%94-%D7%9E%D7%95%D7%9E%D7%9C%D7%A5/,0,7,0,54.57142857142857
"עו""ד רשלנות רפואית פלסטיקה",https://jus-tice.co.il/%D7%A2%D7%95%D7%A8%D7%9A-%D7%93%D7%99%D7%9F-%D7%A8%D7%A9%D7%9C%D7%A0%D7%95%D7%AA-%D7%91%D7%A0%D7%99%D7%AA%D7%95%D7%97-%D7%A4%D7%9C%D7%A1%D7%98%D7%99-%D7%94%D7%9E%D7%9C%D7%A6%D7%95%D7%AA-%D7%A2%D7%95%D7%93-%D7%A8%D7%A9%D7%9C%D7%A0%D7%95%D7%AA-%D7%A0%D7%99%D7%AA%D7%95%D7%97-%D7%A4%D7%9C%D7%A1%D7%98%D7%99/,0,18,0,23.27777777777778
"עו""ד תאילנד",https://jus-tice.co.il/foreign-legal-opinion/,0,2,0,93
"עו""ד+רשלנות+רפואית+בייעוץ+גנטי",https://jus-tice.co.il/medical-malpractice-lawyer/,0,1,0,100
"עו""ד+רשלנות+רפואית+בלידה",https://jus-tice.co.il/%D7%A2%D7%95%D7%A8%D7%9A-%D7%93%D7%99%D7%9F-%D7%A8%D7%A9%D7%9C%D7%A0%D7%95%D7%AA-%D7%A8%D7%A4%D7%95%D7%90%D7%99%D7%AA-%D7%91%D7%9C%D7%99%D7%93%D7%94-%D7%9E%D7%95%D7%9E%D7%9C%D7%A5/,0,4,0,54.25
עו&quot;ד,https://jus-tice.co.il/,0,4,0,45.5
עו''ד נדלן בפורטוגל,https://jus-tice.co.il/%D7%A7%D7%98%D7%92%D7%95%D7%A8%D7%99%D7%95%D7%AA-%D7%9E%D7%90%D7%9E%D7%A8%D7%99%D7%9D/%D7%A4%D7%95%D7%A8%D7%98%D7%95%D7%92%D7%9C/,0,2,0,71.5
עו''ד נדלן בפורטוגל,https://jus-tice.co.il/legal-services-in-portugal/,0,12,0,42.666666666666664
עו+ד+רשלנות+רפואית+בלידה,https://jus-tice.co.il/%D7%A2%D7%95%D7%A8%D7%9A-%D7%93%D7%99%D7%9F-%D7%A8%D7%A9%D7%9C%D7%A0%D7%95%D7%AA-%D7%A8%D7%A4%D7%95%D7%90%D7%99%D7%AA-%D7%91%D7%9C%D7%99%D7%93%D7%94-%D7%9E%D7%95%D7%9E%D7%9C%D7%A5/,0,6,0,63.5
עובד מעביד,https://jus-tice.co.il/employer-worker-relationship/,0,6,0,67.66666666666667
עוד גירושין,https://jus-tice.co.il/%D7%A2%D7%95%D7%93-%D7%92%D7%99%D7%A8%D7%95%D7%A9%D7%99%D7%9F-%D7%9E%D7%95%D7%9E%D7%9C%D7%A5-%D7%9B%D7%99%D7%A6%D7%93-%D7%9C%D7%9E%D7%A6%D7%95%D7%90-%D7%A2%D7%95%D7%A8%D7%9A-%D7%93%D7%99%D7%9F-%D7%92%D7%99%D7%A8%D7%95%D7%A9%D7%99%D7%9F-%D7%95%D7%9B%D7%9E%D7%94-%D7%A2%D7%95%D7%9C%D7%94-%D7%9C%D7%94%D7%AA%D7%92%D7%A8%D7%A9/,0,3,0,64.33333333333334
עוד הסכם ממון,https://jus-tice.co.il/prenup-attorney/,0,1,0,95
עוד הסכם ממון,https://jus-tice.co.il/prenuptial-agreements-overview/,0,1,0,56
עוד לענייני נזיקין,https://jus-tice.co.il/%D7%AA%D7%97%D7%95%D7%9E%D7%99-%D7%94%D7%AA%D7%9E%D7%97%D7%95%D7%AA/%D7%A2%D7%95%D7%93-%D7%A0%D7%96%D7%99%D7%A7%D7%99%D7%9F-%D7%A4%D7%A1%D7%A7%D7%99-%D7%93%D7%99%D7%9F/,0,3,0,46.666666666666664
עוד נזיקין,https://jus-tice.co.il/%D7%AA%D7%97%D7%95%D7%9E%D7%99-%D7%94%D7%AA%D7%9E%D7%97%D7%95%D7%AA/%D7%A2%D7%95%D7%93-%D7%A0%D7%96%D7%99%D7%A7%D7%99%D7%9F-%D7%A4%D7%A1%D7%A7%D7%99-%D7%93%D7%99%D7%9F/,0,50,0,61.34
עוד פורטוגל,https://jus-tice.co.il/legal-services-in-portugal/,0,3,0,73.66666666666667
עוד פורטוגל,https://jus-tice.co.il/portugal-noatary/,0,3,0,79
עוד פלילי בן דור ירושלים,https://jus-tice.co.il/%D7%92%D7%99%D7%A8%D7%95%D7%A9%D7%99%D7%9F-%D7%A7%D7%91%D7%9C%D7%AA-%D7%96%D7%9B%D7%95%D7%99%D7%95%D7%AA-%D7%A4%D7%A0%D7%A1%D7%99%D7%95%D7%A0%D7%99%D7%95%D7%AA-%D7%9E%D7%94%D7%95%D7%95%D7%A0%D7%95%D7%AA-%D7%91%D7%9E%D7%A7%D7%95%D7%9D-%D7%A8%D7%99%D7%A9%D7%95%D7%9E%D7%9F-%D7%A2%D7%9C-%D7%A9%D7%9D-%D7%94%D7%96%D7%9B%D7%90%D7%99-%D7%91%D7%94%D7%AA%D7%90%D7%9D-%D7%9C%D7%97%D7%95%D7%A7-%D7%9C%D7%97%D7%9C%D7%95%D7%A7%D7%AA-%D7%97%D7%99%D7%A1%D7%9B%D7%95%D7%9F-%D7%A4%D7%A0%D7%A1%D7%99%D7%95%D7%A0%D7%99/,0,1,0,59
עוולה,https://jus-tice.co.il/articles/%D7%A2%D7%95%D7%95%D7%9C%D7%94-%D7%A0%D7%96%D7%A7-%D7%95%D7%A4%D7%99%D7%A6%D7%95%D7%99-%D7%93%D7%99%D7%A0%D7%99-%D7%94%D7%A0%D7%96%D7%99%D7%A7%D7%99%D7%9F-%D7%95%D7%A8%D7%A9%D7%9C%D7%A0%D7%95/,0,1,0,27
עוולה אזרחית,https://jus-tice.co.il/articles/%D7%A2%D7%95%D7%95%D7%9C%D7%94-%D7%A0%D7%96%D7%A7-%D7%95%D7%A4%D7%99%D7%A6%D7%95%D7%99-%D7%93%D7%99%D7%A0%D7%99-%D7%94%D7%A0%D7%96%D7%99%D7%A7%D7%99%D7%9F-%D7%95%D7%A8%D7%A9%D7%9C%D7%A0%D7%95/,0,1,0,26
עוולה נזיקית,https://jus-tice.co.il/articles/%D7%A2%D7%95%D7%95%D7%9C%D7%94-%D7%A0%D7%96%D7%A7-%D7%95%D7%A4%D7%99%D7%A6%D7%95%D7%99-%D7%93%D7%99%D7%A0%D7%99-%D7%94%D7%A0%D7%96%D7%99%D7%A7%D7%99%D7%9F-%D7%95%D7%A8%D7%A9%D7%9C%D7%A0%D7%95/,0,1,0,23
עוזבת את הבית,https://jus-tice.co.il/articles/%D7%A4%D7%A1%D7%93-%D7%AA%D7%91%D7%99%D7%A2%D7%AA-%D7%9B%D7%AA%D7%95%D7%91%D7%94-%D7%A9%D7%94%D7%92%D7%99%D7%A9%D7%95-%D7%99%D7%95%D7%A8%D7%A9%D7%99-%D7%94%D7%90%D7%99%D7%A9%D7%94-%D7%A0%D7%92/,0,1,0,57
עונש חיובי ושלילי,https://jus-tice.co.il/employer-worker-relationship/,0,1,0,74
עונש מינימום על הריגה,https://jus-tice.co.il/car-accident-auto-injury-lawyer/,0,22,0,62.5
עונש על החזקת סמים,https://jus-tice.co.il/psakdin/%D7%A2%D7%95%D7%A0%D7%A9-%D7%94%D7%97%D7%96%D7%A7%D7%AA-%D7%A7%D7%A0%D7%90%D7%91%D7%99%D7%A1-%D7%99%D7%99%D7%A6%D7%95%D7%A8-%D7%94%D7%9B%D7%A0%D7%94-%D7%95%D7%94%D7%A4%D7%A7%D7%94-%D7%A9%D7%9C-%D7%A1%D7%9D-%D7%95%D7%A2%D7%95%D7%93/,0,4,0,75.25
עונש על הריגה בתאונת דרכים,https://jus-tice.co.il/car-accident-auto-injury-lawyer/,0,27,0,65.29629629629629
עופר מליקובסקי,https://jus-tice.co.il/psakdin/%D7%A8%D7%90%D7%A9-%D7%A2%D7%A8%D7%99%D7%99%D7%AA-%D7%98%D7%91%D7%A8%D7%99%D7%94-%D7%A8%D7%95%D7%9F-%D7%A7%D7%95%D7%91%D7%99-%D7%A4%D7%A1%D7%93-%D7%91%D7%AA%D7%91%D7%99%D7%A2%D7%94-%D7%9C%D7%A4/,0,2,0,42
עוריך דין לגירושין,https://jus-tice.co.il/%D7%A2%D7%95%D7%93-%D7%92%D7%99%D7%A8%D7%95%D7%A9%D7%99%D7%9F-%D7%9E%D7%95%D7%9E%D7%9C%D7%A5-%D7%9B%D7%99%D7%A6%D7%93-%D7%9C%D7%9E%D7%A6%D7%95%D7%90-%D7%A2%D7%95%D7%A8%D7%9A-%D7%93%D7%99%D7%9F-%D7%92%D7%99%D7%A8%D7%95%D7%A9%D7%99%D7%9F-%D7%95%D7%9B%D7%9E%D7%94-%D7%A2%D7%95%D7%9C%D7%94-%D7%9C%D7%94%D7%AA%D7%92%D7%A8%D7%A9/,0,51,0,68.47058823529412
עורך דין,https://jus-tice.co.il/,0,77,0,33.44155844155844
עורך דין אונליין,https://jus-tice.co.il/%D7%A0%D7%99%D7%94%D7%95%D7%9C-%D7%9E%D7%95%D7%A0%D7%99%D7%98%D7%99%D7%9F-%D7%9E%D7%A7%D7%95%D7%95%D7%9F-%D7%9C%D7%A2%D7%95%D7%A8%D7%9B%D7%99-%D7%93%D7%99%D7%9F-%D7%91%D7%A8%D7%A9%D7%AA-%D7%94%D7%90%D7%99%D7%A0%D7%98%D7%A8%D7%A0%D7%98/,0,2,0,20.5
עורך דין אזרחי אשדוד,https://jus-tice.co.il/,0,14,0,76.14285714285714
עורך דין אזרחי מומלץ,https://jus-tice.co.il/,0,33,0,21.575757575757574
עורך דין אזרחי מומלץ בתל אביב,https://jus-tice.co.il/,0,3,0,43
עורך דין אזרחי מומלץ תל אביב,https://jus-tice.co.il/,0,2,0,61.5
עורך דין אזרחי תל אביב,https://jus-tice.co.il/,0,3,0,80.66666666666667
עורך דין איחור במסירת דירה,https://jus-tice.co.il/%D7%A4%D7%99%D7%A6%D7%95%D7%99-%D7%91%D7%92%D7%99%D7%9F-%D7%90%D7%99%D7%97%D7%95%D7%A8-%D7%91%D7%9E%D7%A1%D7%99%D7%A8%D7%AA-%D7%93%D7%99%D7%A8%D7%94-%D7%9E%D7%A7%D7%91%D7%9C%D7%9F-%D7%AA%D7%90-10300-02-21/,0,23,0,65.6086956521739
עורך דין איטליה,https://jus-tice.co.il/,0,2,0,10
עורך דין איטליה,https://jus-tice.co.il/cms-law-firm/,0,3,0,59.666666666666664
עורך דין אינטרנט,https://jus-tice.co.il/%D7%A0%D7%99%D7%94%D7%95%D7%9C-%D7%9E%D7%95%D7%A0%D7%99%D7%98%D7%99%D7%9F-%D7%9E%D7%A7%D7%95%D7%95%D7%9F-%D7%9C%D7%A2%D7%95%D7%A8%D7%9B%D7%99-%D7%93%D7%99%D7%9F-%D7%91%D7%A8%D7%A9%D7%AA-%D7%94%D7%90%D7%99%D7%A0%D7%98%D7%A8%D7%A0%D7%98/,0,60,0,82.41666666666667
"עורך דין בג""ץ גני ילדים מול משרד החינוך",https://jus-tice.co.il/psakdin/%D7%97%D7%99%D7%A0%D7%95%D7%9A-%D7%94%D7%99%D7%9C%D7%93%D7%99%D7%9D-%D7%91%D7%9E%D7%95%D7%A1%D7%93-%D7%A9%D7%9C-%D7%90%D7%99%D7%96%D7%94-%D7%96%D7%A8%D7%9D-%D7%93%D7%AA%D7%99-%D7%99%D7%AA%D7%97%D7%A0/,0,15,0,11.2
"עורך דין בג""ץ דת ומדינה - ייצוג בתביעות והגנה משפטית",https://jus-tice.co.il/supreme_court/%D7%91%D7%92%D7%A5-2144-20-25-03-%D7%9E%D7%97%D7%99%D7%99%D7%91-%D7%91%D7%97%D7%99%D7%A8%D7%AA-%D7%99%D7%95%D7%A8-%D7%A7%D7%91%D7%95%D7%A2-%D7%9C%D7%9B%D7%A0%D7%A1%D7%AA/,0,1,0,28
עורך דין בהתנדבות,https://jus-tice.co.il/,0,1,0,12
עורך דין בחינם,https://jus-tice.co.il/,0,1,0,24
עורך דין בחינם מהמדינה,https://jus-tice.co.il/,0,1,0,30
עורך דין ביטול טיסה,https://jus-tice.co.il/compensation-flight-delayed/,0,4,0,27.25
עורך דין בישראל,https://jus-tice.co.il/,0,4,0,23.5
עורך דין בלגיה,https://jus-tice.co.il/foreign-legal-opinion/,0,1,0,35
עורך דין בלוקצ'יין,https://jus-tice.co.il/%D7%A7%D7%98%D7%92%D7%95%D7%A8%D7%99%D7%95%D7%AA-%D7%9E%D7%90%D7%9E%D7%A8%D7%99%D7%9D/%D7%91%D7%9C%D7%95%D7%A7%D7%A6%D7%99%D7%99%D7%9F-%D7%95%D7%9E%D7%98%D7%91%D7%A2%D7%95%D7%AA-%D7%A7%D7%A8%D7%99%D7%A4%D7%98%D7%95%D7%92%D7%A8%D7%A4%D7%99%D7%9D/,0,62,0,28.64516129032258
עורך דין בספרד,https://jus-tice.co.il/perez-llorca/,0,9,0,26
עורך דין בפורטוגל,https://jus-tice.co.il/legal-services-in-portugal/,0,30,0,46
עורך דין בפורטוגל,https://jus-tice.co.il/morais-leitao/,0,1,0,82
עורך דין בפורטוגל,https://jus-tice.co.il/perez-llorca/,0,5,0,56.6
עורך דין בפורטוגל,https://jus-tice.co.il/sofia-galvao/,0,8,0,56.375
עורך דין בצרפת,https://jus-tice.co.il/cms-law-firm/,0,19,0,43.10526315789474
עורך דין בתל אביב,https://jus-tice.co.il/tel-aviv-city-best-lawyers/,0,1,0,87
עורך דין גירושים,https://jus-tice.co.il/%D7%A2%D7%95%D7%93-%D7%92%D7%99%D7%A8%D7%95%D7%A9%D7%99%D7%9F-%D7%9E%D7%95%D7%9E%D7%9C%D7%A5-%D7%9B%D7%99%D7%A6%D7%93-%D7%9C%D7%9E%D7%A6%D7%95%D7%90-%D7%A2%D7%95%D7%A8%D7%9A-%D7%93%D7%99%D7%9F-%D7%92%D7%99%D7%A8%D7%95%D7%A9%D7%99%D7%9F-%D7%95%D7%9B%D7%9E%D7%94-%D7%A2%D7%95%D7%9C%D7%94-%D7%9C%D7%94%D7%AA%D7%92%D7%A8%D7%A9/,0,31,0,58.064516129032256
עורך דין גירושין,https://jus-tice.co.il/%D7%A2%D7%95%D7%93-%D7%92%D7%99%D7%A8%D7%95%D7%A9%D7%99%D7%9F-%D7%9E%D7%95%D7%9E%D7%9C%D7%A5-%D7%9B%D7%99%D7%A6%D7%93-%D7%9C%D7%9E%D7%A6%D7%95%D7%90-%D7%A2%D7%95%D7%A8%D7%9A-%D7%93%D7%99%D7%9F-%D7%92%D7%99%D7%A8%D7%95%D7%A9%D7%99%D7%9F-%D7%95%D7%9B%D7%9E%D7%94-%D7%A2%D7%95%D7%9C%D7%94-%D7%9C%D7%94%D7%AA%D7%92%D7%A8%D7%A9/,0,288,0,62.12152777777778
עורך דין גירושין דיני משפחה וצוואות,https://jus-tice.co.il/%D7%A2%D7%95%D7%93-%D7%92%D7%99%D7%A8%D7%95%D7%A9%D7%99%D7%9F-%D7%9E%D7%95%D7%9E%D7%9C%D7%A5-%D7%9B%D7%99%D7%A6%D7%93-%D7%9C%D7%9E%D7%A6%D7%95%D7%90-%D7%A2%D7%95%D7%A8%D7%9A-%D7%93%D7%99%D7%9F-%D7%92%D7%99%D7%A8%D7%95%D7%A9%D7%99%D7%9F-%D7%95%D7%9B%D7%9E%D7%94-%D7%A2%D7%95%D7%9C%D7%94-%D7%9C%D7%94%D7%AA%D7%92%D7%A8%D7%A9/,0,125,0,31.008
עורך דין גירושין המלצות,https://jus-tice.co.il/%D7%A2%D7%95%D7%93-%D7%92%D7%99%D7%A8%D7%95%D7%A9%D7%99%D7%9F-%D7%9E%D7%95%D7%9E%D7%9C%D7%A5-%D7%9B%D7%99%D7%A6%D7%93-%D7%9C%D7%9E%D7%A6%D7%95%D7%90-%D7%A2%D7%95%D7%A8%D7%9A-%D7%93%D7%99%D7%9F-%D7%92%D7%99%D7%A8%D7%95%D7%A9%D7%99%D7%9F-%D7%95%D7%9B%D7%9E%D7%94-%D7%A2%D7%95%D7%9C%D7%94-%D7%9C%D7%94%D7%AA%D7%92%D7%A8%D7%A9/,0,7,0,49.285714285714285
עורך דין גירושין לגבר,https://jus-tice.co.il/%D7%A2%D7%95%D7%93-%D7%92%D7%99%D7%A8%D7%95%D7%A9%D7%99%D7%9F-%D7%9E%D7%95%D7%9E%D7%9C%D7%A5-%D7%9B%D7%99%D7%A6%D7%93-%D7%9C%D7%9E%D7%A6%D7%95%D7%90-%D7%A2%D7%95%D7%A8%D7%9A-%D7%93%D7%99%D7%9F-%D7%92%D7%99%D7%A8%D7%95%D7%A9%D7%99%D7%9F-%D7%95%D7%9B%D7%9E%D7%94-%D7%A2%D7%95%D7%9C%D7%94-%D7%9C%D7%94%D7%AA%D7%92%D7%A8%D7%A9/,0,3,0,80
עורך דין גירושין מחיר,https://jus-tice.co.il/%D7%A2%D7%95%D7%93-%D7%92%D7%99%D7%A8%D7%95%D7%A9%D7%99%D7%9F-%D7%9E%D7%95%D7%9E%D7%9C%D7%A5-%D7%9B%D7%99%D7%A6%D7%93-%D7%9C%D7%9E%D7%A6%D7%95%D7%90-%D7%A2%D7%95%D7%A8%D7%9A-%D7%93%D7%99%D7%9F-%D7%92%D7%99%D7%A8%D7%95%D7%A9%D7%99%D7%9F-%D7%95%D7%9B%D7%9E%D7%94-%D7%A2%D7%95%D7%9C%D7%94-%D7%9C%D7%94%D7%AA%D7%92%D7%A8%D7%A9/,0,112,0,72.16071428571429
עורך דין גירושין מטעם המדינה,https://jus-tice.co.il/wp-content/uploads/2022/06/misradhamishpatim-women.pdf,0,44,0,55.11363636363637
עורך דין גירושין פתח תקווה,https://jus-tice.co.il/%D7%A2%D7%95%D7%93-%D7%92%D7%99%D7%A8%D7%95%D7%A9%D7%99%D7%9F-%D7%9E%D7%95%D7%9E%D7%9C%D7%A5-%D7%9B%D7%99%D7%A6%D7%93-%D7%9C%D7%9E%D7%A6%D7%95%D7%90-%D7%A2%D7%95%D7%A8%D7%9A-%D7%93%D7%99%D7%9F-%D7%92%D7%99%D7%A8%D7%95%D7%A9%D7%99%D7%9F-%D7%95%D7%9B%D7%9E%D7%94-%D7%A2%D7%95%D7%9C%D7%94-%D7%9C%D7%94%D7%AA%D7%92%D7%A8%D7%A9/,0,2,0,70.5
עורך דין דיני גירושין,https://jus-tice.co.il/%D7%A2%D7%95%D7%93-%D7%92%D7%99%D7%A8%D7%95%D7%A9%D7%99%D7%9F-%D7%9E%D7%95%D7%9E%D7%9C%D7%A5-%D7%9B%D7%99%D7%A6%D7%93-%D7%9C%D7%9E%D7%A6%D7%95%D7%90-%D7%A2%D7%95%D7%A8%D7%9A-%D7%93%D7%99%D7%9F-%D7%92%D7%99%D7%A8%D7%95%D7%A9%D7%99%D7%9F-%D7%95%D7%9B%D7%9E%D7%94-%D7%A2%D7%95%D7%9C%D7%94-%D7%9C%D7%94%D7%AA%D7%92%D7%A8%D7%A9/,0,22,0,76.9090909090909
עורך דין דיני עבודה ייעוץ חינם,https://jus-tice.co.il/,0,50,0,20.94
עורך דין דיני עבודה מעסיקים,https://jus-tice.co.il/labor-lawyer/,0,1,0,80
עורך דין דיני עבודה פיטורין,https://jus-tice.co.il/labor-lawyer/,0,1,0,89
עורך דין דיני תעופה,https://jus-tice.co.il/compensation-flight-delayed/,0,43,0,57.2093023255814
עורך דין דירה,https://jus-tice.co.il/real-estate-lawyer-cost-2025/,0,2,0,94.5
עורך דין דירה חדשה,https://jus-tice.co.il/real-estate-lawyer-cost-2025/,0,5,0,71.2
עורך דין דירות,https://jus-tice.co.il/real-estate-lawyer-cost-2025/,0,2,0,62
עורך דין דרום אפריקה,https://jus-tice.co.il/cms-law-firm/,0,20,0,22.1
עורך דין דרום אפריקה,https://jus-tice.co.il/south-african-property-law/,0,17,0,16.294117647058826
עורך דין הוצאה לפועל גביית חובות,https://jus-tice.co.il/,0,1,0,12
עורך דין הסכם גירושין,https://jus-tice.co.il/%D7%A2%D7%95%D7%93-%D7%92%D7%99%D7%A8%D7%95%D7%A9%D7%99%D7%9F-%D7%9E%D7%95%D7%9E%D7%9C%D7%A5-%D7%9B%D7%99%D7%A6%D7%93-%D7%9C%D7%9E%D7%A6%D7%95%D7%90-%D7%A2%D7%95%D7%A8%D7%9A-%D7%93%D7%99%D7%9F-%D7%92%D7%99%D7%A8%D7%95%D7%A9%D7%99%D7%9F-%D7%95%D7%9B%D7%9E%D7%94-%D7%A2%D7%95%D7%9C%D7%94-%D7%9C%D7%94%D7%AA%D7%92%D7%A8%D7%A9/,0,65,0,79.98461538461538
עורך דין הסכם השקעה,https://jus-tice.co.il/psakdin/%D7%A4%D7%A1%D7%A7-%D7%93%D7%99%D7%9F-%D7%91%D7%AA%D7%91%D7%99%D7%A2%D7%94-%D7%9C%D7%97%D7%99%D7%95%D7%91-%D7%99%D7%95%D7%A2%D7%A5-%D7%94%D7%A9%D7%A7%D7%A2%D7%95%D7%AA-%D7%91%D7%92%D7%99%D7%9F-%D7%A0%D7%96%D7%A7/,0,1,0,77
עורך דין הסכם מכר,https://jus-tice.co.il/real-estate-lawyer-cost-2025/,0,4,0,81.75
עורך דין הסכם ממון,https://jus-tice.co.il/prenup-attorney/,0,320,0,56.31875
עורך דין הסכם ממון בתל אביב,https://jus-tice.co.il/prenup-attorney/,0,3,0,42.666666666666664
עורך דין הסכם ממון תל אביב,https://jus-tice.co.il/prenup-attorney/,0,30,0,45.13333333333333
עורך דין הסכמי ייעוץ,https://jus-tice.co.il/prenup-attorney/,0,3,0,78
עורך דין הסכמי מכר,https://jus-tice.co.il/real-estate-lawyer-cost-2025/,0,36,0,76.25
עורך דין הסכמי ממון,https://jus-tice.co.il/prenup-attorney/,0,29,0,55.275862068965516
עורך דין הסכמי רישיון,https://jus-tice.co.il/%D7%A2%D7%95%D7%A8%D7%9A-%D7%93%D7%99%D7%9F-%D7%A8%D7%99%D7%A9%D7%95%D7%99-%D7%A2%D7%A1%D7%A7%D7%99%D7%9D/,0,9,0,43.333333333333336
עורך דין הסכמי רישיון,https://jus-tice.co.il/prenup-attorney/,0,1,0,77
עורך דין הסכמי שירות,https://jus-tice.co.il/lawyer-referral-service/,0,2,0,81
עורך דין הסכמי שירות,https://jus-tice.co.il/prenup-attorney/,0,5,0,74.2
עורך דין התמחרות,https://jus-tice.co.il/%D7%AA%D7%99%D7%A7-916847/5-%D7%91%D7%91%D7%99%D7%AA-%D7%94%D7%93%D7%99%D7%9F-%D7%94%D7%A8%D7%91%D7%A0%D7%99-%D7%94%D7%90%D7%96%D7%95%D7%A8%D7%99-%D7%90%D7%A9%D7%93%D7%95%D7%93/,0,4,0,83
עורך דין התמחרות,https://jus-tice.co.il/kl-gates/,0,5,0,31
עורך דין זול,https://jus-tice.co.il/,0,1,0,39
עורך דין זכויות להט”ב,https://jus-tice.co.il/kl-gates/,0,2,0,22.5
עורך דין זכויות עובדים,https://jus-tice.co.il/labor-lawyer/,0,2,0,90.5
עורך דין חוזה דירה,https://jus-tice.co.il/real-estate-lawyer-cost-2025/,0,36,0,79.38888888888889
עורך דין חוזה מכר,https://jus-tice.co.il/real-estate-lawyer-cost-2025/,0,31,0,75.61290322580645
עורך דין חוזה מקרקעין,https://jus-tice.co.il/real-estate-lawyer-cost-2025/,0,35,0,65.4
עורך דין חוזה שכירות מחיר,https://jus-tice.co.il/real-estate-lawyer-cost-2025/,0,1,0,91
עורך דין חוק המכר דירות,https://jus-tice.co.il/real-estate-lawyer-cost-2025/,0,37,0,63.24324324324324
עורך דין טוב לגירושין,https://jus-tice.co.il/%D7%A2%D7%95%D7%93-%D7%92%D7%99%D7%A8%D7%95%D7%A9%D7%99%D7%9F-%D7%9E%D7%95%D7%9E%D7%9C%D7%A5-%D7%9B%D7%99%D7%A6%D7%93-%D7%9C%D7%9E%D7%A6%D7%95%D7%90-%D7%A2%D7%95%D7%A8%D7%9A-%D7%93%D7%99%D7%9F-%D7%92%D7%99%D7%A8%D7%95%D7%A9%D7%99%D7%9F-%D7%95%D7%9B%D7%9E%D7%94-%D7%A2%D7%95%D7%9C%D7%94-%D7%9C%D7%94%D7%AA%D7%92%D7%A8%D7%A9/,0,55,0,61.96363636363636
עורך דין טיפול סוף החיים,https://jus-tice.co.il/medical-malpractice-lawyer/,0,2,0,42
עורך דין יוהנסבורג,https://jus-tice.co.il/south-african-property-law/,0,54,0,7.2592592592592595
עורך דין ייפוי כוח מתמשך,https://jus-tice.co.il/continuous-power-of-attorney-israel/,0,242,0,73.24380165289256
עורך דין ייפוי כח מתמשך,https://jus-tice.co.il/continuous-power-of-attorney-israel/,0,49,0,74.36734693877551
עורך דין יפוי כוח מתמשך,https://jus-tice.co.il/continuous-power-of-attorney-israel/,0,4,0,56.75
עורך דין יפוי כח מתמשך,https://jus-tice.co.il/continuous-power-of-attorney-israel/,0,3,0,62
עורך דין יפן,https://jus-tice.co.il/foreign-legal-opinion/,0,8,0,52.625
עורך דין לגירושים,https://jus-tice.co.il/%D7%A2%D7%95%D7%93-%D7%92%D7%99%D7%A8%D7%95%D7%A9%D7%99%D7%9F-%D7%9E%D7%95%D7%9E%D7%9C%D7%A5-%D7%9B%D7%99%D7%A6%D7%93-%D7%9C%D7%9E%D7%A6%D7%95%D7%90-%D7%A2%D7%95%D7%A8%D7%9A-%D7%93%D7%99%D7%9F-%D7%92%D7%99%D7%A8%D7%95%D7%A9%D7%99%D7%9F-%D7%95%D7%9B%D7%9E%D7%94-%D7%A2%D7%95%D7%9C%D7%94-%D7%9C%D7%94%D7%AA%D7%92%D7%A8%D7%A9/,0,36,0,69.69444444444444
עורך דין לגירושין,https://jus-tice.co.il/%D7%A2%D7%95%D7%93-%D7%92%D7%99%D7%A8%D7%95%D7%A9%D7%99%D7%9F-%D7%9E%D7%95%D7%9E%D7%9C%D7%A5-%D7%9B%D7%99%D7%A6%D7%93-%D7%9C%D7%9E%D7%A6%D7%95%D7%90-%D7%A2%D7%95%D7%A8%D7%9A-%D7%93%D7%99%D7%9F-%D7%92%D7%99%D7%A8%D7%95%D7%A9%D7%99%D7%9F-%D7%95%D7%9B%D7%9E%D7%94-%D7%A2%D7%95%D7%9C%D7%94-%D7%9C%D7%94%D7%AA%D7%92%D7%A8%D7%A9/,0,30,0,58.63333333333333
עורך דין לדיני עבודה ייעוץ חינם,https://jus-tice.co.il/,0,12,0,27.666666666666668
עורך דין להסכם ממון,https://jus-tice.co.il/prenup-attorney/,0,46,0,51.58695652173913
עורך דין להסכמי ממון,https://jus-tice.co.il/prenup-attorney/,0,81,0,58.629629629629626
עורך דין לווי מוכר דירה,https://jus-tice.co.il/real-estate-lawyer-cost-2025/,0,10,0,55.7
עורך דין לייפוי כוח מתמשך,https://jus-tice.co.il/continuous-power-of-attorney-israel/,0,4,0,85.75
עורך דין לכל דין,https://jus-tice.co.il/,0,9,0,10
עורך דין למכירת דירה,https://jus-tice.co.il/real-estate-lawyer-cost-2025/,0,72,0,73.27777777777777
עורך דין למכירת נכס,https://jus-tice.co.il/real-estate-lawyer-cost-2025/,0,12,0,70.58333333333333
עורך דין לעבירות מחשב,https://jus-tice.co.il/cybercrime-lawyer-roll/,0,2,0,82
עורך דין לעבירות סייבר,https://jus-tice.co.il/cybercrime-lawyer-roll/,0,1,0,88
עורך דין לענייני משפחה בחינם,https://jus-tice.co.il/,0,1,0,76
עורך דין לענייני משפחה חינם,https://jus-tice.co.il/,0,1,0,34
עורך דין לענייני משפחה מחיר,https://jus-tice.co.il/%D7%A2%D7%95%D7%93-%D7%92%D7%99%D7%A8%D7%95%D7%A9%D7%99%D7%9F-%D7%9E%D7%95%D7%9E%D7%9C%D7%A5-%D7%9B%D7%99%D7%A6%D7%93-%D7%9C%D7%9E%D7%A6%D7%95%D7%90-%D7%A2%D7%95%D7%A8%D7%9A-%D7%93%D7%99%D7%9F-%D7%92%D7%99%D7%A8%D7%95%D7%A9%D7%99%D7%9F-%D7%95%D7%9B%D7%9E%D7%94-%D7%A2%D7%95%D7%9C%D7%94-%D7%9C%D7%94%D7%AA%D7%92%D7%A8%D7%A9/,0,10,0,66
עורך דין לענייני סייבר,https://jus-tice.co.il/cybercrime-lawyer-roll/,0,20,0,57.3
עורך דין לענייני תעופה,https://jus-tice.co.il/compensation-flight-delayed/,0,5,0,56.8
עורך דין לעריכת צוואות,https://jus-tice.co.il/%D7%A2%D7%95%D7%A8%D7%9A-%D7%93%D7%99%D7%9F-%D7%A6%D7%95%D7%95%D7%90%D7%95%D7%AA-%D7%95%D7%99%D7%A8%D7%95%D7%A9%D7%95%D7%AA/,0,11,0,35.81818181818182
עורך דין לקניית דירה,https://jus-tice.co.il/real-estate-lawyer-cost-2025/,0,13,0,61.76923076923077
עורך דין לרישוי עסקים,https://jus-tice.co.il/%D7%A2%D7%95%D7%A8%D7%9A-%D7%93%D7%99%D7%9F-%D7%A8%D7%99%D7%A9%D7%95%D7%99-%D7%A2%D7%A1%D7%A7%D7%99%D7%9D/,0,3,0,18.666666666666668
עורך דין לרכישת דירה,https://jus-tice.co.il/real-estate-lawyer-cost-2025/,0,2,0,73.5
עורך דין לרכישת קרקע,https://jus-tice.co.il/real-estate-lawyer-cost-2025/,0,14,0,75.92857142857143
עורך דין לתביעה בגלל שיימינג,https://jus-tice.co.il/changing-or-canceling-a-prenuptial-agreement/,0,1,0,137
"עורך דין לתביעות בג""ץ גני ילדים",https://jus-tice.co.il/psakdin/%D7%97%D7%99%D7%A0%D7%95%D7%9A-%D7%94%D7%99%D7%9C%D7%93%D7%99%D7%9D-%D7%91%D7%9E%D7%95%D7%A1%D7%93-%D7%A9%D7%9C-%D7%90%D7%99%D7%96%D7%94-%D7%96%D7%A8%D7%9D-%D7%93%D7%AA%D7%99-%D7%99%D7%AA%D7%97%D7%A0/,0,1,0,25
עורך דין לתביעות נזיקין,https://jus-tice.co.il/%D7%A2%D7%95%D7%A8%D7%9B%D7%99-%D7%93%D7%99%D7%9F/%D7%A2%D7%95%D7%A8%D7%9B%D7%99-%D7%93%D7%99%D7%9F-%D7%91%D7%AA%D7%97%D7%95%D7%9D-%D7%94%D7%A0%D7%96%D7%99%D7%A7%D7%99%D7%9F/,0,6,0,65.66666666666667
עורך דין לתחום הסייבר,https://jus-tice.co.il/cybercrime-lawyer-roll/,0,6,0,48.166666666666664
עורך דין לתכנון ובניה,https://jus-tice.co.il/construction-law/,0,3,0,76.66666666666667
עורך דין מהסנגוריה הציבורית,https://jus-tice.co.il/,0,2,0,4
עורך דין מומחה בדיני עבודה,https://jus-tice.co.il/labor-lawyer/,0,1,0,89
עורך דין מומחה לגירושין,https://jus-tice.co.il/%D7%A2%D7%95%D7%93-%D7%92%D7%99%D7%A8%D7%95%D7%A9%D7%99%D7%9F-%D7%9E%D7%95%D7%9E%D7%9C%D7%A5-%D7%9B%D7%99%D7%A6%D7%93-%D7%9C%D7%9E%D7%A6%D7%95%D7%90-%D7%A2%D7%95%D7%A8%D7%9A-%D7%93%D7%99%D7%9F-%D7%92%D7%99%D7%A8%D7%95%D7%A9%D7%99%D7%9F-%D7%95%D7%9B%D7%9E%D7%94-%D7%A2%D7%95%D7%9C%D7%94-%D7%9C%D7%94%D7%AA%D7%92%D7%A8%D7%A9/,0,55,0,75.65454545454546
עורך דין מומחה להסכם ממון,https://jus-tice.co.il/prenup-attorney/,0,46,0,28.108695652173914
עורך דין מומלץ,https://jus-tice.co.il/,0,75,0,34.026666666666664
עורך דין מומלץ לגירושין,https://jus-tice.co.il/%D7%A2%D7%95%D7%93-%D7%92%D7%99%D7%A8%D7%95%D7%A9%D7%99%D7%9F-%D7%9E%D7%95%D7%9E%D7%9C%D7%A5-%D7%9B%D7%99%D7%A6%D7%93-%D7%9C%D7%9E%D7%A6%D7%95%D7%90-%D7%A2%D7%95%D7%A8%D7%9A-%D7%93%D7%99%D7%9F-%D7%92%D7%99%D7%A8%D7%95%D7%A9%D7%99%D7%9F-%D7%95%D7%9B%D7%9E%D7%94-%D7%A2%D7%95%D7%9C%D7%94-%D7%9C%D7%94%D7%AA%D7%92%D7%A8%D7%A9/,0,60,0,66.83333333333333
עורך דין מומלץ לצו עשה נגד פייסבוק ישראל,https://jus-tice.co.il/%D7%AA%D7%90-28120-03-18-%D7%A4%D7%9C%D7%95%D7%A0%D7%99-%D7%A0-googel-llc-%D7%95%D7%90%D7%97/,0,11,0,61.27272727272727
עורך דין מומלץ לתביעות נגד פייסבוק,https://jus-tice.co.il/%D7%AA%D7%90-28120-03-18-%D7%A4%D7%9C%D7%95%D7%A0%D7%99-%D7%A0-googel-llc-%D7%95%D7%90%D7%97/,0,6,0,81.66666666666667
עורך דין מומלץ רשלנות רפואית,https://jus-tice.co.il/%D7%A2%D7%95%D7%A8%D7%9A-%D7%93%D7%99%D7%9F-%D7%A8%D7%A9%D7%9C%D7%A0%D7%95%D7%AA-%D7%A8%D7%A4%D7%95%D7%90%D7%99%D7%AA-%D7%91%D7%9C%D7%99%D7%93%D7%94-%D7%9E%D7%95%D7%9E%D7%9C%D7%A5/,0,1,0,63
עורך דין מכירת דירה,https://jus-tice.co.il/real-estate-lawyer-cost-2025/,0,298,0,70.74832214765101
עורך דין מכירת דירה מחיר,https://jus-tice.co.il/real-estate-lawyer-cost-2025/,0,171,0,22.538011695906434
עורך דין מכירת דירה עלות,https://jus-tice.co.il/real-estate-lawyer-cost-2025/,0,100,0,59.54
עורך דין מכירת מקרקעין,https://jus-tice.co.il/real-estate-lawyer-cost-2025/,0,31,0,67.45161290322581
עורך דין מכר דירה,https://jus-tice.co.il/real-estate-lawyer-cost-2025/,0,88,0,76.64772727272727
עורך דין ממוצא אתיופי,https://jus-tice.co.il/psakdin/%D7%A6%D7%95-%D7%94%D7%95%D7%A8%D7%95%D7%AA-%D7%9E%D7%9B%D7%95%D7%97-%D7%96%D7%99%D7%A7%D7%94-%D7%9C%D7%96%D7%99%D7%A7%D7%94-%D7%9C%D7%90%D7%96%D7%A8%D7%97%D7%99%D7%AA-%D7%96%D7%A8%D7%94/,0,4,0,90.5
עורך דין מס רכישה,https://jus-tice.co.il/real-estate-lawyer-cost-2025/,0,2,0,82.5
עורך דין מסמכי בניה,https://jus-tice.co.il/construction-law/,0,2,0,25
עורך דין מקסיקו,https://jus-tice.co.il/foreign-legal-opinion/,0,7,0,64.57142857142857
עורך דין מקצועי,https://jus-tice.co.il/,0,1,0,36
עורך דין מקרקעין ייעוץ חינם,https://jus-tice.co.il/,0,120,0,10.091666666666667
עורך דין מקרקעין לרכישת דירה,https://jus-tice.co.il/real-estate-lawyer-cost-2025/,0,1,0,33
עורך דין מקרקעין מחיר,https://jus-tice.co.il/real-estate-lawyer-cost-2025/,0,4,0,38
עורך דין משכנתא,https://jus-tice.co.il/real-estate-lawyer-cost-2025/,0,3,0,89.66666666666667
עורך דין משפחה הסכם ממון,https://jus-tice.co.il/prenup-attorney/,0,5,0,80.6
עורך דין משפט בינלאומי,https://jus-tice.co.il/%D7%99%D7%99%D7%A2%D7%95%D7%A5-%D7%9E%D7%A9%D7%A4%D7%98%D7%99-%D7%90%D7%90%D7%95%D7%98%D7%A1%D7%95%D7%A8%D7%A1%D7%99%D7%A0%D7%92-%D7%91%D7%99%D7%A0%D7%9C%D7%90%D7%95%D7%9E%D7%99-jus-tice-%D7%9E%D7%A9%D7%A8%D7%95%D7%AA-%D7%A2%D7%95%D7%A8%D7%9B%D7%99-%D7%93%D7%99%D7%9F/,0,6,0,60.166666666666664
עורך דין משפט בינלאומי,https://jus-tice.co.il/foreign-legal-opinion/,0,5,0,55.8
עורך דין מתחיל,https://jus-tice.co.il/,0,1,0,87
עורך דין מתמחה בתכנון ובניה,https://jus-tice.co.il/construction-law/,0,1,0,100
"עורך דין נדל""ן מחיר",https://jus-tice.co.il/real-estate-lawyer-cost-2025/,0,10,0,10.6
עורך דין נדלן,https://jus-tice.co.il/real-estate-lawyer-cost-2025/,0,1,0,1
"עורך דין נדלן ארה""ב",https://jus-tice.co.il/paul-hastings/,0,2,0,25.5
עורך דין נהיגה בשכרות חיים אליה,https://jus-tice.co.il/revocation-of-a-will-and-reviving-previous-will/,0,7,0,54
עורך דין נזיקין בקצרין,https://jus-tice.co.il/%D7%AA%D7%97%D7%95%D7%9E%D7%99-%D7%94%D7%AA%D7%9E%D7%97%D7%95%D7%AA/%D7%A2%D7%95%D7%93-%D7%A0%D7%96%D7%99%D7%A7%D7%99%D7%9F-%D7%A4%D7%A1%D7%A7%D7%99-%D7%93%D7%99%D7%9F/,0,2,0,48
עורך דין ניתוחים פלסטיים,https://jus-tice.co.il/%D7%A2%D7%95%D7%A8%D7%9A-%D7%93%D7%99%D7%9F-%D7%A8%D7%A9%D7%9C%D7%A0%D7%95%D7%AA-%D7%91%D7%A0%D7%99%D7%AA%D7%95%D7%97-%D7%A4%D7%9C%D7%A1%D7%98%D7%99-%D7%94%D7%9E%D7%9C%D7%A6%D7%95%D7%AA-%D7%A2%D7%95%D7%93-%D7%A8%D7%A9%D7%9C%D7%A0%D7%95%D7%AA-%D7%A0%D7%99%D7%AA%D7%95%D7%97-%D7%A4%D7%9C%D7%A1%D7%98%D7%99/,0,26,0,25.807692307692307
עורך דין סייבר,https://jus-tice.co.il/cybercrime-lawyer-roll/,0,42,0,71.64285714285714
עורך דין סלקום,https://jus-tice.co.il/psakdin/%D7%A4%D7%A1%D7%93-%D7%A1%D7%9C%D7%A7%D7%95%D7%9D-%D7%9E%D7%9B%D7%A8%D7%94-%D7%9E%D7%99%D7%93%D7%A2-%D7%95%D7%A0%D7%AA%D7%95%D7%A0%D7%99-%D7%90%D7%99%D7%9B%D7%95%D7%9F-%D7%A2%D7%9C-%D7%9C%D7%A7/,0,2,0,59.5
עורך דין סמים,https://jus-tice.co.il/%D7%9E%D7%A9%D7%A8%D7%93-%D7%A2%D7%95%D7%A8%D7%9B%D7%99-%D7%93%D7%99%D7%9F-%D7%A4%D7%9C%D7%99%D7%9C%D7%99-%D7%94%D7%9B%D7%99-%D7%98%D7%95%D7%91-%D7%AA%D7%9C-%D7%90%D7%91%D7%99%D7%91/,0,11,0,59.27272727272727
עורך דין סמים בתל אביב,https://jus-tice.co.il/%D7%9E%D7%A9%D7%A8%D7%93-%D7%A2%D7%95%D7%A8%D7%9B%D7%99-%D7%93%D7%99%D7%9F-%D7%A4%D7%9C%D7%99%D7%9C%D7%99-%D7%94%D7%9B%D7%99-%D7%98%D7%95%D7%91-%D7%AA%D7%9C-%D7%90%D7%91%D7%99%D7%91/,0,1,0,29
עורך דין עבירות מחשב,https://jus-tice.co.il/cybercrime-lawyer-roll/,0,93,0,71.51612903225806
עורך דין עבירות סייבר,https://jus-tice.co.il/cybercrime-lawyer-roll/,0,11,0,50.90909090909091
עורך דין עסקאות מכר,https://jus-tice.co.il/real-estate-lawyer-cost-2025/,0,69,0,60.15942028985507
עורך דין פורטוגל,https://jus-tice.co.il/legal-services-in-portugal/,0,1,0,92
עורך דין פורטוגל,https://jus-tice.co.il/morais-leitao/,0,1,0,66
עורך דין פורטוגל,https://jus-tice.co.il/perez-llorca/,0,1,0,37
עורך דין פורטוגל,https://jus-tice.co.il/sofia-galvao/,0,10,0,69
עורך דין פירוק שיתוף במקרקעין ברחובות,https://jus-tice.co.il/articles/%D7%A4%D7%99%D7%A8%D7%95%D7%A7-%D7%A9%D7%99%D7%AA%D7%95%D7%A3-%D7%91%D7%99%D7%9F-%D7%91%D7%A0%D7%99-%D7%96%D7%95%D7%92-%D7%97%D7%9C%D7%95%D7%A7%D7%AA-%D7%93%D7%99%D7%A8%D7%94-%D7%9C%D7%A4%D7%99/,0,1,0,32
עורך דין פלילי,https://jus-tice.co.il/criminal-defense-attorney-roles-and-responsibilities/,0,1,0,1
עורך דין פלילי בתל אביב,https://jus-tice.co.il/%D7%9E%D7%A9%D7%A8%D7%93-%D7%A2%D7%95%D7%A8%D7%9B%D7%99-%D7%93%D7%99%D7%9F-%D7%A4%D7%9C%D7%99%D7%9C%D7%99-%D7%94%D7%9B%D7%99-%D7%98%D7%95%D7%91-%D7%AA%D7%9C-%D7%90%D7%91%D7%99%D7%91/,0,210,0,65.86190476190477
עורך דין פלילי ייעוץ חינם,https://jus-tice.co.il/,0,1,0,51
עורך דין פלילי מומלץ בתל אביב,https://jus-tice.co.il/%D7%9E%D7%A9%D7%A8%D7%93-%D7%A2%D7%95%D7%A8%D7%9B%D7%99-%D7%93%D7%99%D7%9F-%D7%A4%D7%9C%D7%99%D7%9C%D7%99-%D7%94%D7%9B%D7%99-%D7%98%D7%95%D7%91-%D7%AA%D7%9C-%D7%90%D7%91%D7%99%D7%91/,0,21,0,43.23809523809524
עורך דין פלילי מפורסם,https://jus-tice.co.il/,0,2,0,70
עורך דין פלילי סמים,https://jus-tice.co.il/%D7%9E%D7%A9%D7%A8%D7%93-%D7%A2%D7%95%D7%A8%D7%9B%D7%99-%D7%93%D7%99%D7%9F-%D7%A4%D7%9C%D7%99%D7%9C%D7%99-%D7%94%D7%9B%D7%99-%D7%98%D7%95%D7%91-%D7%AA%D7%9C-%D7%90%D7%91%D7%99%D7%91/,0,2,0,89
עורך דין פלילי עבירות סמים,https://jus-tice.co.il/%D7%9E%D7%A9%D7%A8%D7%93-%D7%A2%D7%95%D7%A8%D7%9B%D7%99-%D7%93%D7%99%D7%9F-%D7%A4%D7%9C%D7%99%D7%9C%D7%99-%D7%94%D7%9B%D7%99-%D7%98%D7%95%D7%91-%D7%AA%D7%9C-%D7%90%D7%91%D7%99%D7%91/,0,1,0,92
עורך דין פלילי תל אביב,https://jus-tice.co.il/%D7%9E%D7%A9%D7%A8%D7%93-%D7%A2%D7%95%D7%A8%D7%9B%D7%99-%D7%93%D7%99%D7%9F-%D7%A4%D7%9C%D7%99%D7%9C%D7%99-%D7%94%D7%9B%D7%99-%D7%98%D7%95%D7%91-%D7%AA%D7%9C-%D7%90%D7%91%D7%99%D7%91/,0,14,0,79.21428571428571
עורך דין פלסטיקה,https://jus-tice.co.il/%D7%A2%D7%95%D7%A8%D7%9A-%D7%93%D7%99%D7%9F-%D7%A8%D7%A9%D7%9C%D7%A0%D7%95%D7%AA-%D7%91%D7%A0%D7%99%D7%AA%D7%95%D7%97-%D7%A4%D7%9C%D7%A1%D7%98%D7%99-%D7%94%D7%9E%D7%9C%D7%A6%D7%95%D7%AA-%D7%A2%D7%95%D7%93-%D7%A8%D7%A9%D7%9C%D7%A0%D7%95%D7%AA-%D7%A0%D7%99%D7%AA%D7%95%D7%97-%D7%A4%D7%9C%D7%A1%D7%98%D7%99/,0,45,0,25.844444444444445
עורך דין פרטי,https://jus-tice.co.il/,0,1,0,63
עורך דין צו הורות פסיקתי,https://jus-tice.co.il/psakdin/%D7%A6%D7%95-%D7%94%D7%95%D7%A8%D7%95%D7%AA-%D7%9E%D7%9B%D7%95%D7%97-%D7%96%D7%99%D7%A7%D7%94-%D7%9C%D7%96%D7%99%D7%A7%D7%94-%D7%9C%D7%90%D7%96%D7%A8%D7%97%D7%99%D7%AA-%D7%96%D7%A8%D7%94/,0,1,0,97
עורך דין צוואות בגירושין,https://jus-tice.co.il/%D7%A2%D7%95%D7%A8%D7%9A-%D7%93%D7%99%D7%9F-%D7%A6%D7%95%D7%95%D7%90%D7%95%D7%AA-%D7%95%D7%99%D7%A8%D7%95%D7%A9%D7%95%D7%AA/,0,12,0,28.833333333333332
עורך דין צרפת,https://jus-tice.co.il/cms-law-firm/,0,18,0,38.72222222222222
עורך דין קייפטאון,https://jus-tice.co.il/south-african-property-law/,0,14,0,17.714285714285715
עורך דין קניית דירה,https://jus-tice.co.il/real-estate-lawyer-cost-2025/,0,16,0,70
עורך דין קניית דירה להשקעה,https://jus-tice.co.il/real-estate-lawyer-cost-2025/,0,29,0,58.13793103448276
עורך דין קניית דירה מומלץ,https://jus-tice.co.il/real-estate-lawyer-cost-2025/,0,5,0,88.6
עורך דין קניית מגרש,https://jus-tice.co.il/real-estate-lawyer-cost-2025/,0,1,0,41
עורך דין קניית מקרקעין,https://jus-tice.co.il/real-estate-lawyer-cost-2025/,0,2,0,63.5
עורך דין קניית קרקע,https://jus-tice.co.il/real-estate-lawyer-cost-2025/,0,4,0,78.5
עורך דין רוסיה,https://jus-tice.co.il/cms-law-firm/,0,7,0,44.857142857142854
עורך דין רישוי עסקים,https://jus-tice.co.il/%D7%A2%D7%95%D7%A8%D7%9A-%D7%93%D7%99%D7%9F-%D7%A8%D7%99%D7%A9%D7%95%D7%99-%D7%A2%D7%A1%D7%A7%D7%99%D7%9D/,0,69,0,22.26086956521739
עורך דין רישוי עסקים בתל אביב,https://jus-tice.co.il/%D7%A2%D7%95%D7%A8%D7%9A-%D7%93%D7%99%D7%9F-%D7%A8%D7%99%D7%A9%D7%95%D7%99-%D7%A2%D7%A1%D7%A7%D7%99%D7%9D/,0,1,0,26
עורך דין רכישת דירה,https://jus-tice.co.il/real-estate-lawyer-cost-2025/,0,12,0,40.666666666666664
עורך דין רכישת דירה מחיר,https://jus-tice.co.il/real-estate-lawyer-cost-2025/,0,4,0,39.5
עורך דין רשלנות בלידה,https://jus-tice.co.il/%D7%A2%D7%95%D7%A8%D7%9A-%D7%93%D7%99%D7%9F-%D7%A8%D7%A9%D7%9C%D7%A0%D7%95%D7%AA-%D7%A8%D7%A4%D7%95%D7%90%D7%99%D7%AA-%D7%91%D7%9C%D7%99%D7%93%D7%94-%D7%9E%D7%95%D7%9E%D7%9C%D7%A5/,0,43,0,58.883720930232556
עורך דין רשלנות רפואית בהיריון,https://jus-tice.co.il/%D7%A2%D7%95%D7%A8%D7%9A-%D7%93%D7%99%D7%9F-%D7%A8%D7%A9%D7%9C%D7%A0%D7%95%D7%AA-%D7%A8%D7%A4%D7%95%D7%90%D7%99%D7%AA-%D7%91%D7%9C%D7%99%D7%93%D7%94-%D7%9E%D7%95%D7%9E%D7%9C%D7%A5/,0,5,0,46.4
עורך דין רשלנות רפואית בהריון,https://jus-tice.co.il/%D7%A2%D7%95%D7%A8%D7%9A-%D7%93%D7%99%D7%9F-%D7%A8%D7%A9%D7%9C%D7%A0%D7%95%D7%AA-%D7%A8%D7%A4%D7%95%D7%90%D7%99%D7%AA-%D7%91%D7%9C%D7%99%D7%93%D7%94-%D7%9E%D7%95%D7%9E%D7%9C%D7%A5/,0,388,0,65.87628865979381
עורך דין רשלנות רפואית בלידה,https://jus-tice.co.il/%D7%A2%D7%95%D7%A8%D7%9A-%D7%93%D7%99%D7%9F-%D7%A8%D7%A9%D7%9C%D7%A0%D7%95%D7%AA-%D7%A8%D7%A4%D7%95%D7%90%D7%99%D7%AA-%D7%91%D7%9C%D7%99%D7%93%D7%94-%D7%9E%D7%95%D7%9E%D7%9C%D7%A5/,0,570,0,39.75438596491228
עורך דין רשלנות רפואית במרכז,https://jus-tice.co.il/%D7%A2%D7%95%D7%A8%D7%9A-%D7%93%D7%99%D7%9F-%D7%A8%D7%A9%D7%9C%D7%A0%D7%95%D7%AA-%D7%A8%D7%A4%D7%95%D7%90%D7%99%D7%AA-%D7%91%D7%9C%D7%99%D7%93%D7%94-%D7%9E%D7%95%D7%9E%D7%9C%D7%A5/,0,1,0,97
עורך דין רשלנות רפואית ניתוח קיסרי,https://jus-tice.co.il/%D7%A2%D7%95%D7%A8%D7%9A-%D7%93%D7%99%D7%9F-%D7%A8%D7%A9%D7%9C%D7%A0%D7%95%D7%AA-%D7%A8%D7%A4%D7%95%D7%90%D7%99%D7%AA-%D7%91%D7%9C%D7%99%D7%93%D7%94-%D7%9E%D7%95%D7%9E%D7%9C%D7%A5/,0,150,0,66.54
עורך דין שוויץ,https://jus-tice.co.il/cms-law-firm/,0,26,0,21.96153846153846
עורך דין של חברת סלקום,https://jus-tice.co.il/psakdin/%D7%A4%D7%A1%D7%93-%D7%A1%D7%9C%D7%A7%D7%95%D7%9D-%D7%9E%D7%9B%D7%A8%D7%94-%D7%9E%D7%99%D7%93%D7%A2-%D7%95%D7%A0%D7%AA%D7%95%D7%A0%D7%99-%D7%90%D7%99%D7%9B%D7%95%D7%9F-%D7%A2%D7%9C-%D7%9C%D7%A7/,0,2,0,11.5
עורך דין תאונות דרכים קטלניות,https://jus-tice.co.il/car-accident-auto-injury-lawyer/,0,1,0,85
עורך דין תאונות קטלניות,https://jus-tice.co.il/car-accident-auto-injury-lawyer/,0,3,0,67
עורך דין תאונת דרכים קטלנית,https://jus-tice.co.il/car-accident-auto-injury-lawyer/,0,47,0,50.659574468085104
עורך דין תביעה נגד חברות תעופה,https://jus-tice.co.il/%D7%AA%D7%A7-25449-12-20-%D7%A4%D7%9C%D7%95%D7%A0%D7%99%D7%AA-%D7%95%D7%90%D7%97-%D7%A0-%D7%99%D7%95%D7%A0%D7%99%D7%99%D7%98%D7%93-%D7%90%D7%99%D7%A8%D7%9C%D7%99%D7%99%D7%A0%D7%A1-%D7%90%D7%99%D7%A0%D7%A7/,0,2,0,19
עורך דין תביעה נגד חברות תעופה,https://jus-tice.co.il/compensation-flight-delayed/,0,3,0,52
עורך דין תביעות ייצוגיות,https://jus-tice.co.il/%D7%A7%D7%98%D7%92%D7%95%D7%A8%D7%99%D7%95%D7%AA-%D7%9E%D7%90%D7%9E%D7%A8%D7%99%D7%9D/%D7%AA%D7%95%D7%91%D7%A2%D7%A0%D7%95%D7%AA-%D7%99%D7%99%D7%A6%D7%95%D7%92%D7%99%D7%95%D7%AA/,0,3,0,77.66666666666667
עורך דין תביעות נזיקין,https://jus-tice.co.il/%D7%A2%D7%95%D7%A8%D7%9B%D7%99-%D7%93%D7%99%D7%9F/%D7%A2%D7%95%D7%A8%D7%9B%D7%99-%D7%93%D7%99%D7%9F-%D7%91%D7%AA%D7%97%D7%95%D7%9D-%D7%94%D7%A0%D7%96%D7%99%D7%A7%D7%99%D7%9F/,0,17,0,71.52941176470588
עורך דין תובענות ייצוגיות,https://jus-tice.co.il/%D7%A7%D7%98%D7%92%D7%95%D7%A8%D7%99%D7%95%D7%AA-%D7%9E%D7%90%D7%9E%D7%A8%D7%99%D7%9D/%D7%AA%D7%95%D7%91%D7%A2%D7%A0%D7%95%D7%AA-%D7%99%D7%99%D7%A6%D7%95%D7%92%D7%99%D7%95%D7%AA/,0,3,0,79.33333333333333
עורך דין תותח לגירושין,https://jus-tice.co.il/%D7%A2%D7%95%D7%93-%D7%92%D7%99%D7%A8%D7%95%D7%A9%D7%99%D7%9F-%D7%9E%D7%95%D7%9E%D7%9C%D7%A5-%D7%9B%D7%99%D7%A6%D7%93-%D7%9C%D7%9E%D7%A6%D7%95%D7%90-%D7%A2%D7%95%D7%A8%D7%9A-%D7%93%D7%99%D7%9F-%D7%92%D7%99%D7%A8%D7%95%D7%A9%D7%99%D7%9F-%D7%95%D7%9B%D7%9E%D7%94-%D7%A2%D7%95%D7%9C%D7%94-%D7%9C%D7%94%D7%AA%D7%92%D7%A8%D7%A9/,0,97,0,72
עורך דין תכנון ובניה,https://jus-tice.co.il/construction-law/,0,98,0,78.14285714285714
עורך דין תכנון ובנייה,https://jus-tice.co.il/construction-law/,0,23,0,75.08695652173913
עורך דין תעבורה בחולון,https://jus-tice.co.il/%D7%A4%D7%A1%D7%A7-%D7%93%D7%99%D7%9F-%D7%AA%D7%A2%D7%91%D7%95%D7%A8%D7%94-%D7%A2%D7%99%D7%9F-%D7%94%D7%A0%D7%A5-%D7%A7%D7%91%D7%99%D7%9C%D7%95%D7%AA-%D7%95%D7%97%D7%95%D7%A7%D7%99%D7%95%D7%AA-%D7%A8%D7%90%D7%99%D7%95%D7%AA-%D7%A9%D7%94%D7%95%D7%A0%D7%A4%D7%A7%D7%95-%D7%9E%D7%94%D7%9E%D7%A2%D7%A8%D7%9B%D7%AA/,0,2,0,70.5
עורך דין תעבורה חינם,https://jus-tice.co.il/,0,1,0,36
עורך דין תעבורה ייעוץ חינם,https://jus-tice.co.il/,0,9,0,35
עורך דין תעופה,https://jus-tice.co.il/compensation-flight-delayed/,0,9,0,61.77777777777778
עורך הדין,https://jus-tice.co.il/,0,1,0,84
עורך+דין+גירושין,https://jus-tice.co.il/%D7%A2%D7%95%D7%93-%D7%92%D7%99%D7%A8%D7%95%D7%A9%D7%99%D7%9F-%D7%9E%D7%95%D7%9E%D7%9C%D7%A5-%D7%9B%D7%99%D7%A6%D7%93-%D7%9C%D7%9E%D7%A6%D7%95%D7%90-%D7%A2%D7%95%D7%A8%D7%9A-%D7%93%D7%99%D7%9F-%D7%92%D7%99%D7%A8%D7%95%D7%A9%D7%99%D7%9F-%D7%95%D7%9B%D7%9E%D7%94-%D7%A2%D7%95%D7%9C%D7%94-%D7%9C%D7%94%D7%AA%D7%92%D7%A8%D7%A9/,0,6,0,55.333333333333336
עורך+דין+חוות+דעת,https://jus-tice.co.il/,0,1,0,28
עורך+דין+חוות+דעת,https://jus-tice.co.il/foreign-legal-opinion/,0,1,0,97
עורך+דין+מומלץ,https://jus-tice.co.il/,0,1,0,100
עורך+דין+סייבר,https://jus-tice.co.il/cybercrime-lawyer-roll/,0,5,0,72.8
עורך+דין+רשלנות+רפואית+בהריון,https://jus-tice.co.il/%D7%A2%D7%95%D7%A8%D7%9A-%D7%93%D7%99%D7%9F-%D7%A8%D7%A9%D7%9C%D7%A0%D7%95%D7%AA-%D7%A8%D7%A4%D7%95%D7%90%D7%99%D7%AA-%D7%91%D7%9C%D7%99%D7%93%D7%94-%D7%9E%D7%95%D7%9E%D7%9C%D7%A5/,0,7,0,75.14285714285714
עורך+דין+רשלנות+רפואית+בלידה,https://jus-tice.co.il/%D7%A2%D7%95%D7%A8%D7%9A-%D7%93%D7%99%D7%9F-%D7%A8%D7%A9%D7%9C%D7%A0%D7%95%D7%AA-%D7%A8%D7%A4%D7%95%D7%90%D7%99%D7%AA-%D7%91%D7%9C%D7%99%D7%93%D7%94-%D7%9E%D7%95%D7%9E%D7%9C%D7%A5/,0,7,0,37.142857142857146
עורכות דין,https://jus-tice.co.il/,0,4,0,56.75
עורכי,https://jus-tice.co.il/,0,1,0,27
עורכי דין,https://jus-tice.co.il/,0,77,0,22.98701298701299
עורכי דין אינטרנט,https://jus-tice.co.il/%D7%A0%D7%99%D7%94%D7%95%D7%9C-%D7%9E%D7%95%D7%A0%D7%99%D7%98%D7%99%D7%9F-%D7%9E%D7%A7%D7%95%D7%95%D7%9F-%D7%9C%D7%A2%D7%95%D7%A8%D7%9B%D7%99-%D7%93%D7%99%D7%9F-%D7%91%D7%A8%D7%A9%D7%AA-%D7%94%D7%90%D7%99%D7%A0%D7%98%D7%A8%D7%A0%D7%98/,0,49,0,85.16326530612245
עורכי דין בירושלים בחינם,https://jus-tice.co.il/,0,1,0,32
עורכי דין במרכז,https://jus-tice.co.il/,0,2,0,46.5
עורכי דין בתל אביב,https://jus-tice.co.il/,0,1,0,82
עורכי דין בתל אביב,https://jus-tice.co.il/tel-aviv-city-best-lawyers/,0,44,0,80.54545454545455
עורכי דין הסכם ממון,https://jus-tice.co.il/prenup-attorney/,0,150,0,61.973333333333336
עורכי דין הסכמי ממון,https://jus-tice.co.il/prenup-attorney/,0,35,0,66.02857142857142
עורכי דין ייפוי כוח מתמשך,https://jus-tice.co.il/continuous-power-of-attorney-israel/,0,81,0,60.123456790123456
עורכי דין ישראל,https://jus-tice.co.il/,0,1,0,57
עורכי דין להסכם ממון,https://jus-tice.co.il/prenup-attorney/,0,1,0,91
עורכי דין ללא תשלום,https://jus-tice.co.il/,0,2,0,50.5
עורכי דין לענייני עבודה בחינם,https://jus-tice.co.il/,0,1,0,20
עורכי דין לפי התמחות,https://jus-tice.co.il/,0,22,0,10.818181818181818
עורכי דין מובילים בתחום הנזיקין,https://jus-tice.co.il/%D7%A2%D7%95%D7%A8%D7%9B%D7%99-%D7%93%D7%99%D7%9F/%D7%A2%D7%95%D7%A8%D7%9B%D7%99-%D7%93%D7%99%D7%9F-%D7%91%D7%AA%D7%97%D7%95%D7%9D-%D7%94%D7%A0%D7%96%D7%99%D7%A7%D7%99%D7%9F/,0,4,0,35.25
עורכי דין מומלצים בגדרה,https://jus-tice.co.il/,0,1,0,73
עורכי דין מומלצים בפריסה ארצית,https://jus-tice.co.il/%D7%98%D7%99%D7%A4%D7%99%D7%9D-%D7%9C%D7%A2%D7%95%D7%93-%D7%9B%D7%99%D7%A6%D7%93-%D7%9C%D7%94%D7%9B%D7%A0%D7%A1-%D7%9C%D7%9E%D7%93%D7%A8%D7%99%D7%9B%D7%99%D7%9D-%D7%93%D7%99%D7%A8%D7%95%D7%92-%D7%A2%D7%95%D7%A8%D7%9B%D7%99-%D7%94%D7%93%D7%99%D7%9F-%D7%94%D7%9E%D7%95%D7%91%D7%99%D7%9C%D7%99%D7%9D-%D7%91%D7%A2%D7%A2%D7%95%D7%9C%D7%9D/,0,1,0,22
עורכי דין מומלצים בתל אביב,https://jus-tice.co.il/,0,2,0,79
עורכי דין מומלצים לגירושין,https://jus-tice.co.il/%D7%A2%D7%95%D7%93-%D7%92%D7%99%D7%A8%D7%95%D7%A9%D7%99%D7%9F-%D7%9E%D7%95%D7%9E%D7%9C%D7%A5-%D7%9B%D7%99%D7%A6%D7%93-%D7%9C%D7%9E%D7%A6%D7%95%D7%90-%D7%A2%D7%95%D7%A8%D7%9A-%D7%93%D7%99%D7%9F-%D7%92%D7%99%D7%A8%D7%95%D7%A9%D7%99%D7%9F-%D7%95%D7%9B%D7%9E%D7%94-%D7%A2%D7%95%D7%9C%D7%94-%D7%9C%D7%94%D7%AA%D7%92%D7%A8%D7%A9/,0,2,0,84.5
עורכי דין מכירת דירה,https://jus-tice.co.il/real-estate-lawyer-cost-2025/,0,34,0,71.32352941176471
עורכי דין מעמד אישי,https://jus-tice.co.il/,0,1,0,41
עורכי דין מקרקעין באשדוד,https://jus-tice.co.il/,0,1,0,77
עורכי דין משפט פלילי,https://jus-tice.co.il/%D7%9E%D7%A9%D7%A8%D7%93-%D7%A2%D7%95%D7%A8%D7%9B%D7%99-%D7%93%D7%99%D7%9F-%D7%A4%D7%9C%D7%99%D7%9C%D7%99-%D7%94%D7%9B%D7%99-%D7%98%D7%95%D7%91-%D7%AA%D7%9C-%D7%90%D7%91%D7%99%D7%91/,0,1,0,66
עורכי דין נזיקין הטובים ביותר,https://jus-tice.co.il/,0,2,0,64.5
עורכי דין סייבר,https://jus-tice.co.il/cybercrime-lawyer-roll/,0,1,0,68
עורכי דין עבירות מחשב,https://jus-tice.co.il/cybercrime-lawyer-roll/,0,4,0,76.5
עורכי דין פלילי תל אביב,https://jus-tice.co.il/%D7%9E%D7%A9%D7%A8%D7%93-%D7%A2%D7%95%D7%A8%D7%9B%D7%99-%D7%93%D7%99%D7%9F-%D7%A4%D7%9C%D7%99%D7%9C%D7%99-%D7%94%D7%9B%D7%99-%D7%98%D7%95%D7%91-%D7%AA%D7%9C-%D7%90%D7%91%D7%99%D7%91/,0,1,0,42
עורכי דין פליליים הטובים ביותר,https://jus-tice.co.il/%D7%9E%D7%A9%D7%A8%D7%93-%D7%A2%D7%95%D7%A8%D7%9B%D7%99-%D7%93%D7%99%D7%9F-%D7%A4%D7%9C%D7%99%D7%9C%D7%99-%D7%94%D7%9B%D7%99-%D7%98%D7%95%D7%91-%D7%AA%D7%9C-%D7%90%D7%91%D7%99%D7%91/,0,2,0,60.5
עורכי דין פליליים הכי טובים בארץ,https://jus-tice.co.il/,0,1,0,45
עורכי דין פליליים מובילים,https://jus-tice.co.il/,0,3,0,113
עורכי דין פליליים תל אביב,https://jus-tice.co.il/%D7%9E%D7%A9%D7%A8%D7%93-%D7%A2%D7%95%D7%A8%D7%9B%D7%99-%D7%93%D7%99%D7%9F-%D7%A4%D7%9C%D7%99%D7%9C%D7%99-%D7%94%D7%9B%D7%99-%D7%98%D7%95%D7%91-%D7%AA%D7%9C-%D7%90%D7%91%D7%99%D7%91/,0,5,0,53.6
עורכי דין קניין רוחני,https://jus-tice.co.il/%D7%A7%D7%98%D7%92%D7%95%D7%A8%D7%99%D7%95%D7%AA-%D7%9E%D7%90%D7%9E%D7%A8%D7%99%D7%9D/%D7%A7%D7%A0%D7%99%D7%99%D7%9F-%D7%A8%D7%95%D7%97%D7%A0%D7%99/,0,5,0,79.4
עורכי דין קניית דירה,https://jus-tice.co.il/real-estate-lawyer-cost-2025/,0,2,0,64.5
עורכי דין קפריסין,https://jus-tice.co.il/wp-content/uploads/2023/03/%D7%A7%D7%A4%D7%A8%D7%99%D7%A1%D7%99%D7%9F-%D7%9E%D7%A9%D7%A8%D7%93%D7%99-%D7%A2%D7%95%D7%A8%D7%9B%D7%99-%D7%93%D7%99%D7%9F-%D7%A8%D7%A9%D7%99%D7%9E%D7%94.pdf,0,1,0,100
עורכי דין רשימה,https://jus-tice.co.il/,0,2,0,9
עורכי דין תביעות נגד חברות תעופה,https://jus-tice.co.il/compensation-flight-delayed/,0,7,0,71
עורכי דין תביעות נגד חברות תעופה,https://jus-tice.co.il/small_claims/%D7%9B%D7%A8%D7%98%D7%99%D7%A1%D7%99-%D7%98%D7%99%D7%A1%D7%94-%D7%97%D7%91%D7%A8%D7%AA-%D7%AA%D7%A2%D7%95%D7%A4%D7%94-%D7%A4%D7%A9%D7%98%D7%94-%D7%90%D7%AA-%D7%94%D7%A8%D7%92%D7%9C-%D7%A1%D7%95%D7%9B/,0,1,0,83
עורכי דין תכנון ובניה,https://jus-tice.co.il/construction-law/,0,29,0,46.758620689655174
עורכי הדין,https://jus-tice.co.il/,0,1,0,41
עורכי הדין הטובים בישראל,https://jus-tice.co.il/,0,2,0,50.5
עורכת דין,https://jus-tice.co.il/,0,145,0,52.3448275862069
עורכת דין בתל אביב,https://jus-tice.co.il/tel-aviv-city-best-lawyers/,0,1,0,96
עורכת דין גירושין,https://jus-tice.co.il/%D7%A2%D7%95%D7%93-%D7%92%D7%99%D7%A8%D7%95%D7%A9%D7%99%D7%9F-%D7%9E%D7%95%D7%9E%D7%9C%D7%A5-%D7%9B%D7%99%D7%A6%D7%93-%D7%9C%D7%9E%D7%A6%D7%95%D7%90-%D7%A2%D7%95%D7%A8%D7%9A-%D7%93%D7%99%D7%9F-%D7%92%D7%99%D7%A8%D7%95%D7%A9%D7%99%D7%9F-%D7%95%D7%9B%D7%9E%D7%94-%D7%A2%D7%95%D7%9C%D7%94-%D7%9C%D7%94%D7%AA%D7%92%D7%A8%D7%A9/,0,5,0,56.6
עורכת דין לגירושין,https://jus-tice.co.il/%D7%A2%D7%95%D7%93-%D7%92%D7%99%D7%A8%D7%95%D7%A9%D7%99%D7%9F-%D7%9E%D7%95%D7%9E%D7%9C%D7%A5-%D7%9B%D7%99%D7%A6%D7%93-%D7%9C%D7%9E%D7%A6%D7%95%D7%90-%D7%A2%D7%95%D7%A8%D7%9A-%D7%93%D7%99%D7%9F-%D7%92%D7%99%D7%A8%D7%95%D7%A9%D7%99%D7%9F-%D7%95%D7%9B%D7%9E%D7%94-%D7%A2%D7%95%D7%9C%D7%94-%D7%9C%D7%94%D7%AA%D7%92%D7%A8%D7%A9/,0,49,0,71.95918367346938
עורכת דין מאיה רוטנברג,https://jus-tice.co.il/%D7%A2%D7%95%D7%93-%D7%92%D7%99%D7%A8%D7%95%D7%A9%D7%99%D7%9F-%D7%9E%D7%95%D7%9E%D7%9C%D7%A5-%D7%9B%D7%99%D7%A6%D7%93-%D7%9C%D7%9E%D7%A6%D7%95%D7%90-%D7%A2%D7%95%D7%A8%D7%9A-%D7%93%D7%99%D7%9F-%D7%92%D7%99%D7%A8%D7%95%D7%A9%D7%99%D7%9F-%D7%95%D7%9B%D7%9E%D7%94-%D7%A2%D7%95%D7%9C%D7%94-%D7%9C%D7%94%D7%AA%D7%92%D7%A8%D7%A9/,0,1,0,28
עורכת דין מאיה רוטנברג,https://jus-tice.co.il/%D7%AA%D7%97%D7%95%D7%9E%D7%99-%D7%94%D7%AA%D7%9E%D7%97%D7%95%D7%AA/%D7%93%D7%99%D7%A0%D7%99-%D7%9E%D7%A9%D7%A4%D7%97%D7%94/%D7%92%D7%99%D7%A8%D7%95%D7%A9%D7%99%D7%9F/,0,1,0,52
עושר האומות,https://jus-tice.co.il/property-investment-calculator/,0,1,0,94
עו״ד גירושין,https://jus-tice.co.il/%D7%A2%D7%95%D7%93-%D7%92%D7%99%D7%A8%D7%95%D7%A9%D7%99%D7%9F-%D7%9E%D7%95%D7%9E%D7%9C%D7%A5-%D7%9B%D7%99%D7%A6%D7%93-%D7%9C%D7%9E%D7%A6%D7%95%D7%90-%D7%A2%D7%95%D7%A8%D7%9A-%D7%93%D7%99%D7%9F-%D7%92%D7%99%D7%A8%D7%95%D7%A9%D7%99%D7%9F-%D7%95%D7%9B%D7%9E%D7%94-%D7%A2%D7%95%D7%9C%D7%94-%D7%9C%D7%94%D7%AA%D7%92%D7%A8%D7%A9/,0,2,0,61
עזרה בניסוח כתב תביעה למזונות אישה וילדים,https://jus-tice.co.il/psakdin/%D7%AA%D7%91%D7%99%D7%A2%D7%94-%D7%9C%D7%9E%D7%96%D7%95%D7%A0%D7%95%D7%AA-%D7%90%D7%99%D7%A9%D7%94-%D7%95%D7%A7%D7%98%D7%99%D7%A0%D7%95%D7%AA/,0,4,0,71
עידו דרויאן גמליאל,https://jus-tice.co.il/%D7%AA%D7%97%D7%95%D7%9E%D7%99-%D7%94%D7%AA%D7%9E%D7%97%D7%95%D7%AA/%D7%9E%D7%A9%D7%A4%D7%98-%D7%A4%D7%9C%D7%99%D7%9C%D7%99/%D7%A2%D7%95%D7%A8%D7%9A-%D7%93%D7%99%D7%9F-%D7%A4%D7%9C%D7%99%D7%9C%D7%99-%D7%A4%D7%A1%D7%A7%D7%99-%D7%93%D7%99%D7%9F-2022/,0,1,0,29
עידו רוזין,https://jus-tice.co.il/court-judge/,0,1,0,45
עידית בן דב ג'וליאן,https://jus-tice.co.il/21213-04-18/,0,1,0,45
עילות גירושין במשפט העברי,https://jus-tice.co.il/%D7%91%D7%92%D7%99%D7%93%D7%94/,0,1,0,62
על איזה סוג רכב נאסר לעקוף רכב עוקף,https://jus-tice.co.il/wp-content/uploads/2020/01/hana_v9.32.88s.pdf,0,1,0,19
עלויות נוספות בזמן מכירת נכס,https://jus-tice.co.il/real-estate-lawyer-cost-2025/,0,30,0,53.96666666666667
עלות גירושין,https://jus-tice.co.il/how-much-does-a-divorce-agreement-cost/,0,29,0,70.65517241379311
עלות גירושין בהסכמה,https://jus-tice.co.il/how-much-does-a-divorce-agreement-cost/,0,51,0,72.58823529411765
עלות גישור גירושין,https://jus-tice.co.il/divorce-mediation-cons-pros/,0,1,0,39
עלות גישור גירושין,https://jus-tice.co.il/how-much-does-a-divorce-agreement-cost/,0,2,0,60
עלות הכנת חוזה שכירות אצל עורך דין,https://jus-tice.co.il/real-estate-lawyer-cost-2025/,0,2,0,56.5
עלות הסכם גירושין,https://jus-tice.co.il/how-much-does-a-divorce-agreement-cost/,0,9,0,13.555555555555555
עלות חוזה מכירת דירה,https://jus-tice.co.il/real-estate-lawyer-cost-2025/,0,1,0,47
עלות ייפוי כוח מתמשך לשכת עורכי הדין,https://jus-tice.co.il/continuous-power-of-attorney-israel/,0,1,0,49
עלות מצבה משיש,https://jus-tice.co.il/small_claims/%D7%9B%D7%A8%D7%98%D7%99%D7%A1%D7%99-%D7%98%D7%99%D7%A1%D7%94-%D7%97%D7%91%D7%A8%D7%AA-%D7%AA%D7%A2%D7%95%D7%A4%D7%94-%D7%A4%D7%A9%D7%98%D7%94-%D7%90%D7%AA-%D7%94%D7%A8%D7%92%D7%9C-%D7%A1%D7%95%D7%9B/,0,1,0,61
עלות עו ד ברכישת דירה,https://jus-tice.co.il/real-estate-lawyer-cost-2025/,0,2,0,51.5
"עלות עו""ד גירושין",https://jus-tice.co.il/%D7%A2%D7%95%D7%93-%D7%92%D7%99%D7%A8%D7%95%D7%A9%D7%99%D7%9F-%D7%9E%D7%95%D7%9E%D7%9C%D7%A5-%D7%9B%D7%99%D7%A6%D7%93-%D7%9C%D7%9E%D7%A6%D7%95%D7%90-%D7%A2%D7%95%D7%A8%D7%9A-%D7%93%D7%99%D7%9F-%D7%92%D7%99%D7%A8%D7%95%D7%A9%D7%99%D7%9F-%D7%95%D7%9B%D7%9E%D7%94-%D7%A2%D7%95%D7%9C%D7%94-%D7%9C%D7%94%D7%AA%D7%92%D7%A8%D7%A9/,0,15,0,80.73333333333333
"עלות עו""ד גירושין",https://jus-tice.co.il/how-much-does-a-divorce-agreement-cost/,0,51,0,83.31372549019608
"עלות עו""ד גירושין",https://jus-tice.co.il/strategic-divorce-cost-planning/,0,10,0,42
עלות עוד לרכישת דירה,https://jus-tice.co.il/real-estate-lawyer-cost-2025/,0,4,0,53.75
עלות עורך דין ברכישת דירה,https://jus-tice.co.il/real-estate-lawyer-cost-2025/,0,4,0,59.5
עלות עורך דין גירושין,https://jus-tice.co.il/%D7%A2%D7%95%D7%93-%D7%92%D7%99%D7%A8%D7%95%D7%A9%D7%99%D7%9F-%D7%9E%D7%95%D7%9E%D7%9C%D7%A5-%D7%9B%D7%99%D7%A6%D7%93-%D7%9C%D7%9E%D7%A6%D7%95%D7%90-%D7%A2%D7%95%D7%A8%D7%9A-%D7%93%D7%99%D7%9F-%D7%92%D7%99%D7%A8%D7%95%D7%A9%D7%99%D7%9F-%D7%95%D7%9B%D7%9E%D7%94-%D7%A2%D7%95%D7%9C%D7%94-%D7%9C%D7%94%D7%AA%D7%92%D7%A8%D7%A9/,0,112,0,75.70535714285714
עלות עורך דין לרכישת דירה,https://jus-tice.co.il/real-estate-lawyer-cost-2025/,0,1,0,94
עלות עורך דין מכירת דירה,https://jus-tice.co.il/real-estate-lawyer-cost-2025/,0,1,0,97
עלות עורך דין קניית דירה,https://jus-tice.co.il/real-estate-lawyer-cost-2025/,0,126,0,76.9920634920635
עלות עורך דין קניית דירה מקבלן,https://jus-tice.co.il/real-estate-lawyer-cost-2025/,0,63,0,81.9047619047619
עלות רישום הערת אזהרה בטאבו,https://jus-tice.co.il/real-estate-lawyer-cost-2025/,0,21,0,44.857142857142854
עמדת סגל רשות ניירות ערך,https://jus-tice.co.il/wp-content/uploads/2022/06/06102016_1.pdf,0,1,0,70
עמותות לאימוץ ילדים,https://jus-tice.co.il/psakdin/%D7%90%D7%99%D7%9E%D7%95%D7%A5-%D7%99%D7%9C%D7%93-%D7%9E%D7%90%D7%95%D7%A7%D7%A8%D7%90%D7%99%D7%A0%D7%94-%D7%AA%D7%91%D7%99%D7%A2%D7%AA-%D7%A0%D7%96%D7%99%D7%A7%D7%99%D7%9F-%D7%91%D7%92%D7%99%D7%9F/,0,1,0,56
עמלת עורך דין מכירת דירה,https://jus-tice.co.il/real-estate-lawyer-cost-2025/,0,1,0,60
ענייני עבודה,https://jus-tice.co.il/israeli-labor-law/,0,1,0,100
ענישה בתאונות דרכים,https://jus-tice.co.il/car-accident-auto-injury-lawyer/,0,2,0,55.5
ענת דודי,https://jus-tice.co.il/wp-content/uploads/2022/06/06102016_1.pdf,0,1,0,94
עסקאות מס שבח,https://jus-tice.co.il/land-appreciation-tax/,0,25,0,22.84
עסקים בפורטוגל,https://jus-tice.co.il/portugal-overview-real-estate/,0,1,0,83
עפרה גיא,https://jus-tice.co.il/decision30452-07-20/,0,1,0,65
עצב קרניאלי 12,https://jus-tice.co.il/research-report-n156-persistent-symptoms/,0,1,0,51
עצות חכמות למתגרשים,https://jus-tice.co.il/strategic-divorce-cost-planning/,0,11,0,88.45454545454545
עקרון השיוריות,https://jus-tice.co.il/articles/%D7%94%D7%A2%D7%A8%D7%95%D7%AA-%D7%94%D7%A1%D7%A0%D7%99%D7%92%D7%95%D7%A8%D7%99%D7%94-%D7%94%D7%A6%D7%99%D7%91%D7%95%D7%A8%D7%99%D7%AA-%D7%9C%D7%AA%D7%96%D7%9B%D7%99%D7%A8-%D7%97%D7%95%D7%A7-%D7%99/,0,2,0,27.5
ערו,https://jus-tice.co.il/wp-content/uploads/2020/10/%D7%AA%D7%A7%D7%A6%D7%99%D7%A8-7023-19.pdf,0,2,0,70
עריכה והפקדה ייפוי כוח מתמשך,https://jus-tice.co.il/continuous-power-of-attorney-israel/,0,1,0,89
עריכה והפקדה של ייפוי כוח מתמשך,https://jus-tice.co.il/continuous-power-of-attorney-israel/,0,5,0,90
עריכת הסכם ממון,https://jus-tice.co.il/prenuptial-agreements-overview/,0,165,0,65.55757575757576
עריכת חוזה שכירות,https://jus-tice.co.il/rental-agreement/,0,4,0,72
עריכת ייפוי כוח מתמשך,https://jus-tice.co.il/continuous-power-of-attorney-israel/,0,182,0,72.82417582417582
עריכת ייפוי כוח מתמשך והפקדתו,https://jus-tice.co.il/continuous-power-of-attorney-israel/,0,2,0,39
עריכת ייפוי כוח מתמשך עד הבית,https://jus-tice.co.il/continuous-power-of-attorney-israel/,0,3,0,67.33333333333333
עריכת ייפוי כח מתמשך,https://jus-tice.co.il/continuous-power-of-attorney-israel/,0,4,0,40.5
עריכת יפוי כוח מתמשך,https://jus-tice.co.il/continuous-power-of-attorney-israel/,0,4,0,76.25
עריכת יפוי כח מתמשך,https://jus-tice.co.il/continuous-power-of-attorney-israel/,0,4,0,34.5
ערך דין,https://jus-tice.co.il/,0,1,0,74
ערכאה משפטית,https://jus-tice.co.il/articles/%D7%9E%D7%94%D7%95-%D7%91%D7%99%D7%AA-%D7%9E%D7%A9%D7%A4%D7%98/,0,2,0,17
ערכאה משפטית,https://jus-tice.co.il/the-race-for-jurisdiction-family-law/,0,2,0,24.5
ערכאה ראשונה,https://jus-tice.co.il/articles/%D7%9E%D7%94%D7%95-%D7%91%D7%99%D7%AA-%D7%9E%D7%A9%D7%A4%D7%98/,0,1,0,1
ערכה מוכנה למכירה,https://jus-tice.co.il/psakdin/%D7%94%D7%AA%D7%A0%D7%92%D7%93%D7%95%D7%AA-%D7%9C%D7%A6%D7%95%D7%95%D7%90%D7%94-%D7%91%D7%A9%D7%9C-%D7%94%D7%A9%D7%A4%D7%A2%D7%94-%D7%91%D7%9C%D7%AA%D7%99-%D7%94%D7%95%D7%92%D7%A0%D7%AA/,0,1,0,27
ערן מרינברג,https://jus-tice.co.il/wp-content/uploads/2020/03/%D7%91%D7%92%D7%A5-214520..pdf,0,1,0,98
ערן קוטון,https://jus-tice.co.il/%D7%AA%D7%97%D7%95%D7%9E%D7%99-%D7%94%D7%AA%D7%9E%D7%97%D7%95%D7%AA/%D7%9E%D7%A9%D7%A4%D7%98-%D7%A4%D7%9C%D7%99%D7%9C%D7%99/,0,2,0,46.5
ערעור על גובה המזונות,https://jus-tice.co.il/%D7%A7%D7%91%D7%99%D7%A2%D7%AA-%D7%92%D7%95%D7%91%D7%94-%D7%94%D7%9E%D7%96%D7%95%D7%A0%D7%95%D7%AA-%D7%91%D7%94%D7%AA%D7%90%D7%9D-%D7%9C%D7%9B%D7%95%D7%A9%D7%A8-%D7%94%D7%94%D7%A9%D7%AA%D7%9B%D7%A8%D7%95%D7%AA-%D7%95%D7%9C%D7%90-%D7%A8%D7%A7-%D7%9C%D7%92%D7%95%D7%91%D7%94-%D7%94%D7%94%D7%A9%D7%AA%D7%9B%D7%A8%D7%95%D7%AA-%D7%91%D7%A4%D7%95%D7%A2%D7%9C/,0,2,0,57
ערעור על גובה המזונות,https://jus-tice.co.il/decision60567-12-21/,0,23,0,23.17391304347826
ערעור על צו הגנה,https://jus-tice.co.il/%D7%91%D7%A7%D7%A9%D7%AA-%D7%A6%D7%95-%D7%94%D7%92%D7%A0%D7%94-%D7%9C%D7%9E%D7%A0%D7%99%D7%A2%D7%AA-%D7%90%D7%9C%D7%99%D7%9E%D7%95%D7%AA-%D7%91%D7%9E%D7%A9%D7%A4%D7%97%D7%94-%D7%94%D7%98-61185-11-22/,0,26,0,43.84615384615385
ערעור על צו קיום צוואה,https://jus-tice.co.il/what-is-a-probate-order/,0,2,0,60
ערעור פלילי,https://jus-tice.co.il/articles/%D7%A2%D7%A8%D7%A2%D7%95%D7%A8-%D7%A4%D7%9C%D7%99%D7%9C%D7%99-%D7%9E%D7%A1-50-31-%D7%91%D7%91%D7%99%D7%AA-%D7%94%D7%9E%D7%A9%D7%A4%D7%98-%D7%94%D7%A2%D7%9C%D7%99%D7%95%D7%9F-%D7%91%D7%A9%D7%91/,0,22,0,79.68181818181819
עשהאל שבו גירושין,https://jus-tice.co.il/articles/%D7%A1%D7%9E%D7%9B%D7%95%D7%AA-%D7%91%D7%99%D7%AA-%D7%94%D7%93%D7%99%D7%9F-%D7%91%D7%A2%D7%A0%D7%99%D7%99%D7%9F-%D7%9E%D7%96%D7%95%D7%A0%D7%95%D7%AA-%D7%94%D7%99%D7%9C%D7%93%D7%99%D7%9D-%D7%9C%D7%90/,0,1,0,53
פגיעה בפרטיות ללא הוכחת נזק,https://jus-tice.co.il/%D7%A4%D7%99%D7%A6%D7%95%D7%99-%D7%9B%D7%A1%D7%A4%D7%99-%D7%91%D7%92%D7%99%D7%9F-%D7%A4%D7%92%D7%99%D7%A2%D7%94-%D7%91%D7%A4%D7%A8%D7%98%D7%99%D7%95%D7%AA-%D7%A6%D7%A4%D7%99%D7%99%D7%94-%D7%95%D7%9E%D7%97%D7%99%D7%A7%D7%94-%D7%A9%D7%9C-%D7%A4%D7%A8%D7%99%D7%98%D7%99%D7%9D-%D7%9E%D7%94%D7%98%D7%9C%D7%A4%D7%95%D7%9F-%D7%9C%D7%9C%D7%90-%D7%A8%D7%A9%D7%95%D7%AA/,0,8,0,45.5
פגיעה בפרטיות עונש,https://jus-tice.co.il/%D7%A4%D7%99%D7%A6%D7%95%D7%99-%D7%9B%D7%A1%D7%A4%D7%99-%D7%91%D7%92%D7%99%D7%9F-%D7%A4%D7%92%D7%99%D7%A2%D7%94-%D7%91%D7%A4%D7%A8%D7%98%D7%99%D7%95%D7%AA-%D7%A6%D7%A4%D7%99%D7%99%D7%94-%D7%95%D7%9E%D7%97%D7%99%D7%A7%D7%94-%D7%A9%D7%9C-%D7%A4%D7%A8%D7%99%D7%98%D7%99%D7%9D-%D7%9E%D7%94%D7%98%D7%9C%D7%A4%D7%95%D7%9F-%D7%9C%D7%9C%D7%90-%D7%A8%D7%A9%D7%95%D7%AA/,0,3,0,46
פגיעה בפרטיות פיצוי ללא הוכחת נזק,https://jus-tice.co.il/%D7%A4%D7%99%D7%A6%D7%95%D7%99-%D7%9B%D7%A1%D7%A4%D7%99-%D7%91%D7%92%D7%99%D7%9F-%D7%A4%D7%92%D7%99%D7%A2%D7%94-%D7%91%D7%A4%D7%A8%D7%98%D7%99%D7%95%D7%AA-%D7%A6%D7%A4%D7%99%D7%99%D7%94-%D7%95%D7%9E%D7%97%D7%99%D7%A7%D7%94-%D7%A9%D7%9C-%D7%A4%D7%A8%D7%99%D7%98%D7%99%D7%9D-%D7%9E%D7%94%D7%98%D7%9C%D7%A4%D7%95%D7%9F-%D7%9C%D7%9C%D7%90-%D7%A8%D7%A9%D7%95%D7%AA/,0,12,0,40.166666666666664
פגיעה+בלידה,https://jus-tice.co.il/birth-injury/,0,3,0,40
פגישת ייעוץ משפטי,https://jus-tice.co.il/,0,12,0,30.833333333333332
פגישת ייעוץ משפטי,https://jus-tice.co.il/lawyer-referral-service/,0,5,0,43.8
פגסוס nso,https://jus-tice.co.il/articles/%D7%A4%D7%92%D7%A1%D7%95%D7%A1-nso-%D7%9E%D7%A1%D7%A7%D7%A0%D7%95%D7%AA-%D7%A6%D7%95%D7%95%D7%AA-%D7%9E%D7%A8%D7%A8%D7%99-%D7%9E%D7%9E%D7%A6%D7%90%D7%99-%D7%A6%D7%95%D7%95%D7%AA-%D7%94%D7%91%D7%93/,0,2,0,72.5
פגסוס פירוש,https://jus-tice.co.il/articles/%D7%9E%D7%A9%D7%98%D7%A8%D7%AA-%D7%99%D7%A9%D7%A8%D7%90%D7%9C-%D7%A9%D7%99%D7%9E%D7%95%D7%A9-%D7%91%D7%9E%D7%A2%D7%A8%D7%9B%D7%AA-%D7%A4%D7%92%D7%A1%D7%95%D7%A1-%D7%9C%D7%9C%D7%90-%D7%A6%D7%95-%D7%A9/,0,1,0,38
פוליסה תקנית דירה,https://jus-tice.co.il/home-insurance/,0,1,0,63
פוליסת ביטוח דירה,https://jus-tice.co.il/home-insurance/,0,29,0,63.241379310344826
פוליסת דירה,https://jus-tice.co.il/home-insurance/,0,1,0,66
פוליסת דירה תקנית,https://jus-tice.co.il/home-insurance/,0,1,0,63
פוסטה יפו היום,https://jus-tice.co.il/%D7%97%D7%93%D7%A9%D7%95%D7%AA-%D7%A4%D7%9C%D7%99%D7%9C%D7%99-%D7%9E%D7%AA%D7%A2%D7%93%D7%9B%D7%9F/,0,1,0,80
פוסטה מבזקים פלילי,https://jus-tice.co.il/%D7%97%D7%93%D7%A9%D7%95%D7%AA-%D7%A4%D7%9C%D7%99%D7%9C%D7%99-%D7%9E%D7%AA%D7%A2%D7%93%D7%9B%D7%9F/,0,1,0,48
פורום בלתי נאות,https://jus-tice.co.il/psakdin/%D7%94%D7%9C%D7%99%D7%9B%D7%99-%D7%92%D7%99%D7%A8%D7%95%D7%A9%D7%99%D7%9F-%D7%9E%D7%91%D7%97%D7%9F-%D7%94%D7%96%D7%99%D7%A7%D7%95%D7%AA-%D7%98%D7%A2%D7%A0%D7%94-%D7%9B%D7%99-%D7%91%D7%99%D7%9E/,0,2,0,15.5
פורום בעיות זיכרון בקרב מבוגרים,https://jus-tice.co.il/research-report-n156-persistent-symptoms/,0,4,0,27
פורום גירושים,https://jus-tice.co.il/psakdin/%D7%94%D7%9C%D7%99%D7%9B%D7%99-%D7%92%D7%99%D7%A8%D7%95%D7%A9%D7%99%D7%9F-%D7%9E%D7%91%D7%97%D7%9F-%D7%94%D7%96%D7%99%D7%A7%D7%95%D7%AA-%D7%98%D7%A2%D7%A0%D7%94-%D7%9B%D7%99-%D7%91%D7%99%D7%9E/,0,2,0,49.5
פורום גישור גירושין,https://jus-tice.co.il/psakdin/%D7%94%D7%9C%D7%99%D7%9B%D7%99-%D7%92%D7%99%D7%A8%D7%95%D7%A9%D7%99%D7%9F-%D7%9E%D7%91%D7%97%D7%9F-%D7%94%D7%96%D7%99%D7%A7%D7%95%D7%AA-%D7%98%D7%A2%D7%A0%D7%94-%D7%9B%D7%99-%D7%91%D7%99%D7%9E/,0,16,0,51
פורום דיני משפחה וגירושין,https://jus-tice.co.il/%D7%AA%D7%97%D7%95%D7%9E%D7%99-%D7%94%D7%AA%D7%9E%D7%97%D7%95%D7%AA/%D7%93%D7%99%D7%A0%D7%99-%D7%9E%D7%A9%D7%A4%D7%97%D7%94/%D7%A4%D7%A1%D7%A7%D7%99-%D7%93%D7%99%D7%9F-%D7%92%D7%99%D7%A8%D7%95%D7%A9%D7%99%D7%9F-%D7%93%D7%99%D7%A0%D7%99-%D7%9E%D7%A9%D7%A4%D7%97%D7%94-2022/,0,20,0,35.85
פורום דיני עבודה,https://jus-tice.co.il/israeli-labor-law/,0,35,0,55.82857142857143
פורום ייעוץ משפטי,https://jus-tice.co.il/,0,23,0,41
פורום יעוץ משפטי,https://jus-tice.co.il/,0,20,0,52.9
פורום לא נאות,https://jus-tice.co.il/psakdin/%D7%94%D7%9C%D7%99%D7%9B%D7%99-%D7%92%D7%99%D7%A8%D7%95%D7%A9%D7%99%D7%9F-%D7%9E%D7%91%D7%97%D7%9F-%D7%94%D7%96%D7%99%D7%A7%D7%95%D7%AA-%D7%98%D7%A2%D7%A0%D7%94-%D7%9B%D7%99-%D7%91%D7%99%D7%9E/,0,1,0,10
פורום מקרקעין,https://jus-tice.co.il/,0,1,0,99
פורום משפטי,https://jus-tice.co.il/,0,1,0,24
פורום נאות,https://jus-tice.co.il/psakdin/%D7%94%D7%9C%D7%99%D7%9B%D7%99-%D7%92%D7%99%D7%A8%D7%95%D7%A9%D7%99%D7%9F-%D7%9E%D7%91%D7%97%D7%9F-%D7%94%D7%96%D7%99%D7%A7%D7%95%D7%AA-%D7%98%D7%A2%D7%A0%D7%94-%D7%9B%D7%99-%D7%91%D7%99%D7%9E/,0,3,0,10.333333333333334
פורום עורכי דין לענייני משפחה,https://jus-tice.co.il/,0,4,0,69
פורום עורכי דין תעבורה,https://jus-tice.co.il/,0,6,0,42.166666666666664
פורטוגל נדלן,https://jus-tice.co.il/portugal-overview-real-estate/,0,13,0,52.30769230769231
פורטוגל נכסים,https://jus-tice.co.il/portugal-homes/,0,4,0,23.25
פורטוגל נכסים,https://jus-tice.co.il/portugal-overview-real-estate/,0,12,0,59.833333333333336
פורטוגל עורך דין,https://jus-tice.co.il/legal-services-in-portugal/,0,2,0,66.5
פורטוגל עורך דין,https://jus-tice.co.il/perez-llorca/,0,1,0,80
פורטוגל עורך דין,https://jus-tice.co.il/sofia-galvao/,0,3,0,66.66666666666667
פורטל עורכי דין,https://jus-tice.co.il/,0,36,0,11.166666666666666
פינוי אשפה,https://jus-tice.co.il/labor_law/%D7%AA%D7%A7%D7%A0%D7%95%D7%AA-%D7%A7%D7%95%D7%A8%D7%95%D7%A0%D7%94-%D7%94%D7%92%D7%91%D7%9C%D7%AA-%D7%9E%D7%A1%D7%A4%D7%A8-%D7%94%D7%A2%D7%95%D7%91%D7%93%D7%99%D7%9D-%D7%91%D7%9E%D7%A7%D7%95%D7%9D/,0,1,0,2
פינוי בינוי תל אביב בדיקה,https://jus-tice.co.il/%D7%A6%D7%91%D7%99%D7%90%D7%9C%D7%99-%D7%A0-%D7%A2%D7%99%D7%A8%D7%99%D7%99%D7%AA-%D7%AA%D7%9C-%D7%90%D7%91%D7%99%D7%91-%D7%9E%D7%A1%D7%9E%D7%9A-%D7%94%D7%A0%D7%97%D7%99%D7%95%D7%AA-%D7%9B%D7%99%D7%9B%D7%A8-%D7%90%D7%AA%D7%A8%D7%99%D7%9D-%D7%A4%D7%A1%D7%A7-%D7%93%D7%99%D7%9F/,0,1,0,33
פינוי בן זוג מדירה,https://jus-tice.co.il/marital-property-agreement/,0,2,0,82.5
פינוי דירה לפני תום החוזה,https://jus-tice.co.il/rental-agreement/,0,1,0,97
פיצוי איחור במסירה,https://jus-tice.co.il/%D7%A4%D7%99%D7%A6%D7%95%D7%99-%D7%91%D7%92%D7%99%D7%9F-%D7%90%D7%99%D7%97%D7%95%D7%A8-%D7%91%D7%9E%D7%A1%D7%99%D7%A8%D7%AA-%D7%93%D7%99%D7%A8%D7%94-%D7%9E%D7%A7%D7%91%D7%9C%D7%9F-%D7%AA%D7%90-10300-02-21/,0,28,0,63.714285714285715
פיצוי איחור במסירת דירה,https://jus-tice.co.il/%D7%A4%D7%99%D7%A6%D7%95%D7%99-%D7%91%D7%92%D7%99%D7%9F-%D7%90%D7%99%D7%97%D7%95%D7%A8-%D7%91%D7%9E%D7%A1%D7%99%D7%A8%D7%AA-%D7%93%D7%99%D7%A8%D7%94-%D7%9E%D7%A7%D7%91%D7%9C%D7%9F-%D7%AA%D7%90-10300-02-21/,0,77,0,74.6103896103896
פיצוי בגין אי מתן הודעה מוקדמת,https://jus-tice.co.il/labor-law/%D7%97%D7%95%D7%A7-%D7%94%D7%95%D7%93%D7%A2%D7%94-%D7%9E%D7%95%D7%A7%D7%93%D7%9E%D7%AA-%D7%9C%D7%A4%D7%99%D7%98%D7%95%D7%A8%D7%99%D7%9D-%D7%95%D7%9C%D7%94%D7%AA%D7%A4%D7%98%D7%A8%D7%95%D7%AA/,0,1,0,95
פיצוי בגין איחור במסירה,https://jus-tice.co.il/%D7%A4%D7%99%D7%A6%D7%95%D7%99-%D7%91%D7%92%D7%99%D7%9F-%D7%90%D7%99%D7%97%D7%95%D7%A8-%D7%91%D7%9E%D7%A1%D7%99%D7%A8%D7%AA-%D7%93%D7%99%D7%A8%D7%94-%D7%9E%D7%A7%D7%91%D7%9C%D7%9F-%D7%AA%D7%90-10300-02-21/,0,1,0,92
פיצוי בגין איחור במסירה חוק המכר,https://jus-tice.co.il/%D7%A4%D7%99%D7%A6%D7%95%D7%99-%D7%91%D7%92%D7%99%D7%9F-%D7%90%D7%99%D7%97%D7%95%D7%A8-%D7%91%D7%9E%D7%A1%D7%99%D7%A8%D7%AA-%D7%93%D7%99%D7%A8%D7%94-%D7%9E%D7%A7%D7%91%D7%9C%D7%9F-%D7%AA%D7%90-10300-02-21/,0,8,0,75.25
פיצוי בגין איחור במסירת דירה,https://jus-tice.co.il/%D7%A4%D7%99%D7%A6%D7%95%D7%99-%D7%91%D7%92%D7%99%D7%9F-%D7%90%D7%99%D7%97%D7%95%D7%A8-%D7%91%D7%9E%D7%A1%D7%99%D7%A8%D7%AA-%D7%93%D7%99%D7%A8%D7%94-%D7%9E%D7%A7%D7%91%D7%9C%D7%9F-%D7%AA%D7%90-10300-02-21/,0,60,0,64.08333333333334
פיצוי בגין איחור במסירת דירה חדשה,https://jus-tice.co.il/%D7%A4%D7%99%D7%A6%D7%95%D7%99-%D7%91%D7%92%D7%99%D7%9F-%D7%90%D7%99%D7%97%D7%95%D7%A8-%D7%91%D7%9E%D7%A1%D7%99%D7%A8%D7%AA-%D7%93%D7%99%D7%A8%D7%94-%D7%9E%D7%A7%D7%91%D7%9C%D7%9F-%D7%AA%D7%90-10300-02-21/,0,44,0,61.13636363636363
פיצוי בגין איחור במסירת דירה מקבלן,https://jus-tice.co.il/%D7%A4%D7%99%D7%A6%D7%95%D7%99-%D7%91%D7%92%D7%99%D7%9F-%D7%90%D7%99%D7%97%D7%95%D7%A8-%D7%91%D7%9E%D7%A1%D7%99%D7%A8%D7%AA-%D7%93%D7%99%D7%A8%D7%94-%D7%9E%D7%A7%D7%91%D7%9C%D7%9F-%D7%AA%D7%90-10300-02-21/,0,43,0,59.93023255813954
פיצוי בגין דחיית טיסה,https://jus-tice.co.il/compensation-flight-delayed/,0,4,0,55.75
פיצוי בגין הפרת הסכם גירושין,https://jus-tice.co.il/cancel-a-divorce-settlement-agreement/,0,70,0,49.07142857142857
פיצוי הולם,https://jus-tice.co.il/psakdin/,0,1,0,65
פיצוי לאיחור במסירת דירה,https://jus-tice.co.il/%D7%A4%D7%99%D7%A6%D7%95%D7%99-%D7%91%D7%92%D7%99%D7%9F-%D7%90%D7%99%D7%97%D7%95%D7%A8-%D7%91%D7%9E%D7%A1%D7%99%D7%A8%D7%AA-%D7%93%D7%99%D7%A8%D7%94-%D7%9E%D7%A7%D7%91%D7%9C%D7%9F-%D7%AA%D7%90-10300-02-21/,0,8,0,34.375
פיצוי לנפגעי תאונות דרכים,https://jus-tice.co.il/%D7%97%D7%95%D7%A7-%D7%A4%D7%99%D7%A6%D7%95%D7%99%D7%99%D7%9D-%D7%9C%D7%A0%D7%A4%D7%92%D7%A2%D7%99-%D7%AA%D7%90%D7%95%D7%A0%D7%95%D7%AA-%D7%93%D7%A8%D7%9B%D7%99%D7%9D-%D7%A0%D7%95%D7%A1%D7%97-%D7%A2%D7%93%D7%9B%D7%A0%D7%99/,0,2,0,72
פיצוי סטטוטורי ביטול טיסה,https://jus-tice.co.il/compensation-flight-delayed/,0,1,0,44
פיצוי על איחור בטיסה תביעה ייצוגית,https://jus-tice.co.il/%D7%AA%D7%A7-25449-12-20-%D7%A4%D7%9C%D7%95%D7%A0%D7%99%D7%AA-%D7%95%D7%90%D7%97-%D7%A0-%D7%99%D7%95%D7%A0%D7%99%D7%99%D7%98%D7%93-%D7%90%D7%99%D7%A8%D7%9C%D7%99%D7%99%D7%A0%D7%A1-%D7%90%D7%99%D7%A0%D7%A7/,0,15,0,58.06666666666667
פיצוי על איחור במסירת דירה,https://jus-tice.co.il/%D7%A4%D7%99%D7%A6%D7%95%D7%99-%D7%91%D7%92%D7%99%D7%9F-%D7%90%D7%99%D7%97%D7%95%D7%A8-%D7%91%D7%9E%D7%A1%D7%99%D7%A8%D7%AA-%D7%93%D7%99%D7%A8%D7%94-%D7%9E%D7%A7%D7%91%D7%9C%D7%9F-%D7%AA%D7%90-10300-02-21/,0,73,0,65.16438356164383
פיצוי על איחור במסירת דירה מקבלן,https://jus-tice.co.il/%D7%A4%D7%99%D7%A6%D7%95%D7%99-%D7%91%D7%92%D7%99%D7%9F-%D7%90%D7%99%D7%97%D7%95%D7%A8-%D7%91%D7%9E%D7%A1%D7%99%D7%A8%D7%AA-%D7%93%D7%99%D7%A8%D7%94-%D7%9E%D7%A7%D7%91%D7%9C%D7%9F-%D7%AA%D7%90-10300-02-21/,0,51,0,71.56862745098039
פיצוי על דחיית טיסה,https://jus-tice.co.il/compensation-flight-delayed/,0,1,0,80
פיצוי על הטרדה מינית,https://jus-tice.co.il/psakdin/%D7%AA%D7%91%D7%99%D7%A2%D7%94-%D7%A9%D7%9C-%D7%9E%D7%9C%D7%A6%D7%A8%D7%99%D7%AA-%D7%94%D7%98%D7%A8%D7%93%D7%94-%D7%9E%D7%99%D7%A0%D7%99%D7%AA-300000-%D7%A9%D7%97-%D7%A4%D7%99%D7%A6%D7%95%D7%99/,0,7,0,66
פיצוי על עיכוב במסירת דירה,https://jus-tice.co.il/%D7%A4%D7%99%D7%A6%D7%95%D7%99-%D7%91%D7%92%D7%99%D7%9F-%D7%90%D7%99%D7%97%D7%95%D7%A8-%D7%91%D7%9E%D7%A1%D7%99%D7%A8%D7%AA-%D7%93%D7%99%D7%A8%D7%94-%D7%9E%D7%A7%D7%91%D7%9C%D7%9F-%D7%AA%D7%90-10300-02-21/,0,6,0,59.5
פיצויים בגין אובדן כושר עבודה חלקי ומלא,https://jus-tice.co.il/income-protection-insurance/,0,2,0,71.5
פיצויים בגין איחור במסירת דירה מקבלן,https://jus-tice.co.il/%D7%A4%D7%99%D7%A6%D7%95%D7%99-%D7%91%D7%92%D7%99%D7%9F-%D7%90%D7%99%D7%97%D7%95%D7%A8-%D7%91%D7%9E%D7%A1%D7%99%D7%A8%D7%AA-%D7%93%D7%99%D7%A8%D7%94-%D7%9E%D7%A7%D7%91%D7%9C%D7%9F-%D7%AA%D7%90-10300-02-21/,0,43,0,67.81395348837209
פיצויים לנפגעי תאונת דרכים,https://jus-tice.co.il/%D7%97%D7%95%D7%A7-%D7%A4%D7%99%D7%A6%D7%95%D7%99%D7%99%D7%9D-%D7%9C%D7%A0%D7%A4%D7%92%D7%A2%D7%99-%D7%AA%D7%90%D7%95%D7%A0%D7%95%D7%AA-%D7%93%D7%A8%D7%9B%D7%99%D7%9D-%D7%A0%D7%95%D7%A1%D7%97-%D7%A2%D7%93%D7%9B%D7%A0%D7%99/,0,2,0,42
פיקוח על תיקוני ליקויי בנייה,https://jus-tice.co.il/common-construction-defects-and-how-to-manage-them/,0,2,0,50
פירוק שותפות בדירה,https://jus-tice.co.il/articles/%D7%A4%D7%99%D7%A8%D7%95%D7%A7-%D7%A9%D7%99%D7%AA%D7%95%D7%A3-%D7%91%D7%99%D7%9F-%D7%91%D7%A0%D7%99-%D7%96%D7%95%D7%92-%D7%97%D7%9C%D7%95%D7%A7%D7%AA-%D7%93%D7%99%D7%A8%D7%94-%D7%9C%D7%A4%D7%99/,0,2,0,46.5
פירוק שותפות בין בני זוג,https://jus-tice.co.il/articles/%D7%A4%D7%99%D7%A8%D7%95%D7%A7-%D7%A9%D7%99%D7%AA%D7%95%D7%A3-%D7%91%D7%99%D7%9F-%D7%91%D7%A0%D7%99-%D7%96%D7%95%D7%92-%D7%97%D7%9C%D7%95%D7%A7%D7%AA-%D7%93%D7%99%D7%A8%D7%94-%D7%9C%D7%A4%D7%99/,0,20,0,43.35
פירוק שותפות גירושין,https://jus-tice.co.il/articles/%D7%A4%D7%99%D7%A8%D7%95%D7%A7-%D7%A9%D7%99%D7%AA%D7%95%D7%A3-%D7%91%D7%99%D7%9F-%D7%91%D7%A0%D7%99-%D7%96%D7%95%D7%92-%D7%97%D7%9C%D7%95%D7%A7%D7%AA-%D7%93%D7%99%D7%A8%D7%94-%D7%9C%D7%A4%D7%99/,0,37,0,92.24324324324324
פירוק שותפות קורונה,https://jus-tice.co.il/%D7%94%D7%A9%D7%95%D7%A4%D7%98%D7%AA-%D7%A2%D7%A4%D7%A8%D7%94-%D7%92%D7%99%D7%90-%D7%99%D7%A1-33240-08-21-%D7%A2-%D7%A0-%D7%A2/,0,10,0,37.3
פירוק שותפות קורונה,https://jus-tice.co.il/corona_virus/%D7%97%D7%A9%D7%91%D7%95%D7%A0%D7%95%D7%AA-%D7%A9%D7%9C-%D7%9C%D7%A7%D7%95%D7%97%D7%95%D7%AA-%D7%A9%D7%94%D7%A9%D7%99%D7%A7%D7%99%D7%9D-%D7%A9%D7%9C%D7%94%D7%9D-%D7%97%D7%96%D7%A8%D7%95-%D7%9C%D7%90/,0,2,0,34
פירוק שיתוף בגירושין,https://jus-tice.co.il/articles/%D7%A4%D7%99%D7%A8%D7%95%D7%A7-%D7%A9%D7%99%D7%AA%D7%95%D7%A3-%D7%91%D7%99%D7%9F-%D7%91%D7%A0%D7%99-%D7%96%D7%95%D7%92-%D7%97%D7%9C%D7%95%D7%A7%D7%AA-%D7%93%D7%99%D7%A8%D7%94-%D7%9C%D7%A4%D7%99/,0,6,0,99.5
פירוק שיתוף בדירה,https://jus-tice.co.il/articles/%D7%A4%D7%99%D7%A8%D7%95%D7%A7-%D7%A9%D7%99%D7%AA%D7%95%D7%A3-%D7%91%D7%99%D7%9F-%D7%91%D7%A0%D7%99-%D7%96%D7%95%D7%92-%D7%97%D7%9C%D7%95%D7%A7%D7%AA-%D7%93%D7%99%D7%A8%D7%94-%D7%9C%D7%A4%D7%99/,0,59,0,82.54237288135593
פירוק שיתוף בדירת מגורים בין בני זוג,https://jus-tice.co.il/articles/%D7%A4%D7%99%D7%A8%D7%95%D7%A7-%D7%A9%D7%99%D7%AA%D7%95%D7%A3-%D7%91%D7%99%D7%9F-%D7%91%D7%A0%D7%99-%D7%96%D7%95%D7%92-%D7%97%D7%9C%D7%95%D7%A7%D7%AA-%D7%93%D7%99%D7%A8%D7%94-%D7%9C%D7%A4%D7%99/,0,7,0,65.42857142857143
פירוק שיתוף בין אחים,https://jus-tice.co.il/articles/%D7%A4%D7%99%D7%A8%D7%95%D7%A7-%D7%A9%D7%99%D7%AA%D7%95%D7%A3-%D7%91%D7%99%D7%9F-%D7%91%D7%A0%D7%99-%D7%96%D7%95%D7%92-%D7%97%D7%9C%D7%95%D7%A7%D7%AA-%D7%93%D7%99%D7%A8%D7%94-%D7%9C%D7%A4%D7%99/,0,24,0,71.08333333333333
פירוק שיתוף בין בני זוג,https://jus-tice.co.il/articles/%D7%A4%D7%99%D7%A8%D7%95%D7%A7-%D7%A9%D7%99%D7%AA%D7%95%D7%A3-%D7%91%D7%99%D7%9F-%D7%91%D7%A0%D7%99-%D7%96%D7%95%D7%92-%D7%97%D7%9C%D7%95%D7%A7%D7%AA-%D7%93%D7%99%D7%A8%D7%94-%D7%9C%D7%A4%D7%99/,0,157,0,30.796178343949045
פירוק שיתוף בין בני זוג בדירת מגורים,https://jus-tice.co.il/articles/%D7%A4%D7%99%D7%A8%D7%95%D7%A7-%D7%A9%D7%99%D7%AA%D7%95%D7%A3-%D7%91%D7%99%D7%9F-%D7%91%D7%A0%D7%99-%D7%96%D7%95%D7%92-%D7%97%D7%9C%D7%95%D7%A7%D7%AA-%D7%93%D7%99%D7%A8%D7%94-%D7%9C%D7%A4%D7%99/,0,2,0,73.5
פירוק שיתוף במקרקעין בגירושין,https://jus-tice.co.il/articles/%D7%A4%D7%99%D7%A8%D7%95%D7%A7-%D7%A9%D7%99%D7%AA%D7%95%D7%A3-%D7%91%D7%99%D7%9F-%D7%91%D7%A0%D7%99-%D7%96%D7%95%D7%92-%D7%97%D7%9C%D7%95%D7%A7%D7%AA-%D7%93%D7%99%D7%A8%D7%94-%D7%9C%D7%A4%D7%99/,0,1,0,88
פירוק שיתוף במקרקעין בין בני זוג,https://jus-tice.co.il/articles/%D7%A4%D7%99%D7%A8%D7%95%D7%A7-%D7%A9%D7%99%D7%AA%D7%95%D7%A3-%D7%91%D7%99%D7%9F-%D7%91%D7%A0%D7%99-%D7%96%D7%95%D7%92-%D7%97%D7%9C%D7%95%D7%A7%D7%AA-%D7%93%D7%99%D7%A8%D7%94-%D7%9C%D7%A4%D7%99/,0,96,0,47.916666666666664
פירוק שיתוף בני בני זוג,https://jus-tice.co.il/articles/%D7%A4%D7%99%D7%A8%D7%95%D7%A7-%D7%A9%D7%99%D7%AA%D7%95%D7%A3-%D7%91%D7%99%D7%9F-%D7%91%D7%A0%D7%99-%D7%96%D7%95%D7%92-%D7%97%D7%9C%D7%95%D7%A7%D7%AA-%D7%93%D7%99%D7%A8%D7%94-%D7%9C%D7%A4%D7%99/,0,2,0,54.5
פירוק שיתוף גירושין,https://jus-tice.co.il/articles/%D7%A4%D7%99%D7%A8%D7%95%D7%A7-%D7%A9%D7%99%D7%AA%D7%95%D7%A3-%D7%91%D7%99%D7%9F-%D7%91%D7%A0%D7%99-%D7%96%D7%95%D7%92-%D7%97%D7%9C%D7%95%D7%A7%D7%AA-%D7%93%D7%99%D7%A8%D7%94-%D7%9C%D7%A4%D7%99/,0,7,0,95.71428571428571
פירוק שיתוף התמחרות,https://jus-tice.co.il/%D7%AA%D7%99%D7%A7-916847/5-%D7%91%D7%91%D7%99%D7%AA-%D7%94%D7%93%D7%99%D7%9F-%D7%94%D7%A8%D7%91%D7%A0%D7%99-%D7%94%D7%90%D7%96%D7%95%D7%A8%D7%99-%D7%90%D7%A9%D7%93%D7%95%D7%93/,0,3,0,95
פירוק שיתוף מקרקעין בגירושין,https://jus-tice.co.il/articles/%D7%A4%D7%99%D7%A8%D7%95%D7%A7-%D7%A9%D7%99%D7%AA%D7%95%D7%A3-%D7%91%D7%99%D7%9F-%D7%91%D7%A0%D7%99-%D7%96%D7%95%D7%92-%D7%97%D7%9C%D7%95%D7%A7%D7%AA-%D7%93%D7%99%D7%A8%D7%94-%D7%9C%D7%A4%D7%99/,0,3,0,92
פלוני נגד פלונית,https://jus-tice.co.il/decision60567-12-21/,0,1,0,74
פלוס 500 תביעה,https://jus-tice.co.il/33316-07-19/,0,1,0,78
פלילי חדשות,https://jus-tice.co.il/%D7%97%D7%93%D7%A9%D7%95%D7%AA-%D7%A4%D7%9C%D7%99%D7%9C%D7%99-%D7%9E%D7%AA%D7%A2%D7%93%D7%9B%D7%9F/,0,2,0,41.5
פלילי פירוש,https://jus-tice.co.il/%D7%AA%D7%97%D7%95%D7%9E%D7%99-%D7%94%D7%AA%D7%9E%D7%97%D7%95%D7%AA/%D7%9E%D7%A9%D7%A4%D7%98-%D7%A4%D7%9C%D7%99%D7%9C%D7%99/,0,1,0,72
פלסטיקאי פנים,https://jus-tice.co.il/%D7%9E%D7%A0%D7%AA%D7%97-%D7%A4%D7%9C%D7%A1%D7%98%D7%99-%D7%A4%D7%A0%D7%99%D7%9D/,0,2,0,28.5
פלת,https://jus-tice.co.il/%D7%A7%D7%98%D7%92%D7%95%D7%A8%D7%99%D7%95%D7%AA-%D7%9E%D7%90%D7%9E%D7%A8%D7%99%D7%9D/%D7%A4%D7%9C%D7%AA%D7%93/,0,2,0,89
פלתד,https://jus-tice.co.il/%D7%A7%D7%98%D7%92%D7%95%D7%A8%D7%99%D7%95%D7%AA-%D7%9E%D7%90%D7%9E%D7%A8%D7%99%D7%9D/%D7%A4%D7%9C%D7%AA%D7%93/,0,2,0,35.5
פניה לפקיד שומה מס הכנסה,https://jus-tice.co.il/israel-tax-authority/,0,1,0,48
פנס לנסיעה אחורנית,https://jus-tice.co.il/wp-content/uploads/2020/01/hana_v9.32.88s.pdf,0,1,0,65
פסדפ מעצרים,https://jus-tice.co.il/wp-content/uploads/2022/10/%D7%AA%D7%96%D7%9B%D7%99%D7%A8-%D7%97%D7%95%D7%A7-%D7%9C%D7%AA%D7%99%D7%A7%D7%95%D7%9F-%D7%A4%D7%A7%D7%95%D7%93%D7%AA-%D7%A1%D7%93%D7%A8-%D7%94%D7%93%D7%99%D7%9F-%D7%94%D7%A4%D7%9C%D7%99%D7%9C%D7%99-%D7%9E%D7%A2%D7%A6%D7%A8-%D7%95%D7%97%D7%99%D7%A4%D7%95%D7%A9-%D7%AA%D7%99%D7%A7%D7%95%D7%9F-%D7%9E%D7%A1...-%D7%A2%D7%99%D7%9C%D7%95%D7%AA-%D7%97%D7%99%D7%A4%D7%95%D7%A9-%D7%91%D7%9E%D7%A7%D7%95%D7%9D-%D7%9C%D7%9C%D7%90-%D7%A6%D7%95-%D7%91%D7%99%D7%AA-%D7%9E%D7%A9%D7%A4%D7%98-%D7%94%D7%AA%D7%A9%D7%A4-%D7%91-2021.docx,0,2,0,53.5
פסילת מקצוע רפואי,https://jus-tice.co.il/wp-content/uploads/2020/02/%D7%94%D7%AA%D7%9C%D7%99%D7%99%D7%AA-%D7%A9%D7%9C%D7%99%D7%9C%D7%AA-%D7%A8%D7%A9%D7%99%D7%95%D7%A0%D7%95%D7%AA-%D7%9E%D7%A9%D7%A8%D7%93-%D7%94%D7%91%D7%A8%D7%99%D7%90%D7%95%D7%AA.pdf,0,1,0,43
פסיקה בית המשפט העליון,https://jus-tice.co.il/2019-2020-major-supreme-court-ruling,0,2,0,57
פסיקה עליון,https://jus-tice.co.il/2019-2020-major-supreme-court-ruling,0,2,0,57.5
פסק דין איחור במסירת דירה,https://jus-tice.co.il/%D7%A4%D7%99%D7%A6%D7%95%D7%99-%D7%91%D7%92%D7%99%D7%9F-%D7%90%D7%99%D7%97%D7%95%D7%A8-%D7%91%D7%9E%D7%A1%D7%99%D7%A8%D7%AA-%D7%93%D7%99%D7%A8%D7%94-%D7%9E%D7%A7%D7%91%D7%9C%D7%9F-%D7%AA%D7%90-10300-02-21/,0,1,0,12
פסק דין בית משפט,https://jus-tice.co.il/2019-2020-major-supreme-court-ruling,0,1,0,52
פסק דין גירושין,https://jus-tice.co.il/%D7%A7%D7%98%D7%92%D7%95%D7%A8%D7%99%D7%95%D7%AA-%D7%9E%D7%90%D7%9E%D7%A8%D7%99%D7%9D/%D7%93%D7%99%D7%A0%D7%99-%D7%9E%D7%A9%D7%A4%D7%97%D7%94/%D7%A4%D7%A1%D7%A7%D7%99-%D7%93%D7%99%D7%9F-%D7%92%D7%99%D7%A8%D7%95%D7%A9%D7%99%D7%95-%D7%93%D7%99%D7%A0%D7%99-%D7%9E%D7%A9%D7%A4%D7%97%D7%94-2022/,0,2,0,39
פסק דין גירושין,https://jus-tice.co.il/%D7%AA%D7%97%D7%95%D7%9E%D7%99-%D7%94%D7%AA%D7%9E%D7%97%D7%95%D7%AA/%D7%93%D7%99%D7%A0%D7%99-%D7%9E%D7%A9%D7%A4%D7%97%D7%94/%D7%A4%D7%A1%D7%A7%D7%99-%D7%93%D7%99%D7%9F-%D7%92%D7%99%D7%A8%D7%95%D7%A9%D7%99%D7%9F-%D7%93%D7%99%D7%A0%D7%99-%D7%9E%D7%A9%D7%A4%D7%97%D7%94-2022/,0,1,0,68
פסק דין גנז,https://jus-tice.co.il/ruling-on-conflicting-real-estate-transactions/,0,1,0,53
פסק דין לפי תעודת זהות,https://jus-tice.co.il/2019-2020-major-supreme-court-ruling,0,1,0,35
פסק דין מזונות עליון,https://jus-tice.co.il/%D7%AA%D7%97%D7%95%D7%9E%D7%99-%D7%94%D7%AA%D7%9E%D7%97%D7%95%D7%AA/%D7%93%D7%99%D7%A0%D7%99-%D7%9E%D7%A9%D7%A4%D7%97%D7%94/%D7%A4%D7%A1%D7%A7%D7%99-%D7%93%D7%99%D7%9F-%D7%92%D7%99%D7%A8%D7%95%D7%A9%D7%99%D7%9F-%D7%93%D7%99%D7%A0%D7%99-%D7%9E%D7%A9%D7%A4%D7%97%D7%94-2022/,0,13,0,75.92307692307692
פסק דין מזונות קטינים,https://jus-tice.co.il/%D7%A7%D7%98%D7%92%D7%95%D7%A8%D7%99%D7%95%D7%AA-%D7%9E%D7%90%D7%9E%D7%A8%D7%99%D7%9D/%D7%93%D7%99%D7%A0%D7%99-%D7%9E%D7%A9%D7%A4%D7%97%D7%94/%D7%92%D7%99%D7%A8%D7%95%D7%A9%D7%99%D7%9F/%D7%9E%D7%96%D7%95%D7%A0%D7%95%D7%AA-%D7%99%D7%9C%D7%93%D7%99%D7%9D/,0,1,0,63
פסק דין פלילי,https://jus-tice.co.il/%D7%AA%D7%97%D7%95%D7%9E%D7%99-%D7%94%D7%AA%D7%9E%D7%97%D7%95%D7%AA/%D7%9E%D7%A9%D7%A4%D7%98-%D7%A4%D7%9C%D7%99%D7%9C%D7%99/%D7%A2%D7%95%D7%A8%D7%9A-%D7%93%D7%99%D7%9F-%D7%A4%D7%9C%D7%99%D7%9C%D7%99-%D7%A4%D7%A1%D7%A7%D7%99-%D7%93%D7%99%D7%9F-2022/,0,6,0,56.833333333333336
פסקי דין ביטול צוואה,https://jus-tice.co.il/psakdin/%D7%91%D7%99%D7%98%D7%95%D7%9C-%D7%A6%D7%95%D7%95%D7%90%D7%94-%D7%9E%D7%90%D7%95%D7%97%D7%A8%D7%AA-%D7%91%D7%A9%D7%9C-%D7%94%D7%A9%D7%A4%D7%A2%D7%94-%D7%91%D7%9C%D7%AA%D7%99-%D7%94%D7%95%D7%92%D7%A0/,0,1,0,33
פסקי דין בית המשפט העליון,https://jus-tice.co.il/2019-2020-major-supreme-court-ruling,0,13,0,29
פסקי דין גירושין,https://jus-tice.co.il/%D7%91%D7%99%D7%AA-%D7%94%D7%93%D7%99%D7%9F-%D7%94%D7%A8%D7%91%D7%A0%D7%99-%D7%A7%D7%A0%D7%94-%D7%A1%D7%9E%D7%9B%D7%95%D7%AA-%D7%9C%D7%9E%D7%A8%D7%95%D7%AA-%D7%94%D7%92%D7%A9%D7%AA-%D7%AA%D7%95%D7%91%D7%A2%D7%A0%D7%94-%D7%91%D7%A2%D7%A0%D7%99%D7%99%D7%9F-%D7%94%D7%97%D7%96%D7%A7%D7%AA-%D7%99%D7%9C%D7%93%D7%99%D7%9D/,0,27,0,47.407407407407405
פסקי דין גירושין,https://jus-tice.co.il/%D7%A7%D7%98%D7%92%D7%95%D7%A8%D7%99%D7%95%D7%AA-%D7%9E%D7%90%D7%9E%D7%A8%D7%99%D7%9D/%D7%93%D7%99%D7%A0%D7%99-%D7%9E%D7%A9%D7%A4%D7%97%D7%94/%D7%A4%D7%A1%D7%A7%D7%99-%D7%93%D7%99%D7%9F-%D7%92%D7%99%D7%A8%D7%95%D7%A9%D7%99%D7%95-%D7%93%D7%99%D7%A0%D7%99-%D7%9E%D7%A9%D7%A4%D7%97%D7%94-2022/,0,35,0,32.34285714285714
פסקי דין גירושין,https://jus-tice.co.il/%D7%AA%D7%97%D7%95%D7%9E%D7%99-%D7%94%D7%AA%D7%9E%D7%97%D7%95%D7%AA/%D7%93%D7%99%D7%A0%D7%99-%D7%9E%D7%A9%D7%A4%D7%97%D7%94/%D7%A4%D7%A1%D7%A7%D7%99-%D7%93%D7%99%D7%9F-%D7%92%D7%99%D7%A8%D7%95%D7%A9%D7%99%D7%9F-%D7%93%D7%99%D7%A0%D7%99-%D7%9E%D7%A9%D7%A4%D7%97%D7%94-2022/,0,86,0,52.76744186046512
פסקי דין גירושין בית הדין הרבני,https://jus-tice.co.il/%D7%AA%D7%97%D7%95%D7%9E%D7%99-%D7%94%D7%AA%D7%9E%D7%97%D7%95%D7%AA/%D7%93%D7%99%D7%A0%D7%99-%D7%9E%D7%A9%D7%A4%D7%97%D7%94/%D7%A4%D7%A1%D7%A7%D7%99-%D7%93%D7%99%D7%9F-%D7%92%D7%99%D7%A8%D7%95%D7%A9%D7%99%D7%9F-%D7%93%D7%99%D7%A0%D7%99-%D7%9E%D7%A9%D7%A4%D7%97%D7%94-2022/,0,1,0,68
פסקי דין החלטות ופרוטוקולים,https://jus-tice.co.il/2019-2020-major-supreme-court-ruling,0,2,0,37
פסקי דין הרשות השופטת,https://jus-tice.co.il/2019-2020-major-supreme-court-ruling,0,1,0,44
פסקי דין חדשים בדיני משפחה,https://jus-tice.co.il/%D7%A7%D7%98%D7%92%D7%95%D7%A8%D7%99%D7%95%D7%AA-%D7%9E%D7%90%D7%9E%D7%A8%D7%99%D7%9D/%D7%93%D7%99%D7%A0%D7%99-%D7%9E%D7%A9%D7%A4%D7%97%D7%94/%D7%A4%D7%A1%D7%A7%D7%99-%D7%93%D7%99%D7%9F-%D7%92%D7%99%D7%A8%D7%95%D7%A9%D7%99%D7%95-%D7%93%D7%99%D7%A0%D7%99-%D7%9E%D7%A9%D7%A4%D7%97%D7%94-2022/,0,5,0,60.4
פסקי דין חדשים בדיני משפחה,https://jus-tice.co.il/%D7%AA%D7%97%D7%95%D7%9E%D7%99-%D7%94%D7%AA%D7%9E%D7%97%D7%95%D7%AA/%D7%93%D7%99%D7%A0%D7%99-%D7%9E%D7%A9%D7%A4%D7%97%D7%94/%D7%A4%D7%A1%D7%A7%D7%99-%D7%93%D7%99%D7%9F-%D7%92%D7%99%D7%A8%D7%95%D7%A9%D7%99%D7%9F-%D7%93%D7%99%D7%A0%D7%99-%D7%9E%D7%A9%D7%A4%D7%97%D7%94-2022/,0,5,0,35.6
פסקי דין לשון הרע,https://jus-tice.co.il/%D7%AA%D7%90-16763-09-21%D7%9E%D7%95%D7%98%D7%99%D7%A2%D7%99-%D7%A0-%D7%A1%D7%A4%D7%A6%D7%99%D7%A7-%D7%A8%D7%99%D7%91%D7%A7-%D7%95%D7%90%D7%97/,0,21,0,57.666666666666664
פסקי דין לשון הרע,https://jus-tice.co.il/%D7%AA%D7%90-42164-01-19-%D7%A7%D7%95%D7%A8%D7%9E%D7%9F-%D7%95%D7%90%D7%97-%D7%A0-%D7%98%D7%91%D7%9C/,0,1,0,75
פסקי דין נזיקין,https://jus-tice.co.il/%D7%A7%D7%98%D7%92%D7%95%D7%A8%D7%99%D7%95%D7%AA-%D7%9E%D7%90%D7%9E%D7%A8%D7%99%D7%9D/%D7%93%D7%99%D7%A0%D7%99-%D7%A0%D7%96%D7%99%D7%A7%D7%99%D7%9F/%D7%A2%D7%95%D7%93-%D7%A0%D7%96%D7%99%D7%A7%D7%99%D7%9F-%D7%A4%D7%A1%D7%A7%D7%99-%D7%93%D7%99%D7%9F/,0,1,0,72
פסקי דין נזיקין,https://jus-tice.co.il/%D7%AA%D7%97%D7%95%D7%9E%D7%99-%D7%94%D7%AA%D7%9E%D7%97%D7%95%D7%AA/%D7%A2%D7%95%D7%93-%D7%A0%D7%96%D7%99%D7%A7%D7%99%D7%9F-%D7%A4%D7%A1%D7%A7%D7%99-%D7%93%D7%99%D7%9F/,0,1,0,20
פסקי דין עליון,https://jus-tice.co.il/2019-2020-major-supreme-court-ruling,0,2,0,33
פסקי דין פיצויים לנפגעי תאונות דרכים,https://jus-tice.co.il/%D7%97%D7%95%D7%A7-%D7%A4%D7%99%D7%A6%D7%95%D7%99%D7%99%D7%9D-%D7%9C%D7%A0%D7%A4%D7%92%D7%A2%D7%99-%D7%AA%D7%90%D7%95%D7%A0%D7%95%D7%AA-%D7%93%D7%A8%D7%9B%D7%99%D7%9D-%D7%A0%D7%95%D7%A1%D7%97-%D7%A2%D7%93%D7%9B%D7%A0%D7%99/,0,2,0,22
פסקי דין פלילי,https://jus-tice.co.il/%D7%AA%D7%97%D7%95%D7%9E%D7%99-%D7%94%D7%AA%D7%9E%D7%97%D7%95%D7%AA/%D7%9E%D7%A9%D7%A4%D7%98-%D7%A4%D7%9C%D7%99%D7%9C%D7%99/%D7%A2%D7%95%D7%A8%D7%9A-%D7%93%D7%99%D7%9F-%D7%A4%D7%9C%D7%99%D7%9C%D7%99-%D7%A4%D7%A1%D7%A7%D7%99-%D7%93%D7%99%D7%9F-2022/,0,9,0,69.88888888888889
פסקי דין פליליים,https://jus-tice.co.il/%D7%AA%D7%97%D7%95%D7%9E%D7%99-%D7%94%D7%AA%D7%9E%D7%97%D7%95%D7%AA/%D7%9E%D7%A9%D7%A4%D7%98-%D7%A4%D7%9C%D7%99%D7%9C%D7%99/%D7%A2%D7%95%D7%A8%D7%9A-%D7%93%D7%99%D7%9F-%D7%A4%D7%9C%D7%99%D7%9C%D7%99-%D7%A4%D7%A1%D7%A7%D7%99-%D7%93%D7%99%D7%9F-2022/,0,10,0,54.9
פסקי דין רשלנות רפואית,https://jus-tice.co.il/articles/%D7%9E%D7%A7%D7%A8%D7%99-%D7%A8%D7%A9%D7%9C%D7%A0%D7%95%D7%AA-%D7%A8%D7%A4%D7%95%D7%90%D7%99%D7%AA-%D7%93%D7%95%D7%92%D7%9E%D7%90%D7%95%D7%AA/,0,1,0,29
פסקי דין של בית המשפט העליון,https://jus-tice.co.il/2019-2020-major-supreme-court-ruling,0,1,0,16
פפה רוקנשטיין,https://jus-tice.co.il/%D7%A4%D7%A1%D7%A7-%D7%93%D7%99%D7%9F-%D7%AA%D7%A2%D7%91%D7%95%D7%A8%D7%94-%D7%A2%D7%99%D7%9F-%D7%94%D7%A0%D7%A5-%D7%A7%D7%91%D7%99%D7%9C%D7%95%D7%AA-%D7%95%D7%97%D7%95%D7%A7%D7%99%D7%95%D7%AA-%D7%A8%D7%90%D7%99%D7%95%D7%AA-%D7%A9%D7%94%D7%95%D7%A0%D7%A4%D7%A7%D7%95-%D7%9E%D7%94%D7%9E%D7%A2%D7%A8%D7%9B%D7%AA/,0,1,0,40
פקודה חוקית,https://jus-tice.co.il/wp-content/uploads/2022/02/PG-0039.pdf,0,1,0,90
פקודת המשטרה,https://jus-tice.co.il/wp-content/uploads/2022/02/PG-0039.pdf,0,5,0,37
פקודת העדה הדתית המרה,https://jus-tice.co.il/wp-content/uploads/2022/06/misradhamishpatim-women.pdf,0,1,0,69
פקודת התעבורה סעיף 62,https://jus-tice.co.il/wp-content/uploads/2020/01/hana_v9.32.88s.pdf,0,2,0,60.5
פקיד השומה,https://jus-tice.co.il/israel-tax-authority/,0,1,0,41
פקיד מס הכנסה,https://jus-tice.co.il/israel-tax-authority/,0,1,0,50
פקיד שומה,https://jus-tice.co.il/israel-tax-authority/,0,1,0,58
פקיד שומה באר שבע קביעת תור,https://jus-tice.co.il/israel-tax-authority/,0,1,0,42
פקס סיוע משפטי,https://jus-tice.co.il/wp-content/uploads/2022/06/misradhamishpatim-women.pdf,0,1,0,22
פרודנטל,https://jus-tice.co.il/wp-content/uploads/2022/03/%D7%A7%D7%98%D7%92%D7%95%D7%A8%D7%99%D7%94_%D7%A4%D7%A1%D7%A7%D7%99_%D7%93%D7%99%D7%9F_%D7%A4%D7%9C%D7%99%D7%9C%D7%99%D7%99%D7%9D_%D7%91%D7%99%D7%A9%D7%A8%D7%90%D7%9C.pdf,0,1,0,50
פרויקטים ביוון,https://jus-tice.co.il/%D7%91%D7%A0%D7%99%D7%99%D7%94-%D7%99%D7%A8%D7%95%D7%A7%D7%94-%D7%AA%D7%9B%D7%A0%D7%95%D7%9F-%D7%A2%D7%99%D7%A8%D7%95%D7%A0%D7%99-%D7%95%D7%A4%D7%A8%D7%95%D7%99%D7%A7%D7%98%D7%99%D7%9D-%D7%90%D7%A0%D7%A8%D7%92%D7%98%D7%99%D7%99%D7%9D-%D7%91%D7%99%D7%95%D7%95%D7%9F/,0,2,0,51.5
פרויקטים חדשניים בבנייה ירוקה,https://jus-tice.co.il/%D7%91%D7%A0%D7%99%D7%99%D7%94-%D7%99%D7%A8%D7%95%D7%A7%D7%94-%D7%AA%D7%9B%D7%A0%D7%95%D7%9F-%D7%A2%D7%99%D7%A8%D7%95%D7%A0%D7%99-%D7%95%D7%A4%D7%A8%D7%95%D7%99%D7%A7%D7%98%D7%99%D7%9D-%D7%90%D7%A0%D7%A8%D7%92%D7%98%D7%99%D7%99%D7%9D-%D7%91%D7%99%D7%95%D7%95%D7%9F/,0,1,0,35
פרוק שותפות בגירושין,https://jus-tice.co.il/articles/%D7%A4%D7%99%D7%A8%D7%95%D7%A7-%D7%A9%D7%99%D7%AA%D7%95%D7%A3-%D7%91%D7%99%D7%9F-%D7%91%D7%A0%D7%99-%D7%96%D7%95%D7%92-%D7%97%D7%9C%D7%95%D7%A7%D7%AA-%D7%93%D7%99%D7%A8%D7%94-%D7%9C%D7%A4%D7%99/,0,1,0,93
פרילנסר כל זכות,https://jus-tice.co.il/self-employed-and-freelancer/,0,1,0,55
פרנקל שור,https://jus-tice.co.il/articles/%D7%93%D7%99%D7%9F-%D7%95%D7%97%D7%A9%D7%91%D7%95%D7%9F-%D7%9B%D7%A0%D7%A1%D7%AA-%D7%99%D7%A9%D7%A8%D7%90%D7%9C-2020/,0,1,0,57
פרסום לעניין,https://jus-tice.co.il/articles/%D7%90%D7%99%D7%A1%D7%95%D7%A8-%D7%A4%D7%A8%D7%A1%D7%95%D7%9D-%D7%A9%D7%9C-%D7%97%D7%95%D7%95%D7%AA-%D7%93%D7%A2%D7%AA-%D7%9C%D7%A2%D7%A0%D7%99%D7%99%D7%9F-%D7%94%D7%9E%D7%A1%D7%95%D7%92%D7%9C%D7%95/,0,1,0,67
פרק ד לחוק שירות עבודה בשעת חירום,https://jus-tice.co.il/psakdin/%D7%94%D7%97%D7%9C%D7%AA-%D7%A4%D7%A8%D7%A7-%D7%93-%D7%9C%D7%97%D7%95%D7%A7-%D7%A9%D7%99%D7%A8%D7%95%D7%AA-%D7%A2%D7%91%D7%95%D7%93%D7%94-%D7%91%D7%A9%D7%A2%D7%AA-%D7%97%D7%99%D7%A8%D7%95%D7%9D/,0,12,0,9.833333333333334
פתיחת הליך גירושין,https://jus-tice.co.il/strategic-divorce-cost-planning/,0,2,0,61.5
פתיחת חשבון איביי,https://jus-tice.co.il/search-engine-optimization/,0,1,0,86
פתיחת תיק גירושין מחיר,https://jus-tice.co.il/how-much-does-a-divorce-agreement-cost/,0,4,0,64.75
פתיחת תיק גירושין מחיר,https://jus-tice.co.il/strategic-divorce-cost-planning/,0,10,0,47.6
ץ בכתב יד,https://jus-tice.co.il/handwritten-property-agreement-cancellation/,0,1,0,66
צבי פרנקל,https://jus-tice.co.il/wp-content/uploads/2019/03/%D7%91%D7%99%D7%94%D7%93-%D7%94%D7%90%D7%99%D7%96%D7%95%D7%A8%D7%99-%D7%9C%D7%A2%D7%91%D7%95%D7%93%D7%94-%D7%91%D7%A9-%D7%A9-%D7%A6%D7%91%D7%99-%D7%A4%D7%A8%D7%A0%D7%A7%D7%9C-%D7%A4%D7%A1%D7%93-%D7%91%D7%A0%D7%95%D7%A9%D7%90-%D7%9E%D7%99%D7%A7%D7%A8%D7%95%D7%98%D7%A8%D7%90%D7%95%D7%9E%D7%94-%D7%91%D7%A2%D7%91%D7%95%D7%93%D7%94-%D7%A9%D7%94%D7%AA%D7%A0%D7%94%D7%9C%D7%94-%D7%A2%D7%9C-%D7%A4%D7%A0%D7%99-%D7%97%D7%93%D7%A9%D7%99%D7%9D-%D7%A1%D7%A4%D7%95%D7%A8%D7%99%D7%9D-%D7%91%D7%9C%D7%91%D7%93.pdf,0,4,0,55
צו הגנה בית משפט לענייני משפחה,https://jus-tice.co.il/%D7%91%D7%A7%D7%A9%D7%AA-%D7%A6%D7%95-%D7%94%D7%92%D7%A0%D7%94-%D7%9C%D7%9E%D7%A0%D7%99%D7%A2%D7%AA-%D7%90%D7%9C%D7%99%D7%9E%D7%95%D7%AA-%D7%91%D7%9E%D7%A9%D7%A4%D7%97%D7%94-%D7%94%D7%98-61185-11-22/,0,95,0,46.536842105263155
צו הגנה למניעת אלימות במשפחה,https://jus-tice.co.il/%D7%91%D7%A7%D7%A9%D7%AA-%D7%A6%D7%95-%D7%94%D7%92%D7%A0%D7%94-%D7%9C%D7%9E%D7%A0%D7%99%D7%A2%D7%AA-%D7%90%D7%9C%D7%99%D7%9E%D7%95%D7%AA-%D7%91%D7%9E%D7%A9%D7%A4%D7%97%D7%94-%D7%94%D7%98-61185-11-22/,0,19,0,57.1578947368421
צו הגנה מפני אלימות במשפחה,https://jus-tice.co.il/%D7%91%D7%A7%D7%A9%D7%AA-%D7%A6%D7%95-%D7%94%D7%92%D7%A0%D7%94-%D7%9C%D7%9E%D7%A0%D7%99%D7%A2%D7%AA-%D7%90%D7%9C%D7%99%D7%9E%D7%95%D7%AA-%D7%91%D7%9E%D7%A9%D7%A4%D7%97%D7%94-%D7%94%D7%98-61185-11-22/,0,3,0,69.66666666666667
צו הגנה קבוע,https://jus-tice.co.il/%D7%91%D7%A7%D7%A9%D7%AA-%D7%A6%D7%95-%D7%94%D7%92%D7%A0%D7%94-%D7%9C%D7%9E%D7%A0%D7%99%D7%A2%D7%AA-%D7%90%D7%9C%D7%99%D7%9E%D7%95%D7%AA-%D7%91%D7%9E%D7%A9%D7%A4%D7%97%D7%94-%D7%94%D7%98-61185-11-22/,0,8,0,78.75
צו הורות,https://jus-tice.co.il/psakdin/%D7%A6%D7%95-%D7%94%D7%95%D7%A8%D7%95%D7%AA-%D7%9E%D7%9B%D7%95%D7%97-%D7%96%D7%99%D7%A7%D7%94-%D7%9C%D7%96%D7%99%D7%A7%D7%94-%D7%9C%D7%90%D7%96%D7%A8%D7%97%D7%99%D7%AA-%D7%96%D7%A8%D7%94/,0,26,0,41.53846153846154
צו הורות פסיקתי,https://jus-tice.co.il/psakdin/%D7%A6%D7%95-%D7%94%D7%95%D7%A8%D7%95%D7%AA-%D7%9E%D7%9B%D7%95%D7%97-%D7%96%D7%99%D7%A7%D7%94-%D7%9C%D7%96%D7%99%D7%A7%D7%94-%D7%9C%D7%90%D7%96%D7%A8%D7%97%D7%99%D7%AA-%D7%96%D7%A8%D7%94/,0,57,0,48.45614035087719
צו החלת המשפט,https://jus-tice.co.il/psakdin/%D7%94%D7%97%D7%9C%D7%AA-%D7%A4%D7%A8%D7%A7-%D7%93-%D7%9C%D7%97%D7%95%D7%A7-%D7%A9%D7%99%D7%A8%D7%95%D7%AA-%D7%A2%D7%91%D7%95%D7%93%D7%94-%D7%91%D7%A9%D7%A2%D7%AA-%D7%97%D7%99%D7%A8%D7%95%D7%9D/,0,1,0,28
צו חיפוש מבית המשפט,https://jus-tice.co.il/articles/%D7%94%D7%A6%D7%A2%D7%AA-%D7%AA%D7%99%D7%A7%D7%95%D7%9F-%D7%97%D7%95%D7%A7-%D7%97%D7%99%D7%A4%D7%95%D7%A9-%D7%91%D7%9E%D7%A7%D7%95%D7%9D-%D7%9C%D7%9C%D7%90-%D7%A6%D7%95-%D7%91%D7%99%D7%AA-%D7%9E/,0,12,0,46.333333333333336
צו מס הכנסה קביעת תשלומים בעד שירותים או נכסים כהכנסה,https://jus-tice.co.il/israel-tax-authority/,0,1,0,47
צו סגירה במסגרת גזר דין,https://jus-tice.co.il/psakdin/%D7%91%D7%99%D7%98%D7%95%D7%9C-%D7%A6%D7%95-%D7%A1%D7%92%D7%99%D7%A8%D7%94-%D7%9C%D7%A2%D7%A1%D7%A7-%D7%9C%D7%A4%D7%99-%D7%A1%D7%A2%D7%99%D7%A3-22%D7%91-%D7%9C%D7%97%D7%95%D7%A7-%D7%A8%D7%99%D7%A9/,0,5,0,19
צו סגירה לעסק,https://jus-tice.co.il/psakdin/%D7%91%D7%99%D7%98%D7%95%D7%9C-%D7%A6%D7%95-%D7%A1%D7%92%D7%99%D7%A8%D7%94-%D7%9C%D7%A2%D7%A1%D7%A7-%D7%9C%D7%A4%D7%99-%D7%A1%D7%A2%D7%99%D7%A3-22%D7%91-%D7%9C%D7%97%D7%95%D7%A7-%D7%A8%D7%99%D7%A9/,0,2,0,26
צו סגירה לעסק ללא רישיון,https://jus-tice.co.il/psakdin/%D7%91%D7%99%D7%98%D7%95%D7%9C-%D7%A6%D7%95-%D7%A1%D7%92%D7%99%D7%A8%D7%94-%D7%9C%D7%A2%D7%A1%D7%A7-%D7%9C%D7%A4%D7%99-%D7%A1%D7%A2%D7%99%D7%A3-22%D7%91-%D7%9C%D7%97%D7%95%D7%A7-%D7%A8%D7%99%D7%A9/,0,1,0,24
צו סגירה לעסקים,https://jus-tice.co.il/psakdin/%D7%91%D7%99%D7%98%D7%95%D7%9C-%D7%A6%D7%95-%D7%A1%D7%92%D7%99%D7%A8%D7%94-%D7%9C%D7%A2%D7%A1%D7%A7-%D7%9C%D7%A4%D7%99-%D7%A1%D7%A2%D7%99%D7%A3-22%D7%91-%D7%9C%D7%97%D7%95%D7%A7-%D7%A8%D7%99%D7%A9/,0,4,0,30
צו סגירה מנהלי,https://jus-tice.co.il/psakdin/%D7%91%D7%99%D7%98%D7%95%D7%9C-%D7%A6%D7%95-%D7%A1%D7%92%D7%99%D7%A8%D7%94-%D7%9C%D7%A2%D7%A1%D7%A7-%D7%9C%D7%A4%D7%99-%D7%A1%D7%A2%D7%99%D7%A3-22%D7%91-%D7%9C%D7%97%D7%95%D7%A7-%D7%A8%D7%99%D7%A9/,0,1,0,42
צו סגירה מנהלי לעסק,https://jus-tice.co.il/psakdin/%D7%91%D7%99%D7%98%D7%95%D7%9C-%D7%A6%D7%95-%D7%A1%D7%92%D7%99%D7%A8%D7%94-%D7%9C%D7%A2%D7%A1%D7%A7-%D7%9C%D7%A4%D7%99-%D7%A1%D7%A2%D7%99%D7%A3-22%D7%91-%D7%9C%D7%97%D7%95%D7%A7-%D7%A8%D7%99%D7%A9/,0,1,0,30
צוואה doc,https://jus-tice.co.il/wp-content/uploads/2020/09/%D7%A6%D7%95%D7%95%D7%90%D7%94.docx,0,2,0,49.5
צוואה לדוגמא doc,https://jus-tice.co.il/wp-content/uploads/2020/09/%D7%A6%D7%95%D7%95%D7%90%D7%94.docx,0,2,0,60.5
צוואה לקונית,https://jus-tice.co.il/psakdin/%D7%94%D7%AA%D7%A0%D7%92%D7%93%D7%95%D7%AA-%D7%9C%D7%A6%D7%95%D7%95%D7%90%D7%94-%D7%91%D7%A9%D7%9C-%D7%94%D7%A9%D7%A4%D7%A2%D7%94-%D7%91%D7%9C%D7%AA%D7%99-%D7%94%D7%95%D7%92%D7%A0%D7%AA/,0,2,0,19.5
צוואות,https://jus-tice.co.il/%D7%A7%D7%98%D7%92%D7%95%D7%A8%D7%99%D7%95%D7%AA-%D7%9E%D7%90%D7%9E%D7%A8%D7%99%D7%9D/%D7%A6%D7%95%D7%95%D7%90%D7%95%D7%AA/,0,15,0,84
ציון אפגר נמוך,https://jus-tice.co.il/perinatal-asphyxia/,0,49,0,60.714285714285715
צליעה אנטלגית,https://jus-tice.co.il/psakdin/%D7%90%D7%95%D7%9E%D7%93%D7%9F-%D7%A4%D7%99%D7%A6%D7%95%D7%99%D7%99%D7%9D-%D7%9C%D7%A0%D7%A4%D7%92%D7%A2-%D7%AA%D7%90%D7%95%D7%A0%D7%AA-%D7%93%D7%A8%D7%9B%D7%99%D7%9D-%D7%9E%D7%AA%D7%99-%D7%AA%D7%A9/,0,2,0,38
צפלוהמטומה,https://jus-tice.co.il/birth-injury/,0,3,0,21.666666666666668
קבוצת גבאי חוות דעת,https://jus-tice.co.il/%D7%AA%D7%90-48125-05-18-%D7%92%D7%91%D7%90%D7%99-%D7%95%D7%90%D7%97-%D7%A0-%D7%A7%D7%91%D7%95%D7%A6%D7%AA-%D7%97%D7%92%D7%92-%D7%99%D7%99%D7%96%D7%95%D7%9D-%D7%A0%D7%93%D7%9C%D7%9F/,0,13,0,30.153846153846153
קבוצת גבאי תביעות,https://jus-tice.co.il/%D7%AA%D7%90-48125-05-18-%D7%92%D7%91%D7%90%D7%99-%D7%95%D7%90%D7%97-%D7%A0-%D7%A7%D7%91%D7%95%D7%A6%D7%AA-%D7%97%D7%92%D7%92-%D7%99%D7%99%D7%96%D7%95%D7%9D-%D7%A0%D7%93%D7%9C%D7%9F/,0,1,0,20
קבוצת מפעלי י ברוש בע מ,https://jus-tice.co.il/psakdin/%D7%91%D7%A7%D7%A9%D7%94-%D7%9C%D7%90%D7%99%D7%A9%D7%95%D7%A8-%D7%94%D7%A1%D7%93%D7%A8-%D7%97%D7%95%D7%91-%D7%95%D7%91%D7%A7%D7%A9%D7%95%D7%AA-%D7%9C%D7%9E%D7%AA%D7%9F-%D7%A6%D7%95-%D7%9C%D7%A4%D7%AA/,0,1,0,20
קביעות בשירות המדינה,https://jus-tice.co.il/articles/%D7%94%D7%90%D7%9D-%D7%9C%D7%A0%D7%A6%D7%99%D7%91-%D7%A9%D7%99%D7%A8%D7%95%D7%AA-%D7%94%D7%9E%D7%93%D7%99%D7%A0%D7%94-%D7%99%D7%A9-%D7%A1%D7%9E%D7%9B%D7%95%D7%AA-%D7%9C%D7%97%D7%AA%D7%95%D7%9D-%D7%A2/,0,1,0,54
קביעות סגן שני,https://jus-tice.co.il/articles/%D7%94%D7%90%D7%9D-%D7%9C%D7%A0%D7%A6%D7%99%D7%91-%D7%A9%D7%99%D7%A8%D7%95%D7%AA-%D7%94%D7%9E%D7%93%D7%99%D7%A0%D7%94-%D7%99%D7%A9-%D7%A1%D7%9E%D7%9B%D7%95%D7%AA-%D7%9C%D7%97%D7%AA%D7%95%D7%9D-%D7%A2/,0,1,0,45
קביעת יחסי עובד,https://jus-tice.co.il/employer-worker-relationship/,0,1,0,27
קביעת משמורת ילדים,https://jus-tice.co.il/what-is-child-custody/,0,1,0,49
קביעת פגישה בנק מזרחי,https://jus-tice.co.il/%D7%A4%D7%A1%D7%93-%D7%91%D7%A0%D7%95%D7%A9%D7%90-%D7%97%D7%95%D7%A4%D7%A9-%D7%94%D7%A2%D7%99%D7%A1%D7%95%D7%A7-%D7%A1%D7%A2%D7%A9-49088-11-18/,0,1,0,89
קביעת תור למע מ,https://jus-tice.co.il/israel-tax-authority/,0,1,0,42
קביעת תור לרשות המיסים,https://jus-tice.co.il/israel-tax-authority/,0,1,0,35
קביעת תור רשות המסים,https://jus-tice.co.il/israel-tax-authority/,0,1,0,52
קו הפרדה מרוסק,https://jus-tice.co.il/wp-content/uploads/2020/01/hana_v9.32.88s.pdf,0,1,0,48
קו הפרדה רצוף כפול בצבע לבן,https://jus-tice.co.il/wp-content/uploads/2020/01/hana_v9.32.88s.pdf,0,1,0,70
קובי גבאי טבריה,https://jus-tice.co.il/psakdin/%D7%A8%D7%90%D7%A9-%D7%A2%D7%A8%D7%99%D7%99%D7%AA-%D7%98%D7%91%D7%A8%D7%99%D7%94-%D7%A8%D7%95%D7%9F-%D7%A7%D7%95%D7%91%D7%99-%D7%A4%D7%A1%D7%93-%D7%91%D7%AA%D7%91%D7%99%D7%A2%D7%94-%D7%9C%D7%A4/,0,1,0,18
קובי שליסל,https://jus-tice.co.il/psakdin/page/3/,0,2,0,20.5
קופסאות+אחסון+סליידים,https://jus-tice.co.il/corona_virus/%D7%94%D7%A0%D7%97%D7%99%D7%95%D7%AA-%D7%9C%D7%94%D7%AA%D7%9E%D7%95%D7%93%D7%93%D7%95%D7%AA-%D7%A2%D7%9D-%D7%A0%D7%92%D7%99%D7%A3-%D7%94%D7%A7%D7%95%D7%A8%D7%95%D7%A0%D7%94-19-covid/,0,1,0,54
קורונה הנחיות,https://jus-tice.co.il/corona_virus/%D7%94%D7%A0%D7%97%D7%99%D7%95%D7%AA-%D7%9C%D7%94%D7%AA%D7%9E%D7%95%D7%93%D7%93%D7%95%D7%AA-%D7%A2%D7%9D-%D7%A0%D7%92%D7%99%D7%A3-%D7%94%D7%A7%D7%95%D7%A8%D7%95%D7%A0%D7%94-19-covid/,0,2,0,59.5
קורונה תופעות לוואי,https://jus-tice.co.il/research-report-n156-persistent-symptoms/,0,1,0,53
קוריאט שמואל סוכן ביטוח,https://jus-tice.co.il/psakdin/%D7%94%D7%98%D7%99%D7%A4%D7%95%D7%9C-%D7%91%D7%A0%D7%A4%D7%92%D7%A2%D7%99-%D7%A2%D7%91%D7%99%D7%A8%D7%95%D7%AA-%D7%9E%D7%99%D7%9F-%D7%91%D7%94%D7%9C%D7%99%D7%9A-%D7%94%D7%A4%D7%9C%D7%99%D7%9C%D7%99/,0,1,0,22
קורס ai לעורכי דין,https://jus-tice.co.il/legal-courses-for-lawyers/,0,15,0,42.13333333333333
קורס בינה מלאכותית לעורכי דין,https://jus-tice.co.il/legal-courses-for-lawyers/,0,1,0,58
קורס דיני עבודה לעורכי דין,https://jus-tice.co.il/legal-courses-for-lawyers/,0,1,0,16
קורס מקרקעין לעורכי דין,https://jus-tice.co.il/legal-courses-for-lawyers/,0,1,0,36
קורסים לשכת עורכי הדין,https://jus-tice.co.il/legal-courses-for-lawyers/,0,2,0,41.5
קורסים מקצועיים לעורכי דין,https://jus-tice.co.il/legal-courses-for-lawyers/,0,1,0,30
קורסים פרקטיים לעורכי דין,https://jus-tice.co.il/legal-courses-for-lawyers/,0,1,0,29
קורקינט לשבר ברגל,https://jus-tice.co.il/articles/%D7%AA%D7%90-39115-08-19-%D7%A4%D7%9C%D7%95%D7%A0%D7%99-%D7%A0-%D7%90%D7%9C%D7%99%D7%9E%D7%9C%D7%9A-%D7%95%D7%90%D7%97/,0,1,0,28
קידום אתר למנתח פלסטי,https://jus-tice.co.il/%D7%9E%D7%A0%D7%AA%D7%97-%D7%A4%D7%9C%D7%A1%D7%98%D7%99-%D7%A4%D7%A0%D7%99%D7%9D/,0,5,0,94
קידום אתרי עורכי דין,https://jus-tice.co.il/powerful-seo-tools-for-your-law-firm/,0,3,0,67
קידום אתרי עורכי דין באינטרנט,https://jus-tice.co.il/powerful-seo-tools-for-your-law-firm/,0,4,0,55.75
קידום אתרי עורכי דין בגוגל,https://jus-tice.co.il/powerful-seo-tools-for-your-law-firm/,0,1,0,88
קידום אתרים בגוגל לעורכי דין,https://jus-tice.co.il/powerful-seo-tools-for-your-law-firm/,0,10,0,97.6
קידום אתרים בגרמניה,https://jus-tice.co.il/search-engine-optimization/,0,2,0,65.5
קידום בגוגל לעורך דין,https://jus-tice.co.il/powerful-seo-tools-for-your-law-firm/,0,1,0,85
קידום בגוגל לעורכי דין,https://jus-tice.co.il/powerful-seo-tools-for-your-law-firm/,0,8,0,96.625
קידום משרדי עורכי דין בגוגל,https://jus-tice.co.il/powerful-seo-tools-for-your-law-firm/,0,10,0,65.1
קידום עורך דין בגוגל,https://jus-tice.co.il/powerful-seo-tools-for-your-law-firm/,0,2,0,59
קידום עורכי דין בגוגל,https://jus-tice.co.il/powerful-seo-tools-for-your-law-firm/,0,32,0,90.28125
קינטור חוק העונשין,https://jus-tice.co.il/wp-content/uploads/2023/03/9_lsr_311018.pdf,0,1,0,73
קיפוח זכות השימוש ברכב וידאו או סטילס,https://jus-tice.co.il/wp-content/uploads/2020/01/hana_v9.32.88s.pdf,0,3,0,65.33333333333333
קיצור של בית משפט,https://jus-tice.co.il/articles/%D7%9E%D7%94%D7%95-%D7%91%D7%99%D7%AA-%D7%9E%D7%A9%D7%A4%D7%98/,0,2,0,64
קירקפטריק,https://jus-tice.co.il/kl-gates/,0,2,0,69.5
קישורים ל seo,https://jus-tice.co.il/powerful-seo-tools-for-your-law-firm/,0,1,0,65
קלטרה,https://jus-tice.co.il/psakdin/%D7%94%D7%99%D7%95%D7%A2%D7%9E%D7%A9-%D7%90%D7%99%D7%A9%D7%A8-%D7%AA%D7%97%D7%9C%D7%99%D7%A3-%D7%92%D7%A0%D7%A8%D7%99-%D7%9C%D7%A7%D7%9C%D7%98%D7%A8%D7%94-%D7%AA%D7%A8%D7%95%D7%A4%D7%94-%D7%90%D7%A0/,0,2,0,23.5
קניית ביטקוין,https://jus-tice.co.il/what-is-bitcoin/,0,55,0,61.472727272727276
קניית ביטקוין עמלה נמוכה,https://jus-tice.co.il/what-is-bitcoin/,0,1,0,30
קניית בית באירופה,https://jus-tice.co.il/vonovia/,0,2,0,85
קניית בית בגרמניה,https://jus-tice.co.il/vonovia/,0,5,0,42.4
קניית בית בחול,https://jus-tice.co.il/apartment/,0,2,0,60
קניית בית בישראל,https://jus-tice.co.il/articles/10-%D7%A0%D7%95%D7%A9%D7%90%D7%99%D7%9D-%D7%A7%D7%A8%D7%99%D7%98%D7%99%D7%99%D7%9D-%D7%A9%D7%97%D7%99%D7%99%D7%91%D7%99%D7%9D-%D7%9C%D7%91%D7%93%D7%95%D7%A7-%D7%9C%D7%A4%D7%A0%D7%99-%D7%A7%D7%A0%D7%99/,0,13,0,44.84615384615385
קניית דירה בחול,https://jus-tice.co.il/apartment/,0,2,0,63.5
קניית דירה להשקעה בחול,https://jus-tice.co.il/apartment/,0,3,0,31.333333333333332
קניית דירה עורך דין,https://jus-tice.co.il/real-estate-lawyer-cost-2025/,0,1,0,94
"קניית נדל""ן בפורטוגל",https://jus-tice.co.il/portugal-overview-real-estate/,0,1,0,85
קניית נדלן בחול,https://jus-tice.co.il/apartment/,0,1,0,23
"קניית נכס בחו""ל",https://jus-tice.co.il/apartment/,0,9,0,41.666666666666664
קניית נכס בפורטוגל,https://jus-tice.co.il/portugal-overview-real-estate/,0,14,0,70.14285714285714
קניית נכס להשקעה באנגליה,https://jus-tice.co.il/apartment/,0,1,0,45
קניית נכס להשקעה בגרמניה,https://jus-tice.co.il/vonovia/,0,1,0,100
קניית רכב נכה ללא מיסים כל זכות,https://jus-tice.co.il/israel-tax-authority/,0,2,0,5.5
קנית ביטקוין,https://jus-tice.co.il/what-is-bitcoin/,0,2,0,80.5
קנס אור אדום 4000 ש ח,https://jus-tice.co.il/wp-content/uploads/2020/01/hana_v9.32.88s.pdf,0,7,0,74.42857142857143
קנס על אי חגירת חגורת בטיחות,https://jus-tice.co.il/wp-content/uploads/2020/01/hana_v9.32.88s.pdf,0,11,0,92.81818181818181
קנס על אי עצירה בתמרור עצור,https://jus-tice.co.il/wp-content/uploads/2020/01/hana_v9.32.88s.pdf,0,9,0,74.11111111111111
קנס על פרסה במקום אסור,https://jus-tice.co.il/wp-content/uploads/2020/01/hana_v9.32.88s.pdf,0,2,0,60.5
קצבת אובדן כושר עבודה,https://jus-tice.co.il/income-protection-insurance/,0,1,0,70
קריית ביטקוין,https://jus-tice.co.il/what-is-bitcoin/,0,1,0,69
קרניקטרוס,https://jus-tice.co.il/birth-injury/,0,2,0,41.5
ראש רשות ניירות ערך,https://jus-tice.co.il/wp-content/uploads/2022/06/06102016_1.pdf,0,2,0,52.5
רגולציה פיננסית,https://jus-tice.co.il/iflr1000/,0,1,0,86
רוזוב,https://jus-tice.co.il/wp-content/uploads/2020/11/%D7%A8%D7%95%D7%96%D7%95%D7%91-%D7%A0-%D7%9E%D7%93%D7%99%D7%A0%D7%AA-%D7%99%D7%A9%D7%A8%D7%90%D7%9C.pdf,0,1,0,10
רונית גורביץ שופטת,https://jus-tice.co.il/decision67437-12-18/,0,3,0,8.333333333333332
רונית ויצמן שופטת,https://jus-tice.co.il/articles/%D7%91%D7%99%D7%A8%D7%95%D7%A8-%D7%96%D7%9B%D7%95%D7%99%D7%95%D7%AA-%D7%91%D7%AA-%D7%96%D7%95%D7%92-%D7%9E%D7%9B%D7%95%D7%97-%D7%97%D7%95%D7%A7-%D7%99%D7%97%D7%A1%D7%99-%D7%9E%D7%9E%D7%95%D7%9F-%D7%9C/,0,1,0,48
רונית כהן שופטת,https://jus-tice.co.il/court-judge/,0,1,0,25
רונית רוזנפלד,https://jus-tice.co.il/wp-content/uploads/2019/03/%D7%91%D7%99%D7%94%D7%93-%D7%94%D7%90%D7%A8%D7%A6%D7%99-%D7%9C%D7%A2%D7%91%D7%95%D7%93%D7%94-%D7%A9-%D7%A8%D7%95%D7%A0%D7%99%D7%AA-%D7%A8%D7%95%D7%96%D7%A0%D7%A4%D7%9C%D7%93-%D7%A4%D7%A1%D7%93-%D7%91%D7%A0%D7%95%D7%A9%D7%90-%D7%94%D7%A4%D7%9C%D7%99%D7%99%D7%AA-%D7%90%D7%99%D7%A9%D7%94-%D7%91%D7%A7%D7%91%D7%9C%D7%94-%D7%9C%D7%A2%D7%91%D7%95%D7%93%D7%94.pdf,0,1,0,62
רועי פוליאק,https://jus-tice.co.il/wp-content/uploads/2019/03/%D7%91%D7%99%D7%94%D7%93-%D7%94%D7%90%D7%A8%D7%A6%D7%99-%D7%9C%D7%A2%D7%91%D7%95%D7%93%D7%94-%D7%94%D7%A0%D7%A9%D7%99%D7%90%D7%94-%D7%95%D7%99%D7%A8%D7%98-%D7%9C%D7%99%D7%91%D7%A0%D7%94-%D7%A4%D7%A1%D7%93-%D7%91%D7%A0%D7%95%D7%A9%D7%90-%D7%A7%D7%95%D7%A8%D7%A1-%D7%9E%D7%A9%D7%A4%D7%99%D7%A2%D7%99%D7%9D-%D7%A9%D7%9C-%D7%A0%D7%A6%D7%99%D7%91%D7%95%D7%AA-%D7%A9%D7%99%D7%A8%D7%95%D7%AA-%D7%94%D7%9E%D7%93%D7%99%D7%A0%D7%94.pdf,0,1,0,72
רועי פוליאק,https://jus-tice.co.il/wp-content/uploads/2019/03/%D7%91%D7%99%D7%94%D7%93-%D7%94%D7%90%D7%A8%D7%A6%D7%99-%D7%9C%D7%A2%D7%91%D7%95%D7%93%D7%94-%D7%A9-%D7%A8%D7%95%D7%A2%D7%99-%D7%A4%D7%95%D7%9C%D7%99%D7%90%D7%A7-%D7%93%D7%97%D7%99%D7%99%D7%AA-%D7%A2%D7%A8%D7%A2%D7%95%D7%A8-%D7%91%D7%AA%D7%91%D7%99%D7%A2%D7%94-%D7%A2%D7%9C-%D7%A1%D7%99%D7%95%D7%9D-%D7%94%D7%A2%D7%A1%D7%A7%D7%94-%D7%91%D7%90%D7%AA%D7%A8-%D7%90%D7%99%D7%A0%D7%98%D7%A8%D7%A0%D7%98-%D7%90%D7%99%D7%A8%D7%95%D7%98%D7%99.pdf,0,4,0,54.75
רועי שחר שופט,https://jus-tice.co.il/court-judge/,0,1,0,10
רופא+רשלן+בלידה,https://jus-tice.co.il/%D7%A2%D7%95%D7%A8%D7%9A-%D7%93%D7%99%D7%9F-%D7%A8%D7%A9%D7%9C%D7%A0%D7%95%D7%AA-%D7%A8%D7%A4%D7%95%D7%90%D7%99%D7%AA-%D7%91%D7%9C%D7%99%D7%93%D7%94-%D7%9E%D7%95%D7%9E%D7%9C%D7%A5/,0,2,0,88.5
רופאים בעלי רישיון ותחומי מומחיותם,https://jus-tice.co.il/wp-content/uploads/2020/02/%D7%94%D7%AA%D7%9C%D7%99%D7%99%D7%AA-%D7%A9%D7%9C%D7%99%D7%9C%D7%AA-%D7%A8%D7%A9%D7%99%D7%95%D7%A0%D7%95%D7%AA-%D7%9E%D7%A9%D7%A8%D7%93-%D7%94%D7%91%D7%A8%D7%99%D7%90%D7%95%D7%AA.pdf,0,2,0,13
רופאים המורשים לעסוק ברפואה,https://jus-tice.co.il/wp-content/uploads/2020/02/%D7%94%D7%AA%D7%9C%D7%99%D7%99%D7%AA-%D7%A9%D7%9C%D7%99%D7%9C%D7%AA-%D7%A8%D7%A9%D7%99%D7%95%D7%A0%D7%95%D7%AA-%D7%9E%D7%A9%D7%A8%D7%93-%D7%94%D7%91%D7%A8%D7%99%D7%90%D7%95%D7%AA.pdf,0,1,0,45
רוקחים בעלי רישיון,https://jus-tice.co.il/wp-content/uploads/2020/02/%D7%94%D7%AA%D7%9C%D7%99%D7%99%D7%AA-%D7%A9%D7%9C%D7%99%D7%9C%D7%AA-%D7%A8%D7%A9%D7%99%D7%95%D7%A0%D7%95%D7%AA-%D7%9E%D7%A9%D7%A8%D7%93-%D7%94%D7%91%D7%A8%D7%99%D7%90%D7%95%D7%AA.pdf,0,19,0,11.052631578947368
רותם ישראל מוצא,https://jus-tice.co.il/articles/%D7%93%D7%A0%D7%A4-5387-20-%D7%A8%D7%A4%D7%99-%D7%A8%D7%95%D7%AA%D7%9D-%D7%A0-%D7%9E%D7%93%D7%99%D7%A0%D7%AA-%D7%99%D7%A9%D7%A8%D7%90%D7%9C/,0,1,0,78
רטיבות בדירה חדשה מקבלן,https://jus-tice.co.il/decision28925-09-17/,0,1,0,85
ריכוז יתרות מס הכנסה,https://jus-tice.co.il/israel-tax-authority/,0,2,0,38.5
רילוקיישן לניו ג'רזי,https://jus-tice.co.il/%D7%A2%D7%95%D7%A8%D7%9A-%D7%93%D7%99%D7%9F-%D7%A8%D7%99%D7%A9%D7%95%D7%99-%D7%A2%D7%A1%D7%A7%D7%99%D7%9D/,0,2,0,42.5
רישיון 03,https://jus-tice.co.il/articles/%D7%A7%D7%95%D7%A8%D7%95%D7%A0%D7%94-%D7%94%D7%90%D7%A8%D7%9B%D7%AA-%D7%AA%D7%A7%D7%95%D7%A4%D7%AA-%D7%AA%D7%95%D7%A7%D7%A3-%D7%A8%D7%99%D7%A9%D7%99%D7%95%D7%9F-%D7%A8%D7%9B%D7%91-16-03-2020/,0,2,0,7
רישיון לעסוק ברפואה משרד הבריאות,https://jus-tice.co.il/wp-content/uploads/2020/02/%D7%94%D7%AA%D7%9C%D7%99%D7%99%D7%AA-%D7%A9%D7%9C%D7%99%D7%9C%D7%AA-%D7%A8%D7%A9%D7%99%D7%95%D7%A0%D7%95%D7%AA-%D7%9E%D7%A9%D7%A8%D7%93-%D7%94%D7%91%D7%A8%D7%99%D7%90%D7%95%D7%AA.pdf,0,1,0,67
רישיון נהיגה 2020,https://jus-tice.co.il/articles/%D7%A7%D7%95%D7%A8%D7%95%D7%A0%D7%94-%D7%94%D7%90%D7%A8%D7%9B%D7%AA-%D7%AA%D7%A7%D7%95%D7%A4%D7%AA-%D7%AA%D7%95%D7%A7%D7%A3-%D7%A8%D7%99%D7%A9%D7%99%D7%95%D7%9F-%D7%A8%D7%9B%D7%91-16-03-2020/,0,1,0,66
רישיון נהיגה מקרא,https://jus-tice.co.il/wp-content/uploads/2020/01/hana_v9.32.88s.pdf,0,1,0,63
רישיון קנאביס אלצהיימר,https://jus-tice.co.il/psakdin/%D7%91%D7%99%D7%98%D7%95%D7%9C-%D7%A6%D7%95%D7%95%D7%90%D7%94-%D7%9E%D7%90%D7%95%D7%97%D7%A8%D7%AA-%D7%91%D7%A9%D7%9C-%D7%94%D7%A9%D7%A4%D7%A2%D7%94-%D7%91%D7%9C%D7%AA%D7%99-%D7%94%D7%95%D7%92%D7%A0/,0,1,0,91
רישיונות רופאים משרד הבריאות,https://jus-tice.co.il/wp-content/uploads/2020/02/%D7%94%D7%AA%D7%9C%D7%99%D7%99%D7%AA-%D7%A9%D7%9C%D7%99%D7%9C%D7%AA-%D7%A8%D7%A9%D7%99%D7%95%D7%A0%D7%95%D7%AA-%D7%9E%D7%A9%D7%A8%D7%93-%D7%94%D7%91%D7%A8%D7%99%D7%90%D7%95%D7%AA.pdf,0,2,0,19.5
רכב שניתנה עליו הודעת אי שימוש ברכב,https://jus-tice.co.il/wp-content/uploads/2020/01/hana_v9.32.88s.pdf,0,1,0,83
רכב שניתנה עליו הודעת אי שימוש ברכב הורדה מהכביש,https://jus-tice.co.il/wp-content/uploads/2020/01/hana_v9.32.88s.pdf,0,7,0,47.42857142857143
רכישת דירה בפורטוגל,https://jus-tice.co.il/portugal-overview-real-estate/,0,1,0,93
רכישת נדלן בחול,https://jus-tice.co.il/apartment/,0,2,0,27.5
רכישת נכס בחול,https://jus-tice.co.il/apartment/,0,5,0,39
רכישת נכס בפורטוגל,https://jus-tice.co.il/portugal-homes/,0,1,0,48
"רמ""ש",https://jus-tice.co.il/%D7%A8%D7%9E%D7%A929980-04-22%D7%A2-%D7%90-%D7%95-%D7%A0-%D7%A4-%D7%95/,0,1,0,48
רמי בז'ה,https://jus-tice.co.il/prenuptial-agreement-for-second-marriage/,0,1,0,97
רמי שביט התגרש,https://jus-tice.co.il/changing-or-canceling-a-prenuptial-agreement/,0,2,0,11
רמי שביט משפחה,https://jus-tice.co.il/changing-or-canceling-a-prenuptial-agreement/,0,1,0,36
רענן ברוך שופט,https://jus-tice.co.il/court-judge/,0,1,0,22
רף המכס בישראל,https://jus-tice.co.il/israel-tax-authority/,0,2,0,21
רפי אוסמו הקטן,https://jus-tice.co.il/articles/%D7%93%D7%A0%D7%A4-5387-20-%D7%A8%D7%A4%D7%99-%D7%A8%D7%95%D7%AA%D7%9D-%D7%A0-%D7%9E%D7%93%D7%99%D7%A0%D7%AA-%D7%99%D7%A9%D7%A8%D7%90%D7%9C/,0,1,0,66
רפי ברום,https://jus-tice.co.il/articles/%D7%93%D7%A0%D7%A4-5387-20-%D7%A8%D7%A4%D7%99-%D7%A8%D7%95%D7%AA%D7%9D-%D7%A0-%D7%9E%D7%93%D7%99%D7%A0%D7%AA-%D7%99%D7%A9%D7%A8%D7%90%D7%9C/,0,1,0,37
רפי דנן,https://jus-tice.co.il/articles/%D7%93%D7%A0%D7%A4-5387-20-%D7%A8%D7%A4%D7%99-%D7%A8%D7%95%D7%AA%D7%9D-%D7%A0-%D7%9E%D7%93%D7%99%D7%A0%D7%AA-%D7%99%D7%A9%D7%A8%D7%90%D7%9C/,0,1,0,66
רפי מזרחי תביעות,https://jus-tice.co.il/articles/%D7%93%D7%A0%D7%A4-5387-20-%D7%A8%D7%A4%D7%99-%D7%A8%D7%95%D7%AA%D7%9D-%D7%A0-%D7%9E%D7%93%D7%99%D7%A0%D7%AA-%D7%99%D7%A9%D7%A8%D7%90%D7%9C/,0,1,0,26
רפי רותם,https://jus-tice.co.il/articles/%D7%93%D7%A0%D7%A4-5387-20-%D7%A8%D7%A4%D7%99-%D7%A8%D7%95%D7%AA%D7%9D-%D7%A0-%D7%9E%D7%93%D7%99%D7%A0%D7%AA-%D7%99%D7%A9%D7%A8%D7%90%D7%9C/,0,1,0,31
רשויות המס,https://jus-tice.co.il/israel-tax-authority/,0,85,0,30.36470588235294
רשות המיסים,https://jus-tice.co.il/israel-tax-authority/,0,2,0,85
רשות המיסים בישראל,https://jus-tice.co.il/israel-tax-authority/,0,1,0,40
רשות המיסים טלפון,https://jus-tice.co.il/israel-tax-authority/,0,9,0,34
רשות המיסים מוקד,https://jus-tice.co.il/israel-tax-authority/,0,1,0,40
רשות המיסים מכס,https://jus-tice.co.il/israel-tax-authority/,0,1,0,24
רשות המיסים מס הכנסה,https://jus-tice.co.il/israel-tax-authority/,0,4,0,41.25
רשות המיסים מס טלפון,https://jus-tice.co.il/israel-tax-authority/,0,1,0,73
רשות המיסים מפל,https://jus-tice.co.il/israel-tax-authority/,0,1,0,22
רשות המיסים משרד האוצר,https://jus-tice.co.il/israel-tax-authority/,0,1,0,27
רשות המיסים ניכויים,https://jus-tice.co.il/israel-tax-authority/,0,2,0,30
רשות המיסים עדכונים,https://jus-tice.co.il/israel-tax-authority/,0,1,0,86
רשות המיסים פטור ממס,https://jus-tice.co.il/israel-tax-authority/,0,1,0,27
רשות המיסים פטור ממס פיצויים,https://jus-tice.co.il/israel-tax-authority/,0,1,0,43
רשות המיסים ראשון לציון שעות פתיחה,https://jus-tice.co.il/israel-tax-authority/,0,1,0,70
רשות המיסים שירות לקוחות טלפון,https://jus-tice.co.il/israel-tax-authority/,0,1,0,57
רשות המיסים תלונה,https://jus-tice.co.il/israel-tax-authority/,0,1,0,94
רשות המיססים,https://jus-tice.co.il/israel-tax-authority/,0,1,0,34
רשות המסים,https://jus-tice.co.il/israel-tax-authority/,0,3,0,78
רשות המסים איזור אישי,https://jus-tice.co.il/israel-tax-authority/,0,1,0,60
רשות המסים בישראל,https://jus-tice.co.il/israel-tax-authority/,0,1,0,51
רשות המסים בישראל תשלומים,https://jus-tice.co.il/israel-tax-authority/,0,1,0,25
רשות המסים טלפון,https://jus-tice.co.il/israel-tax-authority/,0,5,0,35.8
רשות המסים טלפון מוקד,https://jus-tice.co.il/israel-tax-authority/,0,1,0,20
רשות המסים מפל,https://jus-tice.co.il/israel-tax-authority/,0,1,0,32
רשות המסים משרד האוצר,https://jus-tice.co.il/israel-tax-authority/,0,1,0,51
רשות לניירות ערך,https://jus-tice.co.il/wp-content/uploads/2022/06/06102016_1.pdf,0,1,0,40
רשות ניירות ערך,https://jus-tice.co.il/wp-content/uploads/2022/06/06102016_1.pdf,0,5,0,53.4
רשות ניירות ערך כתובת,https://jus-tice.co.il/wp-content/uploads/2022/06/06102016_1.pdf,0,2,0,24
רשות ניירות ערך פניות הציבור,https://jus-tice.co.il/wp-content/uploads/2022/06/06102016_1.pdf,0,1,0,30
רשות ניע,https://jus-tice.co.il/wp-content/uploads/2022/06/06102016_1.pdf,0,1,0,50
רשות.המיסים,https://jus-tice.co.il/israel-tax-authority/,0,1,0,23
רשימת בעלי תפקידים ברשות המיסים,https://jus-tice.co.il/israel-tax-authority/,0,2,0,27.5
רשימת נכסים לפי תעודת זהות,https://jus-tice.co.il/land-appreciation-tax/,0,1,0,100
רשימת עבירות תנועה,https://jus-tice.co.il/wp-content/uploads/2020/01/hana_v9.32.88s.pdf,0,1,0,97
רשימת עורכי דין בישראל,https://jus-tice.co.il/,0,3,0,13
רשימת עורכי הדין בישראל,https://jus-tice.co.il/,0,1,0,10
רשימת עזבונות 2025,https://jus-tice.co.il/strategic-divorce-cost-planning/,0,1,0,30
רשימת שופטים,https://jus-tice.co.il/court-judge/,0,3,0,17.666666666666668
רשלנות בהריון בסיכון,https://jus-tice.co.il/%D7%A2%D7%95%D7%A8%D7%9A-%D7%93%D7%99%D7%9F-%D7%A8%D7%A9%D7%9C%D7%A0%D7%95%D7%AA-%D7%A8%D7%A4%D7%95%D7%90%D7%99%D7%AA-%D7%91%D7%9C%D7%99%D7%93%D7%94-%D7%9E%D7%95%D7%9E%D7%9C%D7%A5/,0,1,0,101
רשלנות בלידה,https://jus-tice.co.il/%D7%A2%D7%95%D7%A8%D7%9A-%D7%93%D7%99%D7%9F-%D7%A8%D7%A9%D7%9C%D7%A0%D7%95%D7%AA-%D7%A8%D7%A4%D7%95%D7%90%D7%99%D7%AA-%D7%91%D7%9C%D7%99%D7%93%D7%94-%D7%9E%D7%95%D7%9E%D7%9C%D7%A5/,0,6,0,68.16666666666667
רשלנות בניתוחים פלסטיים,https://jus-tice.co.il/%D7%A2%D7%95%D7%A8%D7%9A-%D7%93%D7%99%D7%9F-%D7%A8%D7%A9%D7%9C%D7%A0%D7%95%D7%AA-%D7%91%D7%A0%D7%99%D7%AA%D7%95%D7%97-%D7%A4%D7%9C%D7%A1%D7%98%D7%99-%D7%94%D7%9E%D7%9C%D7%A6%D7%95%D7%AA-%D7%A2%D7%95%D7%93-%D7%A8%D7%A9%D7%9C%D7%A0%D7%95%D7%AA-%D7%A0%D7%99%D7%AA%D7%95%D7%97-%D7%A4%D7%9C%D7%A1%D7%98%D7%99/,0,18,0,73.44444444444444
רשלנות הגדרה,https://jus-tice.co.il/what-is-medical-malpractice-definition-examples/,0,2,0,48
רשלנות עקב טיפול לקוי לאחר לידה,https://jus-tice.co.il/%D7%A2%D7%95%D7%A8%D7%9A-%D7%93%D7%99%D7%9F-%D7%A8%D7%A9%D7%9C%D7%A0%D7%95%D7%AA-%D7%A8%D7%A4%D7%95%D7%90%D7%99%D7%AA-%D7%91%D7%9C%D7%99%D7%93%D7%94-%D7%9E%D7%95%D7%9E%D7%9C%D7%A5/,0,1,0,77
רשלנות פירוש,https://jus-tice.co.il/medical-malpractice-lawyer/,0,1,0,21
רשלנות רפואית אבחנה לא נכונה,https://jus-tice.co.il/what-is-medical-malpractice-definition-examples/,0,46,0,83.8913043478261
רשלנות רפואית אפידורל,https://jus-tice.co.il/%D7%A2%D7%95%D7%A8%D7%9A-%D7%93%D7%99%D7%9F-%D7%A8%D7%A9%D7%9C%D7%A0%D7%95%D7%AA-%D7%A8%D7%A4%D7%95%D7%90%D7%99%D7%AA-%D7%91%D7%9C%D7%99%D7%93%D7%94-%D7%9E%D7%95%D7%9E%D7%9C%D7%A5/,0,7,0,64
רשלנות רפואית באנגלית,https://jus-tice.co.il/anesthesia-medical-malpractice/,0,1,0,36
רשלנות רפואית בבית חולים,https://jus-tice.co.il/%D7%A8%D7%A9%D7%9C%D7%A0%D7%95%D7%AA-%D7%A8%D7%A4%D7%95%D7%90%D7%99%D7%AA-%D7%91%D7%94%D7%99%D7%AA-%D7%97%D7%95%D7%9C%D7%99%D7%9D/,0,2,0,53.5
רשלנות רפואית בבתי חולים,https://jus-tice.co.il/%D7%A8%D7%A9%D7%9C%D7%A0%D7%95%D7%AA-%D7%A8%D7%A4%D7%95%D7%90%D7%99%D7%AA-%D7%91%D7%94%D7%99%D7%AA-%D7%97%D7%95%D7%9C%D7%99%D7%9D/,0,6,0,91
רשלנות רפואית בהרדמה,https://jus-tice.co.il/anesthesia-medical-malpractice/,0,290,0,30.8
רשלנות רפואית בהריון עורך דין,https://jus-tice.co.il/%D7%A2%D7%95%D7%A8%D7%9A-%D7%93%D7%99%D7%9F-%D7%A8%D7%A9%D7%9C%D7%A0%D7%95%D7%AA-%D7%A8%D7%A4%D7%95%D7%90%D7%99%D7%AA-%D7%91%D7%9C%D7%99%D7%93%D7%94-%D7%9E%D7%95%D7%9E%D7%9C%D7%A5/,0,4,0,88.5
רשלנות רפואית בחדר לידה,https://jus-tice.co.il/%D7%A2%D7%95%D7%A8%D7%9A-%D7%93%D7%99%D7%9F-%D7%A8%D7%A9%D7%9C%D7%A0%D7%95%D7%AA-%D7%A8%D7%A4%D7%95%D7%90%D7%99%D7%AA-%D7%91%D7%9C%D7%99%D7%93%D7%94-%D7%9E%D7%95%D7%9E%D7%9C%D7%A5/,0,3,0,80.66666666666667
רשלנות רפואית בטיפול,https://jus-tice.co.il/what-is-medical-malpractice-definition-examples/,0,38,0,59.973684210526315
רשלנות רפואית בישראל,https://jus-tice.co.il/%D7%97%D7%95%D7%A7-%D7%A8%D7%A9%D7%9C%D7%A0%D7%95%D7%AA-%D7%A8%D7%A4%D7%95%D7%90%D7%99%D7%AA/,0,6,0,61.833333333333336
רשלנות רפואית בכירורגיה,https://jus-tice.co.il/surgical-errors-medical-malpractice/,0,4,0,22.5
רשלנות רפואית בלידה עורך דין,https://jus-tice.co.il/%D7%A2%D7%95%D7%A8%D7%9A-%D7%93%D7%99%D7%9F-%D7%A8%D7%A9%D7%9C%D7%A0%D7%95%D7%AA-%D7%A8%D7%A4%D7%95%D7%90%D7%99%D7%AA-%D7%91%D7%9C%D7%99%D7%93%D7%94-%D7%9E%D7%95%D7%9E%D7%9C%D7%A5/,0,15,0,51.6
רשלנות רפואית במתן תרופה,https://jus-tice.co.il/medical-malpractice-common-errors-doctors-hospitals/,0,4,0,67.5
רשלנות רפואית במתן תרופות,https://jus-tice.co.il/medical-malpractice-common-errors-doctors-hospitals/,0,44,0,78.70454545454545
רשלנות רפואית בניתוח פלסטי,https://jus-tice.co.il/%D7%A2%D7%95%D7%A8%D7%9A-%D7%93%D7%99%D7%9F-%D7%A8%D7%A9%D7%9C%D7%A0%D7%95%D7%AA-%D7%91%D7%A0%D7%99%D7%AA%D7%95%D7%97-%D7%A4%D7%9C%D7%A1%D7%98%D7%99-%D7%94%D7%9E%D7%9C%D7%A6%D7%95%D7%AA-%D7%A2%D7%95%D7%93-%D7%A8%D7%A9%D7%9C%D7%A0%D7%95%D7%AA-%D7%A0%D7%99%D7%AA%D7%95%D7%97-%D7%A4%D7%9C%D7%A1%D7%98%D7%99/,0,26,0,61.96153846153846
רשלנות רפואית בניתוחים פלסטיים,https://jus-tice.co.il/%D7%A2%D7%95%D7%A8%D7%9A-%D7%93%D7%99%D7%9F-%D7%A8%D7%A9%D7%9C%D7%A0%D7%95%D7%AA-%D7%91%D7%A0%D7%99%D7%AA%D7%95%D7%97-%D7%A4%D7%9C%D7%A1%D7%98%D7%99-%D7%94%D7%9E%D7%9C%D7%A6%D7%95%D7%AA-%D7%A2%D7%95%D7%93-%D7%A8%D7%A9%D7%9C%D7%A0%D7%95%D7%AA-%D7%A0%D7%99%D7%AA%D7%95%D7%97-%D7%A4%D7%9C%D7%A1%D7%98%D7%99/,0,16,0,81.6875
רשלנות רפואית הגדרה,https://jus-tice.co.il/what-is-medical-malpractice-definition-examples/,0,31,0,30.93548387096774
רשלנות רפואית הרדמה,https://jus-tice.co.il/anesthesia-medical-malpractice/,0,12,0,32.5
רשלנות רפואית כירורגיה,https://jus-tice.co.il/surgical-errors-medical-malpractice/,0,33,0,21.454545454545453
רשלנות רפואית לידה תל אביב,https://jus-tice.co.il/%D7%A2%D7%95%D7%A8%D7%9A-%D7%93%D7%99%D7%9F-%D7%A8%D7%A9%D7%9C%D7%A0%D7%95%D7%AA-%D7%A8%D7%A4%D7%95%D7%90%D7%99%D7%AA-%D7%91%D7%9C%D7%99%D7%93%D7%94-%D7%9E%D7%95%D7%9E%D7%9C%D7%A5/,0,12,0,30.75
רשלנות רפואית לנשים בהריון,https://jus-tice.co.il/%D7%A2%D7%95%D7%A8%D7%9A-%D7%93%D7%99%D7%9F-%D7%A8%D7%A9%D7%9C%D7%A0%D7%95%D7%AA-%D7%A8%D7%A4%D7%95%D7%90%D7%99%D7%AA-%D7%91%D7%9C%D7%99%D7%93%D7%94-%D7%9E%D7%95%D7%9E%D7%9C%D7%A5/,0,55,0,56.61818181818182
רשלנות רפואית מוות פיצוי,https://jus-tice.co.il/what-is-medical-malpractice-definition-examples/,0,40,0,80.525
רשלנות רפואית ניתוחים פלסטיים,https://jus-tice.co.il/%D7%A2%D7%95%D7%A8%D7%9A-%D7%93%D7%99%D7%9F-%D7%A8%D7%A9%D7%9C%D7%A0%D7%95%D7%AA-%D7%91%D7%A0%D7%99%D7%AA%D7%95%D7%97-%D7%A4%D7%9C%D7%A1%D7%98%D7%99-%D7%94%D7%9E%D7%9C%D7%A6%D7%95%D7%AA-%D7%A2%D7%95%D7%93-%D7%A8%D7%A9%D7%9C%D7%A0%D7%95%D7%AA-%D7%A0%D7%99%D7%AA%D7%95%D7%97-%D7%A4%D7%9C%D7%A1%D7%98%D7%99/,0,9,0,76.44444444444444
רשלנות רפואית פלסטיקה,https://jus-tice.co.il/%D7%A2%D7%95%D7%A8%D7%9A-%D7%93%D7%99%D7%9F-%D7%A8%D7%A9%D7%9C%D7%A0%D7%95%D7%AA-%D7%91%D7%A0%D7%99%D7%AA%D7%95%D7%97-%D7%A4%D7%9C%D7%A1%D7%98%D7%99-%D7%94%D7%9E%D7%9C%D7%A6%D7%95%D7%AA-%D7%A2%D7%95%D7%93-%D7%A8%D7%A9%D7%9C%D7%A0%D7%95%D7%AA-%D7%A0%D7%99%D7%AA%D7%95%D7%97-%D7%A4%D7%9C%D7%A1%D7%98%D7%99/,0,13,0,76.07692307692308
רשלנות רפואית קורונה,https://jus-tice.co.il/psakdin/%D7%9E%D7%90%D7%92%D7%A8-%D7%9E%D7%99%D7%93%D7%A2-%D7%A8%D7%A9%D7%9C%D7%A0%D7%95%D7%AA-%D7%A8%D7%A4%D7%95%D7%90%D7%99%D7%AA/,0,9,0,71.44444444444444
רשלנות רפואית קורונה,https://jus-tice.co.il/psakdin/20-%D7%98%D7%99%D7%A4%D7%99%D7%9D-%D7%9C%D7%9E%D7%A0%D7%99%D7%A2%D7%AA-%D7%A8%D7%A9%D7%9C%D7%A0%D7%95%D7%AA-%D7%A8%D7%A4%D7%95%D7%90%D7%99%D7%AA/,0,73,0,50.32876712328767
רשלנות רפואית קרע בלידה,https://jus-tice.co.il/%D7%A2%D7%95%D7%A8%D7%9A-%D7%93%D7%99%D7%9F-%D7%A8%D7%A9%D7%9C%D7%A0%D7%95%D7%AA-%D7%A8%D7%A4%D7%95%D7%90%D7%99%D7%AA-%D7%91%D7%9C%D7%99%D7%93%D7%94-%D7%9E%D7%95%D7%9E%D7%9C%D7%A5/,0,42,0,83.28571428571429
רשלנות רפואית שיתוק מוחין תל אביב,https://jus-tice.co.il/%D7%A2%D7%95%D7%A8%D7%9A-%D7%93%D7%99%D7%9F-%D7%A8%D7%A9%D7%9C%D7%A0%D7%95%D7%AA-%D7%A8%D7%A4%D7%95%D7%90%D7%99%D7%AA-%D7%91%D7%9C%D7%99%D7%93%D7%94-%D7%9E%D7%95%D7%9E%D7%9C%D7%A5/,0,1,0,91
רשלנות+בטיפול+ביילוד+לאחר+הלידה,https://jus-tice.co.il/decision39696-06-16/,0,1,0,54
רשלנות+בטיפול+ילוד+לאחר+לידה,https://jus-tice.co.il/decision39696-06-16/,0,1,0,85
רשלנות+בלידה+שגרמה+ל-cp,https://jus-tice.co.il/%D7%A2%D7%95%D7%A8%D7%9A-%D7%93%D7%99%D7%9F-%D7%A8%D7%A9%D7%9C%D7%A0%D7%95%D7%AA-%D7%A8%D7%A4%D7%95%D7%90%D7%99%D7%AA-%D7%91%D7%9C%D7%99%D7%93%D7%94-%D7%9E%D7%95%D7%9E%D7%9C%D7%A5/,0,2,0,65.5
רשלנות+רפואית+באי+ציון+משקל+עובר+בגיליון+הלידה,https://jus-tice.co.il/decision39696-06-16/,0,3,0,44.666666666666664
רשלנות+רפואית+בהריון+ולידה,https://jus-tice.co.il/%D7%A2%D7%95%D7%A8%D7%9A-%D7%93%D7%99%D7%9F-%D7%A8%D7%A9%D7%9C%D7%A0%D7%95%D7%AA-%D7%A8%D7%A4%D7%95%D7%90%D7%99%D7%AA-%D7%91%D7%9C%D7%99%D7%93%D7%94-%D7%9E%D7%95%D7%9E%D7%9C%D7%A5/,0,1,0,91
רשלנות+רפואית+בלידה+עורך+דין,https://jus-tice.co.il/%D7%A2%D7%95%D7%A8%D7%9A-%D7%93%D7%99%D7%9F-%D7%A8%D7%A9%D7%9C%D7%A0%D7%95%D7%AA-%D7%A8%D7%A4%D7%95%D7%90%D7%99%D7%AA-%D7%91%D7%9C%D7%99%D7%93%D7%94-%D7%9E%D7%95%D7%9E%D7%9C%D7%A5/,0,2,0,80
רשלנית פירוש,https://jus-tice.co.il/what-is-medical-malpractice-definition-examples/,0,3,0,16.333333333333336
רשם בית משפט,https://jus-tice.co.il/court-judge/,0,2,0,16
רשת המסים,https://jus-tice.co.il/israel-tax-authority/,0,1,0,93
רשת המסים בישראל,https://jus-tice.co.il/israel-tax-authority/,0,1,0,30
שאל עורך דין בחינם,https://jus-tice.co.il/,0,6,0,10.5
שאלה לעורך דין,https://jus-tice.co.il/,0,1,0,91
שאלון יחסי עובד מעביד,https://jus-tice.co.il/employer-worker-relationship/,0,1,0,33
שאלון לבדיקת יחסי עובד מעביד,https://jus-tice.co.il/employer-worker-relationship/,0,1,0,24
שבועת השוטר,https://jus-tice.co.il/wp-content/uploads/2022/02/PG-0039.pdf,0,1,0,4
שגיא שיף,https://jus-tice.co.il/psakdin/%D7%A4%D7%A1%D7%93-%D7%A1%D7%9C%D7%A7%D7%95%D7%9D-%D7%9E%D7%9B%D7%A8%D7%94-%D7%9E%D7%99%D7%93%D7%A2-%D7%95%D7%A0%D7%AA%D7%95%D7%A0%D7%99-%D7%90%D7%99%D7%9B%D7%95%D7%9F-%D7%A2%D7%9C-%D7%9C%D7%A7/,0,1,0,33
שוכר משכיר,https://jus-tice.co.il/rental-agreement/,0,2,0,73
שול הדרך הגדרה,https://jus-tice.co.il/wp-content/uploads/2020/01/hana_v9.32.88s.pdf,0,1,0,76
שומה מס הכנסה,https://jus-tice.co.il/israel-tax-authority/,0,45,0,30.622222222222224
שומת מס אישית,https://jus-tice.co.il/israel-tax-authority/,0,1,0,35
שומת מס הכנסה,https://jus-tice.co.il/israel-tax-authority/,0,29,0,33.241379310344826
שופט,https://jus-tice.co.il/court-judge/,0,15,0,10.466666666666667
שופט בבית משפט,https://jus-tice.co.il/court-judge/,0,3,0,5.666666666666667
שופט בכיר,https://jus-tice.co.il/court-judge/,0,1,0,1
שופט ישראלי,https://jus-tice.co.il/court-judge/,0,1,0,10
שופט עדי הדר,https://jus-tice.co.il/psakdin/%D7%A4%D7%A1%D7%93-%D7%91%D7%A2%D7%A8%D7%A2%D7%95%D7%A8-%D7%91%D7%95%D7%A7%D7%99%D7%A0%D7%92-%D7%A7%D7%95%D7%9D-%D7%A0-%D7%94%D7%97%D7%9C%D7%98%D7%AA-%D7%94%D7%A8%D7%A9%D7%95%D7%AA-%D7%9C%D7%94/,0,1,0,90
שופט קון,https://jus-tice.co.il/court-judge/,0,1,0,86
שופט שלום,https://jus-tice.co.il/court-judge/,0,1,0,1
שושנה ג'ונסון,https://jus-tice.co.il/kl-gates/,0,2,0,61
שושנה ג'ונסון הזמנת מקום,https://jus-tice.co.il/kl-gates/,0,1,0,39
שחקנים הודים מוכרים,https://jus-tice.co.il/chambers-and-partners/,0,1,0,71
שטינקרית,https://jus-tice.co.il/%D7%90%D7%99%D7%A9%D7%95%D7%9D-%D7%94%D7%98%D7%A8%D7%93%D7%95%D7%AA-%D7%A9%D7%9C-%D7%A2%D7%93-%D7%94%D7%9E%D7%93%D7%99%D7%A0%D7%94-%D7%A0%D7%99%D7%A8-%D7%97%D7%A4%D7%A5-%D7%95%D7%A2%D7%93%D7%AA-%D7%94/,0,1,0,60
שטף דם תת לחמיתי,https://jus-tice.co.il/birth-injury/,0,4,0,47.75
שטרנפלד נתן,https://jus-tice.co.il/articles/%D7%97%D7%96%D7%A7%D7%AA-%D7%97%D7%95%D7%91-%D7%9C%D7%A6%D7%93-%D7%92-%D7%A9%D7%90%D7%9B%D7%9F-%D7%97%D7%95%D7%91-%D7%94%D7%95%D7%90-%D7%95%D7%91%D7%A8%D7%90%D7%99%D7%96%D7%95%D7%9F-%D7%95/,0,1,0,23
שי עקביא ווזנר,https://jus-tice.co.il/psakdin/%D7%94%D7%98%D7%99%D7%A4%D7%95%D7%9C-%D7%91%D7%A0%D7%A4%D7%92%D7%A2%D7%99-%D7%A2%D7%91%D7%99%D7%A8%D7%95%D7%AA-%D7%9E%D7%99%D7%9F-%D7%91%D7%94%D7%9C%D7%99%D7%9A-%D7%94%D7%A4%D7%9C%D7%99%D7%9C%D7%99/,0,2,0,42
שיווק באינטרנט חסרונות,https://jus-tice.co.il/digital-marketing-agency/,0,1,0,48
שיווק במנועי חיפוש,https://jus-tice.co.il/search-engine-optimization/,0,37,0,66.1891891891892
"שיווק במנועי חיפוש,-",https://jus-tice.co.il/search-engine-optimization/,0,6,0,69.16666666666667
שיווק לעורך דין מקרקעין,https://jus-tice.co.il/real-estate-lawyer-cost-2025/,0,7,0,74
שיטות תמחור שכר טרחה בדיני משפחה,https://jus-tice.co.il/%D7%A2%D7%95%D7%93-%D7%92%D7%99%D7%A8%D7%95%D7%A9%D7%99%D7%9F-%D7%9E%D7%95%D7%9E%D7%9C%D7%A5-%D7%9B%D7%99%D7%A6%D7%93-%D7%9C%D7%9E%D7%A6%D7%95%D7%90-%D7%A2%D7%95%D7%A8%D7%9A-%D7%93%D7%99%D7%9F-%D7%92%D7%99%D7%A8%D7%95%D7%A9%D7%99%D7%9F-%D7%95%D7%9B%D7%9E%D7%94-%D7%A2%D7%95%D7%9C%D7%94-%D7%9C%D7%94%D7%AA%D7%92%D7%A8%D7%A9/,0,1,0,52
שינוי הסכם ממון,https://jus-tice.co.il/changing-or-canceling-a-prenuptial-agreement/,0,19,0,66.21052631578948
שינוי הסכם ממון,https://jus-tice.co.il/prenup-attorney/,0,2,0,52
שינוי הסכם ממון,https://jus-tice.co.il/prenuptial-agreements-overview/,0,19,0,47.94736842105263
שינוי משמורת ילדים,https://jus-tice.co.il/what-is-child-custody/,0,43,0,68.55813953488372
שיפוץ בית מלא בעבודת יד בבאטומי,https://jus-tice.co.il/real-estate-lawyer-cost-2025/,0,3,0,30.666666666666668
שיפוץ בתים מחיר מפתח ביד בבאטומי,https://jus-tice.co.il/real-estate-lawyer-cost-2025/,0,1,0,36
שיפוץ דירות מחיר מפתח ביד בבאטומי,https://jus-tice.co.il/real-estate-lawyer-cost-2025/,0,1,0,43
שיפוץ מקצועי דירות בבאטומי,https://jus-tice.co.il/real-estate-lawyer-cost-2025/,0,2,0,43.5
שירות לאומי בפרקליטות,https://jus-tice.co.il/psakdin/%D7%94%D7%98%D7%99%D7%A4%D7%95%D7%9C-%D7%91%D7%A0%D7%A4%D7%92%D7%A2%D7%99-%D7%A2%D7%91%D7%99%D7%A8%D7%95%D7%AA-%D7%9E%D7%99%D7%9F-%D7%91%D7%94%D7%9C%D7%99%D7%9A-%D7%94%D7%A4%D7%9C%D7%99%D7%9C%D7%99/,0,1,0,55
שירות לקוחות בוקינג קום,https://jus-tice.co.il/psakdin/%D7%A4%D7%A1%D7%93-%D7%91%D7%A2%D7%A8%D7%A2%D7%95%D7%A8-%D7%91%D7%95%D7%A7%D7%99%D7%A0%D7%92-%D7%A7%D7%95%D7%9D-%D7%A0-%D7%94%D7%97%D7%9C%D7%98%D7%AA-%D7%94%D7%A8%D7%A9%D7%95%D7%AA-%D7%9C%D7%94/,0,2,0,60.5
שירותי מומחה בית משפט,https://jus-tice.co.il/decision50014-01-19/,0,5,0,51.4
שירותי משרד עורכי דין,https://jus-tice.co.il/lawyer-referral-service/,0,8,0,25.375
שירותי עורכי דין,https://jus-tice.co.il/,0,2,0,36
שירותי עריכת דין,https://jus-tice.co.il/,0,2,0,43.5
שירותים מקוונים רשות המיסים,https://jus-tice.co.il/israel-tax-authority/,0,1,0,43
שירותים משפטיים,https://jus-tice.co.il/,0,3,0,48
שירותים משפטיים ורגולטוריים,https://jus-tice.co.il/,0,1,0,50
שיתוף חובות לאחר גירושין,https://jus-tice.co.il/%D7%90%D7%97%D7%A8%D7%99%D7%95%D7%AA-%D7%94%D7%91%D7%A2%D7%9C-%D7%9C%D7%97%D7%95%D7%91%D7%95%D7%AA-%D7%90%D7%A9%D7%AA%D7%95-%D7%A2%D7%9C-%D7%A4%D7%99-%D7%93%D7%99%D7%9F-%D7%AA%D7%95%D7%A8%D7%94-%D7%95%D7%A2%D7%9C-%D7%A4%D7%99-%D7%97%D7%95%D7%A7-%D7%99%D7%97%D7%A1%D7%99-%D7%9E%D7%9E%D7%95%D7%9F-%D7%96%D7%9B%D7%95%D7%99%D7%95%D7%AA-%D7%95%D7%97%D7%95%D7%91%D7%95%D7%AA-%D7%91%D7%9E%D7%A2%D7%A8%D7%9B%D7%AA-%D7%99%D7%97%D7%A1%D7%99%D7%9D-%D7%A9%D7%91%D7%94-%D7%94%D7%90%D7%99%D7%A9%D7%94-%D7%94%D7%99%D7%90-%D7%94%D7%9E%D7%A4%D7%A8%D7%A0%D7%A1%D7%AA/,0,1,0,27
שיתוף חובות לאחר גירושין,https://jus-tice.co.il/articles/%D7%94%D7%9C%D7%9B%D7%AA-%D7%A9%D7%99%D7%AA%D7%95%D7%A3-%D7%A1%D7%A4%D7%A6%D7%99%D7%A4%D7%99-%D7%91%D7%93%D7%99%D7%A8%D7%AA-%D7%9E%D7%92%D7%95%D7%A8%D7%99%D7%9D/,0,2,0,54
שיתוק מוחין cp,https://jus-tice.co.il/cerebral-palsy-rights/,0,1,0,95
שיתוק מוחין ילדים,https://jus-tice.co.il/cerebral-palsy-rights/,0,14,0,42
שכ ט עו ד רכישת דירה,https://jus-tice.co.il/real-estate-lawyer-cost-2025/,0,37,0,51.189189189189186
שכונת ויקטוריה אתונה,https://jus-tice.co.il/apartment/,0,1,0,61
שכט עוד קבלן,https://jus-tice.co.il/real-estate-lawyer-cost-2025/,0,1,0,54
שכירות מעל 10 שנים,https://jus-tice.co.il/rental-agreement/,0,1,0,68
שכר טרחה ייפוי כוח מתמשך,https://jus-tice.co.il/continuous-power-of-attorney-israel/,0,1,0,64
שכר טרחה עו ד מכירת דירה,https://jus-tice.co.il/real-estate-lawyer-cost-2025/,0,53,0,63.75471698113208
שכר טרחה עורך דין במכירת דירה,https://jus-tice.co.il/real-estate-lawyer-cost-2025/,0,62,0,66.01612903225806
שכר טרחה עורך דין גירושין,https://jus-tice.co.il/%D7%A2%D7%95%D7%93-%D7%92%D7%99%D7%A8%D7%95%D7%A9%D7%99%D7%9F-%D7%9E%D7%95%D7%9E%D7%9C%D7%A5-%D7%9B%D7%99%D7%A6%D7%93-%D7%9C%D7%9E%D7%A6%D7%95%D7%90-%D7%A2%D7%95%D7%A8%D7%9A-%D7%93%D7%99%D7%9F-%D7%92%D7%99%D7%A8%D7%95%D7%A9%D7%99%D7%9F-%D7%95%D7%9B%D7%9E%D7%94-%D7%A2%D7%95%D7%9C%D7%94-%D7%9C%D7%94%D7%AA%D7%92%D7%A8%D7%A9/,0,56,0,72.46428571428571
שכר טרחה עורך דין מכירת דירה,https://jus-tice.co.il/real-estate-lawyer-cost-2025/,0,3,0,54
שכר טרחה עורך דין מקרקעין,https://jus-tice.co.il/real-estate-lawyer-cost-2025/,0,1,0,3
שכר טרחה עורך דין קניית דירה,https://jus-tice.co.il/real-estate-lawyer-cost-2025/,0,45,0,64.8
שכר טרחה עורך דין קניית דירה יד שניה,https://jus-tice.co.il/real-estate-lawyer-cost-2025/,0,33,0,60.75757575757576
שכר טרחה עורך דין רכישת דירה יד שניה,https://jus-tice.co.il/real-estate-lawyer-cost-2025/,0,34,0,62.94117647058823
שכר טרחה עורך דין רשלנות רפואית,https://jus-tice.co.il/articles/%D7%A9%D7%9B%D7%A8-%D7%98%D7%A8%D7%97%D7%94-%D7%A2%D7%95%D7%A8%D7%9A-%D7%93%D7%99%D7%9F-%D7%A8%D7%A9%D7%9C%D7%A0%D7%95%D7%AA-%D7%A8%D7%A4%D7%95%D7%90%D7%99%D7%AA/,0,121,0,24.28099173553719
שכר טרחה רשלנות רפואית,https://jus-tice.co.il/articles/%D7%A9%D7%9B%D7%A8-%D7%98%D7%A8%D7%97%D7%94-%D7%A2%D7%95%D7%A8%D7%9A-%D7%93%D7%99%D7%9F-%D7%A8%D7%A9%D7%9C%D7%A0%D7%95%D7%AA-%D7%A8%D7%A4%D7%95%D7%90%D7%99%D7%AA/,0,9,0,32.111111111111114
שכר טרחת עו ד ברכישת דירה יד שניה,https://jus-tice.co.il/real-estate-lawyer-cost-2025/,0,30,0,56.9
שכר טרחת עורך דין מכירת דירה,https://jus-tice.co.il/real-estate-lawyer-cost-2025/,0,25,0,69.76
שכר טרחת עורך דין קניית דירה,https://jus-tice.co.il/real-estate-lawyer-cost-2025/,0,58,0,68.22413793103448
שכר טרחת עורך דין קניית דירה מקבלן,https://jus-tice.co.il/real-estate-lawyer-cost-2025/,0,4,0,67
שכר ממוצע באוקראינה,https://jus-tice.co.il/psakdin/%D7%90%D7%99%D7%9E%D7%95%D7%A5-%D7%99%D7%9C%D7%93-%D7%9E%D7%90%D7%95%D7%A7%D7%A8%D7%90%D7%99%D7%A0%D7%94-%D7%AA%D7%91%D7%99%D7%A2%D7%AA-%D7%A0%D7%96%D7%99%D7%A7%D7%99%D7%9F-%D7%91%D7%92%D7%99%D7%9F/,0,1,0,84
שכר עורכי דין במשרדים הגדולים,https://jus-tice.co.il/chambers-and-partners/,0,1,0,100
שלילת רישיון אחות,https://jus-tice.co.il/wp-content/uploads/2020/02/%D7%94%D7%AA%D7%9C%D7%99%D7%99%D7%AA-%D7%A9%D7%9C%D7%99%D7%9C%D7%AA-%D7%A8%D7%A9%D7%99%D7%95%D7%A0%D7%95%D7%AA-%D7%9E%D7%A9%D7%A8%D7%93-%D7%94%D7%91%D7%A8%D7%99%D7%90%D7%95%D7%AA.pdf,0,3,0,4
שלילת רישיון רופא,https://jus-tice.co.il/wp-content/uploads/2020/02/%D7%94%D7%AA%D7%9C%D7%99%D7%99%D7%AA-%D7%A9%D7%9C%D7%99%D7%9C%D7%AA-%D7%A8%D7%A9%D7%99%D7%95%D7%A0%D7%95%D7%AA-%D7%9E%D7%A9%D7%A8%D7%93-%D7%94%D7%91%D7%A8%D7%99%D7%90%D7%95%D7%AA.pdf,0,5,0,7.6
שלילת רשיון הרופא של ד״ר גיל יוסף שחר,https://jus-tice.co.il/wp-content/uploads/2020/02/%D7%94%D7%AA%D7%9C%D7%99%D7%99%D7%AA-%D7%A9%D7%9C%D7%99%D7%9C%D7%AA-%D7%A8%D7%A9%D7%99%D7%95%D7%A0%D7%95%D7%AA-%D7%9E%D7%A9%D7%A8%D7%93-%D7%94%D7%91%D7%A8%D7%99%D7%90%D7%95%D7%AA.pdf,0,3,0,37
שלם וסע צריפין,https://jus-tice.co.il/corona_virus/%D7%94%D7%A0%D7%97%D7%99%D7%95%D7%AA-%D7%9C%D7%94%D7%AA%D7%9E%D7%95%D7%93%D7%93%D7%95%D7%AA-%D7%A2%D7%9D-%D7%A0%D7%92%D7%99%D7%A3-%D7%94%D7%A7%D7%95%D7%A8%D7%95%D7%A0%D7%94-19-covid/,0,1,0,51
שלמה הרפז,https://jus-tice.co.il/psakdin/%D7%A4%D7%A8%D7%A1%D7%9D-%D7%94%D7%A7%D7%9C%D7%98%D7%95%D7%AA-%D7%9E%D7%9E%D7%A1%D7%9E%D7%9A-%D7%94%D7%A8%D7%A4%D7%96-%D7%A4%D7%A1%D7%93-%D7%94%D7%A2%D7%A8%D7%A2%D7%95%D7%A8/,0,1,0,51
שמאות לגירושין,https://jus-tice.co.il/%D7%AA%D7%99%D7%A7-916847/5-%D7%91%D7%91%D7%99%D7%AA-%D7%94%D7%93%D7%99%D7%9F-%D7%94%D7%A8%D7%91%D7%A0%D7%99-%D7%94%D7%90%D7%96%D7%95%D7%A8%D7%99-%D7%90%D7%A9%D7%93%D7%95%D7%93/,0,33,0,18.21212121212121
שמאי מקרקעין שכר טרחה,https://jus-tice.co.il/real-estate-lawyer-cost-2025/,0,1,0,95
שמות של עורכי דין,https://jus-tice.co.il/,0,8,0,39.75
שני כץ שופטת,https://jus-tice.co.il/court-judge/,0,1,0,19
שעות פתיחה אוצר החייל אריאל,https://jus-tice.co.il/%D7%A1%D7%9B%D7%A1%D7%95%D7%9A-%D7%91%D7%99%D7%9F-%D7%90%D7%9C%D7%9E%D7%A0%D7%94-%D7%95%D7%99%D7%9C%D7%93%D7%99%D7%94-%D7%95%D7%90%D7%9E%D7%95-%D7%A9%D7%9C-%D7%94%D7%A0%D7%A4%D7%98%D7%A8-%D7%94%D7%A0%D7%95%D7%92%D7%A2%D7%95%D7%AA-%D7%9C%D7%96%D7%9B%D7%95%D7%99%D7%95%D7%AA-%D7%A2%D7%9C-%D7%93%D7%99%D7%A8%D7%94-%D7%AA%D7%9E%D7%A9-7662-07-18/,0,1,0,56
שקעים בקפריסין,https://jus-tice.co.il/%D7%97%D7%AA%D7%99%D7%9E%D7%94-%D7%A2%D7%9C-%D7%A8%D7%A9%D7%99%D7%9E%D7%AA-%D7%9C%D7%99%D7%A7%D7%95%D7%99%D7%99%D7%9D/,0,1,0,55
שרה קנדלר,https://jus-tice.co.il/wp-content/uploads/2022/06/06102016_1.pdf,0,2,0,39
שרון מונטיפיורי גילן,https://jus-tice.co.il/%D7%A6%D7%91%D7%99%D7%90%D7%9C%D7%99-%D7%A0-%D7%A2%D7%99%D7%A8%D7%99%D7%99%D7%AA-%D7%AA%D7%9C-%D7%90%D7%91%D7%99%D7%91-%D7%9E%D7%A1%D7%9E%D7%9A-%D7%94%D7%A0%D7%97%D7%99%D7%95%D7%AA-%D7%9B%D7%99%D7%9B%D7%A8-%D7%90%D7%AA%D7%A8%D7%99%D7%9D-%D7%A4%D7%A1%D7%A7-%D7%93%D7%99%D7%9F/,0,1,0,88
שרת התשלומים הממשלתי משרד החוץ,https://jus-tice.co.il/apostille/,0,2,0,40
תאונות דרכים ויקיפדיה,https://jus-tice.co.il/%D7%97%D7%95%D7%A7-%D7%A4%D7%99%D7%A6%D7%95%D7%99%D7%99%D7%9D-%D7%9C%D7%A0%D7%A4%D7%92%D7%A2%D7%99-%D7%AA%D7%90%D7%95%D7%A0%D7%95%D7%AA-%D7%93%D7%A8%D7%9B%D7%99%D7%9D-%D7%A0%D7%95%D7%A1%D7%97-%D7%A2%D7%93%D7%9B%D7%A0%D7%99/,0,1,0,23
תאונת דרכים ללא ביטוח חובה,https://jus-tice.co.il/compulsory-motor-vehicle-insurance/,0,1,0,94
תאי שירותים במקום העבודה,https://jus-tice.co.il/employer-worker-relationship/,0,1,0,57
תביעה אזרחית בגין פגיעה בפרטיות,https://jus-tice.co.il/%D7%A4%D7%99%D7%A6%D7%95%D7%99-%D7%9B%D7%A1%D7%A4%D7%99-%D7%91%D7%92%D7%99%D7%9F-%D7%A4%D7%92%D7%99%D7%A2%D7%94-%D7%91%D7%A4%D7%A8%D7%98%D7%99%D7%95%D7%AA-%D7%A6%D7%A4%D7%99%D7%99%D7%94-%D7%95%D7%9E%D7%97%D7%99%D7%A7%D7%94-%D7%A9%D7%9C-%D7%A4%D7%A8%D7%99%D7%98%D7%99%D7%9D-%D7%9E%D7%94%D7%98%D7%9C%D7%A4%D7%95%D7%9F-%D7%9C%D7%9C%D7%90-%D7%A8%D7%A9%D7%95%D7%AA/,0,1,0,49
תביעה בגין ביטול טיסה,https://jus-tice.co.il/compensation-flight-delayed/,0,1,0,49
תביעה בגין ניצול יחסי מרות,https://jus-tice.co.il/psakdin/%D7%AA%D7%91%D7%99%D7%A2%D7%94-%D7%A9%D7%9C-%D7%9E%D7%9C%D7%A6%D7%A8%D7%99%D7%AA-%D7%94%D7%98%D7%A8%D7%93%D7%94-%D7%9E%D7%99%D7%A0%D7%99%D7%AA-300000-%D7%A9%D7%97-%D7%A4%D7%99%D7%A6%D7%95%D7%99/,0,1,0,19
תביעה בגין תאונה ללא ביטוח חובה,https://jus-tice.co.il/compulsory-motor-vehicle-insurance/,0,8,0,84.25
תביעה בגין תאונת דרכים במהלך תיקון דרך,https://jus-tice.co.il/%D7%97%D7%95%D7%A7-%D7%A4%D7%99%D7%A6%D7%95%D7%99%D7%99%D7%9D-%D7%9C%D7%A0%D7%A4%D7%92%D7%A2%D7%99-%D7%AA%D7%90%D7%95%D7%A0%D7%95%D7%AA-%D7%93%D7%A8%D7%9B%D7%99%D7%9D-%D7%A0%D7%95%D7%A1%D7%97-%D7%A2%D7%93%D7%9B%D7%A0%D7%99/,0,1,0,27
תביעה בגין תאונת קורקינט,https://jus-tice.co.il/articles/%D7%AA%D7%90-39115-08-19-%D7%A4%D7%9C%D7%95%D7%A0%D7%99-%D7%A0-%D7%90%D7%9C%D7%99%D7%9E%D7%9C%D7%9A-%D7%95%D7%90%D7%97/,0,133,0,61.87218045112782
תביעה בדיני עבודה,https://jus-tice.co.il/israeli-labor-law/,0,1,0,65
תביעה ביטוח חובה,https://jus-tice.co.il/compulsory-motor-vehicle-insurance/,0,2,0,87
תביעה ביטול טיסה,https://jus-tice.co.il/compensation-flight-delayed/,0,27,0,64.2962962962963
תביעה ייצוגית סירוב לבטל מנוי,https://jus-tice.co.il/psakdin/%D7%A4%D7%A1%D7%93-%D7%91%D7%A2%D7%A8%D7%A2%D7%95%D7%A8-%D7%91%D7%95%D7%A7%D7%99%D7%A0%D7%92-%D7%A7%D7%95%D7%9D-%D7%A0-%D7%94%D7%97%D7%9C%D7%98%D7%AA-%D7%94%D7%A8%D7%A9%D7%95%D7%AA-%D7%9C%D7%94/,0,3,0,89.66666666666667
תביעה לאיזון משאבים,https://jus-tice.co.il/33316-07-19/,0,4,0,19.75
תביעה לאיזון משאבים דוגמא,https://jus-tice.co.il/%D7%90%D7%97%D7%A8%D7%99%D7%95%D7%AA-%D7%94%D7%91%D7%A2%D7%9C-%D7%9C%D7%97%D7%95%D7%91%D7%95%D7%AA-%D7%90%D7%A9%D7%AA%D7%95-%D7%A2%D7%9C-%D7%A4%D7%99-%D7%93%D7%99%D7%9F-%D7%AA%D7%95%D7%A8%D7%94-%D7%95%D7%A2%D7%9C-%D7%A4%D7%99-%D7%97%D7%95%D7%A7-%D7%99%D7%97%D7%A1%D7%99-%D7%9E%D7%9E%D7%95%D7%9F-%D7%96%D7%9B%D7%95%D7%99%D7%95%D7%AA-%D7%95%D7%97%D7%95%D7%91%D7%95%D7%AA-%D7%91%D7%9E%D7%A2%D7%A8%D7%9B%D7%AA-%D7%99%D7%97%D7%A1%D7%99%D7%9D-%D7%A9%D7%91%D7%94-%D7%94%D7%90%D7%99%D7%A9%D7%94-%D7%94%D7%99%D7%90-%D7%94%D7%9E%D7%A4%D7%A8%D7%A0%D7%A1%D7%AA/,0,1,0,21
תביעה לאיזון משאבים דוגמא,https://jus-tice.co.il/33316-07-19/,0,22,0,11.318181818181818
תביעה לאכיפת הסכם גירושין דוגמא,https://jus-tice.co.il/cancel-a-divorce-settlement-agreement/,0,1,0,27
תביעה לביטול הסכם גירושין,https://jus-tice.co.il/cancel-a-divorce-settlement-agreement/,0,3,0,28.333333333333332
תביעה למזונות,https://jus-tice.co.il/psakdin/%D7%AA%D7%91%D7%99%D7%A2%D7%94-%D7%9C%D7%9E%D7%96%D7%95%D7%A0%D7%95%D7%AA-%D7%90%D7%99%D7%A9%D7%94-%D7%95%D7%A7%D7%98%D7%99%D7%A0%D7%95%D7%AA/,0,40,0,61.575
תביעה למזונות אישה דוגמא,https://jus-tice.co.il/psakdin/%D7%AA%D7%91%D7%99%D7%A2%D7%94-%D7%9C%D7%9E%D7%96%D7%95%D7%A0%D7%95%D7%AA-%D7%90%D7%99%D7%A9%D7%94-%D7%95%D7%A7%D7%98%D7%99%D7%A0%D7%95%D7%AA/,0,3,0,22.333333333333332
תביעה למשמורת ילדים,https://jus-tice.co.il/what-is-child-custody/,0,2,0,79
תביעה למשמורת ילדים,https://jus-tice.co.il/wp-content/uploads/2021/07/ChildCustody.pdf,0,30,0,79.1
תביעה לסעד הצהרתי,https://jus-tice.co.il/articles/%D7%A4%D7%A1%D7%93-%D7%AA%D7%91%D7%99%D7%A2%D7%94-%D7%9C%D7%A1%D7%A2%D7%93-%D7%94%D7%A6%D7%94%D7%A8%D7%AA%D7%99-%D7%94%D7%A7%D7%95%D7%91%D7%A2-%D7%9B%D7%99-%D7%96%D7%9B%D7%95%D7%99%D7%95%D7%AA/,0,1,0,52
תביעה לפיצויי פיטורין,https://jus-tice.co.il/psakdin/%D7%A4%D7%A1%D7%A7-%D7%93%D7%99%D7%9F-%D7%A4%D7%99%D7%A6%D7%95%D7%99%D7%99-%D7%A4%D7%99%D7%98%D7%95%D7%A8%D7%99%D7%9F-%D7%AA%D7%91%D7%99%D7%A2%D7%94-%D7%9C%D7%94%D7%A8%D7%9E%D7%AA-%D7%9E%D7%A1%D7%9A/,0,2,0,26
תביעה לפיצויים בגין פגיעה בפרטיות,https://jus-tice.co.il/%D7%A4%D7%99%D7%A6%D7%95%D7%99-%D7%9B%D7%A1%D7%A4%D7%99-%D7%91%D7%92%D7%99%D7%9F-%D7%A4%D7%92%D7%99%D7%A2%D7%94-%D7%91%D7%A4%D7%A8%D7%98%D7%99%D7%95%D7%AA-%D7%A6%D7%A4%D7%99%D7%99%D7%94-%D7%95%D7%9E%D7%97%D7%99%D7%A7%D7%94-%D7%A9%D7%9C-%D7%A4%D7%A8%D7%99%D7%98%D7%99%D7%9D-%D7%9E%D7%94%D7%98%D7%9C%D7%A4%D7%95%D7%9F-%D7%9C%D7%9C%D7%90-%D7%A8%D7%A9%D7%95%D7%AA/,0,5,0,32.4
תביעה לפירוק שיתוף בין אחים,https://jus-tice.co.il/articles/%D7%A4%D7%99%D7%A8%D7%95%D7%A7-%D7%A9%D7%99%D7%AA%D7%95%D7%A3-%D7%91%D7%99%D7%9F-%D7%91%D7%A0%D7%99-%D7%96%D7%95%D7%92-%D7%97%D7%9C%D7%95%D7%A7%D7%AA-%D7%93%D7%99%D7%A8%D7%94-%D7%9C%D7%A4%D7%99/,0,2,0,88.5
תביעה לפירוק שיתוף בין בני זוג,https://jus-tice.co.il/articles/%D7%A4%D7%99%D7%A8%D7%95%D7%A7-%D7%A9%D7%99%D7%AA%D7%95%D7%A3-%D7%91%D7%99%D7%9F-%D7%91%D7%A0%D7%99-%D7%96%D7%95%D7%92-%D7%97%D7%9C%D7%95%D7%A7%D7%AA-%D7%93%D7%99%D7%A8%D7%94-%D7%9C%D7%A4%D7%99/,0,4,0,47.75
תביעה לקבלת מחצית הזכויות בזוגיות,https://jus-tice.co.il/articles/%D7%91%D7%99%D7%A8%D7%95%D7%A8-%D7%96%D7%9B%D7%95%D7%99%D7%95%D7%AA-%D7%91%D7%AA-%D7%96%D7%95%D7%92-%D7%9E%D7%9B%D7%95%D7%97-%D7%97%D7%95%D7%A7-%D7%99%D7%97%D7%A1%D7%99-%D7%9E%D7%9E%D7%95%D7%9F-%D7%9C/,0,2,0,22.5
תביעה לקבלת מחצית הזכויות בזוגיות,https://jus-tice.co.il/psakdin/%D7%AA%D7%91%D7%99%D7%A2%D7%95%D7%AA-%D7%A8%D7%9B%D7%95%D7%A9%D7%99%D7%95%D7%AA-%D7%94%D7%93%D7%93%D7%99%D7%95%D7%AA-%D7%A9%D7%9C-%D7%91%D7%A0%D7%99-%D7%96%D7%95%D7%92-%D7%9C%D7%A9%D7%A2%D7%91%D7%A8/,0,9,0,23.555555555555557
תביעה משפטית,https://jus-tice.co.il/articles/%D7%9E%D7%94%D7%95-%D7%91%D7%99%D7%AA-%D7%9E%D7%A9%D7%A4%D7%98/,0,2,0,67.5
תביעה נגד חברת תעופה,https://jus-tice.co.il/compensation-flight-delayed/,0,17,0,41.529411764705884
תביעה נגד חברת תעופה זרה,https://jus-tice.co.il/compensation-flight-delayed/,0,10,0,54.1
תביעה עיכוב בטיסה,https://jus-tice.co.il/%D7%AA%D7%A7-25449-12-20-%D7%A4%D7%9C%D7%95%D7%A0%D7%99%D7%AA-%D7%95%D7%90%D7%97-%D7%A0-%D7%99%D7%95%D7%A0%D7%99%D7%99%D7%98%D7%93-%D7%90%D7%99%D7%A8%D7%9C%D7%99%D7%99%D7%A0%D7%A1-%D7%90%D7%99%D7%A0%D7%A7/,0,5,0,27
תביעה עיכוב בטיסה,https://jus-tice.co.il/compensation-flight-delayed/,0,1,0,98
תביעה על איחור במסירת דירה,https://jus-tice.co.il/%D7%A4%D7%99%D7%A6%D7%95%D7%99-%D7%91%D7%92%D7%99%D7%9F-%D7%90%D7%99%D7%97%D7%95%D7%A8-%D7%91%D7%9E%D7%A1%D7%99%D7%A8%D7%AA-%D7%93%D7%99%D7%A8%D7%94-%D7%9E%D7%A7%D7%91%D7%9C%D7%9F-%D7%AA%D7%90-10300-02-21/,0,3,0,43.666666666666664
תביעה על ביטול טיסה,https://jus-tice.co.il/compensation-flight-delayed/,0,2,0,25
תביעה על ביקורת בגוגל,https://jus-tice.co.il/%D7%AA%D7%90-28120-03-18-%D7%A4%D7%9C%D7%95%D7%A0%D7%99-%D7%A0-googel-llc-%D7%95%D7%90%D7%97/,0,2,0,30.5
תביעה על עיכוב במסירת דירה,https://jus-tice.co.il/%D7%A4%D7%99%D7%A6%D7%95%D7%99-%D7%91%D7%92%D7%99%D7%9F-%D7%90%D7%99%D7%97%D7%95%D7%A8-%D7%91%D7%9E%D7%A1%D7%99%D7%A8%D7%AA-%D7%93%D7%99%D7%A8%D7%94-%D7%9E%D7%A7%D7%91%D7%9C%D7%9F-%D7%AA%D7%90-10300-02-21/,0,8,0,50
תביעה על פגיעה בפרטיות,https://jus-tice.co.il/%D7%A4%D7%99%D7%A6%D7%95%D7%99-%D7%9B%D7%A1%D7%A4%D7%99-%D7%91%D7%92%D7%99%D7%9F-%D7%A4%D7%92%D7%99%D7%A2%D7%94-%D7%91%D7%A4%D7%A8%D7%98%D7%99%D7%95%D7%AA-%D7%A6%D7%A4%D7%99%D7%99%D7%94-%D7%95%D7%9E%D7%97%D7%99%D7%A7%D7%94-%D7%A9%D7%9C-%D7%A4%D7%A8%D7%99%D7%98%D7%99%D7%9D-%D7%9E%D7%94%D7%98%D7%9C%D7%A4%D7%95%D7%9F-%D7%9C%D7%9C%D7%90-%D7%A8%D7%A9%D7%95%D7%AA/,0,9,0,61.44444444444444
תביעה רד בול נותן לך כנפיים,https://jus-tice.co.il/psakdin/,0,3,0,53.333333333333336
תביעה רכושית,https://jus-tice.co.il/33316-07-19/,0,2,0,58.5
תביעה רכושית,https://jus-tice.co.il/psakdin/%D7%AA%D7%91%D7%99%D7%A2%D7%95%D7%AA-%D7%A8%D7%9B%D7%95%D7%A9%D7%99%D7%95%D7%AA-%D7%94%D7%93%D7%93%D7%99%D7%95%D7%AA-%D7%A9%D7%9C-%D7%91%D7%A0%D7%99-%D7%96%D7%95%D7%92-%D7%9C%D7%A9%D7%A2%D7%91%D7%A8/,0,2,0,20
תביעות איחור במסירה,https://jus-tice.co.il/%D7%A4%D7%99%D7%A6%D7%95%D7%99-%D7%91%D7%92%D7%99%D7%9F-%D7%90%D7%99%D7%97%D7%95%D7%A8-%D7%91%D7%9E%D7%A1%D7%99%D7%A8%D7%AA-%D7%93%D7%99%D7%A8%D7%94-%D7%9E%D7%A7%D7%91%D7%9C%D7%9F-%D7%AA%D7%90-10300-02-21/,0,103,0,54.9126213592233
תביעות באיחור במסירה,https://jus-tice.co.il/%D7%A4%D7%99%D7%A6%D7%95%D7%99-%D7%91%D7%92%D7%99%D7%9F-%D7%90%D7%99%D7%97%D7%95%D7%A8-%D7%91%D7%9E%D7%A1%D7%99%D7%A8%D7%AA-%D7%93%D7%99%D7%A8%D7%94-%D7%9E%D7%A7%D7%91%D7%9C%D7%9F-%D7%AA%D7%90-10300-02-21/,0,3,0,74
תביעות ביטוח חובה,https://jus-tice.co.il/compulsory-motor-vehicle-insurance/,0,9,0,73.44444444444444
תביעות דיני עבודה,https://jus-tice.co.il/israeli-labor-law/,0,4,0,79.25
תביעות נגד חברות תעופה,https://jus-tice.co.il/%D7%AA%D7%A7-25449-12-20-%D7%A4%D7%9C%D7%95%D7%A0%D7%99%D7%AA-%D7%95%D7%90%D7%97-%D7%A0-%D7%99%D7%95%D7%A0%D7%99%D7%99%D7%98%D7%93-%D7%90%D7%99%D7%A8%D7%9C%D7%99%D7%99%D7%A0%D7%A1-%D7%90%D7%99%D7%A0%D7%A7/,0,2,0,39.5
תביעות נגד חברות תעופה,https://jus-tice.co.il/compensation-flight-delayed/,0,6,0,58
תביעות נזיקין במשפחה,https://jus-tice.co.il/18834-05-20/,0,2,0,70
תביעות סלאפ,https://jus-tice.co.il/psakdin/,0,1,0,68
תביעות עיכוב בבנייה,https://jus-tice.co.il/%D7%A4%D7%99%D7%A6%D7%95%D7%99-%D7%91%D7%92%D7%99%D7%9F-%D7%90%D7%99%D7%97%D7%95%D7%A8-%D7%91%D7%9E%D7%A1%D7%99%D7%A8%D7%AA-%D7%93%D7%99%D7%A8%D7%94-%D7%9E%D7%A7%D7%91%D7%9C%D7%9F-%D7%AA%D7%90-10300-02-21/,0,4,0,67
תביעות קטנות איחור במסירת דירה,https://jus-tice.co.il/%D7%A4%D7%99%D7%A6%D7%95%D7%99-%D7%91%D7%92%D7%99%D7%9F-%D7%90%D7%99%D7%97%D7%95%D7%A8-%D7%91%D7%9E%D7%A1%D7%99%D7%A8%D7%AA-%D7%93%D7%99%D7%A8%D7%94-%D7%9E%D7%A7%D7%91%D7%9C%D7%9F-%D7%AA%D7%90-10300-02-21/,0,55,0,25.927272727272726
תביעות קטנות אל על,https://jus-tice.co.il/compensation-flight-delayed/,0,1,0,22
תביעות קטנות ירושלים,https://jus-tice.co.il/%D7%A7%D7%98%D7%92%D7%95%D7%A8%D7%99%D7%95%D7%AA-%D7%9E%D7%90%D7%9E%D7%A8%D7%99%D7%9D/%D7%A4%D7%99%D7%A6%D7%95%D7%99%D7%99%D7%9D/,0,1,0,65
תביעות רכושיות בין בני זוג לא נשואים,https://jus-tice.co.il/psakdin/%D7%AA%D7%91%D7%99%D7%A2%D7%95%D7%AA-%D7%A8%D7%9B%D7%95%D7%A9%D7%99%D7%95%D7%AA-%D7%94%D7%93%D7%93%D7%99%D7%95%D7%AA-%D7%A9%D7%9C-%D7%91%D7%A0%D7%99-%D7%96%D7%95%D7%92-%D7%9C%D7%A9%D7%A2%D7%91%D7%A8/,0,8,0,21.625
תביעות רשלנות רפואית כירורגיה הפלסטית,https://jus-tice.co.il/%D7%A2%D7%95%D7%A8%D7%9A-%D7%93%D7%99%D7%9F-%D7%A8%D7%A9%D7%9C%D7%A0%D7%95%D7%AA-%D7%91%D7%A0%D7%99%D7%AA%D7%95%D7%97-%D7%A4%D7%9C%D7%A1%D7%98%D7%99-%D7%94%D7%9E%D7%9C%D7%A6%D7%95%D7%AA-%D7%A2%D7%95%D7%93-%D7%A8%D7%A9%D7%9C%D7%A0%D7%95%D7%AA-%D7%A0%D7%99%D7%AA%D7%95%D7%97-%D7%A4%D7%9C%D7%A1%D7%98%D7%99/,0,2,0,76.5
תביעות תעבורה פתח תקווה טלפון,https://jus-tice.co.il/%D7%A4%D7%A1%D7%A7-%D7%93%D7%99%D7%9F-%D7%AA%D7%A2%D7%91%D7%95%D7%A8%D7%94-%D7%A2%D7%99%D7%9F-%D7%94%D7%A0%D7%A5-%D7%A7%D7%91%D7%99%D7%9C%D7%95%D7%AA-%D7%95%D7%97%D7%95%D7%A7%D7%99%D7%95%D7%AA-%D7%A8%D7%90%D7%99%D7%95%D7%AA-%D7%A9%D7%94%D7%95%D7%A0%D7%A4%D7%A7%D7%95-%D7%9E%D7%94%D7%9E%D7%A2%D7%A8%D7%9B%D7%AA/,0,1,0,71
תביעות+רשלנות+רפואית+בישראל,https://jus-tice.co.il/%D7%97%D7%95%D7%A7-%D7%A8%D7%A9%D7%9C%D7%A0%D7%95%D7%AA-%D7%A8%D7%A4%D7%95%D7%90%D7%99%D7%AA/,0,2,0,55
תביעת ביטוח דירה,https://jus-tice.co.il/home-insurance/,0,2,0,79
תביעת ביטוח חובה,https://jus-tice.co.il/compulsory-motor-vehicle-insurance/,0,12,0,79.66666666666667
תביעת ביטוח רכב חובה,https://jus-tice.co.il/compulsory-motor-vehicle-insurance/,0,7,0,74
תביעת גירושין דוגמא,https://jus-tice.co.il/wp-content/uploads/2021/03/%D7%A0%D7%95%D7%A1%D7%97-%D7%94%D7%A1%D7%9B%D7%9D-%D7%92%D7%99%D7%A8%D7%95%D7%A9%D7%99%D7%9F-%D7%93%D7%95%D7%92%D7%9E%D7%90-2021.docx,0,5,0,36.8
תביעת חברת תעופה,https://jus-tice.co.il/compensation-flight-delayed/,0,22,0,45.13636363636363
תביעת חברת תעופה על ביטול טיסה,https://jus-tice.co.il/compensation-flight-delayed/,0,12,0,29
תביעת כתובה בגידה,https://jus-tice.co.il/%D7%AA%D7%91%D7%99%D7%A2%D7%AA-%D7%9B%D7%AA%D7%95%D7%91%D7%94-%D7%A9%D7%9C-%D7%94%D7%AA%D7%95%D7%91%D7%A2%D7%AA-%D7%94%D7%90%D7%99%D7%A9%D7%94-%D7%A2%D7%9C-%D7%A1%D7%9A-1000000-%D7%A9%D7%97/,0,14,0,77.71428571428571
תביעת כתובה דוגמא,https://jus-tice.co.il/%D7%AA%D7%91%D7%99%D7%A2%D7%AA-%D7%9B%D7%AA%D7%95%D7%91%D7%94-%D7%A9%D7%9C-%D7%94%D7%AA%D7%95%D7%91%D7%A2%D7%AA-%D7%94%D7%90%D7%99%D7%A9%D7%94-%D7%A2%D7%9C-%D7%A1%D7%9A-1000000-%D7%A9%D7%97/,0,2,0,26.5
תביעת כתובה דוגמא,https://jus-tice.co.il/damages-claim-husband-ketubah-obligation/,0,6,0,13.833333333333334
תביעת מדור,https://jus-tice.co.il/articles/%D7%97%D7%95%D7%91%D7%AA-%D7%94%D7%90%D7%91-%D7%91%D7%9E%D7%93%D7%95%D7%A8-%D7%99%D7%9C%D7%93%D7%99%D7%95-%D7%91%D7%93%D7%99%D7%A8%D7%94-%D7%A9%D7%91%D7%91%D7%A2%D7%9C%D7%95%D7%AA-%D7%94%D7%90%D7%9D/,0,1,0,97
תביעת מזונות אישה,https://jus-tice.co.il/psakdin/%D7%AA%D7%91%D7%99%D7%A2%D7%94-%D7%9C%D7%9E%D7%96%D7%95%D7%A0%D7%95%D7%AA-%D7%90%D7%99%D7%A9%D7%94-%D7%95%D7%A7%D7%98%D7%99%D7%A0%D7%95%D7%AA/,0,16,0,73.3125
תביעת מזונות אישה דוגמא,https://jus-tice.co.il/psakdin/%D7%AA%D7%91%D7%99%D7%A2%D7%94-%D7%9C%D7%9E%D7%96%D7%95%D7%A0%D7%95%D7%AA-%D7%90%D7%99%D7%A9%D7%94-%D7%95%D7%A7%D7%98%D7%99%D7%A0%D7%95%D7%AA/,0,3,0,45.666666666666664
תביעת מזונות עבר,https://jus-tice.co.il/child-support-divorced-parents61641-09-19/,0,3,0,55
תביעת משמורת דוגמא,https://jus-tice.co.il/%D7%9E%D7%A9%D7%9E%D7%95%D7%A8%D7%AA-%D7%91%D7%9C%D7%A2%D7%93%D7%99%D7%AA-%D7%9C%D7%90%D7%9D-%D7%95%D7%A9%D7%99%D7%AA%D7%95%D7%A4%D7%99%D7%95%D7%AA-%D7%99%D7%97%D7%A1%D7%99%D7%AA-%D7%91%D7%9E%D7%A1%D7%92%D7%A8%D7%AA-%D7%90%D7%99%D7%96%D7%95%D7%9F-%D7%9E%D7%A9%D7%90%D7%91%D7%99%D7%9D-%D7%AA%D7%9C%D7%94%D7%9E-37049-07-18/,0,5,0,25
תביעת נזיקין על אלימות במשפחה,https://jus-tice.co.il/18834-05-20/,0,14,0,58.357142857142854
תביעת נזיקין שכר טרחה,https://jus-tice.co.il/articles/%D7%A9%D7%9B%D7%A8-%D7%98%D7%A8%D7%97%D7%94-%D7%A2%D7%95%D7%A8%D7%9A-%D7%93%D7%99%D7%9F-%D7%A8%D7%A9%D7%9C%D7%A0%D7%95%D7%AA-%D7%A8%D7%A4%D7%95%D7%90%D7%99%D7%AA/,0,1,0,55
תביעת נזקי גוף בעקבות תאונת קורקינט,https://jus-tice.co.il/articles/%D7%AA%D7%90-39115-08-19-%D7%A4%D7%9C%D7%95%D7%A0%D7%99-%D7%A0-%D7%90%D7%9C%D7%99%D7%9E%D7%9C%D7%9A-%D7%95%D7%90%D7%97/,0,3,0,73
תביעת פירוק שיתוף בין בני זוג,https://jus-tice.co.il/articles/%D7%A4%D7%99%D7%A8%D7%95%D7%A7-%D7%A9%D7%99%D7%AA%D7%95%D7%A3-%D7%91%D7%99%D7%9F-%D7%91%D7%A0%D7%99-%D7%96%D7%95%D7%92-%D7%97%D7%9C%D7%95%D7%A7%D7%AA-%D7%93%D7%99%D7%A8%D7%94-%D7%9C%D7%A4%D7%99/,0,1,0,49
תביעת רשלנות רפואית דוגמא,https://jus-tice.co.il/articles/%D7%9E%D7%A7%D7%A8%D7%99-%D7%A8%D7%A9%D7%9C%D7%A0%D7%95%D7%AA-%D7%A8%D7%A4%D7%95%D7%90%D7%99%D7%AA-%D7%93%D7%95%D7%92%D7%9E%D7%90%D7%95%D7%AA/,0,125,0,27.76
תביעת רשלנות רפואית ניתוח פלסטי,https://jus-tice.co.il/%D7%A2%D7%95%D7%A8%D7%9A-%D7%93%D7%99%D7%9F-%D7%A8%D7%A9%D7%9C%D7%A0%D7%95%D7%AA-%D7%91%D7%A0%D7%99%D7%AA%D7%95%D7%97-%D7%A4%D7%9C%D7%A1%D7%98%D7%99-%D7%94%D7%9E%D7%9C%D7%A6%D7%95%D7%AA-%D7%A2%D7%95%D7%93-%D7%A8%D7%A9%D7%9C%D7%A0%D7%95%D7%AA-%D7%A0%D7%99%D7%AA%D7%95%D7%97-%D7%A4%D7%9C%D7%A1%D7%98%D7%99/,0,12,0,47.083333333333336
תגרה במקום ציבורי,https://jus-tice.co.il/wp-content/uploads/2023/03/9_lsr_311018.pdf,0,1,0,87
תהליך הגירושין,https://jus-tice.co.il/strategic-divorce-cost-planning/,0,1,0,98
תוך כמה זמן מקבלים גט בהסכמה,https://jus-tice.co.il/articles/%D7%97%D7%99%D7%95%D7%91-%D7%92%D7%98-%D7%92%D7%99%D7%A8%D7%95%D7%A9%D7%99%D7%9F-%D7%95%D7%93%D7%97%D7%99%D7%99%D7%AA-%D7%91%D7%A7%D7%A9%D7%AA-%D7%94%D7%90%D7%99%D7%A9-%D7%9C%D7%93%D7%95%D7%9F-%D7%91/,0,1,0,98
תום סטרוגו,https://jus-tice.co.il/wp-content/uploads/2020/03/%D7%99%D7%9C%D7%A7%D7%95%D7%98-%D7%94%D7%A4%D7%A8%D7%A1%D7%95%D7%9E%D7%99%D7%9D-8755.pdf,0,1,0,82
תופעות לוואי של קורונה,https://jus-tice.co.il/research-report-n156-persistent-symptoms/,0,1,0,15
תוקף דוח אזהרה,https://jus-tice.co.il/wp-content/uploads/2020/01/hana_v9.32.88s.pdf,0,6,0,59.666666666666664
תוקף הסכם ממון,https://jus-tice.co.il/prenuptial-agreements-overview/,0,55,0,47.85454545454545
תוקפו של תמרור 424 הוא עד,https://jus-tice.co.il/wp-content/uploads/2020/01/hana_v9.32.88s.pdf,0,2,0,44
תוקפו של תמרור 424 הוא עד:,https://jus-tice.co.il/wp-content/uploads/2020/01/hana_v9.32.88s.pdf,0,2,0,40.5
תושב חוזר ותיק הגדרה,https://jus-tice.co.il/returning-resident-rights-determining-tax-rate/,0,1,0,66
תושב חוזר ותיק מס רכישה,https://jus-tice.co.il/returning-resident-rights-determining-tax-rate/,0,2,0,51.5
תושב חוזר זכויות מוצרי חשמל,https://jus-tice.co.il/returning-resident-rights-determining-tax-rate/,0,2,0,53.5
"תושב חוזר לארה""ב",https://jus-tice.co.il/returning-resident-rights-determining-tax-rate/,0,3,0,32.33333333333333
תושב חוזר מארצות הברית,https://jus-tice.co.il/returning-resident-rights-determining-tax-rate/,0,5,0,34.6
תושב חוזר פטור ממס,https://jus-tice.co.il/returning-resident-rights-determining-tax-rate/,0,1,0,50
תושב חוזר קניית רכב,https://jus-tice.co.il/returning-resident-rights-determining-tax-rate/,0,1,0,41
תחליף לכדורים,https://jus-tice.co.il/psakdin/%D7%94%D7%99%D7%95%D7%A2%D7%9E%D7%A9-%D7%90%D7%99%D7%A9%D7%A8-%D7%AA%D7%97%D7%9C%D7%99%D7%A3-%D7%92%D7%A0%D7%A8%D7%99-%D7%9C%D7%A7%D7%9C%D7%98%D7%A8%D7%94-%D7%AA%D7%A8%D7%95%D7%A4%D7%94-%D7%90%D7%A0/,0,2,0,73.5
תחנת משטרה לוד תמונות,https://jus-tice.co.il/wp-content/uploads/2025/05/%D7%9C%D7%94%D7%91-433-2025-300x200.png,0,1,0,11
תחשיבים לעורכי דין,https://jus-tice.co.il/,0,1,0,15
תיק 1000 2000 3000 4000,https://jus-tice.co.il/%D7%A0%D7%95%D7%A1%D7%97-%D7%9B%D7%AA%D7%91-%D7%94%D7%90%D7%99%D7%A9%D7%95%D7%9D-%D7%A0%D7%92%D7%93-%D7%91%D7%A0%D7%99%D7%9E%D7%99%D7%9F-%D7%A0%D7%AA%D7%A0%D7%99%D7%94%D7%95-%D7%AA%D7%99%D7%A7%D7%99%D7%9D-1000-2000-4000,0,4,0,8.75
תיק אזרחי,https://jus-tice.co.il/psakdin/%D7%91%D7%AA%D7%99-%D7%9E%D7%A9%D7%A4%D7%98-%D7%A0%D7%95%D7%94%D7%9C-%D7%97%D7%99%D7%A1%D7%99%D7%95%D7%9F-%D7%AA%D7%99%D7%A7%D7%99%D7%9D/,0,1,0,75
תיק במס הכנסה,https://jus-tice.co.il/israel-tax-authority/,0,3,0,68
תיק דלמטה,https://jus-tice.co.il/psakdin/%D7%91%D7%AA%D7%99-%D7%9E%D7%A9%D7%A4%D7%98-%D7%A0%D7%95%D7%94%D7%9C-%D7%97%D7%99%D7%A1%D7%99%D7%95%D7%9F-%D7%AA%D7%99%D7%A7%D7%99%D7%9D/,0,1,0,51
תיק מוצגים דוגמא,https://jus-tice.co.il/psakdin/%D7%94%D7%A4%D7%A8%D7%AA-%D7%97%D7%95%D7%A7-%D7%94%D7%9B%D7%A0%D7%99%D7%A1%D7%94-%D7%9C%D7%99%D7%A9%D7%A8%D7%90%D7%9C-%D7%93%D7%A8%D7%9A-%D7%A0%D7%AA%D7%91%D7%92/,0,1,0,20
תיק מס הכנסה,https://jus-tice.co.il/israel-tax-authority/,0,5,0,51.2
תיקון 2026 חוק הודעה מוקדמת לפיטורים ולהתפטרות,https://jus-tice.co.il/labor-law/%D7%97%D7%95%D7%A7-%D7%94%D7%95%D7%93%D7%A2%D7%94-%D7%9E%D7%95%D7%A7%D7%93%D7%9E%D7%AA-%D7%9C%D7%A4%D7%99%D7%98%D7%95%D7%A8%D7%99%D7%9D-%D7%95%D7%9C%D7%94%D7%AA%D7%A4%D7%98%D7%A8%D7%95%D7%AA/,0,7,0,10.571428571428571
תיקון 22 לחוק העונשין,https://jus-tice.co.il/wp-content/uploads/2023/03/%D7%A1%D7%A4%D7%A8-%D7%94%D7%97%D7%95%D7%A7%D7%99%D7%9D-2998.pdf,0,1,0,28
תיקון 3 לחוק יסוד השפיטה,https://jus-tice.co.il/wp-content/uploads/2022/06/yesod10.pdf,0,1,0,52
תיקון 50 לחוק מיסוי מקרקעין,https://jus-tice.co.il/psakdin/,0,1,0,3
תיקון חוק הודעה מוקדמת 2024,https://jus-tice.co.il/labor-law/%D7%97%D7%95%D7%A7-%D7%94%D7%95%D7%93%D7%A2%D7%94-%D7%9E%D7%95%D7%A7%D7%93%D7%9E%D7%AA-%D7%9C%D7%A4%D7%99%D7%98%D7%95%D7%A8%D7%99%D7%9D-%D7%95%D7%9C%D7%94%D7%AA%D7%A4%D7%98%D7%A8%D7%95%D7%AA/,0,1,0,6
תיקון חוק הודעה מוקדמת 2026,https://jus-tice.co.il/labor-law/%D7%97%D7%95%D7%A7-%D7%94%D7%95%D7%93%D7%A2%D7%94-%D7%9E%D7%95%D7%A7%D7%93%D7%9E%D7%AA-%D7%9C%D7%A4%D7%99%D7%98%D7%95%D7%A8%D7%99%D7%9D-%D7%95%D7%9C%D7%94%D7%AA%D7%A4%D7%98%D7%A8%D7%95%D7%AA/,0,8,0,8.875
תיקון חוק הודעה מוקדמת לפיטורים ולהתפטרות 2024,https://jus-tice.co.il/labor-law/%D7%97%D7%95%D7%A7-%D7%94%D7%95%D7%93%D7%A2%D7%94-%D7%9E%D7%95%D7%A7%D7%93%D7%9E%D7%AA-%D7%9C%D7%A4%D7%99%D7%98%D7%95%D7%A8%D7%99%D7%9D-%D7%95%D7%9C%D7%94%D7%AA%D7%A4%D7%98%D7%A8%D7%95%D7%AA/,0,1,0,10
תיקון חוק הודעה מוקדמת לפיטורים ולהתפטרות 2026,https://jus-tice.co.il/labor-law/%D7%97%D7%95%D7%A7-%D7%94%D7%95%D7%93%D7%A2%D7%94-%D7%9E%D7%95%D7%A7%D7%93%D7%9E%D7%AA-%D7%9C%D7%A4%D7%99%D7%98%D7%95%D7%A8%D7%99%D7%9D-%D7%95%D7%9C%D7%94%D7%AA%D7%A4%D7%98%D7%A8%D7%95%D7%AA/,0,6,0,9.5
תיקון חוק העונשין,https://jus-tice.co.il/wp-content/uploads/2023/03/%D7%A1%D7%A4%D7%A8-%D7%94%D7%97%D7%95%D7%A7%D7%99%D7%9D-2998.pdf,0,2,0,13.5
תיקון לחוק הודעה מוקדמת 2026,https://jus-tice.co.il/labor-law/%D7%97%D7%95%D7%A7-%D7%94%D7%95%D7%93%D7%A2%D7%94-%D7%9E%D7%95%D7%A7%D7%93%D7%9E%D7%AA-%D7%9C%D7%A4%D7%99%D7%98%D7%95%D7%A8%D7%99%D7%9D-%D7%95%D7%9C%D7%94%D7%AA%D7%A4%D7%98%D7%A8%D7%95%D7%AA/,0,1,0,11
תיקים בבית המשפט העליון,https://jus-tice.co.il/2019-2020-major-supreme-court-ruling,0,1,0,17
תכנון בניה,https://jus-tice.co.il/construction-law/,0,2,0,24.5
תכנון ובניה,https://jus-tice.co.il/construction-law/,0,16,0,50.0625
תכנון ובניה משרד עורכי דין,https://jus-tice.co.il/construction-law/,0,9,0,61.111111111111114
תכנון ובנייה,https://jus-tice.co.il/construction-law/,0,4,0,41.25
תכנון ובנייה בישראל,https://jus-tice.co.il/construction-law/,0,1,0,16
תכנון מס שבח,https://jus-tice.co.il/land-appreciation-tax/,0,1,0,73
תכנית קומה טיפוסית,https://jus-tice.co.il/wp-content/uploads/2020/01/%D7%9E%D7%93%D7%99%D7%A0%D7%99%D7%95%D7%AA-%D7%AA%D7%9E%D7%90-38-%D7%AA%D7%90-9086.pdf,0,1,0,34
תמ א 18 נוסח משולב,https://jus-tice.co.il/corona_virus/%D7%94%D7%95%D7%A8%D7%90%D7%95%D7%AA-%D7%9E%D7%99%D7%95%D7%97%D7%93%D7%95%D7%AA-%D7%9C%D7%A2%D7%A0%D7%99%D7%99%D7%9F-%D7%91%D7%99%D7%98%D7%95%D7%97-%D7%90%D7%91%D7%98%D7%9C%D7%94-%D7%AA%D7%A7%D7%A0/,0,1,0,73
תמ א 35 שינוי 1,https://jus-tice.co.il/wp-content/uploads/2020/01/%D7%9E%D7%93%D7%99%D7%A0%D7%99%D7%95%D7%AA-%D7%AA%D7%9E%D7%90-38-%D7%AA%D7%90-9086.pdf,0,1,0,72
תמ א 38 תיקון 3א,https://jus-tice.co.il/wp-content/uploads/2020/01/%D7%9E%D7%93%D7%99%D7%A0%D7%99%D7%95%D7%AA-%D7%AA%D7%9E%D7%90-38-%D7%AA%D7%90-9086.pdf,0,1,0,18
תמא 14,https://jus-tice.co.il/wp-content/uploads/2020/01/%D7%9E%D7%93%D7%99%D7%A0%D7%99%D7%95%D7%AA-%D7%AA%D7%9E%D7%90-38-%D7%AA%D7%90-9086.pdf,0,1,0,93
תמוז סוכנות ביטוח,https://jus-tice.co.il/psakdin/%D7%AA%D7%91%D7%99%D7%A2%D7%94-%D7%A9%D7%9C-%D7%9E%D7%9C%D7%A6%D7%A8%D7%99%D7%AA-%D7%94%D7%98%D7%A8%D7%93%D7%94-%D7%9E%D7%99%D7%A0%D7%99%D7%AA-300000-%D7%A9%D7%97-%D7%A4%D7%99%D7%A6%D7%95%D7%99/,0,1,0,60
תמונה,https://jus-tice.co.il/wp-content/uploads/2022/02/israel-police-300x270.jpg,0,1,0,28
תמותה פרינטלית,https://jus-tice.co.il/perinatal-asphyxia/,0,3,0,21.666666666666668
תמיכה טכנית מס הכנסה,https://jus-tice.co.il/israel-tax-authority/,0,1,0,31
תמלול סרט וידאו כראיה משפטית,https://jus-tice.co.il/psakdin/%D7%94%D7%98%D7%99%D7%A4%D7%95%D7%9C-%D7%91%D7%A0%D7%A4%D7%92%D7%A2%D7%99-%D7%A2%D7%91%D7%99%D7%A8%D7%95%D7%AA-%D7%9E%D7%99%D7%9F-%D7%91%D7%94%D7%9C%D7%99%D7%9A-%D7%94%D7%A4%D7%9C%D7%99%D7%9C%D7%99/,0,1,0,89
תמצא לי,https://jus-tice.co.il/2019-2020-major-supreme-court-ruling,0,1,0,1
תמרור 409,https://jus-tice.co.il/wp-content/uploads/2020/01/hana_v9.32.88s.pdf,0,1,0,62
תמרור 413,https://jus-tice.co.il/wp-content/uploads/2020/01/hana_v9.32.88s.pdf,0,1,0,64
תמרור 414,https://jus-tice.co.il/wp-content/uploads/2020/01/hana_v9.32.88s.pdf,0,1,0,77
תמרור 421,https://jus-tice.co.il/wp-content/uploads/2020/01/hana_v9.32.88s.pdf,0,1,0,74
תמרור 423,https://jus-tice.co.il/wp-content/uploads/2020/01/hana_v9.32.88s.pdf,0,2,0,60
תמרור 433 ב 29,https://jus-tice.co.il/wp-content/uploads/2020/01/hana_v9.32.88s.pdf,0,1,0,75
תמרור 512,https://jus-tice.co.il/wp-content/uploads/2020/01/hana_v9.32.88s.pdf,0,1,0,66
תמרור 513,https://jus-tice.co.il/wp-content/uploads/2020/01/hana_v9.32.88s.pdf,0,1,0,83
תמרור 616,https://jus-tice.co.il/wp-content/uploads/2020/01/hana_v9.32.88s.pdf,0,1,0,55
תמרור 708,https://jus-tice.co.il/wp-content/uploads/2020/01/hana_v9.32.88s.pdf,0,1,0,48
תמרור 804,https://jus-tice.co.il/wp-content/uploads/2020/01/hana_v9.32.88s.pdf,0,1,0,17
תמרור 810,https://jus-tice.co.il/wp-content/uploads/2020/01/hana_v9.32.88s.pdf,0,1,0,72
תמרור 812,https://jus-tice.co.il/wp-content/uploads/2020/01/hana_v9.32.88s.pdf,0,1,0,33
תמרור 813,https://jus-tice.co.il/wp-content/uploads/2020/01/hana_v9.32.88s.pdf,0,1,0,64
תמרור 815 נקודות,https://jus-tice.co.il/wp-content/uploads/2020/01/hana_v9.32.88s.pdf,0,1,0,40
תמרור 820 קנס,https://jus-tice.co.il/wp-content/uploads/2020/01/hana_v9.32.88s.pdf,0,2,0,50.5
תמרור כביש משולב,https://jus-tice.co.il/wp-content/uploads/2020/01/hana_v9.32.88s.pdf,0,1,0,72
תמרור מהירות מיוחדת,https://jus-tice.co.il/wp-content/uploads/2020/01/hana_v9.32.88s.pdf,0,2,0,85
תמרור מספר 815,https://jus-tice.co.il/wp-content/uploads/2020/01/hana_v9.32.88s.pdf,0,1,0,38
תמרור סע go,https://jus-tice.co.il/wp-content/uploads/2020/01/hana_v9.32.88s.pdf,0,1,0,40
תמרור עצור חוק,https://jus-tice.co.il/wp-content/uploads/2020/01/hana_v9.32.88s.pdf,0,2,0,68
תמרור עצור קנס,https://jus-tice.co.il/wp-content/uploads/2020/01/hana_v9.32.88s.pdf,0,3,0,98.66666666666667
תן זכות קדימה לתנועה בדרך החוצה שלפניך,https://jus-tice.co.il/wp-content/uploads/2020/01/hana_v9.32.88s.pdf,0,1,0,69
תניית אי תחרות,https://jus-tice.co.il/%D7%A4%D7%A1%D7%93-%D7%91%D7%A0%D7%95%D7%A9%D7%90-%D7%97%D7%95%D7%A4%D7%A9-%D7%94%D7%A2%D7%99%D7%A1%D7%95%D7%A7-%D7%A1%D7%A2%D7%A9-49088-11-18/,0,2,0,32
תניית בוררות,https://jus-tice.co.il/articles/%D7%94%D7%90%D7%9D-%D7%AA%D7%A0%D7%99%D7%99%D7%AA-%D7%91%D7%95%D7%A8%D7%A8%D7%95%D7%AA-%D7%96%D7%A8%D7%94-%D7%91%D7%94%D7%A1%D7%9B%D7%9D-%D7%9E%D7%A7%D7%95%D7%95%D7%9F-%D7%A9%D7%91%D7%99%D7%9F-%D7%99/,0,8,0,50.625
תסמינים לאחר הקורונה,https://jus-tice.co.il/research-report-n156-persistent-symptoms/,0,1,0,39
תסקיר קורבן עבירה,https://jus-tice.co.il/psakdin/%D7%94%D7%98%D7%99%D7%A4%D7%95%D7%9C-%D7%91%D7%A0%D7%A4%D7%92%D7%A2%D7%99-%D7%A2%D7%91%D7%99%D7%A8%D7%95%D7%AA-%D7%9E%D7%99%D7%9F-%D7%91%D7%94%D7%9C%D7%99%D7%9A-%D7%94%D7%A4%D7%9C%D7%99%D7%9C%D7%99/,0,1,0,66
תעודת אפוסטיל,https://jus-tice.co.il/apostille/,0,2,0,60.5
תעודת גירושין דוגמא,https://jus-tice.co.il/wp-content/uploads/2021/03/%D7%A0%D7%95%D7%A1%D7%97-%D7%94%D7%A1%D7%9B%D7%9D-%D7%92%D7%99%D7%A8%D7%95%D7%A9%D7%99%D7%9F-%D7%93%D7%95%D7%92%D7%9E%D7%90-2021.docx,0,2,0,23
תעודת יושר משרד הבריאות,https://jus-tice.co.il/wp-content/uploads/2020/02/%D7%94%D7%AA%D7%9C%D7%99%D7%99%D7%AA-%D7%A9%D7%9C%D7%99%D7%9C%D7%AA-%D7%A8%D7%A9%D7%99%D7%95%D7%A0%D7%95%D7%AA-%D7%9E%D7%A9%D7%A8%D7%93-%D7%94%D7%91%D7%A8%D7%99%D7%90%D7%95%D7%AA.pdf,0,1,0,91
תעודת לידה עם חותמת אפוסטיל,https://jus-tice.co.il/apostille/,0,1,0,31
תעודת נישואין אפוסטיל,https://jus-tice.co.il/apostille/,0,1,0,73
תעריף מינימלי מומלץ 2025,https://jus-tice.co.il/real-estate-lawyer-cost-2025/,0,1,0,18
תעריף מקסימלי לשכת עורכי הדין,https://jus-tice.co.il/articles/%D7%A9%D7%9B%D7%A8-%D7%98%D7%A8%D7%97%D7%94-%D7%A2%D7%95%D7%A8%D7%9A-%D7%93%D7%99%D7%9F-%D7%A8%D7%A9%D7%9C%D7%A0%D7%95%D7%AA-%D7%A8%D7%A4%D7%95%D7%90%D7%99%D7%AA/,0,1,0,85
תעשיה אווירית מלמ,https://jus-tice.co.il/labor_law/%D7%AA%D7%A7%D7%A0%D7%95%D7%AA-%D7%A7%D7%95%D7%A8%D7%95%D7%A0%D7%94-%D7%94%D7%92%D7%91%D7%9C%D7%AA-%D7%9E%D7%A1%D7%A4%D7%A8-%D7%94%D7%A2%D7%95%D7%91%D7%93%D7%99%D7%9D-%D7%91%D7%9E%D7%A7%D7%95%D7%9D/,0,1,0,75
"תפ""ח",https://jus-tice.co.il/articles/%D7%94%D7%A6%D7%A2%D7%AA-%D7%AA%D7%99%D7%A7%D7%95%D7%9F-%D7%97%D7%95%D7%A7-%D7%97%D7%99%D7%A4%D7%95%D7%A9-%D7%91%D7%9E%D7%A7%D7%95%D7%9D-%D7%9C%D7%9C%D7%90-%D7%A6%D7%95-%D7%91%D7%99%D7%AA-%D7%9E/,0,1,0,90
"תפ""ח",https://jus-tice.co.il/criminal-defense-attorney-roles-and-responsibilities/,0,1,0,56
תפקיד בית המשפט,https://jus-tice.co.il/articles/%D7%9E%D7%94%D7%95-%D7%91%D7%99%D7%AA-%D7%9E%D7%A9%D7%A4%D7%98/,0,9,0,9.333333333333334
תפקידי העור כיתה ד,https://jus-tice.co.il/wp-content/uploads/2019/03/%D7%91%D7%99%D7%94%D7%93-%D7%94%D7%90%D7%99%D7%96%D7%95%D7%A8%D7%99-%D7%9C%D7%A2%D7%91%D7%95%D7%93%D7%94-%D7%A0%D7%A6%D7%A8%D7%AA-%D7%A9-%D7%93%D7%A8-%D7%98%D7%9C-%D7%92%D7%95%D7%9C%D7%9F-%D7%A4%D7%A1%D7%93-%D7%91%D7%AA%D7%91%D7%99%D7%A2%D7%AA-%D7%94%D7%98%D7%A8%D7%93%D7%94-%D7%9E%D7%99%D7%A0%D7%99%D7%AA-%D7%91%D7%90%D7%A7%D7%93%D7%9E%D7%99%D7%94.pdf,0,1,0,68
תפקידים בבית משפט,https://jus-tice.co.il/articles/%D7%9E%D7%94%D7%95-%D7%91%D7%99%D7%AA-%D7%9E%D7%A9%D7%A4%D7%98/,0,1,0,84
תפקידים בבית משפט,https://jus-tice.co.il/criminal-defense-attorney-roles-and-responsibilities/,0,1,0,20
תצהיר ויתור על זכויות בדירה,https://jus-tice.co.il/psakdin/%D7%AA%D7%91%D7%99%D7%A2%D7%95%D7%AA-%D7%A8%D7%9B%D7%95%D7%A9%D7%99%D7%95%D7%AA-%D7%94%D7%93%D7%93%D7%99%D7%95%D7%AA-%D7%A9%D7%9C-%D7%91%D7%A0%D7%99-%D7%96%D7%95%D7%92-%D7%9C%D7%A9%D7%A2%D7%91%D7%A8/,0,1,0,63
תצהיר להגשת בקשה לקבלת רישיון לכלי ירייה פרטי,https://jus-tice.co.il/corona_virus/%D7%94%D7%A0%D7%97%D7%99%D7%95%D7%AA-%D7%9C%D7%94%D7%AA%D7%9E%D7%95%D7%93%D7%93%D7%95%D7%AA-%D7%A2%D7%9D-%D7%A0%D7%92%D7%99%D7%A3-%D7%94%D7%A7%D7%95%D7%A8%D7%95%D7%A0%D7%94-19-covid/,0,6,0,87.83333333333333
תצהיר עורך דין לנשק,https://jus-tice.co.il/psakdin/%D7%A4%D7%A1%D7%93-%D7%91%D7%AA%D7%95%D7%91%D7%A2%D7%A0%D7%94-%D7%A0%D7%96%D7%99%D7%A7%D7%99%D7%AA-%D7%A0%D7%92%D7%93-%D7%99%D7%A6%D7%97%D7%A7-%D7%94%D7%A8%D7%A6%D7%95%D7%92-%D7%95%D7%90%D7%97/,0,2,0,62.5
תקופה נאונטלית,https://jus-tice.co.il/perinatal-asphyxia/,0,1,0,63
תקופה פרינטלית,https://jus-tice.co.il/perinatal-asphyxia/,0,1,0,15
תקן ואיוש לשעת חירום,https://jus-tice.co.il/labor_law/%D7%AA%D7%A7%D7%A0%D7%95%D7%AA-%D7%A7%D7%95%D7%A8%D7%95%D7%A0%D7%94-%D7%94%D7%92%D7%91%D7%9C%D7%AA-%D7%9E%D7%A1%D7%A4%D7%A8-%D7%94%D7%A2%D7%95%D7%91%D7%93%D7%99%D7%9D-%D7%91%D7%9E%D7%A7%D7%95%D7%9D/,0,1,0,65
תקן ואיוש לשעת חירום,https://jus-tice.co.il/wp-content/uploads/2020/03/4_6033055889705928071.pdf,0,1,0,87
תקנה 15 ב,https://jus-tice.co.il/wp-content/uploads/2020/01/hana_v9.32.88s.pdf,0,1,0,39
תקנה 169 לתקנות התעבורה,https://jus-tice.co.il/wp-content/uploads/2020/01/hana_v9.32.88s.pdf,0,1,0,79
תקנה 179,https://jus-tice.co.il/wp-content/uploads/2020/01/hana_v9.32.88s.pdf,0,1,0,65
תקנה 183 ג לתקנות התעבורה,https://jus-tice.co.il/wp-content/uploads/2020/01/hana_v9.32.88s.pdf,0,2,0,32
תקנה 196 לתקנות התעבורה,https://jus-tice.co.il/articles/%D7%A7%D7%95%D7%A8%D7%95%D7%A0%D7%94-%D7%94%D7%90%D7%A8%D7%9B%D7%AA-%D7%AA%D7%A7%D7%95%D7%A4%D7%AA-%D7%AA%D7%95%D7%A7%D7%A3-%D7%A8%D7%99%D7%A9%D7%99%D7%95%D7%9F-%D7%A8%D7%9B%D7%91-16-03-2020/,0,1,0,85
תקנה 21 ג לתקנות התעבורה,https://jus-tice.co.il/wp-content/uploads/2020/01/hana_v9.32.88s.pdf,0,1,0,54
תקנה 21 ג לתקנות התעבורה נקודות,https://jus-tice.co.il/wp-content/uploads/2020/01/hana_v9.32.88s.pdf,0,1,0,74
תקנה 21 לתקנות התעבורה,https://jus-tice.co.il/wp-content/uploads/2020/01/hana_v9.32.88s.pdf,0,1,0,57
תקנה 22 א לתקנות התעבורה,https://jus-tice.co.il/wp-content/uploads/2020/01/hana_v9.32.88s.pdf,0,1,0,42
תקנה 22 א קנס,https://jus-tice.co.il/wp-content/uploads/2020/01/hana_v9.32.88s.pdf,0,2,0,51.5
תקנה 26 2 לתקנות התעבורה,https://jus-tice.co.il/wp-content/uploads/2020/01/hana_v9.32.88s.pdf,0,1,0,55
תקנה 27 לתקנות התעבורה,https://jus-tice.co.il/wp-content/uploads/2020/01/hana_v9.32.88s.pdf,0,1,0,37
תקנה 273,https://jus-tice.co.il/wp-content/uploads/2020/01/hana_v9.32.88s.pdf,0,1,0,75
תקנה 28 ב לתקנות התעבורה,https://jus-tice.co.il/wp-content/uploads/2020/01/hana_v9.32.88s.pdf,0,6,0,95.66666666666667
תקנה 308 א,https://jus-tice.co.il/wp-content/uploads/2020/01/hana_v9.32.88s.pdf,0,1,0,50
תקנה 36 ג לתקנות התעבורה,https://jus-tice.co.il/wp-content/uploads/2020/01/hana_v9.32.88s.pdf,0,2,0,56.5
תקנה 36 ד לתקנות התעבורה,https://jus-tice.co.il/wp-content/uploads/2020/01/hana_v9.32.88s.pdf,0,1,0,37
תקנה 45 לתקנות התעבורה,https://jus-tice.co.il/wp-content/uploads/2020/01/hana_v9.32.88s.pdf,0,1,0,43
תקנה 54 א לתקנות התעבורה,https://jus-tice.co.il/wp-content/uploads/2020/01/hana_v9.32.88s.pdf,0,2,0,53
תקנה 549 לתקנות התעבורה,https://jus-tice.co.il/psakdin/%D7%90%D7%99%D7%9E%D7%95%D7%A5-%D7%99%D7%9C%D7%93-%D7%9E%D7%90%D7%95%D7%A7%D7%A8%D7%90%D7%99%D7%A0%D7%94-%D7%AA%D7%91%D7%99%D7%A2%D7%AA-%D7%A0%D7%96%D7%99%D7%A7%D7%99%D7%9F-%D7%91%D7%92%D7%99%D7%9F/,0,1,0,85
תקנה 67 א לתקנות התעבורה,https://jus-tice.co.il/wp-content/uploads/2020/01/hana_v9.32.88s.pdf,0,2,0,81
תקנה 71 לתקנות התעבורה,https://jus-tice.co.il/wp-content/uploads/2020/01/hana_v9.32.88s.pdf,0,1,0,53
תקנה 72 א,https://jus-tice.co.il/wp-content/uploads/2020/01/hana_v9.32.88s.pdf,0,2,0,61
תקנה 72 א 2א לתקנות התעבורה,https://jus-tice.co.il/wp-content/uploads/2020/01/hana_v9.32.88s.pdf,0,1,0,73
תקנה 72 לתקנות התעבורה,https://jus-tice.co.il/wp-content/uploads/2020/01/hana_v9.32.88s.pdf,0,1,0,35
תקנה 83 ב א לתקנות התעבורה,https://jus-tice.co.il/wp-content/uploads/2020/01/hana_v9.32.88s.pdf,0,1,0,49
תקנה 85 א' לתקנות התעבורה,https://jus-tice.co.il/wp-content/uploads/2020/01/hana_v9.32.88s.pdf,0,8,0,84.75
תקנה 9 א לתקנות התעבורה,https://jus-tice.co.il/wp-content/uploads/2020/01/hana_v9.32.88s.pdf,0,2,0,48.5
תקנות האפוטרופוס הכללי שכר,https://jus-tice.co.il/continuous-power-of-attorney-israel/,0,1,0,75
תקנות המבחן תסקיר קצין מבחן,https://jus-tice.co.il/psakdin/%D7%94%D7%98%D7%99%D7%A4%D7%95%D7%9C-%D7%91%D7%A0%D7%A4%D7%92%D7%A2%D7%99-%D7%A2%D7%91%D7%99%D7%A8%D7%95%D7%AA-%D7%9E%D7%99%D7%9F-%D7%91%D7%94%D7%9C%D7%99%D7%9A-%D7%94%D7%A4%D7%9C%D7%99%D7%9C%D7%99/,0,5,0,48.8
תקנות התעבורה נסיעה לאחור,https://jus-tice.co.il/wp-content/uploads/2020/01/hana_v9.32.88s.pdf,0,2,0,62
תקנות התעבורה צבע פנס קדמי ירוק,https://jus-tice.co.il/wp-content/uploads/2020/01/hana_v9.32.88s.pdf,0,3,0,9.666666666666666
תקנות התעבורה צבע פנס קדמי ירוק אסור,https://jus-tice.co.il/wp-content/uploads/2020/01/hana_v9.32.88s.pdf,0,5,0,11.2
תקנות התעבורה רכב מדברי,https://jus-tice.co.il/wp-content/uploads/2020/01/hana_v9.32.88s.pdf,0,1,0,76
תקנות התעבורה תמרורים,https://jus-tice.co.il/wp-content/uploads/2020/01/hana_v9.32.88s.pdf,0,1,0,94
תקנות יצוא עקיף,https://jus-tice.co.il/israel-tax-authority/,0,1,0,76
תקנות שירות המדינה מינויים,https://jus-tice.co.il/articles/%D7%94%D7%90%D7%9D-%D7%9C%D7%A0%D7%A6%D7%99%D7%91-%D7%A9%D7%99%D7%A8%D7%95%D7%AA-%D7%94%D7%9E%D7%93%D7%99%D7%A0%D7%94-%D7%99%D7%A9-%D7%A1%D7%9E%D7%9B%D7%95%D7%AA-%D7%9C%D7%97%D7%AA%D7%95%D7%9D-%D7%A2/,0,1,0,32
תקנות שירות עבודה בשעת חירום,https://jus-tice.co.il/labor_law/%D7%AA%D7%A7%D7%A0%D7%95%D7%AA-%D7%A7%D7%95%D7%A8%D7%95%D7%A0%D7%94-%D7%94%D7%92%D7%91%D7%9C%D7%AA-%D7%9E%D7%A1%D7%A4%D7%A8-%D7%94%D7%A2%D7%95%D7%91%D7%93%D7%99%D7%9D-%D7%91%D7%9E%D7%A7%D7%95%D7%9D/,0,2,0,46.5
תקנות שירות עבודה בשעת חירום,https://jus-tice.co.il/wp-content/uploads/2020/03/4_6033055889705928071.pdf,0,2,0,57
תקנת תעבורה 39 א,https://jus-tice.co.il/wp-content/uploads/2020/01/hana_v9.32.88s.pdf,0,1,0,31
תרגם לי,https://jus-tice.co.il/wp-content/uploads/2022/06/06102016_1.pdf,0,3,0,20
תרופה אנטי ויראלית,https://jus-tice.co.il/psakdin/%D7%94%D7%99%D7%95%D7%A2%D7%9E%D7%A9-%D7%90%D7%99%D7%A9%D7%A8-%D7%AA%D7%97%D7%9C%D7%99%D7%A3-%D7%92%D7%A0%D7%A8%D7%99-%D7%9C%D7%A7%D7%9C%D7%98%D7%A8%D7%94-%D7%AA%D7%A8%D7%95%D7%A4%D7%94-%D7%90%D7%A0/,0,2,0,24.5
תרופה נגד קורונה תופעות לוואי,https://jus-tice.co.il/research-report-n156-persistent-symptoms/,0,1,0,55
תשלום אגרות בית הדין השרעי,https://jus-tice.co.il/wp-content/uploads/2022/06/misradhamishpatim-women.pdf,0,2,0,45
תשלום אגרת רישיון תיווך 2024,https://jus-tice.co.il/real-estate-lawyer-cost-2025/,0,1,0,30
תשלום חדלות פרעון,https://jus-tice.co.il/insolvency/,0,2,0,39.5
תשלום חוב למס הכנסה ניכויים,https://jus-tice.co.il/israel-tax-authority/,0,1,0,41
תשלום לעורך דין מכירת דירה,https://jus-tice.co.il/real-estate-lawyer-cost-2025/,0,1,0,64
תשלום מזונות לאחר נישואים שניים,https://jus-tice.co.il/prenuptial-agreements-overview/,0,1,0,67
תשלום מזונות לילד מעל גיל 18,https://jus-tice.co.il/articles/%D7%A7%D7%91%D7%99%D7%A2%D7%AA-%D7%92%D7%93%D7%A8-%D7%97%D7%99%D7%95%D7%91-%D7%94%D7%90%D7%91-%D7%91%D7%9E%D7%96%D7%95%D7%A0%D7%95%D7%AA-%D7%A7%D7%98%D7%A0%D7%99%D7%9D-%D7%9E%D7%A2%D7%9C-%D7%92%D7%99/,0,2,0,59
תשלום מזונות מינימלי,https://jus-tice.co.il/%D7%9E%D7%97%D7%A9%D7%91%D7%95%D7%9F-%D7%9E%D7%96%D7%95%D7%A0%D7%95%D7%AA-%D7%99%D7%9C%D7%93%D7%99%D7%9D/,0,3,0,89.33333333333333
תשלום מזונות ממוצע,https://jus-tice.co.il/%D7%9E%D7%97%D7%A9%D7%91%D7%95%D7%9F-%D7%9E%D7%96%D7%95%D7%A0%D7%95%D7%AA-%D7%99%D7%9C%D7%93%D7%99%D7%9D/,0,49,0,70.14285714285714
תשלום עיצום כספי רשות המיסים,https://jus-tice.co.il/israel-tax-authority/,0,1,0,27
תשלום קנס מכס,https://jus-tice.co.il/israel-tax-authority/,0,1,0,32
תשניק,https://jus-tice.co.il/perinatal-asphyxia/,0,191,0,11.643979057591624
תשניק יילוד,https://jus-tice.co.il/perinatal-asphyxia/,0,24,0,11.166666666666666
תשניק לידה,https://jus-tice.co.il/perinatal-asphyxia/,0,19,0,13.105263157894736
תשניק מיני,https://jus-tice.co.il/perinatal-asphyxia/,0,4,0,10.25
תשניק סב לידתי,https://jus-tice.co.il/perinatal-asphyxia/,0,297,0,19.107744107744107
תשניק+סב+לידתי,https://jus-tice.co.il/perinatal-asphyxia/,0,1,0,20
תשניק+סב‑לידתי,https://jus-tice.co.il/perinatal-asphyxia/,0,2,0,16
