row_id,lane,source_id,cluster,priority,current_url,secondary_url,target_url_or_hub,role_or_topic,decision_status,readiness_status,traffic_risk,gsc_clicks,gsc_impressions,content_quality_score,source_legal_status,internal_link_status,url_action_status,next_step,blocked_actions,notes
MEDD-001,OWNER_DECISION_GATE,MEDMAL-OWNER-001,medical-malpractice,P0,https://jus-tice.co.il/medical-malpractice-lawyer/,,commercial pillar,Use as current pillar candidate only after CMS identity is resolved,NOT_READY_FOR_UPLOAD,DUPLICATE_IDENTITY_AND_LEGAL_REVIEW,PROTECTED_REVIEW,,,,DUPLICATE_IDENTITY_AND_LEGAL_REVIEW,PLANNED_ONLY_AFTER_APPROVAL,NO_URL_CHANGE_APPROVED,Approve duplicate identity review and side-by-side comparison,NO_CMS_EDIT; NO_PUBLIC_UPLOAD; NO_REDIRECT; NO_CANONICAL_NOINDEX; NO_SITEMAP_CHANGE; NO_TAXONOMY_CHANGE,Two REST records share same public URL
MEDD-002,OWNER_DECISION_GATE,MEDMAL-OWNER-002,medical-malpractice,P0,REFERENCE:MEDMAL-FEE-GSC-001,,fee cost support,Protect as GSC-visible support asset,NOT_READY_FOR_UPLOAD,OWNER_LEGAL_REVIEW_AND_PILLAR_COMPARISON,PROTECTED_REVIEW,,,,OWNER_LEGAL_REVIEW_AND_PILLAR_COMPARISON,PLANNED_ONLY_AFTER_APPROVAL,NO_URL_CHANGE_APPROVED,Approve protect compare and support-or-merge review,NO_CMS_EDIT; NO_PUBLIC_UPLOAD; NO_REDIRECT; NO_CANONICAL_NOINDEX; NO_SITEMAP_CHANGE; NO_TAXONOMY_CHANGE,Do not redirect or noindex visible fee article
MEDD-003,OWNER_DECISION_GATE,MEDMAL-OWNER-003,medical-malpractice,P0,REFERENCE:MEDMAL-BIRTH-HEBREW-GSC-001,,birth pregnancy old URL,Protect as GSC-visible birth and pregnancy asset,NOT_READY_FOR_UPLOAD,OWNER_LEGAL_REVIEW_AND_SPLIT_PLAN,PROTECTED_REVIEW,,,,OWNER_LEGAL_REVIEW_AND_SPLIT_PLAN,PLANNED_ONLY_AFTER_APPROVAL,NO_URL_CHANGE_APPROVED,Approve protect compare and split-or-merge review,NO_CMS_EDIT; NO_PUBLIC_UPLOAD; NO_REDIRECT; NO_CANONICAL_NOINDEX; NO_SITEMAP_CHANGE; NO_TAXONOMY_CHANGE,Do not create duplicate future slugs yet
MEDD-004,OWNER_DECISION_GATE,MEDMAL-OWNER-004,medical-malpractice,P0,/birth-injury/; /birth-injury-lawyer/; /birth-injury-causes/; /brain-damage-at-birth/; /malpractice-cerebral-palsy/,,birth injury support group,Use birth-injury as possible support parent after review,NOT_READY_FOR_UPLOAD,SOURCE_LEGAL_AND_MEDICAL_CAUSATION_REVIEW,PROTECTED_REVIEW,,,,SOURCE_LEGAL_AND_MEDICAL_CAUSATION_REVIEW,PLANNED_ONLY_AFTER_APPROVAL,NO_URL_CHANGE_APPROVED,Approve parent support role and merge candidates,NO_CMS_EDIT; NO_PUBLIC_UPLOAD; NO_REDIRECT; NO_CANONICAL_NOINDEX; NO_SITEMAP_CHANGE; NO_TAXONOMY_CHANGE,Sensitive causation and child injury topics
MEDD-005,OWNER_DECISION_GATE,MEDMAL-OWNER-005,medical-malpractice,P0,/anesthesia-medical-malpractice/; /surgical-errors-medical-malpractice/; /personal-injury/medical-malpractice/surgery/,,surgery anesthesia support group,Keep as support pages only after source review,NOT_READY_FOR_UPLOAD,SOURCE_LEGAL_AND_URL_STRATEGY_REVIEW,UNKNOWN_NEEDS_GSC,,,,SOURCE_LEGAL_AND_URL_STRATEGY_REVIEW,PLANNED_ONLY_AFTER_APPROVAL,NO_URL_CHANGE_APPROVED,Approve support roles and nested URL strategy,NO_CMS_EDIT; NO_PUBLIC_UPLOAD; NO_REDIRECT; NO_CANONICAL_NOINDEX; NO_SITEMAP_CHANGE; NO_TAXONOMY_CHANGE,Nested surgery URL needs canonical and migration review
MEDD-006,OWNER_DECISION_GATE,MEDMAL-OWNER-006,medical-malpractice,P0,/what-is-medical-malpractice-definition-examples/; /medical-malpractice-common-errors-doctors-hospitals/; /medical-malpractice-vs-negligence-differences-israel/,,definition common errors support,Keep as concept support not commercial duplicate,NOT_READY_FOR_UPLOAD,SOURCE_LEGAL_AND_UNIQUENESS_REVIEW,UNKNOWN_NEEDS_GSC,,,,SOURCE_LEGAL_AND_UNIQUENESS_REVIEW,PLANNED_ONLY_AFTER_APPROVAL,NO_URL_CHANGE_APPROVED,Approve informational support role,NO_CMS_EDIT; NO_PUBLIC_UPLOAD; NO_REDIRECT; NO_CANONICAL_NOINDEX; NO_SITEMAP_CHANGE; NO_TAXONOMY_CHANGE,Needs careful non-duplicative titles and links
MEDD-007,OWNER_DECISION_GATE,MEDMAL-OWNER-007,medical-malpractice,P0,REFERENCE:MEDMAL-REPORT-LARGE-001,,report background,HOLD until source and copyright review,NOT_READY_FOR_UPLOAD,SOURCE_COPYRIGHT_INDEXATION_REVIEW,UNKNOWN_NEEDS_GSC,,,,SOURCE_COPYRIGHT_INDEXATION_REVIEW,PLANNED_ONLY_AFTER_APPROVAL,NO_URL_CHANGE_APPROVED,Approve source copyright and indexation review,NO_CMS_EDIT; NO_PUBLIC_UPLOAD; NO_REDIRECT; NO_CANONICAL_NOINDEX; NO_SITEMAP_CHANGE; NO_TAXONOMY_CHANGE,Large word count must not determine pillar status
MEDD-008,OWNER_DECISION_GATE,MEDMAL-OWNER-008,medical-malpractice,P0,TRAFFIC_MARVAD_GROUP; /criminal-negligence/; /medical-malpractice-in-the-united-states/; FUTURE_SLUG_GROUP,,boundaries and future slugs,Exclude from current Israeli malpractice upload batch,NOT_READY_FOR_UPLOAD,OWNER_APPROVAL_FOR_ROUTE_REDIRECT_CANONICAL_SITEMAP,UNKNOWN_NEEDS_GSC,,,,OWNER_APPROVAL_FOR_ROUTE_REDIRECT_CANONICAL_SITEMAP,PLANNED_ONLY_AFTER_APPROVAL,NO_URL_CHANGE_APPROVED,Approve exclusions and future-only status,NO_CMS_EDIT; NO_PUBLIC_UPLOAD; NO_REDIRECT; NO_CANONICAL_NOINDEX; NO_SITEMAP_CHANGE; NO_TAXONOMY_CHANGE,Prevents cannibalization and wrong-cluster links
MEDD-009,CURRENT_URL_READINESS,MEDMAL-READY-001,medical-malpractice,P0,https://jus-tice.co.il/medical-malpractice-lawyer/,REST ID 11607; REST ID 1130; fee article; birth/pregnancy page,REST ID 11607; REST ID 1130; fee article; birth/pregnancy page,clean commercial pillar candidate,DUPLICATE_IDENTITY_REVIEW_THEN_COMPARE,OWNER_APPROVAL_REQUIRED_BEFORE_UPLOAD,UNKNOWN_NEEDS_GSC,,,,OWNER_APPROVAL_REQUIRED,hub to approved malpractice supports after identity review,INCLUDE_AFTER_DUPLICATE_LEGAL_REVIEW,DUPLICATE_IDENTITY_REVIEW_THEN_COMPARE,NO_CMS_EDIT; NO_PUBLIC_UPLOAD; NO_REDIRECT; NO_CANONICAL_NOINDEX; NO_SITEMAP_CHANGE; NO_TAXONOMY_CHANGE,Do not edit until authoritative CMS state is understood.
MEDD-010,CURRENT_URL_READINESS,MEDMAL-READY-002,medical-malpractice,P0,REFERENCE:MEDMAL-DUPLICATE-SAME-URL-001,/medical-malpractice-lawyer/,/medical-malpractice-lawyer/,two records same public URL,CMS_IDENTITY_REVIEW_REQUIRED,OWNER_APPROVAL_REQUIRED_BEFORE_UPLOAD,PROTECTED_REVIEW,,,,OWNER_APPROVAL_REQUIRED,internal links should point only to final approved public state,HOLD_UNTIL_RESOLVED,CMS_IDENTITY_REVIEW_REQUIRED,NO_CMS_EDIT; NO_PUBLIC_UPLOAD; NO_REDIRECT; NO_CANONICAL_NOINDEX; NO_SITEMAP_CHANGE; NO_TAXONOMY_CHANGE,Not a redirect task yet; this is CMS/source identity review.
MEDD-011,CURRENT_URL_READINESS,MEDMAL-READY-003,medical-malpractice,P0,REFERENCE:MEDMAL-FEE-GSC-001,/medical-malpractice-lawyer/,/medical-malpractice-lawyer/,fee article visible for main lawyer query,PROTECT_COMPARE_SUPPORT_OR_MERGE_LATER,OWNER_APPROVAL_REQUIRED_BEFORE_UPLOAD,PROTECTED_REVIEW,,,,OWNER_APPROVAL_REQUIRED,support link to pillar after approval,PROTECT_UNTIL_MIGRATION_APPROVED,PROTECT_COMPARE_SUPPORT_OR_MERGE_LATER,NO_CMS_EDIT; NO_PUBLIC_UPLOAD; NO_REDIRECT; NO_CANONICAL_NOINDEX; NO_SITEMAP_CHANGE; NO_TAXONOMY_CHANGE,145 impressions visible for main query in owner packet.
MEDD-012,CURRENT_URL_READINESS,MEDMAL-READY-004,medical-malpractice,P0,REFERENCE:MEDMAL-BIRTH-HEBREW-GSC-001,/medical-malpractice-lawyer/; future birth/pregnancy slugs,/medical-malpractice-lawyer/; future birth/pregnancy slugs,old Hebrew birth/pregnancy query owner,PROTECT_COMPARE_SPLIT_OR_MERGE_LATER,OWNER_APPROVAL_REQUIRED_BEFORE_UPLOAD,PROTECTED_REVIEW,,,,OWNER_APPROVAL_REQUIRED,link to pillar only after split plan,PROTECT_UNTIL_MIGRATION_APPROVED,PROTECT_COMPARE_SPLIT_OR_MERGE_LATER,NO_CMS_EDIT; NO_PUBLIC_UPLOAD; NO_REDIRECT; NO_CANONICAL_NOINDEX; NO_SITEMAP_CHANGE; NO_TAXONOMY_CHANGE,661 birth and 419 pregnancy impressions in owner packet.
MEDD-013,CURRENT_URL_READINESS,MEDMAL-READY-005,medical-malpractice,P0,https://jus-tice.co.il/medical-malpractice-in-the-united-states/,Israeli medical-malpractice pillar,Israeli medical-malpractice pillar,US malpractice article,SEPARATE_INTERNATIONAL_CONTEXT,OWNER_APPROVAL_REQUIRED_BEFORE_UPLOAD,UNKNOWN_NEEDS_GSC,,,,OWNER_APPROVAL_REQUIRED,do not use as Israeli service support,EXCLUDE_FROM_ISRAELI_SERVICE_SITEMAP,SEPARATE_INTERNATIONAL_CONTEXT,NO_CMS_EDIT; NO_PUBLIC_UPLOAD; NO_REDIRECT; NO_CANONICAL_NOINDEX; NO_SITEMAP_CHANGE; NO_TAXONOMY_CHANGE,Keep separate from Israeli lawyer-service intent.
MEDD-014,CURRENT_URL_READINESS,MEDMAL-READY-006,medical-malpractice,P0,https://jus-tice.co.il/anesthesia-medical-malpractice/,/medical-malpractice-lawyer/; surgery support,/medical-malpractice-lawyer/; surgery support,anesthesia support page,KEEP_SUPPORT_SOURCE_REVIEW,OWNER_APPROVAL_REQUIRED_BEFORE_UPLOAD,UNKNOWN_NEEDS_GSC,,,,OWNER_APPROVAL_REQUIRED,link from pillar and surgery page after legal review,INCLUDE_IF_UNIQUE_AND_REVIEWED,KEEP_SUPPORT_SOURCE_REVIEW,NO_CMS_EDIT; NO_PUBLIC_UPLOAD; NO_REDIRECT; NO_CANONICAL_NOINDEX; NO_SITEMAP_CHANGE; NO_TAXONOMY_CHANGE,High-risk medical/legal support page.
MEDD-015,CURRENT_URL_READINESS,MEDMAL-READY-007,medical-malpractice,P0,https://jus-tice.co.il/personal-injury/medical-malpractice/surgery/,/medical-malpractice-lawyer/; surgical-errors page,/medical-malpractice-lawyer/; surgical-errors page,nested surgery support page,REVIEW_NESTED_URL_AND_SUPPORT_ROLE,OWNER_APPROVAL_REQUIRED_BEFORE_UPLOAD,UNKNOWN_NEEDS_GSC,,,,OWNER_APPROVAL_REQUIRED,link only after URL/canonical role approved,HOLD_UNTIL_URL_STRATEGY_APPROVED,REVIEW_NESTED_URL_AND_SUPPORT_ROLE,NO_CMS_EDIT; NO_PUBLIC_UPLOAD; NO_REDIRECT; NO_CANONICAL_NOINDEX; NO_SITEMAP_CHANGE; NO_TAXONOMY_CHANGE,Nested personal-injury path needs migration/canonical review.
MEDD-016,CURRENT_URL_READINESS,MEDMAL-READY-008,medical-malpractice,P0,https://jus-tice.co.il/surgical-errors-medical-malpractice/,/medical-malpractice-lawyer/; anesthesia page,/medical-malpractice-lawyer/; anesthesia page,thin surgery support page,EXPAND_AFTER_SOURCE_REVIEW,OWNER_APPROVAL_REQUIRED_BEFORE_UPLOAD,UNKNOWN_NEEDS_GSC,,,,OWNER_APPROVAL_REQUIRED,link from pillar if expanded,INCLUDE_IF_EXPANDED_AND_REVIEWED,EXPAND_AFTER_SOURCE_REVIEW,NO_CMS_EDIT; NO_PUBLIC_UPLOAD; NO_REDIRECT; NO_CANONICAL_NOINDEX; NO_SITEMAP_CHANGE; NO_TAXONOMY_CHANGE,Do not create future surgery slug yet.
MEDD-017,CURRENT_URL_READINESS,MEDMAL-READY-009,medical-malpractice,P0,https://jus-tice.co.il/medical-malpractice-vs-negligence-differences-israel/,/medical-malpractice-lawyer/; definition page,/medical-malpractice-lawyer/; definition page,definition/comparison support,KEEP_INFORMATIONAL_SUPPORT,OWNER_APPROVAL_REQUIRED_BEFORE_UPLOAD,UNKNOWN_NEEDS_GSC,,,,OWNER_APPROVAL_REQUIRED,link as concept support only,INCLUDE_IF_UNIQUE_AND_REVIEWED,KEEP_INFORMATIONAL_SUPPORT,NO_CMS_EDIT; NO_PUBLIC_UPLOAD; NO_REDIRECT; NO_CANONICAL_NOINDEX; NO_SITEMAP_CHANGE; NO_TAXONOMY_CHANGE,Informational not commercial primary.
MEDD-018,CURRENT_URL_READINESS,MEDMAL-READY-010,medical-malpractice,P0,https://jus-tice.co.il/what-is-medical-malpractice-definition-examples/,/medical-malpractice-lawyer/,/medical-malpractice-lawyer/,definition/examples page,KEEP_INFORMATIONAL_SUPPORT,OWNER_APPROVAL_REQUIRED_BEFORE_UPLOAD,PROTECTED_REVIEW,,,,OWNER_APPROVAL_REQUIRED,link to pillar and common-errors support,INCLUDE_IF_UNIQUE_AND_REVIEWED,KEEP_INFORMATIONAL_SUPPORT,NO_CMS_EDIT; NO_PUBLIC_UPLOAD; NO_REDIRECT; NO_CANONICAL_NOINDEX; NO_SITEMAP_CHANGE; NO_TAXONOMY_CHANGE,Must not duplicate pillar title intent.
MEDD-019,CURRENT_URL_READINESS,MEDMAL-READY-011,medical-malpractice,P0,https://jus-tice.co.il/medical-malpractice-common-errors-doctors-hospitals/,/medical-malpractice-lawyer/; definition page,/medical-malpractice-lawyer/; definition page,thin common-errors support,EXPAND_AFTER_SOURCE_REVIEW,OWNER_APPROVAL_REQUIRED_BEFORE_UPLOAD,UNKNOWN_NEEDS_GSC,,,,OWNER_APPROVAL_REQUIRED,link after expansion,INCLUDE_IF_EXPANDED_AND_REVIEWED,EXPAND_AFTER_SOURCE_REVIEW,NO_CMS_EDIT; NO_PUBLIC_UPLOAD; NO_REDIRECT; NO_CANONICAL_NOINDEX; NO_SITEMAP_CHANGE; NO_TAXONOMY_CHANGE,Marked thin/support in owner packet.
MEDD-020,CURRENT_URL_READINESS,MEDMAL-READY-012,medical-malpractice,P0,https://jus-tice.co.il/birth-injury/,/medical-malpractice-lawyer/; old birth/pregnancy page,/medical-malpractice-lawyer/; old birth/pregnancy page,birth injury support,KEEP_SUPPORT_COMPARE,OWNER_APPROVAL_REQUIRED_BEFORE_UPLOAD,PROTECTED_REVIEW,,,,OWNER_APPROVAL_REQUIRED,link to final birth/pregnancy parent after approval,INCLUDE_IF_UNIQUE_AND_REVIEWED,KEEP_SUPPORT_COMPARE,NO_CMS_EDIT; NO_PUBLIC_UPLOAD; NO_REDIRECT; NO_CANONICAL_NOINDEX; NO_SITEMAP_CHANGE; NO_TAXONOMY_CHANGE,Potential support under birth malpractice.
MEDD-021,CURRENT_URL_READINESS,MEDMAL-READY-013,medical-malpractice,P0,https://jus-tice.co.il/birth-injury-lawyer/,/birth-injury/; future birth-malpractice slug,/birth-injury/; future birth-malpractice slug,birth injury lawyer support,KEEP_SUPPORT_COMPARE,OWNER_APPROVAL_REQUIRED_BEFORE_UPLOAD,PROTECTED_REVIEW,,,,OWNER_APPROVAL_REQUIRED,link only after parent/support role approved,INCLUDE_IF_UNIQUE_AND_REVIEWED,KEEP_SUPPORT_COMPARE,NO_CMS_EDIT; NO_PUBLIC_UPLOAD; NO_REDIRECT; NO_CANONICAL_NOINDEX; NO_SITEMAP_CHANGE; NO_TAXONOMY_CHANGE,May compete with future birth-malpractice slug.
MEDD-022,CURRENT_URL_READINESS,MEDMAL-READY-014,medical-malpractice,P0,https://jus-tice.co.il/birth-injury-causes/,/birth-injury/,/birth-injury/,thin birth-injury causes page,MERGE_OR_EXPAND_AFTER_REVIEW,OWNER_APPROVAL_REQUIRED_BEFORE_UPLOAD,PROTECTED_REVIEW,,,,OWNER_APPROVAL_REQUIRED,section link if kept,HOLD_UNTIL_SPLIT_REVIEW,MERGE_OR_EXPAND_AFTER_REVIEW,NO_CMS_EDIT; NO_PUBLIC_UPLOAD; NO_REDIRECT; NO_CANONICAL_NOINDEX; NO_SITEMAP_CHANGE; NO_TAXONOMY_CHANGE,Do not overstate medical causation.
MEDD-023,CURRENT_URL_READINESS,MEDMAL-READY-015,medical-malpractice,P0,https://jus-tice.co.il/brain-damage-at-birth/,/birth-injury/; old birth/pregnancy page,/birth-injury/; old birth/pregnancy page,brain damage at birth support,KEEP_SUPPORT_SOURCE_REVIEW,OWNER_APPROVAL_REQUIRED_BEFORE_UPLOAD,PROTECTED_REVIEW,,,,OWNER_APPROVAL_REQUIRED,link only after legal/medical review,INCLUDE_IF_UNIQUE_AND_REVIEWED,KEEP_SUPPORT_SOURCE_REVIEW,NO_CMS_EDIT; NO_PUBLIC_UPLOAD; NO_REDIRECT; NO_CANONICAL_NOINDEX; NO_SITEMAP_CHANGE; NO_TAXONOMY_CHANGE,Sensitive causation claims.
MEDD-024,CURRENT_URL_READINESS,MEDMAL-READY-016,medical-malpractice,P0,https://jus-tice.co.il/malpractice-cerebral-palsy/,/birth-injury/; old birth/pregnancy page,/birth-injury/; old birth/pregnancy page,cerebral palsy malpractice support,KEEP_SUPPORT_SOURCE_REVIEW,OWNER_APPROVAL_REQUIRED_BEFORE_UPLOAD,PROTECTED_REVIEW,,,,OWNER_APPROVAL_REQUIRED,link only after legal/medical review,INCLUDE_IF_UNIQUE_AND_REVIEWED,KEEP_SUPPORT_SOURCE_REVIEW,NO_CMS_EDIT; NO_PUBLIC_UPLOAD; NO_REDIRECT; NO_CANONICAL_NOINDEX; NO_SITEMAP_CHANGE; NO_TAXONOMY_CHANGE,Sensitive causation claims.
MEDD-025,CURRENT_URL_READINESS,MEDMAL-READY-017,medical-malpractice,P0,REFERENCE:MEDMAL-REPORT-LARGE-001,/medical-malpractice-lawyer/,/medical-malpractice-lawyer/,very large report-style page,SOURCE_COPYRIGHT_INDEX_REVIEW,OWNER_APPROVAL_REQUIRED_BEFORE_UPLOAD,UNKNOWN_NEEDS_GSC,,,,OWNER_APPROVAL_REQUIRED,do not use as pillar link target until reviewed,HOLD_UNTIL_SOURCE_COPYRIGHT_REVIEW,SOURCE_COPYRIGHT_INDEX_REVIEW,NO_CMS_EDIT; NO_PUBLIC_UPLOAD; NO_REDIRECT; NO_CANONICAL_NOINDEX; NO_SITEMAP_CHANGE; NO_TAXONOMY_CHANGE,Word count alone must not select pillar.
MEDD-026,CURRENT_URL_READINESS,MEDMAL-READY-018,medical-malpractice,P1,https://jus-tice.co.il/standards-of-medical-fitness-to-drive/,traffic-law Marvad group,traffic-law Marvad group,Marvad/traffic medical fitness page,EXCLUDE_FROM_MALPRACTICE_CLUSTER,VERIFIED_BOUNDARY,UNKNOWN_NEEDS_GSC,,,,VERIFIED_BOUNDARY,link only from traffic/Marvad cluster,EXCLUDE_FROM_MALPRACTICE_SITEMAP,EXCLUDE_FROM_MALPRACTICE_CLUSTER,NO_CMS_EDIT; NO_PUBLIC_UPLOAD; NO_REDIRECT; NO_CANONICAL_NOINDEX; NO_SITEMAP_CHANGE; NO_TAXONOMY_CHANGE,Traffic law not malpractice.
MEDD-027,CURRENT_URL_READINESS,MEDMAL-READY-019,medical-malpractice,P1,https://jus-tice.co.il/medical-institute-for-road-safety/,traffic-law Marvad group,traffic-law Marvad group,Marvad info page,EXCLUDE_FROM_MALPRACTICE_CLUSTER,VERIFIED_BOUNDARY,UNKNOWN_NEEDS_GSC,,,,VERIFIED_BOUNDARY,link only from traffic/Marvad cluster,EXCLUDE_FROM_MALPRACTICE_SITEMAP,EXCLUDE_FROM_MALPRACTICE_CLUSTER,NO_CMS_EDIT; NO_PUBLIC_UPLOAD; NO_REDIRECT; NO_CANONICAL_NOINDEX; NO_SITEMAP_CHANGE; NO_TAXONOMY_CHANGE,Traffic law not malpractice.
MEDD-028,CURRENT_URL_READINESS,MEDMAL-READY-020,medical-malpractice,P1,https://jus-tice.co.il/medical-fitness-tests-for-driving-marvad-info/,traffic-law Marvad group,traffic-law Marvad group,Marvad info page,EXCLUDE_FROM_MALPRACTICE_CLUSTER,VERIFIED_BOUNDARY,UNKNOWN_NEEDS_GSC,,,,VERIFIED_BOUNDARY,link only from traffic/Marvad cluster,EXCLUDE_FROM_MALPRACTICE_SITEMAP,EXCLUDE_FROM_MALPRACTICE_CLUSTER,NO_CMS_EDIT; NO_PUBLIC_UPLOAD; NO_REDIRECT; NO_CANONICAL_NOINDEX; NO_SITEMAP_CHANGE; NO_TAXONOMY_CHANGE,Traffic law not malpractice.
MEDD-029,CURRENT_URL_READINESS,MEDMAL-READY-021,medical-malpractice,P1,https://jus-tice.co.il/criminal-negligence/,criminal-law group,criminal-law group,criminal negligence page,EXCLUDE_FROM_MALPRACTICE_CLUSTER,VERIFIED_BOUNDARY,UNKNOWN_NEEDS_GSC,,,,VERIFIED_BOUNDARY,link only from criminal cluster,EXCLUDE_FROM_MALPRACTICE_SITEMAP,EXCLUDE_FROM_MALPRACTICE_CLUSTER,NO_CMS_EDIT; NO_PUBLIC_UPLOAD; NO_REDIRECT; NO_CANONICAL_NOINDEX; NO_SITEMAP_CHANGE; NO_TAXONOMY_CHANGE,Criminal law not medical malpractice.
MEDD-030,CURRENT_URL_READINESS,MEDMAL-READY-022,medical-malpractice,P0,https://jus-tice.co.il/legal-clinic/,site/service info,site/service info,legal clinic page,EXCLUDE_PENDING_MANUAL_REVIEW,OWNER_APPROVAL_REQUIRED_BEFORE_UPLOAD,UNKNOWN_NEEDS_GSC,,,,OWNER_APPROVAL_REQUIRED,do not use as malpractice support unless reclassified,EXCLUDE_FROM_MALPRACTICE_SITEMAP,EXCLUDE_PENDING_MANUAL_REVIEW,NO_CMS_EDIT; NO_PUBLIC_UPLOAD; NO_REDIRECT; NO_CANONICAL_NOINDEX; NO_SITEMAP_CHANGE; NO_TAXONOMY_CHANGE,Low-word-count unrelated support risk.
MEDD-031,CURRENT_URL_READINESS,MEDMAL-READY-023,medical-malpractice,P0,FUTURE:/birth-malpractice/; /pregnancy-malpractice/; /diagnosis-malpractice/; /surgery-malpractice/,current support pages and old Hebrew URLs,current support pages and old Hebrew URLs,future clean support slugs,FUTURE_ONLY_UNTIL_SPLIT_APPROVED,OWNER_APPROVAL_REQUIRED_BEFORE_UPLOAD,PROTECTED_REVIEW,,,,OWNER_APPROVAL_REQUIRED,no internal links until route/content/redirect plan approved,EXCLUDE_UNTIL_APPROVED,FUTURE_ONLY_UNTIL_SPLIT_APPROVED,NO_CMS_EDIT; NO_PUBLIC_UPLOAD; NO_REDIRECT; NO_CANONICAL_NOINDEX; NO_SITEMAP_CHANGE; NO_TAXONOMY_CHANGE,Do not publish clean duplicates before current URL comparison.
MEDD-032,P0_SUPPORT_TO_HUB_MAP,support-001,medical-malpractice,P0,https://jus-tice.co.il/%D7%A2%D7%95%D7%A8%D7%9A-%D7%93%D7%99%D7%9F-%D7%A8%D7%A9%D7%9C%D7%A0%D7%95%D7%AA-%D7%A8%D7%A4%D7%95%D7%90%D7%99%D7%AA-%D7%91%D7%9C%D7%99%D7%93%D7%94-%D7%9E%D7%95%D7%9E%D7%9C%D7%A5,,https://jus-tice.co.il/medical-malpractice-lawyer/,birth-malpractice lawyer help,NOT_CHANGED,SUPPORT_ROLE_PLANNED_NOT_EXECUTED,HIGH,1,27275,,NEEDS_SOURCE_LEGAL_REVIEW_BEFORE_REWRITE,PLANNED_ONLY_AFTER_OWNER_APPROVAL,NOT_CHANGED; INTERNAL_LINK_ONLY_AFTER_APPROVAL,"Protect ranking value; decide support, merge, or rewrite role before upload batch",NO_CMS_EDIT; NO_PUBLIC_UPLOAD; NO_REDIRECT; NO_CANONICAL_NOINDEX; NO_SITEMAP_CHANGE; NO_TAXONOMY_CHANGE,Highest topic visibility; remove/avoid recommended language before public edit
MEDD-033,P0_SUPPORT_TO_HUB_MAP,support-002,medical-malpractice,P0,https://jus-tice.co.il/%D7%A2%D7%95%D7%A8%D7%9B%D7%99-%D7%93%D7%99%D7%9F-%D7%9E%D7%95%D7%91%D7%99%D7%9C%D7%99%D7%9D-%D7%91%D7%AA%D7%97%D7%95%D7%9D-%D7%A8%D7%A9%D7%9C%D7%A0%D7%95%D7%AA-%D7%A8%D7%A4%D7%95%D7%90%D7%99%D7%AA-%D7%91%D7%A2%D7%95%D7%9C%D7%9D,,https://jus-tice.co.il/medical-malpractice-lawyer/,medical-malpractice lawyer comparison,NOT_CHANGED,SUPPORT_ROLE_PLANNED_NOT_EXECUTED,HIGH,15,19549,,NEEDS_SOURCE_LEGAL_REVIEW_BEFORE_REWRITE,PLANNED_ONLY_AFTER_OWNER_APPROVAL,NOT_CHANGED; INTERNAL_LINK_ONLY_AFTER_APPROVAL,"Protect ranking value; decide support, merge, or rewrite role before upload batch",NO_CMS_EDIT; NO_PUBLIC_UPLOAD; NO_REDIRECT; NO_CANONICAL_NOINDEX; NO_SITEMAP_CHANGE; NO_TAXONOMY_CHANGE,Trust-claim risk; convert to factual checklist language
MEDD-034,P0_SUPPORT_TO_HUB_MAP,support-003,medical-malpractice,P0,https://jus-tice.co.il/medical-malpractice-in-the-united-states/,,https://jus-tice.co.il/medical-malpractice-lawyer/,medical-malpractice claim guidance,NOT_CHANGED,SUPPORT_ROLE_PLANNED_NOT_EXECUTED,HIGH,18,10267,,NEEDS_SOURCE_LEGAL_REVIEW_BEFORE_REWRITE,PLANNED_ONLY_AFTER_OWNER_APPROVAL,NOT_CHANGED; INTERNAL_LINK_ONLY_AFTER_APPROVAL,"Protect ranking value; decide support, merge, or rewrite role before upload batch",NO_CMS_EDIT; NO_PUBLIC_UPLOAD; NO_REDIRECT; NO_CANONICAL_NOINDEX; NO_SITEMAP_CHANGE; NO_TAXONOMY_CHANGE,Keep as jurisdictional/support content; do not let it displace Israeli hub
MEDD-035,P0_SUPPORT_TO_HUB_MAP,support-004,medical-malpractice,P0,https://jus-tice.co.il/%D7%94%D7%A7%D7%98%D7%A0%D7%AA-%D7%94%D7%95%D7%A6%D7%90%D7%95%D7%AA-%D7%AA%D7%91%D7%99%D7%A2%D7%95%D7%AA-%D7%A8%D7%A9%D7%9C%D7%A0%D7%95%D7%AA-%D7%A8%D7%A4%D7%95%D7%90%D7%99%D7%AA,,https://jus-tice.co.il/medical-malpractice-lawyer/,medical-malpractice lawyer fees and claim costs,NOT_CHANGED,SUPPORT_ROLE_PLANNED_NOT_EXECUTED,MEDIUM,22,9670,,NEEDS_SOURCE_LEGAL_REVIEW_BEFORE_REWRITE,PLANNED_ONLY_AFTER_OWNER_APPROVAL,NOT_CHANGED; INTERNAL_LINK_ONLY_AFTER_APPROVAL,"Protect ranking value; decide support, merge, or rewrite role before upload batch",NO_CMS_EDIT; NO_PUBLIC_UPLOAD; NO_REDIRECT; NO_CANONICAL_NOINDEX; NO_SITEMAP_CHANGE; NO_TAXONOMY_CHANGE,Commercial pricing intent
MEDD-036,P0_SUPPORT_TO_HUB_MAP,support-005,medical-malpractice,P0,https://jus-tice.co.il/%D7%A8%D7%A9%D7%99%D7%9E%D7%AA-%D7%9E%D7%95%D7%9E%D7%97%D7%99%D7%9D-%D7%A8%D7%A4%D7%95%D7%90%D7%99%D7%99%D7%9D-%D7%9C%D7%91%D7%99%D7%AA-%D7%9E%D7%A9%D7%A4%D7%98-%D7%9E%D7%AA%D7%A2%D7%93%D7%9B%D7%9F,,https://jus-tice.co.il/medical-malpractice-lawyer/,medical expert opinion for malpractice claim,NOT_CHANGED,SUPPORT_ROLE_PLANNED_NOT_EXECUTED,HIGH,144,8191,,NEEDS_SOURCE_LEGAL_REVIEW_BEFORE_REWRITE,PLANNED_ONLY_AFTER_OWNER_APPROVAL,NOT_CHANGED; INTERNAL_LINK_ONLY_AFTER_APPROVAL,"Protect ranking value; decide support, merge, or rewrite role before upload batch",NO_CMS_EDIT; NO_PUBLIC_UPLOAD; NO_REDIRECT; NO_CANONICAL_NOINDEX; NO_SITEMAP_CHANGE; NO_TAXONOMY_CHANGE,Very high clicks; useful pre-lead education
MEDD-037,P0_SUPPORT_TO_HUB_MAP,support-006,medical-malpractice,P0,https://jus-tice.co.il/cerebral-palsy/,,https://jus-tice.co.il/medical-malpractice-lawyer/,cerebral palsy birth malpractice,NOT_CHANGED,SUPPORT_ROLE_PLANNED_NOT_EXECUTED,MEDIUM,21,7104,,NEEDS_SOURCE_LEGAL_REVIEW_BEFORE_REWRITE,PLANNED_ONLY_AFTER_OWNER_APPROVAL,NOT_CHANGED; INTERNAL_LINK_ONLY_AFTER_APPROVAL,"Protect ranking value; decide support, merge, or rewrite role before upload batch",NO_CMS_EDIT; NO_PUBLIC_UPLOAD; NO_REDIRECT; NO_CANONICAL_NOINDEX; NO_SITEMAP_CHANGE; NO_TAXONOMY_CHANGE,Connect carefully without implying every cerebral palsy case is malpractice
MEDD-038,P0_SUPPORT_TO_HUB_MAP,support-007,medical-malpractice,P0,https://jus-tice.co.il/what-is-medical-malpractice-definition-examples/,,https://jus-tice.co.il/medical-malpractice-lawyer/,what counts as medical malpractice,NOT_CHANGED,SUPPORT_ROLE_PLANNED_NOT_EXECUTED,MEDIUM,0,4998,,NEEDS_SOURCE_LEGAL_REVIEW_BEFORE_REWRITE,PLANNED_ONLY_AFTER_OWNER_APPROVAL,NOT_CHANGED; INTERNAL_LINK_ONLY_AFTER_APPROVAL,"Protect ranking value; decide support, merge, or rewrite role before upload batch",NO_CMS_EDIT; NO_PUBLIC_UPLOAD; NO_REDIRECT; NO_CANONICAL_NOINDEX; NO_SITEMAP_CHANGE; NO_TAXONOMY_CHANGE,Needs merge review; useful top-of-funnel explainer
MEDD-039,P0_SUPPORT_TO_HUB_MAP,support-008,medical-malpractice,P0,https://jus-tice.co.il/malpractice-cerebral-palsy/,,https://jus-tice.co.il/medical-malpractice-lawyer/,malpractice and cerebral palsy,NOT_CHANGED,SUPPORT_ROLE_PLANNED_NOT_EXECUTED,MEDIUM,0,4887,,NEEDS_SOURCE_LEGAL_REVIEW_BEFORE_REWRITE,PLANNED_ONLY_AFTER_OWNER_APPROVAL,NOT_CHANGED; INTERNAL_LINK_ONLY_AFTER_APPROVAL,"Protect ranking value; decide support, merge, or rewrite role before upload batch",NO_CMS_EDIT; NO_PUBLIC_UPLOAD; NO_REDIRECT; NO_CANONICAL_NOINDEX; NO_SITEMAP_CHANGE; NO_TAXONOMY_CHANGE,Needs content review; overlaps with cerebral palsy page
MEDD-040,P0_SUPPORT_TO_HUB_MAP,support-009,medical-malpractice,P0,https://jus-tice.co.il/%D7%9E%D7%A7%D7%A8%D7%99-%D7%A8%D7%A9%D7%9C%D7%A0%D7%95%D7%AA-%D7%A8%D7%A4%D7%95%D7%90%D7%99%D7%AA-%D7%91%D7%9C%D7%99%D7%93%D7%94-%D7%95%D7%98%D7%99%D7%A4%D7%95%D7%9C-%D7%9E%D7%A9%D7%A4%D7%98%D7%99,,https://jus-tice.co.il/medical-malpractice-lawyer/,birth malpractice case review,NOT_CHANGED,SUPPORT_ROLE_PLANNED_NOT_EXECUTED,MEDIUM,1,4882,,NEEDS_SOURCE_LEGAL_REVIEW_BEFORE_REWRITE,PLANNED_ONLY_AFTER_OWNER_APPROVAL,NOT_CHANGED; INTERNAL_LINK_ONLY_AFTER_APPROVAL,"Protect ranking value; decide support, merge, or rewrite role before upload batch",NO_CMS_EDIT; NO_PUBLIC_UPLOAD; NO_REDIRECT; NO_CANONICAL_NOINDEX; NO_SITEMAP_CHANGE; NO_TAXONOMY_CHANGE,Needs content review; likely support-to-hub candidate
MEDD-041,P0_SUPPORT_TO_HUB_MAP,support-010,medical-malpractice,P0,https://jus-tice.co.il/articles/%D7%9E%D7%A7%D7%A8%D7%99-%D7%A8%D7%A9%D7%9C%D7%A0%D7%95%D7%AA-%D7%A8%D7%A4%D7%95%D7%90%D7%99%D7%AA-%D7%93%D7%95%D7%92%D7%9E%D7%90%D7%95%D7%AA,,https://jus-tice.co.il/medical-malpractice-lawyer/,medical malpractice examples,NOT_CHANGED,SUPPORT_ROLE_PLANNED_NOT_EXECUTED,MEDIUM,5,4642,,NEEDS_SOURCE_LEGAL_REVIEW_BEFORE_REWRITE,PLANNED_ONLY_AFTER_OWNER_APPROVAL,NOT_CHANGED; INTERNAL_LINK_ONLY_AFTER_APPROVAL,"Protect ranking value; decide support, merge, or rewrite role before upload batch",NO_CMS_EDIT; NO_PUBLIC_UPLOAD; NO_REDIRECT; NO_CANONICAL_NOINDEX; NO_SITEMAP_CHANGE; NO_TAXONOMY_CHANGE,Examples/case-law intent should guide users to evaluation
MEDD-042,P0_SUPPORT_TO_HUB_MAP,support-011,medical-malpractice,P0,https://jus-tice.co.il/medical-malpractice-common-errors-doctors-hospitals/,,https://jus-tice.co.il/medical-malpractice-lawyer/,hospital and doctor treatment mistakes,NOT_CHANGED,SUPPORT_ROLE_PLANNED_NOT_EXECUTED,MEDIUM,0,4067,,NEEDS_SOURCE_LEGAL_REVIEW_BEFORE_REWRITE,PLANNED_ONLY_AFTER_OWNER_APPROVAL,NOT_CHANGED; INTERNAL_LINK_ONLY_AFTER_APPROVAL,"Protect ranking value; decide support, merge, or rewrite role before upload batch",NO_CMS_EDIT; NO_PUBLIC_UPLOAD; NO_REDIRECT; NO_CANONICAL_NOINDEX; NO_SITEMAP_CHANGE; NO_TAXONOMY_CHANGE,Needs content review; diagnosis/treatment-error cluster
MEDD-043,P0_SUPPORT_TO_HUB_MAP,support-012,medical-malpractice,P0,https://jus-tice.co.il/anesthesia-medical-malpractice/,,https://jus-tice.co.il/medical-malpractice-lawyer/,anesthesia malpractice lawyer,NOT_CHANGED,SUPPORT_ROLE_PLANNED_NOT_EXECUTED,MEDIUM,2,3296,,NEEDS_SOURCE_LEGAL_REVIEW_BEFORE_REWRITE,PLANNED_ONLY_AFTER_OWNER_APPROVAL,NOT_CHANGED; INTERNAL_LINK_ONLY_AFTER_APPROVAL,"Protect ranking value; decide support, merge, or rewrite role before upload batch",NO_CMS_EDIT; NO_PUBLIC_UPLOAD; NO_REDIRECT; NO_CANONICAL_NOINDEX; NO_SITEMAP_CHANGE; NO_TAXONOMY_CHANGE,Specific high-intent subtopic
MEDD-044,P0_SUPPORT_TO_HUB_MAP,support-013,medical-malpractice,P0,https://jus-tice.co.il/articles/%D7%A9%D7%9B%D7%A8-%D7%98%D7%A8%D7%97%D7%94-%D7%A2%D7%95%D7%A8%D7%9A-%D7%93%D7%99%D7%9F-%D7%A8%D7%A9%D7%9C%D7%A0%D7%95%D7%AA-%D7%A8%D7%A4%D7%95%D7%90%D7%99%D7%AA,,https://jus-tice.co.il/medical-malpractice-lawyer/,medical-malpractice lawyer fee,NOT_CHANGED,SUPPORT_ROLE_PLANNED_NOT_EXECUTED,MEDIUM,1,2985,,NEEDS_SOURCE_LEGAL_REVIEW_BEFORE_REWRITE,PLANNED_ONLY_AFTER_OWNER_APPROVAL,NOT_CHANGED; INTERNAL_LINK_ONLY_AFTER_APPROVAL,"Protect ranking value; decide support, merge, or rewrite role before upload batch",NO_CMS_EDIT; NO_PUBLIC_UPLOAD; NO_REDIRECT; NO_CANONICAL_NOINDEX; NO_SITEMAP_CHANGE; NO_TAXONOMY_CHANGE,Pricing intent; no promises
MEDD-045,P0_SUPPORT_TO_HUB_MAP,support-014,medical-malpractice,P0,https://jus-tice.co.il/%D7%A2%D7%95%D7%A8%D7%9A-%D7%93%D7%99%D7%9F-%D7%A8%D7%A9%D7%9C%D7%A0%D7%95%D7%AA-%D7%91%D7%A0%D7%99%D7%AA%D7%95%D7%97-%D7%A4%D7%9C%D7%A1%D7%98%D7%99-%D7%94%D7%9E%D7%9C%D7%A6%D7%95%D7%AA-%D7%A2%D7%95%D7%93-%D7%A8%D7%A9%D7%9C%D7%A0%D7%95%D7%AA-%D7%A0%D7%99%D7%AA%D7%95%D7%97-%D7%A4%D7%9C%D7%A1%D7%98%D7%99,,https://jus-tice.co.il/medical-malpractice-lawyer/,plastic surgery malpractice lawyer,NOT_CHANGED,SUPPORT_ROLE_PLANNED_NOT_EXECUTED,LOW_UNKNOWN,0,2309,,NEEDS_SOURCE_LEGAL_REVIEW_BEFORE_REWRITE,PLANNED_ONLY_AFTER_OWNER_APPROVAL,NOT_CHANGED; INTERNAL_LINK_ONLY_AFTER_APPROVAL,"Protect ranking value; decide support, merge, or rewrite role before upload batch",NO_CMS_EDIT; NO_PUBLIC_UPLOAD; NO_REDIRECT; NO_CANONICAL_NOINDEX; NO_SITEMAP_CHANGE; NO_TAXONOMY_CHANGE,Remove/avoid recommended language before public edit
MEDD-046,P0_SUPPORT_TO_HUB_MAP,support-015,medical-malpractice,P0,https://jus-tice.co.il/%D7%A8%D7%A9%D7%9C%D7%A0%D7%95%D7%AA-%D7%A8%D7%A4%D7%95%D7%90%D7%99%D7%AA-%D7%91%D7%94%D7%99%D7%AA-%D7%97%D7%95%D7%9C%D7%99%D7%9D,,https://jus-tice.co.il/medical-malpractice-lawyer/,hospital malpractice claim,NOT_CHANGED,SUPPORT_ROLE_PLANNED_NOT_EXECUTED,MEDIUM,1,1478,,NEEDS_SOURCE_LEGAL_REVIEW_BEFORE_REWRITE,PLANNED_ONLY_AFTER_OWNER_APPROVAL,NOT_CHANGED; INTERNAL_LINK_ONLY_AFTER_APPROVAL,"Protect ranking value; decide support, merge, or rewrite role before upload batch",NO_CMS_EDIT; NO_PUBLIC_UPLOAD; NO_REDIRECT; NO_CANONICAL_NOINDEX; NO_SITEMAP_CHANGE; NO_TAXONOMY_CHANGE,Good support page if factual and source-backed
MEDD-047,CLEAN_SLUG_ROUTE_REVIEW,route-001,medical-malpractice,P0,/birth-malpractice/,,,clean birth-malpractice support slug,BLOCKED_COMPARE_BIRTH_PAGES_FIRST,BLOCKED_BEFORE_ROUTE_OR_REDIRECT,ROUTE_RISK_404_CLEAN_SLUG,,,,NOT_VERIFIED,NOT_EXECUTED,404,YES_BEFORE_REDIRECT_OR_ROUTE,NO_CMS_EDIT; NO_PUBLIC_UPLOAD; NO_REDIRECT; NO_CANONICAL_NOINDEX; NO_SITEMAP_CHANGE; NO_TAXONOMY_CHANGE,Dead clean slug; old Hebrew birth/pregnancy page has 661 birth impressions and 419 pregnancy impressions in prior owner packet.
MEDD-048,CLEAN_SLUG_ROUTE_REVIEW,route-002,medical-malpractice,P0,/pregnancy-malpractice/,,,clean pregnancy-malpractice support slug,BLOCKED_SPLIT_BIRTH_VS_PREGNANCY_FIRST,BLOCKED_BEFORE_ROUTE_OR_REDIRECT,ROUTE_RISK_404_CLEAN_SLUG,,,,NOT_VERIFIED,NOT_EXECUTED,404,YES_BEFORE_REDIRECT_OR_ROUTE,NO_CMS_EDIT; NO_PUBLIC_UPLOAD; NO_REDIRECT; NO_CANONICAL_NOINDEX; NO_SITEMAP_CHANGE; NO_TAXONOMY_CHANGE,Dead clean slug; pregnancy demand overlaps with old Hebrew birth page in prior GSC evidence.
MEDD-049,CLEAN_SLUG_ROUTE_REVIEW,route-003,medical-malpractice,P0,/diagnosis-malpractice/,,,clean diagnosis-malpractice support slug,BLOCKED_COMPARE_TO_DIAGNOSIS_ARTICLE,BLOCKED_BEFORE_ROUTE_OR_REDIRECT,ROUTE_RISK_404_CLEAN_SLUG,,,,NOT_VERIFIED,NOT_EXECUTED,404,YES_BEFORE_REDIRECT_OR_ROUTE,NO_CMS_EDIT; NO_PUBLIC_UPLOAD; NO_REDIRECT; NO_CANONICAL_NOINDEX; NO_SITEMAP_CHANGE; NO_TAXONOMY_CHANGE,Dead clean slug; live diagnosis-specific page exists at /medical-malpractice-8271/.
MEDD-050,CLEAN_SLUG_ROUTE_REVIEW,route-004,medical-malpractice,P1,/medical-malpractice-lawyer-birth-representation/,,,birth representation support,CANDIDATE_BIRTH_PRIMARY_OR_SUPPORT,ROLE_REVIEW_REQUIRED,LIVE_URL_PROTECT_OR_REVIEW,,,,NOT_VERIFIED,NOT_EXECUTED,200,YES_BEFORE_ROLE_CHANGE,NO_CMS_EDIT; NO_PUBLIC_UPLOAD; NO_REDIRECT; NO_CANONICAL_NOINDEX; NO_SITEMAP_CHANGE; NO_TAXONOMY_CHANGE,Old URL for post 11952 resolves live here; migration map had proposed generic /medical-malpractice-lawyer/ target.
MEDD-051,CLEAN_SLUG_ROUTE_REVIEW,route-005,medical-malpractice,P1,/medical-malpractice-lawyer-birth-recommended/,,,recommended birth-malpractice lawyer support,CANDIDATE_BIRTH_PRIMARY_OR_SUPPORT,ROLE_REVIEW_REQUIRED,LIVE_URL_PROTECT_OR_REVIEW,,,,NOT_VERIFIED,NOT_EXECUTED,200,YES_BEFORE_ROLE_CHANGE,NO_CMS_EDIT; NO_PUBLIC_UPLOAD; NO_REDIRECT; NO_CANONICAL_NOINDEX; NO_SITEMAP_CHANGE; NO_TAXONOMY_CHANGE,Old URL for post 11834 resolves live here; prior GSC packet protects birth/pregnancy demand.
MEDD-052,CLEAN_SLUG_ROUTE_REVIEW,route-006,medical-malpractice,P1,/birth-injury/,,,birth injury parent/support,KEEP_SUPPORT_COMPARE,ROLE_REVIEW_REQUIRED,LIVE_URL_PROTECT_OR_REVIEW,,,,NOT_VERIFIED,NOT_EXECUTED,200,YES_BEFORE_CMS_EDIT,NO_CMS_EDIT; NO_PUBLIC_UPLOAD; NO_REDIRECT; NO_CANONICAL_NOINDEX; NO_SITEMAP_CHANGE; NO_TAXONOMY_CHANGE,Live support page and already used in theme-owned topic links after dead link fix.
MEDD-053,CLEAN_SLUG_ROUTE_REVIEW,route-007,medical-malpractice,P1,/birth-injury-lawyer/,,,birth injury lawyer support/commercial boundary,HOLD_ROLE_REVIEW,ROLE_REVIEW_REQUIRED,LIVE_URL_PROTECT_OR_REVIEW,,,,NOT_VERIFIED,NOT_EXECUTED,200,YES_BEFORE_PROMOTION,NO_CMS_EDIT; NO_PUBLIC_UPLOAD; NO_REDIRECT; NO_CANONICAL_NOINDEX; NO_SITEMAP_CHANGE; NO_TAXONOMY_CHANGE,Live page may compete with clean birth-malpractice route if promoted blindly.
MEDD-054,CLEAN_SLUG_ROUTE_REVIEW,route-008,medical-malpractice,P1,/birth-injury-causes/,,,birth injury causes support,HOLD_SOURCE_LEGAL_REVIEW,ROLE_REVIEW_REQUIRED,LIVE_URL_PROTECT_OR_REVIEW,,,,NOT_VERIFIED,NOT_EXECUTED,200,YES_BEFORE_PROMOTION,NO_CMS_EDIT; NO_PUBLIC_UPLOAD; NO_REDIRECT; NO_CANONICAL_NOINDEX; NO_SITEMAP_CHANGE; NO_TAXONOMY_CHANGE,Sensitive medical causation content; live but source/legal review needed.
MEDD-055,CLEAN_SLUG_ROUTE_REVIEW,route-009,medical-malpractice,P1,/brain-damage-at-birth/,,,brain damage at birth support,HOLD_SOURCE_LEGAL_REVIEW,ROLE_REVIEW_REQUIRED,LIVE_URL_PROTECT_OR_REVIEW,,,,NOT_VERIFIED,NOT_EXECUTED,200,YES_BEFORE_PROMOTION,NO_CMS_EDIT; NO_PUBLIC_UPLOAD; NO_REDIRECT; NO_CANONICAL_NOINDEX; NO_SITEMAP_CHANGE; NO_TAXONOMY_CHANGE,Sensitive medical causation content; live but source/legal review needed.
MEDD-056,CLEAN_SLUG_ROUTE_REVIEW,route-010,medical-malpractice,P1,/medical-malpractice-8271/,,,diagnosis malpractice article,CANDIDATE_PRECISE_DIAGNOSIS_REDIRECT,ROLE_REVIEW_REQUIRED,LIVE_URL_PROTECT_OR_REVIEW,,,,NOT_VERIFIED,NOT_EXECUTED,200,YES_BEFORE_REDIRECT,NO_CMS_EDIT; NO_PUBLIC_UPLOAD; NO_REDIRECT; NO_CANONICAL_NOINDEX; NO_SITEMAP_CHANGE; NO_TAXONOMY_CHANGE,Old diagnosis row resolves live here; possible precise equivalent for /diagnosis-malpractice/.
MEDD-057,CLEAN_SLUG_ROUTE_REVIEW,route-011,medical-malpractice,P0,old row 8400 encoded pregnancy/birth URL,,,pregnancy and birth malpractice,REVIEW_EQUIVALENCE_BEFORE_REDIRECT,ROLE_REVIEW_REQUIRED,ROUTE_RISK_404_CLEAN_SLUG,,,,NOT_VERIFIED,NOT_EXECUTED,404,YES_BEFORE_REDIRECT,NO_CMS_EDIT; NO_PUBLIC_UPLOAD; NO_REDIRECT; NO_CANONICAL_NOINDEX; NO_SITEMAP_CHANGE; NO_TAXONOMY_CHANGE,Old encoded URL returned 404; proposed target was generic /medical-malpractice-lawyer/.
MEDD-058,CLEAN_SLUG_ROUTE_REVIEW,route-012,medical-malpractice,P1,old row 7964 article URL,,,birth-related verdict,DO_NOT_FORCE_BIRTH_SLUG,ROLE_REVIEW_REQUIRED,LIVE_URL_PROTECT_OR_REVIEW,,,,NOT_VERIFIED,NOT_EXECUTED,200,YES_BEFORE_REDIRECT,NO_CMS_EDIT; NO_PUBLIC_UPLOAD; NO_REDIRECT; NO_CANONICAL_NOINDEX; NO_SITEMAP_CHANGE; NO_TAXONOMY_CHANGE,Old article resolves to /personal-injury-verdict-judge-lawsuit-damages-claim/; proposed /birth-malpractice/ target is 404.
MEDD-059,INTERNAL_LINK_PLAN,MEDMAL-LINK-001,medical-malpractice,P0,https://jus-tice.co.il/medical-malpractice-lawyer/,,REFERENCE:MEDMAL-DUPLICATE-SAME-URL-001,IDENTITY_GATE,NOT_EXECUTED,LINK_APPROVAL_REQUIRED,PROTECTED_REVIEW,,,,OWNER_APPROVAL_REQUIRED,NOT_EXECUTED,NO_LINK_CHANGE_EXECUTED,Resolve duplicate public URL record before editing or linking,NO_CMS_EDIT; NO_PUBLIC_UPLOAD; NO_REDIRECT; NO_CANONICAL_NOINDEX; NO_SITEMAP_CHANGE; NO_TAXONOMY_CHANGE,Authoritative CMS state must be known first
MEDD-060,INTERNAL_LINK_PLAN,MEDMAL-LINK-002,medical-malpractice,P1,https://jus-tice.co.il/medical-malpractice-lawyer/,,REFERENCE:MEDMAL-FEE-GSC-001,PILLAR_TO_SUPPORT,NOT_EXECUTED,LINK_APPROVAL_REQUIRED,PROTECTED_REVIEW,,,,OWNER_LEGAL_APPROVAL_REQUIRED,NOT_EXECUTED,NO_LINK_CHANGE_EXECUTED,Add contextual support link from cost/fees section after comparison,NO_CMS_EDIT; NO_PUBLIC_UPLOAD; NO_REDIRECT; NO_CANONICAL_NOINDEX; NO_SITEMAP_CHANGE; NO_TAXONOMY_CHANGE,Fee article is visible in GSC for main query and must be protected
MEDD-061,INTERNAL_LINK_PLAN,MEDMAL-LINK-003,medical-malpractice,P1,REFERENCE:MEDMAL-FEE-GSC-001,,https://jus-tice.co.il/medical-malpractice-lawyer/,SUPPORT_TO_PILLAR,NOT_EXECUTED,LINK_APPROVAL_REQUIRED,PROTECTED_REVIEW,,,,OWNER_LEGAL_APPROVAL_REQUIRED,NOT_EXECUTED,NO_LINK_CHANGE_EXECUTED,Add one contextual link back to approved pillar after role approval,NO_CMS_EDIT; NO_PUBLIC_UPLOAD; NO_REDIRECT; NO_CANONICAL_NOINDEX; NO_SITEMAP_CHANGE; NO_TAXONOMY_CHANGE,Support page should not compete with pillar
MEDD-062,INTERNAL_LINK_PLAN,MEDMAL-LINK-004,medical-malpractice,P1,https://jus-tice.co.il/medical-malpractice-lawyer/,,REFERENCE:MEDMAL-BIRTH-HEBREW-GSC-001,PILLAR_TO_PROTECTED_ASSET,NOT_EXECUTED,LINK_APPROVAL_REQUIRED,PROTECTED_REVIEW,,,,OWNER_LEGAL_APPROVAL_REQUIRED,NOT_EXECUTED,NO_LINK_CHANGE_EXECUTED,Link only after split or merge decision is approved,NO_CMS_EDIT; NO_PUBLIC_UPLOAD; NO_REDIRECT; NO_CANONICAL_NOINDEX; NO_SITEMAP_CHANGE; NO_TAXONOMY_CHANGE,Old Hebrew page owns visible birth and pregnancy demand
MEDD-063,INTERNAL_LINK_PLAN,MEDMAL-LINK-005,medical-malpractice,P1,REFERENCE:MEDMAL-BIRTH-HEBREW-GSC-001,,https://jus-tice.co.il/medical-malpractice-lawyer/,PROTECTED_ASSET_TO_PILLAR,NOT_EXECUTED,LINK_APPROVAL_REQUIRED,PROTECTED_REVIEW,,,,OWNER_LEGAL_APPROVAL_REQUIRED,NOT_EXECUTED,NO_LINK_CHANGE_EXECUTED,Add careful contextual hub link after comparison,NO_CMS_EDIT; NO_PUBLIC_UPLOAD; NO_REDIRECT; NO_CANONICAL_NOINDEX; NO_SITEMAP_CHANGE; NO_TAXONOMY_CHANGE,Old page should support final pillar without losing GSC value
MEDD-064,INTERNAL_LINK_PLAN,MEDMAL-LINK-006,medical-malpractice,P1,https://jus-tice.co.il/medical-malpractice-lawyer/,,https://jus-tice.co.il/anesthesia-medical-malpractice/,PILLAR_TO_SUPPORT,NOT_EXECUTED,LINK_APPROVAL_REQUIRED,LOW_UNKNOWN,,,,OWNER_LEGAL_APPROVAL_REQUIRED,NOT_EXECUTED,NO_LINK_CHANGE_EXECUTED,Add under treatment and hospital error support area,NO_CMS_EDIT; NO_PUBLIC_UPLOAD; NO_REDIRECT; NO_CANONICAL_NOINDEX; NO_SITEMAP_CHANGE; NO_TAXONOMY_CHANGE,Unique support topic if medically reviewed
MEDD-065,INTERNAL_LINK_PLAN,MEDMAL-LINK-007,medical-malpractice,P1,https://jus-tice.co.il/anesthesia-medical-malpractice/,,https://jus-tice.co.il/medical-malpractice-lawyer/,SUPPORT_TO_PILLAR,NOT_EXECUTED,LINK_APPROVAL_REQUIRED,LOW_UNKNOWN,,,,OWNER_LEGAL_APPROVAL_REQUIRED,NOT_EXECUTED,NO_LINK_CHANGE_EXECUTED,Add one contextual link back to pillar,NO_CMS_EDIT; NO_PUBLIC_UPLOAD; NO_REDIRECT; NO_CANONICAL_NOINDEX; NO_SITEMAP_CHANGE; NO_TAXONOMY_CHANGE,Support page needs clear hub relationship
MEDD-066,INTERNAL_LINK_PLAN,MEDMAL-LINK-008,medical-malpractice,P1,https://jus-tice.co.il/medical-malpractice-lawyer/,,https://jus-tice.co.il/surgical-errors-medical-malpractice/,PILLAR_TO_SUPPORT,NOT_EXECUTED,LINK_APPROVAL_REQUIRED,LOW_UNKNOWN,,,,OWNER_LEGAL_APPROVAL_REQUIRED,NOT_EXECUTED,NO_LINK_CHANGE_EXECUTED,Add under surgery and hospital treatment support area,NO_CMS_EDIT; NO_PUBLIC_UPLOAD; NO_REDIRECT; NO_CANONICAL_NOINDEX; NO_SITEMAP_CHANGE; NO_TAXONOMY_CHANGE,Thin support page needs source review before promotion
MEDD-067,INTERNAL_LINK_PLAN,MEDMAL-LINK-009,medical-malpractice,P1,https://jus-tice.co.il/surgical-errors-medical-malpractice/,,https://jus-tice.co.il/medical-malpractice-lawyer/,SUPPORT_TO_PILLAR,NOT_EXECUTED,LINK_APPROVAL_REQUIRED,LOW_UNKNOWN,,,,OWNER_LEGAL_APPROVAL_REQUIRED,NOT_EXECUTED,NO_LINK_CHANGE_EXECUTED,Add one contextual link back to pillar after expansion,NO_CMS_EDIT; NO_PUBLIC_UPLOAD; NO_REDIRECT; NO_CANONICAL_NOINDEX; NO_SITEMAP_CHANGE; NO_TAXONOMY_CHANGE,Support page should not become duplicate commercial page
MEDD-068,INTERNAL_LINK_PLAN,MEDMAL-LINK-010,medical-malpractice,P1,https://jus-tice.co.il/medical-malpractice-lawyer/,,https://jus-tice.co.il/personal-injury/medical-malpractice/surgery/,PILLAR_TO_SUPPORT_HOLD,NOT_EXECUTED,LINK_APPROVAL_REQUIRED,LOW_UNKNOWN,,,,OWNER_APPROVAL_REQUIRED,NOT_EXECUTED,NO_LINK_CHANGE_EXECUTED,HOLD until nested URL and canonical role are approved,NO_CMS_EDIT; NO_PUBLIC_UPLOAD; NO_REDIRECT; NO_CANONICAL_NOINDEX; NO_SITEMAP_CHANGE; NO_TAXONOMY_CHANGE,Nested path may need URL strategy review
MEDD-069,INTERNAL_LINK_PLAN,MEDMAL-LINK-011,medical-malpractice,P1,https://jus-tice.co.il/personal-injury/medical-malpractice/surgery/,,https://jus-tice.co.il/medical-malpractice-lawyer/,SUPPORT_TO_PILLAR_HOLD,NOT_EXECUTED,LINK_APPROVAL_REQUIRED,LOW_UNKNOWN,,,,OWNER_APPROVAL_REQUIRED,NOT_EXECUTED,NO_LINK_CHANGE_EXECUTED,HOLD until nested URL role is approved,NO_CMS_EDIT; NO_PUBLIC_UPLOAD; NO_REDIRECT; NO_CANONICAL_NOINDEX; NO_SITEMAP_CHANGE; NO_TAXONOMY_CHANGE,Nested path must not be promoted blindly
MEDD-070,INTERNAL_LINK_PLAN,MEDMAL-LINK-012,medical-malpractice,P1,https://jus-tice.co.il/medical-malpractice-lawyer/,,https://jus-tice.co.il/what-is-medical-malpractice-definition-examples/,PILLAR_TO_INFO_SUPPORT,NOT_EXECUTED,LINK_APPROVAL_REQUIRED,LOW_UNKNOWN,,,,OWNER_LEGAL_APPROVAL_REQUIRED,NOT_EXECUTED,NO_LINK_CHANGE_EXECUTED,Add from definition intro only after uniqueness review,NO_CMS_EDIT; NO_PUBLIC_UPLOAD; NO_REDIRECT; NO_CANONICAL_NOINDEX; NO_SITEMAP_CHANGE; NO_TAXONOMY_CHANGE,Informational support should clarify concept
MEDD-071,INTERNAL_LINK_PLAN,MEDMAL-LINK-013,medical-malpractice,P1,https://jus-tice.co.il/what-is-medical-malpractice-definition-examples/,,https://jus-tice.co.il/medical-malpractice-lawyer/,INFO_SUPPORT_TO_PILLAR,NOT_EXECUTED,LINK_APPROVAL_REQUIRED,LOW_UNKNOWN,,,,OWNER_LEGAL_APPROVAL_REQUIRED,NOT_EXECUTED,NO_LINK_CHANGE_EXECUTED,Add practical consultation transition link,NO_CMS_EDIT; NO_PUBLIC_UPLOAD; NO_REDIRECT; NO_CANONICAL_NOINDEX; NO_SITEMAP_CHANGE; NO_TAXONOMY_CHANGE,Definition page should not own lawyer intent
MEDD-072,INTERNAL_LINK_PLAN,MEDMAL-LINK-014,medical-malpractice,P1,https://jus-tice.co.il/medical-malpractice-lawyer/,,https://jus-tice.co.il/medical-malpractice-common-errors-doctors-hospitals/,PILLAR_TO_INFO_SUPPORT,NOT_EXECUTED,LINK_APPROVAL_REQUIRED,LOW_UNKNOWN,,,,OWNER_LEGAL_APPROVAL_REQUIRED,NOT_EXECUTED,NO_LINK_CHANGE_EXECUTED,Add after expansion and source review,NO_CMS_EDIT; NO_PUBLIC_UPLOAD; NO_REDIRECT; NO_CANONICAL_NOINDEX; NO_SITEMAP_CHANGE; NO_TAXONOMY_CHANGE,Thin page must be improved before strong promotion
MEDD-073,INTERNAL_LINK_PLAN,MEDMAL-LINK-015,medical-malpractice,P1,https://jus-tice.co.il/medical-malpractice-common-errors-doctors-hospitals/,,https://jus-tice.co.il/medical-malpractice-lawyer/,INFO_SUPPORT_TO_PILLAR,NOT_EXECUTED,LINK_APPROVAL_REQUIRED,LOW_UNKNOWN,,,,OWNER_LEGAL_APPROVAL_REQUIRED,NOT_EXECUTED,NO_LINK_CHANGE_EXECUTED,Add one contextual link back to pillar after expansion,NO_CMS_EDIT; NO_PUBLIC_UPLOAD; NO_REDIRECT; NO_CANONICAL_NOINDEX; NO_SITEMAP_CHANGE; NO_TAXONOMY_CHANGE,Common-errors page should support not compete
MEDD-074,INTERNAL_LINK_PLAN,MEDMAL-LINK-016,medical-malpractice,P1,https://jus-tice.co.il/medical-malpractice-lawyer/,,https://jus-tice.co.il/medical-malpractice-vs-negligence-differences-israel/,PILLAR_TO_INFO_SUPPORT,NOT_EXECUTED,LINK_APPROVAL_REQUIRED,LOW_UNKNOWN,,,,OWNER_LEGAL_APPROVAL_REQUIRED,NOT_EXECUTED,NO_LINK_CHANGE_EXECUTED,Add as concept clarification link,NO_CMS_EDIT; NO_PUBLIC_UPLOAD; NO_REDIRECT; NO_CANONICAL_NOINDEX; NO_SITEMAP_CHANGE; NO_TAXONOMY_CHANGE,Useful for semantic clarity
MEDD-075,INTERNAL_LINK_PLAN,MEDMAL-LINK-017,medical-malpractice,P1,https://jus-tice.co.il/medical-malpractice-vs-negligence-differences-israel/,,https://jus-tice.co.il/medical-malpractice-lawyer/,INFO_SUPPORT_TO_PILLAR,NOT_EXECUTED,LINK_APPROVAL_REQUIRED,LOW_UNKNOWN,,,,OWNER_LEGAL_APPROVAL_REQUIRED,NOT_EXECUTED,NO_LINK_CHANGE_EXECUTED,Add one practical consultation transition link,NO_CMS_EDIT; NO_PUBLIC_UPLOAD; NO_REDIRECT; NO_CANONICAL_NOINDEX; NO_SITEMAP_CHANGE; NO_TAXONOMY_CHANGE,Comparison page should not duplicate commercial intent
MEDD-076,INTERNAL_LINK_PLAN,MEDMAL-LINK-018,medical-malpractice,P1,https://jus-tice.co.il/medical-malpractice-lawyer/,,https://jus-tice.co.il/birth-injury/,PILLAR_TO_SUPPORT,NOT_EXECUTED,LINK_APPROVAL_REQUIRED,PROTECTED_REVIEW,,,,OWNER_LEGAL_APPROVAL_REQUIRED,NOT_EXECUTED,NO_LINK_CHANGE_EXECUTED,Add from birth and pregnancy support section after comparison,NO_CMS_EDIT; NO_PUBLIC_UPLOAD; NO_REDIRECT; NO_CANONICAL_NOINDEX; NO_SITEMAP_CHANGE; NO_TAXONOMY_CHANGE,Birth injury can be parent support node
MEDD-077,INTERNAL_LINK_PLAN,MEDMAL-LINK-019,medical-malpractice,P1,https://jus-tice.co.il/birth-injury/,,https://jus-tice.co.il/medical-malpractice-lawyer/,SUPPORT_TO_PILLAR,NOT_EXECUTED,LINK_APPROVAL_REQUIRED,PROTECTED_REVIEW,,,,OWNER_LEGAL_APPROVAL_REQUIRED,NOT_EXECUTED,NO_LINK_CHANGE_EXECUTED,Add one contextual hub link after source review,NO_CMS_EDIT; NO_PUBLIC_UPLOAD; NO_REDIRECT; NO_CANONICAL_NOINDEX; NO_SITEMAP_CHANGE; NO_TAXONOMY_CHANGE,Birth injury should support broader malpractice pillar
MEDD-078,INTERNAL_LINK_PLAN,MEDMAL-LINK-020,medical-malpractice,P1,https://jus-tice.co.il/medical-malpractice-lawyer/,,https://jus-tice.co.il/birth-injury-lawyer/,PILLAR_TO_SUPPORT_REVIEW,NOT_EXECUTED,LINK_APPROVAL_REQUIRED,PROTECTED_REVIEW,,,,OWNER_LEGAL_APPROVAL_REQUIRED,NOT_EXECUTED,NO_LINK_CHANGE_EXECUTED,HOLD until role versus birth-injury parent is approved,NO_CMS_EDIT; NO_PUBLIC_UPLOAD; NO_REDIRECT; NO_CANONICAL_NOINDEX; NO_SITEMAP_CHANGE; NO_TAXONOMY_CHANGE,May compete with future birth-malpractice intent
MEDD-079,INTERNAL_LINK_PLAN,MEDMAL-LINK-021,medical-malpractice,P1,https://jus-tice.co.il/birth-injury-lawyer/,,https://jus-tice.co.il/birth-injury/,SUPPORT_TO_PARENT,NOT_EXECUTED,LINK_APPROVAL_REQUIRED,PROTECTED_REVIEW,,,,OWNER_LEGAL_APPROVAL_REQUIRED,NOT_EXECUTED,NO_LINK_CHANGE_EXECUTED,Use only if birth-injury becomes parent support page,NO_CMS_EDIT; NO_PUBLIC_UPLOAD; NO_REDIRECT; NO_CANONICAL_NOINDEX; NO_SITEMAP_CHANGE; NO_TAXONOMY_CHANGE,Parent child relationship needs approval
MEDD-080,INTERNAL_LINK_PLAN,MEDMAL-LINK-022,medical-malpractice,P1,https://jus-tice.co.il/birth-injury-causes/,,https://jus-tice.co.il/birth-injury/,SUPPORT_TO_PARENT,NOT_EXECUTED,LINK_APPROVAL_REQUIRED,PROTECTED_REVIEW,,,,OWNER_LEGAL_APPROVAL_REQUIRED,NOT_EXECUTED,NO_LINK_CHANGE_EXECUTED,Use if causes page is kept rather than merged,NO_CMS_EDIT; NO_PUBLIC_UPLOAD; NO_REDIRECT; NO_CANONICAL_NOINDEX; NO_SITEMAP_CHANGE; NO_TAXONOMY_CHANGE,Thin causes page needs causation review
MEDD-081,INTERNAL_LINK_PLAN,MEDMAL-LINK-023,medical-malpractice,P1,https://jus-tice.co.il/brain-damage-at-birth/,,https://jus-tice.co.il/birth-injury/,SUPPORT_TO_PARENT,NOT_EXECUTED,LINK_APPROVAL_REQUIRED,PROTECTED_REVIEW,,,,OWNER_LEGAL_APPROVAL_REQUIRED,NOT_EXECUTED,NO_LINK_CHANGE_EXECUTED,Add after medical causation claims are reviewed,NO_CMS_EDIT; NO_PUBLIC_UPLOAD; NO_REDIRECT; NO_CANONICAL_NOINDEX; NO_SITEMAP_CHANGE; NO_TAXONOMY_CHANGE,Sensitive medical causation topic
MEDD-082,INTERNAL_LINK_PLAN,MEDMAL-LINK-024,medical-malpractice,P1,https://jus-tice.co.il/malpractice-cerebral-palsy/,,https://jus-tice.co.il/birth-injury/,SUPPORT_TO_PARENT,NOT_EXECUTED,LINK_APPROVAL_REQUIRED,PROTECTED_REVIEW,,,,OWNER_LEGAL_APPROVAL_REQUIRED,NOT_EXECUTED,NO_LINK_CHANGE_EXECUTED,Add after medical causation claims are reviewed,NO_CMS_EDIT; NO_PUBLIC_UPLOAD; NO_REDIRECT; NO_CANONICAL_NOINDEX; NO_SITEMAP_CHANGE; NO_TAXONOMY_CHANGE,Sensitive cerebral palsy causation topic
MEDD-083,INTERNAL_LINK_PLAN,MEDMAL-LINK-025,medical-malpractice,P2,https://jus-tice.co.il/anesthesia-medical-malpractice/,,https://jus-tice.co.il/surgical-errors-medical-malpractice/,SUPPORT_CROSSLINK,NOT_EXECUTED,LINK_APPROVAL_REQUIRED,LOW_UNKNOWN,,,,OWNER_LEGAL_APPROVAL_REQUIRED,NOT_EXECUTED,NO_LINK_CHANGE_EXECUTED,Add only if both support pages remain unique,NO_CMS_EDIT; NO_PUBLIC_UPLOAD; NO_REDIRECT; NO_CANONICAL_NOINDEX; NO_SITEMAP_CHANGE; NO_TAXONOMY_CHANGE,Helpful same-cluster support connection
MEDD-084,INTERNAL_LINK_PLAN,MEDMAL-LINK-026,medical-malpractice,P2,https://jus-tice.co.il/surgical-errors-medical-malpractice/,,https://jus-tice.co.il/anesthesia-medical-malpractice/,SUPPORT_CROSSLINK,NOT_EXECUTED,LINK_APPROVAL_REQUIRED,LOW_UNKNOWN,,,,OWNER_LEGAL_APPROVAL_REQUIRED,NOT_EXECUTED,NO_LINK_CHANGE_EXECUTED,Add only if both support pages remain unique,NO_CMS_EDIT; NO_PUBLIC_UPLOAD; NO_REDIRECT; NO_CANONICAL_NOINDEX; NO_SITEMAP_CHANGE; NO_TAXONOMY_CHANGE,Helpful same-cluster support connection
MEDD-085,INTERNAL_LINK_PLAN,MEDMAL-LINK-027,medical-malpractice,P2,https://jus-tice.co.il/what-is-medical-malpractice-definition-examples/,,https://jus-tice.co.il/medical-malpractice-common-errors-doctors-hospitals/,INFO_CROSSLINK,NOT_EXECUTED,LINK_APPROVAL_REQUIRED,LOW_UNKNOWN,,,,OWNER_LEGAL_APPROVAL_REQUIRED,NOT_EXECUTED,NO_LINK_CHANGE_EXECUTED,Add from examples section after expansion,NO_CMS_EDIT; NO_PUBLIC_UPLOAD; NO_REDIRECT; NO_CANONICAL_NOINDEX; NO_SITEMAP_CHANGE; NO_TAXONOMY_CHANGE,Definition page can support common-errors page
MEDD-086,INTERNAL_LINK_PLAN,MEDMAL-LINK-028,medical-malpractice,P2,https://jus-tice.co.il/medical-malpractice-common-errors-doctors-hospitals/,,https://jus-tice.co.il/what-is-medical-malpractice-definition-examples/,INFO_CROSSLINK,NOT_EXECUTED,LINK_APPROVAL_REQUIRED,LOW_UNKNOWN,,,,OWNER_LEGAL_APPROVAL_REQUIRED,NOT_EXECUTED,NO_LINK_CHANGE_EXECUTED,Add from introductory explanation,NO_CMS_EDIT; NO_PUBLIC_UPLOAD; NO_REDIRECT; NO_CANONICAL_NOINDEX; NO_SITEMAP_CHANGE; NO_TAXONOMY_CHANGE,Common-errors page needs definition support
MEDD-087,INTERNAL_LINK_PLAN,MEDMAL-LINK-029,medical-malpractice,P2,https://jus-tice.co.il/medical-malpractice-vs-negligence-differences-israel/,,https://jus-tice.co.il/what-is-medical-malpractice-definition-examples/,INFO_CROSSLINK,NOT_EXECUTED,LINK_APPROVAL_REQUIRED,LOW_UNKNOWN,,,,OWNER_LEGAL_APPROVAL_REQUIRED,NOT_EXECUTED,NO_LINK_CHANGE_EXECUTED,Add from legal concept clarification section,NO_CMS_EDIT; NO_PUBLIC_UPLOAD; NO_REDIRECT; NO_CANONICAL_NOINDEX; NO_SITEMAP_CHANGE; NO_TAXONOMY_CHANGE,Comparison page should deepen concept layer
MEDD-088,INTERNAL_LINK_PLAN,MEDMAL-LINK-030,medical-malpractice,P2,https://jus-tice.co.il/birth-injury/,,https://jus-tice.co.il/brain-damage-at-birth/,SUPPORT_CROSSLINK,NOT_EXECUTED,LINK_APPROVAL_REQUIRED,PROTECTED_REVIEW,,,,OWNER_LEGAL_APPROVAL_REQUIRED,NOT_EXECUTED,NO_LINK_CHANGE_EXECUTED,Add only after source/legal review,NO_CMS_EDIT; NO_PUBLIC_UPLOAD; NO_REDIRECT; NO_CANONICAL_NOINDEX; NO_SITEMAP_CHANGE; NO_TAXONOMY_CHANGE,Same birth-injury support lane
MEDD-089,INTERNAL_LINK_PLAN,MEDMAL-LINK-031,medical-malpractice,P2,https://jus-tice.co.il/birth-injury/,,https://jus-tice.co.il/malpractice-cerebral-palsy/,SUPPORT_CROSSLINK,NOT_EXECUTED,LINK_APPROVAL_REQUIRED,PROTECTED_REVIEW,,,,OWNER_LEGAL_APPROVAL_REQUIRED,NOT_EXECUTED,NO_LINK_CHANGE_EXECUTED,Add only after source/legal review,NO_CMS_EDIT; NO_PUBLIC_UPLOAD; NO_REDIRECT; NO_CANONICAL_NOINDEX; NO_SITEMAP_CHANGE; NO_TAXONOMY_CHANGE,Same birth-injury support lane
MEDD-090,INTERNAL_LINK_PLAN,MEDMAL-LINK-032,medical-malpractice,P2,REFERENCE:MEDMAL-BIRTH-HEBREW-GSC-001,,https://jus-tice.co.il/birth-injury/,PROTECTED_ASSET_TO_PARENT,NOT_EXECUTED,LINK_APPROVAL_REQUIRED,PROTECTED_REVIEW,,,,OWNER_LEGAL_APPROVAL_REQUIRED,NOT_EXECUTED,NO_LINK_CHANGE_EXECUTED,Add only after old page comparison and split plan,NO_CMS_EDIT; NO_PUBLIC_UPLOAD; NO_REDIRECT; NO_CANONICAL_NOINDEX; NO_SITEMAP_CHANGE; NO_TAXONOMY_CHANGE,Old page currently carries birth and pregnancy visibility
MEDD-091,INTERNAL_LINK_PLAN,MEDMAL-LINK-033,medical-malpractice,P2,REFERENCE:MEDMAL-BIRTH-HEBREW-GSC-001,,https://jus-tice.co.il/brain-damage-at-birth/,PROTECTED_ASSET_TO_SUPPORT,NOT_EXECUTED,LINK_APPROVAL_REQUIRED,PROTECTED_REVIEW,,,,OWNER_LEGAL_APPROVAL_REQUIRED,NOT_EXECUTED,NO_LINK_CHANGE_EXECUTED,Add only if support page remains unique,NO_CMS_EDIT; NO_PUBLIC_UPLOAD; NO_REDIRECT; NO_CANONICAL_NOINDEX; NO_SITEMAP_CHANGE; NO_TAXONOMY_CHANGE,Old page can support deeper birth-injury topic later
MEDD-092,INTERNAL_LINK_PLAN,MEDMAL-LINK-034,medical-malpractice,P2,REFERENCE:MEDMAL-BIRTH-HEBREW-GSC-001,,https://jus-tice.co.il/malpractice-cerebral-palsy/,PROTECTED_ASSET_TO_SUPPORT,NOT_EXECUTED,LINK_APPROVAL_REQUIRED,PROTECTED_REVIEW,,,,OWNER_LEGAL_APPROVAL_REQUIRED,NOT_EXECUTED,NO_LINK_CHANGE_EXECUTED,Add only if support page remains unique,NO_CMS_EDIT; NO_PUBLIC_UPLOAD; NO_REDIRECT; NO_CANONICAL_NOINDEX; NO_SITEMAP_CHANGE; NO_TAXONOMY_CHANGE,Old page can support deeper birth-injury topic later
MEDD-093,INTERNAL_LINK_PLAN,MEDMAL-LINK-035,medical-malpractice,P3,https://jus-tice.co.il/medical-malpractice-lawyer/,,https://jus-tice.co.il/medical-malpractice-in-the-united-states/,BOUNDARY_NO_LINK,NOT_EXECUTED,LINK_APPROVAL_REQUIRED,LOW_UNKNOWN,,,,OWNER_APPROVAL_REQUIRED,NOT_EXECUTED,NO_LINK_CHANGE_EXECUTED,Do not use as Israeli service support except clearly labelled international context,NO_CMS_EDIT; NO_PUBLIC_UPLOAD; NO_REDIRECT; NO_CANONICAL_NOINDEX; NO_SITEMAP_CHANGE; NO_TAXONOMY_CHANGE,US page is not Israeli service intent
MEDD-094,INTERNAL_LINK_PLAN,MEDMAL-LINK-036,medical-malpractice,P3,https://jus-tice.co.il/medical-malpractice-lawyer/,,TRAFFIC_MARVAD_URL_GROUP,BOUNDARY_NO_LINK,NOT_EXECUTED,VERIFIED_BOUNDARY,LOW_UNKNOWN,,,,VERIFIED_BOUNDARY,NOT_EXECUTED,NO_LINK_CHANGE_EXECUTED,Do not link from malpractice cluster,NO_CMS_EDIT; NO_PUBLIC_UPLOAD; NO_REDIRECT; NO_CANONICAL_NOINDEX; NO_SITEMAP_CHANGE; NO_TAXONOMY_CHANGE,Traffic medical fitness belongs to traffic law
MEDD-095,INTERNAL_LINK_PLAN,MEDMAL-LINK-037,medical-malpractice,P3,https://jus-tice.co.il/medical-malpractice-lawyer/,,https://jus-tice.co.il/criminal-negligence/,BOUNDARY_NO_LINK,NOT_EXECUTED,VERIFIED_BOUNDARY,LOW_UNKNOWN,,,,VERIFIED_BOUNDARY,NOT_EXECUTED,NO_LINK_CHANGE_EXECUTED,Do not link from malpractice service cluster,NO_CMS_EDIT; NO_PUBLIC_UPLOAD; NO_REDIRECT; NO_CANONICAL_NOINDEX; NO_SITEMAP_CHANGE; NO_TAXONOMY_CHANGE,Criminal negligence belongs to criminal law
MEDD-096,INTERNAL_LINK_PLAN,MEDMAL-LINK-038,medical-malpractice,P0,https://jus-tice.co.il/medical-malpractice-lawyer/,,FUTURE:/birth-malpractice/; /pregnancy-malpractice/; /diagnosis-malpractice/; /surgery-malpractice/,FUTURE_SLUG_NO_LINK,NOT_EXECUTED,LINK_APPROVAL_REQUIRED,PROTECTED_REVIEW,,,,OWNER_APPROVAL_REQUIRED,NOT_EXECUTED,NO_LINK_CHANGE_EXECUTED,No internal links until route content redirect canonical and sitemap plan are approved,NO_CMS_EDIT; NO_PUBLIC_UPLOAD; NO_REDIRECT; NO_CANONICAL_NOINDEX; NO_SITEMAP_CHANGE; NO_TAXONOMY_CHANGE,Future slugs would create duplicate targets if used too early
MEDD-097,SOURCE_LEGAL_GATE,MEDMAL-SRC-001,medical-malpractice,P1,https://jus-tice.co.il/medical-malpractice-lawyer/,,commercial pillar,General claim-review explanation; records checklist; lawyer consultation questions; cautious expert-review framing,NOT_VERIFIED,BLOCKED_HIGH,HIGH,,,,NOT_VERIFIED,BLOCKED_UNTIL_SOURCE_LEGAL_REVIEW,NO_PUBLIC_ACTION_APPROVED,Resolve duplicate same-public-URL identity and compare pillar records,BLOCKED_CLAIMS=Guaranteed compensation; best/top/recommended lawyer claims; precise deadlines without legal review; medical diagnosis advice; NO_CMS_EDIT; NO_PUBLIC_UPLOAD; NO_REDIRECT; NO_CANONICAL_NOINDEX; NO_SITEMAP_CHANGE; NO_TAXONOMY_CHANGE,sources=Ministry of Health malpractice page; Kol Zchut definition; Kol Zchut claim overview; Patient Rights Law PDF
MEDD-098,SOURCE_LEGAL_GATE,MEDMAL-SRC-002,medical-malpractice,P1,REFERENCE:MEDMAL-FEE-GSC-001,,fee and cost support,General cost components and fee-intent support after review,NOT_VERIFIED,BLOCKED_MEDIUM,MEDIUM,,,,NOT_VERIFIED,BLOCKED_UNTIL_SOURCE_LEGAL_REVIEW,NO_PUBLIC_ACTION_APPROVED,Compare fee article against pillar and decide support/merge role,BLOCKED_CLAIMS=Fixed fee promises; no-risk language; guaranteed result; outdated price tables; NO_CMS_EDIT; NO_PUBLIC_UPLOAD; NO_REDIRECT; NO_CANONICAL_NOINDEX; NO_SITEMAP_CHANGE; NO_TAXONOMY_CHANGE,sources=Kol Zchut claim overview; State Comptroller report; owner packet GSC evidence
MEDD-099,SOURCE_LEGAL_GATE,MEDMAL-SRC-003,medical-malpractice,P1,REFERENCE:MEDMAL-BIRTH-HEBREW-GSC-001,,birth and pregnancy malpractice,Separate birth injury pregnancy monitoring delivery management and neonatal injury intents after review,NOT_VERIFIED,BLOCKED_HIGH,HIGH,,,,NOT_VERIFIED,BLOCKED_UNTIL_SOURCE_LEGAL_REVIEW,NO_PUBLIC_ACTION_APPROVED,Run side-by-side split/merge review,BLOCKED_CLAIMS=Treating poor outcomes as automatic malpractice; duplicate birth/pregnancy pages; redirecting old GSC URL early; NO_CMS_EDIT; NO_PUBLIC_UPLOAD; NO_REDIRECT; NO_CANONICAL_NOINDEX; NO_SITEMAP_CHANGE; NO_TAXONOMY_CHANGE,sources=Ministry of Health malpractice page; Kol Zchut definition; Kol Zchut claim overview; Patient Rights Law PDF
MEDD-100,SOURCE_LEGAL_GATE,MEDMAL-SRC-004,medical-malpractice,P1,/birth-injury/; /birth-injury-lawyer/; /birth-injury-causes/; /malpractice-cerebral-palsy/,,birth injury and cerebral palsy support,Records/expert-review preparation; cautious support-page explanations,NOT_VERIFIED,BLOCKED_HIGH,HIGH,,,,NOT_VERIFIED,BLOCKED_UNTIL_SOURCE_LEGAL_REVIEW,NO_PUBLIC_ACTION_APPROVED,Classify each as support section support page or merge candidate,BLOCKED_CLAIMS=Unreviewed causation claims; overstatement of cerebral palsy cause; medical advice; NO_CMS_EDIT; NO_PUBLIC_UPLOAD; NO_REDIRECT; NO_CANONICAL_NOINDEX; NO_SITEMAP_CHANGE; NO_TAXONOMY_CHANGE,sources=Ministry of Health malpractice page; Kol Zchut claim overview; second-opinion page
MEDD-101,SOURCE_LEGAL_GATE,MEDMAL-SRC-005,medical-malpractice,P1,/anesthesia-medical-malpractice/; /surgical-errors-medical-malpractice/; /personal-injury/medical-malpractice/surgery/,,surgery anesthesia hospital error,Cautious support pages about records chronology questions and legal review,NOT_VERIFIED,BLOCKED_HIGH,HIGH,,,,NOT_VERIFIED,BLOCKED_UNTIL_SOURCE_LEGAL_REVIEW,NO_PUBLIC_ACTION_APPROVED,Prepare surgery/anesthesia support comparison,BLOCKED_CLAIMS=Saying complication equals negligence; surgical-risk medical advice; nested URL migration without plan; NO_CMS_EDIT; NO_PUBLIC_UPLOAD; NO_REDIRECT; NO_CANONICAL_NOINDEX; NO_SITEMAP_CHANGE; NO_TAXONOMY_CHANGE,sources=Ministry of Health malpractice page; second-opinion page; Patient Rights Law PDF
MEDD-102,SOURCE_LEGAL_GATE,MEDMAL-SRC-006,medical-malpractice,P1,/what-is-medical-malpractice-definition-examples/; /medical-malpractice-common-errors-doctors-hospitals/; /medical-malpractice-vs-negligence-differences-israel/,,definition common errors diagnosis,Concept definitions and warning-sign examples as informational support,NOT_VERIFIED,BLOCKED_MEDIUM,MEDIUM,,,,NOT_VERIFIED,BLOCKED_UNTIL_SOURCE_LEGAL_REVIEW,NO_PUBLIC_ACTION_APPROVED,Map informational pages to support role under pillar,BLOCKED_CLAIMS=Final legal tests without review; duplicate commercial intent; unsupported examples; NO_CMS_EDIT; NO_PUBLIC_UPLOAD; NO_REDIRECT; NO_CANONICAL_NOINDEX; NO_SITEMAP_CHANGE; NO_TAXONOMY_CHANGE,sources=Kol Zchut definition; Kol Zchut claim overview; Ministry of Health malpractice page
MEDD-103,SOURCE_LEGAL_GATE,MEDMAL-SRC-007,medical-malpractice,P0,cluster-wide,,records evidence expert opinion privacy,General records and chronology checklist; privacy warning; secure-intake requirements,NOT_VERIFIED,BLOCKED_VERY_HIGH,VERY_HIGH,,,,NOT_VERIFIED,BLOCKED_UNTIL_SOURCE_LEGAL_REVIEW,NO_PUBLIC_ACTION_APPROVED,Add privacy gate before lead/review implementation,BLOCKED_CLAIMS=Unsecured sensitive file submission; publishing health details in reviews; absolute expert-opinion claims; NO_CMS_EDIT; NO_PUBLIC_UPLOAD; NO_REDIRECT; NO_CANONICAL_NOINDEX; NO_SITEMAP_CHANGE; NO_TAXONOMY_CHANGE,sources=Patient Rights Law PDF; Ministry of Health medical-record inspection PDF; second-opinion page; Kol Zchut claim overview
MEDD-104,SOURCE_LEGAL_GATE,MEDMAL-SRC-008,medical-malpractice,P1,REFERENCE:MEDMAL-REPORT-LARGE-001,,system background report content,System context and report citations with date/source framing,NOT_VERIFIED,BLOCKED_MEDIUM,MEDIUM,,,,NOT_VERIFIED,BLOCKED_UNTIL_SOURCE_LEGAL_REVIEW,NO_PUBLIC_ACTION_APPROVED,Review source/copyright/indexation before reuse,BLOCKED_CLAIMS=Marketing exaggeration; using report as pillar by word count; copying report text; NO_CMS_EDIT; NO_PUBLIC_UPLOAD; NO_REDIRECT; NO_CANONICAL_NOINDEX; NO_SITEMAP_CHANGE; NO_TAXONOMY_CHANGE,sources=Gov.il malpractice committee; State Comptroller report
MEDD-105,CONTENT_INVENTORY_AUDIT,12096,medical-malpractice,P2,http://jus-tice.co.il/%D7%A2%D7%95%D7%A8%D7%9B%D7%99-%D7%93%D7%99%D7%9F-%D7%9E%D7%95%D7%91%D7%99%D7%9C%D7%99%D7%9D-%D7%91%D7%AA%D7%97%D7%95%D7%9D-%D7%A8%D7%A9%D7%9C%D7%A0%D7%95%D7%AA-%D7%A8%D7%A4%D7%95%D7%90%D7%99%D7%AA-%D7%91%D7%A2%D7%95%D7%9C%D7%9D/,,,עורכי דין מובילים בתחום רשלנות רפואית בעולם | עורכי הדין המובילים בתחום הרשלנות הרפואית בישראל,KEEP_OR_MAKE_PILLAR_REVIEW,MEDICAL_SIGNAL_CONFIRMED,UNKNOWN,,,8,UNKNOWN_PUBLIC_REST_V1,HAS_INTERNAL_LINKS,NO_URL_CHANGE_EXECUTED,"Classify as pillar, support, merge, rewrite, or protect during med-mal upload batch",NO_CMS_EDIT; NO_PUBLIC_UPLOAD; NO_REDIRECT; NO_CANONICAL_NOINDEX; NO_SITEMAP_CHANGE; NO_TAXONOMY_CHANGE,word_count=16740; thin=False; duplicate=False; rewrite=False; merge=False; PUBLIC_REST_HEURISTIC_V1;cluster=medical-malpractice;traffic_risk=UNKNOWN
MEDD-106,CONTENT_INVENTORY_AUDIT,11952,medical-malpractice,P2,http://jus-tice.co.il/%D7%9E%D7%A7%D7%A8%D7%99-%D7%A8%D7%A9%D7%9C%D7%A0%D7%95%D7%AA-%D7%A8%D7%A4%D7%95%D7%90%D7%99%D7%AA-%D7%91%D7%9C%D7%99%D7%93%D7%94-%D7%95%D7%98%D7%99%D7%A4%D7%95%D7%9C-%D7%9E%D7%A9%D7%A4%D7%98%D7%99/,,,מקרי רשלנות רפואית בלידה וטיפול משפטי בייצוג עורך דין,KEEP_OR_MAKE_PILLAR_REVIEW,MEDICAL_SIGNAL_CONFIRMED,UNKNOWN,,,6,UNKNOWN_PUBLIC_REST_V1,NEEDS_INTERNAL_LINK_REVIEW,NO_URL_CHANGE_EXECUTED,"Classify as pillar, support, merge, rewrite, or protect during med-mal upload batch",NO_CMS_EDIT; NO_PUBLIC_UPLOAD; NO_REDIRECT; NO_CANONICAL_NOINDEX; NO_SITEMAP_CHANGE; NO_TAXONOMY_CHANGE,word_count=3618; thin=False; duplicate=False; rewrite=False; merge=False; PUBLIC_REST_HEURISTIC_V1;cluster=medical-malpractice;traffic_risk=UNKNOWN
MEDD-107,CONTENT_INVENTORY_AUDIT,11934,medical-malpractice,P2,http://jus-tice.co.il/%D7%94%D7%A9%D7%A7%D7%A2%D7%95%D7%AA-%D7%A0%D7%93%D7%9C%D7%9F-%D7%91%D7%A0%D7%99%D7%95-%D7%99%D7%95%D7%A8%D7%A7-%D7%9E%D7%91%D7%98-%D7%9E%D7%95%D7%A8%D7%97%D7%91-%D7%9C%D7%9E%D7%A9%D7%A7%D7%99%D7%A2%D7%99%D7%9D-%D7%99%D7%A9%D7%A8%D7%90%D7%9C%D7%99%D7%9D/,,,מה חשוב לדעת על השקעות נדל”ן בניו יורק | ניתוח כדאיות השקעה במנהטן מול ערים אחרות בעולם,KEEP_OR_MAKE_PILLAR_REVIEW,MEDICAL_SIGNAL_CONFIRMED,UNKNOWN,,,8,UNKNOWN_PUBLIC_REST_V1,HAS_INTERNAL_LINKS,NO_URL_CHANGE_EXECUTED,"Classify as pillar, support, merge, rewrite, or protect during med-mal upload batch",NO_CMS_EDIT; NO_PUBLIC_UPLOAD; NO_REDIRECT; NO_CANONICAL_NOINDEX; NO_SITEMAP_CHANGE; NO_TAXONOMY_CHANGE,word_count=3510; thin=False; duplicate=False; rewrite=False; merge=False; PUBLIC_REST_HEURISTIC_V1;cluster=medical-malpractice;traffic_risk=UNKNOWN
MEDD-108,CONTENT_INVENTORY_AUDIT,11834,medical-malpractice,P2,http://jus-tice.co.il/%D7%A2%D7%95%D7%A8%D7%9A-%D7%93%D7%99%D7%9F-%D7%A8%D7%A9%D7%9C%D7%A0%D7%95%D7%AA-%D7%A8%D7%A4%D7%95%D7%90%D7%99%D7%AA-%D7%91%D7%9C%D7%99%D7%93%D7%94-%D7%9E%D7%95%D7%9E%D7%9C%D7%A5/,,,עורך דין רשלנות רפואית בלידה מומלץ,KEEP_OR_MAKE_PILLAR_REVIEW,MEDICAL_SIGNAL_CONFIRMED,UNKNOWN,,,6,UNKNOWN_PUBLIC_REST_V1,NEEDS_INTERNAL_LINK_REVIEW,NO_URL_CHANGE_EXECUTED,"Classify as pillar, support, merge, rewrite, or protect during med-mal upload batch",NO_CMS_EDIT; NO_PUBLIC_UPLOAD; NO_REDIRECT; NO_CANONICAL_NOINDEX; NO_SITEMAP_CHANGE; NO_TAXONOMY_CHANGE,word_count=6739; thin=False; duplicate=False; rewrite=False; merge=False; PUBLIC_REST_HEURISTIC_V1;cluster=medical-malpractice;traffic_risk=UNKNOWN
MEDD-109,CONTENT_INVENTORY_AUDIT,11617,medical-malpractice,P2,http://jus-tice.co.il/medical-malpractice-vs-negligence-differences-israel/,,,מה ההבדל בין רשלנות רפואית לבין הזנחה רפואית?,KEEP_OR_SUPPORT_PILLAR_REVIEW,MEDICAL_SIGNAL_CONFIRMED,UNKNOWN,,,5,UNKNOWN_PUBLIC_REST_V1,NEEDS_INTERNAL_LINK_REVIEW,NO_URL_CHANGE_EXECUTED,"Classify as pillar, support, merge, rewrite, or protect during med-mal upload batch",NO_CMS_EDIT; NO_PUBLIC_UPLOAD; NO_REDIRECT; NO_CANONICAL_NOINDEX; NO_SITEMAP_CHANGE; NO_TAXONOMY_CHANGE,word_count=1906; thin=False; duplicate=False; rewrite=False; merge=False; PUBLIC_REST_HEURISTIC_V1;cluster=medical-malpractice;traffic_risk=UNKNOWN
MEDD-110,CONTENT_INVENTORY_AUDIT,11607,medical-malpractice,P2,http://jus-tice.co.il/medical-malpractice-lawyer/,,,עורך דין רשלנות רפואית | עו”ד רשלנות רפואית,KEEP_OR_MAKE_PILLAR_REVIEW,MEDICAL_SIGNAL_CONFIRMED,UNKNOWN,,,6,UNKNOWN_PUBLIC_REST_V1,NEEDS_INTERNAL_LINK_REVIEW,NO_URL_CHANGE_EXECUTED,"Classify as pillar, support, merge, rewrite, or protect during med-mal upload batch",NO_CMS_EDIT; NO_PUBLIC_UPLOAD; NO_REDIRECT; NO_CANONICAL_NOINDEX; NO_SITEMAP_CHANGE; NO_TAXONOMY_CHANGE,word_count=5135; thin=False; duplicate=False; rewrite=False; merge=False; PUBLIC_REST_HEURISTIC_V1;cluster=medical-malpractice;traffic_risk=UNKNOWN
MEDD-111,CONTENT_INVENTORY_AUDIT,11600,medical-malpractice,P2,http://jus-tice.co.il/10918-10-19/,,,פס”ד בתביעת הורי תינוקת שנפטרה בגין רשלנות רפואית ורשלנות בהליכי מתן הרישיון לעסוק ברפואה (ת”א 10918-10-19),KEEP_OR_MAKE_PILLAR_REVIEW,MEDICAL_SIGNAL_CONFIRMED,UNKNOWN,,,6,UNKNOWN_PUBLIC_REST_V1,NEEDS_INTERNAL_LINK_REVIEW,NO_URL_CHANGE_EXECUTED,"Classify as pillar, support, merge, rewrite, or protect during med-mal upload batch",NO_CMS_EDIT; NO_PUBLIC_UPLOAD; NO_REDIRECT; NO_CANONICAL_NOINDEX; NO_SITEMAP_CHANGE; NO_TAXONOMY_CHANGE,word_count=18257; thin=False; duplicate=False; rewrite=False; merge=False; PUBLIC_REST_HEURISTIC_V1;cluster=medical-malpractice;traffic_risk=UNKNOWN
MEDD-112,CONTENT_INVENTORY_AUDIT,11584,medical-malpractice,P2,http://jus-tice.co.il/articles/%D7%A2%D7%95%D7%95%D7%9C%D7%94-%D7%A0%D7%96%D7%A7-%D7%95%D7%A4%D7%99%D7%A6%D7%95%D7%99-%D7%93%D7%99%D7%A0%D7%99-%D7%94%D7%A0%D7%96%D7%99%D7%A7%D7%99%D7%9F-%D7%95%D7%A8%D7%A9%D7%9C%D7%A0%D7%95/,,,עוולה | נזק ופיצוי | דיני הנזיקין ורשלנות | עו”ד נזיקין,KEEP_OR_MAKE_PILLAR_REVIEW,MEDICAL_SIGNAL_CONFIRMED,UNKNOWN,,,6,UNKNOWN_PUBLIC_REST_V1,NEEDS_INTERNAL_LINK_REVIEW,NO_URL_CHANGE_EXECUTED,"Classify as pillar, support, merge, rewrite, or protect during med-mal upload batch",NO_CMS_EDIT; NO_PUBLIC_UPLOAD; NO_REDIRECT; NO_CANONICAL_NOINDEX; NO_SITEMAP_CHANGE; NO_TAXONOMY_CHANGE,word_count=8171; thin=False; duplicate=False; rewrite=False; merge=False; PUBLIC_REST_HEURISTIC_V1;cluster=personal-injury;traffic_risk=UNKNOWN
MEDD-113,CONTENT_INVENTORY_AUDIT,11560,medical-malpractice,P2,http://jus-tice.co.il/anesthesia-medical-malpractice/,,,רשלנות רפואית בהרדמה: מתי זה קורה ולמי לפנות לאחר הליך ניתוח?,KEEP_OR_MAKE_PILLAR_REVIEW,MEDICAL_SIGNAL_CONFIRMED,UNKNOWN,,,6,UNKNOWN_PUBLIC_REST_V1,NEEDS_INTERNAL_LINK_REVIEW,NO_URL_CHANGE_EXECUTED,"Classify as pillar, support, merge, rewrite, or protect during med-mal upload batch",NO_CMS_EDIT; NO_PUBLIC_UPLOAD; NO_REDIRECT; NO_CANONICAL_NOINDEX; NO_SITEMAP_CHANGE; NO_TAXONOMY_CHANGE,word_count=2878; thin=False; duplicate=False; rewrite=False; merge=False; PUBLIC_REST_HEURISTIC_V1;cluster=medical-malpractice;traffic_risk=UNKNOWN
MEDD-114,CONTENT_INVENTORY_AUDIT,11558,medical-malpractice,P2,http://jus-tice.co.il/surgical-errors-medical-malpractice/,,,מתי טעות כירורגית הופכת לרשלנות רפואית?,KEEP_OR_SUPPORT_PILLAR_REVIEW,MEDICAL_SIGNAL_CONFIRMED,UNKNOWN,,,4,UNKNOWN_PUBLIC_REST_V1,NEEDS_INTERNAL_LINK_REVIEW,NO_URL_CHANGE_EXECUTED,"Classify as pillar, support, merge, rewrite, or protect during med-mal upload batch",NO_CMS_EDIT; NO_PUBLIC_UPLOAD; NO_REDIRECT; NO_CANONICAL_NOINDEX; NO_SITEMAP_CHANGE; NO_TAXONOMY_CHANGE,word_count=855; thin=False; duplicate=False; rewrite=False; merge=False; PUBLIC_REST_HEURISTIC_V1;cluster=medical-malpractice;traffic_risk=UNKNOWN
MEDD-115,CONTENT_INVENTORY_AUDIT,11553,medical-malpractice,P2,http://jus-tice.co.il/personal-injury/medical-malpractice/surgery/,,,תביעת רשלנות רפואית בניתוח | עורך דין רשלנות רפואית בניתוח,KEEP_OR_MAKE_PILLAR_REVIEW,MEDICAL_SIGNAL_CONFIRMED,UNKNOWN,,,6,UNKNOWN_PUBLIC_REST_V1,NEEDS_INTERNAL_LINK_REVIEW,NO_URL_CHANGE_EXECUTED,"Classify as pillar, support, merge, rewrite, or protect during med-mal upload batch",NO_CMS_EDIT; NO_PUBLIC_UPLOAD; NO_REDIRECT; NO_CANONICAL_NOINDEX; NO_SITEMAP_CHANGE; NO_TAXONOMY_CHANGE,word_count=2507; thin=False; duplicate=False; rewrite=False; merge=False; PUBLIC_REST_HEURISTIC_V1;cluster=medical-malpractice;traffic_risk=UNKNOWN
MEDD-116,CONTENT_INVENTORY_AUDIT,11525,medical-malpractice,P2,http://jus-tice.co.il/cerebral-palsy-rights/,,,זכויות שיתוק מוחין (CP),REVIEW_CLASSIFY,MEDICAL_SIGNAL_CONFIRMED,UNKNOWN,,,4,UNKNOWN_PUBLIC_REST_V1,NEEDS_INTERNAL_LINK_REVIEW,NO_URL_CHANGE_EXECUTED,"Classify as pillar, support, merge, rewrite, or protect during med-mal upload batch",NO_CMS_EDIT; NO_PUBLIC_UPLOAD; NO_REDIRECT; NO_CANONICAL_NOINDEX; NO_SITEMAP_CHANGE; NO_TAXONOMY_CHANGE,word_count=747; thin=True; duplicate=False; rewrite=False; merge=False; PUBLIC_REST_HEURISTIC_V1;cluster=needs-classification;traffic_risk=UNKNOWN
MEDD-117,CONTENT_INVENTORY_AUDIT,11510,medical-malpractice,P2,http://jus-tice.co.il/birth-injury-causes/,,,הסברים על גורמי פגיעות לידה,KEEP_OR_SUPPORT_PILLAR_REVIEW,MEDICAL_SIGNAL_CONFIRMED,UNKNOWN,,,4,UNKNOWN_PUBLIC_REST_V1,NEEDS_INTERNAL_LINK_REVIEW,NO_URL_CHANGE_EXECUTED,"Classify as pillar, support, merge, rewrite, or protect during med-mal upload batch",NO_CMS_EDIT; NO_PUBLIC_UPLOAD; NO_REDIRECT; NO_CANONICAL_NOINDEX; NO_SITEMAP_CHANGE; NO_TAXONOMY_CHANGE,word_count=1014; thin=False; duplicate=False; rewrite=False; merge=False; PUBLIC_REST_HEURISTIC_V1;cluster=medical-malpractice;traffic_risk=UNKNOWN
MEDD-118,CONTENT_INVENTORY_AUDIT,11506,medical-malpractice,P2,http://jus-tice.co.il/brain-damage-at-birth/,,,נזק מוחי בלידה | תביעת נזק בעקבות רשלנות רפואית בלידה או בהריון,KEEP_OR_SUPPORT_PILLAR_REVIEW,MEDICAL_SIGNAL_CONFIRMED,UNKNOWN,,,5,UNKNOWN_PUBLIC_REST_V1,NEEDS_INTERNAL_LINK_REVIEW,NO_URL_CHANGE_EXECUTED,"Classify as pillar, support, merge, rewrite, or protect during med-mal upload batch",NO_CMS_EDIT; NO_PUBLIC_UPLOAD; NO_REDIRECT; NO_CANONICAL_NOINDEX; NO_SITEMAP_CHANGE; NO_TAXONOMY_CHANGE,word_count=1570; thin=False; duplicate=False; rewrite=False; merge=False; PUBLIC_REST_HEURISTIC_V1;cluster=medical-malpractice;traffic_risk=UNKNOWN
MEDD-119,CONTENT_INVENTORY_AUDIT,11497,medical-malpractice,P2,http://jus-tice.co.il/birth-injury/,,,פגיעות לידה | מהי פגיעה בלידה? | לידה רשלנית,KEEP_OR_SUPPORT_PILLAR_REVIEW,MEDICAL_SIGNAL_CONFIRMED,UNKNOWN,,,5,UNKNOWN_PUBLIC_REST_V1,NEEDS_INTERNAL_LINK_REVIEW,NO_URL_CHANGE_EXECUTED,"Classify as pillar, support, merge, rewrite, or protect during med-mal upload batch",NO_CMS_EDIT; NO_PUBLIC_UPLOAD; NO_REDIRECT; NO_CANONICAL_NOINDEX; NO_SITEMAP_CHANGE; NO_TAXONOMY_CHANGE,word_count=1723; thin=False; duplicate=False; rewrite=False; merge=False; PUBLIC_REST_HEURISTIC_V1;cluster=medical-malpractice;traffic_risk=UNKNOWN
MEDD-120,CONTENT_INVENTORY_AUDIT,11491,medical-malpractice,P2,http://jus-tice.co.il/birth-injury-lawyer/,,,עורך דין לפגיעות לידה | רשלנות רפואית,KEEP_OR_SUPPORT_PILLAR_REVIEW,MEDICAL_SIGNAL_CONFIRMED,UNKNOWN,,,5,UNKNOWN_PUBLIC_REST_V1,NEEDS_INTERNAL_LINK_REVIEW,NO_URL_CHANGE_EXECUTED,"Classify as pillar, support, merge, rewrite, or protect during med-mal upload batch",NO_CMS_EDIT; NO_PUBLIC_UPLOAD; NO_REDIRECT; NO_CANONICAL_NOINDEX; NO_SITEMAP_CHANGE; NO_TAXONOMY_CHANGE,word_count=1690; thin=False; duplicate=False; rewrite=False; merge=False; PUBLIC_REST_HEURISTIC_V1;cluster=medical-malpractice;traffic_risk=UNKNOWN
MEDD-121,CONTENT_INVENTORY_AUDIT,11489,medical-malpractice,P2,http://jus-tice.co.il/malpractice-cerebral-palsy/,,,רשלנות רפואית בנוגע לשיתוק מוחין,KEEP_OR_SUPPORT_PILLAR_REVIEW,MEDICAL_SIGNAL_CONFIRMED,UNKNOWN,,,4,UNKNOWN_PUBLIC_REST_V1,NEEDS_INTERNAL_LINK_REVIEW,NO_URL_CHANGE_EXECUTED,"Classify as pillar, support, merge, rewrite, or protect during med-mal upload batch",NO_CMS_EDIT; NO_PUBLIC_UPLOAD; NO_REDIRECT; NO_CANONICAL_NOINDEX; NO_SITEMAP_CHANGE; NO_TAXONOMY_CHANGE,word_count=858; thin=False; duplicate=False; rewrite=False; merge=False; PUBLIC_REST_HEURISTIC_V1;cluster=medical-malpractice;traffic_risk=UNKNOWN
MEDD-122,CONTENT_INVENTORY_AUDIT,11482,medical-malpractice,P2,http://jus-tice.co.il/cerebral-palsy/,,,שיתוק מוחין בלידה | שיתוק מוחי | (Cerebral Palsy (CP,KEEP_OR_MAKE_PILLAR_REVIEW,MEDICAL_SIGNAL_CONFIRMED,UNKNOWN,,,6,UNKNOWN_PUBLIC_REST_V1,NEEDS_INTERNAL_LINK_REVIEW,NO_URL_CHANGE_EXECUTED,"Classify as pillar, support, merge, rewrite, or protect during med-mal upload batch",NO_CMS_EDIT; NO_PUBLIC_UPLOAD; NO_REDIRECT; NO_CANONICAL_NOINDEX; NO_SITEMAP_CHANGE; NO_TAXONOMY_CHANGE,word_count=8532; thin=False; duplicate=False; rewrite=False; merge=False; PUBLIC_REST_HEURISTIC_V1;cluster=medical-malpractice;traffic_risk=UNKNOWN
MEDD-123,CONTENT_INVENTORY_AUDIT,10798,medical-malpractice,P2,http://jus-tice.co.il/healthcare_in_portugal/,,,שרותי בריאות בפורטוגל | רפואה בפורטוגל,REVIEW_CLASSIFY,MEDICAL_SIGNAL_CONFIRMED,UNKNOWN,,,6,UNKNOWN_PUBLIC_REST_V1,NEEDS_INTERNAL_LINK_REVIEW,NO_URL_CHANGE_EXECUTED,"Classify as pillar, support, merge, rewrite, or protect during med-mal upload batch",NO_CMS_EDIT; NO_PUBLIC_UPLOAD; NO_REDIRECT; NO_CANONICAL_NOINDEX; NO_SITEMAP_CHANGE; NO_TAXONOMY_CHANGE,word_count=3784; thin=False; duplicate=False; rewrite=False; merge=False; PUBLIC_REST_HEURISTIC_V1;cluster=needs-classification;traffic_risk=UNKNOWN
MEDD-124,CONTENT_INVENTORY_AUDIT,10566,medical-malpractice,P2,http://jus-tice.co.il/decision55016-06-17a/,,,השופטת אורית ליפשיץ: פס”ד בתביעת רשלנות רפואית בטיפול שיניים שהוענק לתובעת (ת”א 55016-06-17),KEEP_OR_MAKE_PILLAR_REVIEW,MEDICAL_SIGNAL_CONFIRMED,UNKNOWN,,,6,UNKNOWN_PUBLIC_REST_V1,NEEDS_INTERNAL_LINK_REVIEW,NO_URL_CHANGE_EXECUTED,"Classify as pillar, support, merge, rewrite, or protect during med-mal upload batch",NO_CMS_EDIT; NO_PUBLIC_UPLOAD; NO_REDIRECT; NO_CANONICAL_NOINDEX; NO_SITEMAP_CHANGE; NO_TAXONOMY_CHANGE,word_count=9122; thin=False; duplicate=False; rewrite=False; merge=False; PUBLIC_REST_HEURISTIC_V1;cluster=medical-malpractice;traffic_risk=UNKNOWN
MEDD-125,CONTENT_INVENTORY_AUDIT,10008,medical-malpractice,P2,http://jus-tice.co.il/%D7%AA%D7%A2%D7%95%D7%93%D7%AA-%D7%A8%D7%95%D7%A4%D7%90-%D7%90%D7%99%D7%A9%D7%95%D7%A8-%D7%A0%D7%95%D7%98%D7%A8%D7%99%D7%95%D7%A0%D7%99/,,,תעודת רופא | אישור נוטריוני,KEEP_OR_SUPPORT_PILLAR_REVIEW,MEDICAL_SIGNAL_CONFIRMED,UNKNOWN,,,7,UNKNOWN_PUBLIC_REST_V1,HAS_INTERNAL_LINKS,NO_URL_CHANGE_EXECUTED,"Classify as pillar, support, merge, rewrite, or protect during med-mal upload batch",NO_CMS_EDIT; NO_PUBLIC_UPLOAD; NO_REDIRECT; NO_CANONICAL_NOINDEX; NO_SITEMAP_CHANGE; NO_TAXONOMY_CHANGE,word_count=1761; thin=False; duplicate=False; rewrite=False; merge=False; PUBLIC_REST_HEURISTIC_V1;cluster=medical-malpractice;traffic_risk=UNKNOWN
MEDD-126,CONTENT_INVENTORY_AUDIT,10005,medical-malpractice,P2,http://jus-tice.co.il/%D7%94%D7%AA%D7%99%D7%99%D7%A9%D7%A0%D7%95%D7%AA-%D7%A8%D7%A9%D7%9C%D7%A0%D7%95%D7%AA-%D7%A8%D7%A4%D7%95%D7%90%D7%99%D7%AA-%D7%AA%D7%90-4392-03-23/,,,השופטת אירית קלמן ברום: החלטה בתביעה בגין התיישנות רשלנות רפואית (ת”א 4392-03-23),KEEP_OR_MAKE_PILLAR_REVIEW,MEDICAL_SIGNAL_CONFIRMED,UNKNOWN,,,6,UNKNOWN_PUBLIC_REST_V1,NEEDS_INTERNAL_LINK_REVIEW,NO_URL_CHANGE_EXECUTED,"Classify as pillar, support, merge, rewrite, or protect during med-mal upload batch",NO_CMS_EDIT; NO_PUBLIC_UPLOAD; NO_REDIRECT; NO_CANONICAL_NOINDEX; NO_SITEMAP_CHANGE; NO_TAXONOMY_CHANGE,word_count=2958; thin=False; duplicate=False; rewrite=False; merge=False; PUBLIC_REST_HEURISTIC_V1;cluster=medical-malpractice;traffic_risk=UNKNOWN
MEDD-127,CONTENT_INVENTORY_AUDIT,9648,medical-malpractice,P2,http://jus-tice.co.il/what-is-medical-malpractice-definition-examples/,,,מהי רשלנות רפואית? הגדרה ודוגמאות,KEEP_OR_SUPPORT_PILLAR_REVIEW,MEDICAL_SIGNAL_CONFIRMED,UNKNOWN,,,5,UNKNOWN_PUBLIC_REST_V1,NEEDS_INTERNAL_LINK_REVIEW,NO_URL_CHANGE_EXECUTED,"Classify as pillar, support, merge, rewrite, or protect during med-mal upload batch",NO_CMS_EDIT; NO_PUBLIC_UPLOAD; NO_REDIRECT; NO_CANONICAL_NOINDEX; NO_SITEMAP_CHANGE; NO_TAXONOMY_CHANGE,word_count=1415; thin=False; duplicate=False; rewrite=False; merge=False; PUBLIC_REST_HEURISTIC_V1;cluster=medical-malpractice;traffic_risk=UNKNOWN
MEDD-128,CONTENT_INVENTORY_AUDIT,9644,medical-malpractice,P2,http://jus-tice.co.il/medical-malpractice-in-the-united-states/,,,עו”ד רשלנות רפואית בארצות הברית,KEEP_OR_MAKE_PILLAR_REVIEW,MEDICAL_SIGNAL_CONFIRMED,UNKNOWN,,,8,UNKNOWN_PUBLIC_REST_V1,HAS_INTERNAL_LINKS,NO_URL_CHANGE_EXECUTED,"Classify as pillar, support, merge, rewrite, or protect during med-mal upload batch",NO_CMS_EDIT; NO_PUBLIC_UPLOAD; NO_REDIRECT; NO_CANONICAL_NOINDEX; NO_SITEMAP_CHANGE; NO_TAXONOMY_CHANGE,word_count=5724; thin=False; duplicate=False; rewrite=False; merge=False; PUBLIC_REST_HEURISTIC_V1;cluster=medical-malpractice;traffic_risk=UNKNOWN
MEDD-129,CONTENT_INVENTORY_AUDIT,9630,medical-malpractice,P2,http://jus-tice.co.il/criminal-negligence/,,,רשלנות פלילית | עורך דין פלילי,KEEP_OR_SUPPORT_PILLAR_REVIEW,MEDICAL_SIGNAL_CONFIRMED,UNKNOWN,,,4,UNKNOWN_PUBLIC_REST_V1,NEEDS_INTERNAL_LINK_REVIEW,NO_URL_CHANGE_EXECUTED,"Classify as pillar, support, merge, rewrite, or protect during med-mal upload batch",NO_CMS_EDIT; NO_PUBLIC_UPLOAD; NO_REDIRECT; NO_CANONICAL_NOINDEX; NO_SITEMAP_CHANGE; NO_TAXONOMY_CHANGE,word_count=1037; thin=False; duplicate=False; rewrite=False; merge=False; PUBLIC_REST_HEURISTIC_V1;cluster=criminal-law;traffic_risk=UNKNOWN
MEDD-130,CONTENT_INVENTORY_AUDIT,8744,medical-malpractice,P2,http://jus-tice.co.il/%D7%A4%D7%A1%D7%93-%D7%91%D7%A2%D7%A0%D7%99%D7%99%D7%9F-%D7%AA%D7%91%D7%99%D7%A2%D7%AA-%D7%A4%D7%99%D7%A6%D7%95%D7%99%D7%99%D7%9D-%D7%9B%D7%A0%D7%92%D7%93-%D7%A8%D7%95%D7%A4%D7%90-%D7%A9%D7%99%D7%A0%D7%99%D7%99%D7%9D-%D7%AA%D7%90-9109-12-19/,,,פס”ד בעניין תביעת פיצויים כנגד רופא שיניים (ת”א 9109-12-19),KEEP_OR_MAKE_PILLAR_REVIEW,MEDICAL_SIGNAL_CONFIRMED,UNKNOWN,,,6,UNKNOWN_PUBLIC_REST_V1,NEEDS_INTERNAL_LINK_REVIEW,NO_URL_CHANGE_EXECUTED,"Classify as pillar, support, merge, rewrite, or protect during med-mal upload batch",NO_CMS_EDIT; NO_PUBLIC_UPLOAD; NO_REDIRECT; NO_CANONICAL_NOINDEX; NO_SITEMAP_CHANGE; NO_TAXONOMY_CHANGE,word_count=4928; thin=False; duplicate=False; rewrite=False; merge=False; PUBLIC_REST_HEURISTIC_V1;cluster=medical-malpractice;traffic_risk=UNKNOWN
MEDD-131,CONTENT_INVENTORY_AUDIT,8565,medical-malpractice,P2,http://jus-tice.co.il/%D7%A8%D7%A9%D7%9C%D7%A0%D7%95%D7%AA-%D7%A8%D7%A4%D7%95%D7%90%D7%99%D7%AA-%D7%91%D7%A0%D7%99%D7%AA%D7%95%D7%97/,,,רשלנות רפואית בניתוח,EXPAND,MEDICAL_SIGNAL_CONFIRMED,UNKNOWN,,,4,UNKNOWN_PUBLIC_REST_V1,NEEDS_INTERNAL_LINK_REVIEW,NO_URL_CHANGE_EXECUTED,"Classify as pillar, support, merge, rewrite, or protect during med-mal upload batch",NO_CMS_EDIT; NO_PUBLIC_UPLOAD; NO_REDIRECT; NO_CANONICAL_NOINDEX; NO_SITEMAP_CHANGE; NO_TAXONOMY_CHANGE,word_count=661; thin=True; duplicate=False; rewrite=False; merge=False; PUBLIC_REST_HEURISTIC_V1;cluster=medical-malpractice;traffic_risk=UNKNOWN
MEDD-132,CONTENT_INVENTORY_AUDIT,8500,medical-malpractice,P2,http://jus-tice.co.il/20-%D7%98%D7%99%D7%A4%D7%99%D7%9D-%D7%9C%D7%AA%D7%91%D7%99%D7%A2%D7%AA-%D7%A8%D7%A9%D7%9C%D7%A0%D7%95%D7%AA-%D7%A8%D7%A4%D7%95%D7%90%D7%99%D7%AA/,,,20 טיפים לתביעת רשלנות רפואית,EXPAND,MEDICAL_SIGNAL_CONFIRMED,UNKNOWN,,,4,UNKNOWN_PUBLIC_REST_V1,NEEDS_INTERNAL_LINK_REVIEW,NO_URL_CHANGE_EXECUTED,"Classify as pillar, support, merge, rewrite, or protect during med-mal upload batch",NO_CMS_EDIT; NO_PUBLIC_UPLOAD; NO_REDIRECT; NO_CANONICAL_NOINDEX; NO_SITEMAP_CHANGE; NO_TAXONOMY_CHANGE,word_count=637; thin=True; duplicate=False; rewrite=False; merge=False; PUBLIC_REST_HEURISTIC_V1;cluster=medical-malpractice;traffic_risk=UNKNOWN
MEDD-133,CONTENT_INVENTORY_AUDIT,8498,medical-malpractice,P2,http://jus-tice.co.il/psakdin/20-%D7%98%D7%99%D7%A4%D7%99%D7%9D-%D7%9C%D7%9E%D7%A0%D7%99%D7%A2%D7%AA-%D7%A8%D7%A9%D7%9C%D7%A0%D7%95%D7%AA-%D7%A8%D7%A4%D7%95%D7%90%D7%99%D7%AA/,,,20 טיפים למניעת רשלנות רפואית,EXPAND,MEDICAL_SIGNAL_CONFIRMED,UNKNOWN,,,2,UNKNOWN_PUBLIC_REST_V1,NEEDS_INTERNAL_LINK_REVIEW,NO_URL_CHANGE_EXECUTED,"Classify as pillar, support, merge, rewrite, or protect during med-mal upload batch",NO_CMS_EDIT; NO_PUBLIC_UPLOAD; NO_REDIRECT; NO_CANONICAL_NOINDEX; NO_SITEMAP_CHANGE; NO_TAXONOMY_CHANGE,word_count=152; thin=True; duplicate=False; rewrite=False; merge=False; PUBLIC_REST_HEURISTIC_V1;cluster=medical-malpractice;traffic_risk=UNKNOWN
MEDD-134,CONTENT_INVENTORY_AUDIT,8456,medical-malpractice,P2,http://jus-tice.co.il/%D7%AA%D7%90-79092-12-20-%D7%A8%D7%A9%D7%9C%D7%A0%D7%95%D7%AA-%D7%A8%D7%A4%D7%95%D7%90%D7%99%D7%AA/,,,פס”ד דחיית תביעה להטבת נזקי גוף שיסודה בטענה לרשלנות רפואית (ת”א 79092-12-20),KEEP_OR_MAKE_PILLAR_REVIEW,MEDICAL_SIGNAL_CONFIRMED,UNKNOWN,,,6,UNKNOWN_PUBLIC_REST_V1,NEEDS_INTERNAL_LINK_REVIEW,NO_URL_CHANGE_EXECUTED,"Classify as pillar, support, merge, rewrite, or protect during med-mal upload batch",NO_CMS_EDIT; NO_PUBLIC_UPLOAD; NO_REDIRECT; NO_CANONICAL_NOINDEX; NO_SITEMAP_CHANGE; NO_TAXONOMY_CHANGE,word_count=3585; thin=False; duplicate=False; rewrite=False; merge=False; PUBLIC_REST_HEURISTIC_V1;cluster=medical-malpractice;traffic_risk=UNKNOWN
MEDD-135,CONTENT_INVENTORY_AUDIT,8451,medical-malpractice,P2,http://jus-tice.co.il/%D7%9E%D7%93%D7%99%D7%A0%D7%AA-%D7%99%D7%A9%D7%A8%D7%90%D7%9C-%D7%A0-%D7%A7%D7%A8%D7%A4%D7%9C/,,,רופא מרדים שנאשם בעבירה של ניסיון לרצח (תפ”ח 60221-07-21),KEEP_OR_MAKE_PILLAR_REVIEW,MEDICAL_SIGNAL_CONFIRMED,UNKNOWN,,,6,UNKNOWN_PUBLIC_REST_V1,NEEDS_INTERNAL_LINK_REVIEW,NO_URL_CHANGE_EXECUTED,"Classify as pillar, support, merge, rewrite, or protect during med-mal upload batch",NO_CMS_EDIT; NO_PUBLIC_UPLOAD; NO_REDIRECT; NO_CANONICAL_NOINDEX; NO_SITEMAP_CHANGE; NO_TAXONOMY_CHANGE,word_count=3832; thin=False; duplicate=False; rewrite=False; merge=False; PUBLIC_REST_HEURISTIC_V1;cluster=medical-malpractice;traffic_risk=UNKNOWN
MEDD-136,CONTENT_INVENTORY_AUDIT,8402,medical-malpractice,P2,http://jus-tice.co.il/%D7%9E%D7%A1%D7%9E%D7%9B%D7%99%D7%9D-%D7%97%D7%A9%D7%95%D7%91%D7%99%D7%9D-%D7%9C%D7%AA%D7%91%D7%99%D7%A2%D7%AA-%D7%A8%D7%A9%D7%9C%D7%A0%D7%95%D7%AA-%D7%A8%D7%A4%D7%95%D7%90%D7%99%D7%AA/,,,מסמכים חשובים לתביעת רשלנות רפואית,EXPAND,MEDICAL_SIGNAL_CONFIRMED,UNKNOWN,,,2,UNKNOWN_PUBLIC_REST_V1,NEEDS_INTERNAL_LINK_REVIEW,NO_URL_CHANGE_EXECUTED,"Classify as pillar, support, merge, rewrite, or protect during med-mal upload batch",NO_CMS_EDIT; NO_PUBLIC_UPLOAD; NO_REDIRECT; NO_CANONICAL_NOINDEX; NO_SITEMAP_CHANGE; NO_TAXONOMY_CHANGE,word_count=285; thin=True; duplicate=False; rewrite=False; merge=False; PUBLIC_REST_HEURISTIC_V1;cluster=medical-malpractice;traffic_risk=UNKNOWN
MEDD-137,CONTENT_INVENTORY_AUDIT,8400,medical-malpractice,P2,http://jus-tice.co.il/%D7%A8%D7%A9%D7%9C%D7%A0%D7%95%D7%AA-%D7%A8%D7%A4%D7%95%D7%90%D7%99%D7%AA-%D7%91%D7%9E%D7%94%D7%9C%D7%9A-%D7%94%D7%A8%D7%99%D7%95%D7%9F-%D7%95%D7%9C%D7%99%D7%93%D7%94-%D7%A8%D7%A9%D7%99%D7%9E%D7%AA-%D7%93%D7%91%D7%A8%D7%99%D7%9D-%D7%A9%D7%9B%D7%93%D7%90%D7%99-%D7%9C%D7%93%D7%A2%D7%AA/,,,רשלנות רפואית במהלך הריון ולידה רשימת דברים שכדאי לדעת,EXPAND,MEDICAL_SIGNAL_CONFIRMED,UNKNOWN,,,2,UNKNOWN_PUBLIC_REST_V1,NEEDS_INTERNAL_LINK_REVIEW,NO_URL_CHANGE_EXECUTED,"Classify as pillar, support, merge, rewrite, or protect during med-mal upload batch",NO_CMS_EDIT; NO_PUBLIC_UPLOAD; NO_REDIRECT; NO_CANONICAL_NOINDEX; NO_SITEMAP_CHANGE; NO_TAXONOMY_CHANGE,word_count=288; thin=True; duplicate=False; rewrite=False; merge=False; PUBLIC_REST_HEURISTIC_V1;cluster=medical-malpractice;traffic_risk=UNKNOWN
MEDD-138,CONTENT_INVENTORY_AUDIT,8396,medical-malpractice,P2,http://jus-tice.co.il/%D7%98%D7%99%D7%A4%D7%99%D7%9D-%D7%9B%D7%99%D7%A6%D7%93-%D7%9C%D7%9E%D7%A7%D7%A1%D7%9D-%D7%90%D7%AA-%D7%94%D7%A4%D7%99%D7%A6%D7%95%D7%99%D7%99%D7%9D-%D7%91%D7%AA%D7%91%D7%99%D7%A2%D7%AA-%D7%A8%D7%A9%D7%9C%D7%A0%D7%95%D7%AA-%D7%A8%D7%A4%D7%95%D7%90%D7%99%D7%AA/,,,טיפים כיצד למקסם את הפיצויים בתביעת רשלנות רפואית,EXPAND,MEDICAL_SIGNAL_CONFIRMED,UNKNOWN,,,2,UNKNOWN_PUBLIC_REST_V1,NEEDS_INTERNAL_LINK_REVIEW,NO_URL_CHANGE_EXECUTED,"Classify as pillar, support, merge, rewrite, or protect during med-mal upload batch",NO_CMS_EDIT; NO_PUBLIC_UPLOAD; NO_REDIRECT; NO_CANONICAL_NOINDEX; NO_SITEMAP_CHANGE; NO_TAXONOMY_CHANGE,word_count=325; thin=True; duplicate=False; rewrite=False; merge=False; PUBLIC_REST_HEURISTIC_V1;cluster=medical-malpractice;traffic_risk=UNKNOWN
MEDD-139,CONTENT_INVENTORY_AUDIT,8367,medical-malpractice,P2,http://jus-tice.co.il/%D7%A8%D7%A9%D7%9C%D7%A0%D7%95%D7%AA-%D7%A8%D7%A4%D7%95%D7%90%D7%99%D7%AA-%D7%91%D7%94%D7%99%D7%AA-%D7%97%D7%95%D7%9C%D7%99%D7%9D/,,,רשלנות רפואית בבית חולים,EXPAND,MEDICAL_SIGNAL_CONFIRMED,UNKNOWN,,,4,UNKNOWN_PUBLIC_REST_V1,NEEDS_INTERNAL_LINK_REVIEW,NO_URL_CHANGE_EXECUTED,"Classify as pillar, support, merge, rewrite, or protect during med-mal upload batch",NO_CMS_EDIT; NO_PUBLIC_UPLOAD; NO_REDIRECT; NO_CANONICAL_NOINDEX; NO_SITEMAP_CHANGE; NO_TAXONOMY_CHANGE,word_count=648; thin=True; duplicate=False; rewrite=False; merge=False; PUBLIC_REST_HEURISTIC_V1;cluster=medical-malpractice;traffic_risk=UNKNOWN
MEDD-140,CONTENT_INVENTORY_AUDIT,8349,medical-malpractice,P2,http://jus-tice.co.il/%D7%97%D7%95%D7%A7-%D7%A8%D7%A9%D7%9C%D7%A0%D7%95%D7%AA-%D7%A8%D7%A4%D7%95%D7%90%D7%99%D7%AA/,,,חוק רשלנות רפואית,EXPAND,MEDICAL_SIGNAL_CONFIRMED,UNKNOWN,,,4,UNKNOWN_PUBLIC_REST_V1,HAS_INTERNAL_LINKS,NO_URL_CHANGE_EXECUTED,"Classify as pillar, support, merge, rewrite, or protect during med-mal upload batch",NO_CMS_EDIT; NO_PUBLIC_UPLOAD; NO_REDIRECT; NO_CANONICAL_NOINDEX; NO_SITEMAP_CHANGE; NO_TAXONOMY_CHANGE,word_count=267; thin=True; duplicate=False; rewrite=False; merge=False; PUBLIC_REST_HEURISTIC_V1;cluster=medical-malpractice;traffic_risk=UNKNOWN
MEDD-141,CONTENT_INVENTORY_AUDIT,8346,medical-malpractice,P2,http://jus-tice.co.il/%D7%9E%D7%A7%D7%A8%D7%99-%D7%A8%D7%A9%D7%9C%D7%A0%D7%95%D7%AA-%D7%A8%D7%A4%D7%95%D7%90%D7%99%D7%AA-%D7%91%D7%99%D7%A9%D7%A8%D7%90%D7%9C-%D7%93%D7%95%D7%92%D7%9E%D7%90%D7%95%D7%AA-%D7%9C%D7%A8%D7%A9%D7%9C%D7%A0%D7%95%D7%AA-%D7%A8%D7%A4%D7%95%D7%90%D7%99%D7%AA/,,,מקרי רשלנות רפואית בישראל | דוגמאות לרשלנות רפואית,EXPAND,MEDICAL_SIGNAL_CONFIRMED,UNKNOWN,,,2,UNKNOWN_PUBLIC_REST_V1,NEEDS_INTERNAL_LINK_REVIEW,NO_URL_CHANGE_EXECUTED,"Classify as pillar, support, merge, rewrite, or protect during med-mal upload batch",NO_CMS_EDIT; NO_PUBLIC_UPLOAD; NO_REDIRECT; NO_CANONICAL_NOINDEX; NO_SITEMAP_CHANGE; NO_TAXONOMY_CHANGE,word_count=254; thin=True; duplicate=False; rewrite=False; merge=False; PUBLIC_REST_HEURISTIC_V1;cluster=medical-malpractice;traffic_risk=UNKNOWN
MEDD-142,CONTENT_INVENTORY_AUDIT,8321,medical-malpractice,P2,http://jus-tice.co.il/%D7%9E%D7%94-%D7%9C%D7%A2%D7%A9%D7%95%D7%AA-%D7%93%D7%91%D7%A8-%D7%A8%D7%90%D7%A9%D7%95%D7%9F-%D7%90%D7%9D-%D7%A0%D7%A4%D7%92%D7%A2%D7%AA-%D7%9E%D7%A8%D7%A9%D7%9C%D7%A0%D7%95%D7%AA-%D7%A8%D7%A4%D7%95%D7%90%D7%99%D7%AA/,,,מה לעשות דבר ראשון אם נפגעת מרשלנות רפואית,EXPAND,MEDICAL_SIGNAL_CONFIRMED,UNKNOWN,,,2,UNKNOWN_PUBLIC_REST_V1,NEEDS_INTERNAL_LINK_REVIEW,NO_URL_CHANGE_EXECUTED,"Classify as pillar, support, merge, rewrite, or protect during med-mal upload batch",NO_CMS_EDIT; NO_PUBLIC_UPLOAD; NO_REDIRECT; NO_CANONICAL_NOINDEX; NO_SITEMAP_CHANGE; NO_TAXONOMY_CHANGE,word_count=206; thin=True; duplicate=False; rewrite=False; merge=False; PUBLIC_REST_HEURISTIC_V1;cluster=medical-malpractice;traffic_risk=UNKNOWN
MEDD-143,CONTENT_INVENTORY_AUDIT,8318,medical-malpractice,P2,http://jus-tice.co.il/%D7%9E%D7%94%D7%95-%D7%A8%D7%95%D7%A4%D7%90-%D7%9E%D7%94-%D7%AA%D7%A4%D7%A7%D7%99%D7%93%D7%95-%D7%95%D7%97%D7%95%D7%91%D7%95%D7%AA%D7%99%D7%95-%D7%94%D7%9E%D7%A7%D7%A6%D7%95%D7%A2%D7%99%D7%95%D7%AA/,,,מהו רופא מה תפקידו וחובותיו המקצועיות,EXPAND,MEDICAL_SIGNAL_CONFIRMED,UNKNOWN,,,2,UNKNOWN_PUBLIC_REST_V1,NEEDS_INTERNAL_LINK_REVIEW,NO_URL_CHANGE_EXECUTED,"Classify as pillar, support, merge, rewrite, or protect during med-mal upload batch",NO_CMS_EDIT; NO_PUBLIC_UPLOAD; NO_REDIRECT; NO_CANONICAL_NOINDEX; NO_SITEMAP_CHANGE; NO_TAXONOMY_CHANGE,word_count=210; thin=True; duplicate=False; rewrite=False; merge=False; PUBLIC_REST_HEURISTIC_V1;cluster=medical-malpractice;traffic_risk=UNKNOWN
MEDD-144,CONTENT_INVENTORY_AUDIT,8295,medical-malpractice,P2,http://jus-tice.co.il/%D7%A8%D7%A9%D7%9C%D7%A0%D7%95%D7%AA-%D7%A8%D7%A4%D7%95%D7%90%D7%99%D7%AA-%D7%95%D7%AA%D7%A4%D7%A7%D7%99%D7%93%D7%9D-%D7%A9%D7%9C-%D7%A2%D7%93%D7%99%D7%9D-%D7%9E%D7%95%D7%9E%D7%97%D7%99%D7%9D-%D7%9B%D7%99%D7%A6%D7%93-%D7%A2%D7%93%D7%95%D7%AA-%D7%9E%D7%95%D7%9E%D7%97%D7%99%D7%9D-%D7%99%D7%9B%D7%95%D7%9C%D7%94-%D7%9C%D7%A2%D7%96%D7%95%D7%A8-%D7%9C%D7%A7%D7%95%D7%A8%D7%91%D7%A0%D7%95%D7%AA-%D7%A8%D7%A9%D7%9C%D7%A0%D7%95%D7%AA-%D7%9C%D7%97%D7%A4%D7%A9-%D7%A6%D7%93%D7%A7/,,,רשלנות רפואית ותפקידם של עדים מומחים: כיצד עדות מומחים יכולה לעזור לקורבנות רשלנות לחפש צדק,EXPAND,MEDICAL_SIGNAL_CONFIRMED,UNKNOWN,,,2,UNKNOWN_PUBLIC_REST_V1,NEEDS_INTERNAL_LINK_REVIEW,NO_URL_CHANGE_EXECUTED,"Classify as pillar, support, merge, rewrite, or protect during med-mal upload batch",NO_CMS_EDIT; NO_PUBLIC_UPLOAD; NO_REDIRECT; NO_CANONICAL_NOINDEX; NO_SITEMAP_CHANGE; NO_TAXONOMY_CHANGE,word_count=375; thin=True; duplicate=False; rewrite=False; merge=False; PUBLIC_REST_HEURISTIC_V1;cluster=medical-malpractice;traffic_risk=UNKNOWN
MEDD-145,CONTENT_INVENTORY_AUDIT,8292,medical-malpractice,P2,http://jus-tice.co.il/%D7%94%D7%A2%D7%9C%D7%95%D7%99%D7%95%D7%AA-%D7%94%D7%A0%D7%A1%D7%AA%D7%A8%D7%95%D7%AA-%D7%A9%D7%9C-%D7%A8%D7%A9%D7%9C%D7%A0%D7%95%D7%AA-%D7%A8%D7%A4%D7%95%D7%90%D7%99%D7%AA-%D7%9B%D7%99%D7%A6%D7%93-%D7%9E%D7%98%D7%95%D7%A4%D7%9C%D7%99%D7%9D-%D7%95%D7%9E%D7%A9%D7%A4%D7%97%D7%95%D7%AA-%D7%9E%D7%95%D7%A9%D7%A4%D7%A2%D7%99%D7%9D-%D7%9E%D7%A8%D7%A9%D7%9C%D7%A0%D7%95%D7%AA-%D7%A9%D7%9C-%D7%AA%D7%A2%D7%A9%D7%99%D7%99%D7%AA-%D7%94%D7%91%D7%A8%D7%99%D7%90%D7%95%D7%AA/,,,העלויות הנסתרות של רשלנות רפואית: כיצד מטופלים ומשפחות מושפעים מרשלנות של תעשיית הבריאות,EXPAND,MEDICAL_SIGNAL_CONFIRMED,UNKNOWN,,,2,UNKNOWN_PUBLIC_REST_V1,NEEDS_INTERNAL_LINK_REVIEW,NO_URL_CHANGE_EXECUTED,"Classify as pillar, support, merge, rewrite, or protect during med-mal upload batch",NO_CMS_EDIT; NO_PUBLIC_UPLOAD; NO_REDIRECT; NO_CANONICAL_NOINDEX; NO_SITEMAP_CHANGE; NO_TAXONOMY_CHANGE,word_count=246; thin=True; duplicate=False; rewrite=False; merge=False; PUBLIC_REST_HEURISTIC_V1;cluster=medical-malpractice;traffic_risk=UNKNOWN
MEDD-146,CONTENT_INVENTORY_AUDIT,8273,medical-malpractice,P2,http://jus-tice.co.il/%D7%A2%D7%95%D7%A8%D7%9A-%D7%93%D7%99%D7%9F-%D7%A8%D7%A9%D7%9C%D7%A0%D7%95%D7%AA-%D7%91%D7%A0%D7%99%D7%AA%D7%95%D7%97-%D7%A4%D7%9C%D7%A1%D7%98%D7%99-%D7%94%D7%9E%D7%9C%D7%A6%D7%95%D7%AA-%D7%A2%D7%95%D7%93-%D7%A8%D7%A9%D7%9C%D7%A0%D7%95%D7%AA-%D7%A0%D7%99%D7%AA%D7%95%D7%97-%D7%A4%D7%9C%D7%A1%D7%98%D7%99/,,,עורך דין רשלנות בניתוח פלסטי | המלצות עו”ד רשלנות ניתוח פלסטי,KEEP_OR_SUPPORT_PILLAR_REVIEW,MEDICAL_SIGNAL_CONFIRMED,UNKNOWN,,,4,UNKNOWN_PUBLIC_REST_V1,NEEDS_INTERNAL_LINK_REVIEW,NO_URL_CHANGE_EXECUTED,"Classify as pillar, support, merge, rewrite, or protect during med-mal upload batch",NO_CMS_EDIT; NO_PUBLIC_UPLOAD; NO_REDIRECT; NO_CANONICAL_NOINDEX; NO_SITEMAP_CHANGE; NO_TAXONOMY_CHANGE,word_count=895; thin=False; duplicate=False; rewrite=False; merge=False; PUBLIC_REST_HEURISTIC_V1;cluster=medical-malpractice;traffic_risk=UNKNOWN
MEDD-147,CONTENT_INVENTORY_AUDIT,8271,medical-malpractice,P2,http://jus-tice.co.il/%D7%A8%D7%A9%D7%9C%D7%A0%D7%95%D7%AA-%D7%A8%D7%A4%D7%95%D7%90%D7%99%D7%AA-%D7%90%D7%91%D7%97%D7%95%D7%9F-%D7%A9%D7%92%D7%95%D7%99/,,,רשלנות רפואית אבחון שגוי,EXPAND,MEDICAL_SIGNAL_CONFIRMED,UNKNOWN,,,2,UNKNOWN_PUBLIC_REST_V1,NEEDS_INTERNAL_LINK_REVIEW,NO_URL_CHANGE_EXECUTED,"Classify as pillar, support, merge, rewrite, or protect during med-mal upload batch",NO_CMS_EDIT; NO_PUBLIC_UPLOAD; NO_REDIRECT; NO_CANONICAL_NOINDEX; NO_SITEMAP_CHANGE; NO_TAXONOMY_CHANGE,word_count=173; thin=True; duplicate=False; rewrite=False; merge=False; PUBLIC_REST_HEURISTIC_V1;cluster=medical-malpractice;traffic_risk=UNKNOWN
MEDD-148,CONTENT_INVENTORY_AUDIT,8269,medical-malpractice,P2,http://jus-tice.co.il/%D7%A1%D7%95%D7%92%D7%99-%D7%A8%D7%A9%D7%9C%D7%A0%D7%95%D7%AA-%D7%A8%D7%A4%D7%95%D7%90%D7%99%D7%AA/,,,סוגי רשלנות רפואית,EXPAND,MEDICAL_SIGNAL_CONFIRMED,UNKNOWN,,,2,UNKNOWN_PUBLIC_REST_V1,NEEDS_INTERNAL_LINK_REVIEW,NO_URL_CHANGE_EXECUTED,"Classify as pillar, support, merge, rewrite, or protect during med-mal upload batch",NO_CMS_EDIT; NO_PUBLIC_UPLOAD; NO_REDIRECT; NO_CANONICAL_NOINDEX; NO_SITEMAP_CHANGE; NO_TAXONOMY_CHANGE,word_count=240; thin=True; duplicate=False; rewrite=False; merge=False; PUBLIC_REST_HEURISTIC_V1;cluster=medical-malpractice;traffic_risk=UNKNOWN
MEDD-149,CONTENT_INVENTORY_AUDIT,8142,medical-malpractice,P2,http://jus-tice.co.il/%D7%A1%D7%95%D7%92%D7%99%D7%9D-%D7%A9%D7%95%D7%A0%D7%99%D7%9D-%D7%A9%D7%9C-%D7%A8%D7%95%D7%A4%D7%90%D7%99%D7%9D/,,,מהם הסוגים השונים של רופאים?,KEEP_OR_SUPPORT_PILLAR_REVIEW,MEDICAL_SIGNAL_CONFIRMED,UNKNOWN,,,4,UNKNOWN_PUBLIC_REST_V1,NEEDS_INTERNAL_LINK_REVIEW,NO_URL_CHANGE_EXECUTED,"Classify as pillar, support, merge, rewrite, or protect during med-mal upload batch",NO_CMS_EDIT; NO_PUBLIC_UPLOAD; NO_REDIRECT; NO_CANONICAL_NOINDEX; NO_SITEMAP_CHANGE; NO_TAXONOMY_CHANGE,word_count=1015; thin=False; duplicate=False; rewrite=False; merge=False; PUBLIC_REST_HEURISTIC_V1;cluster=medical-malpractice;traffic_risk=UNKNOWN
MEDD-150,CONTENT_INVENTORY_AUDIT,8128,medical-malpractice,P2,http://jus-tice.co.il/%D7%A8%D7%A9%D7%99%D7%9E%D7%AA-%D7%9E%D7%95%D7%9E%D7%97%D7%99%D7%9D-%D7%A8%D7%A4%D7%95%D7%90%D7%99%D7%99%D7%9D-%D7%9C%D7%91%D7%99%D7%AA-%D7%9E%D7%A9%D7%A4%D7%98-%D7%9E%D7%AA%D7%A2%D7%93%D7%9B%D7%9F/,,,רשימת מומחים רפואיים לבית משפט מתעדכן | חוות דעת רפואית משפטית 2023,REVIEW_CLASSIFY,MEDICAL_SIGNAL_CONFIRMED,UNKNOWN,,,6,UNKNOWN_PUBLIC_REST_V1,NEEDS_INTERNAL_LINK_REVIEW,NO_URL_CHANGE_EXECUTED,"Classify as pillar, support, merge, rewrite, or protect during med-mal upload batch",NO_CMS_EDIT; NO_PUBLIC_UPLOAD; NO_REDIRECT; NO_CANONICAL_NOINDEX; NO_SITEMAP_CHANGE; NO_TAXONOMY_CHANGE,word_count=6038; thin=False; duplicate=False; rewrite=False; merge=False; PUBLIC_REST_HEURISTIC_V1;cluster=needs-classification;traffic_risk=UNKNOWN
MEDD-151,CONTENT_INVENTORY_AUDIT,7964,medical-malpractice,P2,http://jus-tice.co.il/articles/%D7%94%D7%A9%D7%95%D7%A4%D7%98%D7%AA-%D7%97%D7%99%D7%94-%D7%96%D7%A0%D7%93%D7%91%D7%A8%D7%92-%D7%A4%D7%A1%D7%93-%D7%91%D7%AA%D7%91%D7%99%D7%A2%D7%94-%D7%9C%D7%A4%D7%99%D7%A6%D7%95%D7%99%D7%99%D7%9D/,,,השופטת חיה זנדברג: פס”ד בתביעה לפיצויים בגין נזקי גוף בטענה לרשלנות לאחר לידה (ת”א 58449-02-18),KEEP_OR_MAKE_PILLAR_REVIEW,MEDICAL_SIGNAL_CONFIRMED,UNKNOWN,,,6,UNKNOWN_PUBLIC_REST_V1,NEEDS_INTERNAL_LINK_REVIEW,NO_URL_CHANGE_EXECUTED,"Classify as pillar, support, merge, rewrite, or protect during med-mal upload batch",NO_CMS_EDIT; NO_PUBLIC_UPLOAD; NO_REDIRECT; NO_CANONICAL_NOINDEX; NO_SITEMAP_CHANGE; NO_TAXONOMY_CHANGE,word_count=12844; thin=False; duplicate=False; rewrite=False; merge=False; PUBLIC_REST_HEURISTIC_V1;cluster=medical-malpractice;traffic_risk=UNKNOWN
MEDD-152,CONTENT_INVENTORY_AUDIT,7674,medical-malpractice,P2,http://jus-tice.co.il/decision39696-06-16/,,,"פיצוי של 4,330,162 ₪ בגין רשלנות רפואית בטיפול ביילוד (היפוגליקמיה) ובהדרכת האם להנקתו ולהזנתו (ת”א 39696-06-16)",KEEP_OR_MAKE_PILLAR_REVIEW,MEDICAL_SIGNAL_CONFIRMED,UNKNOWN,,,6,UNKNOWN_PUBLIC_REST_V1,NEEDS_INTERNAL_LINK_REVIEW,NO_URL_CHANGE_EXECUTED,"Classify as pillar, support, merge, rewrite, or protect during med-mal upload batch",NO_CMS_EDIT; NO_PUBLIC_UPLOAD; NO_REDIRECT; NO_CANONICAL_NOINDEX; NO_SITEMAP_CHANGE; NO_TAXONOMY_CHANGE,word_count=10801; thin=False; duplicate=False; rewrite=False; merge=False; PUBLIC_REST_HEURISTIC_V1;cluster=medical-malpractice;traffic_risk=UNKNOWN
MEDD-153,CONTENT_INVENTORY_AUDIT,7671,medical-malpractice,P2,http://jus-tice.co.il/decision33954-04-20/,,,"פס”ד תביעת רשלנות שהוגשה כנגד עורכי דין על סך של 1,796,494 ₪ (ת”א 33954-04-20)",REVIEW_CLASSIFY,MEDICAL_SIGNAL_CONFIRMED,UNKNOWN,,,6,UNKNOWN_PUBLIC_REST_V1,NEEDS_INTERNAL_LINK_REVIEW,NO_URL_CHANGE_EXECUTED,"Classify as pillar, support, merge, rewrite, or protect during med-mal upload batch",NO_CMS_EDIT; NO_PUBLIC_UPLOAD; NO_REDIRECT; NO_CANONICAL_NOINDEX; NO_SITEMAP_CHANGE; NO_TAXONOMY_CHANGE,word_count=4086; thin=False; duplicate=False; rewrite=False; merge=False; PUBLIC_REST_HEURISTIC_V1;cluster=needs-classification;traffic_risk=UNKNOWN
MEDD-154,CONTENT_INVENTORY_AUDIT,7616,medical-malpractice,P2,http://jus-tice.co.il/medical-malpractice-common-errors-doctors-hospitals/,,,רשלנות רפואית: שגיאות נפוצות של רופאים ובתי חולים,EXPAND,MEDICAL_SIGNAL_CONFIRMED,UNKNOWN,,,6,UNKNOWN_PUBLIC_REST_V1,HAS_INTERNAL_LINKS,NO_URL_CHANGE_EXECUTED,"Classify as pillar, support, merge, rewrite, or protect during med-mal upload batch",NO_CMS_EDIT; NO_PUBLIC_UPLOAD; NO_REDIRECT; NO_CANONICAL_NOINDEX; NO_SITEMAP_CHANGE; NO_TAXONOMY_CHANGE,word_count=698; thin=True; duplicate=False; rewrite=False; merge=False; PUBLIC_REST_HEURISTIC_V1;cluster=medical-malpractice;traffic_risk=UNKNOWN
MEDD-155,CONTENT_INVENTORY_AUDIT,7618,medical-malpractice,P2,http://jus-tice.co.il/klumpke-paralysis/,,,רשלנות רפואית בלידה: מה זה שיתוק קלומקה?,EXPAND,MEDICAL_SIGNAL_CONFIRMED,UNKNOWN,,,2,UNKNOWN_PUBLIC_REST_V1,NEEDS_INTERNAL_LINK_REVIEW,NO_URL_CHANGE_EXECUTED,"Classify as pillar, support, merge, rewrite, or protect during med-mal upload batch",NO_CMS_EDIT; NO_PUBLIC_UPLOAD; NO_REDIRECT; NO_CANONICAL_NOINDEX; NO_SITEMAP_CHANGE; NO_TAXONOMY_CHANGE,word_count=408; thin=True; duplicate=False; rewrite=False; merge=False; PUBLIC_REST_HEURISTIC_V1;cluster=medical-malpractice;traffic_risk=UNKNOWN
MEDD-156,CONTENT_INVENTORY_AUDIT,7611,medical-malpractice,P2,http://jus-tice.co.il/history-of-medicine/,,,עו”ד רפואי | היסטוריה של הרפואה,REVIEW_CLASSIFY,MEDICAL_SIGNAL_CONFIRMED,UNKNOWN,,,6,UNKNOWN_PUBLIC_REST_V1,NEEDS_INTERNAL_LINK_REVIEW,NO_URL_CHANGE_EXECUTED,"Classify as pillar, support, merge, rewrite, or protect during med-mal upload batch",NO_CMS_EDIT; NO_PUBLIC_UPLOAD; NO_REDIRECT; NO_CANONICAL_NOINDEX; NO_SITEMAP_CHANGE; NO_TAXONOMY_CHANGE,word_count=11555; thin=False; duplicate=False; rewrite=False; merge=False; PUBLIC_REST_HEURISTIC_V1;cluster=needs-classification;traffic_risk=UNKNOWN
MEDD-157,CONTENT_INVENTORY_AUDIT,7583,medical-malpractice,P2,http://jus-tice.co.il/articles/%D7%9E%D7%A7%D7%A8%D7%99-%D7%A8%D7%A9%D7%9C%D7%A0%D7%95%D7%AA-%D7%A8%D7%A4%D7%95%D7%90%D7%99%D7%AA-%D7%93%D7%95%D7%92%D7%9E%D7%90%D7%95%D7%AA/,,,מקרי רשלנות רפואית דוגמאות,KEEP_OR_SUPPORT_PILLAR_REVIEW,MEDICAL_SIGNAL_CONFIRMED,UNKNOWN,,,4,UNKNOWN_PUBLIC_REST_V1,NEEDS_INTERNAL_LINK_REVIEW,NO_URL_CHANGE_EXECUTED,"Classify as pillar, support, merge, rewrite, or protect during med-mal upload batch",NO_CMS_EDIT; NO_PUBLIC_UPLOAD; NO_REDIRECT; NO_CANONICAL_NOINDEX; NO_SITEMAP_CHANGE; NO_TAXONOMY_CHANGE,word_count=1153; thin=False; duplicate=False; rewrite=False; merge=False; PUBLIC_REST_HEURISTIC_V1;cluster=medical-malpractice;traffic_risk=UNKNOWN
MEDD-158,CONTENT_INVENTORY_AUDIT,7571,medical-malpractice,P2,http://jus-tice.co.il/decision50014-01-19/,,,השופטת יעל ייטב: החלטה בדבר מינוי מומחה מטעם בית המשפט בתיק רשלנות רפואית (ת”א 50014-01-19),KEEP_OR_SUPPORT_PILLAR_REVIEW,MEDICAL_SIGNAL_CONFIRMED,UNKNOWN,,,5,UNKNOWN_PUBLIC_REST_V1,NEEDS_INTERNAL_LINK_REVIEW,NO_URL_CHANGE_EXECUTED,"Classify as pillar, support, merge, rewrite, or protect during med-mal upload batch",NO_CMS_EDIT; NO_PUBLIC_UPLOAD; NO_REDIRECT; NO_CANONICAL_NOINDEX; NO_SITEMAP_CHANGE; NO_TAXONOMY_CHANGE,word_count=2049; thin=False; duplicate=False; rewrite=False; merge=False; PUBLIC_REST_HEURISTIC_V1;cluster=medical-malpractice;traffic_risk=UNKNOWN
MEDD-159,CONTENT_INVENTORY_AUDIT,7453,medical-malpractice,P2,http://jus-tice.co.il/%D7%96%D7%99%D7%9B%D7%95%D7%99-%D7%A0%D7%94%D7%92-%D7%9E%D7%A9%D7%90%D7%99%D7%AA-%D7%A9%D7%94%D7%95%D7%90%D7%A9%D7%9D-%D7%91%D7%92%D7%A8%D7%99%D7%9E%D7%AA-%D7%9E%D7%95%D7%95%D7%AA-%D7%91%D7%A8%D7%A9%D7%9C%D7%A0%D7%95%D7%AA-%D7%AA%D7%99%D7%A7-56-03-20/,,,תעבורה: זיכוי נהג משאית שהואשם בגרימת מוות ברשלנות (גמ”ר 56-03-20),KEEP_OR_MAKE_PILLAR_REVIEW,MEDICAL_SIGNAL_CONFIRMED,UNKNOWN,,,6,UNKNOWN_PUBLIC_REST_V1,NEEDS_INTERNAL_LINK_REVIEW,NO_URL_CHANGE_EXECUTED,"Classify as pillar, support, merge, rewrite, or protect during med-mal upload batch",NO_CMS_EDIT; NO_PUBLIC_UPLOAD; NO_REDIRECT; NO_CANONICAL_NOINDEX; NO_SITEMAP_CHANGE; NO_TAXONOMY_CHANGE,word_count=6765; thin=False; duplicate=False; rewrite=False; merge=False; PUBLIC_REST_HEURISTIC_V1;cluster=traffic-law;traffic_risk=UNKNOWN
MEDD-160,CONTENT_INVENTORY_AUDIT,7305,medical-malpractice,P2,http://jus-tice.co.il/%D7%A2%D7%95%D7%A8%D7%9A-%D7%93%D7%99%D7%9F-%D7%9E%D7%95%D7%9E%D7%9C%D7%A5-%D7%9E%D7%94%D7%99-%D7%A8%D7%A9%D7%9C%D7%A0%D7%95%D7%AA-%D7%A2%D7%95%D7%95%D7%9C%D7%AA-%D7%94%D7%A8%D7%A9%D7%9C%D7%A0%D7%95%D7%AA/,,,מהי רשלנות | עוולת הרשלנות,REVIEW_CLASSIFY,MEDICAL_SIGNAL_CONFIRMED,UNKNOWN,,,5,UNKNOWN_PUBLIC_REST_V1,NEEDS_INTERNAL_LINK_REVIEW,NO_URL_CHANGE_EXECUTED,"Classify as pillar, support, merge, rewrite, or protect during med-mal upload batch",NO_CMS_EDIT; NO_PUBLIC_UPLOAD; NO_REDIRECT; NO_CANONICAL_NOINDEX; NO_SITEMAP_CHANGE; NO_TAXONOMY_CHANGE,word_count=1548; thin=False; duplicate=False; rewrite=False; merge=False; PUBLIC_REST_HEURISTIC_V1;cluster=needs-classification;traffic_risk=UNKNOWN
MEDD-161,CONTENT_INVENTORY_AUDIT,6922,medical-malpractice,P2,http://jus-tice.co.il/%D7%AA%D7%90-55450-03-20-%D7%9E%D7%A0%D7%98%D7%99%D7%9F-%D7%90%D7%99%D7%A0%D7%95%D7%95%D7%A1%D7%98%D7%9E%D7%A0%D7%98%D7%A1-%D7%91%D7%A2%D7%9E-%D7%95%D7%90%D7%97-%D7%A0-%D7%A1%D7%A8%D7%92%D7%A0%D7%99/,,,תביעה בגין רשלנות מקצועית של רואה חשבון | פסק דין (ת”א 55450-03-20),REVIEW_CLASSIFY,MEDICAL_SIGNAL_CONFIRMED,UNKNOWN,,,8,UNKNOWN_PUBLIC_REST_V1,HAS_INTERNAL_LINKS,NO_URL_CHANGE_EXECUTED,"Classify as pillar, support, merge, rewrite, or protect during med-mal upload batch",NO_CMS_EDIT; NO_PUBLIC_UPLOAD; NO_REDIRECT; NO_CANONICAL_NOINDEX; NO_SITEMAP_CHANGE; NO_TAXONOMY_CHANGE,word_count=6833; thin=False; duplicate=False; rewrite=False; merge=False; PUBLIC_REST_HEURISTIC_V1;cluster=needs-classification;traffic_risk=UNKNOWN
MEDD-162,CONTENT_INVENTORY_AUDIT,6861,medical-malpractice,P2,http://jus-tice.co.il/articles/%D7%A9%D7%9B%D7%A8-%D7%98%D7%A8%D7%97%D7%94-%D7%A2%D7%95%D7%A8%D7%9A-%D7%93%D7%99%D7%9F-%D7%A8%D7%A9%D7%9C%D7%A0%D7%95%D7%AA-%D7%A8%D7%A4%D7%95%D7%90%D7%99%D7%AA/,,,שכר טרחה עורך דין רשלנות רפואית,KEEP_OR_SUPPORT_PILLAR_REVIEW,MEDICAL_SIGNAL_CONFIRMED,UNKNOWN,,,4,UNKNOWN_PUBLIC_REST_V1,NEEDS_INTERNAL_LINK_REVIEW,NO_URL_CHANGE_EXECUTED,"Classify as pillar, support, merge, rewrite, or protect during med-mal upload batch",NO_CMS_EDIT; NO_PUBLIC_UPLOAD; NO_REDIRECT; NO_CANONICAL_NOINDEX; NO_SITEMAP_CHANGE; NO_TAXONOMY_CHANGE,word_count=989; thin=False; duplicate=False; rewrite=False; merge=False; PUBLIC_REST_HEURISTIC_V1;cluster=medical-malpractice;traffic_risk=UNKNOWN
MEDD-163,CONTENT_INVENTORY_AUDIT,6715,medical-malpractice,P2,http://jus-tice.co.il/%D7%94%D7%A7%D7%98%D7%A0%D7%AA-%D7%94%D7%95%D7%A6%D7%90%D7%95%D7%AA-%D7%AA%D7%91%D7%99%D7%A2%D7%95%D7%AA-%D7%A8%D7%A9%D7%9C%D7%A0%D7%95%D7%AA-%D7%A8%D7%A4%D7%95%D7%90%D7%99%D7%AA/,,,תביעות רשלנות רפואית: הדרכים להקטנת ההוצאה הציבורית | דין וחשבון,KEEP_OR_MAKE_PILLAR_REVIEW,MEDICAL_SIGNAL_CONFIRMED,UNKNOWN,,,6,UNKNOWN_PUBLIC_REST_V1,NEEDS_INTERNAL_LINK_REVIEW,NO_URL_CHANGE_EXECUTED,"Classify as pillar, support, merge, rewrite, or protect during med-mal upload batch",NO_CMS_EDIT; NO_PUBLIC_UPLOAD; NO_REDIRECT; NO_CANONICAL_NOINDEX; NO_SITEMAP_CHANGE; NO_TAXONOMY_CHANGE,word_count=118502; thin=False; duplicate=False; rewrite=False; merge=False; PUBLIC_REST_HEURISTIC_V1;cluster=medical-malpractice;traffic_risk=UNKNOWN
MEDD-164,CONTENT_INVENTORY_AUDIT,6546,medical-malpractice,P2,http://jus-tice.co.il/%D7%A2%D7%95%D7%A8%D7%9A-%D7%93%D7%99%D7%9F-%D7%A8%D7%A9%D7%9C%D7%A0%D7%95%D7%AA-%D7%A8%D7%A4%D7%95%D7%90%D7%99%D7%AA-%D7%9E%D7%95%D7%9E%D7%9C%D7%A5/,,,עורך דין רשלנות רפואית מומלץ,KEEP_OR_MAKE_PILLAR_REVIEW,MEDICAL_SIGNAL_CONFIRMED,UNKNOWN,,,6,UNKNOWN_PUBLIC_REST_V1,NEEDS_INTERNAL_LINK_REVIEW,NO_URL_CHANGE_EXECUTED,"Classify as pillar, support, merge, rewrite, or protect during med-mal upload batch",NO_CMS_EDIT; NO_PUBLIC_UPLOAD; NO_REDIRECT; NO_CANONICAL_NOINDEX; NO_SITEMAP_CHANGE; NO_TAXONOMY_CHANGE,word_count=4970; thin=False; duplicate=False; rewrite=False; merge=False; PUBLIC_REST_HEURISTIC_V1;cluster=medical-malpractice;traffic_risk=UNKNOWN
MEDD-165,CONTENT_INVENTORY_AUDIT,6110,medical-malpractice,P2,http://jus-tice.co.il/%D7%A4%D7%A1%D7%93-%D7%91%D7%AA%D7%91%D7%99%D7%A2%D7%94-%D7%A0%D7%92%D7%93-%D7%98%D7%A8%D7%9D-%D7%A8%D7%A9%D7%AA-%D7%9E%D7%A8%D7%9B%D7%96%D7%99%D7%9D-%D7%9C%D7%A8%D7%A4%D7%95%D7%90%D7%94-%D7%93%D7%97%D7%95%D7%A4%D7%94-%D7%A2%D7%9C-%D7%A8%D7%A9%D7%9C%D7%A0%D7%95%D7%AA-%D7%A8%D7%A4%D7%95%D7%90%D7%99%D7%AA-%D7%A9%D7%94%D7%95%D7%91%D7%99%D7%9C%D7%94-%D7%9C%D7%A4%D7%98%D7%99%D7%A8%D7%AA%D7%94-%D7%A9%D7%9C-%D7%90%D7%9D-%D7%95%D7%94%D7%A2%D7%95%D7%91%D7%A8-%D7%A9%D7%A0%D7%A9%D7%90%D7%94-%D7%91%D7%A8%D7%97%D7%9E/,,,דחיית תביעה רשלנות רפואית הריון שהובילה לפטירתה של אם והעובר שנשאה ברחמה (ת”א 20346-03-17) מספר תיק,REWRITE,MEDICAL_SIGNAL_CONFIRMED,UNKNOWN,,,4,UNKNOWN_PUBLIC_REST_V1,NEEDS_INTERNAL_LINK_REVIEW,NO_URL_CHANGE_EXECUTED,"Classify as pillar, support, merge, rewrite, or protect during med-mal upload batch",NO_CMS_EDIT; NO_PUBLIC_UPLOAD; NO_REDIRECT; NO_CANONICAL_NOINDEX; NO_SITEMAP_CHANGE; NO_TAXONOMY_CHANGE,word_count=10310; thin=False; duplicate=False; rewrite=True; merge=False; PUBLIC_REST_HEURISTIC_V1;cluster=medical-malpractice;traffic_risk=UNKNOWN
MEDD-166,CONTENT_INVENTORY_AUDIT,6045,medical-malpractice,P2,http://jus-tice.co.il/%D7%A2%D7%90-9598/05-%D7%A4%D7%9C%D7%95%D7%A0%D7%99-%D7%A0-%D7%97%D7%91%D7%A8%D7%AA-%D7%91%D7%99%D7%98%D7%95%D7%97-%D7%94%D7%9E%D7%92%D7%9F-%D7%91%D7%A2%D7%9E/,,,ע״א 9598/05 פלוני נ׳ חברת ביטוח ״המגן״ בע״מ | בית המשפט לא יסטה ממסקנותיו של המומחה הרפואי אלא בהתקיים נסיבות מיוחדות,REWRITE,MEDICAL_SIGNAL_CONFIRMED,UNKNOWN,,,3,UNKNOWN_PUBLIC_REST_V1,NEEDS_INTERNAL_LINK_REVIEW,NO_URL_CHANGE_EXECUTED,"Classify as pillar, support, merge, rewrite, or protect during med-mal upload batch",NO_CMS_EDIT; NO_PUBLIC_UPLOAD; NO_REDIRECT; NO_CANONICAL_NOINDEX; NO_SITEMAP_CHANGE; NO_TAXONOMY_CHANGE,word_count=1766; thin=False; duplicate=False; rewrite=True; merge=False; PUBLIC_REST_HEURISTIC_V1;cluster=needs-classification;traffic_risk=UNKNOWN
MEDD-167,CONTENT_INVENTORY_AUDIT,5818,medical-malpractice,P0,http://jus-tice.co.il/%D7%91%D7%A7%D7%A9%D7%AA-%D7%A0%D7%A4%D7%92%D7%A2-%D7%A2%D7%91%D7%99%D7%A8%D7%94-%D7%9E%D7%99%D7%93%D7%A2-%D7%90%D7%A9%D7%A4%D7%95%D7%96%D7%95-%D7%A9%D7%9C-%D7%A0%D7%90%D7%A9%D7%9D-%D7%91%D7%91%D7%99%D7%AA-%D7%97%D7%95%D7%9C%D7%99%D7%9D/,,,טופס בקשת נפגע עבירה לקבלת מידע על מהלך אשפוזו של נאשם בבית חולים,REWRITE,POSSIBLE_FALSE_POSITIVE_REVIEW,UNKNOWN,,,1,UNKNOWN_PUBLIC_REST_V1,NEEDS_INTERNAL_LINK_REVIEW,NO_URL_CHANGE_EXECUTED,Remove or reclassify from medical-malpractice cluster before upload planning,NO_CMS_EDIT; NO_PUBLIC_UPLOAD; NO_REDIRECT; NO_CANONICAL_NOINDEX; NO_SITEMAP_CHANGE; NO_TAXONOMY_CHANGE,word_count=150; thin=True; duplicate=False; rewrite=True; merge=False; PUBLIC_REST_HEURISTIC_V1;cluster=medical-malpractice;traffic_risk=UNKNOWN
MEDD-168,CONTENT_INVENTORY_AUDIT,5609,medical-malpractice,P2,http://jus-tice.co.il/psakdin/%D7%A2%D7%95%D7%A0%D7%A9-%D7%9E%D7%95%D7%A8%D7%A9%D7%A2-%D7%91%D7%A2%D7%91%D7%99%D7%A8%D7%95%D7%AA-%D7%A9%D7%9C-%D7%92%D7%A8%D7%9D-%D7%9E%D7%95%D7%95%D7%AA-%D7%91%D7%A8%D7%A9%D7%9C%D7%A0%D7%95%D7%AA/,,,עונש מורשע בעבירות של גרם מוות ברשלנות בתאונת דרכים | עורך דין תעבורה פלילי,REWRITE,MEDICAL_SIGNAL_CONFIRMED,UNKNOWN,,,4,UNKNOWN_PUBLIC_REST_V1,NEEDS_INTERNAL_LINK_REVIEW,NO_URL_CHANGE_EXECUTED,"Classify as pillar, support, merge, rewrite, or protect during med-mal upload batch",NO_CMS_EDIT; NO_PUBLIC_UPLOAD; NO_REDIRECT; NO_CANONICAL_NOINDEX; NO_SITEMAP_CHANGE; NO_TAXONOMY_CHANGE,word_count=5969; thin=False; duplicate=False; rewrite=True; merge=False; PUBLIC_REST_HEURISTIC_V1;cluster=criminal-law;traffic_risk=UNKNOWN
MEDD-169,CONTENT_INVENTORY_AUDIT,5385,medical-malpractice,P2,http://jus-tice.co.il/psakdin/%D7%A2%D7%95%D7%A0%D7%A9-%D7%9E%D7%90%D7%A1%D7%A8-%D7%A4%D7%92%D7%A2-%D7%95%D7%91%D7%A8%D7%97-%D7%92%D7%A8%D7%99%D7%9E%D7%AA-%D7%9E%D7%95%D7%95%D7%AA-%D7%91%D7%A8%D7%A9%D7%9C%D7%A0%D7%95%D7%AA/,,,"עונש מאסר פגע וברח גרימת מוות ברשלנות, מעשה פזיזות ורשלנות ברכב, הפקרה אחרי פגיעה ועוד",REWRITE,MEDICAL_SIGNAL_CONFIRMED,UNKNOWN,,,4,UNKNOWN_PUBLIC_REST_V1,NEEDS_INTERNAL_LINK_REVIEW,NO_URL_CHANGE_EXECUTED,"Classify as pillar, support, merge, rewrite, or protect during med-mal upload batch",NO_CMS_EDIT; NO_PUBLIC_UPLOAD; NO_REDIRECT; NO_CANONICAL_NOINDEX; NO_SITEMAP_CHANGE; NO_TAXONOMY_CHANGE,word_count=5886; thin=False; duplicate=False; rewrite=True; merge=False; PUBLIC_REST_HEURISTIC_V1;cluster=needs-classification;traffic_risk=UNKNOWN
MEDD-170,CONTENT_INVENTORY_AUDIT,3265,medical-malpractice,P2,http://jus-tice.co.il/standards-of-medical-fitness-to-drive/,,,תקנים מעודכנים להתאמה רפואית לנהיגה מרב”ד,REWRITE,MEDICAL_SIGNAL_CONFIRMED,UNKNOWN,,,3,UNKNOWN_PUBLIC_REST_V1,NEEDS_INTERNAL_LINK_REVIEW,NO_URL_CHANGE_EXECUTED,"Classify as pillar, support, merge, rewrite, or protect during med-mal upload batch",NO_CMS_EDIT; NO_PUBLIC_UPLOAD; NO_REDIRECT; NO_CANONICAL_NOINDEX; NO_SITEMAP_CHANGE; NO_TAXONOMY_CHANGE,word_count=23220; thin=False; duplicate=False; rewrite=True; merge=False; PUBLIC_REST_HEURISTIC_V1;cluster=needs-classification;traffic_risk=UNKNOWN
MEDD-171,CONTENT_INVENTORY_AUDIT,3263,medical-malpractice,P2,http://jus-tice.co.il/medical-fitness-tests-for-driving-marvad-info/,,,מה זה מרב״ד?- מידע על המכון הרפואי לבטיחות בדרכים,REWRITE,MEDICAL_SIGNAL_CONFIRMED,UNKNOWN,,,1,UNKNOWN_PUBLIC_REST_V1,NEEDS_INTERNAL_LINK_REVIEW,NO_URL_CHANGE_EXECUTED,"Classify as pillar, support, merge, rewrite, or protect during med-mal upload batch",NO_CMS_EDIT; NO_PUBLIC_UPLOAD; NO_REDIRECT; NO_CANONICAL_NOINDEX; NO_SITEMAP_CHANGE; NO_TAXONOMY_CHANGE,word_count=440; thin=True; duplicate=False; rewrite=True; merge=False; PUBLIC_REST_HEURISTIC_V1;cluster=needs-classification;traffic_risk=UNKNOWN
MEDD-172,CONTENT_INVENTORY_AUDIT,3254,medical-malpractice,P2,http://jus-tice.co.il/medical-institute-for-road-safety/,,,המכון הרפואי לבטיחות בדרכים,REWRITE,MEDICAL_SIGNAL_CONFIRMED,UNKNOWN,,,4,UNKNOWN_PUBLIC_REST_V1,HAS_INTERNAL_LINKS,NO_URL_CHANGE_EXECUTED,"Classify as pillar, support, merge, rewrite, or protect during med-mal upload batch",NO_CMS_EDIT; NO_PUBLIC_UPLOAD; NO_REDIRECT; NO_CANONICAL_NOINDEX; NO_SITEMAP_CHANGE; NO_TAXONOMY_CHANGE,word_count=558; thin=True; duplicate=False; rewrite=True; merge=False; PUBLIC_REST_HEURISTIC_V1;cluster=needs-classification;traffic_risk=UNKNOWN
MEDD-173,CONTENT_INVENTORY_AUDIT,3242,medical-malpractice,P2,http://jus-tice.co.il/punishment-of-parents-and-relatives-for-negligently-causing-death/,,,מדיניות העמדה לדין וענישה של הורים וקרובי משפחה בגין גרימת מוות ברשלנות של בני משפחתם,REWRITE,MEDICAL_SIGNAL_CONFIRMED,UNKNOWN,,,3,UNKNOWN_PUBLIC_REST_V1,NEEDS_INTERNAL_LINK_REVIEW,NO_URL_CHANGE_EXECUTED,"Classify as pillar, support, merge, rewrite, or protect during med-mal upload batch",NO_CMS_EDIT; NO_PUBLIC_UPLOAD; NO_REDIRECT; NO_CANONICAL_NOINDEX; NO_SITEMAP_CHANGE; NO_TAXONOMY_CHANGE,word_count=1687; thin=False; duplicate=False; rewrite=True; merge=False; PUBLIC_REST_HEURISTIC_V1;cluster=needs-classification;traffic_risk=UNKNOWN
MEDD-174,CONTENT_INVENTORY_AUDIT,2753,medical-malpractice,P2,http://jus-tice.co.il/characteristics-and-outcomes-of-children-with-coronavirus/,,,ניתוח מאפייני תחלואה בקורונה בקרב ילדים,REWRITE,MEDICAL_SIGNAL_CONFIRMED,UNKNOWN,,,6,UNKNOWN_PUBLIC_REST_V1,HAS_INTERNAL_LINKS,NO_URL_CHANGE_EXECUTED,"Classify as pillar, support, merge, rewrite, or protect during med-mal upload batch",NO_CMS_EDIT; NO_PUBLIC_UPLOAD; NO_REDIRECT; NO_CANONICAL_NOINDEX; NO_SITEMAP_CHANGE; NO_TAXONOMY_CHANGE,word_count=2828; thin=False; duplicate=False; rewrite=True; merge=False; PUBLIC_REST_HEURISTIC_V1;cluster=medical-malpractice;traffic_risk=UNKNOWN
MEDD-175,CONTENT_INVENTORY_AUDIT,1572,medical-malpractice,P2,https://jus-tice.co.il/articles/%d7%9e%d7%90%d7%92%d7%a8-%d7%9e%d7%99%d7%93%d7%a2-%d7%a8%d7%a9%d7%9c%d7%a0%d7%95%d7%aa-%d7%a8%d7%a4%d7%95%d7%90%d7%99%d7%aa/,,,מאגר מידע רשלנות רפואית,REWRITE,MEDICAL_SIGNAL_CONFIRMED,UNKNOWN,,,2,UNKNOWN_PUBLIC_REST_V1,HAS_INTERNAL_LINKS,NO_URL_CHANGE_EXECUTED,"Classify as pillar, support, merge, rewrite, or protect during med-mal upload batch",NO_CMS_EDIT; NO_PUBLIC_UPLOAD; NO_REDIRECT; NO_CANONICAL_NOINDEX; NO_SITEMAP_CHANGE; NO_TAXONOMY_CHANGE,word_count=15; thin=True; duplicate=False; rewrite=True; merge=False; PUBLIC_REST_HEURISTIC_V1;cluster=medical-malpractice;traffic_risk=UNKNOWN
MEDD-176,CONTENT_INVENTORY_AUDIT,1130,medical-malpractice,P2,http://jus-tice.co.il/medical-malpractice-lawyer/,,,מומחים לענייני רשלנות רפואית,KEEP_OR_MAKE_PILLAR_REVIEW,MEDICAL_SIGNAL_CONFIRMED,UNKNOWN,,,8,UNKNOWN_PUBLIC_REST_V1,HAS_INTERNAL_LINKS,NO_URL_CHANGE_EXECUTED,"Classify as pillar, support, merge, rewrite, or protect during med-mal upload batch",NO_CMS_EDIT; NO_PUBLIC_UPLOAD; NO_REDIRECT; NO_CANONICAL_NOINDEX; NO_SITEMAP_CHANGE; NO_TAXONOMY_CHANGE,word_count=3287; thin=False; duplicate=False; rewrite=False; merge=False; PUBLIC_REST_HEURISTIC_V1;cluster=medical-malpractice;traffic_risk=UNKNOWN
MEDD-177,URL_MIGRATION_MAP,12096,medical-malpractice,P0,http://jus-tice.co.il/%D7%A2%D7%95%D7%A8%D7%9B%D7%99-%D7%93%D7%99%D7%9F-%D7%9E%D7%95%D7%91%D7%99%D7%9C%D7%99%D7%9D-%D7%91%D7%AA%D7%97%D7%95%D7%9D-%D7%A8%D7%A9%D7%9C%D7%A0%D7%95%D7%AA-%D7%A8%D7%A4%D7%95%D7%90%D7%99%D7%AA-%D7%91%D7%A2%D7%95%D7%9C%D7%9D/,עורכי-דין-מובילים-בתחום-רשלנות-רפואית-בעולם,https://jus-tice.co.il/medical-malpractice-lawyer/,עורכי דין מובילים בתחום רשלנות רפואית בעולם | עורכי הדין המובילים בתחום הרשלנות הרפואית בישראל,TARGET_SLUG_CONFLICT_NEEDS_REVIEW,MEDICAL_SIGNAL_CONFIRMED,UNKNOWN,UNKNOWN,UNKNOWN,,NEEDS_SOURCE_AUDIT_BEFORE_CONTENT_REWRITE,YES_AFTER_APPROVAL,redirect=YES_AFTER_APPROVAL; canonical=YES_AFTER_APPROVAL; sitemap=YES_AFTER_APPROVAL,"Keep as planning row only until GSC, owner approval, and redirect plan are complete",NO_CMS_EDIT; NO_PUBLIC_UPLOAD; NO_REDIRECT; NO_CANONICAL_NOINDEX; NO_SITEMAP_CHANGE; NO_TAXONOMY_CHANGE,PUBLIC_REST_URL_MAP_V1;NO_URL_CHANGE_EXECUTED;duplicate_target_slug
MEDD-178,URL_MIGRATION_MAP,11952,medical-malpractice,P0,http://jus-tice.co.il/%D7%9E%D7%A7%D7%A8%D7%99-%D7%A8%D7%A9%D7%9C%D7%A0%D7%95%D7%AA-%D7%A8%D7%A4%D7%95%D7%90%D7%99%D7%AA-%D7%91%D7%9C%D7%99%D7%93%D7%94-%D7%95%D7%98%D7%99%D7%A4%D7%95%D7%9C-%D7%9E%D7%A9%D7%A4%D7%98%D7%99/,מקרי-רשלנות-רפואית-בלידה-וטיפול-משפטי,https://jus-tice.co.il/medical-malpractice-lawyer/,מקרי רשלנות רפואית בלידה וטיפול משפטי בייצוג עורך דין,TARGET_SLUG_CONFLICT_NEEDS_REVIEW,MEDICAL_SIGNAL_CONFIRMED,UNKNOWN,UNKNOWN,UNKNOWN,,NEEDS_SOURCE_AUDIT_BEFORE_CONTENT_REWRITE,YES_AFTER_APPROVAL,redirect=YES_AFTER_APPROVAL; canonical=YES_AFTER_APPROVAL; sitemap=YES_AFTER_APPROVAL,"Keep as planning row only until GSC, owner approval, and redirect plan are complete",NO_CMS_EDIT; NO_PUBLIC_UPLOAD; NO_REDIRECT; NO_CANONICAL_NOINDEX; NO_SITEMAP_CHANGE; NO_TAXONOMY_CHANGE,PUBLIC_REST_URL_MAP_V1;NO_URL_CHANGE_EXECUTED;duplicate_target_slug
MEDD-179,URL_MIGRATION_MAP,11934,medical-malpractice,P1,http://jus-tice.co.il/%D7%94%D7%A9%D7%A7%D7%A2%D7%95%D7%AA-%D7%A0%D7%93%D7%9C%D7%9F-%D7%91%D7%A0%D7%99%D7%95-%D7%99%D7%95%D7%A8%D7%A7-%D7%9E%D7%91%D7%98-%D7%9E%D7%95%D7%A8%D7%97%D7%91-%D7%9C%D7%9E%D7%A9%D7%A7%D7%99%D7%A2%D7%99%D7%9D-%D7%99%D7%A9%D7%A8%D7%90%D7%9C%D7%99%D7%9D/,השקעות-נדלן-בניו-יורק-מבט-מורחב-למשקיעים-ישראלים,,מה חשוב לדעת על השקעות נדל”ן בניו יורק | ניתוח כדאיות השקעה במנהטן מול ערים אחרות בעולם,NEEDS_EDITORIAL_SLUG_MAPPING,MEDICAL_SIGNAL_CONFIRMED,UNKNOWN,UNKNOWN,UNKNOWN,,NEEDS_SOURCE_AUDIT_BEFORE_CONTENT_REWRITE,YES_AFTER_APPROVAL,redirect=YES_AFTER_APPROVAL; canonical=YES_AFTER_APPROVAL; sitemap=YES_AFTER_APPROVAL,"Keep as planning row only until GSC, owner approval, and redirect plan are complete",NO_CMS_EDIT; NO_PUBLIC_UPLOAD; NO_REDIRECT; NO_CANONICAL_NOINDEX; NO_SITEMAP_CHANGE; NO_TAXONOMY_CHANGE,PUBLIC_REST_URL_MAP_V1;NO_URL_CHANGE_EXECUTED
MEDD-180,URL_MIGRATION_MAP,11834,medical-malpractice,P0,http://jus-tice.co.il/%D7%A2%D7%95%D7%A8%D7%9A-%D7%93%D7%99%D7%9F-%D7%A8%D7%A9%D7%9C%D7%A0%D7%95%D7%AA-%D7%A8%D7%A4%D7%95%D7%90%D7%99%D7%AA-%D7%91%D7%9C%D7%99%D7%93%D7%94-%D7%9E%D7%95%D7%9E%D7%9C%D7%A5/,עורך-דין-רשלנות-רפואית-בלידה-מומלץ,https://jus-tice.co.il/medical-malpractice-lawyer/,עורך דין רשלנות רפואית בלידה מומלץ,TARGET_SLUG_CONFLICT_NEEDS_REVIEW,MEDICAL_SIGNAL_CONFIRMED,UNKNOWN,UNKNOWN,UNKNOWN,,NEEDS_SOURCE_AUDIT_BEFORE_CONTENT_REWRITE,YES_AFTER_APPROVAL,redirect=YES_AFTER_APPROVAL; canonical=YES_AFTER_APPROVAL; sitemap=YES_AFTER_APPROVAL,"Keep as planning row only until GSC, owner approval, and redirect plan are complete",NO_CMS_EDIT; NO_PUBLIC_UPLOAD; NO_REDIRECT; NO_CANONICAL_NOINDEX; NO_SITEMAP_CHANGE; NO_TAXONOMY_CHANGE,PUBLIC_REST_URL_MAP_V1;NO_URL_CHANGE_EXECUTED;duplicate_target_slug
MEDD-181,URL_MIGRATION_MAP,11617,medical-malpractice,P1,http://jus-tice.co.il/medical-malpractice-vs-negligence-differences-israel/,medical-malpractice-vs-negligence-differences-israel,https://jus-tice.co.il/medical-malpractice-vs-negligence-differences-israel/,מה ההבדל בין רשלנות רפואית לבין הזנחה רפואית?,KEEP_CURRENT_CLEAN_SLUG,MEDICAL_SIGNAL_CONFIRMED,UNKNOWN,UNKNOWN,UNKNOWN,,NEEDS_SOURCE_AUDIT_BEFORE_CONTENT_REWRITE,YES_AFTER_APPROVAL,redirect=YES_AFTER_APPROVAL; canonical=YES_AFTER_APPROVAL; sitemap=YES_AFTER_APPROVAL,"Keep as planning row only until GSC, owner approval, and redirect plan are complete",NO_CMS_EDIT; NO_PUBLIC_UPLOAD; NO_REDIRECT; NO_CANONICAL_NOINDEX; NO_SITEMAP_CHANGE; NO_TAXONOMY_CHANGE,PUBLIC_REST_URL_MAP_V1;NO_URL_CHANGE_EXECUTED
MEDD-182,URL_MIGRATION_MAP,11607,medical-malpractice,P0,http://jus-tice.co.il/medical-malpractice-lawyer/,medical-malpractice-lawyer,https://jus-tice.co.il/medical-malpractice-lawyer/,עורך דין רשלנות רפואית | עו”ד רשלנות רפואית,TARGET_SLUG_CONFLICT_NEEDS_REVIEW,MEDICAL_SIGNAL_CONFIRMED,UNKNOWN,UNKNOWN,UNKNOWN,,NEEDS_SOURCE_AUDIT_BEFORE_CONTENT_REWRITE,YES_AFTER_APPROVAL,redirect=YES_AFTER_APPROVAL; canonical=YES_AFTER_APPROVAL; sitemap=YES_AFTER_APPROVAL,"Keep as planning row only until GSC, owner approval, and redirect plan are complete",NO_CMS_EDIT; NO_PUBLIC_UPLOAD; NO_REDIRECT; NO_CANONICAL_NOINDEX; NO_SITEMAP_CHANGE; NO_TAXONOMY_CHANGE,PUBLIC_REST_URL_MAP_V1;NO_URL_CHANGE_EXECUTED;duplicate_target_slug
MEDD-183,URL_MIGRATION_MAP,11600,medical-malpractice,P1,http://jus-tice.co.il/10918-10-19/,10918-10-19,https://jus-tice.co.il/10918-10-19/,פס”ד בתביעת הורי תינוקת שנפטרה בגין רשלנות רפואית ורשלנות בהליכי מתן הרישיון לעסוק ברפואה (ת”א 10918-10-19),KEEP_CURRENT_CLEAN_SLUG,MEDICAL_SIGNAL_CONFIRMED,UNKNOWN,UNKNOWN,UNKNOWN,,NEEDS_SOURCE_AUDIT_BEFORE_CONTENT_REWRITE,YES_AFTER_APPROVAL,redirect=YES_AFTER_APPROVAL; canonical=YES_AFTER_APPROVAL; sitemap=YES_AFTER_APPROVAL,"Keep as planning row only until GSC, owner approval, and redirect plan are complete",NO_CMS_EDIT; NO_PUBLIC_UPLOAD; NO_REDIRECT; NO_CANONICAL_NOINDEX; NO_SITEMAP_CHANGE; NO_TAXONOMY_CHANGE,PUBLIC_REST_URL_MAP_V1;NO_URL_CHANGE_EXECUTED
MEDD-184,URL_MIGRATION_MAP,11584,medical-malpractice,P1,http://jus-tice.co.il/articles/%D7%A2%D7%95%D7%95%D7%9C%D7%94-%D7%A0%D7%96%D7%A7-%D7%95%D7%A4%D7%99%D7%A6%D7%95%D7%99-%D7%93%D7%99%D7%A0%D7%99-%D7%94%D7%A0%D7%96%D7%99%D7%A7%D7%99%D7%9F-%D7%95%D7%A8%D7%A9%D7%9C%D7%A0%D7%95/,עוולה-נזק-ופיצוי-דיני-הנזיקין-ורשלנו,,עוולה | נזק ופיצוי | דיני הנזיקין ורשלנות | עו”ד נזיקין,NEEDS_EDITORIAL_SLUG_MAPPING,MEDICAL_SIGNAL_CONFIRMED,UNKNOWN,UNKNOWN,UNKNOWN,,NEEDS_SOURCE_AUDIT_BEFORE_CONTENT_REWRITE,YES_AFTER_APPROVAL,redirect=YES_AFTER_APPROVAL; canonical=YES_AFTER_APPROVAL; sitemap=YES_AFTER_APPROVAL,"Keep as planning row only until GSC, owner approval, and redirect plan are complete",NO_CMS_EDIT; NO_PUBLIC_UPLOAD; NO_REDIRECT; NO_CANONICAL_NOINDEX; NO_SITEMAP_CHANGE; NO_TAXONOMY_CHANGE,PUBLIC_REST_URL_MAP_V1;NO_URL_CHANGE_EXECUTED
MEDD-185,URL_MIGRATION_MAP,11560,medical-malpractice,P1,http://jus-tice.co.il/anesthesia-medical-malpractice/,anesthesia-medical-malpractice,https://jus-tice.co.il/anesthesia-medical-malpractice/,רשלנות רפואית בהרדמה: מתי זה קורה ולמי לפנות לאחר הליך ניתוח?,KEEP_CURRENT_CLEAN_SLUG,MEDICAL_SIGNAL_CONFIRMED,UNKNOWN,UNKNOWN,UNKNOWN,,NEEDS_SOURCE_AUDIT_BEFORE_CONTENT_REWRITE,YES_AFTER_APPROVAL,redirect=YES_AFTER_APPROVAL; canonical=YES_AFTER_APPROVAL; sitemap=YES_AFTER_APPROVAL,"Keep as planning row only until GSC, owner approval, and redirect plan are complete",NO_CMS_EDIT; NO_PUBLIC_UPLOAD; NO_REDIRECT; NO_CANONICAL_NOINDEX; NO_SITEMAP_CHANGE; NO_TAXONOMY_CHANGE,PUBLIC_REST_URL_MAP_V1;NO_URL_CHANGE_EXECUTED
MEDD-186,URL_MIGRATION_MAP,11558,medical-malpractice,P1,http://jus-tice.co.il/surgical-errors-medical-malpractice/,surgical-errors-medical-malpractice,https://jus-tice.co.il/surgical-errors-medical-malpractice/,מתי טעות כירורגית הופכת לרשלנות רפואית?,KEEP_CURRENT_CLEAN_SLUG,MEDICAL_SIGNAL_CONFIRMED,UNKNOWN,UNKNOWN,UNKNOWN,,NEEDS_SOURCE_AUDIT_BEFORE_CONTENT_REWRITE,YES_AFTER_APPROVAL,redirect=YES_AFTER_APPROVAL; canonical=YES_AFTER_APPROVAL; sitemap=YES_AFTER_APPROVAL,"Keep as planning row only until GSC, owner approval, and redirect plan are complete",NO_CMS_EDIT; NO_PUBLIC_UPLOAD; NO_REDIRECT; NO_CANONICAL_NOINDEX; NO_SITEMAP_CHANGE; NO_TAXONOMY_CHANGE,PUBLIC_REST_URL_MAP_V1;NO_URL_CHANGE_EXECUTED
MEDD-187,URL_MIGRATION_MAP,11553,medical-malpractice,P1,http://jus-tice.co.il/personal-injury/medical-malpractice/surgery/,surgery,https://jus-tice.co.il/surgery/,תביעת רשלנות רפואית בניתוח | עורך דין רשלנות רפואית בניתוח,KEEP_CURRENT_CLEAN_SLUG,MEDICAL_SIGNAL_CONFIRMED,UNKNOWN,UNKNOWN,UNKNOWN,,NEEDS_SOURCE_AUDIT_BEFORE_CONTENT_REWRITE,YES_AFTER_APPROVAL,redirect=YES_AFTER_APPROVAL; canonical=YES_AFTER_APPROVAL; sitemap=YES_AFTER_APPROVAL,"Keep as planning row only until GSC, owner approval, and redirect plan are complete",NO_CMS_EDIT; NO_PUBLIC_UPLOAD; NO_REDIRECT; NO_CANONICAL_NOINDEX; NO_SITEMAP_CHANGE; NO_TAXONOMY_CHANGE,PUBLIC_REST_URL_MAP_V1;NO_URL_CHANGE_EXECUTED
MEDD-188,URL_MIGRATION_MAP,11525,medical-malpractice,P1,http://jus-tice.co.il/cerebral-palsy-rights/,cerebral-palsy-rights,https://jus-tice.co.il/cerebral-palsy-rights/,זכויות שיתוק מוחין (CP),KEEP_CURRENT_CLEAN_SLUG,MEDICAL_SIGNAL_CONFIRMED,UNKNOWN,UNKNOWN,UNKNOWN,,NEEDS_SOURCE_AUDIT_BEFORE_CONTENT_REWRITE,YES_AFTER_APPROVAL,redirect=YES_AFTER_APPROVAL; canonical=YES_AFTER_APPROVAL; sitemap=YES_AFTER_APPROVAL,"Keep as planning row only until GSC, owner approval, and redirect plan are complete",NO_CMS_EDIT; NO_PUBLIC_UPLOAD; NO_REDIRECT; NO_CANONICAL_NOINDEX; NO_SITEMAP_CHANGE; NO_TAXONOMY_CHANGE,PUBLIC_REST_URL_MAP_V1;NO_URL_CHANGE_EXECUTED
MEDD-189,URL_MIGRATION_MAP,11510,medical-malpractice,P1,http://jus-tice.co.il/birth-injury-causes/,birth-injury-causes,https://jus-tice.co.il/birth-injury-causes/,הסברים על גורמי פגיעות לידה,KEEP_CURRENT_CLEAN_SLUG,MEDICAL_SIGNAL_CONFIRMED,UNKNOWN,UNKNOWN,UNKNOWN,,NEEDS_SOURCE_AUDIT_BEFORE_CONTENT_REWRITE,YES_AFTER_APPROVAL,redirect=YES_AFTER_APPROVAL; canonical=YES_AFTER_APPROVAL; sitemap=YES_AFTER_APPROVAL,"Keep as planning row only until GSC, owner approval, and redirect plan are complete",NO_CMS_EDIT; NO_PUBLIC_UPLOAD; NO_REDIRECT; NO_CANONICAL_NOINDEX; NO_SITEMAP_CHANGE; NO_TAXONOMY_CHANGE,PUBLIC_REST_URL_MAP_V1;NO_URL_CHANGE_EXECUTED
MEDD-190,URL_MIGRATION_MAP,11506,medical-malpractice,P1,http://jus-tice.co.il/brain-damage-at-birth/,brain-damage-at-birth,https://jus-tice.co.il/brain-damage-at-birth/,נזק מוחי בלידה | תביעת נזק בעקבות רשלנות רפואית בלידה או בהריון,KEEP_CURRENT_CLEAN_SLUG,MEDICAL_SIGNAL_CONFIRMED,UNKNOWN,UNKNOWN,UNKNOWN,,NEEDS_SOURCE_AUDIT_BEFORE_CONTENT_REWRITE,YES_AFTER_APPROVAL,redirect=YES_AFTER_APPROVAL; canonical=YES_AFTER_APPROVAL; sitemap=YES_AFTER_APPROVAL,"Keep as planning row only until GSC, owner approval, and redirect plan are complete",NO_CMS_EDIT; NO_PUBLIC_UPLOAD; NO_REDIRECT; NO_CANONICAL_NOINDEX; NO_SITEMAP_CHANGE; NO_TAXONOMY_CHANGE,PUBLIC_REST_URL_MAP_V1;NO_URL_CHANGE_EXECUTED
MEDD-191,URL_MIGRATION_MAP,11497,medical-malpractice,P1,http://jus-tice.co.il/birth-injury/,birth-injury,https://jus-tice.co.il/birth-injury/,פגיעות לידה | מהי פגיעה בלידה? | לידה רשלנית,KEEP_CURRENT_CLEAN_SLUG,MEDICAL_SIGNAL_CONFIRMED,UNKNOWN,UNKNOWN,UNKNOWN,,NEEDS_SOURCE_AUDIT_BEFORE_CONTENT_REWRITE,YES_AFTER_APPROVAL,redirect=YES_AFTER_APPROVAL; canonical=YES_AFTER_APPROVAL; sitemap=YES_AFTER_APPROVAL,"Keep as planning row only until GSC, owner approval, and redirect plan are complete",NO_CMS_EDIT; NO_PUBLIC_UPLOAD; NO_REDIRECT; NO_CANONICAL_NOINDEX; NO_SITEMAP_CHANGE; NO_TAXONOMY_CHANGE,PUBLIC_REST_URL_MAP_V1;NO_URL_CHANGE_EXECUTED
MEDD-192,URL_MIGRATION_MAP,11491,medical-malpractice,P1,http://jus-tice.co.il/birth-injury-lawyer/,birth-injury-lawyer,https://jus-tice.co.il/birth-injury-lawyer/,עורך דין לפגיעות לידה | רשלנות רפואית,KEEP_CURRENT_CLEAN_SLUG,MEDICAL_SIGNAL_CONFIRMED,UNKNOWN,UNKNOWN,UNKNOWN,,NEEDS_SOURCE_AUDIT_BEFORE_CONTENT_REWRITE,YES_AFTER_APPROVAL,redirect=YES_AFTER_APPROVAL; canonical=YES_AFTER_APPROVAL; sitemap=YES_AFTER_APPROVAL,"Keep as planning row only until GSC, owner approval, and redirect plan are complete",NO_CMS_EDIT; NO_PUBLIC_UPLOAD; NO_REDIRECT; NO_CANONICAL_NOINDEX; NO_SITEMAP_CHANGE; NO_TAXONOMY_CHANGE,PUBLIC_REST_URL_MAP_V1;NO_URL_CHANGE_EXECUTED
MEDD-193,URL_MIGRATION_MAP,11489,medical-malpractice,P1,http://jus-tice.co.il/malpractice-cerebral-palsy/,malpractice-cerebral-palsy,https://jus-tice.co.il/malpractice-cerebral-palsy/,רשלנות רפואית בנוגע לשיתוק מוחין,KEEP_CURRENT_CLEAN_SLUG,MEDICAL_SIGNAL_CONFIRMED,UNKNOWN,UNKNOWN,UNKNOWN,,NEEDS_SOURCE_AUDIT_BEFORE_CONTENT_REWRITE,YES_AFTER_APPROVAL,redirect=YES_AFTER_APPROVAL; canonical=YES_AFTER_APPROVAL; sitemap=YES_AFTER_APPROVAL,"Keep as planning row only until GSC, owner approval, and redirect plan are complete",NO_CMS_EDIT; NO_PUBLIC_UPLOAD; NO_REDIRECT; NO_CANONICAL_NOINDEX; NO_SITEMAP_CHANGE; NO_TAXONOMY_CHANGE,PUBLIC_REST_URL_MAP_V1;NO_URL_CHANGE_EXECUTED
MEDD-194,URL_MIGRATION_MAP,11482,medical-malpractice,P1,http://jus-tice.co.il/cerebral-palsy/,cerebral-palsy,https://jus-tice.co.il/cerebral-palsy/,שיתוק מוחין בלידה | שיתוק מוחי | (Cerebral Palsy (CP,KEEP_CURRENT_CLEAN_SLUG,MEDICAL_SIGNAL_CONFIRMED,UNKNOWN,UNKNOWN,UNKNOWN,,NEEDS_SOURCE_AUDIT_BEFORE_CONTENT_REWRITE,YES_AFTER_APPROVAL,redirect=YES_AFTER_APPROVAL; canonical=YES_AFTER_APPROVAL; sitemap=YES_AFTER_APPROVAL,"Keep as planning row only until GSC, owner approval, and redirect plan are complete",NO_CMS_EDIT; NO_PUBLIC_UPLOAD; NO_REDIRECT; NO_CANONICAL_NOINDEX; NO_SITEMAP_CHANGE; NO_TAXONOMY_CHANGE,PUBLIC_REST_URL_MAP_V1;NO_URL_CHANGE_EXECUTED
MEDD-195,URL_MIGRATION_MAP,10798,medical-malpractice,P1,http://jus-tice.co.il/healthcare_in_portugal/,healthcare_in_portugal,,שרותי בריאות בפורטוגל | רפואה בפורטוגל,NEEDS_EDITORIAL_SLUG_MAPPING,MEDICAL_SIGNAL_CONFIRMED,UNKNOWN,UNKNOWN,UNKNOWN,,NEEDS_SOURCE_AUDIT_BEFORE_CONTENT_REWRITE,YES_AFTER_APPROVAL,redirect=YES_AFTER_APPROVAL; canonical=YES_AFTER_APPROVAL; sitemap=YES_AFTER_APPROVAL,"Keep as planning row only until GSC, owner approval, and redirect plan are complete",NO_CMS_EDIT; NO_PUBLIC_UPLOAD; NO_REDIRECT; NO_CANONICAL_NOINDEX; NO_SITEMAP_CHANGE; NO_TAXONOMY_CHANGE,PUBLIC_REST_URL_MAP_V1;NO_URL_CHANGE_EXECUTED
MEDD-196,URL_MIGRATION_MAP,10566,medical-malpractice,P1,http://jus-tice.co.il/decision55016-06-17a/,decision55016-06-17a,https://jus-tice.co.il/decision55016-06-17a/,השופטת אורית ליפשיץ: פס”ד בתביעת רשלנות רפואית בטיפול שיניים שהוענק לתובעת (ת”א 55016-06-17),KEEP_CURRENT_CLEAN_SLUG,MEDICAL_SIGNAL_CONFIRMED,UNKNOWN,UNKNOWN,UNKNOWN,,NEEDS_SOURCE_AUDIT_BEFORE_CONTENT_REWRITE,YES_AFTER_APPROVAL,redirect=YES_AFTER_APPROVAL; canonical=YES_AFTER_APPROVAL; sitemap=YES_AFTER_APPROVAL,"Keep as planning row only until GSC, owner approval, and redirect plan are complete",NO_CMS_EDIT; NO_PUBLIC_UPLOAD; NO_REDIRECT; NO_CANONICAL_NOINDEX; NO_SITEMAP_CHANGE; NO_TAXONOMY_CHANGE,PUBLIC_REST_URL_MAP_V1;NO_URL_CHANGE_EXECUTED
MEDD-197,URL_MIGRATION_MAP,10008,medical-malpractice,P1,http://jus-tice.co.il/%D7%AA%D7%A2%D7%95%D7%93%D7%AA-%D7%A8%D7%95%D7%A4%D7%90-%D7%90%D7%99%D7%A9%D7%95%D7%A8-%D7%A0%D7%95%D7%98%D7%A8%D7%99%D7%95%D7%A0%D7%99/,תעודת-רופא-אישור-נוטריוני,,תעודת רופא | אישור נוטריוני,NEEDS_EDITORIAL_SLUG_MAPPING,MEDICAL_SIGNAL_CONFIRMED,UNKNOWN,UNKNOWN,UNKNOWN,,NEEDS_SOURCE_AUDIT_BEFORE_CONTENT_REWRITE,YES_AFTER_APPROVAL,redirect=YES_AFTER_APPROVAL; canonical=YES_AFTER_APPROVAL; sitemap=YES_AFTER_APPROVAL,"Keep as planning row only until GSC, owner approval, and redirect plan are complete",NO_CMS_EDIT; NO_PUBLIC_UPLOAD; NO_REDIRECT; NO_CANONICAL_NOINDEX; NO_SITEMAP_CHANGE; NO_TAXONOMY_CHANGE,PUBLIC_REST_URL_MAP_V1;NO_URL_CHANGE_EXECUTED
MEDD-198,URL_MIGRATION_MAP,10005,medical-malpractice,P0,http://jus-tice.co.il/%D7%94%D7%AA%D7%99%D7%99%D7%A9%D7%A0%D7%95%D7%AA-%D7%A8%D7%A9%D7%9C%D7%A0%D7%95%D7%AA-%D7%A8%D7%A4%D7%95%D7%90%D7%99%D7%AA-%D7%AA%D7%90-4392-03-23/,התיישנות-רשלנות-רפואית-תא-4392-03-23,https://jus-tice.co.il/medical-malpractice-lawyer/,השופטת אירית קלמן ברום: החלטה בתביעה בגין התיישנות רשלנות רפואית (ת”א 4392-03-23),TARGET_SLUG_CONFLICT_NEEDS_REVIEW,MEDICAL_SIGNAL_CONFIRMED,UNKNOWN,UNKNOWN,UNKNOWN,,NEEDS_SOURCE_AUDIT_BEFORE_CONTENT_REWRITE,YES_AFTER_APPROVAL,redirect=YES_AFTER_APPROVAL; canonical=YES_AFTER_APPROVAL; sitemap=YES_AFTER_APPROVAL,"Keep as planning row only until GSC, owner approval, and redirect plan are complete",NO_CMS_EDIT; NO_PUBLIC_UPLOAD; NO_REDIRECT; NO_CANONICAL_NOINDEX; NO_SITEMAP_CHANGE; NO_TAXONOMY_CHANGE,PUBLIC_REST_URL_MAP_V1;NO_URL_CHANGE_EXECUTED;duplicate_target_slug
MEDD-199,URL_MIGRATION_MAP,9648,medical-malpractice,P1,http://jus-tice.co.il/what-is-medical-malpractice-definition-examples/,what-is-medical-malpractice-definition-examples,https://jus-tice.co.il/what-is-medical-malpractice-definition-examples/,מהי רשלנות רפואית? הגדרה ודוגמאות,KEEP_CURRENT_CLEAN_SLUG,MEDICAL_SIGNAL_CONFIRMED,UNKNOWN,UNKNOWN,UNKNOWN,,NEEDS_SOURCE_AUDIT_BEFORE_CONTENT_REWRITE,YES_AFTER_APPROVAL,redirect=YES_AFTER_APPROVAL; canonical=YES_AFTER_APPROVAL; sitemap=YES_AFTER_APPROVAL,"Keep as planning row only until GSC, owner approval, and redirect plan are complete",NO_CMS_EDIT; NO_PUBLIC_UPLOAD; NO_REDIRECT; NO_CANONICAL_NOINDEX; NO_SITEMAP_CHANGE; NO_TAXONOMY_CHANGE,PUBLIC_REST_URL_MAP_V1;NO_URL_CHANGE_EXECUTED
MEDD-200,URL_MIGRATION_MAP,9644,medical-malpractice,P1,http://jus-tice.co.il/medical-malpractice-in-the-united-states/,medical-malpractice-in-the-united-states,https://jus-tice.co.il/medical-malpractice-in-the-united-states/,עו”ד רשלנות רפואית בארצות הברית,KEEP_CURRENT_CLEAN_SLUG,MEDICAL_SIGNAL_CONFIRMED,UNKNOWN,UNKNOWN,UNKNOWN,,NEEDS_SOURCE_AUDIT_BEFORE_CONTENT_REWRITE,YES_AFTER_APPROVAL,redirect=YES_AFTER_APPROVAL; canonical=YES_AFTER_APPROVAL; sitemap=YES_AFTER_APPROVAL,"Keep as planning row only until GSC, owner approval, and redirect plan are complete",NO_CMS_EDIT; NO_PUBLIC_UPLOAD; NO_REDIRECT; NO_CANONICAL_NOINDEX; NO_SITEMAP_CHANGE; NO_TAXONOMY_CHANGE,PUBLIC_REST_URL_MAP_V1;NO_URL_CHANGE_EXECUTED
MEDD-201,URL_MIGRATION_MAP,9630,medical-malpractice,P1,http://jus-tice.co.il/criminal-negligence/,criminal-negligence,https://jus-tice.co.il/criminal-negligence/,רשלנות פלילית | עורך דין פלילי,KEEP_CURRENT_CLEAN_SLUG,MEDICAL_SIGNAL_CONFIRMED,UNKNOWN,UNKNOWN,UNKNOWN,,NEEDS_SOURCE_AUDIT_BEFORE_CONTENT_REWRITE,YES_AFTER_APPROVAL,redirect=YES_AFTER_APPROVAL; canonical=YES_AFTER_APPROVAL; sitemap=YES_AFTER_APPROVAL,"Keep as planning row only until GSC, owner approval, and redirect plan are complete",NO_CMS_EDIT; NO_PUBLIC_UPLOAD; NO_REDIRECT; NO_CANONICAL_NOINDEX; NO_SITEMAP_CHANGE; NO_TAXONOMY_CHANGE,PUBLIC_REST_URL_MAP_V1;NO_URL_CHANGE_EXECUTED
MEDD-202,URL_MIGRATION_MAP,8744,medical-malpractice,P1,http://jus-tice.co.il/%D7%A4%D7%A1%D7%93-%D7%91%D7%A2%D7%A0%D7%99%D7%99%D7%9F-%D7%AA%D7%91%D7%99%D7%A2%D7%AA-%D7%A4%D7%99%D7%A6%D7%95%D7%99%D7%99%D7%9D-%D7%9B%D7%A0%D7%92%D7%93-%D7%A8%D7%95%D7%A4%D7%90-%D7%A9%D7%99%D7%A0%D7%99%D7%99%D7%9D-%D7%AA%D7%90-9109-12-19/,פסד-בעניין-תביעת-פיצויים-כנגד-רופא-שיניים-תא-9109-12-19,,פס”ד בעניין תביעת פיצויים כנגד רופא שיניים (ת”א 9109-12-19),NEEDS_EDITORIAL_SLUG_MAPPING,MEDICAL_SIGNAL_CONFIRMED,UNKNOWN,UNKNOWN,UNKNOWN,,NEEDS_SOURCE_AUDIT_BEFORE_CONTENT_REWRITE,YES_AFTER_APPROVAL,redirect=YES_AFTER_APPROVAL; canonical=YES_AFTER_APPROVAL; sitemap=YES_AFTER_APPROVAL,"Keep as planning row only until GSC, owner approval, and redirect plan are complete",NO_CMS_EDIT; NO_PUBLIC_UPLOAD; NO_REDIRECT; NO_CANONICAL_NOINDEX; NO_SITEMAP_CHANGE; NO_TAXONOMY_CHANGE,PUBLIC_REST_URL_MAP_V1;NO_URL_CHANGE_EXECUTED
MEDD-203,URL_MIGRATION_MAP,8565,medical-malpractice,P0,http://jus-tice.co.il/%D7%A8%D7%A9%D7%9C%D7%A0%D7%95%D7%AA-%D7%A8%D7%A4%D7%95%D7%90%D7%99%D7%AA-%D7%91%D7%A0%D7%99%D7%AA%D7%95%D7%97/,רשלנות-רפואית-בניתוח,https://jus-tice.co.il/medical-malpractice-lawyer/,רשלנות רפואית בניתוח,TARGET_SLUG_CONFLICT_NEEDS_REVIEW,MEDICAL_SIGNAL_CONFIRMED,UNKNOWN,UNKNOWN,UNKNOWN,,NEEDS_SOURCE_AUDIT_BEFORE_CONTENT_REWRITE,YES_AFTER_APPROVAL,redirect=YES_AFTER_APPROVAL; canonical=YES_AFTER_APPROVAL; sitemap=YES_AFTER_APPROVAL,"Keep as planning row only until GSC, owner approval, and redirect plan are complete",NO_CMS_EDIT; NO_PUBLIC_UPLOAD; NO_REDIRECT; NO_CANONICAL_NOINDEX; NO_SITEMAP_CHANGE; NO_TAXONOMY_CHANGE,PUBLIC_REST_URL_MAP_V1;NO_URL_CHANGE_EXECUTED;duplicate_target_slug
MEDD-204,URL_MIGRATION_MAP,8500,medical-malpractice,P0,http://jus-tice.co.il/20-%D7%98%D7%99%D7%A4%D7%99%D7%9D-%D7%9C%D7%AA%D7%91%D7%99%D7%A2%D7%AA-%D7%A8%D7%A9%D7%9C%D7%A0%D7%95%D7%AA-%D7%A8%D7%A4%D7%95%D7%90%D7%99%D7%AA/,20-טיפים-לתביעת-רשלנות-רפואית,https://jus-tice.co.il/medical-malpractice-lawyer/,20 טיפים לתביעת רשלנות רפואית,TARGET_SLUG_CONFLICT_NEEDS_REVIEW,MEDICAL_SIGNAL_CONFIRMED,UNKNOWN,UNKNOWN,UNKNOWN,,NEEDS_SOURCE_AUDIT_BEFORE_CONTENT_REWRITE,YES_AFTER_APPROVAL,redirect=YES_AFTER_APPROVAL; canonical=YES_AFTER_APPROVAL; sitemap=YES_AFTER_APPROVAL,"Keep as planning row only until GSC, owner approval, and redirect plan are complete",NO_CMS_EDIT; NO_PUBLIC_UPLOAD; NO_REDIRECT; NO_CANONICAL_NOINDEX; NO_SITEMAP_CHANGE; NO_TAXONOMY_CHANGE,PUBLIC_REST_URL_MAP_V1;NO_URL_CHANGE_EXECUTED;duplicate_target_slug
MEDD-205,URL_MIGRATION_MAP,8498,medical-malpractice,P0,http://jus-tice.co.il/psakdin/20-%D7%98%D7%99%D7%A4%D7%99%D7%9D-%D7%9C%D7%9E%D7%A0%D7%99%D7%A2%D7%AA-%D7%A8%D7%A9%D7%9C%D7%A0%D7%95%D7%AA-%D7%A8%D7%A4%D7%95%D7%90%D7%99%D7%AA/,20-טיפים-למניעת-רשלנות-רפואית,https://jus-tice.co.il/medical-malpractice-lawyer/,20 טיפים למניעת רשלנות רפואית,TARGET_SLUG_CONFLICT_NEEDS_REVIEW,MEDICAL_SIGNAL_CONFIRMED,UNKNOWN,UNKNOWN,UNKNOWN,,NEEDS_SOURCE_AUDIT_BEFORE_CONTENT_REWRITE,YES_AFTER_APPROVAL,redirect=YES_AFTER_APPROVAL; canonical=YES_AFTER_APPROVAL; sitemap=YES_AFTER_APPROVAL,"Keep as planning row only until GSC, owner approval, and redirect plan are complete",NO_CMS_EDIT; NO_PUBLIC_UPLOAD; NO_REDIRECT; NO_CANONICAL_NOINDEX; NO_SITEMAP_CHANGE; NO_TAXONOMY_CHANGE,PUBLIC_REST_URL_MAP_V1;NO_URL_CHANGE_EXECUTED;duplicate_target_slug
MEDD-206,URL_MIGRATION_MAP,8456,medical-malpractice,P0,http://jus-tice.co.il/%D7%AA%D7%90-79092-12-20-%D7%A8%D7%A9%D7%9C%D7%A0%D7%95%D7%AA-%D7%A8%D7%A4%D7%95%D7%90%D7%99%D7%AA/,תא-79092-12-20-רשלנות-רפואית,https://jus-tice.co.il/medical-malpractice-lawyer/,פס”ד דחיית תביעה להטבת נזקי גוף שיסודה בטענה לרשלנות רפואית (ת”א 79092-12-20),TARGET_SLUG_CONFLICT_NEEDS_REVIEW,MEDICAL_SIGNAL_CONFIRMED,UNKNOWN,UNKNOWN,UNKNOWN,,NEEDS_SOURCE_AUDIT_BEFORE_CONTENT_REWRITE,YES_AFTER_APPROVAL,redirect=YES_AFTER_APPROVAL; canonical=YES_AFTER_APPROVAL; sitemap=YES_AFTER_APPROVAL,"Keep as planning row only until GSC, owner approval, and redirect plan are complete",NO_CMS_EDIT; NO_PUBLIC_UPLOAD; NO_REDIRECT; NO_CANONICAL_NOINDEX; NO_SITEMAP_CHANGE; NO_TAXONOMY_CHANGE,PUBLIC_REST_URL_MAP_V1;NO_URL_CHANGE_EXECUTED;duplicate_target_slug
MEDD-207,URL_MIGRATION_MAP,8451,medical-malpractice,P1,http://jus-tice.co.il/%D7%9E%D7%93%D7%99%D7%A0%D7%AA-%D7%99%D7%A9%D7%A8%D7%90%D7%9C-%D7%A0-%D7%A7%D7%A8%D7%A4%D7%9C/,מדינת-ישראל-נ-קרפל,,רופא מרדים שנאשם בעבירה של ניסיון לרצח (תפ”ח 60221-07-21),NEEDS_EDITORIAL_SLUG_MAPPING,MEDICAL_SIGNAL_CONFIRMED,UNKNOWN,UNKNOWN,UNKNOWN,,NEEDS_SOURCE_AUDIT_BEFORE_CONTENT_REWRITE,YES_AFTER_APPROVAL,redirect=YES_AFTER_APPROVAL; canonical=YES_AFTER_APPROVAL; sitemap=YES_AFTER_APPROVAL,"Keep as planning row only until GSC, owner approval, and redirect plan are complete",NO_CMS_EDIT; NO_PUBLIC_UPLOAD; NO_REDIRECT; NO_CANONICAL_NOINDEX; NO_SITEMAP_CHANGE; NO_TAXONOMY_CHANGE,PUBLIC_REST_URL_MAP_V1;NO_URL_CHANGE_EXECUTED
MEDD-208,URL_MIGRATION_MAP,8402,medical-malpractice,P0,http://jus-tice.co.il/%D7%9E%D7%A1%D7%9E%D7%9B%D7%99%D7%9D-%D7%97%D7%A9%D7%95%D7%91%D7%99%D7%9D-%D7%9C%D7%AA%D7%91%D7%99%D7%A2%D7%AA-%D7%A8%D7%A9%D7%9C%D7%A0%D7%95%D7%AA-%D7%A8%D7%A4%D7%95%D7%90%D7%99%D7%AA/,מסמכים-חשובים-לתביעת-רשלנות-רפואית,https://jus-tice.co.il/medical-malpractice-lawyer/,מסמכים חשובים לתביעת רשלנות רפואית,TARGET_SLUG_CONFLICT_NEEDS_REVIEW,MEDICAL_SIGNAL_CONFIRMED,UNKNOWN,UNKNOWN,UNKNOWN,,NEEDS_SOURCE_AUDIT_BEFORE_CONTENT_REWRITE,YES_AFTER_APPROVAL,redirect=YES_AFTER_APPROVAL; canonical=YES_AFTER_APPROVAL; sitemap=YES_AFTER_APPROVAL,"Keep as planning row only until GSC, owner approval, and redirect plan are complete",NO_CMS_EDIT; NO_PUBLIC_UPLOAD; NO_REDIRECT; NO_CANONICAL_NOINDEX; NO_SITEMAP_CHANGE; NO_TAXONOMY_CHANGE,PUBLIC_REST_URL_MAP_V1;NO_URL_CHANGE_EXECUTED;duplicate_target_slug
MEDD-209,URL_MIGRATION_MAP,8400,medical-malpractice,P0,http://jus-tice.co.il/%D7%A8%D7%A9%D7%9C%D7%A0%D7%95%D7%AA-%D7%A8%D7%A4%D7%95%D7%90%D7%99%D7%AA-%D7%91%D7%9E%D7%94%D7%9C%D7%9A-%D7%94%D7%A8%D7%99%D7%95%D7%9F-%D7%95%D7%9C%D7%99%D7%93%D7%94-%D7%A8%D7%A9%D7%99%D7%9E%D7%AA-%D7%93%D7%91%D7%A8%D7%99%D7%9D-%D7%A9%D7%9B%D7%93%D7%90%D7%99-%D7%9C%D7%93%D7%A2%D7%AA/,רשלנות-רפואית-במהלך-הריון-ולידה-רשימת-דברים-שכדאי-לדעת,https://jus-tice.co.il/medical-malpractice-lawyer/,רשלנות רפואית במהלך הריון ולידה רשימת דברים שכדאי לדעת,TARGET_SLUG_CONFLICT_NEEDS_REVIEW,MEDICAL_SIGNAL_CONFIRMED,UNKNOWN,UNKNOWN,UNKNOWN,,NEEDS_SOURCE_AUDIT_BEFORE_CONTENT_REWRITE,YES_AFTER_APPROVAL,redirect=YES_AFTER_APPROVAL; canonical=YES_AFTER_APPROVAL; sitemap=YES_AFTER_APPROVAL,"Keep as planning row only until GSC, owner approval, and redirect plan are complete",NO_CMS_EDIT; NO_PUBLIC_UPLOAD; NO_REDIRECT; NO_CANONICAL_NOINDEX; NO_SITEMAP_CHANGE; NO_TAXONOMY_CHANGE,PUBLIC_REST_URL_MAP_V1;NO_URL_CHANGE_EXECUTED;duplicate_target_slug
MEDD-210,URL_MIGRATION_MAP,8396,medical-malpractice,P0,http://jus-tice.co.il/%D7%98%D7%99%D7%A4%D7%99%D7%9D-%D7%9B%D7%99%D7%A6%D7%93-%D7%9C%D7%9E%D7%A7%D7%A1%D7%9D-%D7%90%D7%AA-%D7%94%D7%A4%D7%99%D7%A6%D7%95%D7%99%D7%99%D7%9D-%D7%91%D7%AA%D7%91%D7%99%D7%A2%D7%AA-%D7%A8%D7%A9%D7%9C%D7%A0%D7%95%D7%AA-%D7%A8%D7%A4%D7%95%D7%90%D7%99%D7%AA/,טיפים-כיצד-למקסם-את-הפיצויים-בתביעת-רשלנות-רפואית,https://jus-tice.co.il/medical-malpractice-lawyer/,טיפים כיצד למקסם את הפיצויים בתביעת רשלנות רפואית,TARGET_SLUG_CONFLICT_NEEDS_REVIEW,MEDICAL_SIGNAL_CONFIRMED,UNKNOWN,UNKNOWN,UNKNOWN,,NEEDS_SOURCE_AUDIT_BEFORE_CONTENT_REWRITE,YES_AFTER_APPROVAL,redirect=YES_AFTER_APPROVAL; canonical=YES_AFTER_APPROVAL; sitemap=YES_AFTER_APPROVAL,"Keep as planning row only until GSC, owner approval, and redirect plan are complete",NO_CMS_EDIT; NO_PUBLIC_UPLOAD; NO_REDIRECT; NO_CANONICAL_NOINDEX; NO_SITEMAP_CHANGE; NO_TAXONOMY_CHANGE,PUBLIC_REST_URL_MAP_V1;NO_URL_CHANGE_EXECUTED;duplicate_target_slug
MEDD-211,URL_MIGRATION_MAP,8367,medical-malpractice,P0,http://jus-tice.co.il/%D7%A8%D7%A9%D7%9C%D7%A0%D7%95%D7%AA-%D7%A8%D7%A4%D7%95%D7%90%D7%99%D7%AA-%D7%91%D7%94%D7%99%D7%AA-%D7%97%D7%95%D7%9C%D7%99%D7%9D/,רשלנות-רפואית-בהית-חולים,https://jus-tice.co.il/medical-malpractice-lawyer/,רשלנות רפואית בבית חולים,TARGET_SLUG_CONFLICT_NEEDS_REVIEW,MEDICAL_SIGNAL_CONFIRMED,UNKNOWN,UNKNOWN,UNKNOWN,,NEEDS_SOURCE_AUDIT_BEFORE_CONTENT_REWRITE,YES_AFTER_APPROVAL,redirect=YES_AFTER_APPROVAL; canonical=YES_AFTER_APPROVAL; sitemap=YES_AFTER_APPROVAL,"Keep as planning row only until GSC, owner approval, and redirect plan are complete",NO_CMS_EDIT; NO_PUBLIC_UPLOAD; NO_REDIRECT; NO_CANONICAL_NOINDEX; NO_SITEMAP_CHANGE; NO_TAXONOMY_CHANGE,PUBLIC_REST_URL_MAP_V1;NO_URL_CHANGE_EXECUTED;duplicate_target_slug
MEDD-212,URL_MIGRATION_MAP,8349,medical-malpractice,P0,http://jus-tice.co.il/%D7%97%D7%95%D7%A7-%D7%A8%D7%A9%D7%9C%D7%A0%D7%95%D7%AA-%D7%A8%D7%A4%D7%95%D7%90%D7%99%D7%AA/,חוק-רשלנות-רפואית,https://jus-tice.co.il/medical-malpractice-lawyer/,חוק רשלנות רפואית,TARGET_SLUG_CONFLICT_NEEDS_REVIEW,MEDICAL_SIGNAL_CONFIRMED,UNKNOWN,UNKNOWN,UNKNOWN,,NEEDS_SOURCE_AUDIT_BEFORE_CONTENT_REWRITE,YES_AFTER_APPROVAL,redirect=YES_AFTER_APPROVAL; canonical=YES_AFTER_APPROVAL; sitemap=YES_AFTER_APPROVAL,"Keep as planning row only until GSC, owner approval, and redirect plan are complete",NO_CMS_EDIT; NO_PUBLIC_UPLOAD; NO_REDIRECT; NO_CANONICAL_NOINDEX; NO_SITEMAP_CHANGE; NO_TAXONOMY_CHANGE,PUBLIC_REST_URL_MAP_V1;NO_URL_CHANGE_EXECUTED;duplicate_target_slug
MEDD-213,URL_MIGRATION_MAP,8346,medical-malpractice,P0,http://jus-tice.co.il/%D7%9E%D7%A7%D7%A8%D7%99-%D7%A8%D7%A9%D7%9C%D7%A0%D7%95%D7%AA-%D7%A8%D7%A4%D7%95%D7%90%D7%99%D7%AA-%D7%91%D7%99%D7%A9%D7%A8%D7%90%D7%9C-%D7%93%D7%95%D7%92%D7%9E%D7%90%D7%95%D7%AA-%D7%9C%D7%A8%D7%A9%D7%9C%D7%A0%D7%95%D7%AA-%D7%A8%D7%A4%D7%95%D7%90%D7%99%D7%AA/,מקרי-רשלנות-רפואית-בישראל-דוגמאות-לרשלנות-רפואית,https://jus-tice.co.il/medical-malpractice-lawyer/,מקרי רשלנות רפואית בישראל | דוגמאות לרשלנות רפואית,TARGET_SLUG_CONFLICT_NEEDS_REVIEW,MEDICAL_SIGNAL_CONFIRMED,UNKNOWN,UNKNOWN,UNKNOWN,,NEEDS_SOURCE_AUDIT_BEFORE_CONTENT_REWRITE,YES_AFTER_APPROVAL,redirect=YES_AFTER_APPROVAL; canonical=YES_AFTER_APPROVAL; sitemap=YES_AFTER_APPROVAL,"Keep as planning row only until GSC, owner approval, and redirect plan are complete",NO_CMS_EDIT; NO_PUBLIC_UPLOAD; NO_REDIRECT; NO_CANONICAL_NOINDEX; NO_SITEMAP_CHANGE; NO_TAXONOMY_CHANGE,PUBLIC_REST_URL_MAP_V1;NO_URL_CHANGE_EXECUTED;duplicate_target_slug
MEDD-214,URL_MIGRATION_MAP,8321,medical-malpractice,P0,http://jus-tice.co.il/%D7%9E%D7%94-%D7%9C%D7%A2%D7%A9%D7%95%D7%AA-%D7%93%D7%91%D7%A8-%D7%A8%D7%90%D7%A9%D7%95%D7%9F-%D7%90%D7%9D-%D7%A0%D7%A4%D7%92%D7%A2%D7%AA-%D7%9E%D7%A8%D7%A9%D7%9C%D7%A0%D7%95%D7%AA-%D7%A8%D7%A4%D7%95%D7%90%D7%99%D7%AA/,מה-לעשות-דבר-ראשון-אם-נפגעת-מרשלנות-רפואית,https://jus-tice.co.il/medical-malpractice-lawyer/,מה לעשות דבר ראשון אם נפגעת מרשלנות רפואית,TARGET_SLUG_CONFLICT_NEEDS_REVIEW,MEDICAL_SIGNAL_CONFIRMED,UNKNOWN,UNKNOWN,UNKNOWN,,NEEDS_SOURCE_AUDIT_BEFORE_CONTENT_REWRITE,YES_AFTER_APPROVAL,redirect=YES_AFTER_APPROVAL; canonical=YES_AFTER_APPROVAL; sitemap=YES_AFTER_APPROVAL,"Keep as planning row only until GSC, owner approval, and redirect plan are complete",NO_CMS_EDIT; NO_PUBLIC_UPLOAD; NO_REDIRECT; NO_CANONICAL_NOINDEX; NO_SITEMAP_CHANGE; NO_TAXONOMY_CHANGE,PUBLIC_REST_URL_MAP_V1;NO_URL_CHANGE_EXECUTED;duplicate_target_slug
MEDD-215,URL_MIGRATION_MAP,8318,medical-malpractice,P1,http://jus-tice.co.il/%D7%9E%D7%94%D7%95-%D7%A8%D7%95%D7%A4%D7%90-%D7%9E%D7%94-%D7%AA%D7%A4%D7%A7%D7%99%D7%93%D7%95-%D7%95%D7%97%D7%95%D7%91%D7%95%D7%AA%D7%99%D7%95-%D7%94%D7%9E%D7%A7%D7%A6%D7%95%D7%A2%D7%99%D7%95%D7%AA/,מהו-רופא-מה-תפקידו-וחובותיו-המקצועיות,,מהו רופא מה תפקידו וחובותיו המקצועיות,NEEDS_EDITORIAL_SLUG_MAPPING,MEDICAL_SIGNAL_CONFIRMED,UNKNOWN,UNKNOWN,UNKNOWN,,NEEDS_SOURCE_AUDIT_BEFORE_CONTENT_REWRITE,YES_AFTER_APPROVAL,redirect=YES_AFTER_APPROVAL; canonical=YES_AFTER_APPROVAL; sitemap=YES_AFTER_APPROVAL,"Keep as planning row only until GSC, owner approval, and redirect plan are complete",NO_CMS_EDIT; NO_PUBLIC_UPLOAD; NO_REDIRECT; NO_CANONICAL_NOINDEX; NO_SITEMAP_CHANGE; NO_TAXONOMY_CHANGE,PUBLIC_REST_URL_MAP_V1;NO_URL_CHANGE_EXECUTED
MEDD-216,URL_MIGRATION_MAP,8295,medical-malpractice,P0,http://jus-tice.co.il/%D7%A8%D7%A9%D7%9C%D7%A0%D7%95%D7%AA-%D7%A8%D7%A4%D7%95%D7%90%D7%99%D7%AA-%D7%95%D7%AA%D7%A4%D7%A7%D7%99%D7%93%D7%9D-%D7%A9%D7%9C-%D7%A2%D7%93%D7%99%D7%9D-%D7%9E%D7%95%D7%9E%D7%97%D7%99%D7%9D-%D7%9B%D7%99%D7%A6%D7%93-%D7%A2%D7%93%D7%95%D7%AA-%D7%9E%D7%95%D7%9E%D7%97%D7%99%D7%9D-%D7%99%D7%9B%D7%95%D7%9C%D7%94-%D7%9C%D7%A2%D7%96%D7%95%D7%A8-%D7%9C%D7%A7%D7%95%D7%A8%D7%91%D7%A0%D7%95%D7%AA-%D7%A8%D7%A9%D7%9C%D7%A0%D7%95%D7%AA-%D7%9C%D7%97%D7%A4%D7%A9-%D7%A6%D7%93%D7%A7/,רשלנות-רפואית-ותפקידם-של-עדים-מומחים-כיצד-עדות-מומחים-יכולה-לעזור-לקורבנות-רשלנות-לחפש-צדק,https://jus-tice.co.il/medical-malpractice-lawyer/,רשלנות רפואית ותפקידם של עדים מומחים: כיצד עדות מומחים יכולה לעזור לקורבנות רשלנות לחפש צדק,TARGET_SLUG_CONFLICT_NEEDS_REVIEW,MEDICAL_SIGNAL_CONFIRMED,UNKNOWN,UNKNOWN,UNKNOWN,,NEEDS_SOURCE_AUDIT_BEFORE_CONTENT_REWRITE,YES_AFTER_APPROVAL,redirect=YES_AFTER_APPROVAL; canonical=YES_AFTER_APPROVAL; sitemap=YES_AFTER_APPROVAL,"Keep as planning row only until GSC, owner approval, and redirect plan are complete",NO_CMS_EDIT; NO_PUBLIC_UPLOAD; NO_REDIRECT; NO_CANONICAL_NOINDEX; NO_SITEMAP_CHANGE; NO_TAXONOMY_CHANGE,PUBLIC_REST_URL_MAP_V1;NO_URL_CHANGE_EXECUTED;duplicate_target_slug
MEDD-217,URL_MIGRATION_MAP,8292,medical-malpractice,P0,http://jus-tice.co.il/%D7%94%D7%A2%D7%9C%D7%95%D7%99%D7%95%D7%AA-%D7%94%D7%A0%D7%A1%D7%AA%D7%A8%D7%95%D7%AA-%D7%A9%D7%9C-%D7%A8%D7%A9%D7%9C%D7%A0%D7%95%D7%AA-%D7%A8%D7%A4%D7%95%D7%90%D7%99%D7%AA-%D7%9B%D7%99%D7%A6%D7%93-%D7%9E%D7%98%D7%95%D7%A4%D7%9C%D7%99%D7%9D-%D7%95%D7%9E%D7%A9%D7%A4%D7%97%D7%95%D7%AA-%D7%9E%D7%95%D7%A9%D7%A4%D7%A2%D7%99%D7%9D-%D7%9E%D7%A8%D7%A9%D7%9C%D7%A0%D7%95%D7%AA-%D7%A9%D7%9C-%D7%AA%D7%A2%D7%A9%D7%99%D7%99%D7%AA-%D7%94%D7%91%D7%A8%D7%99%D7%90%D7%95%D7%AA/,העלויות-הנסתרות-של-רשלנות-רפואית-כיצד-מטופלים-ומשפחות-מושפעים-מרשלנות-של-תעשיית-הבריאות,https://jus-tice.co.il/medical-malpractice-lawyer/,העלויות הנסתרות של רשלנות רפואית: כיצד מטופלים ומשפחות מושפעים מרשלנות של תעשיית הבריאות,TARGET_SLUG_CONFLICT_NEEDS_REVIEW,MEDICAL_SIGNAL_CONFIRMED,UNKNOWN,UNKNOWN,UNKNOWN,,NEEDS_SOURCE_AUDIT_BEFORE_CONTENT_REWRITE,YES_AFTER_APPROVAL,redirect=YES_AFTER_APPROVAL; canonical=YES_AFTER_APPROVAL; sitemap=YES_AFTER_APPROVAL,"Keep as planning row only until GSC, owner approval, and redirect plan are complete",NO_CMS_EDIT; NO_PUBLIC_UPLOAD; NO_REDIRECT; NO_CANONICAL_NOINDEX; NO_SITEMAP_CHANGE; NO_TAXONOMY_CHANGE,PUBLIC_REST_URL_MAP_V1;NO_URL_CHANGE_EXECUTED;duplicate_target_slug
MEDD-218,URL_MIGRATION_MAP,8273,medical-malpractice,P1,http://jus-tice.co.il/%D7%A2%D7%95%D7%A8%D7%9A-%D7%93%D7%99%D7%9F-%D7%A8%D7%A9%D7%9C%D7%A0%D7%95%D7%AA-%D7%91%D7%A0%D7%99%D7%AA%D7%95%D7%97-%D7%A4%D7%9C%D7%A1%D7%98%D7%99-%D7%94%D7%9E%D7%9C%D7%A6%D7%95%D7%AA-%D7%A2%D7%95%D7%93-%D7%A8%D7%A9%D7%9C%D7%A0%D7%95%D7%AA-%D7%A0%D7%99%D7%AA%D7%95%D7%97-%D7%A4%D7%9C%D7%A1%D7%98%D7%99/,עורך-דין-רשלנות-בניתוח-פלסטי-המלצות-עוד-רשלנות-ניתוח-פלסטי,,עורך דין רשלנות בניתוח פלסטי | המלצות עו”ד רשלנות ניתוח פלסטי,NEEDS_EDITORIAL_SLUG_MAPPING,MEDICAL_SIGNAL_CONFIRMED,UNKNOWN,UNKNOWN,UNKNOWN,,NEEDS_SOURCE_AUDIT_BEFORE_CONTENT_REWRITE,YES_AFTER_APPROVAL,redirect=YES_AFTER_APPROVAL; canonical=YES_AFTER_APPROVAL; sitemap=YES_AFTER_APPROVAL,"Keep as planning row only until GSC, owner approval, and redirect plan are complete",NO_CMS_EDIT; NO_PUBLIC_UPLOAD; NO_REDIRECT; NO_CANONICAL_NOINDEX; NO_SITEMAP_CHANGE; NO_TAXONOMY_CHANGE,PUBLIC_REST_URL_MAP_V1;NO_URL_CHANGE_EXECUTED
MEDD-219,URL_MIGRATION_MAP,8271,medical-malpractice,P0,http://jus-tice.co.il/%D7%A8%D7%A9%D7%9C%D7%A0%D7%95%D7%AA-%D7%A8%D7%A4%D7%95%D7%90%D7%99%D7%AA-%D7%90%D7%91%D7%97%D7%95%D7%9F-%D7%A9%D7%92%D7%95%D7%99/,רשלנות-רפואית-אבחון-שגוי,https://jus-tice.co.il/medical-malpractice-lawyer/,רשלנות רפואית אבחון שגוי,TARGET_SLUG_CONFLICT_NEEDS_REVIEW,MEDICAL_SIGNAL_CONFIRMED,UNKNOWN,UNKNOWN,UNKNOWN,,NEEDS_SOURCE_AUDIT_BEFORE_CONTENT_REWRITE,YES_AFTER_APPROVAL,redirect=YES_AFTER_APPROVAL; canonical=YES_AFTER_APPROVAL; sitemap=YES_AFTER_APPROVAL,"Keep as planning row only until GSC, owner approval, and redirect plan are complete",NO_CMS_EDIT; NO_PUBLIC_UPLOAD; NO_REDIRECT; NO_CANONICAL_NOINDEX; NO_SITEMAP_CHANGE; NO_TAXONOMY_CHANGE,PUBLIC_REST_URL_MAP_V1;NO_URL_CHANGE_EXECUTED;duplicate_target_slug
MEDD-220,URL_MIGRATION_MAP,8269,medical-malpractice,P0,http://jus-tice.co.il/%D7%A1%D7%95%D7%92%D7%99-%D7%A8%D7%A9%D7%9C%D7%A0%D7%95%D7%AA-%D7%A8%D7%A4%D7%95%D7%90%D7%99%D7%AA/,סוגי-רשלנות-רפואית,https://jus-tice.co.il/medical-malpractice-lawyer/,סוגי רשלנות רפואית,TARGET_SLUG_CONFLICT_NEEDS_REVIEW,MEDICAL_SIGNAL_CONFIRMED,UNKNOWN,UNKNOWN,UNKNOWN,,NEEDS_SOURCE_AUDIT_BEFORE_CONTENT_REWRITE,YES_AFTER_APPROVAL,redirect=YES_AFTER_APPROVAL; canonical=YES_AFTER_APPROVAL; sitemap=YES_AFTER_APPROVAL,"Keep as planning row only until GSC, owner approval, and redirect plan are complete",NO_CMS_EDIT; NO_PUBLIC_UPLOAD; NO_REDIRECT; NO_CANONICAL_NOINDEX; NO_SITEMAP_CHANGE; NO_TAXONOMY_CHANGE,PUBLIC_REST_URL_MAP_V1;NO_URL_CHANGE_EXECUTED;duplicate_target_slug
MEDD-221,URL_MIGRATION_MAP,8142,medical-malpractice,P1,http://jus-tice.co.il/%D7%A1%D7%95%D7%92%D7%99%D7%9D-%D7%A9%D7%95%D7%A0%D7%99%D7%9D-%D7%A9%D7%9C-%D7%A8%D7%95%D7%A4%D7%90%D7%99%D7%9D/,סוגים-שונים-של-רופאים,,מהם הסוגים השונים של רופאים?,NEEDS_EDITORIAL_SLUG_MAPPING,MEDICAL_SIGNAL_CONFIRMED,UNKNOWN,UNKNOWN,UNKNOWN,,NEEDS_SOURCE_AUDIT_BEFORE_CONTENT_REWRITE,YES_AFTER_APPROVAL,redirect=YES_AFTER_APPROVAL; canonical=YES_AFTER_APPROVAL; sitemap=YES_AFTER_APPROVAL,"Keep as planning row only until GSC, owner approval, and redirect plan are complete",NO_CMS_EDIT; NO_PUBLIC_UPLOAD; NO_REDIRECT; NO_CANONICAL_NOINDEX; NO_SITEMAP_CHANGE; NO_TAXONOMY_CHANGE,PUBLIC_REST_URL_MAP_V1;NO_URL_CHANGE_EXECUTED
MEDD-222,URL_MIGRATION_MAP,8128,medical-malpractice,P1,http://jus-tice.co.il/%D7%A8%D7%A9%D7%99%D7%9E%D7%AA-%D7%9E%D7%95%D7%9E%D7%97%D7%99%D7%9D-%D7%A8%D7%A4%D7%95%D7%90%D7%99%D7%99%D7%9D-%D7%9C%D7%91%D7%99%D7%AA-%D7%9E%D7%A9%D7%A4%D7%98-%D7%9E%D7%AA%D7%A2%D7%93%D7%9B%D7%9F/,רשימת-מומחים-רפואיים-לבית-משפט-מתעדכן,,רשימת מומחים רפואיים לבית משפט מתעדכן | חוות דעת רפואית משפטית 2023,NEEDS_EDITORIAL_SLUG_MAPPING,MEDICAL_SIGNAL_CONFIRMED,UNKNOWN,UNKNOWN,UNKNOWN,,NEEDS_SOURCE_AUDIT_BEFORE_CONTENT_REWRITE,YES_AFTER_APPROVAL,redirect=YES_AFTER_APPROVAL; canonical=YES_AFTER_APPROVAL; sitemap=YES_AFTER_APPROVAL,"Keep as planning row only until GSC, owner approval, and redirect plan are complete",NO_CMS_EDIT; NO_PUBLIC_UPLOAD; NO_REDIRECT; NO_CANONICAL_NOINDEX; NO_SITEMAP_CHANGE; NO_TAXONOMY_CHANGE,PUBLIC_REST_URL_MAP_V1;NO_URL_CHANGE_EXECUTED
MEDD-223,URL_MIGRATION_MAP,7964,medical-malpractice,P1,http://jus-tice.co.il/articles/%D7%94%D7%A9%D7%95%D7%A4%D7%98%D7%AA-%D7%97%D7%99%D7%94-%D7%96%D7%A0%D7%93%D7%91%D7%A8%D7%92-%D7%A4%D7%A1%D7%93-%D7%91%D7%AA%D7%91%D7%99%D7%A2%D7%94-%D7%9C%D7%A4%D7%99%D7%A6%D7%95%D7%99%D7%99%D7%9D/,השופטת-חיה-זנדברג-פסד-בתביעה-לפיצויים,https://jus-tice.co.il/birth-malpractice/,השופטת חיה זנדברג: פס”ד בתביעה לפיצויים בגין נזקי גוף בטענה לרשלנות לאחר לידה (ת”א 58449-02-18),PROPOSED_ENGLISH_SLUG_NEEDS_REVIEW,MEDICAL_SIGNAL_CONFIRMED,UNKNOWN,UNKNOWN,UNKNOWN,,NEEDS_SOURCE_AUDIT_BEFORE_CONTENT_REWRITE,YES_AFTER_APPROVAL,redirect=YES_AFTER_APPROVAL; canonical=YES_AFTER_APPROVAL; sitemap=YES_AFTER_APPROVAL,"Keep as planning row only until GSC, owner approval, and redirect plan are complete",NO_CMS_EDIT; NO_PUBLIC_UPLOAD; NO_REDIRECT; NO_CANONICAL_NOINDEX; NO_SITEMAP_CHANGE; NO_TAXONOMY_CHANGE,PUBLIC_REST_URL_MAP_V1;NO_URL_CHANGE_EXECUTED
MEDD-224,URL_MIGRATION_MAP,7674,medical-malpractice,P1,http://jus-tice.co.il/decision39696-06-16/,decision39696-06-16,https://jus-tice.co.il/decision39696-06-16/,"פיצוי של 4,330,162 ₪ בגין רשלנות רפואית בטיפול ביילוד (היפוגליקמיה) ובהדרכת האם להנקתו ולהזנתו (ת”א 39696-06-16)",KEEP_CURRENT_CLEAN_SLUG,MEDICAL_SIGNAL_CONFIRMED,UNKNOWN,UNKNOWN,UNKNOWN,,NEEDS_SOURCE_AUDIT_BEFORE_CONTENT_REWRITE,YES_AFTER_APPROVAL,redirect=YES_AFTER_APPROVAL; canonical=YES_AFTER_APPROVAL; sitemap=YES_AFTER_APPROVAL,"Keep as planning row only until GSC, owner approval, and redirect plan are complete",NO_CMS_EDIT; NO_PUBLIC_UPLOAD; NO_REDIRECT; NO_CANONICAL_NOINDEX; NO_SITEMAP_CHANGE; NO_TAXONOMY_CHANGE,PUBLIC_REST_URL_MAP_V1;NO_URL_CHANGE_EXECUTED
MEDD-225,URL_MIGRATION_MAP,7671,medical-malpractice,P1,http://jus-tice.co.il/decision33954-04-20/,decision33954-04-20,https://jus-tice.co.il/decision33954-04-20/,"פס”ד תביעת רשלנות שהוגשה כנגד עורכי דין על סך של 1,796,494 ₪ (ת”א 33954-04-20)",KEEP_CURRENT_CLEAN_SLUG,MEDICAL_SIGNAL_CONFIRMED,UNKNOWN,UNKNOWN,UNKNOWN,,NEEDS_SOURCE_AUDIT_BEFORE_CONTENT_REWRITE,YES_AFTER_APPROVAL,redirect=YES_AFTER_APPROVAL; canonical=YES_AFTER_APPROVAL; sitemap=YES_AFTER_APPROVAL,"Keep as planning row only until GSC, owner approval, and redirect plan are complete",NO_CMS_EDIT; NO_PUBLIC_UPLOAD; NO_REDIRECT; NO_CANONICAL_NOINDEX; NO_SITEMAP_CHANGE; NO_TAXONOMY_CHANGE,PUBLIC_REST_URL_MAP_V1;NO_URL_CHANGE_EXECUTED
MEDD-226,URL_MIGRATION_MAP,7616,medical-malpractice,P1,http://jus-tice.co.il/medical-malpractice-common-errors-doctors-hospitals/,medical-malpractice-common-errors-doctors-hospitals,https://jus-tice.co.il/medical-malpractice-common-errors-doctors-hospitals/,רשלנות רפואית: שגיאות נפוצות של רופאים ובתי חולים,KEEP_CURRENT_CLEAN_SLUG,MEDICAL_SIGNAL_CONFIRMED,UNKNOWN,UNKNOWN,UNKNOWN,,NEEDS_SOURCE_AUDIT_BEFORE_CONTENT_REWRITE,YES_AFTER_APPROVAL,redirect=YES_AFTER_APPROVAL; canonical=YES_AFTER_APPROVAL; sitemap=YES_AFTER_APPROVAL,"Keep as planning row only until GSC, owner approval, and redirect plan are complete",NO_CMS_EDIT; NO_PUBLIC_UPLOAD; NO_REDIRECT; NO_CANONICAL_NOINDEX; NO_SITEMAP_CHANGE; NO_TAXONOMY_CHANGE,PUBLIC_REST_URL_MAP_V1;NO_URL_CHANGE_EXECUTED
MEDD-227,URL_MIGRATION_MAP,7618,medical-malpractice,P1,http://jus-tice.co.il/klumpke-paralysis/,klumpke-paralysis,https://jus-tice.co.il/klumpke-paralysis/,רשלנות רפואית בלידה: מה זה שיתוק קלומקה?,KEEP_CURRENT_CLEAN_SLUG,MEDICAL_SIGNAL_CONFIRMED,UNKNOWN,UNKNOWN,UNKNOWN,,NEEDS_SOURCE_AUDIT_BEFORE_CONTENT_REWRITE,YES_AFTER_APPROVAL,redirect=YES_AFTER_APPROVAL; canonical=YES_AFTER_APPROVAL; sitemap=YES_AFTER_APPROVAL,"Keep as planning row only until GSC, owner approval, and redirect plan are complete",NO_CMS_EDIT; NO_PUBLIC_UPLOAD; NO_REDIRECT; NO_CANONICAL_NOINDEX; NO_SITEMAP_CHANGE; NO_TAXONOMY_CHANGE,PUBLIC_REST_URL_MAP_V1;NO_URL_CHANGE_EXECUTED
MEDD-228,URL_MIGRATION_MAP,7611,medical-malpractice,P1,http://jus-tice.co.il/history-of-medicine/,history-of-medicine,https://jus-tice.co.il/history-of-medicine/,עו”ד רפואי | היסטוריה של הרפואה,KEEP_CURRENT_CLEAN_SLUG,MEDICAL_SIGNAL_CONFIRMED,UNKNOWN,UNKNOWN,UNKNOWN,,NEEDS_SOURCE_AUDIT_BEFORE_CONTENT_REWRITE,YES_AFTER_APPROVAL,redirect=YES_AFTER_APPROVAL; canonical=YES_AFTER_APPROVAL; sitemap=YES_AFTER_APPROVAL,"Keep as planning row only until GSC, owner approval, and redirect plan are complete",NO_CMS_EDIT; NO_PUBLIC_UPLOAD; NO_REDIRECT; NO_CANONICAL_NOINDEX; NO_SITEMAP_CHANGE; NO_TAXONOMY_CHANGE,PUBLIC_REST_URL_MAP_V1;NO_URL_CHANGE_EXECUTED
MEDD-229,URL_MIGRATION_MAP,7583,medical-malpractice,P0,http://jus-tice.co.il/articles/%D7%9E%D7%A7%D7%A8%D7%99-%D7%A8%D7%A9%D7%9C%D7%A0%D7%95%D7%AA-%D7%A8%D7%A4%D7%95%D7%90%D7%99%D7%AA-%D7%93%D7%95%D7%92%D7%9E%D7%90%D7%95%D7%AA/,מקרי-רשלנות-רפואית-דוגמאות,https://jus-tice.co.il/medical-malpractice-lawyer/,מקרי רשלנות רפואית דוגמאות,TARGET_SLUG_CONFLICT_NEEDS_REVIEW,MEDICAL_SIGNAL_CONFIRMED,UNKNOWN,UNKNOWN,UNKNOWN,,NEEDS_SOURCE_AUDIT_BEFORE_CONTENT_REWRITE,YES_AFTER_APPROVAL,redirect=YES_AFTER_APPROVAL; canonical=YES_AFTER_APPROVAL; sitemap=YES_AFTER_APPROVAL,"Keep as planning row only until GSC, owner approval, and redirect plan are complete",NO_CMS_EDIT; NO_PUBLIC_UPLOAD; NO_REDIRECT; NO_CANONICAL_NOINDEX; NO_SITEMAP_CHANGE; NO_TAXONOMY_CHANGE,PUBLIC_REST_URL_MAP_V1;NO_URL_CHANGE_EXECUTED;duplicate_target_slug
MEDD-230,URL_MIGRATION_MAP,7571,medical-malpractice,P1,http://jus-tice.co.il/decision50014-01-19/,decision50014-01-19,https://jus-tice.co.il/decision50014-01-19/,השופטת יעל ייטב: החלטה בדבר מינוי מומחה מטעם בית המשפט בתיק רשלנות רפואית (ת”א 50014-01-19),KEEP_CURRENT_CLEAN_SLUG,MEDICAL_SIGNAL_CONFIRMED,UNKNOWN,UNKNOWN,UNKNOWN,,NEEDS_SOURCE_AUDIT_BEFORE_CONTENT_REWRITE,YES_AFTER_APPROVAL,redirect=YES_AFTER_APPROVAL; canonical=YES_AFTER_APPROVAL; sitemap=YES_AFTER_APPROVAL,"Keep as planning row only until GSC, owner approval, and redirect plan are complete",NO_CMS_EDIT; NO_PUBLIC_UPLOAD; NO_REDIRECT; NO_CANONICAL_NOINDEX; NO_SITEMAP_CHANGE; NO_TAXONOMY_CHANGE,PUBLIC_REST_URL_MAP_V1;NO_URL_CHANGE_EXECUTED
MEDD-231,URL_MIGRATION_MAP,7453,medical-malpractice,P1,http://jus-tice.co.il/%D7%96%D7%99%D7%9B%D7%95%D7%99-%D7%A0%D7%94%D7%92-%D7%9E%D7%A9%D7%90%D7%99%D7%AA-%D7%A9%D7%94%D7%95%D7%90%D7%A9%D7%9D-%D7%91%D7%92%D7%A8%D7%99%D7%9E%D7%AA-%D7%9E%D7%95%D7%95%D7%AA-%D7%91%D7%A8%D7%A9%D7%9C%D7%A0%D7%95%D7%AA-%D7%AA%D7%99%D7%A7-56-03-20/,זיכוי-נהג-משאית-שהואשם-בגרימת-מוות-ברשלנות-תיק-56-03-20,,תעבורה: זיכוי נהג משאית שהואשם בגרימת מוות ברשלנות (גמ”ר 56-03-20),NEEDS_EDITORIAL_SLUG_MAPPING,MEDICAL_SIGNAL_CONFIRMED,UNKNOWN,UNKNOWN,UNKNOWN,,NEEDS_SOURCE_AUDIT_BEFORE_CONTENT_REWRITE,YES_AFTER_APPROVAL,redirect=YES_AFTER_APPROVAL; canonical=YES_AFTER_APPROVAL; sitemap=YES_AFTER_APPROVAL,"Keep as planning row only until GSC, owner approval, and redirect plan are complete",NO_CMS_EDIT; NO_PUBLIC_UPLOAD; NO_REDIRECT; NO_CANONICAL_NOINDEX; NO_SITEMAP_CHANGE; NO_TAXONOMY_CHANGE,PUBLIC_REST_URL_MAP_V1;NO_URL_CHANGE_EXECUTED
MEDD-232,URL_MIGRATION_MAP,7305,medical-malpractice,P1,http://jus-tice.co.il/%D7%A2%D7%95%D7%A8%D7%9A-%D7%93%D7%99%D7%9F-%D7%9E%D7%95%D7%9E%D7%9C%D7%A5-%D7%9E%D7%94%D7%99-%D7%A8%D7%A9%D7%9C%D7%A0%D7%95%D7%AA-%D7%A2%D7%95%D7%95%D7%9C%D7%AA-%D7%94%D7%A8%D7%A9%D7%9C%D7%A0%D7%95%D7%AA/,עורך-דין-מומלץ-מהי-רשלנות-עוולת-הרשלנות,,מהי רשלנות | עוולת הרשלנות,NEEDS_EDITORIAL_SLUG_MAPPING,MEDICAL_SIGNAL_CONFIRMED,UNKNOWN,UNKNOWN,UNKNOWN,,NEEDS_SOURCE_AUDIT_BEFORE_CONTENT_REWRITE,YES_AFTER_APPROVAL,redirect=YES_AFTER_APPROVAL; canonical=YES_AFTER_APPROVAL; sitemap=YES_AFTER_APPROVAL,"Keep as planning row only until GSC, owner approval, and redirect plan are complete",NO_CMS_EDIT; NO_PUBLIC_UPLOAD; NO_REDIRECT; NO_CANONICAL_NOINDEX; NO_SITEMAP_CHANGE; NO_TAXONOMY_CHANGE,PUBLIC_REST_URL_MAP_V1;NO_URL_CHANGE_EXECUTED
MEDD-233,URL_MIGRATION_MAP,6922,medical-malpractice,P1,http://jus-tice.co.il/%D7%AA%D7%90-55450-03-20-%D7%9E%D7%A0%D7%98%D7%99%D7%9F-%D7%90%D7%99%D7%A0%D7%95%D7%95%D7%A1%D7%98%D7%9E%D7%A0%D7%98%D7%A1-%D7%91%D7%A2%D7%9E-%D7%95%D7%90%D7%97-%D7%A0-%D7%A1%D7%A8%D7%92%D7%A0%D7%99/,תא-55450-03-20-מנטין-אינווסטמנטס-בעמ-ואח-נ-סרגני,,תביעה בגין רשלנות מקצועית של רואה חשבון | פסק דין (ת”א 55450-03-20),NEEDS_EDITORIAL_SLUG_MAPPING,MEDICAL_SIGNAL_CONFIRMED,UNKNOWN,UNKNOWN,UNKNOWN,,NEEDS_SOURCE_AUDIT_BEFORE_CONTENT_REWRITE,YES_AFTER_APPROVAL,redirect=YES_AFTER_APPROVAL; canonical=YES_AFTER_APPROVAL; sitemap=YES_AFTER_APPROVAL,"Keep as planning row only until GSC, owner approval, and redirect plan are complete",NO_CMS_EDIT; NO_PUBLIC_UPLOAD; NO_REDIRECT; NO_CANONICAL_NOINDEX; NO_SITEMAP_CHANGE; NO_TAXONOMY_CHANGE,PUBLIC_REST_URL_MAP_V1;NO_URL_CHANGE_EXECUTED
MEDD-234,URL_MIGRATION_MAP,6861,medical-malpractice,P0,http://jus-tice.co.il/articles/%D7%A9%D7%9B%D7%A8-%D7%98%D7%A8%D7%97%D7%94-%D7%A2%D7%95%D7%A8%D7%9A-%D7%93%D7%99%D7%9F-%D7%A8%D7%A9%D7%9C%D7%A0%D7%95%D7%AA-%D7%A8%D7%A4%D7%95%D7%90%D7%99%D7%AA/,שכר-טרחה-עורך-דין-רשלנות-רפואית,https://jus-tice.co.il/medical-malpractice-lawyer/,שכר טרחה עורך דין רשלנות רפואית,TARGET_SLUG_CONFLICT_NEEDS_REVIEW,MEDICAL_SIGNAL_CONFIRMED,UNKNOWN,UNKNOWN,UNKNOWN,,NEEDS_SOURCE_AUDIT_BEFORE_CONTENT_REWRITE,YES_AFTER_APPROVAL,redirect=YES_AFTER_APPROVAL; canonical=YES_AFTER_APPROVAL; sitemap=YES_AFTER_APPROVAL,"Keep as planning row only until GSC, owner approval, and redirect plan are complete",NO_CMS_EDIT; NO_PUBLIC_UPLOAD; NO_REDIRECT; NO_CANONICAL_NOINDEX; NO_SITEMAP_CHANGE; NO_TAXONOMY_CHANGE,PUBLIC_REST_URL_MAP_V1;NO_URL_CHANGE_EXECUTED;duplicate_target_slug
MEDD-235,URL_MIGRATION_MAP,6715,medical-malpractice,P0,http://jus-tice.co.il/%D7%94%D7%A7%D7%98%D7%A0%D7%AA-%D7%94%D7%95%D7%A6%D7%90%D7%95%D7%AA-%D7%AA%D7%91%D7%99%D7%A2%D7%95%D7%AA-%D7%A8%D7%A9%D7%9C%D7%A0%D7%95%D7%AA-%D7%A8%D7%A4%D7%95%D7%90%D7%99%D7%AA/,הקטנת-הוצאות-תביעות-רשלנות-רפואית,https://jus-tice.co.il/medical-malpractice-lawyer/,תביעות רשלנות רפואית: הדרכים להקטנת ההוצאה הציבורית | דין וחשבון,TARGET_SLUG_CONFLICT_NEEDS_REVIEW,MEDICAL_SIGNAL_CONFIRMED,UNKNOWN,UNKNOWN,UNKNOWN,,NEEDS_SOURCE_AUDIT_BEFORE_CONTENT_REWRITE,YES_AFTER_APPROVAL,redirect=YES_AFTER_APPROVAL; canonical=YES_AFTER_APPROVAL; sitemap=YES_AFTER_APPROVAL,"Keep as planning row only until GSC, owner approval, and redirect plan are complete",NO_CMS_EDIT; NO_PUBLIC_UPLOAD; NO_REDIRECT; NO_CANONICAL_NOINDEX; NO_SITEMAP_CHANGE; NO_TAXONOMY_CHANGE,PUBLIC_REST_URL_MAP_V1;NO_URL_CHANGE_EXECUTED;duplicate_target_slug
MEDD-236,URL_MIGRATION_MAP,6546,medical-malpractice,P0,http://jus-tice.co.il/%D7%A2%D7%95%D7%A8%D7%9A-%D7%93%D7%99%D7%9F-%D7%A8%D7%A9%D7%9C%D7%A0%D7%95%D7%AA-%D7%A8%D7%A4%D7%95%D7%90%D7%99%D7%AA-%D7%9E%D7%95%D7%9E%D7%9C%D7%A5/,עורך-דין-רשלנות-רפואית-מומלץ,https://jus-tice.co.il/medical-malpractice-lawyer/,עורך דין רשלנות רפואית מומלץ,TARGET_SLUG_CONFLICT_NEEDS_REVIEW,MEDICAL_SIGNAL_CONFIRMED,UNKNOWN,UNKNOWN,UNKNOWN,,NEEDS_SOURCE_AUDIT_BEFORE_CONTENT_REWRITE,YES_AFTER_APPROVAL,redirect=YES_AFTER_APPROVAL; canonical=YES_AFTER_APPROVAL; sitemap=YES_AFTER_APPROVAL,"Keep as planning row only until GSC, owner approval, and redirect plan are complete",NO_CMS_EDIT; NO_PUBLIC_UPLOAD; NO_REDIRECT; NO_CANONICAL_NOINDEX; NO_SITEMAP_CHANGE; NO_TAXONOMY_CHANGE,PUBLIC_REST_URL_MAP_V1;NO_URL_CHANGE_EXECUTED;duplicate_target_slug
MEDD-237,URL_MIGRATION_MAP,6110,medical-malpractice,P0,http://jus-tice.co.il/%D7%A4%D7%A1%D7%93-%D7%91%D7%AA%D7%91%D7%99%D7%A2%D7%94-%D7%A0%D7%92%D7%93-%D7%98%D7%A8%D7%9D-%D7%A8%D7%A9%D7%AA-%D7%9E%D7%A8%D7%9B%D7%96%D7%99%D7%9D-%D7%9C%D7%A8%D7%A4%D7%95%D7%90%D7%94-%D7%93%D7%97%D7%95%D7%A4%D7%94-%D7%A2%D7%9C-%D7%A8%D7%A9%D7%9C%D7%A0%D7%95%D7%AA-%D7%A8%D7%A4%D7%95%D7%90%D7%99%D7%AA-%D7%A9%D7%94%D7%95%D7%91%D7%99%D7%9C%D7%94-%D7%9C%D7%A4%D7%98%D7%99%D7%A8%D7%AA%D7%94-%D7%A9%D7%9C-%D7%90%D7%9D-%D7%95%D7%94%D7%A2%D7%95%D7%91%D7%A8-%D7%A9%D7%A0%D7%A9%D7%90%D7%94-%D7%91%D7%A8%D7%97%D7%9E/,פסד-בתביעה-נגד-טרם-רשת-מרכזים-לרפואה-דחופה-על-רשלנות-רפואית-שהובילה-לפטירתה-של-אם-והעובר-שנשאה-ברחמ,https://jus-tice.co.il/medical-malpractice-lawyer/,דחיית תביעה רשלנות רפואית הריון שהובילה לפטירתה של אם והעובר שנשאה ברחמה (ת”א 20346-03-17) מספר תיק,TARGET_SLUG_CONFLICT_NEEDS_REVIEW,MEDICAL_SIGNAL_CONFIRMED,UNKNOWN,UNKNOWN,UNKNOWN,,NEEDS_SOURCE_AUDIT_BEFORE_CONTENT_REWRITE,YES_AFTER_APPROVAL,redirect=YES_AFTER_APPROVAL; canonical=YES_AFTER_APPROVAL; sitemap=YES_AFTER_APPROVAL,"Keep as planning row only until GSC, owner approval, and redirect plan are complete",NO_CMS_EDIT; NO_PUBLIC_UPLOAD; NO_REDIRECT; NO_CANONICAL_NOINDEX; NO_SITEMAP_CHANGE; NO_TAXONOMY_CHANGE,PUBLIC_REST_URL_MAP_V1;NO_URL_CHANGE_EXECUTED;duplicate_target_slug
MEDD-238,URL_MIGRATION_MAP,6045,medical-malpractice,P1,http://jus-tice.co.il/%D7%A2%D7%90-9598/05-%D7%A4%D7%9C%D7%95%D7%A0%D7%99-%D7%A0-%D7%97%D7%91%D7%A8%D7%AA-%D7%91%D7%99%D7%98%D7%95%D7%97-%D7%94%D7%9E%D7%92%D7%9F-%D7%91%D7%A2%D7%9E/,05-פלוני-נ-חברת-ביטוח-המגן-בעמ,,ע״א 9598/05 פלוני נ׳ חברת ביטוח ״המגן״ בע״מ | בית המשפט לא יסטה ממסקנותיו של המומחה הרפואי אלא בהתקיים נסיבות מיוחדות,NEEDS_EDITORIAL_SLUG_MAPPING,MEDICAL_SIGNAL_CONFIRMED,UNKNOWN,UNKNOWN,UNKNOWN,,NEEDS_SOURCE_AUDIT_BEFORE_CONTENT_REWRITE,YES_AFTER_APPROVAL,redirect=YES_AFTER_APPROVAL; canonical=YES_AFTER_APPROVAL; sitemap=YES_AFTER_APPROVAL,"Keep as planning row only until GSC, owner approval, and redirect plan are complete",NO_CMS_EDIT; NO_PUBLIC_UPLOAD; NO_REDIRECT; NO_CANONICAL_NOINDEX; NO_SITEMAP_CHANGE; NO_TAXONOMY_CHANGE,PUBLIC_REST_URL_MAP_V1;NO_URL_CHANGE_EXECUTED
MEDD-239,URL_MIGRATION_MAP,5818,medical-malpractice,P1,http://jus-tice.co.il/%D7%91%D7%A7%D7%A9%D7%AA-%D7%A0%D7%A4%D7%92%D7%A2-%D7%A2%D7%91%D7%99%D7%A8%D7%94-%D7%9E%D7%99%D7%93%D7%A2-%D7%90%D7%A9%D7%A4%D7%95%D7%96%D7%95-%D7%A9%D7%9C-%D7%A0%D7%90%D7%A9%D7%9D-%D7%91%D7%91%D7%99%D7%AA-%D7%97%D7%95%D7%9C%D7%99%D7%9D/,בקשת-נפגע-עבירה-מידע-אשפוזו-של-נאשם-בבית-חולים,,טופס בקשת נפגע עבירה לקבלת מידע על מהלך אשפוזו של נאשם בבית חולים,NEEDS_EDITORIAL_SLUG_MAPPING,POSSIBLE_FALSE_POSITIVE_REVIEW,UNKNOWN,UNKNOWN,UNKNOWN,,NEEDS_SOURCE_AUDIT_BEFORE_CONTENT_REWRITE,YES_AFTER_APPROVAL,redirect=YES_AFTER_APPROVAL; canonical=YES_AFTER_APPROVAL; sitemap=YES_AFTER_APPROVAL,Fix cluster assignment before using in migration decisions,NO_CMS_EDIT; NO_PUBLIC_UPLOAD; NO_REDIRECT; NO_CANONICAL_NOINDEX; NO_SITEMAP_CHANGE; NO_TAXONOMY_CHANGE,PUBLIC_REST_URL_MAP_V1;NO_URL_CHANGE_EXECUTED
MEDD-240,URL_MIGRATION_MAP,5609,medical-malpractice,P0,http://jus-tice.co.il/psakdin/%D7%A2%D7%95%D7%A0%D7%A9-%D7%9E%D7%95%D7%A8%D7%A9%D7%A2-%D7%91%D7%A2%D7%91%D7%99%D7%A8%D7%95%D7%AA-%D7%A9%D7%9C-%D7%92%D7%A8%D7%9D-%D7%9E%D7%95%D7%95%D7%AA-%D7%91%D7%A8%D7%A9%D7%9C%D7%A0%D7%95%D7%AA/,עונש-מורשע-בעבירות-של-גרם-מוות-ברשלנות,https://jus-tice.co.il/traffic-lawyer/,עונש מורשע בעבירות של גרם מוות ברשלנות בתאונת דרכים | עורך דין תעבורה פלילי,TARGET_SLUG_CONFLICT_NEEDS_REVIEW,MEDICAL_SIGNAL_CONFIRMED,UNKNOWN,UNKNOWN,UNKNOWN,,NEEDS_SOURCE_AUDIT_BEFORE_CONTENT_REWRITE,YES_AFTER_APPROVAL,redirect=YES_AFTER_APPROVAL; canonical=YES_AFTER_APPROVAL; sitemap=YES_AFTER_APPROVAL,"Keep as planning row only until GSC, owner approval, and redirect plan are complete",NO_CMS_EDIT; NO_PUBLIC_UPLOAD; NO_REDIRECT; NO_CANONICAL_NOINDEX; NO_SITEMAP_CHANGE; NO_TAXONOMY_CHANGE,PUBLIC_REST_URL_MAP_V1;NO_URL_CHANGE_EXECUTED;duplicate_target_slug
MEDD-241,URL_MIGRATION_MAP,5385,medical-malpractice,P1,http://jus-tice.co.il/psakdin/%D7%A2%D7%95%D7%A0%D7%A9-%D7%9E%D7%90%D7%A1%D7%A8-%D7%A4%D7%92%D7%A2-%D7%95%D7%91%D7%A8%D7%97-%D7%92%D7%A8%D7%99%D7%9E%D7%AA-%D7%9E%D7%95%D7%95%D7%AA-%D7%91%D7%A8%D7%A9%D7%9C%D7%A0%D7%95%D7%AA/,עונש-מאסר-פגע-וברח-גרימת-מוות-ברשלנות,,"עונש מאסר פגע וברח גרימת מוות ברשלנות, מעשה פזיזות ורשלנות ברכב, הפקרה אחרי פגיעה ועוד",NEEDS_EDITORIAL_SLUG_MAPPING,MEDICAL_SIGNAL_CONFIRMED,UNKNOWN,UNKNOWN,UNKNOWN,,NEEDS_SOURCE_AUDIT_BEFORE_CONTENT_REWRITE,YES_AFTER_APPROVAL,redirect=YES_AFTER_APPROVAL; canonical=YES_AFTER_APPROVAL; sitemap=YES_AFTER_APPROVAL,"Keep as planning row only until GSC, owner approval, and redirect plan are complete",NO_CMS_EDIT; NO_PUBLIC_UPLOAD; NO_REDIRECT; NO_CANONICAL_NOINDEX; NO_SITEMAP_CHANGE; NO_TAXONOMY_CHANGE,PUBLIC_REST_URL_MAP_V1;NO_URL_CHANGE_EXECUTED
MEDD-242,URL_MIGRATION_MAP,3265,medical-malpractice,P1,http://jus-tice.co.il/standards-of-medical-fitness-to-drive/,standards-of-medical-fitness-to-drive,https://jus-tice.co.il/standards-of-medical-fitness-to-drive/,תקנים מעודכנים להתאמה רפואית לנהיגה מרב”ד,KEEP_CURRENT_CLEAN_SLUG,MEDICAL_SIGNAL_CONFIRMED,UNKNOWN,UNKNOWN,UNKNOWN,,NEEDS_SOURCE_AUDIT_BEFORE_CONTENT_REWRITE,YES_AFTER_APPROVAL,redirect=YES_AFTER_APPROVAL; canonical=YES_AFTER_APPROVAL; sitemap=YES_AFTER_APPROVAL,"Keep as planning row only until GSC, owner approval, and redirect plan are complete",NO_CMS_EDIT; NO_PUBLIC_UPLOAD; NO_REDIRECT; NO_CANONICAL_NOINDEX; NO_SITEMAP_CHANGE; NO_TAXONOMY_CHANGE,PUBLIC_REST_URL_MAP_V1;NO_URL_CHANGE_EXECUTED
MEDD-243,URL_MIGRATION_MAP,3263,medical-malpractice,P1,http://jus-tice.co.il/medical-fitness-tests-for-driving-marvad-info/,medical-fitness-tests-for-driving-marvad-info,https://jus-tice.co.il/medical-fitness-tests-for-driving-marvad-info/,מה זה מרב״ד?- מידע על המכון הרפואי לבטיחות בדרכים,KEEP_CURRENT_CLEAN_SLUG,MEDICAL_SIGNAL_CONFIRMED,UNKNOWN,UNKNOWN,UNKNOWN,,NEEDS_SOURCE_AUDIT_BEFORE_CONTENT_REWRITE,YES_AFTER_APPROVAL,redirect=YES_AFTER_APPROVAL; canonical=YES_AFTER_APPROVAL; sitemap=YES_AFTER_APPROVAL,"Keep as planning row only until GSC, owner approval, and redirect plan are complete",NO_CMS_EDIT; NO_PUBLIC_UPLOAD; NO_REDIRECT; NO_CANONICAL_NOINDEX; NO_SITEMAP_CHANGE; NO_TAXONOMY_CHANGE,PUBLIC_REST_URL_MAP_V1;NO_URL_CHANGE_EXECUTED
MEDD-244,URL_MIGRATION_MAP,3254,medical-malpractice,P1,http://jus-tice.co.il/medical-institute-for-road-safety/,medical-institute-for-road-safety,https://jus-tice.co.il/medical-institute-for-road-safety/,המכון הרפואי לבטיחות בדרכים,KEEP_CURRENT_CLEAN_SLUG,MEDICAL_SIGNAL_CONFIRMED,UNKNOWN,UNKNOWN,UNKNOWN,,NEEDS_SOURCE_AUDIT_BEFORE_CONTENT_REWRITE,YES_AFTER_APPROVAL,redirect=YES_AFTER_APPROVAL; canonical=YES_AFTER_APPROVAL; sitemap=YES_AFTER_APPROVAL,"Keep as planning row only until GSC, owner approval, and redirect plan are complete",NO_CMS_EDIT; NO_PUBLIC_UPLOAD; NO_REDIRECT; NO_CANONICAL_NOINDEX; NO_SITEMAP_CHANGE; NO_TAXONOMY_CHANGE,PUBLIC_REST_URL_MAP_V1;NO_URL_CHANGE_EXECUTED
MEDD-245,URL_MIGRATION_MAP,3242,medical-malpractice,P1,http://jus-tice.co.il/punishment-of-parents-and-relatives-for-negligently-causing-death/,punishment-of-parents-and-relatives-for-negligently-causing-death,https://jus-tice.co.il/punishment-of-parents-and-relatives-for-negligently-causing-death/,מדיניות העמדה לדין וענישה של הורים וקרובי משפחה בגין גרימת מוות ברשלנות של בני משפחתם,KEEP_CURRENT_CLEAN_SLUG,MEDICAL_SIGNAL_CONFIRMED,UNKNOWN,UNKNOWN,UNKNOWN,,NEEDS_SOURCE_AUDIT_BEFORE_CONTENT_REWRITE,YES_AFTER_APPROVAL,redirect=YES_AFTER_APPROVAL; canonical=YES_AFTER_APPROVAL; sitemap=YES_AFTER_APPROVAL,"Keep as planning row only until GSC, owner approval, and redirect plan are complete",NO_CMS_EDIT; NO_PUBLIC_UPLOAD; NO_REDIRECT; NO_CANONICAL_NOINDEX; NO_SITEMAP_CHANGE; NO_TAXONOMY_CHANGE,PUBLIC_REST_URL_MAP_V1;NO_URL_CHANGE_EXECUTED
MEDD-246,URL_MIGRATION_MAP,2753,medical-malpractice,P1,http://jus-tice.co.il/characteristics-and-outcomes-of-children-with-coronavirus/,characteristics-and-outcomes-of-children-with-coronavirus,https://jus-tice.co.il/characteristics-and-outcomes-of-children-with-coronavirus/,ניתוח מאפייני תחלואה בקורונה בקרב ילדים,KEEP_CURRENT_CLEAN_SLUG,MEDICAL_SIGNAL_CONFIRMED,UNKNOWN,UNKNOWN,UNKNOWN,,NEEDS_SOURCE_AUDIT_BEFORE_CONTENT_REWRITE,YES_AFTER_APPROVAL,redirect=YES_AFTER_APPROVAL; canonical=YES_AFTER_APPROVAL; sitemap=YES_AFTER_APPROVAL,"Keep as planning row only until GSC, owner approval, and redirect plan are complete",NO_CMS_EDIT; NO_PUBLIC_UPLOAD; NO_REDIRECT; NO_CANONICAL_NOINDEX; NO_SITEMAP_CHANGE; NO_TAXONOMY_CHANGE,PUBLIC_REST_URL_MAP_V1;NO_URL_CHANGE_EXECUTED
MEDD-247,URL_MIGRATION_MAP,1572,medical-malpractice,P0,https://jus-tice.co.il/articles/%d7%9e%d7%90%d7%92%d7%a8-%d7%9e%d7%99%d7%93%d7%a2-%d7%a8%d7%a9%d7%9c%d7%a0%d7%95%d7%aa-%d7%a8%d7%a4%d7%95%d7%90%d7%99%d7%aa/,מאגר-מידע-רשלנות-רפואית,https://jus-tice.co.il/medical-malpractice-lawyer/,מאגר מידע רשלנות רפואית,TARGET_SLUG_CONFLICT_NEEDS_REVIEW,MEDICAL_SIGNAL_CONFIRMED,UNKNOWN,UNKNOWN,UNKNOWN,,NEEDS_SOURCE_AUDIT_BEFORE_CONTENT_REWRITE,YES_AFTER_APPROVAL,redirect=YES_AFTER_APPROVAL; canonical=YES_AFTER_APPROVAL; sitemap=YES_AFTER_APPROVAL,"Keep as planning row only until GSC, owner approval, and redirect plan are complete",NO_CMS_EDIT; NO_PUBLIC_UPLOAD; NO_REDIRECT; NO_CANONICAL_NOINDEX; NO_SITEMAP_CHANGE; NO_TAXONOMY_CHANGE,PUBLIC_REST_URL_MAP_V1;NO_URL_CHANGE_EXECUTED;duplicate_target_slug
MEDD-248,URL_MIGRATION_MAP,1130,medical-malpractice,P0,http://jus-tice.co.il/medical-malpractice-lawyer/,medical-malpractice-lawyer,https://jus-tice.co.il/medical-malpractice-lawyer/,מומחים לענייני רשלנות רפואית,TARGET_SLUG_CONFLICT_NEEDS_REVIEW,MEDICAL_SIGNAL_CONFIRMED,UNKNOWN,UNKNOWN,UNKNOWN,,NEEDS_SOURCE_AUDIT_BEFORE_CONTENT_REWRITE,YES_AFTER_APPROVAL,redirect=YES_AFTER_APPROVAL; canonical=YES_AFTER_APPROVAL; sitemap=YES_AFTER_APPROVAL,"Keep as planning row only until GSC, owner approval, and redirect plan are complete",NO_CMS_EDIT; NO_PUBLIC_UPLOAD; NO_REDIRECT; NO_CANONICAL_NOINDEX; NO_SITEMAP_CHANGE; NO_TAXONOMY_CHANGE,PUBLIC_REST_URL_MAP_V1;NO_URL_CHANGE_EXECUTED;duplicate_target_slug
MEDD-249,CANNIBALIZATION_GROUP,medical-malpractice,medical-malpractice,P0,http://jus-tice.co.il/medical-malpractice-lawyer/,http://jus-tice.co.il/%D7%94%D7%A7%D7%98%D7%A0%D7%AA-%D7%94%D7%95%D7%A6%D7%90%D7%95%D7%AA-%D7%AA%D7%91%D7%99%D7%A2%D7%95%D7%AA-%D7%A8%D7%A9%D7%9C%D7%A0%D7%95%D7%AA-%D7%A8%D7%A4%D7%95%D7%90%D7%99%D7%AA/|http://jus-tice.co.il/10918-10-19/|http://jus-tice.co.il/%D7%A2%D7%95%D7%A8%D7%9B%D7%99-%D7%93%D7%99%D7%9F-%D7%9E%D7%95%D7%91%D7%99%D7%9C%D7%99%D7%9D-%D7%91%D7%AA%D7%97%D7%95%D7%9D-%D7%A8%D7%A9%D7%9C%D7%A0%D7%95%D7%AA-%D7%A8%D7%A4%D7%95%D7%90%D7%99%D7%AA-%D7%91%D7%A2%D7%95%D7%9C%D7%9D/|http://jus-tice.co.il/articles/%D7%94%D7%A9%D7%95%D7%A4%D7%98%D7%AA-%D7%97%D7%99%D7%94-%D7%96%D7%A0%D7%93%D7%91%D7%A8%D7%92-%D7%A4%D7%A1%D7%93-%D7%91%D7%AA%D7%91%D7%99%D7%A2%D7%94-%D7%9C%D7%A4%D7%99%D7%A6%D7%95%D7%99%D7%99%D7%9D/|http://jus-tice.co.il/decision39696-06-16/|http://jus-tice.co.il/%D7%A4%D7%A1%D7%93-%D7%91%D7%AA%D7%91%D7%99%D7%A2%D7%94-%D7%A0%D7%92%D7%93-%D7%98%D7%A8%D7%9D-%D7%A8%D7%A9%D7%AA-%D7%9E%D7%A8%D7%9B%D7%96%D7%99%D7%9D-%D7%9C%D7%A8%D7%A4%D7%95%D7%90%D7%94-%D7%93%D7%97%D7%95%D7%A4%D7%94-%D7%A2%D7%9C-%D7%A8%D7%A9%D7%9C%D7%A0%D7%95%D7%AA-%D7%A8%D7%A4%D7%95%D7%90%D7%99%D7%AA-%D7%A9%D7%94%D7%95%D7%91%D7%99%D7%9C%D7%94-%D7%9C%D7%A4%D7%98%D7%99%D7%A8%D7%AA%D7%94-%D7%A9%D7%9C-%D7%90%D7%9D-%D7%95%D7%94%D7%A2%D7%95%D7%91%D7%A8-%D7%A9%D7%A0%D7%A9%D7%90%D7%94-%D7%91%D7%A8%D7%97%D7%9E/|http://jus-tice.co.il/decision55016-06-17a/|http://jus-tice.co.il/cerebral-palsy/|http://jus-tice.co.il/%D7%A2%D7%95%D7%A8%D7%9A-%D7%93%D7%99%D7%9F-%D7%A8%D7%A9%D7%9C%D7%A0%D7%95%D7%AA-%D7%A8%D7%A4%D7%95%D7%90%D7%99%D7%AA-%D7%91%D7%9C%D7%99%D7%93%D7%94-%D7%9E%D7%95%D7%9E%D7%9C%D7%A5/|http://jus-tice.co.il/medical-malpractice-in-the-united-states/|http://jus-tice.co.il/medical-malpractice-lawyer/|http://jus-tice.co.il/%D7%A2%D7%95%D7%A8%D7%9A-%D7%93%D7%99%D7%9F-%D7%A8%D7%A9%D7%9C%D7%A0%D7%95%D7%AA-%D7%A8%D7%A4%D7%95%D7%90%D7%99%D7%AA-%D7%9E%D7%95%D7%9E%D7%9C%D7%A5/|http://jus-tice.co.il/%D7%A4%D7%A1%D7%93-%D7%91%D7%A2%D7%A0%D7%99%D7%99%D7%9F-%D7%AA%D7%91%D7%99%D7%A2%D7%AA-%D7%A4%D7%99%D7%A6%D7%95%D7%99%D7%99%D7%9D-%D7%9B%D7%A0%D7%92%D7%93-%D7%A8%D7%95%D7%A4%D7%90-%D7%A9%D7%99%D7%A0%D7%99%D7%99%D7%9D-%D7%AA%D7%90-9109-12-19/|http://jus-tice.co.il/%D7%9E%D7%93%D7%99%D7%A0%D7%AA-%D7%99%D7%A9%D7%A8%D7%90%D7%9C-%D7%A0-%D7%A7%D7%A8%D7%A4%D7%9C/|... +41 more,NEEDS_OWNER_REVIEW,NEEDS_MANUAL_INTENT_REVIEW,ANTI_CANNIBALIZATION_REVIEW_REQUIRED,OWNER_APPROVAL_REQUIRED,UNKNOWN_NEEDS_GSC,,,,PUBLIC_REST_HEURISTIC_V1;preferred_clean_pillar_slug_found=medical-malpractice-lawyer;do_not_redirect_without_GSC_and_owner_approval,MAP_AFTER_PRIMARY_SUPPORT_DECISIONS,NO_REDIRECT_OR_CANONICAL_CHANGE_APPROVED,"Choose primary, support, merge, rewrite, keep, and later redirect roles from protected URL evidence",NO_CMS_EDIT; NO_PUBLIC_UPLOAD; NO_REDIRECT; NO_CANONICAL_NOINDEX; NO_SITEMAP_CHANGE; NO_TAXONOMY_CHANGE,supporting=http://jus-tice.co.il/10918-10-19/|http://jus-tice.co.il/%D7%A2%D7%95%D7%A8%D7%9B%D7%99-%D7%93%D7%99%D7%9F-%D7%9E%D7%95%D7%91%D7%99%D7%9C%D7%99%D7%9D-%D7%91%D7%AA%D7%97%D7%95%D7%9D-%D7%A8%D7%A9%D7%9C%D7%A0%D7%95%D7%AA-%D7%A8%D7%A4%D7%95%D7%90%D7%99%D7%AA-%D7%91%D7%A2%D7%95%D7%9C%D7%9D/|http://jus-tice.co.il/articles/%D7%94%D7%A9%D7%95%D7%A4%D7%98%D7%AA-%D7%97%D7%99%D7%94-%D7%96%D7%A0%D7%93%D7%91%D7%A8%D7%92-%D7%A4%D7%A1%D7%93-%D7%91%D7%AA%D7%91%D7%99%D7%A2%D7%94-%D7%9C%D7%A4%D7%99%D7%A6%D7%95%D7%99%D7%99%D7%9D/|http://jus-tice.co.il/decision39696-06-16/|http://jus-tice.co.il/%D7%A4%D7%A1%D7%93-%D7%91%D7%AA%D7%91%D7%99%D7%A2%D7%94-%D7%A0%D7%92%D7%93-%D7%98%D7%A8%D7%9D-%D7%A8%D7%A9%D7%AA-%D7%9E%D7%A8%D7%9B%D7%96%D7%99%D7%9D-%D7%9C%D7%A8%D7%A4%D7%95%D7%90%D7%94-%D7%93%D7%97%D7%95%D7%A4%D7%94-%D7%A2%D7%9C-%D7%A8%D7%A9%D7%9C%D7%A0%D7%95%D7%AA-%D7%A8%D7%A4%D7%95%D7%90%D7%99%D7%AA-%D7%A9%D7%94%D7%95%D7%91%D7%99%D7%9C%D7%94-%D7%9C%D7%A4%D7%98%D7%99%D7%A8%D7%AA%D7%94-%D7%A9%D7%9C-%D7%90%D7%9D-%D7%95%D7%94%D7%A2%D7%95%D7%91%D7%A8-%D7%A9%D7%A0%D7%A9%D7%90%D7%94-%D7%91%D7%A8%D7%97%D7%9E/|http://jus-tice.co.il/decision55016-06-17a/|http://jus-tice.co.il/cerebral-palsy/|http://jus-tice.co.il/%D7%A2%D7%95%D7%A8%D7%9A-%D7%93%D7%99%D7%9F-%D7%A8%D7%A9%D7%9C%D7%A0%D7%95%D7%AA-%D7%A8%D7%A4%D7%95%D7%90%D7%99%D7%AA-%D7%91%D7%9C%D7%99%D7%93%D7%94-%D7%9E%D7%95%D7%9E%D7%9C%D7%A5/|http://jus-tice.co.il/medical-malpractice-in-the-united-states/|http://jus-tice.co.il/medical-malpractice-lawyer/|... +30 more; merge=; redirect_later=; keep=; PUBLIC_REST_HEURISTIC_V1;preferred_clean_pillar_slug_found=medical-malpractice-lawyer;do_not_redirect_without_GSC_and_owner_approval
