"checked_at","status","source_type","request_url","http_status","final_url","title","occurrence_type","occurrence_url","attribute","context","notes"
"2026-05-11T10:26:33","VERIFIED","sitemap_index","https://jus-tice.co.il/sitemap_index.xml","200","https://jus-tice.co.il/sitemap_index.xml","","none","","","","No first-party http://jus-tice.co.il references found."
"2026-05-11T10:26:34","VERIFIED","sitemap_child","https://jus-tice.co.il/page-sitemap.xml","200","https://jus-tice.co.il/page-sitemap.xml","","none","","","","No first-party http://jus-tice.co.il references found."
"2026-05-11T10:26:36","REVIEW","sitemap_child","https://jus-tice.co.il/articles-sitemap1.xml","200","https://jus-tice.co.il/articles-sitemap1.xml","","sitemap_loc_or_xml","http://jus-tice.co.il/wp-content/uploads/2025/10/unnamed-file.png","","mod>2025-10-19T07:14:56+00:00</lastmod> <image:image> <image:loc>http://jus-tice.co.il/wp-content/uploads/2025/10/unnamed-file.png</image:loc> </image:image> <image:image> <image:loc>http://jus-tice","First-party HTTP URL remains in public output; classify as theme-owned, plugin-owned, content-owned, or sitemap/cache-owned before changing anything."
"2026-05-11T10:26:36","REVIEW","sitemap_child","https://jus-tice.co.il/articles-sitemap1.xml","200","https://jus-tice.co.il/articles-sitemap1.xml","","sitemap_loc_or_xml","http://jus-tice.co.il/wp-content/uploads/2025/10/unnamed-file-1.png","","d-file.png</image:loc> </image:image> <image:image> <image:loc>http://jus-tice.co.il/wp-content/uploads/2025/10/unnamed-file-1.png</image:loc> </image:image> </url> <url> <loc>https://jus-tice.co.i","First-party HTTP URL remains in public output; classify as theme-owned, plugin-owned, content-owned, or sitemap/cache-owned before changing anything."
"2026-05-11T10:26:36","REVIEW","sitemap_child","https://jus-tice.co.il/articles-sitemap1.xml","200","https://jus-tice.co.il/articles-sitemap1.xml","","sitemap_loc_or_xml","http://jus-tice.co.il/wp-content/uploads/2020/01/real-estate-3337032_640.jpg","","mod>2025-10-15T08:19:20+00:00</lastmod> <image:image> <image:loc>http://jus-tice.co.il/wp-content/uploads/2020/01/real-estate-3337032_640.jpg</image:loc> </image:image> </url> <url> <loc>https://jus-","First-party HTTP URL remains in public output; classify as theme-owned, plugin-owned, content-owned, or sitemap/cache-owned before changing anything."
"2026-05-11T10:26:36","REVIEW","sitemap_child","https://jus-tice.co.il/articles-sitemap1.xml","200","https://jus-tice.co.il/articles-sitemap1.xml","","sitemap_loc_or_xml","http://jus-tice.co.il/wp-content/uploads/2025/08/word-image-12851-1.png","","mod>2025-08-31T08:21:52+00:00</lastmod> <image:image> <image:loc>http://jus-tice.co.il/wp-content/uploads/2025/08/word-image-12851-1.png</image:loc> </image:image> <image:image> <image:loc>http://ju","First-party HTTP URL remains in public output; classify as theme-owned, plugin-owned, content-owned, or sitemap/cache-owned before changing anything."
"2026-05-11T10:26:36","REVIEW","sitemap_child","https://jus-tice.co.il/articles-sitemap1.xml","200","https://jus-tice.co.il/articles-sitemap1.xml","","sitemap_loc_or_xml","http://jus-tice.co.il/wp-content/uploads/2025/08/word-image-12851-2.jpeg","","2851-1.png</image:loc> </image:image> <image:image> <image:loc>http://jus-tice.co.il/wp-content/uploads/2025/08/word-image-12851-2.jpeg</image:loc> </image:image> </url> <url> <loc>https://jus-tice","First-party HTTP URL remains in public output; classify as theme-owned, plugin-owned, content-owned, or sitemap/cache-owned before changing anything."
"2026-05-11T10:26:36","REVIEW","sitemap_child","https://jus-tice.co.il/articles-sitemap1.xml","200","https://jus-tice.co.il/articles-sitemap1.xml","","sitemap_loc_or_xml","http://jus-tice.co.il/wp-content/uploads/2025/05/FBI.png","","mod>2025-05-12T18:11:13+00:00</lastmod> <image:image> <image:loc>http://jus-tice.co.il/wp-content/uploads/2025/05/FBI.png</image:loc> </image:image> </url> <url> <loc>https://jus-tice.co.il/lahav-433","First-party HTTP URL remains in public output; classify as theme-owned, plugin-owned, content-owned, or sitemap/cache-owned before changing anything."
"2026-05-11T10:26:36","REVIEW","sitemap_child","https://jus-tice.co.il/articles-sitemap1.xml","200","https://jus-tice.co.il/articles-sitemap1.xml","","sitemap_loc_or_xml","http://jus-tice.co.il/wp-content/uploads/2025/05/%D7%9C%D7%94%D7%91-433-2025.png","","mod>2025-05-12T14:03:27+00:00</lastmod> <image:image> <image:loc>http://jus-tice.co.il/wp-content/uploads/2025/05/%D7%9C%D7%94%D7%91-433-2025.png</image:loc> </image:image> </url> <url> <loc>https://","First-party HTTP URL remains in public output; classify as theme-owned, plugin-owned, content-owned, or sitemap/cache-owned before changing anything."
"2026-05-11T10:26:36","REVIEW","sitemap_child","https://jus-tice.co.il/articles-sitemap1.xml","200","https://jus-tice.co.il/articles-sitemap1.xml","","sitemap_loc_or_xml","http://jus-tice.co.il/wp-content/uploads/2025/04/%D7%97%D7%A7%D7%99%D7%A8%D7%AA-%D7%9E%D7%A1-%D7%A4%D7%9C%D7%99%D7%9C%D7%99%D7%AA.png","","mod>2025-04-20T15:49:17+00:00</lastmod> <image:image> <image:loc>http://jus-tice.co.il/wp-content/uploads/2025/04/%D7%97%D7%A7%D7%99%D7%A8%D7%AA-%D7%9E%D7%A1-%D7%A4%D7%9C%D7%99%D7%9C%D7%99%D7%AA.png</image","First-party HTTP URL remains in public output; classify as theme-owned, plugin-owned, content-owned, or sitemap/cache-owned before changing anything."
"2026-05-11T10:26:36","REVIEW","sitemap_child","https://jus-tice.co.il/articles-sitemap1.xml","200","https://jus-tice.co.il/articles-sitemap1.xml","","sitemap_loc_or_xml","http://jus-tice.co.il/wp-content/uploads/2025/04/word-image-12394-1.jpeg","","mod>2025-04-02T10:58:22+00:00</lastmod> <image:image> <image:loc>http://jus-tice.co.il/wp-content/uploads/2025/04/word-image-12394-1.jpeg</image:loc> </image:image> </url> <url> <loc>https://jus-tice","First-party HTTP URL remains in public output; classify as theme-owned, plugin-owned, content-owned, or sitemap/cache-owned before changing anything."
"2026-05-11T10:26:36","REVIEW","sitemap_child","https://jus-tice.co.il/articles-sitemap1.xml","200","https://jus-tice.co.il/articles-sitemap1.xml","","sitemap_loc_or_xml","http://jus-tice.co.il/wp-content/uploads/2025/03/word-image-12389-1.jpeg","","mod>2025-03-27T09:50:11+00:00</lastmod> <image:image> <image:loc>http://jus-tice.co.il/wp-content/uploads/2025/03/word-image-12389-1.jpeg</image:loc> </image:image> </url> <url> <loc>https://jus-tice","First-party HTTP URL remains in public output; classify as theme-owned, plugin-owned, content-owned, or sitemap/cache-owned before changing anything."
"2026-05-11T10:26:36","REVIEW","sitemap_child","https://jus-tice.co.il/articles-sitemap1.xml","200","https://jus-tice.co.il/articles-sitemap1.xml","","sitemap_loc_or_xml","http://jus-tice.co.il/wp-content/uploads/2025/03/%D7%9E%D7%99%D7%A1%D7%95%D7%99-%D7%91%D7%99%D7%A0%D7%9C%D7%90%D7%95%D7%9E%D7%99.png","","mod>2025-03-26T18:55:47+00:00</lastmod> <image:image> <image:loc>http://jus-tice.co.il/wp-content/uploads/2025/03/%D7%9E%D7%99%D7%A1%D7%95%D7%99-%D7%91%D7%99%D7%A0%D7%9C%D7%90%D7%95%D7%9E%D7%99.png</image:","First-party HTTP URL remains in public output; classify as theme-owned, plugin-owned, content-owned, or sitemap/cache-owned before changing anything."
"2026-05-11T10:26:36","REVIEW","sitemap_child","https://jus-tice.co.il/articles-sitemap1.xml","200","https://jus-tice.co.il/articles-sitemap1.xml","","sitemap_loc_or_xml","http://jus-tice.co.il/wp-content/uploads/2025/03/tax-offenses-criminal-law.webp","","mod>2025-03-25T11:39:45+00:00</lastmod> <image:image> <image:loc>http://jus-tice.co.il/wp-content/uploads/2025/03/tax-offenses-criminal-law.webp</image:loc> </image:image> </url> <url> <loc>https://j","First-party HTTP URL remains in public output; classify as theme-owned, plugin-owned, content-owned, or sitemap/cache-owned before changing anything."
"2026-05-11T10:26:36","REVIEW","sitemap_child","https://jus-tice.co.il/articles-sitemap1.xml","200","https://jus-tice.co.il/articles-sitemap1.xml","","sitemap_loc_or_xml","http://jus-tice.co.il/wp-content/uploads/2025/03/word-image-12353-1.jpeg","","mod>2025-03-24T07:52:49+00:00</lastmod> <image:image> <image:loc>http://jus-tice.co.il/wp-content/uploads/2025/03/word-image-12353-1.jpeg</image:loc> </image:image> </url> <url> <loc>https://jus-tice","First-party HTTP URL remains in public output; classify as theme-owned, plugin-owned, content-owned, or sitemap/cache-owned before changing anything."
"2026-05-11T10:26:36","REVIEW","sitemap_child","https://jus-tice.co.il/articles-sitemap1.xml","200","https://jus-tice.co.il/articles-sitemap1.xml","","sitemap_loc_or_xml","http://jus-tice.co.il/wp-content/uploads/2025/03/word-image-12348-1.png","","mod>2025-03-24T07:35:39+00:00</lastmod> <image:image> <image:loc>http://jus-tice.co.il/wp-content/uploads/2025/03/word-image-12348-1.png</image:loc> </image:image> </url> <url> <loc>https://jus-tice.","First-party HTTP URL remains in public output; classify as theme-owned, plugin-owned, content-owned, or sitemap/cache-owned before changing anything."
"2026-05-11T10:26:36","REVIEW","sitemap_child","https://jus-tice.co.il/articles-sitemap1.xml","200","https://jus-tice.co.il/articles-sitemap1.xml","","sitemap_loc_or_xml","http://jus-tice.co.il/wp-content/uploads/2025/03/%D7%A2%D7%95%D7%A8%D7%9A-%D7%93%D7%99%D7%9F-%D7%A4%D7%99%D7%A0%D7%98%D7%A7.webp","","mod>2025-03-23T12:33:38+00:00</lastmod> <image:image> <image:loc>http://jus-tice.co.il/wp-content/uploads/2025/03/%D7%A2%D7%95%D7%A8%D7%9A-%D7%93%D7%99%D7%9F-%D7%A4%D7%99%D7%A0%D7%98%D7%A7.webp</image:loc>","First-party HTTP URL remains in public output; classify as theme-owned, plugin-owned, content-owned, or sitemap/cache-owned before changing anything."
"2026-05-11T10:26:36","REVIEW","sitemap_child","https://jus-tice.co.il/articles-sitemap1.xml","200","https://jus-tice.co.il/articles-sitemap1.xml","","sitemap_loc_or_xml","http://jus-tice.co.il/wp-content/uploads/2025/03/word-image-12312-1.png","","mod>2025-03-16T16:37:16+00:00</lastmod> <image:image> <image:loc>http://jus-tice.co.il/wp-content/uploads/2025/03/word-image-12312-1.png</image:loc> </image:image> <image:image> <image:loc>http://ju","First-party HTTP URL remains in public output; classify as theme-owned, plugin-owned, content-owned, or sitemap/cache-owned before changing anything."
"2026-05-11T10:26:36","REVIEW","sitemap_child","https://jus-tice.co.il/articles-sitemap1.xml","200","https://jus-tice.co.il/articles-sitemap1.xml","","sitemap_loc_or_xml","http://jus-tice.co.il/wp-content/uploads/2025/03/word-image-12312-2.png","","2312-1.png</image:loc> </image:image> <image:image> <image:loc>http://jus-tice.co.il/wp-content/uploads/2025/03/word-image-12312-2.png</image:loc> </image:image> <image:image> <image:loc>http://ju","First-party HTTP URL remains in public output; classify as theme-owned, plugin-owned, content-owned, or sitemap/cache-owned before changing anything."
"2026-05-11T10:26:36","REVIEW","sitemap_child","https://jus-tice.co.il/articles-sitemap1.xml","200","https://jus-tice.co.il/articles-sitemap1.xml","","sitemap_loc_or_xml","http://jus-tice.co.il/wp-content/uploads/2025/03/word-image-12312-4.png","","2312-2.png</image:loc> </image:image> <image:image> <image:loc>http://jus-tice.co.il/wp-content/uploads/2025/03/word-image-12312-4.png</image:loc> </image:image> <image:image> <image:loc>http://ju","First-party HTTP URL remains in public output; classify as theme-owned, plugin-owned, content-owned, or sitemap/cache-owned before changing anything."
"2026-05-11T10:26:36","REVIEW","sitemap_child","https://jus-tice.co.il/articles-sitemap1.xml","200","https://jus-tice.co.il/articles-sitemap1.xml","","sitemap_loc_or_xml","http://jus-tice.co.il/wp-content/uploads/2025/03/word-image-12312-5.png","","2312-4.png</image:loc> </image:image> <image:image> <image:loc>http://jus-tice.co.il/wp-content/uploads/2025/03/word-image-12312-5.png</image:loc> </image:image> </url> <url> <loc>https://jus-tice.","First-party HTTP URL remains in public output; classify as theme-owned, plugin-owned, content-owned, or sitemap/cache-owned before changing anything."
"2026-05-11T10:26:36","REVIEW","sitemap_child","https://jus-tice.co.il/articles-sitemap1.xml","200","https://jus-tice.co.il/articles-sitemap1.xml","","sitemap_loc_or_xml","http://jus-tice.co.il/wp-content/uploads/2025/03/word-image-12309-1.jpeg","","mod>2025-03-16T16:23:39+00:00</lastmod> <image:image> <image:loc>http://jus-tice.co.il/wp-content/uploads/2025/03/word-image-12309-1.jpeg</image:loc> </image:image> </url> <url> <loc>https://jus-tice","First-party HTTP URL remains in public output; classify as theme-owned, plugin-owned, content-owned, or sitemap/cache-owned before changing anything."
"2026-05-11T10:26:36","REVIEW","sitemap_child","https://jus-tice.co.il/articles-sitemap1.xml","200","https://jus-tice.co.il/articles-sitemap1.xml","","sitemap_loc_or_xml","http://jus-tice.co.il/wp-content/uploads/2025/03/word-image-12305-1.jpeg","","mod>2025-03-16T16:13:46+00:00</lastmod> <image:image> <image:loc>http://jus-tice.co.il/wp-content/uploads/2025/03/word-image-12305-1.jpeg</image:loc> </image:image> </url> <url> <loc>https://jus-tice","First-party HTTP URL remains in public output; classify as theme-owned, plugin-owned, content-owned, or sitemap/cache-owned before changing anything."
"2026-05-11T10:26:36","REVIEW","sitemap_child","https://jus-tice.co.il/articles-sitemap1.xml","200","https://jus-tice.co.il/articles-sitemap1.xml","","sitemap_loc_or_xml","http://jus-tice.co.il/wp-content/uploads/2025/03/word-image-12295-1.tif","","mod>2025-03-16T16:05:27+00:00</lastmod> <image:image> <image:loc>http://jus-tice.co.il/wp-content/uploads/2025/03/word-image-12295-1.tif</image:loc> </image:image> <image:image> <image:loc>http://ju","First-party HTTP URL remains in public output; classify as theme-owned, plugin-owned, content-owned, or sitemap/cache-owned before changing anything."
"2026-05-11T10:26:36","REVIEW","sitemap_child","https://jus-tice.co.il/articles-sitemap1.xml","200","https://jus-tice.co.il/articles-sitemap1.xml","","sitemap_loc_or_xml","http://jus-tice.co.il/wp-content/uploads/2025/03/word-image-12295-2.tif","","2295-1.tif</image:loc> </image:image> <image:image> <image:loc>http://jus-tice.co.il/wp-content/uploads/2025/03/word-image-12295-2.tif</image:loc> </image:image> <image:image> <image:loc>http://ju","First-party HTTP URL remains in public output; classify as theme-owned, plugin-owned, content-owned, or sitemap/cache-owned before changing anything."
"2026-05-11T10:26:36","REVIEW","sitemap_child","https://jus-tice.co.il/articles-sitemap1.xml","200","https://jus-tice.co.il/articles-sitemap1.xml","","sitemap_loc_or_xml","http://jus-tice.co.il/wp-content/uploads/2025/03/word-image-12295-3.tif","","2295-2.tif</image:loc> </image:image> <image:image> <image:loc>http://jus-tice.co.il/wp-content/uploads/2025/03/word-image-12295-3.tif</image:loc> </image:image> <image:image> <image:loc>http://ju","First-party HTTP URL remains in public output; classify as theme-owned, plugin-owned, content-owned, or sitemap/cache-owned before changing anything."
"2026-05-11T10:26:36","REVIEW","sitemap_child","https://jus-tice.co.il/articles-sitemap1.xml","200","https://jus-tice.co.il/articles-sitemap1.xml","","sitemap_loc_or_xml","http://jus-tice.co.il/wp-content/uploads/2025/03/word-image-12295-4.tif","","2295-3.tif</image:loc> </image:image> <image:image> <image:loc>http://jus-tice.co.il/wp-content/uploads/2025/03/word-image-12295-4.tif</image:loc> </image:image> <image:image> <image:loc>http://ju","First-party HTTP URL remains in public output; classify as theme-owned, plugin-owned, content-owned, or sitemap/cache-owned before changing anything."
"2026-05-11T10:26:36","REVIEW","sitemap_child","https://jus-tice.co.il/articles-sitemap1.xml","200","https://jus-tice.co.il/articles-sitemap1.xml","","sitemap_loc_or_xml","http://jus-tice.co.il/wp-content/uploads/2025/03/word-image-12295-5.tif","","2295-4.tif</image:loc> </image:image> <image:image> <image:loc>http://jus-tice.co.il/wp-content/uploads/2025/03/word-image-12295-5.tif</image:loc> </image:image> <image:image> <image:loc>http://ju","First-party HTTP URL remains in public output; classify as theme-owned, plugin-owned, content-owned, or sitemap/cache-owned before changing anything."
"2026-05-11T10:26:36","REVIEW","sitemap_child","https://jus-tice.co.il/articles-sitemap1.xml","200","https://jus-tice.co.il/articles-sitemap1.xml","","sitemap_loc_or_xml","http://jus-tice.co.il/wp-content/uploads/2025/03/word-image-12295-6.tif","","2295-5.tif</image:loc> </image:image> <image:image> <image:loc>http://jus-tice.co.il/wp-content/uploads/2025/03/word-image-12295-6.tif</image:loc> </image:image> </url> <url> <loc>https://jus-tice.","First-party HTTP URL remains in public output; classify as theme-owned, plugin-owned, content-owned, or sitemap/cache-owned before changing anything."
"2026-05-11T10:26:36","REVIEW","sitemap_child","https://jus-tice.co.il/articles-sitemap1.xml","200","https://jus-tice.co.il/articles-sitemap1.xml","","sitemap_loc_or_xml","http://jus-tice.co.il/wp-content/uploads/2025/03/word-image-12291-1.jpeg","","mod>2025-03-16T15:58:20+00:00</lastmod> <image:image> <image:loc>http://jus-tice.co.il/wp-content/uploads/2025/03/word-image-12291-1.jpeg</image:loc> </image:image> </url> <url> <loc>https://jus-tice","First-party HTTP URL remains in public output; classify as theme-owned, plugin-owned, content-owned, or sitemap/cache-owned before changing anything."
"2026-05-11T10:26:36","REVIEW","sitemap_child","https://jus-tice.co.il/articles-sitemap1.xml","200","https://jus-tice.co.il/articles-sitemap1.xml","","sitemap_loc_or_xml","http://jus-tice.co.il/wp-content/uploads/2025/03/word-image-12141-1.png","","50x250.jpg</image:loc> </image:image> <image:image> <image:loc>http://jus-tice.co.il/wp-content/uploads/2025/03/word-image-12141-1.png</image:loc> </image:image> <image:image> <image:loc>http://ju","First-party HTTP URL remains in public output; classify as theme-owned, plugin-owned, content-owned, or sitemap/cache-owned before changing anything."
"2026-05-11T10:26:36","REVIEW","sitemap_child","https://jus-tice.co.il/articles-sitemap1.xml","200","https://jus-tice.co.il/articles-sitemap1.xml","","sitemap_loc_or_xml","http://jus-tice.co.il/wp-content/uploads/2025/03/word-image-12141-2.png","","2141-1.png</image:loc> </image:image> <image:image> <image:loc>http://jus-tice.co.il/wp-content/uploads/2025/03/word-image-12141-2.png</image:loc> </image:image> <image:image> <image:loc>http://ju","First-party HTTP URL remains in public output; classify as theme-owned, plugin-owned, content-owned, or sitemap/cache-owned before changing anything."
"2026-05-11T10:26:36","REVIEW","sitemap_child","https://jus-tice.co.il/articles-sitemap1.xml","200","https://jus-tice.co.il/articles-sitemap1.xml","","sitemap_loc_or_xml","http://jus-tice.co.il/wp-content/uploads/2025/03/word-image-12141-3.png","","2141-2.png</image:loc> </image:image> <image:image> <image:loc>http://jus-tice.co.il/wp-content/uploads/2025/03/word-image-12141-3.png</image:loc> </image:image> <image:image> <image:loc>http://ju","First-party HTTP URL remains in public output; classify as theme-owned, plugin-owned, content-owned, or sitemap/cache-owned before changing anything."
"2026-05-11T10:26:36","REVIEW","sitemap_child","https://jus-tice.co.il/articles-sitemap1.xml","200","https://jus-tice.co.il/articles-sitemap1.xml","","sitemap_loc_or_xml","http://jus-tice.co.il/wp-content/uploads/2025/03/word-image-12141-4.jpeg","","2141-3.png</image:loc> </image:image> <image:image> <image:loc>http://jus-tice.co.il/wp-content/uploads/2025/03/word-image-12141-4.jpeg</image:loc> </image:image> </url> <url> <loc>https://jus-tice","First-party HTTP URL remains in public output; classify as theme-owned, plugin-owned, content-owned, or sitemap/cache-owned before changing anything."
"2026-05-11T10:26:36","REVIEW","sitemap_child","https://jus-tice.co.il/articles-sitemap1.xml","200","https://jus-tice.co.il/articles-sitemap1.xml","","sitemap_loc_or_xml","http://jus-tice.co.il/wp-content/uploads/2025/03/word-image-12123-1.png","","50x250.jpg</image:loc> </image:image> <image:image> <image:loc>http://jus-tice.co.il/wp-content/uploads/2025/03/word-image-12123-1.png</image:loc> </image:image> <image:image> <image:loc>http://ju","First-party HTTP URL remains in public output; classify as theme-owned, plugin-owned, content-owned, or sitemap/cache-owned before changing anything."
"2026-05-11T10:26:36","REVIEW","sitemap_child","https://jus-tice.co.il/articles-sitemap1.xml","200","https://jus-tice.co.il/articles-sitemap1.xml","","sitemap_loc_or_xml","http://jus-tice.co.il/wp-content/uploads/2025/03/word-image-12123-2.png","","2123-1.png</image:loc> </image:image> <image:image> <image:loc>http://jus-tice.co.il/wp-content/uploads/2025/03/word-image-12123-2.png</image:loc> </image:image> <image:image> <image:loc>http://ju","First-party HTTP URL remains in public output; classify as theme-owned, plugin-owned, content-owned, or sitemap/cache-owned before changing anything."
"2026-05-11T10:26:36","REVIEW","sitemap_child","https://jus-tice.co.il/articles-sitemap1.xml","200","https://jus-tice.co.il/articles-sitemap1.xml","","sitemap_loc_or_xml","http://jus-tice.co.il/wp-content/uploads/2025/03/word-image-12123-3.png","","2123-2.png</image:loc> </image:image> <image:image> <image:loc>http://jus-tice.co.il/wp-content/uploads/2025/03/word-image-12123-3.png</image:loc> </image:image> <image:image> <image:loc>http://ju","First-party HTTP URL remains in public output; classify as theme-owned, plugin-owned, content-owned, or sitemap/cache-owned before changing anything."
"2026-05-11T10:26:36","REVIEW","sitemap_child","https://jus-tice.co.il/articles-sitemap1.xml","200","https://jus-tice.co.il/articles-sitemap1.xml","","sitemap_loc_or_xml","http://jus-tice.co.il/wp-content/uploads/2025/03/word-image-12123-4.png","","2123-3.png</image:loc> </image:image> <image:image> <image:loc>http://jus-tice.co.il/wp-content/uploads/2025/03/word-image-12123-4.png</image:loc> </image:image> <image:image> <image:loc>http://ju","First-party HTTP URL remains in public output; classify as theme-owned, plugin-owned, content-owned, or sitemap/cache-owned before changing anything."
"2026-05-11T10:26:36","REVIEW","sitemap_child","https://jus-tice.co.il/articles-sitemap1.xml","200","https://jus-tice.co.il/articles-sitemap1.xml","","sitemap_loc_or_xml","http://jus-tice.co.il/wp-content/uploads/2025/03/word-image-12123-5.png","","2123-4.png</image:loc> </image:image> <image:image> <image:loc>http://jus-tice.co.il/wp-content/uploads/2025/03/word-image-12123-5.png</image:loc> </image:image> <image:image> <image:loc>http://ju","First-party HTTP URL remains in public output; classify as theme-owned, plugin-owned, content-owned, or sitemap/cache-owned before changing anything."
"2026-05-11T10:26:36","REVIEW","sitemap_child","https://jus-tice.co.il/articles-sitemap1.xml","200","https://jus-tice.co.il/articles-sitemap1.xml","","sitemap_loc_or_xml","http://jus-tice.co.il/wp-content/uploads/2025/03/word-image-12123-6.jpeg","","2123-5.png</image:loc> </image:image> <image:image> <image:loc>http://jus-tice.co.il/wp-content/uploads/2025/03/word-image-12123-6.jpeg</image:loc> </image:image> </url> <url> <loc>https://jus-tice","First-party HTTP URL remains in public output; classify as theme-owned, plugin-owned, content-owned, or sitemap/cache-owned before changing anything."
"2026-05-11T10:26:36","REVIEW","sitemap_child","https://jus-tice.co.il/articles-sitemap1.xml","200","https://jus-tice.co.il/articles-sitemap1.xml","","sitemap_loc_or_xml","http://jus-tice.co.il/wp-content/uploads/2025/01/%D7%A2%D7%95%D7%A8%D7%9A-%D7%93%D7%99%D7%9F-%D7%A1%D7%99%D7%99%D7%91%D7%A8.png","","mod>2025-01-28T16:14:29+00:00</lastmod> <image:image> <image:loc>http://jus-tice.co.il/wp-content/uploads/2025/01/%D7%A2%D7%95%D7%A8%D7%9A-%D7%93%D7%99%D7%9F-%D7%A1%D7%99%D7%99%D7%91%D7%A8.png</image:loc>","First-party HTTP URL remains in public output; classify as theme-owned, plugin-owned, content-owned, or sitemap/cache-owned before changing anything."
"2026-05-11T10:26:38","REVIEW","sitemap_child","https://jus-tice.co.il/articles-sitemap2.xml","200","https://jus-tice.co.il/articles-sitemap2.xml","","sitemap_loc_or_xml","http://jus-tice.co.il/wp-content/uploads/2024/06/Flag_of_Costa_Rica.svg.png","","mod>2024-06-28T14:08:13+00:00</lastmod> <image:image> <image:loc>http://jus-tice.co.il/wp-content/uploads/2024/06/Flag_of_Costa_Rica.svg.png</image:loc> </image:image> </url> <url> <loc>https://jus-t","First-party HTTP URL remains in public output; classify as theme-owned, plugin-owned, content-owned, or sitemap/cache-owned before changing anything."
"2026-05-11T10:26:38","REVIEW","sitemap_child","https://jus-tice.co.il/articles-sitemap2.xml","200","https://jus-tice.co.il/articles-sitemap2.xml","","sitemap_loc_or_xml","http://jus-tice.co.il/wp-content/uploads/2024/05/%D7%A4%D7%A0%D7%A1%D7%99%D7%94-%D7%92%D7%99%D7%A8%D7%95%D7%A9%D7%99%D7%9F-2024.webp","","mod>2024-05-18T19:25:28+00:00</lastmod> <image:image> <image:loc>http://jus-tice.co.il/wp-content/uploads/2024/05/%D7%A4%D7%A0%D7%A1%D7%99%D7%94-%D7%92%D7%99%D7%A8%D7%95%D7%A9%D7%99%D7%9F-2024.webp</image:","First-party HTTP URL remains in public output; classify as theme-owned, plugin-owned, content-owned, or sitemap/cache-owned before changing anything."
"2026-05-11T10:26:38","REVIEW","sitemap_child","https://jus-tice.co.il/articles-sitemap2.xml","200","https://jus-tice.co.il/articles-sitemap2.xml","","sitemap_loc_or_xml","http://jus-tice.co.il/wp-content/uploads/2024/05/%D7%A0%D7%99%D7%94%D7%95%D7%9C-%D7%A0%D7%9B%D7%A1%D7%99%D7%9D.png","","mod>2024-05-06T09:38:04+00:00</lastmod> <image:image> <image:loc>http://jus-tice.co.il/wp-content/uploads/2024/05/%D7%A0%D7%99%D7%94%D7%95%D7%9C-%D7%A0%D7%9B%D7%A1%D7%99%D7%9D.png</image:loc> </image:ima","First-party HTTP URL remains in public output; classify as theme-owned, plugin-owned, content-owned, or sitemap/cache-owned before changing anything."
"2026-05-11T10:26:38","REVIEW","sitemap_child","https://jus-tice.co.il/articles-sitemap2.xml","200","https://jus-tice.co.il/articles-sitemap2.xml","","sitemap_loc_or_xml","http://jus-tice.co.il/wp-content/uploads/2021/05/criminal-defense-attorney.png","","mod>2024-04-04T07:51:40+00:00</lastmod> <image:image> <image:loc>http://jus-tice.co.il/wp-content/uploads/2021/05/criminal-defense-attorney.png</image:loc> </image:image> </url> <url> <loc>https://ju","First-party HTTP URL remains in public output; classify as theme-owned, plugin-owned, content-owned, or sitemap/cache-owned before changing anything."
"2026-05-11T10:26:38","REVIEW","sitemap_child","https://jus-tice.co.il/articles-sitemap2.xml","200","https://jus-tice.co.il/articles-sitemap2.xml","","sitemap_loc_or_xml","http://jus-tice.co.il/wp-content/uploads/2020/01/right-4703933_1280.jpg","","mod>2024-02-25T17:48:02+00:00</lastmod> <image:image> <image:loc>http://jus-tice.co.il/wp-content/uploads/2020/01/right-4703933_1280.jpg</image:loc> </image:image> <image:image> <image:loc>http://ju","First-party HTTP URL remains in public output; classify as theme-owned, plugin-owned, content-owned, or sitemap/cache-owned before changing anything."
"2026-05-11T10:26:38","REVIEW","sitemap_child","https://jus-tice.co.il/articles-sitemap2.xml","200","https://jus-tice.co.il/articles-sitemap2.xml","","sitemap_loc_or_xml","http://jus-tice.co.il/wp-content/uploads/2020/01/calculator-1680905_640.jpg","","3_1280.jpg</image:loc> </image:image> <image:image> <image:loc>http://jus-tice.co.il/wp-content/uploads/2020/01/calculator-1680905_640.jpg</image:loc> </image:image> </url> <url> <loc>https://jus-t","First-party HTTP URL remains in public output; classify as theme-owned, plugin-owned, content-owned, or sitemap/cache-owned before changing anything."
"2026-05-11T10:26:38","REVIEW","sitemap_child","https://jus-tice.co.il/articles-sitemap2.xml","200","https://jus-tice.co.il/articles-sitemap2.xml","","sitemap_loc_or_xml","http://jus-tice.co.il/wp-content/uploads/2020/01/renovate-1186336_640.jpg","","mod>2024-02-25T17:47:36+00:00</lastmod> <image:image> <image:loc>http://jus-tice.co.il/wp-content/uploads/2020/01/renovate-1186336_640.jpg</image:loc> </image:image> </url> <url> <loc>https://jus-tic","First-party HTTP URL remains in public output; classify as theme-owned, plugin-owned, content-owned, or sitemap/cache-owned before changing anything."
"2026-05-11T10:26:38","REVIEW","sitemap_child","https://jus-tice.co.il/articles-sitemap2.xml","200","https://jus-tice.co.il/articles-sitemap2.xml","","sitemap_loc_or_xml","http://jus-tice.co.il/wp-content/uploads/2019/03/poison-1481596_1920-e1580733526886.jpg","","mod>2024-02-25T17:46:57+00:00</lastmod> <image:image> <image:loc>http://jus-tice.co.il/wp-content/uploads/2019/03/poison-1481596_1920-e1580733526886.jpg</image:loc> </image:image> </url> <url> <loc>h","First-party HTTP URL remains in public output; classify as theme-owned, plugin-owned, content-owned, or sitemap/cache-owned before changing anything."
"2026-05-11T10:26:38","REVIEW","sitemap_child","https://jus-tice.co.il/articles-sitemap2.xml","200","https://jus-tice.co.il/articles-sitemap2.xml","","sitemap_loc_or_xml","http://jus-tice.co.il/wp-content/uploads/2019/02/wheelchair-749985_1920-e1580733499106.jpg","","mod>2024-02-25T17:45:40+00:00</lastmod> <image:image> <image:loc>http://jus-tice.co.il/wp-content/uploads/2019/02/wheelchair-749985_1920-e1580733499106.jpg</image:loc> </image:image> </url> <url> <lo","First-party HTTP URL remains in public output; classify as theme-owned, plugin-owned, content-owned, or sitemap/cache-owned before changing anything."
"2026-05-11T10:26:38","REVIEW","sitemap_child","https://jus-tice.co.il/articles-sitemap2.xml","200","https://jus-tice.co.il/articles-sitemap2.xml","","sitemap_loc_or_xml","http://jus-tice.co.il/wp-content/uploads/2024/02/%D7%AA%D7%94%D7%9C%D7%99%D7%9A-%D7%A7%D7%A0%D7%99%D7%99%D7%AA-%D7%93%D7%99%D7%A8%D7%94-%D7%91%D7%97%D7%95%D7%A5-%D7%9C%D7%90%D7%A8%D7%A5.webp","","mod>2024-02-21T12:00:14+00:00</lastmod> <image:image> <image:loc>http://jus-tice.co.il/wp-content/uploads/2024/02/%D7%AA%D7%94%D7%9C%D7%99%D7%9A-%D7%A7%D7%A0%D7%99%D7%99%D7%AA-%D7%93%D7%99%D7%A8%D7%94-%D7%","First-party HTTP URL remains in public output; classify as theme-owned, plugin-owned, content-owned, or sitemap/cache-owned before changing anything."
"2026-05-11T10:26:38","REVIEW","sitemap_child","https://jus-tice.co.il/articles-sitemap2.xml","200","https://jus-tice.co.il/articles-sitemap2.xml","","sitemap_loc_or_xml","http://jus-tice.co.il/wp-content/uploads/2024/02/%D7%A7%D7%A8%D7%9F-%D7%94%D7%92%D7%A0%D7%94-%D7%9E%D7%A9%D7%A4%D7%98%D7%99%D7%AA-2.webp","","mod>2024-02-18T17:12:29+00:00</lastmod> <image:image> <image:loc>http://jus-tice.co.il/wp-content/uploads/2024/02/%D7%A7%D7%A8%D7%9F-%D7%94%D7%92%D7%A0%D7%94-%D7%9E%D7%A9%D7%A4%D7%98%D7%99%D7%AA-2.webp</im","First-party HTTP URL remains in public output; classify as theme-owned, plugin-owned, content-owned, or sitemap/cache-owned before changing anything."
"2026-05-11T10:26:38","REVIEW","sitemap_child","https://jus-tice.co.il/articles-sitemap2.xml","200","https://jus-tice.co.il/articles-sitemap2.xml","","sitemap_loc_or_xml","http://jus-tice.co.il/wp-content/uploads/2023/12/portugal-real-estate.jpg","","mod>2024-02-05T20:36:21+00:00</lastmod> <image:image> <image:loc>http://jus-tice.co.il/wp-content/uploads/2023/12/portugal-real-estate.jpg</image:loc> </image:image> </url> <url> <loc>https://jus-tic","First-party HTTP URL remains in public output; classify as theme-owned, plugin-owned, content-owned, or sitemap/cache-owned before changing anything."
"2026-05-11T10:26:38","REVIEW","sitemap_child","https://jus-tice.co.il/articles-sitemap2.xml","200","https://jus-tice.co.il/articles-sitemap2.xml","","sitemap_loc_or_xml","http://jus-tice.co.il/wp-content/uploads/2024/01/%D7%95%D7%99%D7%96%D7%94-%D7%96%D7%94%D7%91-%D7%92%D7%95%D7%9C%D7%93%D7%9F-%D7%95%D7%99%D7%96%D7%94.png","","mod>2024-02-03T16:42:18+00:00</lastmod> <image:image> <image:loc>http://jus-tice.co.il/wp-content/uploads/2024/01/%D7%95%D7%99%D7%96%D7%94-%D7%96%D7%94%D7%91-%D7%92%D7%95%D7%9C%D7%93%D7%9F-%D7%95%D7%99%D7%","First-party HTTP URL remains in public output; classify as theme-owned, plugin-owned, content-owned, or sitemap/cache-owned before changing anything."
"2026-05-11T10:26:38","REVIEW","sitemap_child","https://jus-tice.co.il/articles-sitemap2.xml","200","https://jus-tice.co.il/articles-sitemap2.xml","","sitemap_loc_or_xml","http://jus-tice.co.il/wp-content/uploads/2019/11/agreement-balance-blur-business-261664-e1580734028111.jpg","","mod>2023-12-28T18:13:38+00:00</lastmod> <image:image> <image:loc>http://jus-tice.co.il/wp-content/uploads/2019/11/agreement-balance-blur-business-261664-e1580734028111.jpg</image:loc> </image:image> </u","First-party HTTP URL remains in public output; classify as theme-owned, plugin-owned, content-owned, or sitemap/cache-owned before changing anything."
"2026-05-11T10:26:38","REVIEW","sitemap_child","https://jus-tice.co.il/articles-sitemap2.xml","200","https://jus-tice.co.il/articles-sitemap2.xml","","sitemap_loc_or_xml","http://jus-tice.co.il/wp-content/uploads/2020/01/divorce-619195_640.jpg","","mod>2023-12-28T08:12:35+00:00</lastmod> <image:image> <image:loc>http://jus-tice.co.il/wp-content/uploads/2020/01/divorce-619195_640.jpg</image:loc> </image:image> </url> <url> <loc>https://jus-tice.","First-party HTTP URL remains in public output; classify as theme-owned, plugin-owned, content-owned, or sitemap/cache-owned before changing anything."
"2026-05-11T10:26:38","REVIEW","sitemap_child","https://jus-tice.co.il/articles-sitemap2.xml","200","https://jus-tice.co.il/articles-sitemap2.xml","","sitemap_loc_or_xml","http://jus-tice.co.il/wp-content/uploads/2023/09/real-estate-england.jpg","","mod>2023-12-25T18:32:59+00:00</lastmod> <image:image> <image:loc>http://jus-tice.co.il/wp-content/uploads/2023/09/real-estate-england.jpg</image:loc> </image:image> </url> <url> <loc>https://jus-tice","First-party HTTP URL remains in public output; classify as theme-owned, plugin-owned, content-owned, or sitemap/cache-owned before changing anything."
"2026-05-11T10:26:38","REVIEW","sitemap_child","https://jus-tice.co.il/articles-sitemap2.xml","200","https://jus-tice.co.il/articles-sitemap2.xml","","sitemap_loc_or_xml","http://jus-tice.co.il/wp-content/uploads/2022/12/thailand-lawyer.jpg","","mod>2023-12-09T16:49:40+00:00</lastmod> <image:image> <image:loc>http://jus-tice.co.il/wp-content/uploads/2022/12/thailand-lawyer.jpg</image:loc> </image:image> </url> <url> <loc>https://jus-tice.co.","First-party HTTP URL remains in public output; classify as theme-owned, plugin-owned, content-owned, or sitemap/cache-owned before changing anything."
"2026-05-11T10:26:39","REVIEW","sitemap_child","https://jus-tice.co.il/articles-sitemap3.xml","200","https://jus-tice.co.il/articles-sitemap3.xml","","sitemap_loc_or_xml","http://jus-tice.co.il/wp-content/uploads/2023/10/real-estate-trends.jpg","","mod>2023-10-04T18:29:44+00:00</lastmod> <image:image> <image:loc>http://jus-tice.co.il/wp-content/uploads/2023/10/real-estate-trends.jpg</image:loc> </image:image> </url> <url> <loc>https://jus-tice.","First-party HTTP URL remains in public output; classify as theme-owned, plugin-owned, content-owned, or sitemap/cache-owned before changing anything."
"2026-05-11T10:26:39","REVIEW","sitemap_child","https://jus-tice.co.il/articles-sitemap3.xml","200","https://jus-tice.co.il/articles-sitemap3.xml","","sitemap_loc_or_xml","http://jus-tice.co.il/wp-content/uploads/2022/02/israel-police.jpg","","mod>2023-04-14T18:01:17+00:00</lastmod> <image:image> <image:loc>http://jus-tice.co.il/wp-content/uploads/2022/02/israel-police.jpg</image:loc> </image:image> </url> <url> <loc>https://jus-tice.co.il","First-party HTTP URL remains in public output; classify as theme-owned, plugin-owned, content-owned, or sitemap/cache-owned before changing anything."
"2026-05-11T10:26:39","REVIEW","sitemap_child","https://jus-tice.co.il/articles-sitemap3.xml","200","https://jus-tice.co.il/articles-sitemap3.xml","","sitemap_loc_or_xml","http://jus-tice.co.il/wp-content/uploads/2021/04/GaryGenslerSEC.jpg","","mod>2023-04-02T16:42:32+00:00</lastmod> <image:image> <image:loc>http://jus-tice.co.il/wp-content/uploads/2021/04/GaryGenslerSEC.jpg</image:loc> </image:image> <image:image> <image:loc>http://jus-ti","First-party HTTP URL remains in public output; classify as theme-owned, plugin-owned, content-owned, or sitemap/cache-owned before changing anything."
"2026-05-11T10:26:39","REVIEW","sitemap_child","https://jus-tice.co.il/articles-sitemap3.xml","200","https://jus-tice.co.il/articles-sitemap3.xml","","sitemap_loc_or_xml","http://jus-tice.co.il/wp-content/uploads/2021/04/bitcoin.jpg","","lerSEC.jpg</image:loc> </image:image> <image:image> <image:loc>http://jus-tice.co.il/wp-content/uploads/2021/04/bitcoin.jpg</image:loc> </image:image> </url> <url> <loc>https://jus-tice.co.il/47565","First-party HTTP URL remains in public output; classify as theme-owned, plugin-owned, content-owned, or sitemap/cache-owned before changing anything."
"2026-05-11T10:26:41","REVIEW","sitemap_child","https://jus-tice.co.il/articles-sitemap4.xml","200","https://jus-tice.co.il/articles-sitemap4.xml","","sitemap_loc_or_xml","http://jus-tice.co.il/wp-content/uploads/2022/12/criminal-lawyer-tlv.jpg","","mod>2022-12-10T18:03:59+00:00</lastmod> <image:image> <image:loc>http://jus-tice.co.il/wp-content/uploads/2022/12/criminal-lawyer-tlv.jpg</image:loc> </image:image> </url> <url> <loc>https://jus-tice","First-party HTTP URL remains in public output; classify as theme-owned, plugin-owned, content-owned, or sitemap/cache-owned before changing anything."
"2026-05-11T10:26:41","REVIEW","sitemap_child","https://jus-tice.co.il/articles-sitemap4.xml","200","https://jus-tice.co.il/articles-sitemap4.xml","","sitemap_loc_or_xml","http://jus-tice.co.il/wp-content/uploads/2020/01/surgery-1807541_640.jpg","","mod>2022-09-21T16:51:10+00:00</lastmod> <image:image> <image:loc>http://jus-tice.co.il/wp-content/uploads/2020/01/surgery-1807541_640.jpg</image:loc> </image:image> </url> <url> <loc>https://jus-tice","First-party HTTP URL remains in public output; classify as theme-owned, plugin-owned, content-owned, or sitemap/cache-owned before changing anything."
"2026-05-11T10:26:41","REVIEW","sitemap_child","https://jus-tice.co.il/articles-sitemap4.xml","200","https://jus-tice.co.il/articles-sitemap4.xml","","sitemap_loc_or_xml","http://jus-tice.co.il/wp-content/uploads/2021/10/image-2021-10-12-at-12.33.48-PM.jpeg","","mod>2022-08-15T07:21:27+00:00</lastmod> <image:image> <image:loc>http://jus-tice.co.il/wp-content/uploads/2021/10/image-2021-10-12-at-12.33.48-PM.jpeg</image:loc> </image:image> <image:image> <image","First-party HTTP URL remains in public output; classify as theme-owned, plugin-owned, content-owned, or sitemap/cache-owned before changing anything."
"2026-05-11T10:26:41","REVIEW","sitemap_child","https://jus-tice.co.il/articles-sitemap4.xml","200","https://jus-tice.co.il/articles-sitemap4.xml","","sitemap_loc_or_xml","http://jus-tice.co.il/wp-content/uploads/2021/10/2021-10-12-at-12.33.47-PM.jpeg","","48-PM.jpeg</image:loc> </image:image> <image:image> <image:loc>http://jus-tice.co.il/wp-content/uploads/2021/10/2021-10-12-at-12.33.47-PM.jpeg</image:loc> </image:image> <image:image> <image:loc>h","First-party HTTP URL remains in public output; classify as theme-owned, plugin-owned, content-owned, or sitemap/cache-owned before changing anything."
"2026-05-11T10:26:41","REVIEW","sitemap_child","https://jus-tice.co.il/articles-sitemap4.xml","200","https://jus-tice.co.il/articles-sitemap4.xml","","sitemap_loc_or_xml","http://jus-tice.co.il/wp-content/uploads/2021/10/2021-10-12-at-12.33.48-PM.jpeg","","47-PM.jpeg</image:loc> </image:image> <image:image> <image:loc>http://jus-tice.co.il/wp-content/uploads/2021/10/2021-10-12-at-12.33.48-PM.jpeg</image:loc> </image:image> </url> <url> <loc>https://j","First-party HTTP URL remains in public output; classify as theme-owned, plugin-owned, content-owned, or sitemap/cache-owned before changing anything."
"2026-05-11T10:26:41","REVIEW","sitemap_child","https://jus-tice.co.il/articles-sitemap4.xml","200","https://jus-tice.co.il/articles-sitemap4.xml","","sitemap_loc_or_xml","http://jus-tice.co.il/wp-content/uploads/2019/12/shutterstock_763046476-scaled-e1580733655910.jpg","","mod>2022-07-17T17:15:10+00:00</lastmod> <image:image> <image:loc>http://jus-tice.co.il/wp-content/uploads/2019/12/shutterstock_763046476-scaled-e1580733655910.jpg</image:loc> </image:image> </url> <url","First-party HTTP URL remains in public output; classify as theme-owned, plugin-owned, content-owned, or sitemap/cache-owned before changing anything."
"2026-05-11T10:26:41","REVIEW","sitemap_child","https://jus-tice.co.il/articles-sitemap4.xml","200","https://jus-tice.co.il/articles-sitemap4.xml","","sitemap_loc_or_xml","http://jus-tice.co.il/wp-content/uploads/2022/06/tel-Aviv-lawyers.jpg","","mod>2022-06-08T11:21:32+00:00</lastmod> <image:image> <image:loc>http://jus-tice.co.il/wp-content/uploads/2022/06/tel-Aviv-lawyers.jpg</image:loc> </image:image> </url> <url> <loc>https://jus-tice.co","First-party HTTP URL remains in public output; classify as theme-owned, plugin-owned, content-owned, or sitemap/cache-owned before changing anything."
"2026-05-11T10:26:43","REVIEW","sitemap_child","https://jus-tice.co.il/articles-sitemap5.xml","200","https://jus-tice.co.il/articles-sitemap5.xml","","sitemap_loc_or_xml","http://jus-tice.co.il/wp-content/uploads/2019/12/shutterstock_710218210-scaled-e1580733668288.jpg","","mod>2021-08-21T14:02:08+00:00</lastmod> <image:image> <image:loc>http://jus-tice.co.il/wp-content/uploads/2019/12/shutterstock_710218210-scaled-e1580733668288.jpg</image:loc> </image:image> </url> <url","First-party HTTP URL remains in public output; classify as theme-owned, plugin-owned, content-owned, or sitemap/cache-owned before changing anything."
"2026-05-11T10:26:43","REVIEW","sitemap_child","https://jus-tice.co.il/articles-sitemap5.xml","200","https://jus-tice.co.il/articles-sitemap5.xml","","sitemap_loc_or_xml","http://jus-tice.co.il/wp-content/uploads/2021/03/%D7%94%D7%A1%D7%9B%D7%9D-%D7%92%D7%99%D7%A8%D7%95%D7%A9%D7%99%D7%9F-2021-%D7%9C%D7%94%D7%95%D7%A8%D7%93%D7%94.jpg","","mod>2021-08-19T12:57:37+00:00</lastmod> <image:image> <image:loc>http://jus-tice.co.il/wp-content/uploads/2021/03/%D7%94%D7%A1%D7%9B%D7%9D-%D7%92%D7%99%D7%A8%D7%95%D7%A9%D7%99%D7%9F-2021-%D7%9C%D7%94%D7%95","First-party HTTP URL remains in public output; classify as theme-owned, plugin-owned, content-owned, or sitemap/cache-owned before changing anything."
"2026-05-11T10:26:45","REVIEW","sitemap_child","https://jus-tice.co.il/articles-sitemap6.xml","200","https://jus-tice.co.il/articles-sitemap6.xml","","sitemap_loc_or_xml","http://jus-tice.co.il/wp-content/uploads/2020/01/job-4131482_640.jpg","","mod>2021-06-24T14:52:06+00:00</lastmod> <image:image> <image:loc>http://jus-tice.co.il/wp-content/uploads/2020/01/job-4131482_640.jpg</image:loc> </image:image> </url> <url> <loc>https://jus-tice.co.","First-party HTTP URL remains in public output; classify as theme-owned, plugin-owned, content-owned, or sitemap/cache-owned before changing anything."
"2026-05-11T10:26:45","REVIEW","sitemap_child","https://jus-tice.co.il/articles-sitemap6.xml","200","https://jus-tice.co.il/articles-sitemap6.xml","","sitemap_loc_or_xml","http://jus-tice.co.il/wp-content/uploads/2020/01/mayor-917147_640.jpg","","mod>2021-06-06T20:29:43+00:00</lastmod> <image:image> <image:loc>http://jus-tice.co.il/wp-content/uploads/2020/01/mayor-917147_640.jpg</image:loc> </image:image> </url> <url> <loc>https://jus-tice.co","First-party HTTP URL remains in public output; classify as theme-owned, plugin-owned, content-owned, or sitemap/cache-owned before changing anything."
"2026-05-11T10:26:45","REVIEW","sitemap_child","https://jus-tice.co.il/articles-sitemap6.xml","200","https://jus-tice.co.il/articles-sitemap6.xml","","sitemap_loc_or_xml","http://jus-tice.co.il/wp-content/uploads/2019/12/car-accident-337764_1280-e1580733427331.jpg","","mod>2021-06-03T19:46:37+00:00</lastmod> <image:image> <image:loc>http://jus-tice.co.il/wp-content/uploads/2019/12/car-accident-337764_1280-e1580733427331.jpg</image:loc> </image:image> </url> <url> <","First-party HTTP URL remains in public output; classify as theme-owned, plugin-owned, content-owned, or sitemap/cache-owned before changing anything."
"2026-05-11T10:26:45","REVIEW","sitemap_child","https://jus-tice.co.il/articles-sitemap6.xml","200","https://jus-tice.co.il/articles-sitemap6.xml","","sitemap_loc_or_xml","http://jus-tice.co.il/wp-content/uploads/2021/02/inheritence-order-form.jpg","","mod>2021-06-01T11:35:04+00:00</lastmod> <image:image> <image:loc>http://jus-tice.co.il/wp-content/uploads/2021/02/inheritence-order-form.jpg</image:loc> </image:image> <image:image> <image:loc>http:","First-party HTTP URL remains in public output; classify as theme-owned, plugin-owned, content-owned, or sitemap/cache-owned before changing anything."
"2026-05-11T10:26:45","REVIEW","sitemap_child","https://jus-tice.co.il/articles-sitemap6.xml","200","https://jus-tice.co.il/articles-sitemap6.xml","","sitemap_loc_or_xml","http://jus-tice.co.il/wp-content/uploads/2021/02/tashirhistalkut-1.jpg","","r-form.jpg</image:loc> </image:image> <image:image> <image:loc>http://jus-tice.co.il/wp-content/uploads/2021/02/tashirhistalkut-1.jpg</image:loc> </image:image> </url> <url> <loc>https://jus-tice.c","First-party HTTP URL remains in public output; classify as theme-owned, plugin-owned, content-owned, or sitemap/cache-owned before changing anything."
"2026-05-11T10:26:45","REVIEW","sitemap_child","https://jus-tice.co.il/articles-sitemap6.xml","200","https://jus-tice.co.il/articles-sitemap6.xml","","sitemap_loc_or_xml","http://jus-tice.co.il/wp-content/uploads/2020/06/%D7%94%D7%9B%D7%9C-%D7%A2%D7%9C-%D7%92%D7%99%D7%95%D7%A1-%D7%A2%D7%95%D7%91%D7%93%D7%99%D7%9D.jpg","","mod>2020-06-05T11:26:41+00:00</lastmod> <image:image> <image:loc>http://jus-tice.co.il/wp-content/uploads/2020/06/%D7%94%D7%9B%D7%9C-%D7%A2%D7%9C-%D7%92%D7%99%D7%95%D7%A1-%D7%A2%D7%95%D7%91%D7%93%D7%99%D7%","First-party HTTP URL remains in public output; classify as theme-owned, plugin-owned, content-owned, or sitemap/cache-owned before changing anything."
"2026-05-11T10:26:45","REVIEW","sitemap_child","https://jus-tice.co.il/articles-sitemap6.xml","200","https://jus-tice.co.il/articles-sitemap6.xml","","sitemap_loc_or_xml","http://jus-tice.co.il/wp-content/uploads/2020/03/%D7%AA%D7%A7%D7%A0%D7%95%D7%AA-%D7%94%D7%A7%D7%95%D7%A8%D7%95%D7%A0%D7%94.jpg","","mod>2020-03-25T12:57:47+00:00</lastmod> <image:image> <image:loc>http://jus-tice.co.il/wp-content/uploads/2020/03/%D7%AA%D7%A7%D7%A0%D7%95%D7%AA-%D7%94%D7%A7%D7%95%D7%A8%D7%95%D7%A0%D7%94.jpg</image:loc>","First-party HTTP URL remains in public output; classify as theme-owned, plugin-owned, content-owned, or sitemap/cache-owned before changing anything."
"2026-05-11T10:26:45","REVIEW","sitemap_child","https://jus-tice.co.il/articles-sitemap6.xml","200","https://jus-tice.co.il/articles-sitemap6.xml","","sitemap_loc_or_xml","http://jus-tice.co.il/wp-content/uploads/2020/03/%D7%AA%D7%A8%D7%A9%D7%99%D7%9D-%D7%A6%D7%95-%D7%94%D7%95%D7%A8%D7%95%D7%AA-%D7%A4%D7%A1%D7%99%D7%A7%D7%AA%D7%99-1.jpg","","mod>2020-03-09T01:05:19+00:00</lastmod> <image:image> <image:loc>http://jus-tice.co.il/wp-content/uploads/2020/03/%D7%AA%D7%A8%D7%A9%D7%99%D7%9D-%D7%A6%D7%95-%D7%94%D7%95%D7%A8%D7%95%D7%AA-%D7%A4%D7%A1%D7%","First-party HTTP URL remains in public output; classify as theme-owned, plugin-owned, content-owned, or sitemap/cache-owned before changing anything."
"2026-05-11T10:26:46","VERIFIED","sitemap_child","https://jus-tice.co.il/category-sitemap.xml","200","https://jus-tice.co.il/category-sitemap.xml","","none","","","","No first-party http://jus-tice.co.il references found."
"2026-05-11T10:26:47","REVIEW","html_page","https://jus-tice.co.il/?qa=http-internal-scan-20260511102646","200","https://jus-tice.co.il/?qa=http-internal-scan-20260511102646","עורכי דין בישראל | מדריך עורכי דין, מאמרים משפטיים וייעוץ","html_attribute","http://jus-tice.co.il/family-law/","href","<h2>תחומי משפט נפוצים</h2><ul class=""hero__quick-links""><li> <a href=""http://jus-tice.co.il/family-law/""> דיני משפחה <span>176</span> </a></li><li> <a href=""http://jus-tice.co.il/find-lawyer/""> עורך דין <span>1","First-party HTTP URL remains in public output; classify as theme-owned, plugin-owned, content-owned, or sitemap/cache-owned before changing anything."
"2026-05-11T10:26:47","REVIEW","html_page","https://jus-tice.co.il/?qa=http-internal-scan-20260511102646","200","https://jus-tice.co.il/?qa=http-internal-scan-20260511102646","עורכי דין בישראל | מדריך עורכי דין, מאמרים משפטיים וייעוץ","html_attribute","http://jus-tice.co.il/find-lawyer/","href","o.il/family-law/""> דיני משפחה <span>176</span> </a></li><li> <a href=""http://jus-tice.co.il/find-lawyer/""> עורך דין <span>171</span> </a></li><li> <a href=""http://jus-tice.co.il/criminal-law/""> משפט פלילי <span","First-party HTTP URL remains in public output; classify as theme-owned, plugin-owned, content-owned, or sitemap/cache-owned before changing anything."
"2026-05-11T10:26:47","REVIEW","html_page","https://jus-tice.co.il/?qa=http-internal-scan-20260511102646","200","https://jus-tice.co.il/?qa=http-internal-scan-20260511102646","עורכי דין בישראל | מדריך עורכי דין, מאמרים משפטיים וייעוץ","html_attribute","http://jus-tice.co.il/criminal-law/","href","co.il/find-lawyer/""> עורך דין <span>171</span> </a></li><li> <a href=""http://jus-tice.co.il/criminal-law/""> משפט פלילי <span>138</span> </a></li><li> <a href=""http://jus-tice.co.il/israeli-lawyer-explains-real-","First-party HTTP URL remains in public output; classify as theme-owned, plugin-owned, content-owned, or sitemap/cache-owned before changing anything."
"2026-05-11T10:26:47","REVIEW","html_page","https://jus-tice.co.il/?qa=http-internal-scan-20260511102646","200","https://jus-tice.co.il/?qa=http-internal-scan-20260511102646","עורכי דין בישראל | מדריך עורכי דין, מאמרים משפטיים וייעוץ","html_attribute","http://jus-tice.co.il/israeli-lawyer-explains-real-estate/","href","il/criminal-law/""> משפט פלילי <span>138</span> </a></li><li> <a href=""http://jus-tice.co.il/israeli-lawyer-explains-real-estate/""> מקרקעין | נדל""ן <span>95</span> </a></li><li> <a href=""http://jus-tice.co.","First-party HTTP URL remains in public output; classify as theme-owned, plugin-owned, content-owned, or sitemap/cache-owned before changing anything."
"2026-05-11T10:26:47","REVIEW","html_page","https://jus-tice.co.il/?qa=http-internal-scan-20260511102646","200","https://jus-tice.co.il/?qa=http-internal-scan-20260511102646","עורכי דין בישראל | מדריך עורכי דין, מאמרים משפטיים וייעוץ","raw_body","http://jus-tice.co.il/%D7%A7%D7%98%D7%92%D7%95%D7%A8%D7%99%D7%95%D7%AA-%D7%9E%D7%90%D7%9E%D7%A8%D7%99%D7%9D/%D7%93%D7%99%D7%A0%D7%99-%D7%9E%D7%A9%D7%A4%D7%97%D7%94/%D7%A4%D7%A1%D7%A7%D7%99-%D7%93%D7%99%D7%9F-%D7%97%D7%A9%D7%95%D7%91%D7%99%D7%9D/","","estate/""> מקרקעין | נדל""ן <span>95</span> </a></li><li> <a href=""http://jus-tice.co.il/%D7%A7%D7%98%D7%92%D7%95%D7%A8%D7%99%D7%95%D7%AA-%D7%9E%D7%90%D7%9E%D7%A8%D7%99%D7%9D/%D7%93%D7%99%D7%A0%D7%99-%D7%9E%","First-party HTTP URL remains in public output; classify as theme-owned, plugin-owned, content-owned, or sitemap/cache-owned before changing anything."
"2026-05-11T10:26:47","REVIEW","html_page","https://jus-tice.co.il/?qa=http-internal-scan-20260511102646","200","https://jus-tice.co.il/?qa=http-internal-scan-20260511102646","עורכי דין בישראל | מדריך עורכי דין, מאמרים משפטיים וייעוץ","raw_body","http://jus-tice.co.il/%D7%A7%D7%98%D7%92%D7%95%D7%A8%D7%99%D7%95%D7%AA-%D7%9E%D7%90%D7%9E%D7%A8%D7%99%D7%9D/%D7%A4%D7%95%D7%A8%D7%98%D7%95%D7%92%D7%9C/","","D7%99%D7%9D/""> פסקי דין חשובים <span>81</span> </a></li><li> <a href=""http://jus-tice.co.il/%D7%A7%D7%98%D7%92%D7%95%D7%A8%D7%99%D7%95%D7%AA-%D7%9E%D7%90%D7%9E%D7%A8%D7%99%D7%9D/%D7%A4%D7%95%D7%A8%D7%98%D7%95%D","First-party HTTP URL remains in public output; classify as theme-owned, plugin-owned, content-owned, or sitemap/cache-owned before changing anything."
"2026-05-11T10:26:47","REVIEW","html_page","https://jus-tice.co.il/?qa=http-internal-scan-20260511102646","200","https://jus-tice.co.il/?qa=http-internal-scan-20260511102646","עורכי דין בישראל | מדריך עורכי דין, מאמרים משפטיים וייעוץ","raw_body","http://jus-tice.co.il/%D7%A7%D7%98%D7%92%D7%95%D7%A8%D7%99%D7%95%D7%AA-%D7%9E%D7%90%D7%9E%D7%A8%D7%99%D7%9D/%D7%9E%D7%A9%D7%A4%D7%98-%D7%A4%D7%9C%D7%99%D7%9C%D7%99/%D7%A4%D7%9C%D7%99%D7%9C%D7%99-%D7%A4%D7%A1%D7%A7%D7%99-%D7%93%D7%99%D7%9F-%D7%97%D7%A9%D7%95%D7%91%D7%99%D7%9D/","","8%D7%95%D7%92%D7%9C/""> פורטוגל <span>44</span> </a></li><li> <a href=""http://jus-tice.co.il/%D7%A7%D7%98%D7%92%D7%95%D7%A8%D7%99%D7%95%D7%AA-%D7%9E%D7%90%D7%9E%D7%A8%D7%99%D7%9D/%D7%9E%D7%A9%D7%A4%D7%98-%D7%A4%","First-party HTTP URL remains in public output; classify as theme-owned, plugin-owned, content-owned, or sitemap/cache-owned before changing anything."
"2026-05-11T10:26:47","REVIEW","html_page","https://jus-tice.co.il/?qa=http-internal-scan-20260511102646","200","https://jus-tice.co.il/?qa=http-internal-scan-20260511102646","עורכי דין בישראל | מדריך עורכי דין, מאמרים משפטיים וייעוץ","raw_body","http://jus-tice.co.il/%D7%A7%D7%98%D7%92%D7%95%D7%A8%D7%99%D7%95%D7%AA-%D7%9E%D7%90%D7%9E%D7%A8%D7%99%D7%9D/%D7%93%D7%99%D7%A0%D7%99-%D7%9E%D7%A9%D7%A4%D7%97%D7%94/%D7%A4%D7%A1%D7%A7%D7%99-%D7%93%D7%99%D7%9F-%D7%92%D7%99%D7%A8%D7%95%D7%A9%D7%99%D7%95-%D7%93%D7%99%D7%A0%D7%99-%D7%9E%D7%A9%D7%A4%D7%97%D7%94-2022/","","D7%9D/""> פלילי פסקי דין חשובים <span>31</span> </a></li><li> <a href=""http://jus-tice.co.il/%D7%A7%D7%98%D7%92%D7%95%D7%A8%D7%99%D7%95%D7%AA-%D7%9E%D7%90%D7%9E%D7%A8%D7%99%D7%9D/%D7%93%D7%99%D7%A0%D7%99-%D7%9E%","First-party HTTP URL remains in public output; classify as theme-owned, plugin-owned, content-owned, or sitemap/cache-owned before changing anything."
"2026-05-11T10:26:47","REVIEW","html_page","https://jus-tice.co.il/?qa=http-internal-scan-20260511102646","200","https://jus-tice.co.il/?qa=http-internal-scan-20260511102646","עורכי דין בישראל | מדריך עורכי דין, מאמרים משפטיים וייעוץ","html_attribute","http://jus-tice.co.il/practice-areas/real-estate-law/","href","5rem; text-align: center;""> <a class=""practice-area-card__link"" href=""http://jus-tice.co.il/practice-areas/real-estate-law/"" style=""text-decoration: none; color: inherit; display: block; height: 100%;""><div cla","First-party HTTP URL remains in public output; classify as theme-owned, plugin-owned, content-owned, or sitemap/cache-owned before changing anything."
"2026-05-11T10:26:47","REVIEW","html_page","https://jus-tice.co.il/?qa=http-internal-scan-20260511102646","200","https://jus-tice.co.il/?qa=http-internal-scan-20260511102646","עורכי דין בישראל | מדריך עורכי דין, מאמרים משפטיים וייעוץ","raw_body","http://jus-tice.co.il/%D7%A7%D7%98%D7%92%D7%95%D7%A8%D7%99%D7%95%D7%AA-%D7%9E%D7%90%D7%9E%D7%A8%D7%99%D7%9D/%D7%90%D7%92%D7%95%D7%93%D7%95%D7%AA-%D7%A9%D7%99%D7%AA%D7%95%D7%A4%D7%99%D7%95%D7%AA/","","5rem; text-align: center;""> <a class=""practice-area-card__link"" href=""http://jus-tice.co.il/%D7%A7%D7%98%D7%92%D7%95%D7%A8%D7%99%D7%95%D7%AA-%D7%9E%D7%90%D7%9E%D7%A8%D7%99%D7%9D/%D7%90%D7%92%D7%95%D7%93%D7%95%D","First-party HTTP URL remains in public output; classify as theme-owned, plugin-owned, content-owned, or sitemap/cache-owned before changing anything."
"2026-05-11T10:26:47","REVIEW","html_page","https://jus-tice.co.il/?qa=http-internal-scan-20260511102646","200","https://jus-tice.co.il/?qa=http-internal-scan-20260511102646","עורכי דין בישראל | מדריך עורכי דין, מאמרים משפטיים וייעוץ","html_attribute","http://jus-tice.co.il/practice-areas/national-insurance/","href","5rem; text-align: center;""> <a class=""practice-area-card__link"" href=""http://jus-tice.co.il/practice-areas/national-insurance/"" style=""text-decoration: none; color: inherit; display: block; height: 100%;""><div","First-party HTTP URL remains in public output; classify as theme-owned, plugin-owned, content-owned, or sitemap/cache-owned before changing anything."
"2026-05-11T10:26:47","REVIEW","html_page","https://jus-tice.co.il/?qa=http-internal-scan-20260511102646","200","https://jus-tice.co.il/?qa=http-internal-scan-20260511102646","עורכי דין בישראל | מדריך עורכי דין, מאמרים משפטיים וייעוץ","html_attribute","http://jus-tice.co.il/rabbinical-court/","href","5rem; text-align: center;""> <a class=""practice-area-card__link"" href=""http://jus-tice.co.il/rabbinical-court/"" style=""text-decoration: none; color: inherit; display: block; height: 100%;""><div class=""practice-a","First-party HTTP URL remains in public output; classify as theme-owned, plugin-owned, content-owned, or sitemap/cache-owned before changing anything."
"2026-05-11T10:26:47","REVIEW","html_page","https://jus-tice.co.il/?qa=http-internal-scan-20260511102646","200","https://jus-tice.co.il/?qa=http-internal-scan-20260511102646","עורכי דין בישראל | מדריך עורכי דין, מאמרים משפטיים וייעוץ","html_attribute","http://jus-tice.co.il/family-court/","href","5rem; text-align: center;""> <a class=""practice-area-card__link"" href=""http://jus-tice.co.il/family-court/"" style=""text-decoration: none; color: inherit; display: block; height: 100%;""><div class=""practice-area-","First-party HTTP URL remains in public output; classify as theme-owned, plugin-owned, content-owned, or sitemap/cache-owned before changing anything."
"2026-05-11T10:26:47","REVIEW","html_page","https://jus-tice.co.il/?qa=http-internal-scan-20260511102646","200","https://jus-tice.co.il/?qa=http-internal-scan-20260511102646","עורכי דין בישראל | מדריך עורכי דין, מאמרים משפטיים וייעוץ","html_attribute","http://jus-tice.co.il/family-law/","href","5rem; text-align: center;""> <a class=""practice-area-card__link"" href=""http://jus-tice.co.il/family-law/"" style=""text-decoration: none; color: inherit; display: block; height: 100%;""><div class=""practice-area-ca","First-party HTTP URL remains in public output; classify as theme-owned, plugin-owned, content-owned, or sitemap/cache-owned before changing anything."
"2026-05-11T10:26:47","REVIEW","html_page","https://jus-tice.co.il/?qa=http-internal-scan-20260511102646","200","https://jus-tice.co.il/?qa=http-internal-scan-20260511102646","עורכי דין בישראל | מדריך עורכי דין, מאמרים משפטיים וייעוץ","raw_body","http://jus-tice.co.il/%D7%A7%D7%98%D7%92%D7%95%D7%A8%D7%99%D7%95%D7%AA-%D7%9E%D7%90%D7%9E%D7%A8%D7%99%D7%9D/%D7%93%D7%99%D7%A0%D7%99-%D7%A0%D7%96%D7%99%D7%A7%D7%99%D7%9F/","","5rem; text-align: center;""> <a class=""practice-area-card__link"" href=""http://jus-tice.co.il/%D7%A7%D7%98%D7%92%D7%95%D7%A8%D7%99%D7%95%D7%AA-%D7%9E%D7%90%D7%9E%D7%A8%D7%99%D7%9D/%D7%93%D7%99%D7%A0%D7%99-%D7%A0%","First-party HTTP URL remains in public output; classify as theme-owned, plugin-owned, content-owned, or sitemap/cache-owned before changing anything."
"2026-05-11T10:26:47","REVIEW","html_page","https://jus-tice.co.il/?qa=http-internal-scan-20260511102646","200","https://jus-tice.co.il/?qa=http-internal-scan-20260511102646","עורכי דין בישראל | מדריך עורכי דין, מאמרים משפטיים וייעוץ","html_attribute","http://jus-tice.co.il/practice-areas/tort-law/","href","5rem; text-align: center;""> <a class=""practice-area-card__link"" href=""http://jus-tice.co.il/practice-areas/tort-law/"" style=""text-decoration: none; color: inherit; display: block; height: 100%;""><div class=""pra","First-party HTTP URL remains in public output; classify as theme-owned, plugin-owned, content-owned, or sitemap/cache-owned before changing anything."
"2026-05-11T10:26:47","REVIEW","html_page","https://jus-tice.co.il/?qa=http-internal-scan-20260511102646","200","https://jus-tice.co.il/?qa=http-internal-scan-20260511102646","עורכי דין בישראל | מדריך עורכי דין, מאמרים משפטיים וייעוץ","html_attribute","http://jus-tice.co.il/israeli-labor-law/","href","5rem; text-align: center;""> <a class=""practice-area-card__link"" href=""http://jus-tice.co.il/israeli-labor-law/"" style=""text-decoration: none; color: inherit; display: block; height: 100%;""><div class=""practice-","First-party HTTP URL remains in public output; classify as theme-owned, plugin-owned, content-owned, or sitemap/cache-owned before changing anything."
"2026-05-11T10:27:03","REVIEW","html_page","https://jus-tice.co.il/articles/?qa=http-internal-scan-20260511102647","200","https://jus-tice.co.il/articles/?qa=http-internal-scan-20260511102647","מאמרים משפטיים לפי הבעיה שלכם | Jus-Tice","html_attribute","http://jus-tice.co.il/rabbinical-court/","href","ce-areas/insurance-law/""> ביטוח <span>5</span> </a></li><li> <a href=""http://jus-tice.co.il/rabbinical-court/""> בית הדין הרבני <span>6</span> </a></li><li> <a href=""http://jus-tice.co.il/supreme-court-of-israel","First-party HTTP URL remains in public output; classify as theme-owned, plugin-owned, content-owned, or sitemap/cache-owned before changing anything."
"2026-05-11T10:27:03","REVIEW","html_page","https://jus-tice.co.il/articles/?qa=http-internal-scan-20260511102647","200","https://jus-tice.co.il/articles/?qa=http-internal-scan-20260511102647","מאמרים משפטיים לפי הבעיה שלכם | Jus-Tice","html_attribute","http://jus-tice.co.il/supreme-court-of-israel/","href","binical-court/""> בית הדין הרבני <span>6</span> </a></li><li> <a href=""http://jus-tice.co.il/supreme-court-of-israel/""> בית המשפט העליון <span>4</span> </a></li><li> <a href=""http://jus-tice.co.il/family-court/""","First-party HTTP URL remains in public output; classify as theme-owned, plugin-owned, content-owned, or sitemap/cache-owned before changing anything."
"2026-05-11T10:27:03","REVIEW","html_page","https://jus-tice.co.il/articles/?qa=http-internal-scan-20260511102647","200","https://jus-tice.co.il/articles/?qa=http-internal-scan-20260511102647","מאמרים משפטיים לפי הבעיה שלכם | Jus-Tice","html_attribute","http://jus-tice.co.il/family-court/","href","t-of-israel/""> בית המשפט העליון <span>4</span> </a></li><li> <a href=""http://jus-tice.co.il/family-court/""> בית המשפט לענייני משפחה <span>4</span> </a></li><li> <a href=""https://jus-tice.co.il/practice-areas/bl","First-party HTTP URL remains in public output; classify as theme-owned, plugin-owned, content-owned, or sitemap/cache-owned before changing anything."
"2026-05-11T10:27:03","REVIEW","html_page","https://jus-tice.co.il/articles/?qa=http-internal-scan-20260511102647","200","https://jus-tice.co.il/articles/?qa=http-internal-scan-20260511102647","מאמרים משפטיים לפי הבעיה שלכם | Jus-Tice","html_attribute","http://jus-tice.co.il/review-of-divorce-by-divorce-lawyer-israel/","href","קצ'יין ומטבעות קריפטוגרפים <span>1</span> </a></li><li> <a href=""http://jus-tice.co.il/review-of-divorce-by-divorce-lawyer-israel/""> גירושין <span>28</span> </a></li><li> <a href=""http://jus-tice.co.il/fam","First-party HTTP URL remains in public output; classify as theme-owned, plugin-owned, content-owned, or sitemap/cache-owned before changing anything."
"2026-05-11T10:27:03","REVIEW","html_page","https://jus-tice.co.il/articles/?qa=http-internal-scan-20260511102647","200","https://jus-tice.co.il/articles/?qa=http-internal-scan-20260511102647","מאמרים משפטיים לפי הבעיה שלכם | Jus-Tice","html_attribute","http://jus-tice.co.il/family-law/","href","vorce-lawyer-israel/""> גירושין <span>28</span> </a></li><li> <a href=""http://jus-tice.co.il/family-law/""> דיני משפחה <span>176</span> </a></li><li> <a href=""http://jus-tice.co.il/practice-areas/tort-law/""> דיני","First-party HTTP URL remains in public output; classify as theme-owned, plugin-owned, content-owned, or sitemap/cache-owned before changing anything."
"2026-05-11T10:27:03","REVIEW","html_page","https://jus-tice.co.il/articles/?qa=http-internal-scan-20260511102647","200","https://jus-tice.co.il/articles/?qa=http-internal-scan-20260511102647","מאמרים משפטיים לפי הבעיה שלכם | Jus-Tice","html_attribute","http://jus-tice.co.il/practice-areas/tort-law/","href","o.il/family-law/""> דיני משפחה <span>176</span> </a></li><li> <a href=""http://jus-tice.co.il/practice-areas/tort-law/""> דיני נזיקין <span>1</span> </a></li><li> <a href=""http://jus-tice.co.il/%D7%A7%D7%98%D7%92%","First-party HTTP URL remains in public output; classify as theme-owned, plugin-owned, content-owned, or sitemap/cache-owned before changing anything."
"2026-05-11T10:27:03","REVIEW","html_page","https://jus-tice.co.il/articles/?qa=http-internal-scan-20260511102647","200","https://jus-tice.co.il/articles/?qa=http-internal-scan-20260511102647","מאמרים משפטיים לפי הבעיה שלכם | Jus-Tice","raw_body","http://jus-tice.co.il/%D7%A7%D7%98%D7%92%D7%95%D7%A8%D7%99%D7%95%D7%AA-%D7%9E%D7%90%D7%9E%D7%A8%D7%99%D7%9D/%D7%93%D7%99%D7%A0%D7%99-%D7%A0%D7%96%D7%99%D7%A7%D7%99%D7%9F/","","e-areas/tort-law/""> דיני נזיקין <span>1</span> </a></li><li> <a href=""http://jus-tice.co.il/%D7%A7%D7%98%D7%92%D7%95%D7%A8%D7%99%D7%95%D7%AA-%D7%9E%D7%90%D7%9E%D7%A8%D7%99%D7%9D/%D7%93%D7%99%D7%A0%D7%99-%D7%A0%","First-party HTTP URL remains in public output; classify as theme-owned, plugin-owned, content-owned, or sitemap/cache-owned before changing anything."
"2026-05-11T10:27:03","REVIEW","html_page","https://jus-tice.co.il/articles/?qa=http-internal-scan-20260511102647","200","https://jus-tice.co.il/articles/?qa=http-internal-scan-20260511102647","מאמרים משפטיים לפי הבעיה שלכם | Jus-Tice","html_attribute","http://jus-tice.co.il/israeli-labor-law/","href","%A7%D7%99%D7%9F/""> דיני נזיקין <span>21</span> </a></li><li> <a href=""http://jus-tice.co.il/israeli-labor-law/""> דיני עבודה <span>18</span> </a></li><li> <a href=""http://jus-tice.co.il/%D7%A7%D7%98%D7%92%D7%95%","First-party HTTP URL remains in public output; classify as theme-owned, plugin-owned, content-owned, or sitemap/cache-owned before changing anything."
"2026-05-11T10:27:03","REVIEW","html_page","https://jus-tice.co.il/articles/?qa=http-internal-scan-20260511102647","200","https://jus-tice.co.il/articles/?qa=http-internal-scan-20260511102647","מאמרים משפטיים לפי הבעיה שלכם | Jus-Tice","raw_body","http://jus-tice.co.il/%D7%A7%D7%98%D7%92%D7%95%D7%A8%D7%99%D7%95%D7%AA-%D7%9E%D7%90%D7%9E%D7%A8%D7%99%D7%9D/%D7%93%D7%99%D7%A0%D7%99-%D7%AA%D7%A2%D7%91%D7%95%D7%A8%D7%94/","","sraeli-labor-law/""> דיני עבודה <span>18</span> </a></li><li> <a href=""http://jus-tice.co.il/%D7%A7%D7%98%D7%92%D7%95%D7%A8%D7%99%D7%95%D7%AA-%D7%9E%D7%90%D7%9E%D7%A8%D7%99%D7%9D/%D7%93%D7%99%D7%A0%D7%99-%D7%AA%","First-party HTTP URL remains in public output; classify as theme-owned, plugin-owned, content-owned, or sitemap/cache-owned before changing anything."
"2026-05-11T10:27:03","REVIEW","html_page","https://jus-tice.co.il/articles/?qa=http-internal-scan-20260511102647","200","https://jus-tice.co.il/articles/?qa=http-internal-scan-20260511102647","מאמרים משפטיים לפי הבעיה שלכם | Jus-Tice","raw_body","http://jus-tice.co.il/%D7%9E%D7%A9%D7%A8%D7%93-%D7%94%D7%9E%D7%A9%D7%A4%D7%98%D7%99%D7%9D-%D7%99%D7%A9%D7%A8%D7%90%D7%9C/%D7%A1%D7%A0%D7%99%D7%92%D7%95%D7%A8%D7%99%D7%94-%D7%A6%D7%99%D7%91%D7%95%D7%A8%D7%99%D7%AA/","","7%95%D7%A8%D7%94/""> דיני תעבורה <span>9</span> </a></li><li> <a href=""http://jus-tice.co.il/%D7%9E%D7%A9%D7%A8%D7%93-%D7%94%D7%9E%D7%A9%D7%A4%D7%98%D7%99%D7%9D-%D7%99%D7%A9%D7%A8%D7%90%D7%9C/%D7%A1%D7%A0%D7%99%","First-party HTTP URL remains in public output; classify as theme-owned, plugin-owned, content-owned, or sitemap/cache-owned before changing anything."
"2026-05-11T10:27:03","REVIEW","html_page","https://jus-tice.co.il/articles/?qa=http-internal-scan-20260511102647","200","https://jus-tice.co.il/articles/?qa=http-internal-scan-20260511102647","מאמרים משפטיים לפי הבעיה שלכם | Jus-Tice","raw_body","http://jus-tice.co.il/%D7%A7%D7%98%D7%92%D7%95%D7%A8%D7%99%D7%95%D7%AA-%D7%9E%D7%90%D7%9E%D7%A8%D7%99%D7%9D/%D7%9B%D7%A0%D7%A1%D7%AA-%D7%99%D7%A9%D7%A8%D7%90%D7%9C/","","0%d7%95%d7%aa/""> ירושות וצוואות <span>1</span> </a></li><li> <a href=""http://jus-tice.co.il/%D7%A7%D7%98%D7%92%D7%95%D7%A8%D7%99%D7%95%D7%AA-%D7%9E%D7%90%D7%9E%D7%A8%D7%99%D7%9D/%D7%9B%D7%A0%D7%A1%D7%AA-%D7%99%","First-party HTTP URL remains in public output; classify as theme-owned, plugin-owned, content-owned, or sitemap/cache-owned before changing anything."
"2026-05-11T10:27:03","REVIEW","html_page","https://jus-tice.co.il/articles/?qa=http-internal-scan-20260511102647","200","https://jus-tice.co.il/articles/?qa=http-internal-scan-20260511102647","מאמרים משפטיים לפי הבעיה שלכם | Jus-Tice","raw_body","http://jus-tice.co.il/%D7%A7%D7%98%D7%92%D7%95%D7%A8%D7%99%D7%95%D7%AA-%D7%9E%D7%90%D7%9E%D7%A8%D7%99%D7%9D/%D7%93%D7%99%D7%A0%D7%99-%D7%9E%D7%A9%D7%A4%D7%97%D7%94/%D7%92%D7%99%D7%A8%D7%95%D7%A9%D7%99%D7%9F/%D7%9E%D7%96%D7%95%D7%A0%D7%95%D7%AA-%D7%99%D7%9C%D7%93%D7%99%D7%9D/","","ce-areas/defamation/""> לשון הרע <span>9</span> </a></li><li> <a href=""http://jus-tice.co.il/%D7%A7%D7%98%D7%92%D7%95%D7%A8%D7%99%D7%95%D7%AA-%D7%9E%D7%90%D7%9E%D7%A8%D7%99%D7%9D/%D7%93%D7%99%D7%A0%D7%99-%D7%9E%","First-party HTTP URL remains in public output; classify as theme-owned, plugin-owned, content-owned, or sitemap/cache-owned before changing anything."
"2026-05-11T10:27:03","REVIEW","html_page","https://jus-tice.co.il/articles/?qa=http-internal-scan-20260511102647","200","https://jus-tice.co.il/articles/?qa=http-internal-scan-20260511102647","מאמרים משפטיים לפי הבעיה שלכם | Jus-Tice","raw_body","http://jus-tice.co.il/%D7%A7%D7%98%D7%92%D7%95%D7%A8%D7%99%D7%95%D7%AA-%D7%9E%D7%90%D7%9E%D7%A8%D7%99%D7%9D/%D7%9E%D7%A1%D7%97%D7%A8%D7%99-%D7%90%D7%96%D7%A8%D7%97%D7%99/","","practice-areas/tax-law/""> מיסים <span>7</span> </a></li><li> <a href=""http://jus-tice.co.il/%D7%A7%D7%98%D7%92%D7%95%D7%A8%D7%99%D7%95%D7%AA-%D7%9E%D7%90%D7%9E%D7%A8%D7%99%D7%9D/%D7%9E%D7%A1%D7%97%D7%A8%D7%99-%","First-party HTTP URL remains in public output; classify as theme-owned, plugin-owned, content-owned, or sitemap/cache-owned before changing anything."
"2026-05-11T10:27:03","REVIEW","html_page","https://jus-tice.co.il/articles/?qa=http-internal-scan-20260511102647","200","https://jus-tice.co.il/articles/?qa=http-internal-scan-20260511102647","מאמרים משפטיים לפי הבעיה שלכם | Jus-Tice","html_attribute","http://jus-tice.co.il/israeli-lawyer-explains-real-estate/","href","%A8%D7%97%D7%99/""> מסחרי-אזרחי <span>16</span> </a></li><li> <a href=""http://jus-tice.co.il/israeli-lawyer-explains-real-estate/""> מקרקעין | נדל""ן <span>95</span> </a></li><li> <a href=""http://jus-tice.co.","First-party HTTP URL remains in public output; classify as theme-owned, plugin-owned, content-owned, or sitemap/cache-owned before changing anything."
"2026-05-11T10:27:03","REVIEW","html_page","https://jus-tice.co.il/articles/?qa=http-internal-scan-20260511102647","200","https://jus-tice.co.il/articles/?qa=http-internal-scan-20260511102647","מאמרים משפטיים לפי הבעיה שלכם | Jus-Tice","html_attribute","http://jus-tice.co.il/what-is-child-custody/","href","estate/""> מקרקעין | נדל""ן <span>95</span> </a></li><li> <a href=""http://jus-tice.co.il/what-is-child-custody/""> משמורת ילדים <span>2</span> </a></li><li> <a href=""https://jus-tice.co.il/practice-areas/admi","First-party HTTP URL remains in public output; classify as theme-owned, plugin-owned, content-owned, or sitemap/cache-owned before changing anything."
"2026-05-11T10:27:03","REVIEW","html_page","https://jus-tice.co.il/articles/?qa=http-internal-scan-20260511102647","200","https://jus-tice.co.il/articles/?qa=http-internal-scan-20260511102647","מאמרים משפטיים לפי הבעיה שלכם | Jus-Tice","html_attribute","http://jus-tice.co.il/practice-areas/commercial-law/","href","dministrative-law/""> משפט מנהלי <span>2</span> </a></li><li> <a href=""http://jus-tice.co.il/practice-areas/commercial-law/""> משפט מסחרי <span>1</span> </a></li><li> <a href=""http://jus-tice.co.il/criminal-law/""","First-party HTTP URL remains in public output; classify as theme-owned, plugin-owned, content-owned, or sitemap/cache-owned before changing anything."
"2026-05-11T10:27:03","REVIEW","html_page","https://jus-tice.co.il/articles/?qa=http-internal-scan-20260511102647","200","https://jus-tice.co.il/articles/?qa=http-internal-scan-20260511102647","מאמרים משפטיים לפי הבעיה שלכם | Jus-Tice","html_attribute","http://jus-tice.co.il/criminal-law/","href","as/commercial-law/""> משפט מסחרי <span>1</span> </a></li><li> <a href=""http://jus-tice.co.il/criminal-law/""> משפט פלילי <span>138</span> </a></li><li> <a href=""http://jus-tice.co.il/department-of-justice/""> משרד","First-party HTTP URL remains in public output; classify as theme-owned, plugin-owned, content-owned, or sitemap/cache-owned before changing anything."
"2026-05-11T10:27:03","REVIEW","html_page","https://jus-tice.co.il/articles/?qa=http-internal-scan-20260511102647","200","https://jus-tice.co.il/articles/?qa=http-internal-scan-20260511102647","מאמרים משפטיים לפי הבעיה שלכם | Jus-Tice","html_attribute","http://jus-tice.co.il/department-of-justice/","href","il/criminal-law/""> משפט פלילי <span>138</span> </a></li><li> <a href=""http://jus-tice.co.il/department-of-justice/""> משרד המשפטים <span>16</span> </a></li><li> <a href=""http://jus-tice.co.il/cyber-law/""> סייבר","First-party HTTP URL remains in public output; classify as theme-owned, plugin-owned, content-owned, or sitemap/cache-owned before changing anything."
"2026-05-11T10:27:03","REVIEW","html_page","https://jus-tice.co.il/articles/?qa=http-internal-scan-20260511102647","200","https://jus-tice.co.il/articles/?qa=http-internal-scan-20260511102647","מאמרים משפטיים לפי הבעיה שלכם | Jus-Tice","html_attribute","http://jus-tice.co.il/cyber-law/","href","ent-of-justice/""> משרד המשפטים <span>16</span> </a></li><li> <a href=""http://jus-tice.co.il/cyber-law/""> סייבר <span>8</span> </a></li><li> <a href=""http://jus-tice.co.il/%D7%A7%D7%98%D7%92%D7%95%D7%A8%D7%99%D7","First-party HTTP URL remains in public output; classify as theme-owned, plugin-owned, content-owned, or sitemap/cache-owned before changing anything."
"2026-05-11T10:27:03","REVIEW","html_page","https://jus-tice.co.il/articles/?qa=http-internal-scan-20260511102647","200","https://jus-tice.co.il/articles/?qa=http-internal-scan-20260511102647","מאמרים משפטיים לפי הבעיה שלכם | Jus-Tice","raw_body","http://jus-tice.co.il/%D7%A7%D7%98%D7%92%D7%95%D7%A8%D7%99%D7%95%D7%AA-%D7%9E%D7%90%D7%9E%D7%A8%D7%99%D7%9D/%D7%93%D7%99%D7%A0%D7%99-%D7%A0%D7%96%D7%99%D7%A7%D7%99%D7%9F/%D7%A2%D7%95%D7%93-%D7%A0%D7%96%D7%99%D7%A7%D7%99%D7%9F-%D7%A4%D7%A1%D7%A7%D7%99-%D7%93%D7%99%D7%9F/","","s-tice.co.il/cyber-law/""> סייבר <span>8</span> </a></li><li> <a href=""http://jus-tice.co.il/%D7%A7%D7%98%D7%92%D7%95%D7%A8%D7%99%D7%95%D7%AA-%D7%9E%D7%90%D7%9E%D7%A8%D7%99%D7%9D/%D7%93%D7%99%D7%A0%D7%99-%D7%A0%","First-party HTTP URL remains in public output; classify as theme-owned, plugin-owned, content-owned, or sitemap/cache-owned before changing anything."
"2026-05-11T10:27:03","REVIEW","html_page","https://jus-tice.co.il/articles/?qa=http-internal-scan-20260511102647","200","https://jus-tice.co.il/articles/?qa=http-internal-scan-20260511102647","מאמרים משפטיים לפי הבעיה שלכם | Jus-Tice","html_attribute","http://jus-tice.co.il/find-lawyer/","href","9F/""> עו""ד נזיקין פסקי דין <span>6</span> </a></li><li> <a href=""http://jus-tice.co.il/find-lawyer/""> עורך דין <span>171</span> </a></li><li> <a href=""http://jus-tice.co.il/%D7%A7%D7%98%D7%92%D7%95%D7%A8%D","First-party HTTP URL remains in public output; classify as theme-owned, plugin-owned, content-owned, or sitemap/cache-owned before changing anything."
"2026-05-11T10:27:03","REVIEW","html_page","https://jus-tice.co.il/articles/?qa=http-internal-scan-20260511102647","200","https://jus-tice.co.il/articles/?qa=http-internal-scan-20260511102647","מאמרים משפטיים לפי הבעיה שלכם | Jus-Tice","raw_body","http://jus-tice.co.il/%D7%A7%D7%98%D7%92%D7%95%D7%A8%D7%99%D7%95%D7%AA-%D7%9E%D7%90%D7%9E%D7%A8%D7%99%D7%9D/%D7%9E%D7%A9%D7%A4%D7%98-%D7%A4%D7%9C%D7%99%D7%9C%D7%99/%D7%A2%D7%95%D7%A8%D7%9A-%D7%93%D7%99%D7%9F-%D7%A4%D7%9C%D7%99%D7%9C%D7%99-%D7%A4%D7%A1%D7%A7%D7%99-%D7%93%D7%99%D7%9F-2022/","","co.il/find-lawyer/""> עורך דין <span>171</span> </a></li><li> <a href=""http://jus-tice.co.il/%D7%A7%D7%98%D7%92%D7%95%D7%A8%D7%99%D7%95%D7%AA-%D7%9E%D7%90%D7%9E%D7%A8%D7%99%D7%9D/%D7%9E%D7%A9%D7%A4%D7%98-%D7%A4%","First-party HTTP URL remains in public output; classify as theme-owned, plugin-owned, content-owned, or sitemap/cache-owned before changing anything."
"2026-05-11T10:27:03","REVIEW","html_page","https://jus-tice.co.il/articles/?qa=http-internal-scan-20260511102647","200","https://jus-tice.co.il/articles/?qa=http-internal-scan-20260511102647","מאמרים משפטיים לפי הבעיה שלכם | Jus-Tice","raw_body","http://jus-tice.co.il/%D7%A7%D7%98%D7%92%D7%95%D7%A8%D7%99%D7%95%D7%AA-%D7%9E%D7%90%D7%9E%D7%A8%D7%99%D7%9D/%D7%A4%D7%95%D7%A8%D7%98%D7%95%D7%92%D7%9C/","","eas/inheritance/""> ענייני ירושה <span>6</span> </a></li><li> <a href=""http://jus-tice.co.il/%D7%A7%D7%98%D7%92%D7%95%D7%A8%D7%99%D7%95%D7%AA-%D7%9E%D7%90%D7%9E%D7%A8%D7%99%D7%9D/%D7%A4%D7%95%D7%A8%D7%98%D7%95%D","First-party HTTP URL remains in public output; classify as theme-owned, plugin-owned, content-owned, or sitemap/cache-owned before changing anything."
"2026-05-11T10:27:03","REVIEW","html_page","https://jus-tice.co.il/articles/?qa=http-internal-scan-20260511102647","200","https://jus-tice.co.il/articles/?qa=http-internal-scan-20260511102647","מאמרים משפטיים לפי הבעיה שלכם | Jus-Tice","raw_body","http://jus-tice.co.il/%D7%A7%D7%98%D7%92%D7%95%D7%A8%D7%99%D7%95%D7%AA-%D7%9E%D7%90%D7%9E%D7%A8%D7%99%D7%9D/%D7%9E%D7%A9%D7%A4%D7%98-%D7%A4%D7%9C%D7%99%D7%9C%D7%99/%D7%A4%D7%9C%D7%99%D7%9C%D7%99-%D7%A4%D7%A1%D7%A7%D7%99-%D7%93%D7%99%D7%9F-%D7%97%D7%A9%D7%95%D7%91%D7%99%D7%9D/","","e-areas/compensation/""> פיצויים <span>6</span> </a></li><li> <a href=""http://jus-tice.co.il/%D7%A7%D7%98%D7%92%D7%95%D7%A8%D7%99%D7%95%D7%AA-%D7%9E%D7%90%D7%9E%D7%A8%D7%99%D7%9D/%D7%9E%D7%A9%D7%A4%D7%98-%D7%A4%","First-party HTTP URL remains in public output; classify as theme-owned, plugin-owned, content-owned, or sitemap/cache-owned before changing anything."
"2026-05-11T10:27:03","REVIEW","html_page","https://jus-tice.co.il/articles/?qa=http-internal-scan-20260511102647","200","https://jus-tice.co.il/articles/?qa=http-internal-scan-20260511102647","מאמרים משפטיים לפי הבעיה שלכם | Jus-Tice","raw_body","http://jus-tice.co.il/%D7%A7%D7%98%D7%92%D7%95%D7%A8%D7%99%D7%95%D7%AA-%D7%9E%D7%90%D7%9E%D7%A8%D7%99%D7%9D/%D7%93%D7%99%D7%A0%D7%99-%D7%9E%D7%A9%D7%A4%D7%97%D7%94/%D7%A4%D7%A1%D7%A7%D7%99-%D7%93%D7%99%D7%9F-%D7%92%D7%99%D7%A8%D7%95%D7%A9%D7%99%D7%95-%D7%93%D7%99%D7%A0%D7%99-%D7%9E%D7%A9%D7%A4%D7%97%D7%94-2022/","","D7%9D/""> פלילי פסקי דין חשובים <span>31</span> </a></li><li> <a href=""http://jus-tice.co.il/%D7%A7%D7%98%D7%92%D7%95%D7%A8%D7%99%D7%95%D7%AA-%D7%9E%D7%90%D7%9E%D7%A8%D7%99%D7%9D/%D7%93%D7%99%D7%A0%D7%99-%D7%9E%","First-party HTTP URL remains in public output; classify as theme-owned, plugin-owned, content-owned, or sitemap/cache-owned before changing anything."
"2026-05-11T10:27:03","REVIEW","html_page","https://jus-tice.co.il/articles/?qa=http-internal-scan-20260511102647","200","https://jus-tice.co.il/articles/?qa=http-internal-scan-20260511102647","מאמרים משפטיים לפי הבעיה שלכם | Jus-Tice","raw_body","http://jus-tice.co.il/%D7%A7%D7%98%D7%92%D7%95%D7%A8%D7%99%D7%95%D7%AA-%D7%9E%D7%90%D7%9E%D7%A8%D7%99%D7%9D/%D7%93%D7%99%D7%A0%D7%99-%D7%9E%D7%A9%D7%A4%D7%97%D7%94/%D7%A4%D7%A1%D7%A7%D7%99-%D7%93%D7%99%D7%9F-%D7%97%D7%A9%D7%95%D7%91%D7%99%D7%9D/","","קי דין גירושין דיני משפחה 2022 <span>30</span> </a></li><li> <a href=""http://jus-tice.co.il/%D7%A7%D7%98%D7%92%D7%95%D7%A8%D7%99%D7%95%D7%AA-%D7%9E%D7%90%D7%9E%D7%A8%D7%99%D7%9D/%D7%93%D7%99%D7%A0%D7%99-%D7%9E%","First-party HTTP URL remains in public output; classify as theme-owned, plugin-owned, content-owned, or sitemap/cache-owned before changing anything."
"2026-05-11T10:27:03","REVIEW","html_page","https://jus-tice.co.il/articles/?qa=http-internal-scan-20260511102647","200","https://jus-tice.co.il/articles/?qa=http-internal-scan-20260511102647","מאמרים משפטיים לפי הבעיה שלכם | Jus-Tice","raw_body","http://jus-tice.co.il/%D7%A7%D7%98%D7%92%D7%95%D7%A8%D7%99%D7%95%D7%AA-%D7%9E%D7%90%D7%9E%D7%A8%D7%99%D7%9D/%D7%9E%D7%A1%D7%97%D7%A8%D7%99-%D7%90%D7%96%D7%A8%D7%97%D7%99/%D7%A8%D7%99%D7%A9%D7%95%D7%99-%D7%A2%D7%A1%D7%A7%D7%99%D7%9D/","","7%97%d7%a0%d7%99/""> קניין רוחני <span>2</span> </a></li><li> <a href=""http://jus-tice.co.il/%D7%A7%D7%98%D7%92%D7%95%D7%A8%D7%99%D7%95%D7%AA-%D7%9E%D7%90%D7%9E%D7%A8%D7%99%D7%9D/%D7%9E%D7%A1%D7%97%D7%A8%D7%99-%","First-party HTTP URL remains in public output; classify as theme-owned, plugin-owned, content-owned, or sitemap/cache-owned before changing anything."
"2026-05-11T10:27:04","VERIFIED","html_page","https://jus-tice.co.il/lawyers/?qa=http-internal-scan-20260511102703","200","https://jus-tice.co.il/lawyers/?qa=http-internal-scan-20260511102703","מדריך עורכי דין בישראל | Jus-Tice","none","","","","No first-party http://jus-tice.co.il references found."
"2026-05-11T10:27:09","REVIEW","html_page","https://jus-tice.co.il/family-law/?qa=http-internal-scan-20260511102704","200","https://jus-tice.co.il/family-law/?qa=http-internal-scan-20260511102704","עורך דין דיני משפחה | מדריך, מאמרים ועורכי דין","html_attribute","http://jus-tice.co.il/practice-areas/real-estate-law/","href","5rem; text-align: center;""> <a class=""practice-area-card__link"" href=""http://jus-tice.co.il/practice-areas/real-estate-law/"" style=""text-decoration: none; color: inherit; display: block; height: 100%;""><div cla","First-party HTTP URL remains in public output; classify as theme-owned, plugin-owned, content-owned, or sitemap/cache-owned before changing anything."
"2026-05-11T10:27:09","REVIEW","html_page","https://jus-tice.co.il/family-law/?qa=http-internal-scan-20260511102704","200","https://jus-tice.co.il/family-law/?qa=http-internal-scan-20260511102704","עורך דין דיני משפחה | מדריך, מאמרים ועורכי דין","raw_body","http://jus-tice.co.il/%D7%A7%D7%98%D7%92%D7%95%D7%A8%D7%99%D7%95%D7%AA-%D7%9E%D7%90%D7%9E%D7%A8%D7%99%D7%9D/%D7%90%D7%92%D7%95%D7%93%D7%95%D7%AA-%D7%A9%D7%99%D7%AA%D7%95%D7%A4%D7%99%D7%95%D7%AA/","","5rem; text-align: center;""> <a class=""practice-area-card__link"" href=""http://jus-tice.co.il/%D7%A7%D7%98%D7%92%D7%95%D7%A8%D7%99%D7%95%D7%AA-%D7%9E%D7%90%D7%9E%D7%A8%D7%99%D7%9D/%D7%90%D7%92%D7%95%D7%93%D7%95%D","First-party HTTP URL remains in public output; classify as theme-owned, plugin-owned, content-owned, or sitemap/cache-owned before changing anything."
"2026-05-11T10:27:09","REVIEW","html_page","https://jus-tice.co.il/family-law/?qa=http-internal-scan-20260511102704","200","https://jus-tice.co.il/family-law/?qa=http-internal-scan-20260511102704","עורך דין דיני משפחה | מדריך, מאמרים ועורכי דין","html_attribute","http://jus-tice.co.il/practice-areas/national-insurance/","href","5rem; text-align: center;""> <a class=""practice-area-card__link"" href=""http://jus-tice.co.il/practice-areas/national-insurance/"" style=""text-decoration: none; color: inherit; display: block; height: 100%;""><div","First-party HTTP URL remains in public output; classify as theme-owned, plugin-owned, content-owned, or sitemap/cache-owned before changing anything."
"2026-05-11T10:27:09","REVIEW","html_page","https://jus-tice.co.il/family-law/?qa=http-internal-scan-20260511102704","200","https://jus-tice.co.il/family-law/?qa=http-internal-scan-20260511102704","עורך דין דיני משפחה | מדריך, מאמרים ועורכי דין","html_attribute","http://jus-tice.co.il/rabbinical-court/","href","5rem; text-align: center;""> <a class=""practice-area-card__link"" href=""http://jus-tice.co.il/rabbinical-court/"" style=""text-decoration: none; color: inherit; display: block; height: 100%;""><div class=""practice-a","First-party HTTP URL remains in public output; classify as theme-owned, plugin-owned, content-owned, or sitemap/cache-owned before changing anything."
"2026-05-11T10:27:09","REVIEW","html_page","https://jus-tice.co.il/family-law/?qa=http-internal-scan-20260511102704","200","https://jus-tice.co.il/family-law/?qa=http-internal-scan-20260511102704","עורך דין דיני משפחה | מדריך, מאמרים ועורכי דין","html_attribute","http://jus-tice.co.il/supreme-court-of-israel/","href","5rem; text-align: center;""> <a class=""practice-area-card__link"" href=""http://jus-tice.co.il/supreme-court-of-israel/"" style=""text-decoration: none; color: inherit; display: block; height: 100%;""><div class=""pra","First-party HTTP URL remains in public output; classify as theme-owned, plugin-owned, content-owned, or sitemap/cache-owned before changing anything."
"2026-05-11T10:27:09","REVIEW","html_page","https://jus-tice.co.il/family-law/?qa=http-internal-scan-20260511102704","200","https://jus-tice.co.il/family-law/?qa=http-internal-scan-20260511102704","עורך דין דיני משפחה | מדריך, מאמרים ועורכי דין","html_attribute","http://jus-tice.co.il/family-court/","href","5rem; text-align: center;""> <a class=""practice-area-card__link"" href=""http://jus-tice.co.il/family-court/"" style=""text-decoration: none; color: inherit; display: block; height: 100%;""><div class=""practice-area-","First-party HTTP URL remains in public output; classify as theme-owned, plugin-owned, content-owned, or sitemap/cache-owned before changing anything."
"2026-05-11T10:27:11","REVIEW","html_page","https://jus-tice.co.il/find-lawyer-how-to-find-good-attorney/?qa=http-internal-scan-20260511102709","200","https://jus-tice.co.il/find-lawyer-how-to-find-good-attorney/?qa=http-internal-scan-20260511102709","איך למצוא עורך דין מומלץ? כיצד לבחור עו""ד טוב | Jus-Tice.co.il","html_attribute","http://jus-tice.co.il/find-lawyer/","href","/li><li class=""breadcrumbs__item""> <a class=""breadcrumbs__link"" href=""http://jus-tice.co.il/find-lawyer/""> <span class=""breadcrumbs__text"">עורך דין</span> </a></li><li class=""breadcrumbs__item breadcrumbs__item","First-party HTTP URL remains in public output; classify as theme-owned, plugin-owned, content-owned, or sitemap/cache-owned before changing anything."
"2026-05-11T10:27:11","REVIEW","html_page","https://jus-tice.co.il/find-lawyer-how-to-find-good-attorney/?qa=http-internal-scan-20260511102709","200","https://jus-tice.co.il/find-lawyer-how-to-find-good-attorney/?qa=http-internal-scan-20260511102709","איך למצוא עורך דין מומלץ? כיצד לבחור עו""ד טוב | Jus-Tice.co.il","html_attribute","http://jus-tice.co.il/find-lawyer/","href","=""container container--narrow""> <a class=""single-article__term"" href=""http://jus-tice.co.il/find-lawyer/"" style=""display: inline-block; margin-bottom: 1.2rem; font-size: 0.95rem; background: rgba(95, 126, 168,","First-party HTTP URL remains in public output; classify as theme-owned, plugin-owned, content-owned, or sitemap/cache-owned before changing anything."
"2026-05-11T10:27:11","REVIEW","html_page","https://jus-tice.co.il/find-lawyer-how-to-find-good-attorney/?qa=http-internal-scan-20260511102709","200","https://jus-tice.co.il/find-lawyer-how-to-find-good-attorney/?qa=http-internal-scan-20260511102709","איך למצוא עורך דין מומלץ? כיצד לבחור עו""ד טוב | Jus-Tice.co.il","html_attribute","http://jus-tice.co.il/find-lawyer/","href","חום המשפטי של המדריך.</p></div> <a class=""button button--ghost"" href=""http://jus-tice.co.il/find-lawyer/""> מעבר לתחום עורך דין </a></div></section></div></div></main><footer class=""site-footer"" role=""contentinf","First-party HTTP URL remains in public output; classify as theme-owned, plugin-owned, content-owned, or sitemap/cache-owned before changing anything."
"2026-05-11T10:27:13","REVIEW","html_page","https://jus-tice.co.il/drug-offenses-criminal-lawyer/?qa=http-internal-scan-20260511102711","200","https://jus-tice.co.il/drug-offenses-criminal-lawyer/?qa=http-internal-scan-20260511102711","עורך דין עבירות סמים | מדריך 2025 לתחום עבירות סמים | Jus-Tice.co.il","html_attribute","http://jus-tice.co.il/find-lawyer/","href","/li><li class=""breadcrumbs__item""> <a class=""breadcrumbs__link"" href=""http://jus-tice.co.il/find-lawyer/""> <span class=""breadcrumbs__text"">עורך דין</span> </a></li><li class=""breadcrumbs__item breadcrumbs__item","First-party HTTP URL remains in public output; classify as theme-owned, plugin-owned, content-owned, or sitemap/cache-owned before changing anything."
"2026-05-11T10:27:13","REVIEW","html_page","https://jus-tice.co.il/drug-offenses-criminal-lawyer/?qa=http-internal-scan-20260511102711","200","https://jus-tice.co.il/drug-offenses-criminal-lawyer/?qa=http-internal-scan-20260511102711","עורך דין עבירות סמים | מדריך 2025 לתחום עבירות סמים | Jus-Tice.co.il","html_attribute","http://jus-tice.co.il/find-lawyer/","href","=""container container--narrow""> <a class=""single-article__term"" href=""http://jus-tice.co.il/find-lawyer/"" style=""display: inline-block; margin-bottom: 1.2rem; font-size: 0.95rem; background: rgba(95, 126, 168,","First-party HTTP URL remains in public output; classify as theme-owned, plugin-owned, content-owned, or sitemap/cache-owned before changing anything."
"2026-05-11T10:27:14","REVIEW","html_page","https://jus-tice.co.il/real-estate-lawyer-cost-2025/?qa=http-internal-scan-20260511102713","200","https://jus-tice.co.il/real-estate-lawyer-cost-2025/?qa=http-internal-scan-20260511102713","עורך דין מכירת דירה מחיר (2025) | תפקידו של עורך הדין בעסקאות מקרקעין | Jus-Tice.co.il","html_attribute","http://jus-tice.co.il/israeli-lawyer-explains-real-estate/","href","/li><li class=""breadcrumbs__item""> <a class=""breadcrumbs__link"" href=""http://jus-tice.co.il/israeli-lawyer-explains-real-estate/""> <span class=""breadcrumbs__text"">מקרקעין | נדל""ן</span> </a></li><li class=","First-party HTTP URL remains in public output; classify as theme-owned, plugin-owned, content-owned, or sitemap/cache-owned before changing anything."
"2026-05-11T10:27:14","REVIEW","html_page","https://jus-tice.co.il/real-estate-lawyer-cost-2025/?qa=http-internal-scan-20260511102713","200","https://jus-tice.co.il/real-estate-lawyer-cost-2025/?qa=http-internal-scan-20260511102713","עורך דין מכירת דירה מחיר (2025) | תפקידו של עורך הדין בעסקאות מקרקעין | Jus-Tice.co.il","html_attribute","http://jus-tice.co.il/israeli-lawyer-explains-real-estate/","href","=""container container--narrow""> <a class=""single-article__term"" href=""http://jus-tice.co.il/israeli-lawyer-explains-real-estate/"" style=""display: inline-block; margin-bottom: 1.2rem; font-size: 0.95rem; backgro","First-party HTTP URL remains in public output; classify as theme-owned, plugin-owned, content-owned, or sitemap/cache-owned before changing anything."
"2026-05-11T10:27:16","REVIEW","html_page","https://jus-tice.co.il/mutual-divorce-agreement-2025/?qa=http-internal-scan-20260511102714","200","https://jus-tice.co.il/mutual-divorce-agreement-2025/?qa=http-internal-scan-20260511102714","איך מכינים הסכם לקראת גירושים בהסכמה של בני הזוג | מדריך 2025 + סקירת תהליך פתיחת תיק גירושין בבית הדין הרבני | Jus-Tice.co.il","html_attribute","http://jus-tice.co.il/family-law/","href","/li><li class=""breadcrumbs__item""> <a class=""breadcrumbs__link"" href=""http://jus-tice.co.il/family-law/""> <span class=""breadcrumbs__text"">דיני משפחה</span> </a></li><li class=""breadcrumbs__item breadcrumbs__ite","First-party HTTP URL remains in public output; classify as theme-owned, plugin-owned, content-owned, or sitemap/cache-owned before changing anything."
"2026-05-11T10:27:16","REVIEW","html_page","https://jus-tice.co.il/mutual-divorce-agreement-2025/?qa=http-internal-scan-20260511102714","200","https://jus-tice.co.il/mutual-divorce-agreement-2025/?qa=http-internal-scan-20260511102714","איך מכינים הסכם לקראת גירושים בהסכמה של בני הזוג | מדריך 2025 + סקירת תהליך פתיחת תיק גירושין בבית הדין הרבני | Jus-Tice.co.il","html_attribute","http://jus-tice.co.il/family-law/","href","=""container container--narrow""> <a class=""single-article__term"" href=""http://jus-tice.co.il/family-law/"" style=""display: inline-block; margin-bottom: 1.2rem; font-size: 0.95rem; background: rgba(95, 126, 168, 0","First-party HTTP URL remains in public output; classify as theme-owned, plugin-owned, content-owned, or sitemap/cache-owned before changing anything."
"2026-05-11T10:27:17","VERIFIED","sitemap_seed","https://jus-tice.co.il/sitemap_index.xml","200","https://jus-tice.co.il/sitemap_index.xml","","none","","","","No first-party http://jus-tice.co.il references found."
"2026-05-11T10:27:17","VERIFIED","text_seed","https://jus-tice.co.il/robots.txt","200","https://jus-tice.co.il/robots.txt","","none","","","","No first-party http://jus-tice.co.il references found."
"2026-05-11T10:27:19","VERIFIED","html_page","https://jus-tice.co.il/family-dispute-resolution/?qa=http-internal-scan-20260511102717","200","https://jus-tice.co.il/family-dispute-resolution/?qa=http-internal-scan-20260511102717","יישוב סכסוך במשפחה: מה קורה לפני תביעה ומה צריך להכין | Jus-Tice","none","","","","No first-party http://jus-tice.co.il references found."
"2026-05-11T10:27:21","VERIFIED","html_page","https://jus-tice.co.il/divorce-property-division/?qa=http-internal-scan-20260511102719","200","https://jus-tice.co.il/divorce-property-division/?qa=http-internal-scan-20260511102719","חלוקת רכוש בגירושין: נכסים, חובות, דירה, פנסיה ועסק משפחתי | Jus-Tic","none","","","","No first-party http://jus-tice.co.il references found."
"2026-05-11T10:27:22","VERIFIED","html_page","https://jus-tice.co.il/child-custody/?qa=http-internal-scan-20260511102721","200","https://jus-tice.co.il/child-custody/?qa=http-internal-scan-20260511102721","משמורת ילדים וזמני שהות: איך מתכננים הסדר שמתאים לילדים | Jus-Tice","none","","","","No first-party http://jus-tice.co.il references found."
"2026-05-11T10:27:24","VERIFIED","html_page","https://jus-tice.co.il/divorce-mediation/?qa=http-internal-scan-20260511102722","200","https://jus-tice.co.il/divorce-mediation/?qa=http-internal-scan-20260511102722","גישור גירושין: מתי זה נכון, איך מתכוננים ומה חשוב לבדוק | Jus-Tice","none","","","","No first-party http://jus-tice.co.il references found."
"2026-05-11T10:27:26","VERIFIED","html_page","https://jus-tice.co.il/child-support/?qa=http-internal-scan-20260511102724","200","https://jus-tice.co.il/child-support/?qa=http-internal-scan-20260511102724","מזונות ילדים: מדריך מעשי לפני הסכם, תביעה או שינוי מצב | Jus-Tice","none","","","","No first-party http://jus-tice.co.il references found."
"2026-05-11T10:27:27","VERIFIED","html_page","https://jus-tice.co.il/consensual-divorce/?qa=http-internal-scan-20260511102726","200","https://jus-tice.co.il/consensual-divorce/?qa=http-internal-scan-20260511102726","גירושין בהסכמה: איך בונים הסכם שמחזיק לאורך זמן | Jus-Tice","none","","","","No first-party http://jus-tice.co.il references found."
"2026-05-11T10:27:29","VERIFIED","html_page","https://jus-tice.co.il/divorce-lawyer/?qa=http-internal-scan-20260511102727","200","https://jus-tice.co.il/divorce-lawyer/?qa=http-internal-scan-20260511102727","עורך דין גירושין: מדריך עומק לבחירה נכונה, תהליך, עלויות, ילדים ורכו","none","","","","No first-party http://jus-tice.co.il references found."
"2026-05-11T10:27:31","VERIFIED","html_page","https://jus-tice.co.il/lawyer-plans/?qa=http-internal-scan-20260511102729","200","https://jus-tice.co.il/lawyer-plans/?qa=http-internal-scan-20260511102729","מסלולים לעורכי דין | Jus-Tice.co.il","none","","","","No first-party http://jus-tice.co.il references found."
"2026-05-11T10:27:32","VERIFIED","html_page","https://jus-tice.co.il/lawyer-dashboard/?qa=http-internal-scan-20260511102731","200","https://jus-tice.co.il/lawyer-dashboard/?qa=http-internal-scan-20260511102731","אזור אישי לעורכי דין | Jus-Tice.co.il","none","","","","No first-party http://jus-tice.co.il references found."
"2026-05-11T10:27:34","VERIFIED","html_page","https://jus-tice.co.il/lawyer-registration/?qa=http-internal-scan-20260511102732","200","https://jus-tice.co.il/lawyer-registration/?qa=http-internal-scan-20260511102732","הצטרפות עורכי דין | Jus-Tice.co.il","none","","","","No first-party http://jus-tice.co.il references found."
"2026-05-11T10:27:36","REVIEW","html_page","https://jus-tice.co.il/rabbinical-agreement-approval/?qa=http-internal-scan-20260511102734","200","https://jus-tice.co.il/rabbinical-agreement-approval/?qa=http-internal-scan-20260511102734","מדריך לאישור הסכם גירושין בבתי הדין הרבניים – 55 כללים מעשיים | Jus-Tice.co.il","html_attribute","http://jus-tice.co.il/family-law/","href","/li><li class=""breadcrumbs__item""> <a class=""breadcrumbs__link"" href=""http://jus-tice.co.il/family-law/""> <span class=""breadcrumbs__text"">דיני משפחה</span> </a></li><li class=""breadcrumbs__item breadcrumbs__ite","First-party HTTP URL remains in public output; classify as theme-owned, plugin-owned, content-owned, or sitemap/cache-owned before changing anything."
"2026-05-11T10:27:36","REVIEW","html_page","https://jus-tice.co.il/rabbinical-agreement-approval/?qa=http-internal-scan-20260511102734","200","https://jus-tice.co.il/rabbinical-agreement-approval/?qa=http-internal-scan-20260511102734","מדריך לאישור הסכם גירושין בבתי הדין הרבניים – 55 כללים מעשיים | Jus-Tice.co.il","html_attribute","http://jus-tice.co.il/family-law/","href","=""container container--narrow""> <a class=""single-article__term"" href=""http://jus-tice.co.il/family-law/"" style=""display: inline-block; margin-bottom: 1.2rem; font-size: 0.95rem; background: rgba(95, 126, 168, 0","First-party HTTP URL remains in public output; classify as theme-owned, plugin-owned, content-owned, or sitemap/cache-owned before changing anything."
"2026-05-11T10:27:37","REVIEW","html_page","https://jus-tice.co.il/most-recommended-family-lawyer/?qa=http-internal-scan-20260511102736","200","https://jus-tice.co.il/most-recommended-family-lawyer/?qa=http-internal-scan-20260511102736","המלצות 2026 עורך דין לענייני משפחה מומלץ | התייעצות עם עורך דין לענייני משפחה וירושה | Jus-Tice.co.il","html_attribute","http://jus-tice.co.il/family-law/","href","/li><li class=""breadcrumbs__item""> <a class=""breadcrumbs__link"" href=""http://jus-tice.co.il/family-law/""> <span class=""breadcrumbs__text"">דיני משפחה</span> </a></li><li class=""breadcrumbs__item breadcrumbs__ite","First-party HTTP URL remains in public output; classify as theme-owned, plugin-owned, content-owned, or sitemap/cache-owned before changing anything."
"2026-05-11T10:27:37","REVIEW","html_page","https://jus-tice.co.il/most-recommended-family-lawyer/?qa=http-internal-scan-20260511102736","200","https://jus-tice.co.il/most-recommended-family-lawyer/?qa=http-internal-scan-20260511102736","המלצות 2026 עורך דין לענייני משפחה מומלץ | התייעצות עם עורך דין לענייני משפחה וירושה | Jus-Tice.co.il","html_attribute","http://jus-tice.co.il/family-law/","href","=""container container--narrow""> <a class=""single-article__term"" href=""http://jus-tice.co.il/family-law/"" style=""display: inline-block; margin-bottom: 1.2rem; font-size: 0.95rem; background: rgba(95, 126, 168, 0","First-party HTTP URL remains in public output; classify as theme-owned, plugin-owned, content-owned, or sitemap/cache-owned before changing anything."
"2026-05-11T10:27:39","REVIEW","html_page","https://jus-tice.co.il/avoiding-mistakes-when-buying-property-in-cyprus/?qa=http-internal-scan-20260511102737","200","https://jus-tice.co.il/avoiding-mistakes-when-buying-property-in-cyprus/?qa=http-internal-scan-20260511102737","טעויות שיש להמנע מהן ברכישת נכס בקפריסין | Jus-Tice.co.il","html_attribute","http://jus-tice.co.il/israeli-lawyer-explains-real-estate/","href","/li><li class=""breadcrumbs__item""> <a class=""breadcrumbs__link"" href=""http://jus-tice.co.il/israeli-lawyer-explains-real-estate/""> <span class=""breadcrumbs__text"">מקרקעין | נדל""ן</span> </a></li><li class=","First-party HTTP URL remains in public output; classify as theme-owned, plugin-owned, content-owned, or sitemap/cache-owned before changing anything."
"2026-05-11T10:27:39","REVIEW","html_page","https://jus-tice.co.il/avoiding-mistakes-when-buying-property-in-cyprus/?qa=http-internal-scan-20260511102737","200","https://jus-tice.co.il/avoiding-mistakes-when-buying-property-in-cyprus/?qa=http-internal-scan-20260511102737","טעויות שיש להמנע מהן ברכישת נכס בקפריסין | Jus-Tice.co.il","html_attribute","http://jus-tice.co.il/israeli-lawyer-explains-real-estate/","href","=""container container--narrow""> <a class=""single-article__term"" href=""http://jus-tice.co.il/israeli-lawyer-explains-real-estate/"" style=""display: inline-block; margin-bottom: 1.2rem; font-size: 0.95rem; backgro","First-party HTTP URL remains in public output; classify as theme-owned, plugin-owned, content-owned, or sitemap/cache-owned before changing anything."
"2026-05-11T10:27:41","REVIEW","html_page","https://jus-tice.co.il/future-of-divorce-process/?qa=http-internal-scan-20260511102739","200","https://jus-tice.co.il/future-of-divorce-process/?qa=http-internal-scan-20260511102739","כיצד יראה בעתיד הליך גירושין - תחזית לשנים הבאות | Jus-Tice.co.il","html_attribute","http://jus-tice.co.il/family-law/","href","/li><li class=""breadcrumbs__item""> <a class=""breadcrumbs__link"" href=""http://jus-tice.co.il/family-law/""> <span class=""breadcrumbs__text"">דיני משפחה</span> </a></li><li class=""breadcrumbs__item breadcrumbs__ite","First-party HTTP URL remains in public output; classify as theme-owned, plugin-owned, content-owned, or sitemap/cache-owned before changing anything."
"2026-05-11T10:27:41","REVIEW","html_page","https://jus-tice.co.il/future-of-divorce-process/?qa=http-internal-scan-20260511102739","200","https://jus-tice.co.il/future-of-divorce-process/?qa=http-internal-scan-20260511102739","כיצד יראה בעתיד הליך גירושין - תחזית לשנים הבאות | Jus-Tice.co.il","html_attribute","http://jus-tice.co.il/family-law/","href","=""container container--narrow""> <a class=""single-article__term"" href=""http://jus-tice.co.il/family-law/"" style=""display: inline-block; margin-bottom: 1.2rem; font-size: 0.95rem; background: rgba(95, 126, 168, 0","First-party HTTP URL remains in public output; classify as theme-owned, plugin-owned, content-owned, or sitemap/cache-owned before changing anything."
"2026-05-11T10:27:43","REVIEW","html_page","https://jus-tice.co.il/experienced-family-law-attorney/?qa=http-internal-scan-20260511102741","200","https://jus-tice.co.il/experienced-family-law-attorney/?qa=http-internal-scan-20260511102741","עורך דין לענייני משפחה תותח מעל 20 שנות נסיון | ייעוץ חינם - נתונים עדכניים בדיני המשפחה | Jus-Tice.co.il","html_attribute","http://jus-tice.co.il/family-law/","href","/li><li class=""breadcrumbs__item""> <a class=""breadcrumbs__link"" href=""http://jus-tice.co.il/family-law/""> <span class=""breadcrumbs__text"">דיני משפחה</span> </a></li><li class=""breadcrumbs__item breadcrumbs__ite","First-party HTTP URL remains in public output; classify as theme-owned, plugin-owned, content-owned, or sitemap/cache-owned before changing anything."
"2026-05-11T10:27:43","REVIEW","html_page","https://jus-tice.co.il/experienced-family-law-attorney/?qa=http-internal-scan-20260511102741","200","https://jus-tice.co.il/experienced-family-law-attorney/?qa=http-internal-scan-20260511102741","עורך דין לענייני משפחה תותח מעל 20 שנות נסיון | ייעוץ חינם - נתונים עדכניים בדיני המשפחה | Jus-Tice.co.il","html_attribute","http://jus-tice.co.il/family-law/","href","=""container container--narrow""> <a class=""single-article__term"" href=""http://jus-tice.co.il/family-law/"" style=""display: inline-block; margin-bottom: 1.2rem; font-size: 0.95rem; background: rgba(95, 126, 168, 0","First-party HTTP URL remains in public output; classify as theme-owned, plugin-owned, content-owned, or sitemap/cache-owned before changing anything."
"2026-05-11T10:27:45","REVIEW","html_page","https://jus-tice.co.il/1396562-2/?qa=http-internal-scan-20260511102743","200","https://jus-tice.co.il/1396562-2/?qa=http-internal-scan-20260511102743","פס""ד ביטול החלטה לשלום בית ; הקפאת תשלום מזונות אישה | Jus-Tice.co.il","html_attribute","http://jus-tice.co.il/family-law/","href","/li><li class=""breadcrumbs__item""> <a class=""breadcrumbs__link"" href=""http://jus-tice.co.il/family-law/""> <span class=""breadcrumbs__text"">דיני משפחה</span> </a></li><li class=""breadcrumbs__item breadcrumbs__ite","First-party HTTP URL remains in public output; classify as theme-owned, plugin-owned, content-owned, or sitemap/cache-owned before changing anything."
"2026-05-11T10:27:45","REVIEW","html_page","https://jus-tice.co.il/1396562-2/?qa=http-internal-scan-20260511102743","200","https://jus-tice.co.il/1396562-2/?qa=http-internal-scan-20260511102743","פס""ד ביטול החלטה לשלום בית ; הקפאת תשלום מזונות אישה | Jus-Tice.co.il","html_attribute","http://jus-tice.co.il/family-law/","href","=""container container--narrow""> <a class=""single-article__term"" href=""http://jus-tice.co.il/family-law/"" style=""display: inline-block; margin-bottom: 1.2rem; font-size: 0.95rem; background: rgba(95, 126, 168, 0","First-party HTTP URL remains in public output; classify as theme-owned, plugin-owned, content-owned, or sitemap/cache-owned before changing anything."
"2026-05-11T10:27:45","REVIEW","html_page","https://jus-tice.co.il/1396562-2/?qa=http-internal-scan-20260511102743","200","https://jus-tice.co.il/1396562-2/?qa=http-internal-scan-20260511102743","פס""ד ביטול החלטה לשלום בית ; הקפאת תשלום מזונות אישה | Jus-Tice.co.il","html_attribute","http://jus-tice.co.il/wp-content/uploads/2025/10/unnamed-file.png","src","ecoding=""async"" width=""1059"" height=""329"" class=""wp-image-12976"" src=""http://jus-tice.co.il/wp-content/uploads/2025/10/unnamed-file.png"" alt=""תמונה שמכילה טקסט, צילום מסך, גופן, קו תוכן שנוצר על-ידי בינה מלאכות","First-party HTTP URL remains in public output; classify as theme-owned, plugin-owned, content-owned, or sitemap/cache-owned before changing anything."
"2026-05-11T10:27:45","REVIEW","html_page","https://jus-tice.co.il/1396562-2/?qa=http-internal-scan-20260511102743","200","https://jus-tice.co.il/1396562-2/?qa=http-internal-scan-20260511102743","פס""ד ביטול החלטה לשלום בית ; הקפאת תשלום מזונות אישה | Jus-Tice.co.il","html_attribute","http://jus-tice.co.il/wp-content/uploads/2025/10/unnamed-file-1.png","src","ecoding=""async"" width=""1052"" height=""323"" class=""wp-image-12977"" src=""http://jus-tice.co.il/wp-content/uploads/2025/10/unnamed-file-1.png"" alt=""תמונה שמכילה טקסט, גופן, צילום מסך, מסמך תוכן שנוצר על-ידי בינה מל","First-party HTTP URL remains in public output; classify as theme-owned, plugin-owned, content-owned, or sitemap/cache-owned before changing anything."
"2026-05-11T10:27:46","REVIEW","html_page","https://jus-tice.co.il/real-estate-attorney/?qa=http-internal-scan-20260511102745","200","https://jus-tice.co.il/real-estate-attorney/?qa=http-internal-scan-20260511102745","עורך דין מקרקעין מומלץ | עורך דין מקרקעין מחיר | ייעוץ חינם | Jus-Tice.co.il","html_attribute","http://jus-tice.co.il/israeli-lawyer-explains-real-estate/","href","/li><li class=""breadcrumbs__item""> <a class=""breadcrumbs__link"" href=""http://jus-tice.co.il/israeli-lawyer-explains-real-estate/""> <span class=""breadcrumbs__text"">מקרקעין | נדל""ן</span> </a></li><li class=","First-party HTTP URL remains in public output; classify as theme-owned, plugin-owned, content-owned, or sitemap/cache-owned before changing anything."
"2026-05-11T10:27:46","REVIEW","html_page","https://jus-tice.co.il/real-estate-attorney/?qa=http-internal-scan-20260511102745","200","https://jus-tice.co.il/real-estate-attorney/?qa=http-internal-scan-20260511102745","עורך דין מקרקעין מומלץ | עורך דין מקרקעין מחיר | ייעוץ חינם | Jus-Tice.co.il","html_attribute","http://jus-tice.co.il/israeli-lawyer-explains-real-estate/","href","=""container container--narrow""> <a class=""single-article__term"" href=""http://jus-tice.co.il/israeli-lawyer-explains-real-estate/"" style=""display: inline-block; margin-bottom: 1.2rem; font-size: 0.95rem; backgro","First-party HTTP URL remains in public output; classify as theme-owned, plugin-owned, content-owned, or sitemap/cache-owned before changing anything."
"2026-05-11T10:27:48","REVIEW","html_page","https://jus-tice.co.il/%D7%A2%D7%95%D7%93-%D7%92%D7%99%D7%A8%D7%95%D7%A9%D7%99%D7%9F-%D7%9E%D7%95%D7%9E%D7%9C%D7%A5-%D7%9B%D7%99%D7%A6%D7%93-%D7%9C%D7%9E%D7%A6%D7%95%D7%90-%D7%A2%D7%95%D7%A8%D7%9A-%D7%93%D7%99%D7%9F-%D7%92%D7%99%D7%A8%D7%95%D7%A9%D7%99%D7%9F-%D7%95%D7%9B%D7%9E%D7%94-%D7%A2%D7%95%D7%9C%D7%94-%D7%9C%D7%94%D7%AA%D7%92%D7%A8%D7%A9/?qa=http-internal-scan-20260511102746","200","https://jus-tice.co.il/%D7%A2%D7%95%D7%93-%D7%92%D7%99%D7%A8%D7%95%D7%A9%D7%99%D7%9F-%D7%9E%D7%95%D7%9E%D7%9C%D7%A5-%D7%9B%D7%99%D7%A6%D7%93-%D7%9C%D7%9E%D7%A6%D7%95%D7%90-%D7%A2%D7%95%D7%A8%D7%9A-%D7%93%D7%99%D7%9F-%D7%92%D7%99%D7%A8%D7%95%D7%A9%D7%99%D7%9F-%D7%95%D7%9B%D7%9E%D7%94-%D7%A2%D7%95%D7%9C%D7%94-%D7%9C%D7%94%D7%AA%D7%92%D7%A8%D7%A9/?qa=http-internal-scan-20260511102746","עורך דין גירושין, דיני משפחה וצוואות | עורך דין גירושין המלצות | Jus-Tice.co.il","html_attribute","http://jus-tice.co.il/review-of-divorce-by-divorce-lawyer-israel/","href","/li><li class=""breadcrumbs__item""> <a class=""breadcrumbs__link"" href=""http://jus-tice.co.il/review-of-divorce-by-divorce-lawyer-israel/""> <span class=""breadcrumbs__text"">גירושין</span> </a></li><li class=""bread","First-party HTTP URL remains in public output; classify as theme-owned, plugin-owned, content-owned, or sitemap/cache-owned before changing anything."
"2026-05-11T10:27:48","REVIEW","html_page","https://jus-tice.co.il/%D7%A2%D7%95%D7%93-%D7%92%D7%99%D7%A8%D7%95%D7%A9%D7%99%D7%9F-%D7%9E%D7%95%D7%9E%D7%9C%D7%A5-%D7%9B%D7%99%D7%A6%D7%93-%D7%9C%D7%9E%D7%A6%D7%95%D7%90-%D7%A2%D7%95%D7%A8%D7%9A-%D7%93%D7%99%D7%9F-%D7%92%D7%99%D7%A8%D7%95%D7%A9%D7%99%D7%9F-%D7%95%D7%9B%D7%9E%D7%94-%D7%A2%D7%95%D7%9C%D7%94-%D7%9C%D7%94%D7%AA%D7%92%D7%A8%D7%A9/?qa=http-internal-scan-20260511102746","200","https://jus-tice.co.il/%D7%A2%D7%95%D7%93-%D7%92%D7%99%D7%A8%D7%95%D7%A9%D7%99%D7%9F-%D7%9E%D7%95%D7%9E%D7%9C%D7%A5-%D7%9B%D7%99%D7%A6%D7%93-%D7%9C%D7%9E%D7%A6%D7%95%D7%90-%D7%A2%D7%95%D7%A8%D7%9A-%D7%93%D7%99%D7%9F-%D7%92%D7%99%D7%A8%D7%95%D7%A9%D7%99%D7%9F-%D7%95%D7%9B%D7%9E%D7%94-%D7%A2%D7%95%D7%9C%D7%94-%D7%9C%D7%94%D7%AA%D7%92%D7%A8%D7%A9/?qa=http-internal-scan-20260511102746","עורך דין גירושין, דיני משפחה וצוואות | עורך דין גירושין המלצות | Jus-Tice.co.il","html_attribute","http://jus-tice.co.il/review-of-divorce-by-divorce-lawyer-israel/","href","=""container container--narrow""> <a class=""single-article__term"" href=""http://jus-tice.co.il/review-of-divorce-by-divorce-lawyer-israel/"" style=""display: inline-block; margin-bottom: 1.2rem; font-size: 0.95rem;","First-party HTTP URL remains in public output; classify as theme-owned, plugin-owned, content-owned, or sitemap/cache-owned before changing anything."
"2026-05-11T10:27:50","REVIEW","html_page","https://jus-tice.co.il/can-you-be-common-law-married-to-a-married-person/?qa=http-internal-scan-20260511102748","200","https://jus-tice.co.il/can-you-be-common-law-married-to-a-married-person/?qa=http-internal-scan-20260511102748","האם אישה נשואה יכולה להיחשב ידועה בציבור של אחר? מדריך מקיף ידועים בציבור | Jus-Tice.co.il","html_attribute","http://jus-tice.co.il/family-law/","href","/li><li class=""breadcrumbs__item""> <a class=""breadcrumbs__link"" href=""http://jus-tice.co.il/family-law/""> <span class=""breadcrumbs__text"">דיני משפחה</span> </a></li><li class=""breadcrumbs__item breadcrumbs__ite","First-party HTTP URL remains in public output; classify as theme-owned, plugin-owned, content-owned, or sitemap/cache-owned before changing anything."
"2026-05-11T10:27:50","REVIEW","html_page","https://jus-tice.co.il/can-you-be-common-law-married-to-a-married-person/?qa=http-internal-scan-20260511102748","200","https://jus-tice.co.il/can-you-be-common-law-married-to-a-married-person/?qa=http-internal-scan-20260511102748","האם אישה נשואה יכולה להיחשב ידועה בציבור של אחר? מדריך מקיף ידועים בציבור | Jus-Tice.co.il","html_attribute","http://jus-tice.co.il/family-law/","href","=""container container--narrow""> <a class=""single-article__term"" href=""http://jus-tice.co.il/family-law/"" style=""display: inline-block; margin-bottom: 1.2rem; font-size: 0.95rem; background: rgba(95, 126, 168, 0","First-party HTTP URL remains in public output; classify as theme-owned, plugin-owned, content-owned, or sitemap/cache-owned before changing anything."
"2026-05-11T10:27:51","REVIEW","html_page","https://jus-tice.co.il/1440015/1/?qa=http-internal-scan-20260511102750","200","https://jus-tice.co.il/1440015/1/?qa=http-internal-scan-20260511102750","אכיפת הסכם גירושין על רקע טענות הדדיות בדבר הפרתו | Jus-Tice.co.il","html_attribute","http://jus-tice.co.il/family-law/","href","/li><li class=""breadcrumbs__item""> <a class=""breadcrumbs__link"" href=""http://jus-tice.co.il/family-law/""> <span class=""breadcrumbs__text"">דיני משפחה</span> </a></li><li class=""breadcrumbs__item breadcrumbs__ite","First-party HTTP URL remains in public output; classify as theme-owned, plugin-owned, content-owned, or sitemap/cache-owned before changing anything."
"2026-05-11T10:27:51","REVIEW","html_page","https://jus-tice.co.il/1440015/1/?qa=http-internal-scan-20260511102750","200","https://jus-tice.co.il/1440015/1/?qa=http-internal-scan-20260511102750","אכיפת הסכם גירושין על רקע טענות הדדיות בדבר הפרתו | Jus-Tice.co.il","html_attribute","http://jus-tice.co.il/family-law/","href","=""container container--narrow""> <a class=""single-article__term"" href=""http://jus-tice.co.il/family-law/"" style=""display: inline-block; margin-bottom: 1.2rem; font-size: 0.95rem; background: rgba(95, 126, 168, 0","First-party HTTP URL remains in public output; classify as theme-owned, plugin-owned, content-owned, or sitemap/cache-owned before changing anything."
"2026-05-11T10:27:53","REVIEW","html_page","https://jus-tice.co.il/family-mediation-updated-trends/?qa=http-internal-scan-20260511102751","200","https://jus-tice.co.il/family-mediation-updated-trends/?qa=http-internal-scan-20260511102751","גישור משפחתי בישראל ובעולם | גישור וגירושין | נתונים, התפתחות ומגמות עדכניות | Jus-Tice.co.il","html_attribute","http://jus-tice.co.il/family-law/","href","/li><li class=""breadcrumbs__item""> <a class=""breadcrumbs__link"" href=""http://jus-tice.co.il/family-law/""> <span class=""breadcrumbs__text"">דיני משפחה</span> </a></li><li class=""breadcrumbs__item breadcrumbs__ite","First-party HTTP URL remains in public output; classify as theme-owned, plugin-owned, content-owned, or sitemap/cache-owned before changing anything."
"2026-05-11T10:27:53","REVIEW","html_page","https://jus-tice.co.il/family-mediation-updated-trends/?qa=http-internal-scan-20260511102751","200","https://jus-tice.co.il/family-mediation-updated-trends/?qa=http-internal-scan-20260511102751","גישור משפחתי בישראל ובעולם | גישור וגירושין | נתונים, התפתחות ומגמות עדכניות | Jus-Tice.co.il","html_attribute","http://jus-tice.co.il/family-law/","href","=""container container--narrow""> <a class=""single-article__term"" href=""http://jus-tice.co.il/family-law/"" style=""display: inline-block; margin-bottom: 1.2rem; font-size: 0.95rem; background: rgba(95, 126, 168, 0","First-party HTTP URL remains in public output; classify as theme-owned, plugin-owned, content-owned, or sitemap/cache-owned before changing anything."
"2026-05-11T10:27:55","REVIEW","html_page","https://jus-tice.co.il/investigations-and-intelligence-division/?qa=http-internal-scan-20260511102753","200","https://jus-tice.co.il/investigations-and-intelligence-division/?qa=http-internal-scan-20260511102753","אגף החקירות והמודיעין של משטרת ישראל | Jus-Tice.co.il","html_attribute","http://jus-tice.co.il/criminal-law/","href","/li><li class=""breadcrumbs__item""> <a class=""breadcrumbs__link"" href=""http://jus-tice.co.il/criminal-law/""> <span class=""breadcrumbs__text"">משפט פלילי</span> </a></li><li class=""breadcrumbs__item breadcrumbs__i","First-party HTTP URL remains in public output; classify as theme-owned, plugin-owned, content-owned, or sitemap/cache-owned before changing anything."
"2026-05-11T10:27:55","REVIEW","html_page","https://jus-tice.co.il/investigations-and-intelligence-division/?qa=http-internal-scan-20260511102753","200","https://jus-tice.co.il/investigations-and-intelligence-division/?qa=http-internal-scan-20260511102753","אגף החקירות והמודיעין של משטרת ישראל | Jus-Tice.co.il","html_attribute","http://jus-tice.co.il/criminal-law/","href","=""container container--narrow""> <a class=""single-article__term"" href=""http://jus-tice.co.il/criminal-law/"" style=""display: inline-block; margin-bottom: 1.2rem; font-size: 0.95rem; background: rgba(95, 126, 168,","First-party HTTP URL remains in public output; classify as theme-owned, plugin-owned, content-owned, or sitemap/cache-owned before changing anything."
"2026-05-11T10:27:56","REVIEW","html_page","https://jus-tice.co.il/top-experts-family-law/?qa=http-internal-scan-20260511102755","200","https://jus-tice.co.il/top-experts-family-law/?qa=http-internal-scan-20260511102755","(2025) המומחים המובילים בדיני משפחה | Jus-Tice.co.il","html_attribute","http://jus-tice.co.il/family-law/","href","/li><li class=""breadcrumbs__item""> <a class=""breadcrumbs__link"" href=""http://jus-tice.co.il/family-law/""> <span class=""breadcrumbs__text"">דיני משפחה</span> </a></li><li class=""breadcrumbs__item breadcrumbs__ite","First-party HTTP URL remains in public output; classify as theme-owned, plugin-owned, content-owned, or sitemap/cache-owned before changing anything."
"2026-05-11T10:27:56","REVIEW","html_page","https://jus-tice.co.il/top-experts-family-law/?qa=http-internal-scan-20260511102755","200","https://jus-tice.co.il/top-experts-family-law/?qa=http-internal-scan-20260511102755","(2025) המומחים המובילים בדיני משפחה | Jus-Tice.co.il","html_attribute","http://jus-tice.co.il/family-law/","href","=""container container--narrow""> <a class=""single-article__term"" href=""http://jus-tice.co.il/family-law/"" style=""display: inline-block; margin-bottom: 1.2rem; font-size: 0.95rem; background: rgba(95, 126, 168, 0","First-party HTTP URL remains in public output; classify as theme-owned, plugin-owned, content-owned, or sitemap/cache-owned before changing anything."
"2026-05-11T10:27:58","REVIEW","html_page","https://jus-tice.co.il/criminal-defense-attorney/?qa=http-internal-scan-20260511102756","200","https://jus-tice.co.il/criminal-defense-attorney/?qa=http-internal-scan-20260511102756","עורך דין פלילי | עו""ד פלילי | משרדי עורכי דין פליליים | Jus-Tice.co.il","html_attribute","http://jus-tice.co.il/criminal-law/","href","/li><li class=""breadcrumbs__item""> <a class=""breadcrumbs__link"" href=""http://jus-tice.co.il/criminal-law/""> <span class=""breadcrumbs__text"">משפט פלילי</span> </a></li><li class=""breadcrumbs__item breadcrumbs__i","First-party HTTP URL remains in public output; classify as theme-owned, plugin-owned, content-owned, or sitemap/cache-owned before changing anything."
"2026-05-11T10:27:58","REVIEW","html_page","https://jus-tice.co.il/criminal-defense-attorney/?qa=http-internal-scan-20260511102756","200","https://jus-tice.co.il/criminal-defense-attorney/?qa=http-internal-scan-20260511102756","עורך דין פלילי | עו""ד פלילי | משרדי עורכי דין פליליים | Jus-Tice.co.il","html_attribute","http://jus-tice.co.il/criminal-law/","href","=""container container--narrow""> <a class=""single-article__term"" href=""http://jus-tice.co.il/criminal-law/"" style=""display: inline-block; margin-bottom: 1.2rem; font-size: 0.95rem; background: rgba(95, 126, 168,","First-party HTTP URL remains in public output; classify as theme-owned, plugin-owned, content-owned, or sitemap/cache-owned before changing anything."
"2026-05-11T10:28:00","REVIEW","html_page","https://jus-tice.co.il/criminal-prosecutions/?qa=http-internal-scan-20260511102758","200","https://jus-tice.co.il/criminal-prosecutions/?qa=http-internal-scan-20260511102758","תביעות פלילי | ייצוג ולווי נאשמים | Jus-Tice.co.il","html_attribute","http://jus-tice.co.il/criminal-law/","href","/li><li class=""breadcrumbs__item""> <a class=""breadcrumbs__link"" href=""http://jus-tice.co.il/criminal-law/""> <span class=""breadcrumbs__text"">משפט פלילי</span> </a></li><li class=""breadcrumbs__item breadcrumbs__i","First-party HTTP URL remains in public output; classify as theme-owned, plugin-owned, content-owned, or sitemap/cache-owned before changing anything."
"2026-05-11T10:28:00","REVIEW","html_page","https://jus-tice.co.il/criminal-prosecutions/?qa=http-internal-scan-20260511102758","200","https://jus-tice.co.il/criminal-prosecutions/?qa=http-internal-scan-20260511102758","תביעות פלילי | ייצוג ולווי נאשמים | Jus-Tice.co.il","html_attribute","http://jus-tice.co.il/criminal-law/","href","=""container container--narrow""> <a class=""single-article__term"" href=""http://jus-tice.co.il/criminal-law/"" style=""display: inline-block; margin-bottom: 1.2rem; font-size: 0.95rem; background: rgba(95, 126, 168,","First-party HTTP URL remains in public output; classify as theme-owned, plugin-owned, content-owned, or sitemap/cache-owned before changing anything."
"2026-05-11T10:28:01","REVIEW","html_page","https://jus-tice.co.il/new-trends-ai-family-law/?qa=http-internal-scan-20260511102800","200","https://jus-tice.co.il/new-trends-ai-family-law/?qa=http-internal-scan-20260511102800","מגמות חדשות בדיני משפחה: השפעת הבינה המלאכותית AI דיני משפחה וגירושין (צפי ומגמות 2025-2026) | Jus-Tice.co.il","html_attribute","http://jus-tice.co.il/family-law/","href","/li><li class=""breadcrumbs__item""> <a class=""breadcrumbs__link"" href=""http://jus-tice.co.il/family-law/""> <span class=""breadcrumbs__text"">דיני משפחה</span> </a></li><li class=""breadcrumbs__item breadcrumbs__ite","First-party HTTP URL remains in public output; classify as theme-owned, plugin-owned, content-owned, or sitemap/cache-owned before changing anything."
"2026-05-11T10:28:01","REVIEW","html_page","https://jus-tice.co.il/new-trends-ai-family-law/?qa=http-internal-scan-20260511102800","200","https://jus-tice.co.il/new-trends-ai-family-law/?qa=http-internal-scan-20260511102800","מגמות חדשות בדיני משפחה: השפעת הבינה המלאכותית AI דיני משפחה וגירושין (צפי ומגמות 2025-2026) | Jus-Tice.co.il","html_attribute","http://jus-tice.co.il/family-law/","href","=""container container--narrow""> <a class=""single-article__term"" href=""http://jus-tice.co.il/family-law/"" style=""display: inline-block; margin-bottom: 1.2rem; font-size: 0.95rem; background: rgba(95, 126, 168, 0","First-party HTTP URL remains in public output; classify as theme-owned, plugin-owned, content-owned, or sitemap/cache-owned before changing anything."
"2026-05-11T10:28:03","REVIEW","html_page","https://jus-tice.co.il/the-recommended-family-lawyers/?qa=http-internal-scan-20260511102801","200","https://jus-tice.co.il/the-recommended-family-lawyers/?qa=http-internal-scan-20260511102801","מומלצי דיני משפחה וגירושין: המלצות עורכי דין לענייני משפחה בישראל (2025) | Jus-Tice.co.il","html_attribute","http://jus-tice.co.il/family-law/","href","/li><li class=""breadcrumbs__item""> <a class=""breadcrumbs__link"" href=""http://jus-tice.co.il/family-law/""> <span class=""breadcrumbs__text"">דיני משפחה</span> </a></li><li class=""breadcrumbs__item breadcrumbs__ite","First-party HTTP URL remains in public output; classify as theme-owned, plugin-owned, content-owned, or sitemap/cache-owned before changing anything."
"2026-05-11T10:28:03","REVIEW","html_page","https://jus-tice.co.il/the-recommended-family-lawyers/?qa=http-internal-scan-20260511102801","200","https://jus-tice.co.il/the-recommended-family-lawyers/?qa=http-internal-scan-20260511102801","מומלצי דיני משפחה וגירושין: המלצות עורכי דין לענייני משפחה בישראל (2025) | Jus-Tice.co.il","html_attribute","http://jus-tice.co.il/family-law/","href","=""container container--narrow""> <a class=""single-article__term"" href=""http://jus-tice.co.il/family-law/"" style=""display: inline-block; margin-bottom: 1.2rem; font-size: 0.95rem; background: rgba(95, 126, 168, 0","First-party HTTP URL remains in public output; classify as theme-owned, plugin-owned, content-owned, or sitemap/cache-owned before changing anything."
"2026-05-11T10:28:05","REVIEW","html_page","https://jus-tice.co.il/1361959/16/?qa=http-internal-scan-20260511102803","200","https://jus-tice.co.il/1361959/16/?qa=http-internal-scan-20260511102803","תפוגת חיובים בהסכם שלום בית וגירושין – המלצה לכתובה מוקטנת בבתי הדין הרבניים | Jus-Tice.co.il","html_attribute","http://jus-tice.co.il/family-law/","href","/li><li class=""breadcrumbs__item""> <a class=""breadcrumbs__link"" href=""http://jus-tice.co.il/family-law/""> <span class=""breadcrumbs__text"">דיני משפחה</span> </a></li><li class=""breadcrumbs__item breadcrumbs__ite","First-party HTTP URL remains in public output; classify as theme-owned, plugin-owned, content-owned, or sitemap/cache-owned before changing anything."
"2026-05-11T10:28:05","REVIEW","html_page","https://jus-tice.co.il/1361959/16/?qa=http-internal-scan-20260511102803","200","https://jus-tice.co.il/1361959/16/?qa=http-internal-scan-20260511102803","תפוגת חיובים בהסכם שלום בית וגירושין – המלצה לכתובה מוקטנת בבתי הדין הרבניים | Jus-Tice.co.il","html_attribute","http://jus-tice.co.il/family-law/","href","=""container container--narrow""> <a class=""single-article__term"" href=""http://jus-tice.co.il/family-law/"" style=""display: inline-block; margin-bottom: 1.2rem; font-size: 0.95rem; background: rgba(95, 126, 168, 0","First-party HTTP URL remains in public output; classify as theme-owned, plugin-owned, content-owned, or sitemap/cache-owned before changing anything."
"2026-05-11T10:28:06","REVIEW","html_page","https://jus-tice.co.il/996028-3/?qa=http-internal-scan-20260511102805","200","https://jus-tice.co.il/996028-3/?qa=http-internal-scan-20260511102805","פס""ד רבני 2025 | תוקפו של הסכם גירושין כשהצדדים חזרו לשלום בית - 996028-3 - ביה''ד תל אביב יפו | Jus-Tice.co.il","html_attribute","http://jus-tice.co.il/family-law/","href","/li><li class=""breadcrumbs__item""> <a class=""breadcrumbs__link"" href=""http://jus-tice.co.il/family-law/""> <span class=""breadcrumbs__text"">דיני משפחה</span> </a></li><li class=""breadcrumbs__item breadcrumbs__ite","First-party HTTP URL remains in public output; classify as theme-owned, plugin-owned, content-owned, or sitemap/cache-owned before changing anything."
"2026-05-11T10:28:06","REVIEW","html_page","https://jus-tice.co.il/996028-3/?qa=http-internal-scan-20260511102805","200","https://jus-tice.co.il/996028-3/?qa=http-internal-scan-20260511102805","פס""ד רבני 2025 | תוקפו של הסכם גירושין כשהצדדים חזרו לשלום בית - 996028-3 - ביה''ד תל אביב יפו | Jus-Tice.co.il","html_attribute","http://jus-tice.co.il/family-law/","href","=""container container--narrow""> <a class=""single-article__term"" href=""http://jus-tice.co.il/family-law/"" style=""display: inline-block; margin-bottom: 1.2rem; font-size: 0.95rem; background: rgba(95, 126, 168, 0","First-party HTTP URL remains in public output; classify as theme-owned, plugin-owned, content-owned, or sitemap/cache-owned before changing anything."
"2026-05-11T10:28:08","REVIEW","html_page","https://jus-tice.co.il/petah-tikva-divorce-lawyer/?qa=http-internal-scan-20260511102806","200","https://jus-tice.co.il/petah-tikva-divorce-lawyer/?qa=http-internal-scan-20260511102806","עורך דין גירושין מומלץ פתח תקווה והמרכז | 2025 נתונים והנחיות גירושין | Jus-Tice.co.il","html_attribute","http://jus-tice.co.il/review-of-divorce-by-divorce-lawyer-israel/","href","/li><li class=""breadcrumbs__item""> <a class=""breadcrumbs__link"" href=""http://jus-tice.co.il/review-of-divorce-by-divorce-lawyer-israel/""> <span class=""breadcrumbs__text"">גירושין</span> </a></li><li class=""bread","First-party HTTP URL remains in public output; classify as theme-owned, plugin-owned, content-owned, or sitemap/cache-owned before changing anything."
"2026-05-11T10:28:08","REVIEW","html_page","https://jus-tice.co.il/petah-tikva-divorce-lawyer/?qa=http-internal-scan-20260511102806","200","https://jus-tice.co.il/petah-tikva-divorce-lawyer/?qa=http-internal-scan-20260511102806","עורך דין גירושין מומלץ פתח תקווה והמרכז | 2025 נתונים והנחיות גירושין | Jus-Tice.co.il","html_attribute","http://jus-tice.co.il/review-of-divorce-by-divorce-lawyer-israel/","href","=""container container--narrow""> <a class=""single-article__term"" href=""http://jus-tice.co.il/review-of-divorce-by-divorce-lawyer-israel/"" style=""display: inline-block; margin-bottom: 1.2rem; font-size: 0.95rem;","First-party HTTP URL remains in public output; classify as theme-owned, plugin-owned, content-owned, or sitemap/cache-owned before changing anything."
"2026-05-11T10:28:10","REVIEW","html_page","https://jus-tice.co.il/posta/?qa=http-internal-scan-20260511102808","200","https://jus-tice.co.il/posta/?qa=http-internal-scan-20260511102808","פוסטה פלילים | Jus-Tice.co.il","html_attribute","http://jus-tice.co.il/criminal-law/","href","/li><li class=""breadcrumbs__item""> <a class=""breadcrumbs__link"" href=""http://jus-tice.co.il/criminal-law/""> <span class=""breadcrumbs__text"">משפט פלילי</span> </a></li><li class=""breadcrumbs__item breadcrumbs__i","First-party HTTP URL remains in public output; classify as theme-owned, plugin-owned, content-owned, or sitemap/cache-owned before changing anything."
"2026-05-11T10:28:10","REVIEW","html_page","https://jus-tice.co.il/posta/?qa=http-internal-scan-20260511102808","200","https://jus-tice.co.il/posta/?qa=http-internal-scan-20260511102808","פוסטה פלילים | Jus-Tice.co.il","html_attribute","http://jus-tice.co.il/criminal-law/","href","=""container container--narrow""> <a class=""single-article__term"" href=""http://jus-tice.co.il/criminal-law/"" style=""display: inline-block; margin-bottom: 1.2rem; font-size: 0.95rem; background: rgba(95, 126, 168,","First-party HTTP URL remains in public output; classify as theme-owned, plugin-owned, content-owned, or sitemap/cache-owned before changing anything."
"2026-05-11T10:28:12","REVIEW","html_page","https://jus-tice.co.il/7776-09-24/?qa=http-internal-scan-20260511102810","200","https://jus-tice.co.il/7776-09-24/?qa=http-internal-scan-20260511102810","זיכוי לנאשם בשורת עבירות בשל קשיים בזיהוי (ת""פ 7776-09-24 חסדאי) | Jus-Tice.co.il","raw_body","http://jus-tice.co.il/%D7%A7%D7%98%D7%92%D7%95%D7%A8%D7%99%D7%95%D7%AA-%D7%9E%D7%90%D7%9E%D7%A8%D7%99%D7%9D/%D7%9E%D7%A9%D7%A4%D7%98-%D7%A4%D7%9C%D7%99%D7%9C%D7%99/%D7%A4%D7%9C%D7%99%D7%9C%D7%99-%D7%A4%D7%A1%D7%A7%D7%99-%D7%93%D7%99%D7%9F-%D7%97%D7%A9%D7%95%D7%91%D7%99%D7%9D/","","/li><li class=""breadcrumbs__item""> <a class=""breadcrumbs__link"" href=""http://jus-tice.co.il/%D7%A7%D7%98%D7%92%D7%95%D7%A8%D7%99%D7%95%D7%AA-%D7%9E%D7%90%D7%9E%D7%A8%D7%99%D7%9D/%D7%9E%D7%A9%D7%A4%D7%98-%D7%A4%","First-party HTTP URL remains in public output; classify as theme-owned, plugin-owned, content-owned, or sitemap/cache-owned before changing anything."
"2026-05-11T10:28:12","REVIEW","html_page","https://jus-tice.co.il/7776-09-24/?qa=http-internal-scan-20260511102810","200","https://jus-tice.co.il/7776-09-24/?qa=http-internal-scan-20260511102810","זיכוי לנאשם בשורת עבירות בשל קשיים בזיהוי (ת""פ 7776-09-24 חסדאי) | Jus-Tice.co.il","raw_body","http://jus-tice.co.il/%D7%A7%D7%98%D7%92%D7%95%D7%A8%D7%99%D7%95%D7%AA-%D7%9E%D7%90%D7%9E%D7%A8%D7%99%D7%9D/%D7%9E%D7%A9%D7%A4%D7%98-%D7%A4%D7%9C%D7%99%D7%9C%D7%99/%D7%A4%D7%9C%D7%99%D7%9C%D7%99-%D7%A4%D7%A1%D7%A7%D7%99-%D7%93%D7%99%D7%9F-%D7%97%D7%A9%D7%95%D7%91%D7%99%D7%9D/","","=""container container--narrow""> <a class=""single-article__term"" href=""http://jus-tice.co.il/%D7%A7%D7%98%D7%92%D7%95%D7%A8%D7%99%D7%95%D7%AA-%D7%9E%D7%90%D7%9E%D7%A8%D7%99%D7%9D/%D7%9E%D7%A9%D7%A4%D7%98-%D7%A4%","First-party HTTP URL remains in public output; classify as theme-owned, plugin-owned, content-owned, or sitemap/cache-owned before changing anything."
"2026-05-11T10:28:12","REVIEW","html_page","https://jus-tice.co.il/7776-09-24/?qa=http-internal-scan-20260511102810","200","https://jus-tice.co.il/7776-09-24/?qa=http-internal-scan-20260511102810","זיכוי לנאשם בשורת עבירות בשל קשיים בזיהוי (ת""פ 7776-09-24 חסדאי) | Jus-Tice.co.il","html_attribute","http://jus-tice.co.il/wp-content/uploads/2025/08/word-image-12851-1.png","src","ecoding=""async"" width=""1174"" height=""553"" class=""wp-image-12852"" src=""http://jus-tice.co.il/wp-content/uploads/2025/08/word-image-12851-1.png"" srcset=""https://jus-tice.co.il/wp-content/uploads/2025/08/word-imag","First-party HTTP URL remains in public output; classify as theme-owned, plugin-owned, content-owned, or sitemap/cache-owned before changing anything."
"2026-05-11T10:28:12","REVIEW","html_page","https://jus-tice.co.il/7776-09-24/?qa=http-internal-scan-20260511102810","200","https://jus-tice.co.il/7776-09-24/?qa=http-internal-scan-20260511102810","זיכוי לנאשם בשורת עבירות בשל קשיים בזיהוי (ת""פ 7776-09-24 חסדאי) | Jus-Tice.co.il","html_attribute","http://jus-tice.co.il/wp-content/uploads/2025/08/word-image-12851-2.jpeg","src","decoding=""async"" width=""119"" height=""52"" class=""wp-image-12853"" src=""http://jus-tice.co.il/wp-content/uploads/2025/08/word-image-12851-2.jpeg"" /></p><p> </p></div><section class=""editorial-note"" style=""ma","First-party HTTP URL remains in public output; classify as theme-owned, plugin-owned, content-owned, or sitemap/cache-owned before changing anything."
"2026-05-11T10:28:13","REVIEW","html_page","https://jus-tice.co.il/ai-for-law-firms/?qa=http-internal-scan-20260511102812","200","https://jus-tice.co.il/ai-for-law-firms/?qa=http-internal-scan-20260511102812","הטמעת בינה מלאכותית AI במשרדי עורכי דין | Jus-Tice.co.il","html_attribute","http://jus-tice.co.il/find-lawyer/","href","/li><li class=""breadcrumbs__item""> <a class=""breadcrumbs__link"" href=""http://jus-tice.co.il/find-lawyer/""> <span class=""breadcrumbs__text"">עורך דין</span> </a></li><li class=""breadcrumbs__item breadcrumbs__item","First-party HTTP URL remains in public output; classify as theme-owned, plugin-owned, content-owned, or sitemap/cache-owned before changing anything."
"2026-05-11T10:28:13","REVIEW","html_page","https://jus-tice.co.il/ai-for-law-firms/?qa=http-internal-scan-20260511102812","200","https://jus-tice.co.il/ai-for-law-firms/?qa=http-internal-scan-20260511102812","הטמעת בינה מלאכותית AI במשרדי עורכי דין | Jus-Tice.co.il","html_attribute","http://jus-tice.co.il/find-lawyer/","href","=""container container--narrow""> <a class=""single-article__term"" href=""http://jus-tice.co.il/find-lawyer/"" style=""display: inline-block; margin-bottom: 1.2rem; font-size: 0.95rem; background: rgba(95, 126, 168,","First-party HTTP URL remains in public output; classify as theme-owned, plugin-owned, content-owned, or sitemap/cache-owned before changing anything."
"2026-05-11T10:28:15","REVIEW","html_page","https://jus-tice.co.il/criminal-defenses/?qa=http-internal-scan-20260511102813","200","https://jus-tice.co.il/criminal-defenses/?qa=http-internal-scan-20260511102813","הגנות פליליות | סוגי הגנות בבית משפט | Jus-Tice.co.il","html_attribute","http://jus-tice.co.il/criminal-law/","href","/li><li class=""breadcrumbs__item""> <a class=""breadcrumbs__link"" href=""http://jus-tice.co.il/criminal-law/""> <span class=""breadcrumbs__text"">משפט פלילי</span> </a></li><li class=""breadcrumbs__item breadcrumbs__i","First-party HTTP URL remains in public output; classify as theme-owned, plugin-owned, content-owned, or sitemap/cache-owned before changing anything."
"2026-05-11T10:28:15","REVIEW","html_page","https://jus-tice.co.il/criminal-defenses/?qa=http-internal-scan-20260511102813","200","https://jus-tice.co.il/criminal-defenses/?qa=http-internal-scan-20260511102813","הגנות פליליות | סוגי הגנות בבית משפט | Jus-Tice.co.il","html_attribute","http://jus-tice.co.il/criminal-law/","href","=""container container--narrow""> <a class=""single-article__term"" href=""http://jus-tice.co.il/criminal-law/"" style=""display: inline-block; margin-bottom: 1.2rem; font-size: 0.95rem; background: rgba(95, 126, 168,","First-party HTTP URL remains in public output; classify as theme-owned, plugin-owned, content-owned, or sitemap/cache-owned before changing anything."
"2026-05-11T10:28:17","REVIEW","html_page","https://jus-tice.co.il/1520884-1/?qa=http-internal-scan-20260511102815","200","https://jus-tice.co.il/1520884-1/?qa=http-internal-scan-20260511102815","אישור הסכם גירושין בו נקבע חיוב מזונות שיוויוני - 1520884-1 - ביה''ד באר שבע | Jus-Tice.co.il","html_attribute","http://jus-tice.co.il/family-law/","href","/li><li class=""breadcrumbs__item""> <a class=""breadcrumbs__link"" href=""http://jus-tice.co.il/family-law/""> <span class=""breadcrumbs__text"">דיני משפחה</span> </a></li><li class=""breadcrumbs__item breadcrumbs__ite","First-party HTTP URL remains in public output; classify as theme-owned, plugin-owned, content-owned, or sitemap/cache-owned before changing anything."
"2026-05-11T10:28:17","REVIEW","html_page","https://jus-tice.co.il/1520884-1/?qa=http-internal-scan-20260511102815","200","https://jus-tice.co.il/1520884-1/?qa=http-internal-scan-20260511102815","אישור הסכם גירושין בו נקבע חיוב מזונות שיוויוני - 1520884-1 - ביה''ד באר שבע | Jus-Tice.co.il","html_attribute","http://jus-tice.co.il/family-law/","href","=""container container--narrow""> <a class=""single-article__term"" href=""http://jus-tice.co.il/family-law/"" style=""display: inline-block; margin-bottom: 1.2rem; font-size: 0.95rem; background: rgba(95, 126, 168, 0","First-party HTTP URL remains in public output; classify as theme-owned, plugin-owned, content-owned, or sitemap/cache-owned before changing anything."
"2026-05-11T10:28:18","REVIEW","html_page","https://jus-tice.co.il/1331339-3/?qa=http-internal-scan-20260511102817","200","https://jus-tice.co.il/1331339-3/?qa=http-internal-scan-20260511102817","החובה לעמוד בהסכם על מקום מגורי הילדים ולשאת בתוצאות הפרתו_ שיבתו לתוקף של פטור ממזונות שניתן בגין ההפרה - 1331339-3 - ביה''ד הגדול | Jus-Tice.co.il","html_attribute","http://jus-tice.co.il/family-law/","href","/li><li class=""breadcrumbs__item""> <a class=""breadcrumbs__link"" href=""http://jus-tice.co.il/family-law/""> <span class=""breadcrumbs__text"">דיני משפחה</span> </a></li><li class=""breadcrumbs__item breadcrumbs__ite","First-party HTTP URL remains in public output; classify as theme-owned, plugin-owned, content-owned, or sitemap/cache-owned before changing anything."
"2026-05-11T10:28:18","REVIEW","html_page","https://jus-tice.co.il/1331339-3/?qa=http-internal-scan-20260511102817","200","https://jus-tice.co.il/1331339-3/?qa=http-internal-scan-20260511102817","החובה לעמוד בהסכם על מקום מגורי הילדים ולשאת בתוצאות הפרתו_ שיבתו לתוקף של פטור ממזונות שניתן בגין ההפרה - 1331339-3 - ביה''ד הגדול | Jus-Tice.co.il","html_attribute","http://jus-tice.co.il/family-law/","href","=""container container--narrow""> <a class=""single-article__term"" href=""http://jus-tice.co.il/family-law/"" style=""display: inline-block; margin-bottom: 1.2rem; font-size: 0.95rem; background: rgba(95, 126, 168, 0","First-party HTTP URL remains in public output; classify as theme-owned, plugin-owned, content-owned, or sitemap/cache-owned before changing anything."
"2026-05-11T10:28:20","REVIEW","html_page","https://jus-tice.co.il/1331339-1/?qa=http-internal-scan-20260511102818","200","https://jus-tice.co.il/1331339-1/?qa=http-internal-scan-20260511102818","אכיפת הסכם כשיש חשש שאכיפתו עלולה להביא לפגיעה בטובת הילדים – איזונים והכרעה - 1331339-1 - ביה''ד הגדול | Jus-Tice.co.il","html_attribute","http://jus-tice.co.il/family-law/","href","/li><li class=""breadcrumbs__item""> <a class=""breadcrumbs__link"" href=""http://jus-tice.co.il/family-law/""> <span class=""breadcrumbs__text"">דיני משפחה</span> </a></li><li class=""breadcrumbs__item breadcrumbs__ite","First-party HTTP URL remains in public output; classify as theme-owned, plugin-owned, content-owned, or sitemap/cache-owned before changing anything."
"2026-05-11T10:28:20","REVIEW","html_page","https://jus-tice.co.il/1331339-1/?qa=http-internal-scan-20260511102818","200","https://jus-tice.co.il/1331339-1/?qa=http-internal-scan-20260511102818","אכיפת הסכם כשיש חשש שאכיפתו עלולה להביא לפגיעה בטובת הילדים – איזונים והכרעה - 1331339-1 - ביה''ד הגדול | Jus-Tice.co.il","html_attribute","http://jus-tice.co.il/family-law/","href","=""container container--narrow""> <a class=""single-article__term"" href=""http://jus-tice.co.il/family-law/"" style=""display: inline-block; margin-bottom: 1.2rem; font-size: 0.95rem; background: rgba(95, 126, 168, 0","First-party HTTP URL remains in public output; classify as theme-owned, plugin-owned, content-owned, or sitemap/cache-owned before changing anything."
"2026-05-11T10:28:22","REVIEW","html_page","https://jus-tice.co.il/209051/11/?qa=http-internal-scan-20260511102820","200","https://jus-tice.co.il/209051/11/?qa=http-internal-scan-20260511102820","פס""ד רבני (2025) בקשת האישה להקדמת מועד פירוק שיתוף דירה טרם התאריך שנקבע בהסכם | Jus-Tice.co.il","html_attribute","http://jus-tice.co.il/family-law/","href","/li><li class=""breadcrumbs__item""> <a class=""breadcrumbs__link"" href=""http://jus-tice.co.il/family-law/""> <span class=""breadcrumbs__text"">דיני משפחה</span> </a></li><li class=""breadcrumbs__item breadcrumbs__ite","First-party HTTP URL remains in public output; classify as theme-owned, plugin-owned, content-owned, or sitemap/cache-owned before changing anything."
"2026-05-11T10:28:22","REVIEW","html_page","https://jus-tice.co.il/209051/11/?qa=http-internal-scan-20260511102820","200","https://jus-tice.co.il/209051/11/?qa=http-internal-scan-20260511102820","פס""ד רבני (2025) בקשת האישה להקדמת מועד פירוק שיתוף דירה טרם התאריך שנקבע בהסכם | Jus-Tice.co.il","html_attribute","http://jus-tice.co.il/family-law/","href","=""container container--narrow""> <a class=""single-article__term"" href=""http://jus-tice.co.il/family-law/"" style=""display: inline-block; margin-bottom: 1.2rem; font-size: 0.95rem; background: rgba(95, 126, 168, 0","First-party HTTP URL remains in public output; classify as theme-owned, plugin-owned, content-owned, or sitemap/cache-owned before changing anything."
"2026-05-11T10:28:23","VERIFIED","html_page","https://jus-tice.co.il/investment-loss-compensation/?qa=http-internal-scan-20260511102822","200","https://jus-tice.co.il/investment-loss-compensation/?qa=http-internal-scan-20260511102822","פיצוי למשקיע בעקבות הפסד בשוק ההון, פורקס ו- קריפטו | סוגי הונאות (2025) | Jus-Tice.co.il","none","","","","No first-party http://jus-tice.co.il references found."
"2026-05-11T10:28:25","REVIEW","html_page","https://jus-tice.co.il/business-license/?qa=http-internal-scan-20260511102823","200","https://jus-tice.co.il/business-license/?qa=http-internal-scan-20260511102823","יועץ רישוי עסקים | עורך דין מומחה רישוי עסק | מדריך ומחירון (2025) | Jus-Tice.co.il","html_attribute","http://jus-tice.co.il/find-lawyer/","href","/li><li class=""breadcrumbs__item""> <a class=""breadcrumbs__link"" href=""http://jus-tice.co.il/find-lawyer/""> <span class=""breadcrumbs__text"">עורך דין</span> </a></li><li class=""breadcrumbs__item breadcrumbs__item","First-party HTTP URL remains in public output; classify as theme-owned, plugin-owned, content-owned, or sitemap/cache-owned before changing anything."
"2026-05-11T10:28:25","REVIEW","html_page","https://jus-tice.co.il/business-license/?qa=http-internal-scan-20260511102823","200","https://jus-tice.co.il/business-license/?qa=http-internal-scan-20260511102823","יועץ רישוי עסקים | עורך דין מומחה רישוי עסק | מדריך ומחירון (2025) | Jus-Tice.co.il","html_attribute","http://jus-tice.co.il/find-lawyer/","href","=""container container--narrow""> <a class=""single-article__term"" href=""http://jus-tice.co.il/find-lawyer/"" style=""display: inline-block; margin-bottom: 1.2rem; font-size: 0.95rem; background: rgba(95, 126, 168,","First-party HTTP URL remains in public output; classify as theme-owned, plugin-owned, content-owned, or sitemap/cache-owned before changing anything."
"2026-05-11T10:28:25","REVIEW","html_page","https://jus-tice.co.il/business-license/?qa=http-internal-scan-20260511102823","200","https://jus-tice.co.il/business-license/?qa=http-internal-scan-20260511102823","יועץ רישוי עסקים | עורך דין מומחה רישוי עסק | מדריך ומחירון (2025) | Jus-Tice.co.il","html_attribute","http://jus-tice.co.il/find-lawyer/","href","חום המשפטי של המדריך.</p></div> <a class=""button button--ghost"" href=""http://jus-tice.co.il/find-lawyer/""> מעבר לתחום עורך דין </a></div></section></div></div></main><footer class=""site-footer"" role=""contentinf","First-party HTTP URL remains in public output; classify as theme-owned, plugin-owned, content-owned, or sitemap/cache-owned before changing anything."
